"ID","Description","GeneRatio","BgRatio","pvalue","p.adjust","qvalue"
"GSE22886_NAIVE_CD8_TCELL_VS_MONOCYTE_DN","GSE22886_NAIVE_CD8_TCELL_VS_MONOCYTE_DN","168/6767","200/21355",2.82482198037931e-53,1.44828622934047e-49,2.47989634909089e-50
"GSE22886_NAIVE_TCELL_VS_MONOCYTE_DN","GSE22886_NAIVE_TCELL_VS_MONOCYTE_DN","167/6767","200/21355",3.18282736451164e-52,5.43945196595038e-49,9.31395797193931e-50
"GSE29618_MONOCYTE_VS_MDC_UP","GSE29618_MONOCYTE_VS_MDC_UP","167/6767","200/21355",3.18282736451164e-52,5.43945196595038e-49,9.31395797193931e-50
"GSE10325_LUPUS_BCELL_VS_LUPUS_MYELOID_DN","GSE10325_LUPUS_BCELL_VS_LUPUS_MYELOID_DN","166/6767","200/21355",3.45944026649118e-51,4.43413756157508e-48,7.59256100593065e-49
"GSE22886_NAIVE_CD4_TCELL_VS_MONOCYTE_DN","GSE22886_NAIVE_CD4_TCELL_VS_MONOCYTE_DN","165/6767","200/21355",3.63019707157303e-50,3.72240407719098e-47,6.37386180566717e-48
"QI_PBMC_ZOSTAVAX_AGE_50_75YO_CORRELATED_WITH_EXPANSION_OF_VZV_SPECIFIC_T_CELLS_TO_PEAK_AT_1DY_POSITIVE","QI_PBMC_ZOSTAVAX_AGE_50_75YO_CORRELATED_WITH_EXPANSION_OF_VZV_SPECIFIC_T_CELLS_TO_PEAK_AT_1DY_POSITIVE","190/6767","248/21355",2.5484557738242e-48,2.17765545873278e-45,3.72879318485857e-46
"GSE10325_LUPUS_CD4_TCELL_VS_LUPUS_MYELOID_DN","GSE10325_LUPUS_CD4_TCELL_VS_LUPUS_MYELOID_DN","161/6767","200/21355",3.1437573814155e-46,2.01475551181466e-43,3.44986007381648e-44
"GSE22886_NAIVE_BCELL_VS_MONOCYTE_DN","GSE22886_NAIVE_BCELL_VS_MONOCYTE_DN","161/6767","200/21355",3.1437573814155e-46,2.01475551181466e-43,3.44986007381648e-44
"NAKAYA_PBMC_FLUARIX_FLUVIRIN_AGE_18_50YO_CORRELATED_WITH_HAI_28DY_RESPONSE_AT_3DY_POSITIVE","NAKAYA_PBMC_FLUARIX_FLUVIRIN_AGE_18_50YO_CORRELATED_WITH_HAI_28DY_RESPONSE_AT_3DY_POSITIVE","277/6767","426/21355",4.05926971405845e-46,2.31243064710863e-43,3.95956835266052e-44
"GSE29618_MONOCYTE_VS_PDC_DAY7_FLU_VACCINE_UP","GSE29618_MONOCYTE_VS_PDC_DAY7_FLU_VACCINE_UP","160/6767","200/21355",2.79739799260803e-45,1.43422595081014e-42,2.45582097456326e-43
"GSE9988_ANTI_TREM1_VS_VEHICLE_TREATED_MONOCYTES_DN","GSE9988_ANTI_TREM1_VS_VEHICLE_TREATED_MONOCYTES_DN","155/6767","197/21355",3.2581177676167e-42,1.51857907223371e-39,2.60025858200222e-40
"GSE29618_MONOCYTE_VS_PDC_UP","GSE29618_MONOCYTE_VS_PDC_UP","156/6767","199/21355",4.12171463957159e-42,1.76100257975696e-39,3.0153596573708e-40
"GSE29618_BCELL_VS_MONOCYTE_DN","GSE29618_BCELL_VS_MONOCYTE_DN","156/6767","200/21355",1.29231685492108e-41,4.73264893941456e-39,8.10370118048257e-40
"GSE29618_MONOCYTE_VS_MDC_DAY7_FLU_VACCINE_UP","GSE29618_MONOCYTE_VS_MDC_DAY7_FLU_VACCINE_UP","156/6767","200/21355",1.29231685492108e-41,4.73264893941456e-39,8.10370118048257e-40
"QI_PBMC_ZOSTAVAX_AGE_50_75YO_CORRELATED_WITH_CONTRACTION_OF_VZV_SPECIFIC_T_CELLS_PEAK_TO_28DY_AT_1DYPOSITIVE","QI_PBMC_ZOSTAVAX_AGE_50_75YO_CORRELATED_WITH_CONTRACTION_OF_VZV_SPECIFIC_T_CELLS_PEAK_TO_28DY_AT_1DYPOSITIVE","203/6767","294/21355",7.05258813424771e-40,2.41057462428587e-37,4.12762000278076e-38
"GSE22886_UNSTIM_VS_IL2_STIM_NKCELL_DN","GSE22886_UNSTIM_VS_IL2_STIM_NKCELL_DN","153/6767","200/21355",5.32998208093829e-39,1.60745988993945e-36,2.75244895077556e-37
"GSE43863_TH1_VS_TFH_MEMORY_CD4_TCELL_UP","GSE43863_TH1_VS_TFH_MEMORY_CD4_TCELL_UP","153/6767","200/21355",5.32998208093829e-39,1.60745988993945e-36,2.75244895077556e-37
"GSE21670_UNTREATED_VS_IL6_TREATED_STAT3_KO_CD4_TCELL_DN","GSE21670_UNTREATED_VS_IL6_TREATED_STAT3_KO_CD4_TCELL_DN","151/6767","197/21355",1.0986307739522e-38,3.12926665447384e-36,5.35823430103002e-37
"GSE9988_LPS_VS_VEHICLE_TREATED_MONOCYTE_DN","GSE9988_LPS_VS_VEHICLE_TREATED_MONOCYTE_DN","148/6767","198/21355",9.85226901115027e-36,2.65855701158776e-33,4.55223953202179e-34
"GSE29618_BCELL_VS_MONOCYTE_DAY7_FLU_VACCINE_DN","GSE29618_BCELL_VS_MONOCYTE_DAY7_FLU_VACCINE_DN","149/6767","200/21355",1.11197562633755e-35,2.71480906487267e-33,4.64855976123065e-34
"GSE33292_WT_VS_TCF1_KO_DN3_THYMOCYTE_DN","GSE33292_WT_VS_TCF1_KO_DN3_THYMOCYTE_DN","149/6767","200/21355",1.11197562633755e-35,2.71480906487267e-33,4.64855976123065e-34
"GSE29618_PDC_VS_MDC_DAY7_FLU_VACCINE_DN","GSE29618_PDC_VS_MDC_DAY7_FLU_VACCINE_DN","148/6767","200/21355",7.03182672853437e-35,1.56748589726938e-32,2.6840015979852e-33
"GSE29618_PDC_VS_MDC_DN","GSE29618_PDC_VS_MDC_DN","148/6767","200/21355",7.03182672853437e-35,1.56748589726938e-32,2.6840015979852e-33
"GSE42088_2H_VS_24H_LEISHMANIA_INF_DC_UP","GSE42088_2H_VS_24H_LEISHMANIA_INF_DC_UP","147/6767","200/21355",4.3329898415209e-34,9.25634954894902e-32,1.58496207360896e-32
"GSE34156_TLR1_TLR2_LIGAND_VS_NOD2_AND_TLR1_TLR2_LIGAND_24H_TREATED_MONOCYTE_UP","GSE34156_TLR1_TLR2_LIGAND_VS_NOD2_AND_TLR1_TLR2_LIGAND_24H_TREATED_MONOCYTE_UP","145/6767","197/21355",9.28428668882887e-34,1.90402151414503e-31,3.26025056778243e-32
"NAKAYA_MONOCYTE_FLUMIST_AGE_18_50YO_7DY_UP","NAKAYA_MONOCYTE_FLUMIST_AGE_18_50YO_7DY_UP","277/6767","478/21355",5.30667041976346e-33,1.04643458623566e-30,1.79180693525616e-31
"GSE9988_ANTI_TREM1_AND_LPS_VS_VEHICLE_TREATED_MONOCYTES_DN","GSE9988_ANTI_TREM1_AND_LPS_VS_VEHICLE_TREATED_MONOCYTES_DN","144/6767","197/21355",5.60328450201278e-33,1.06400146821554e-30,1.8218866567948e-31
"GSE22886_NAIVE_BCELL_VS_NEUTROPHIL_DN","GSE22886_NAIVE_BCELL_VS_NEUTROPHIL_DN","145/6767","200/21355",1.5240679319674e-32,2.79067724542745e-30,4.77846862880004e-31
"GSE16450_IMMATURE_VS_MATURE_NEURON_CELL_LINE_DN","GSE16450_IMMATURE_VS_MATURE_NEURON_CELL_LINE_DN","143/6767","198/21355",8.18137020230979e-32,1.4464098285256e-29,2.4766833933671e-30
"GSE22886_DC_VS_MONOCYTE_DN","GSE22886_DC_VS_MONOCYTE_DN","144/6767","200/21355",8.70474203560029e-32,1.48764041388409e-29,2.54728240620724e-30
"GSE22886_DAY0_VS_DAY7_MONOCYTE_IN_CULTURE_UP","GSE22886_DAY0_VS_DAY7_MONOCYTE_IN_CULTURE_UP","143/6767","199/21355",2.00470850871217e-31,3.31552920134429e-29,5.67717112484194e-30
"GSE22886_UNSTIM_VS_IL15_STIM_NKCELL_DN","GSE22886_UNSTIM_VS_IL15_STIM_NKCELL_DN","143/6767","200/21355",4.8502436953218e-31,7.3138821840926e-29,1.25235394486018e-29
"GSE29618_BCELL_VS_MDC_DN","GSE29618_BCELL_VS_MDC_DN","143/6767","200/21355",4.8502436953218e-31,7.3138821840926e-29,1.25235394486018e-29
"GSE9988_ANTI_TREM1_VS_CTRL_TREATED_MONOCYTES_DN","GSE9988_ANTI_TREM1_VS_CTRL_TREATED_MONOCYTES_DN","143/6767","200/21355",4.8502436953218e-31,7.3138821840926e-29,1.25235394486018e-29
"GSE11057_NAIVE_CD4_VS_PBMC_CD4_TCELL_DN","GSE11057_NAIVE_CD4_VS_PBMC_CD4_TCELL_DN","141/6767","197/21355",1.05676421778746e-30,1.5480086127418e-28,2.65065069965335e-29
"GSE37532_TREG_VS_TCONV_PPARG_KO_CD4_TCELL_FROM_LN_DN","GSE37532_TREG_VS_TCONV_PPARG_KO_CD4_TCELL_FROM_LN_DN","142/6767","199/21355",1.10915224570764e-30,1.5796176565953e-28,2.70477477462039e-29
"FLETCHER_PBMC_BCG_10W_INFANT_BCG_STIMULATED_VS_UNSTIMULATED_10W_DN","FLETCHER_PBMC_BCG_10W_INFANT_BCG_STIMULATED_VS_UNSTIMULATED_10W_DN","170/6767","256/21355",2.22472590651765e-30,3.08274857370702e-28,5.27858152499493e-29
"GSE10325_CD4_TCELL_VS_MYELOID_DN","GSE10325_CD4_TCELL_VS_MYELOID_DN","142/6767","200/21355",2.63718945979244e-30,3.55812377904101e-28,6.09256512317698e-29
"GSE10325_BCELL_VS_MYELOID_DN","GSE10325_BCELL_VS_MYELOID_DN","141/6767","200/21355",1.39958232550886e-29,1.83991245714973e-27,3.15047681369606e-28
"GSE39556_CD8A_DC_VS_NK_CELL_MOUSE_3H_POST_POLYIC_INJ_UP","GSE39556_CD8A_DC_VS_NK_CELL_MOUSE_3H_POST_POLYIC_INJ_UP","140/6767","200/21355",7.25169546068137e-29,9.29486065672835e-27,1.59155631952849e-27
"GSE24634_TREG_VS_TCONV_POST_DAY5_IL4_CONVERSION_UP","GSE24634_TREG_VS_TCONV_POST_DAY5_IL4_CONVERSION_UP","139/6767","200/21355",3.66914541295417e-28,4.37481593772465e-26,7.49098475986236e-27
"GSE29618_BCELL_VS_MDC_DAY7_FLU_VACCINE_DN","GSE29618_BCELL_VS_MDC_DAY7_FLU_VACCINE_DN","139/6767","200/21355",3.66914541295417e-28,4.37481593772465e-26,7.49098475986236e-27
"GSE43863_NAIVE_VS_MEMORY_TFH_CD4_TCELL_D150_LCMV_DN","GSE43863_NAIVE_VS_MEMORY_TFH_CD4_TCELL_D150_LCMV_DN","139/6767","200/21355",3.66914541295417e-28,4.37481593772465e-26,7.49098475986236e-27
"GSE9988_LOW_LPS_VS_VEHICLE_TREATED_MONOCYTE_DN","GSE9988_LOW_LPS_VS_VEHICLE_TREATED_MONOCYTE_DN","138/6767","199/21355",8.1529530016835e-28,9.50004319082529e-26,1.62668966588613e-26
"SCHERER_PBMC_APSV_WETVAX_AGE_18_32YO_5_TO_7DY_UP","SCHERER_PBMC_APSV_WETVAX_AGE_18_32YO_5_TO_7DY_UP","179/6767","285/21355",1.80821272489264e-27,2.02104566286132e-25,3.46063068137998e-26
"GSE24574_BCL6_LOW_TFH_VS_TCONV_CD4_TCELL_DN","GSE24574_BCL6_LOW_TFH_VS_TCONV_CD4_TCELL_DN","138/6767","200/21355",1.81330408604683e-27,2.02104566286132e-25,3.46063068137998e-26
"GSE6269_FLU_VS_STAPH_AUREUS_INF_PBMC_DN","GSE6269_FLU_VS_STAPH_AUREUS_INF_PBMC_DN","121/6767","167/21355",2.44531727290506e-27,2.66747694854984e-25,4.567513114452e-26
"GSE10239_NAIVE_VS_DAY4.5_EFF_CD8_TCELL_DN","GSE10239_NAIVE_VS_DAY4.5_EFF_CD8_TCELL_DN","137/6767","200/21355",8.75485194386983e-27,8.97722518324412e-25,1.53716768867104e-25
"GSE22313_HEALTHY_VS_SLE_MOUSE_CD4_TCELL_DN","GSE22313_HEALTHY_VS_SLE_MOUSE_CD4_TCELL_DN","137/6767","200/21355",8.75485194386983e-27,8.97722518324412e-25,1.53716768867104e-25
"GSE24634_TEFF_VS_TCONV_DAY10_IN_CULTURE_DN","GSE24634_TEFF_VS_TCONV_DAY10_IN_CULTURE_DN","137/6767","200/21355",8.75485194386983e-27,8.97722518324412e-25,1.53716768867104e-25
"GSE11057_CD4_CENT_MEM_VS_PBMC_DN","GSE11057_CD4_CENT_MEM_VS_PBMC_DN","134/6767","195/21355",1.94216811322016e-26,1.95245017970192e-24,3.34317483266381e-25
"GSE22886_DAY0_VS_DAY1_MONOCYTE_IN_CULTURE_UP","GSE22886_DAY0_VS_DAY1_MONOCYTE_IN_CULTURE_UP","136/6767","200/21355",4.13035805033319e-26,4.05104575381251e-24,6.93659400424919e-25
"GSE25088_IL4_VS_IL4_AND_ROSIGLITAZONE_STIM_STAT6_KO_MACROPHAGE_DAY10_UP","GSE25088_IL4_VS_IL4_AND_ROSIGLITAZONE_STIM_STAT6_KO_MACROPHAGE_DAY10_UP","135/6767","198/21355",4.187739905443e-26,4.05104575381251e-24,6.93659400424919e-25
"GSE36826_NORMAL_VS_STAPH_AUREUS_INF_IL1R_KO_SKIN_DN","GSE36826_NORMAL_VS_STAPH_AUREUS_INF_IL1R_KO_SKIN_DN","135/6767","199/21355",8.97748800881309e-26,8.5236261150342e-24,1.45949805055558e-24
"GSE15750_DAY6_VS_DAY10_TRAF6KO_EFF_CD8_TCELL_UP","GSE15750_DAY6_VS_DAY10_TRAF6KO_EFF_CD8_TCELL_UP","135/6767","200/21355",1.90446040764249e-25,1.62736141833051e-23,2.78652628065585e-24
"GSE24634_TEFF_VS_TCONV_DAY5_IN_CULTURE_UP","GSE24634_TEFF_VS_TCONV_DAY5_IN_CULTURE_UP","135/6767","200/21355",1.90446040764249e-25,1.62736141833051e-23,2.78652628065585e-24
"GSE34156_UNTREATED_VS_24H_NOD2_LIGAND_TREATED_MONOCYTE_DN","GSE34156_UNTREATED_VS_24H_NOD2_LIGAND_TREATED_MONOCYTE_DN","135/6767","200/21355",1.90446040764249e-25,1.62736141833051e-23,2.78652628065585e-24
"GSE36476_CTRL_VS_TSST_ACT_40H_MEMORY_CD4_TCELL_OLD_DN","GSE36476_CTRL_VS_TSST_ACT_40H_MEMORY_CD4_TCELL_OLD_DN","135/6767","200/21355",1.90446040764249e-25,1.62736141833051e-23,2.78652628065585e-24
"GSE36476_CTRL_VS_TSST_ACT_72H_MEMORY_CD4_TCELL_YOUNG_DN","GSE36476_CTRL_VS_TSST_ACT_72H_MEMORY_CD4_TCELL_YOUNG_DN","135/6767","200/21355",1.90446040764249e-25,1.62736141833051e-23,2.78652628065585e-24
"GSE9650_EXHAUSTED_VS_MEMORY_CD8_TCELL_DN","GSE9650_EXHAUSTED_VS_MEMORY_CD8_TCELL_DN","135/6767","200/21355",1.90446040764249e-25,1.62736141833051e-23,2.78652628065585e-24
"GSE21063_WT_VS_NFATC1_KO_8H_ANTI_IGM_STIM_BCELL_UP","GSE21063_WT_VS_NFATC1_KO_8H_ANTI_IGM_STIM_BCELL_UP","134/6767","199/21355",4.10866252809982e-25,3.4532971773062e-23,5.91307083422822e-24
"HOWARD_PBMC_INACT_MONOV_INFLUENZA_A_INDONESIA_05_2005_H5N1_AGE_19_39YO_AS03_ADJUVANT_VS_BUFFER_1DY_UP","HOWARD_PBMC_INACT_MONOV_INFLUENZA_A_INDONESIA_05_2005_H5N1_AGE_19_39YO_AS03_ADJUVANT_VS_BUFFER_1DY_UP","216/6767","377/21355",4.37921068659434e-25,3.6213247080918e-23,6.20078389239335e-24
"GSE4984_UNTREATED_VS_GALECTIN1_TREATED_DC_UP","GSE4984_UNTREATED_VS_GALECTIN1_TREATED_DC_UP","130/6767","191/21355",4.45283792838781e-25,3.62376191410227e-23,6.20495711324216e-24
"GSE18893_TCONV_VS_TREG_24H_TNF_STIM_UP","GSE18893_TCONV_VS_TREG_24H_TNF_STIM_UP","134/6767","200/21355",8.58386077266419e-25,6.37818176542743e-23,1.09213423103004e-23
"GSE22886_NAIVE_CD8_TCELL_VS_DC_DN","GSE22886_NAIVE_CD8_TCELL_VS_DC_DN","134/6767","200/21355",8.58386077266419e-25,6.37818176542743e-23,1.09213423103004e-23
"GSE39556_CD8A_DC_VS_NK_CELL_UP","GSE39556_CD8A_DC_VS_NK_CELL_UP","134/6767","200/21355",8.58386077266419e-25,6.37818176542743e-23,1.09213423103004e-23
"GSE42088_UNINF_VS_LEISHMANIA_INF_DC_2H_DN","GSE42088_UNINF_VS_LEISHMANIA_INF_DC_2H_DN","134/6767","200/21355",8.58386077266419e-25,6.37818176542743e-23,1.09213423103004e-23
"GSE45739_NRAS_KO_VS_WT_ACD3_ACD28_STIM_CD4_TCELL_UP","GSE45739_NRAS_KO_VS_WT_ACD3_ACD28_STIM_CD4_TCELL_UP","134/6767","200/21355",8.58386077266419e-25,6.37818176542743e-23,1.09213423103004e-23
"GSE45739_NRAS_KO_VS_WT_UNSTIM_CD4_TCELL_UP","GSE45739_NRAS_KO_VS_WT_UNSTIM_CD4_TCELL_UP","134/6767","200/21355",8.58386077266419e-25,6.37818176542743e-23,1.09213423103004e-23
"GSE25088_ROSIGLITAZONE_VS_IL4_AND_ROSIGLITAZONE_STIM_STAT6_KO_MACROPHAGE_DAY10_UP","GSE25088_ROSIGLITAZONE_VS_IL4_AND_ROSIGLITAZONE_STIM_STAT6_KO_MACROPHAGE_DAY10_UP","133/6767","198/21355",8.84193198670795e-25,6.47608361369309e-23,1.10889793637811e-23
"GSE18791_CTRL_VS_NEWCASTLE_VIRUS_DC_14H_UP","GSE18791_CTRL_VS_NEWCASTLE_VIRUS_DC_14H_UP","133/6767","199/21355",1.83801871078419e-24,1.30882249030424e-22,2.24109298946494e-23
"GSE3982_NEUTROPHIL_VS_NKCELL_UP","GSE3982_NEUTROPHIL_VS_NKCELL_UP","133/6767","199/21355",1.83801871078419e-24,1.30882249030424e-22,2.24109298946494e-23
"GSE37416_CTRL_VS_12H_F_TULARENSIS_LVS_NEUTROPHIL_UP","GSE37416_CTRL_VS_12H_F_TULARENSIS_LVS_NEUTROPHIL_UP","131/6767","195/21355",1.9548359920899e-24,1.37293755225273e-22,2.35087702581539e-23
"NAKAYA_MYELOID_DENDRITIC_CELL_FLUMIST_AGE_18_50YO_7DY_UP","NAKAYA_MYELOID_DENDRITIC_CELL_FLUMIST_AGE_18_50YO_7DY_UP","215/6767","378/21355",2.06834301270031e-24,1.43302630082628e-22,2.4537668173429e-23
"GSE21360_PRIMARY_VS_TERTIARY_MEMORY_CD8_TCELL_UP","GSE21360_PRIMARY_VS_TERTIARY_MEMORY_CD8_TCELL_UP","133/6767","200/21355",3.78266259522996e-24,2.45490014249924e-22,4.20351846025555e-23
"GSE22196_HEALTHY_VS_OBESE_MOUSE_SKIN_GAMMADELTA_TCELL_DN","GSE22196_HEALTHY_VS_OBESE_MOUSE_SKIN_GAMMADELTA_TCELL_DN","133/6767","200/21355",3.78266259522996e-24,2.45490014249924e-22,4.20351846025555e-23
"GSE24634_TREG_VS_TCONV_POST_DAY3_IL4_CONVERSION_UP","GSE24634_TREG_VS_TCONV_POST_DAY3_IL4_CONVERSION_UP","133/6767","200/21355",3.78266259522996e-24,2.45490014249924e-22,4.20351846025555e-23
"GSE28726_NAIVE_CD4_TCELL_VS_NAIVE_VA24NEG_NKTCELL_UP","GSE28726_NAIVE_CD4_TCELL_VS_NAIVE_VA24NEG_NKTCELL_UP","133/6767","200/21355",3.78266259522996e-24,2.45490014249924e-22,4.20351846025555e-23
"GSE42088_UNINF_VS_LEISHMANIA_INF_DC_24H_UP","GSE42088_UNINF_VS_LEISHMANIA_INF_DC_24H_UP","133/6767","200/21355",3.78266259522996e-24,2.45490014249924e-22,4.20351846025555e-23
"GSE45382_UNTREATED_VS_TGFB_TREATED_MACROPHAGES_UP","GSE45382_UNTREATED_VS_TGFB_TREATED_MACROPHAGES_UP","132/6767","198/21355",3.92565308710846e-24,2.50515261576221e-22,4.28956562583164e-23
"HARALAMBIEVA_PBMC_FLUARIX_AGE_50_74YO_CORR_WITH_28D_MEM_B_CELL_RESPONSE_AT_0DY_NEGATIVE","HARALAMBIEVA_PBMC_FLUARIX_AGE_50_74YO_CORR_WITH_28D_MEM_B_CELL_RESPONSE_AT_0DY_NEGATIVE","239/6767","435/21355",3.95781864397775e-24,2.50515261576221e-22,4.28956562583164e-23
"GSE21670_STAT3_KO_VS_WT_CD4_TCELL_DN","GSE21670_STAT3_KO_VS_WT_CD4_TCELL_DN","132/6767","199/21355",8.03860439568749e-24,4.96553310080599e-22,8.50246806087935e-23
"GSE22140_HEALTHY_VS_ARTHRITIC_MOUSE_CD4_TCELL_DN","GSE22140_HEALTHY_VS_ARTHRITIC_MOUSE_CD4_TCELL_DN","132/6767","199/21355",8.03860439568749e-24,4.96553310080599e-22,8.50246806087935e-23
"GSE9988_ANTI_TREM1_AND_LPS_VS_CTRL_TREATED_MONOCYTES_DN","GSE9988_ANTI_TREM1_AND_LPS_VS_CTRL_TREATED_MONOCYTES_DN","131/6767","197/21355",8.36287234568708e-24,5.10433887099258e-22,8.74014478233462e-23
"GSE36888_UNTREATED_VS_IL2_TREATED_TCELL_6H_UP","GSE36888_UNTREATED_VS_IL2_TREATED_TCELL_6H_UP","130/6767","195/21355",8.67894352680061e-24,5.2349345249302e-22,8.96376334532719e-23
"GSE14415_INDUCED_TREG_VS_TCONV_UP","GSE14415_INDUCED_TREG_VS_TCONV_UP","122/6767","179/21355",1.05797019975573e-23,6.30722466761352e-22,1.07998426755971e-22
"GSE6269_E_COLI_VS_STAPH_AUREUS_INF_PBMC_DN","GSE6269_E_COLI_VS_STAPH_AUREUS_INF_PBMC_DN","120/6767","175/21355",1.07755908846652e-23,6.35016717996306e-22,1.0873373016105e-22
"GSE3982_EOSINOPHIL_VS_CENT_MEMORY_CD4_TCELL_UP","GSE3982_EOSINOPHIL_VS_CENT_MEMORY_CD4_TCELL_UP","132/6767","200/21355",1.63001384789286e-23,9.18360549246889e-22,1.57250612971966e-22
"GSE3982_NEUTROPHIL_VS_CENT_MEMORY_CD4_TCELL_UP","GSE3982_NEUTROPHIL_VS_CENT_MEMORY_CD4_TCELL_UP","132/6767","200/21355",1.63001384789286e-23,9.18360549246889e-22,1.57250612971966e-22
"GSE411_100MIN_VS_400MIN_IL6_STIM_MACROPHAGE_DN","GSE411_100MIN_VS_400MIN_IL6_STIM_MACROPHAGE_DN","132/6767","200/21355",1.63001384789286e-23,9.18360549246889e-22,1.57250612971966e-22
"GSE5679_CTRL_VS_PPARG_LIGAND_ROSIGLITAZONE_TREATED_DC_UP","GSE5679_CTRL_VS_PPARG_LIGAND_ROSIGLITAZONE_TREATED_DC_UP","132/6767","200/21355",1.63001384789286e-23,9.18360549246889e-22,1.57250612971966e-22
"GSE19888_ADENOSINE_A3R_INH_PRETREAT_AND_ACT_BY_A3R_VS_A3R_INH_AND_TCELL_MEMBRANES_ACT_MAST_CELL_UP","GSE19888_ADENOSINE_A3R_INH_PRETREAT_AND_ACT_BY_A3R_VS_A3R_INH_AND_TCELL_MEMBRANES_ACT_MAST_CELL_UP","129/6767","194/21355",1.84865375537769e-23,1.03022258737189e-21,1.76404717618421e-22
"GSE3982_NEUTROPHIL_VS_EFF_MEMORY_CD4_TCELL_UP","GSE3982_NEUTROPHIL_VS_EFF_MEMORY_CD4_TCELL_UP","131/6767","199/21355",3.43769128744476e-23,1.89516593878809e-21,3.24508719154378e-22
"GSE34156_NOD2_LIGAND_VS_TLR1_TLR2_LIGAND_6H_TREATED_MONOCYTE_DN","GSE34156_NOD2_LIGAND_VS_TLR1_TLR2_LIGAND_6H_TREATED_MONOCYTE_DN","130/6767","197/21355",3.60201976175431e-23,1.9646335445228e-21,3.36403637323975e-22
"NAKAYA_B_CELL_FLUARIX_FLUVIRIN_AGE_18_50YO_7DY_UP","NAKAYA_B_CELL_FLUARIX_FLUVIRIN_AGE_18_50YO_7DY_UP","207/6767","367/21355",6.19398700315295e-23,3.34279698580686e-21,5.72386167382777e-22
"GSE22886_NAIVE_CD4_TCELL_VS_DC_DN","GSE22886_NAIVE_CD4_TCELL_VS_DC_DN","131/6767","200/21355",6.8696586002171e-23,3.45301369052089e-21,5.91258542062029e-22
"GSE23114_PERITONEAL_CAVITY_B1A_BCELL_VS_SPLEEN_BCELL_DN","GSE23114_PERITONEAL_CAVITY_B1A_BCELL_VS_SPLEEN_BCELL_DN","131/6767","200/21355",6.8696586002171e-23,3.45301369052089e-21,5.91258542062029e-22
"GSE24210_RESTING_TREG_VS_TCONV_UP","GSE24210_RESTING_TREG_VS_TCONV_UP","131/6767","200/21355",6.8696586002171e-23,3.45301369052089e-21,5.91258542062029e-22
"GSE31082_DN_VS_CD8_SP_THYMOCYTE_UP","GSE31082_DN_VS_CD8_SP_THYMOCYTE_UP","131/6767","200/21355",6.8696586002171e-23,3.45301369052089e-21,5.91258542062029e-22
"GSE36476_CTRL_VS_TSST_ACT_40H_MEMORY_CD4_TCELL_YOUNG_DN","GSE36476_CTRL_VS_TSST_ACT_40H_MEMORY_CD4_TCELL_YOUNG_DN","131/6767","200/21355",6.8696586002171e-23,3.45301369052089e-21,5.91258542062029e-22
"GSE37532_WT_VS_PPARG_KO_VISCERAL_ADIPOSE_TISSUE_TCONV_DN","GSE37532_WT_VS_PPARG_KO_VISCERAL_ADIPOSE_TISSUE_TCONV_DN","131/6767","200/21355",6.8696586002171e-23,3.45301369052089e-21,5.91258542062029e-22
"GSE5679_CTRL_VS_RARA_AGONIST_AM580_TREATED_DC_UP","GSE5679_CTRL_VS_RARA_AGONIST_AM580_TREATED_DC_UP","131/6767","200/21355",6.8696586002171e-23,3.45301369052089e-21,5.91258542062029e-22
"GSE45365_NK_CELL_VS_CD8_TCELL_MCMV_INFECTION_UP","GSE45365_NK_CELL_VS_CD8_TCELL_MCMV_INFECTION_UP","130/6767","198/21355",7.23084897914408e-23,3.5992779335992e-21,6.16303326377738e-22
"GSE11057_CD4_EFF_MEM_VS_PBMC_DN","GSE11057_CD4_EFF_MEM_VS_PBMC_DN","128/6767","194/21355",7.95866168360379e-23,3.92346715883044e-21,6.71814154263721e-22
"GSE15930_NAIVE_VS_24H_IN_VITRO_STIM_INFAB_CD8_TCELL_DN","GSE15930_NAIVE_VS_24H_IN_VITRO_STIM_INFAB_CD8_TCELL_DN","130/6767","199/21355",1.43773779635051e-22,6.95403932253683e-21,1.19073815507083e-21
"GSE25085_FETAL_BM_VS_ADULT_BM_SP4_THYMIC_IMPLANT_DN","GSE25085_FETAL_BM_VS_ADULT_BM_SP4_THYMIC_IMPLANT_DN","130/6767","199/21355",1.43773779635051e-22,6.95403932253683e-21,1.19073815507083e-21
"GSE14000_UNSTIM_VS_16H_LPS_DC_TRANSLATED_RNA_UP","GSE14000_UNSTIM_VS_16H_LPS_DC_TRANSLATED_RNA_UP","129/6767","197/21355",1.51685712202556e-22,7.13479492167436e-21,1.22168888437404e-21
"GSE34156_UNTREATED_VS_6H_TLR1_TLR2_LIGAND_TREATED_MONOCYTE_UP","GSE34156_UNTREATED_VS_6H_TLR1_TLR2_LIGAND_TREATED_MONOCYTE_UP","129/6767","197/21355",1.51685712202556e-22,7.13479492167436e-21,1.22168888437404e-21
"GSE36888_STAT5_AB_KNOCKIN_VS_WT_TCELL_IL2_TREATED_17H_DN","GSE36888_STAT5_AB_KNOCKIN_VS_WT_TCELL_IL2_TREATED_17H_DN","129/6767","197/21355",1.51685712202556e-22,7.13479492167436e-21,1.22168888437404e-21
"GSE35685_CD34POS_CD10NEG_CD62LPOS_VS_CD34POS_CD10POS_BONE_MARROW_UP","GSE35685_CD34POS_CD10NEG_CD62LPOS_VS_CD34POS_CD10POS_BONE_MARROW_UP","130/6767","200/21355",2.83202853524683e-22,1.2849389646204e-20,2.20019729706181e-21
"GSE36476_CTRL_VS_TSST_ACT_16H_MEMORY_CD4_TCELL_OLD_DN","GSE36476_CTRL_VS_TSST_ACT_16H_MEMORY_CD4_TCELL_OLD_DN","130/6767","200/21355",2.83202853524683e-22,1.2849389646204e-20,2.20019729706181e-21
"GSE369_PRE_VS_POST_IL6_INJECTION_SOCS3_KO_LIVER_DN","GSE369_PRE_VS_POST_IL6_INJECTION_SOCS3_KO_LIVER_DN","130/6767","200/21355",2.83202853524683e-22,1.2849389646204e-20,2.20019729706181e-21
"GSE41087_WT_VS_FOXP3_MUT_ANTI_CD3_CD28_STIM_CD4_TCELL_DN","GSE41087_WT_VS_FOXP3_MUT_ANTI_CD3_CD28_STIM_CD4_TCELL_DN","130/6767","200/21355",2.83202853524683e-22,1.2849389646204e-20,2.20019729706181e-21
"GSE21063_CTRL_VS_ANTI_IGM_STIM_BCELL_NFATC1_KO_8H_DN","GSE21063_CTRL_VS_ANTI_IGM_STIM_BCELL_NFATC1_KO_8H_DN","129/6767","198/21355",3.00086606275524e-22,1.3496000266444e-20,2.31091624777274e-21
"GSE37416_0H_VS_24H_F_TULARENSIS_LVS_NEUTROPHIL_UP","GSE37416_0H_VS_24H_F_TULARENSIS_LVS_NEUTROPHIL_UP","128/6767","196/21355",3.17335668703936e-22,1.41476519430007e-20,2.42249837710831e-21
"GSE15930_NAIVE_VS_24H_IN_VITRO_STIM_CD8_TCELL_DN","GSE15930_NAIVE_VS_24H_IN_VITRO_STIM_CD8_TCELL_DN","129/6767","199/21355",5.88148815370078e-22,2.59951635896758e-20,4.45114439218371e-21
"GSE26030_TH1_VS_TH17_DAY5_POST_POLARIZATION_DN","GSE26030_TH1_VS_TH17_DAY5_POST_POLARIZATION_DN","128/6767","197/21355",6.24628341634041e-22,2.73715342526302e-20,4.68681994532425e-21
"GSE22611_NOD2_TRANSDUCED_VS_CTRL_HEK293T_STIMULATED_WITH_MDP_2H_DN","GSE22611_NOD2_TRANSDUCED_VS_CTRL_HEK293T_STIMULATED_WITH_MDP_2H_DN","121/6767","183/21355",8.97140232043809e-22,3.89799827939713e-20,6.67453125356411e-21
"GSE12845_IGD_POS_BLOOD_VS_PRE_GC_TONSIL_BCELL_DN","GSE12845_IGD_POS_BLOOD_VS_PRE_GC_TONSIL_BCELL_DN","129/6767","200/21355",1.14220556294828e-21,4.68487033698867e-20,8.02189001683255e-21
"GSE15750_DAY6_VS_DAY10_EFF_CD8_TCELL_UP","GSE15750_DAY6_VS_DAY10_EFF_CD8_TCELL_UP","129/6767","200/21355",1.14220556294828e-21,4.68487033698867e-20,8.02189001683255e-21
"GSE21670_STAT3_KO_VS_WT_CD4_TCELL_TGFB_IL6_TREATED_DN","GSE21670_STAT3_KO_VS_WT_CD4_TCELL_TGFB_IL6_TREATED_DN","129/6767","200/21355",1.14220556294828e-21,4.68487033698867e-20,8.02189001683255e-21
"GSE33162_UNTREATED_VS_4H_LPS_STIM_HDAC3_KO_MACROPHAGE_DN","GSE33162_UNTREATED_VS_4H_LPS_STIM_HDAC3_KO_MACROPHAGE_DN","129/6767","200/21355",1.14220556294828e-21,4.68487033698867e-20,8.02189001683255e-21
"GSE37532_TREG_VS_TCONV_CD4_TCELL_FROM_LN_UP","GSE37532_TREG_VS_TCONV_CD4_TCELL_FROM_LN_UP","129/6767","200/21355",1.14220556294828e-21,4.68487033698867e-20,8.02189001683255e-21
"GSE3982_EOSINOPHIL_VS_EFF_MEMORY_CD4_TCELL_UP","GSE3982_EOSINOPHIL_VS_EFF_MEMORY_CD4_TCELL_UP","129/6767","200/21355",1.14220556294828e-21,4.68487033698867e-20,8.02189001683255e-21
"GSE43863_TH1_VS_TFH_MEMORY_CD4_TCELL_DN","GSE43863_TH1_VS_TFH_MEMORY_CD4_TCELL_DN","129/6767","200/21355",1.14220556294828e-21,4.68487033698867e-20,8.02189001683255e-21
"GSE32986_CURDLAN_LOWDOSE_VS_GMCSF_AND_CURDLAN_LOWDOSE_STIM_DC_DN","GSE32986_CURDLAN_LOWDOSE_VS_GMCSF_AND_CURDLAN_LOWDOSE_STIM_DC_DN","128/6767","198/21355",1.21807608628965e-21,4.91738275150159e-20,8.42002035611742e-21
"GSE45365_NK_CELL_VS_BCELL_UP","GSE45365_NK_CELL_VS_BCELL_UP","128/6767","198/21355",1.21807608628965e-21,4.91738275150159e-20,8.42002035611742e-21
"GSE24634_IL4_VS_CTRL_TREATED_NAIVE_CD4_TCELL_DAY10_DN","GSE24634_IL4_VS_CTRL_TREATED_NAIVE_CD4_TCELL_DAY10_DN","128/6767","199/21355",2.35371961696148e-21,9.00561229564291e-20,1.54202840577052e-20
"GSE24634_TREG_VS_TCONV_POST_DAY10_IL4_CONVERSION_UP","GSE24634_TREG_VS_TCONV_POST_DAY10_IL4_CONVERSION_UP","128/6767","199/21355",2.35371961696148e-21,9.00561229564291e-20,1.54202840577052e-20
"GSE37416_12H_VS_48H_F_TULARENSIS_LVS_NEUTROPHIL_UP","GSE37416_12H_VS_48H_F_TULARENSIS_LVS_NEUTROPHIL_UP","128/6767","199/21355",2.35371961696148e-21,9.00561229564291e-20,1.54202840577052e-20
"GSE3982_MEMORY_CD4_TCELL_VS_TH2_DN","GSE3982_MEMORY_CD4_TCELL_VS_TH2_DN","128/6767","199/21355",2.35371961696148e-21,9.00561229564291e-20,1.54202840577052e-20
"GSE41176_UNSTIM_VS_ANTI_IGM_STIM_BCELL_1H_DN","GSE41176_UNSTIM_VS_ANTI_IGM_STIM_BCELL_1H_DN","128/6767","199/21355",2.35371961696148e-21,9.00561229564291e-20,1.54202840577052e-20
"GSE45365_NK_CELL_VS_CD11B_DC_DN","GSE45365_NK_CELL_VS_CD11B_DC_DN","128/6767","199/21355",2.35371961696148e-21,9.00561229564291e-20,1.54202840577052e-20
"GSE7764_IL15_NK_CELL_24H_VS_SPLENOCYTE_DN","GSE7764_IL15_NK_CELL_24H_VS_SPLENOCYTE_DN","128/6767","199/21355",2.35371961696148e-21,9.00561229564291e-20,1.54202840577052e-20
"GSE13547_CTRL_VS_ANTI_IGM_STIM_BCELL_12H_UP","GSE13547_CTRL_VS_ANTI_IGM_STIM_BCELL_12H_UP","122/6767","187/21355",3.40888412129874e-21,1.29461843628879e-19,2.21677142858725e-20
"GSE15930_NAIVE_VS_72H_IN_VITRO_STIM_IFNAB_CD8_TCELL_DN","GSE15930_NAIVE_VS_72H_IN_VITRO_STIM_IFNAB_CD8_TCELL_DN","128/6767","200/21355",4.50752237965155e-21,1.60486578058844e-19,2.74800706478757e-20
"GSE16451_CTRL_VS_WEST_EQUINE_ENC_VIRUS_IMMATURE_NEURON_CELL_LINE_DN","GSE16451_CTRL_VS_WEST_EQUINE_ENC_VIRUS_IMMATURE_NEURON_CELL_LINE_DN","128/6767","200/21355",4.50752237965155e-21,1.60486578058844e-19,2.74800706478757e-20
"GSE22601_DOUBLE_POSITIVE_VS_CD8_SINGLE_POSITIVE_THYMOCYTE_DN","GSE22601_DOUBLE_POSITIVE_VS_CD8_SINGLE_POSITIVE_THYMOCYTE_DN","128/6767","200/21355",4.50752237965155e-21,1.60486578058844e-19,2.74800706478757e-20
"GSE24634_TREG_VS_TCONV_POST_DAY3_IL4_CONVERSION_DN","GSE24634_TREG_VS_TCONV_POST_DAY3_IL4_CONVERSION_DN","128/6767","200/21355",4.50752237965155e-21,1.60486578058844e-19,2.74800706478757e-20
"GSE28726_NAIVE_VS_ACTIVATED_NKTCELL_DN","GSE28726_NAIVE_VS_ACTIVATED_NKTCELL_DN","128/6767","200/21355",4.50752237965155e-21,1.60486578058844e-19,2.74800706478757e-20
"GSE41176_WT_VS_TAK1_KO_ANTI_IGM_STIM_BCELL_3H_DN","GSE41176_WT_VS_TAK1_KO_ANTI_IGM_STIM_BCELL_3H_DN","128/6767","200/21355",4.50752237965155e-21,1.60486578058844e-19,2.74800706478757e-20
"GSE43863_TH1_VS_LY6C_INT_CXCR5POS_MEMORY_CD4_TCELL_UP","GSE43863_TH1_VS_LY6C_INT_CXCR5POS_MEMORY_CD4_TCELL_UP","128/6767","200/21355",4.50752237965155e-21,1.60486578058844e-19,2.74800706478757e-20
"GSE7831_UNSTIM_VS_CPG_STIM_PDC_1H_UP","GSE7831_UNSTIM_VS_CPG_STIM_PDC_1H_UP","128/6767","200/21355",4.50752237965155e-21,1.60486578058844e-19,2.74800706478757e-20
"GSE9988_LPS_VS_CTRL_TREATED_MONOCYTE_DN","GSE9988_LPS_VS_CTRL_TREATED_MONOCYTE_DN","128/6767","200/21355",4.50752237965155e-21,1.60486578058844e-19,2.74800706478757e-20
"GSE16451_IMMATURE_VS_MATURE_NEURON_CELL_LINE_WEST_EQUINE_ENC_VIRUS_DN","GSE16451_IMMATURE_VS_MATURE_NEURON_CELL_LINE_WEST_EQUINE_ENC_VIRUS_DN","127/6767","198/21355",4.83657159508865e-21,1.69843168274106e-19,2.9082196901975e-20
"GSE24634_TREG_VS_TCONV_POST_DAY5_IL4_CONVERSION_DN","GSE24634_TREG_VS_TCONV_POST_DAY5_IL4_CONVERSION_DN","127/6767","198/21355",4.83657159508865e-21,1.69843168274106e-19,2.9082196901975e-20
"GSE26030_TH1_VS_TH17_RESTIMULATED_DAY15_POST_POLARIZATION_UP","GSE26030_TH1_VS_TH17_RESTIMULATED_DAY15_POST_POLARIZATION_UP","127/6767","199/21355",9.21604661206274e-21,3.17118597181515e-19,5.43001262766537e-20
"GSE34515_CD16_NEG_MONOCYTE_VS_DC_UP","GSE34515_CD16_NEG_MONOCYTE_VS_DC_UP","127/6767","199/21355",9.21604661206274e-21,3.17118597181515e-19,5.43001262766537e-20
"GSE46468_LUNG_INNATE_LYMPHOID_CELL_VS_SPLEEN_CD4_TCELL_DN","GSE46468_LUNG_INNATE_LYMPHOID_CELL_VS_SPLEEN_CD4_TCELL_DN","127/6767","199/21355",9.21604661206274e-21,3.17118597181515e-19,5.43001262766537e-20
"HOEK_NK_CELL_2011_2012_TIV_3D_VS_0DY_ADULT_3D_DN","HOEK_NK_CELL_2011_2012_TIV_3D_VS_0DY_ADULT_3D_DN","154/6767","258/21355",1.23217719548664e-20,4.21158165417334e-19,7.21147916516393e-20
"GSE14769_UNSTIM_VS_360MIN_LPS_BMDM_UP","GSE14769_UNSTIM_VS_360MIN_LPS_BMDM_UP","127/6767","200/21355",1.74075887698187e-20,5.64865238119369e-19,9.67217124185794e-20
"GSE24634_TEFF_VS_TCONV_DAY3_IN_CULTURE_UP","GSE24634_TEFF_VS_TCONV_DAY3_IN_CULTURE_UP","127/6767","200/21355",1.74075887698187e-20,5.64865238119369e-19,9.67217124185794e-20
"GSE33425_CD161_INT_VS_NEG_CD8_TCELL_UP","GSE33425_CD161_INT_VS_NEG_CD8_TCELL_UP","127/6767","200/21355",1.74075887698187e-20,5.64865238119369e-19,9.67217124185794e-20
"GSE360_L_DONOVANI_VS_B_MALAYI_LOW_DOSE_DC_DN","GSE360_L_DONOVANI_VS_B_MALAYI_LOW_DOSE_DC_DN","127/6767","200/21355",1.74075887698187e-20,5.64865238119369e-19,9.67217124185794e-20
"GSE36476_CTRL_VS_TSST_ACT_72H_MEMORY_CD4_TCELL_OLD_DN","GSE36476_CTRL_VS_TSST_ACT_72H_MEMORY_CD4_TCELL_OLD_DN","127/6767","200/21355",1.74075887698187e-20,5.64865238119369e-19,9.67217124185794e-20
"GSE42021_CD24INT_TREG_VS_CD24INT_TCONV_THYMUS_UP","GSE42021_CD24INT_TREG_VS_CD24INT_TCONV_THYMUS_UP","127/6767","200/21355",1.74075887698187e-20,5.64865238119369e-19,9.67217124185794e-20
"GSE7764_IL15_TREATED_VS_CTRL_NK_CELL_24H_UP","GSE7764_IL15_TREATED_VS_CTRL_NK_CELL_24H_UP","127/6767","200/21355",1.74075887698187e-20,5.64865238119369e-19,9.67217124185794e-20
"GSE9006_TYPE_1_DIABETES_AT_DX_VS_1MONTH_POST_DX_PBMC_UP","GSE9006_TYPE_1_DIABETES_AT_DX_VS_1MONTH_POST_DX_PBMC_UP","127/6767","200/21355",1.74075887698187e-20,5.64865238119369e-19,9.67217124185794e-20
"GSE11057_NAIVE_VS_MEMORY_CD4_TCELL_DN","GSE11057_NAIVE_VS_MEMORY_CD4_TCELL_DN","126/6767","198/21355",1.87887705009946e-20,5.98323145084469e-19,1.02450700214642e-19
"GSE17974_0H_VS_24H_IN_VITRO_ACT_CD4_TCELL_DN","GSE17974_0H_VS_24H_IN_VITRO_ACT_CD4_TCELL_DN","126/6767","198/21355",1.87887705009946e-20,5.98323145084469e-19,1.02450700214642e-19
"GSE37416_0H_VS_6H_F_TULARENSIS_LVS_NEUTROPHIL_UP","GSE37416_0H_VS_6H_F_TULARENSIS_LVS_NEUTROPHIL_UP","126/6767","198/21355",1.87887705009946e-20,5.98323145084469e-19,1.02450700214642e-19
"GSE15930_NAIVE_VS_24H_IN_VITRO_STIM_IL12_CD8_TCELL_DN","GSE15930_NAIVE_VS_24H_IN_VITRO_STIM_IL12_CD8_TCELL_DN","126/6767","199/21355",3.53115541996987e-20,1.10391669745034e-18,1.89023338912379e-19
"GSE30971_CTRL_VS_LPS_STIM_MACROPHAGE_WBP7_HET_2H_DN","GSE30971_CTRL_VS_LPS_STIM_MACROPHAGE_WBP7_HET_2H_DN","126/6767","199/21355",3.53115541996987e-20,1.10391669745034e-18,1.89023338912379e-19
"GSE6674_ANTI_IGM_VS_PL2_3_STIM_BCELL_DN","GSE6674_ANTI_IGM_VS_PL2_3_STIM_BCELL_DN","126/6767","199/21355",3.53115541996987e-20,1.10391669745034e-18,1.89023338912379e-19
"GSE6269_HEALTHY_VS_STAPH_PNEUMO_INF_PBMC_DN","GSE6269_HEALTHY_VS_STAPH_PNEUMO_INF_PBMC_DN","112/6767","170/21355",4.49972617017147e-20,1.39818764087692e-18,2.39411268001468e-19
"GAUCHER_PBMC_YF_VAX_STAMARIL_UNKNOWN_AGE_7DY_UP","GAUCHER_PBMC_YF_VAX_STAMARIL_UNKNOWN_AGE_7DY_UP","168/6767","292/21355",4.62964736165624e-20,1.42989168814527e-18,2.44839942905599e-19
"KANNAN_BLOOD_2012_2013_TIV_AGE_65PLS_REVACCINATED_IN_6_9_MO_VS_REVACCINATED_IN_12_13_MOS_DN","KANNAN_BLOOD_2012_2013_TIV_AGE_65PLS_REVACCINATED_IN_6_9_MO_VS_REVACCINATED_IN_12_13_MOS_DN","190/6767","343/21355",5.67357997590088e-20,1.74182302613436e-18,2.98251856281206e-19
"GSE14415_INDUCED_TREG_VS_FAILED_INDUCED_TREG_UP","GSE14415_INDUCED_TREG_VS_FAILED_INDUCED_TREG_UP","119/6767","185/21355",5.90593008002762e-20,1.80236330477986e-18,3.08618150798436e-19
"GSE21546_SAP1A_KO_VS_SAP1A_KO_AND_ELK1_KO_ANTI_CD3_STIM_DP_THYMOCYTES_DN","GSE21546_SAP1A_KO_VS_SAP1A_KO_AND_ELK1_KO_ANTI_CD3_STIM_DP_THYMOCYTES_DN","126/6767","200/21355",6.57966845262502e-20,1.87410889758936e-18,3.20903128040308e-19
"GSE23114_WT_VS_SLE2C1_MOUSE_SPLEEN_B1A_BCELL_UP","GSE23114_WT_VS_SLE2C1_MOUSE_SPLEEN_B1A_BCELL_UP","126/6767","200/21355",6.57966845262502e-20,1.87410889758936e-18,3.20903128040308e-19
"GSE24634_NAIVE_CD4_TCELL_VS_DAY3_IL4_CONV_TREG_DN","GSE24634_NAIVE_CD4_TCELL_VS_DAY3_IL4_CONV_TREG_DN","126/6767","200/21355",6.57966845262502e-20,1.87410889758936e-18,3.20903128040308e-19
"GSE24634_TEFF_VS_TCONV_DAY3_IN_CULTURE_DN","GSE24634_TEFF_VS_TCONV_DAY3_IN_CULTURE_DN","126/6767","200/21355",6.57966845262502e-20,1.87410889758936e-18,3.20903128040308e-19
"GSE24634_TREG_VS_TCONV_POST_DAY10_IL4_CONVERSION_DN","GSE24634_TREG_VS_TCONV_POST_DAY10_IL4_CONVERSION_DN","126/6767","200/21355",6.57966845262502e-20,1.87410889758936e-18,3.20903128040308e-19
"GSE25085_FETAL_LIVER_VS_ADULT_BM_SP4_THYMIC_IMPLANT_DN","GSE25085_FETAL_LIVER_VS_ADULT_BM_SP4_THYMIC_IMPLANT_DN","126/6767","200/21355",6.57966845262502e-20,1.87410889758936e-18,3.20903128040308e-19
"GSE2770_TGFB_AND_IL4_VS_IL12_TREATED_ACT_CD4_TCELL_6H_UP","GSE2770_TGFB_AND_IL4_VS_IL12_TREATED_ACT_CD4_TCELL_6H_UP","126/6767","200/21355",6.57966845262502e-20,1.87410889758936e-18,3.20903128040308e-19
"GSE30971_WBP7_HET_VS_KO_MACROPHAGE_2H_LPS_STIM_UP","GSE30971_WBP7_HET_VS_KO_MACROPHAGE_2H_LPS_STIM_UP","126/6767","200/21355",6.57966845262502e-20,1.87410889758936e-18,3.20903128040308e-19
"GSE35685_CD34POS_CD10NEG_CD62LPOS_VS_CD34POS_CD10POS_BONE_MARROW_DN","GSE35685_CD34POS_CD10NEG_CD62LPOS_VS_CD34POS_CD10POS_BONE_MARROW_DN","126/6767","200/21355",6.57966845262502e-20,1.87410889758936e-18,3.20903128040308e-19
"GSE35685_CD34POS_CD38NEG_VS_CD34POS_CD10POS_BONE_MARROW_DN","GSE35685_CD34POS_CD38NEG_VS_CD34POS_CD10POS_BONE_MARROW_DN","126/6767","200/21355",6.57966845262502e-20,1.87410889758936e-18,3.20903128040308e-19
"GSE36826_WT_VS_IL1R_KO_SKIN_STAPH_AUREUS_INF_UP","GSE36826_WT_VS_IL1R_KO_SKIN_STAPH_AUREUS_INF_UP","126/6767","200/21355",6.57966845262502e-20,1.87410889758936e-18,3.20903128040308e-19
"GSE41176_WT_VS_TAK1_KO_ANTI_IGM_STIM_BCELL_24H_UP","GSE41176_WT_VS_TAK1_KO_ANTI_IGM_STIM_BCELL_24H_UP","126/6767","200/21355",6.57966845262502e-20,1.87410889758936e-18,3.20903128040308e-19
"GSE22432_CDC_VS_COMMON_DC_PROGENITOR_DN","GSE22432_CDC_VS_COMMON_DC_PROGENITOR_DN","125/6767","199/21355",1.32412339684269e-19,3.63036398695854e-18,6.21626182362399e-19
"GSE28726_NAIVE_VS_ACTIVATED_CD4_TCELL_DN","GSE28726_NAIVE_VS_ACTIVATED_CD4_TCELL_DN","125/6767","199/21355",1.32412339684269e-19,3.63036398695854e-18,6.21626182362399e-19
"GSE32986_CURDLAN_HIGHDOSE_VS_GMCSF_AND_CURDLAN_HIGHDOSE_STIM_DC_UP","GSE32986_CURDLAN_HIGHDOSE_VS_GMCSF_AND_CURDLAN_HIGHDOSE_STIM_DC_UP","125/6767","199/21355",1.32412339684269e-19,3.63036398695854e-18,6.21626182362399e-19
"GSE39556_CD8A_DC_VS_NK_CELL_MOUSE_3H_POST_POLYIC_INJ_DN","GSE39556_CD8A_DC_VS_NK_CELL_MOUSE_3H_POST_POLYIC_INJ_DN","125/6767","199/21355",1.32412339684269e-19,3.63036398695854e-18,6.21626182362399e-19
"GSE46606_UNSTIM_VS_CD40L_IL2_IL5_DAY3_STIMULATED_BCELL_DN","GSE46606_UNSTIM_VS_CD40L_IL2_IL5_DAY3_STIMULATED_BCELL_DN","125/6767","199/21355",1.32412339684269e-19,3.63036398695854e-18,6.21626182362399e-19
"GSE6674_ANTI_IGM_VS_CPG_STIM_BCELL_DN","GSE6674_ANTI_IGM_VS_CPG_STIM_BCELL_DN","125/6767","199/21355",1.32412339684269e-19,3.63036398695854e-18,6.21626182362399e-19
"GSE9960_HEALTHY_VS_GRAM_NEG_SEPSIS_PBMC_UP","GSE9960_HEALTHY_VS_GRAM_NEG_SEPSIS_PBMC_UP","125/6767","199/21355",1.32412339684269e-19,3.63036398695854e-18,6.21626182362399e-19
"GSE20727_CTRL_VS_ROS_INH_AND_DNFB_ALLERGEN_TREATED_DC_UP","GSE20727_CTRL_VS_ROS_INH_AND_DNFB_ALLERGEN_TREATED_DC_UP","124/6767","197/21355",1.44019287367584e-19,3.92758982092341e-18,6.72520076509321e-19
"GSE17186_BLOOD_VS_CORD_BLOOD_CD21HIGH_TRANSITIONAL_BCELL_UP","GSE17186_BLOOD_VS_CORD_BLOOD_CD21HIGH_TRANSITIONAL_BCELL_UP","125/6767","200/21355",2.43438431614305e-19,6.2405441944327e-18,1.06856658929647e-18
"GSE19198_CTRL_VS_IL21_TREATED_TCELL_6H_UP","GSE19198_CTRL_VS_IL21_TREATED_TCELL_6H_UP","125/6767","200/21355",2.43438431614305e-19,6.2405441944327e-18,1.06856658929647e-18
"GSE22140_HEALTHY_VS_ARTHRITIC_GERMFREE_MOUSE_CD4_TCELL_DN","GSE22140_HEALTHY_VS_ARTHRITIC_GERMFREE_MOUSE_CD4_TCELL_DN","125/6767","200/21355",2.43438431614305e-19,6.2405441944327e-18,1.06856658929647e-18
"GSE2405_0H_VS_9H_A_PHAGOCYTOPHILUM_STIM_NEUTROPHIL_DN","GSE2405_0H_VS_9H_A_PHAGOCYTOPHILUM_STIM_NEUTROPHIL_DN","125/6767","200/21355",2.43438431614305e-19,6.2405441944327e-18,1.06856658929647e-18
"GSE24574_NAIVE_VS_TCONV_CD4_TCELL_DN","GSE24574_NAIVE_VS_TCONV_CD4_TCELL_DN","125/6767","200/21355",2.43438431614305e-19,6.2405441944327e-18,1.06856658929647e-18
"GSE24634_NAIVE_CD4_TCELL_VS_DAY10_IL4_CONV_TREG_DN","GSE24634_NAIVE_CD4_TCELL_VS_DAY10_IL4_CONV_TREG_DN","125/6767","200/21355",2.43438431614305e-19,6.2405441944327e-18,1.06856658929647e-18
"GSE32986_GMCSF_VS_GMCSF_AND_CURDLAN_LOWDOSE_STIM_DC_UP","GSE32986_GMCSF_VS_GMCSF_AND_CURDLAN_LOWDOSE_STIM_DC_UP","125/6767","200/21355",2.43438431614305e-19,6.2405441944327e-18,1.06856658929647e-18
"GSE32986_UNSTIM_VS_CURDLAN_LOWDOSE_STIM_DC_DN","GSE32986_UNSTIM_VS_CURDLAN_LOWDOSE_STIM_DC_DN","125/6767","200/21355",2.43438431614305e-19,6.2405441944327e-18,1.06856658929647e-18
"GSE3982_BASOPHIL_VS_CENT_MEMORY_CD4_TCELL_UP","GSE3982_BASOPHIL_VS_CENT_MEMORY_CD4_TCELL_UP","125/6767","200/21355",2.43438431614305e-19,6.2405441944327e-18,1.06856658929647e-18
"GSE42021_TREG_PLN_VS_CD24HI_TREG_THYMUS_DN","GSE42021_TREG_PLN_VS_CD24HI_TREG_THYMUS_DN","125/6767","200/21355",2.43438431614305e-19,6.2405441944327e-18,1.06856658929647e-18
"GSE46606_IRF4MID_VS_WT_CD40L_IL2_IL5_DAY3_STIMULATED_BCELL_DN","GSE46606_IRF4MID_VS_WT_CD40L_IL2_IL5_DAY3_STIMULATED_BCELL_DN","125/6767","200/21355",2.43438431614305e-19,6.2405441944327e-18,1.06856658929647e-18
"GSE5142_HTERT_TRANSDUCED_VS_CTRL_CD8_TCELL_LATE_PASSAGE_CLONE_UP","GSE5142_HTERT_TRANSDUCED_VS_CTRL_CD8_TCELL_LATE_PASSAGE_CLONE_UP","125/6767","200/21355",2.43438431614305e-19,6.2405441944327e-18,1.06856658929647e-18
"FLETCHER_PBMC_BCG_10W_INFANT_PPD_STIMULATED_VS_UNSTIMULATED_10W_DN","FLETCHER_PBMC_BCG_10W_INFANT_PPD_STIMULATED_VS_UNSTIMULATED_10W_DN","116/6767","181/21355",2.66676840003946e-19,6.80224954577229e-18,1.16474723520969e-18
"NAKAYA_PBMC_FLUARIX_FLUVIRIN_AGE_18_50YO_3DY_DN","NAKAYA_PBMC_FLUARIX_FLUVIRIN_AGE_18_50YO_3DY_DN","226/6767","433/21355",3.54705207598277e-19,9.0028396007741e-18,1.54155363802482e-18
"GSE12845_IGD_NEG_BLOOD_VS_DARKZONE_GC_TONSIL_BCELL_DN","GSE12845_IGD_NEG_BLOOD_VS_DARKZONE_GC_TONSIL_BCELL_DN","124/6767","199/21355",4.85997768085861e-19,1.21546856437864e-17,2.08124333033945e-18
"GSE22886_NAIVE_CD4_TCELL_VS_12H_ACT_TH1_DN","GSE22886_NAIVE_CD4_TCELL_VS_12H_ACT_TH1_DN","124/6767","199/21355",4.85997768085861e-19,1.21546856437864e-17,2.08124333033945e-18
"GSE6674_ANTI_IGM_VS_ANTI_IGM_AND_CPG_STIM_BCELL_DN","GSE6674_ANTI_IGM_VS_ANTI_IGM_AND_CPG_STIM_BCELL_DN","124/6767","199/21355",4.85997768085861e-19,1.21546856437864e-17,2.08124333033945e-18
"GSE37416_0H_VS_48H_F_TULARENSIS_LVS_NEUTROPHIL_UP","GSE37416_0H_VS_48H_F_TULARENSIS_LVS_NEUTROPHIL_UP","123/6767","197/21355",5.31429439453587e-19,1.32264016314492e-17,2.26475295096725e-18
"GSE14699_DELETIONAL_TOLERANCE_VS_ACTIVATED_CD8_TCELL_UP","GSE14699_DELETIONAL_TOLERANCE_VS_ACTIVATED_CD8_TCELL_UP","115/6767","180/21355",5.45640834180901e-19,1.3514495443698e-17,2.31408317165966e-18
"GOLDRATH_EFF_VS_MEMORY_CD8_TCELL_UP","GOLDRATH_EFF_VS_MEMORY_CD8_TCELL_UP","124/6767","200/21355",8.81752474960539e-19,2.07470898867728e-17,3.55251823998204e-18
"GSE16697_CD4_TCELL_VS_TFH_CD4_TCELL_UP","GSE16697_CD4_TCELL_VS_TFH_CD4_TCELL_UP","124/6767","200/21355",8.81752474960539e-19,2.07470898867728e-17,3.55251823998204e-18
"GSE17301_ACD3_ACD28_VS_ACD3_ACD28_AND_IFNA5_STIM_CD8_TCELL_DN","GSE17301_ACD3_ACD28_VS_ACD3_ACD28_AND_IFNA5_STIM_CD8_TCELL_DN","124/6767","200/21355",8.81752474960539e-19,2.07470898867728e-17,3.55251823998204e-18
"GSE17721_LPS_VS_GARDIQUIMOD_8H_BMDC_DN","GSE17721_LPS_VS_GARDIQUIMOD_8H_BMDC_DN","124/6767","200/21355",8.81752474960539e-19,2.07470898867728e-17,3.55251823998204e-18
"GSE19401_NAIVE_VS_IMMUNIZED_MOUSE_PLN_FOLLICULAR_DC_DN","GSE19401_NAIVE_VS_IMMUNIZED_MOUSE_PLN_FOLLICULAR_DC_DN","124/6767","200/21355",8.81752474960539e-19,2.07470898867728e-17,3.55251823998204e-18
"GSE22601_DOUBLE_NEGATIVE_VS_CD4_SINGLE_POSITIVE_THYMOCYTE_UP","GSE22601_DOUBLE_NEGATIVE_VS_CD4_SINGLE_POSITIVE_THYMOCYTE_UP","124/6767","200/21355",8.81752474960539e-19,2.07470898867728e-17,3.55251823998204e-18
"GSE22935_UNSTIM_VS_24H_MBOVIS_BCG_STIM_MYD88_KO_MACROPHAGE_UP","GSE22935_UNSTIM_VS_24H_MBOVIS_BCG_STIM_MYD88_KO_MACROPHAGE_UP","124/6767","200/21355",8.81752474960539e-19,2.07470898867728e-17,3.55251823998204e-18
"GSE30962_ACUTE_VS_CHRONIC_LCMV_SECONDARY_INF_CD8_TCELL_DN","GSE30962_ACUTE_VS_CHRONIC_LCMV_SECONDARY_INF_CD8_TCELL_DN","124/6767","200/21355",8.81752474960539e-19,2.07470898867728e-17,3.55251823998204e-18
"GSE32986_UNSTIM_VS_CURDLAN_LOWDOSE_STIM_DC_UP","GSE32986_UNSTIM_VS_CURDLAN_LOWDOSE_STIM_DC_UP","124/6767","200/21355",8.81752474960539e-19,2.07470898867728e-17,3.55251823998204e-18
"GSE3982_EOSINOPHIL_VS_TH1_DN","GSE3982_EOSINOPHIL_VS_TH1_DN","124/6767","200/21355",8.81752474960539e-19,2.07470898867728e-17,3.55251823998204e-18
"GSE14415_TCONV_VS_FOXP3_KO_INDUCED_TREG_DN","GSE14415_TCONV_VS_FOXP3_KO_INDUCED_TREG_DN","117/6767","185/21355",8.82166100120241e-19,2.07470898867728e-17,3.55251823998204e-18
"GSE9988_ANTI_TREM1_VS_LPS_MONOCYTE_UP","GSE9988_ANTI_TREM1_VS_LPS_MONOCYTE_UP","123/6767","198/21355",9.67269705721529e-19,2.26447113298369e-17,3.87744741442805e-18
"GSE17974_0.5H_VS_72H_IL4_AND_ANTI_IL12_ACT_CD4_TCELL_DN","GSE17974_0.5H_VS_72H_IL4_AND_ANTI_IL12_ACT_CD4_TCELL_DN","122/6767","196/21355",1.05975547867036e-18,2.4697119723377e-17,4.22888071392862e-18
"THAKAR_PBMC_INACTIVATED_INFLUENZA_AGE_70PLS_NONRESPONDER_2DY_DN","THAKAR_PBMC_INACTIVATED_INFLUENZA_AGE_70PLS_NONRESPONDER_2DY_DN","99/6767","148/21355",1.30581571872252e-18,3.02937429406805e-17,5.1871888993312e-18
"GSE17974_0H_VS_12H_IN_VITRO_ACT_CD4_TCELL_DN","GSE17974_0H_VS_12H_IN_VITRO_ACT_CD4_TCELL_DN","123/6767","199/21355",1.74617034163194e-18,3.99670327747631e-17,6.84354353816276e-18
"GSE31082_DP_VS_CD4_SP_THYMOCYTE_DN","GSE31082_DP_VS_CD4_SP_THYMOCYTE_DN","123/6767","199/21355",1.74617034163194e-18,3.99670327747631e-17,6.84354353816276e-18
"GSE32986_UNSTIM_VS_GMCSF_AND_CURDLAN_LOWDOSE_STIM_DC_UP","GSE32986_UNSTIM_VS_GMCSF_AND_CURDLAN_LOWDOSE_STIM_DC_UP","123/6767","199/21355",1.74617034163194e-18,3.99670327747631e-17,6.84354353816276e-18
"GSE12366_GC_BCELL_VS_PLASMA_CELL_UP","GSE12366_GC_BCELL_VS_PLASMA_CELL_UP","122/6767","197/21355",1.91916583579631e-18,4.37313921783454e-17,7.48811371721229e-18
"GSE17322_CD103_POS_VS_CD11B_HIGH_LUNG_DC_UP","GSE17322_CD103_POS_VS_CD11B_HIGH_LUNG_DC_UP","121/6767","195/21355",2.10674076134932e-18,4.77931853249466e-17,8.18361339061634e-18
"GSE27859_CD11C_INT_F480_HI_MACROPHAGE_VS_CD11C_ING_F480_INT_DC_UP","GSE27859_CD11C_INT_F480_HI_MACROPHAGE_VS_CD11C_ING_F480_INT_DC_UP","113/6767","178/21355",2.26261786667139e-18,5.11032678520891e-17,8.75039787064198e-18
"GSE15735_CTRL_VS_HDAC_INHIBITOR_TREATED_CD4_TCELL_12H_DN","GSE15735_CTRL_VS_HDAC_INHIBITOR_TREATED_CD4_TCELL_12H_DN","123/6767","200/21355",3.1269936870941e-18,6.73617505618968e-17,1.15343331934386e-17
"GSE17186_NAIVE_VS_CD21HIGH_TRANSITIONAL_BCELL_DN","GSE17186_NAIVE_VS_CD21HIGH_TRANSITIONAL_BCELL_DN","123/6767","200/21355",3.1269936870941e-18,6.73617505618968e-17,1.15343331934386e-17
"GSE17721_LPS_VS_GARDIQUIMOD_24H_BMDC_DN","GSE17721_LPS_VS_GARDIQUIMOD_24H_BMDC_DN","123/6767","200/21355",3.1269936870941e-18,6.73617505618968e-17,1.15343331934386e-17
"GSE24574_BCL6_HIGH_TFH_VS_NAIVE_CD4_TCELL_DN","GSE24574_BCL6_HIGH_TFH_VS_NAIVE_CD4_TCELL_DN","123/6767","200/21355",3.1269936870941e-18,6.73617505618968e-17,1.15343331934386e-17
"GSE26343_WT_VS_NFAT5_KO_MACROPHAGE_LPS_STIM_DN","GSE26343_WT_VS_NFAT5_KO_MACROPHAGE_LPS_STIM_DN","123/6767","200/21355",3.1269936870941e-18,6.73617505618968e-17,1.15343331934386e-17
"GSE27859_DC_VS_CD11C_INT_F480_INT_DC_DN","GSE27859_DC_VS_CD11C_INT_F480_INT_DC_DN","123/6767","200/21355",3.1269936870941e-18,6.73617505618968e-17,1.15343331934386e-17
"GSE32986_CURDLAN_LOWDOSE_VS_CURDLAN_HIGHDOSE_STIM_DC_UP","GSE32986_CURDLAN_LOWDOSE_VS_CURDLAN_HIGHDOSE_STIM_DC_UP","123/6767","200/21355",3.1269936870941e-18,6.73617505618968e-17,1.15343331934386e-17
"GSE36888_UNTREATED_VS_IL2_TREATED_STAT5_AB_KNOCKIN_TCELL_2H_UP","GSE36888_UNTREATED_VS_IL2_TREATED_STAT5_AB_KNOCKIN_TCELL_2H_UP","123/6767","200/21355",3.1269936870941e-18,6.73617505618968e-17,1.15343331934386e-17
"GSE37532_TREG_VS_TCONV_PPARG_KO_CD4_TCELL_FROM_VISCERAL_ADIPOSE_TISSUE_UP","GSE37532_TREG_VS_TCONV_PPARG_KO_CD4_TCELL_FROM_VISCERAL_ADIPOSE_TISSUE_UP","123/6767","200/21355",3.1269936870941e-18,6.73617505618968e-17,1.15343331934386e-17
"GSE37533_PPARG2_FOXP3_VS_FOXP3_TRANSDUCED_CD4_TCELL_UP","GSE37533_PPARG2_FOXP3_VS_FOXP3_TRANSDUCED_CD4_TCELL_UP","123/6767","200/21355",3.1269936870941e-18,6.73617505618968e-17,1.15343331934386e-17
"GSE9650_GP33_VS_GP276_LCMV_SPECIFIC_EXHAUSTED_CD8_TCELL_DN","GSE9650_GP33_VS_GP276_LCMV_SPECIFIC_EXHAUSTED_CD8_TCELL_DN","123/6767","200/21355",3.1269936870941e-18,6.73617505618968e-17,1.15343331934386e-17
"GSE36826_NORMAL_VS_STAPH_AUREUS_INF_SKIN_UP","GSE36826_NORMAL_VS_STAPH_AUREUS_INF_SKIN_UP","122/6767","198/21355",3.4472096235479e-18,7.39491369871552e-17,1.26622894782601e-17
"HARALAMBIEVA_PBMC_FLUARIX_AGE_50_74YO_CORR_WITH_28D_MEM_B_CELL_RESPONSE_AT_3DY_POSITIVE","HARALAMBIEVA_PBMC_FLUARIX_AGE_50_74YO_CORR_WITH_28D_MEM_B_CELL_RESPONSE_AT_3DY_POSITIVE","196/6767","368/21355",4.88942072335278e-18,1.04450250202624e-16,1.78849863301589e-17
"GSE15271_CXCR4_POS_VS_NEG_GC_BCELL_UP","GSE15271_CXCR4_POS_VS_NEG_GC_BCELL_UP","111/6767","175/21355",4.96053852459404e-18,1.05529796745202e-16,1.80698367744548e-17
"GSE15930_NAIVE_VS_72H_IN_VITRO_STIM_TRICHOSTATINA_CD8_TCELL_DN","GSE15930_NAIVE_VS_72H_IN_VITRO_STIM_TRICHOSTATINA_CD8_TCELL_DN","122/6767","199/21355",6.14236277151897e-18,1.28015828982023e-16,2.19201136133796e-17
"GSE17721_LPS_VS_GARDIQUIMOD_6H_BMDC_DN","GSE17721_LPS_VS_GARDIQUIMOD_6H_BMDC_DN","122/6767","199/21355",6.14236277151897e-18,1.28015828982023e-16,2.19201136133796e-17
"GSE30971_WBP7_HET_VS_KO_MACROPHAGE_4H_LPS_STIM_UP","GSE30971_WBP7_HET_VS_KO_MACROPHAGE_4H_LPS_STIM_UP","122/6767","199/21355",6.14236277151897e-18,1.28015828982023e-16,2.19201136133796e-17
"GSE41176_WT_VS_TAK1_KO_ANTI_IGM_STIM_BCELL_6H_DN","GSE41176_WT_VS_TAK1_KO_ANTI_IGM_STIM_BCELL_6H_DN","122/6767","199/21355",6.14236277151897e-18,1.28015828982023e-16,2.19201136133796e-17
"GSE9650_NAIVE_VS_EFF_CD8_TCELL_DN","GSE9650_NAIVE_VS_EFF_CD8_TCELL_DN","122/6767","199/21355",6.14236277151897e-18,1.28015828982023e-16,2.19201136133796e-17
"GSE37416_CTRL_VS_6H_F_TULARENSIS_LVS_NEUTROPHIL_UP","GSE37416_CTRL_VS_6H_F_TULARENSIS_LVS_NEUTROPHIL_UP","121/6767","197/21355",6.78379876707051e-18,1.40811887768302e-16,2.41111790826201e-17
"GAUCHER_PBMC_YF_VAX_STAMARIL_UNKNOWN_AGE_3DY_UP","GAUCHER_PBMC_YF_VAX_STAMARIL_UNKNOWN_AGE_3DY_UP","131/6767","219/21355",7.12085256479927e-18,1.47212141531153e-16,2.5207092695427e-17
"GSE21927_SPLEEN_C57BL6_VS_EL4_TUMOR_BALBC_MONOCYTES_DN","GSE21927_SPLEEN_C57BL6_VS_EL4_TUMOR_BALBC_MONOCYTES_DN","122/6767","200/21355",1.08587092881826e-17,2.08511619927012e-16,3.57033847677678e-17
"GSE22589_HEALTHY_VS_HIV_INFECTED_DC_UP","GSE22589_HEALTHY_VS_HIV_INFECTED_DC_UP","122/6767","200/21355",1.08587092881826e-17,2.08511619927012e-16,3.57033847677678e-17
"GSE22601_DOUBLE_POSITIVE_VS_CD4_SINGLE_POSITIVE_THYMOCYTE_DN","GSE22601_DOUBLE_POSITIVE_VS_CD4_SINGLE_POSITIVE_THYMOCYTE_DN","122/6767","200/21355",1.08587092881826e-17,2.08511619927012e-16,3.57033847677678e-17
"GSE22886_CTRL_VS_LPS_24H_DC_UP","GSE22886_CTRL_VS_LPS_24H_DC_UP","122/6767","200/21355",1.08587092881826e-17,2.08511619927012e-16,3.57033847677678e-17
"GSE26030_UNSTIM_VS_RESTIM_TH1_DAY15_POST_POLARIZATION_DN","GSE26030_UNSTIM_VS_RESTIM_TH1_DAY15_POST_POLARIZATION_DN","122/6767","200/21355",1.08587092881826e-17,2.08511619927012e-16,3.57033847677678e-17
"GSE26727_WT_VS_KLF2_KO_LPS_STIM_MACROPHAGE_DN","GSE26727_WT_VS_KLF2_KO_LPS_STIM_MACROPHAGE_DN","122/6767","200/21355",1.08587092881826e-17,2.08511619927012e-16,3.57033847677678e-17
"GSE2770_IL12_ACT_VS_ACT_CD4_TCELL_2H_DN","GSE2770_IL12_ACT_VS_ACT_CD4_TCELL_2H_DN","122/6767","200/21355",1.08587092881826e-17,2.08511619927012e-16,3.57033847677678e-17
"GSE2770_UNTREATED_VS_IL12_TREATED_ACT_CD4_TCELL_2H_UP","GSE2770_UNTREATED_VS_IL12_TREATED_ACT_CD4_TCELL_2H_UP","122/6767","200/21355",1.08587092881826e-17,2.08511619927012e-16,3.57033847677678e-17
"GSE28726_NAIVE_CD4_TCELL_VS_NAIVE_NKTCELL_UP","GSE28726_NAIVE_CD4_TCELL_VS_NAIVE_NKTCELL_UP","122/6767","200/21355",1.08587092881826e-17,2.08511619927012e-16,3.57033847677678e-17
"GSE30962_ACUTE_VS_CHRONIC_LCMV_PRIMARY_INF_CD8_TCELL_UP","GSE30962_ACUTE_VS_CHRONIC_LCMV_PRIMARY_INF_CD8_TCELL_UP","122/6767","200/21355",1.08587092881826e-17,2.08511619927012e-16,3.57033847677678e-17
"GSE34205_HEALTHY_VS_FLU_INF_INFANT_PBMC_DN","GSE34205_HEALTHY_VS_FLU_INF_INFANT_PBMC_DN","122/6767","200/21355",1.08587092881826e-17,2.08511619927012e-16,3.57033847677678e-17
"GSE36826_NORMAL_VS_STAPH_AUREUS_INF_SKIN_DN","GSE36826_NORMAL_VS_STAPH_AUREUS_INF_SKIN_DN","122/6767","200/21355",1.08587092881826e-17,2.08511619927012e-16,3.57033847677678e-17
"GSE39820_CTRL_VS_TGFBETA3_IL6_CD4_TCELL_UP","GSE39820_CTRL_VS_TGFBETA3_IL6_CD4_TCELL_UP","122/6767","200/21355",1.08587092881826e-17,2.08511619927012e-16,3.57033847677678e-17
"GSE40274_CTRL_VS_FOXP3_TRANSDUCED_ACTIVATED_CD4_TCELL_UP","GSE40274_CTRL_VS_FOXP3_TRANSDUCED_ACTIVATED_CD4_TCELL_UP","122/6767","200/21355",1.08587092881826e-17,2.08511619927012e-16,3.57033847677678e-17
"GSE40666_WT_VS_STAT4_KO_CD8_TCELL_WITH_IFNA_STIM_90MIN_DN","GSE40666_WT_VS_STAT4_KO_CD8_TCELL_WITH_IFNA_STIM_90MIN_DN","122/6767","200/21355",1.08587092881826e-17,2.08511619927012e-16,3.57033847677678e-17
"GSE41176_WT_VS_TAK1_KO_ANTI_IGM_STIM_BCELL_24H_DN","GSE41176_WT_VS_TAK1_KO_ANTI_IGM_STIM_BCELL_24H_DN","122/6767","200/21355",1.08587092881826e-17,2.08511619927012e-16,3.57033847677678e-17
"GSE41867_DAY6_EFFECTOR_VS_DAY30_MEMORY_CD8_TCELL_LCMV_ARMSTRONG_UP","GSE41867_DAY6_EFFECTOR_VS_DAY30_MEMORY_CD8_TCELL_LCMV_ARMSTRONG_UP","122/6767","200/21355",1.08587092881826e-17,2.08511619927012e-16,3.57033847677678e-17
"GSE7400_CTRL_VS_CSF3_IN_VIVO_TREATED_PBMC_UP","GSE7400_CTRL_VS_CSF3_IN_VIVO_TREATED_PBMC_UP","122/6767","200/21355",1.08587092881826e-17,2.08511619927012e-16,3.57033847677678e-17
"GSE7852_LN_VS_THYMUS_TCONV_DN","GSE7852_LN_VS_THYMUS_TCONV_DN","122/6767","200/21355",1.08587092881826e-17,2.08511619927012e-16,3.57033847677678e-17
"GSE27859_MACROPHAGE_VS_CD11C_INT_F480_HI_MACROPHAGE_DN","GSE27859_MACROPHAGE_VS_CD11C_INT_F480_HI_MACROPHAGE_DN","116/6767","187/21355",1.09554292065367e-17,2.09583901275797e-16,3.58869911950181e-17
"GSE24634_TREG_VS_TCONV_POST_DAY7_IL4_CONVERSION_DN","GSE24634_TREG_VS_TCONV_POST_DAY7_IL4_CONVERSION_DN","121/6767","198/21355",1.20270102783201e-17,2.29228556494228e-16,3.92507398635062e-17
"GSE9988_LOW_LPS_VS_ANTI_TREM1_AND_LPS_MONOCYTE_UP","GSE9988_LOW_LPS_VS_ANTI_TREM1_AND_LPS_MONOCYTE_UP","120/6767","196/21355",1.33071507200043e-17,2.52688006449859e-16,4.32676947387274e-17
"GSE22611_NOD2_TRANSDUCED_VS_CTRL_HEK293T_STIMULATED_WITH_MDP_2H_UP","GSE22611_NOD2_TRANSDUCED_VS_CTRL_HEK293T_STIMULATED_WITH_MDP_2H_UP","111/6767","177/21355",1.71256217885038e-17,3.23996542102063e-16,5.54778348091365e-17
"GSE12845_IGD_POS_BLOOD_VS_DARKZONE_GC_TONSIL_BCELL_DN","GSE12845_IGD_POS_BLOOD_VS_DARKZONE_GC_TONSIL_BCELL_DN","121/6767","199/21355",2.11557583337432e-17,3.91572465621305e-16,6.70488407765223e-17
"GSE19401_NAIVE_VS_IMMUNIZED_MOUSE_PLN_FOLLICULAR_DC_UP","GSE19401_NAIVE_VS_IMMUNIZED_MOUSE_PLN_FOLLICULAR_DC_UP","121/6767","199/21355",2.11557583337432e-17,3.91572465621305e-16,6.70488407765223e-17
"GSE19923_WT_VS_HEB_KO_DP_THYMOCYTE_DN","GSE19923_WT_VS_HEB_KO_DP_THYMOCYTE_DN","121/6767","199/21355",2.11557583337432e-17,3.91572465621305e-16,6.70488407765223e-17
"GSE22140_HEALTHY_VS_ARTHRITIC_MOUSE_CD4_TCELL_UP","GSE22140_HEALTHY_VS_ARTHRITIC_MOUSE_CD4_TCELL_UP","121/6767","199/21355",2.11557583337432e-17,3.91572465621305e-16,6.70488407765223e-17
"GSE37416_12H_VS_24H_F_TULARENSIS_LVS_NEUTROPHIL_UP","GSE37416_12H_VS_24H_F_TULARENSIS_LVS_NEUTROPHIL_UP","121/6767","199/21355",2.11557583337432e-17,3.91572465621305e-16,6.70488407765223e-17
"GSE40666_UNTREATED_VS_IFNA_STIM_EFFECTOR_CD8_TCELL_90MIN_DN","GSE40666_UNTREATED_VS_IFNA_STIM_EFFECTOR_CD8_TCELL_90MIN_DN","121/6767","199/21355",2.11557583337432e-17,3.91572465621305e-16,6.70488407765223e-17
"GSE16450_CTRL_VS_IFNA_12H_STIM_IMMATURE_NEURON_CELL_LINE_UP","GSE16450_CTRL_VS_IFNA_12H_STIM_IMMATURE_NEURON_CELL_LINE_UP","120/6767","197/21355",2.3473413503797e-17,4.29814967978455e-16,7.35970934667923e-17
"GSE22886_NAIVE_VS_IGM_MEMORY_BCELL_DN","GSE22886_NAIVE_VS_IGM_MEMORY_BCELL_DN","120/6767","197/21355",2.3473413503797e-17,4.29814967978455e-16,7.35970934667923e-17
"GSE37416_0H_VS_12H_F_TULARENSIS_LVS_NEUTROPHIL_UP","GSE37416_0H_VS_12H_F_TULARENSIS_LVS_NEUTROPHIL_UP","120/6767","197/21355",2.3473413503797e-17,4.29814967978455e-16,7.35970934667923e-17
"GSE19888_CTRL_VS_A3R_INHIBITOR_TREATED_MAST_CELL_DN","GSE19888_CTRL_VS_A3R_INHIBITOR_TREATED_MAST_CELL_DN","119/6767","195/21355",2.60187476377941e-17,4.74726402629788e-16,8.12872655175887e-17
"GOLDRATH_NAIVE_VS_MEMORY_CD8_TCELL_DN","GOLDRATH_NAIVE_VS_MEMORY_CD8_TCELL_DN","121/6767","200/21355",3.69271878845383e-17,6.3108564094676e-16,1.08060612967386e-16
"GSE14769_UNSTIM_VS_60MIN_LPS_BMDM_DN","GSE14769_UNSTIM_VS_60MIN_LPS_BMDM_DN","121/6767","200/21355",3.69271878845383e-17,6.3108564094676e-16,1.08060612967386e-16
"GSE15930_NAIVE_VS_72H_IN_VITRO_STIM_CD8_TCELL_DN","GSE15930_NAIVE_VS_72H_IN_VITRO_STIM_CD8_TCELL_DN","121/6767","200/21355",3.69271878845383e-17,6.3108564094676e-16,1.08060612967386e-16
"GSE16385_ROSIGLITAZONE_IL4_VS_ROSIGLITAZONE_ALONE_STIM_MACROPHAGE_DN","GSE16385_ROSIGLITAZONE_IL4_VS_ROSIGLITAZONE_ALONE_STIM_MACROPHAGE_DN","121/6767","200/21355",3.69271878845383e-17,6.3108564094676e-16,1.08060612967386e-16
"GSE17186_NAIVE_VS_CD21LOW_TRANSITIONAL_BCELL_CORD_BLOOD_DN","GSE17186_NAIVE_VS_CD21LOW_TRANSITIONAL_BCELL_CORD_BLOOD_DN","121/6767","200/21355",3.69271878845383e-17,6.3108564094676e-16,1.08060612967386e-16
"GSE19772_HCMV_INFL_VS_HCMV_INF_MONOCYTES_AND_PI3K_INHIBITION_DN","GSE19772_HCMV_INFL_VS_HCMV_INF_MONOCYTES_AND_PI3K_INHIBITION_DN","121/6767","200/21355",3.69271878845383e-17,6.3108564094676e-16,1.08060612967386e-16
"GSE22140_GERMFREE_VS_SPF_MOUSE_CD4_TCELL_DN","GSE22140_GERMFREE_VS_SPF_MOUSE_CD4_TCELL_DN","121/6767","200/21355",3.69271878845383e-17,6.3108564094676e-16,1.08060612967386e-16
"GSE22886_NAIVE_TCELL_VS_DC_DN","GSE22886_NAIVE_TCELL_VS_DC_DN","121/6767","200/21355",3.69271878845383e-17,6.3108564094676e-16,1.08060612967386e-16
"GSE24634_NAIVE_CD4_TCELL_VS_DAY5_IL4_CONV_TREG_DN","GSE24634_NAIVE_CD4_TCELL_VS_DAY5_IL4_CONV_TREG_DN","121/6767","200/21355",3.69271878845383e-17,6.3108564094676e-16,1.08060612967386e-16
"GSE24634_TEFF_VS_TCONV_DAY7_IN_CULTURE_DN","GSE24634_TEFF_VS_TCONV_DAY7_IN_CULTURE_DN","121/6767","200/21355",3.69271878845383e-17,6.3108564094676e-16,1.08060612967386e-16
"GSE2770_IL4_ACT_VS_ACT_CD4_TCELL_2H_DN","GSE2770_IL4_ACT_VS_ACT_CD4_TCELL_2H_DN","121/6767","200/21355",3.69271878845383e-17,6.3108564094676e-16,1.08060612967386e-16
"GSE28726_ACT_CD4_TCELL_VS_ACT_NKTCELL_UP","GSE28726_ACT_CD4_TCELL_VS_ACT_NKTCELL_UP","121/6767","200/21355",3.69271878845383e-17,6.3108564094676e-16,1.08060612967386e-16
"GSE28726_ACT_CD4_TCELL_VS_ACT_VA24NEG_NKTCELL_DN","GSE28726_ACT_CD4_TCELL_VS_ACT_VA24NEG_NKTCELL_DN","121/6767","200/21355",3.69271878845383e-17,6.3108564094676e-16,1.08060612967386e-16
"GSE32986_UNSTIM_VS_CURDLAN_HIGHDOSE_STIM_DC_UP","GSE32986_UNSTIM_VS_CURDLAN_HIGHDOSE_STIM_DC_UP","121/6767","200/21355",3.69271878845383e-17,6.3108564094676e-16,1.08060612967386e-16
"GSE33162_HDAC3_KO_VS_HDAC3_KO_MACROPHAGE_DN","GSE33162_HDAC3_KO_VS_HDAC3_KO_MACROPHAGE_DN","121/6767","200/21355",3.69271878845383e-17,6.3108564094676e-16,1.08060612967386e-16
"GSE37532_TREG_VS_TCONV_CD4_TCELL_FROM_LN_DN","GSE37532_TREG_VS_TCONV_CD4_TCELL_FROM_LN_DN","121/6767","200/21355",3.69271878845383e-17,6.3108564094676e-16,1.08060612967386e-16
"GSE3982_DC_VS_CENT_MEMORY_CD4_TCELL_UP","GSE3982_DC_VS_CENT_MEMORY_CD4_TCELL_UP","121/6767","200/21355",3.69271878845383e-17,6.3108564094676e-16,1.08060612967386e-16
"GSE3982_NKCELL_VS_TH2_DN","GSE3982_NKCELL_VS_TH2_DN","121/6767","200/21355",3.69271878845383e-17,6.3108564094676e-16,1.08060612967386e-16
"GSE41867_DAY8_EFFECTOR_VS_DAY30_MEMORY_CD8_TCELL_LCMV_ARMSTRONG_DN","GSE41867_DAY8_EFFECTOR_VS_DAY30_MEMORY_CD8_TCELL_LCMV_ARMSTRONG_DN","121/6767","200/21355",3.69271878845383e-17,6.3108564094676e-16,1.08060612967386e-16
"GSE26343_UNSTIM_VS_LPS_STIM_NFAT5_KO_MACROPHAGE_UP","GSE26343_UNSTIM_VS_LPS_STIM_NFAT5_KO_MACROPHAGE_UP","120/6767","198/21355",4.1083264619917e-17,6.95161378568694e-16,1.19032283109296e-16
"GSE3982_EOSINOPHIL_VS_TH2_DN","GSE3982_EOSINOPHIL_VS_TH2_DN","120/6767","198/21355",4.1083264619917e-17,6.95161378568694e-16,1.19032283109296e-16
"GSE9988_LPS_VS_LPS_AND_ANTI_TREM1_MONOCYTE_UP","GSE9988_LPS_VS_LPS_AND_ANTI_TREM1_MONOCYTE_UP","120/6767","198/21355",4.1083264619917e-17,6.95161378568694e-16,1.19032283109296e-16
"GSE3982_EOSINOPHIL_VS_NEUTROPHIL_DN","GSE3982_EOSINOPHIL_VS_NEUTROPHIL_DN","119/6767","196/21355",4.56639428743783e-17,7.70128404989926e-16,1.31868865502879e-16
"GSE3920_UNTREATED_VS_IFNA_TREATED_ENDOTHELIAL_CELL_UP","GSE3920_UNTREATED_VS_IFNA_TREATED_ENDOTHELIAL_CELL_UP","109/6767","175/21355",6.83890779972811e-17,1.14960918981003e-15,1.96847251250155e-16
"GSE7568_IL4_VS_IL4_AND_TGFB_TREATED_MACROPHAGE_24H_DN","GSE7568_IL4_VS_IL4_AND_TGFB_TREATED_MACROPHAGE_24H_DN","115/6767","188/21355",6.89988043301274e-17,1.15606820196263e-15,1.97953226045154e-16
"GSE11057_NAIVE_VS_CENT_MEMORY_CD4_TCELL_DN","GSE11057_NAIVE_VS_CENT_MEMORY_CD4_TCELL_DN","120/6767","199/21355",7.13528944216959e-17,1.18008480548398e-15,2.02065582165346e-16
"GSE18791_CTRL_VS_NEWCASTLE_VIRUS_DC_12H_UP","GSE18791_CTRL_VS_NEWCASTLE_VIRUS_DC_12H_UP","120/6767","199/21355",7.13528944216959e-17,1.18008480548398e-15,2.02065582165346e-16
"GSE18791_CTRL_VS_NEWCASTLE_VIRUS_DC_16H_UP","GSE18791_CTRL_VS_NEWCASTLE_VIRUS_DC_16H_UP","120/6767","199/21355",7.13528944216959e-17,1.18008480548398e-15,2.02065582165346e-16
"GSE360_T_GONDII_VS_B_MALAYI_HIGH_DOSE_MAC_UP","GSE360_T_GONDII_VS_B_MALAYI_HIGH_DOSE_MAC_UP","120/6767","199/21355",7.13528944216959e-17,1.18008480548398e-15,2.02065582165346e-16
"GSE11057_PBMC_VS_MEM_CD4_TCELL_UP","GSE11057_PBMC_VS_MEM_CD4_TCELL_UP","119/6767","197/21355",7.95187248628288e-17,1.30670673837091e-15,2.23747019350875e-16
"GSE21546_ELK1_KO_VS_SAP1A_KO_AND_ELK1_KO_DP_THYMOCYTES_DN","GSE21546_ELK1_KO_VS_SAP1A_KO_AND_ELK1_KO_DP_THYMOCYTES_DN","119/6767","197/21355",7.95187248628288e-17,1.30670673837091e-15,2.23747019350875e-16
"NAKAYA_MYELOID_DENDRITIC_CELL_FLUARIX_FLUVIRIN_AGE_18_50YO_7DY_UP","NAKAYA_MYELOID_DENDRITIC_CELL_FLUARIX_FLUVIRIN_AGE_18_50YO_7DY_UP","206/6767","400/21355",9.02468142316613e-17,1.47826011682341e-15,2.53122055050296e-16
"GSE6259_FLT3L_INDUCED_VS_WT_SPLENIC_DC_33D1_POS_UP","GSE6259_FLT3L_INDUCED_VS_WT_SPLENIC_DC_33D1_POS_UP","110/6767","178/21355",1.12717073373808e-16,1.84044724582011e-15,3.15139253079974e-16
"GOLDRATH_NAIVE_VS_EFF_CD8_TCELL_UP","GOLDRATH_NAIVE_VS_EFF_CD8_TCELL_UP","120/6767","200/21355",1.22991454227434e-16,1.87671781495254e-15,3.21349852210777e-16
"GSE12392_CD8A_POS_VS_NEG_SPLEEN_DC_DN","GSE12392_CD8A_POS_VS_NEG_SPLEEN_DC_DN","120/6767","200/21355",1.22991454227434e-16,1.87671781495254e-15,3.21349852210777e-16
"GSE15930_NAIVE_VS_48H_IN_VITRO_STIM_IFNAB_CD8_TCELL_DN","GSE15930_NAIVE_VS_48H_IN_VITRO_STIM_IFNAB_CD8_TCELL_DN","120/6767","200/21355",1.22991454227434e-16,1.87671781495254e-15,3.21349852210777e-16
"GSE17186_CD21LOW_VS_CD21HIGH_TRANSITIONAL_BCELL_CORD_BLOOD_UP","GSE17186_CD21LOW_VS_CD21HIGH_TRANSITIONAL_BCELL_CORD_BLOOD_UP","120/6767","200/21355",1.22991454227434e-16,1.87671781495254e-15,3.21349852210777e-16
"GSE17721_CTRL_VS_CPG_8H_BMDC_UP","GSE17721_CTRL_VS_CPG_8H_BMDC_UP","120/6767","200/21355",1.22991454227434e-16,1.87671781495254e-15,3.21349852210777e-16
"GSE19401_UNSTIM_VS_RETINOIC_ACID_STIM_FOLLICULAR_DC_UP","GSE19401_UNSTIM_VS_RETINOIC_ACID_STIM_FOLLICULAR_DC_UP","120/6767","200/21355",1.22991454227434e-16,1.87671781495254e-15,3.21349852210777e-16
"GSE24574_BCL6_HIGH_TFH_VS_TFH_CD4_TCELL_DN","GSE24574_BCL6_HIGH_TFH_VS_TFH_CD4_TCELL_DN","120/6767","200/21355",1.22991454227434e-16,1.87671781495254e-15,3.21349852210777e-16
"GSE24574_BCL6_HIGH_VS_LOW_TFH_CD4_TCELL_DN","GSE24574_BCL6_HIGH_VS_LOW_TFH_CD4_TCELL_DN","120/6767","200/21355",1.22991454227434e-16,1.87671781495254e-15,3.21349852210777e-16
"GSE24634_IL4_VS_CTRL_TREATED_NAIVE_CD4_TCELL_DAY5_UP","GSE24634_IL4_VS_CTRL_TREATED_NAIVE_CD4_TCELL_DAY5_UP","120/6767","200/21355",1.22991454227434e-16,1.87671781495254e-15,3.21349852210777e-16
"GSE24726_WT_VS_E2_2_KO_PDC_DAY4_POST_DELETION_UP","GSE24726_WT_VS_E2_2_KO_PDC_DAY4_POST_DELETION_UP","120/6767","200/21355",1.22991454227434e-16,1.87671781495254e-15,3.21349852210777e-16
"GSE26030_UNSTIM_VS_RESTIM_TH17_DAY15_POST_POLARIZATION_DN","GSE26030_UNSTIM_VS_RESTIM_TH17_DAY15_POST_POLARIZATION_DN","120/6767","200/21355",1.22991454227434e-16,1.87671781495254e-15,3.21349852210777e-16
"GSE2770_IL12_AND_TGFB_ACT_VS_ACT_CD4_TCELL_48H_DN","GSE2770_IL12_AND_TGFB_ACT_VS_ACT_CD4_TCELL_48H_DN","120/6767","200/21355",1.22991454227434e-16,1.87671781495254e-15,3.21349852210777e-16
"GSE32986_UNSTIM_VS_GMCSF_AND_CURDLAN_HIGHDOSE_STIM_DC_UP","GSE32986_UNSTIM_VS_GMCSF_AND_CURDLAN_HIGHDOSE_STIM_DC_UP","120/6767","200/21355",1.22991454227434e-16,1.87671781495254e-15,3.21349852210777e-16
"GSE360_HIGH_DOSE_B_MALAYI_VS_M_TUBERCULOSIS_DC_UP","GSE360_HIGH_DOSE_B_MALAYI_VS_M_TUBERCULOSIS_DC_UP","120/6767","200/21355",1.22991454227434e-16,1.87671781495254e-15,3.21349852210777e-16
"GSE36888_UNTREATED_VS_IL2_TREATED_TCELL_17H_DN","GSE36888_UNTREATED_VS_IL2_TREATED_TCELL_17H_DN","120/6767","200/21355",1.22991454227434e-16,1.87671781495254e-15,3.21349852210777e-16
"GSE43863_DAY6_EFF_VS_DAY150_MEM_LY6C_INT_CXCR5POS_CD4_TCELL_DN","GSE43863_DAY6_EFF_VS_DAY150_MEM_LY6C_INT_CXCR5POS_CD4_TCELL_DN","120/6767","200/21355",1.22991454227434e-16,1.87671781495254e-15,3.21349852210777e-16
"GSE45365_NK_CELL_VS_CD8A_DC_UP","GSE45365_NK_CELL_VS_CD8A_DC_UP","120/6767","200/21355",1.22991454227434e-16,1.87671781495254e-15,3.21349852210777e-16
"GSE46606_UNSTIM_VS_CD40L_IL2_IL5_DAY1_STIMULATED_BCELL_DN","GSE46606_UNSTIM_VS_CD40L_IL2_IL5_DAY1_STIMULATED_BCELL_DN","120/6767","200/21355",1.22991454227434e-16,1.87671781495254e-15,3.21349852210777e-16
"GSE5589_UNSTIM_VS_45MIN_LPS_AND_IL6_STIM_MACROPHAGE_UP","GSE5589_UNSTIM_VS_45MIN_LPS_AND_IL6_STIM_MACROPHAGE_UP","120/6767","200/21355",1.22991454227434e-16,1.87671781495254e-15,3.21349852210777e-16
"GSE7509_DC_VS_MONOCYTE_WITH_FCGRIIB_STIM_UP","GSE7509_DC_VS_MONOCYTE_WITH_FCGRIIB_STIM_UP","120/6767","200/21355",1.22991454227434e-16,1.87671781495254e-15,3.21349852210777e-16
"GSE9988_LOW_LPS_VS_CTRL_TREATED_MONOCYTE_DN","GSE9988_LOW_LPS_VS_CTRL_TREATED_MONOCYTE_DN","120/6767","200/21355",1.22991454227434e-16,1.87671781495254e-15,3.21349852210777e-16
"KAECH_NAIVE_VS_DAY8_EFF_CD8_TCELL_DN","KAECH_NAIVE_VS_DAY8_EFF_CD8_TCELL_DN","120/6767","200/21355",1.22991454227434e-16,1.87671781495254e-15,3.21349852210777e-16
"GSE19198_6H_VS_24H_IL21_TREATED_TCELL_DN","GSE19198_6H_VS_24H_IL21_TREATED_TCELL_DN","119/6767","198/21355",1.37415177633798e-16,2.09058639682043e-15,3.57970508032447e-16
"GSE9988_LPS_VS_LPS_AND_ANTI_TREM1_MONOCYTE_DN","GSE9988_LPS_VS_LPS_AND_ANTI_TREM1_MONOCYTE_DN","117/6767","194/21355",1.71092397881049e-16,2.59523882821343e-15,4.44381998856416e-16
"GSE14415_INDUCED_VS_NATURAL_TREG_DN","GSE14415_INDUCED_VS_NATURAL_TREG_DN","111/6767","181/21355",1.8262561692061e-16,2.76201043643648e-15,4.7293825341341e-16
"GSE37301_PRO_BCELL_VS_RAG2_KO_NK_CELL_DN","GSE37301_PRO_BCELL_VS_RAG2_KO_NK_CELL_DN","110/6767","179/21355",2.01632551485288e-16,3.04050026901492e-15,5.2062398742641e-16
"GSE19401_UNSTIM_VS_RETINOIC_ACID_AND_PAM2CSK4_STIM_FOLLICULAR_DC_DN","GSE19401_UNSTIM_VS_RETINOIC_ACID_AND_PAM2CSK4_STIM_FOLLICULAR_DC_DN","119/6767","199/21355",2.35682823911799e-16,3.48795141258048e-15,5.97240918171522e-16
"GSE21546_UNSTIM_VS_ANTI_CD3_STIM_DP_THYMOCYTES_DN","GSE21546_UNSTIM_VS_ANTI_CD3_STIM_DP_THYMOCYTES_DN","119/6767","199/21355",2.35682823911799e-16,3.48795141258048e-15,5.97240918171522e-16
"GSE27670_BLIMP1_VS_LMP1_TRANSDUCED_GC_BCELL_DN","GSE27670_BLIMP1_VS_LMP1_TRANSDUCED_GC_BCELL_DN","119/6767","199/21355",2.35682823911799e-16,3.48795141258048e-15,5.97240918171522e-16
"GSE36009_WT_VS_NLRP10_KO_DC_DN","GSE36009_WT_VS_NLRP10_KO_DC_DN","119/6767","199/21355",2.35682823911799e-16,3.48795141258048e-15,5.97240918171522e-16
"GSE41176_UNSTIM_VS_ANTI_IGM_STIM_TAK1_KO_BCELL_24H_DN","GSE41176_UNSTIM_VS_ANTI_IGM_STIM_TAK1_KO_BCELL_24H_DN","119/6767","199/21355",2.35682823911799e-16,3.48795141258048e-15,5.97240918171522e-16
"GSE45365_HEALTHY_VS_MCMV_INFECTION_CD8A_DC_IFNAR_KO_DN","GSE45365_HEALTHY_VS_MCMV_INFECTION_CD8A_DC_IFNAR_KO_DN","119/6767","199/21355",2.35682823911799e-16,3.48795141258048e-15,5.97240918171522e-16
"GSE7509_UNSTIM_VS_TNFA_IL1B_IL6_PGE_STIM_DC_UP","GSE7509_UNSTIM_VS_TNFA_IL1B_IL6_PGE_STIM_DC_UP","114/6767","188/21355",2.36067708243696e-16,3.48795141258048e-15,5.97240918171522e-16
"GSE3720_UNSTIM_VS_PMA_STIM_VD2_GAMMADELTA_TCELL_UP","GSE3720_UNSTIM_VS_PMA_STIM_VD2_GAMMADELTA_TCELL_UP","108/6767","175/21355",2.44879349907097e-16,3.60774835337265e-15,6.17753713921714e-16
"GSE23321_EFFECTOR_MEMORY_VS_NAIVE_CD8_TCELL_DN","GSE23321_EFFECTOR_MEMORY_VS_NAIVE_CD8_TCELL_DN","118/6767","197/21355",2.63752917632885e-16,3.86360345343943e-15,6.61563709190455e-16
"GSE25123_CTRL_VS_ROSIGLITAZONE_STIM_PPARG_KO_MACROPHAGE_UP","GSE25123_CTRL_VS_ROSIGLITAZONE_STIM_PPARG_KO_MACROPHAGE_UP","118/6767","197/21355",2.63752917632885e-16,3.86360345343943e-15,6.61563709190455e-16
"PATEL_SKIN_OF_BODY_ZOSTAVAX_AGE_70_93YO_VZV_CHALLENGE_6HR_UP","PATEL_SKIN_OF_BODY_ZOSTAVAX_AGE_70_93YO_VZV_CHALLENGE_6HR_UP","159/6767","291/21355",3.29067533109186e-16,4.80663601780853e-15,8.23038904222705e-16
"GSE14415_NATURAL_TREG_VS_TCONV_DN","GSE14415_NATURAL_TREG_VS_TCONV_DN","110/6767","180/21355",3.57525020708813e-16,5.20747381015365e-15,8.91674244231908e-16
"GOLDRATH_NAIVE_VS_MEMORY_CD8_TCELL_UP","GOLDRATH_NAIVE_VS_MEMORY_CD8_TCELL_UP","119/6767","200/21355",4.01241749744375e-16,5.41359592352476e-15,9.26968474478694e-16
"GSE12845_NAIVE_VS_PRE_GC_TONSIL_BCELL_DN","GSE12845_NAIVE_VS_PRE_GC_TONSIL_BCELL_DN","119/6767","200/21355",4.01241749744375e-16,5.41359592352476e-15,9.26968474478694e-16
"GSE14769_20MIN_VS_360MIN_LPS_BMDM_UP","GSE14769_20MIN_VS_360MIN_LPS_BMDM_UP","119/6767","200/21355",4.01241749744375e-16,5.41359592352476e-15,9.26968474478694e-16
"GSE14769_40MIN_VS_360MIN_LPS_BMDM_UP","GSE14769_40MIN_VS_360MIN_LPS_BMDM_UP","119/6767","200/21355",4.01241749744375e-16,5.41359592352476e-15,9.26968474478694e-16
"GSE16266_CTRL_VS_HEATSHOCK_AND_LPS_STIM_MEF_UP","GSE16266_CTRL_VS_HEATSHOCK_AND_LPS_STIM_MEF_UP","119/6767","200/21355",4.01241749744375e-16,5.41359592352476e-15,9.26968474478694e-16
"GSE17721_0.5H_VS_4H_CPG_BMDC_UP","GSE17721_0.5H_VS_4H_CPG_BMDC_UP","119/6767","200/21355",4.01241749744375e-16,5.41359592352476e-15,9.26968474478694e-16
"GSE17721_CPG_VS_GARDIQUIMOD_6H_BMDC_DN","GSE17721_CPG_VS_GARDIQUIMOD_6H_BMDC_DN","119/6767","200/21355",4.01241749744375e-16,5.41359592352476e-15,9.26968474478694e-16
"GSE17721_POLYIC_VS_CPG_16H_BMDC_DN","GSE17721_POLYIC_VS_CPG_16H_BMDC_DN","119/6767","200/21355",4.01241749744375e-16,5.41359592352476e-15,9.26968474478694e-16
"GSE17721_POLYIC_VS_GARDIQUIMOD_12H_BMDC_DN","GSE17721_POLYIC_VS_GARDIQUIMOD_12H_BMDC_DN","119/6767","200/21355",4.01241749744375e-16,5.41359592352476e-15,9.26968474478694e-16
"GSE17974_CTRL_VS_ACT_IL4_AND_ANTI_IL12_24H_CD4_TCELL_DN","GSE17974_CTRL_VS_ACT_IL4_AND_ANTI_IL12_24H_CD4_TCELL_DN","119/6767","200/21355",4.01241749744375e-16,5.41359592352476e-15,9.26968474478694e-16
"GSE22140_HEALTHY_VS_ARTHRITIC_GERMFREE_MOUSE_CD4_TCELL_UP","GSE22140_HEALTHY_VS_ARTHRITIC_GERMFREE_MOUSE_CD4_TCELL_UP","119/6767","200/21355",4.01241749744375e-16,5.41359592352476e-15,9.26968474478694e-16
"GSE22432_MULTIPOTENT_VS_COMMON_DC_PROGENITOR_UNTREATED_UP","GSE22432_MULTIPOTENT_VS_COMMON_DC_PROGENITOR_UNTREATED_UP","119/6767","200/21355",4.01241749744375e-16,5.41359592352476e-15,9.26968474478694e-16
"GSE22443_NAIVE_VS_ACT_AND_IL12_TREATED_CD8_TCELL_UP","GSE22443_NAIVE_VS_ACT_AND_IL12_TREATED_CD8_TCELL_UP","119/6767","200/21355",4.01241749744375e-16,5.41359592352476e-15,9.26968474478694e-16
"GSE22935_WT_VS_MYD88_KO_MACROPHAGE_UP","GSE22935_WT_VS_MYD88_KO_MACROPHAGE_UP","119/6767","200/21355",4.01241749744375e-16,5.41359592352476e-15,9.26968474478694e-16
"GSE2770_UNTREATED_VS_IL4_TREATED_ACT_CD4_TCELL_6H_DN","GSE2770_UNTREATED_VS_IL4_TREATED_ACT_CD4_TCELL_6H_DN","119/6767","200/21355",4.01241749744375e-16,5.41359592352476e-15,9.26968474478694e-16
"GSE27786_CD4_TCELL_VS_NKCELL_DN","GSE27786_CD4_TCELL_VS_NKCELL_DN","119/6767","200/21355",4.01241749744375e-16,5.41359592352476e-15,9.26968474478694e-16
"GSE27786_LSK_VS_BCELL_UP","GSE27786_LSK_VS_BCELL_UP","119/6767","200/21355",4.01241749744375e-16,5.41359592352476e-15,9.26968474478694e-16
"GSE27786_NKCELL_VS_NKTCELL_UP","GSE27786_NKCELL_VS_NKTCELL_UP","119/6767","200/21355",4.01241749744375e-16,5.41359592352476e-15,9.26968474478694e-16
"GSE3039_CD4_TCELL_VS_ALPHAALPHA_CD8_TCELL_UP","GSE3039_CD4_TCELL_VS_ALPHAALPHA_CD8_TCELL_UP","119/6767","200/21355",4.01241749744375e-16,5.41359592352476e-15,9.26968474478694e-16
"GSE30962_PRIMARY_VS_SECONDARY_ACUTE_LCMV_INF_CD8_TCELL_UP","GSE30962_PRIMARY_VS_SECONDARY_ACUTE_LCMV_INF_CD8_TCELL_UP","119/6767","200/21355",4.01241749744375e-16,5.41359592352476e-15,9.26968474478694e-16
"GSE39556_UNTREATED_VS_3H_POLYIC_INJ_MOUSE_CD8A_DC_DN","GSE39556_UNTREATED_VS_3H_POLYIC_INJ_MOUSE_CD8A_DC_DN","119/6767","200/21355",4.01241749744375e-16,5.41359592352476e-15,9.26968474478694e-16
"GSE39556_UNTREATED_VS_3H_POLYIC_INJ_MOUSE_NK_CELL_DN","GSE39556_UNTREATED_VS_3H_POLYIC_INJ_MOUSE_NK_CELL_DN","119/6767","200/21355",4.01241749744375e-16,5.41359592352476e-15,9.26968474478694e-16
"GSE40274_GATA1_VS_FOXP3_AND_GATA1_TRANSDUCED_ACTIVATED_CD4_TCELL_DN","GSE40274_GATA1_VS_FOXP3_AND_GATA1_TRANSDUCED_ACTIVATED_CD4_TCELL_DN","119/6767","200/21355",4.01241749744375e-16,5.41359592352476e-15,9.26968474478694e-16
"GSE41867_NAIVE_VS_DAY15_LCMV_EFFECTOR_CD8_TCELL_DN","GSE41867_NAIVE_VS_DAY15_LCMV_EFFECTOR_CD8_TCELL_DN","119/6767","200/21355",4.01241749744375e-16,5.41359592352476e-15,9.26968474478694e-16
"GSE46606_IRF4_KO_VS_WT_UNSTIM_BCELL_UP","GSE46606_IRF4_KO_VS_WT_UNSTIM_BCELL_UP","119/6767","200/21355",4.01241749744375e-16,5.41359592352476e-15,9.26968474478694e-16
"GSE5542_IFNG_VS_IFNA_TREATED_EPITHELIAL_CELLS_6H_UP","GSE5542_IFNG_VS_IFNA_TREATED_EPITHELIAL_CELLS_6H_UP","119/6767","200/21355",4.01241749744375e-16,5.41359592352476e-15,9.26968474478694e-16
"GSE5542_UNTREATED_VS_IFNA_TREATED_EPITHELIAL_CELLS_24H_UP","GSE5542_UNTREATED_VS_IFNA_TREATED_EPITHELIAL_CELLS_24H_UP","119/6767","200/21355",4.01241749744375e-16,5.41359592352476e-15,9.26968474478694e-16
"GSE7852_TREG_VS_TCONV_LN_UP","GSE7852_TREG_VS_TCONV_LN_UP","119/6767","200/21355",4.01241749744375e-16,5.41359592352476e-15,9.26968474478694e-16
"GSE2706_UNSTIM_VS_8H_LPS_AND_R848_DC_UP","GSE2706_UNSTIM_VS_8H_LPS_AND_R848_DC_UP","118/6767","198/21355",4.50101084131562e-16,5.96296707582047e-15,1.02103713903365e-15
"GSE2770_IL12_ACT_VS_ACT_CD4_TCELL_48H_DN","GSE2770_IL12_ACT_VS_ACT_CD4_TCELL_48H_DN","118/6767","198/21355",4.50101084131562e-16,5.96296707582047e-15,1.02103713903365e-15
"GSE2770_TGFB_AND_IL4_VS_IL12_TREATED_ACT_CD4_TCELL_48H_DN","GSE2770_TGFB_AND_IL4_VS_IL12_TREATED_ACT_CD4_TCELL_48H_DN","118/6767","198/21355",4.50101084131562e-16,5.96296707582047e-15,1.02103713903365e-15
"GSE2770_TGFB_AND_IL4_VS_IL4_TREATED_ACT_CD4_TCELL_48H_UP","GSE2770_TGFB_AND_IL4_VS_IL4_TREATED_ACT_CD4_TCELL_48H_UP","118/6767","198/21355",4.50101084131562e-16,5.96296707582047e-15,1.02103713903365e-15
"GSE36826_WT_VS_IL1R_KO_SKIN_DN","GSE36826_WT_VS_IL1R_KO_SKIN_DN","118/6767","198/21355",4.50101084131562e-16,5.96296707582047e-15,1.02103713903365e-15
"GSE3982_EOSINOPHIL_VS_MAST_CELL_DN","GSE3982_EOSINOPHIL_VS_MAST_CELL_DN","118/6767","198/21355",4.50101084131562e-16,5.96296707582047e-15,1.02103713903365e-15
"GSE9988_ANTI_TREM1_VS_LOW_LPS_MONOCYTE_UP","GSE9988_ANTI_TREM1_VS_LOW_LPS_MONOCYTE_UP","118/6767","198/21355",4.50101084131562e-16,5.96296707582047e-15,1.02103713903365e-15
"GSE13547_WT_VS_ZFX_KO_BCELL_ANTI_IGM_STIM_2H_UP","GSE13547_WT_VS_ZFX_KO_BCELL_ANTI_IGM_STIM_2H_UP","110/6767","181/21355",6.284959279863e-16,8.30489335769526e-15,1.42204450336564e-15
"GSE10239_NAIVE_VS_DAY4.5_EFF_CD8_TCELL_UP","GSE10239_NAIVE_VS_DAY4.5_EFF_CD8_TCELL_UP","118/6767","199/21355",7.6246348790851e-16,9.82198568469078e-15,1.68181578660592e-15
"GSE1460_INTRATHYMIC_T_PROGENITOR_VS_NAIVE_CD4_TCELL_CORD_BLOOD_UP","GSE1460_INTRATHYMIC_T_PROGENITOR_VS_NAIVE_CD4_TCELL_CORD_BLOOD_UP","118/6767","199/21355",7.6246348790851e-16,9.82198568469078e-15,1.68181578660592e-15
"GSE17721_LPS_VS_PAM3CSK4_6H_BMDC_DN","GSE17721_LPS_VS_PAM3CSK4_6H_BMDC_DN","118/6767","199/21355",7.6246348790851e-16,9.82198568469078e-15,1.68181578660592e-15
"GSE17974_CTRL_VS_ACT_IL4_AND_ANTI_IL12_4H_CD4_TCELL_DN","GSE17974_CTRL_VS_ACT_IL4_AND_ANTI_IL12_4H_CD4_TCELL_DN","118/6767","199/21355",7.6246348790851e-16,9.82198568469078e-15,1.68181578660592e-15
"GSE22886_NEUTROPHIL_VS_MONOCYTE_DN","GSE22886_NEUTROPHIL_VS_MONOCYTE_DN","118/6767","199/21355",7.6246348790851e-16,9.82198568469078e-15,1.68181578660592e-15
"GSE26156_DOUBLE_POSITIVE_VS_CD4_SINGLE_POSITIVE_THYMOCYTE_DN","GSE26156_DOUBLE_POSITIVE_VS_CD4_SINGLE_POSITIVE_THYMOCYTE_DN","118/6767","199/21355",7.6246348790851e-16,9.82198568469078e-15,1.68181578660592e-15
"GSE360_CTRL_VS_L_DONOVANI_DC_UP","GSE360_CTRL_VS_L_DONOVANI_DC_UP","118/6767","199/21355",7.6246348790851e-16,9.82198568469078e-15,1.68181578660592e-15
"GSE37301_LYMPHOID_PRIMED_MPP_VS_RAG2_KO_NK_CELL_UP","GSE37301_LYMPHOID_PRIMED_MPP_VS_RAG2_KO_NK_CELL_UP","118/6767","199/21355",7.6246348790851e-16,9.82198568469078e-15,1.68181578660592e-15
"GSE45365_NK_CELL_VS_BCELL_MCMV_INFECTION_UP","GSE45365_NK_CELL_VS_BCELL_MCMV_INFECTION_UP","118/6767","199/21355",7.6246348790851e-16,9.82198568469078e-15,1.68181578660592e-15
"GSE6674_UNSTIM_VS_ANTI_IGM_AND_CPG_STIM_BCELL_DN","GSE6674_UNSTIM_VS_ANTI_IGM_AND_CPG_STIM_BCELL_DN","118/6767","199/21355",7.6246348790851e-16,9.82198568469078e-15,1.68181578660592e-15
"GSE7568_IL4_TGFB_DEXAMETHASONE_VS_IL4_TGFB_TREATED_MACROPHAGE_DN","GSE7568_IL4_TGFB_DEXAMETHASONE_VS_IL4_TGFB_TREATED_MACROPHAGE_DN","107/6767","175/21355",8.56043556203374e-16,1.09800899977952e-14,1.88011765537684e-15
"GSE11057_NAIVE_VS_EFF_MEMORY_CD4_TCELL_DN","GSE11057_NAIVE_VS_EFF_MEMORY_CD4_TCELL_DN","117/6767","197/21355",8.56648332186088e-16,1.09800899977952e-14,1.88011765537684e-15
"GSE33292_DN3_THYMOCYTE_VS_TCELL_LYMPHOMA_FROM_TCF1_KO_UP","GSE33292_DN3_THYMOCYTE_VS_TCELL_LYMPHOMA_FROM_TCF1_KO_UP","106/6767","173/21355",9.46736902662679e-16,1.21045389026223e-14,2.07265671825876e-15
"QI_PBMC_ZOSTAVAX_AGE_50_75YO_CORRELATED_WITH_28D_PEAK_T_CELL_RESPONSE_14DY_NEGATIVE","QI_PBMC_ZOSTAVAX_AGE_50_75YO_CORRELATED_WITH_28D_PEAK_T_CELL_RESPONSE_14DY_NEGATIVE","35/6767","37/21355",1.0238793932716e-15,1.30582827097102e-14,2.23596599630405e-15
"GSE7568_IL4_VS_IL4_AND_DEXAMETHASONE_TREATED_MACROPHAGE_UP","GSE7568_IL4_VS_IL4_AND_DEXAMETHASONE_TREATED_MACROPHAGE_UP","105/6767","171/21355",1.04576563075794e-15,1.33043185828684e-14,2.27809464817062e-15
"GSE6259_CD4_TCELL_VS_CD8_TCELL_DN","GSE6259_CD4_TCELL_VS_CD8_TCELL_DN","110/6767","182/21355",1.09552370552233e-15,1.39028466292401e-14,2.3805804335738e-15
"GSE1432_1H_VS_24H_IFNG_MICROGLIA_UP","GSE1432_1H_VS_24H_IFNG_MICROGLIA_UP","118/6767","200/21355",1.28227037941296e-15,1.50439364651035e-14,2.57596891829557e-15
"GSE1432_6H_VS_24H_IFNG_MICROGLIA_DN","GSE1432_6H_VS_24H_IFNG_MICROGLIA_DN","118/6767","200/21355",1.28227037941296e-15,1.50439364651035e-14,2.57596891829557e-15
"GSE17721_0.5H_VS_4H_LPS_BMDC_UP","GSE17721_0.5H_VS_4H_LPS_BMDC_UP","118/6767","200/21355",1.28227037941296e-15,1.50439364651035e-14,2.57596891829557e-15
"GSE17721_ALL_VS_24H_PAM3CSK4_BMDC_UP","GSE17721_ALL_VS_24H_PAM3CSK4_BMDC_UP","118/6767","200/21355",1.28227037941296e-15,1.50439364651035e-14,2.57596891829557e-15
"GSE17721_CTRL_VS_GARDIQUIMOD_0.5H_BMDC_UP","GSE17721_CTRL_VS_GARDIQUIMOD_0.5H_BMDC_UP","118/6767","200/21355",1.28227037941296e-15,1.50439364651035e-14,2.57596891829557e-15
"GSE17721_POLYIC_VS_GARDIQUIMOD_16H_BMDC_DN","GSE17721_POLYIC_VS_GARDIQUIMOD_16H_BMDC_DN","118/6767","200/21355",1.28227037941296e-15,1.50439364651035e-14,2.57596891829557e-15
"GSE17812_WT_VS_THPOK_KO_MEMORY_CD8_TCELL_DN","GSE17812_WT_VS_THPOK_KO_MEMORY_CD8_TCELL_DN","118/6767","200/21355",1.28227037941296e-15,1.50439364651035e-14,2.57596891829557e-15
"GSE19825_CD24LOW_VS_IL2RA_HIGH_DAY3_EFF_CD8_TCELL_DN","GSE19825_CD24LOW_VS_IL2RA_HIGH_DAY3_EFF_CD8_TCELL_DN","118/6767","200/21355",1.28227037941296e-15,1.50439364651035e-14,2.57596891829557e-15
"GSE21670_UNTREATED_VS_IL6_TREATED_STAT3_KO_CD4_TCELL_UP","GSE21670_UNTREATED_VS_IL6_TREATED_STAT3_KO_CD4_TCELL_UP","118/6767","200/21355",1.28227037941296e-15,1.50439364651035e-14,2.57596891829557e-15
"GSE22432_PDC_VS_TGFB1_TREATEDCOMMON_DC_PROGENITOR_DN","GSE22432_PDC_VS_TGFB1_TREATEDCOMMON_DC_PROGENITOR_DN","118/6767","200/21355",1.28227037941296e-15,1.50439364651035e-14,2.57596891829557e-15
"GSE22601_IMMATURE_CD4_SINGLE_POSITIVE_VS_DOUBLE_POSITIVE_THYMOCYTE_DN","GSE22601_IMMATURE_CD4_SINGLE_POSITIVE_VS_DOUBLE_POSITIVE_THYMOCYTE_DN","118/6767","200/21355",1.28227037941296e-15,1.50439364651035e-14,2.57596891829557e-15
"GSE22886_UNSTIM_VS_STIM_MEMORY_TCELL_DN","GSE22886_UNSTIM_VS_STIM_MEMORY_TCELL_DN","118/6767","200/21355",1.28227037941296e-15,1.50439364651035e-14,2.57596891829557e-15
"GSE24634_NAIVE_CD4_TCELL_VS_DAY7_IL4_CONV_TREG_DN","GSE24634_NAIVE_CD4_TCELL_VS_DAY7_IL4_CONV_TREG_DN","118/6767","200/21355",1.28227037941296e-15,1.50439364651035e-14,2.57596891829557e-15
"GSE24972_WT_VS_IRF8_KO_SPLEEN_FOLLICULAR_BCELL_DN","GSE24972_WT_VS_IRF8_KO_SPLEEN_FOLLICULAR_BCELL_DN","118/6767","200/21355",1.28227037941296e-15,1.50439364651035e-14,2.57596891829557e-15
"GSE27786_CD8_TCELL_VS_NKCELL_DN","GSE27786_CD8_TCELL_VS_NKCELL_DN","118/6767","200/21355",1.28227037941296e-15,1.50439364651035e-14,2.57596891829557e-15
"GSE27786_LSK_VS_CD4_TCELL_UP","GSE27786_LSK_VS_CD4_TCELL_UP","118/6767","200/21355",1.28227037941296e-15,1.50439364651035e-14,2.57596891829557e-15
"GSE28408_LY6G_POS_VS_NEG_DC_DN","GSE28408_LY6G_POS_VS_NEG_DC_DN","118/6767","200/21355",1.28227037941296e-15,1.50439364651035e-14,2.57596891829557e-15
"GSE28726_ACT_CD4_TCELL_VS_ACT_VA24NEG_NKTCELL_UP","GSE28726_ACT_CD4_TCELL_VS_ACT_VA24NEG_NKTCELL_UP","118/6767","200/21355",1.28227037941296e-15,1.50439364651035e-14,2.57596891829557e-15
"GSE28726_NAIVE_VS_ACTIVATED_VA24NEG_NKTCELL_UP","GSE28726_NAIVE_VS_ACTIVATED_VA24NEG_NKTCELL_UP","118/6767","200/21355",1.28227037941296e-15,1.50439364651035e-14,2.57596891829557e-15
"GSE32423_IL7_VS_IL7_IL4_MEMORY_CD8_TCELL_UP","GSE32423_IL7_VS_IL7_IL4_MEMORY_CD8_TCELL_UP","118/6767","200/21355",1.28227037941296e-15,1.50439364651035e-14,2.57596891829557e-15
"GSE339_EX_VIVO_VS_IN_CULTURE_CD4CD8DN_DC_UP","GSE339_EX_VIVO_VS_IN_CULTURE_CD4CD8DN_DC_UP","118/6767","200/21355",1.28227037941296e-15,1.50439364651035e-14,2.57596891829557e-15
"GSE36476_CTRL_VS_TSST_ACT_16H_MEMORY_CD4_TCELL_YOUNG_DN","GSE36476_CTRL_VS_TSST_ACT_16H_MEMORY_CD4_TCELL_YOUNG_DN","118/6767","200/21355",1.28227037941296e-15,1.50439364651035e-14,2.57596891829557e-15
"GSE36891_UNSTIM_VS_PAM_TLR2_STIM_PERITONEAL_MACROPHAGE_UP","GSE36891_UNSTIM_VS_PAM_TLR2_STIM_PERITONEAL_MACROPHAGE_UP","118/6767","200/21355",1.28227037941296e-15,1.50439364651035e-14,2.57596891829557e-15
"GSE39820_CTRL_VS_TGFBETA1_IL6_CD4_TCELL_DN","GSE39820_CTRL_VS_TGFBETA1_IL6_CD4_TCELL_DN","118/6767","200/21355",1.28227037941296e-15,1.50439364651035e-14,2.57596891829557e-15
"GSE40274_CTRL_VS_FOXP3_AND_HELIOS_TRANSDUCED_ACTIVATED_CD4_TCELL_DN","GSE40274_CTRL_VS_FOXP3_AND_HELIOS_TRANSDUCED_ACTIVATED_CD4_TCELL_DN","118/6767","200/21355",1.28227037941296e-15,1.50439364651035e-14,2.57596891829557e-15
"GSE40274_FOXP3_VS_FOXP3_AND_EOS_TRANSDUCED_ACTIVATED_CD4_TCELL_DN","GSE40274_FOXP3_VS_FOXP3_AND_EOS_TRANSDUCED_ACTIVATED_CD4_TCELL_DN","118/6767","200/21355",1.28227037941296e-15,1.50439364651035e-14,2.57596891829557e-15
"GSE40274_FOXP3_VS_FOXP3_AND_EOS_TRANSDUCED_ACTIVATED_CD4_TCELL_UP","GSE40274_FOXP3_VS_FOXP3_AND_EOS_TRANSDUCED_ACTIVATED_CD4_TCELL_UP","118/6767","200/21355",1.28227037941296e-15,1.50439364651035e-14,2.57596891829557e-15
"GSE40666_WT_VS_STAT1_KO_CD8_TCELL_DN","GSE40666_WT_VS_STAT1_KO_CD8_TCELL_DN","118/6767","200/21355",1.28227037941296e-15,1.50439364651035e-14,2.57596891829557e-15
"GSE42021_TCONV_PLN_VS_TREG_PRECURSORS_THYMUS_DN","GSE42021_TCONV_PLN_VS_TREG_PRECURSORS_THYMUS_DN","118/6767","200/21355",1.28227037941296e-15,1.50439364651035e-14,2.57596891829557e-15
"GSE42021_TREG_PLN_VS_CD24INT_TREG_THYMUS_UP","GSE42021_TREG_PLN_VS_CD24INT_TREG_THYMUS_UP","118/6767","200/21355",1.28227037941296e-15,1.50439364651035e-14,2.57596891829557e-15
"GSE8835_HEALTHY_VS_CLL_CD8_TCELL_UP","GSE8835_HEALTHY_VS_CLL_CD8_TCELL_UP","118/6767","200/21355",1.28227037941296e-15,1.50439364651035e-14,2.57596891829557e-15
"GSE9509_10MIN_VS_30MIN_LPS_STIM_IL10_KO_MACROPHAGE_UP","GSE9509_10MIN_VS_30MIN_LPS_STIM_IL10_KO_MACROPHAGE_UP","118/6767","200/21355",1.28227037941296e-15,1.50439364651035e-14,2.57596891829557e-15
"GSE9650_NAIVE_VS_MEMORY_CD8_TCELL_DN","GSE9650_NAIVE_VS_MEMORY_CD8_TCELL_DN","118/6767","200/21355",1.28227037941296e-15,1.50439364651035e-14,2.57596891829557e-15
"GSE14415_ACT_TCONV_VS_ACT_NATURAL_TREG_DN","GSE14415_ACT_TCONV_VS_ACT_NATURAL_TREG_DN","108/6767","178/21355",1.35571252194533e-15,1.58692650685245e-14,2.71728969791495e-15
"GSE17974_CTRL_VS_ACT_IL4_AND_ANTI_IL12_2H_CD4_TCELL_DN","GSE17974_CTRL_VS_ACT_IL4_AND_ANTI_IL12_2H_CD4_TCELL_DN","117/6767","198/21355",1.44388324604265e-15,1.67483923132594e-14,2.86782240342837e-15
"GSE22919_RESTING_VS_IL2_IL12_IL15_STIM_NK_CELL_UP","GSE22919_RESTING_VS_IL2_IL12_IL15_STIM_NK_CELL_UP","117/6767","198/21355",1.44388324604265e-15,1.67483923132594e-14,2.86782240342837e-15
"GSE26559_TCF1_KO_VS_WT_LIN_NEG_CELL_UP","GSE26559_TCF1_KO_VS_WT_LIN_NEG_CELL_UP","117/6767","198/21355",1.44388324604265e-15,1.67483923132594e-14,2.86782240342837e-15
"GSE2770_IL12_AND_TGFB_ACT_VS_ACT_CD4_TCELL_6H_DN","GSE2770_IL12_AND_TGFB_ACT_VS_ACT_CD4_TCELL_6H_DN","117/6767","198/21355",1.44388324604265e-15,1.67483923132594e-14,2.86782240342837e-15
"GSE14000_4H_VS_16H_LPS_DC_TRANSLATED_RNA_UP","GSE14000_4H_VS_16H_LPS_DC_TRANSLATED_RNA_UP","116/6767","196/21355",1.62474932451618e-15,1.87614634837712e-14,3.21252000153269e-15
"GSE21546_WT_VS_ELK1_KO_ANTI_CD3_STIM_DP_THYMOCYTES_DN","GSE21546_WT_VS_ELK1_KO_ANTI_CD3_STIM_DP_THYMOCYTES_DN","116/6767","196/21355",1.62474932451618e-15,1.87614634837712e-14,3.21252000153269e-15
"NAKAYA_B_CELL_FLUMIST_AGE_18_50YO_7DY_DN","NAKAYA_B_CELL_FLUMIST_AGE_18_50YO_7DY_DN","202/6767","399/21355",1.81214482063437e-15,2.08783516750391e-14,3.574994158271e-15
"GSE9988_ANTI_TREM1_VS_VEHICLE_TREATED_MONOCYTES_UP","GSE9988_ANTI_TREM1_VS_VEHICLE_TREATED_MONOCYTES_UP","115/6767","194/21355",1.82697818302274e-15,2.10020563774834e-14,3.59617607892604e-15
"GSE1791_CTRL_VS_NEUROMEDINU_IN_T_CELL_LINE_6H_DN","GSE1791_CTRL_VS_NEUROMEDINU_IN_T_CELL_LINE_6H_DN","117/6767","199/21355",2.41615290094135e-15,2.73457305146276e-14,4.68240157868034e-15
"GSE17974_CTRL_VS_ACT_IL4_AND_ANTI_IL12_12H_CD4_TCELL_DN","GSE17974_CTRL_VS_ACT_IL4_AND_ANTI_IL12_12H_CD4_TCELL_DN","117/6767","199/21355",2.41615290094135e-15,2.73457305146276e-14,4.68240157868034e-15
"GSE20727_ROS_INH_VS_ROS_INH_AND_DNFB_ALLERGEN_TREATED_DC_UP","GSE20727_ROS_INH_VS_ROS_INH_AND_DNFB_ALLERGEN_TREATED_DC_UP","117/6767","199/21355",2.41615290094135e-15,2.73457305146276e-14,4.68240157868034e-15
"GSE28726_ACT_CD4_TCELL_VS_ACT_NKTCELL_DN","GSE28726_ACT_CD4_TCELL_VS_ACT_NKTCELL_DN","117/6767","199/21355",2.41615290094135e-15,2.73457305146276e-14,4.68240157868034e-15
"GSE30971_CTRL_VS_LPS_STIM_MACROPHAGE_WBP7_KO_2H_DN","GSE30971_CTRL_VS_LPS_STIM_MACROPHAGE_WBP7_KO_2H_DN","117/6767","199/21355",2.41615290094135e-15,2.73457305146276e-14,4.68240157868034e-15
"GSE3982_EOSINOPHIL_VS_MAC_DN","GSE3982_EOSINOPHIL_VS_MAC_DN","117/6767","199/21355",2.41615290094135e-15,2.73457305146276e-14,4.68240157868034e-15
"KAECH_DAY8_EFF_VS_MEMORY_CD8_TCELL_DN","KAECH_DAY8_EFF_VS_MEMORY_CD8_TCELL_DN","117/6767","199/21355",2.41615290094135e-15,2.73457305146276e-14,4.68240157868034e-15
"GSE9509_LPS_VS_LPS_AND_IL10_STIM_IL10_KO_MACROPHAGE_20MIN_DN","GSE9509_LPS_VS_LPS_AND_IL10_STIM_IL10_KO_MACROPHAGE_20MIN_DN","116/6767","197/21355",2.72474580735928e-15,3.07704223663679e-14,5.26881058042578e-15
"GSE37301_PRO_BCELL_VS_GRANULOCYTE_MONOCYTE_PROGENITOR_DN","GSE37301_PRO_BCELL_VS_GRANULOCYTE_MONOCYTE_PROGENITOR_DN","106/6767","175/21355",2.92199343418699e-15,3.29254073342345e-14,5.63780803727462e-15
"GSE6259_33D1_POS_DC_VS_CD4_TCELL_UP","GSE6259_33D1_POS_DC_VS_CD4_TCELL_UP","110/6767","184/21355",3.24721766937913e-15,3.65098355063746e-14,6.25156864326454e-15
"GOLDRATH_EFF_VS_MEMORY_CD8_TCELL_DN","GOLDRATH_EFF_VS_MEMORY_CD8_TCELL_DN","117/6767","200/21355",4.01451741924036e-15,4.32404008580784e-14,7.40404141452114e-15
"GSE17721_POLYIC_VS_GARDIQUIMOD_8H_BMDC_DN","GSE17721_POLYIC_VS_GARDIQUIMOD_8H_BMDC_DN","117/6767","200/21355",4.01451741924036e-15,4.32404008580784e-14,7.40404141452114e-15
"GSE21670_UNTREATED_VS_TGFB_IL6_TREATED_STAT3_KO_CD4_TCELL_UP","GSE21670_UNTREATED_VS_TGFB_IL6_TREATED_STAT3_KO_CD4_TCELL_UP","117/6767","200/21355",4.01451741924036e-15,4.32404008580784e-14,7.40404141452114e-15
"GSE22886_DAY0_VS_DAY7_MONOCYTE_IN_CULTURE_DN","GSE22886_DAY0_VS_DAY7_MONOCYTE_IN_CULTURE_DN","117/6767","200/21355",4.01451741924036e-15,4.32404008580784e-14,7.40404141452114e-15
"GSE23984_CTRL_VS_HYPOCALEMIC_VITAMIND_ANALOG_TCELL_DN","GSE23984_CTRL_VS_HYPOCALEMIC_VITAMIND_ANALOG_TCELL_DN","117/6767","200/21355",4.01451741924036e-15,4.32404008580784e-14,7.40404141452114e-15
"GSE24634_TEFF_VS_TCONV_DAY7_IN_CULTURE_UP","GSE24634_TEFF_VS_TCONV_DAY7_IN_CULTURE_UP","117/6767","200/21355",4.01451741924036e-15,4.32404008580784e-14,7.40404141452114e-15
"GSE25123_ROSIGLITAZONE_VS_IL4_AND_ROSIGLITAZONE_STIM_PPARG_KO_MACROPHAGE_DAY10_UP","GSE25123_ROSIGLITAZONE_VS_IL4_AND_ROSIGLITAZONE_STIM_PPARG_KO_MACROPHAGE_DAY10_UP","117/6767","200/21355",4.01451741924036e-15,4.32404008580784e-14,7.40404141452114e-15
"GSE26343_UNSTIM_VS_LPS_STIM_MACROPHAGE_DN","GSE26343_UNSTIM_VS_LPS_STIM_MACROPHAGE_DN","117/6767","200/21355",4.01451741924036e-15,4.32404008580784e-14,7.40404141452114e-15
"GSE26669_CTRL_VS_COSTIM_BLOCK_MLR_CD8_TCELL_DN","GSE26669_CTRL_VS_COSTIM_BLOCK_MLR_CD8_TCELL_DN","117/6767","200/21355",4.01451741924036e-15,4.32404008580784e-14,7.40404141452114e-15
"GSE2770_UNTREATED_VS_IL12_TREATED_ACT_CD4_TCELL_2H_DN","GSE2770_UNTREATED_VS_IL12_TREATED_ACT_CD4_TCELL_2H_DN","117/6767","200/21355",4.01451741924036e-15,4.32404008580784e-14,7.40404141452114e-15
"GSE29164_CD8_TCELL_VS_CD8_TCELL_AND_IL12_TREATED_MELANOMA_DAY3_DN","GSE29164_CD8_TCELL_VS_CD8_TCELL_AND_IL12_TREATED_MELANOMA_DAY3_DN","117/6767","200/21355",4.01451741924036e-15,4.32404008580784e-14,7.40404141452114e-15
"GSE32164_ALTERNATIVELY_ACT_M2_VS_CMYC_INHIBITED_MACROPHAGE_DN","GSE32164_ALTERNATIVELY_ACT_M2_VS_CMYC_INHIBITED_MACROPHAGE_DN","117/6767","200/21355",4.01451741924036e-15,4.32404008580784e-14,7.40404141452114e-15
"GSE32986_CURDLAN_LOWDOSE_VS_GMCSF_AND_CURDLAN_LOWDOSE_STIM_DC_UP","GSE32986_CURDLAN_LOWDOSE_VS_GMCSF_AND_CURDLAN_LOWDOSE_STIM_DC_UP","117/6767","200/21355",4.01451741924036e-15,4.32404008580784e-14,7.40404141452114e-15
"GSE360_DC_VS_MAC_B_MALAYI_HIGH_DOSE_DN","GSE360_DC_VS_MAC_B_MALAYI_HIGH_DOSE_DN","117/6767","200/21355",4.01451741924036e-15,4.32404008580784e-14,7.40404141452114e-15
"GSE40274_XBP1_VS_FOXP3_AND_XBP1_TRANSDUCED_ACTIVATED_CD4_TCELL_UP","GSE40274_XBP1_VS_FOXP3_AND_XBP1_TRANSDUCED_ACTIVATED_CD4_TCELL_UP","117/6767","200/21355",4.01451741924036e-15,4.32404008580784e-14,7.40404141452114e-15
"GSE43955_1H_VS_60H_ACT_CD4_TCELL_WITH_TGFB_IL6_UP","GSE43955_1H_VS_60H_ACT_CD4_TCELL_WITH_TGFB_IL6_UP","117/6767","200/21355",4.01451741924036e-15,4.32404008580784e-14,7.40404141452114e-15
"GSE46606_UNSTIM_VS_CD40L_IL2_IL5_1DAY_STIMULATED_IRF4MID_SORTED_BCELL_UP","GSE46606_UNSTIM_VS_CD40L_IL2_IL5_1DAY_STIMULATED_IRF4MID_SORTED_BCELL_UP","117/6767","200/21355",4.01451741924036e-15,4.32404008580784e-14,7.40404141452114e-15
"GSE5589_UNSTIM_VS_180MIN_LPS_STIM_MACROPHAGE_DN","GSE5589_UNSTIM_VS_180MIN_LPS_STIM_MACROPHAGE_DN","117/6767","200/21355",4.01451741924036e-15,4.32404008580784e-14,7.40404141452114e-15
"GSE9006_TYPE_1_DIABETES_AT_DX_VS_4MONTH_POST_DX_PBMC_UP","GSE9006_TYPE_1_DIABETES_AT_DX_VS_4MONTH_POST_DX_PBMC_UP","117/6767","200/21355",4.01451741924036e-15,4.32404008580784e-14,7.40404141452114e-15
"KAECH_DAY8_EFF_VS_MEMORY_CD8_TCELL_UP","KAECH_DAY8_EFF_VS_MEMORY_CD8_TCELL_UP","117/6767","200/21355",4.01451741924036e-15,4.32404008580784e-14,7.40404141452114e-15
"GSE13738_RESTING_VS_BYSTANDER_ACTIVATED_CD4_TCELL_DN","GSE13738_RESTING_VS_BYSTANDER_ACTIVATED_CD4_TCELL_DN","116/6767","198/21355",4.53669772336819e-15,4.8762367353687e-14,8.34956615091927e-15
"GSE11386_NAIVE_VS_MEMORY_BCELL_UP","GSE11386_NAIVE_VS_MEMORY_BCELL_UP","110/6767","185/21355",5.523534098673e-15,5.9245103188068e-14,1.01445219958011e-14
"GSE18893_TCONV_VS_TREG_2H_TNF_STIM_DN","GSE18893_TCONV_VS_TREG_2H_TNF_STIM_DN","114/6767","194/21355",5.78294965676801e-15,6.18980853658656e-14,1.05987913718152e-14
"NAKAYA_B_CELL_FLUMIST_AGE_18_50YO_7DY_UP","NAKAYA_B_CELL_FLUMIST_AGE_18_50YO_7DY_UP","231/6767","475/21355",5.94879914552908e-15,6.35406108731825e-14,1.08800405424808e-14
"NAKAYA_PBMC_FLUARIX_FLUVIRIN_AGE_18_50YO_7DY_DN","NAKAYA_PBMC_FLUARIX_FLUVIRIN_AGE_18_50YO_7DY_DN","150/6767","277/21355",6.24325830572279e-15,6.65471628553861e-14,1.1394851574511e-14
"GSE15330_HSC_VS_LYMPHOID_PRIMED_MULTIPOTENT_PROGENITOR_DN","GSE15330_HSC_VS_LYMPHOID_PRIMED_MULTIPOTENT_PROGENITOR_DN","108/6767","181/21355",6.9481629390475e-15,7.3754102253616e-14,1.26288937368761e-14
"GSE35825_UNTREATED_VS_IFNG_STIM_MACROPHAGE_DN","GSE35825_UNTREATED_VS_IFNG_STIM_MACROPHAGE_DN","108/6767","181/21355",6.9481629390475e-15,7.3754102253616e-14,1.26288937368761e-14
"GSE1460_INTRATHYMIC_T_PROGENITOR_VS_NAIVE_CD4_TCELL_ADULT_BLOOD_UP","GSE1460_INTRATHYMIC_T_PROGENITOR_VS_NAIVE_CD4_TCELL_ADULT_BLOOD_UP","116/6767","199/21355",7.50035072820547e-15,7.86386465920439e-14,1.34652728604528e-14
"GSE17974_0H_VS_6H_IN_VITRO_ACT_CD4_TCELL_DN","GSE17974_0H_VS_6H_IN_VITRO_ACT_CD4_TCELL_DN","116/6767","199/21355",7.50035072820547e-15,7.86386465920439e-14,1.34652728604528e-14
"GSE24210_CTRL_VS_IL35_TREATED_TCONV_CD4_TCELL_DN","GSE24210_CTRL_VS_IL35_TREATED_TCONV_CD4_TCELL_DN","116/6767","199/21355",7.50035072820547e-15,7.86386465920439e-14,1.34652728604528e-14
"GSE40277_EOS_AND_LEF1_TRANSDUCED_VS_CTRL_CD4_TCELL_DN","GSE40277_EOS_AND_LEF1_TRANSDUCED_VS_CTRL_CD4_TCELL_DN","116/6767","199/21355",7.50035072820547e-15,7.86386465920439e-14,1.34652728604528e-14
"GSE42088_UNINF_VS_LEISHMANIA_INF_DC_4H_DN","GSE42088_UNINF_VS_LEISHMANIA_INF_DC_4H_DN","116/6767","199/21355",7.50035072820547e-15,7.86386465920439e-14,1.34652728604528e-14
"GSE6259_FLT3L_INDUCED_33D1_POS_DC_VS_BCELL_UP","GSE6259_FLT3L_INDUCED_33D1_POS_DC_VS_BCELL_UP","116/6767","199/21355",7.50035072820547e-15,7.86386465920439e-14,1.34652728604528e-14
"GSE37605_C57BL6_VS_NOD_FOXP3_FUSION_GFP_TCONV_DN","GSE37605_C57BL6_VS_NOD_FOXP3_FUSION_GFP_TCONV_DN","110/6767","186/21355",9.32216508255849e-15,9.75402864862804e-14,1.67017952284721e-14
"GSE37416_CTRL_VS_24H_F_TULARENSIS_LVS_NEUTROPHIL_UP","GSE37416_CTRL_VS_24H_F_TULARENSIS_LVS_NEUTROPHIL_UP","114/6767","195/21355",9.6001446317338e-15,1.00244280095518e-13,1.71647992772344e-14
"GSE13547_2H_VS_12_H_ANTI_IGM_STIM_BCELL_DN","GSE13547_2H_VS_12_H_ANTI_IGM_STIM_BCELL_DN","109/6767","184/21355",1.04854115901629e-14,1.0926566102188e-13,1.87095277411122e-14
"NAKAYA_MYELOID_DENDRITIC_CELL_FLUARIX_FLUVIRIN_AGE_18_50YO_7DY_DN","NAKAYA_MYELOID_DENDRITIC_CELL_FLUARIX_FLUVIRIN_AGE_18_50YO_7DY_DN","146/6767","269/21355",1.11399366651178e-14,1.15850822073142e-13,1.98371029757836e-14
"GOLDRATH_NAIVE_VS_EFF_CD8_TCELL_DN","GOLDRATH_NAIVE_VS_EFF_CD8_TCELL_DN","116/6767","200/21355",1.23141205358241e-14,1.21646427720944e-13,2.08294828655862e-14
"GSE13484_UNSTIM_VS_YF17D_VACCINE_STIM_PBMC_UP","GSE13484_UNSTIM_VS_YF17D_VACCINE_STIM_PBMC_UP","116/6767","200/21355",1.23141205358241e-14,1.21646427720944e-13,2.08294828655862e-14
"GSE15930_NAIVE_VS_72H_IN_VITRO_STIM_IL12_CD8_TCELL_DN","GSE15930_NAIVE_VS_72H_IN_VITRO_STIM_IL12_CD8_TCELL_DN","116/6767","200/21355",1.23141205358241e-14,1.21646427720944e-13,2.08294828655862e-14
"GSE17721_0.5H_VS_24H_CPG_BMDC_UP","GSE17721_0.5H_VS_24H_CPG_BMDC_UP","116/6767","200/21355",1.23141205358241e-14,1.21646427720944e-13,2.08294828655862e-14
"GSE17721_0.5H_VS_8H_CPG_BMDC_UP","GSE17721_0.5H_VS_8H_CPG_BMDC_UP","116/6767","200/21355",1.23141205358241e-14,1.21646427720944e-13,2.08294828655862e-14
"GSE18281_SUBCAPSULAR_VS_CENTRAL_CORTICAL_REGION_OF_THYMUS_DN","GSE18281_SUBCAPSULAR_VS_CENTRAL_CORTICAL_REGION_OF_THYMUS_DN","116/6767","200/21355",1.23141205358241e-14,1.21646427720944e-13,2.08294828655862e-14
"GSE19401_PAM2CSK4_VS_RETINOIC_ACID_AND_PAM2CSK4_STIM_FOLLICULAR_DC_DN","GSE19401_PAM2CSK4_VS_RETINOIC_ACID_AND_PAM2CSK4_STIM_FOLLICULAR_DC_DN","116/6767","200/21355",1.23141205358241e-14,1.21646427720944e-13,2.08294828655862e-14
"GSE22432_MULTIPOTENT_PROGENITOR_VS_CDC_DN","GSE22432_MULTIPOTENT_PROGENITOR_VS_CDC_DN","116/6767","200/21355",1.23141205358241e-14,1.21646427720944e-13,2.08294828655862e-14
"GSE22589_HEALTHY_VS_HIV_AND_SIV_INFECTED_DC_UP","GSE22589_HEALTHY_VS_HIV_AND_SIV_INFECTED_DC_UP","116/6767","200/21355",1.23141205358241e-14,1.21646427720944e-13,2.08294828655862e-14
"GSE22601_IMMATURE_CD4_SINGLE_POSITIVE_VS_CD4_SINGLE_POSITIVE_THYMOCYTE_UP","GSE22601_IMMATURE_CD4_SINGLE_POSITIVE_VS_CD4_SINGLE_POSITIVE_THYMOCYTE_UP","116/6767","200/21355",1.23141205358241e-14,1.21646427720944e-13,2.08294828655862e-14
"GSE22601_IMMATURE_CD4_SINGLE_POSITIVE_VS_CD8_SINGLE_POSITIVE_THYMOCYTE_DN","GSE22601_IMMATURE_CD4_SINGLE_POSITIVE_VS_CD8_SINGLE_POSITIVE_THYMOCYTE_DN","116/6767","200/21355",1.23141205358241e-14,1.21646427720944e-13,2.08294828655862e-14
"GSE22886_DAY0_VS_DAY1_MONOCYTE_IN_CULTURE_DN","GSE22886_DAY0_VS_DAY1_MONOCYTE_IN_CULTURE_DN","116/6767","200/21355",1.23141205358241e-14,1.21646427720944e-13,2.08294828655862e-14
"GSE22886_TH1_VS_TH2_48H_ACT_DN","GSE22886_TH1_VS_TH2_48H_ACT_DN","116/6767","200/21355",1.23141205358241e-14,1.21646427720944e-13,2.08294828655862e-14
"GSE23502_WT_VS_HDC_KO_MYELOID_DERIVED_SUPPRESSOR_CELL_BM_DN","GSE23502_WT_VS_HDC_KO_MYELOID_DERIVED_SUPPRESSOR_CELL_BM_DN","116/6767","200/21355",1.23141205358241e-14,1.21646427720944e-13,2.08294828655862e-14
"GSE24210_CTRL_VS_IL35_TREATED_TCONV_CD4_TCELL_UP","GSE24210_CTRL_VS_IL35_TREATED_TCONV_CD4_TCELL_UP","116/6767","200/21355",1.23141205358241e-14,1.21646427720944e-13,2.08294828655862e-14
"GSE24292_WT_VS_PPARG_KO_MACROPHAGE_UP","GSE24292_WT_VS_PPARG_KO_MACROPHAGE_UP","116/6767","200/21355",1.23141205358241e-14,1.21646427720944e-13,2.08294828655862e-14
"GSE26669_CTRL_VS_COSTIM_BLOCK_MLR_CD8_TCELL_UP","GSE26669_CTRL_VS_COSTIM_BLOCK_MLR_CD8_TCELL_UP","116/6767","200/21355",1.23141205358241e-14,1.21646427720944e-13,2.08294828655862e-14
"GSE33292_DN3_THYMOCYTE_VS_TCF1_KO_TCELL_LYMPHOMA_UP","GSE33292_DN3_THYMOCYTE_VS_TCF1_KO_TCELL_LYMPHOMA_UP","116/6767","200/21355",1.23141205358241e-14,1.21646427720944e-13,2.08294828655862e-14
"GSE33425_CD161_INT_VS_NEG_CD8_TCELL_DN","GSE33425_CD161_INT_VS_NEG_CD8_TCELL_DN","116/6767","200/21355",1.23141205358241e-14,1.21646427720944e-13,2.08294828655862e-14
"GSE34392_ST2_KO_VS_WT_DAY8_LCMV_EFFECTOR_CD8_TCELL_UP","GSE34392_ST2_KO_VS_WT_DAY8_LCMV_EFFECTOR_CD8_TCELL_UP","116/6767","200/21355",1.23141205358241e-14,1.21646427720944e-13,2.08294828655862e-14
"GSE40273_EOS_KO_VS_WT_TREG_UP","GSE40273_EOS_KO_VS_WT_TREG_UP","116/6767","200/21355",1.23141205358241e-14,1.21646427720944e-13,2.08294828655862e-14
"GSE40274_CTRL_VS_FOXP3_TRANSDUCED_ACTIVATED_CD4_TCELL_DN","GSE40274_CTRL_VS_FOXP3_TRANSDUCED_ACTIVATED_CD4_TCELL_DN","116/6767","200/21355",1.23141205358241e-14,1.21646427720944e-13,2.08294828655862e-14
"GSE46606_IRF4HIGH_VS_IRF4MID_CD40L_IL2_IL5_DAY3_STIMULATED_BCELL_UP","GSE46606_IRF4HIGH_VS_IRF4MID_CD40L_IL2_IL5_DAY3_STIMULATED_BCELL_UP","116/6767","200/21355",1.23141205358241e-14,1.21646427720944e-13,2.08294828655862e-14
"GSE5589_LPS_VS_LPS_AND_IL6_STIM_MACROPHAGE_45MIN_UP","GSE5589_LPS_VS_LPS_AND_IL6_STIM_MACROPHAGE_45MIN_UP","116/6767","200/21355",1.23141205358241e-14,1.21646427720944e-13,2.08294828655862e-14
"GSE5589_WT_VS_IL6_KO_LPS_AND_IL10_STIM_MACROPHAGE_45MIN_UP","GSE5589_WT_VS_IL6_KO_LPS_AND_IL10_STIM_MACROPHAGE_45MIN_UP","116/6767","200/21355",1.23141205358241e-14,1.21646427720944e-13,2.08294828655862e-14
"GSE7764_IL15_NK_CELL_24H_VS_SPLENOCYTE_UP","GSE7764_IL15_NK_CELL_24H_VS_SPLENOCYTE_UP","116/6767","200/21355",1.23141205358241e-14,1.21646427720944e-13,2.08294828655862e-14
"GSE16266_CTRL_VS_LPS_STIM_MEF_UP","GSE16266_CTRL_VS_LPS_STIM_MEF_UP","115/6767","198/21355",1.39627360010815e-14,1.37139746125565e-13,2.34823993242629e-14
"GSE18791_UNSTIM_VS_NEWCATSLE_VIRUS_DC_10H_UP","GSE18791_UNSTIM_VS_NEWCATSLE_VIRUS_DC_10H_UP","115/6767","198/21355",1.39627360010815e-14,1.37139746125565e-13,2.34823993242629e-14
"GSE42724_NAIVE_BCELL_VS_PLASMABLAST_DN","GSE42724_NAIVE_BCELL_VS_PLASMABLAST_DN","115/6767","198/21355",1.39627360010815e-14,1.37139746125565e-13,2.34823993242629e-14
"GSE13547_CTRL_VS_ANTI_IGM_STIM_ZFX_KO_BCELL_2H_UP","GSE13547_CTRL_VS_ANTI_IGM_STIM_ZFX_KO_BCELL_2H_UP","100/6767","165/21355",1.67766457253797e-14,1.64462452455108e-13,2.81608584783469e-14
"GSE37532_WT_VS_PPARG_KO_LN_TCONV_DN","GSE37532_WT_VS_PPARG_KO_LN_TCONV_DN","109/6767","185/21355",1.76017885187476e-14,1.72222079648127e-13,2.94895372130082e-14
"GSE3400_UNTREATED_VS_IFNB_TREATED_MEF_UP","GSE3400_UNTREATED_VS_IFNB_TREATED_MEF_UP","113/6767","194/21355",1.79223639737573e-14,1.75024685892293e-13,2.99694266749145e-14
"GARCIA_PINERES_PBMC_HPV_16_L1_VLP_AGE_18_25YO_2MO_DN","GARCIA_PINERES_PBMC_HPV_16_L1_VLP_AGE_18_25YO_2MO_DN","153/6767","287/21355",1.9670391523184e-14,1.9173022307864e-13,3.28299110072753e-14
"GSE17974_0.5H_VS_72H_UNTREATED_IN_VITRO_CD4_TCELL_DN","GSE17974_0.5H_VS_72H_UNTREATED_IN_VITRO_CD4_TCELL_DN","115/6767","199/21355",2.28100491722797e-14,2.17373832911297e-13,3.72208589506579e-14
"GSE18791_CTRL_VS_NEWCASTLE_VIRUS_DC_6H_UP","GSE18791_CTRL_VS_NEWCASTLE_VIRUS_DC_6H_UP","115/6767","199/21355",2.28100491722797e-14,2.17373832911297e-13,3.72208589506579e-14
"GSE20727_DNFB_ALLERGEN_VS_ROS_INH_AND_DNFB_ALLERGEN_TREATED_DC_DN","GSE20727_DNFB_ALLERGEN_VS_ROS_INH_AND_DNFB_ALLERGEN_TREATED_DC_DN","115/6767","199/21355",2.28100491722797e-14,2.17373832911297e-13,3.72208589506579e-14
"GSE22432_CONVENTIONAL_CDC_VS_PLASMACYTOID_PDC_UP","GSE22432_CONVENTIONAL_CDC_VS_PLASMACYTOID_PDC_UP","115/6767","199/21355",2.28100491722797e-14,2.17373832911297e-13,3.72208589506579e-14
"GSE25123_WT_VS_PPARG_KO_MACROPHAGE_UP","GSE25123_WT_VS_PPARG_KO_MACROPHAGE_UP","115/6767","199/21355",2.28100491722797e-14,2.17373832911297e-13,3.72208589506579e-14
"GSE2770_IL4_ACT_VS_ACT_CD4_TCELL_6H_DN","GSE2770_IL4_ACT_VS_ACT_CD4_TCELL_6H_DN","115/6767","199/21355",2.28100491722797e-14,2.17373832911297e-13,3.72208589506579e-14
"GSE360_L_DONOVANI_VS_B_MALAYI_HIGH_DOSE_DC_DN","GSE360_L_DONOVANI_VS_B_MALAYI_HIGH_DOSE_DC_DN","115/6767","199/21355",2.28100491722797e-14,2.17373832911297e-13,3.72208589506579e-14
"GSE3982_MEMORY_CD4_TCELL_VS_TH1_DN","GSE3982_MEMORY_CD4_TCELL_VS_TH1_DN","115/6767","199/21355",2.28100491722797e-14,2.17373832911297e-13,3.72208589506579e-14
"GSE40273_GATA1_KO_VS_WT_TREG_DN","GSE40273_GATA1_KO_VS_WT_TREG_DN","115/6767","199/21355",2.28100491722797e-14,2.17373832911297e-13,3.72208589506579e-14
"GSE40277_EOS_AND_LEF1_TRANSDUCED_VS_GATA1_AND_SATB1_TRANSDUCED_CD4_TCELL_DN","GSE40277_EOS_AND_LEF1_TRANSDUCED_VS_GATA1_AND_SATB1_TRANSDUCED_CD4_TCELL_DN","115/6767","199/21355",2.28100491722797e-14,2.17373832911297e-13,3.72208589506579e-14
"GSE40666_UNTREATED_VS_IFNA_STIM_CD8_TCELL_90MIN_DN","GSE40666_UNTREATED_VS_IFNA_STIM_CD8_TCELL_90MIN_DN","115/6767","199/21355",2.28100491722797e-14,2.17373832911297e-13,3.72208589506579e-14
"GSE8678_IL7R_LOW_VS_HIGH_EFF_CD8_TCELL_DN","GSE8678_IL7R_LOW_VS_HIGH_EFF_CD8_TCELL_DN","115/6767","199/21355",2.28100491722797e-14,2.17373832911297e-13,3.72208589506579e-14
"GSE13485_DAY7_VS_DAY21_YF17D_VACCINE_PBMC_UP","GSE13485_DAY7_VS_DAY21_YF17D_VACCINE_PBMC_UP","114/6767","197/21355",2.58988252872203e-14,2.45440438535266e-13,4.20266957671792e-14
"GSE14000_UNSTIM_VS_16H_LPS_DC_UP","GSE14000_UNSTIM_VS_16H_LPS_DC_UP","114/6767","197/21355",2.58988252872203e-14,2.45440438535266e-13,4.20266957671792e-14
"GSE1460_DP_THYMOCYTE_VS_NAIVE_CD4_TCELL_ADULT_BLOOD_DN","GSE1460_DP_THYMOCYTE_VS_NAIVE_CD4_TCELL_ADULT_BLOOD_DN","114/6767","197/21355",2.58988252872203e-14,2.45440438535266e-13,4.20266957671792e-14
"GSE10239_NAIVE_VS_KLRG1HIGH_EFF_CD8_TCELL_DN","GSE10239_NAIVE_VS_KLRG1HIGH_EFF_CD8_TCELL_DN","115/6767","200/21355",3.70104232098366e-14,3.26035119925829e-13,5.58268999041486e-14
"GSE12392_CD8A_POS_VS_NEG_SPLEEN_IFNB_KO_DC_UP","GSE12392_CD8A_POS_VS_NEG_SPLEEN_IFNB_KO_DC_UP","115/6767","200/21355",3.70104232098366e-14,3.26035119925829e-13,5.58268999041486e-14
"GSE14308_NAIVE_CD4_TCELL_VS_INDUCED_TREG_DN","GSE14308_NAIVE_CD4_TCELL_VS_INDUCED_TREG_DN","115/6767","200/21355",3.70104232098366e-14,3.26035119925829e-13,5.58268999041486e-14
"GSE14769_UNSTIM_VS_240MIN_LPS_BMDM_UP","GSE14769_UNSTIM_VS_240MIN_LPS_BMDM_UP","115/6767","200/21355",3.70104232098366e-14,3.26035119925829e-13,5.58268999041486e-14
"GSE15330_HSC_VS_MEGAKARYOCYTE_ERYTHROID_PROGENITOR_IKAROS_KO_UP","GSE15330_HSC_VS_MEGAKARYOCYTE_ERYTHROID_PROGENITOR_IKAROS_KO_UP","115/6767","200/21355",3.70104232098366e-14,3.26035119925829e-13,5.58268999041486e-14
"GSE15930_NAIVE_VS_48H_IN_VITRO_STIM_IL12_CD8_TCELL_DN","GSE15930_NAIVE_VS_48H_IN_VITRO_STIM_IL12_CD8_TCELL_DN","115/6767","200/21355",3.70104232098366e-14,3.26035119925829e-13,5.58268999041486e-14
"GSE17186_BLOOD_VS_CORD_BLOOD_NAIVE_BCELL_UP","GSE17186_BLOOD_VS_CORD_BLOOD_NAIVE_BCELL_UP","115/6767","200/21355",3.70104232098366e-14,3.26035119925829e-13,5.58268999041486e-14
"GSE17721_0.5H_VS_12H_CPG_BMDC_UP","GSE17721_0.5H_VS_12H_CPG_BMDC_UP","115/6767","200/21355",3.70104232098366e-14,3.26035119925829e-13,5.58268999041486e-14
"GSE17721_CTRL_VS_POLYIC_1H_BMDC_UP","GSE17721_CTRL_VS_POLYIC_1H_BMDC_UP","115/6767","200/21355",3.70104232098366e-14,3.26035119925829e-13,5.58268999041486e-14
"GSE19923_HEB_KO_VS_HEB_AND_E2A_KO_DP_THYMOCYTE_DN","GSE19923_HEB_KO_VS_HEB_AND_E2A_KO_DP_THYMOCYTE_DN","115/6767","200/21355",3.70104232098366e-14,3.26035119925829e-13,5.58268999041486e-14
"GSE20715_0H_VS_24H_OZONE_LUNG_UP","GSE20715_0H_VS_24H_OZONE_LUNG_UP","115/6767","200/21355",3.70104232098366e-14,3.26035119925829e-13,5.58268999041486e-14
"GSE22432_MULTIPOTENT_PROGENITOR_VS_PDC_DN","GSE22432_MULTIPOTENT_PROGENITOR_VS_PDC_DN","115/6767","200/21355",3.70104232098366e-14,3.26035119925829e-13,5.58268999041486e-14
"GSE22432_MULTIPOTENT_VS_COMMON_DC_PROGENITOR_UNTREATED_DN","GSE22432_MULTIPOTENT_VS_COMMON_DC_PROGENITOR_UNTREATED_DN","115/6767","200/21355",3.70104232098366e-14,3.26035119925829e-13,5.58268999041486e-14
"GSE22601_DOUBLE_NEGATIVE_VS_CD4_SINGLE_POSITIVE_THYMOCYTE_DN","GSE22601_DOUBLE_NEGATIVE_VS_CD4_SINGLE_POSITIVE_THYMOCYTE_DN","115/6767","200/21355",3.70104232098366e-14,3.26035119925829e-13,5.58268999041486e-14
"GSE22935_UNSTIM_VS_12H_MBOVIS_BCG_STIM_MACROPHAGE_UP","GSE22935_UNSTIM_VS_12H_MBOVIS_BCG_STIM_MACROPHAGE_UP","115/6767","200/21355",3.70104232098366e-14,3.26035119925829e-13,5.58268999041486e-14
"GSE22935_WT_VS_MYD88_KO_MACROPHAGE_24H_MBOVIS_BCG_STIM_DN","GSE22935_WT_VS_MYD88_KO_MACROPHAGE_24H_MBOVIS_BCG_STIM_DN","115/6767","200/21355",3.70104232098366e-14,3.26035119925829e-13,5.58268999041486e-14
"GSE23308_CTRL_VS_CORTICOSTERONE_TREATED_MACROPHAGE_MINERALCORTICOID_REC_KO_UP","GSE23308_CTRL_VS_CORTICOSTERONE_TREATED_MACROPHAGE_MINERALCORTICOID_REC_KO_UP","115/6767","200/21355",3.70104232098366e-14,3.26035119925829e-13,5.58268999041486e-14
"GSE2405_0H_VS_24H_A_PHAGOCYTOPHILUM_STIM_NEUTROPHIL_UP","GSE2405_0H_VS_24H_A_PHAGOCYTOPHILUM_STIM_NEUTROPHIL_UP","115/6767","200/21355",3.70104232098366e-14,3.26035119925829e-13,5.58268999041486e-14
"GSE24142_EARLY_THYMIC_PROGENITOR_VS_DN2_THYMOCYTE_UP","GSE24142_EARLY_THYMIC_PROGENITOR_VS_DN2_THYMOCYTE_UP","115/6767","200/21355",3.70104232098366e-14,3.26035119925829e-13,5.58268999041486e-14
"GSE24142_EARLY_THYMIC_PROGENITOR_VS_DN3_THYMOCYTE_FETAL_UP","GSE24142_EARLY_THYMIC_PROGENITOR_VS_DN3_THYMOCYTE_FETAL_UP","115/6767","200/21355",3.70104232098366e-14,3.26035119925829e-13,5.58268999041486e-14
"GSE24142_EARLY_THYMIC_PROGENITOR_VS_DN3_THYMOCYTE_UP","GSE24142_EARLY_THYMIC_PROGENITOR_VS_DN3_THYMOCYTE_UP","115/6767","200/21355",3.70104232098366e-14,3.26035119925829e-13,5.58268999041486e-14
"GSE25085_FETAL_LIVER_VS_ADULT_BM_SP4_THYMIC_IMPLANT_UP","GSE25085_FETAL_LIVER_VS_ADULT_BM_SP4_THYMIC_IMPLANT_UP","115/6767","200/21355",3.70104232098366e-14,3.26035119925829e-13,5.58268999041486e-14
"GSE3039_NKT_CELL_VS_ALPHABETA_CD8_TCELL_UP","GSE3039_NKT_CELL_VS_ALPHABETA_CD8_TCELL_UP","115/6767","200/21355",3.70104232098366e-14,3.26035119925829e-13,5.58268999041486e-14
"GSE3039_NKT_CELL_VS_B1_BCELL_DN","GSE3039_NKT_CELL_VS_B1_BCELL_DN","115/6767","200/21355",3.70104232098366e-14,3.26035119925829e-13,5.58268999041486e-14
"GSE30962_ACUTE_VS_CHRONIC_LCMV_PRIMARY_INF_CD8_TCELL_DN","GSE30962_ACUTE_VS_CHRONIC_LCMV_PRIMARY_INF_CD8_TCELL_DN","115/6767","200/21355",3.70104232098366e-14,3.26035119925829e-13,5.58268999041486e-14
"GSE34515_CD16_POS_MONOCYTE_VS_DC_DN","GSE34515_CD16_POS_MONOCYTE_VS_DC_DN","115/6767","200/21355",3.70104232098366e-14,3.26035119925829e-13,5.58268999041486e-14
"GSE360_DC_VS_MAC_L_DONOVANI_DN","GSE360_DC_VS_MAC_L_DONOVANI_DN","115/6767","200/21355",3.70104232098366e-14,3.26035119925829e-13,5.58268999041486e-14
"GSE36888_UNTREATED_VS_IL2_TREATED_STAT5_AB_KNOCKIN_TCELL_6H_DN","GSE36888_UNTREATED_VS_IL2_TREATED_STAT5_AB_KNOCKIN_TCELL_6H_DN","115/6767","200/21355",3.70104232098366e-14,3.26035119925829e-13,5.58268999041486e-14
"GSE369_IFNG_KO_VS_WT_LIVER_DN","GSE369_IFNG_KO_VS_WT_LIVER_DN","115/6767","200/21355",3.70104232098366e-14,3.26035119925829e-13,5.58268999041486e-14
"GSE3691_IFN_PRODUCING_KILLER_DC_VS_PLASMACYTOID_DC_SPLEEN_UP","GSE3691_IFN_PRODUCING_KILLER_DC_VS_PLASMACYTOID_DC_SPLEEN_UP","115/6767","200/21355",3.70104232098366e-14,3.26035119925829e-13,5.58268999041486e-14
"GSE37533_PPARG1_FOXP3_VS_PPARG2_FOXP3_TRANSDUCED_CD4_TCELL_DN","GSE37533_PPARG1_FOXP3_VS_PPARG2_FOXP3_TRANSDUCED_CD4_TCELL_DN","115/6767","200/21355",3.70104232098366e-14,3.26035119925829e-13,5.58268999041486e-14
"GSE39110_DAY3_VS_DAY6_POST_IMMUNIZATION_CD8_TCELL_UP","GSE39110_DAY3_VS_DAY6_POST_IMMUNIZATION_CD8_TCELL_UP","115/6767","200/21355",3.70104232098366e-14,3.26035119925829e-13,5.58268999041486e-14
"GSE3982_CENT_MEMORY_CD4_TCELL_VS_TH2_DN","GSE3982_CENT_MEMORY_CD4_TCELL_VS_TH2_DN","115/6767","200/21355",3.70104232098366e-14,3.26035119925829e-13,5.58268999041486e-14
"GSE3982_DC_VS_BCELL_UP","GSE3982_DC_VS_BCELL_UP","115/6767","200/21355",3.70104232098366e-14,3.26035119925829e-13,5.58268999041486e-14
"GSE41867_NAIVE_VS_EFFECTOR_CD8_TCELL_DN","GSE41867_NAIVE_VS_EFFECTOR_CD8_TCELL_DN","115/6767","200/21355",3.70104232098366e-14,3.26035119925829e-13,5.58268999041486e-14
"GSE43863_NAIVE_VS_MEMORY_TFH_CD4_TCELL_D150_LCMV_UP","GSE43863_NAIVE_VS_MEMORY_TFH_CD4_TCELL_D150_LCMV_UP","115/6767","200/21355",3.70104232098366e-14,3.26035119925829e-13,5.58268999041486e-14
"GSE46606_UNSTIM_VS_CD40L_IL2_IL5_1DAY_STIMULATED_IRF4_KO_BCELL_UP","GSE46606_UNSTIM_VS_CD40L_IL2_IL5_1DAY_STIMULATED_IRF4_KO_BCELL_UP","115/6767","200/21355",3.70104232098366e-14,3.26035119925829e-13,5.58268999041486e-14
"GSE7460_TCONV_VS_TREG_LN_DN","GSE7460_TCONV_VS_TREG_LN_DN","115/6767","200/21355",3.70104232098366e-14,3.26035119925829e-13,5.58268999041486e-14
"GSE9650_EFFECTOR_VS_EXHAUSTED_CD8_TCELL_UP","GSE9650_EFFECTOR_VS_EXHAUSTED_CD8_TCELL_UP","115/6767","200/21355",3.70104232098366e-14,3.26035119925829e-13,5.58268999041486e-14
"GSE9960_GRAM_POS_VS_GRAM_NEG_AND_POS_SEPSIS_PBMC_UP","GSE9960_GRAM_POS_VS_GRAM_NEG_AND_POS_SEPSIS_PBMC_UP","115/6767","200/21355",3.70104232098366e-14,3.26035119925829e-13,5.58268999041486e-14
"KAECH_NAIVE_VS_MEMORY_CD8_TCELL_DN","KAECH_NAIVE_VS_MEMORY_CD8_TCELL_DN","115/6767","200/21355",3.70104232098366e-14,3.26035119925829e-13,5.58268999041486e-14
"GSE37301_PRO_BCELL_VS_RAG2_KO_NK_CELL_UP","GSE37301_PRO_BCELL_VS_RAG2_KO_NK_CELL_UP","107/6767","182/21355",3.7363221718769e-14,3.28578452405024e-13,5.6262393993777e-14
"GSE16522_ANTI_CD3CD28_STIM_VS_UNSTIM_NAIVE_CD8_TCELL_DN","GSE16522_ANTI_CD3CD28_STIM_VS_UNSTIM_NAIVE_CD8_TCELL_DN","114/6767","198/21355",4.20978036041248e-14,3.67067073262496e-13,6.2852789484139e-14
"GSE29618_BCELL_VS_PDC_DAY7_FLU_VACCINE_DN","GSE29618_BCELL_VS_PDC_DAY7_FLU_VACCINE_DN","114/6767","198/21355",4.20978036041248e-14,3.67067073262496e-13,6.2852789484139e-14
"GSE36888_STAT5_AB_KNOCKIN_VS_WT_TCELL_IL2_TREATED_2H_DN","GSE36888_STAT5_AB_KNOCKIN_VS_WT_TCELL_IL2_TREATED_2H_DN","114/6767","198/21355",4.20978036041248e-14,3.67067073262496e-13,6.2852789484139e-14
"GSE44955_MCSF_VS_MCSF_AND_IL27_STIM_MACROPHAGE_UP","GSE44955_MCSF_VS_MCSF_AND_IL27_STIM_MACROPHAGE_UP","114/6767","198/21355",4.20978036041248e-14,3.67067073262496e-13,6.2852789484139e-14
"GSE9988_ANTI_TREM1_VS_CTRL_TREATED_MONOCYTES_UP","GSE9988_ANTI_TREM1_VS_CTRL_TREATED_MONOCYTES_UP","114/6767","198/21355",4.20978036041248e-14,3.67067073262496e-13,6.2852789484139e-14
"GSE6259_33D1_POS_VS_DEC205_POS_FLT3L_INDUCED_SPLENIC_DC_DN","GSE6259_33D1_POS_VS_DEC205_POS_FLT3L_INDUCED_SPLENIC_DC_DN","105/6767","178/21355",4.74776878168523e-14,4.13273523662143e-13,7.0764706709418e-14
"GSE30971_CTRL_VS_LPS_STIM_MACROPHAGE_WBP7_KO_4H_DN","GSE30971_CTRL_VS_LPS_STIM_MACROPHAGE_WBP7_KO_4H_DN","113/6767","196/21355",4.78618677007309e-14,4.15911518138385e-13,7.12164097456013e-14
"NAKAYA_PBMC_FLUARIX_FLUVIRIN_AGE_18_50YO_CORRELATED_WITH_HAI_28DY_RESPONSE_AT_7DY_NEGATIVE","NAKAYA_PBMC_FLUARIX_FLUVIRIN_AGE_18_50YO_CORRELATED_WITH_HAI_28DY_RESPONSE_AT_7DY_NEGATIVE","228/6767","475/21355",5.25644940899685e-14,4.56003656851555e-13,7.80813751376503e-14
"GSE9601_UNTREATED_VS_PI3K_INHIBITOR_TREATED_HCMV_INF_MONOCYTE_UP","GSE9601_UNTREATED_VS_PI3K_INHIBITOR_TREATED_HCMV_INF_MONOCYTE_UP","104/6767","176/21355",5.34609193285471e-14,4.62996846955171e-13,7.9278817069716e-14
"GSE2706_2H_VS_8H_R848_STIM_DC_UP","GSE2706_2H_VS_8H_R848_STIM_DC_UP","112/6767","194/21355",5.43886787473767e-14,4.69445717067004e-13,8.038305524599e-14
"GSE36888_UNTREATED_VS_IL2_TREATED_STAT5_AB_KNOCKIN_TCELL_6H_UP","GSE36888_UNTREATED_VS_IL2_TREATED_STAT5_AB_KNOCKIN_TCELL_6H_UP","112/6767","194/21355",5.43886787473767e-14,4.69445717067004e-13,8.038305524599e-14
"GSE7568_IL4_TGFB_DEXAMETHASONE_VS_IL4_TGFB_TREATED_MACROPHAGE_UP","GSE7568_IL4_TGFB_DEXAMETHASONE_VS_IL4_TGFB_TREATED_MACROPHAGE_UP","102/6767","172/21355",6.76275578322368e-14,5.7692404473072e-13,9.87865384097441e-14
"GSE16385_IFNG_TNF_VS_IL4_STIM_MACROPHAGE_ROSIGLITAZONE_TREATED_DN","GSE16385_IFNG_TNF_VS_IL4_STIM_MACROPHAGE_ROSIGLITAZONE_TREATED_DN","114/6767","199/21355",6.79660860185985e-14,5.7692404473072e-13,9.87865384097441e-14
"GSE23321_CENTRAL_MEMORY_VS_NAIVE_CD8_TCELL_UP","GSE23321_CENTRAL_MEMORY_VS_NAIVE_CD8_TCELL_UP","114/6767","199/21355",6.79660860185985e-14,5.7692404473072e-13,9.87865384097441e-14
"GSE2405_S_AUREUS_VS_UNTREATED_NEUTROPHIL_DN","GSE2405_S_AUREUS_VS_UNTREATED_NEUTROPHIL_DN","114/6767","199/21355",6.79660860185985e-14,5.7692404473072e-13,9.87865384097441e-14
"GSE24671_CTRL_VS_SENDAI_VIRUS_INFECTED_MOUSE_SPLENOCYTES_DN","GSE24671_CTRL_VS_SENDAI_VIRUS_INFECTED_MOUSE_SPLENOCYTES_DN","114/6767","199/21355",6.79660860185985e-14,5.7692404473072e-13,9.87865384097441e-14
"GSE27786_LSK_VS_LIN_NEG_CELL_UP","GSE27786_LSK_VS_LIN_NEG_CELL_UP","114/6767","199/21355",6.79660860185985e-14,5.7692404473072e-13,9.87865384097441e-14
"GSE30971_CTRL_VS_LPS_STIM_MACROPHAGE_WBP7_HET_4H_DN","GSE30971_CTRL_VS_LPS_STIM_MACROPHAGE_WBP7_HET_4H_DN","114/6767","199/21355",6.79660860185985e-14,5.7692404473072e-13,9.87865384097441e-14
"GSE360_DC_VS_MAC_T_GONDII_DN","GSE360_DC_VS_MAC_T_GONDII_DN","114/6767","199/21355",6.79660860185985e-14,5.7692404473072e-13,9.87865384097441e-14
"GSE360_T_GONDII_VS_M_TUBERCULOSIS_MAC_UP","GSE360_T_GONDII_VS_M_TUBERCULOSIS_MAC_UP","114/6767","199/21355",6.79660860185985e-14,5.7692404473072e-13,9.87865384097441e-14
"GSE5589_LPS_VS_LPS_AND_IL6_STIM_MACROPHAGE_45MIN_DN","GSE5589_LPS_VS_LPS_AND_IL6_STIM_MACROPHAGE_45MIN_DN","114/6767","199/21355",6.79660860185985e-14,5.7692404473072e-13,9.87865384097441e-14
"GSE2706_UNSTIM_VS_8H_LPS_DC_UP","GSE2706_UNSTIM_VS_8H_LPS_DC_UP","113/6767","197/21355",7.74073890427133e-14,6.55979642350399e-13,1.12323205674855e-13
"GSE10239_MEMORY_VS_KLRG1INT_EFF_CD8_TCELL_DN","GSE10239_MEMORY_VS_KLRG1INT_EFF_CD8_TCELL_DN","114/6767","200/21355",1.09000336718586e-13,8.62414701166963e-13,1.47671021480346e-13
"GSE15930_STIM_VS_STIM_AND_TRICHOSTATINA_48H_CD8_T_CELL_UP","GSE15930_STIM_VS_STIM_AND_TRICHOSTATINA_48H_CD8_T_CELL_UP","114/6767","200/21355",1.09000336718586e-13,8.62414701166963e-13,1.47671021480346e-13
"GSE17186_BLOOD_VS_CORD_BLOOD_CD21LOW_TRANSITIONAL_BCELL_DN","GSE17186_BLOOD_VS_CORD_BLOOD_CD21LOW_TRANSITIONAL_BCELL_DN","114/6767","200/21355",1.09000336718586e-13,8.62414701166963e-13,1.47671021480346e-13
"GSE17301_CTRL_VS_48H_ACD3_ACD28_STIM_CD8_TCELL_DN","GSE17301_CTRL_VS_48H_ACD3_ACD28_STIM_CD8_TCELL_DN","114/6767","200/21355",1.09000336718586e-13,8.62414701166963e-13,1.47671021480346e-13
"GSE17721_CTRL_VS_LPS_6H_BMDC_UP","GSE17721_CTRL_VS_LPS_6H_BMDC_UP","114/6767","200/21355",1.09000336718586e-13,8.62414701166963e-13,1.47671021480346e-13
"GSE17721_LPS_VS_CPG_8H_BMDC_DN","GSE17721_LPS_VS_CPG_8H_BMDC_DN","114/6767","200/21355",1.09000336718586e-13,8.62414701166963e-13,1.47671021480346e-13
"GSE17721_POLYIC_VS_CPG_12H_BMDC_DN","GSE17721_POLYIC_VS_CPG_12H_BMDC_DN","114/6767","200/21355",1.09000336718586e-13,8.62414701166963e-13,1.47671021480346e-13
"GSE17721_POLYIC_VS_GARDIQUIMOD_2H_BMDC_UP","GSE17721_POLYIC_VS_GARDIQUIMOD_2H_BMDC_UP","114/6767","200/21355",1.09000336718586e-13,8.62414701166963e-13,1.47671021480346e-13
"GSE19198_1H_VS_6H_IL21_TREATED_TCELL_DN","GSE19198_1H_VS_6H_IL21_TREATED_TCELL_DN","114/6767","200/21355",1.09000336718586e-13,8.62414701166963e-13,1.47671021480346e-13
"GSE19923_HEB_KO_VS_HEB_AND_E2A_KO_DP_THYMOCYTE_UP","GSE19923_HEB_KO_VS_HEB_AND_E2A_KO_DP_THYMOCYTE_UP","114/6767","200/21355",1.09000336718586e-13,8.62414701166963e-13,1.47671021480346e-13
"GSE21063_3H_VS_16H_ANTI_IGM_STIM_NFATC1_KOBCELL_DN","GSE21063_3H_VS_16H_ANTI_IGM_STIM_NFATC1_KOBCELL_DN","114/6767","200/21355",1.09000336718586e-13,8.62414701166963e-13,1.47671021480346e-13
"GSE22886_NAIVE_BCELL_VS_DC_DN","GSE22886_NAIVE_BCELL_VS_DC_DN","114/6767","200/21355",1.09000336718586e-13,8.62414701166963e-13,1.47671021480346e-13
"GSE23502_WT_VS_HDC_KO_MYELOID_DERIVED_SUPPRESSOR_CELL_COLON_TUMOR_UP","GSE23502_WT_VS_HDC_KO_MYELOID_DERIVED_SUPPRESSOR_CELL_COLON_TUMOR_UP","114/6767","200/21355",1.09000336718586e-13,8.62414701166963e-13,1.47671021480346e-13
"GSE24210_RESTING_TREG_VS_TCONV_DN","GSE24210_RESTING_TREG_VS_TCONV_DN","114/6767","200/21355",1.09000336718586e-13,8.62414701166963e-13,1.47671021480346e-13
"GSE27786_LSK_VS_NKCELL_DN","GSE27786_LSK_VS_NKCELL_DN","114/6767","200/21355",1.09000336718586e-13,8.62414701166963e-13,1.47671021480346e-13
"GSE28737_BCL6_HET_VS_BCL6_KO_MARGINAL_ZONE_BCELL_DN","GSE28737_BCL6_HET_VS_BCL6_KO_MARGINAL_ZONE_BCELL_DN","114/6767","200/21355",1.09000336718586e-13,8.62414701166963e-13,1.47671021480346e-13
"GSE29164_UNTREATED_VS_CD8_TCELL_AND_IL12_TREATED_MELANOMA_DAY7_UP","GSE29164_UNTREATED_VS_CD8_TCELL_AND_IL12_TREATED_MELANOMA_DAY7_UP","114/6767","200/21355",1.09000336718586e-13,8.62414701166963e-13,1.47671021480346e-13
"GSE32164_RESTING_DIFFERENTIATED_VS_ALTERNATIVELY_ACT_M2_MACROPHAGE_DN","GSE32164_RESTING_DIFFERENTIATED_VS_ALTERNATIVELY_ACT_M2_MACROPHAGE_DN","114/6767","200/21355",1.09000336718586e-13,8.62414701166963e-13,1.47671021480346e-13
"GSE32986_CURDLAN_HIGHDOSE_VS_GMCSF_AND_CURDLAN_HIGHDOSE_STIM_DC_DN","GSE32986_CURDLAN_HIGHDOSE_VS_GMCSF_AND_CURDLAN_HIGHDOSE_STIM_DC_DN","114/6767","200/21355",1.09000336718586e-13,8.62414701166963e-13,1.47671021480346e-13
"GSE33425_CD161_HIGH_VS_INT_CD8_TCELL_DN","GSE33425_CD161_HIGH_VS_INT_CD8_TCELL_DN","114/6767","200/21355",1.09000336718586e-13,8.62414701166963e-13,1.47671021480346e-13
"GSE339_EX_VIVO_VS_IN_CULTURE_CD8POS_DC_UP","GSE339_EX_VIVO_VS_IN_CULTURE_CD8POS_DC_UP","114/6767","200/21355",1.09000336718586e-13,8.62414701166963e-13,1.47671021480346e-13
"GSE360_DC_VS_MAC_B_MALAYI_HIGH_DOSE_UP","GSE360_DC_VS_MAC_B_MALAYI_HIGH_DOSE_UP","114/6767","200/21355",1.09000336718586e-13,8.62414701166963e-13,1.47671021480346e-13
"GSE360_DC_VS_MAC_M_TUBERCULOSIS_DN","GSE360_DC_VS_MAC_M_TUBERCULOSIS_DN","114/6767","200/21355",1.09000336718586e-13,8.62414701166963e-13,1.47671021480346e-13
"GSE37301_MULTIPOTENT_PROGENITOR_VS_COMMON_LYMPHOID_PROGENITOR_DN","GSE37301_MULTIPOTENT_PROGENITOR_VS_COMMON_LYMPHOID_PROGENITOR_DN","114/6767","200/21355",1.09000336718586e-13,8.62414701166963e-13,1.47671021480346e-13
"GSE39110_DAY3_VS_DAY6_POST_IMMUNIZATION_CD8_TCELL_DN","GSE39110_DAY3_VS_DAY6_POST_IMMUNIZATION_CD8_TCELL_DN","114/6767","200/21355",1.09000336718586e-13,8.62414701166963e-13,1.47671021480346e-13
"GSE3982_DC_VS_TH2_UP","GSE3982_DC_VS_TH2_UP","114/6767","200/21355",1.09000336718586e-13,8.62414701166963e-13,1.47671021480346e-13
"GSE3982_EOSINOPHIL_VS_DC_DN","GSE3982_EOSINOPHIL_VS_DC_DN","114/6767","200/21355",1.09000336718586e-13,8.62414701166963e-13,1.47671021480346e-13
"GSE411_UNSTIM_VS_100MIN_IL6_STIM_MACROPHAGE_UP","GSE411_UNSTIM_VS_100MIN_IL6_STIM_MACROPHAGE_UP","114/6767","200/21355",1.09000336718586e-13,8.62414701166963e-13,1.47671021480346e-13
"GSE41867_DAY6_VS_DAY8_LCMV_CLONE13_EFFECTOR_CD8_TCELL_DN","GSE41867_DAY6_VS_DAY8_LCMV_CLONE13_EFFECTOR_CD8_TCELL_DN","114/6767","200/21355",1.09000336718586e-13,8.62414701166963e-13,1.47671021480346e-13
"GSE43260_BTLA_POS_VS_NEG_INTRATUMORAL_CD8_TCELL_UP","GSE43260_BTLA_POS_VS_NEG_INTRATUMORAL_CD8_TCELL_UP","114/6767","200/21355",1.09000336718586e-13,8.62414701166963e-13,1.47671021480346e-13
"GSE43863_TH1_VS_LY6C_INT_CXCR5POS_EFFECTOR_CD4_TCELL_UP","GSE43863_TH1_VS_LY6C_INT_CXCR5POS_EFFECTOR_CD4_TCELL_UP","114/6767","200/21355",1.09000336718586e-13,8.62414701166963e-13,1.47671021480346e-13
"GSE46606_UNSTIM_VS_CD40L_IL2_IL5_1DAY_STIMULATED_IRF4HIGH_SORTED_BCELL_DN","GSE46606_UNSTIM_VS_CD40L_IL2_IL5_1DAY_STIMULATED_IRF4HIGH_SORTED_BCELL_DN","114/6767","200/21355",1.09000336718586e-13,8.62414701166963e-13,1.47671021480346e-13
"GSE5503_MLN_DC_VS_SPLEEN_DC_ACTIVATED_ALLOGENIC_TCELL_DN","GSE5503_MLN_DC_VS_SPLEEN_DC_ACTIVATED_ALLOGENIC_TCELL_DN","114/6767","200/21355",1.09000336718586e-13,8.62414701166963e-13,1.47671021480346e-13
"GSE5589_IL6_KO_VS_IL10_KO_LPS_STIM_MACROPHAGE_45MIN_UP","GSE5589_IL6_KO_VS_IL10_KO_LPS_STIM_MACROPHAGE_45MIN_UP","114/6767","200/21355",1.09000336718586e-13,8.62414701166963e-13,1.47671021480346e-13
"GSE5589_LPS_VS_LPS_AND_IL10_STIM_IL6_KO_MACROPHAGE_180MIN_DN","GSE5589_LPS_VS_LPS_AND_IL10_STIM_IL6_KO_MACROPHAGE_180MIN_DN","114/6767","200/21355",1.09000336718586e-13,8.62414701166963e-13,1.47671021480346e-13
"GSE5589_LPS_VS_LPS_AND_IL10_STIM_IL6_KO_MACROPHAGE_180MIN_UP","GSE5589_LPS_VS_LPS_AND_IL10_STIM_IL6_KO_MACROPHAGE_180MIN_UP","114/6767","200/21355",1.09000336718586e-13,8.62414701166963e-13,1.47671021480346e-13
"GSE6092_UNSTIM_VS_IFNG_STIM_ENDOTHELIAL_CELL_UP","GSE6092_UNSTIM_VS_IFNG_STIM_ENDOTHELIAL_CELL_UP","114/6767","200/21355",1.09000336718586e-13,8.62414701166963e-13,1.47671021480346e-13
"GSE6674_ANTI_IGM_VS_PL2_3_STIM_BCELL_UP","GSE6674_ANTI_IGM_VS_PL2_3_STIM_BCELL_UP","114/6767","200/21355",1.09000336718586e-13,8.62414701166963e-13,1.47671021480346e-13
"GSE7460_CTRL_VS_TGFB_TREATED_ACT_TREG_UP","GSE7460_CTRL_VS_TGFB_TREATED_ACT_TREG_UP","114/6767","200/21355",1.09000336718586e-13,8.62414701166963e-13,1.47671021480346e-13
"GSE7509_DC_VS_MONOCYTE_UP","GSE7509_DC_VS_MONOCYTE_UP","114/6767","200/21355",1.09000336718586e-13,8.62414701166963e-13,1.47671021480346e-13
"GSE9006_HEALTHY_VS_TYPE_1_DIABETES_PBMC_1MONTH_POST_DX_UP","GSE9006_HEALTHY_VS_TYPE_1_DIABETES_PBMC_1MONTH_POST_DX_UP","114/6767","200/21355",1.09000336718586e-13,8.62414701166963e-13,1.47671021480346e-13
"GSE9006_HEALTHY_VS_TYPE_1_DIABETES_PBMC_4MONTH_POST_DX_UP","GSE9006_HEALTHY_VS_TYPE_1_DIABETES_PBMC_4MONTH_POST_DX_UP","114/6767","200/21355",1.09000336718586e-13,8.62414701166963e-13,1.47671021480346e-13
"KAECH_DAY8_EFF_VS_DAY15_EFF_CD8_TCELL_UP","KAECH_DAY8_EFF_VS_DAY15_EFF_CD8_TCELL_UP","114/6767","200/21355",1.09000336718586e-13,8.62414701166963e-13,1.47671021480346e-13
"GSE12845_IGD_NEG_BLOOD_VS_PRE_GC_TONSIL_BCELL_DN","GSE12845_IGD_NEG_BLOOD_VS_PRE_GC_TONSIL_BCELL_DN","113/6767","198/21355",1.24348367331663e-13,9.73334472228144e-13,1.66663782008207e-13
"GSE1791_CTRL_VS_NEUROMEDINU_IN_T_CELL_LINE_6H_UP","GSE1791_CTRL_VS_NEUROMEDINU_IN_T_CELL_LINE_6H_UP","113/6767","198/21355",1.24348367331663e-13,9.73334472228144e-13,1.66663782008207e-13
"GSE19198_CTRL_VS_IL21_TREATED_TCELL_6H_DN","GSE19198_CTRL_VS_IL21_TREATED_TCELL_6H_DN","113/6767","198/21355",1.24348367331663e-13,9.73334472228144e-13,1.66663782008207e-13
"GSE2770_TGFB_AND_IL4_VS_IL12_TREATED_ACT_CD4_TCELL_48H_UP","GSE2770_TGFB_AND_IL4_VS_IL12_TREATED_ACT_CD4_TCELL_48H_UP","113/6767","198/21355",1.24348367331663e-13,9.73334472228144e-13,1.66663782008207e-13
"GSE2770_TGFB_AND_IL4_VS_IL4_TREATED_ACT_CD4_TCELL_6H_DN","GSE2770_TGFB_AND_IL4_VS_IL4_TREATED_ACT_CD4_TCELL_6H_DN","113/6767","198/21355",1.24348367331663e-13,9.73334472228144e-13,1.66663782008207e-13
"GSE36476_CTRL_VS_TSST_ACT_16H_MEMORY_CD4_TCELL_YOUNG_UP","GSE36476_CTRL_VS_TSST_ACT_16H_MEMORY_CD4_TCELL_YOUNG_UP","113/6767","198/21355",1.24348367331663e-13,9.73334472228144e-13,1.66663782008207e-13
"GSE42021_TCONV_PLN_VS_TREG_PRECURSORS_THYMUS_UP","GSE42021_TCONV_PLN_VS_TREG_PRECURSORS_THYMUS_UP","113/6767","198/21355",1.24348367331663e-13,9.73334472228144e-13,1.66663782008207e-13
"GSE6092_IFNG_VS_IFNG_AND_B_BURGDORFERI_INF_ENDOTHELIAL_CELL_UP","GSE6092_IFNG_VS_IFNG_AND_B_BURGDORFERI_INF_ENDOTHELIAL_CELL_UP","105/6767","180/21355",1.31113403891236e-13,1.02472320388776e-12,1.75463059764588e-13
"GSE2770_IL12_AND_TGFB_ACT_VS_ACT_CD4_TCELL_2H_DN","GSE2770_IL12_AND_TGFB_ACT_VS_ACT_CD4_TCELL_2H_DN","112/6767","196/21355",1.41799311138002e-13,1.104870924323e-12,1.89186730905604e-13
"GSE37416_12H_VS_24H_F_TULARENSIS_LVS_NEUTROPHIL_DN","GSE37416_12H_VS_24H_F_TULARENSIS_LVS_NEUTROPHIL_DN","112/6767","196/21355",1.41799311138002e-13,1.104870924323e-12,1.89186730905604e-13
"GSE40274_CTRL_VS_SATB1_TRANSDUCED_ACTIVATED_CD4_TCELL_UP","GSE40274_CTRL_VS_SATB1_TRANSDUCED_ACTIVATED_CD4_TCELL_UP","100/6767","169/21355",1.44057456009148e-13,1.12076263574947e-12,1.91907864086942e-13
"GSE37301_HEMATOPOIETIC_STEM_CELL_VS_GRAN_MONO_PROGENITOR_DN","GSE37301_HEMATOPOIETIC_STEM_CELL_VS_GRAN_MONO_PROGENITOR_DN","103/6767","176/21355",1.67691176602368e-13,1.30265554915203e-12,2.23053335384968e-13
"GSE37301_HEMATOPOIETIC_STEM_CELL_VS_RAG2_KO_NK_CELL_UP","GSE37301_HEMATOPOIETIC_STEM_CELL_VS_RAG2_KO_NK_CELL_UP","102/6767","174/21355",1.89457368116095e-13,1.46951274785359e-12,2.51624245575003e-13
"GSE12366_PLASMA_CELL_VS_MEMORY_BCELL_DN","GSE12366_PLASMA_CELL_VS_MEMORY_BCELL_DN","113/6767","199/21355",1.98432062545335e-13,1.51844952935811e-12,2.60003676610855e-13
"GSE14769_UNSTIM_VS_120MIN_LPS_BMDM_UP","GSE14769_UNSTIM_VS_120MIN_LPS_BMDM_UP","113/6767","199/21355",1.98432062545335e-13,1.51844952935811e-12,2.60003676610855e-13
"GSE17721_LPS_VS_POLYIC_8H_BMDC_DN","GSE17721_LPS_VS_POLYIC_8H_BMDC_DN","113/6767","199/21355",1.98432062545335e-13,1.51844952935811e-12,2.60003676610855e-13
"GSE25088_WT_VS_STAT6_KO_MACROPHAGE_DN","GSE25088_WT_VS_STAT6_KO_MACROPHAGE_DN","113/6767","199/21355",1.98432062545335e-13,1.51844952935811e-12,2.60003676610855e-13
"GSE25123_CTRL_VS_IL4_STIM_MACROPHAGE_DN","GSE25123_CTRL_VS_IL4_STIM_MACROPHAGE_DN","113/6767","199/21355",1.98432062545335e-13,1.51844952935811e-12,2.60003676610855e-13
"GSE25123_WT_VS_PPARG_KO_MACROPHAGE_DN","GSE25123_WT_VS_PPARG_KO_MACROPHAGE_DN","113/6767","199/21355",1.98432062545335e-13,1.51844952935811e-12,2.60003676610855e-13
"GSE3982_MAST_CELL_VS_CENT_MEMORY_CD4_TCELL_UP","GSE3982_MAST_CELL_VS_CENT_MEMORY_CD4_TCELL_UP","113/6767","199/21355",1.98432062545335e-13,1.51844952935811e-12,2.60003676610855e-13
"GSE3982_MAST_CELL_VS_NKCELL_UP","GSE3982_MAST_CELL_VS_NKCELL_UP","113/6767","199/21355",1.98432062545335e-13,1.51844952935811e-12,2.60003676610855e-13
"GSE6674_ANTI_IGM_VS_ANTI_IGM_AND_CPG_STIM_BCELL_UP","GSE6674_ANTI_IGM_VS_ANTI_IGM_AND_CPG_STIM_BCELL_UP","113/6767","199/21355",1.98432062545335e-13,1.51844952935811e-12,2.60003676610855e-13
"GAUCHER_PBMC_YF_VAX_STAMARIL_UNKNOWN_AGE_7DY_DN","GAUCHER_PBMC_YF_VAX_STAMARIL_UNKNOWN_AGE_7DY_DN","109/6767","190/21355",2.0972621885774e-13,1.60009869655302e-12,2.73984440049115e-13
"GSE7219_UNSTIM_VS_LPS_AND_ANTI_CD40_STIM_NIK_NFKB2_KO_DC_DN","GSE7219_UNSTIM_VS_LPS_AND_ANTI_CD40_STIM_NIK_NFKB2_KO_DC_DN","109/6767","190/21355",2.0972621885774e-13,1.60009869655302e-12,2.73984440049115e-13
"GSE21063_3H_VS_16H_ANTI_IGM_STIM_BCELL_DN","GSE21063_3H_VS_16H_ANTI_IGM_STIM_BCELL_DN","112/6767","197/21355",2.26645137898842e-13,1.72149573630721e-12,2.9477122028481e-13
"GSE37416_0H_VS_3H_F_TULARENSIS_LVS_NEUTROPHIL_DN","GSE37416_0H_VS_3H_F_TULARENSIS_LVS_NEUTROPHIL_DN","112/6767","197/21355",2.26645137898842e-13,1.72149573630721e-12,2.9477122028481e-13
"GSE40274_CTRL_VS_FOXP3_AND_HELIOS_TRANSDUCED_ACTIVATED_CD4_TCELL_UP","GSE40274_CTRL_VS_FOXP3_AND_HELIOS_TRANSDUCED_ACTIVATED_CD4_TCELL_UP","112/6767","197/21355",2.26645137898842e-13,1.72149573630721e-12,2.9477122028481e-13
"GSE17974_CTRL_VS_ACT_IL4_AND_ANTI_IL12_72H_CD4_TCELL_UP","GSE17974_CTRL_VS_ACT_IL4_AND_ANTI_IL12_72H_CD4_TCELL_UP","111/6767","195/21355",2.5876949311037e-13,1.96259051949241e-12,3.36053810735049e-13
"GSE14699_DELETIONAL_TOLERANCE_VS_ACTIVATED_CD8_TCELL_DN","GSE14699_DELETIONAL_TOLERANCE_VS_ACTIVATED_CD8_TCELL_DN","107/6767","186/21355",2.71629641016165e-13,2.0570829682273e-12,3.52233725581096e-13
"GSE3920_UNTREATED_VS_IFNG_TREATED_ENDOTHELIAL_CELL_DN","GSE3920_UNTREATED_VS_IFNG_TREATED_ENDOTHELIAL_CELL_DN","106/6767","184/21355",3.08902981647983e-13,2.26213962141092e-12,3.87345517386121e-13
"GSE10239_MEMORY_VS_KLRG1HIGH_EFF_CD8_TCELL_DN","GSE10239_MEMORY_VS_KLRG1HIGH_EFF_CD8_TCELL_DN","113/6767","200/21355",3.1459051103296e-13,2.26213962141092e-12,3.87345517386121e-13
"GSE10239_NAIVE_VS_MEMORY_CD8_TCELL_UP","GSE10239_NAIVE_VS_MEMORY_CD8_TCELL_UP","113/6767","200/21355",3.1459051103296e-13,2.26213962141092e-12,3.87345517386121e-13
"GSE11961_FOLLICULAR_BCELL_VS_GERMINAL_CENTER_BCELL_DAY40_DN","GSE11961_FOLLICULAR_BCELL_VS_GERMINAL_CENTER_BCELL_DAY40_DN","113/6767","200/21355",3.1459051103296e-13,2.26213962141092e-12,3.87345517386121e-13
"GSE1448_CTRL_VS_ANTI_VBETA5_DP_THYMOCYTE_DN","GSE1448_CTRL_VS_ANTI_VBETA5_DP_THYMOCYTE_DN","113/6767","200/21355",3.1459051103296e-13,2.26213962141092e-12,3.87345517386121e-13
"GSE1460_DP_THYMOCYTE_VS_NAIVE_CD4_TCELL_CORD_BLOOD_UP","GSE1460_DP_THYMOCYTE_VS_NAIVE_CD4_TCELL_CORD_BLOOD_UP","113/6767","200/21355",3.1459051103296e-13,2.26213962141092e-12,3.87345517386121e-13
"GSE15330_MEGAKARYOCYTE_ERYTHROID_VS_GRANULOCYTE_MONOCYTE_PROGENITOR_IKAROS_KO_UP","GSE15330_MEGAKARYOCYTE_ERYTHROID_VS_GRANULOCYTE_MONOCYTE_PROGENITOR_IKAROS_KO_UP","113/6767","200/21355",3.1459051103296e-13,2.26213962141092e-12,3.87345517386121e-13
"GSE15930_STIM_VS_STIM_AND_IFNAB_48H_CD8_T_CELL_UP","GSE15930_STIM_VS_STIM_AND_IFNAB_48H_CD8_T_CELL_UP","113/6767","200/21355",3.1459051103296e-13,2.26213962141092e-12,3.87345517386121e-13
"GSE17721_CTRL_VS_CPG_12H_BMDC_UP","GSE17721_CTRL_VS_CPG_12H_BMDC_UP","113/6767","200/21355",3.1459051103296e-13,2.26213962141092e-12,3.87345517386121e-13
"GSE18893_TCONV_VS_TREG_2H_CULTURE_DN","GSE18893_TCONV_VS_TREG_2H_CULTURE_DN","113/6767","200/21355",3.1459051103296e-13,2.26213962141092e-12,3.87345517386121e-13
"GSE20727_CTRL_VS_DNFB_ALLERGEN_TREATED_DC_UP","GSE20727_CTRL_VS_DNFB_ALLERGEN_TREATED_DC_UP","113/6767","200/21355",3.1459051103296e-13,2.26213962141092e-12,3.87345517386121e-13
"GSE22886_DAY1_VS_DAY7_MONOCYTE_IN_CULTURE_DN","GSE22886_DAY1_VS_DAY7_MONOCYTE_IN_CULTURE_DN","113/6767","200/21355",3.1459051103296e-13,2.26213962141092e-12,3.87345517386121e-13
"GSE23398_WT_VS_IL2_KO_CD4_TCELL_SCURFY_MOUSE_DN","GSE23398_WT_VS_IL2_KO_CD4_TCELL_SCURFY_MOUSE_DN","113/6767","200/21355",3.1459051103296e-13,2.26213962141092e-12,3.87345517386121e-13
"GSE24142_DN2_VS_DN3_THYMOCYTE_FETAL_UP","GSE24142_DN2_VS_DN3_THYMOCYTE_FETAL_UP","113/6767","200/21355",3.1459051103296e-13,2.26213962141092e-12,3.87345517386121e-13
"GSE24634_TREG_VS_TCONV_POST_DAY7_IL4_CONVERSION_UP","GSE24634_TREG_VS_TCONV_POST_DAY7_IL4_CONVERSION_UP","113/6767","200/21355",3.1459051103296e-13,2.26213962141092e-12,3.87345517386121e-13
"GSE24726_WT_VS_E2_22_KO_PDC_DAY4_POST_DELETION_DN","GSE24726_WT_VS_E2_22_KO_PDC_DAY4_POST_DELETION_DN","113/6767","200/21355",3.1459051103296e-13,2.26213962141092e-12,3.87345517386121e-13
"GSE24814_STAT5_KO_VS_WT_PRE_BCELL_DN","GSE24814_STAT5_KO_VS_WT_PRE_BCELL_DN","113/6767","200/21355",3.1459051103296e-13,2.26213962141092e-12,3.87345517386121e-13
"GSE26030_TH1_VS_TH17_DAY15_POST_POLARIZATION_DN","GSE26030_TH1_VS_TH17_DAY15_POST_POLARIZATION_DN","113/6767","200/21355",3.1459051103296e-13,2.26213962141092e-12,3.87345517386121e-13
"GSE26030_UNSTIM_VS_RESTIM_TH1_DAY15_POST_POLARIZATION_UP","GSE26030_UNSTIM_VS_RESTIM_TH1_DAY15_POST_POLARIZATION_UP","113/6767","200/21355",3.1459051103296e-13,2.26213962141092e-12,3.87345517386121e-13
"GSE26030_UNSTIM_VS_RESTIM_TH1_DAY5_POST_POLARIZATION_DN","GSE26030_UNSTIM_VS_RESTIM_TH1_DAY5_POST_POLARIZATION_DN","113/6767","200/21355",3.1459051103296e-13,2.26213962141092e-12,3.87345517386121e-13
"GSE29164_CD8_TCELL_VS_CD8_TCELL_AND_IL12_TREATED_MELANOMA_DAY7_UP","GSE29164_CD8_TCELL_VS_CD8_TCELL_AND_IL12_TREATED_MELANOMA_DAY7_UP","113/6767","200/21355",3.1459051103296e-13,2.26213962141092e-12,3.87345517386121e-13
"GSE29164_UNTREATED_VS_CD8_TCELL_AND_IL12_TREATED_MELANOMA_DAY3_DN","GSE29164_UNTREATED_VS_CD8_TCELL_AND_IL12_TREATED_MELANOMA_DAY3_DN","113/6767","200/21355",3.1459051103296e-13,2.26213962141092e-12,3.87345517386121e-13
"GSE29618_PRE_VS_DAY7_FLU_VACCINE_PDC_DN","GSE29618_PRE_VS_DAY7_FLU_VACCINE_PDC_DN","113/6767","200/21355",3.1459051103296e-13,2.26213962141092e-12,3.87345517386121e-13
"GSE35543_IN_VITRO_ITREG_VS_CONVERTED_EX_ITREG_UP","GSE35543_IN_VITRO_ITREG_VS_CONVERTED_EX_ITREG_UP","113/6767","200/21355",3.1459051103296e-13,2.26213962141092e-12,3.87345517386121e-13
"GSE360_CTRL_VS_T_GONDII_MAC_UP","GSE360_CTRL_VS_T_GONDII_MAC_UP","113/6767","200/21355",3.1459051103296e-13,2.26213962141092e-12,3.87345517386121e-13
"GSE360_L_DONOVANI_VS_T_GONDII_MAC_DN","GSE360_L_DONOVANI_VS_T_GONDII_MAC_DN","113/6767","200/21355",3.1459051103296e-13,2.26213962141092e-12,3.87345517386121e-13
"GSE37301_LYMPHOID_PRIMED_MPP_VS_GRAN_MONO_PROGENITOR_UP","GSE37301_LYMPHOID_PRIMED_MPP_VS_GRAN_MONO_PROGENITOR_UP","113/6767","200/21355",3.1459051103296e-13,2.26213962141092e-12,3.87345517386121e-13
"GSE3982_BASOPHIL_VS_TH2_UP","GSE3982_BASOPHIL_VS_TH2_UP","113/6767","200/21355",3.1459051103296e-13,2.26213962141092e-12,3.87345517386121e-13
"GSE40655_FOXO1_KO_VS_WT_NTREG_UP","GSE40655_FOXO1_KO_VS_WT_NTREG_UP","113/6767","200/21355",3.1459051103296e-13,2.26213962141092e-12,3.87345517386121e-13
"GSE40666_WT_VS_STAT1_KO_CD8_TCELL_WITH_IFNA_STIM_90MIN_DN","GSE40666_WT_VS_STAT1_KO_CD8_TCELL_WITH_IFNA_STIM_90MIN_DN","113/6767","200/21355",3.1459051103296e-13,2.26213962141092e-12,3.87345517386121e-13
"GSE43955_1H_VS_20H_ACT_CD4_TCELL_WITH_TGFB_IL6_UP","GSE43955_1H_VS_20H_ACT_CD4_TCELL_WITH_TGFB_IL6_UP","113/6767","200/21355",3.1459051103296e-13,2.26213962141092e-12,3.87345517386121e-13
"GSE44649_NAIVE_VS_ACTIVATED_CD8_TCELL_MIR155_KO_UP","GSE44649_NAIVE_VS_ACTIVATED_CD8_TCELL_MIR155_KO_UP","113/6767","200/21355",3.1459051103296e-13,2.26213962141092e-12,3.87345517386121e-13
"GSE45365_HEALTHY_VS_MCMV_INFECTION_CD8A_DC_DN","GSE45365_HEALTHY_VS_MCMV_INFECTION_CD8A_DC_DN","113/6767","200/21355",3.1459051103296e-13,2.26213962141092e-12,3.87345517386121e-13
"GSE7831_UNSTIM_VS_CPG_STIM_PDC_4H_UP","GSE7831_UNSTIM_VS_CPG_STIM_PDC_4H_UP","113/6767","200/21355",3.1459051103296e-13,2.26213962141092e-12,3.87345517386121e-13
"GSE9650_EFFECTOR_VS_MEMORY_CD8_TCELL_DN","GSE9650_EFFECTOR_VS_MEMORY_CD8_TCELL_DN","113/6767","200/21355",3.1459051103296e-13,2.26213962141092e-12,3.87345517386121e-13
"GSE9878_CTRL_VS_EBF_TRANSDUCED_PAX5_KO_PRO_BCELL_DN","GSE9878_CTRL_VS_EBF_TRANSDUCED_PAX5_KO_PRO_BCELL_DN","113/6767","200/21355",3.1459051103296e-13,2.26213962141092e-12,3.87345517386121e-13
"OCONNOR_PBMC_MENVEO_ACWYVAX_AGE_30_70YO_7DY_AFTER_SECOND_DOSE_VS_7DY_AFTER_FIRST_DOSE_DN","OCONNOR_PBMC_MENVEO_ACWYVAX_AGE_30_70YO_7DY_AFTER_SECOND_DOSE_VS_7DY_AFTER_FIRST_DOSE_DN","131/6767","242/21355",3.30587927099634e-13,2.37384356055998e-12,4.06472550790351e-13
"GSE13547_CTRL_VS_ANTI_IGM_STIM_BCELL_2H_UP","GSE13547_CTRL_VS_ANTI_IGM_STIM_BCELL_2H_UP","105/6767","182/21355",3.51112643681247e-13,2.51769863518008e-12,4.31104813883195e-13
"GSE13411_IGM_VS_SWITCHED_MEMORY_BCELL_DN","GSE13411_IGM_VS_SWITCHED_MEMORY_BCELL_DN","112/6767","198/21355",3.59868839102625e-13,2.56613009468589e-12,4.39397718778404e-13
"GSE17974_2.5H_VS_72H_IL4_AND_ANTI_IL12_ACT_CD4_TCELL_UP","GSE17974_2.5H_VS_72H_IL4_AND_ANTI_IL12_ACT_CD4_TCELL_UP","112/6767","198/21355",3.59868839102625e-13,2.56613009468589e-12,4.39397718778404e-13
"GSE29949_CD8_NEG_DC_SPLEEN_VS_MONOCYTE_BONE_MARROW_UP","GSE29949_CD8_NEG_DC_SPLEEN_VS_MONOCYTE_BONE_MARROW_UP","112/6767","198/21355",3.59868839102625e-13,2.56613009468589e-12,4.39397718778404e-13
"GSE37301_LYMPHOID_PRIMED_MPP_VS_CD4_TCELL_DN","GSE37301_LYMPHOID_PRIMED_MPP_VS_CD4_TCELL_DN","112/6767","198/21355",3.59868839102625e-13,2.56613009468589e-12,4.39397718778404e-13
"GAUCHER_PBMC_YF_VAX_STAMARIL_UNKNOWN_AGE_10DY_UP","GAUCHER_PBMC_YF_VAX_STAMARIL_UNKNOWN_AGE_10DY_UP","111/6767","196/21355",4.11518789568404e-13,2.93035671405167e-12,5.01764138157966e-13
"GSE21670_UNTREATED_VS_TGFB_IL6_TREATED_CD4_TCELL_UP","GSE21670_UNTREATED_VS_TGFB_IL6_TREATED_CD4_TCELL_UP","110/6767","194/21355",4.70410899772654e-13,3.34507168257198e-12,5.72775663056272e-13
"GSE37533_UNTREATED_VS_PIOGLIZATONE_TREATED_CD4_TCELL_PPARG2_AND_FOXP3_TRASDUCED_DN","GSE37533_UNTREATED_VS_PIOGLIZATONE_TREATED_CD4_TCELL_PPARG2_AND_FOXP3_TRASDUCED_DN","94/6767","158/21355",4.89519789759086e-13,3.47613291148869e-12,5.95217239625423e-13
"GSE6259_33D1_POS_DC_VS_CD4_TCELL_DN","GSE6259_33D1_POS_DC_VS_CD4_TCELL_DN","102/6767","176/21355",5.13952150601162e-13,3.64458184803895e-12,6.24060702629933e-13
"GSE12366_PLASMA_CELL_VS_NAIVE_BCELL_DN","GSE12366_PLASMA_CELL_VS_NAIVE_BCELL_DN","112/6767","199/21355",5.67695493980972e-13,3.95996571107543e-12,6.7806379087738e-13
"GSE15330_WT_VS_IKAROS_KO_HSC_DN","GSE15330_WT_VS_IKAROS_KO_HSC_DN","112/6767","199/21355",5.67695493980972e-13,3.95996571107543e-12,6.7806379087738e-13
"GSE15735_CTRL_VS_HDAC_INHIBITOR_TREATED_CD4_TCELL_2H_UP","GSE15735_CTRL_VS_HDAC_INHIBITOR_TREATED_CD4_TCELL_2H_UP","112/6767","199/21355",5.67695493980972e-13,3.95996571107543e-12,6.7806379087738e-13
"GSE17322_CD103_POS_VS_CD11B_HIGH_LUNG_DC_DN","GSE17322_CD103_POS_VS_CD11B_HIGH_LUNG_DC_DN","112/6767","199/21355",5.67695493980972e-13,3.95996571107543e-12,6.7806379087738e-13
"GSE17721_PAM3CSK4_VS_GADIQUIMOD_8H_BMDC_UP","GSE17721_PAM3CSK4_VS_GADIQUIMOD_8H_BMDC_UP","112/6767","199/21355",5.67695493980972e-13,3.95996571107543e-12,6.7806379087738e-13
"GSE17974_1.5H_VS_72H_IL4_AND_ANTI_IL12_ACT_CD4_TCELL_DN","GSE17974_1.5H_VS_72H_IL4_AND_ANTI_IL12_ACT_CD4_TCELL_DN","112/6767","199/21355",5.67695493980972e-13,3.95996571107543e-12,6.7806379087738e-13
"GSE19941_UNSTIM_VS_LPS_AND_IL10_STIM_IL10_KO_MACROPHAGE_DN","GSE19941_UNSTIM_VS_LPS_AND_IL10_STIM_IL10_KO_MACROPHAGE_DN","112/6767","199/21355",5.67695493980972e-13,3.95996571107543e-12,6.7806379087738e-13
"GSE22140_GERMFREE_VS_SPF_ARTHRITIC_MOUSE_CD4_TCELL_DN","GSE22140_GERMFREE_VS_SPF_ARTHRITIC_MOUSE_CD4_TCELL_DN","112/6767","199/21355",5.67695493980972e-13,3.95996571107543e-12,6.7806379087738e-13
"GSE23321_CD8_STEM_CELL_MEMORY_VS_EFFECTOR_MEMORY_CD8_TCELL_DN","GSE23321_CD8_STEM_CELL_MEMORY_VS_EFFECTOR_MEMORY_CD8_TCELL_DN","112/6767","199/21355",5.67695493980972e-13,3.95996571107543e-12,6.7806379087738e-13
"GSE369_SOCS3_KO_VS_WT_LIVER_UP","GSE369_SOCS3_KO_VS_WT_LIVER_UP","112/6767","199/21355",5.67695493980972e-13,3.95996571107543e-12,6.7806379087738e-13
"GSE37301_COMMON_LYMPHOID_PROGENITOR_VS_PRO_BCELL_DN","GSE37301_COMMON_LYMPHOID_PROGENITOR_VS_PRO_BCELL_DN","112/6767","199/21355",5.67695493980972e-13,3.95996571107543e-12,6.7806379087738e-13
"GSE40666_STAT1_KO_VS_STAT4_KO_CD8_TCELL_UP","GSE40666_STAT1_KO_VS_STAT4_KO_CD8_TCELL_UP","112/6767","199/21355",5.67695493980972e-13,3.95996571107543e-12,6.7806379087738e-13
"GSE37532_VISCERAL_ADIPOSE_TISSUE_VS_LN_DERIVED_PPARG_KO_TCONV_CD4_TCELL_UP","GSE37532_VISCERAL_ADIPOSE_TISSUE_VS_LN_DERIVED_PPARG_KO_TCONV_CD4_TCELL_UP","97/6767","165/21355",5.77478058492679e-13,4.02273098626626e-12,6.88811070913751e-13
"GSE13547_2H_VS_12_H_ANTI_IGM_STIM_ZFX_KO_BCELL_DN","GSE13547_2H_VS_12_H_ANTI_IGM_STIM_ZFX_KO_BCELL_DN","101/6767","174/21355",5.82893994831269e-13,4.05494913364982e-12,6.94327775032891e-13
"GSE13411_PLASMA_CELL_VS_MEMORY_BCELL_DN","GSE13411_PLASMA_CELL_VS_MEMORY_BCELL_DN","111/6767","197/21355",6.50134781839568e-13,4.49830098042033e-12,7.7024278436565e-13
"GSE25123_WT_VS_PPARG_KO_MACROPHAGE_IL4_AND_ROSIGLITAZONE_STIM_DN","GSE25123_WT_VS_PPARG_KO_MACROPHAGE_IL4_AND_ROSIGLITAZONE_STIM_DN","111/6767","197/21355",6.50134781839568e-13,4.49830098042033e-12,7.7024278436565e-13
"GSE3982_DC_VS_NEUTROPHIL_DN","GSE3982_DC_VS_NEUTROPHIL_DN","111/6767","197/21355",6.50134781839568e-13,4.49830098042033e-12,7.7024278436565e-13
"GSE6259_33D1_POS_VS_DEC205_POS_SPLENIC_DC_DN","GSE6259_33D1_POS_VS_DEC205_POS_SPLENIC_DC_DN","111/6767","197/21355",6.50134781839568e-13,4.49830098042033e-12,7.7024278436565e-13
"GSE11864_UNTREATED_VS_CSF1_IFNG_IN_MAC_UP","GSE11864_UNTREATED_VS_CSF1_IFNG_IN_MAC_UP","110/6767","195/21355",7.442997789827e-13,5.13596899979045e-12,8.79430496099131e-13
"GSE34205_RSV_VS_FLU_INF_INFANT_PBMC_DN","GSE34205_RSV_VS_FLU_INF_INFANT_PBMC_DN","110/6767","195/21355",7.442997789827e-13,5.13596899979045e-12,8.79430496099131e-13
"GSE32255_UNSTIM_VS_4H_LPS_STIM_DC_UP","GSE32255_UNSTIM_VS_4H_LPS_STIM_DC_UP","106/6767","186/21355",8.00117131570592e-13,5.51371039457315e-12,9.44111046590088e-13
"GSE12392_CD8A_POS_VS_NEG_SPLEEN_IFNB_KO_DC_DN","GSE12392_CD8A_POS_VS_NEG_SPLEEN_IFNB_KO_DC_DN","112/6767","200/21355",8.89829108642061e-13,5.70982958699355e-12,9.77692479556656e-13
"GSE13522_CTRL_VS_T_CRUZI_Y_STRAIN_INF_SKIN_IFNAR_KO_DN","GSE13522_CTRL_VS_T_CRUZI_Y_STRAIN_INF_SKIN_IFNAR_KO_DN","112/6767","200/21355",8.89829108642061e-13,5.70982958699355e-12,9.77692479556656e-13
"GSE15330_WT_VS_IKAROS_KO_LYMPHOID_MULTIPOTENT_PROGENITOR_UP","GSE15330_WT_VS_IKAROS_KO_LYMPHOID_MULTIPOTENT_PROGENITOR_UP","112/6767","200/21355",8.89829108642061e-13,5.70982958699355e-12,9.77692479556656e-13
"GSE15930_NAIVE_VS_72H_IN_VITRO_STIM_IL12_CD8_TCELL_UP","GSE15930_NAIVE_VS_72H_IN_VITRO_STIM_IL12_CD8_TCELL_UP","112/6767","200/21355",8.89829108642061e-13,5.70982958699355e-12,9.77692479556656e-13
"GSE17186_NAIVE_VS_CD21LOW_TRANSITIONAL_BCELL_CORD_BLOOD_UP","GSE17186_NAIVE_VS_CD21LOW_TRANSITIONAL_BCELL_CORD_BLOOD_UP","112/6767","200/21355",8.89829108642061e-13,5.70982958699355e-12,9.77692479556656e-13
"GSE17721_CTRL_VS_PAM3CSK4_24H_BMDC_UP","GSE17721_CTRL_VS_PAM3CSK4_24H_BMDC_UP","112/6767","200/21355",8.89829108642061e-13,5.70982958699355e-12,9.77692479556656e-13
"GSE17721_LPS_VS_PAM3CSK4_24H_BMDC_DN","GSE17721_LPS_VS_PAM3CSK4_24H_BMDC_DN","112/6767","200/21355",8.89829108642061e-13,5.70982958699355e-12,9.77692479556656e-13
"GSE17721_POLYIC_VS_PAM3CSK4_2H_BMDC_UP","GSE17721_POLYIC_VS_PAM3CSK4_2H_BMDC_UP","112/6767","200/21355",8.89829108642061e-13,5.70982958699355e-12,9.77692479556656e-13
"GSE1925_CTRL_VS_IFNG_PRIMED_MACROPHAGE_DN","GSE1925_CTRL_VS_IFNG_PRIMED_MACROPHAGE_DN","112/6767","200/21355",8.89829108642061e-13,5.70982958699355e-12,9.77692479556656e-13
"GSE20366_CD103_KLRG1_DP_VS_DN_TREG_DN","GSE20366_CD103_KLRG1_DP_VS_DN_TREG_DN","112/6767","200/21355",8.89829108642061e-13,5.70982958699355e-12,9.77692479556656e-13
"GSE21063_WT_VS_NFATC1_KO_BCELL_DN","GSE21063_WT_VS_NFATC1_KO_BCELL_DN","112/6767","200/21355",8.89829108642061e-13,5.70982958699355e-12,9.77692479556656e-13
"GSE21670_STAT3_KO_VS_WT_CD4_TCELL_TGFB_IL6_TREATED_UP","GSE21670_STAT3_KO_VS_WT_CD4_TCELL_TGFB_IL6_TREATED_UP","112/6767","200/21355",8.89829108642061e-13,5.70982958699355e-12,9.77692479556656e-13
"GSE22103_LPS_VS_GMCSF_AND_IFNG_STIM_NEUTROPHIL_UP","GSE22103_LPS_VS_GMCSF_AND_IFNG_STIM_NEUTROPHIL_UP","112/6767","200/21355",8.89829108642061e-13,5.70982958699355e-12,9.77692479556656e-13
"GSE22432_CDC_VS_COMMON_DC_PROGENITOR_UP","GSE22432_CDC_VS_COMMON_DC_PROGENITOR_UP","112/6767","200/21355",8.89829108642061e-13,5.70982958699355e-12,9.77692479556656e-13
"GSE22886_IGG_IGA_MEMORY_BCELL_VS_BM_PLASMA_CELL_UP","GSE22886_IGG_IGA_MEMORY_BCELL_VS_BM_PLASMA_CELL_UP","112/6767","200/21355",8.89829108642061e-13,5.70982958699355e-12,9.77692479556656e-13
"GSE22886_NAIVE_CD4_TCELL_VS_48H_ACT_TH2_DN","GSE22886_NAIVE_CD4_TCELL_VS_48H_ACT_TH2_DN","112/6767","200/21355",8.89829108642061e-13,5.70982958699355e-12,9.77692479556656e-13
"GSE23568_CTRL_VS_ID3_TRANSDUCED_CD8_TCELL_UP","GSE23568_CTRL_VS_ID3_TRANSDUCED_CD8_TCELL_UP","112/6767","200/21355",8.89829108642061e-13,5.70982958699355e-12,9.77692479556656e-13
"GSE23568_ID3_TRANSDUCED_VS_ID3_KO_CD8_TCELL_DN","GSE23568_ID3_TRANSDUCED_VS_ID3_KO_CD8_TCELL_DN","112/6767","200/21355",8.89829108642061e-13,5.70982958699355e-12,9.77692479556656e-13
"GSE24026_PD1_LIGATION_VS_CTRL_IN_ACT_TCELL_LINE_DN","GSE24026_PD1_LIGATION_VS_CTRL_IN_ACT_TCELL_LINE_DN","112/6767","200/21355",8.89829108642061e-13,5.70982958699355e-12,9.77692479556656e-13
"GSE24634_IL4_VS_CTRL_TREATED_NAIVE_CD4_TCELL_DAY7_DN","GSE24634_IL4_VS_CTRL_TREATED_NAIVE_CD4_TCELL_DAY7_DN","112/6767","200/21355",8.89829108642061e-13,5.70982958699355e-12,9.77692479556656e-13
"GSE2770_UNTREATED_VS_ACT_CD4_TCELL_2H_DN","GSE2770_UNTREATED_VS_ACT_CD4_TCELL_2H_DN","112/6767","200/21355",8.89829108642061e-13,5.70982958699355e-12,9.77692479556656e-13
"GSE3039_ALPHAALPHA_CD8_TCELL_VS_B1_BCELL_UP","GSE3039_ALPHAALPHA_CD8_TCELL_VS_B1_BCELL_UP","112/6767","200/21355",8.89829108642061e-13,5.70982958699355e-12,9.77692479556656e-13
"GSE3039_CD4_TCELL_VS_ALPHABETA_CD8_TCELL_DN","GSE3039_CD4_TCELL_VS_ALPHABETA_CD8_TCELL_DN","112/6767","200/21355",8.89829108642061e-13,5.70982958699355e-12,9.77692479556656e-13
"GSE33162_UNTREATED_VS_4H_LPS_STIM_HDAC3_KO_MACROPHAGE_UP","GSE33162_UNTREATED_VS_4H_LPS_STIM_HDAC3_KO_MACROPHAGE_UP","112/6767","200/21355",8.89829108642061e-13,5.70982958699355e-12,9.77692479556656e-13
"GSE34006_UNTREATED_VS_A2AR_AGONIST_TREATED_TREG_UP","GSE34006_UNTREATED_VS_A2AR_AGONIST_TREATED_TREG_UP","112/6767","200/21355",8.89829108642061e-13,5.70982958699355e-12,9.77692479556656e-13
"GSE35685_CD34POS_CD38NEG_VS_CD34POS_CD10NEG_CD62LPOS_BONE_MARROW_UP","GSE35685_CD34POS_CD38NEG_VS_CD34POS_CD10NEG_CD62LPOS_BONE_MARROW_UP","112/6767","200/21355",8.89829108642061e-13,5.70982958699355e-12,9.77692479556656e-13
"GSE36009_UNSTIM_VS_LPS_STIM_DC_DN","GSE36009_UNSTIM_VS_LPS_STIM_DC_DN","112/6767","200/21355",8.89829108642061e-13,5.70982958699355e-12,9.77692479556656e-13
"GSE36888_STAT5_AB_KNOCKIN_VS_WT_TCELL_IL2_TREATED_6H_DN","GSE36888_STAT5_AB_KNOCKIN_VS_WT_TCELL_IL2_TREATED_6H_DN","112/6767","200/21355",8.89829108642061e-13,5.70982958699355e-12,9.77692479556656e-13
"GSE3982_DC_VS_BASOPHIL_UP","GSE3982_DC_VS_BASOPHIL_UP","112/6767","200/21355",8.89829108642061e-13,5.70982958699355e-12,9.77692479556656e-13
"GSE3982_EFF_MEMORY_CD4_TCELL_VS_TH2_DN","GSE3982_EFF_MEMORY_CD4_TCELL_VS_TH2_DN","112/6767","200/21355",8.89829108642061e-13,5.70982958699355e-12,9.77692479556656e-13
"GSE39820_CTRL_VS_IL1B_IL6_IL23A_CD4_TCELL_UP","GSE39820_CTRL_VS_IL1B_IL6_IL23A_CD4_TCELL_UP","112/6767","200/21355",8.89829108642061e-13,5.70982958699355e-12,9.77692479556656e-13
"GSE40273_GATA1_KO_VS_WT_TREG_UP","GSE40273_GATA1_KO_VS_WT_TREG_UP","112/6767","200/21355",8.89829108642061e-13,5.70982958699355e-12,9.77692479556656e-13
"GSE40274_LEF1_VS_FOXP3_AND_LEF1_TRANSDUCED_ACTIVATED_CD4_TCELL_UP","GSE40274_LEF1_VS_FOXP3_AND_LEF1_TRANSDUCED_ACTIVATED_CD4_TCELL_UP","112/6767","200/21355",8.89829108642061e-13,5.70982958699355e-12,9.77692479556656e-13
"GSE40277_EOS_AND_LEF1_TRANSDUCED_VS_CTRL_CD4_TCELL_UP","GSE40277_EOS_AND_LEF1_TRANSDUCED_VS_CTRL_CD4_TCELL_UP","112/6767","200/21355",8.89829108642061e-13,5.70982958699355e-12,9.77692479556656e-13
"GSE40666_UNTREATED_VS_IFNA_STIM_STAT4_KO_EFFECTOR_CD8_TCELL_90MIN_UP","GSE40666_UNTREATED_VS_IFNA_STIM_STAT4_KO_EFFECTOR_CD8_TCELL_90MIN_UP","112/6767","200/21355",8.89829108642061e-13,5.70982958699355e-12,9.77692479556656e-13
"GSE411_UNSTIM_VS_100MIN_IL6_STIM_SOCS3_KO_MACROPHAGE_DN","GSE411_UNSTIM_VS_100MIN_IL6_STIM_SOCS3_KO_MACROPHAGE_DN","112/6767","200/21355",8.89829108642061e-13,5.70982958699355e-12,9.77692479556656e-13
"GSE411_UNSTIM_VS_400MIN_IL6_STIM_MACROPHAGE_DN","GSE411_UNSTIM_VS_400MIN_IL6_STIM_MACROPHAGE_DN","112/6767","200/21355",8.89829108642061e-13,5.70982958699355e-12,9.77692479556656e-13
"GSE411_WT_VS_SOCS3_KO_MACROPHAGE_UP","GSE411_WT_VS_SOCS3_KO_MACROPHAGE_UP","112/6767","200/21355",8.89829108642061e-13,5.70982958699355e-12,9.77692479556656e-13
"GSE41867_DAY6_EFFECTOR_VS_DAY30_EXHAUSTED_CD8_TCELL_LCMV_CLONE13_DN","GSE41867_DAY6_EFFECTOR_VS_DAY30_EXHAUSTED_CD8_TCELL_LCMV_CLONE13_DN","112/6767","200/21355",8.89829108642061e-13,5.70982958699355e-12,9.77692479556656e-13
"GSE41867_LCMV_ARMSTRONG_VS_CLONE13_DAY6_EFFECTOR_CD8_TCELL_UP","GSE41867_LCMV_ARMSTRONG_VS_CLONE13_DAY6_EFFECTOR_CD8_TCELL_UP","112/6767","200/21355",8.89829108642061e-13,5.70982958699355e-12,9.77692479556656e-13
"GSE41867_LCMV_ARMSTRONG_VS_CLONE13_DAY8_EFFECTOR_CD8_TCELL_UP","GSE41867_LCMV_ARMSTRONG_VS_CLONE13_DAY8_EFFECTOR_CD8_TCELL_UP","112/6767","200/21355",8.89829108642061e-13,5.70982958699355e-12,9.77692479556656e-13
"GSE42021_CD24LO_TREG_VS_CD24LO_TCONV_THYMUS_DN","GSE42021_CD24LO_TREG_VS_CD24LO_TCONV_THYMUS_DN","112/6767","200/21355",8.89829108642061e-13,5.70982958699355e-12,9.77692479556656e-13
"GSE42724_B1_BCELL_VS_PLASMABLAST_DN","GSE42724_B1_BCELL_VS_PLASMABLAST_DN","112/6767","200/21355",8.89829108642061e-13,5.70982958699355e-12,9.77692479556656e-13
"GSE43863_DAY6_EFF_VS_DAY150_MEM_LY6C_INT_CXCR5POS_CD4_TCELL_UP","GSE43863_DAY6_EFF_VS_DAY150_MEM_LY6C_INT_CXCR5POS_CD4_TCELL_UP","112/6767","200/21355",8.89829108642061e-13,5.70982958699355e-12,9.77692479556656e-13
"GSE43863_TH1_VS_LY6C_LOW_CXCR5NEG_EFFECTOR_CD4_TCELL_DN","GSE43863_TH1_VS_LY6C_LOW_CXCR5NEG_EFFECTOR_CD4_TCELL_DN","112/6767","200/21355",8.89829108642061e-13,5.70982958699355e-12,9.77692479556656e-13
"GSE43955_TGFB_IL6_VS_TGFB_IL6_IL23_TH17_ACT_CD4_TCELL_52H_DN","GSE43955_TGFB_IL6_VS_TGFB_IL6_IL23_TH17_ACT_CD4_TCELL_52H_DN","112/6767","200/21355",8.89829108642061e-13,5.70982958699355e-12,9.77692479556656e-13
"GSE45365_NK_CELL_VS_CD11B_DC_MCMV_INFECTION_DN","GSE45365_NK_CELL_VS_CD11B_DC_MCMV_INFECTION_DN","112/6767","200/21355",8.89829108642061e-13,5.70982958699355e-12,9.77692479556656e-13
"GSE46606_IRF4HIGH_VS_IRF4MID_CD40L_IL2_IL5_DAY1_STIMULATED_BCELL_UP","GSE46606_IRF4HIGH_VS_IRF4MID_CD40L_IL2_IL5_DAY1_STIMULATED_BCELL_UP","112/6767","200/21355",8.89829108642061e-13,5.70982958699355e-12,9.77692479556656e-13
"GSE5589_IL6_KO_VS_IL10_KO_LPS_AND_IL6_STIM_MACROPHAGE_45MIN_UP","GSE5589_IL6_KO_VS_IL10_KO_LPS_AND_IL6_STIM_MACROPHAGE_45MIN_UP","112/6767","200/21355",8.89829108642061e-13,5.70982958699355e-12,9.77692479556656e-13
"GSE5589_WT_VS_IL10_KO_LPS_AND_IL10_STIM_MACROPHAGE_45MIN_DN","GSE5589_WT_VS_IL10_KO_LPS_AND_IL10_STIM_MACROPHAGE_45MIN_DN","112/6767","200/21355",8.89829108642061e-13,5.70982958699355e-12,9.77692479556656e-13
"GSE5589_WT_VS_IL10_KO_LPS_STIM_MACROPHAGE_45MIN_UP","GSE5589_WT_VS_IL10_KO_LPS_STIM_MACROPHAGE_45MIN_UP","112/6767","200/21355",8.89829108642061e-13,5.70982958699355e-12,9.77692479556656e-13
"GSE6259_FLT3L_INDUCED_33D1_POS_DC_VS_BCELL_DN","GSE6259_FLT3L_INDUCED_33D1_POS_DC_VS_BCELL_DN","112/6767","200/21355",8.89829108642061e-13,5.70982958699355e-12,9.77692479556656e-13
"GSE6674_UNSTIM_VS_ANTI_IGM_AND_CPG_STIM_BCELL_UP","GSE6674_UNSTIM_VS_ANTI_IGM_AND_CPG_STIM_BCELL_UP","112/6767","200/21355",8.89829108642061e-13,5.70982958699355e-12,9.77692479556656e-13
"GSE9650_NAIVE_VS_EXHAUSTED_CD8_TCELL_UP","GSE9650_NAIVE_VS_EXHAUSTED_CD8_TCELL_UP","112/6767","200/21355",8.89829108642061e-13,5.70982958699355e-12,9.77692479556656e-13
"KAECH_NAIVE_VS_DAY15_EFF_CD8_TCELL_UP","KAECH_NAIVE_VS_DAY15_EFF_CD8_TCELL_UP","112/6767","200/21355",8.89829108642061e-13,5.70982958699355e-12,9.77692479556656e-13
"GSE3920_UNTREATED_VS_IFNB_TREATED_ENDOTHELIAL_CELL_DN","GSE3920_UNTREATED_VS_IFNB_TREATED_ENDOTHELIAL_CELL_DN","101/6767","175/21355",9.50883151555032e-13,6.09397239752831e-12,1.0434691426275e-12
"GSE21678_WT_VS_FOXO1_FOXO3_KO_TREG_DN","GSE21678_WT_VS_FOXO1_FOXO3_KO_TREG_DN","108/6767","191/21355",9.74516780213986e-13,6.23763736848578e-12,1.06806885432481e-12
"GSE25088_WT_VS_STAT6_KO_MACROPHAGE_IL4_STIM_DN","GSE25088_WT_VS_STAT6_KO_MACROPHAGE_IL4_STIM_DN","111/6767","198/21355",1.02047408809016e-12,6.48323500574755e-12,1.11012246718476e-12
"GSE2706_LPS_VS_R848_AND_LPS_8H_STIM_DC_UP","GSE2706_LPS_VS_R848_AND_LPS_8H_STIM_DC_UP","111/6767","198/21355",1.02047408809016e-12,6.48323500574755e-12,1.11012246718476e-12
"GSE2770_IL12_AND_TGFB_VS_IL4_TREATED_ACT_CD4_TCELL_2H_DN","GSE2770_IL12_AND_TGFB_VS_IL4_TREATED_ACT_CD4_TCELL_2H_DN","111/6767","198/21355",1.02047408809016e-12,6.48323500574755e-12,1.11012246718476e-12
"GSE360_CTRL_VS_M_TUBERCULOSIS_MAC_UP","GSE360_CTRL_VS_M_TUBERCULOSIS_MAC_UP","111/6767","198/21355",1.02047408809016e-12,6.48323500574755e-12,1.11012246718476e-12
"GSE37416_CTRL_VS_12H_F_TULARENSIS_LVS_NEUTROPHIL_DN","GSE37416_CTRL_VS_12H_F_TULARENSIS_LVS_NEUTROPHIL_DN","111/6767","198/21355",1.02047408809016e-12,6.48323500574755e-12,1.11012246718476e-12
"GSE5542_UNTREATED_VS_IFNG_TREATED_EPITHELIAL_CELLS_24H_UP","GSE5542_UNTREATED_VS_IFNG_TREATED_EPITHELIAL_CELLS_24H_UP","111/6767","198/21355",1.02047408809016e-12,6.48323500574755e-12,1.11012246718476e-12
"GSE2770_TGFB_AND_IL4_VS_TGFB_AND_IL12_TREATED_ACT_CD4_TCELL_48H_DN","GSE2770_TGFB_AND_IL4_VS_TGFB_AND_IL12_TREATED_ACT_CD4_TCELL_48H_DN","110/6767","196/21355",1.16994988172187e-12,7.42367950939115e-12,1.27115450932262e-12
"GSE3565_CTRL_VS_LPS_INJECTED_DUSP1_KO_SPLENOCYTES_DN","GSE3565_CTRL_VS_LPS_INJECTED_DUSP1_KO_SPLENOCYTES_DN","99/6767","171/21355",1.22617640819717e-12,7.77083614935339e-12,1.33059804103369e-12
"GSE10856_CTRL_VS_TNFRSF6B_IN_MACROPHAGE_UP","GSE10856_CTRL_VS_TNFRSF6B_IN_MACROPHAGE_UP","106/6767","187/21355",1.27410012812224e-12,8.0546379246396e-12,1.37919333747024e-12
"GSE7218_UNSTIM_VS_ANTIGEN_STIM_THROUGH_IGG_BCELL_UP","GSE7218_UNSTIM_VS_ANTIGEN_STIM_THROUGH_IGG_BCELL_UP","106/6767","187/21355",1.27410012812224e-12,8.0546379246396e-12,1.37919333747024e-12
"GSE17721_0.5H_VS_8H_GARDIQUIMOD_BMDC_UP","GSE17721_0.5H_VS_8H_GARDIQUIMOD_BMDC_UP","111/6767","199/21355",1.59159254202338e-12,9.8196088603536e-12,1.6814088036576e-12
"GSE17721_4_VS_24H_GARDIQUIMOD_BMDC_DN","GSE17721_4_VS_24H_GARDIQUIMOD_BMDC_DN","111/6767","199/21355",1.59159254202338e-12,9.8196088603536e-12,1.6814088036576e-12
"GSE17721_CTRL_VS_POLYIC_8H_BMDC_UP","GSE17721_CTRL_VS_POLYIC_8H_BMDC_UP","111/6767","199/21355",1.59159254202338e-12,9.8196088603536e-12,1.6814088036576e-12
"GSE17721_LPS_VS_PAM3CSK4_12H_BMDC_DN","GSE17721_LPS_VS_PAM3CSK4_12H_BMDC_DN","111/6767","199/21355",1.59159254202338e-12,9.8196088603536e-12,1.6814088036576e-12
"GSE17721_LPS_VS_POLYIC_6H_BMDC_DN","GSE17721_LPS_VS_POLYIC_6H_BMDC_DN","111/6767","199/21355",1.59159254202338e-12,9.8196088603536e-12,1.6814088036576e-12
"GSE22432_PDC_VS_TGFB1_TREATEDCOMMON_DC_PROGENITOR_UP","GSE22432_PDC_VS_TGFB1_TREATEDCOMMON_DC_PROGENITOR_UP","111/6767","199/21355",1.59159254202338e-12,9.8196088603536e-12,1.6814088036576e-12
"GSE22886_TCELL_VS_BCELL_NAIVE_UP","GSE22886_TCELL_VS_BCELL_NAIVE_UP","111/6767","199/21355",1.59159254202338e-12,9.8196088603536e-12,1.6814088036576e-12
"GSE2405_S_AUREUS_VS_UNTREATED_NEUTROPHIL_UP","GSE2405_S_AUREUS_VS_UNTREATED_NEUTROPHIL_UP","111/6767","199/21355",1.59159254202338e-12,9.8196088603536e-12,1.6814088036576e-12
"GSE25087_TREG_VS_TCONV_ADULT_UP","GSE25087_TREG_VS_TCONV_ADULT_UP","111/6767","199/21355",1.59159254202338e-12,9.8196088603536e-12,1.6814088036576e-12
"GSE32533_WT_VS_MIR17_OVEREXPRESS_ACT_CD4_TCELL_UP","GSE32533_WT_VS_MIR17_OVEREXPRESS_ACT_CD4_TCELL_UP","111/6767","199/21355",1.59159254202338e-12,9.8196088603536e-12,1.6814088036576e-12
"GSE32986_UNSTIM_VS_GMCSF_STIM_DC_DN","GSE32986_UNSTIM_VS_GMCSF_STIM_DC_DN","111/6767","199/21355",1.59159254202338e-12,9.8196088603536e-12,1.6814088036576e-12
"GSE37533_UNTREATED_VS_PIOGLIZATONE_TREATED_CD4_TCELL_PPARG1_AND_FOXP3_TRASDUCED_UP","GSE37533_UNTREATED_VS_PIOGLIZATONE_TREATED_CD4_TCELL_PPARG1_AND_FOXP3_TRASDUCED_UP","111/6767","199/21355",1.59159254202338e-12,9.8196088603536e-12,1.6814088036576e-12
"GSE3982_BASOPHIL_VS_TH1_DN","GSE3982_BASOPHIL_VS_TH1_DN","111/6767","199/21355",1.59159254202338e-12,9.8196088603536e-12,1.6814088036576e-12
"GSE3982_DC_VS_EFF_MEMORY_CD4_TCELL_UP","GSE3982_DC_VS_EFF_MEMORY_CD4_TCELL_UP","111/6767","199/21355",1.59159254202338e-12,9.8196088603536e-12,1.6814088036576e-12
"GSE3982_MAC_VS_TH1_UP","GSE3982_MAC_VS_TH1_UP","111/6767","199/21355",1.59159254202338e-12,9.8196088603536e-12,1.6814088036576e-12
"GSE3982_NEUTROPHIL_VS_TH1_DN","GSE3982_NEUTROPHIL_VS_TH1_DN","111/6767","199/21355",1.59159254202338e-12,9.8196088603536e-12,1.6814088036576e-12
"GSE40443_INDUCED_VS_TOTAL_TREG_UP","GSE40443_INDUCED_VS_TOTAL_TREG_UP","111/6767","199/21355",1.59159254202338e-12,9.8196088603536e-12,1.6814088036576e-12
"GSE40666_WT_VS_STAT4_KO_CD8_TCELL_DN","GSE40666_WT_VS_STAT4_KO_CD8_TCELL_DN","111/6767","199/21355",1.59159254202338e-12,9.8196088603536e-12,1.6814088036576e-12
"GSE8868_SPLEEN_VS_INTESTINE_CD11B_POS_CD11C_NEG_DC_UP","GSE8868_SPLEEN_VS_INTESTINE_CD11B_POS_CD11C_NEG_DC_UP","111/6767","199/21355",1.59159254202338e-12,9.8196088603536e-12,1.6814088036576e-12
"GSE9988_ANTI_TREM1_VS_ANTI_TREM1_AND_LPS_MONOCYTE_UP","GSE9988_ANTI_TREM1_VS_ANTI_TREM1_AND_LPS_MONOCYTE_UP","111/6767","199/21355",1.59159254202338e-12,9.8196088603536e-12,1.6814088036576e-12
"GSE17974_CTRL_VS_ACT_IL4_AND_ANTI_IL12_6H_CD4_TCELL_DN","GSE17974_CTRL_VS_ACT_IL4_AND_ANTI_IL12_6H_CD4_TCELL_DN","110/6767","197/21355",1.8271873643317e-12,1.12596029049623e-11,1.92797857015769e-12
"GSE14415_TCONV_VS_FOXP3_KO_INDUCED_TREG_UP","GSE14415_TCONV_VS_FOXP3_KO_INDUCED_TREG_UP","99/6767","172/21355",1.9930714704316e-12,1.2267079746582e-11,2.10048854026658e-12
"GSE46606_UNSTIM_VS_CD40L_IL2_IL5_3DAY_STIMULATED_IRF4_KO_BCELL_DN","GSE46606_UNSTIM_VS_CD40L_IL2_IL5_3DAY_STIMULATED_IRF4_KO_BCELL_DN","109/6767","195/21355",2.09707180871558e-12,1.28917112269602e-11,2.2074440091743e-12
"GSE6259_FLT3L_INDUCED_33D1_POS_DC_VS_CD4_TCELL_DN","GSE6259_FLT3L_INDUCED_33D1_POS_DC_VS_CD4_TCELL_DN","98/6767","170/21355",2.26612037945753e-12,1.39142505215314e-11,2.38253311877413e-12
"GSE13738_RESTING_VS_TCR_ACTIVATED_CD4_TCELL_DN","GSE13738_RESTING_VS_TCR_ACTIVATED_CD4_TCELL_DN","111/6767","200/21355",2.46682558815063e-12,1.42425842234778e-11,2.4387536042172e-12
"GSE1460_DP_THYMOCYTE_VS_NAIVE_CD4_TCELL_ADULT_BLOOD_UP","GSE1460_DP_THYMOCYTE_VS_NAIVE_CD4_TCELL_ADULT_BLOOD_UP","111/6767","200/21355",2.46682558815063e-12,1.42425842234778e-11,2.4387536042172e-12
"GSE14769_UNSTIM_VS_120MIN_LPS_BMDM_DN","GSE14769_UNSTIM_VS_120MIN_LPS_BMDM_DN","111/6767","200/21355",2.46682558815063e-12,1.42425842234778e-11,2.4387536042172e-12
"GSE14908_ATOPIC_VS_NONATOPIC_PATIENT_RESTING_CD4_TCELL_DN","GSE14908_ATOPIC_VS_NONATOPIC_PATIENT_RESTING_CD4_TCELL_DN","111/6767","200/21355",2.46682558815063e-12,1.42425842234778e-11,2.4387536042172e-12
"GSE16385_MONOCYTE_VS_12H_ROSIGLITAZONE_IL4_TREATED_MACROPHAGE_DN","GSE16385_MONOCYTE_VS_12H_ROSIGLITAZONE_IL4_TREATED_MACROPHAGE_DN","111/6767","200/21355",2.46682558815063e-12,1.42425842234778e-11,2.4387536042172e-12
"GSE17186_NAIVE_VS_CD21LOW_TRANSITIONAL_BCELL_UP","GSE17186_NAIVE_VS_CD21LOW_TRANSITIONAL_BCELL_UP","111/6767","200/21355",2.46682558815063e-12,1.42425842234778e-11,2.4387536042172e-12
"GSE17301_CTRL_VS_48H_ACD3_ACD28_IFNA5_STIM_CD8_TCELL_DN","GSE17301_CTRL_VS_48H_ACD3_ACD28_IFNA5_STIM_CD8_TCELL_DN","111/6767","200/21355",2.46682558815063e-12,1.42425842234778e-11,2.4387536042172e-12
"GSE17721_0.5H_VS_12H_GARDIQUIMOD_BMDC_UP","GSE17721_0.5H_VS_12H_GARDIQUIMOD_BMDC_UP","111/6767","200/21355",2.46682558815063e-12,1.42425842234778e-11,2.4387536042172e-12
"GSE17721_0.5H_VS_24H_GARDIQUIMOD_BMDC_UP","GSE17721_0.5H_VS_24H_GARDIQUIMOD_BMDC_UP","111/6767","200/21355",2.46682558815063e-12,1.42425842234778e-11,2.4387536042172e-12
"GSE17721_12H_VS_24H_POLYIC_BMDC_DN","GSE17721_12H_VS_24H_POLYIC_BMDC_DN","111/6767","200/21355",2.46682558815063e-12,1.42425842234778e-11,2.4387536042172e-12
"GSE17721_CTRL_VS_LPS_4H_BMDC_UP","GSE17721_CTRL_VS_LPS_4H_BMDC_UP","111/6767","200/21355",2.46682558815063e-12,1.42425842234778e-11,2.4387536042172e-12
"GSE17721_CTRL_VS_PAM3CSK4_8H_BMDC_UP","GSE17721_CTRL_VS_PAM3CSK4_8H_BMDC_UP","111/6767","200/21355",2.46682558815063e-12,1.42425842234778e-11,2.4387536042172e-12
"GSE17721_PAM3CSK4_VS_GADIQUIMOD_8H_BMDC_DN","GSE17721_PAM3CSK4_VS_GADIQUIMOD_8H_BMDC_DN","111/6767","200/21355",2.46682558815063e-12,1.42425842234778e-11,2.4387536042172e-12
"GSE1925_CTRL_VS_24H_IFNG_STIM_IFNG_PRIMED_MACROPHAGE_DN","GSE1925_CTRL_VS_24H_IFNG_STIM_IFNG_PRIMED_MACROPHAGE_DN","111/6767","200/21355",2.46682558815063e-12,1.42425842234778e-11,2.4387536042172e-12
"GSE19401_UNSTIM_VS_PAM2CSK4_STIM_FOLLICULAR_DC_DN","GSE19401_UNSTIM_VS_PAM2CSK4_STIM_FOLLICULAR_DC_DN","111/6767","200/21355",2.46682558815063e-12,1.42425842234778e-11,2.4387536042172e-12
"GSE20715_0H_VS_48H_OZONE_TLR4_KO_LUNG_DN","GSE20715_0H_VS_48H_OZONE_TLR4_KO_LUNG_DN","111/6767","200/21355",2.46682558815063e-12,1.42425842234778e-11,2.4387536042172e-12
"GSE2128_CTRL_VS_MIMETOPE_NEGATIVE_SELECTION_DP_THYMOCYTE_NOD_UP","GSE2128_CTRL_VS_MIMETOPE_NEGATIVE_SELECTION_DP_THYMOCYTE_NOD_UP","111/6767","200/21355",2.46682558815063e-12,1.42425842234778e-11,2.4387536042172e-12
"GSE21670_STAT3_KO_VS_WT_CD4_TCELL_TGFB_TREATED_UP","GSE21670_STAT3_KO_VS_WT_CD4_TCELL_TGFB_TREATED_UP","111/6767","200/21355",2.46682558815063e-12,1.42425842234778e-11,2.4387536042172e-12
"GSE21670_UNTREATED_VS_TGFB_IL6_TREATED_STAT3_KO_CD4_TCELL_DN","GSE21670_UNTREATED_VS_TGFB_IL6_TREATED_STAT3_KO_CD4_TCELL_DN","111/6767","200/21355",2.46682558815063e-12,1.42425842234778e-11,2.4387536042172e-12
"GSE22601_CD4_SINGLE_POSITIVE_VS_CD8_SINGLE_POSITIVE_THYMOCYTE_DN","GSE22601_CD4_SINGLE_POSITIVE_VS_CD8_SINGLE_POSITIVE_THYMOCYTE_DN","111/6767","200/21355",2.46682558815063e-12,1.42425842234778e-11,2.4387536042172e-12
"GSE22601_DOUBLE_POSITIVE_VS_CD8_SINGLE_POSITIVE_THYMOCYTE_UP","GSE22601_DOUBLE_POSITIVE_VS_CD8_SINGLE_POSITIVE_THYMOCYTE_UP","111/6767","200/21355",2.46682558815063e-12,1.42425842234778e-11,2.4387536042172e-12
"GSE22601_IMMATURE_CD4_SINGLE_POSITIVE_VS_CD8_SINGLE_POSITIVE_THYMOCYTE_UP","GSE22601_IMMATURE_CD4_SINGLE_POSITIVE_VS_CD8_SINGLE_POSITIVE_THYMOCYTE_UP","111/6767","200/21355",2.46682558815063e-12,1.42425842234778e-11,2.4387536042172e-12
"GSE22919_RESTING_VS_IL2_IL12_IL15_STIM_NK_CELL_DN","GSE22919_RESTING_VS_IL2_IL12_IL15_STIM_NK_CELL_DN","111/6767","200/21355",2.46682558815063e-12,1.42425842234778e-11,2.4387536042172e-12
"GSE23308_CTRL_VS_CORTICOSTERONE_TREATED_MACROPHAGE_DN","GSE23308_CTRL_VS_CORTICOSTERONE_TREATED_MACROPHAGE_DN","111/6767","200/21355",2.46682558815063e-12,1.42425842234778e-11,2.4387536042172e-12
"GSE23568_CTRL_TRANSDUCED_VS_WT_CD8_TCELL_DN","GSE23568_CTRL_TRANSDUCED_VS_WT_CD8_TCELL_DN","111/6767","200/21355",2.46682558815063e-12,1.42425842234778e-11,2.4387536042172e-12
"GSE24142_EARLY_THYMIC_PROGENITOR_VS_DN2_THYMOCYTE_FETAL_UP","GSE24142_EARLY_THYMIC_PROGENITOR_VS_DN2_THYMOCYTE_FETAL_UP","111/6767","200/21355",2.46682558815063e-12,1.42425842234778e-11,2.4387536042172e-12
"GSE25085_FETAL_LIVER_VS_FETAL_BM_SP4_THYMIC_IMPLANT_DN","GSE25085_FETAL_LIVER_VS_FETAL_BM_SP4_THYMIC_IMPLANT_DN","111/6767","200/21355",2.46682558815063e-12,1.42425842234778e-11,2.4387536042172e-12
"GSE25085_FETAL_LIVER_VS_FETAL_BM_SP4_THYMIC_IMPLANT_UP","GSE25085_FETAL_LIVER_VS_FETAL_BM_SP4_THYMIC_IMPLANT_UP","111/6767","200/21355",2.46682558815063e-12,1.42425842234778e-11,2.4387536042172e-12
"GSE25123_CTRL_VS_IL4_STIM_MACROPHAGE_UP","GSE25123_CTRL_VS_IL4_STIM_MACROPHAGE_UP","111/6767","200/21355",2.46682558815063e-12,1.42425842234778e-11,2.4387536042172e-12
"GSE26030_UNSTIM_VS_RESTIM_TH1_DAY5_POST_POLARIZATION_UP","GSE26030_UNSTIM_VS_RESTIM_TH1_DAY5_POST_POLARIZATION_UP","111/6767","200/21355",2.46682558815063e-12,1.42425842234778e-11,2.4387536042172e-12
"GSE26343_WT_VS_NFAT5_KO_MACROPHAGE_UP","GSE26343_WT_VS_NFAT5_KO_MACROPHAGE_UP","111/6767","200/21355",2.46682558815063e-12,1.42425842234778e-11,2.4387536042172e-12
"GSE26351_UNSTIM_VS_BMP_PATHWAY_STIM_HEMATOPOIETIC_PROGENITORS_UP","GSE26351_UNSTIM_VS_BMP_PATHWAY_STIM_HEMATOPOIETIC_PROGENITORS_UP","111/6767","200/21355",2.46682558815063e-12,1.42425842234778e-11,2.4387536042172e-12
"GSE2770_IL12_VS_TGFB_AND_IL12_TREATED_ACT_CD4_TCELL_48H_UP","GSE2770_IL12_VS_TGFB_AND_IL12_TREATED_ACT_CD4_TCELL_48H_UP","111/6767","200/21355",2.46682558815063e-12,1.42425842234778e-11,2.4387536042172e-12
"GSE2770_IL4_ACT_VS_ACT_CD4_TCELL_2H_UP","GSE2770_IL4_ACT_VS_ACT_CD4_TCELL_2H_UP","111/6767","200/21355",2.46682558815063e-12,1.42425842234778e-11,2.4387536042172e-12
"GSE27786_BCELL_VS_NKCELL_DN","GSE27786_BCELL_VS_NKCELL_DN","111/6767","200/21355",2.46682558815063e-12,1.42425842234778e-11,2.4387536042172e-12
"GSE27786_LIN_NEG_VS_NKTCELL_UP","GSE27786_LIN_NEG_VS_NKTCELL_UP","111/6767","200/21355",2.46682558815063e-12,1.42425842234778e-11,2.4387536042172e-12
"GSE27786_LSK_VS_NKTCELL_UP","GSE27786_LSK_VS_NKTCELL_UP","111/6767","200/21355",2.46682558815063e-12,1.42425842234778e-11,2.4387536042172e-12
"GSE29618_PRE_VS_DAY7_POST_LAIV_FLU_VACCINE_MONOCYTE_DN","GSE29618_PRE_VS_DAY7_POST_LAIV_FLU_VACCINE_MONOCYTE_DN","111/6767","200/21355",2.46682558815063e-12,1.42425842234778e-11,2.4387536042172e-12
"GSE31082_DN_VS_CD8_SP_THYMOCYTE_DN","GSE31082_DN_VS_CD8_SP_THYMOCYTE_DN","111/6767","200/21355",2.46682558815063e-12,1.42425842234778e-11,2.4387536042172e-12
"GSE33424_CD161_INT_VS_NEG_CD8_TCELL_DN","GSE33424_CD161_INT_VS_NEG_CD8_TCELL_DN","111/6767","200/21355",2.46682558815063e-12,1.42425842234778e-11,2.4387536042172e-12
"GSE34156_NOD2_LIGAND_VS_TLR1_TLR2_LIGAND_6H_TREATED_MONOCYTE_UP","GSE34156_NOD2_LIGAND_VS_TLR1_TLR2_LIGAND_6H_TREATED_MONOCYTE_UP","111/6767","200/21355",2.46682558815063e-12,1.42425842234778e-11,2.4387536042172e-12
"GSE34205_HEALTHY_VS_RSV_INF_INFANT_PBMC_DN","GSE34205_HEALTHY_VS_RSV_INF_INFANT_PBMC_DN","111/6767","200/21355",2.46682558815063e-12,1.42425842234778e-11,2.4387536042172e-12
"GSE35825_IFNA_VS_IFNG_STIM_MACROPHAGE_DN","GSE35825_IFNA_VS_IFNG_STIM_MACROPHAGE_DN","111/6767","200/21355",2.46682558815063e-12,1.42425842234778e-11,2.4387536042172e-12
"GSE3982_MAC_VS_CENT_MEMORY_CD4_TCELL_UP","GSE3982_MAC_VS_CENT_MEMORY_CD4_TCELL_UP","111/6767","200/21355",2.46682558815063e-12,1.42425842234778e-11,2.4387536042172e-12
"GSE3982_NKCELL_VS_TH1_DN","GSE3982_NKCELL_VS_TH1_DN","111/6767","200/21355",2.46682558815063e-12,1.42425842234778e-11,2.4387536042172e-12
"GSE411_WT_VS_SOCS3_KO_MACROPHAGE_IL6_STIM_100MIN_UP","GSE411_WT_VS_SOCS3_KO_MACROPHAGE_IL6_STIM_100MIN_UP","111/6767","200/21355",2.46682558815063e-12,1.42425842234778e-11,2.4387536042172e-12
"GSE43863_DAY6_EFF_VS_DAY150_MEM_TH1_CD4_TCELL_UP","GSE43863_DAY6_EFF_VS_DAY150_MEM_TH1_CD4_TCELL_UP","111/6767","200/21355",2.46682558815063e-12,1.42425842234778e-11,2.4387536042172e-12
"GSE46606_DAY1_VS_DAY3_CD40L_IL2_IL5_STIMULATED_IRF4HIGH_BCELL_UP","GSE46606_DAY1_VS_DAY3_CD40L_IL2_IL5_STIMULATED_IRF4HIGH_BCELL_UP","111/6767","200/21355",2.46682558815063e-12,1.42425842234778e-11,2.4387536042172e-12
"GSE46606_UNSTIM_VS_CD40L_IL2_IL5_3DAY_STIMULATED_IRF4MID_SORTED_BCELL_UP","GSE46606_UNSTIM_VS_CD40L_IL2_IL5_3DAY_STIMULATED_IRF4MID_SORTED_BCELL_UP","111/6767","200/21355",2.46682558815063e-12,1.42425842234778e-11,2.4387536042172e-12
"GSE5589_LPS_VS_LPS_AND_IL10_STIM_IL6_KO_MACROPHAGE_45MIN_DN","GSE5589_LPS_VS_LPS_AND_IL10_STIM_IL6_KO_MACROPHAGE_45MIN_DN","111/6767","200/21355",2.46682558815063e-12,1.42425842234778e-11,2.4387536042172e-12
"GSE5589_UNSTIM_VS_45MIN_LPS_AND_IL6_STIM_MACROPHAGE_DN","GSE5589_UNSTIM_VS_45MIN_LPS_AND_IL6_STIM_MACROPHAGE_DN","111/6767","200/21355",2.46682558815063e-12,1.42425842234778e-11,2.4387536042172e-12
"GSE6674_ANTI_IGM_VS_CPG_STIM_BCELL_UP","GSE6674_ANTI_IGM_VS_CPG_STIM_BCELL_UP","111/6767","200/21355",2.46682558815063e-12,1.42425842234778e-11,2.4387536042172e-12
"KAECH_DAY15_EFF_VS_MEMORY_CD8_TCELL_DN","KAECH_DAY15_EFF_VS_MEMORY_CD8_TCELL_DN","111/6767","200/21355",2.46682558815063e-12,1.42425842234778e-11,2.4387536042172e-12
"NAKAYA_PLASMACYTOID_DENDRITIC_CELL_FLUARIX_FLUVIRIN_AGE_18_50YO_7DY_UP","NAKAYA_PLASMACYTOID_DENDRITIC_CELL_FLUARIX_FLUVIRIN_AGE_18_50YO_7DY_UP","119/6767","219/21355",2.81102063571145e-12,1.62115892005541e-11,2.77590576068125e-12
"GSE10325_CD4_TCELL_VS_BCELL_UP","GSE10325_CD4_TCELL_VS_BCELL_UP","110/6767","198/21355",2.83557895963362e-12,1.62254613013857e-11,2.77828107652073e-12
"GSE17721_CTRL_VS_POLYIC_6H_BMDC_UP","GSE17721_CTRL_VS_POLYIC_6H_BMDC_UP","110/6767","198/21355",2.83557895963362e-12,1.62254613013857e-11,2.77828107652073e-12
"GSE1791_CTRL_VS_NEUROMEDINU_IN_T_CELL_LINE_12H_UP","GSE1791_CTRL_VS_NEUROMEDINU_IN_T_CELL_LINE_12H_UP","110/6767","198/21355",2.83557895963362e-12,1.62254613013857e-11,2.77828107652073e-12
"GSE24634_IL4_VS_CTRL_TREATED_NAIVE_CD4_TCELL_DAY7_UP","GSE24634_IL4_VS_CTRL_TREATED_NAIVE_CD4_TCELL_DAY7_UP","110/6767","198/21355",2.83557895963362e-12,1.62254613013857e-11,2.77828107652073e-12
"GSE2770_TGFB_AND_IL4_ACT_VS_ACT_CD4_TCELL_6H_UP","GSE2770_TGFB_AND_IL4_ACT_VS_ACT_CD4_TCELL_6H_UP","110/6767","198/21355",2.83557895963362e-12,1.62254613013857e-11,2.77828107652073e-12
"GSE2770_TGFB_AND_IL4_VS_IL4_TREATED_ACT_CD4_TCELL_48H_DN","GSE2770_TGFB_AND_IL4_VS_IL4_TREATED_ACT_CD4_TCELL_48H_DN","110/6767","198/21355",2.83557895963362e-12,1.62254613013857e-11,2.77828107652073e-12
"GSE9006_HEALTHY_VS_TYPE_1_DIABETES_PBMC_AT_DX_DN","GSE9006_HEALTHY_VS_TYPE_1_DIABETES_PBMC_AT_DX_DN","110/6767","198/21355",2.83557895963362e-12,1.62254613013857e-11,2.77828107652073e-12
"GSE35825_UNTREATED_VS_IFNA_STIM_MACROPHAGE_UP","GSE35825_UNTREATED_VS_IFNA_STIM_MACROPHAGE_UP","99/6767","173/21355",3.21448363959406e-12,1.83730854182817e-11,3.14601813697288e-12
"GSE17974_2.5H_VS_72H_IL4_AND_ANTI_IL12_ACT_CD4_TCELL_DN","GSE17974_2.5H_VS_72H_IL4_AND_ANTI_IL12_ACT_CD4_TCELL_DN","109/6767","196/21355",3.25863836092598e-12,1.85633765294084e-11,3.17860162925412e-12
"GSE23321_CD8_STEM_CELL_MEMORY_VS_NAIVE_CD8_TCELL_DN","GSE23321_CD8_STEM_CELL_MEMORY_VS_NAIVE_CD8_TCELL_DN","109/6767","196/21355",3.25863836092598e-12,1.85633765294084e-11,3.17860162925412e-12
"GSE29618_PRE_VS_DAY7_POST_LAIV_FLU_VACCINE_MDC_DN","GSE29618_PRE_VS_DAY7_POST_LAIV_FLU_VACCINE_MDC_DN","109/6767","196/21355",3.25863836092598e-12,1.85633765294084e-11,3.17860162925412e-12
"GSE37301_CD4_TCELL_VS_RAG2_KO_NK_CELL_DN","GSE37301_CD4_TCELL_VS_RAG2_KO_NK_CELL_DN","102/6767","180/21355",3.45074833920235e-12,1.9635945321965e-11,3.36225727541885e-12
"GSE40274_CTRL_VS_XBP1_TRANSDUCED_ACTIVATED_CD4_TCELL_UP","GSE40274_CTRL_VS_XBP1_TRANSDUCED_ACTIVATED_CD4_TCELL_UP","98/6767","171/21355",3.66220954635497e-12,2.08161289846585e-11,3.56433978487577e-12
"GSE6259_BCELL_VS_CD8_TCELL_UP","GSE6259_BCELL_VS_CD8_TCELL_UP","107/6767","192/21355",4.30017035567096e-12,2.43440106132483e-11,4.16841794246129e-12
"GSE1460_NAIVE_CD4_TCELL_CORD_BLOOD_VS_THYMIC_STROMAL_CELL_DN","GSE1460_NAIVE_CD4_TCELL_CORD_BLOOD_VS_THYMIC_STROMAL_CELL_DN","110/6767","199/21355",4.37309026229797e-12,2.43440106132483e-11,4.16841794246129e-12
"GSE16522_MEMORY_VS_NAIVE_ANTI_CD3CD28_STIM_CD8_TCELL_UP","GSE16522_MEMORY_VS_NAIVE_ANTI_CD3CD28_STIM_CD8_TCELL_UP","110/6767","199/21355",4.37309026229797e-12,2.43440106132483e-11,4.16841794246129e-12
"GSE17721_CTRL_VS_CPG_0.5H_BMDC_UP","GSE17721_CTRL_VS_CPG_0.5H_BMDC_UP","110/6767","199/21355",4.37309026229797e-12,2.43440106132483e-11,4.16841794246129e-12
"GSE17721_LPS_VS_GARDIQUIMOD_12H_BMDC_DN","GSE17721_LPS_VS_GARDIQUIMOD_12H_BMDC_DN","110/6767","199/21355",4.37309026229797e-12,2.43440106132483e-11,4.16841794246129e-12
"GSE20198_IL12_VS_IL12_IL18_TREATED_ACT_CD4_TCELL_UP","GSE20198_IL12_VS_IL12_IL18_TREATED_ACT_CD4_TCELL_UP","110/6767","199/21355",4.37309026229797e-12,2.43440106132483e-11,4.16841794246129e-12
"GSE22886_NAIVE_CD8_TCELL_VS_MEMORY_TCELL_DN","GSE22886_NAIVE_CD8_TCELL_VS_MEMORY_TCELL_DN","110/6767","199/21355",4.37309026229797e-12,2.43440106132483e-11,4.16841794246129e-12
"GSE23308_WT_VS_MINERALCORTICOID_REC_KO_MACROPHAGE_CORTICOSTERONE_TREATED_UP","GSE23308_WT_VS_MINERALCORTICOID_REC_KO_MACROPHAGE_CORTICOSTERONE_TREATED_UP","110/6767","199/21355",4.37309026229797e-12,2.43440106132483e-11,4.16841794246129e-12
"GSE31082_CD4_VS_CD8_SP_THYMOCYTE_DN","GSE31082_CD4_VS_CD8_SP_THYMOCYTE_DN","110/6767","199/21355",4.37309026229797e-12,2.43440106132483e-11,4.16841794246129e-12
"GSE36826_NORMAL_VS_STAPH_AUREUS_INF_IL1R_KO_SKIN_UP","GSE36826_NORMAL_VS_STAPH_AUREUS_INF_IL1R_KO_SKIN_UP","110/6767","199/21355",4.37309026229797e-12,2.43440106132483e-11,4.16841794246129e-12
"GSE36888_UNTREATED_VS_IL2_TREATED_TCELL_6H_DN","GSE36888_UNTREATED_VS_IL2_TREATED_TCELL_6H_DN","110/6767","199/21355",4.37309026229797e-12,2.43440106132483e-11,4.16841794246129e-12
"GSE37301_COMMON_LYMPHOID_PROGENITOR_VS_CD4_TCELL_DN","GSE37301_COMMON_LYMPHOID_PROGENITOR_VS_CD4_TCELL_DN","110/6767","199/21355",4.37309026229797e-12,2.43440106132483e-11,4.16841794246129e-12
"GSE37416_0H_VS_12H_F_TULARENSIS_LVS_NEUTROPHIL_DN","GSE37416_0H_VS_12H_F_TULARENSIS_LVS_NEUTROPHIL_DN","110/6767","199/21355",4.37309026229797e-12,2.43440106132483e-11,4.16841794246129e-12
"GSE37532_TREG_VS_TCONV_PPARG_KO_CD4_TCELL_FROM_VISCERAL_ADIPOSE_TISSUE_DN","GSE37532_TREG_VS_TCONV_PPARG_KO_CD4_TCELL_FROM_VISCERAL_ADIPOSE_TISSUE_DN","110/6767","199/21355",4.37309026229797e-12,2.43440106132483e-11,4.16841794246129e-12
"GSE3982_MAC_VS_NKCELL_UP","GSE3982_MAC_VS_NKCELL_UP","110/6767","199/21355",4.37309026229797e-12,2.43440106132483e-11,4.16841794246129e-12
"GSE39820_CTRL_VS_TGFBETA1_IL6_IL23A_CD4_TCELL_UP","GSE39820_CTRL_VS_TGFBETA1_IL6_IL23A_CD4_TCELL_UP","110/6767","199/21355",4.37309026229797e-12,2.43440106132483e-11,4.16841794246129e-12
"GSE41867_DAY8_EFFECTOR_VS_DAY30_EXHAUSTED_CD8_TCELL_LCMV_CLONE13_UP","GSE41867_DAY8_EFFECTOR_VS_DAY30_EXHAUSTED_CD8_TCELL_LCMV_CLONE13_UP","110/6767","199/21355",4.37309026229797e-12,2.43440106132483e-11,4.16841794246129e-12
"GSE43955_1H_VS_10H_ACT_CD4_TCELL_WITH_TGFB_IL6_UP","GSE43955_1H_VS_10H_ACT_CD4_TCELL_WITH_TGFB_IL6_UP","110/6767","199/21355",4.37309026229797e-12,2.43440106132483e-11,4.16841794246129e-12
"GSE46606_IRF4HIGH_VS_WT_CD40L_IL2_IL5_DAY3_STIMULATED_BCELL_UP","GSE46606_IRF4HIGH_VS_WT_CD40L_IL2_IL5_DAY3_STIMULATED_BCELL_UP","110/6767","199/21355",4.37309026229797e-12,2.43440106132483e-11,4.16841794246129e-12
"GSE37301_GRANULOCYTE_MONOCYTE_PROGENITOR_VS_RAG2_KO_NK_CELL_UP","GSE37301_GRANULOCYTE_MONOCYTE_PROGENITOR_VS_RAG2_KO_NK_CELL_UP","103/6767","183/21355",4.76260978765368e-12,2.64836229732109e-11,4.53478315207578e-12
"GSE20500_CTRL_VS_RARA_ANTAGONIST_TREATED_CD4_TCELL_DN","GSE20500_CTRL_VS_RARA_ANTAGONIST_TREATED_CD4_TCELL_DN","109/6767","197/21355",5.03168561807129e-12,2.78590196153904e-11,4.7702919239189e-12
"GSE26290_CTRL_VS_AKT_INHIBITOR_TREATED_ANTI_CD3_AND_IL2_STIM_CD8_TCELL_DN","GSE26290_CTRL_VS_AKT_INHIBITOR_TREATED_ANTI_CD3_AND_IL2_STIM_CD8_TCELL_DN","109/6767","197/21355",5.03168561807129e-12,2.78590196153904e-11,4.7702919239189e-12
"GSE2770_IL12_AND_TGFB_ACT_VS_ACT_CD4_TCELL_2H_UP","GSE2770_IL12_AND_TGFB_ACT_VS_ACT_CD4_TCELL_2H_UP","109/6767","197/21355",5.03168561807129e-12,2.78590196153904e-11,4.7702919239189e-12
"GSE3982_EOSINOPHIL_VS_CENT_MEMORY_CD4_TCELL_DN","GSE3982_EOSINOPHIL_VS_CENT_MEMORY_CD4_TCELL_DN","109/6767","197/21355",5.03168561807129e-12,2.78590196153904e-11,4.7702919239189e-12
"GSE15624_CTRL_VS_6H_HALOFUGINONE_TREATED_CD4_TCELL_DN","GSE15624_CTRL_VS_6H_HALOFUGINONE_TREATED_CD4_TCELL_DN","94/6767","163/21355",6.13806497445292e-12,3.39480680949516e-11,5.81291794548769e-12
"GSE3565_DUSP1_VS_WT_SPLENOCYTES_DN","GSE3565_DUSP1_VS_WT_SPLENOCYTES_DN","101/6767","179/21355",6.24369154148545e-12,3.44349936318302e-11,5.89629406525748e-12
"GSE17974_0H_VS_72H_IN_VITRO_ACT_CD4_TCELL_UP","GSE17974_0H_VS_72H_IN_VITRO_ACT_CD4_TCELL_UP","107/6767","193/21355",6.65670945059135e-12,3.44349936318302e-11,5.89629406525748e-12
"GSE17974_CTRL_VS_ACT_IL4_AND_ANTI_IL12_2H_CD4_TCELL_UP","GSE17974_CTRL_VS_ACT_IL4_AND_ANTI_IL12_2H_CD4_TCELL_UP","107/6767","193/21355",6.65670945059135e-12,3.44349936318302e-11,5.89629406525748e-12
"GSE10239_MEMORY_VS_DAY4.5_EFF_CD8_TCELL_DN","GSE10239_MEMORY_VS_DAY4.5_EFF_CD8_TCELL_DN","110/6767","200/21355",6.70296930847796e-12,3.44349936318302e-11,5.89629406525748e-12
"GSE10239_NAIVE_VS_KLRG1INT_EFF_CD8_TCELL_DN","GSE10239_NAIVE_VS_KLRG1INT_EFF_CD8_TCELL_DN","110/6767","200/21355",6.70296930847796e-12,3.44349936318302e-11,5.89629406525748e-12
"GSE10240_CTRL_VS_IL22_STIM_PRIMARY_BRONCHIAL_EPITHELIAL_CELLS_UP","GSE10240_CTRL_VS_IL22_STIM_PRIMARY_BRONCHIAL_EPITHELIAL_CELLS_UP","110/6767","200/21355",6.70296930847796e-12,3.44349936318302e-11,5.89629406525748e-12
"GSE10325_MYELOID_VS_LUPUS_MYELOID_DN","GSE10325_MYELOID_VS_LUPUS_MYELOID_DN","110/6767","200/21355",6.70296930847796e-12,3.44349936318302e-11,5.89629406525748e-12
"GSE11961_UNSTIM_VS_ANTI_IGM_AND_CD40_STIM_6H_FOLLICULAR_BCELL_UP","GSE11961_UNSTIM_VS_ANTI_IGM_AND_CD40_STIM_6H_FOLLICULAR_BCELL_UP","110/6767","200/21355",6.70296930847796e-12,3.44349936318302e-11,5.89629406525748e-12
"GSE12845_NAIVE_VS_DARKZONE_GC_TONSIL_BCELL_DN","GSE12845_NAIVE_VS_DARKZONE_GC_TONSIL_BCELL_DN","110/6767","200/21355",6.70296930847796e-12,3.44349936318302e-11,5.89629406525748e-12
"GSE14308_TH1_VS_TH17_DN","GSE14308_TH1_VS_TH17_DN","110/6767","200/21355",6.70296930847796e-12,3.44349936318302e-11,5.89629406525748e-12
"GSE14769_UNSTIM_VS_240MIN_LPS_BMDM_DN","GSE14769_UNSTIM_VS_240MIN_LPS_BMDM_DN","110/6767","200/21355",6.70296930847796e-12,3.44349936318302e-11,5.89629406525748e-12
"GSE14769_UNSTIM_VS_360MIN_LPS_BMDM_DN","GSE14769_UNSTIM_VS_360MIN_LPS_BMDM_DN","110/6767","200/21355",6.70296930847796e-12,3.44349936318302e-11,5.89629406525748e-12
"GSE15930_NAIVE_VS_48H_IN_VITRO_STIM_CD8_TCELL_DN","GSE15930_NAIVE_VS_48H_IN_VITRO_STIM_CD8_TCELL_DN","110/6767","200/21355",6.70296930847796e-12,3.44349936318302e-11,5.89629406525748e-12
"GSE15930_STIM_VS_STIM_AND_TRICHOSTATINA_48H_CD8_T_CELL_DN","GSE15930_STIM_VS_STIM_AND_TRICHOSTATINA_48H_CD8_T_CELL_DN","110/6767","200/21355",6.70296930847796e-12,3.44349936318302e-11,5.89629406525748e-12
"GSE17186_CD21LOW_VS_CD21HIGH_TRANSITIONAL_BCELL_DN","GSE17186_CD21LOW_VS_CD21HIGH_TRANSITIONAL_BCELL_DN","110/6767","200/21355",6.70296930847796e-12,3.44349936318302e-11,5.89629406525748e-12
"GSE17186_MEMORY_VS_CD21LOW_TRANSITIONAL_BCELL_UP","GSE17186_MEMORY_VS_CD21LOW_TRANSITIONAL_BCELL_UP","110/6767","200/21355",6.70296930847796e-12,3.44349936318302e-11,5.89629406525748e-12
"GSE17721_0.5H_VS_24H_CPG_BMDC_DN","GSE17721_0.5H_VS_24H_CPG_BMDC_DN","110/6767","200/21355",6.70296930847796e-12,3.44349936318302e-11,5.89629406525748e-12
"GSE17721_CPG_VS_GARDIQUIMOD_1H_BMDC_DN","GSE17721_CPG_VS_GARDIQUIMOD_1H_BMDC_DN","110/6767","200/21355",6.70296930847796e-12,3.44349936318302e-11,5.89629406525748e-12
"GSE17721_CTRL_VS_GARDIQUIMOD_4H_BMDC_UP","GSE17721_CTRL_VS_GARDIQUIMOD_4H_BMDC_UP","110/6767","200/21355",6.70296930847796e-12,3.44349936318302e-11,5.89629406525748e-12
"GSE17721_CTRL_VS_PAM3CSK4_0.5H_BMDC_UP","GSE17721_CTRL_VS_PAM3CSK4_0.5H_BMDC_UP","110/6767","200/21355",6.70296930847796e-12,3.44349936318302e-11,5.89629406525748e-12
"GSE17721_LPS_VS_POLYIC_16H_BMDC_UP","GSE17721_LPS_VS_POLYIC_16H_BMDC_UP","110/6767","200/21355",6.70296930847796e-12,3.44349936318302e-11,5.89629406525748e-12
"GSE17721_PAM3CSK4_VS_GADIQUIMOD_1H_BMDC_DN","GSE17721_PAM3CSK4_VS_GADIQUIMOD_1H_BMDC_DN","110/6767","200/21355",6.70296930847796e-12,3.44349936318302e-11,5.89629406525748e-12
"GSE17721_POLYIC_VS_CPG_24H_BMDC_DN","GSE17721_POLYIC_VS_CPG_24H_BMDC_DN","110/6767","200/21355",6.70296930847796e-12,3.44349936318302e-11,5.89629406525748e-12
"GSE17721_POLYIC_VS_CPG_4H_BMDC_UP","GSE17721_POLYIC_VS_CPG_4H_BMDC_UP","110/6767","200/21355",6.70296930847796e-12,3.44349936318302e-11,5.89629406525748e-12
"GSE18893_CTRL_VS_TNF_TREATED_TCONV_2H_UP","GSE18893_CTRL_VS_TNF_TREATED_TCONV_2H_UP","110/6767","200/21355",6.70296930847796e-12,3.44349936318302e-11,5.89629406525748e-12
"GSE19198_1H_VS_24H_IL21_TREATED_TCELL_DN","GSE19198_1H_VS_24H_IL21_TREATED_TCELL_DN","110/6767","200/21355",6.70296930847796e-12,3.44349936318302e-11,5.89629406525748e-12
"GSE1925_CTRL_VS_3H_IFNG_STIM_MACROPHAGE_UP","GSE1925_CTRL_VS_3H_IFNG_STIM_MACROPHAGE_UP","110/6767","200/21355",6.70296930847796e-12,3.44349936318302e-11,5.89629406525748e-12
"GSE19888_CTRL_VS_A3R_INHIBITOR_TREATED_MAST_CELL_UP","GSE19888_CTRL_VS_A3R_INHIBITOR_TREATED_MAST_CELL_UP","110/6767","200/21355",6.70296930847796e-12,3.44349936318302e-11,5.89629406525748e-12
"GSE22033_UNTREATED_VS_MRL24_TREATED_MEF_UP","GSE22033_UNTREATED_VS_MRL24_TREATED_MEF_UP","110/6767","200/21355",6.70296930847796e-12,3.44349936318302e-11,5.89629406525748e-12
"GSE22103_LPS_VS_GMCSF_AND_IFNG_STIM_NEUTROPHIL_DN","GSE22103_LPS_VS_GMCSF_AND_IFNG_STIM_NEUTROPHIL_DN","110/6767","200/21355",6.70296930847796e-12,3.44349936318302e-11,5.89629406525748e-12
"GSE22443_IL2_VS_IL12_TREATED_ACT_CD8_TCELL_DN","GSE22443_IL2_VS_IL12_TREATED_ACT_CD8_TCELL_DN","110/6767","200/21355",6.70296930847796e-12,3.44349936318302e-11,5.89629406525748e-12
"GSE22886_IGM_MEMORY_BCELL_VS_BM_PLASMA_CELL_UP","GSE22886_IGM_MEMORY_BCELL_VS_BM_PLASMA_CELL_UP","110/6767","200/21355",6.70296930847796e-12,3.44349936318302e-11,5.89629406525748e-12
"GSE22886_NAIVE_CD4_TCELL_VS_MEMORY_TCELL_DN","GSE22886_NAIVE_CD4_TCELL_VS_MEMORY_TCELL_DN","110/6767","200/21355",6.70296930847796e-12,3.44349936318302e-11,5.89629406525748e-12
"GSE22935_WT_VS_MYD88_KO_MACROPHAGE_48H_MBOVIS_BCG_STIM_DN","GSE22935_WT_VS_MYD88_KO_MACROPHAGE_48H_MBOVIS_BCG_STIM_DN","110/6767","200/21355",6.70296930847796e-12,3.44349936318302e-11,5.89629406525748e-12
"GSE23308_CTRL_VS_CORTICOSTERONE_TREATED_MACROPHAGE_MINERALCORTICOID_REC_KO_DN","GSE23308_CTRL_VS_CORTICOSTERONE_TREATED_MACROPHAGE_MINERALCORTICOID_REC_KO_DN","110/6767","200/21355",6.70296930847796e-12,3.44349936318302e-11,5.89629406525748e-12
"GSE23308_WT_VS_MINERALCORTICOID_REC_KO_MACROPHAGE_UP","GSE23308_WT_VS_MINERALCORTICOID_REC_KO_MACROPHAGE_UP","110/6767","200/21355",6.70296930847796e-12,3.44349936318302e-11,5.89629406525748e-12
"GSE23568_ID3_TRANSDUCED_VS_ID3_KO_CD8_TCELL_UP","GSE23568_ID3_TRANSDUCED_VS_ID3_KO_CD8_TCELL_UP","110/6767","200/21355",6.70296930847796e-12,3.44349936318302e-11,5.89629406525748e-12
"GSE24142_ADULT_VS_FETAL_DN3_THYMOCYTE_UP","GSE24142_ADULT_VS_FETAL_DN3_THYMOCYTE_UP","110/6767","200/21355",6.70296930847796e-12,3.44349936318302e-11,5.89629406525748e-12
"GSE24671_CTRL_VS_BAKIMULC_INFECTED_MOUSE_SPLENOCYTES_UP","GSE24671_CTRL_VS_BAKIMULC_INFECTED_MOUSE_SPLENOCYTES_UP","110/6767","200/21355",6.70296930847796e-12,3.44349936318302e-11,5.89629406525748e-12
"GSE25085_FETAL_BM_VS_ADULT_BM_SP4_THYMIC_IMPLANT_UP","GSE25085_FETAL_BM_VS_ADULT_BM_SP4_THYMIC_IMPLANT_UP","110/6767","200/21355",6.70296930847796e-12,3.44349936318302e-11,5.89629406525748e-12
"GSE25088_IL4_VS_IL4_AND_ROSIGLITAZONE_STIM_MACROPHAGE_DAY10_UP","GSE25088_IL4_VS_IL4_AND_ROSIGLITAZONE_STIM_MACROPHAGE_DAY10_UP","110/6767","200/21355",6.70296930847796e-12,3.44349936318302e-11,5.89629406525748e-12
"GSE26030_TH1_VS_TH17_RESTIMULATED_DAY5_POST_POLARIZATION_DN","GSE26030_TH1_VS_TH17_RESTIMULATED_DAY5_POST_POLARIZATION_DN","110/6767","200/21355",6.70296930847796e-12,3.44349936318302e-11,5.89629406525748e-12
"GSE27786_BCELL_VS_ERYTHROBLAST_UP","GSE27786_BCELL_VS_ERYTHROBLAST_UP","110/6767","200/21355",6.70296930847796e-12,3.44349936318302e-11,5.89629406525748e-12
"GSE27786_ERYTHROBLAST_VS_MONO_MAC_DN","GSE27786_ERYTHROBLAST_VS_MONO_MAC_DN","110/6767","200/21355",6.70296930847796e-12,3.44349936318302e-11,5.89629406525748e-12
"GSE27859_DC_VS_CD11C_INT_F480_HI_MACROPHAGE_UP","GSE27859_DC_VS_CD11C_INT_F480_HI_MACROPHAGE_UP","110/6767","200/21355",6.70296930847796e-12,3.44349936318302e-11,5.89629406525748e-12
"GSE28737_WT_VS_BCL6_HET_FOLLICULAR_BCELL_DN","GSE28737_WT_VS_BCL6_HET_FOLLICULAR_BCELL_DN","110/6767","200/21355",6.70296930847796e-12,3.44349936318302e-11,5.89629406525748e-12
"GSE29164_CD8_TCELL_VS_CD8_TCELL_AND_IL12_TREATED_MELANOMA_DAY3_UP","GSE29164_CD8_TCELL_VS_CD8_TCELL_AND_IL12_TREATED_MELANOMA_DAY3_UP","110/6767","200/21355",6.70296930847796e-12,3.44349936318302e-11,5.89629406525748e-12
"GSE29164_UNTREATED_VS_CD8_TCELL_TREATED_MELANOMA_DAY7_UP","GSE29164_UNTREATED_VS_CD8_TCELL_TREATED_MELANOMA_DAY7_UP","110/6767","200/21355",6.70296930847796e-12,3.44349936318302e-11,5.89629406525748e-12
"GSE3039_CD4_TCELL_VS_B1_BCELL_DN","GSE3039_CD4_TCELL_VS_B1_BCELL_DN","110/6767","200/21355",6.70296930847796e-12,3.44349936318302e-11,5.89629406525748e-12
"GSE30962_ACUTE_VS_CHRONIC_LCMV_SECONDARY_INF_CD8_TCELL_UP","GSE30962_ACUTE_VS_CHRONIC_LCMV_SECONDARY_INF_CD8_TCELL_UP","110/6767","200/21355",6.70296930847796e-12,3.44349936318302e-11,5.89629406525748e-12
"GSE31082_DN_VS_CD4_SP_THYMOCYTE_UP","GSE31082_DN_VS_CD4_SP_THYMOCYTE_UP","110/6767","200/21355",6.70296930847796e-12,3.44349936318302e-11,5.89629406525748e-12
"GSE31082_DP_VS_CD8_SP_THYMOCYTE_DN","GSE31082_DP_VS_CD8_SP_THYMOCYTE_DN","110/6767","200/21355",6.70296930847796e-12,3.44349936318302e-11,5.89629406525748e-12
"GSE3337_CTRL_VS_4H_IFNG_IN_CD8POS_DC_UP","GSE3337_CTRL_VS_4H_IFNG_IN_CD8POS_DC_UP","110/6767","200/21355",6.70296930847796e-12,3.44349936318302e-11,5.89629406525748e-12
"GSE33424_CD161_HIGH_VS_INT_CD8_TCELL_UP","GSE33424_CD161_HIGH_VS_INT_CD8_TCELL_UP","110/6767","200/21355",6.70296930847796e-12,3.44349936318302e-11,5.89629406525748e-12
"GSE33425_CD8_ALPHAALPHA_VS_ALPHABETA_CD161_HIGH_TCELL_DN","GSE33425_CD8_ALPHAALPHA_VS_ALPHABETA_CD161_HIGH_TCELL_DN","110/6767","200/21355",6.70296930847796e-12,3.44349936318302e-11,5.89629406525748e-12
"GSE339_CD4POS_VS_CD8POS_DC_DN","GSE339_CD4POS_VS_CD8POS_DC_DN","110/6767","200/21355",6.70296930847796e-12,3.44349936318302e-11,5.89629406525748e-12
"GSE360_CTRL_VS_L_DONOVANI_MAC_UP","GSE360_CTRL_VS_L_DONOVANI_MAC_UP","110/6767","200/21355",6.70296930847796e-12,3.44349936318302e-11,5.89629406525748e-12
"GSE360_LOW_DOSE_B_MALAYI_VS_M_TUBERCULOSIS_DC_UP","GSE360_LOW_DOSE_B_MALAYI_VS_M_TUBERCULOSIS_DC_UP","110/6767","200/21355",6.70296930847796e-12,3.44349936318302e-11,5.89629406525748e-12
"GSE3920_UNTREATED_VS_IFNA_TREATED_FIBROBLAST_DN","GSE3920_UNTREATED_VS_IFNA_TREATED_FIBROBLAST_DN","110/6767","200/21355",6.70296930847796e-12,3.44349936318302e-11,5.89629406525748e-12
"GSE39382_IL3_VS_IL3_IL33_TREATED_MAST_CELL_UP","GSE39382_IL3_VS_IL3_IL33_TREATED_MAST_CELL_UP","110/6767","200/21355",6.70296930847796e-12,3.44349936318302e-11,5.89629406525748e-12
"GSE3982_DC_VS_TH1_UP","GSE3982_DC_VS_TH1_UP","110/6767","200/21355",6.70296930847796e-12,3.44349936318302e-11,5.89629406525748e-12
"GSE3982_MAC_VS_EFF_MEMORY_CD4_TCELL_UP","GSE3982_MAC_VS_EFF_MEMORY_CD4_TCELL_UP","110/6767","200/21355",6.70296930847796e-12,3.44349936318302e-11,5.89629406525748e-12
"GSE39820_CTRL_VS_TGFBETA3_IL6_CD4_TCELL_DN","GSE39820_CTRL_VS_TGFBETA3_IL6_CD4_TCELL_DN","110/6767","200/21355",6.70296930847796e-12,3.44349936318302e-11,5.89629406525748e-12
"GSE41867_LCMV_ARMSTRONG_VS_CLONE13_DAY8_EFFECTOR_CD8_TCELL_DN","GSE41867_LCMV_ARMSTRONG_VS_CLONE13_DAY8_EFFECTOR_CD8_TCELL_DN","110/6767","200/21355",6.70296930847796e-12,3.44349936318302e-11,5.89629406525748e-12
"GSE41867_NAIVE_VS_EFFECTOR_CD8_TCELL_UP","GSE41867_NAIVE_VS_EFFECTOR_CD8_TCELL_UP","110/6767","200/21355",6.70296930847796e-12,3.44349936318302e-11,5.89629406525748e-12
"GSE41978_KLRG1_HIGH_VS_LOW_EFFECTOR_CD8_TCELL_DN","GSE41978_KLRG1_HIGH_VS_LOW_EFFECTOR_CD8_TCELL_DN","110/6767","200/21355",6.70296930847796e-12,3.44349936318302e-11,5.89629406525748e-12
"GSE5099_UNSTIM_VS_MCSF_TREATED_MONOCYTE_DAY7_UP","GSE5099_UNSTIM_VS_MCSF_TREATED_MONOCYTE_DAY7_UP","110/6767","200/21355",6.70296930847796e-12,3.44349936318302e-11,5.89629406525748e-12
"GSE5589_UNSTIM_VS_180MIN_LPS_STIM_MACROPHAGE_UP","GSE5589_UNSTIM_VS_180MIN_LPS_STIM_MACROPHAGE_UP","110/6767","200/21355",6.70296930847796e-12,3.44349936318302e-11,5.89629406525748e-12
"GSE5960_TH1_VS_ANERGIC_TH1_DN","GSE5960_TH1_VS_ANERGIC_TH1_DN","110/6767","200/21355",6.70296930847796e-12,3.44349936318302e-11,5.89629406525748e-12
"GSE6674_PL2_3_VS_ANTI_IGM_AND_CPG_STIM_BCELL_UP","GSE6674_PL2_3_VS_ANTI_IGM_AND_CPG_STIM_BCELL_UP","110/6767","200/21355",6.70296930847796e-12,3.44349936318302e-11,5.89629406525748e-12
"KAECH_NAIVE_VS_DAY15_EFF_CD8_TCELL_DN","KAECH_NAIVE_VS_DAY15_EFF_CD8_TCELL_DN","110/6767","200/21355",6.70296930847796e-12,3.44349936318302e-11,5.89629406525748e-12
"GSE21360_NAIVE_VS_SECONDARY_MEMORY_CD8_TCELL_DN","GSE21360_NAIVE_VS_SECONDARY_MEMORY_CD8_TCELL_DN","100/6767","177/21355",7.14502225230932e-12,3.66691982858758e-11,6.27885628620829e-12
"GSE17721_CTRL_VS_GARDIQUIMOD_12H_BMDC_DN","GSE17721_CTRL_VS_GARDIQUIMOD_12H_BMDC_DN","109/6767","198/21355",7.7212993907645e-12,3.93901512203478e-11,6.74476427535752e-12
"GSE22611_NOD2_VS_CTRL_TRANSDUCED_HEK293T_CELL_DN","GSE22611_NOD2_VS_CTRL_TRANSDUCED_HEK293T_CELL_DN","109/6767","198/21355",7.7212993907645e-12,3.93901512203478e-11,6.74476427535752e-12
"GSE22886_NAIVE_TCELL_VS_NKCELL_DN","GSE22886_NAIVE_TCELL_VS_NKCELL_DN","109/6767","198/21355",7.7212993907645e-12,3.93901512203478e-11,6.74476427535752e-12
"GSE30962_PRIMARY_VS_SECONDARY_CHRONIC_LCMV_INF_CD8_TCELL_UP","GSE30962_PRIMARY_VS_SECONDARY_CHRONIC_LCMV_INF_CD8_TCELL_UP","109/6767","198/21355",7.7212993907645e-12,3.93901512203478e-11,6.74476427535752e-12
"GSE3982_EOSINOPHIL_VS_BCELL_DN","GSE3982_EOSINOPHIL_VS_BCELL_DN","109/6767","198/21355",7.7212993907645e-12,3.93901512203478e-11,6.74476427535752e-12
"GSE4984_LPS_VS_VEHICLE_CTRL_TREATED_DC_DN","GSE4984_LPS_VS_VEHICLE_CTRL_TREATED_DC_DN","109/6767","198/21355",7.7212993907645e-12,3.93901512203478e-11,6.74476427535752e-12
"GSE8685_IL2_ACT_IL2_STARVED_VS_IL21_ACT_IL2_STARVED_CD4_TCELL_UP","GSE8685_IL2_ACT_IL2_STARVED_VS_IL21_ACT_IL2_STARVED_CD4_TCELL_UP","99/6767","175/21355",8.17337494828183e-12,4.16549635783707e-11,7.13256744466574e-12
"GSE11864_UNTREATED_VS_CSF1_IN_MAC_UP","GSE11864_UNTREATED_VS_CSF1_IN_MAC_UP","108/6767","196/21355",8.89250334274549e-12,4.52300244427144e-11,7.74472408923323e-12
"GSE22886_NAIVE_VS_IGG_IGA_MEMORY_BCELL_DN","GSE22886_NAIVE_VS_IGG_IGA_MEMORY_BCELL_DN","108/6767","196/21355",8.89250334274549e-12,4.52300244427144e-11,7.74472408923323e-12
"GSE4748_LPS_VS_LPS_AND_CYANOBACTERIUM_LPSLIKE_STIM_DC_3H_UP","GSE4748_LPS_VS_LPS_AND_CYANOBACTERIUM_LPSLIKE_STIM_DC_3H_UP","107/6767","194/21355",1.02391904543993e-11,5.20280767687864e-11,8.90875263571964e-12
"GSE17301_ACD3_ACD28_VS_ACD3_ACD28_AND_IFNA2_STIM_CD8_TCELL_UP","GSE17301_ACD3_ACD28_VS_ACD3_ACD28_AND_IFNA2_STIM_CD8_TCELL_UP","109/6767","199/21355",1.17763526685741e-11,5.8732840595116e-11,1.00568074192001e-11
"GSE17721_0.5H_VS_24H_POLYIC_BMDC_DN","GSE17721_0.5H_VS_24H_POLYIC_BMDC_DN","109/6767","199/21355",1.17763526685741e-11,5.8732840595116e-11,1.00568074192001e-11
"GSE17721_LPS_VS_PAM3CSK4_4H_BMDC_DN","GSE17721_LPS_VS_PAM3CSK4_4H_BMDC_DN","109/6767","199/21355",1.17763526685741e-11,5.8732840595116e-11,1.00568074192001e-11
"GSE17721_LPS_VS_POLYIC_24H_BMDC_DN","GSE17721_LPS_VS_POLYIC_24H_BMDC_DN","109/6767","199/21355",1.17763526685741e-11,5.8732840595116e-11,1.00568074192001e-11
"GSE18791_CTRL_VS_NEWCASTLE_VIRUS_DC_10H_UP","GSE18791_CTRL_VS_NEWCASTLE_VIRUS_DC_10H_UP","109/6767","199/21355",1.17763526685741e-11,5.8732840595116e-11,1.00568074192001e-11
"GSE18791_CTRL_VS_NEWCASTLE_VIRUS_DC_8H_UP","GSE18791_CTRL_VS_NEWCASTLE_VIRUS_DC_8H_UP","109/6767","199/21355",1.17763526685741e-11,5.8732840595116e-11,1.00568074192001e-11
"GSE19198_CTRL_VS_IL21_TREATED_TCELL_1H_DN","GSE19198_CTRL_VS_IL21_TREATED_TCELL_1H_DN","109/6767","199/21355",1.17763526685741e-11,5.8732840595116e-11,1.00568074192001e-11
"GSE21927_C26GM_VS_4T1_TUMOR_MONOCYTE_BALBC_DN","GSE21927_C26GM_VS_4T1_TUMOR_MONOCYTE_BALBC_DN","109/6767","199/21355",1.17763526685741e-11,5.8732840595116e-11,1.00568074192001e-11
"GSE23505_UNTREATED_VS_4DAY_IL6_IL1_TREATED_CD4_TCELL_UP","GSE23505_UNTREATED_VS_4DAY_IL6_IL1_TREATED_CD4_TCELL_UP","109/6767","199/21355",1.17763526685741e-11,5.8732840595116e-11,1.00568074192001e-11
"GSE23695_CD57_POS_VS_NEG_NK_CELL_UP","GSE23695_CD57_POS_VS_NEG_NK_CELL_UP","109/6767","199/21355",1.17763526685741e-11,5.8732840595116e-11,1.00568074192001e-11
"GSE33292_WT_VS_TCF1_KO_DN3_THYMOCYTE_UP","GSE33292_WT_VS_TCF1_KO_DN3_THYMOCYTE_UP","109/6767","199/21355",1.17763526685741e-11,5.8732840595116e-11,1.00568074192001e-11
"GSE34515_CD16_NEG_VS_POS_MONOCYTE_DN","GSE34515_CD16_NEG_VS_POS_MONOCYTE_DN","109/6767","199/21355",1.17763526685741e-11,5.8732840595116e-11,1.00568074192001e-11
"GSE360_HIGH_DOSE_B_MALAYI_VS_M_TUBERCULOSIS_MAC_UP","GSE360_HIGH_DOSE_B_MALAYI_VS_M_TUBERCULOSIS_MAC_UP","109/6767","199/21355",1.17763526685741e-11,5.8732840595116e-11,1.00568074192001e-11
"GSE3720_UNSTIM_VS_PMA_STIM_VD2_GAMMADELTA_TCELL_DN","GSE3720_UNSTIM_VS_PMA_STIM_VD2_GAMMADELTA_TCELL_DN","109/6767","199/21355",1.17763526685741e-11,5.8732840595116e-11,1.00568074192001e-11
"GSE39110_DAY3_VS_DAY6_POST_IMMUNIZATION_CD8_TCELL_WITH_IL2_TREATMENT_DN","GSE39110_DAY3_VS_DAY6_POST_IMMUNIZATION_CD8_TCELL_WITH_IL2_TREATMENT_DN","109/6767","199/21355",1.17763526685741e-11,5.8732840595116e-11,1.00568074192001e-11
"GSE3982_DC_VS_TH1_DN","GSE3982_DC_VS_TH1_DN","109/6767","199/21355",1.17763526685741e-11,5.8732840595116e-11,1.00568074192001e-11
"GSE411_UNSTIM_VS_400MIN_IL6_STIM_SOCS3_KO_MACROPHAGE_DN","GSE411_UNSTIM_VS_400MIN_IL6_STIM_SOCS3_KO_MACROPHAGE_DN","109/6767","199/21355",1.17763526685741e-11,5.8732840595116e-11,1.00568074192001e-11
"GSE41867_MEMORY_VS_EXHAUSTED_CD8_TCELL_DAY30_LCMV_UP","GSE41867_MEMORY_VS_EXHAUSTED_CD8_TCELL_DAY30_LCMV_UP","109/6767","199/21355",1.17763526685741e-11,5.8732840595116e-11,1.00568074192001e-11
"GSE5589_UNSTIM_VS_180MIN_LPS_AND_IL10_STIM_MACROPHAGE_DN","GSE5589_UNSTIM_VS_180MIN_LPS_AND_IL10_STIM_MACROPHAGE_DN","109/6767","199/21355",1.17763526685741e-11,5.8732840595116e-11,1.00568074192001e-11
"GSE7348_UNSTIM_VS_TOLERIZED_AND_LPS_STIM_MACROPHAGE_DN","GSE7348_UNSTIM_VS_TOLERIZED_AND_LPS_STIM_MACROPHAGE_DN","92/6767","160/21355",1.28591632977429e-11,6.40708748566842e-11,1.09708374920133e-11
"GSE37563_WT_VS_CTLA4_KO_CD4_TCELL_D4_POST_IMMUNIZATION_DN","GSE37563_WT_VS_CTLA4_KO_CD4_TCELL_D4_POST_IMMUNIZATION_DN","102/6767","183/21355",1.33415769276626e-11,6.64099659302198e-11,1.1371359384436e-11
"GSE17974_1H_VS_72H_UNTREATED_IN_VITRO_CD4_TCELL_UP","GSE17974_1H_VS_72H_UNTREATED_IN_VITRO_CD4_TCELL_UP","108/6767","197/21355",1.35775405816761e-11,6.72580198669113e-11,1.15165714163416e-11
"GSE28408_LY6G_POS_VS_NEG_DC_UP","GSE28408_LY6G_POS_VS_NEG_DC_UP","108/6767","197/21355",1.35775405816761e-11,6.72580198669113e-11,1.15165714163416e-11
"GSE30971_WBP7_HET_VS_KO_MACROPHAGE_4H_LPS_STIM_DN","GSE30971_WBP7_HET_VS_KO_MACROPHAGE_4H_LPS_STIM_DN","108/6767","197/21355",1.35775405816761e-11,6.72580198669113e-11,1.15165714163416e-11
"GSE3982_MAST_CELL_VS_NEUTROPHIL_DN","GSE3982_MAST_CELL_VS_NEUTROPHIL_DN","108/6767","197/21355",1.35775405816761e-11,6.72580198669113e-11,1.15165714163416e-11
"GSE4142_NAIVE_VS_GC_BCELL_DN","GSE4142_NAIVE_VS_GC_BCELL_DN","108/6767","197/21355",1.35775405816761e-11,6.72580198669113e-11,1.15165714163416e-11
"GSE21360_SECONDARY_VS_TERTIARY_MEMORY_CD8_TCELL_DN","GSE21360_SECONDARY_VS_TERTIARY_MEMORY_CD8_TCELL_DN","95/6767","167/21355",1.39391257642595e-11,6.89825268275662e-11,1.18118582477062e-11
"GSE27859_DC_VS_CD11C_INT_F480_HI_MACROPHAGE_DN","GSE27859_DC_VS_CD11C_INT_F480_HI_MACROPHAGE_DN","91/6767","158/21355",1.46266672273602e-11,7.23152583169484e-11,1.23825209030283e-11
"GSE37301_HEMATOPOIETIC_STEM_CELL_VS_CD4_TCELL_UP","GSE37301_HEMATOPOIETIC_STEM_CELL_VS_CD4_TCELL_UP","98/6767","174/21355",1.47632955304037e-11,7.28502561928583e-11,1.24741284355977e-11
"GSE7219_UNSTIM_VS_LPS_AND_ANTI_CD40_STIM_DC_DN","GSE7219_UNSTIM_VS_LPS_AND_ANTI_CD40_STIM_DC_DN","98/6767","174/21355",1.47632955304037e-11,7.28502561928583e-11,1.24741284355977e-11
"GSE25677_MPL_VS_R848_STIM_BCELL_DN","GSE25677_MPL_VS_R848_STIM_BCELL_DN","101/6767","181/21355",1.53193611660132e-11,7.55215045174515e-11,1.29315255186791e-11
"GSE11864_CSF1_IFNG_VS_CSF1_PAM3CYS_IN_MAC_UP","GSE11864_CSF1_IFNG_VS_CSF1_PAM3CYS_IN_MAC_UP","109/6767","200/21355",1.78532624075898e-11,8.37453580637811e-11,1.43396935984301e-11
"GSE12001_MIR223_KO_VS_WT_NEUTROPHIL_DN","GSE12001_MIR223_KO_VS_WT_NEUTROPHIL_DN","109/6767","200/21355",1.78532624075898e-11,8.37453580637811e-11,1.43396935984301e-11
"GSE12392_WT_VS_IFNAR_KO_CD8A_NEG_SPLEEN_DC_UP","GSE12392_WT_VS_IFNAR_KO_CD8A_NEG_SPLEEN_DC_UP","109/6767","200/21355",1.78532624075898e-11,8.37453580637811e-11,1.43396935984301e-11
"GSE12392_WT_VS_IFNB_KO_CD8A_NEG_SPLEEN_DC_UP","GSE12392_WT_VS_IFNB_KO_CD8A_NEG_SPLEEN_DC_UP","109/6767","200/21355",1.78532624075898e-11,8.37453580637811e-11,1.43396935984301e-11
"GSE12392_WT_VS_IFNB_KO_CD8A_POS_SPLEEN_DC_UP","GSE12392_WT_VS_IFNB_KO_CD8A_POS_SPLEEN_DC_UP","109/6767","200/21355",1.78532624075898e-11,8.37453580637811e-11,1.43396935984301e-11
"GSE13484_12H_UNSTIM_VS_YF17D_VACCINE_STIM_PBMC_UP","GSE13484_12H_UNSTIM_VS_YF17D_VACCINE_STIM_PBMC_UP","109/6767","200/21355",1.78532624075898e-11,8.37453580637811e-11,1.43396935984301e-11
"GSE13484_12H_VS_3H_YF17D_VACCINE_STIM_PBMC_UP","GSE13484_12H_VS_3H_YF17D_VACCINE_STIM_PBMC_UP","109/6767","200/21355",1.78532624075898e-11,8.37453580637811e-11,1.43396935984301e-11
"GSE14908_ATOPIC_VS_NONATOPIC_PATIENT_RESTING_CD4_TCELL_UP","GSE14908_ATOPIC_VS_NONATOPIC_PATIENT_RESTING_CD4_TCELL_UP","109/6767","200/21355",1.78532624075898e-11,8.37453580637811e-11,1.43396935984301e-11
"GSE15930_STIM_VS_STIM_AND_IFNAB_72H_CD8_T_CELL_DN","GSE15930_STIM_VS_STIM_AND_IFNAB_72H_CD8_T_CELL_DN","109/6767","200/21355",1.78532624075898e-11,8.37453580637811e-11,1.43396935984301e-11
"GSE15930_STIM_VS_STIM_AND_IL12_48H_CD8_T_CELL_UP","GSE15930_STIM_VS_STIM_AND_IL12_48H_CD8_T_CELL_UP","109/6767","200/21355",1.78532624075898e-11,8.37453580637811e-11,1.43396935984301e-11
"GSE16385_MONOCYTE_VS_12H_ROSIGLITAZONE_IFNG_TNF_TREATED_MACROPHAGE_DN","GSE16385_MONOCYTE_VS_12H_ROSIGLITAZONE_IFNG_TNF_TREATED_MACROPHAGE_DN","109/6767","200/21355",1.78532624075898e-11,8.37453580637811e-11,1.43396935984301e-11
"GSE17301_CTRL_VS_48H_ACD3_ACD28_IFNA2_STIM_CD8_TCELL_UP","GSE17301_CTRL_VS_48H_ACD3_ACD28_IFNA2_STIM_CD8_TCELL_UP","109/6767","200/21355",1.78532624075898e-11,8.37453580637811e-11,1.43396935984301e-11
"GSE17721_0.5H_VS_4H_PAM3CSK4_BMDC_UP","GSE17721_0.5H_VS_4H_PAM3CSK4_BMDC_UP","109/6767","200/21355",1.78532624075898e-11,8.37453580637811e-11,1.43396935984301e-11
"GSE17721_CTRL_VS_CPG_2H_BMDC_UP","GSE17721_CTRL_VS_CPG_2H_BMDC_UP","109/6767","200/21355",1.78532624075898e-11,8.37453580637811e-11,1.43396935984301e-11
"GSE17721_CTRL_VS_CPG_4H_BMDC_UP","GSE17721_CTRL_VS_CPG_4H_BMDC_UP","109/6767","200/21355",1.78532624075898e-11,8.37453580637811e-11,1.43396935984301e-11
"GSE17721_POLYIC_VS_CPG_6H_BMDC_UP","GSE17721_POLYIC_VS_CPG_6H_BMDC_UP","109/6767","200/21355",1.78532624075898e-11,8.37453580637811e-11,1.43396935984301e-11
"GSE18893_TCONV_VS_TREG_24H_CULTURE_DN","GSE18893_TCONV_VS_TREG_24H_CULTURE_DN","109/6767","200/21355",1.78532624075898e-11,8.37453580637811e-11,1.43396935984301e-11
"GSE1925_CTRL_VS_IFNG_PRIMED_MACROPHAGE_24H_IFNG_STIM_DN","GSE1925_CTRL_VS_IFNG_PRIMED_MACROPHAGE_24H_IFNG_STIM_DN","109/6767","200/21355",1.78532624075898e-11,8.37453580637811e-11,1.43396935984301e-11
"GSE19923_WT_VS_HEB_AND_E2A_KO_DP_THYMOCYTE_UP","GSE19923_WT_VS_HEB_AND_E2A_KO_DP_THYMOCYTE_UP","109/6767","200/21355",1.78532624075898e-11,8.37453580637811e-11,1.43396935984301e-11
"GSE20198_IL12_IL18_VS_IFNA_TREATED_ACT_CD4_TCELL_UP","GSE20198_IL12_IL18_VS_IFNA_TREATED_ACT_CD4_TCELL_UP","109/6767","200/21355",1.78532624075898e-11,8.37453580637811e-11,1.43396935984301e-11
"GSE21063_WT_VS_NFATC1_KO_8H_ANTI_IGM_STIM_BCELL_DN","GSE21063_WT_VS_NFATC1_KO_8H_ANTI_IGM_STIM_BCELL_DN","109/6767","200/21355",1.78532624075898e-11,8.37453580637811e-11,1.43396935984301e-11
"GSE21360_SECONDARY_VS_TERTIARY_MEMORY_CD8_TCELL_UP","GSE21360_SECONDARY_VS_TERTIARY_MEMORY_CD8_TCELL_UP","109/6767","200/21355",1.78532624075898e-11,8.37453580637811e-11,1.43396935984301e-11
"GSE21546_SAP1A_KO_VS_SAP1A_KO_AND_ELK1_KO_DP_THYMOCYTES_UP","GSE21546_SAP1A_KO_VS_SAP1A_KO_AND_ELK1_KO_DP_THYMOCYTES_UP","109/6767","200/21355",1.78532624075898e-11,8.37453580637811e-11,1.43396935984301e-11
"GSE22601_CD4_SINGLE_POSITIVE_VS_CD8_SINGLE_POSITIVE_THYMOCYTE_UP","GSE22601_CD4_SINGLE_POSITIVE_VS_CD8_SINGLE_POSITIVE_THYMOCYTE_UP","109/6767","200/21355",1.78532624075898e-11,8.37453580637811e-11,1.43396935984301e-11
"GSE22886_NAIVE_BCELL_VS_BM_PLASMA_CELL_UP","GSE22886_NAIVE_BCELL_VS_BM_PLASMA_CELL_UP","109/6767","200/21355",1.78532624075898e-11,8.37453580637811e-11,1.43396935984301e-11
"GSE22935_24H_VS_48H_MBOVIS_BCG_STIM_MACROPHAGE_DN","GSE22935_24H_VS_48H_MBOVIS_BCG_STIM_MACROPHAGE_DN","109/6767","200/21355",1.78532624075898e-11,8.37453580637811e-11,1.43396935984301e-11
"GSE23984_CTRL_VS_HYPOCALEMIC_VITAMIND_ANALOG_TCELL_UP","GSE23984_CTRL_VS_HYPOCALEMIC_VITAMIND_ANALOG_TCELL_UP","109/6767","200/21355",1.78532624075898e-11,8.37453580637811e-11,1.43396935984301e-11
"GSE24726_WT_VS_E2_2_KO_PDC_DN","GSE24726_WT_VS_E2_2_KO_PDC_DN","109/6767","200/21355",1.78532624075898e-11,8.37453580637811e-11,1.43396935984301e-11
"GSE26343_UNSTIM_VS_LPS_STIM_MACROPHAGE_UP","GSE26343_UNSTIM_VS_LPS_STIM_MACROPHAGE_UP","109/6767","200/21355",1.78532624075898e-11,8.37453580637811e-11,1.43396935984301e-11
"GSE27434_WT_VS_DNMT1_KO_TREG_DN","GSE27434_WT_VS_DNMT1_KO_TREG_DN","109/6767","200/21355",1.78532624075898e-11,8.37453580637811e-11,1.43396935984301e-11
"GSE2770_TGFB_AND_IL4_ACT_VS_ACT_CD4_TCELL_48H_UP","GSE2770_TGFB_AND_IL4_ACT_VS_ACT_CD4_TCELL_48H_UP","109/6767","200/21355",1.78532624075898e-11,8.37453580637811e-11,1.43396935984301e-11
"GSE27786_BCELL_VS_NEUTROPHIL_UP","GSE27786_BCELL_VS_NEUTROPHIL_UP","109/6767","200/21355",1.78532624075898e-11,8.37453580637811e-11,1.43396935984301e-11
"GSE29164_DAY3_VS_DAY7_CD8_TCELL_AND_IL12_TREATED_MELANOMA_UP","GSE29164_DAY3_VS_DAY7_CD8_TCELL_AND_IL12_TREATED_MELANOMA_UP","109/6767","200/21355",1.78532624075898e-11,8.37453580637811e-11,1.43396935984301e-11
"GSE3039_CD4_TCELL_VS_B2_BCELL_UP","GSE3039_CD4_TCELL_VS_B2_BCELL_UP","109/6767","200/21355",1.78532624075898e-11,8.37453580637811e-11,1.43396935984301e-11
"GSE31082_DN_VS_DP_THYMOCYTE_UP","GSE31082_DN_VS_DP_THYMOCYTE_UP","109/6767","200/21355",1.78532624075898e-11,8.37453580637811e-11,1.43396935984301e-11
"GSE32164_ALTERNATIVELY_ACT_M2_VS_CMYC_INHIBITED_MACROPHAGE_UP","GSE32164_ALTERNATIVELY_ACT_M2_VS_CMYC_INHIBITED_MACROPHAGE_UP","109/6767","200/21355",1.78532624075898e-11,8.37453580637811e-11,1.43396935984301e-11
"GSE33374_CD8_ALPHAALPHA_VS_ALPHABETA_CD161_HIGH_TCELL_DN","GSE33374_CD8_ALPHAALPHA_VS_ALPHABETA_CD161_HIGH_TCELL_DN","109/6767","200/21355",1.78532624075898e-11,8.37453580637811e-11,1.43396935984301e-11
"GSE33424_CD161_INT_VS_NEG_CD8_TCELL_UP","GSE33424_CD161_INT_VS_NEG_CD8_TCELL_UP","109/6767","200/21355",1.78532624075898e-11,8.37453580637811e-11,1.43396935984301e-11
"GSE360_L_DONOVANI_VS_M_TUBERCULOSIS_MAC_UP","GSE360_L_DONOVANI_VS_M_TUBERCULOSIS_MAC_UP","109/6767","200/21355",1.78532624075898e-11,8.37453580637811e-11,1.43396935984301e-11
"GSE39820_CTRL_VS_TGFBETA3_IL6_IL23A_CD4_TCELL_UP","GSE39820_CTRL_VS_TGFBETA3_IL6_IL23A_CD4_TCELL_UP","109/6767","200/21355",1.78532624075898e-11,8.37453580637811e-11,1.43396935984301e-11
"GSE40068_BCL6_POS_VS_NEG_CXCR5_POS_TFH_UP","GSE40068_BCL6_POS_VS_NEG_CXCR5_POS_TFH_UP","109/6767","200/21355",1.78532624075898e-11,8.37453580637811e-11,1.43396935984301e-11
"GSE40068_CXCR5NEG_BCL6NEG_CD4_TCELL_VS_CXCR5POS_BCL6NEG_TFH_DN","GSE40068_CXCR5NEG_BCL6NEG_CD4_TCELL_VS_CXCR5POS_BCL6NEG_TFH_DN","109/6767","200/21355",1.78532624075898e-11,8.37453580637811e-11,1.43396935984301e-11
"GSE40443_INDUCED_VS_TOTAL_TREG_DN","GSE40443_INDUCED_VS_TOTAL_TREG_DN","109/6767","200/21355",1.78532624075898e-11,8.37453580637811e-11,1.43396935984301e-11
"GSE41176_UNSTIM_VS_ANTI_IGM_STIM_BCELL_24H_DN","GSE41176_UNSTIM_VS_ANTI_IGM_STIM_BCELL_24H_DN","109/6767","200/21355",1.78532624075898e-11,8.37453580637811e-11,1.43396935984301e-11
"GSE41867_NAIVE_VS_DAY8_LCMV_EFFECTOR_CD8_TCELL_DN","GSE41867_NAIVE_VS_DAY8_LCMV_EFFECTOR_CD8_TCELL_DN","109/6767","200/21355",1.78532624075898e-11,8.37453580637811e-11,1.43396935984301e-11
"GSE42724_NAIVE_VS_MEMORY_BCELL_DN","GSE42724_NAIVE_VS_MEMORY_BCELL_DN","109/6767","200/21355",1.78532624075898e-11,8.37453580637811e-11,1.43396935984301e-11
"GSE43863_TFH_VS_LY6C_INT_CXCR5POS_EFFECTOR_CD4_TCELL_UP","GSE43863_TFH_VS_LY6C_INT_CXCR5POS_EFFECTOR_CD4_TCELL_UP","109/6767","200/21355",1.78532624075898e-11,8.37453580637811e-11,1.43396935984301e-11
"GSE43863_TH1_VS_TFH_EFFECTOR_CD4_TCELL_DN","GSE43863_TH1_VS_TFH_EFFECTOR_CD4_TCELL_DN","109/6767","200/21355",1.78532624075898e-11,8.37453580637811e-11,1.43396935984301e-11
"GSE45739_UNSTIM_VS_ACD3_ACD28_STIM_NRAS_KO_CD4_TCELL_UP","GSE45739_UNSTIM_VS_ACD3_ACD28_STIM_NRAS_KO_CD4_TCELL_UP","109/6767","200/21355",1.78532624075898e-11,8.37453580637811e-11,1.43396935984301e-11
"GSE5542_IFNG_VS_IFNA_AND_IFNG_TREATED_EPITHELIAL_CELLS_24H_UP","GSE5542_IFNG_VS_IFNA_AND_IFNG_TREATED_EPITHELIAL_CELLS_24H_UP","109/6767","200/21355",1.78532624075898e-11,8.37453580637811e-11,1.43396935984301e-11
"GSE5589_LPS_AND_IL10_VS_LPS_AND_IL6_STIM_MACROPHAGE_45MIN_DN","GSE5589_LPS_AND_IL10_VS_LPS_AND_IL6_STIM_MACROPHAGE_45MIN_DN","109/6767","200/21355",1.78532624075898e-11,8.37453580637811e-11,1.43396935984301e-11
"GSE5589_LPS_AND_IL10_VS_LPS_AND_IL6_STIM_MACROPHAGE_45MIN_UP","GSE5589_LPS_AND_IL10_VS_LPS_AND_IL6_STIM_MACROPHAGE_45MIN_UP","109/6767","200/21355",1.78532624075898e-11,8.37453580637811e-11,1.43396935984301e-11
"GSE8621_LPS_STIM_VS_LPS_PRIMED_AND_LPS_STIM_MACROPHAGE_DN","GSE8621_LPS_STIM_VS_LPS_PRIMED_AND_LPS_STIM_MACROPHAGE_DN","109/6767","200/21355",1.78532624075898e-11,8.37453580637811e-11,1.43396935984301e-11
"GSE22611_UNSTIM_VS_2H_MDP_STIM_MUTANT_NOD2_TRANSDUCED_HEK293T_CELL_DN","GSE22611_UNSTIM_VS_2H_MDP_STIM_MUTANT_NOD2_TRANSDUCED_HEK293T_CELL_DN","103/6767","186/21355",1.7957939795888e-11,8.41593759904183e-11,1.4410585769047e-11
"GSE7768_OVA_WITH_LPS_VS_OVA_WITH_MPL_IMMUNIZED_MOUSE_WHOLE_SPLEEN_6H_DN","GSE7768_OVA_WITH_LPS_VS_OVA_WITH_MPL_IMMUNIZED_MOUSE_WHOLE_SPLEEN_6H_DN","96/6767","170/21355",1.93471621748529e-11,9.05871237173251e-11,1.55112071654192e-11
"GSE14000_UNSTIM_VS_4H_LPS_DC_TRANSLATED_RNA_UP","GSE14000_UNSTIM_VS_4H_LPS_DC_TRANSLATED_RNA_UP","108/6767","198/21355",2.060503001077e-11,9.6125558567077e-11,1.64595517733654e-11
"GSE21360_PRIMARY_VS_QUATERNARY_MEMORY_CD8_TCELL_DN","GSE21360_PRIMARY_VS_QUATERNARY_MEMORY_CD8_TCELL_DN","108/6767","198/21355",2.060503001077e-11,9.6125558567077e-11,1.64595517733654e-11
"GSE36476_CTRL_VS_TSST_ACT_72H_MEMORY_CD4_TCELL_YOUNG_UP","GSE36476_CTRL_VS_TSST_ACT_72H_MEMORY_CD4_TCELL_YOUNG_UP","108/6767","198/21355",2.060503001077e-11,9.6125558567077e-11,1.64595517733654e-11
"GSE39820_CTRL_VS_TGFBETA3_IL6_IL23A_CD4_TCELL_DN","GSE39820_CTRL_VS_TGFBETA3_IL6_IL23A_CD4_TCELL_DN","108/6767","198/21355",2.060503001077e-11,9.6125558567077e-11,1.64595517733654e-11
"GSE21033_CTRL_VS_POLYIC_STIM_DC_12H_UP","GSE21033_CTRL_VS_POLYIC_STIM_DC_12H_UP","91/6767","159/21355",2.36019971248648e-11,1.10006762962892e-10,1.88364264135284e-11
"GSE7768_OVA_WITH_LPS_VS_OVA_WITH_MPL_IMMUNIZED_MOUSE_WHOLE_SPLEEN_6H_UP","GSE7768_OVA_WITH_LPS_VS_OVA_WITH_MPL_IMMUNIZED_MOUSE_WHOLE_SPLEEN_6H_UP","96/6767","171/21355",3.04376468404255e-11,1.41278942502008e-10,2.41911527304723e-11
"GSE10094_LCMV_VS_LISTERIA_IND_EFF_CD4_TCELL_UP","GSE10094_LCMV_VS_LISTERIA_IND_EFF_CD4_TCELL_UP","108/6767","199/21355",3.10830207026068e-11,1.41278942502008e-10,2.41911527304723e-11
"GSE17721_LPS_VS_GARDIQUIMOD_4H_BMDC_DN","GSE17721_LPS_VS_GARDIQUIMOD_4H_BMDC_DN","108/6767","199/21355",3.10830207026068e-11,1.41278942502008e-10,2.41911527304723e-11
"GSE17721_LPS_VS_PAM3CSK4_8H_BMDC_DN","GSE17721_LPS_VS_PAM3CSK4_8H_BMDC_DN","108/6767","199/21355",3.10830207026068e-11,1.41278942502008e-10,2.41911527304723e-11
"GSE17721_POLYIC_VS_PAM3CSK4_6H_BMDC_DN","GSE17721_POLYIC_VS_PAM3CSK4_6H_BMDC_DN","108/6767","199/21355",3.10830207026068e-11,1.41278942502008e-10,2.41911527304723e-11
"GSE17974_0H_VS_4H_IN_VITRO_ACT_CD4_TCELL_DN","GSE17974_0H_VS_4H_IN_VITRO_ACT_CD4_TCELL_DN","108/6767","199/21355",3.10830207026068e-11,1.41278942502008e-10,2.41911527304723e-11
"GSE2128_C57BL6_VS_NOD_THYMOCYTE_UP","GSE2128_C57BL6_VS_NOD_THYMOCYTE_UP","108/6767","199/21355",3.10830207026068e-11,1.41278942502008e-10,2.41911527304723e-11
"GSE21670_UNTREATED_VS_TGFB_TREATED_STAT3_KO_CD4_TCELL_DN","GSE21670_UNTREATED_VS_TGFB_TREATED_STAT3_KO_CD4_TCELL_DN","108/6767","199/21355",3.10830207026068e-11,1.41278942502008e-10,2.41911527304723e-11
"GSE22229_RENAL_TRANSPLANT_IMMUNOSUPP_THERAPY_VS_HEALTHY_PBMC_UP","GSE22229_RENAL_TRANSPLANT_IMMUNOSUPP_THERAPY_VS_HEALTHY_PBMC_UP","108/6767","199/21355",3.10830207026068e-11,1.41278942502008e-10,2.41911527304723e-11
"GSE22432_MULTIPOTENT_VS_COMMON_DC_PROGENITOR_UP","GSE22432_MULTIPOTENT_VS_COMMON_DC_PROGENITOR_UP","108/6767","199/21355",3.10830207026068e-11,1.41278942502008e-10,2.41911527304723e-11
"GSE22886_NAIVE_CD4_TCELL_VS_48H_ACT_TH1_DN","GSE22886_NAIVE_CD4_TCELL_VS_48H_ACT_TH1_DN","108/6767","199/21355",3.10830207026068e-11,1.41278942502008e-10,2.41911527304723e-11
"GSE24142_DN2_VS_DN3_THYMOCYTE_ADULT_DN","GSE24142_DN2_VS_DN3_THYMOCYTE_ADULT_DN","108/6767","199/21355",3.10830207026068e-11,1.41278942502008e-10,2.41911527304723e-11
"GSE2770_UNTREATED_VS_IL4_TREATED_ACT_CD4_TCELL_48H_DN","GSE2770_UNTREATED_VS_IL4_TREATED_ACT_CD4_TCELL_48H_DN","108/6767","199/21355",3.10830207026068e-11,1.41278942502008e-10,2.41911527304723e-11
"GSE27786_LSK_VS_CD8_TCELL_UP","GSE27786_LSK_VS_CD8_TCELL_UP","108/6767","199/21355",3.10830207026068e-11,1.41278942502008e-10,2.41911527304723e-11
"GSE27786_NEUTROPHIL_VS_MONO_MAC_DN","GSE27786_NEUTROPHIL_VS_MONO_MAC_DN","108/6767","199/21355",3.10830207026068e-11,1.41278942502008e-10,2.41911527304723e-11
"GSE29164_DAY3_VS_DAY7_UNTREATED_MELANOMA_DN","GSE29164_DAY3_VS_DAY7_UNTREATED_MELANOMA_DN","108/6767","199/21355",3.10830207026068e-11,1.41278942502008e-10,2.41911527304723e-11
"GSE360_L_MAJOR_VS_T_GONDII_MAC_DN","GSE360_L_MAJOR_VS_T_GONDII_MAC_DN","108/6767","199/21355",3.10830207026068e-11,1.41278942502008e-10,2.41911527304723e-11
"GSE369_PRE_VS_POST_IL6_INJECTION_SOCS3_KO_LIVER_UP","GSE369_PRE_VS_POST_IL6_INJECTION_SOCS3_KO_LIVER_UP","108/6767","199/21355",3.10830207026068e-11,1.41278942502008e-10,2.41911527304723e-11
"GSE3982_MAC_VS_TH2_UP","GSE3982_MAC_VS_TH2_UP","108/6767","199/21355",3.10830207026068e-11,1.41278942502008e-10,2.41911527304723e-11
"GSE40068_BCL6_POS_VS_NEG_CXCR5_POS_TFH_DN","GSE40068_BCL6_POS_VS_NEG_CXCR5_POS_TFH_DN","108/6767","199/21355",3.10830207026068e-11,1.41278942502008e-10,2.41911527304723e-11
"GSE42724_NAIVE_VS_B1_BCELL_DN","GSE42724_NAIVE_VS_B1_BCELL_DN","108/6767","199/21355",3.10830207026068e-11,1.41278942502008e-10,2.41911527304723e-11
"GSE43863_DAY6_EFF_VS_DAY150_MEM_TFH_CD4_TCELL_UP","GSE43863_DAY6_EFF_VS_DAY150_MEM_TFH_CD4_TCELL_UP","108/6767","199/21355",3.10830207026068e-11,1.41278942502008e-10,2.41911527304723e-11
"GSE45365_WT_VS_IFNAR_KO_CD8A_DC_MCMV_INFECTION_UP","GSE45365_WT_VS_IFNAR_KO_CD8A_DC_MCMV_INFECTION_UP","108/6767","199/21355",3.10830207026068e-11,1.41278942502008e-10,2.41911527304723e-11
"GSE46606_DAY1_VS_DAY3_CD40L_IL2_IL5_STIMULATED_BCELL_DN","GSE46606_DAY1_VS_DAY3_CD40L_IL2_IL5_STIMULATED_BCELL_DN","108/6767","199/21355",3.10830207026068e-11,1.41278942502008e-10,2.41911527304723e-11
"GSE5589_IL6_KO_VS_IL10_KO_LPS_AND_IL10_STIM_MACROPHAGE_45MIN_DN","GSE5589_IL6_KO_VS_IL10_KO_LPS_AND_IL10_STIM_MACROPHAGE_45MIN_DN","108/6767","199/21355",3.10830207026068e-11,1.41278942502008e-10,2.41911527304723e-11
"GSE7460_CD8_TCELL_VS_TREG_ACT_DN","GSE7460_CD8_TCELL_VS_TREG_ACT_DN","108/6767","199/21355",3.10830207026068e-11,1.41278942502008e-10,2.41911527304723e-11
"GSE9650_EFFECTOR_VS_MEMORY_CD8_TCELL_UP","GSE9650_EFFECTOR_VS_MEMORY_CD8_TCELL_UP","108/6767","199/21355",3.10830207026068e-11,1.41278942502008e-10,2.41911527304723e-11
"GSE9960_GRAM_NEG_VS_GRAM_POS_SEPSIS_PBMC_DN","GSE9960_GRAM_NEG_VS_GRAM_POS_SEPSIS_PBMC_DN","108/6767","199/21355",3.10830207026068e-11,1.41278942502008e-10,2.41911527304723e-11
"GSE13946_CTRL_VS_DSS_COLITIS_GD_TCELL_FROM_COLON_UP","GSE13946_CTRL_VS_DSS_COLITIS_GD_TCELL_FROM_COLON_UP","99/6767","178/21355",3.13718238697162e-11,1.42213387250252e-10,2.43511574362169e-11
"GSE14415_INDUCED_TREG_VS_FAILED_INDUCED_TREG_DN","GSE14415_INDUCED_TREG_VS_FAILED_INDUCED_TREG_DN","99/6767","178/21355",3.13718238697162e-11,1.42213387250252e-10,2.43511574362169e-11
"GSE15330_MEGAKARYOCYTE_ERYTHROID_VS_GRANULOCYTE_MONOCYTE_PROGENITOR_UP","GSE15330_MEGAKARYOCYTE_ERYTHROID_VS_GRANULOCYTE_MONOCYTE_PROGENITOR_UP","99/6767","178/21355",3.13718238697162e-11,1.42213387250252e-10,2.43511574362169e-11
"GSE26488_WT_VS_VP16_TRANSGENIC_HDAC7_KO_DOUBLE_POSITIVE_THYMOCYTE_DN","GSE26488_WT_VS_VP16_TRANSGENIC_HDAC7_KO_DOUBLE_POSITIVE_THYMOCYTE_DN","95/6767","169/21355",3.48830221542334e-11,1.57990507583705e-10,2.7052669217622e-11
"GSE20727_CTRL_VS_ROS_INH_AND_DNFB_ALLERGEN_TREATED_DC_DN","GSE20727_CTRL_VS_ROS_INH_AND_DNFB_ALLERGEN_TREATED_DC_DN","107/6767","197/21355",3.59030092514611e-11,1.62323393679225e-10,2.77945880587752e-11
"GSE2128_C57BL6_VS_NOD_CD4CD8_DP_THYMOCYTE_UP","GSE2128_C57BL6_VS_NOD_CD4CD8_DP_THYMOCYTE_UP","107/6767","197/21355",3.59030092514611e-11,1.62323393679225e-10,2.77945880587752e-11
"GSE36888_UNTREATED_VS_IL2_TREATED_STAT5_AB_KNOCKIN_TCELL_17H_UP","GSE36888_UNTREATED_VS_IL2_TREATED_STAT5_AB_KNOCKIN_TCELL_17H_UP","104/6767","190/21355",3.64968711826071e-11,1.64862959077733e-10,2.822943711226e-11
"SCHERER_PBMC_YF_VAX_AGE_18_40YO_4_TO_7DY_DN","SCHERER_PBMC_YF_VAX_AGE_18_40YO_4_TO_7DY_DN","127/6767","245/21355",3.93358230446527e-11,1.7753060277283e-10,3.03985141023354e-11
"GSE16450_CTRL_VS_IFNA_6H_STIM_IMMATURE_NEURON_CELL_LINE_DN","GSE16450_CTRL_VS_IFNA_6H_STIM_IMMATURE_NEURON_CELL_LINE_DN","106/6767","195/21355",4.146424183811e-11,1.868077046608e-10,3.19870295929921e-11
"GSE16755_CTRL_VS_IFNA_TREATED_MAC_UP","GSE16755_CTRL_VS_IFNA_TREATED_MAC_UP","106/6767","195/21355",4.146424183811e-11,1.868077046608e-10,3.19870295929921e-11
"GSE37301_MULTIPOTENT_PROGENITOR_VS_LYMPHOID_PRIMED_MPP_DN","GSE37301_MULTIPOTENT_PROGENITOR_VS_LYMPHOID_PRIMED_MPP_DN","100/6767","181/21355",4.20878351709314e-11,1.89450685620162e-10,3.24395864632473e-11
"GSE10240_CTRL_VS_IL17_AND_IL22_STIM_PRIMARY_BRONCHIAL_EPITHELIAL_CELLS_DN","GSE10240_CTRL_VS_IL17_AND_IL22_STIM_PRIMARY_BRONCHIAL_EPITHELIAL_CELLS_DN","108/6767","200/21355",4.66136065271907e-11,2.00661595856345e-10,3.43592274017208e-11
"GSE10240_IL22_VS_IL17_STIM_PRIMARY_BRONCHIAL_EPITHELIAL_CELLS_UP","GSE10240_IL22_VS_IL17_STIM_PRIMARY_BRONCHIAL_EPITHELIAL_CELLS_UP","108/6767","200/21355",4.66136065271907e-11,2.00661595856345e-10,3.43592274017208e-11
"GSE12198_NK_VS_NK_ACT_EXPANSION_SYSTEM_DERIVED_NK_CELL_DN","GSE12198_NK_VS_NK_ACT_EXPANSION_SYSTEM_DERIVED_NK_CELL_DN","108/6767","200/21355",4.66136065271907e-11,2.00661595856345e-10,3.43592274017208e-11
"GSE12392_WT_VS_IFNB_KO_CD8A_NEG_SPLEEN_DC_DN","GSE12392_WT_VS_IFNB_KO_CD8A_NEG_SPLEEN_DC_DN","108/6767","200/21355",4.66136065271907e-11,2.00661595856345e-10,3.43592274017208e-11
"GSE13484_UNSTIM_VS_12H_YF17D_VACCINE_STIM_PBMC_DN","GSE13484_UNSTIM_VS_12H_YF17D_VACCINE_STIM_PBMC_DN","108/6767","200/21355",4.66136065271907e-11,2.00661595856345e-10,3.43592274017208e-11
"GSE16385_MONOCYTE_VS_12H_ROSIGLITAZONE_TREATED_MACROPHAGE_DN","GSE16385_MONOCYTE_VS_12H_ROSIGLITAZONE_TREATED_MACROPHAGE_DN","108/6767","200/21355",4.66136065271907e-11,2.00661595856345e-10,3.43592274017208e-11
"GSE16522_ANTI_CD3CD28_STIM_VS_UNSTIM_MEMORY_CD8_TCELL_DN","GSE16522_ANTI_CD3CD28_STIM_VS_UNSTIM_MEMORY_CD8_TCELL_DN","108/6767","200/21355",4.66136065271907e-11,2.00661595856345e-10,3.43592274017208e-11
"GSE17186_BLOOD_VS_CORD_BLOOD_CD21LOW_TRANSITIONAL_BCELL_UP","GSE17186_BLOOD_VS_CORD_BLOOD_CD21LOW_TRANSITIONAL_BCELL_UP","108/6767","200/21355",4.66136065271907e-11,2.00661595856345e-10,3.43592274017208e-11
"GSE17721_CTRL_VS_GARDIQUIMOD_12H_BMDC_UP","GSE17721_CTRL_VS_GARDIQUIMOD_12H_BMDC_UP","108/6767","200/21355",4.66136065271907e-11,2.00661595856345e-10,3.43592274017208e-11
"GSE17721_CTRL_VS_LPS_8H_BMDC_UP","GSE17721_CTRL_VS_LPS_8H_BMDC_UP","108/6767","200/21355",4.66136065271907e-11,2.00661595856345e-10,3.43592274017208e-11
"GSE18203_CTRL_VS_INTRATUMORAL_CPG_INJ_MC38_TUMOR_DN","GSE18203_CTRL_VS_INTRATUMORAL_CPG_INJ_MC38_TUMOR_DN","108/6767","200/21355",4.66136065271907e-11,2.00661595856345e-10,3.43592274017208e-11
"GSE19888_ADENOSINE_A3R_ACT_VS_TCELL_MEMBRANES_ACT_IN_MAST_CELL_UP","GSE19888_ADENOSINE_A3R_ACT_VS_TCELL_MEMBRANES_ACT_IN_MAST_CELL_UP","108/6767","200/21355",4.66136065271907e-11,2.00661595856345e-10,3.43592274017208e-11
"GSE19888_ADENOSINE_A3R_INH_PRETREAT_AND_ACT_BY_A3R_VS_A3R_INH_AND_TCELL_MEMBRANES_ACT_MAST_CELL_DN","GSE19888_ADENOSINE_A3R_INH_PRETREAT_AND_ACT_BY_A3R_VS_A3R_INH_AND_TCELL_MEMBRANES_ACT_MAST_CELL_DN","108/6767","200/21355",4.66136065271907e-11,2.00661595856345e-10,3.43592274017208e-11
"GSE21546_WT_VS_SAP1A_KO_ANTI_CD3_STIM_DP_THYMOCYTES_UP","GSE21546_WT_VS_SAP1A_KO_ANTI_CD3_STIM_DP_THYMOCYTES_UP","108/6767","200/21355",4.66136065271907e-11,2.00661595856345e-10,3.43592274017208e-11
"GSE21670_IL6_VS_TGFB_AND_IL6_TREATED_STAT3_KO_CD4_TCELL_UP","GSE21670_IL6_VS_TGFB_AND_IL6_TREATED_STAT3_KO_CD4_TCELL_UP","108/6767","200/21355",4.66136065271907e-11,2.00661595856345e-10,3.43592274017208e-11
"GSE22103_UNSTIM_VS_GMCSF_AND_IFNG_STIM_NEUTROPHIL_DN","GSE22103_UNSTIM_VS_GMCSF_AND_IFNG_STIM_NEUTROPHIL_DN","108/6767","200/21355",4.66136065271907e-11,2.00661595856345e-10,3.43592274017208e-11
"GSE22601_DOUBLE_NEGATIVE_VS_DOUBLE_POSITIVE_THYMOCYTE_DN","GSE22601_DOUBLE_NEGATIVE_VS_DOUBLE_POSITIVE_THYMOCYTE_DN","108/6767","200/21355",4.66136065271907e-11,2.00661595856345e-10,3.43592274017208e-11
"GSE22601_DOUBLE_NEGATIVE_VS_IMMATURE_CD4_SP_THYMOCYTE_UP","GSE22601_DOUBLE_NEGATIVE_VS_IMMATURE_CD4_SP_THYMOCYTE_UP","108/6767","200/21355",4.66136065271907e-11,2.00661595856345e-10,3.43592274017208e-11
"GSE23505_UNTREATED_VS_4DAY_IL6_IL1_IL23_TREATED_CD4_TCELL_UP","GSE23505_UNTREATED_VS_4DAY_IL6_IL1_IL23_TREATED_CD4_TCELL_UP","108/6767","200/21355",4.66136065271907e-11,2.00661595856345e-10,3.43592274017208e-11
"GSE24726_WT_VS_E2_2_KO_PDC_DAY6_POST_DELETION_DN","GSE24726_WT_VS_E2_2_KO_PDC_DAY6_POST_DELETION_DN","108/6767","200/21355",4.66136065271907e-11,2.00661595856345e-10,3.43592274017208e-11
"GSE24726_WT_VS_E2_2_KO_PDC_UP","GSE24726_WT_VS_E2_2_KO_PDC_UP","108/6767","200/21355",4.66136065271907e-11,2.00661595856345e-10,3.43592274017208e-11
"GSE25123_CTRL_VS_IL4_AND_ROSIGLITAZONE_STIM_MACROPHAGE_UP","GSE25123_CTRL_VS_IL4_AND_ROSIGLITAZONE_STIM_MACROPHAGE_UP","108/6767","200/21355",4.66136065271907e-11,2.00661595856345e-10,3.43592274017208e-11
"GSE27786_BCELL_VS_CD4_TCELL_UP","GSE27786_BCELL_VS_CD4_TCELL_UP","108/6767","200/21355",4.66136065271907e-11,2.00661595856345e-10,3.43592274017208e-11
"GSE27786_LIN_NEG_VS_MONO_MAC_UP","GSE27786_LIN_NEG_VS_MONO_MAC_UP","108/6767","200/21355",4.66136065271907e-11,2.00661595856345e-10,3.43592274017208e-11
"GSE27859_CD11C_INT_F480_HI_MACROPHAGE_VS_CD11C_ING_F480_INT_DC_DN","GSE27859_CD11C_INT_F480_HI_MACROPHAGE_VS_CD11C_ING_F480_INT_DC_DN","108/6767","200/21355",4.66136065271907e-11,2.00661595856345e-10,3.43592274017208e-11
"GSE28737_BCL6_HET_VS_BCL6_KO_FOLLICULAR_BCELL_UP","GSE28737_BCL6_HET_VS_BCL6_KO_FOLLICULAR_BCELL_UP","108/6767","200/21355",4.66136065271907e-11,2.00661595856345e-10,3.43592274017208e-11
"GSE31082_DN_VS_CD4_SP_THYMOCYTE_DN","GSE31082_DN_VS_CD4_SP_THYMOCYTE_DN","108/6767","200/21355",4.66136065271907e-11,2.00661595856345e-10,3.43592274017208e-11
"GSE3337_4H_VS_16H_IFNG_IN_CD8POS_DC_UP","GSE3337_4H_VS_16H_IFNG_IN_CD8POS_DC_UP","108/6767","200/21355",4.66136065271907e-11,2.00661595856345e-10,3.43592274017208e-11
"GSE339_CD4POS_VS_CD8POS_DC_UP","GSE339_CD4POS_VS_CD8POS_DC_UP","108/6767","200/21355",4.66136065271907e-11,2.00661595856345e-10,3.43592274017208e-11
"GSE339_EX_VIVO_VS_IN_CULTURE_CD4POS_DC_DN","GSE339_EX_VIVO_VS_IN_CULTURE_CD4POS_DC_DN","108/6767","200/21355",4.66136065271907e-11,2.00661595856345e-10,3.43592274017208e-11
"GSE339_EX_VIVO_VS_IN_CULTURE_CD4POS_DC_UP","GSE339_EX_VIVO_VS_IN_CULTURE_CD4POS_DC_UP","108/6767","200/21355",4.66136065271907e-11,2.00661595856345e-10,3.43592274017208e-11
"GSE34006_A2AR_KO_VS_A2AR_AGONIST_TREATED_TREG_DN","GSE34006_A2AR_KO_VS_A2AR_AGONIST_TREATED_TREG_DN","108/6767","200/21355",4.66136065271907e-11,2.00661595856345e-10,3.43592274017208e-11
"GSE36527_CD62L_HIGH_VS_CD62L_LOW_TREG_CD69_NEG_KLRG1_NEG_UP","GSE36527_CD62L_HIGH_VS_CD62L_LOW_TREG_CD69_NEG_KLRG1_NEG_UP","108/6767","200/21355",4.66136065271907e-11,2.00661595856345e-10,3.43592274017208e-11
"GSE37533_UNTREATED_VS_PIOGLIZATONE_TREATED_CD4_TCELL_PPARG1_AND_FOXP3_TRASDUCED_DN","GSE37533_UNTREATED_VS_PIOGLIZATONE_TREATED_CD4_TCELL_PPARG1_AND_FOXP3_TRASDUCED_DN","108/6767","200/21355",4.66136065271907e-11,2.00661595856345e-10,3.43592274017208e-11
"GSE39152_BRAIN_VS_SPLEEN_CD103_NEG_MEMORY_CD8_TCELL_UP","GSE39152_BRAIN_VS_SPLEEN_CD103_NEG_MEMORY_CD8_TCELL_UP","108/6767","200/21355",4.66136065271907e-11,2.00661595856345e-10,3.43592274017208e-11
"GSE3982_BASOPHIL_VS_EFF_MEMORY_CD4_TCELL_UP","GSE3982_BASOPHIL_VS_EFF_MEMORY_CD4_TCELL_UP","108/6767","200/21355",4.66136065271907e-11,2.00661595856345e-10,3.43592274017208e-11
"GSE39820_TGFBETA1_VS_TGFBETA3_IN_IL6_TREATED_CD4_TCELL_UP","GSE39820_TGFBETA1_VS_TGFBETA3_IN_IL6_TREATED_CD4_TCELL_UP","108/6767","200/21355",4.66136065271907e-11,2.00661595856345e-10,3.43592274017208e-11
"GSE41867_DAY6_VS_DAY8_LCMV_ARMSTRONG_EFFECTOR_CD8_TCELL_DN","GSE41867_DAY6_VS_DAY8_LCMV_ARMSTRONG_EFFECTOR_CD8_TCELL_DN","108/6767","200/21355",4.66136065271907e-11,2.00661595856345e-10,3.43592274017208e-11
"GSE41867_NAIVE_VS_DAY15_LCMV_ARMSTRONG_EFFECTOR_CD8_TCELL_UP","GSE41867_NAIVE_VS_DAY15_LCMV_ARMSTRONG_EFFECTOR_CD8_TCELL_UP","108/6767","200/21355",4.66136065271907e-11,2.00661595856345e-10,3.43592274017208e-11
"GSE42021_CD24HI_TREG_VS_CD24HI_TCONV_THYMUS_UP","GSE42021_CD24HI_TREG_VS_CD24HI_TCONV_THYMUS_UP","108/6767","200/21355",4.66136065271907e-11,2.00661595856345e-10,3.43592274017208e-11
"GSE43955_1H_VS_10H_ACT_CD4_TCELL_UP","GSE43955_1H_VS_10H_ACT_CD4_TCELL_UP","108/6767","200/21355",4.66136065271907e-11,2.00661595856345e-10,3.43592274017208e-11
"GSE43955_TH0_VS_TGFB_IL6_IL23_TH17_ACT_CD4_TCELL_60H_DN","GSE43955_TH0_VS_TGFB_IL6_IL23_TH17_ACT_CD4_TCELL_60H_DN","108/6767","200/21355",4.66136065271907e-11,2.00661595856345e-10,3.43592274017208e-11
"GSE5589_LPS_VS_LPS_AND_IL6_STIM_IL6_KO_MACROPHAGE_45MIN_DN","GSE5589_LPS_VS_LPS_AND_IL6_STIM_IL6_KO_MACROPHAGE_45MIN_DN","108/6767","200/21355",4.66136065271907e-11,2.00661595856345e-10,3.43592274017208e-11
"GSE5589_UNSTIM_VS_45MIN_LPS_STIM_MACROPHAGE_UP","GSE5589_UNSTIM_VS_45MIN_LPS_STIM_MACROPHAGE_UP","108/6767","200/21355",4.66136065271907e-11,2.00661595856345e-10,3.43592274017208e-11
"GSE5679_CTRL_VS_PPARG_LIGAND_ROSIGLITAZONE_AND_RARA_AGONIST_AM580_TREATED_DC_UP","GSE5679_CTRL_VS_PPARG_LIGAND_ROSIGLITAZONE_AND_RARA_AGONIST_AM580_TREATED_DC_UP","108/6767","200/21355",4.66136065271907e-11,2.00661595856345e-10,3.43592274017208e-11
"GSE6259_DEC205_POS_DC_VS_CD4_TCELL_DN","GSE6259_DEC205_POS_DC_VS_CD4_TCELL_DN","108/6767","200/21355",4.66136065271907e-11,2.00661595856345e-10,3.43592274017208e-11
"GSE6674_CPG_VS_PL2_3_STIM_BCELL_DN","GSE6674_CPG_VS_PL2_3_STIM_BCELL_DN","108/6767","200/21355",4.66136065271907e-11,2.00661595856345e-10,3.43592274017208e-11
"GSE7548_NAIVE_VS_DAY7_PCC_IMMUNIZATION_CD4_TCELL_UP","GSE7548_NAIVE_VS_DAY7_PCC_IMMUNIZATION_CD4_TCELL_UP","108/6767","200/21355",4.66136065271907e-11,2.00661595856345e-10,3.43592274017208e-11
"GSE7568_CTRL_VS_24H_TGFB_TREATED_MACROPHAGES_WITH_IL4_AND_DEXAMETHASONE_UP","GSE7568_CTRL_VS_24H_TGFB_TREATED_MACROPHAGES_WITH_IL4_AND_DEXAMETHASONE_UP","108/6767","200/21355",4.66136065271907e-11,2.00661595856345e-10,3.43592274017208e-11
"GSE7831_CPG_VS_INFLUENZA_STIM_PDC_1H_UP","GSE7831_CPG_VS_INFLUENZA_STIM_PDC_1H_UP","108/6767","200/21355",4.66136065271907e-11,2.00661595856345e-10,3.43592274017208e-11
"GSE7852_TREG_VS_TCONV_FAT_DN","GSE7852_TREG_VS_TCONV_FAT_DN","108/6767","200/21355",4.66136065271907e-11,2.00661595856345e-10,3.43592274017208e-11
"GSE9037_CTRL_VS_LPS_4H_STIM_BMDM_UP","GSE9037_CTRL_VS_LPS_4H_STIM_BMDM_UP","108/6767","200/21355",4.66136065271907e-11,2.00661595856345e-10,3.43592274017208e-11
"GSE16266_LPS_VS_HEATSHOCK_AND_LPS_STIM_MEF_DN","GSE16266_LPS_VS_HEATSHOCK_AND_LPS_STIM_MEF_DN","107/6767","198/21355",5.38907430839233e-11,2.30056486087656e-10,3.93925060098971e-11
"GSE18791_CTRL_VS_NEWCASTLE_VIRUS_DC_4H_UP","GSE18791_CTRL_VS_NEWCASTLE_VIRUS_DC_4H_UP","107/6767","198/21355",5.38907430839233e-11,2.30056486087656e-10,3.93925060098971e-11
"GSE22886_DAY1_VS_DAY7_MONOCYTE_IN_CULTURE_UP","GSE22886_DAY1_VS_DAY7_MONOCYTE_IN_CULTURE_UP","107/6767","198/21355",5.38907430839233e-11,2.30056486087656e-10,3.93925060098971e-11
"GSE25087_TREG_VS_TCONV_FETUS_UP","GSE25087_TREG_VS_TCONV_FETUS_UP","107/6767","198/21355",5.38907430839233e-11,2.30056486087656e-10,3.93925060098971e-11
"GSE29949_CD8_POS_DC_SPLEEN_VS_DC_BRAIN_UP","GSE29949_CD8_POS_DC_SPLEEN_VS_DC_BRAIN_UP","107/6767","198/21355",5.38907430839233e-11,2.30056486087656e-10,3.93925060098971e-11
"GSE37301_LYMPHOID_PRIMED_MPP_VS_GRAN_MONO_PROGENITOR_DN","GSE37301_LYMPHOID_PRIMED_MPP_VS_GRAN_MONO_PROGENITOR_DN","107/6767","198/21355",5.38907430839233e-11,2.30056486087656e-10,3.93925060098971e-11
"GSE37416_0H_VS_3H_F_TULARENSIS_LVS_NEUTROPHIL_UP","GSE37416_0H_VS_3H_F_TULARENSIS_LVS_NEUTROPHIL_UP","107/6767","198/21355",5.38907430839233e-11,2.30056486087656e-10,3.93925060098971e-11
"GSE37416_0H_VS_6H_F_TULARENSIS_LVS_NEUTROPHIL_DN","GSE37416_0H_VS_6H_F_TULARENSIS_LVS_NEUTROPHIL_DN","107/6767","198/21355",5.38907430839233e-11,2.30056486087656e-10,3.93925060098971e-11
"GSE3982_BCELL_VS_CENT_MEMORY_CD4_TCELL_UP","GSE3982_BCELL_VS_CENT_MEMORY_CD4_TCELL_UP","107/6767","198/21355",5.38907430839233e-11,2.30056486087656e-10,3.93925060098971e-11
"GSE8685_IL2_STARVED_VS_IL2_ACT_IL2_STARVED_CD4_TCELL_DN","GSE8685_IL2_STARVED_VS_IL2_ACT_IL2_STARVED_CD4_TCELL_DN","107/6767","198/21355",5.38907430839233e-11,2.30056486087656e-10,3.93925060098971e-11
"GSE3920_IFNB_VS_IFNG_TREATED_ENDOTHELIAL_CELL_DN","GSE3920_IFNB_VS_IFNG_TREATED_ENDOTHELIAL_CELL_DN","98/6767","177/21355",5.57206276376232e-11,2.37670264474288e-10,4.06962110953479e-11
"GSE17974_0.5H_VS_72H_IL4_AND_ANTI_IL12_ACT_CD4_TCELL_UP","GSE17974_0.5H_VS_72H_IL4_AND_ANTI_IL12_ACT_CD4_TCELL_UP","106/6767","196/21355",6.22958901475903e-11,2.65054795673606e-10,4.53852565041191e-11
"GSE21927_SPLENIC_C26GM_TUMOROUS_VS_4T1_TUMOR_MONOCYTES_DN","GSE21927_SPLENIC_C26GM_TUMOROUS_VS_4T1_TUMOR_MONOCYTES_DN","106/6767","196/21355",6.22958901475903e-11,2.65054795673606e-10,4.53852565041191e-11
"GSE9988_LOW_LPS_VS_ANTI_TREM1_AND_LPS_MONOCYTE_DN","GSE9988_LOW_LPS_VS_ANTI_TREM1_AND_LPS_MONOCYTE_DN","106/6767","196/21355",6.22958901475903e-11,2.65054795673606e-10,4.53852565041191e-11
"GSE27859_MACROPHAGE_VS_DC_UP","GSE27859_MACROPHAGE_VS_DC_UP","94/6767","168/21355",6.26098408226795e-11,2.66169696432735e-10,4.55761606407565e-11
"GSE3565_CTRL_VS_LPS_INJECTED_SPLENOCYTES_DN","GSE3565_CTRL_VS_LPS_INJECTED_SPLENOCYTES_DN","97/6767","175/21355",6.40888313967934e-11,2.72231514972129e-10,4.66141240874946e-11
"GSE21360_NAIVE_VS_PRIMARY_MEMORY_CD8_TCELL_DN","GSE21360_NAIVE_VS_PRIMARY_MEMORY_CD8_TCELL_DN","100/6767","182/21355",6.44536365558186e-11,2.73554465746426e-10,4.68406525684496e-11
"GSE26928_NAIVE_VS_EFF_MEMORY_CD4_TCELL_DN","GSE26928_NAIVE_VS_EFF_MEMORY_CD4_TCELL_DN","105/6767","194/21355",7.20023808743387e-11,3.05340121375297e-10,5.22833012487036e-11
"GSE7218_IGM_VS_IGG_SIGNAL_THGOUGH_ANTIGEN_BCELL_UP","GSE7218_IGM_VS_IGG_SIGNAL_THGOUGH_ANTIGEN_BCELL_UP","102/6767","187/21355",7.36479442286601e-11,3.12060338892843e-10,5.34340021632906e-11
"GSE27241_WT_VS_RORGT_KO_TH17_POLARIZED_CD4_TCELL_TREATED_WITH_DIGOXIN_UP","GSE27241_WT_VS_RORGT_KO_TH17_POLARIZED_CD4_TCELL_TREATED_WITH_DIGOXIN_UP","99/6767","180/21355",7.42634651600735e-11,3.14408576280509e-10,5.38360901764538e-11
"GSE10239_NAIVE_VS_KLRG1HIGH_EFF_CD8_TCELL_UP","GSE10239_NAIVE_VS_KLRG1HIGH_EFF_CD8_TCELL_UP","107/6767","199/21355",8.04171158534938e-11,3.33305216637723e-10,5.70717564751852e-11
"GSE10240_IL17_VS_IL17_AND_IL22_STIM_PRIMARY_BRONCHIAL_EPITHELIAL_CELLS_UP","GSE10240_IL17_VS_IL17_AND_IL22_STIM_PRIMARY_BRONCHIAL_EPITHELIAL_CELLS_UP","107/6767","199/21355",8.04171158534938e-11,3.33305216637723e-10,5.70717564751852e-11
"GSE11924_TFH_VS_TH2_CD4_TCELL_UP","GSE11924_TFH_VS_TH2_CD4_TCELL_UP","107/6767","199/21355",8.04171158534938e-11,3.33305216637723e-10,5.70717564751852e-11
"GSE14350_IL2RB_KO_VS_WT_TREG_UP","GSE14350_IL2RB_KO_VS_WT_TREG_UP","107/6767","199/21355",8.04171158534938e-11,3.33305216637723e-10,5.70717564751852e-11
"GSE17721_0.5H_VS_12H_CPG_BMDC_DN","GSE17721_0.5H_VS_12H_CPG_BMDC_DN","107/6767","199/21355",8.04171158534938e-11,3.33305216637723e-10,5.70717564751852e-11
"GSE17974_0H_VS_2H_IN_VITRO_ACT_CD4_TCELL_DN","GSE17974_0H_VS_2H_IN_VITRO_ACT_CD4_TCELL_DN","107/6767","199/21355",8.04171158534938e-11,3.33305216637723e-10,5.70717564751852e-11
"GSE20727_H2O2_VS_ROS_INHIBITOR_TREATED_DC_UP","GSE20727_H2O2_VS_ROS_INHIBITOR_TREATED_DC_UP","107/6767","199/21355",8.04171158534938e-11,3.33305216637723e-10,5.70717564751852e-11
"GSE20754_WT_VS_TCF1_KO_MEMORY_CD8_TCELL_DN","GSE20754_WT_VS_TCF1_KO_MEMORY_CD8_TCELL_DN","107/6767","199/21355",8.04171158534938e-11,3.33305216637723e-10,5.70717564751852e-11
"GSE21033_CTRL_VS_POLYIC_STIM_DC_3H_DN","GSE21033_CTRL_VS_POLYIC_STIM_DC_3H_DN","107/6767","199/21355",8.04171158534938e-11,3.33305216637723e-10,5.70717564751852e-11
"GSE21546_WT_VS_ELK1_KO_DP_THYMOCYTES_UP","GSE21546_WT_VS_ELK1_KO_DP_THYMOCYTES_UP","107/6767","199/21355",8.04171158534938e-11,3.33305216637723e-10,5.70717564751852e-11
"GSE22886_NAIVE_TCELL_VS_NEUTROPHIL_UP","GSE22886_NAIVE_TCELL_VS_NEUTROPHIL_UP","107/6767","199/21355",8.04171158534938e-11,3.33305216637723e-10,5.70717564751852e-11
"GSE23398_WT_VS_IL2_KO_CD4_TCELL_SCURFY_MOUSE_UP","GSE23398_WT_VS_IL2_KO_CD4_TCELL_SCURFY_MOUSE_UP","107/6767","199/21355",8.04171158534938e-11,3.33305216637723e-10,5.70717564751852e-11
"GSE23568_ID3_KO_VS_WT_CD8_TCELL_UP","GSE23568_ID3_KO_VS_WT_CD8_TCELL_UP","107/6767","199/21355",8.04171158534938e-11,3.33305216637723e-10,5.70717564751852e-11
"GSE25087_FETAL_VS_ADULT_TCONV_UP","GSE25087_FETAL_VS_ADULT_TCONV_UP","107/6767","199/21355",8.04171158534938e-11,3.33305216637723e-10,5.70717564751852e-11
"GSE25123_CTRL_VS_ROSIGLITAZONE_STIM_MACROPHAGE_UP","GSE25123_CTRL_VS_ROSIGLITAZONE_STIM_MACROPHAGE_UP","107/6767","199/21355",8.04171158534938e-11,3.33305216637723e-10,5.70717564751852e-11
"GSE2585_CTEC_VS_THYMIC_MACROPHAGE_DN","GSE2585_CTEC_VS_THYMIC_MACROPHAGE_DN","107/6767","199/21355",8.04171158534938e-11,3.33305216637723e-10,5.70717564751852e-11
"GSE26488_WT_VS_HDAC7_DELTAP_TG_OT2_THYMOCYTE_WITH_PEPTIDE_INJECTION_DN","GSE26488_WT_VS_HDAC7_DELTAP_TG_OT2_THYMOCYTE_WITH_PEPTIDE_INJECTION_DN","107/6767","199/21355",8.04171158534938e-11,3.33305216637723e-10,5.70717564751852e-11
"GSE31082_DP_VS_CD4_SP_THYMOCYTE_UP","GSE31082_DP_VS_CD4_SP_THYMOCYTE_UP","107/6767","199/21355",8.04171158534938e-11,3.33305216637723e-10,5.70717564751852e-11
"GSE360_LOW_DOSE_B_MALAYI_VS_M_TUBERCULOSIS_DC_DN","GSE360_LOW_DOSE_B_MALAYI_VS_M_TUBERCULOSIS_DC_DN","107/6767","199/21355",8.04171158534938e-11,3.33305216637723e-10,5.70717564751852e-11
"GSE37416_CTRL_VS_48H_F_TULARENSIS_LVS_NEUTROPHIL_DN","GSE37416_CTRL_VS_48H_F_TULARENSIS_LVS_NEUTROPHIL_DN","107/6767","199/21355",8.04171158534938e-11,3.33305216637723e-10,5.70717564751852e-11
"GSE39820_CTRL_VS_TGFBETA1_IL6_IL23A_CD4_TCELL_DN","GSE39820_CTRL_VS_TGFBETA1_IL6_IL23A_CD4_TCELL_DN","107/6767","199/21355",8.04171158534938e-11,3.33305216637723e-10,5.70717564751852e-11
"GSE43260_BTLA_POS_VS_NEG_INTRATUMORAL_CD8_TCELL_DN","GSE43260_BTLA_POS_VS_NEG_INTRATUMORAL_CD8_TCELL_DN","107/6767","199/21355",8.04171158534938e-11,3.33305216637723e-10,5.70717564751852e-11
"GSE45365_WT_VS_IFNAR_KO_CD8A_DC_DN","GSE45365_WT_VS_IFNAR_KO_CD8A_DC_DN","107/6767","199/21355",8.04171158534938e-11,3.33305216637723e-10,5.70717564751852e-11
"GSE46606_IRF4HIGH_VS_IRF4MID_CD40L_IL2_IL5_DAY3_STIMULATED_BCELL_DN","GSE46606_IRF4HIGH_VS_IRF4MID_CD40L_IL2_IL5_DAY3_STIMULATED_BCELL_DN","107/6767","199/21355",8.04171158534938e-11,3.33305216637723e-10,5.70717564751852e-11
"GSE8384_CTRL_VS_B_ABORTUS_4H_MAC_CELL_LINE_UP","GSE8384_CTRL_VS_B_ABORTUS_4H_MAC_CELL_LINE_UP","107/6767","199/21355",8.04171158534938e-11,3.33305216637723e-10,5.70717564751852e-11
"GSE9960_HEALTHY_VS_GRAM_NEG_SEPSIS_PBMC_DN","GSE9960_HEALTHY_VS_GRAM_NEG_SEPSIS_PBMC_DN","107/6767","199/21355",8.04171158534938e-11,3.33305216637723e-10,5.70717564751852e-11
"GSE21360_SECONDARY_VS_QUATERNARY_MEMORY_CD8_TCELL_DN","GSE21360_SECONDARY_VS_QUATERNARY_MEMORY_CD8_TCELL_DN","92/6767","164/21355",8.23603693330699e-11,3.40808404818926e-10,5.83565252315367e-11
"GSE6269_FLU_VS_E_COLI_INF_PBMC_UP","GSE6269_FLU_VS_E_COLI_INF_PBMC_UP","92/6767","164/21355",8.23603693330699e-11,3.40808404818926e-10,5.83565252315367e-11
"GSE32533_WT_VS_MIR17_KO_ACT_CD4_TCELL_DN","GSE32533_WT_VS_MIR17_KO_ACT_CD4_TCELL_DN","106/6767","197/21355",9.30392459167059e-11,3.8437728752212e-10,6.58168124980132e-11
"GSE369_SOCS3_KO_VS_WT_LIVER_POST_IL6_INJECTION_UP","GSE369_SOCS3_KO_VS_WT_LIVER_POST_IL6_INJECTION_UP","106/6767","197/21355",9.30392459167059e-11,3.8437728752212e-10,6.58168124980132e-11
"ANDERSON_BLOOD_CN54GP140_ADJUVANTED_WITH_GLA_AF_AGE_18_45YO_1DY_DN","ANDERSON_BLOOD_CN54GP140_ADJUVANTED_WITH_GLA_AF_AGE_18_45YO_1DY_DN","56/6767","85/21355",9.49640010582216e-11,3.92013231421499e-10,6.71243129778429e-11
"GSE27291_0H_VS_7D_STIM_GAMMADELTA_TCELL_DN","GSE27291_0H_VS_7D_STIM_GAMMADELTA_TCELL_DN","103/6767","190/21355",9.6148402765259e-11,3.96583154446889e-10,6.79068195843892e-11
"GSE41087_WT_VS_FOXP3_MUT_ANTI_CD3_CD28_STIM_CD4_TCELL_UP","GSE41087_WT_VS_FOXP3_MUT_ANTI_CD3_CD28_STIM_CD4_TCELL_UP","105/6767","195/21355",1.0763020974994e-10,4.43585277643042e-10,7.59549796339907e-11
"GSE13411_SWITCHED_MEMORY_BCELL_VS_PLASMA_CELL_UP","GSE13411_SWITCHED_MEMORY_BCELL_VS_PLASMA_CELL_UP","107/6767","200/21355",1.19309325508486e-10,4.70899855182455e-10,8.06320468976763e-11
"GSE14308_TH2_VS_TH17_UP","GSE14308_TH2_VS_TH17_UP","107/6767","200/21355",1.19309325508486e-10,4.70899855182455e-10,8.06320468976763e-11
"GSE1460_CD4_THYMOCYTE_VS_NAIVE_CD4_TCELL_ADULT_BLOOD_DN","GSE1460_CD4_THYMOCYTE_VS_NAIVE_CD4_TCELL_ADULT_BLOOD_DN","107/6767","200/21355",1.19309325508486e-10,4.70899855182455e-10,8.06320468976763e-11
"GSE14769_UNSTIM_VS_40MIN_LPS_BMDM_DN","GSE14769_UNSTIM_VS_40MIN_LPS_BMDM_DN","107/6767","200/21355",1.19309325508486e-10,4.70899855182455e-10,8.06320468976763e-11
"GSE14769_UNSTIM_VS_80MIN_LPS_BMDM_UP","GSE14769_UNSTIM_VS_80MIN_LPS_BMDM_UP","107/6767","200/21355",1.19309325508486e-10,4.70899855182455e-10,8.06320468976763e-11
"GSE14908_ATOPIC_VS_NONATOPIC_PATIENT_HDM_STIM_CD4_TCELL_DN","GSE14908_ATOPIC_VS_NONATOPIC_PATIENT_HDM_STIM_CD4_TCELL_DN","107/6767","200/21355",1.19309325508486e-10,4.70899855182455e-10,8.06320468976763e-11
"GSE15330_LYMPHOID_MULTIPOTENT_VS_GRANULOCYTE_MONOCYTE_PROGENITOR_DN","GSE15330_LYMPHOID_MULTIPOTENT_VS_GRANULOCYTE_MONOCYTE_PROGENITOR_DN","107/6767","200/21355",1.19309325508486e-10,4.70899855182455e-10,8.06320468976763e-11
"GSE15330_MEGAKARYOCYTE_ERYTHROID_PROGENITOR_VS_PRO_BCELL_UP","GSE15330_MEGAKARYOCYTE_ERYTHROID_PROGENITOR_VS_PRO_BCELL_UP","107/6767","200/21355",1.19309325508486e-10,4.70899855182455e-10,8.06320468976763e-11
"GSE15767_MED_VS_SCS_MAC_LN_UP","GSE15767_MED_VS_SCS_MAC_LN_UP","107/6767","200/21355",1.19309325508486e-10,4.70899855182455e-10,8.06320468976763e-11
"GSE16450_IMMATURE_VS_MATURE_NEURON_CELL_LINE_12H_IFNA_STIM_UP","GSE16450_IMMATURE_VS_MATURE_NEURON_CELL_LINE_12H_IFNA_STIM_UP","107/6767","200/21355",1.19309325508486e-10,4.70899855182455e-10,8.06320468976763e-11
"GSE16522_MEMORY_VS_NAIVE_ANTI_CD3CD28_STIM_CD8_TCELL_DN","GSE16522_MEMORY_VS_NAIVE_ANTI_CD3CD28_STIM_CD8_TCELL_DN","107/6767","200/21355",1.19309325508486e-10,4.70899855182455e-10,8.06320468976763e-11
"GSE17186_BLOOD_VS_CORD_BLOOD_NAIVE_BCELL_DN","GSE17186_BLOOD_VS_CORD_BLOOD_NAIVE_BCELL_DN","107/6767","200/21355",1.19309325508486e-10,4.70899855182455e-10,8.06320468976763e-11
"GSE17186_CD21LOW_VS_CD21HIGH_TRANSITIONAL_BCELL_CORD_BLOOD_DN","GSE17186_CD21LOW_VS_CD21HIGH_TRANSITIONAL_BCELL_CORD_BLOOD_DN","107/6767","200/21355",1.19309325508486e-10,4.70899855182455e-10,8.06320468976763e-11
"GSE17186_NAIVE_VS_CD21LOW_TRANSITIONAL_BCELL_DN","GSE17186_NAIVE_VS_CD21LOW_TRANSITIONAL_BCELL_DN","107/6767","200/21355",1.19309325508486e-10,4.70899855182455e-10,8.06320468976763e-11
"GSE17301_CTRL_VS_48H_ACD3_ACD28_IFNA5_STIM_CD8_TCELL_UP","GSE17301_CTRL_VS_48H_ACD3_ACD28_IFNA5_STIM_CD8_TCELL_UP","107/6767","200/21355",1.19309325508486e-10,4.70899855182455e-10,8.06320468976763e-11
"GSE17301_IFNA2_VS_IFNA2_AND_ACD3_ACD28_STIM_CD8_TCELL_UP","GSE17301_IFNA2_VS_IFNA2_AND_ACD3_ACD28_STIM_CD8_TCELL_UP","107/6767","200/21355",1.19309325508486e-10,4.70899855182455e-10,8.06320468976763e-11
"GSE17721_CTRL_VS_LPS_2H_BMDC_UP","GSE17721_CTRL_VS_LPS_2H_BMDC_UP","107/6767","200/21355",1.19309325508486e-10,4.70899855182455e-10,8.06320468976763e-11
"GSE17721_LPS_VS_GARDIQUIMOD_16H_BMDC_DN","GSE17721_LPS_VS_GARDIQUIMOD_16H_BMDC_DN","107/6767","200/21355",1.19309325508486e-10,4.70899855182455e-10,8.06320468976763e-11
"GSE18281_PERIMEDULLARY_CORTICAL_REGION_VS_WHOLE_CORTEX_THYMUS_UP","GSE18281_PERIMEDULLARY_CORTICAL_REGION_VS_WHOLE_CORTEX_THYMUS_UP","107/6767","200/21355",1.19309325508486e-10,4.70899855182455e-10,8.06320468976763e-11
"GSE18893_TCONV_VS_TREG_24H_CULTURE_UP","GSE18893_TCONV_VS_TREG_24H_CULTURE_UP","107/6767","200/21355",1.19309325508486e-10,4.70899855182455e-10,8.06320468976763e-11
"GSE20715_0H_VS_48H_OZONE_LUNG_DN","GSE20715_0H_VS_48H_OZONE_LUNG_DN","107/6767","200/21355",1.19309325508486e-10,4.70899855182455e-10,8.06320468976763e-11
"GSE21360_NAIVE_VS_QUATERNARY_MEMORY_CD8_TCELL_DN","GSE21360_NAIVE_VS_QUATERNARY_MEMORY_CD8_TCELL_DN","107/6767","200/21355",1.19309325508486e-10,4.70899855182455e-10,8.06320468976763e-11
"GSE21360_PRIMARY_VS_TERTIARY_MEMORY_CD8_TCELL_DN","GSE21360_PRIMARY_VS_TERTIARY_MEMORY_CD8_TCELL_DN","107/6767","200/21355",1.19309325508486e-10,4.70899855182455e-10,8.06320468976763e-11
"GSE21927_GMCSF_IL6_VS_GMCSF_GCSF_TREATED_BONE_MARROW_DN","GSE21927_GMCSF_IL6_VS_GMCSF_GCSF_TREATED_BONE_MARROW_DN","107/6767","200/21355",1.19309325508486e-10,4.70899855182455e-10,8.06320468976763e-11
"GSE22527_ANTI_CD3_INVIVO_VS_UNTREATED_MOUSE_TREG_DN","GSE22527_ANTI_CD3_INVIVO_VS_UNTREATED_MOUSE_TREG_DN","107/6767","200/21355",1.19309325508486e-10,4.70899855182455e-10,8.06320468976763e-11
"GSE24142_EARLY_THYMIC_PROGENITOR_VS_DN3_THYMOCYTE_ADULT_DN","GSE24142_EARLY_THYMIC_PROGENITOR_VS_DN3_THYMOCYTE_ADULT_DN","107/6767","200/21355",1.19309325508486e-10,4.70899855182455e-10,8.06320468976763e-11
"GSE26343_UNSTIM_VS_LPS_STIM_NFAT5_KO_MACROPHAGE_DN","GSE26343_UNSTIM_VS_LPS_STIM_NFAT5_KO_MACROPHAGE_DN","107/6767","200/21355",1.19309325508486e-10,4.70899855182455e-10,8.06320468976763e-11
"GSE2770_IL12_AND_TGFB_VS_IL4_TREATED_ACT_CD4_TCELL_6H_UP","GSE2770_IL12_AND_TGFB_VS_IL4_TREATED_ACT_CD4_TCELL_6H_UP","107/6767","200/21355",1.19309325508486e-10,4.70899855182455e-10,8.06320468976763e-11
"GSE2770_UNTREATED_VS_IL4_TREATED_ACT_CD4_TCELL_6H_UP","GSE2770_UNTREATED_VS_IL4_TREATED_ACT_CD4_TCELL_6H_UP","107/6767","200/21355",1.19309325508486e-10,4.70899855182455e-10,8.06320468976763e-11
"GSE27786_LIN_NEG_VS_ERYTHROBLAST_UP","GSE27786_LIN_NEG_VS_ERYTHROBLAST_UP","107/6767","200/21355",1.19309325508486e-10,4.70899855182455e-10,8.06320468976763e-11
"GSE28237_FOLLICULAR_VS_EARLY_GC_BCELL_DN","GSE28237_FOLLICULAR_VS_EARLY_GC_BCELL_DN","107/6767","200/21355",1.19309325508486e-10,4.70899855182455e-10,8.06320468976763e-11
"GSE28237_FOLLICULAR_VS_LATE_GC_BCELL_DN","GSE28237_FOLLICULAR_VS_LATE_GC_BCELL_DN","107/6767","200/21355",1.19309325508486e-10,4.70899855182455e-10,8.06320468976763e-11
"GSE28726_NAIVE_VS_ACTIVATED_CD4_TCELL_UP","GSE28726_NAIVE_VS_ACTIVATED_CD4_TCELL_UP","107/6767","200/21355",1.19309325508486e-10,4.70899855182455e-10,8.06320468976763e-11
"GSE3039_CD4_TCELL_VS_NKT_CELL_DN","GSE3039_CD4_TCELL_VS_NKT_CELL_DN","107/6767","200/21355",1.19309325508486e-10,4.70899855182455e-10,8.06320468976763e-11
"GSE32986_UNSTIM_VS_GMCSF_AND_CURDLAN_LOWDOSE_STIM_DC_DN","GSE32986_UNSTIM_VS_GMCSF_AND_CURDLAN_LOWDOSE_STIM_DC_DN","107/6767","200/21355",1.19309325508486e-10,4.70899855182455e-10,8.06320468976763e-11
"GSE339_CD4POS_VS_CD8POS_DC_IN_CULTURE_DN","GSE339_CD4POS_VS_CD8POS_DC_IN_CULTURE_DN","107/6767","200/21355",1.19309325508486e-10,4.70899855182455e-10,8.06320468976763e-11
"GSE37301_MULTIPOTENT_PROGENITOR_VS_RAG2_KO_NK_CELL_DN","GSE37301_MULTIPOTENT_PROGENITOR_VS_RAG2_KO_NK_CELL_DN","107/6767","200/21355",1.19309325508486e-10,4.70899855182455e-10,8.06320468976763e-11
"GSE3920_UNTREATED_VS_IFNB_TREATED_ENDOTHELIAL_CELL_UP","GSE3920_UNTREATED_VS_IFNB_TREATED_ENDOTHELIAL_CELL_UP","107/6767","200/21355",1.19309325508486e-10,4.70899855182455e-10,8.06320468976763e-11
"GSE3982_CENT_MEMORY_CD4_TCELL_VS_TH1_DN","GSE3982_CENT_MEMORY_CD4_TCELL_VS_TH1_DN","107/6767","200/21355",1.19309325508486e-10,4.70899855182455e-10,8.06320468976763e-11
"GSE3982_DC_VS_NEUTROPHIL_UP","GSE3982_DC_VS_NEUTROPHIL_UP","107/6767","200/21355",1.19309325508486e-10,4.70899855182455e-10,8.06320468976763e-11
"GSE40068_CXCR5NEG_BCL6NEG_CD4_TCELL_VS_CXCR5POS_BCL6NEG_TFH_UP","GSE40068_CXCR5NEG_BCL6NEG_CD4_TCELL_VS_CXCR5POS_BCL6NEG_TFH_UP","107/6767","200/21355",1.19309325508486e-10,4.70899855182455e-10,8.06320468976763e-11
"GSE40277_GATA1_AND_SATB1_TRANSDUCED_VS_CTRL_CD4_TCELL_UP","GSE40277_GATA1_AND_SATB1_TRANSDUCED_VS_CTRL_CD4_TCELL_UP","107/6767","200/21355",1.19309325508486e-10,4.70899855182455e-10,8.06320468976763e-11
"GSE411_100MIN_VS_400MIN_IL6_STIM_SOCS3_KO_MACROPHAGE_DN","GSE411_100MIN_VS_400MIN_IL6_STIM_SOCS3_KO_MACROPHAGE_DN","107/6767","200/21355",1.19309325508486e-10,4.70899855182455e-10,8.06320468976763e-11
"GSE411_WT_VS_SOCS3_KO_MACROPHAGE_IL6_STIM_400MIN_UP","GSE411_WT_VS_SOCS3_KO_MACROPHAGE_IL6_STIM_400MIN_UP","107/6767","200/21355",1.19309325508486e-10,4.70899855182455e-10,8.06320468976763e-11
"GSE41867_DAY15_EFFECTOR_VS_DAY30_EXHAUSTED_CD8_TCELL_LCMV_CLONE13_DN","GSE41867_DAY15_EFFECTOR_VS_DAY30_EXHAUSTED_CD8_TCELL_LCMV_CLONE13_DN","107/6767","200/21355",1.19309325508486e-10,4.70899855182455e-10,8.06320468976763e-11
"GSE42021_TREG_VS_TCONV_PLN_UP","GSE42021_TREG_VS_TCONV_PLN_UP","107/6767","200/21355",1.19309325508486e-10,4.70899855182455e-10,8.06320468976763e-11
"GSE42724_MEMORY_BCELL_VS_PLASMABLAST_DN","GSE42724_MEMORY_BCELL_VS_PLASMABLAST_DN","107/6767","200/21355",1.19309325508486e-10,4.70899855182455e-10,8.06320468976763e-11
"GSE43863_TH1_VS_LY6C_LOW_CXCR5NEG_EFFECTOR_CD4_TCELL_UP","GSE43863_TH1_VS_LY6C_LOW_CXCR5NEG_EFFECTOR_CD4_TCELL_UP","107/6767","200/21355",1.19309325508486e-10,4.70899855182455e-10,8.06320468976763e-11
"GSE43955_TH0_VS_TGFB_IL6_TH17_ACT_CD4_TCELL_4H_UP","GSE43955_TH0_VS_TGFB_IL6_TH17_ACT_CD4_TCELL_4H_UP","107/6767","200/21355",1.19309325508486e-10,4.70899855182455e-10,8.06320468976763e-11
"GSE46143_CTRL_VS_LMP2A_TRANSDUCED_CD10_POS_GC_BCELL_DN","GSE46143_CTRL_VS_LMP2A_TRANSDUCED_CD10_POS_GC_BCELL_DN","107/6767","200/21355",1.19309325508486e-10,4.70899855182455e-10,8.06320468976763e-11
"GSE5142_HTERT_TRANSDUCED_VS_CTRL_CD8_TCELL_LATE_PASSAGE_CLONE_DN","GSE5142_HTERT_TRANSDUCED_VS_CTRL_CD8_TCELL_LATE_PASSAGE_CLONE_DN","107/6767","200/21355",1.19309325508486e-10,4.70899855182455e-10,8.06320468976763e-11
"GSE5503_MLN_DC_VS_SPLEEN_DC_ACTIVATED_ALLOGENIC_TCELL_UP","GSE5503_MLN_DC_VS_SPLEEN_DC_ACTIVATED_ALLOGENIC_TCELL_UP","107/6767","200/21355",1.19309325508486e-10,4.70899855182455e-10,8.06320468976763e-11
"GSE5589_LPS_VS_LPS_AND_IL10_STIM_IL10_KO_MACROPHAGE_45MIN_UP","GSE5589_LPS_VS_LPS_AND_IL10_STIM_IL10_KO_MACROPHAGE_45MIN_UP","107/6767","200/21355",1.19309325508486e-10,4.70899855182455e-10,8.06320468976763e-11
"GSE5589_WT_VS_IL10_KO_LPS_AND_IL10_STIM_MACROPHAGE_45MIN_UP","GSE5589_WT_VS_IL10_KO_LPS_AND_IL10_STIM_MACROPHAGE_45MIN_UP","107/6767","200/21355",1.19309325508486e-10,4.70899855182455e-10,8.06320468976763e-11
"KAECH_NAIVE_VS_MEMORY_CD8_TCELL_UP","KAECH_NAIVE_VS_MEMORY_CD8_TCELL_UP","107/6767","200/21355",1.19309325508486e-10,4.70899855182455e-10,8.06320468976763e-11
"GSE13485_DAY3_VS_DAY21_YF17D_VACCINE_PBMC_UP","GSE13485_DAY3_VS_DAY21_YF17D_VACCINE_PBMC_UP","104/6767","193/21355",1.24494790732204e-10,4.90988301603086e-10,8.40717858062011e-11
"THAKAR_PBMC_INACTIVATED_INFLUENZA_AGE_21_30YO_RESPONDERS_28DY_UP","THAKAR_PBMC_INACTIVATED_INFLUENZA_AGE_21_30YO_RESPONDERS_28DY_UP","204/6767","443/21355",1.25792667844959e-10,4.95725601876328e-10,8.48829523708043e-11
"GSE19941_IL10_KO_VS_IL10_KO_AND_NFKBP50_KO_LPS_AND_IL10_STIM_MACROPHAGE_DN","GSE19941_IL10_KO_VS_IL10_KO_AND_NFKBP50_KO_LPS_AND_IL10_STIM_MACROPHAGE_DN","92/6767","165/21355",1.28478513599977e-10,5.05532877380723e-10,8.65622493374649e-11
"GSE6090_UNSTIM_VS_DC_SIGN_STIM_DC_UP","GSE6090_UNSTIM_VS_DC_SIGN_STIM_DC_UP","92/6767","165/21355",1.28478513599977e-10,5.05532877380723e-10,8.65622493374649e-11
"GSE40274_CTRL_VS_SATB1_TRANSDUCED_ACTIVATED_CD4_TCELL_DN","GSE40274_CTRL_VS_SATB1_TRANSDUCED_ACTIVATED_CD4_TCELL_DN","95/6767","172/21355",1.30593030909483e-10,5.134589489823e-10,8.79194283003784e-11
"GSE13485_DAY1_VS_DAY7_YF17D_VACCINE_PBMC_DN","GSE13485_DAY1_VS_DAY7_YF17D_VACCINE_PBMC_DN","106/6767","198/21355",1.38145129615353e-10,5.40251776916793e-10,9.25071565291297e-11
"GSE13738_TCR_VS_BYSTANDER_ACTIVATED_CD4_TCELL_UP","GSE13738_TCR_VS_BYSTANDER_ACTIVATED_CD4_TCELL_UP","106/6767","198/21355",1.38145129615353e-10,5.40251776916793e-10,9.25071565291297e-11
"GSE22886_NAIVE_TCELL_VS_NKCELL_UP","GSE22886_NAIVE_TCELL_VS_NKCELL_UP","106/6767","198/21355",1.38145129615353e-10,5.40251776916793e-10,9.25071565291297e-11
"GSE2706_2H_VS_8H_R848_AND_LPS_STIM_DC_UP","GSE2706_2H_VS_8H_R848_AND_LPS_STIM_DC_UP","106/6767","198/21355",1.38145129615353e-10,5.40251776916793e-10,9.25071565291297e-11
"GSE2770_TGFB_AND_IL4_ACT_VS_ACT_CD4_TCELL_48H_DN","GSE2770_TGFB_AND_IL4_ACT_VS_ACT_CD4_TCELL_48H_DN","106/6767","198/21355",1.38145129615353e-10,5.40251776916793e-10,9.25071565291297e-11
"GSE29618_PRE_VS_DAY7_POST_LAIV_FLU_VACCINE_PDC_DN","GSE29618_PRE_VS_DAY7_POST_LAIV_FLU_VACCINE_PDC_DN","106/6767","198/21355",1.38145129615353e-10,5.40251776916793e-10,9.25071565291297e-11
"GSE40274_XBP1_VS_FOXP3_AND_XBP1_TRANSDUCED_ACTIVATED_CD4_TCELL_DN","GSE40274_XBP1_VS_FOXP3_AND_XBP1_TRANSDUCED_ACTIVATED_CD4_TCELL_DN","106/6767","198/21355",1.38145129615353e-10,5.40251776916793e-10,9.25071565291297e-11
"GSE6259_DEC205_POS_DC_VS_CD8_TCELL_UP","GSE6259_DEC205_POS_DC_VS_CD8_TCELL_UP","100/6767","184/21355",1.48203898327998e-10,5.79147398420461e-10,9.91672426231949e-11
"GSE12366_GC_VS_NAIVE_BCELL_DN","GSE12366_GC_VS_NAIVE_BCELL_DN","105/6767","196/21355",1.59939040060343e-10,6.24529671279039e-10,1.0693803616493e-10
"GSE7348_LPS_VS_TOLERIZED_AND_LPS_STIM_MACROPHAGE_UP","GSE7348_LPS_VS_TOLERIZED_AND_LPS_STIM_MACROPHAGE_UP","99/6767","182/21355",1.71145141585829e-10,6.67778646050644e-10,1.14343545688201e-10
"GSE27859_MACROPHAGE_VS_CD11C_INT_F480_HI_MACROPHAGE_UP","GSE27859_MACROPHAGE_VS_CD11C_INT_F480_HI_MACROPHAGE_UP","96/6767","175/21355",1.73421915810303e-10,6.76147651984351e-10,1.15776568169536e-10
"GSE10147_IL3_AND_HIVP17_VS_IL3_AND_CPG_STIM_PDC_DN","GSE10147_IL3_AND_HIVP17_VS_IL3_AND_CPG_STIM_PDC_DN","86/6767","152/21355",1.85818556772175e-10,7.23929894050866e-10,1.23958307749155e-10
"GSE40274_CTRL_VS_FOXP3_AND_SATB1_TRANSDUCED_ACTIVATED_CD4_TCELL_UP","GSE40274_CTRL_VS_FOXP3_AND_SATB1_TRANSDUCED_ACTIVATED_CD4_TCELL_UP","92/6767","166/21355",1.98917018864842e-10,7.74371720364499e-10,1.32595447175221e-10
"GSE7219_UNSTIM_VS_LPS_AND_ANTI_CD40_STIM_DC_UP","GSE7219_UNSTIM_VS_LPS_AND_ANTI_CD40_STIM_DC_UP","95/6767","173/21355",1.99892531299327e-10,7.77578913483801e-10,1.33144613931506e-10
"GSE14308_TH2_VS_TH1_UP","GSE14308_TH2_VS_TH1_UP","106/6767","199/21355",2.03942650677255e-10,7.84995472989704e-10,1.34414549284677e-10
"GSE15139_GMCSF_TREATED_VS_UNTREATED_NEUTROPHILS_DN","GSE15139_GMCSF_TREATED_VS_UNTREATED_NEUTROPHILS_DN","106/6767","199/21355",2.03942650677255e-10,7.84995472989704e-10,1.34414549284677e-10
"GSE15930_NAIVE_VS_48H_IN_VITRO_STIM_IL12_CD8_TCELL_UP","GSE15930_NAIVE_VS_48H_IN_VITRO_STIM_IL12_CD8_TCELL_UP","106/6767","199/21355",2.03942650677255e-10,7.84995472989704e-10,1.34414549284677e-10
"GSE22229_RENAL_TRANSPLANT_IMMUNOSUPP_THERAPY_VS_HEALTHY_PBMC_DN","GSE22229_RENAL_TRANSPLANT_IMMUNOSUPP_THERAPY_VS_HEALTHY_PBMC_DN","106/6767","199/21355",2.03942650677255e-10,7.84995472989704e-10,1.34414549284677e-10
"GSE25088_ROSIGLITAZONE_VS_IL4_AND_ROSIGLITAZONE_STIM_MACROPHAGE_DAY10_DN","GSE25088_ROSIGLITAZONE_VS_IL4_AND_ROSIGLITAZONE_STIM_MACROPHAGE_DAY10_DN","106/6767","199/21355",2.03942650677255e-10,7.84995472989704e-10,1.34414549284677e-10
"GSE28737_FOLLICULAR_VS_MARGINAL_ZONE_BCELL_UP","GSE28737_FOLLICULAR_VS_MARGINAL_ZONE_BCELL_UP","106/6767","199/21355",2.03942650677255e-10,7.84995472989704e-10,1.34414549284677e-10
"GSE360_T_GONDII_VS_B_MALAYI_LOW_DOSE_MAC_DN","GSE360_T_GONDII_VS_B_MALAYI_LOW_DOSE_MAC_DN","106/6767","199/21355",2.03942650677255e-10,7.84995472989704e-10,1.34414549284677e-10
"GSE36009_WT_VS_NLRP10_KO_DC_LPS_STIM_DN","GSE36009_WT_VS_NLRP10_KO_DC_LPS_STIM_DN","106/6767","199/21355",2.03942650677255e-10,7.84995472989704e-10,1.34414549284677e-10
"GSE36392_EOSINOPHIL_VS_NEUTROPHIL_IL25_TREATED_LUNG_DN","GSE36392_EOSINOPHIL_VS_NEUTROPHIL_IL25_TREATED_LUNG_DN","106/6767","199/21355",2.03942650677255e-10,7.84995472989704e-10,1.34414549284677e-10
"GSE369_SOCS3_KO_VS_IFNG_KO_LIVER_DN","GSE369_SOCS3_KO_VS_IFNG_KO_LIVER_DN","106/6767","199/21355",2.03942650677255e-10,7.84995472989704e-10,1.34414549284677e-10
"GSE41867_NAIVE_VS_DAY30_LCMV_ARMSTRONG_MEMORY_CD8_TCELL_DN","GSE41867_NAIVE_VS_DAY30_LCMV_ARMSTRONG_MEMORY_CD8_TCELL_DN","106/6767","199/21355",2.03942650677255e-10,7.84995472989704e-10,1.34414549284677e-10
"GSE45365_NK_CELL_VS_BCELL_MCMV_INFECTION_DN","GSE45365_NK_CELL_VS_BCELL_MCMV_INFECTION_DN","106/6767","199/21355",2.03942650677255e-10,7.84995472989704e-10,1.34414549284677e-10
"GSE46606_IRF4MID_VS_WT_CD40L_IL2_IL5_DAY1_STIMULATED_BCELL_UP","GSE46606_IRF4MID_VS_WT_CD40L_IL2_IL5_DAY1_STIMULATED_BCELL_UP","106/6767","199/21355",2.03942650677255e-10,7.84995472989704e-10,1.34414549284677e-10
"GSE5589_LPS_VS_LPS_AND_IL6_STIM_IL10_KO_MACROPHAGE_45MIN_DN","GSE5589_LPS_VS_LPS_AND_IL6_STIM_IL10_KO_MACROPHAGE_45MIN_DN","106/6767","199/21355",2.03942650677255e-10,7.84995472989704e-10,1.34414549284677e-10
"GSE11864_CSF1_IFNG_VS_CSF1_IFNG_PAM3CYS_IN_MAC_UP","GSE11864_CSF1_IFNG_VS_CSF1_IFNG_PAM3CYS_IN_MAC_UP","105/6767","197/21355",2.36292065985149e-10,9.06788489749894e-10,1.55269132549334e-10
"GSE22886_NAIVE_CD8_TCELL_VS_NKCELL_DN","GSE22886_NAIVE_CD8_TCELL_VS_NKCELL_DN","105/6767","197/21355",2.36292065985149e-10,9.06788489749894e-10,1.55269132549334e-10
"GSE36476_YOUNG_VS_OLD_DONOR_MEMORY_CD4_TCELL_40H_TSST_ACT_DN","GSE36476_YOUNG_VS_OLD_DONOR_MEMORY_CD4_TCELL_40H_TSST_ACT_DN","105/6767","197/21355",2.36292065985149e-10,9.06788489749894e-10,1.55269132549334e-10
"GSE36826_WT_VS_IL1R_KO_SKIN_UP","GSE36826_WT_VS_IL1R_KO_SKIN_UP","105/6767","197/21355",2.36292065985149e-10,9.06788489749894e-10,1.55269132549334e-10
"GSE13485_CTRL_VS_DAY21_YF17D_VACCINE_PBMC_UP","GSE13485_CTRL_VS_DAY21_YF17D_VACCINE_PBMC_UP","102/6767","190/21355",2.48054060758924e-10,9.51214038527303e-10,1.62876106501549e-10
"THAKAR_PBMC_INACTIVATED_INFLUENZA_AGE_21_30YO_NONRESPONDER_7DY_DN","THAKAR_PBMC_INACTIVATED_INFLUENZA_AGE_21_30YO_NONRESPONDER_7DY_DN","49/6767","72/21355",2.50197686413012e-10,9.58717143676765e-10,1.641608610404e-10
"GSE14415_ACT_VS_CTRL_NATURAL_TREG_UP","GSE14415_ACT_VS_CTRL_NATURAL_TREG_UP","99/6767","183/21355",2.5728835844421e-10,9.84415980405571e-10,1.68561265469341e-10
"GSE37301_HEMATOPOIETIC_STEM_CELL_VS_RAG2_KO_NK_CELL_DN","GSE37301_HEMATOPOIETIC_STEM_CELL_VS_RAG2_KO_NK_CELL_DN","99/6767","183/21355",2.5728835844421e-10,9.84415980405571e-10,1.68561265469341e-10
"GSE27896_HDAC6_KO_VS_WT_TREG_UP","GSE27896_HDAC6_KO_VS_WT_TREG_UP","96/6767","176/21355",2.63298047354533e-10,1.00590841191259e-09,1.72241408340796e-10
"GSE3720_UNSTIM_VS_PMA_STIM_VD1_GAMMADELTA_TCELL_UP","GSE3720_UNSTIM_VS_PMA_STIM_VD1_GAMMADELTA_TCELL_UP","96/6767","176/21355",2.63298047354533e-10,1.00590841191259e-09,1.72241408340796e-10
"GSE7768_OVA_ALONE_VS_OVA_WITH_MPL_IMMUNIZED_MOUSE_WHOLE_SPLEEN_6H_UP","GSE7768_OVA_ALONE_VS_OVA_WITH_MPL_IMMUNIZED_MOUSE_WHOLE_SPLEEN_6H_UP","98/6767","181/21355",2.97371677489664e-10,1.08937007795599e-09,1.86532525436091e-10
"GSE11961_MARGINAL_ZONE_BCELL_VS_MEMORY_BCELL_DAY40_DN","GSE11961_MARGINAL_ZONE_BCELL_VS_MEMORY_BCELL_DAY40_DN","106/6767","200/21355",2.99380230122878e-10,1.08937007795599e-09,1.86532525436091e-10
"GSE13306_RA_VS_UNTREATED_MEM_CD4_TCELL_DN","GSE13306_RA_VS_UNTREATED_MEM_CD4_TCELL_DN","106/6767","200/21355",2.99380230122878e-10,1.08937007795599e-09,1.86532525436091e-10
"GSE1448_CTRL_VS_ANTI_VBETA5_DP_THYMOCYTE_UP","GSE1448_CTRL_VS_ANTI_VBETA5_DP_THYMOCYTE_UP","106/6767","200/21355",2.99380230122878e-10,1.08937007795599e-09,1.86532525436091e-10
"GSE1460_NAIVE_CD4_TCELL_ADULT_BLOOD_VS_THYMIC_STROMAL_CELL_DN","GSE1460_NAIVE_CD4_TCELL_ADULT_BLOOD_VS_THYMIC_STROMAL_CELL_DN","106/6767","200/21355",2.99380230122878e-10,1.08937007795599e-09,1.86532525436091e-10
"GSE14908_RESTING_VS_HDM_STIM_CD4_TCELL_NONATOPIC_PATIENT_DN","GSE14908_RESTING_VS_HDM_STIM_CD4_TCELL_NONATOPIC_PATIENT_DN","106/6767","200/21355",2.99380230122878e-10,1.08937007795599e-09,1.86532525436091e-10
"GSE15330_HSC_VS_PRO_BCELL_DN","GSE15330_HSC_VS_PRO_BCELL_DN","106/6767","200/21355",2.99380230122878e-10,1.08937007795599e-09,1.86532525436091e-10
"GSE15930_STIM_VS_STIM_AND_TRICHOSTATINA_24H_CD8_T_CELL_DN","GSE15930_STIM_VS_STIM_AND_TRICHOSTATINA_24H_CD8_T_CELL_DN","106/6767","200/21355",2.99380230122878e-10,1.08937007795599e-09,1.86532525436091e-10
"GSE16450_CTRL_VS_IFNA_12H_STIM_MATURE_NEURON_CELL_LINE_DN","GSE16450_CTRL_VS_IFNA_12H_STIM_MATURE_NEURON_CELL_LINE_DN","106/6767","200/21355",2.99380230122878e-10,1.08937007795599e-09,1.86532525436091e-10
"GSE17186_NAIVE_VS_CD21HIGH_TRANSITIONAL_BCELL_CORD_BLOOD_UP","GSE17186_NAIVE_VS_CD21HIGH_TRANSITIONAL_BCELL_CORD_BLOOD_UP","106/6767","200/21355",2.99380230122878e-10,1.08937007795599e-09,1.86532525436091e-10
"GSE17580_UNINFECTED_VS_S_MANSONI_INF_TREG_DN","GSE17580_UNINFECTED_VS_S_MANSONI_INF_TREG_DN","106/6767","200/21355",2.99380230122878e-10,1.08937007795599e-09,1.86532525436091e-10
"GSE17721_0.5H_VS_4H_GARDIQUIMOD_BMDC_UP","GSE17721_0.5H_VS_4H_GARDIQUIMOD_BMDC_UP","106/6767","200/21355",2.99380230122878e-10,1.08937007795599e-09,1.86532525436091e-10
"GSE17721_12H_VS_24H_LPS_BMDC_UP","GSE17721_12H_VS_24H_LPS_BMDC_UP","106/6767","200/21355",2.99380230122878e-10,1.08937007795599e-09,1.86532525436091e-10
"GSE17721_CTRL_VS_GARDIQUIMOD_6H_BMDC_UP","GSE17721_CTRL_VS_GARDIQUIMOD_6H_BMDC_UP","106/6767","200/21355",2.99380230122878e-10,1.08937007795599e-09,1.86532525436091e-10
"GSE17721_LPS_VS_CPG_1H_BMDC_UP","GSE17721_LPS_VS_CPG_1H_BMDC_UP","106/6767","200/21355",2.99380230122878e-10,1.08937007795599e-09,1.86532525436091e-10
"GSE17721_LPS_VS_CPG_6H_BMDC_DN","GSE17721_LPS_VS_CPG_6H_BMDC_DN","106/6767","200/21355",2.99380230122878e-10,1.08937007795599e-09,1.86532525436091e-10
"GSE17721_LPS_VS_PAM3CSK4_16H_BMDC_DN","GSE17721_LPS_VS_PAM3CSK4_16H_BMDC_DN","106/6767","200/21355",2.99380230122878e-10,1.08937007795599e-09,1.86532525436091e-10
"GSE17721_LPS_VS_PAM3CSK4_16H_BMDC_UP","GSE17721_LPS_VS_PAM3CSK4_16H_BMDC_UP","106/6767","200/21355",2.99380230122878e-10,1.08937007795599e-09,1.86532525436091e-10
"GSE17721_POLYIC_VS_GARDIQUIMOD_4H_BMDC_DN","GSE17721_POLYIC_VS_GARDIQUIMOD_4H_BMDC_DN","106/6767","200/21355",2.99380230122878e-10,1.08937007795599e-09,1.86532525436091e-10
"GSE17721_POLYIC_VS_GARDIQUIMOD_8H_BMDC_UP","GSE17721_POLYIC_VS_GARDIQUIMOD_8H_BMDC_UP","106/6767","200/21355",2.99380230122878e-10,1.08937007795599e-09,1.86532525436091e-10
"GSE17721_POLYIC_VS_PAM3CSK4_16H_BMDC_UP","GSE17721_POLYIC_VS_PAM3CSK4_16H_BMDC_UP","106/6767","200/21355",2.99380230122878e-10,1.08937007795599e-09,1.86532525436091e-10
"GSE17974_0H_VS_72H_IN_VITRO_ACT_CD4_TCELL_DN","GSE17974_0H_VS_72H_IN_VITRO_ACT_CD4_TCELL_DN","106/6767","200/21355",2.99380230122878e-10,1.08937007795599e-09,1.86532525436091e-10
"GSE19198_CTRL_VS_IL21_TREATED_TCELL_24H_DN","GSE19198_CTRL_VS_IL21_TREATED_TCELL_24H_DN","106/6767","200/21355",2.99380230122878e-10,1.08937007795599e-09,1.86532525436091e-10
"GSE19825_NAIVE_VS_IL2RAHIGH_DAY3_EFF_CD8_TCELL_DN","GSE19825_NAIVE_VS_IL2RAHIGH_DAY3_EFF_CD8_TCELL_DN","106/6767","200/21355",2.99380230122878e-10,1.08937007795599e-09,1.86532525436091e-10
"GSE20198_IL12_IL18_VS_IFNA_TREATED_ACT_CD4_TCELL_DN","GSE20198_IL12_IL18_VS_IFNA_TREATED_ACT_CD4_TCELL_DN","106/6767","200/21355",2.99380230122878e-10,1.08937007795599e-09,1.86532525436091e-10
"GSE21379_TFH_VS_NON_TFH_SAP_KO_CD4_TCELL_UP","GSE21379_TFH_VS_NON_TFH_SAP_KO_CD4_TCELL_UP","106/6767","200/21355",2.99380230122878e-10,1.08937007795599e-09,1.86532525436091e-10
"GSE22886_DC_VS_MONOCYTE_UP","GSE22886_DC_VS_MONOCYTE_UP","106/6767","200/21355",2.99380230122878e-10,1.08937007795599e-09,1.86532525436091e-10
"GSE22935_UNSTIM_VS_12H_MBOVIS_BCG_STIM_MACROPHAGE_DN","GSE22935_UNSTIM_VS_12H_MBOVIS_BCG_STIM_MACROPHAGE_DN","106/6767","200/21355",2.99380230122878e-10,1.08937007795599e-09,1.86532525436091e-10
"GSE25088_CTRL_VS_ROSIGLITAZONE_STIM_STAT6_KO_MACROPHAGE_DN","GSE25088_CTRL_VS_ROSIGLITAZONE_STIM_STAT6_KO_MACROPHAGE_DN","106/6767","200/21355",2.99380230122878e-10,1.08937007795599e-09,1.86532525436091e-10
"GSE26351_UNSTIM_VS_WNT_PATHWAY_STIM_HEMATOPOIETIC_PROGENITORS_DN","GSE26351_UNSTIM_VS_WNT_PATHWAY_STIM_HEMATOPOIETIC_PROGENITORS_DN","106/6767","200/21355",2.99380230122878e-10,1.08937007795599e-09,1.86532525436091e-10
"GSE26488_CTRL_VS_PEPTIDE_INJECTION_HDAC7_DELTAP_TG_OT2_THYMOCYTE_DN","GSE26488_CTRL_VS_PEPTIDE_INJECTION_HDAC7_DELTAP_TG_OT2_THYMOCYTE_DN","106/6767","200/21355",2.99380230122878e-10,1.08937007795599e-09,1.86532525436091e-10
"GSE2770_UNTREATED_VS_IL4_TREATED_ACT_CD4_TCELL_48H_UP","GSE2770_UNTREATED_VS_IL4_TREATED_ACT_CD4_TCELL_48H_UP","106/6767","200/21355",2.99380230122878e-10,1.08937007795599e-09,1.86532525436091e-10
"GSE27786_BCELL_VS_CD8_TCELL_UP","GSE27786_BCELL_VS_CD8_TCELL_UP","106/6767","200/21355",2.99380230122878e-10,1.08937007795599e-09,1.86532525436091e-10
"GSE27786_BCELL_VS_NKTCELL_UP","GSE27786_BCELL_VS_NKTCELL_UP","106/6767","200/21355",2.99380230122878e-10,1.08937007795599e-09,1.86532525436091e-10
"GSE27786_LIN_NEG_VS_NEUTROPHIL_DN","GSE27786_LIN_NEG_VS_NEUTROPHIL_DN","106/6767","200/21355",2.99380230122878e-10,1.08937007795599e-09,1.86532525436091e-10
"GSE27786_LIN_NEG_VS_NKCELL_DN","GSE27786_LIN_NEG_VS_NKCELL_DN","106/6767","200/21355",2.99380230122878e-10,1.08937007795599e-09,1.86532525436091e-10
"GSE30083_SP3_VS_SP4_THYMOCYTE_DN","GSE30083_SP3_VS_SP4_THYMOCYTE_DN","106/6767","200/21355",2.99380230122878e-10,1.08937007795599e-09,1.86532525436091e-10
"GSE31082_DN_VS_DP_THYMOCYTE_DN","GSE31082_DN_VS_DP_THYMOCYTE_DN","106/6767","200/21355",2.99380230122878e-10,1.08937007795599e-09,1.86532525436091e-10
"GSE32034_LY6C_HIGH_VS_LOW_ROSIGLIZATONE_TREATED_MONOCYTE_DN","GSE32034_LY6C_HIGH_VS_LOW_ROSIGLIZATONE_TREATED_MONOCYTE_DN","106/6767","200/21355",2.99380230122878e-10,1.08937007795599e-09,1.86532525436091e-10
"GSE32164_RESTING_DIFFERENTIATED_VS_CMYC_INHIBITED_MACROPHAGE_DN","GSE32164_RESTING_DIFFERENTIATED_VS_CMYC_INHIBITED_MACROPHAGE_DN","106/6767","200/21355",2.99380230122878e-10,1.08937007795599e-09,1.86532525436091e-10
"GSE32533_MIR17_KO_VS_MIR17_OVEREXPRESS_ACT_CD4_TCELL_UP","GSE32533_MIR17_KO_VS_MIR17_OVEREXPRESS_ACT_CD4_TCELL_UP","106/6767","200/21355",2.99380230122878e-10,1.08937007795599e-09,1.86532525436091e-10
"GSE33162_HDAC3_KO_VS_HDAC3_KO_4H_LPS_STIM_MACROPHAGE_UP","GSE33162_HDAC3_KO_VS_HDAC3_KO_4H_LPS_STIM_MACROPHAGE_UP","106/6767","200/21355",2.99380230122878e-10,1.08937007795599e-09,1.86532525436091e-10
"GSE3337_4H_VS_16H_IFNG_IN_CD8POS_DC_DN","GSE3337_4H_VS_16H_IFNG_IN_CD8POS_DC_DN","106/6767","200/21355",2.99380230122878e-10,1.08937007795599e-09,1.86532525436091e-10
"GSE33424_CD161_HIGH_VS_INT_CD8_TCELL_DN","GSE33424_CD161_HIGH_VS_INT_CD8_TCELL_DN","106/6767","200/21355",2.99380230122878e-10,1.08937007795599e-09,1.86532525436091e-10
"GSE34515_CD16_POS_MONOCYTE_VS_DC_UP","GSE34515_CD16_POS_MONOCYTE_VS_DC_UP","106/6767","200/21355",2.99380230122878e-10,1.08937007795599e-09,1.86532525436091e-10
"GSE36527_CD69_NEG_VS_POS_TREG_CD62L_LOS_KLRG1_NEG_DN","GSE36527_CD69_NEG_VS_POS_TREG_CD62L_LOS_KLRG1_NEG_DN","106/6767","200/21355",2.99380230122878e-10,1.08937007795599e-09,1.86532525436091e-10
"GSE37301_LYMPHOID_PRIMED_MPP_VS_COMMON_LYMPHOID_PROGENITOR_DN","GSE37301_LYMPHOID_PRIMED_MPP_VS_COMMON_LYMPHOID_PROGENITOR_DN","106/6767","200/21355",2.99380230122878e-10,1.08937007795599e-09,1.86532525436091e-10
"GSE37532_TREG_VS_TCONV_PPARG_KO_CD4_TCELL_FROM_LN_UP","GSE37532_TREG_VS_TCONV_PPARG_KO_CD4_TCELL_FROM_LN_UP","106/6767","200/21355",2.99380230122878e-10,1.08937007795599e-09,1.86532525436091e-10
"GSE37534_GW1929_VS_PIOGLITAZONE_TREATED_CD4_TCELL_PPARG1_FOXP3_TRANSDUCED_DN","GSE37534_GW1929_VS_PIOGLITAZONE_TREATED_CD4_TCELL_PPARG1_FOXP3_TRANSDUCED_DN","106/6767","200/21355",2.99380230122878e-10,1.08937007795599e-09,1.86532525436091e-10
"GSE37605_FOXP3_FUSION_GFP_VS_IRES_GFP_TREG_NOD_UP","GSE37605_FOXP3_FUSION_GFP_VS_IRES_GFP_TREG_NOD_UP","106/6767","200/21355",2.99380230122878e-10,1.08937007795599e-09,1.86532525436091e-10
"GSE39864_WT_VS_GATA3_KO_TREG_DN","GSE39864_WT_VS_GATA3_KO_TREG_DN","106/6767","200/21355",2.99380230122878e-10,1.08937007795599e-09,1.86532525436091e-10
"GSE40274_FOXP3_VS_FOXP3_AND_IRF4_TRANSDUCED_ACTIVATED_CD4_TCELL_UP","GSE40274_FOXP3_VS_FOXP3_AND_IRF4_TRANSDUCED_ACTIVATED_CD4_TCELL_UP","106/6767","200/21355",2.99380230122878e-10,1.08937007795599e-09,1.86532525436091e-10
"GSE40666_UNTREATED_VS_IFNA_STIM_EFFECTOR_CD8_TCELL_90MIN_UP","GSE40666_UNTREATED_VS_IFNA_STIM_EFFECTOR_CD8_TCELL_90MIN_UP","106/6767","200/21355",2.99380230122878e-10,1.08937007795599e-09,1.86532525436091e-10
"GSE41867_NAIVE_VS_DAY6_LCMV_EFFECTOR_CD8_TCELL_DN","GSE41867_NAIVE_VS_DAY6_LCMV_EFFECTOR_CD8_TCELL_DN","106/6767","200/21355",2.99380230122878e-10,1.08937007795599e-09,1.86532525436091e-10
"GSE41867_NAIVE_VS_DAY8_LCMV_CLONE13_EFFECTOR_CD8_TCELL_UP","GSE41867_NAIVE_VS_DAY8_LCMV_CLONE13_EFFECTOR_CD8_TCELL_UP","106/6767","200/21355",2.99380230122878e-10,1.08937007795599e-09,1.86532525436091e-10
"GSE42021_CD24HI_VS_CD24INT_TREG_THYMUS_DN","GSE42021_CD24HI_VS_CD24INT_TREG_THYMUS_DN","106/6767","200/21355",2.99380230122878e-10,1.08937007795599e-09,1.86532525436091e-10
"GSE43955_10H_VS_60H_ACT_CD4_TCELL_WITH_TGFB_IL6_UP","GSE43955_10H_VS_60H_ACT_CD4_TCELL_WITH_TGFB_IL6_UP","106/6767","200/21355",2.99380230122878e-10,1.08937007795599e-09,1.86532525436091e-10
"GSE43955_1H_VS_42H_ACT_CD4_TCELL_UP","GSE43955_1H_VS_42H_ACT_CD4_TCELL_UP","106/6767","200/21355",2.99380230122878e-10,1.08937007795599e-09,1.86532525436091e-10
"GSE43955_TH0_VS_TGFB_IL6_IL23_TH17_ACT_CD4_TCELL_52H_UP","GSE43955_TH0_VS_TGFB_IL6_IL23_TH17_ACT_CD4_TCELL_52H_UP","106/6767","200/21355",2.99380230122878e-10,1.08937007795599e-09,1.86532525436091e-10
"GSE43955_TH0_VS_TGFB_IL6_TH17_ACT_CD4_TCELL_1H_UP","GSE43955_TH0_VS_TGFB_IL6_TH17_ACT_CD4_TCELL_1H_UP","106/6767","200/21355",2.99380230122878e-10,1.08937007795599e-09,1.86532525436091e-10
"GSE5503_PLN_DC_VS_SPLEEN_DC_ACTIVATED_ALLOGENIC_TCELL_DN","GSE5503_PLN_DC_VS_SPLEEN_DC_ACTIVATED_ALLOGENIC_TCELL_DN","106/6767","200/21355",2.99380230122878e-10,1.08937007795599e-09,1.86532525436091e-10
"GSE5542_IFNG_VS_IFNA_TREATED_EPITHELIAL_CELLS_24H_UP","GSE5542_IFNG_VS_IFNA_TREATED_EPITHELIAL_CELLS_24H_UP","106/6767","200/21355",2.99380230122878e-10,1.08937007795599e-09,1.86532525436091e-10
"GSE557_WT_VS_I_AB_KO_DC_UP","GSE557_WT_VS_I_AB_KO_DC_UP","106/6767","200/21355",2.99380230122878e-10,1.08937007795599e-09,1.86532525436091e-10
"GSE5679_PPARG_LIGAND_ROSIGLITAZONE_VS_RARA_AGONIST_AM580_TREATED_DC_DN","GSE5679_PPARG_LIGAND_ROSIGLITAZONE_VS_RARA_AGONIST_AM580_TREATED_DC_DN","106/6767","200/21355",2.99380230122878e-10,1.08937007795599e-09,1.86532525436091e-10
"GSE7460_CTRL_VS_TGFB_TREATED_ACT_FOXP3_HET_TCONV_UP","GSE7460_CTRL_VS_TGFB_TREATED_ACT_FOXP3_HET_TCONV_UP","106/6767","200/21355",2.99380230122878e-10,1.08937007795599e-09,1.86532525436091e-10
"GSE8921_UNSTIM_0H_VS_TLR1_2_STIM_MONOCYTE_24H_DN","GSE8921_UNSTIM_0H_VS_TLR1_2_STIM_MONOCYTE_24H_DN","106/6767","200/21355",2.99380230122878e-10,1.08937007795599e-09,1.86532525436091e-10
"KAECH_DAY8_EFF_VS_DAY15_EFF_CD8_TCELL_DN","KAECH_DAY8_EFF_VS_DAY15_EFF_CD8_TCELL_DN","106/6767","200/21355",2.99380230122878e-10,1.08937007795599e-09,1.86532525436091e-10
"GSE3720_UNSTIM_VS_LPS_STIM_VD2_GAMMADELTA_TCELL_UP","GSE3720_UNSTIM_VS_LPS_STIM_VD2_GAMMADELTA_TCELL_UP","92/6767","167/21355",3.05707763281774e-10,1.11160546265649e-09,1.90339883969391e-10
"GAUCHER_PBMC_YF_VAX_STAMARIL_UNKNOWN_AGE_3DY_DN","GAUCHER_PBMC_YF_VAX_STAMARIL_UNKNOWN_AGE_3DY_DN","64/6767","104/21355",3.41392224477508e-10,1.2404804641362e-09,2.12407113442681e-10
"GSE10240_CTRL_VS_IL17_STIM_PRIMARY_BRONCHIAL_EPITHELIAL_CELLS_DN","GSE10240_CTRL_VS_IL17_STIM_PRIMARY_BRONCHIAL_EPITHELIAL_CELLS_DN","105/6767","198/21355",3.47103123176842e-10,1.25147518461861e-09,2.14289736271735e-10
"GSE11864_UNTREATED_VS_CSF1_IFNG_PAM3CYS_IN_MAC_UP","GSE11864_UNTREATED_VS_CSF1_IFNG_PAM3CYS_IN_MAC_UP","105/6767","198/21355",3.47103123176842e-10,1.25147518461861e-09,2.14289736271735e-10
"GSE11924_TFH_VS_TH17_CD4_TCELL_UP","GSE11924_TFH_VS_TH17_CD4_TCELL_UP","105/6767","198/21355",3.47103123176842e-10,1.25147518461861e-09,2.14289736271735e-10
"GSE15330_LYMPHOID_MULTIPOTENT_VS_GRANULOCYTE_MONOCYTE_PROGENITOR_IKAROS_KO_UP","GSE15330_LYMPHOID_MULTIPOTENT_VS_GRANULOCYTE_MONOCYTE_PROGENITOR_IKAROS_KO_UP","105/6767","198/21355",3.47103123176842e-10,1.25147518461861e-09,2.14289736271735e-10
"GSE21927_SPLENIC_VS_TUMOR_MONOCYTES_FROM_C26GM_TUMOROUS_MICE_BALBC_DN","GSE21927_SPLENIC_VS_TUMOR_MONOCYTES_FROM_C26GM_TUMOROUS_MICE_BALBC_DN","105/6767","198/21355",3.47103123176842e-10,1.25147518461861e-09,2.14289736271735e-10
"GSE2770_UNTREATED_VS_ACT_CD4_TCELL_48H_UP","GSE2770_UNTREATED_VS_ACT_CD4_TCELL_48H_UP","105/6767","198/21355",3.47103123176842e-10,1.25147518461861e-09,2.14289736271735e-10
"GSE29618_BCELL_VS_PDC_DN","GSE29618_BCELL_VS_PDC_DN","105/6767","198/21355",3.47103123176842e-10,1.25147518461861e-09,2.14289736271735e-10
"GSE36476_CTRL_VS_TSST_ACT_40H_MEMORY_CD4_TCELL_YOUNG_UP","GSE36476_CTRL_VS_TSST_ACT_40H_MEMORY_CD4_TCELL_YOUNG_UP","105/6767","198/21355",3.47103123176842e-10,1.25147518461861e-09,2.14289736271735e-10
"GSE37533_PPARG2_FOXP3_VS_FOXP3_TRANSDUCED_CD4_TCELL_DN","GSE37533_PPARG2_FOXP3_VS_FOXP3_TRANSDUCED_CD4_TCELL_DN","105/6767","198/21355",3.47103123176842e-10,1.25147518461861e-09,2.14289736271735e-10
"GSE3982_CTRL_VS_LPS_4H_MAC_DN","GSE3982_CTRL_VS_LPS_4H_MAC_DN","105/6767","198/21355",3.47103123176842e-10,1.25147518461861e-09,2.14289736271735e-10
"GSE3982_EOSINOPHIL_VS_BASOPHIL_DN","GSE3982_EOSINOPHIL_VS_BASOPHIL_DN","105/6767","198/21355",3.47103123176842e-10,1.25147518461861e-09,2.14289736271735e-10
"GSE40274_CTRL_VS_LEF1_TRANSDUCED_ACTIVATED_CD4_TCELL_UP","GSE40274_CTRL_VS_LEF1_TRANSDUCED_ACTIVATED_CD4_TCELL_UP","94/6767","172/21355",3.50579741048564e-10,1.26312180769922e-09,2.16283984195364e-10
"NAKAYA_PBMC_FLUMIST_AGE_18_50YO_7DY_IFN_SUBSET_UP","NAKAYA_PBMC_FLUMIST_AGE_18_50YO_7DY_IFN_SUBSET_UP","28/6767","33/21355",3.93054951836586e-10,1.41516343965321e-09,2.42318029148221e-10
"GSE19888_ADENOSINE_A3R_ACT_VS_A3R_ACT_WITH_A3R_INH_PRETREATMENT_IN_MAST_CELL_UP","GSE19888_ADENOSINE_A3R_ACT_VS_A3R_ACT_WITH_A3R_INH_PRETREATMENT_IN_MAST_CELL_UP","104/6767","196/21355",4.02405447916094e-10,1.44679714689047e-09,2.47734659749038e-10
"GSE29618_BCELL_VS_PDC_UP","GSE29618_BCELL_VS_PDC_UP","104/6767","196/21355",4.02405447916094e-10,1.44679714689047e-09,2.47734659749038e-10
"GSE13306_LAMINA_PROPRIA_VS_SPLEEN_TREG_UP","GSE13306_LAMINA_PROPRIA_VS_SPLEEN_TREG_UP","105/6767","199/21355",5.07016416926395e-10,1.79397734270644e-09,3.0718222492217e-10
"GSE14350_TREG_VS_TEFF_UP","GSE14350_TREG_VS_TEFF_UP","105/6767","199/21355",5.07016416926395e-10,1.79397734270644e-09,3.0718222492217e-10
"GSE17721_0.5H_VS_8H_LPS_BMDC_UP","GSE17721_0.5H_VS_8H_LPS_BMDC_UP","105/6767","199/21355",5.07016416926395e-10,1.79397734270644e-09,3.0718222492217e-10
"GSE17721_CPG_VS_GARDIQUIMOD_16H_BMDC_DN","GSE17721_CPG_VS_GARDIQUIMOD_16H_BMDC_DN","105/6767","199/21355",5.07016416926395e-10,1.79397734270644e-09,3.0718222492217e-10
"GSE17721_POLYIC_VS_GARDIQUIMOD_24H_BMDC_DN","GSE17721_POLYIC_VS_GARDIQUIMOD_24H_BMDC_DN","105/6767","199/21355",5.07016416926395e-10,1.79397734270644e-09,3.0718222492217e-10
"GSE17721_POLYIC_VS_PAM3CSK4_16H_BMDC_DN","GSE17721_POLYIC_VS_PAM3CSK4_16H_BMDC_DN","105/6767","199/21355",5.07016416926395e-10,1.79397734270644e-09,3.0718222492217e-10
"GSE19825_NAIVE_VS_DAY3_EFF_CD8_TCELL_DN","GSE19825_NAIVE_VS_DAY3_EFF_CD8_TCELL_DN","105/6767","199/21355",5.07016416926395e-10,1.79397734270644e-09,3.0718222492217e-10
"GSE19923_E2A_KO_VS_HEB_AND_E2A_KO_DP_THYMOCYTE_UP","GSE19923_E2A_KO_VS_HEB_AND_E2A_KO_DP_THYMOCYTE_UP","105/6767","199/21355",5.07016416926395e-10,1.79397734270644e-09,3.0718222492217e-10
"GSE20198_IL12_VS_IFNA_TREATED_ACT_CD4_TCELL_DN","GSE20198_IL12_VS_IFNA_TREATED_ACT_CD4_TCELL_DN","105/6767","199/21355",5.07016416926395e-10,1.79397734270644e-09,3.0718222492217e-10
"GSE23505_UNTREATED_VS_4DAY_IL6_IL1_IL23_TREATED_CD4_TCELL_DN","GSE23505_UNTREATED_VS_4DAY_IL6_IL1_IL23_TREATED_CD4_TCELL_DN","105/6767","199/21355",5.07016416926395e-10,1.79397734270644e-09,3.0718222492217e-10
"GSE26030_TH1_VS_TH17_RESTIMULATED_DAY15_POST_POLARIZATION_DN","GSE26030_TH1_VS_TH17_RESTIMULATED_DAY15_POST_POLARIZATION_DN","105/6767","199/21355",5.07016416926395e-10,1.79397734270644e-09,3.0718222492217e-10
"GSE26156_DOUBLE_POSITIVE_VS_CD4_SINGLE_POSITIVE_THYMOCYTE_UP","GSE26156_DOUBLE_POSITIVE_VS_CD4_SINGLE_POSITIVE_THYMOCYTE_UP","105/6767","199/21355",5.07016416926395e-10,1.79397734270644e-09,3.0718222492217e-10
"GSE26495_NAIVE_VS_PD1HIGH_CD8_TCELL_DN","GSE26495_NAIVE_VS_PD1HIGH_CD8_TCELL_DN","105/6767","199/21355",5.07016416926395e-10,1.79397734270644e-09,3.0718222492217e-10
"GSE28737_FOLLICULAR_VS_MARGINAL_ZONE_BCELL_BCL6_HET_UP","GSE28737_FOLLICULAR_VS_MARGINAL_ZONE_BCELL_BCL6_HET_UP","105/6767","199/21355",5.07016416926395e-10,1.79397734270644e-09,3.0718222492217e-10
"GSE29949_CD8_POS_DC_SPLEEN_VS_MONOCYTE_BONE_MARROW_DN","GSE29949_CD8_POS_DC_SPLEEN_VS_MONOCYTE_BONE_MARROW_DN","105/6767","199/21355",5.07016416926395e-10,1.79397734270644e-09,3.0718222492217e-10
"GSE3039_ALPHABETA_CD8_TCELL_VS_B1_BCELL_DN","GSE3039_ALPHABETA_CD8_TCELL_VS_B1_BCELL_DN","105/6767","199/21355",5.07016416926395e-10,1.79397734270644e-09,3.0718222492217e-10
"GSE3039_B2_VS_B1_BCELL_UP","GSE3039_B2_VS_B1_BCELL_UP","105/6767","199/21355",5.07016416926395e-10,1.79397734270644e-09,3.0718222492217e-10
"GSE37533_PPARG1_FOXP3_VS_PPARG2_FOXP3_TRANSDUCED_CD4_TCELL_PIOGLITAZONE_TREATED_DN","GSE37533_PPARG1_FOXP3_VS_PPARG2_FOXP3_TRANSDUCED_CD4_TCELL_PIOGLITAZONE_TREATED_DN","105/6767","199/21355",5.07016416926395e-10,1.79397734270644e-09,3.0718222492217e-10
"GSE3982_BASOPHIL_VS_TH1_UP","GSE3982_BASOPHIL_VS_TH1_UP","105/6767","199/21355",5.07016416926395e-10,1.79397734270644e-09,3.0718222492217e-10
"GSE5589_IL6_KO_VS_IL10_KO_LPS_STIM_MACROPHAGE_45MIN_DN","GSE5589_IL6_KO_VS_IL10_KO_LPS_STIM_MACROPHAGE_45MIN_DN","105/6767","199/21355",5.07016416926395e-10,1.79397734270644e-09,3.0718222492217e-10
"GSE6092_UNSTIM_VS_IFNG_STIM_ENDOTHELIAL_CELL_DN","GSE6092_UNSTIM_VS_IFNG_STIM_ENDOTHELIAL_CELL_DN","105/6767","199/21355",5.07016416926395e-10,1.79397734270644e-09,3.0718222492217e-10
"GSE8621_UNSTIM_VS_LPS_PRIMED_AND_LPS_STIM_MACROPHAGE_DN","GSE8621_UNSTIM_VS_LPS_PRIMED_AND_LPS_STIM_MACROPHAGE_DN","105/6767","199/21355",5.07016416926395e-10,1.79397734270644e-09,3.0718222492217e-10
"GSE8921_UNSTIM_0H_VS_TLR1_2_STIM_MONOCYTE_12H_UP","GSE8921_UNSTIM_0H_VS_TLR1_2_STIM_MONOCYTE_12H_UP","105/6767","199/21355",5.07016416926395e-10,1.79397734270644e-09,3.0718222492217e-10
"GSE32255_WT_UNSTIM_VS_JMJD2D_KNOCKDOWN_4H_LPS_STIM_DC_DN","GSE32255_WT_UNSTIM_VS_JMJD2D_KNOCKDOWN_4H_LPS_STIM_DC_DN","94/6767","173/21355",5.298784463198e-10,1.87357709950456e-09,3.20812068407051e-10
"GSE17974_0H_VS_4H_IN_VITRO_ACT_CD4_TCELL_UP","GSE17974_0H_VS_4H_IN_VITRO_ACT_CD4_TCELL_UP","102/6767","192/21355",5.40731132855421e-10,1.91063302422449e-09,3.27157143749444e-10
"SCHERER_PBMC_APSV_WETVAX_AGE_18_32YO_50_TO_60DY_DN","SCHERER_PBMC_APSV_WETVAX_AGE_18_32YO_50_TO_60DY_DN","81/6767","143/21355",5.76084555759396e-10,2.03414980535704e-09,3.48306886692284e-10
"GSE11864_CSF1_VS_CSF1_IFNG_IN_MAC_UP","GSE11864_CSF1_VS_CSF1_IFNG_IN_MAC_UP","104/6767","197/21355",5.88166649215212e-10,2.0668474369612e-09,3.53905692756745e-10
"GSE12845_IGD_NEG_BLOOD_VS_DARKZONE_GC_TONSIL_BCELL_UP","GSE12845_IGD_NEG_BLOOD_VS_DARKZONE_GC_TONSIL_BCELL_UP","104/6767","197/21355",5.88166649215212e-10,2.0668474369612e-09,3.53905692756745e-10
"GSE14000_4H_VS_16H_LPS_DC_UP","GSE14000_4H_VS_16H_LPS_DC_UP","104/6767","197/21355",5.88166649215212e-10,2.0668474369612e-09,3.53905692756745e-10
"GSE43863_NAIVE_VS_TFH_CD4_EFF_TCELL_D6_LCMV_UP","GSE43863_NAIVE_VS_TFH_CD4_EFF_TCELL_D6_LCMV_UP","104/6767","197/21355",5.88166649215212e-10,2.0668474369612e-09,3.53905692756745e-10
"GSE44732_UNSTIM_VS_IL27_STIM_IMATURE_DC_DN","GSE44732_UNSTIM_VS_IL27_STIM_IMATURE_DC_DN","104/6767","197/21355",5.88166649215212e-10,2.0668474369612e-09,3.53905692756745e-10
"GSE9006_1MONTH_VS_4MONTH_POST_TYPE_1_DIABETES_DX_PBMC_UP","GSE9006_1MONTH_VS_4MONTH_POST_TYPE_1_DIABETES_DX_PBMC_UP","104/6767","197/21355",5.88166649215212e-10,2.0668474369612e-09,3.53905692756745e-10
"QI_PBMC_ZOSTAVAX_AGE_50_75YO_CORRELATED_WITH_CONTRACTION_OF_VZV_SPECIFIC_T_CELLS_PEAK_TO_28DYAT_1DY_NEGATIVE","QI_PBMC_ZOSTAVAX_AGE_50_75YO_CORRELATED_WITH_CONTRACTION_OF_VZV_SPECIFIC_T_CELLS_PEAK_TO_28DYAT_1DY_NEGATIVE","104/6767","197/21355",5.88166649215212e-10,2.0668474369612e-09,3.53905692756745e-10
"GSE3565_DUSP1_VS_WT_SPLENOCYTES_POST_LPS_INJECTION_UP","GSE3565_DUSP1_VS_WT_SPLENOCYTES_POST_LPS_INJECTION_UP","90/6767","164/21355",6.20087101157934e-10,2.17752504632653e-09,3.72856988007006e-10
"GSE26488_CTRL_VS_PEPTIDE_INJECTION_OT2_THYMOCYTE_DN","GSE26488_CTRL_VS_PEPTIDE_INJECTION_OT2_THYMOCYTE_DN","98/6767","183/21355",6.60636744335827e-10,2.31833305147829e-09,3.96967502270312e-10
"GSE14000_UNSTIM_VS_16H_LPS_DC_DN","GSE14000_UNSTIM_VS_16H_LPS_DC_DN","105/6767","200/21355",7.3650904444604e-10,2.47287614333651e-09,4.23429871483816e-10
"GSE14308_TH1_VS_TH17_UP","GSE14308_TH1_VS_TH17_UP","105/6767","200/21355",7.3650904444604e-10,2.47287614333651e-09,4.23429871483816e-10
"GSE1432_6H_VS_24H_IFNG_MICROGLIA_UP","GSE1432_6H_VS_24H_IFNG_MICROGLIA_UP","105/6767","200/21355",7.3650904444604e-10,2.47287614333651e-09,4.23429871483816e-10
"GSE15215_CD2_POS_VS_NEG_PDC_DN","GSE15215_CD2_POS_VS_NEG_PDC_DN","105/6767","200/21355",7.3650904444604e-10,2.47287614333651e-09,4.23429871483816e-10
"GSE15330_HSC_VS_PRO_BCELL_UP","GSE15330_HSC_VS_PRO_BCELL_UP","105/6767","200/21355",7.3650904444604e-10,2.47287614333651e-09,4.23429871483816e-10
"GSE15735_2H_VS_12H_HDAC_INHIBITOR_TREATED_CD4_TCELL_DN","GSE15735_2H_VS_12H_HDAC_INHIBITOR_TREATED_CD4_TCELL_DN","105/6767","200/21355",7.3650904444604e-10,2.47287614333651e-09,4.23429871483816e-10
"GSE15930_NAIVE_VS_72H_IN_VITRO_STIM_TRICHOSTATINA_CD8_TCELL_UP","GSE15930_NAIVE_VS_72H_IN_VITRO_STIM_TRICHOSTATINA_CD8_TCELL_UP","105/6767","200/21355",7.3650904444604e-10,2.47287614333651e-09,4.23429871483816e-10
"GSE15930_STIM_VS_STIM_AND_IL12_48H_CD8_T_CELL_DN","GSE15930_STIM_VS_STIM_AND_IL12_48H_CD8_T_CELL_DN","105/6767","200/21355",7.3650904444604e-10,2.47287614333651e-09,4.23429871483816e-10
"GSE16385_IFNG_TNF_VS_IL4_STIM_MACROPHAGE_UP","GSE16385_IFNG_TNF_VS_IL4_STIM_MACROPHAGE_UP","105/6767","200/21355",7.3650904444604e-10,2.47287614333651e-09,4.23429871483816e-10
"GSE16385_MONOCYTE_VS_12H_IL4_TREATED_MACROPHAGE_DN","GSE16385_MONOCYTE_VS_12H_IL4_TREATED_MACROPHAGE_DN","105/6767","200/21355",7.3650904444604e-10,2.47287614333651e-09,4.23429871483816e-10
"GSE16451_CTRL_VS_WEST_EQUINE_ENC_VIRUS_MATURE_NEURON_CELL_LINE_UP","GSE16451_CTRL_VS_WEST_EQUINE_ENC_VIRUS_MATURE_NEURON_CELL_LINE_UP","105/6767","200/21355",7.3650904444604e-10,2.47287614333651e-09,4.23429871483816e-10
"GSE16451_IMMATURE_VS_MATURE_NEURON_CELL_LINE_WEST_EQUINE_ENC_VIRUS_UP","GSE16451_IMMATURE_VS_MATURE_NEURON_CELL_LINE_WEST_EQUINE_ENC_VIRUS_UP","105/6767","200/21355",7.3650904444604e-10,2.47287614333651e-09,4.23429871483816e-10
"GSE16522_ANTI_CD3CD28_STIM_VS_UNSTIM_MEMORY_CD8_TCELL_UP","GSE16522_ANTI_CD3CD28_STIM_VS_UNSTIM_MEMORY_CD8_TCELL_UP","105/6767","200/21355",7.3650904444604e-10,2.47287614333651e-09,4.23429871483816e-10
"GSE1740_MCSF_VS_MCSF_AND_IFNG_DAY2_DERIVED_MACROPHAGE_WITH_IFNA_STIM_UP","GSE1740_MCSF_VS_MCSF_AND_IFNG_DAY2_DERIVED_MACROPHAGE_WITH_IFNA_STIM_UP","105/6767","200/21355",7.3650904444604e-10,2.47287614333651e-09,4.23429871483816e-10
"GSE17721_0.5H_VS_24H_PAM3CSK4_BMDC_DN","GSE17721_0.5H_VS_24H_PAM3CSK4_BMDC_DN","105/6767","200/21355",7.3650904444604e-10,2.47287614333651e-09,4.23429871483816e-10
"GSE17721_CTRL_VS_PAM3CSK4_12H_BMDC_UP","GSE17721_CTRL_VS_PAM3CSK4_12H_BMDC_UP","105/6767","200/21355",7.3650904444604e-10,2.47287614333651e-09,4.23429871483816e-10
"GSE17721_LPS_VS_POLYIC_2H_BMDC_DN","GSE17721_LPS_VS_POLYIC_2H_BMDC_DN","105/6767","200/21355",7.3650904444604e-10,2.47287614333651e-09,4.23429871483816e-10
"GSE17721_LPS_VS_POLYIC_8H_BMDC_UP","GSE17721_LPS_VS_POLYIC_8H_BMDC_UP","105/6767","200/21355",7.3650904444604e-10,2.47287614333651e-09,4.23429871483816e-10
"GSE17721_PAM3CSK4_VS_GADIQUIMOD_12H_BMDC_DN","GSE17721_PAM3CSK4_VS_GADIQUIMOD_12H_BMDC_DN","105/6767","200/21355",7.3650904444604e-10,2.47287614333651e-09,4.23429871483816e-10
"GSE17721_PAM3CSK4_VS_GADIQUIMOD_12H_BMDC_UP","GSE17721_PAM3CSK4_VS_GADIQUIMOD_12H_BMDC_UP","105/6767","200/21355",7.3650904444604e-10,2.47287614333651e-09,4.23429871483816e-10
"GSE17721_POLYIC_VS_GARDIQUIMOD_4H_BMDC_UP","GSE17721_POLYIC_VS_GARDIQUIMOD_4H_BMDC_UP","105/6767","200/21355",7.3650904444604e-10,2.47287614333651e-09,4.23429871483816e-10
"GSE1925_CTRL_VS_IFNG_PRIMED_MACROPHAGE_UP","GSE1925_CTRL_VS_IFNG_PRIMED_MACROPHAGE_UP","105/6767","200/21355",7.3650904444604e-10,2.47287614333651e-09,4.23429871483816e-10
"GSE19772_CTRL_VS_HCMV_INF_MONOCYTES_UP","GSE19772_CTRL_VS_HCMV_INF_MONOCYTES_UP","105/6767","200/21355",7.3650904444604e-10,2.47287614333651e-09,4.23429871483816e-10
"GSE19888_ADENOSINE_A3R_INH_VS_ACT_IN_MAST_CELL_UP","GSE19888_ADENOSINE_A3R_INH_VS_ACT_IN_MAST_CELL_UP","105/6767","200/21355",7.3650904444604e-10,2.47287614333651e-09,4.23429871483816e-10
"GSE19923_WT_VS_HEB_AND_E2A_KO_DP_THYMOCYTE_DN","GSE19923_WT_VS_HEB_AND_E2A_KO_DP_THYMOCYTE_DN","105/6767","200/21355",7.3650904444604e-10,2.47287614333651e-09,4.23429871483816e-10
"GSE21380_NON_TFH_VS_GERMINAL_CENTER_TFH_CD4_TCELL_DN","GSE21380_NON_TFH_VS_GERMINAL_CENTER_TFH_CD4_TCELL_DN","105/6767","200/21355",7.3650904444604e-10,2.47287614333651e-09,4.23429871483816e-10
"GSE21670_UNTREATED_VS_IL6_TREATED_CD4_TCELL_DN","GSE21670_UNTREATED_VS_IL6_TREATED_CD4_TCELL_DN","105/6767","200/21355",7.3650904444604e-10,2.47287614333651e-09,4.23429871483816e-10
"GSE21927_BALBC_VS_C57BL6_MONOCYTE_TUMOR_UP","GSE21927_BALBC_VS_C57BL6_MONOCYTE_TUMOR_UP","105/6767","200/21355",7.3650904444604e-10,2.47287614333651e-09,4.23429871483816e-10
"GSE22282_HYPOXIA_VS_NORMOXIA_MYELOID_DC_UP","GSE22282_HYPOXIA_VS_NORMOXIA_MYELOID_DC_UP","105/6767","200/21355",7.3650904444604e-10,2.47287614333651e-09,4.23429871483816e-10
"GSE24210_TCONV_VS_TREG_DN","GSE24210_TCONV_VS_TREG_DN","105/6767","200/21355",7.3650904444604e-10,2.47287614333651e-09,4.23429871483816e-10
"GSE25123_IL4_VS_IL4_AND_ROSIGLITAZONE_STIM_MACROPHAGE_DAY10_UP","GSE25123_IL4_VS_IL4_AND_ROSIGLITAZONE_STIM_MACROPHAGE_DAY10_UP","105/6767","200/21355",7.3650904444604e-10,2.47287614333651e-09,4.23429871483816e-10
"GSE27434_WT_VS_DNMT1_KO_TREG_UP","GSE27434_WT_VS_DNMT1_KO_TREG_UP","105/6767","200/21355",7.3650904444604e-10,2.47287614333651e-09,4.23429871483816e-10
"GSE2770_UNTREATED_VS_TGFB_AND_IL12_TREATED_ACT_CD4_TCELL_6H_UP","GSE2770_UNTREATED_VS_TGFB_AND_IL12_TREATED_ACT_CD4_TCELL_6H_UP","105/6767","200/21355",7.3650904444604e-10,2.47287614333651e-09,4.23429871483816e-10
"GSE27786_ERYTHROBLAST_VS_NEUTROPHIL_DN","GSE27786_ERYTHROBLAST_VS_NEUTROPHIL_DN","105/6767","200/21355",7.3650904444604e-10,2.47287614333651e-09,4.23429871483816e-10
"GSE27786_LIN_NEG_VS_BCELL_DN","GSE27786_LIN_NEG_VS_BCELL_DN","105/6767","200/21355",7.3650904444604e-10,2.47287614333651e-09,4.23429871483816e-10
"GSE27786_LIN_NEG_VS_CD4_TCELL_UP","GSE27786_LIN_NEG_VS_CD4_TCELL_UP","105/6767","200/21355",7.3650904444604e-10,2.47287614333651e-09,4.23429871483816e-10
"GSE29164_UNTREATED_VS_CD8_TCELL_TREATED_MELANOMA_DAY3_DN","GSE29164_UNTREATED_VS_CD8_TCELL_TREATED_MELANOMA_DAY3_DN","105/6767","200/21355",7.3650904444604e-10,2.47287614333651e-09,4.23429871483816e-10
"GSE30083_SP2_VS_SP4_THYMOCYTE_DN","GSE30083_SP2_VS_SP4_THYMOCYTE_DN","105/6767","200/21355",7.3650904444604e-10,2.47287614333651e-09,4.23429871483816e-10
"GSE3039_CD4_TCELL_VS_B2_BCELL_DN","GSE3039_CD4_TCELL_VS_B2_BCELL_DN","105/6767","200/21355",7.3650904444604e-10,2.47287614333651e-09,4.23429871483816e-10
"GSE3039_NKT_CELL_VS_B2_BCELL_DN","GSE3039_NKT_CELL_VS_B2_BCELL_DN","105/6767","200/21355",7.3650904444604e-10,2.47287614333651e-09,4.23429871483816e-10
"GSE3337_CTRL_VS_16H_IFNG_IN_CD8POS_DC_DN","GSE3337_CTRL_VS_16H_IFNG_IN_CD8POS_DC_DN","105/6767","200/21355",7.3650904444604e-10,2.47287614333651e-09,4.23429871483816e-10
"GSE339_EX_VIVO_VS_IN_CULTURE_CD8POS_DC_DN","GSE339_EX_VIVO_VS_IN_CULTURE_CD8POS_DC_DN","105/6767","200/21355",7.3650904444604e-10,2.47287614333651e-09,4.23429871483816e-10
"GSE360_CTRL_VS_L_MAJOR_MAC_UP","GSE360_CTRL_VS_L_MAJOR_MAC_UP","105/6767","200/21355",7.3650904444604e-10,2.47287614333651e-09,4.23429871483816e-10
"GSE360_CTRL_VS_M_TUBERCULOSIS_DC_UP","GSE360_CTRL_VS_M_TUBERCULOSIS_DC_UP","105/6767","200/21355",7.3650904444604e-10,2.47287614333651e-09,4.23429871483816e-10
"GSE360_T_GONDII_VS_B_MALAYI_HIGH_DOSE_DC_DN","GSE360_T_GONDII_VS_B_MALAYI_HIGH_DOSE_DC_DN","105/6767","200/21355",7.3650904444604e-10,2.47287614333651e-09,4.23429871483816e-10
"GSE369_PRE_VS_POST_IL6_INJECTION_IFNG_KO_LIVER_UP","GSE369_PRE_VS_POST_IL6_INJECTION_IFNG_KO_LIVER_UP","105/6767","200/21355",7.3650904444604e-10,2.47287614333651e-09,4.23429871483816e-10
"GSE369_PRE_VS_POST_IL6_INJECTION_IFNG_WT_LIVER_DN","GSE369_PRE_VS_POST_IL6_INJECTION_IFNG_WT_LIVER_DN","105/6767","200/21355",7.3650904444604e-10,2.47287614333651e-09,4.23429871483816e-10
"GSE37532_WT_VS_PPARG_KO_VISCERAL_ADIPOSE_TISSUE_TREG_DN","GSE37532_WT_VS_PPARG_KO_VISCERAL_ADIPOSE_TISSUE_TREG_DN","105/6767","200/21355",7.3650904444604e-10,2.47287614333651e-09,4.23429871483816e-10
"GSE37533_PPARG1_FOXP3_VS_FOXP3_TRANSDUCED_CD4_TCELL_DN","GSE37533_PPARG1_FOXP3_VS_FOXP3_TRANSDUCED_CD4_TCELL_DN","105/6767","200/21355",7.3650904444604e-10,2.47287614333651e-09,4.23429871483816e-10
"GSE38304_MYC_NEG_VS_POS_GC_BCELL_DN","GSE38304_MYC_NEG_VS_POS_GC_BCELL_DN","105/6767","200/21355",7.3650904444604e-10,2.47287614333651e-09,4.23429871483816e-10
"GSE39110_DAY3_VS_DAY6_POST_IMMUNIZATION_CD8_TCELL_WITH_IL2_TREATMENT_UP","GSE39110_DAY3_VS_DAY6_POST_IMMUNIZATION_CD8_TCELL_WITH_IL2_TREATMENT_UP","105/6767","200/21355",7.3650904444604e-10,2.47287614333651e-09,4.23429871483816e-10
"GSE39152_BRAIN_VS_SPLEEN_CD103_NEG_MEMORY_CD8_TCELL_DN","GSE39152_BRAIN_VS_SPLEEN_CD103_NEG_MEMORY_CD8_TCELL_DN","105/6767","200/21355",7.3650904444604e-10,2.47287614333651e-09,4.23429871483816e-10
"GSE39152_CD103_NEG_VS_POS_MEMORY_CD8_TCELL_DN","GSE39152_CD103_NEG_VS_POS_MEMORY_CD8_TCELL_DN","105/6767","200/21355",7.3650904444604e-10,2.47287614333651e-09,4.23429871483816e-10
"GSE3982_MAST_CELL_VS_BCELL_UP","GSE3982_MAST_CELL_VS_BCELL_UP","105/6767","200/21355",7.3650904444604e-10,2.47287614333651e-09,4.23429871483816e-10
"GSE3982_MAST_CELL_VS_TH2_DN","GSE3982_MAST_CELL_VS_TH2_DN","105/6767","200/21355",7.3650904444604e-10,2.47287614333651e-09,4.23429871483816e-10
"GSE3982_NEUTROPHIL_VS_BCELL_UP","GSE3982_NEUTROPHIL_VS_BCELL_UP","105/6767","200/21355",7.3650904444604e-10,2.47287614333651e-09,4.23429871483816e-10
"GSE411_UNSTIM_VS_100MIN_IL6_STIM_SOCS3_KO_MACROPHAGE_UP","GSE411_UNSTIM_VS_100MIN_IL6_STIM_SOCS3_KO_MACROPHAGE_UP","105/6767","200/21355",7.3650904444604e-10,2.47287614333651e-09,4.23429871483816e-10
"GSE46606_IRF4MID_VS_WT_CD40L_IL2_IL5_DAY3_STIMULATED_BCELL_UP","GSE46606_IRF4MID_VS_WT_CD40L_IL2_IL5_DAY3_STIMULATED_BCELL_UP","105/6767","200/21355",7.3650904444604e-10,2.47287614333651e-09,4.23429871483816e-10
"GSE5589_LPS_AND_IL10_VS_LPS_AND_IL6_STIM_IL6_KO_MACROPHAGE_45MIN_DN","GSE5589_LPS_AND_IL10_VS_LPS_AND_IL6_STIM_IL6_KO_MACROPHAGE_45MIN_DN","105/6767","200/21355",7.3650904444604e-10,2.47287614333651e-09,4.23429871483816e-10
"GSE5589_UNSTIM_VS_180MIN_LPS_AND_IL10_STIM_MACROPHAGE_UP","GSE5589_UNSTIM_VS_180MIN_LPS_AND_IL10_STIM_MACROPHAGE_UP","105/6767","200/21355",7.3650904444604e-10,2.47287614333651e-09,4.23429871483816e-10
"GSE7460_CTRL_VS_TGFB_TREATED_ACT_CD8_TCELL_UP","GSE7460_CTRL_VS_TGFB_TREATED_ACT_CD8_TCELL_UP","105/6767","200/21355",7.3650904444604e-10,2.47287614333651e-09,4.23429871483816e-10
"GSE7852_LN_VS_FAT_TCONV_UP","GSE7852_LN_VS_FAT_TCONV_UP","105/6767","200/21355",7.3650904444604e-10,2.47287614333651e-09,4.23429871483816e-10
"GSE7852_THYMUS_VS_FAT_TCONV_UP","GSE7852_THYMUS_VS_FAT_TCONV_UP","105/6767","200/21355",7.3650904444604e-10,2.47287614333651e-09,4.23429871483816e-10
"GSE8685_IL2_STARVED_VS_IL15_ACT_IL2_STARVED_CD4_TCELL_DN","GSE8685_IL2_STARVED_VS_IL15_ACT_IL2_STARVED_CD4_TCELL_DN","105/6767","200/21355",7.3650904444604e-10,2.47287614333651e-09,4.23429871483816e-10
"GSE8835_CD4_VS_CD8_TCELL_UP","GSE8835_CD4_VS_CD8_TCELL_UP","105/6767","200/21355",7.3650904444604e-10,2.47287614333651e-09,4.23429871483816e-10
"GSE8921_UNSTIM_VS_TLR1_2_STIM_MONOCYTE_3H_DN","GSE8921_UNSTIM_VS_TLR1_2_STIM_MONOCYTE_3H_DN","105/6767","200/21355",7.3650904444604e-10,2.47287614333651e-09,4.23429871483816e-10
"GSE40274_CTRL_VS_FOXP3_AND_XBP1_TRANSDUCED_ACTIVATED_CD4_TCELL_UP","GSE40274_CTRL_VS_FOXP3_AND_XBP1_TRANSDUCED_ACTIVATED_CD4_TCELL_UP","91/6767","167/21355",8.15833646870498e-10,2.73742088187503e-09,4.68727791051251e-10
"GSE17721_LPS_VS_CPG_4H_BMDC_DN","GSE17721_LPS_VS_CPG_4H_BMDC_DN","104/6767","198/21355",8.54875231215122e-10,2.85348001981766e-09,4.88600563893511e-10
"GSE17974_CTRL_VS_ACT_IL4_AND_ANTI_IL12_72H_CD4_TCELL_DN","GSE17974_CTRL_VS_ACT_IL4_AND_ANTI_IL12_72H_CD4_TCELL_DN","104/6767","198/21355",8.54875231215122e-10,2.85348001981766e-09,4.88600563893511e-10
"GSE25087_FETAL_VS_ADULT_TREG_UP","GSE25087_FETAL_VS_ADULT_TREG_UP","104/6767","198/21355",8.54875231215122e-10,2.85348001981766e-09,4.88600563893511e-10
"GSE2770_UNTREATED_VS_TGFB_AND_IL4_TREATED_ACT_CD4_TCELL_48H_DN","GSE2770_UNTREATED_VS_TGFB_AND_IL4_TREATED_ACT_CD4_TCELL_48H_DN","104/6767","198/21355",8.54875231215122e-10,2.85348001981766e-09,4.88600563893511e-10
"GSE360_CTRL_VS_T_GONDII_MAC_DN","GSE360_CTRL_VS_T_GONDII_MAC_DN","104/6767","198/21355",8.54875231215122e-10,2.85348001981766e-09,4.88600563893511e-10
"GSE39022_LN_VS_SPLEEN_DC_DN","GSE39022_LN_VS_SPLEEN_DC_DN","104/6767","198/21355",8.54875231215122e-10,2.85348001981766e-09,4.88600563893511e-10
"GSE40666_UNTREATED_VS_IFNA_STIM_STAT1_KO_CD8_TCELL_90MIN_DN","GSE40666_UNTREATED_VS_IFNA_STIM_STAT1_KO_CD8_TCELL_90MIN_DN","104/6767","198/21355",8.54875231215122e-10,2.85348001981766e-09,4.88600563893511e-10
"GSE8621_LPS_PRIMED_UNSTIM_VS_LPS_PRIMED_AND_LPS_STIM_MACROPHAGE_UP","GSE8621_LPS_PRIMED_UNSTIM_VS_LPS_PRIMED_AND_LPS_STIM_MACROPHAGE_UP","104/6767","198/21355",8.54875231215122e-10,2.85348001981766e-09,4.88600563893511e-10
"GSE2935_UV_INACTIVATED_VS_LIVE_SENDAI_VIRUS_INF_MACROPHAGE_DN","GSE2935_UV_INACTIVATED_VS_LIVE_SENDAI_VIRUS_INF_MACROPHAGE_DN","96/6767","179/21355",8.85443128846317e-10,2.95358940897532e-09,5.05742265834215e-10
"GSE3720_LPS_VS_PMA_STIM_VD1_GAMMADELTA_TCELL_DN","GSE3720_LPS_VS_PMA_STIM_VD1_GAMMADELTA_TCELL_DN","93/6767","172/21355",9.19666416769372e-10,3.06575404341779e-09,5.24948183961163e-10
"GSE14000_UNSTIM_VS_4H_LPS_DC_UP","GSE14000_UNSTIM_VS_4H_LPS_DC_UP","103/6767","196/21355",9.92219562305086e-10,3.30331798437544e-09,5.65626189311307e-10
"GSE2770_IL12_ACT_VS_ACT_CD4_TCELL_6H_UP","GSE2770_IL12_ACT_VS_ACT_CD4_TCELL_6H_UP","103/6767","196/21355",9.92219562305086e-10,3.30331798437544e-09,5.65626189311307e-10
"GSE12001_MIR223_KO_VS_WT_NEUTROPHIL_UP","GSE12001_MIR223_KO_VS_WT_NEUTROPHIL_UP","94/6767","175/21355",1.18624069281964e-09,3.94669437513711e-09,6.75791343837959e-10
"HOWARD_NK_CELL_INACT_MONOV_INFLUENZA_A_INDONESIA_05_2005_H5N1_AGE_18_49YO_3DY_UP","HOWARD_NK_CELL_INACT_MONOV_INFLUENZA_A_INDONESIA_05_2005_H5N1_AGE_18_49YO_3DY_UP","46/6767","68/21355",1.20178105253465e-09,3.99580509490605e-09,6.84200558272848e-10
"GSE11961_GERMINAL_CENTER_BCELL_DAY7_VS_GERMINAL_CENTER_BCELL_DAY40_UP","GSE11961_GERMINAL_CENTER_BCELL_DAY7_VS_GERMINAL_CENTER_BCELL_DAY40_UP","104/6767","199/21355",1.23568909106805e-09,4.03784446775391e-09,6.91398948006275e-10
"GSE12845_IGD_POS_BLOOD_VS_NAIVE_TONSIL_BCELL_DN","GSE12845_IGD_POS_BLOOD_VS_NAIVE_TONSIL_BCELL_DN","104/6767","199/21355",1.23568909106805e-09,4.03784446775391e-09,6.91398948006275e-10
"GSE13484_3H_UNSTIM_VS_YF17D_VACCINE_STIM_PBMC_UP","GSE13484_3H_UNSTIM_VS_YF17D_VACCINE_STIM_PBMC_UP","104/6767","199/21355",1.23568909106805e-09,4.03784446775391e-09,6.91398948006275e-10
"GSE13485_CTRL_VS_DAY3_YF17D_VACCINE_PBMC_DN","GSE13485_CTRL_VS_DAY3_YF17D_VACCINE_PBMC_DN","104/6767","199/21355",1.23568909106805e-09,4.03784446775391e-09,6.91398948006275e-10
"GSE13485_DAY1_VS_DAY3_YF17D_VACCINE_PBMC_DN","GSE13485_DAY1_VS_DAY3_YF17D_VACCINE_PBMC_DN","104/6767","199/21355",1.23568909106805e-09,4.03784446775391e-09,6.91398948006275e-10
"GSE1460_INTRATHYMIC_T_PROGENITOR_VS_CD4_THYMOCYTE_UP","GSE1460_INTRATHYMIC_T_PROGENITOR_VS_CD4_THYMOCYTE_UP","104/6767","199/21355",1.23568909106805e-09,4.03784446775391e-09,6.91398948006275e-10
"GSE1740_MCSF_VS_MCSF_AND_IFNG_DAY2_DERIVED_MACROPHAGE_DN","GSE1740_MCSF_VS_MCSF_AND_IFNG_DAY2_DERIVED_MACROPHAGE_DN","104/6767","199/21355",1.23568909106805e-09,4.03784446775391e-09,6.91398948006275e-10
"GSE17721_POLYIC_VS_PAM3CSK4_24H_BMDC_DN","GSE17721_POLYIC_VS_PAM3CSK4_24H_BMDC_DN","104/6767","199/21355",1.23568909106805e-09,4.03784446775391e-09,6.91398948006275e-10
"GSE17974_0H_VS_2H_IN_VITRO_ACT_CD4_TCELL_UP","GSE17974_0H_VS_2H_IN_VITRO_ACT_CD4_TCELL_UP","104/6767","199/21355",1.23568909106805e-09,4.03784446775391e-09,6.91398948006275e-10
"GSE17974_1H_VS_72H_UNTREATED_IN_VITRO_CD4_TCELL_DN","GSE17974_1H_VS_72H_UNTREATED_IN_VITRO_CD4_TCELL_DN","104/6767","199/21355",1.23568909106805e-09,4.03784446775391e-09,6.91398948006275e-10
"GSE21774_CD62L_POS_CD56_DIM_VS_CD62L_NEG_CD56_DIM_NK_CELL_UP","GSE21774_CD62L_POS_CD56_DIM_VS_CD62L_NEG_CD56_DIM_NK_CELL_UP","104/6767","199/21355",1.23568909106805e-09,4.03784446775391e-09,6.91398948006275e-10
"GSE22886_NAIVE_CD4_TCELL_VS_12H_ACT_TH1_UP","GSE22886_NAIVE_CD4_TCELL_VS_12H_ACT_TH1_UP","104/6767","199/21355",1.23568909106805e-09,4.03784446775391e-09,6.91398948006275e-10
"GSE23568_CTRL_VS_ID3_TRANSDUCED_CD8_TCELL_DN","GSE23568_CTRL_VS_ID3_TRANSDUCED_CD8_TCELL_DN","104/6767","199/21355",1.23568909106805e-09,4.03784446775391e-09,6.91398948006275e-10
"GSE24671_BAKIMULC_VS_SENDAI_VIRUS_INFECTED_MOUSE_SPLENOCYTES_DN","GSE24671_BAKIMULC_VS_SENDAI_VIRUS_INFECTED_MOUSE_SPLENOCYTES_DN","104/6767","199/21355",1.23568909106805e-09,4.03784446775391e-09,6.91398948006275e-10
"GSE27786_NEUTROPHIL_VS_MONO_MAC_UP","GSE27786_NEUTROPHIL_VS_MONO_MAC_UP","104/6767","199/21355",1.23568909106805e-09,4.03784446775391e-09,6.91398948006275e-10
"GSE27859_MACROPHAGE_VS_CD11C_INT_F480_INT_DC_DN","GSE27859_MACROPHAGE_VS_CD11C_INT_F480_INT_DC_DN","104/6767","199/21355",1.23568909106805e-09,4.03784446775391e-09,6.91398948006275e-10
"GSE35435_RESTING_VS_IL4_TREATED_MACROPHAGE_UP","GSE35435_RESTING_VS_IL4_TREATED_MACROPHAGE_UP","104/6767","199/21355",1.23568909106805e-09,4.03784446775391e-09,6.91398948006275e-10
"GSE360_L_DONOVANI_VS_B_MALAYI_LOW_DOSE_MAC_UP","GSE360_L_DONOVANI_VS_B_MALAYI_LOW_DOSE_MAC_UP","104/6767","199/21355",1.23568909106805e-09,4.03784446775391e-09,6.91398948006275e-10
"GSE360_T_GONDII_VS_B_MALAYI_HIGH_DOSE_MAC_DN","GSE360_T_GONDII_VS_B_MALAYI_HIGH_DOSE_MAC_DN","104/6767","199/21355",1.23568909106805e-09,4.03784446775391e-09,6.91398948006275e-10
"GSE3982_DC_VS_MAC_LPS_STIM_DN","GSE3982_DC_VS_MAC_LPS_STIM_DN","104/6767","199/21355",1.23568909106805e-09,4.03784446775391e-09,6.91398948006275e-10
"GSE3982_MAC_VS_TH1_DN","GSE3982_MAC_VS_TH1_DN","104/6767","199/21355",1.23568909106805e-09,4.03784446775391e-09,6.91398948006275e-10
"GSE39820_CTRL_VS_TGFBETA1_IL6_CD4_TCELL_UP","GSE39820_CTRL_VS_TGFBETA1_IL6_CD4_TCELL_UP","104/6767","199/21355",1.23568909106805e-09,4.03784446775391e-09,6.91398948006275e-10
"GSE40274_FOXP3_VS_FOXP3_AND_IRF4_TRANSDUCED_ACTIVATED_CD4_TCELL_DN","GSE40274_FOXP3_VS_FOXP3_AND_IRF4_TRANSDUCED_ACTIVATED_CD4_TCELL_DN","104/6767","199/21355",1.23568909106805e-09,4.03784446775391e-09,6.91398948006275e-10
"GSE40685_TREG_VS_FOXP3_KO_TREG_PRECURSOR_DN","GSE40685_TREG_VS_FOXP3_KO_TREG_PRECURSOR_DN","104/6767","199/21355",1.23568909106805e-09,4.03784446775391e-09,6.91398948006275e-10
"GSE42021_CD24HI_VS_CD24LOW_TCONV_THYMUS_DN","GSE42021_CD24HI_VS_CD24LOW_TCONV_THYMUS_DN","104/6767","199/21355",1.23568909106805e-09,4.03784446775391e-09,6.91398948006275e-10
"GSE42724_MEMORY_BCELL_VS_PLASMABLAST_UP","GSE42724_MEMORY_BCELL_VS_PLASMABLAST_UP","104/6767","199/21355",1.23568909106805e-09,4.03784446775391e-09,6.91398948006275e-10
"GSE43955_1H_VS_42H_ACT_CD4_TCELL_WITH_TGFB_IL6_UP","GSE43955_1H_VS_42H_ACT_CD4_TCELL_WITH_TGFB_IL6_UP","104/6767","199/21355",1.23568909106805e-09,4.03784446775391e-09,6.91398948006275e-10
"GSE21033_3H_VS_24H_POLYIC_STIM_DC_DN","GSE21033_3H_VS_24H_POLYIC_STIM_DC_DN","75/6767","131/21355",1.27657796572555e-09,4.16879950972922e-09,7.13822342215961e-10
"GSE7509_FCGRIIB_VS_TNFA_IL1B_IL6_PGE_STIM_DC_UP","GSE7509_FCGRIIB_VS_TNFA_IL1B_IL6_PGE_STIM_DC_UP","98/6767","185/21355",1.43161728797979e-09,4.67212083734717e-09,8.00005908522998e-10
"GSE25088_IL4_VS_IL4_AND_ROSIGLITAZONE_STIM_STAT6_KO_MACROPHAGE_DAY10_DN","GSE25088_IL4_VS_IL4_AND_ROSIGLITAZONE_STIM_STAT6_KO_MACROPHAGE_DAY10_DN","103/6767","197/21355",1.43495839260568e-09,4.67707036165881e-09,8.00853414148717e-10
"GSE41176_UNSTIM_VS_ANTI_IGM_STIM_BCELL_3H_DN","GSE41176_UNSTIM_VS_ANTI_IGM_STIM_BCELL_3H_DN","103/6767","197/21355",1.43495839260568e-09,4.67707036165881e-09,8.00853414148717e-10
"GSE4984_GALECTIN1_VS_LPS_STIM_DC_UP","GSE4984_GALECTIN1_VS_LPS_STIM_DC_UP","87/6767","159/21355",1.4467743185385e-09,4.71258699564606e-09,8.06934917181241e-10
"GSE10325_LUPUS_BCELL_VS_LUPUS_MYELOID_UP","GSE10325_LUPUS_BCELL_VS_LUPUS_MYELOID_UP","102/6767","195/21355",1.66630412342321e-09,5.41733750208674e-09,9.27609143900782e-10
"GSE30971_CTRL_VS_LPS_STIM_MACROPHAGE_WBP7_HET_2H_UP","GSE30971_CTRL_VS_LPS_STIM_MACROPHAGE_WBP7_HET_2H_UP","102/6767","195/21355",1.66630412342321e-09,5.41733750208674e-09,9.27609143900782e-10
"GSE37416_CTRL_VS_3H_F_TULARENSIS_LVS_NEUTROPHIL_UP","GSE37416_CTRL_VS_3H_F_TULARENSIS_LVS_NEUTROPHIL_UP","102/6767","195/21355",1.66630412342321e-09,5.41733750208674e-09,9.27609143900782e-10
"HOWARD_NEUTROPHIL_INACT_MONOV_INFLUENZA_A_INDONESIA_05_2005_H5N1_AGE_18_49YO_1DY_UP","HOWARD_NEUTROPHIL_INACT_MONOV_INFLUENZA_A_INDONESIA_05_2005_H5N1_AGE_18_49YO_1DY_UP","181/6767","394/21355",1.73015786073205e-09,5.56040826853247e-09,9.52107110130287e-10
"GSE37532_WT_VS_PPARG_KO_LN_TREG_UP","GSE37532_WT_VS_PPARG_KO_LN_TREG_UP","94/6767","176/21355",1.75746273075193e-09,5.56040826853247e-09,9.52107110130287e-10
"GSE6092_B_BURGDOFERI_VS_B_BURGDORFERI_AND_IFNG_STIM_ENDOTHELIAL_CELL_UP","GSE6092_B_BURGDOFERI_VS_B_BURGDORFERI_AND_IFNG_STIM_ENDOTHELIAL_CELL_UP","94/6767","176/21355",1.75746273075193e-09,5.56040826853247e-09,9.52107110130287e-10
"GSE10273_HIGH_VS_LOW_IL7_TREATED_IRF4_8_NULL_PRE_BCELL_UP","GSE10273_HIGH_VS_LOW_IL7_TREATED_IRF4_8_NULL_PRE_BCELL_UP","104/6767","200/21355",1.77646747490856e-09,5.56040826853247e-09,9.52107110130287e-10
"GSE13485_CTRL_VS_DAY7_YF17D_VACCINE_PBMC_DN","GSE13485_CTRL_VS_DAY7_YF17D_VACCINE_PBMC_DN","104/6767","200/21355",1.77646747490856e-09,5.56040826853247e-09,9.52107110130287e-10
"GSE14000_TRANSLATED_RNA_VS_MRNA_DC_UP","GSE14000_TRANSLATED_RNA_VS_MRNA_DC_UP","104/6767","200/21355",1.77646747490856e-09,5.56040826853247e-09,9.52107110130287e-10
"GSE1432_CTRL_VS_IFNG_24H_MICROGLIA_UP","GSE1432_CTRL_VS_IFNG_24H_MICROGLIA_UP","104/6767","200/21355",1.77646747490856e-09,5.56040826853247e-09,9.52107110130287e-10
"GSE15330_HSC_VS_GRANULOCYTE_MONOCYTE_PROGENITOR_UP","GSE15330_HSC_VS_GRANULOCYTE_MONOCYTE_PROGENITOR_UP","104/6767","200/21355",1.77646747490856e-09,5.56040826853247e-09,9.52107110130287e-10
"GSE15930_NAIVE_VS_24H_IN_VITRO_STIM_IL12_CD8_TCELL_UP","GSE15930_NAIVE_VS_24H_IN_VITRO_STIM_IL12_CD8_TCELL_UP","104/6767","200/21355",1.77646747490856e-09,5.56040826853247e-09,9.52107110130287e-10
"GSE15930_STIM_VS_STIM_AND_IFNAB_48H_CD8_T_CELL_DN","GSE15930_STIM_VS_STIM_AND_IFNAB_48H_CD8_T_CELL_DN","104/6767","200/21355",1.77646747490856e-09,5.56040826853247e-09,9.52107110130287e-10
"GSE17186_MEMORY_VS_NAIVE_BCELL_DN","GSE17186_MEMORY_VS_NAIVE_BCELL_DN","104/6767","200/21355",1.77646747490856e-09,5.56040826853247e-09,9.52107110130287e-10
"GSE17301_ACD3_ACD28_VS_ACD3_ACD28_AND_IFNA2_STIM_CD8_TCELL_DN","GSE17301_ACD3_ACD28_VS_ACD3_ACD28_AND_IFNA2_STIM_CD8_TCELL_DN","104/6767","200/21355",1.77646747490856e-09,5.56040826853247e-09,9.52107110130287e-10
"GSE17721_12H_VS_24H_POLYIC_BMDC_UP","GSE17721_12H_VS_24H_POLYIC_BMDC_UP","104/6767","200/21355",1.77646747490856e-09,5.56040826853247e-09,9.52107110130287e-10
"GSE17721_CPG_VS_GARDIQUIMOD_4H_BMDC_DN","GSE17721_CPG_VS_GARDIQUIMOD_4H_BMDC_DN","104/6767","200/21355",1.77646747490856e-09,5.56040826853247e-09,9.52107110130287e-10
"GSE17721_CTRL_VS_LPS_24H_BMDC_DN","GSE17721_CTRL_VS_LPS_24H_BMDC_DN","104/6767","200/21355",1.77646747490856e-09,5.56040826853247e-09,9.52107110130287e-10
"GSE17721_LPS_VS_CPG_24H_BMDC_DN","GSE17721_LPS_VS_CPG_24H_BMDC_DN","104/6767","200/21355",1.77646747490856e-09,5.56040826853247e-09,9.52107110130287e-10
"GSE17721_PAM3CSK4_VS_CPG_4H_BMDC_UP","GSE17721_PAM3CSK4_VS_CPG_4H_BMDC_UP","104/6767","200/21355",1.77646747490856e-09,5.56040826853247e-09,9.52107110130287e-10
"GSE17721_PAM3CSK4_VS_CPG_6H_BMDC_UP","GSE17721_PAM3CSK4_VS_CPG_6H_BMDC_UP","104/6767","200/21355",1.77646747490856e-09,5.56040826853247e-09,9.52107110130287e-10
"GSE17721_POLYIC_VS_GARDIQUIMOD_6H_BMDC_UP","GSE17721_POLYIC_VS_GARDIQUIMOD_6H_BMDC_UP","104/6767","200/21355",1.77646747490856e-09,5.56040826853247e-09,9.52107110130287e-10
"GSE17721_POLYIC_VS_PAM3CSK4_12H_BMDC_UP","GSE17721_POLYIC_VS_PAM3CSK4_12H_BMDC_UP","104/6767","200/21355",1.77646747490856e-09,5.56040826853247e-09,9.52107110130287e-10
"GSE1925_3H_VS_24H_IFNG_STIM_IFNG_PRIMED_MACROPHAGE_DN","GSE1925_3H_VS_24H_IFNG_STIM_IFNG_PRIMED_MACROPHAGE_DN","104/6767","200/21355",1.77646747490856e-09,5.56040826853247e-09,9.52107110130287e-10
"GSE19401_UNSTIM_VS_RETINOIC_ACID_AND_PAM2CSK4_STIM_FOLLICULAR_DC_UP","GSE19401_UNSTIM_VS_RETINOIC_ACID_AND_PAM2CSK4_STIM_FOLLICULAR_DC_UP","104/6767","200/21355",1.77646747490856e-09,5.56040826853247e-09,9.52107110130287e-10
"GSE20198_IL12_VS_IL12_IL18_TREATED_ACT_CD4_TCELL_DN","GSE20198_IL12_VS_IL12_IL18_TREATED_ACT_CD4_TCELL_DN","104/6767","200/21355",1.77646747490856e-09,5.56040826853247e-09,9.52107110130287e-10
"GSE20366_TREG_VS_NAIVE_CD4_TCELL_UP","GSE20366_TREG_VS_NAIVE_CD4_TCELL_UP","104/6767","200/21355",1.77646747490856e-09,5.56040826853247e-09,9.52107110130287e-10
"GSE21546_ELK1_KO_VS_SAP1A_KO_AND_ELK1_KO_ANTI_CD3_STIM_DP_THYMOCYTES_DN","GSE21546_ELK1_KO_VS_SAP1A_KO_AND_ELK1_KO_ANTI_CD3_STIM_DP_THYMOCYTES_DN","104/6767","200/21355",1.77646747490856e-09,5.56040826853247e-09,9.52107110130287e-10
"GSE22140_GERMFREE_VS_SPF_ARTHRITIC_MOUSE_CD4_TCELL_UP","GSE22140_GERMFREE_VS_SPF_ARTHRITIC_MOUSE_CD4_TCELL_UP","104/6767","200/21355",1.77646747490856e-09,5.56040826853247e-09,9.52107110130287e-10
"GSE22935_UNSTIM_VS_12H_MBOVIS_BCG_STIM_MYD88_KO_MACROPHAGE_DN","GSE22935_UNSTIM_VS_12H_MBOVIS_BCG_STIM_MYD88_KO_MACROPHAGE_DN","104/6767","200/21355",1.77646747490856e-09,5.56040826853247e-09,9.52107110130287e-10
"GSE23505_IL6_IL1_VS_IL6_IL1_IL23_TREATED_CD4_TCELL_UP","GSE23505_IL6_IL1_VS_IL6_IL1_IL23_TREATED_CD4_TCELL_UP","104/6767","200/21355",1.77646747490856e-09,5.56040826853247e-09,9.52107110130287e-10
"GSE24102_GRANULOCYSTIC_MDSC_VS_NEUTROPHIL_DN","GSE24102_GRANULOCYSTIC_MDSC_VS_NEUTROPHIL_DN","104/6767","200/21355",1.77646747490856e-09,5.56040826853247e-09,9.52107110130287e-10
"GSE24634_IL4_VS_CTRL_TREATED_NAIVE_CD4_TCELL_DAY3_DN","GSE24634_IL4_VS_CTRL_TREATED_NAIVE_CD4_TCELL_DAY3_DN","104/6767","200/21355",1.77646747490856e-09,5.56040826853247e-09,9.52107110130287e-10
"GSE26343_WT_VS_NFAT5_KO_MACROPHAGE_LPS_STIM_UP","GSE26343_WT_VS_NFAT5_KO_MACROPHAGE_LPS_STIM_UP","104/6767","200/21355",1.77646747490856e-09,5.56040826853247e-09,9.52107110130287e-10
"GSE27786_CD4_TCELL_VS_MONO_MAC_DN","GSE27786_CD4_TCELL_VS_MONO_MAC_DN","104/6767","200/21355",1.77646747490856e-09,5.56040826853247e-09,9.52107110130287e-10
"GSE27786_CD4_TCELL_VS_NKTCELL_UP","GSE27786_CD4_TCELL_VS_NKTCELL_UP","104/6767","200/21355",1.77646747490856e-09,5.56040826853247e-09,9.52107110130287e-10
"GSE27786_CD8_TCELL_VS_ERYTHROBLAST_UP","GSE27786_CD8_TCELL_VS_ERYTHROBLAST_UP","104/6767","200/21355",1.77646747490856e-09,5.56040826853247e-09,9.52107110130287e-10
"GSE3039_ALPHAALPHA_CD8_TCELL_VS_B2_BCELL_DN","GSE3039_ALPHAALPHA_CD8_TCELL_VS_B2_BCELL_DN","104/6767","200/21355",1.77646747490856e-09,5.56040826853247e-09,9.52107110130287e-10
"GSE32986_CURDLAN_LOWDOSE_VS_CURDLAN_HIGHDOSE_STIM_DC_DN","GSE32986_CURDLAN_LOWDOSE_VS_CURDLAN_HIGHDOSE_STIM_DC_DN","104/6767","200/21355",1.77646747490856e-09,5.56040826853247e-09,9.52107110130287e-10
"GSE32986_UNSTIM_VS_CURDLAN_HIGHDOSE_STIM_DC_DN","GSE32986_UNSTIM_VS_CURDLAN_HIGHDOSE_STIM_DC_DN","104/6767","200/21355",1.77646747490856e-09,5.56040826853247e-09,9.52107110130287e-10
"GSE339_CD8POS_VS_CD4CD8DN_DC_IN_CULTURE_UP","GSE339_CD8POS_VS_CD4CD8DN_DC_IN_CULTURE_UP","104/6767","200/21355",1.77646747490856e-09,5.56040826853247e-09,9.52107110130287e-10
"GSE339_EX_VIVO_VS_IN_CULTURE_CD4CD8DN_DC_DN","GSE339_EX_VIVO_VS_IN_CULTURE_CD4CD8DN_DC_DN","104/6767","200/21355",1.77646747490856e-09,5.56040826853247e-09,9.52107110130287e-10
"GSE36392_EOSINOPHIL_VS_NEUTROPHIL_IL25_TREATED_LUNG_UP","GSE36392_EOSINOPHIL_VS_NEUTROPHIL_IL25_TREATED_LUNG_UP","104/6767","200/21355",1.77646747490856e-09,5.56040826853247e-09,9.52107110130287e-10
"GSE37301_MULTIPOTENT_PROGENITOR_VS_RAG2_KO_NK_CELL_UP","GSE37301_MULTIPOTENT_PROGENITOR_VS_RAG2_KO_NK_CELL_UP","104/6767","200/21355",1.77646747490856e-09,5.56040826853247e-09,9.52107110130287e-10
"GSE39110_UNTREATED_VS_IL2_TREATED_CD8_TCELL_DAY3_POST_IMMUNIZATION_DN","GSE39110_UNTREATED_VS_IL2_TREATED_CD8_TCELL_DAY3_POST_IMMUNIZATION_DN","104/6767","200/21355",1.77646747490856e-09,5.56040826853247e-09,9.52107110130287e-10
"GSE39110_UNTREATED_VS_IL2_TREATED_CD8_TCELL_DAY6_POST_IMMUNIZATION_UP","GSE39110_UNTREATED_VS_IL2_TREATED_CD8_TCELL_DAY6_POST_IMMUNIZATION_UP","104/6767","200/21355",1.77646747490856e-09,5.56040826853247e-09,9.52107110130287e-10
"GSE3982_NEUTROPHIL_VS_TH2_UP","GSE3982_NEUTROPHIL_VS_TH2_UP","104/6767","200/21355",1.77646747490856e-09,5.56040826853247e-09,9.52107110130287e-10
"GSE39916_B_CELL_SPLEEN_VS_PLASMA_CELL_BONE_MARROW_DN","GSE39916_B_CELL_SPLEEN_VS_PLASMA_CELL_BONE_MARROW_DN","104/6767","200/21355",1.77646747490856e-09,5.56040826853247e-09,9.52107110130287e-10
"GSE411_100MIN_VS_400MIN_IL6_STIM_MACROPHAGE_UP","GSE411_100MIN_VS_400MIN_IL6_STIM_MACROPHAGE_UP","104/6767","200/21355",1.77646747490856e-09,5.56040826853247e-09,9.52107110130287e-10
"GSE41867_DAY8_VS_DAY15_LCMV_CLONE13_EFFECTOR_CD8_TCELL_DN","GSE41867_DAY8_VS_DAY15_LCMV_CLONE13_EFFECTOR_CD8_TCELL_DN","104/6767","200/21355",1.77646747490856e-09,5.56040826853247e-09,9.52107110130287e-10
"GSE41867_NAIVE_VS_DAY15_LCMV_EFFECTOR_CD8_TCELL_UP","GSE41867_NAIVE_VS_DAY15_LCMV_EFFECTOR_CD8_TCELL_UP","104/6767","200/21355",1.77646747490856e-09,5.56040826853247e-09,9.52107110130287e-10
"GSE42021_TREG_PLN_VS_CD24INT_TREG_THYMUS_DN","GSE42021_TREG_PLN_VS_CD24INT_TREG_THYMUS_DN","104/6767","200/21355",1.77646747490856e-09,5.56040826853247e-09,9.52107110130287e-10
"GSE43955_1H_VS_60H_ACT_CD4_TCELL_UP","GSE43955_1H_VS_60H_ACT_CD4_TCELL_UP","104/6767","200/21355",1.77646747490856e-09,5.56040826853247e-09,9.52107110130287e-10
"GSE44649_NAIVE_VS_ACTIVATED_CD8_TCELL_MIR155_KO_DN","GSE44649_NAIVE_VS_ACTIVATED_CD8_TCELL_MIR155_KO_DN","104/6767","200/21355",1.77646747490856e-09,5.56040826853247e-09,9.52107110130287e-10
"GSE46606_UNSTIM_VS_CD40L_IL2_IL5_3DAY_STIMULATED_IRF4HIGH_SORTED_BCELL_UP","GSE46606_UNSTIM_VS_CD40L_IL2_IL5_3DAY_STIMULATED_IRF4HIGH_SORTED_BCELL_UP","104/6767","200/21355",1.77646747490856e-09,5.56040826853247e-09,9.52107110130287e-10
"GSE5099_UNSTIM_VS_MCSF_TREATED_MONOCYTE_DAY3_DN","GSE5099_UNSTIM_VS_MCSF_TREATED_MONOCYTE_DAY3_DN","104/6767","200/21355",1.77646747490856e-09,5.56040826853247e-09,9.52107110130287e-10
"GSE7548_DAY7_VS_DAY28_PCC_IMMUNIZATION_CD4_TCELL_UP","GSE7548_DAY7_VS_DAY28_PCC_IMMUNIZATION_CD4_TCELL_UP","104/6767","200/21355",1.77646747490856e-09,5.56040826853247e-09,9.52107110130287e-10
"GSE7852_TREG_VS_TCONV_FAT_UP","GSE7852_TREG_VS_TCONV_FAT_UP","104/6767","200/21355",1.77646747490856e-09,5.56040826853247e-09,9.52107110130287e-10
"GSE7852_TREG_VS_TCONV_UP","GSE7852_TREG_VS_TCONV_UP","104/6767","200/21355",1.77646747490856e-09,5.56040826853247e-09,9.52107110130287e-10
"GSE8621_UNSTIM_VS_LPS_PRIMED_UNSTIM_MACROPHAGE_DN","GSE8621_UNSTIM_VS_LPS_PRIMED_UNSTIM_MACROPHAGE_DN","104/6767","200/21355",1.77646747490856e-09,5.56040826853247e-09,9.52107110130287e-10
"GSE8921_UNSTIM_0H_VS_TLR1_2_STIM_MONOCYTE_12H_DN","GSE8921_UNSTIM_0H_VS_TLR1_2_STIM_MONOCYTE_12H_DN","104/6767","200/21355",1.77646747490856e-09,5.56040826853247e-09,9.52107110130287e-10
"GSE9006_HEALTHY_VS_TYPE_2_DIABETES_PBMC_AT_DX_UP","GSE9006_HEALTHY_VS_TYPE_2_DIABETES_PBMC_AT_DX_UP","104/6767","200/21355",1.77646747490856e-09,5.56040826853247e-09,9.52107110130287e-10
"GSE9037_CTRL_VS_LPS_4H_STIM_IRAK4_KO_BMDM_DN","GSE9037_CTRL_VS_LPS_4H_STIM_IRAK4_KO_BMDM_DN","104/6767","200/21355",1.77646747490856e-09,5.56040826853247e-09,9.52107110130287e-10
"GSE9601_NFKB_INHIBITOR_VS_PI3K_INHIBITOR_TREATED_HCMV_INF_MONOCYTE_UP","GSE9601_NFKB_INHIBITOR_VS_PI3K_INHIBITOR_TREATED_HCMV_INF_MONOCYTE_UP","104/6767","200/21355",1.77646747490856e-09,5.56040826853247e-09,9.52107110130287e-10
"GSE6269_E_COLI_VS_STREP_PNEUMO_INF_PBMC_DN","GSE6269_E_COLI_VS_STREP_PNEUMO_INF_PBMC_DN","91/6767","169/21355",1.83788014132636e-09,5.74561675889041e-09,9.83820306717707e-10
"SCHERER_PBMC_APSV_WETVAX_AGE_18_32YO_50_TO_60DY_UP","SCHERER_PBMC_APSV_WETVAX_AGE_18_32YO_50_TO_60DY_UP","91/6767","169/21355",1.83788014132636e-09,5.74561675889041e-09,9.83820306717707e-10
"GSE4590_LARGE_PRE_BCELL_VS_VPREB_POS_LARGE_PRE_BCELL_UP","GSE4590_LARGE_PRE_BCELL_VS_VPREB_POS_LARGE_PRE_BCELL_UP","93/6767","174/21355",2.03565683785948e-09,6.36003205832148e-09,1.08902646189731e-09
"GSE14000_4H_VS_16H_LPS_DC_TRANSLATED_RNA_DN","GSE14000_4H_VS_16H_LPS_DC_TRANSLATED_RNA_DN","103/6767","198/21355",2.06389066232383e-09,6.42085402046982e-09,1.09944098899979e-09
"GSE17301_ACD3_ACD28_VS_ACD3_ACD28_AND_IFNA5_STIM_CD8_TCELL_UP","GSE17301_ACD3_ACD28_VS_ACD3_ACD28_AND_IFNA5_STIM_CD8_TCELL_UP","103/6767","198/21355",2.06389066232383e-09,6.42085402046982e-09,1.09944098899979e-09
"GSE17974_1.5H_VS_72H_IL4_AND_ANTI_IL12_ACT_CD4_TCELL_UP","GSE17974_1.5H_VS_72H_IL4_AND_ANTI_IL12_ACT_CD4_TCELL_UP","103/6767","198/21355",2.06389066232383e-09,6.42085402046982e-09,1.09944098899979e-09
"GSE20727_CTRL_VS_H2O2_TREATED_DC_UP","GSE20727_CTRL_VS_H2O2_TREATED_DC_UP","103/6767","198/21355",2.06389066232383e-09,6.42085402046982e-09,1.09944098899979e-09
"GSE22886_NAIVE_CD4_TCELL_VS_NEUTROPHIL_DN","GSE22886_NAIVE_CD4_TCELL_VS_NEUTROPHIL_DN","103/6767","198/21355",2.06389066232383e-09,6.42085402046982e-09,1.09944098899979e-09
"GSE22886_NAIVE_CD4_TCELL_VS_NKCELL_DN","GSE22886_NAIVE_CD4_TCELL_VS_NKCELL_DN","103/6767","198/21355",2.06389066232383e-09,6.42085402046982e-09,1.09944098899979e-09
"GSE25088_ROSIGLITAZONE_VS_IL4_AND_ROSIGLITAZONE_STIM_STAT6_KO_MACROPHAGE_DAY10_DN","GSE25088_ROSIGLITAZONE_VS_IL4_AND_ROSIGLITAZONE_STIM_STAT6_KO_MACROPHAGE_DAY10_DN","103/6767","198/21355",2.06389066232383e-09,6.42085402046982e-09,1.09944098899979e-09
"GSE37301_MULTIPOTENT_PROGENITOR_VS_PRO_BCELL_DN","GSE37301_MULTIPOTENT_PROGENITOR_VS_PRO_BCELL_DN","95/6767","179/21355",2.23157245169351e-09,6.93830925399188e-09,1.18804469995365e-09
"GSE12845_IGD_POS_VS_NEG_BLOOD_BCELL_DN","GSE12845_IGD_POS_VS_NEG_BLOOD_BCELL_DN","102/6767","196/21355",2.39775758335988e-09,7.44597403384984e-09,1.27497199433972e-09
"GSE37416_CTRL_VS_6H_F_TULARENSIS_LVS_NEUTROPHIL_DN","GSE37416_CTRL_VS_6H_F_TULARENSIS_LVS_NEUTROPHIL_DN","102/6767","196/21355",2.39775758335988e-09,7.44597403384984e-09,1.27497199433972e-09
"GSE8685_IL15_ACT_IL2_STARVED_VS_IL21_ACT_IL2_STARVED_CD4_TCELL_UP","GSE8685_IL15_ACT_IL2_STARVED_VS_IL21_ACT_IL2_STARVED_CD4_TCELL_UP","89/6767","165/21355",2.45930204612999e-09,7.6324706964337e-09,1.30690576428725e-09
"GSE37301_PRO_BCELL_VS_CD4_TCELL_UP","GSE37301_PRO_BCELL_VS_CD4_TCELL_UP","91/6767","170/21355",2.73033435625565e-09,8.46849621568224e-09,1.4500581737302e-09
"PATEL_SKIN_OF_BODY_ZOSTAVAX_AGE_70_93YO_VZV_CHALLENGE_3DY_UP","PATEL_SKIN_OF_BODY_ZOSTAVAX_AGE_70_93YO_VZV_CHALLENGE_3DY_UP","65/6767","110/21355",2.73345709997634e-09,8.47305595621445e-09,1.45083893679136e-09
"GSE5099_CLASSICAL_M1_VS_ALTERNATIVE_M2_MACROPHAGE_UP","GSE5099_CLASSICAL_M1_VS_ALTERNATIVE_M2_MACROPHAGE_UP","101/6767","194/21355",2.78556234920926e-09,8.62935236519389e-09,1.47760152599175e-09
"GSE19941_LPS_VS_LPS_AND_IL10_STIM_IL10_KO_MACROPHAGE_UP","GSE19941_LPS_VS_LPS_AND_IL10_STIM_IL10_KO_MACROPHAGE_UP","96/6767","182/21355",2.81162731420002e-09,8.7048389129852e-09,1.49052706588025e-09
"GSE13484_UNSTIM_VS_12H_YF17D_VACCINE_STIM_PBMC_UP","GSE13484_UNSTIM_VS_12H_YF17D_VACCINE_STIM_PBMC_UP","103/6767","199/21355",2.95248193148374e-09,9.01570867344678e-09,1.54375720564085e-09
"GSE14769_UNSTIM_VS_80MIN_LPS_BMDM_DN","GSE14769_UNSTIM_VS_80MIN_LPS_BMDM_DN","103/6767","199/21355",2.95248193148374e-09,9.01570867344678e-09,1.54375720564085e-09
"GSE15330_MEGAKARYOCYTE_ERYTHROID_PROGENITOR_VS_PRO_BCELL_DN","GSE15330_MEGAKARYOCYTE_ERYTHROID_PROGENITOR_VS_PRO_BCELL_DN","103/6767","199/21355",2.95248193148374e-09,9.01570867344678e-09,1.54375720564085e-09
"GSE17721_POLYIC_VS_CPG_8H_BMDC_DN","GSE17721_POLYIC_VS_CPG_8H_BMDC_DN","103/6767","199/21355",2.95248193148374e-09,9.01570867344678e-09,1.54375720564085e-09
"GSE17721_POLYIC_VS_GARDIQUIMOD_6H_BMDC_DN","GSE17721_POLYIC_VS_GARDIQUIMOD_6H_BMDC_DN","103/6767","199/21355",2.95248193148374e-09,9.01570867344678e-09,1.54375720564085e-09
"GSE19941_UNSTIM_VS_LPS_STIM_IL10_KO_NFKBP50_KO_MACROPHAGE_UP","GSE19941_UNSTIM_VS_LPS_STIM_IL10_KO_NFKBP50_KO_MACROPHAGE_UP","103/6767","199/21355",2.95248193148374e-09,9.01570867344678e-09,1.54375720564085e-09
"GSE20198_IL12_VS_IFNA_TREATED_ACT_CD4_TCELL_UP","GSE20198_IL12_VS_IFNA_TREATED_ACT_CD4_TCELL_UP","103/6767","199/21355",2.95248193148374e-09,9.01570867344678e-09,1.54375720564085e-09
"GSE20198_UNTREATED_VS_IL12_IL18_TREATED_ACT_CD4_TCELL_DN","GSE20198_UNTREATED_VS_IL12_IL18_TREATED_ACT_CD4_TCELL_DN","103/6767","199/21355",2.95248193148374e-09,9.01570867344678e-09,1.54375720564085e-09
"GSE2128_C57BL6_VS_NOD_THYMOCYTE_MIMETOPE_NEGATIVE_SELECTION_DN","GSE2128_C57BL6_VS_NOD_THYMOCYTE_MIMETOPE_NEGATIVE_SELECTION_DN","103/6767","199/21355",2.95248193148374e-09,9.01570867344678e-09,1.54375720564085e-09
"GSE22589_HEALTHY_VS_SIV_INFECTED_DC_UP","GSE22589_HEALTHY_VS_SIV_INFECTED_DC_UP","103/6767","199/21355",2.95248193148374e-09,9.01570867344678e-09,1.54375720564085e-09
"GSE29618_PRE_VS_DAY7_FLU_VACCINE_MONOCYTE_DN","GSE29618_PRE_VS_DAY7_FLU_VACCINE_MONOCYTE_DN","103/6767","199/21355",2.95248193148374e-09,9.01570867344678e-09,1.54375720564085e-09
"GSE3039_NKT_CELL_VS_B1_BCELL_UP","GSE3039_NKT_CELL_VS_B1_BCELL_UP","103/6767","199/21355",2.95248193148374e-09,9.01570867344678e-09,1.54375720564085e-09
"GSE32986_GMCSF_AND_CURDLAN_LOWDOSE_VS_GMCSF_AND_CURDLAN_HIGHDOSE_STIM_DC_UP","GSE32986_GMCSF_AND_CURDLAN_LOWDOSE_VS_GMCSF_AND_CURDLAN_HIGHDOSE_STIM_DC_UP","103/6767","199/21355",2.95248193148374e-09,9.01570867344678e-09,1.54375720564085e-09
"GSE33425_CD161_HIGH_VS_NEG_CD8_TCELL_UP","GSE33425_CD161_HIGH_VS_NEG_CD8_TCELL_UP","103/6767","199/21355",2.95248193148374e-09,9.01570867344678e-09,1.54375720564085e-09
"GSE360_L_DONOVANI_VS_M_TUBERCULOSIS_DC_UP","GSE360_L_DONOVANI_VS_M_TUBERCULOSIS_DC_UP","103/6767","199/21355",2.95248193148374e-09,9.01570867344678e-09,1.54375720564085e-09
"GSE360_LOW_DOSE_B_MALAYI_VS_M_TUBERCULOSIS_MAC_DN","GSE360_LOW_DOSE_B_MALAYI_VS_M_TUBERCULOSIS_MAC_DN","103/6767","199/21355",2.95248193148374e-09,9.01570867344678e-09,1.54375720564085e-09
"GSE36009_UNSTIM_VS_LPS_STIM_NLRP10_KO_DC_UP","GSE36009_UNSTIM_VS_LPS_STIM_NLRP10_KO_DC_UP","103/6767","199/21355",2.95248193148374e-09,9.01570867344678e-09,1.54375720564085e-09
"GSE36392_EOSINOPHIL_VS_MAC_IL25_TREATED_LUNG_DN","GSE36392_EOSINOPHIL_VS_MAC_IL25_TREATED_LUNG_DN","103/6767","199/21355",2.95248193148374e-09,9.01570867344678e-09,1.54375720564085e-09
"GSE369_IFNG_KO_VS_WT_LIVER_UP","GSE369_IFNG_KO_VS_WT_LIVER_UP","103/6767","199/21355",2.95248193148374e-09,9.01570867344678e-09,1.54375720564085e-09
"GSE37532_WT_VS_PPARG_KO_VISCERAL_ADIPOSE_TISSUE_TREG_UP","GSE37532_WT_VS_PPARG_KO_VISCERAL_ADIPOSE_TISSUE_TREG_UP","103/6767","199/21355",2.95248193148374e-09,9.01570867344678e-09,1.54375720564085e-09
"GSE3982_MAST_CELL_VS_DC_DN","GSE3982_MAST_CELL_VS_DC_DN","103/6767","199/21355",2.95248193148374e-09,9.01570867344678e-09,1.54375720564085e-09
"GSE557_WT_VS_CIITA_KO_DC_DN","GSE557_WT_VS_CIITA_KO_DC_DN","103/6767","199/21355",2.95248193148374e-09,9.01570867344678e-09,1.54375720564085e-09
"GSE7548_DAY7_VS_DAY28_PCC_IMMUNIZATION_CD4_TCELL_DN","GSE7548_DAY7_VS_DAY28_PCC_IMMUNIZATION_CD4_TCELL_DN","103/6767","199/21355",2.95248193148374e-09,9.01570867344678e-09,1.54375720564085e-09
"GSE15271_CXCR4_POS_VS_NEG_GC_BCELL_DN","GSE15271_CXCR4_POS_VS_NEG_GC_BCELL_DN","93/6767","175/21355",2.99901905113639e-09,9.14148078191217e-09,1.56529312763486e-09
"GSE32255_WT_UNSTIM_VS_JMJD2D_KNOCKDOWN_4H_LPS_STIM_DC_UP","GSE32255_WT_UNSTIM_VS_JMJD2D_KNOCKDOWN_4H_LPS_STIM_DC_UP","93/6767","175/21355",2.99901905113639e-09,9.14148078191217e-09,1.56529312763486e-09
"GSE9509_10MIN_VS_30MIN_LPS_AND_IL10_STIM_IL10_KO_MACROPHAGE_UP","GSE9509_10MIN_VS_30MIN_LPS_AND_IL10_STIM_IL10_KO_MACROPHAGE_UP","93/6767","175/21355",2.99901905113639e-09,9.14148078191217e-09,1.56529312763486e-09
"GSE12003_4D_VS_8D_CULTURE_MIR223_KO_BM_PROGENITOR_DN","GSE12003_4D_VS_8D_CULTURE_MIR223_KO_BM_PROGENITOR_DN","90/6767","168/21355",3.16159341368482e-09,9.62558754867107e-09,1.64818659020699e-09
"GSE7509_UNSTIM_VS_FCGRIIB_STIM_MONOCYTE_UP","GSE7509_UNSTIM_VS_FCGRIIB_STIM_MONOCYTE_UP","90/6767","168/21355",3.16159341368482e-09,9.62558754867107e-09,1.64818659020699e-09
"GSE1112_HY_CD8AB_VS_HY_CD8AA_THYMOCYTE_RTOC_CULTURE_DN","GSE1112_HY_CD8AB_VS_HY_CD8AA_THYMOCYTE_RTOC_CULTURE_DN","100/6767","192/21355",3.23600638525569e-09,9.84629361258512e-09,1.68597802611479e-09
"GSE3982_CTRL_VS_PMA_STIM_EOSINOPHIL_UP","GSE3982_CTRL_VS_PMA_STIM_EOSINOPHIL_UP","102/6767","197/21355",3.43149987238016e-09,1.04287491675715e-08,1.78571172343622e-09
"GSE45365_WT_VS_IFNAR_KO_CD8A_DC_UP","GSE45365_WT_VS_IFNAR_KO_CD8A_DC_UP","102/6767","197/21355",3.43149987238016e-09,1.04287491675715e-08,1.78571172343622e-09
"GSE6259_FLT3L_INDUCED_DEC205_POS_DC_VS_CD8_TCELL_DN","GSE6259_FLT3L_INDUCED_DEC205_POS_DC_VS_CD8_TCELL_DN","92/6767","173/21355",3.47627671235447e-09,1.05585726920861e-08,1.80794136823624e-09
"GSE37533_PPARG1_FOXP3_VS_PPARG2_FOXP3_TRANSDUCED_CD4_TCELL_UP","GSE37533_PPARG1_FOXP3_VS_PPARG2_FOXP3_TRANSDUCED_CD4_TCELL_UP","94/6767","178/21355",3.78440285334092e-09,1.14876456063226e-08,1.96702625638735e-09
"GSE16450_IMMATURE_VS_MATURE_NEURON_CELL_LINE_UP","GSE16450_IMMATURE_VS_MATURE_NEURON_CELL_LINE_UP","101/6767","195/21355",3.98816959180911e-09,1.2084719560996e-08,2.06926305808685e-09
"GSE25123_IL4_VS_IL4_AND_ROSIGLITAZONE_STIM_PPARG_KO_MACROPHAGE_DAY10_DN","GSE25123_IL4_VS_IL4_AND_ROSIGLITAZONE_STIM_PPARG_KO_MACROPHAGE_DAY10_DN","101/6767","195/21355",3.98816959180911e-09,1.2084719560996e-08,2.06926305808685e-09
"GSE46606_IRF4_KO_VS_WT_CD40L_IL2_IL5_3DAY_STIMULATED_BCELL_DN","GSE46606_IRF4_KO_VS_WT_CD40L_IL2_IL5_3DAY_STIMULATED_BCELL_DN","101/6767","195/21355",3.98816959180911e-09,1.2084719560996e-08,2.06926305808685e-09
"GSE13547_CTRL_VS_ANTI_IGM_STIM_ZFX_KO_BCELL_2H_DN","GSE13547_CTRL_VS_ANTI_IGM_STIM_ZFX_KO_BCELL_2H_DN","91/6767","171/21355",4.02916908291937e-09,1.22017424029106e-08,2.08930084568331e-09
"GSE21360_TERTIARY_VS_QUATERNARY_MEMORY_CD8_TCELL_UP","GSE21360_TERTIARY_VS_QUATERNARY_MEMORY_CD8_TCELL_UP","96/6767","183/21355",4.08234637951049e-09,1.22733647717931e-08,2.10156472332757e-09
"GSE10240_IL22_VS_IL17_STIM_PRIMARY_BRONCHIAL_EPITHELIAL_CELLS_DN","GSE10240_IL22_VS_IL17_STIM_PRIMARY_BRONCHIAL_EPITHELIAL_CELLS_DN","103/6767","200/21355",4.2012395503212e-09,1.22733647717931e-08,2.10156472332757e-09
"GSE14308_NAIVE_CD4_TCELL_VS_NATURAL_TREG_DN","GSE14308_NAIVE_CD4_TCELL_VS_NATURAL_TREG_DN","103/6767","200/21355",4.2012395503212e-09,1.22733647717931e-08,2.10156472332757e-09
"GSE15330_GRANULOCYTE_MONOCYTE_PROGENITOR_VS_PRO_BCELL_DN","GSE15330_GRANULOCYTE_MONOCYTE_PROGENITOR_VS_PRO_BCELL_DN","103/6767","200/21355",4.2012395503212e-09,1.22733647717931e-08,2.10156472332757e-09
"GSE16385_MONOCYTE_VS_12H_IFNG_TNF_TREATED_MACROPHAGE_UP","GSE16385_MONOCYTE_VS_12H_IFNG_TNF_TREATED_MACROPHAGE_UP","103/6767","200/21355",4.2012395503212e-09,1.22733647717931e-08,2.10156472332757e-09
"GSE17721_4_VS_24H_CPG_BMDC_DN","GSE17721_4_VS_24H_CPG_BMDC_DN","103/6767","200/21355",4.2012395503212e-09,1.22733647717931e-08,2.10156472332757e-09
"GSE17721_4H_VS_24H_POLYIC_BMDC_DN","GSE17721_4H_VS_24H_POLYIC_BMDC_DN","103/6767","200/21355",4.2012395503212e-09,1.22733647717931e-08,2.10156472332757e-09
"GSE17721_CTRL_VS_GARDIQUIMOD_24H_BMDC_UP","GSE17721_CTRL_VS_GARDIQUIMOD_24H_BMDC_UP","103/6767","200/21355",4.2012395503212e-09,1.22733647717931e-08,2.10156472332757e-09
"GSE17721_CTRL_VS_GARDIQUIMOD_8H_BMDC_UP","GSE17721_CTRL_VS_GARDIQUIMOD_8H_BMDC_UP","103/6767","200/21355",4.2012395503212e-09,1.22733647717931e-08,2.10156472332757e-09
"GSE17721_LPS_VS_POLYIC_12H_BMDC_UP","GSE17721_LPS_VS_POLYIC_12H_BMDC_UP","103/6767","200/21355",4.2012395503212e-09,1.22733647717931e-08,2.10156472332757e-09
"GSE17721_PAM3CSK4_VS_CPG_4H_BMDC_DN","GSE17721_PAM3CSK4_VS_CPG_4H_BMDC_DN","103/6767","200/21355",4.2012395503212e-09,1.22733647717931e-08,2.10156472332757e-09
"GSE17721_PAM3CSK4_VS_GADIQUIMOD_24H_BMDC_DN","GSE17721_PAM3CSK4_VS_GADIQUIMOD_24H_BMDC_DN","103/6767","200/21355",4.2012395503212e-09,1.22733647717931e-08,2.10156472332757e-09
"GSE17721_POLYIC_VS_PAM3CSK4_8H_BMDC_DN","GSE17721_POLYIC_VS_PAM3CSK4_8H_BMDC_DN","103/6767","200/21355",4.2012395503212e-09,1.22733647717931e-08,2.10156472332757e-09
"GSE19888_CTRL_VS_T_CELL_MEMBRANES_ACT_MAST_CELL_UP","GSE19888_CTRL_VS_T_CELL_MEMBRANES_ACT_MAST_CELL_UP","103/6767","200/21355",4.2012395503212e-09,1.22733647717931e-08,2.10156472332757e-09
"GSE19923_E2A_KO_VS_E2A_AND_HEB_KO_DP_THYMOCYTE_UP","GSE19923_E2A_KO_VS_E2A_AND_HEB_KO_DP_THYMOCYTE_UP","103/6767","200/21355",4.2012395503212e-09,1.22733647717931e-08,2.10156472332757e-09
"GSE21033_CTRL_VS_POLYIC_STIM_DC_3H_UP","GSE21033_CTRL_VS_POLYIC_STIM_DC_3H_UP","103/6767","200/21355",4.2012395503212e-09,1.22733647717931e-08,2.10156472332757e-09
"GSE21380_NON_TFH_VS_TFH_CD4_TCELL_UP","GSE21380_NON_TFH_VS_TFH_CD4_TCELL_UP","103/6767","200/21355",4.2012395503212e-09,1.22733647717931e-08,2.10156472332757e-09
"GSE21670_STAT3_KO_VS_WT_CD4_TCELL_IL6_TREATED_UP","GSE21670_STAT3_KO_VS_WT_CD4_TCELL_IL6_TREATED_UP","103/6767","200/21355",4.2012395503212e-09,1.22733647717931e-08,2.10156472332757e-09
"GSE21670_TGFB_VS_TGFB_AND_IL6_TREATED_CD4_TCELL_DN","GSE21670_TGFB_VS_TGFB_AND_IL6_TREATED_CD4_TCELL_DN","103/6767","200/21355",4.2012395503212e-09,1.22733647717931e-08,2.10156472332757e-09
"GSE21670_TGFB_VS_TGFB_AND_IL6_TREATED_CD4_TCELL_UP","GSE21670_TGFB_VS_TGFB_AND_IL6_TREATED_CD4_TCELL_UP","103/6767","200/21355",4.2012395503212e-09,1.22733647717931e-08,2.10156472332757e-09
"GSE2197_CPG_DNA_VS_UNTREATED_IN_DC_UP","GSE2197_CPG_DNA_VS_UNTREATED_IN_DC_UP","103/6767","200/21355",4.2012395503212e-09,1.22733647717931e-08,2.10156472332757e-09
"GSE23568_CTRL_TRANSDUCED_VS_WT_CD8_TCELL_UP","GSE23568_CTRL_TRANSDUCED_VS_WT_CD8_TCELL_UP","103/6767","200/21355",4.2012395503212e-09,1.22733647717931e-08,2.10156472332757e-09
"GSE24142_DN2_VS_DN3_THYMOCYTE_UP","GSE24142_DN2_VS_DN3_THYMOCYTE_UP","103/6767","200/21355",4.2012395503212e-09,1.22733647717931e-08,2.10156472332757e-09
"GSE24726_WT_VS_E2_2_KO_PDC_DAY6_POST_DELETION_UP","GSE24726_WT_VS_E2_2_KO_PDC_DAY6_POST_DELETION_UP","103/6767","200/21355",4.2012395503212e-09,1.22733647717931e-08,2.10156472332757e-09
"GSE2585_AIRE_KO_VS_WT_CD80_HIGH_MTEC_DN","GSE2585_AIRE_KO_VS_WT_CD80_HIGH_MTEC_DN","103/6767","200/21355",4.2012395503212e-09,1.22733647717931e-08,2.10156472332757e-09
"GSE2585_AIRE_KO_VS_WT_CD80_HIGH_MTEC_UP","GSE2585_AIRE_KO_VS_WT_CD80_HIGH_MTEC_UP","103/6767","200/21355",4.2012395503212e-09,1.22733647717931e-08,2.10156472332757e-09
"GSE26669_CTRL_VS_COSTIM_BLOCK_MLR_CD4_TCELL_UP","GSE26669_CTRL_VS_COSTIM_BLOCK_MLR_CD4_TCELL_UP","103/6767","200/21355",4.2012395503212e-09,1.22733647717931e-08,2.10156472332757e-09
"GSE2770_IL12_VS_IL4_TREATED_ACT_CD4_TCELL_6H_DN","GSE2770_IL12_VS_IL4_TREATED_ACT_CD4_TCELL_6H_DN","103/6767","200/21355",4.2012395503212e-09,1.22733647717931e-08,2.10156472332757e-09
"GSE2770_UNTREATED_VS_TGFB_AND_IL4_TREATED_ACT_CD4_TCELL_2H_UP","GSE2770_UNTREATED_VS_TGFB_AND_IL4_TREATED_ACT_CD4_TCELL_2H_UP","103/6767","200/21355",4.2012395503212e-09,1.22733647717931e-08,2.10156472332757e-09
"GSE27786_LIN_NEG_VS_BCELL_UP","GSE27786_LIN_NEG_VS_BCELL_UP","103/6767","200/21355",4.2012395503212e-09,1.22733647717931e-08,2.10156472332757e-09
"GSE27786_LSK_VS_NKCELL_UP","GSE27786_LSK_VS_NKCELL_UP","103/6767","200/21355",4.2012395503212e-09,1.22733647717931e-08,2.10156472332757e-09
"GSE27786_NKTCELL_VS_MONO_MAC_DN","GSE27786_NKTCELL_VS_MONO_MAC_DN","103/6767","200/21355",4.2012395503212e-09,1.22733647717931e-08,2.10156472332757e-09
"GSE2826_XID_VS_BTK_KO_BCELL_DN","GSE2826_XID_VS_BTK_KO_BCELL_DN","103/6767","200/21355",4.2012395503212e-09,1.22733647717931e-08,2.10156472332757e-09
"GSE29618_MONOCYTE_VS_MDC_DN","GSE29618_MONOCYTE_VS_MDC_DN","103/6767","200/21355",4.2012395503212e-09,1.22733647717931e-08,2.10156472332757e-09
"GSE3039_ALPHAALPHA_CD8_TCELL_VS_B1_BCELL_DN","GSE3039_ALPHAALPHA_CD8_TCELL_VS_B1_BCELL_DN","103/6767","200/21355",4.2012395503212e-09,1.22733647717931e-08,2.10156472332757e-09
"GSE32423_MEMORY_VS_NAIVE_CD8_TCELL_DN","GSE32423_MEMORY_VS_NAIVE_CD8_TCELL_DN","103/6767","200/21355",4.2012395503212e-09,1.22733647717931e-08,2.10156472332757e-09
"GSE33425_CD161_HIGH_VS_INT_CD8_TCELL_UP","GSE33425_CD161_HIGH_VS_INT_CD8_TCELL_UP","103/6767","200/21355",4.2012395503212e-09,1.22733647717931e-08,2.10156472332757e-09
"GSE33425_CD161_HIGH_VS_NEG_CD8_TCELL_DN","GSE33425_CD161_HIGH_VS_NEG_CD8_TCELL_DN","103/6767","200/21355",4.2012395503212e-09,1.22733647717931e-08,2.10156472332757e-09
"GSE339_CD8POS_VS_CD4CD8DN_DC_UP","GSE339_CD8POS_VS_CD4CD8DN_DC_UP","103/6767","200/21355",4.2012395503212e-09,1.22733647717931e-08,2.10156472332757e-09
"GSE34515_CD16_NEG_MONOCYTE_VS_DC_DN","GSE34515_CD16_NEG_MONOCYTE_VS_DC_DN","103/6767","200/21355",4.2012395503212e-09,1.22733647717931e-08,2.10156472332757e-09
"GSE360_HIGH_DOSE_B_MALAYI_VS_M_TUBERCULOSIS_DC_DN","GSE360_HIGH_DOSE_B_MALAYI_VS_M_TUBERCULOSIS_DC_DN","103/6767","200/21355",4.2012395503212e-09,1.22733647717931e-08,2.10156472332757e-09
"GSE360_L_DONOVANI_VS_B_MALAYI_HIGH_DOSE_MAC_DN","GSE360_L_DONOVANI_VS_B_MALAYI_HIGH_DOSE_MAC_DN","103/6767","200/21355",4.2012395503212e-09,1.22733647717931e-08,2.10156472332757e-09
"GSE36009_UNSTIM_VS_LPS_STIM_DC_UP","GSE36009_UNSTIM_VS_LPS_STIM_DC_UP","103/6767","200/21355",4.2012395503212e-09,1.22733647717931e-08,2.10156472332757e-09
"GSE36392_TYPE_2_MYELOID_VS_MAC_IL25_TREATED_LUNG_DN","GSE36392_TYPE_2_MYELOID_VS_MAC_IL25_TREATED_LUNG_DN","103/6767","200/21355",4.2012395503212e-09,1.22733647717931e-08,2.10156472332757e-09
"GSE3691_CONVENTIONAL_VS_PLASMACYTOID_DC_SPLEEN_UP","GSE3691_CONVENTIONAL_VS_PLASMACYTOID_DC_SPLEEN_UP","103/6767","200/21355",4.2012395503212e-09,1.22733647717931e-08,2.10156472332757e-09
"GSE3720_VD1_VS_VD2_GAMMADELTA_TCELL_WITH_LPS_STIM_DN","GSE3720_VD1_VS_VD2_GAMMADELTA_TCELL_WITH_LPS_STIM_DN","103/6767","200/21355",4.2012395503212e-09,1.22733647717931e-08,2.10156472332757e-09
"GSE3982_MAC_VS_NEUTROPHIL_LPS_STIM_UP","GSE3982_MAC_VS_NEUTROPHIL_LPS_STIM_UP","103/6767","200/21355",4.2012395503212e-09,1.22733647717931e-08,2.10156472332757e-09
"GSE40068_CXCR5POS_BCL6POS_TFH_VS_CXCR5NEG_BCL6NEG_CD4_TCELL_DN","GSE40068_CXCR5POS_BCL6POS_TFH_VS_CXCR5NEG_BCL6NEG_CD4_TCELL_DN","103/6767","200/21355",4.2012395503212e-09,1.22733647717931e-08,2.10156472332757e-09
"GSE40273_XBP1_KO_VS_WT_TREG_UP","GSE40273_XBP1_KO_VS_WT_TREG_UP","103/6767","200/21355",4.2012395503212e-09,1.22733647717931e-08,2.10156472332757e-09
"GSE40274_FOXP3_VS_FOXP3_AND_LEF1_TRANSDUCED_ACTIVATED_CD4_TCELL_UP","GSE40274_FOXP3_VS_FOXP3_AND_LEF1_TRANSDUCED_ACTIVATED_CD4_TCELL_UP","103/6767","200/21355",4.2012395503212e-09,1.22733647717931e-08,2.10156472332757e-09
"GSE41867_LCMV_ARMSTRONG_VS_CLONE13_DAY6_EFFECTOR_CD8_TCELL_DN","GSE41867_LCMV_ARMSTRONG_VS_CLONE13_DAY6_EFFECTOR_CD8_TCELL_DN","103/6767","200/21355",4.2012395503212e-09,1.22733647717931e-08,2.10156472332757e-09
"GSE41867_NAIVE_VS_DAY30_LCMV_CLONE13_EXHAUSTED_CD8_TCELL_DN","GSE41867_NAIVE_VS_DAY30_LCMV_CLONE13_EXHAUSTED_CD8_TCELL_DN","103/6767","200/21355",4.2012395503212e-09,1.22733647717931e-08,2.10156472332757e-09
"GSE42021_TCONV_PLN_VS_CD24HI_TCONV_THYMUS_UP","GSE42021_TCONV_PLN_VS_CD24HI_TCONV_THYMUS_UP","103/6767","200/21355",4.2012395503212e-09,1.22733647717931e-08,2.10156472332757e-09
"GSE43863_LY6C_INT_CXCR5POS_VS_LY6C_LOW_CXCR5NEG_EFFECTOR_CD4_TCELL_DN","GSE43863_LY6C_INT_CXCR5POS_VS_LY6C_LOW_CXCR5NEG_EFFECTOR_CD4_TCELL_DN","103/6767","200/21355",4.2012395503212e-09,1.22733647717931e-08,2.10156472332757e-09
"GSE43955_TH0_VS_TGFB_IL6_IL23_TH17_ACT_CD4_TCELL_52H_DN","GSE43955_TH0_VS_TGFB_IL6_IL23_TH17_ACT_CD4_TCELL_52H_DN","103/6767","200/21355",4.2012395503212e-09,1.22733647717931e-08,2.10156472332757e-09
"GSE43956_WT_VS_SGK1_KO_TH17_DIFFERENTIATED_CD4_TCELL_DN","GSE43956_WT_VS_SGK1_KO_TH17_DIFFERENTIATED_CD4_TCELL_DN","103/6767","200/21355",4.2012395503212e-09,1.22733647717931e-08,2.10156472332757e-09
"GSE5142_CTRL_VS_HTERT_TRANSDUCED_CD8_TCELL_EARLY_PASSAGE_CLONE_UP","GSE5142_CTRL_VS_HTERT_TRANSDUCED_CD8_TCELL_EARLY_PASSAGE_CLONE_UP","103/6767","200/21355",4.2012395503212e-09,1.22733647717931e-08,2.10156472332757e-09
"GSE5542_UNTREATED_VS_IFNG_TREATED_EPITHELIAL_CELLS_6H_DN","GSE5542_UNTREATED_VS_IFNG_TREATED_EPITHELIAL_CELLS_6H_DN","103/6767","200/21355",4.2012395503212e-09,1.22733647717931e-08,2.10156472332757e-09
"GSE5589_IL6_KO_VS_IL10_KO_LPS_AND_IL10_STIM_MACROPHAGE_180MIN_UP","GSE5589_IL6_KO_VS_IL10_KO_LPS_AND_IL10_STIM_MACROPHAGE_180MIN_UP","103/6767","200/21355",4.2012395503212e-09,1.22733647717931e-08,2.10156472332757e-09
"GSE8384_CTRL_VS_B_ABORTUS_4H_MAC_CELL_LINE_DN","GSE8384_CTRL_VS_B_ABORTUS_4H_MAC_CELL_LINE_DN","103/6767","200/21355",4.2012395503212e-09,1.22733647717931e-08,2.10156472332757e-09
"GSE8685_IL2_STARVED_VS_IL21_ACT_IL2_STARVED_CD4_TCELL_DN","GSE8685_IL2_STARVED_VS_IL21_ACT_IL2_STARVED_CD4_TCELL_DN","103/6767","200/21355",4.2012395503212e-09,1.22733647717931e-08,2.10156472332757e-09
"GSE9239_CTRL_VS_TNF_INHIBITOR_TREATED_DC_UP","GSE9239_CTRL_VS_TNF_INHIBITOR_TREATED_DC_UP","103/6767","200/21355",4.2012395503212e-09,1.22733647717931e-08,2.10156472332757e-09
"GSE7768_OVA_ALONE_VS_OVA_WITH_MPL_IMMUNIZED_MOUSE_WHOLE_SPLEEN_6H_DN","GSE7768_OVA_ALONE_VS_OVA_WITH_MPL_IMMUNIZED_MOUSE_WHOLE_SPLEEN_6H_DN","88/6767","164/21355",4.23787718747656e-09,1.23733464351893e-08,2.11868455482284e-09
"GSE37532_TREG_VS_TCONV_CD4_TCELL_FROM_VISCERAL_ADIPOSE_TISSUE_DN","GSE37532_TREG_VS_TCONV_CD4_TCELL_FROM_VISCERAL_ADIPOSE_TISSUE_DN","90/6767","169/21355",4.66962119232121e-09,1.36106582450431e-08,2.33054910050321e-09
"GSE37532_VISCERAL_ADIPOSE_TISSUE_VS_LN_DERIVED_TREG_CD4_TCELL_UP","GSE37532_VISCERAL_ADIPOSE_TISSUE_VS_LN_DERIVED_TREG_CD4_TCELL_UP","90/6767","169/21355",4.66962119232121e-09,1.36106582450431e-08,2.33054910050321e-09
"GSE7219_WT_VS_NIK_NFKB2_KO_DC_DN","GSE7219_WT_VS_NIK_NFKB2_KO_DC_DN","90/6767","169/21355",4.66962119232121e-09,1.36106582450431e-08,2.33054910050321e-09
"GSE3565_CTRL_VS_LPS_INJECTED_DUSP1_KO_SPLENOCYTES_UP","GSE3565_CTRL_VS_LPS_INJECTED_DUSP1_KO_SPLENOCYTES_UP","95/6767","181/21355",4.73925773045021e-09,1.37979411607145e-08,2.362617500341e-09
"GSE36095_WT_VS_HDAC9_KO_TREG_UP","GSE36095_WT_VS_HDAC9_KO_TREG_UP","95/6767","181/21355",4.73925773045021e-09,1.37979411607145e-08,2.362617500341e-09
"THAKAR_PBMC_INACTIVATED_INFLUENZA_AGE_21_30YO_NONRESPONDER_7DY_UP","THAKAR_PBMC_INACTIVATED_INFLUENZA_AGE_21_30YO_NONRESPONDER_7DY_UP","72/6767","127/21355",4.85015570214637e-09,1.41127969834872e-08,2.4165301724058e-09
"GSE20727_CTRL_VS_ROS_INHIBITOR_TREATED_DC_UP","GSE20727_CTRL_VS_ROS_INHIBITOR_TREATED_DC_UP","102/6767","198/21355",4.88458465806507e-09,1.41567357500846e-08,2.4240537947852e-09
"GSE22886_UNSTIM_VS_STIM_MEMORY_TCELL_UP","GSE22886_UNSTIM_VS_STIM_MEMORY_TCELL_UP","102/6767","198/21355",4.88458465806507e-09,1.41567357500846e-08,2.4240537947852e-09
"GSE23321_CD8_STEM_CELL_MEMORY_VS_NAIVE_CD8_TCELL_UP","GSE23321_CD8_STEM_CELL_MEMORY_VS_NAIVE_CD8_TCELL_UP","102/6767","198/21355",4.88458465806507e-09,1.41567357500846e-08,2.4240537947852e-09
"GSE2770_IL12_AND_TGFB_VS_IL4_TREATED_ACT_CD4_TCELL_2H_UP","GSE2770_IL12_AND_TGFB_VS_IL4_TREATED_ACT_CD4_TCELL_2H_UP","102/6767","198/21355",4.88458465806507e-09,1.41567357500846e-08,2.4240537947852e-09
"GSE2770_UNTREATED_VS_ACT_CD4_TCELL_2H_UP","GSE2770_UNTREATED_VS_ACT_CD4_TCELL_2H_UP","102/6767","198/21355",4.88458465806507e-09,1.41567357500846e-08,2.4240537947852e-09
"GSE30971_WBP7_HET_VS_KO_MACROPHAGE_2H_LPS_STIM_DN","GSE30971_WBP7_HET_VS_KO_MACROPHAGE_2H_LPS_STIM_DN","102/6767","198/21355",4.88458465806507e-09,1.41567357500846e-08,2.4240537947852e-09
"GSE36888_STAT5_AB_KNOCKIN_VS_WT_TCELL_IL2_TREATED_2H_UP","GSE36888_STAT5_AB_KNOCKIN_VS_WT_TCELL_IL2_TREATED_2H_UP","102/6767","198/21355",4.88458465806507e-09,1.41567357500846e-08,2.4240537947852e-09
"GSE6269_HEALTHY_VS_FLU_INF_PBMC_DN","GSE6269_HEALTHY_VS_FLU_INF_PBMC_DN","87/6767","162/21355",4.90566006543607e-09,1.42097848336106e-08,2.43313737411459e-09
"GSE13485_DAY1_VS_DAY21_YF17D_VACCINE_PBMC_UP","GSE13485_DAY1_VS_DAY21_YF17D_VACCINE_PBMC_UP","99/6767","191/21355",5.38680730113803e-09,1.55858696574124e-08,2.66876398309916e-09
"GSE17974_0H_VS_48H_IN_VITRO_ACT_CD4_TCELL_UP","GSE17974_0H_VS_48H_IN_VITRO_ACT_CD4_TCELL_UP","99/6767","191/21355",5.38680730113803e-09,1.55858696574124e-08,2.66876398309916e-09
"GSE30971_CTRL_VS_LPS_STIM_MACROPHAGE_WBP7_KO_4H_UP","GSE30971_CTRL_VS_LPS_STIM_MACROPHAGE_WBP7_KO_4H_UP","101/6767","196/21355",5.67902867447611e-09,1.64220981466661e-08,2.81195114703777e-09
"GSE14415_INDUCED_TREG_VS_FOXP3_KO_INDUCED_TREG_UP","GSE14415_INDUCED_TREG_VS_FOXP3_KO_INDUCED_TREG_UP","91/6767","172/21355",5.90703492545413e-09,1.70621791903117e-08,2.92155204022461e-09
"GSE6259_DEC205_POS_DC_VS_BCELL_DN","GSE6259_DEC205_POS_DC_VS_BCELL_DN","91/6767","172/21355",5.90703492545413e-09,1.70621791903117e-08,2.92155204022461e-09
"GSE21360_TERTIARY_VS_QUATERNARY_MEMORY_CD8_TCELL_DN","GSE21360_TERTIARY_VS_QUATERNARY_MEMORY_CD8_TCELL_DN","93/6767","177/21355",6.3864197401654e-09,1.84364718512545e-08,3.15687177767777e-09
"GSE10239_NAIVE_VS_KLRG1INT_EFF_CD8_TCELL_UP","GSE10239_NAIVE_VS_KLRG1INT_EFF_CD8_TCELL_UP","102/6767","199/21355",6.91628030869703e-09,1.97437467386913e-08,3.38071608102996e-09
"GSE1460_CORD_VS_ADULT_BLOOD_NAIVE_CD4_TCELL_DN","GSE1460_CORD_VS_ADULT_BLOOD_NAIVE_CD4_TCELL_DN","102/6767","199/21355",6.91628030869703e-09,1.97437467386913e-08,3.38071608102996e-09
"GSE15330_MEGAKARYOCYTE_ERYTHROID_VS_GRANULOCYTE_MONOCYTE_PROGENITOR_IKAROS_KO_DN","GSE15330_MEGAKARYOCYTE_ERYTHROID_VS_GRANULOCYTE_MONOCYTE_PROGENITOR_IKAROS_KO_DN","102/6767","199/21355",6.91628030869703e-09,1.97437467386913e-08,3.38071608102996e-09
"GSE17721_CTRL_VS_GARDIQUIMOD_24H_BMDC_DN","GSE17721_CTRL_VS_GARDIQUIMOD_24H_BMDC_DN","102/6767","199/21355",6.91628030869703e-09,1.97437467386913e-08,3.38071608102996e-09
"GSE17721_POLYIC_VS_GARDIQUIMOD_1H_BMDC_DN","GSE17721_POLYIC_VS_GARDIQUIMOD_1H_BMDC_DN","102/6767","199/21355",6.91628030869703e-09,1.97437467386913e-08,3.38071608102996e-09
"GSE17812_WT_VS_THPOK_KO_MEMORY_CD8_TCELL_UP","GSE17812_WT_VS_THPOK_KO_MEMORY_CD8_TCELL_UP","102/6767","199/21355",6.91628030869703e-09,1.97437467386913e-08,3.38071608102996e-09
"GSE17974_CTRL_VS_ACT_IL4_AND_ANTI_IL12_48H_CD4_TCELL_DN","GSE17974_CTRL_VS_ACT_IL4_AND_ANTI_IL12_48H_CD4_TCELL_DN","102/6767","199/21355",6.91628030869703e-09,1.97437467386913e-08,3.38071608102996e-09
"GSE21927_SPLEEN_C57BL6_VS_EL4_TUMOR_BALBC_MONOCYTES_UP","GSE21927_SPLEEN_C57BL6_VS_EL4_TUMOR_BALBC_MONOCYTES_UP","102/6767","199/21355",6.91628030869703e-09,1.97437467386913e-08,3.38071608102996e-09
"GSE22886_NAIVE_TCELL_VS_DC_UP","GSE22886_NAIVE_TCELL_VS_DC_UP","102/6767","199/21355",6.91628030869703e-09,1.97437467386913e-08,3.38071608102996e-09
"GSE22886_NAIVE_VS_MEMORY_TCELL_DN","GSE22886_NAIVE_VS_MEMORY_TCELL_DN","102/6767","199/21355",6.91628030869703e-09,1.97437467386913e-08,3.38071608102996e-09
"GSE2405_HEAT_KILLED_LYSATE_VS_LIVE_A_PHAGOCYTOPHILUM_STIM_NEUTROPHIL_9H_UP","GSE2405_HEAT_KILLED_LYSATE_VS_LIVE_A_PHAGOCYTOPHILUM_STIM_NEUTROPHIL_9H_UP","102/6767","199/21355",6.91628030869703e-09,1.97437467386913e-08,3.38071608102996e-09
"GSE24142_EARLY_THYMIC_PROGENITOR_VS_DN3_THYMOCYTE_FETAL_DN","GSE24142_EARLY_THYMIC_PROGENITOR_VS_DN3_THYMOCYTE_FETAL_DN","102/6767","199/21355",6.91628030869703e-09,1.97437467386913e-08,3.38071608102996e-09
"GSE25123_ROSIGLITAZONE_VS_IL4_AND_ROSIGLITAZONE_STIM_MACROPHAGE_DAY10_UP","GSE25123_ROSIGLITAZONE_VS_IL4_AND_ROSIGLITAZONE_STIM_MACROPHAGE_DAY10_UP","102/6767","199/21355",6.91628030869703e-09,1.97437467386913e-08,3.38071608102996e-09
"GSE26495_NAIVE_VS_PD1LOW_CD8_TCELL_DN","GSE26495_NAIVE_VS_PD1LOW_CD8_TCELL_DN","102/6767","199/21355",6.91628030869703e-09,1.97437467386913e-08,3.38071608102996e-09
"GSE2770_TGFB_AND_IL4_VS_IL12_TREATED_ACT_CD4_TCELL_6H_DN","GSE2770_TGFB_AND_IL4_VS_IL12_TREATED_ACT_CD4_TCELL_6H_DN","102/6767","199/21355",6.91628030869703e-09,1.97437467386913e-08,3.38071608102996e-09
"GSE29949_DC_BRAIN_VS_MONOCYTE_BONE_MARROW_UP","GSE29949_DC_BRAIN_VS_MONOCYTE_BONE_MARROW_UP","102/6767","199/21355",6.91628030869703e-09,1.97437467386913e-08,3.38071608102996e-09
"GSE42088_UNINF_VS_LEISHMANIA_INF_DC_24H_DN","GSE42088_UNINF_VS_LEISHMANIA_INF_DC_24H_DN","102/6767","199/21355",6.91628030869703e-09,1.97437467386913e-08,3.38071608102996e-09
"GSE46242_TH1_VS_ANERGIC_TH1_CD4_TCELL_WITH_EGR2_DELETED_UP","GSE46242_TH1_VS_ANERGIC_TH1_CD4_TCELL_WITH_EGR2_DELETED_UP","102/6767","199/21355",6.91628030869703e-09,1.97437467386913e-08,3.38071608102996e-09
"GSE557_WT_VS_I_AB_KO_DC_DN","GSE557_WT_VS_I_AB_KO_DC_DN","102/6767","199/21355",6.91628030869703e-09,1.97437467386913e-08,3.38071608102996e-09
"GSE5960_TH1_VS_ANERGIC_TH1_UP","GSE5960_TH1_VS_ANERGIC_TH1_UP","102/6767","199/21355",6.91628030869703e-09,1.97437467386913e-08,3.38071608102996e-09
"GSE27241_WT_VS_RORGT_KO_TH17_POLARIZED_CD4_TCELL_UP","GSE27241_WT_VS_RORGT_KO_TH17_POLARIZED_CD4_TCELL_UP","87/6767","163/21355",7.26539028827254e-09,2.07172725294624e-08,3.54741262245729e-09
"GSE3565_DUSP1_VS_WT_SPLENOCYTES_UP","GSE3565_DUSP1_VS_WT_SPLENOCYTES_UP","87/6767","163/21355",7.26539028827254e-09,2.07172725294624e-08,3.54741262245729e-09
"GSE5099_DAY3_VS_DAY7_MCSF_TREATED_MACROPHAGE_UP","GSE5099_DAY3_VS_DAY7_MCSF_TREATED_MACROPHAGE_UP","99/6767","192/21355",7.67636956643228e-09,2.18770132112831e-08,3.74599468617333e-09
"GSE34156_UNTREATED_VS_6H_NOD2_LIGAND_TREATED_MONOCYTE_UP","GSE34156_UNTREATED_VS_6H_NOD2_LIGAND_TREATED_MONOCYTE_UP","89/6767","168/21355",7.94604752359328e-09,2.26305223152439e-08,3.87501783353626e-09
"GSE40274_IRF4_VS_FOXP3_AND_IRF4_TRANSDUCED_ACTIVATED_CD4_TCELL_UP","GSE40274_IRF4_VS_FOXP3_AND_IRF4_TRANSDUCED_ACTIVATED_CD4_TCELL_UP","94/6767","180/21355",7.94959443919528e-09,2.26305223152439e-08,3.87501783353626e-09
"GSE12845_NAIVE_VS_DARKZONE_GC_TONSIL_BCELL_UP","GSE12845_NAIVE_VS_DARKZONE_GC_TONSIL_BCELL_UP","101/6767","197/21355",8.04361626834771e-09,2.28854720354155e-08,3.9186728008657e-09
"HOWARD_NEUTROPHIL_INACT_MONOV_INFLUENZA_A_INDONESIA_05_2005_H5N1_AGE_18_49YO_1DY_DN","HOWARD_NEUTROPHIL_INACT_MONOV_INFLUENZA_A_INDONESIA_05_2005_H5N1_AGE_18_49YO_1DY_DN","64/6767","110/21355",8.52283094332706e-09,2.42354710185457e-08,4.1498327388474e-09
"GSE15330_LYMPHOID_MULTIPOTENT_VS_MEGAKARYOCYTE_ERYTHROID_PROGENITOR_IKAROS_KO_DN","GSE15330_LYMPHOID_MULTIPOTENT_VS_MEGAKARYOCYTE_ERYTHROID_PROGENITOR_IKAROS_KO_DN","93/6767","178/21355",9.2333323339851e-09,2.62267561641782e-08,4.4907999221715e-09
"GSE3565_CTRL_VS_LPS_INJECTED_SPLENOCYTES_UP","GSE3565_CTRL_VS_LPS_INJECTED_SPLENOCYTES_UP","93/6767","178/21355",9.2333323339851e-09,2.62267561641782e-08,4.4907999221715e-09
"GSE11864_CSF1_PAM3CYS_VS_CSF1_IFNG_PAM3CYS_IN_MAC_UP","GSE11864_CSF1_PAM3CYS_VS_CSF1_IFNG_PAM3CYS_IN_MAC_UP","100/6767","195/21355",9.35468799427391e-09,2.65273702138509e-08,4.54227397952052e-09
"GSE17974_CTRL_VS_ACT_IL4_AND_ANTI_IL12_24H_CD4_TCELL_UP","GSE17974_CTRL_VS_ACT_IL4_AND_ANTI_IL12_24H_CD4_TCELL_UP","100/6767","195/21355",9.35468799427391e-09,2.65273702138509e-08,4.54227397952052e-09
"GSE20500_CTRL_VS_RARA_ANTAGONIST_TREATED_CD4_TCELL_UP","GSE20500_CTRL_VS_RARA_ANTAGONIST_TREATED_CD4_TCELL_UP","100/6767","195/21355",9.35468799427391e-09,2.65273702138509e-08,4.54227397952052e-09
"GSE10273_LOW_IL7_VS_HIGH_IL7_AND_IRF4_IN_IRF4_8_NULL_PRE_BCELL_DN","GSE10273_LOW_IL7_VS_HIGH_IL7_AND_IRF4_IN_IRF4_8_NULL_PRE_BCELL_DN","102/6767","200/21355",9.74213905721026e-09,2.65680568863388e-08,4.54924074676e-09
"GSE10325_BCELL_VS_LUPUS_BCELL_DN","GSE10325_BCELL_VS_LUPUS_BCELL_DN","102/6767","200/21355",9.74213905721026e-09,2.65680568863388e-08,4.54924074676e-09
"GSE11924_TFH_VS_TH17_CD4_TCELL_DN","GSE11924_TFH_VS_TH17_CD4_TCELL_DN","102/6767","200/21355",9.74213905721026e-09,2.65680568863388e-08,4.54924074676e-09
"GSE13306_RA_VS_UNTREATED_MEM_CD4_TCELL_UP","GSE13306_RA_VS_UNTREATED_MEM_CD4_TCELL_UP","102/6767","200/21355",9.74213905721026e-09,2.65680568863388e-08,4.54924074676e-09
"GSE13484_12H_VS_3H_YF17D_VACCINE_STIM_PBMC_DN","GSE13484_12H_VS_3H_YF17D_VACCINE_STIM_PBMC_DN","102/6767","200/21355",9.74213905721026e-09,2.65680568863388e-08,4.54924074676e-09
"GSE1432_1H_VS_24H_IFNG_MICROGLIA_DN","GSE1432_1H_VS_24H_IFNG_MICROGLIA_DN","102/6767","200/21355",9.74213905721026e-09,2.65680568863388e-08,4.54924074676e-09
"GSE1432_CTRL_VS_IFNG_6H_MICROGLIA_UP","GSE1432_CTRL_VS_IFNG_6H_MICROGLIA_UP","102/6767","200/21355",9.74213905721026e-09,2.65680568863388e-08,4.54924074676e-09
"GSE15930_NAIVE_VS_72H_IN_VITRO_STIM_IFNAB_CD8_TCELL_UP","GSE15930_NAIVE_VS_72H_IN_VITRO_STIM_IFNAB_CD8_TCELL_UP","102/6767","200/21355",9.74213905721026e-09,2.65680568863388e-08,4.54924074676e-09
"GSE17721_0.5H_VS_12H_POLYIC_BMDC_UP","GSE17721_0.5H_VS_12H_POLYIC_BMDC_UP","102/6767","200/21355",9.74213905721026e-09,2.65680568863388e-08,4.54924074676e-09
"GSE17721_0.5H_VS_4H_GARDIQUIMOD_BMDC_DN","GSE17721_0.5H_VS_4H_GARDIQUIMOD_BMDC_DN","102/6767","200/21355",9.74213905721026e-09,2.65680568863388e-08,4.54924074676e-09
"GSE17721_0.5H_VS_4H_POLYIC_BMDC_DN","GSE17721_0.5H_VS_4H_POLYIC_BMDC_DN","102/6767","200/21355",9.74213905721026e-09,2.65680568863388e-08,4.54924074676e-09
"GSE17721_0.5H_VS_8H_PAM3CSK4_BMDC_UP","GSE17721_0.5H_VS_8H_PAM3CSK4_BMDC_UP","102/6767","200/21355",9.74213905721026e-09,2.65680568863388e-08,4.54924074676e-09
"GSE17721_12H_VS_24H_GARDIQUIMOD_BMDC_DN","GSE17721_12H_VS_24H_GARDIQUIMOD_BMDC_DN","102/6767","200/21355",9.74213905721026e-09,2.65680568863388e-08,4.54924074676e-09
"GSE17721_ALL_VS_24H_PAM3CSK4_BMDC_DN","GSE17721_ALL_VS_24H_PAM3CSK4_BMDC_DN","102/6767","200/21355",9.74213905721026e-09,2.65680568863388e-08,4.54924074676e-09
"GSE17721_CPG_VS_GARDIQUIMOD_0.5H_BMDC_DN","GSE17721_CPG_VS_GARDIQUIMOD_0.5H_BMDC_DN","102/6767","200/21355",9.74213905721026e-09,2.65680568863388e-08,4.54924074676e-09
"GSE17721_CPG_VS_GARDIQUIMOD_8H_BMDC_DN","GSE17721_CPG_VS_GARDIQUIMOD_8H_BMDC_DN","102/6767","200/21355",9.74213905721026e-09,2.65680568863388e-08,4.54924074676e-09
"GSE17721_PAM3CSK4_VS_CPG_12H_BMDC_DN","GSE17721_PAM3CSK4_VS_CPG_12H_BMDC_DN","102/6767","200/21355",9.74213905721026e-09,2.65680568863388e-08,4.54924074676e-09
"GSE17721_PAM3CSK4_VS_GADIQUIMOD_6H_BMDC_DN","GSE17721_PAM3CSK4_VS_GADIQUIMOD_6H_BMDC_DN","102/6767","200/21355",9.74213905721026e-09,2.65680568863388e-08,4.54924074676e-09
"GSE17721_PAM3CSK4_VS_GADIQUIMOD_6H_BMDC_UP","GSE17721_PAM3CSK4_VS_GADIQUIMOD_6H_BMDC_UP","102/6767","200/21355",9.74213905721026e-09,2.65680568863388e-08,4.54924074676e-09
"GSE17721_POLYIC_VS_PAM3CSK4_0.5H_BMDC_DN","GSE17721_POLYIC_VS_PAM3CSK4_0.5H_BMDC_DN","102/6767","200/21355",9.74213905721026e-09,2.65680568863388e-08,4.54924074676e-09
"GSE18893_CTRL_VS_TNF_TREATED_TREG_2H_UP","GSE18893_CTRL_VS_TNF_TREATED_TREG_2H_UP","102/6767","200/21355",9.74213905721026e-09,2.65680568863388e-08,4.54924074676e-09
"GSE19401_PAM2CSK4_VS_RETINOIC_ACID_STIM_FOLLICULAR_DC_UP","GSE19401_PAM2CSK4_VS_RETINOIC_ACID_STIM_FOLLICULAR_DC_UP","102/6767","200/21355",9.74213905721026e-09,2.65680568863388e-08,4.54924074676e-09
"GSE19825_CD24LOW_VS_IL2RA_HIGH_DAY3_EFF_CD8_TCELL_UP","GSE19825_CD24LOW_VS_IL2RA_HIGH_DAY3_EFF_CD8_TCELL_UP","102/6767","200/21355",9.74213905721026e-09,2.65680568863388e-08,4.54924074676e-09
"GSE19923_E2A_KO_VS_E2A_AND_HEB_KO_DP_THYMOCYTE_DN","GSE19923_E2A_KO_VS_E2A_AND_HEB_KO_DP_THYMOCYTE_DN","102/6767","200/21355",9.74213905721026e-09,2.65680568863388e-08,4.54924074676e-09
"GSE20715_0H_VS_6H_OZONE_LUNG_UP","GSE20715_0H_VS_6H_OZONE_LUNG_UP","102/6767","200/21355",9.74213905721026e-09,2.65680568863388e-08,4.54924074676e-09
"GSE20754_WT_VS_TCF1_KO_MEMORY_CD8_TCELL_UP","GSE20754_WT_VS_TCF1_KO_MEMORY_CD8_TCELL_UP","102/6767","200/21355",9.74213905721026e-09,2.65680568863388e-08,4.54924074676e-09
"GSE21033_CTRL_VS_POLYIC_STIM_DC_12H_DN","GSE21033_CTRL_VS_POLYIC_STIM_DC_12H_DN","102/6767","200/21355",9.74213905721026e-09,2.65680568863388e-08,4.54924074676e-09
"GSE21380_NON_TFH_VS_TFH_CD4_TCELL_DN","GSE21380_NON_TFH_VS_TFH_CD4_TCELL_DN","102/6767","200/21355",9.74213905721026e-09,2.65680568863388e-08,4.54924074676e-09
"GSE23308_WT_VS_MINERALCORTICOID_REC_KO_MACROPHAGE_CORTICOSTERONE_TREATED_DN","GSE23308_WT_VS_MINERALCORTICOID_REC_KO_MACROPHAGE_CORTICOSTERONE_TREATED_DN","102/6767","200/21355",9.74213905721026e-09,2.65680568863388e-08,4.54924074676e-09
"GSE23502_BM_VS_COLON_TUMOR_HDC_KO_MYELOID_DERIVED_SUPPRESSOR_CELL_DN","GSE23502_BM_VS_COLON_TUMOR_HDC_KO_MYELOID_DERIVED_SUPPRESSOR_CELL_DN","102/6767","200/21355",9.74213905721026e-09,2.65680568863388e-08,4.54924074676e-09
"GSE23502_BM_VS_COLON_TUMOR_MYELOID_DERIVED_SUPPRESSOR_CELL_DN","GSE23502_BM_VS_COLON_TUMOR_MYELOID_DERIVED_SUPPRESSOR_CELL_DN","102/6767","200/21355",9.74213905721026e-09,2.65680568863388e-08,4.54924074676e-09
"GSE23505_IL6_IL1_IL23_VS_IL6_IL1_TGFB_TREATED_CD4_TCELL_UP","GSE23505_IL6_IL1_IL23_VS_IL6_IL1_TGFB_TREATED_CD4_TCELL_UP","102/6767","200/21355",9.74213905721026e-09,2.65680568863388e-08,4.54924074676e-09
"GSE23505_UNTREATED_VS_4DAY_IL6_IL1_TGFB_TREATED_CD4_TCELL_DN","GSE23505_UNTREATED_VS_4DAY_IL6_IL1_TGFB_TREATED_CD4_TCELL_DN","102/6767","200/21355",9.74213905721026e-09,2.65680568863388e-08,4.54924074676e-09
"GSE23568_ID3_KO_VS_WT_CD8_TCELL_DN","GSE23568_ID3_KO_VS_WT_CD8_TCELL_DN","102/6767","200/21355",9.74213905721026e-09,2.65680568863388e-08,4.54924074676e-09
"GSE24142_EARLY_THYMIC_PROGENITOR_VS_DN2_THYMOCYTE_ADULT_UP","GSE24142_EARLY_THYMIC_PROGENITOR_VS_DN2_THYMOCYTE_ADULT_UP","102/6767","200/21355",9.74213905721026e-09,2.65680568863388e-08,4.54924074676e-09
"GSE25123_WT_VS_PPARG_KO_MACROPHAGE_IL4_STIM_DN","GSE25123_WT_VS_PPARG_KO_MACROPHAGE_IL4_STIM_DN","102/6767","200/21355",9.74213905721026e-09,2.65680568863388e-08,4.54924074676e-09
"GSE2585_AIRE_KO_VS_WT_CD80_LOW_MTEC_DN","GSE2585_AIRE_KO_VS_WT_CD80_LOW_MTEC_DN","102/6767","200/21355",9.74213905721026e-09,2.65680568863388e-08,4.54924074676e-09
"GSE26343_WT_VS_NFAT5_KO_MACROPHAGE_DN","GSE26343_WT_VS_NFAT5_KO_MACROPHAGE_DN","102/6767","200/21355",9.74213905721026e-09,2.65680568863388e-08,4.54924074676e-09
"GSE26351_UNSTIM_VS_WNT_PATHWAY_STIM_HEMATOPOIETIC_PROGENITORS_UP","GSE26351_UNSTIM_VS_WNT_PATHWAY_STIM_HEMATOPOIETIC_PROGENITORS_UP","102/6767","200/21355",9.74213905721026e-09,2.65680568863388e-08,4.54924074676e-09
"GSE26669_CD4_VS_CD8_TCELL_IN_MLR_COSTIM_BLOCK_UP","GSE26669_CD4_VS_CD8_TCELL_IN_MLR_COSTIM_BLOCK_UP","102/6767","200/21355",9.74213905721026e-09,2.65680568863388e-08,4.54924074676e-09
"GSE26890_CXCR1_NEG_VS_POS_EFFECTOR_CD8_TCELL_DN","GSE26890_CXCR1_NEG_VS_POS_EFFECTOR_CD8_TCELL_DN","102/6767","200/21355",9.74213905721026e-09,2.65680568863388e-08,4.54924074676e-09
"GSE2770_IL12_VS_IL4_TREATED_ACT_CD4_TCELL_48H_UP","GSE2770_IL12_VS_IL4_TREATED_ACT_CD4_TCELL_48H_UP","102/6767","200/21355",9.74213905721026e-09,2.65680568863388e-08,4.54924074676e-09
"GSE27786_BCELL_VS_MONO_MAC_UP","GSE27786_BCELL_VS_MONO_MAC_UP","102/6767","200/21355",9.74213905721026e-09,2.65680568863388e-08,4.54924074676e-09
"GSE27786_CD8_TCELL_VS_NKTCELL_DN","GSE27786_CD8_TCELL_VS_NKTCELL_DN","102/6767","200/21355",9.74213905721026e-09,2.65680568863388e-08,4.54924074676e-09
"GSE27786_LSK_VS_ERYTHROBLAST_UP","GSE27786_LSK_VS_ERYTHROBLAST_UP","102/6767","200/21355",9.74213905721026e-09,2.65680568863388e-08,4.54924074676e-09
"GSE27786_NKCELL_VS_NEUTROPHIL_UP","GSE27786_NKCELL_VS_NEUTROPHIL_UP","102/6767","200/21355",9.74213905721026e-09,2.65680568863388e-08,4.54924074676e-09
"GSE27786_NKTCELL_VS_NEUTROPHIL_UP","GSE27786_NKTCELL_VS_NEUTROPHIL_UP","102/6767","200/21355",9.74213905721026e-09,2.65680568863388e-08,4.54924074676e-09
"GSE28737_WT_VS_BCL6_KO_FOLLICULAR_BCELL_DN","GSE28737_WT_VS_BCL6_KO_FOLLICULAR_BCELL_DN","102/6767","200/21355",9.74213905721026e-09,2.65680568863388e-08,4.54924074676e-09
"GSE29618_MONOCYTE_VS_MDC_DAY7_FLU_VACCINE_DN","GSE29618_MONOCYTE_VS_MDC_DAY7_FLU_VACCINE_DN","102/6767","200/21355",9.74213905721026e-09,2.65680568863388e-08,4.54924074676e-09
"GSE29618_PRE_VS_DAY7_POST_TIV_FLU_VACCINE_PDC_DN","GSE29618_PRE_VS_DAY7_POST_TIV_FLU_VACCINE_PDC_DN","102/6767","200/21355",9.74213905721026e-09,2.65680568863388e-08,4.54924074676e-09
"GSE32034_LY6C_HIGH_VS_LOW_MONOCYTE_DN","GSE32034_LY6C_HIGH_VS_LOW_MONOCYTE_DN","102/6767","200/21355",9.74213905721026e-09,2.65680568863388e-08,4.54924074676e-09
"GSE32986_GMCSF_VS_GMCSF_AND_CURDLAN_HIGHDOSE_STIM_DC_UP","GSE32986_GMCSF_VS_GMCSF_AND_CURDLAN_HIGHDOSE_STIM_DC_UP","102/6767","200/21355",9.74213905721026e-09,2.65680568863388e-08,4.54924074676e-09
"GSE360_CTRL_VS_M_TUBERCULOSIS_DC_DN","GSE360_CTRL_VS_M_TUBERCULOSIS_DC_DN","102/6767","200/21355",9.74213905721026e-09,2.65680568863388e-08,4.54924074676e-09
"GSE36078_WT_VS_IL1R_KO_LUNG_DC_AFTER_AD5_INF_UP","GSE36078_WT_VS_IL1R_KO_LUNG_DC_AFTER_AD5_INF_UP","102/6767","200/21355",9.74213905721026e-09,2.65680568863388e-08,4.54924074676e-09
"GSE37301_COMMON_LYMPHOID_PROGENITOR_VS_CD4_TCELL_UP","GSE37301_COMMON_LYMPHOID_PROGENITOR_VS_CD4_TCELL_UP","102/6767","200/21355",9.74213905721026e-09,2.65680568863388e-08,4.54924074676e-09
"GSE40655_FOXO1_KO_VS_WT_NTREG_DN","GSE40655_FOXO1_KO_VS_WT_NTREG_DN","102/6767","200/21355",9.74213905721026e-09,2.65680568863388e-08,4.54924074676e-09
"GSE40666_NAIVE_VS_EFFECTOR_CD8_TCELL_WITH_IFNA_STIM_90MIN_UP","GSE40666_NAIVE_VS_EFFECTOR_CD8_TCELL_WITH_IFNA_STIM_90MIN_UP","102/6767","200/21355",9.74213905721026e-09,2.65680568863388e-08,4.54924074676e-09
"GSE41867_DAY6_EFFECTOR_VS_DAY30_MEMORY_CD8_TCELL_LCMV_ARMSTRONG_DN","GSE41867_DAY6_EFFECTOR_VS_DAY30_MEMORY_CD8_TCELL_LCMV_ARMSTRONG_DN","102/6767","200/21355",9.74213905721026e-09,2.65680568863388e-08,4.54924074676e-09
"GSE42021_CD24HI_TREG_VS_CD24HI_TCONV_THYMUS_DN","GSE42021_CD24HI_TREG_VS_CD24HI_TCONV_THYMUS_DN","102/6767","200/21355",9.74213905721026e-09,2.65680568863388e-08,4.54924074676e-09
"GSE42021_CD24LO_TREG_VS_CD24LO_TCONV_THYMUS_UP","GSE42021_CD24LO_TREG_VS_CD24LO_TCONV_THYMUS_UP","102/6767","200/21355",9.74213905721026e-09,2.65680568863388e-08,4.54924074676e-09
"GSE44649_NAIVE_VS_ACTIVATED_CD8_TCELL_DN","GSE44649_NAIVE_VS_ACTIVATED_CD8_TCELL_DN","102/6767","200/21355",9.74213905721026e-09,2.65680568863388e-08,4.54924074676e-09
"GSE46606_IRF4HIGH_VS_WT_CD40L_IL2_IL5_DAY1_STIMULATED_BCELL_UP","GSE46606_IRF4HIGH_VS_WT_CD40L_IL2_IL5_DAY1_STIMULATED_BCELL_UP","102/6767","200/21355",9.74213905721026e-09,2.65680568863388e-08,4.54924074676e-09
"GSE5463_CTRL_VS_DEXAMETHASONE_TREATED_THYMOCYTE_UP","GSE5463_CTRL_VS_DEXAMETHASONE_TREATED_THYMOCYTE_UP","102/6767","200/21355",9.74213905721026e-09,2.65680568863388e-08,4.54924074676e-09
"GSE5503_LIVER_DC_VS_SPLEEN_DC_ACTIVATED_ALLOGENIC_TCELL_DN","GSE5503_LIVER_DC_VS_SPLEEN_DC_ACTIVATED_ALLOGENIC_TCELL_DN","102/6767","200/21355",9.74213905721026e-09,2.65680568863388e-08,4.54924074676e-09
"GSE5589_IL6_KO_VS_IL10_KO_LPS_AND_IL6_STIM_MACROPHAGE_45MIN_DN","GSE5589_IL6_KO_VS_IL10_KO_LPS_AND_IL6_STIM_MACROPHAGE_45MIN_DN","102/6767","200/21355",9.74213905721026e-09,2.65680568863388e-08,4.54924074676e-09
"GSE5589_LPS_VS_LPS_AND_IL10_STIM_IL6_KO_MACROPHAGE_45MIN_UP","GSE5589_LPS_VS_LPS_AND_IL10_STIM_IL6_KO_MACROPHAGE_45MIN_UP","102/6767","200/21355",9.74213905721026e-09,2.65680568863388e-08,4.54924074676e-09
"GSE7852_LN_VS_THYMUS_TREG_DN","GSE7852_LN_VS_THYMUS_TREG_DN","102/6767","200/21355",9.74213905721026e-09,2.65680568863388e-08,4.54924074676e-09
"GSE8621_LPS_PRIMED_UNSTIM_VS_LPS_PRIMED_AND_LPS_STIM_MACROPHAGE_DN","GSE8621_LPS_PRIMED_UNSTIM_VS_LPS_PRIMED_AND_LPS_STIM_MACROPHAGE_DN","102/6767","200/21355",9.74213905721026e-09,2.65680568863388e-08,4.54924074676e-09
"GSE8685_IL2_ACT_IL2_STARVED_VS_IL15_ACT_IL2_STARVED_CD4_TCELL_DN","GSE8685_IL2_ACT_IL2_STARVED_VS_IL15_ACT_IL2_STARVED_CD4_TCELL_DN","102/6767","200/21355",9.74213905721026e-09,2.65680568863388e-08,4.54924074676e-09
"GSE9316_IL6_KO_VS_IFNG_KO_INVIVO_EXPANDED_CD4_TCELL_DN","GSE9316_IL6_KO_VS_IFNG_KO_INVIVO_EXPANDED_CD4_TCELL_DN","102/6767","200/21355",9.74213905721026e-09,2.65680568863388e-08,4.54924074676e-09
"GSE9509_LPS_VS_LPS_AND_IL10_STIM_IL10_KO_MACROPHAGE_10MIN_DN","GSE9509_LPS_VS_LPS_AND_IL10_STIM_IL10_KO_MACROPHAGE_10MIN_DN","102/6767","200/21355",9.74213905721026e-09,2.65680568863388e-08,4.54924074676e-09
"KAECH_NAIVE_VS_DAY8_EFF_CD8_TCELL_UP","KAECH_NAIVE_VS_DAY8_EFF_CD8_TCELL_UP","102/6767","200/21355",9.74213905721026e-09,2.65680568863388e-08,4.54924074676e-09
"GSE21360_NAIVE_VS_SECONDARY_MEMORY_CD8_TCELL_UP","GSE21360_NAIVE_VS_SECONDARY_MEMORY_CD8_TCELL_UP","95/6767","183/21355",9.82562490678575e-09,2.67814879835676e-08,4.58578649221261e-09
"GSE6269_FLU_VS_STREP_PNEUMO_INF_PBMC_UP","GSE6269_FLU_VS_STREP_PNEUMO_INF_PBMC_UP","90/6767","171/21355",9.9870408828679e-09,2.72069918206502e-08,4.65864539197485e-09
"GSE12366_NAIVE_VS_MEMORY_BCELL_DN","GSE12366_NAIVE_VS_MEMORY_BCELL_DN","99/6767","193/21355",1.08794424559915e-08,2.96223587211196e-08,5.07222797232685e-09
"GAUCHER_PBMC_YF_VAX_STAMARIL_UNKNOWN_AGE_10DY_DN","GAUCHER_PBMC_YF_VAX_STAMARIL_UNKNOWN_AGE_10DY_DN","62/6767","106/21355",1.09369775976656e-08,2.97632081439658e-08,5.09634557853007e-09
"NAKAYA_MONOCYTE_FLUMIST_AGE_18_50YO_7DY_DN","NAKAYA_MONOCYTE_FLUMIST_AGE_18_50YO_7DY_DN","126/6767","260/21355",1.09489032763887e-08,2.97798552244271e-08,5.0991960533342e-09
"GSE17721_0.5H_VS_12H_LPS_BMDC_UP","GSE17721_0.5H_VS_12H_LPS_BMDC_UP","101/6767","198/21355",1.13329172233844e-08,3.06778598755499e-08,5.25296113171931e-09
"GSE18791_CTRL_VS_NEWCASTLE_VIRUS_DC_18H_UP","GSE18791_CTRL_VS_NEWCASTLE_VIRUS_DC_18H_UP","101/6767","198/21355",1.13329172233844e-08,3.06778598755499e-08,5.25296113171931e-09
"GSE22033_UNTREATED_VS_ROSIGLITAZONE_TREATED_MEF_DN","GSE22033_UNTREATED_VS_ROSIGLITAZONE_TREATED_MEF_DN","101/6767","198/21355",1.13329172233844e-08,3.06778598755499e-08,5.25296113171931e-09
"GSE22886_IGG_IGA_MEMORY_BCELL_VS_BLOOD_PLASMA_CELL_DN","GSE22886_IGG_IGA_MEMORY_BCELL_VS_BLOOD_PLASMA_CELL_DN","101/6767","198/21355",1.13329172233844e-08,3.06778598755499e-08,5.25296113171931e-09
"GSE24574_BCL6_LOW_TFH_VS_NAIVE_CD4_TCELL_UP","GSE24574_BCL6_LOW_TFH_VS_NAIVE_CD4_TCELL_UP","101/6767","198/21355",1.13329172233844e-08,3.06778598755499e-08,5.25296113171931e-09
"GSE3982_NEUTROPHIL_VS_TH2_DN","GSE3982_NEUTROPHIL_VS_TH2_DN","101/6767","198/21355",1.13329172233844e-08,3.06778598755499e-08,5.25296113171931e-09
"GSE45739_NRAS_KO_VS_WT_ACD3_ACD28_STIM_CD4_TCELL_DN","GSE45739_NRAS_KO_VS_WT_ACD3_ACD28_STIM_CD4_TCELL_DN","101/6767","198/21355",1.13329172233844e-08,3.06778598755499e-08,5.25296113171931e-09
"GSE6259_BCELL_VS_CD8_TCELL_DN","GSE6259_BCELL_VS_CD8_TCELL_DN","101/6767","198/21355",1.13329172233844e-08,3.06778598755499e-08,5.25296113171931e-09
"GSE7400_CTRL_VS_CSF3_IN_VIVO_TREATED_PBMC_DN","GSE7400_CTRL_VS_CSF3_IN_VIVO_TREATED_PBMC_DN","101/6767","198/21355",1.13329172233844e-08,3.06778598755499e-08,5.25296113171931e-09
"GSE6674_UNSTIM_VS_ANTI_IGM_STIM_BCELL_UP","GSE6674_UNSTIM_VS_ANTI_IGM_STIM_BCELL_UP","86/6767","162/21355",1.23910309100068e-08,3.35244408842241e-08,5.74038037991704e-09
"GSE12003_4D_VS_8D_CULTURE_BM_PROGENITOR_UP","GSE12003_4D_VS_8D_CULTURE_BM_PROGENITOR_UP","91/6767","174/21355",1.24550916023708e-08,3.36090813922922e-08,5.7548733497935e-09
"GSE1925_CTRL_VS_IFNG_PRIMED_MACROPHAGE_3H_IFNG_STIM_UP","GSE1925_CTRL_VS_IFNG_PRIMED_MACROPHAGE_3H_IFNG_STIM_UP","91/6767","174/21355",1.24550916023708e-08,3.36090813922922e-08,5.7548733497935e-09
"GSE21360_NAIVE_VS_PRIMARY_MEMORY_CD8_TCELL_UP","GSE21360_NAIVE_VS_PRIMARY_MEMORY_CD8_TCELL_UP","91/6767","174/21355",1.24550916023708e-08,3.36090813922922e-08,5.7548733497935e-09
"GSE32901_TH1_VS_TH17_ENRICHED_CD4_TCELL_UP","GSE32901_TH1_VS_TH17_ENRICHED_CD4_TCELL_UP","91/6767","174/21355",1.24550916023708e-08,3.36090813922922e-08,5.7548733497935e-09
"THAKAR_PBMC_INACTIVATED_INFLUENZA_AGE_21_30YO_NONRESPONDER_28DY_UP","THAKAR_PBMC_INACTIVATED_INFLUENZA_AGE_21_30YO_NONRESPONDER_28DY_UP","91/6767","174/21355",1.24550916023708e-08,3.36090813922922e-08,5.7548733497935e-09
"GSE17974_0H_VS_6H_IN_VITRO_ACT_CD4_TCELL_UP","GSE17974_0H_VS_6H_IN_VITRO_ACT_CD4_TCELL_UP","98/6767","191/21355",1.26527086030848e-08,3.41243750699714e-08,5.84310693816147e-09
"GSE13411_NAIVE_BCELL_VS_PLASMA_CELL_UP","GSE13411_NAIVE_BCELL_VS_PLASMA_CELL_UP","100/6767","196/21355",1.31834997857303e-08,3.5518551445843e-08,6.08183135840864e-09
"GSE46242_CTRL_VS_EGR2_DELETED_ANERGIC_TH1_CD4_TCELL_UP","GSE46242_CTRL_VS_EGR2_DELETED_ANERGIC_TH1_CD4_TCELL_UP","100/6767","196/21355",1.31834997857303e-08,3.5518551445843e-08,6.08183135840864e-09
"GSE37301_HEMATOPOIETIC_STEM_CELL_VS_LYMPHOID_PRIMED_MPP_UP","GSE37301_HEMATOPOIETIC_STEM_CELL_VS_LYMPHOID_PRIMED_MPP_UP","93/6767","179/21355",1.32687556135054e-08,3.57294695538036e-08,6.11794680543094e-09
"GSE40274_CTRL_VS_GATA1_TRANSDUCED_ACTIVATED_CD4_TCELL_UP","GSE40274_CTRL_VS_GATA1_TRANSDUCED_ACTIVATED_CD4_TCELL_UP","80/6767","148/21355",1.3615329873097e-08,3.66434626033429e-08,6.2744495726829e-09
"GSE17974_CTRL_VS_ACT_IL4_AND_ANTI_IL12_12H_CD4_TCELL_UP","GSE17974_CTRL_VS_ACT_IL4_AND_ANTI_IL12_12H_CD4_TCELL_UP","99/6767","194/21355",1.53363340655925e-08,4.1210369368078e-08,7.05643970578404e-09
"GSE17974_CTRL_VS_ACT_IL4_AND_ANTI_IL12_4H_CD4_TCELL_UP","GSE17974_CTRL_VS_ACT_IL4_AND_ANTI_IL12_4H_CD4_TCELL_UP","99/6767","194/21355",1.53363340655925e-08,4.1210369368078e-08,7.05643970578404e-09
"GSE2770_TGFB_AND_IL4_VS_IL4_TREATED_ACT_CD4_TCELL_6H_UP","GSE2770_TGFB_AND_IL4_VS_IL4_TREATED_ACT_CD4_TCELL_6H_UP","99/6767","194/21355",1.53363340655925e-08,4.1210369368078e-08,7.05643970578404e-09
"GSE13547_WT_VS_ZFX_KO_BCELL_DN","GSE13547_WT_VS_ZFX_KO_BCELL_DN","92/6767","177/21355",1.5418916356183e-08,4.14105731577528e-08,7.09072054316485e-09
"GSE12392_IFNAR_KO_VS_IFNB_KO_CD8_NEG_SPLEEN_DC_UP","GSE12392_IFNAR_KO_VS_IFNB_KO_CD8_NEG_SPLEEN_DC_UP","101/6767","199/21355",1.58847573089299e-08,4.21102123696398e-08,7.2105195643866e-09
"GSE13484_UNSTIM_VS_3H_YF17D_VACCINE_STIM_PBMC_UP","GSE13484_UNSTIM_VS_3H_YF17D_VACCINE_STIM_PBMC_UP","101/6767","199/21355",1.58847573089299e-08,4.21102123696398e-08,7.2105195643866e-09
"GSE15330_GRANULOCYTE_MONOCYTE_PROGENITOR_VS_PRO_BCELL_UP","GSE15330_GRANULOCYTE_MONOCYTE_PROGENITOR_VS_PRO_BCELL_UP","101/6767","199/21355",1.58847573089299e-08,4.21102123696398e-08,7.2105195643866e-09
"GSE17186_MEMORY_VS_CD21LOW_TRANSITIONAL_BCELL_DN","GSE17186_MEMORY_VS_CD21LOW_TRANSITIONAL_BCELL_DN","101/6767","199/21355",1.58847573089299e-08,4.21102123696398e-08,7.2105195643866e-09
"GSE17721_0.5H_VS_8H_GARDIQUIMOD_BMDC_DN","GSE17721_0.5H_VS_8H_GARDIQUIMOD_BMDC_DN","101/6767","199/21355",1.58847573089299e-08,4.21102123696398e-08,7.2105195643866e-09
"GSE17721_CTRL_VS_LPS_12H_BMDC_DN","GSE17721_CTRL_VS_LPS_12H_BMDC_DN","101/6767","199/21355",1.58847573089299e-08,4.21102123696398e-08,7.2105195643866e-09
"GSE17721_CTRL_VS_LPS_12H_BMDC_UP","GSE17721_CTRL_VS_LPS_12H_BMDC_UP","101/6767","199/21355",1.58847573089299e-08,4.21102123696398e-08,7.2105195643866e-09
"GSE17721_LPS_VS_POLYIC_4H_BMDC_DN","GSE17721_LPS_VS_POLYIC_4H_BMDC_DN","101/6767","199/21355",1.58847573089299e-08,4.21102123696398e-08,7.2105195643866e-09
"GSE19198_6H_VS_24H_IL21_TREATED_TCELL_UP","GSE19198_6H_VS_24H_IL21_TREATED_TCELL_UP","101/6767","199/21355",1.58847573089299e-08,4.21102123696398e-08,7.2105195643866e-09
"GSE22196_HEALTHY_VS_OBESE_MOUSE_SKIN_GAMMADELTA_TCELL_UP","GSE22196_HEALTHY_VS_OBESE_MOUSE_SKIN_GAMMADELTA_TCELL_UP","101/6767","199/21355",1.58847573089299e-08,4.21102123696398e-08,7.2105195643866e-09
"GSE2405_0H_VS_12H_A_PHAGOCYTOPHILUM_STIM_NEUTROPHIL_DN","GSE2405_0H_VS_12H_A_PHAGOCYTOPHILUM_STIM_NEUTROPHIL_DN","101/6767","199/21355",1.58847573089299e-08,4.21102123696398e-08,7.2105195643866e-09
"GSE24574_BCL6_HIGH_VS_LOW_TFH_CD4_TCELL_UP","GSE24574_BCL6_HIGH_VS_LOW_TFH_CD4_TCELL_UP","101/6767","199/21355",1.58847573089299e-08,4.21102123696398e-08,7.2105195643866e-09
"GSE2770_IL4_ACT_VS_ACT_CD4_TCELL_48H_DN","GSE2770_IL4_ACT_VS_ACT_CD4_TCELL_48H_DN","101/6767","199/21355",1.58847573089299e-08,4.21102123696398e-08,7.2105195643866e-09
"GSE360_L_DONOVANI_VS_M_TUBERCULOSIS_DC_DN","GSE360_L_DONOVANI_VS_M_TUBERCULOSIS_DC_DN","101/6767","199/21355",1.58847573089299e-08,4.21102123696398e-08,7.2105195643866e-09
"GSE37534_UNTREATED_VS_GW1929_TREATED_CD4_TCELL_PPARG1_AND_FOXP3_TRASDUCED_DN","GSE37534_UNTREATED_VS_GW1929_TREATED_CD4_TCELL_PPARG1_AND_FOXP3_TRASDUCED_DN","101/6767","199/21355",1.58847573089299e-08,4.21102123696398e-08,7.2105195643866e-09
"GSE37534_UNTREATED_VS_ROSIGLITAZONE_TREATED_CD4_TCELL_PPARG1_AND_FOXP3_TRASDUCED_DN","GSE37534_UNTREATED_VS_ROSIGLITAZONE_TREATED_CD4_TCELL_PPARG1_AND_FOXP3_TRASDUCED_DN","101/6767","199/21355",1.58847573089299e-08,4.21102123696398e-08,7.2105195643866e-09
"GSE40273_EOS_KO_VS_WT_TREG_DN","GSE40273_EOS_KO_VS_WT_TREG_DN","101/6767","199/21355",1.58847573089299e-08,4.21102123696398e-08,7.2105195643866e-09
"GSE40274_FOXP3_VS_FOXP3_AND_PBX1_TRANSDUCED_ACTIVATED_CD4_TCELL_DN","GSE40274_FOXP3_VS_FOXP3_AND_PBX1_TRANSDUCED_ACTIVATED_CD4_TCELL_DN","101/6767","199/21355",1.58847573089299e-08,4.21102123696398e-08,7.2105195643866e-09
"GSE40274_HELIOS_VS_FOXP3_AND_HELIOS_TRANSDUCED_ACTIVATED_CD4_TCELL_DN","GSE40274_HELIOS_VS_FOXP3_AND_HELIOS_TRANSDUCED_ACTIVATED_CD4_TCELL_DN","101/6767","199/21355",1.58847573089299e-08,4.21102123696398e-08,7.2105195643866e-09
"GSE41176_UNSTIM_VS_ANTI_IGM_STIM_TAK1_KO_BCELL_24H_UP","GSE41176_UNSTIM_VS_ANTI_IGM_STIM_TAK1_KO_BCELL_24H_UP","101/6767","199/21355",1.58847573089299e-08,4.21102123696398e-08,7.2105195643866e-09
"GSE41978_ID2_KO_VS_BIM_KO_KLRG1_LOW_EFFECTOR_CD8_TCELL_UP","GSE41978_ID2_KO_VS_BIM_KO_KLRG1_LOW_EFFECTOR_CD8_TCELL_UP","101/6767","199/21355",1.58847573089299e-08,4.21102123696398e-08,7.2105195643866e-09
"GSE42021_CD24HI_VS_CD24LOW_TREG_THYMUS_UP","GSE42021_CD24HI_VS_CD24LOW_TREG_THYMUS_UP","101/6767","199/21355",1.58847573089299e-08,4.21102123696398e-08,7.2105195643866e-09
"GSE7831_1H_VS_4H_INFLUENZA_STIM_PDC_DN","GSE7831_1H_VS_4H_INFLUENZA_STIM_PDC_DN","101/6767","199/21355",1.58847573089299e-08,4.21102123696398e-08,7.2105195643866e-09
"GSE7852_LN_VS_THYMUS_TCONV_UP","GSE7852_LN_VS_THYMUS_TCONV_UP","101/6767","199/21355",1.58847573089299e-08,4.21102123696398e-08,7.2105195643866e-09
"GSE8685_IL2_STARVED_VS_IL2_ACT_IL2_STARVED_CD4_TCELL_UP","GSE8685_IL2_STARVED_VS_IL2_ACT_IL2_STARVED_CD4_TCELL_UP","101/6767","199/21355",1.58847573089299e-08,4.21102123696398e-08,7.2105195643866e-09
"GSE11057_CD4_CENT_MEM_VS_PBMC_UP","GSE11057_CD4_CENT_MEM_VS_PBMC_UP","100/6767","197/21355",1.84823487727228e-08,4.87945428206744e-08,8.35507554688645e-09
"GSE20152_SPHK1_KO_VS_HTNFA_OVEREXPRESS_ANKLE_DN","GSE20152_SPHK1_KO_VS_HTNFA_OVEREXPRESS_ANKLE_DN","100/6767","197/21355",1.84823487727228e-08,4.87945428206744e-08,8.35507554688645e-09
"GSE21063_WT_VS_NFATC1_KO_16H_ANTI_IGM_STIM_BCELL_UP","GSE21063_WT_VS_NFATC1_KO_16H_ANTI_IGM_STIM_BCELL_UP","100/6767","197/21355",1.84823487727228e-08,4.87945428206744e-08,8.35507554688645e-09
"GSE22886_NAIVE_CD8_TCELL_VS_NEUTROPHIL_DN","GSE22886_NAIVE_CD8_TCELL_VS_NEUTROPHIL_DN","100/6767","197/21355",1.84823487727228e-08,4.87945428206744e-08,8.35507554688645e-09
"GSE3982_MEMORY_CD4_TCELL_VS_TH1_UP","GSE3982_MEMORY_CD4_TCELL_VS_TH1_UP","100/6767","197/21355",1.84823487727228e-08,4.87945428206744e-08,8.35507554688645e-09
"GSE45365_HEALTHY_VS_MCMV_INFECTION_CD8A_DC_IFNAR_KO_UP","GSE45365_HEALTHY_VS_MCMV_INFECTION_CD8A_DC_IFNAR_KO_UP","100/6767","197/21355",1.84823487727228e-08,4.87945428206744e-08,8.35507554688645e-09
"GSE45739_NRAS_KO_VS_WT_UNSTIM_CD4_TCELL_DN","GSE45739_NRAS_KO_VS_WT_UNSTIM_CD4_TCELL_DN","100/6767","197/21355",1.84823487727228e-08,4.87945428206744e-08,8.35507554688645e-09
"GSE9988_LPS_VS_CTRL_TREATED_MONOCYTE_UP","GSE9988_LPS_VS_CTRL_TREATED_MONOCYTE_UP","100/6767","197/21355",1.84823487727228e-08,4.87945428206744e-08,8.35507554688645e-09
"GSE6092_B_BURGDOFERI_VS_B_BURGDORFERI_AND_IFNG_STIM_ENDOTHELIAL_CELL_DN","GSE6092_B_BURGDOFERI_VS_B_BURGDORFERI_AND_IFNG_STIM_ENDOTHELIAL_CELL_DN","93/6767","180/21355",1.89547554894913e-08,5.00159708670211e-08,8.56422032030542e-09
"GSE3920_UNTREATED_VS_IFNA_TREATED_FIBROBLAST_UP","GSE3920_UNTREATED_VS_IFNA_TREATED_FIBROBLAST_UP","88/6767","168/21355",1.95087260244516e-08,5.14512542836231e-08,8.80998348732545e-09
"GSE12845_IGD_POS_BLOOD_VS_NAIVE_TONSIL_BCELL_UP","GSE12845_IGD_POS_BLOOD_VS_NAIVE_TONSIL_BCELL_UP","99/6767","195/21355",2.150490657664e-08,5.60012726027458e-08,9.58908181673698e-09
"GSE14000_TRANSLATED_RNA_VS_MRNA_DC_DN","GSE14000_TRANSLATED_RNA_VS_MRNA_DC_DN","99/6767","195/21355",2.150490657664e-08,5.60012726027458e-08,9.58908181673698e-09
"GSE1791_CTRL_VS_NEUROMEDINU_IN_T_CELL_LINE_3H_DN","GSE1791_CTRL_VS_NEUROMEDINU_IN_T_CELL_LINE_3H_DN","99/6767","195/21355",2.150490657664e-08,5.60012726027458e-08,9.58908181673698e-09
"GSE21360_NAIVE_VS_TERTIARY_MEMORY_CD8_TCELL_UP","GSE21360_NAIVE_VS_TERTIARY_MEMORY_CD8_TCELL_UP","99/6767","195/21355",2.150490657664e-08,5.60012726027458e-08,9.58908181673698e-09
"GSE9988_ANTI_TREM1_AND_LPS_VS_CTRL_TREATED_MONOCYTES_UP","GSE9988_ANTI_TREM1_AND_LPS_VS_CTRL_TREATED_MONOCYTES_UP","99/6767","195/21355",2.150490657664e-08,5.60012726027458e-08,9.58908181673698e-09
"GSE1112_OT1_VS_HY_CD8AB_THYMOCYTE_RTOC_CULTURE_DN","GSE1112_OT1_VS_HY_CD8AB_THYMOCYTE_RTOC_CULTURE_DN","101/6767","200/21355",2.21514688586636e-08,5.60012726027458e-08,9.58908181673698e-09
"GSE11961_MEMORY_BCELL_DAY7_VS_GERMINAL_CENTER_BCELL_DAY40_UP","GSE11961_MEMORY_BCELL_DAY7_VS_GERMINAL_CENTER_BCELL_DAY40_UP","101/6767","200/21355",2.21514688586636e-08,5.60012726027458e-08,9.58908181673698e-09
"GSE12392_IFNAR_KO_VS_IFNB_KO_CD8_NEG_SPLEEN_DC_DN","GSE12392_IFNAR_KO_VS_IFNB_KO_CD8_NEG_SPLEEN_DC_DN","101/6767","200/21355",2.21514688586636e-08,5.60012726027458e-08,9.58908181673698e-09
"GSE13306_TREG_VS_TCONV_DN","GSE13306_TREG_VS_TCONV_DN","101/6767","200/21355",2.21514688586636e-08,5.60012726027458e-08,9.58908181673698e-09
"GSE13493_DP_VS_CD8POS_THYMOCYTE_DN","GSE13493_DP_VS_CD8POS_THYMOCYTE_DN","101/6767","200/21355",2.21514688586636e-08,5.60012726027458e-08,9.58908181673698e-09
"GSE1448_ANTI_VALPHA2_VS_VBETA5_DP_THYMOCYTE_UP","GSE1448_ANTI_VALPHA2_VS_VBETA5_DP_THYMOCYTE_UP","101/6767","200/21355",2.21514688586636e-08,5.60012726027458e-08,9.58908181673698e-09
"GSE1460_CD4_THYMOCYTE_VS_NAIVE_CD4_TCELL_CORD_BLOOD_UP","GSE1460_CD4_THYMOCYTE_VS_NAIVE_CD4_TCELL_CORD_BLOOD_UP","101/6767","200/21355",2.21514688586636e-08,5.60012726027458e-08,9.58908181673698e-09
"GSE15330_WT_VS_IKAROS_KO_GRANULOCYTE_MONOCYTE_PROGENITOR_DN","GSE15330_WT_VS_IKAROS_KO_GRANULOCYTE_MONOCYTE_PROGENITOR_DN","101/6767","200/21355",2.21514688586636e-08,5.60012726027458e-08,9.58908181673698e-09
"GSE15735_CTRL_VS_HDAC_INHIBITOR_TREATED_CD4_TCELL_12H_UP","GSE15735_CTRL_VS_HDAC_INHIBITOR_TREATED_CD4_TCELL_12H_UP","101/6767","200/21355",2.21514688586636e-08,5.60012726027458e-08,9.58908181673698e-09
"GSE15750_DAY6_VS_DAY10_EFF_CD8_TCELL_DN","GSE15750_DAY6_VS_DAY10_EFF_CD8_TCELL_DN","101/6767","200/21355",2.21514688586636e-08,5.60012726027458e-08,9.58908181673698e-09
"GSE16697_CD4_TCELL_VS_TFH_CD4_TCELL_DN","GSE16697_CD4_TCELL_VS_TFH_CD4_TCELL_DN","101/6767","200/21355",2.21514688586636e-08,5.60012726027458e-08,9.58908181673698e-09
"GSE17186_CD21LOW_VS_CD21HIGH_TRANSITIONAL_BCELL_UP","GSE17186_CD21LOW_VS_CD21HIGH_TRANSITIONAL_BCELL_UP","101/6767","200/21355",2.21514688586636e-08,5.60012726027458e-08,9.58908181673698e-09
"GSE17186_MEMORY_VS_CD21HIGH_TRANSITIONAL_BCELL_DN","GSE17186_MEMORY_VS_CD21HIGH_TRANSITIONAL_BCELL_DN","101/6767","200/21355",2.21514688586636e-08,5.60012726027458e-08,9.58908181673698e-09
"GSE17301_IFNA2_VS_IFNA5_STIM_ACD3_ACD28_ACT_CD8_TCELL_DN","GSE17301_IFNA2_VS_IFNA5_STIM_ACD3_ACD28_ACT_CD8_TCELL_DN","101/6767","200/21355",2.21514688586636e-08,5.60012726027458e-08,9.58908181673698e-09
"GSE17721_0.5H_VS_12H_GARDIQUIMOD_BMDC_DN","GSE17721_0.5H_VS_12H_GARDIQUIMOD_BMDC_DN","101/6767","200/21355",2.21514688586636e-08,5.60012726027458e-08,9.58908181673698e-09
"GSE17721_12H_VS_24H_CPG_BMDC_DN","GSE17721_12H_VS_24H_CPG_BMDC_DN","101/6767","200/21355",2.21514688586636e-08,5.60012726027458e-08,9.58908181673698e-09
"GSE17721_CPG_VS_GARDIQUIMOD_12H_BMDC_DN","GSE17721_CPG_VS_GARDIQUIMOD_12H_BMDC_DN","101/6767","200/21355",2.21514688586636e-08,5.60012726027458e-08,9.58908181673698e-09
"GSE17721_CTRL_VS_CPG_6H_BMDC_UP","GSE17721_CTRL_VS_CPG_6H_BMDC_UP","101/6767","200/21355",2.21514688586636e-08,5.60012726027458e-08,9.58908181673698e-09
"GSE17721_CTRL_VS_POLYIC_12H_BMDC_UP","GSE17721_CTRL_VS_POLYIC_12H_BMDC_UP","101/6767","200/21355",2.21514688586636e-08,5.60012726027458e-08,9.58908181673698e-09
"GSE17721_CTRL_VS_POLYIC_4H_BMDC_UP","GSE17721_CTRL_VS_POLYIC_4H_BMDC_UP","101/6767","200/21355",2.21514688586636e-08,5.60012726027458e-08,9.58908181673698e-09
"GSE17721_LPS_VS_CPG_12H_BMDC_DN","GSE17721_LPS_VS_CPG_12H_BMDC_DN","101/6767","200/21355",2.21514688586636e-08,5.60012726027458e-08,9.58908181673698e-09
"GSE17721_LPS_VS_GARDIQUIMOD_4H_BMDC_UP","GSE17721_LPS_VS_GARDIQUIMOD_4H_BMDC_UP","101/6767","200/21355",2.21514688586636e-08,5.60012726027458e-08,9.58908181673698e-09
"GSE17721_PAM3CSK4_VS_GADIQUIMOD_2H_BMDC_DN","GSE17721_PAM3CSK4_VS_GADIQUIMOD_2H_BMDC_DN","101/6767","200/21355",2.21514688586636e-08,5.60012726027458e-08,9.58908181673698e-09
"GSE17721_POLYIC_VS_GARDIQUIMOD_0.5H_BMDC_DN","GSE17721_POLYIC_VS_GARDIQUIMOD_0.5H_BMDC_DN","101/6767","200/21355",2.21514688586636e-08,5.60012726027458e-08,9.58908181673698e-09
"GSE17721_POLYIC_VS_PAM3CSK4_12H_BMDC_DN","GSE17721_POLYIC_VS_PAM3CSK4_12H_BMDC_DN","101/6767","200/21355",2.21514688586636e-08,5.60012726027458e-08,9.58908181673698e-09
"GSE17721_POLYIC_VS_PAM3CSK4_4H_BMDC_DN","GSE17721_POLYIC_VS_PAM3CSK4_4H_BMDC_DN","101/6767","200/21355",2.21514688586636e-08,5.60012726027458e-08,9.58908181673698e-09
"GSE17721_POLYIC_VS_PAM3CSK4_4H_BMDC_UP","GSE17721_POLYIC_VS_PAM3CSK4_4H_BMDC_UP","101/6767","200/21355",2.21514688586636e-08,5.60012726027458e-08,9.58908181673698e-09
"GSE18893_CTRL_VS_TNF_TREATED_TCONV_2H_DN","GSE18893_CTRL_VS_TNF_TREATED_TCONV_2H_DN","101/6767","200/21355",2.21514688586636e-08,5.60012726027458e-08,9.58908181673698e-09
"GSE19198_1H_VS_24H_IL21_TREATED_TCELL_UP","GSE19198_1H_VS_24H_IL21_TREATED_TCELL_UP","101/6767","200/21355",2.21514688586636e-08,5.60012726027458e-08,9.58908181673698e-09
"GSE20500_CTRL_VS_RETINOIC_ACID_TREATED_CD4_TCELL_UP","GSE20500_CTRL_VS_RETINOIC_ACID_TREATED_CD4_TCELL_UP","101/6767","200/21355",2.21514688586636e-08,5.60012726027458e-08,9.58908181673698e-09
"GSE20715_0H_VS_48H_OZONE_LUNG_UP","GSE20715_0H_VS_48H_OZONE_LUNG_UP","101/6767","200/21355",2.21514688586636e-08,5.60012726027458e-08,9.58908181673698e-09
"GSE20715_0H_VS_6H_OZONE_TLR4_KO_LUNG_DN","GSE20715_0H_VS_6H_OZONE_TLR4_KO_LUNG_DN","101/6767","200/21355",2.21514688586636e-08,5.60012726027458e-08,9.58908181673698e-09
"GSE21063_CTRL_VS_ANTI_IGM_STIM_BCELL_NFATC1_KO_3H_UP","GSE21063_CTRL_VS_ANTI_IGM_STIM_BCELL_NFATC1_KO_3H_UP","101/6767","200/21355",2.21514688586636e-08,5.60012726027458e-08,9.58908181673698e-09
"GSE21360_NAIVE_VS_QUATERNARY_MEMORY_CD8_TCELL_UP","GSE21360_NAIVE_VS_QUATERNARY_MEMORY_CD8_TCELL_UP","101/6767","200/21355",2.21514688586636e-08,5.60012726027458e-08,9.58908181673698e-09
"GSE21360_NAIVE_VS_TERTIARY_MEMORY_CD8_TCELL_DN","GSE21360_NAIVE_VS_TERTIARY_MEMORY_CD8_TCELL_DN","101/6767","200/21355",2.21514688586636e-08,5.60012726027458e-08,9.58908181673698e-09
"GSE21670_TGFB_VS_TGFB_AND_IL6_TREATED_STAT3_KO_CD4_TCELL_DN","GSE21670_TGFB_VS_TGFB_AND_IL6_TREATED_STAT3_KO_CD4_TCELL_DN","101/6767","200/21355",2.21514688586636e-08,5.60012726027458e-08,9.58908181673698e-09
"GSE22886_CTRL_VS_LPS_24H_DC_DN","GSE22886_CTRL_VS_LPS_24H_DC_DN","101/6767","200/21355",2.21514688586636e-08,5.60012726027458e-08,9.58908181673698e-09
"GSE23502_BM_VS_COLON_TUMOR_MYELOID_DERIVED_SUPPRESSOR_CELL_UP","GSE23502_BM_VS_COLON_TUMOR_MYELOID_DERIVED_SUPPRESSOR_CELL_UP","101/6767","200/21355",2.21514688586636e-08,5.60012726027458e-08,9.58908181673698e-09
"GSE23502_WT_VS_HDC_KO_MYELOID_DERIVED_SUPPRESSOR_CELL_BM_UP","GSE23502_WT_VS_HDC_KO_MYELOID_DERIVED_SUPPRESSOR_CELL_BM_UP","101/6767","200/21355",2.21514688586636e-08,5.60012726027458e-08,9.58908181673698e-09
"GSE2405_HEAT_KILLED_LYSATE_VS_LIVE_A_PHAGOCYTOPHILUM_STIM_NEUTROPHIL_24H_UP","GSE2405_HEAT_KILLED_LYSATE_VS_LIVE_A_PHAGOCYTOPHILUM_STIM_NEUTROPHIL_24H_UP","101/6767","200/21355",2.21514688586636e-08,5.60012726027458e-08,9.58908181673698e-09
"GSE24292_WT_VS_PPARG_KO_MACROPHAGE_DN","GSE24292_WT_VS_PPARG_KO_MACROPHAGE_DN","101/6767","200/21355",2.21514688586636e-08,5.60012726027458e-08,9.58908181673698e-09
"GSE24634_TEFF_VS_TCONV_DAY10_IN_CULTURE_UP","GSE24634_TEFF_VS_TCONV_DAY10_IN_CULTURE_UP","101/6767","200/21355",2.21514688586636e-08,5.60012726027458e-08,9.58908181673698e-09
"GSE25123_WT_VS_PPARG_KO_MACROPHAGE_ROSIGLITAZONE_STIM_UP","GSE25123_WT_VS_PPARG_KO_MACROPHAGE_ROSIGLITAZONE_STIM_UP","101/6767","200/21355",2.21514688586636e-08,5.60012726027458e-08,9.58908181673698e-09
"GSE2770_UNTREATED_VS_ACT_CD4_TCELL_6H_DN","GSE2770_UNTREATED_VS_ACT_CD4_TCELL_6H_DN","101/6767","200/21355",2.21514688586636e-08,5.60012726027458e-08,9.58908181673698e-09
"GSE28737_WT_VS_BCL6_HET_MARGINAL_ZONE_BCELL_DN","GSE28737_WT_VS_BCL6_HET_MARGINAL_ZONE_BCELL_DN","101/6767","200/21355",2.21514688586636e-08,5.60012726027458e-08,9.58908181673698e-09
"GSE29949_CD8_NEG_DC_SPLEEN_VS_DC_BRAIN_DN","GSE29949_CD8_NEG_DC_SPLEEN_VS_DC_BRAIN_DN","101/6767","200/21355",2.21514688586636e-08,5.60012726027458e-08,9.58908181673698e-09
"GSE29949_MICROGLIA_BRAIN_VS_MONOCYTE_BONE_MARROW_DN","GSE29949_MICROGLIA_BRAIN_VS_MONOCYTE_BONE_MARROW_DN","101/6767","200/21355",2.21514688586636e-08,5.60012726027458e-08,9.58908181673698e-09
"GSE3039_ALPHAALPHA_VS_ALPHABETA_CD8_TCELL_UP","GSE3039_ALPHAALPHA_VS_ALPHABETA_CD8_TCELL_UP","101/6767","200/21355",2.21514688586636e-08,5.60012726027458e-08,9.58908181673698e-09
"GSE34006_UNTREATED_VS_A2AR_AGONIST_TREATED_TREG_DN","GSE34006_UNTREATED_VS_A2AR_AGONIST_TREATED_TREG_DN","101/6767","200/21355",2.21514688586636e-08,5.60012726027458e-08,9.58908181673698e-09
"GSE36078_UNTREATED_VS_AD5_T425A_HEXON_INF_MOUSE_LUNG_DC_DN","GSE36078_UNTREATED_VS_AD5_T425A_HEXON_INF_MOUSE_LUNG_DC_DN","101/6767","200/21355",2.21514688586636e-08,5.60012726027458e-08,9.58908181673698e-09
"GSE3691_IFN_PRODUCING_KILLER_DC_VS_CONVENTIONAL_DC_SPLEEN_UP","GSE3691_IFN_PRODUCING_KILLER_DC_VS_CONVENTIONAL_DC_SPLEEN_UP","101/6767","200/21355",2.21514688586636e-08,5.60012726027458e-08,9.58908181673698e-09
"GSE3720_VD1_VS_VD2_GAMMADELTA_TCELL_WITH_PMA_STIM_UP","GSE3720_VD1_VS_VD2_GAMMADELTA_TCELL_WITH_PMA_STIM_UP","101/6767","200/21355",2.21514688586636e-08,5.60012726027458e-08,9.58908181673698e-09
"GSE39152_CD103_NEG_VS_POS_MEMORY_CD8_TCELL_UP","GSE39152_CD103_NEG_VS_POS_MEMORY_CD8_TCELL_UP","101/6767","200/21355",2.21514688586636e-08,5.60012726027458e-08,9.58908181673698e-09
"GSE39820_CTRL_VS_IL1B_IL6_IL23A_CD4_TCELL_DN","GSE39820_CTRL_VS_IL1B_IL6_IL23A_CD4_TCELL_DN","101/6767","200/21355",2.21514688586636e-08,5.60012726027458e-08,9.58908181673698e-09
"GSE40068_CXCR5POS_BCL6POS_TFH_VS_CXCR5NEG_BCL6NEG_CD4_TCELL_UP","GSE40068_CXCR5POS_BCL6POS_TFH_VS_CXCR5NEG_BCL6NEG_CD4_TCELL_UP","101/6767","200/21355",2.21514688586636e-08,5.60012726027458e-08,9.58908181673698e-09
"GSE40666_WT_VS_STAT4_KO_CD8_TCELL_WITH_IFNA_STIM_90MIN_UP","GSE40666_WT_VS_STAT4_KO_CD8_TCELL_WITH_IFNA_STIM_90MIN_UP","101/6767","200/21355",2.21514688586636e-08,5.60012726027458e-08,9.58908181673698e-09
"GSE411_WT_VS_SOCS3_KO_MACROPHAGE_DN","GSE411_WT_VS_SOCS3_KO_MACROPHAGE_DN","101/6767","200/21355",2.21514688586636e-08,5.60012726027458e-08,9.58908181673698e-09
"GSE41867_DAY8_VS_DAY15_LCMV_CLONE13_EFFECTOR_CD8_TCELL_UP","GSE41867_DAY8_VS_DAY15_LCMV_CLONE13_EFFECTOR_CD8_TCELL_UP","101/6767","200/21355",2.21514688586636e-08,5.60012726027458e-08,9.58908181673698e-09
"GSE43863_NAIVE_VS_MEMORY_LY6C_INT_CXCR5POS_CD4_TCELL_D150_LCMV_DN","GSE43863_NAIVE_VS_MEMORY_LY6C_INT_CXCR5POS_CD4_TCELL_D150_LCMV_DN","101/6767","200/21355",2.21514688586636e-08,5.60012726027458e-08,9.58908181673698e-09
"GSE43863_NAIVE_VS_MEMORY_LY6C_INT_CXCR5POS_CD4_TCELL_D150_LCMV_UP","GSE43863_NAIVE_VS_MEMORY_LY6C_INT_CXCR5POS_CD4_TCELL_D150_LCMV_UP","101/6767","200/21355",2.21514688586636e-08,5.60012726027458e-08,9.58908181673698e-09
"GSE43955_1H_VS_20H_ACT_CD4_TCELL_UP","GSE43955_1H_VS_20H_ACT_CD4_TCELL_UP","101/6767","200/21355",2.21514688586636e-08,5.60012726027458e-08,9.58908181673698e-09
"GSE43957_UNTREATED_VS_NACL_TREATED_ANTI_CD3_CD28_STIM_CD4_TCELL_DN","GSE43957_UNTREATED_VS_NACL_TREATED_ANTI_CD3_CD28_STIM_CD4_TCELL_DN","101/6767","200/21355",2.21514688586636e-08,5.60012726027458e-08,9.58908181673698e-09
"GSE46143_CTRL_VS_LMP2A_TRANSDUCED_CD10_POS_GC_BCELL_UP","GSE46143_CTRL_VS_LMP2A_TRANSDUCED_CD10_POS_GC_BCELL_UP","101/6767","200/21355",2.21514688586636e-08,5.60012726027458e-08,9.58908181673698e-09
"GSE4748_CTRL_VS_CYANOBACTERIUM_LPSLIKE_STIM_DC_3H_DN","GSE4748_CTRL_VS_CYANOBACTERIUM_LPSLIKE_STIM_DC_3H_DN","101/6767","200/21355",2.21514688586636e-08,5.60012726027458e-08,9.58908181673698e-09
"GSE557_CIITA_KO_VS_I_AB_KO_DC_DN","GSE557_CIITA_KO_VS_I_AB_KO_DC_DN","101/6767","200/21355",2.21514688586636e-08,5.60012726027458e-08,9.58908181673698e-09
"GSE5589_LPS_AND_IL10_VS_LPS_AND_IL6_STIM_IL6_KO_MACROPHAGE_45MIN_UP","GSE5589_LPS_AND_IL10_VS_LPS_AND_IL6_STIM_IL6_KO_MACROPHAGE_45MIN_UP","101/6767","200/21355",2.21514688586636e-08,5.60012726027458e-08,9.58908181673698e-09
"GSE5589_LPS_VS_LPS_AND_IL10_STIM_MACROPHAGE_180MIN_UP","GSE5589_LPS_VS_LPS_AND_IL10_STIM_MACROPHAGE_180MIN_UP","101/6767","200/21355",2.21514688586636e-08,5.60012726027458e-08,9.58908181673698e-09
"GSE5589_UNSTIM_VS_45MIN_LPS_AND_IL10_STIM_MACROPHAGE_UP","GSE5589_UNSTIM_VS_45MIN_LPS_AND_IL10_STIM_MACROPHAGE_UP","101/6767","200/21355",2.21514688586636e-08,5.60012726027458e-08,9.58908181673698e-09
"GSE7460_CD8_TCELL_VS_CD4_TCELL_ACT_DN","GSE7460_CD8_TCELL_VS_CD4_TCELL_ACT_DN","101/6767","200/21355",2.21514688586636e-08,5.60012726027458e-08,9.58908181673698e-09
"GSE7460_CTRL_VS_TGFB_TREATED_ACT_FOXP3_HET_TCONV_DN","GSE7460_CTRL_VS_TGFB_TREATED_ACT_FOXP3_HET_TCONV_DN","101/6767","200/21355",2.21514688586636e-08,5.60012726027458e-08,9.58908181673698e-09
"GSE7460_FOXP3_MUT_VS_WT_ACT_TCONV_UP","GSE7460_FOXP3_MUT_VS_WT_ACT_TCONV_UP","101/6767","200/21355",2.21514688586636e-08,5.60012726027458e-08,9.58908181673698e-09
"GSE7460_FOXP3_MUT_VS_WT_ACT_WITH_TGFB_TCONV_DN","GSE7460_FOXP3_MUT_VS_WT_ACT_WITH_TGFB_TCONV_DN","101/6767","200/21355",2.21514688586636e-08,5.60012726027458e-08,9.58908181673698e-09
"GSE7831_CPG_VS_INFLUENZA_STIM_PDC_4H_UP","GSE7831_CPG_VS_INFLUENZA_STIM_PDC_4H_UP","101/6767","200/21355",2.21514688586636e-08,5.60012726027458e-08,9.58908181673698e-09
"GSE7852_LN_VS_FAT_TREG_UP","GSE7852_LN_VS_FAT_TREG_UP","101/6767","200/21355",2.21514688586636e-08,5.60012726027458e-08,9.58908181673698e-09
"GSE7852_THYMUS_VS_FAT_TCONV_DN","GSE7852_THYMUS_VS_FAT_TCONV_DN","101/6767","200/21355",2.21514688586636e-08,5.60012726027458e-08,9.58908181673698e-09
"GSE8685_IL2_ACT_IL2_STARVED_VS_IL15_ACT_IL2_STARVED_CD4_TCELL_UP","GSE8685_IL2_ACT_IL2_STARVED_VS_IL15_ACT_IL2_STARVED_CD4_TCELL_UP","101/6767","200/21355",2.21514688586636e-08,5.60012726027458e-08,9.58908181673698e-09
"GSE8921_3H_VS_24H_TLR1_2_STIM_MONOCYTE_DN","GSE8921_3H_VS_24H_TLR1_2_STIM_MONOCYTE_DN","101/6767","200/21355",2.21514688586636e-08,5.60012726027458e-08,9.58908181673698e-09
"GSE9006_TYPE_1_VS_TYPE_2_DIABETES_PBMC_AT_DX_UP","GSE9006_TYPE_1_VS_TYPE_2_DIABETES_PBMC_AT_DX_UP","101/6767","200/21355",2.21514688586636e-08,5.60012726027458e-08,9.58908181673698e-09
"GSE9650_NAIVE_VS_EFF_CD8_TCELL_UP","GSE9650_NAIVE_VS_EFF_CD8_TCELL_UP","101/6767","200/21355",2.21514688586636e-08,5.60012726027458e-08,9.58908181673698e-09
"GSE6259_33D1_POS_VS_DEC205_POS_SPLENIC_DC_UP","GSE6259_33D1_POS_VS_DEC205_POS_SPLENIC_DC_UP","98/6767","193/21355",2.50220035959492e-08,6.32271130785764e-08,1.08263604051888e-08
"GSE34156_UNTREATED_VS_6H_TLR1_TLR2_LIGAND_TREATED_MONOCYTE_DN","GSE34156_UNTREATED_VS_6H_TLR1_TLR2_LIGAND_TREATED_MONOCYTE_DN","91/6767","176/21355",2.56180642058317e-08,6.47013867898025e-08,1.10787998691541e-08
"GSE12392_WT_VS_IFNAR_KO_CD8A_NEG_SPLEEN_DC_DN","GSE12392_WT_VS_IFNAR_KO_CD8A_NEG_SPLEEN_DC_DN","100/6767","198/21355",2.57776870883737e-08,6.48489704131952e-08,1.11040705705819e-08
"GSE12845_IGD_NEG_BLOOD_VS_NAIVE_TONSIL_BCELL_UP","GSE12845_IGD_NEG_BLOOD_VS_NAIVE_TONSIL_BCELL_UP","100/6767","198/21355",2.57776870883737e-08,6.48489704131952e-08,1.11040705705819e-08
"GSE15930_NAIVE_VS_48H_IN_VITRO_STIM_IFNAB_CD8_TCELL_UP","GSE15930_NAIVE_VS_48H_IN_VITRO_STIM_IFNAB_CD8_TCELL_UP","100/6767","198/21355",2.57776870883737e-08,6.48489704131952e-08,1.11040705705819e-08
"GSE18791_UNSTIM_VS_NEWCATSLE_VIRUS_DC_18H_UP","GSE18791_UNSTIM_VS_NEWCATSLE_VIRUS_DC_18H_UP","100/6767","198/21355",2.57776870883737e-08,6.48489704131952e-08,1.11040705705819e-08
"GSE20727_H2O2_VS_ROS_INHIBITOR_TREATED_DC_DN","GSE20727_H2O2_VS_ROS_INHIBITOR_TREATED_DC_DN","100/6767","198/21355",2.57776870883737e-08,6.48489704131952e-08,1.11040705705819e-08
"GSE29618_LAIV_VS_TIV_FLU_VACCINE_DAY7_BCELL_DN","GSE29618_LAIV_VS_TIV_FLU_VACCINE_DAY7_BCELL_DN","100/6767","198/21355",2.57776870883737e-08,6.48489704131952e-08,1.11040705705819e-08
"GSE360_DC_VS_MAC_DN","GSE360_DC_VS_MAC_DN","100/6767","198/21355",2.57776870883737e-08,6.48489704131952e-08,1.11040705705819e-08
"GSE9988_ANTI_TREM1_VS_LPS_MONOCYTE_DN","GSE9988_ANTI_TREM1_VS_LPS_MONOCYTE_DN","100/6767","198/21355",2.57776870883737e-08,6.48489704131952e-08,1.11040705705819e-08
"ZAK_PBMC_MRKAD5_HIV_1_GAG_POL_NEF_AGE_20_50YO_3DY_UP","ZAK_PBMC_MRKAD5_HIV_1_GAG_POL_NEF_AGE_20_50YO_3DY_UP","72/6767","131/21355",2.84876473631658e-08,7.16312741691767e-08,1.22654024939368e-08
"GSE21360_PRIMARY_VS_QUATERNARY_MEMORY_CD8_TCELL_UP","GSE21360_PRIMARY_VS_QUATERNARY_MEMORY_CD8_TCELL_UP","90/6767","174/21355",2.9782130129849e-08,7.4849500576341e-08,1.28164584769319e-08
"GSE16385_UNTREATED_VS_12H_IFNG_TNF_TREATED_MACROPHAGE_DN","GSE16385_UNTREATED_VS_12H_IFNG_TNF_TREATED_MACROPHAGE_DN","99/6767","196/21355",2.99978887652999e-08,7.52442151172665e-08,1.288404533436e-08
"GSE360_L_DONOVANI_VS_L_MAJOR_DC_DN","GSE360_L_DONOVANI_VS_L_MAJOR_DC_DN","99/6767","196/21355",2.99978887652999e-08,7.52442151172665e-08,1.288404533436e-08
"GSE46606_IRF4_KO_VS_WT_CD40L_IL2_IL5_3DAY_STIMULATED_BCELL_UP","GSE46606_IRF4_KO_VS_WT_CD40L_IL2_IL5_3DAY_STIMULATED_BCELL_UP","99/6767","196/21355",2.99978887652999e-08,7.52442151172665e-08,1.288404533436e-08
"GSE9988_LPS_VS_VEHICLE_TREATED_MONOCYTE_UP","GSE9988_LPS_VS_VEHICLE_TREATED_MONOCYTE_UP","99/6767","196/21355",2.99978887652999e-08,7.52442151172665e-08,1.288404533436e-08
"GSE6674_UNSTIM_VS_PL2_3_STIM_BCELL_UP","GSE6674_UNSTIM_VS_PL2_3_STIM_BCELL_UP","80/6767","150/21355",3.0070649844848e-08,7.53898394887706e-08,1.29089805536499e-08
"GSE5589_WT_VS_IL10_KO_LPS_STIM_MACROPHAGE_180MIN_UP","GSE5589_WT_VS_IL10_KO_LPS_STIM_MACROPHAGE_180MIN_UP","85/6767","162/21355",3.05479369337321e-08,7.65490091198654e-08,1.31074648365142e-08
"GSE13547_CTRL_VS_ANTI_IGM_STIM_BCELL_12H_DN","GSE13547_CTRL_VS_ANTI_IGM_STIM_BCELL_12H_DN","92/6767","179/21355",3.13072175421777e-08,7.84133387096947e-08,1.34266934564966e-08
"GSE27241_WT_CTRL_VS_DIGOXIN_TREATED_RORGT_KO_CD4_TCELL_IN_TH17_POLARIZING_CONDITIONS_DN","GSE27241_WT_CTRL_VS_DIGOXIN_TREATED_RORGT_KO_CD4_TCELL_IN_TH17_POLARIZING_CONDITIONS_DN","94/6767","184/21355",3.26747355801843e-08,8.17985201755884e-08,1.40063371062262e-08
"GSE14415_ACT_TCONV_VS_ACT_NATURAL_TREG_UP","GSE14415_ACT_TCONV_VS_ACT_NATURAL_TREG_UP","89/6767","172/21355",3.46228003680722e-08,8.66330392811644e-08,1.48341504235556e-08
"GSE1432_CTRL_VS_IFNG_1H_MICROGLIA_UP","GSE1432_CTRL_VS_IFNG_1H_MICROGLIA_UP","98/6767","194/21355",3.49094579081881e-08,8.72651344199318e-08,1.49423838925448e-08
"GSE2770_TGFB_AND_IL4_ACT_VS_ACT_CD4_TCELL_2H_DN","GSE2770_TGFB_AND_IL4_ACT_VS_ACT_CD4_TCELL_2H_DN","98/6767","194/21355",3.49094579081881e-08,8.72651344199318e-08,1.49423838925448e-08
"GSE8685_IL15_ACT_IL2_STARVED_VS_IL21_ACT_IL2_STARVED_CD4_TCELL_DN","GSE8685_IL15_ACT_IL2_STARVED_VS_IL21_ACT_IL2_STARVED_CD4_TCELL_DN","84/6767","160/21355",3.54706404879396e-08,8.80017209834806e-08,1.50685093981754e-08
"GSE13493_DP_VS_CD4INTCD8POS_THYMOCYTE_DN","GSE13493_DP_VS_CD4INTCD8POS_THYMOCYTE_DN","100/6767","199/21355",3.57705454514479e-08,8.80017209834806e-08,1.50685093981754e-08
"GSE13493_DP_VS_CD4INTCD8POS_THYMOCYTE_UP","GSE13493_DP_VS_CD4INTCD8POS_THYMOCYTE_UP","100/6767","199/21355",3.57705454514479e-08,8.80017209834806e-08,1.50685093981754e-08
"GSE14308_NAIVE_CD4_TCELL_VS_INDUCED_TREG_UP","GSE14308_NAIVE_CD4_TCELL_VS_INDUCED_TREG_UP","100/6767","199/21355",3.57705454514479e-08,8.80017209834806e-08,1.50685093981754e-08
"GSE1460_CD4_THYMOCYTE_VS_NAIVE_CD4_TCELL_ADULT_BLOOD_UP","GSE1460_CD4_THYMOCYTE_VS_NAIVE_CD4_TCELL_ADULT_BLOOD_UP","100/6767","199/21355",3.57705454514479e-08,8.80017209834806e-08,1.50685093981754e-08
"GSE16386_IL4_VS_IL4_AND_ROSIGLITAZONE_STIM_MACROPHAGE_6H_UP","GSE16386_IL4_VS_IL4_AND_ROSIGLITAZONE_STIM_MACROPHAGE_6H_UP","100/6767","199/21355",3.57705454514479e-08,8.80017209834806e-08,1.50685093981754e-08
"GSE17721_LPS_VS_CPG_12H_BMDC_UP","GSE17721_LPS_VS_CPG_12H_BMDC_UP","100/6767","199/21355",3.57705454514479e-08,8.80017209834806e-08,1.50685093981754e-08
"GSE17721_PAM3CSK4_VS_CPG_16H_BMDC_DN","GSE17721_PAM3CSK4_VS_CPG_16H_BMDC_DN","100/6767","199/21355",3.57705454514479e-08,8.80017209834806e-08,1.50685093981754e-08
"GSE20198_UNTREATED_VS_IFNA_TREATED_ACT_CD4_TCELL_DN","GSE20198_UNTREATED_VS_IFNA_TREATED_ACT_CD4_TCELL_DN","100/6767","199/21355",3.57705454514479e-08,8.80017209834806e-08,1.50685093981754e-08
"GSE21063_CTRL_VS_ANTI_IGM_STIM_BCELL_16H_UP","GSE21063_CTRL_VS_ANTI_IGM_STIM_BCELL_16H_UP","100/6767","199/21355",3.57705454514479e-08,8.80017209834806e-08,1.50685093981754e-08
"GSE21546_SAP1A_KO_VS_SAP1A_KO_AND_ELK1_KO_DP_THYMOCYTES_DN","GSE21546_SAP1A_KO_VS_SAP1A_KO_AND_ELK1_KO_DP_THYMOCYTES_DN","100/6767","199/21355",3.57705454514479e-08,8.80017209834806e-08,1.50685093981754e-08
"GSE22229_RENAL_TRANSPLANT_VS_HEALTHY_PBMC_UP","GSE22229_RENAL_TRANSPLANT_VS_HEALTHY_PBMC_UP","100/6767","199/21355",3.57705454514479e-08,8.80017209834806e-08,1.50685093981754e-08
"GSE22886_NAIVE_TCELL_VS_NEUTROPHIL_DN","GSE22886_NAIVE_TCELL_VS_NEUTROPHIL_DN","100/6767","199/21355",3.57705454514479e-08,8.80017209834806e-08,1.50685093981754e-08
"GSE24634_TEFF_VS_TCONV_DAY5_IN_CULTURE_DN","GSE24634_TEFF_VS_TCONV_DAY5_IN_CULTURE_DN","100/6767","199/21355",3.57705454514479e-08,8.80017209834806e-08,1.50685093981754e-08
"GSE25088_WT_VS_STAT6_KO_MACROPHAGE_ROSIGLITAZONE_AND_IL4_STIM_UP","GSE25088_WT_VS_STAT6_KO_MACROPHAGE_ROSIGLITAZONE_AND_IL4_STIM_UP","100/6767","199/21355",3.57705454514479e-08,8.80017209834806e-08,1.50685093981754e-08
"GSE27786_BCELL_VS_CD8_TCELL_DN","GSE27786_BCELL_VS_CD8_TCELL_DN","100/6767","199/21355",3.57705454514479e-08,8.80017209834806e-08,1.50685093981754e-08
"GSE29949_MICROGLIA_VS_DC_BRAIN_UP","GSE29949_MICROGLIA_VS_DC_BRAIN_UP","100/6767","199/21355",3.57705454514479e-08,8.80017209834806e-08,1.50685093981754e-08
"GSE360_DC_VS_MAC_B_MALAYI_LOW_DOSE_UP","GSE360_DC_VS_MAC_B_MALAYI_LOW_DOSE_UP","100/6767","199/21355",3.57705454514479e-08,8.80017209834806e-08,1.50685093981754e-08
"GSE360_LOW_DOSE_B_MALAYI_VS_M_TUBERCULOSIS_MAC_UP","GSE360_LOW_DOSE_B_MALAYI_VS_M_TUBERCULOSIS_MAC_UP","100/6767","199/21355",3.57705454514479e-08,8.80017209834806e-08,1.50685093981754e-08
"GSE36888_UNTREATED_VS_IL2_TREATED_TCELL_17H_UP","GSE36888_UNTREATED_VS_IL2_TREATED_TCELL_17H_UP","100/6767","199/21355",3.57705454514479e-08,8.80017209834806e-08,1.50685093981754e-08
"GSE37416_0H_VS_24H_F_TULARENSIS_LVS_NEUTROPHIL_DN","GSE37416_0H_VS_24H_F_TULARENSIS_LVS_NEUTROPHIL_DN","100/6767","199/21355",3.57705454514479e-08,8.80017209834806e-08,1.50685093981754e-08
"GSE37534_UNTREATED_VS_PIOGLITAZONE_TREATED_CD4_TCELL_PPARG1_AND_FOXP3_TRASDUCED_DN","GSE37534_UNTREATED_VS_PIOGLITAZONE_TREATED_CD4_TCELL_PPARG1_AND_FOXP3_TRASDUCED_DN","100/6767","199/21355",3.57705454514479e-08,8.80017209834806e-08,1.50685093981754e-08
"GSE39022_LN_VS_SPLEEN_DC_UP","GSE39022_LN_VS_SPLEEN_DC_UP","100/6767","199/21355",3.57705454514479e-08,8.80017209834806e-08,1.50685093981754e-08
"GSE3982_MAST_CELL_VS_NEUTROPHIL_UP","GSE3982_MAST_CELL_VS_NEUTROPHIL_UP","100/6767","199/21355",3.57705454514479e-08,8.80017209834806e-08,1.50685093981754e-08
"GSE39820_CTRL_VS_IL1B_IL6_CD4_TCELL_UP","GSE39820_CTRL_VS_IL1B_IL6_CD4_TCELL_UP","100/6767","199/21355",3.57705454514479e-08,8.80017209834806e-08,1.50685093981754e-08
"GSE39820_TGFBETA3_IL6_VS_TGFBETA3_IL6_IL23A_TREATED_CD4_TCELL_UP","GSE39820_TGFBETA3_IL6_VS_TGFBETA3_IL6_IL23A_TREATED_CD4_TCELL_UP","100/6767","199/21355",3.57705454514479e-08,8.80017209834806e-08,1.50685093981754e-08
"GSE41978_ID2_KO_AND_BIM_KO_VS_BIM_KO_KLRG1_LOW_EFFECTOR_CD8_TCELL_DN","GSE41978_ID2_KO_AND_BIM_KO_VS_BIM_KO_KLRG1_LOW_EFFECTOR_CD8_TCELL_DN","100/6767","199/21355",3.57705454514479e-08,8.80017209834806e-08,1.50685093981754e-08
"GSE43863_LY6C_INT_CXCR5POS_VS_LY6C_LOW_CXCR5NEG_EFFECTOR_CD4_TCELL_UP","GSE43863_LY6C_INT_CXCR5POS_VS_LY6C_LOW_CXCR5NEG_EFFECTOR_CD4_TCELL_UP","100/6767","199/21355",3.57705454514479e-08,8.80017209834806e-08,1.50685093981754e-08
"GSE44649_WT_VS_MIR155_KO_ACTIVATED_CD8_TCELL_UP","GSE44649_WT_VS_MIR155_KO_ACTIVATED_CD8_TCELL_UP","100/6767","199/21355",3.57705454514479e-08,8.80017209834806e-08,1.50685093981754e-08
"GSE4984_GALECTIN1_VS_VEHICLE_CTRL_TREATED_DC_DN","GSE4984_GALECTIN1_VS_VEHICLE_CTRL_TREATED_DC_DN","100/6767","199/21355",3.57705454514479e-08,8.80017209834806e-08,1.50685093981754e-08
"GSE6875_WT_VS_FOXP3_KO_TREG_DN","GSE6875_WT_VS_FOXP3_KO_TREG_DN","100/6767","199/21355",3.57705454514479e-08,8.80017209834806e-08,1.50685093981754e-08
"GSE7831_1H_VS_4H_CPG_STIM_PDC_DN","GSE7831_1H_VS_4H_CPG_STIM_PDC_DN","100/6767","199/21355",3.57705454514479e-08,8.80017209834806e-08,1.50685093981754e-08
"GSE7852_LN_VS_THYMUS_TREG_UP","GSE7852_LN_VS_THYMUS_TREG_UP","100/6767","199/21355",3.57705454514479e-08,8.80017209834806e-08,1.50685093981754e-08
"GSE40493_BCL6_KO_VS_WT_TREG_UP","GSE40493_BCL6_KO_VS_WT_TREG_UP","91/6767","177/21355",3.64101857676686e-08,8.95323848589147e-08,1.53306045337552e-08
"GSE40274_EOS_VS_FOXP3_AND_EOS_TRANSDUCED_ACTIVATED_CD4_TCELL_UP","GSE40274_EOS_VS_FOXP3_AND_EOS_TRANSDUCED_ACTIVATED_CD4_TCELL_UP","81/6767","153/21355",3.80903045699804e-08,9.3618883763322e-08,1.60303345669696e-08
"GSE13946_CTRL_VS_DSS_COLITIS_GD_TCELL_FROM_COLON_DN","GSE13946_CTRL_VS_DSS_COLITIS_GD_TCELL_FROM_COLON_DN","88/6767","170/21355",4.02499788323854e-08,9.87848929983914e-08,1.6914908843924e-08
"GSE7348_UNSTIM_VS_LPS_STIM_MACROPHAGE_DN","GSE7348_UNSTIM_VS_LPS_STIM_MACROPHAGE_DN","88/6767","170/21355",4.02499788323854e-08,9.87848929983914e-08,1.6914908843924e-08
"GSE7768_OVA_ALONE_VS_OVA_WITH_LPS_IMMUNIZED_MOUSE_WHOLE_SPLEEN_6H_DN","GSE7768_OVA_ALONE_VS_OVA_WITH_LPS_IMMUNIZED_MOUSE_WHOLE_SPLEEN_6H_DN","88/6767","170/21355",4.02499788323854e-08,9.87848929983914e-08,1.6914908843924e-08
"GSE36888_UNTREATED_VS_IL2_TREATED_TCELL_2H_UP","GSE36888_UNTREATED_VS_IL2_TREATED_TCELL_2H_UP","99/6767","197/21355",4.16309342680052e-08,1.02125263154097e-07,1.74868794658858e-08
"GSE10240_IL22_VS_IL22_AND_IL17_STIM_PRIMARY_BRONCHIAL_EPITHELIAL_CELLS_DN","GSE10240_IL22_VS_IL22_AND_IL17_STIM_PRIMARY_BRONCHIAL_EPITHELIAL_CELLS_DN","100/6767","200/21355",4.93896220442327e-08,1.17558306509183e-07,2.01294750451498e-08
"GSE11961_FOLLICULAR_BCELL_VS_GERMINAL_CENTER_BCELL_DAY7_UP","GSE11961_FOLLICULAR_BCELL_VS_GERMINAL_CENTER_BCELL_DAY7_UP","100/6767","200/21355",4.93896220442327e-08,1.17558306509183e-07,2.01294750451498e-08
"GSE14308_TH17_VS_INDUCED_TREG_UP","GSE14308_TH17_VS_INDUCED_TREG_UP","100/6767","200/21355",4.93896220442327e-08,1.17558306509183e-07,2.01294750451498e-08
"GSE14308_TH2_VS_NAIVE_CD4_TCELL_DN","GSE14308_TH2_VS_NAIVE_CD4_TCELL_DN","100/6767","200/21355",4.93896220442327e-08,1.17558306509183e-07,2.01294750451498e-08
"GSE1448_ANTI_VALPHA2_VS_VBETA5_DP_THYMOCYTE_DN","GSE1448_ANTI_VALPHA2_VS_VBETA5_DP_THYMOCYTE_DN","100/6767","200/21355",4.93896220442327e-08,1.17558306509183e-07,2.01294750451498e-08
"GSE15330_HSC_VS_GRANULOCYTE_MONOCYTE_PROGENITOR_IKAROS_KO_UP","GSE15330_HSC_VS_GRANULOCYTE_MONOCYTE_PROGENITOR_IKAROS_KO_UP","100/6767","200/21355",4.93896220442327e-08,1.17558306509183e-07,2.01294750451498e-08
"GSE15330_LYMPHOID_MULTIPOTENT_VS_PRO_BCELL_DN","GSE15330_LYMPHOID_MULTIPOTENT_VS_PRO_BCELL_DN","100/6767","200/21355",4.93896220442327e-08,1.17558306509183e-07,2.01294750451498e-08
"GSE15330_MEGAKARYOCYTE_ERYTHROID_VS_GRANULOCYTE_MONOCYTE_PROGENITOR_DN","GSE15330_MEGAKARYOCYTE_ERYTHROID_VS_GRANULOCYTE_MONOCYTE_PROGENITOR_DN","100/6767","200/21355",4.93896220442327e-08,1.17558306509183e-07,2.01294750451498e-08
"GSE16385_UNTREATED_VS_12H_ROSIGLITAZONE_IL4_TREATED_MACROPHAGE_UP","GSE16385_UNTREATED_VS_12H_ROSIGLITAZONE_IL4_TREATED_MACROPHAGE_UP","100/6767","200/21355",4.93896220442327e-08,1.17558306509183e-07,2.01294750451498e-08
"GSE16451_CTRL_VS_WEST_EQUINE_ENC_VIRUS_IMMATURE_NEURON_CELL_LINE_UP","GSE16451_CTRL_VS_WEST_EQUINE_ENC_VIRUS_IMMATURE_NEURON_CELL_LINE_UP","100/6767","200/21355",4.93896220442327e-08,1.17558306509183e-07,2.01294750451498e-08
"GSE17721_0.5H_VS_4H_CPG_BMDC_DN","GSE17721_0.5H_VS_4H_CPG_BMDC_DN","100/6767","200/21355",4.93896220442327e-08,1.17558306509183e-07,2.01294750451498e-08
"GSE17721_CTRL_VS_GARDIQUIMOD_2H_BMDC_DN","GSE17721_CTRL_VS_GARDIQUIMOD_2H_BMDC_DN","100/6767","200/21355",4.93896220442327e-08,1.17558306509183e-07,2.01294750451498e-08
"GSE17721_PAM3CSK4_VS_CPG_12H_BMDC_UP","GSE17721_PAM3CSK4_VS_CPG_12H_BMDC_UP","100/6767","200/21355",4.93896220442327e-08,1.17558306509183e-07,2.01294750451498e-08
"GSE17721_POLYIC_VS_CPG_4H_BMDC_DN","GSE17721_POLYIC_VS_CPG_4H_BMDC_DN","100/6767","200/21355",4.93896220442327e-08,1.17558306509183e-07,2.01294750451498e-08
"GSE22025_UNTREATED_VS_PROGESTERONE_TREATED_CD4_TCELL_DN","GSE22025_UNTREATED_VS_PROGESTERONE_TREATED_CD4_TCELL_DN","100/6767","200/21355",4.93896220442327e-08,1.17558306509183e-07,2.01294750451498e-08
"GSE22886_NAIVE_CD4_TCELL_VS_48H_ACT_TH1_UP","GSE22886_NAIVE_CD4_TCELL_VS_48H_ACT_TH1_UP","100/6767","200/21355",4.93896220442327e-08,1.17558306509183e-07,2.01294750451498e-08
"GSE2405_HEAT_KILLED_LYSATE_VS_LIVE_A_PHAGOCYTOPHILUM_STIM_NEUTROPHIL_24H_DN","GSE2405_HEAT_KILLED_LYSATE_VS_LIVE_A_PHAGOCYTOPHILUM_STIM_NEUTROPHIL_24H_DN","100/6767","200/21355",4.93896220442327e-08,1.17558306509183e-07,2.01294750451498e-08
"GSE24634_IL4_VS_CTRL_TREATED_NAIVE_CD4_TCELL_DAY3_UP","GSE24634_IL4_VS_CTRL_TREATED_NAIVE_CD4_TCELL_DAY3_UP","100/6767","200/21355",4.93896220442327e-08,1.17558306509183e-07,2.01294750451498e-08
"GSE24634_NAIVE_CD4_TCELL_VS_DAY7_IL4_CONV_TREG_UP","GSE24634_NAIVE_CD4_TCELL_VS_DAY7_IL4_CONV_TREG_UP","100/6767","200/21355",4.93896220442327e-08,1.17558306509183e-07,2.01294750451498e-08
"GSE27092_WT_VS_HDAC7_PHOSPHO_DEFICIENT_CD8_TCELL_DN","GSE27092_WT_VS_HDAC7_PHOSPHO_DEFICIENT_CD8_TCELL_DN","100/6767","200/21355",4.93896220442327e-08,1.17558306509183e-07,2.01294750451498e-08
"GSE27670_BLIMP1_VS_LMP1_TRANSDUCED_GC_BCELL_UP","GSE27670_BLIMP1_VS_LMP1_TRANSDUCED_GC_BCELL_UP","100/6767","200/21355",4.93896220442327e-08,1.17558306509183e-07,2.01294750451498e-08
"GSE2770_IL12_AND_TGFB_VS_IL4_TREATED_ACT_CD4_TCELL_48H_UP","GSE2770_IL12_AND_TGFB_VS_IL4_TREATED_ACT_CD4_TCELL_48H_UP","100/6767","200/21355",4.93896220442327e-08,1.17558306509183e-07,2.01294750451498e-08
"GSE2770_UNTREATED_VS_IL12_TREATED_ACT_CD4_TCELL_48H_DN","GSE2770_UNTREATED_VS_IL12_TREATED_ACT_CD4_TCELL_48H_DN","100/6767","200/21355",4.93896220442327e-08,1.17558306509183e-07,2.01294750451498e-08
"GSE27786_LIN_NEG_VS_MONO_MAC_DN","GSE27786_LIN_NEG_VS_MONO_MAC_DN","100/6767","200/21355",4.93896220442327e-08,1.17558306509183e-07,2.01294750451498e-08
"GSE30083_SP1_VS_SP4_THYMOCYTE_DN","GSE30083_SP1_VS_SP4_THYMOCYTE_DN","100/6767","200/21355",4.93896220442327e-08,1.17558306509183e-07,2.01294750451498e-08
"GSE30083_SP1_VS_SP4_THYMOCYTE_UP","GSE30083_SP1_VS_SP4_THYMOCYTE_UP","100/6767","200/21355",4.93896220442327e-08,1.17558306509183e-07,2.01294750451498e-08
"GSE3039_NKT_CELL_VS_ALPHAALPHA_CD8_TCELL_UP","GSE3039_NKT_CELL_VS_ALPHAALPHA_CD8_TCELL_UP","100/6767","200/21355",4.93896220442327e-08,1.17558306509183e-07,2.01294750451498e-08
"GSE3039_NKT_CELL_VS_ALPHABETA_CD8_TCELL_DN","GSE3039_NKT_CELL_VS_ALPHABETA_CD8_TCELL_DN","100/6767","200/21355",4.93896220442327e-08,1.17558306509183e-07,2.01294750451498e-08
"GSE31082_DP_VS_CD8_SP_THYMOCYTE_UP","GSE31082_DP_VS_CD8_SP_THYMOCYTE_UP","100/6767","200/21355",4.93896220442327e-08,1.17558306509183e-07,2.01294750451498e-08
"GSE3203_INFLUENZA_INF_VS_IFNB_TREATED_LN_BCELL_DN","GSE3203_INFLUENZA_INF_VS_IFNB_TREATED_LN_BCELL_DN","100/6767","200/21355",4.93896220442327e-08,1.17558306509183e-07,2.01294750451498e-08
"GSE32423_IL7_VS_IL4_MEMORY_CD8_TCELL_UP","GSE32423_IL7_VS_IL4_MEMORY_CD8_TCELL_UP","100/6767","200/21355",4.93896220442327e-08,1.17558306509183e-07,2.01294750451498e-08
"GSE3337_CTRL_VS_4H_IFNG_IN_CD8POS_DC_DN","GSE3337_CTRL_VS_4H_IFNG_IN_CD8POS_DC_DN","100/6767","200/21355",4.93896220442327e-08,1.17558306509183e-07,2.01294750451498e-08
"GSE34392_ST2_KO_VS_WT_DAY8_LCMV_EFFECTOR_CD8_TCELL_DN","GSE34392_ST2_KO_VS_WT_DAY8_LCMV_EFFECTOR_CD8_TCELL_DN","100/6767","200/21355",4.93896220442327e-08,1.17558306509183e-07,2.01294750451498e-08
"GSE35825_UNTREATED_VS_IFNG_STIM_MACROPHAGE_UP","GSE35825_UNTREATED_VS_IFNG_STIM_MACROPHAGE_UP","100/6767","200/21355",4.93896220442327e-08,1.17558306509183e-07,2.01294750451498e-08
"GSE36392_TYPE_2_MYELOID_VS_NEUTROPHIL_IL25_TREATED_LUNG_DN","GSE36392_TYPE_2_MYELOID_VS_NEUTROPHIL_IL25_TREATED_LUNG_DN","100/6767","200/21355",4.93896220442327e-08,1.17558306509183e-07,2.01294750451498e-08
"GSE36891_UNSTIM_VS_POLYIC_TLR3_STIM_PERITONEAL_MACROPHAGE_DN","GSE36891_UNSTIM_VS_POLYIC_TLR3_STIM_PERITONEAL_MACROPHAGE_DN","100/6767","200/21355",4.93896220442327e-08,1.17558306509183e-07,2.01294750451498e-08
"GSE37301_GRANULOCYTE_MONOCYTE_PROGENITOR_VS_RAG2_KO_NK_CELL_DN","GSE37301_GRANULOCYTE_MONOCYTE_PROGENITOR_VS_RAG2_KO_NK_CELL_DN","100/6767","200/21355",4.93896220442327e-08,1.17558306509183e-07,2.01294750451498e-08
"GSE37301_LYMPHOID_PRIMED_MPP_VS_PRO_BCELL_UP","GSE37301_LYMPHOID_PRIMED_MPP_VS_PRO_BCELL_UP","100/6767","200/21355",4.93896220442327e-08,1.17558306509183e-07,2.01294750451498e-08
"GSE37301_RAG2_KO_VS_RAG2_AND_ETS1_KO_NK_CELL_UP","GSE37301_RAG2_KO_VS_RAG2_AND_ETS1_KO_NK_CELL_UP","100/6767","200/21355",4.93896220442327e-08,1.17558306509183e-07,2.01294750451498e-08
"GSE37533_PPARG1_FOXP3_VS_FOXP3_TRANSDUCED_CD4_TCELL_PIOGLITAZONE_TREATED_UP","GSE37533_PPARG1_FOXP3_VS_FOXP3_TRANSDUCED_CD4_TCELL_PIOGLITAZONE_TREATED_UP","100/6767","200/21355",4.93896220442327e-08,1.17558306509183e-07,2.01294750451498e-08
"GSE39556_UNTREATED_VS_3H_POLYIC_INJ_MOUSE_NK_CELL_UP","GSE39556_UNTREATED_VS_3H_POLYIC_INJ_MOUSE_NK_CELL_UP","100/6767","200/21355",4.93896220442327e-08,1.17558306509183e-07,2.01294750451498e-08
"GSE3982_CTRL_VS_LPS_48H_DC_DN","GSE3982_CTRL_VS_LPS_48H_DC_DN","100/6767","200/21355",4.93896220442327e-08,1.17558306509183e-07,2.01294750451498e-08
"GSE3982_DC_VS_MAC_LPS_STIM_UP","GSE3982_DC_VS_MAC_LPS_STIM_UP","100/6767","200/21355",4.93896220442327e-08,1.17558306509183e-07,2.01294750451498e-08
"GSE39820_TGFBETA1_IL6_VS_TGFBETA1_IL6_IL23A_TREATED_CD4_TCELL_UP","GSE39820_TGFBETA1_IL6_VS_TGFBETA1_IL6_IL23A_TREATED_CD4_TCELL_UP","100/6767","200/21355",4.93896220442327e-08,1.17558306509183e-07,2.01294750451498e-08
"GSE40274_FOXP3_VS_FOXP3_AND_PBX1_TRANSDUCED_ACTIVATED_CD4_TCELL_UP","GSE40274_FOXP3_VS_FOXP3_AND_PBX1_TRANSDUCED_ACTIVATED_CD4_TCELL_UP","100/6767","200/21355",4.93896220442327e-08,1.17558306509183e-07,2.01294750451498e-08
"GSE40666_NAIVE_VS_EFFECTOR_CD8_TCELL_WITH_IFNA_STIM_90MIN_DN","GSE40666_NAIVE_VS_EFFECTOR_CD8_TCELL_WITH_IFNA_STIM_90MIN_DN","100/6767","200/21355",4.93896220442327e-08,1.17558306509183e-07,2.01294750451498e-08
"GSE40666_WT_VS_STAT1_KO_CD8_TCELL_UP","GSE40666_WT_VS_STAT1_KO_CD8_TCELL_UP","100/6767","200/21355",4.93896220442327e-08,1.17558306509183e-07,2.01294750451498e-08
"GSE41176_UNSTIM_VS_ANTI_IGM_STIM_BCELL_6H_UP","GSE41176_UNSTIM_VS_ANTI_IGM_STIM_BCELL_6H_UP","100/6767","200/21355",4.93896220442327e-08,1.17558306509183e-07,2.01294750451498e-08
"GSE41867_DAY8_EFFECTOR_VS_DAY30_EXHAUSTED_CD8_TCELL_LCMV_CLONE13_DN","GSE41867_DAY8_EFFECTOR_VS_DAY30_EXHAUSTED_CD8_TCELL_LCMV_CLONE13_DN","100/6767","200/21355",4.93896220442327e-08,1.17558306509183e-07,2.01294750451498e-08
"GSE41867_NAIVE_VS_DAY6_LCMV_ARMSTRONG_EFFECTOR_CD8_TCELL_DN","GSE41867_NAIVE_VS_DAY6_LCMV_ARMSTRONG_EFFECTOR_CD8_TCELL_DN","100/6767","200/21355",4.93896220442327e-08,1.17558306509183e-07,2.01294750451498e-08
"GSE41867_NAIVE_VS_DAY6_LCMV_EFFECTOR_CD8_TCELL_UP","GSE41867_NAIVE_VS_DAY6_LCMV_EFFECTOR_CD8_TCELL_UP","100/6767","200/21355",4.93896220442327e-08,1.17558306509183e-07,2.01294750451498e-08
"GSE41867_NAIVE_VS_DAY8_LCMV_EFFECTOR_CD8_TCELL_UP","GSE41867_NAIVE_VS_DAY8_LCMV_EFFECTOR_CD8_TCELL_UP","100/6767","200/21355",4.93896220442327e-08,1.17558306509183e-07,2.01294750451498e-08
"GSE41978_ID2_KO_VS_ID2_KO_AND_BIM_KO_KLRG1_LOW_EFFECTOR_CD8_TCELL_DN","GSE41978_ID2_KO_VS_ID2_KO_AND_BIM_KO_KLRG1_LOW_EFFECTOR_CD8_TCELL_DN","100/6767","200/21355",4.93896220442327e-08,1.17558306509183e-07,2.01294750451498e-08
"GSE43863_TH1_VS_LY6C_INT_CXCR5POS_EFFECTOR_CD4_TCELL_DN","GSE43863_TH1_VS_LY6C_INT_CXCR5POS_EFFECTOR_CD4_TCELL_DN","100/6767","200/21355",4.93896220442327e-08,1.17558306509183e-07,2.01294750451498e-08
"GSE43955_TH0_VS_TGFB_IL6_TH17_ACT_CD4_TCELL_42H_UP","GSE43955_TH0_VS_TGFB_IL6_TH17_ACT_CD4_TCELL_42H_UP","100/6767","200/21355",4.93896220442327e-08,1.17558306509183e-07,2.01294750451498e-08
"GSE46606_UNSTIM_VS_CD40L_IL2_IL5_3DAY_STIMULATED_IRF4MID_SORTED_BCELL_DN","GSE46606_UNSTIM_VS_CD40L_IL2_IL5_3DAY_STIMULATED_IRF4MID_SORTED_BCELL_DN","100/6767","200/21355",4.93896220442327e-08,1.17558306509183e-07,2.01294750451498e-08
"GSE4748_CTRL_VS_CYANOBACTERIUM_LPSLIKE_STIM_DC_3H_UP","GSE4748_CTRL_VS_CYANOBACTERIUM_LPSLIKE_STIM_DC_3H_UP","100/6767","200/21355",4.93896220442327e-08,1.17558306509183e-07,2.01294750451498e-08
"GSE5142_CTRL_VS_HTERT_TRANSDUCED_CD8_TCELL_EARLY_PASSAGE_CLONE_DN","GSE5142_CTRL_VS_HTERT_TRANSDUCED_CD8_TCELL_EARLY_PASSAGE_CLONE_DN","100/6767","200/21355",4.93896220442327e-08,1.17558306509183e-07,2.01294750451498e-08
"GSE5542_IFNA_VS_IFNA_AND_IFNG_TREATED_EPITHELIAL_CELLS_24H_UP","GSE5542_IFNA_VS_IFNA_AND_IFNG_TREATED_EPITHELIAL_CELLS_24H_UP","100/6767","200/21355",4.93896220442327e-08,1.17558306509183e-07,2.01294750451498e-08
"GSE5589_IL6_KO_VS_IL10_KO_LPS_AND_IL10_STIM_MACROPHAGE_180MIN_DN","GSE5589_IL6_KO_VS_IL10_KO_LPS_AND_IL10_STIM_MACROPHAGE_180MIN_DN","100/6767","200/21355",4.93896220442327e-08,1.17558306509183e-07,2.01294750451498e-08
"GSE5679_CTRL_VS_PPARG_LIGAND_ROSIGLITAZONE_AND_RARA_AGONIST_AM580_TREATED_DC_DN","GSE5679_CTRL_VS_PPARG_LIGAND_ROSIGLITAZONE_AND_RARA_AGONIST_AM580_TREATED_DC_DN","100/6767","200/21355",4.93896220442327e-08,1.17558306509183e-07,2.01294750451498e-08
"GSE8921_3H_VS_24H_TLR1_2_STIM_MONOCYTE_UP","GSE8921_3H_VS_24H_TLR1_2_STIM_MONOCYTE_UP","100/6767","200/21355",4.93896220442327e-08,1.17558306509183e-07,2.01294750451498e-08
"GSE8921_UNSTIM_VS_TLR1_2_STIM_MONOCYTE_12H_UP","GSE8921_UNSTIM_VS_TLR1_2_STIM_MONOCYTE_12H_UP","100/6767","200/21355",4.93896220442327e-08,1.17558306509183e-07,2.01294750451498e-08
"GSE9037_WT_VS_IRAK4_KO_LPS_1H_STIM_BMDM_UP","GSE9037_WT_VS_IRAK4_KO_LPS_1H_STIM_BMDM_UP","100/6767","200/21355",4.93896220442327e-08,1.17558306509183e-07,2.01294750451498e-08
"SCHERER_PBMC_YF_VAX_AGE_18_40YO_4_TO_7DY_UP","SCHERER_PBMC_YF_VAX_AGE_18_40YO_4_TO_7DY_UP","161/6767","356/21355",4.95496075807402e-08,1.17884379613204e-07,2.01853084490596e-08
"GSE32901_NAIVE_VS_TH17_ENRICHED_CD4_TCELL_DN","GSE32901_NAIVE_VS_TH17_ENRICHED_CD4_TCELL_DN","91/6767","178/21355",5.14451984621955e-08,1.22280729029057e-07,2.09380940963185e-08
"GSE7219_UNSTIM_VS_LPS_AND_ANTI_CD40_STIM_NIK_NFKB2_KO_DC_UP","GSE7219_UNSTIM_VS_LPS_AND_ANTI_CD40_STIM_NIK_NFKB2_KO_DC_UP","91/6767","178/21355",5.14451984621955e-08,1.22280729029057e-07,2.09380940963185e-08
"GSE21063_CTRL_VS_ANTI_IGM_STIM_BCELL_NFATC1_KO_3H_DN","GSE21063_CTRL_VS_ANTI_IGM_STIM_BCELL_NFATC1_KO_3H_DN","95/6767","188/21355",5.50222056642788e-08,1.3072235794289e-07,2.23835517896729e-08
"GSE21670_IL6_VS_TGFB_AND_IL6_TREATED_CD4_TCELL_UP","GSE21670_IL6_VS_TGFB_AND_IL6_TREATED_CD4_TCELL_UP","97/6767","193/21355",5.63920647886914e-08,1.33914829167031e-07,2.29301977200793e-08
"GSE15624_3H_VS_6H_HALOFUGINONE_TREATED_CD4_TCELL_UP","GSE15624_3H_VS_6H_HALOFUGINONE_TREATED_CD4_TCELL_UP","88/6767","171/21355",5.72749236533909e-08,1.35948395171729e-07,2.32784046427525e-08
"GSE13411_IGM_MEMORY_BCELL_VS_PLASMA_CELL_UP","GSE13411_IGM_MEMORY_BCELL_VS_PLASMA_CELL_UP","99/6767","198/21355",5.74841814476366e-08,1.36067127554032e-07,2.32987351544583e-08
"GSE17301_IFNA2_VS_IFNA5_STIM_ACD3_ACD28_ACT_CD8_TCELL_UP","GSE17301_IFNA2_VS_IFNA5_STIM_ACD3_ACD28_ACT_CD8_TCELL_UP","99/6767","198/21355",5.74841814476366e-08,1.36067127554032e-07,2.32987351544583e-08
"GSE22886_NAIVE_BCELL_VS_BM_PLASMA_CELL_DN","GSE22886_NAIVE_BCELL_VS_BM_PLASMA_CELL_DN","99/6767","198/21355",5.74841814476366e-08,1.36067127554032e-07,2.32987351544583e-08
"GSE2770_IL4_ACT_VS_ACT_CD4_TCELL_6H_UP","GSE2770_IL4_ACT_VS_ACT_CD4_TCELL_6H_UP","99/6767","198/21355",5.74841814476366e-08,1.36067127554032e-07,2.32987351544583e-08
"GSE29618_LAIV_VS_TIV_FLU_VACCINE_DAY7_MONOCYTE_UP","GSE29618_LAIV_VS_TIV_FLU_VACCINE_DAY7_MONOCYTE_UP","99/6767","198/21355",5.74841814476366e-08,1.36067127554032e-07,2.32987351544583e-08
"GSE9988_ANTI_TREM1_VS_LOW_LPS_MONOCYTE_DN","GSE9988_ANTI_TREM1_VS_LOW_LPS_MONOCYTE_DN","99/6767","198/21355",5.74841814476366e-08,1.36067127554032e-07,2.32987351544583e-08
"GSE21063_CTRL_VS_ANTI_IGM_STIM_BCELL_NFATC1_KO_8H_UP","GSE21063_CTRL_VS_ANTI_IGM_STIM_BCELL_NFATC1_KO_8H_UP","96/6767","191/21355",6.5634174948078e-08,1.55215136051105e-07,2.65774431475515e-08
"GSE37605_C57BL6_VS_NOD_FOXP3_FUSION_GFP_TREG_DN","GSE37605_C57BL6_VS_NOD_FOXP3_FUSION_GFP_TREG_DN","96/6767","191/21355",6.5634174948078e-08,1.55215136051105e-07,2.65774431475515e-08
"GSE7768_OVA_ALONE_VS_OVA_WITH_LPS_IMMUNIZED_MOUSE_WHOLE_SPLEEN_6H_UP","GSE7768_OVA_ALONE_VS_OVA_WITH_LPS_IMMUNIZED_MOUSE_WHOLE_SPLEEN_6H_UP","87/6767","169/21355",6.66112828573416e-08,1.57453226007188e-07,2.69606706476537e-08
"GSE11864_CSF1_IFNG_VS_CSF1_PAM3CYS_IN_MAC_DN","GSE11864_CSF1_IFNG_VS_CSF1_PAM3CYS_IN_MAC_DN","98/6767","196/21355",6.69065122158543e-08,1.58005383754346e-07,2.70552164600463e-08
"GSE27241_CTRL_VS_DIGOXIN_TREATED_CD4_TCELL_IN_TH17_POLARIZING_CONDITIONS_DN","GSE27241_CTRL_VS_DIGOXIN_TREATED_CD4_TCELL_IN_TH17_POLARIZING_CONDITIONS_DN","98/6767","196/21355",6.69065122158543e-08,1.58005383754346e-07,2.70552164600463e-08
"GSE32901_TH17_EMRICHED_VS_TH17_NEG_CD4_TCELL_DN","GSE32901_TH17_EMRICHED_VS_TH17_NEG_CD4_TCELL_DN","89/6767","174/21355",6.96285494738404e-08,1.6420679537828e-07,2.81170823905403e-08
"GSE37532_VISCERAL_ADIPOSE_TISSUE_VS_LN_DERIVED_PPARG_KO_TREG_CD4_TCELL_UP","GSE37532_VISCERAL_ADIPOSE_TISSUE_VS_LN_DERIVED_PPARG_KO_TREG_CD4_TCELL_UP","89/6767","174/21355",6.96285494738404e-08,1.6420679537828e-07,2.81170823905403e-08
"GSE9601_UNTREATED_VS_NFKB_INHIBITOR_TREATED_HCMV_INF_MONOCYTE_DN","GSE9601_UNTREATED_VS_NFKB_INHIBITOR_TREATED_HCMV_INF_MONOCYTE_DN","89/6767","174/21355",6.96285494738404e-08,1.6420679537828e-07,2.81170823905403e-08
"GSE27241_CTRL_VS_DIGOXIN_TREATED_CD4_TCELL_IN_TH17_POLARIZING_CONDITIONS_UP","GSE27241_CTRL_VS_DIGOXIN_TREATED_CD4_TCELL_IN_TH17_POLARIZING_CONDITIONS_UP","84/6767","162/21355",7.35106847043359e-08,1.73202794337836e-07,2.96574647075349e-08
"GSE40274_CTRL_VS_IRF4_TRANSDUCED_ACTIVATED_CD4_TCELL_UP","GSE40274_CTRL_VS_IRF4_TRANSDUCED_ACTIVATED_CD4_TCELL_UP","84/6767","162/21355",7.35106847043359e-08,1.73202794337836e-07,2.96574647075349e-08
"GSE37534_PIOGLITAZONE_VS_ROSIGLITAZONE_TREATED_CD4_TCELL_PPARG1_FOXP3_TRANSDUCED_UP","GSE37534_PIOGLITAZONE_VS_ROSIGLITAZONE_TREATED_CD4_TCELL_PPARG1_FOXP3_TRANSDUCED_UP","93/6767","184/21355",7.45251908616404e-08,1.75512472920363e-07,3.00529503075735e-08
"GSE7568_CTRL_VS_3H_TGFB_TREATED_MACROPHAGES_WITH_IL4_AND_DEXAMETHASONE_DN","GSE7568_CTRL_VS_3H_TGFB_TREATED_MACROPHAGES_WITH_IL4_AND_DEXAMETHASONE_DN","86/6767","167/21355",7.7469857855219e-08,1.82363618560013e-07,3.12260700068883e-08
"GSE17974_0.5H_VS_72H_UNTREATED_IN_VITRO_CD4_TCELL_UP","GSE17974_0.5H_VS_72H_UNTREATED_IN_VITRO_CD4_TCELL_UP","97/6767","194/21355",7.78746716691975e-08,1.82814425244681e-07,3.13032615059724e-08
"GSE1925_CTRL_VS_24H_IFNG_STIM_MACROPHAGE_DN","GSE1925_CTRL_VS_24H_IFNG_STIM_MACROPHAGE_DN","97/6767","194/21355",7.78746716691975e-08,1.82814425244681e-07,3.13032615059724e-08
"GSE10325_LUPUS_CD4_TCELL_VS_LUPUS_BCELL_UP","GSE10325_LUPUS_CD4_TCELL_VS_LUPUS_BCELL_UP","99/6767","199/21355",7.89806810838637e-08,1.82814425244681e-07,3.13032615059724e-08
"GSE11961_MARGINAL_ZONE_BCELL_VS_PLASMA_CELL_DAY7_DN","GSE11961_MARGINAL_ZONE_BCELL_VS_PLASMA_CELL_DAY7_DN","99/6767","199/21355",7.89806810838637e-08,1.82814425244681e-07,3.13032615059724e-08
"GSE13229_IMM_VS_MATURE_NKCELL_DN","GSE13229_IMM_VS_MATURE_NKCELL_DN","99/6767","199/21355",7.89806810838637e-08,1.82814425244681e-07,3.13032615059724e-08
"GSE15930_STIM_VS_STIM_AND_IL12_72H_CD8_T_CELL_UP","GSE15930_STIM_VS_STIM_AND_IL12_72H_CD8_T_CELL_UP","99/6767","199/21355",7.89806810838637e-08,1.82814425244681e-07,3.13032615059724e-08
"GSE17721_0.5H_VS_12H_LPS_BMDC_DN","GSE17721_0.5H_VS_12H_LPS_BMDC_DN","99/6767","199/21355",7.89806810838637e-08,1.82814425244681e-07,3.13032615059724e-08
"GSE17721_CTRL_VS_GARDIQUIMOD_6H_BMDC_DN","GSE17721_CTRL_VS_GARDIQUIMOD_6H_BMDC_DN","99/6767","199/21355",7.89806810838637e-08,1.82814425244681e-07,3.13032615059724e-08
"GSE17721_CTRL_VS_LPS_24H_BMDC_UP","GSE17721_CTRL_VS_LPS_24H_BMDC_UP","99/6767","199/21355",7.89806810838637e-08,1.82814425244681e-07,3.13032615059724e-08
"GSE17721_CTRL_VS_PAM3CSK4_1H_BMDC_UP","GSE17721_CTRL_VS_PAM3CSK4_1H_BMDC_UP","99/6767","199/21355",7.89806810838637e-08,1.82814425244681e-07,3.13032615059724e-08
"GSE1925_CTRL_VS_24H_IFNG_STIM_IFNG_PRIMED_MACROPHAGE_UP","GSE1925_CTRL_VS_24H_IFNG_STIM_IFNG_PRIMED_MACROPHAGE_UP","99/6767","199/21355",7.89806810838637e-08,1.82814425244681e-07,3.13032615059724e-08
"GSE19941_IL10_KO_VS_IL10_KO_AND_NFKBP50_KO_LPS_AND_IL10_STIM_MACROPHAGE_UP","GSE19941_IL10_KO_VS_IL10_KO_AND_NFKBP50_KO_LPS_AND_IL10_STIM_MACROPHAGE_UP","99/6767","199/21355",7.89806810838637e-08,1.82814425244681e-07,3.13032615059724e-08
"GSE20151_CTRL_VS_FUSOBACT_NUCLEATUM_NEUTROPHIL_DN","GSE20151_CTRL_VS_FUSOBACT_NUCLEATUM_NEUTROPHIL_DN","99/6767","199/21355",7.89806810838637e-08,1.82814425244681e-07,3.13032615059724e-08
"GSE20366_EX_VIVO_VS_DEC205_CONVERSION_UP","GSE20366_EX_VIVO_VS_DEC205_CONVERSION_UP","99/6767","199/21355",7.89806810838637e-08,1.82814425244681e-07,3.13032615059724e-08
"GSE22140_GERMFREE_VS_SPF_MOUSE_CD4_TCELL_UP","GSE22140_GERMFREE_VS_SPF_MOUSE_CD4_TCELL_UP","99/6767","199/21355",7.89806810838637e-08,1.82814425244681e-07,3.13032615059724e-08
"GSE22886_NAIVE_CD4_TCELL_VS_12H_ACT_TH2_UP","GSE22886_NAIVE_CD4_TCELL_VS_12H_ACT_TH2_UP","99/6767","199/21355",7.89806810838637e-08,1.82814425244681e-07,3.13032615059724e-08
"GSE22935_24H_VS_48H_MBOVIS_BCG_STIM_MYD88_KO_MACROPHAGE_UP","GSE22935_24H_VS_48H_MBOVIS_BCG_STIM_MYD88_KO_MACROPHAGE_UP","99/6767","199/21355",7.89806810838637e-08,1.82814425244681e-07,3.13032615059724e-08
"GSE23505_IL6_IL1_IL23_VS_IL6_IL1_TGFB_TREATED_CD4_TCELL_DN","GSE23505_IL6_IL1_IL23_VS_IL6_IL1_TGFB_TREATED_CD4_TCELL_DN","99/6767","199/21355",7.89806810838637e-08,1.82814425244681e-07,3.13032615059724e-08
"GSE2405_0H_VS_1.5H_A_PHAGOCYTOPHILUM_STIM_NEUTROPHIL_DN","GSE2405_0H_VS_1.5H_A_PHAGOCYTOPHILUM_STIM_NEUTROPHIL_DN","99/6767","199/21355",7.89806810838637e-08,1.82814425244681e-07,3.13032615059724e-08
"GSE24142_DN2_VS_DN3_THYMOCYTE_DN","GSE24142_DN2_VS_DN3_THYMOCYTE_DN","99/6767","199/21355",7.89806810838637e-08,1.82814425244681e-07,3.13032615059724e-08
"GSE360_CTRL_VS_L_MAJOR_DC_UP","GSE360_CTRL_VS_L_MAJOR_DC_UP","99/6767","199/21355",7.89806810838637e-08,1.82814425244681e-07,3.13032615059724e-08
"GSE360_L_DONOVANI_VS_B_MALAYI_LOW_DOSE_DC_UP","GSE360_L_DONOVANI_VS_B_MALAYI_LOW_DOSE_DC_UP","99/6767","199/21355",7.89806810838637e-08,1.82814425244681e-07,3.13032615059724e-08
"GSE360_T_GONDII_VS_B_MALAYI_LOW_DOSE_DC_DN","GSE360_T_GONDII_VS_B_MALAYI_LOW_DOSE_DC_DN","99/6767","199/21355",7.89806810838637e-08,1.82814425244681e-07,3.13032615059724e-08
"GSE36078_WT_VS_IL1R_KO_LUNG_DC_AFTER_AD5_T425A_HEXON_INF_DN","GSE36078_WT_VS_IL1R_KO_LUNG_DC_AFTER_AD5_T425A_HEXON_INF_DN","99/6767","199/21355",7.89806810838637e-08,1.82814425244681e-07,3.13032615059724e-08
"GSE36888_STAT5_AB_KNOCKIN_VS_WT_TCELL_IL2_TREATED_17H_UP","GSE36888_STAT5_AB_KNOCKIN_VS_WT_TCELL_IL2_TREATED_17H_UP","99/6767","199/21355",7.89806810838637e-08,1.82814425244681e-07,3.13032615059724e-08
"GSE37301_MULTIPOTENT_PROGENITOR_VS_GRAN_MONO_PROGENITOR_UP","GSE37301_MULTIPOTENT_PROGENITOR_VS_GRAN_MONO_PROGENITOR_UP","99/6767","199/21355",7.89806810838637e-08,1.82814425244681e-07,3.13032615059724e-08
"GSE37533_PPARG1_FOXP3_VS_FOXP3_TRANSDUCED_CD4_TCELL_PIOGLITAZONE_TREATED_DN","GSE37533_PPARG1_FOXP3_VS_FOXP3_TRANSDUCED_CD4_TCELL_PIOGLITAZONE_TREATED_DN","99/6767","199/21355",7.89806810838637e-08,1.82814425244681e-07,3.13032615059724e-08
"GSE39556_CD8A_DC_VS_NK_CELL_DN","GSE39556_CD8A_DC_VS_NK_CELL_DN","99/6767","199/21355",7.89806810838637e-08,1.82814425244681e-07,3.13032615059724e-08
"GSE3982_DC_VS_BASOPHIL_DN","GSE3982_DC_VS_BASOPHIL_DN","99/6767","199/21355",7.89806810838637e-08,1.82814425244681e-07,3.13032615059724e-08
"GSE3982_DC_VS_TH2_DN","GSE3982_DC_VS_TH2_DN","99/6767","199/21355",7.89806810838637e-08,1.82814425244681e-07,3.13032615059724e-08
"GSE3982_MAST_CELL_VS_MAC_UP","GSE3982_MAST_CELL_VS_MAC_UP","99/6767","199/21355",7.89806810838637e-08,1.82814425244681e-07,3.13032615059724e-08
"GSE40273_XBP1_KO_VS_WT_TREG_DN","GSE40273_XBP1_KO_VS_WT_TREG_DN","99/6767","199/21355",7.89806810838637e-08,1.82814425244681e-07,3.13032615059724e-08
"GSE411_UNSTIM_VS_400MIN_IL6_STIM_SOCS3_KO_MACROPHAGE_UP","GSE411_UNSTIM_VS_400MIN_IL6_STIM_SOCS3_KO_MACROPHAGE_UP","99/6767","199/21355",7.89806810838637e-08,1.82814425244681e-07,3.13032615059724e-08
"GSE43863_TFH_VS_LY6C_LOW_CXCR5NEG_EFFECTOR_CD4_TCELL_UP","GSE43863_TFH_VS_LY6C_LOW_CXCR5NEG_EFFECTOR_CD4_TCELL_UP","99/6767","199/21355",7.89806810838637e-08,1.82814425244681e-07,3.13032615059724e-08
"GSE5463_CTRL_VS_DEXAMETHASONE_TREATED_THYMOCYTE_DN","GSE5463_CTRL_VS_DEXAMETHASONE_TREATED_THYMOCYTE_DN","99/6767","199/21355",7.89806810838637e-08,1.82814425244681e-07,3.13032615059724e-08
"GSE5503_LIVER_DC_VS_PLN_DC_ACTIVATED_ALLOGENIC_TCELL_UP","GSE5503_LIVER_DC_VS_PLN_DC_ACTIVATED_ALLOGENIC_TCELL_UP","99/6767","199/21355",7.89806810838637e-08,1.82814425244681e-07,3.13032615059724e-08
"GSE7548_NAIVE_VS_DAY7_PCC_IMMUNIZATION_CD4_TCELL_DN","GSE7548_NAIVE_VS_DAY7_PCC_IMMUNIZATION_CD4_TCELL_DN","99/6767","199/21355",7.89806810838637e-08,1.82814425244681e-07,3.13032615059724e-08
"FRANCO_BLOOD_SANOFI_PASTEUR_SA_INACTIVATED_INFLUENZA_VACCINE_CORRELATED_WITH_ANTIBODY_RESPONSE_AGE_18_40YO_1DY_POSITIVE","FRANCO_BLOOD_SANOFI_PASTEUR_SA_INACTIVATED_INFLUENZA_VACCINE_CORRELATED_WITH_ANTIBODY_RESPONSE_AGE_18_40YO_1DY_POSITIVE","70/6767","129/21355",8.72994943412871e-08,2.01978568360911e-07,3.45847322252676e-08
"GSE22033_UNTREATED_VS_MRL24_TREATED_MEF_DN","GSE22033_UNTREATED_VS_MRL24_TREATED_MEF_DN","98/6767","197/21355",9.19267812955428e-08,2.12588456338407e-07,3.640146029508e-08
"GSE3920_IFNA_VS_IFNG_TREATED_FIBROBLAST_UP","GSE3920_IFNA_VS_IFNG_TREATED_FIBROBLAST_UP","89/6767","175/21355",9.78638388662541e-08,2.26216366937459e-07,3.8734963511203e-08
"GSE25146_UNSTIM_VS_HELIOBACTER_PYLORI_LPS_STIM_AGS_CELL_UP","GSE25146_UNSTIM_VS_HELIOBACTER_PYLORI_LPS_STIM_AGS_CELL_UP","91/6767","180/21355",1.00948552186958e-07,2.33241652574372e-07,3.99379011522131e-08
"GSE35825_IFNA_VS_IFNG_STIM_MACROPHAGE_UP","GSE35825_IFNA_VS_IFNG_STIM_MACROPHAGE_UP","84/6767","163/21355",1.04787261871698e-07,2.41892972362088e-07,4.14192641536512e-08
"GSE6259_FLT3L_INDUCED_DEC205_POS_DC_VS_CD4_TCELL_UP","GSE6259_FLT3L_INDUCED_DEC205_POS_DC_VS_CD4_TCELL_UP","84/6767","163/21355",1.04787261871698e-07,2.41892972362088e-07,4.14192641536512e-08
"GSE11864_CSF1_VS_CSF1_IFNG_PAM3CYS_IN_MAC_UP","GSE11864_CSF1_VS_CSF1_IFNG_PAM3CYS_IN_MAC_UP","97/6767","195/21355",1.06996913550075e-07,2.4229456746988e-07,4.14880291685667e-08
"GSE26290_WT_VS_PDK1_KO_ANTI_CD3_AND_IL2_STIM_CD8_TCELL_UP","GSE26290_WT_VS_PDK1_KO_ANTI_CD3_AND_IL2_STIM_CD8_TCELL_UP","97/6767","195/21355",1.06996913550075e-07,2.4229456746988e-07,4.14880291685667e-08
"GSE9988_ANTI_TREM1_AND_LPS_VS_VEHICLE_TREATED_MONOCYTES_UP","GSE9988_ANTI_TREM1_AND_LPS_VS_VEHICLE_TREATED_MONOCYTES_UP","97/6767","195/21355",1.06996913550075e-07,2.4229456746988e-07,4.14880291685667e-08
"GSE10239_KLRG1INT_VS_KLRG1HIGH_EFF_CD8_TCELL_UP","GSE10239_KLRG1INT_VS_KLRG1HIGH_EFF_CD8_TCELL_UP","99/6767","200/21355",1.07985778558353e-07,2.4229456746988e-07,4.14880291685667e-08
"GSE10240_CTRL_VS_IL22_STIM_PRIMARY_BRONCHIAL_EPITHELIAL_CELLS_DN","GSE10240_CTRL_VS_IL22_STIM_PRIMARY_BRONCHIAL_EPITHELIAL_CELLS_DN","99/6767","200/21355",1.07985778558353e-07,2.4229456746988e-07,4.14880291685667e-08
"GSE10240_IL22_VS_IL22_AND_IL17_STIM_PRIMARY_BRONCHIAL_EPITHELIAL_CELLS_UP","GSE10240_IL22_VS_IL22_AND_IL17_STIM_PRIMARY_BRONCHIAL_EPITHELIAL_CELLS_UP","99/6767","200/21355",1.07985778558353e-07,2.4229456746988e-07,4.14880291685667e-08
"GSE10273_LOW_IL7_VS_HIGH_IL7_AND_IRF4_IN_IRF4_8_NULL_PRE_BCELL_UP","GSE10273_LOW_IL7_VS_HIGH_IL7_AND_IRF4_IN_IRF4_8_NULL_PRE_BCELL_UP","99/6767","200/21355",1.07985778558353e-07,2.4229456746988e-07,4.14880291685667e-08
"GSE11961_FOLLICULAR_BCELL_VS_MEMORY_BCELL_DAY7_UP","GSE11961_FOLLICULAR_BCELL_VS_MEMORY_BCELL_DAY7_UP","99/6767","200/21355",1.07985778558353e-07,2.4229456746988e-07,4.14880291685667e-08
"GSE11973_MIR223_KOVS_WT_BONE_MARROW_NEUTROPHIL_UP","GSE11973_MIR223_KOVS_WT_BONE_MARROW_NEUTROPHIL_UP","99/6767","200/21355",1.07985778558353e-07,2.4229456746988e-07,4.14880291685667e-08
"GSE14308_TH1_VS_NAIVE_CD4_TCELL_UP","GSE14308_TH1_VS_NAIVE_CD4_TCELL_UP","99/6767","200/21355",1.07985778558353e-07,2.4229456746988e-07,4.14880291685667e-08
"GSE14308_TH2_VS_NAIVE_CD4_TCELL_UP","GSE14308_TH2_VS_NAIVE_CD4_TCELL_UP","99/6767","200/21355",1.07985778558353e-07,2.4229456746988e-07,4.14880291685667e-08
"GSE14350_TREG_VS_TEFF_IN_IL2RB_KO_UP","GSE14350_TREG_VS_TEFF_IN_IL2RB_KO_UP","99/6767","200/21355",1.07985778558353e-07,2.4229456746988e-07,4.14880291685667e-08
"GSE1448_CTRL_VS_ANTI_VALPHA2_DP_THYMOCYTE_UP","GSE1448_CTRL_VS_ANTI_VALPHA2_DP_THYMOCYTE_UP","99/6767","200/21355",1.07985778558353e-07,2.4229456746988e-07,4.14880291685667e-08
"GSE1460_DP_THYMOCYTE_VS_THYMIC_STROMAL_CELL_DN","GSE1460_DP_THYMOCYTE_VS_THYMIC_STROMAL_CELL_DN","99/6767","200/21355",1.07985778558353e-07,2.4229456746988e-07,4.14880291685667e-08
"GSE14908_RESTING_VS_HDM_STIM_CD4_TCELL_ATOPIC_PATIENT_UP","GSE14908_RESTING_VS_HDM_STIM_CD4_TCELL_ATOPIC_PATIENT_UP","99/6767","200/21355",1.07985778558353e-07,2.4229456746988e-07,4.14880291685667e-08
"GSE15330_WT_VS_IKAROS_KO_HSC_UP","GSE15330_WT_VS_IKAROS_KO_HSC_UP","99/6767","200/21355",1.07985778558353e-07,2.4229456746988e-07,4.14880291685667e-08
"GSE15930_NAIVE_VS_24H_IN_VITRO_STIM_CD8_TCELL_UP","GSE15930_NAIVE_VS_24H_IN_VITRO_STIM_CD8_TCELL_UP","99/6767","200/21355",1.07985778558353e-07,2.4229456746988e-07,4.14880291685667e-08
"GSE15930_NAIVE_VS_24H_IN_VITRO_STIM_INFAB_CD8_TCELL_UP","GSE15930_NAIVE_VS_24H_IN_VITRO_STIM_INFAB_CD8_TCELL_UP","99/6767","200/21355",1.07985778558353e-07,2.4229456746988e-07,4.14880291685667e-08
"GSE16266_CTRL_VS_HEATSHOCK_AND_LPS_STIM_MEF_DN","GSE16266_CTRL_VS_HEATSHOCK_AND_LPS_STIM_MEF_DN","99/6767","200/21355",1.07985778558353e-07,2.4229456746988e-07,4.14880291685667e-08
"GSE16385_ROSIGLITAZONE_IL4_VS_IL4_ALONE_STIM_MACROPHAGE_12H_UP","GSE16385_ROSIGLITAZONE_IL4_VS_IL4_ALONE_STIM_MACROPHAGE_12H_UP","99/6767","200/21355",1.07985778558353e-07,2.4229456746988e-07,4.14880291685667e-08
"GSE16450_CTRL_VS_IFNA_6H_STIM_MATURE_NEURON_CELL_LINE_DN","GSE16450_CTRL_VS_IFNA_6H_STIM_MATURE_NEURON_CELL_LINE_DN","99/6767","200/21355",1.07985778558353e-07,2.4229456746988e-07,4.14880291685667e-08
"GSE17301_CTRL_VS_48H_IFNA2_STIM_CD8_TCELL_UP","GSE17301_CTRL_VS_48H_IFNA2_STIM_CD8_TCELL_UP","99/6767","200/21355",1.07985778558353e-07,2.4229456746988e-07,4.14880291685667e-08
"GSE17721_0.5H_VS_12H_POLYIC_BMDC_DN","GSE17721_0.5H_VS_12H_POLYIC_BMDC_DN","99/6767","200/21355",1.07985778558353e-07,2.4229456746988e-07,4.14880291685667e-08
"GSE17721_CTRL_VS_PAM3CSK4_4H_BMDC_UP","GSE17721_CTRL_VS_PAM3CSK4_4H_BMDC_UP","99/6767","200/21355",1.07985778558353e-07,2.4229456746988e-07,4.14880291685667e-08
"GSE17721_LPS_VS_PAM3CSK4_1H_BMDC_UP","GSE17721_LPS_VS_PAM3CSK4_1H_BMDC_UP","99/6767","200/21355",1.07985778558353e-07,2.4229456746988e-07,4.14880291685667e-08
"GSE17721_PAM3CSK4_VS_CPG_24H_BMDC_DN","GSE17721_PAM3CSK4_VS_CPG_24H_BMDC_DN","99/6767","200/21355",1.07985778558353e-07,2.4229456746988e-07,4.14880291685667e-08
"GSE17721_PAM3CSK4_VS_CPG_8H_BMDC_DN","GSE17721_PAM3CSK4_VS_CPG_8H_BMDC_DN","99/6767","200/21355",1.07985778558353e-07,2.4229456746988e-07,4.14880291685667e-08
"GSE17721_POLYIC_VS_CPG_2H_BMDC_UP","GSE17721_POLYIC_VS_CPG_2H_BMDC_UP","99/6767","200/21355",1.07985778558353e-07,2.4229456746988e-07,4.14880291685667e-08
"GSE17721_POLYIC_VS_CPG_6H_BMDC_DN","GSE17721_POLYIC_VS_CPG_6H_BMDC_DN","99/6767","200/21355",1.07985778558353e-07,2.4229456746988e-07,4.14880291685667e-08
"GSE17721_POLYIC_VS_PAM3CSK4_8H_BMDC_UP","GSE17721_POLYIC_VS_PAM3CSK4_8H_BMDC_UP","99/6767","200/21355",1.07985778558353e-07,2.4229456746988e-07,4.14880291685667e-08
"GSE18804_SPLEEN_MACROPHAGE_VS_COLON_TUMORAL_MACROPHAGE_UP","GSE18804_SPLEEN_MACROPHAGE_VS_COLON_TUMORAL_MACROPHAGE_UP","99/6767","200/21355",1.07985778558353e-07,2.4229456746988e-07,4.14880291685667e-08
"GSE20366_EX_VIVO_VS_HOMEOSTATIC_CONVERSION_TREG_DN","GSE20366_EX_VIVO_VS_HOMEOSTATIC_CONVERSION_TREG_DN","99/6767","200/21355",1.07985778558353e-07,2.4229456746988e-07,4.14880291685667e-08
"GSE22103_UNSTIM_VS_LPS_STIM_NEUTROPHIL_UP","GSE22103_UNSTIM_VS_LPS_STIM_NEUTROPHIL_UP","99/6767","200/21355",1.07985778558353e-07,2.4229456746988e-07,4.14880291685667e-08
"GSE22886_IGM_MEMORY_BCELL_VS_BLOOD_PLASMA_CELL_DN","GSE22886_IGM_MEMORY_BCELL_VS_BLOOD_PLASMA_CELL_DN","99/6767","200/21355",1.07985778558353e-07,2.4229456746988e-07,4.14880291685667e-08
"GSE22886_NEUTROPHIL_VS_DC_DN","GSE22886_NEUTROPHIL_VS_DC_DN","99/6767","200/21355",1.07985778558353e-07,2.4229456746988e-07,4.14880291685667e-08
"GSE22935_WT_VS_MYD88_KO_MACROPHAGE_24H_MBOVIS_BCG_STIM_UP","GSE22935_WT_VS_MYD88_KO_MACROPHAGE_24H_MBOVIS_BCG_STIM_UP","99/6767","200/21355",1.07985778558353e-07,2.4229456746988e-07,4.14880291685667e-08
"GSE24142_ADULT_VS_FETAL_DN2_THYMOCYTE_UP","GSE24142_ADULT_VS_FETAL_DN2_THYMOCYTE_UP","99/6767","200/21355",1.07985778558353e-07,2.4229456746988e-07,4.14880291685667e-08
"GSE24142_ADULT_VS_FETAL_EARLY_THYMIC_PROGENITOR_UP","GSE24142_ADULT_VS_FETAL_EARLY_THYMIC_PROGENITOR_UP","99/6767","200/21355",1.07985778558353e-07,2.4229456746988e-07,4.14880291685667e-08
"GSE25088_IL4_VS_IL4_AND_ROSIGLITAZONE_STIM_MACROPHAGE_DAY10_DN","GSE25088_IL4_VS_IL4_AND_ROSIGLITAZONE_STIM_MACROPHAGE_DAY10_DN","99/6767","200/21355",1.07985778558353e-07,2.4229456746988e-07,4.14880291685667e-08
"GSE27786_LIN_NEG_VS_CD8_TCELL_DN","GSE27786_LIN_NEG_VS_CD8_TCELL_DN","99/6767","200/21355",1.07985778558353e-07,2.4229456746988e-07,4.14880291685667e-08
"GSE27786_LIN_NEG_VS_CD8_TCELL_UP","GSE27786_LIN_NEG_VS_CD8_TCELL_UP","99/6767","200/21355",1.07985778558353e-07,2.4229456746988e-07,4.14880291685667e-08
"GSE27786_LIN_NEG_VS_NKTCELL_DN","GSE27786_LIN_NEG_VS_NKTCELL_DN","99/6767","200/21355",1.07985778558353e-07,2.4229456746988e-07,4.14880291685667e-08
"GSE27786_NKCELL_VS_MONO_MAC_UP","GSE27786_NKCELL_VS_MONO_MAC_UP","99/6767","200/21355",1.07985778558353e-07,2.4229456746988e-07,4.14880291685667e-08
"GSE27786_NKTCELL_VS_NEUTROPHIL_DN","GSE27786_NKTCELL_VS_NEUTROPHIL_DN","99/6767","200/21355",1.07985778558353e-07,2.4229456746988e-07,4.14880291685667e-08
"GSE3039_ALPHABETA_CD8_TCELL_VS_B2_BCELL_DN","GSE3039_ALPHABETA_CD8_TCELL_VS_B2_BCELL_DN","99/6767","200/21355",1.07985778558353e-07,2.4229456746988e-07,4.14880291685667e-08
"GSE31082_CD4_VS_CD8_SP_THYMOCYTE_UP","GSE31082_CD4_VS_CD8_SP_THYMOCYTE_UP","99/6767","200/21355",1.07985778558353e-07,2.4229456746988e-07,4.14880291685667e-08
"GSE32164_RESTING_DIFFERENTIATED_VS_ALTERNATIVELY_ACT_M2_MACROPHAGE_UP","GSE32164_RESTING_DIFFERENTIATED_VS_ALTERNATIVELY_ACT_M2_MACROPHAGE_UP","99/6767","200/21355",1.07985778558353e-07,2.4229456746988e-07,4.14880291685667e-08
"GSE32423_MEMORY_VS_NAIVE_CD8_TCELL_IL7_DN","GSE32423_MEMORY_VS_NAIVE_CD8_TCELL_IL7_DN","99/6767","200/21355",1.07985778558353e-07,2.4229456746988e-07,4.14880291685667e-08
"GSE339_CD8POS_VS_CD4CD8DN_DC_IN_CULTURE_DN","GSE339_CD8POS_VS_CD4CD8DN_DC_IN_CULTURE_DN","99/6767","200/21355",1.07985778558353e-07,2.4229456746988e-07,4.14880291685667e-08
"GSE37301_MULTIPOTENT_PROGENITOR_VS_GRAN_MONO_PROGENITOR_DN","GSE37301_MULTIPOTENT_PROGENITOR_VS_GRAN_MONO_PROGENITOR_DN","99/6767","200/21355",1.07985778558353e-07,2.4229456746988e-07,4.14880291685667e-08
"GSE37416_CTRL_VS_24H_F_TULARENSIS_LVS_NEUTROPHIL_DN","GSE37416_CTRL_VS_24H_F_TULARENSIS_LVS_NEUTROPHIL_DN","99/6767","200/21355",1.07985778558353e-07,2.4229456746988e-07,4.14880291685667e-08
"GSE40277_EOS_AND_LEF1_TRANSDUCED_VS_GATA1_AND_SATB1_TRANSDUCED_CD4_TCELL_UP","GSE40277_EOS_AND_LEF1_TRANSDUCED_VS_GATA1_AND_SATB1_TRANSDUCED_CD4_TCELL_UP","99/6767","200/21355",1.07985778558353e-07,2.4229456746988e-07,4.14880291685667e-08
"GSE40666_NAIVE_VS_EFFECTOR_CD8_TCELL_DN","GSE40666_NAIVE_VS_EFFECTOR_CD8_TCELL_DN","99/6767","200/21355",1.07985778558353e-07,2.4229456746988e-07,4.14880291685667e-08
"GSE4142_NAIVE_BCELL_VS_PLASMA_CELL_DN","GSE4142_NAIVE_BCELL_VS_PLASMA_CELL_DN","99/6767","200/21355",1.07985778558353e-07,2.4229456746988e-07,4.14880291685667e-08
"GSE42021_TREG_PLN_VS_CD24HI_TREG_THYMUS_UP","GSE42021_TREG_PLN_VS_CD24HI_TREG_THYMUS_UP","99/6767","200/21355",1.07985778558353e-07,2.4229456746988e-07,4.14880291685667e-08
"GSE42088_UNINF_VS_LEISHMANIA_INF_DC_4H_UP","GSE42088_UNINF_VS_LEISHMANIA_INF_DC_4H_UP","99/6767","200/21355",1.07985778558353e-07,2.4229456746988e-07,4.14880291685667e-08
"GSE46606_DAY1_VS_DAY3_CD40L_IL2_IL5_STIMULATED_IRF4HIGH_BCELL_DN","GSE46606_DAY1_VS_DAY3_CD40L_IL2_IL5_STIMULATED_IRF4HIGH_BCELL_DN","99/6767","200/21355",1.07985778558353e-07,2.4229456746988e-07,4.14880291685667e-08
"GSE5503_LIVER_DC_VS_MLN_DC_ACTIVATED_ALLOGENIC_TCELL_DN","GSE5503_LIVER_DC_VS_MLN_DC_ACTIVATED_ALLOGENIC_TCELL_DN","99/6767","200/21355",1.07985778558353e-07,2.4229456746988e-07,4.14880291685667e-08
"GSE5589_LPS_VS_LPS_AND_IL6_STIM_IL6_KO_MACROPHAGE_45MIN_UP","GSE5589_LPS_VS_LPS_AND_IL6_STIM_IL6_KO_MACROPHAGE_45MIN_UP","99/6767","200/21355",1.07985778558353e-07,2.4229456746988e-07,4.14880291685667e-08
"GSE5679_PPARG_LIGAND_ROSIGLITAZONE_VS_RARA_AGONIST_AM580_TREATED_DC_UP","GSE5679_PPARG_LIGAND_ROSIGLITAZONE_VS_RARA_AGONIST_AM580_TREATED_DC_UP","99/6767","200/21355",1.07985778558353e-07,2.4229456746988e-07,4.14880291685667e-08
"GSE7831_UNSTIM_VS_INFLUENZA_STIM_PDC_4H_UP","GSE7831_UNSTIM_VS_INFLUENZA_STIM_PDC_4H_UP","99/6767","200/21355",1.07985778558353e-07,2.4229456746988e-07,4.14880291685667e-08
"GSE9037_WT_VS_IRAK4_KO_BMDM_UP","GSE9037_WT_VS_IRAK4_KO_BMDM_UP","99/6767","200/21355",1.07985778558353e-07,2.4229456746988e-07,4.14880291685667e-08
"GSE9037_WT_VS_IRAK4_KO_LPS_4H_STIM_BMDM_DN","GSE9037_WT_VS_IRAK4_KO_LPS_4H_STIM_BMDM_DN","99/6767","200/21355",1.07985778558353e-07,2.4229456746988e-07,4.14880291685667e-08
"GSE9316_CD4_TCELL_BALBC_VS_TH17_ENRI_CD4_TCELL_SKG_PMA_IONO_STIM_FR4NEG_DN","GSE9316_CD4_TCELL_BALBC_VS_TH17_ENRI_CD4_TCELL_SKG_PMA_IONO_STIM_FR4NEG_DN","99/6767","200/21355",1.07985778558353e-07,2.4229456746988e-07,4.14880291685667e-08
"GSE7596_AKT_TRANSD_VS_CTRL_CD4_TCONV_WITH_TGFB_UP","GSE7596_AKT_TRANSD_VS_CTRL_CD4_TCONV_WITH_TGFB_UP","83/6767","161/21355",1.21870796093171e-07,2.73329646355943e-07,4.68021568088154e-08
"GSE2770_IL12_ACT_VS_ACT_CD4_TCELL_2H_UP","GSE2770_IL12_ACT_VS_ACT_CD4_TCELL_2H_UP","96/6767","193/21355",1.2454000764662e-07,2.79193974291309e-07,4.78063039961712e-08
"GSE13411_NAIVE_VS_IGM_MEMORY_BCELL_DN","GSE13411_NAIVE_VS_IGM_MEMORY_BCELL_DN","98/6767","198/21355",1.2568052914649e-07,2.80646373229117e-07,4.80549978489695e-08
"GSE13411_NAIVE_VS_SWITCHED_MEMORY_BCELL_DN","GSE13411_NAIVE_VS_SWITCHED_MEMORY_BCELL_DN","98/6767","198/21355",1.2568052914649e-07,2.80646373229117e-07,4.80549978489695e-08
"GSE13484_3H_UNSTIM_VS_YF17D_VACCINE_STIM_PBMC_DN","GSE13484_3H_UNSTIM_VS_YF17D_VACCINE_STIM_PBMC_DN","98/6767","198/21355",1.2568052914649e-07,2.80646373229117e-07,4.80549978489695e-08
"GSE13485_PRE_VS_POST_YF17D_VACCINATION_PBMC_DN","GSE13485_PRE_VS_POST_YF17D_VACCINATION_PBMC_DN","98/6767","198/21355",1.2568052914649e-07,2.80646373229117e-07,4.80549978489695e-08
"GSE13738_TCR_VS_BYSTANDER_ACTIVATED_CD4_TCELL_DN","GSE13738_TCR_VS_BYSTANDER_ACTIVATED_CD4_TCELL_DN","98/6767","198/21355",1.2568052914649e-07,2.80646373229117e-07,4.80549978489695e-08
"GSE16385_MONOCYTE_VS_12H_ROSIGLITAZONE_IFNG_TNF_TREATED_MACROPHAGE_UP","GSE16385_MONOCYTE_VS_12H_ROSIGLITAZONE_IFNG_TNF_TREATED_MACROPHAGE_UP","98/6767","198/21355",1.2568052914649e-07,2.80646373229117e-07,4.80549978489695e-08
"GSE21927_C26GM_VS_4T1_TUMOR_MONOCYTE_BALBC_UP","GSE21927_C26GM_VS_4T1_TUMOR_MONOCYTE_BALBC_UP","98/6767","198/21355",1.2568052914649e-07,2.80646373229117e-07,4.80549978489695e-08
"GSE22886_NAIVE_BCELL_VS_BLOOD_PLASMA_CELL_DN","GSE22886_NAIVE_BCELL_VS_BLOOD_PLASMA_CELL_DN","98/6767","198/21355",1.2568052914649e-07,2.80646373229117e-07,4.80549978489695e-08
"GSE36476_CTRL_VS_TSST_ACT_16H_MEMORY_CD4_TCELL_OLD_UP","GSE36476_CTRL_VS_TSST_ACT_16H_MEMORY_CD4_TCELL_OLD_UP","98/6767","198/21355",1.2568052914649e-07,2.80646373229117e-07,4.80549978489695e-08
"GSE25677_R848_VS_MPL_AND_R848_STIM_BCELL_DN","GSE25677_R848_VS_MPL_AND_R848_STIM_BCELL_DN","85/6767","166/21355",1.27565364270504e-07,2.84731224473171e-07,4.8754445753775e-08
"GSE32901_NAIVE_VS_TH17_NEG_CD4_TCELL_UP","GSE32901_NAIVE_VS_TH17_NEG_CD4_TCELL_UP","87/6767","171/21355",1.32531387531894e-07,2.95686868527425e-07,5.06303775372635e-08
"GSE34156_UNTREATED_VS_6H_NOD2_LIGAND_TREATED_MONOCYTE_DN","GSE34156_UNTREATED_VS_6H_NOD2_LIGAND_TREATED_MONOCYTE_DN","89/6767","176/21355",1.3675160393661e-07,3.04969757887342e-07,5.22198840150787e-08
"GSE34156_UNTREATED_VS_6H_NOD2_AND_TLR1_TLR2_LIGAND_TREATED_MONOCYTE_DN","GSE34156_UNTREATED_VS_6H_NOD2_AND_TLR1_TLR2_LIGAND_TREATED_MONOCYTE_DN","82/6767","159/21355",1.41740269483805e-07,3.15957548540639e-07,5.41013202514846e-08
"GAUCHER_PBMC_YF_VAX_STAMARIL_UNKNOWN_AGE_60DY_UP","GAUCHER_PBMC_YF_VAX_STAMARIL_UNKNOWN_AGE_60DY_UP","34/6767","50/21355",1.44700828991798e-07,3.22416840608843e-07,5.52073429763534e-08
"GSE12845_IGD_POS_BLOOD_VS_DARKZONE_GC_TONSIL_BCELL_UP","GSE12845_IGD_POS_BLOOD_VS_DARKZONE_GC_TONSIL_BCELL_UP","97/6767","196/21355",1.46277407786638e-07,3.25505325400214e-07,5.57361833397552e-08
"GSE21927_UNTREATED_VS_GMCSF_GCSF_TREATED_BONE_MARROW_UP","GSE21927_UNTREATED_VS_GMCSF_GCSF_TREATED_BONE_MARROW_UP","97/6767","196/21355",1.46277407786638e-07,3.25505325400214e-07,5.57361833397552e-08
"GSE360_T_GONDII_VS_B_MALAYI_LOW_DOSE_MAC_UP","GSE360_T_GONDII_VS_B_MALAYI_LOW_DOSE_MAC_UP","97/6767","196/21355",1.46277407786638e-07,3.25505325400214e-07,5.57361833397552e-08
"GSE14415_INDUCED_TREG_VS_TCONV_DN","GSE14415_INDUCED_TREG_VS_TCONV_DN","84/6767","164/21355",1.48416976430119e-07,3.30123140198359e-07,5.65268904407896e-08
"NAKAYA_MYELOID_DENDRITIC_CELL_FLUMIST_AGE_18_50YO_7DY_DN","NAKAYA_MYELOID_DENDRITIC_CELL_FLUMIST_AGE_18_50YO_7DY_DN","125/6767","267/21355",1.49743821237676e-07,3.32929996307704e-07,5.70075076058894e-08
"NAKAYA_PBMC_FLUARIX_FLUVIRIN_AGE_18_50YO_CORRELATED_WITH_HAI_28DY_RESPONSE_AT_3DY_NEGATIVE","NAKAYA_PBMC_FLUARIX_FLUVIRIN_AGE_18_50YO_CORRELATED_WITH_HAI_28DY_RESPONSE_AT_3DY_NEGATIVE","162/6767","364/21355",1.6358777413164e-07,3.63552023395282e-07,6.22509085053669e-08
"GSE38696_LIGHT_ZONE_VS_DARK_ZONE_BCELL_UP","GSE38696_LIGHT_ZONE_VS_DARK_ZONE_BCELL_UP","92/6767","184/21355",1.66405442726193e-07,3.69653684946791e-07,6.32956942596211e-08
"GSE17974_CTRL_VS_ACT_IL4_AND_ANTI_IL12_48H_CD4_TCELL_UP","GSE17974_CTRL_VS_ACT_IL4_AND_ANTI_IL12_48H_CD4_TCELL_UP","94/6767","189/21355",1.68737362206809e-07,3.74671483774062e-07,6.41548905110339e-08
"GSE17974_CTRL_VS_ACT_IL4_AND_ANTI_IL12_6H_CD4_TCELL_UP","GSE17974_CTRL_VS_ACT_IL4_AND_ANTI_IL12_6H_CD4_TCELL_UP","96/6767","194/21355",1.70252989828586e-07,3.7529212678868e-07,6.42611630360955e-08
"GSE2706_UNSTIM_VS_2H_LPS_DC_DN","GSE2706_UNSTIM_VS_2H_LPS_DC_DN","96/6767","194/21355",1.70252989828586e-07,3.7529212678868e-07,6.42611630360955e-08
"GSE29618_BCELL_VS_PDC_DAY7_FLU_VACCINE_UP","GSE29618_BCELL_VS_PDC_DAY7_FLU_VACCINE_UP","96/6767","194/21355",1.70252989828586e-07,3.7529212678868e-07,6.42611630360955e-08
"GSE3982_DC_VS_NEUTROPHIL_LPS_STIM_DN","GSE3982_DC_VS_NEUTROPHIL_LPS_STIM_DN","96/6767","194/21355",1.70252989828586e-07,3.7529212678868e-07,6.42611630360955e-08
"GSE11864_UNTREATED_VS_CSF1_IFNG_PAM3CYS_IN_MAC_DN","GSE11864_UNTREATED_VS_CSF1_IFNG_PAM3CYS_IN_MAC_DN","98/6767","199/21355",1.70993253009236e-07,3.7529212678868e-07,6.42611630360955e-08
"GSE13493_DP_VS_CD8POS_THYMOCYTE_UP","GSE13493_DP_VS_CD8POS_THYMOCYTE_UP","98/6767","199/21355",1.70993253009236e-07,3.7529212678868e-07,6.42611630360955e-08
"GSE17721_4H_VS_24H_POLYIC_BMDC_UP","GSE17721_4H_VS_24H_POLYIC_BMDC_UP","98/6767","199/21355",1.70993253009236e-07,3.7529212678868e-07,6.42611630360955e-08
"GSE17721_CTRL_VS_POLYIC_24H_BMDC_UP","GSE17721_CTRL_VS_POLYIC_24H_BMDC_UP","98/6767","199/21355",1.70993253009236e-07,3.7529212678868e-07,6.42611630360955e-08
"GSE19888_ADENOSINE_A3R_INH_PRETREAT_AND_ACT_BY_A3R_VS_TCELL_MEMBRANES_ACT_MAST_CELL_DN","GSE19888_ADENOSINE_A3R_INH_PRETREAT_AND_ACT_BY_A3R_VS_TCELL_MEMBRANES_ACT_MAST_CELL_DN","98/6767","199/21355",1.70993253009236e-07,3.7529212678868e-07,6.42611630360955e-08
"GSE23321_CD8_STEM_CELL_MEMORY_VS_EFFECTOR_MEMORY_CD8_TCELL_UP","GSE23321_CD8_STEM_CELL_MEMORY_VS_EFFECTOR_MEMORY_CD8_TCELL_UP","98/6767","199/21355",1.70993253009236e-07,3.7529212678868e-07,6.42611630360955e-08
"GSE2405_0H_VS_12H_A_PHAGOCYTOPHILUM_STIM_NEUTROPHIL_UP","GSE2405_0H_VS_12H_A_PHAGOCYTOPHILUM_STIM_NEUTROPHIL_UP","98/6767","199/21355",1.70993253009236e-07,3.7529212678868e-07,6.42611630360955e-08
"GSE2405_0H_VS_6H_A_PHAGOCYTOPHILUM_STIM_NEUTROPHIL_UP","GSE2405_0H_VS_6H_A_PHAGOCYTOPHILUM_STIM_NEUTROPHIL_UP","98/6767","199/21355",1.70993253009236e-07,3.7529212678868e-07,6.42611630360955e-08
"GSE25088_ROSIGLITAZONE_VS_IL4_AND_ROSIGLITAZONE_STIM_MACROPHAGE_DAY10_UP","GSE25088_ROSIGLITAZONE_VS_IL4_AND_ROSIGLITAZONE_STIM_MACROPHAGE_DAY10_UP","98/6767","199/21355",1.70993253009236e-07,3.7529212678868e-07,6.42611630360955e-08
"GSE27786_CD4_VS_CD8_TCELL_DN","GSE27786_CD4_VS_CD8_TCELL_DN","98/6767","199/21355",1.70993253009236e-07,3.7529212678868e-07,6.42611630360955e-08
"GSE27786_CD8_TCELL_VS_MONO_MAC_UP","GSE27786_CD8_TCELL_VS_MONO_MAC_UP","98/6767","199/21355",1.70993253009236e-07,3.7529212678868e-07,6.42611630360955e-08
"GSE30971_WBP7_HET_VS_KO_MACROPHAGE_DN","GSE30971_WBP7_HET_VS_KO_MACROPHAGE_DN","98/6767","199/21355",1.70993253009236e-07,3.7529212678868e-07,6.42611630360955e-08
"GSE360_L_MAJOR_VS_M_TUBERCULOSIS_DC_UP","GSE360_L_MAJOR_VS_M_TUBERCULOSIS_DC_UP","98/6767","199/21355",1.70993253009236e-07,3.7529212678868e-07,6.42611630360955e-08
"GSE36888_UNTREATED_VS_IL2_TREATED_STAT5_AB_KNOCKIN_TCELL_17H_DN","GSE36888_UNTREATED_VS_IL2_TREATED_STAT5_AB_KNOCKIN_TCELL_17H_DN","98/6767","199/21355",1.70993253009236e-07,3.7529212678868e-07,6.42611630360955e-08
"GSE38681_WT_VS_LYL1_KO_LYMPHOID_PRIMED_MULTIPOTENT_PROGENITOR_UP","GSE38681_WT_VS_LYL1_KO_LYMPHOID_PRIMED_MULTIPOTENT_PROGENITOR_UP","98/6767","199/21355",1.70993253009236e-07,3.7529212678868e-07,6.42611630360955e-08
"GSE3982_BCELL_VS_TH2_DN","GSE3982_BCELL_VS_TH2_DN","98/6767","199/21355",1.70993253009236e-07,3.7529212678868e-07,6.42611630360955e-08
"GSE40666_WT_VS_STAT1_KO_CD8_TCELL_WITH_IFNA_STIM_90MIN_UP","GSE40666_WT_VS_STAT1_KO_CD8_TCELL_WITH_IFNA_STIM_90MIN_UP","98/6767","199/21355",1.70993253009236e-07,3.7529212678868e-07,6.42611630360955e-08
"GSE40685_TREG_VS_FOXP3_KO_TREG_PRECURSOR_UP","GSE40685_TREG_VS_FOXP3_KO_TREG_PRECURSOR_UP","98/6767","199/21355",1.70993253009236e-07,3.7529212678868e-07,6.42611630360955e-08
"GSE46606_IRF4MID_VS_WT_CD40L_IL2_IL5_DAY1_STIMULATED_BCELL_DN","GSE46606_IRF4MID_VS_WT_CD40L_IL2_IL5_DAY1_STIMULATED_BCELL_DN","98/6767","199/21355",1.70993253009236e-07,3.7529212678868e-07,6.42611630360955e-08
"GSE5542_UNTREATED_VS_IFNA_AND_IFNG_TREATED_EPITHELIAL_CELLS_24H_UP","GSE5542_UNTREATED_VS_IFNA_AND_IFNG_TREATED_EPITHELIAL_CELLS_24H_UP","98/6767","199/21355",1.70993253009236e-07,3.7529212678868e-07,6.42611630360955e-08
"GSE7852_THYMUS_VS_FAT_TREG_DN","GSE7852_THYMUS_VS_FAT_TREG_DN","98/6767","199/21355",1.70993253009236e-07,3.7529212678868e-07,6.42611630360955e-08
"GSE8621_UNSTIM_VS_LPS_PRIMED_UNSTIM_MACROPHAGE_UP","GSE8621_UNSTIM_VS_LPS_PRIMED_UNSTIM_MACROPHAGE_UP","98/6767","199/21355",1.70993253009236e-07,3.7529212678868e-07,6.42611630360955e-08
"GSE9960_GRAM_NEG_VS_GRAM_NEG_AND_POS_SEPSIS_PBMC_DN","GSE9960_GRAM_NEG_VS_GRAM_NEG_AND_POS_SEPSIS_PBMC_DN","98/6767","199/21355",1.70993253009236e-07,3.7529212678868e-07,6.42611630360955e-08
"GSE7568_IL4_VS_IL4_AND_TGFB_TREATED_MACROPHAGE_24H_UP","GSE7568_IL4_VS_IL4_AND_TGFB_TREATED_MACROPHAGE_24H_UP","85/6767","167/21355",1.79493633115618e-07,3.9377999870936e-07,6.74268360328921e-08
"GSE14000_UNSTIM_VS_16H_LPS_DC_TRANSLATED_RNA_DN","GSE14000_UNSTIM_VS_16H_LPS_DC_TRANSLATED_RNA_DN","97/6767","197/21355",1.98997515483e-07,4.35264616843576e-07,7.45302352761012e-08
"GSE1460_INTRATHYMIC_T_PROGENITOR_VS_NAIVE_CD4_TCELL_ADULT_BLOOD_DN","GSE1460_INTRATHYMIC_T_PROGENITOR_VS_NAIVE_CD4_TCELL_ADULT_BLOOD_DN","97/6767","197/21355",1.98997515483e-07,4.35264616843576e-07,7.45302352761012e-08
"GSE1740_UNSTIM_VS_IFNA_STIMULATED_MCSF_IFNG_DERIVED_MACROPHAGE_DN","GSE1740_UNSTIM_VS_IFNA_STIMULATED_MCSF_IFNG_DERIVED_MACROPHAGE_DN","97/6767","197/21355",1.98997515483e-07,4.35264616843576e-07,7.45302352761012e-08
"GSE3982_EOSINOPHIL_VS_NKCELL_UP","GSE3982_EOSINOPHIL_VS_NKCELL_UP","97/6767","197/21355",1.98997515483e-07,4.35264616843576e-07,7.45302352761012e-08
"GSE3982_MAC_VS_BCELL_DN","GSE3982_MAC_VS_BCELL_DN","97/6767","197/21355",1.98997515483e-07,4.35264616843576e-07,7.45302352761012e-08
"GSE3982_NEUTROPHIL_VS_TH1_UP","GSE3982_NEUTROPHIL_VS_TH1_UP","97/6767","197/21355",1.98997515483e-07,4.35264616843576e-07,7.45302352761012e-08
"GSE41176_UNSTIM_VS_ANTI_IGM_STIM_BCELL_1H_UP","GSE41176_UNSTIM_VS_ANTI_IGM_STIM_BCELL_1H_UP","97/6767","197/21355",1.98997515483e-07,4.35264616843576e-07,7.45302352761012e-08
"NAKAYA_B_CELL_FLUARIX_FLUVIRIN_AGE_18_50YO_7DY_DN","NAKAYA_B_CELL_FLUARIX_FLUVIRIN_AGE_18_50YO_7DY_DN","135/6767","294/21355",1.99203832510984e-07,4.35530084982437e-07,7.45756913092406e-08
"GSE3920_IFNA_VS_IFNG_TREATED_ENDOTHELIAL_CELL_UP","GSE3920_IFNA_VS_IFNG_TREATED_ENDOTHELIAL_CELL_UP","86/6767","170/21355",2.15652867956139e-07,4.71091714533927e-07,8.06648989193014e-08
"GSE6259_FLT3L_INDUCED_DEC205_POS_DC_VS_BCELL_DN","GSE6259_FLT3L_INDUCED_DEC205_POS_DC_VS_BCELL_DN","86/6767","170/21355",2.15652867956139e-07,4.71091714533927e-07,8.06648989193014e-08
"GSE14699_NAIVE_VS_ACT_CD8_TCELL_DN","GSE14699_NAIVE_VS_ACT_CD8_TCELL_DN","88/6767","175/21355",2.21182129656805e-07,4.82758952213894e-07,8.26626766748561e-08
"GSE4590_SMALL_VS_LARGE_PRE_BCELL_UP","GSE4590_SMALL_VS_LARGE_PRE_BCELL_UP","88/6767","175/21355",2.21182129656805e-07,4.82758952213894e-07,8.26626766748561e-08
"GSE12198_CTRL_VS_HIGH_IL2_STIM_NK_CELL_DN","GSE12198_CTRL_VS_HIGH_IL2_STIM_NK_CELL_DN","98/6767","200/21355",2.31529846109102e-07,4.91665957721897e-07,8.4187820668712e-08
"GSE13229_IMM_VS_INTMATURE_NKCELL_DN","GSE13229_IMM_VS_INTMATURE_NKCELL_DN","98/6767","200/21355",2.31529846109102e-07,4.91665957721897e-07,8.4187820668712e-08
"GSE13484_UNSTIM_VS_YF17D_VACCINE_STIM_PBMC_DN","GSE13484_UNSTIM_VS_YF17D_VACCINE_STIM_PBMC_DN","98/6767","200/21355",2.31529846109102e-07,4.91665957721897e-07,8.4187820668712e-08
"GSE13522_WT_VS_IFNAR_KO_SKIN_UP","GSE13522_WT_VS_IFNAR_KO_SKIN_UP","98/6767","200/21355",2.31529846109102e-07,4.91665957721897e-07,8.4187820668712e-08
"GSE14308_TH1_VS_INDUCED_TREG_DN","GSE14308_TH1_VS_INDUCED_TREG_DN","98/6767","200/21355",2.31529846109102e-07,4.91665957721897e-07,8.4187820668712e-08
"GSE1432_CTRL_VS_IFNG_24H_MICROGLIA_DN","GSE1432_CTRL_VS_IFNG_24H_MICROGLIA_DN","98/6767","200/21355",2.31529846109102e-07,4.91665957721897e-07,8.4187820668712e-08
"GSE14908_RESTING_VS_HDM_STIM_CD4_TCELL_ATOPIC_PATIENT_DN","GSE14908_RESTING_VS_HDM_STIM_CD4_TCELL_ATOPIC_PATIENT_DN","98/6767","200/21355",2.31529846109102e-07,4.91665957721897e-07,8.4187820668712e-08
"GSE15330_LYMPHOID_MULTIPOTENT_VS_MEGAKARYOCYTE_ERYTHROID_PROGENITOR_UP","GSE15330_LYMPHOID_MULTIPOTENT_VS_MEGAKARYOCYTE_ERYTHROID_PROGENITOR_UP","98/6767","200/21355",2.31529846109102e-07,4.91665957721897e-07,8.4187820668712e-08
"GSE15750_WT_VS_TRAF6KO_DAY10_EFF_CD8_TCELL_UP","GSE15750_WT_VS_TRAF6KO_DAY10_EFF_CD8_TCELL_UP","98/6767","200/21355",2.31529846109102e-07,4.91665957721897e-07,8.4187820668712e-08
"GSE15930_NAIVE_VS_72H_IN_VITRO_STIM_CD8_TCELL_UP","GSE15930_NAIVE_VS_72H_IN_VITRO_STIM_CD8_TCELL_UP","98/6767","200/21355",2.31529846109102e-07,4.91665957721897e-07,8.4187820668712e-08
"GSE17301_CTRL_VS_48H_ACD3_ACD28_IFNA2_STIM_CD8_TCELL_DN","GSE17301_CTRL_VS_48H_ACD3_ACD28_IFNA2_STIM_CD8_TCELL_DN","98/6767","200/21355",2.31529846109102e-07,4.91665957721897e-07,8.4187820668712e-08
"GSE17580_UNINFECTED_VS_S_MANSONI_INF_TEFF_DN","GSE17580_UNINFECTED_VS_S_MANSONI_INF_TEFF_DN","98/6767","200/21355",2.31529846109102e-07,4.91665957721897e-07,8.4187820668712e-08
"GSE17721_0.5H_VS_12H_PAM3CSK4_BMDC_DN","GSE17721_0.5H_VS_12H_PAM3CSK4_BMDC_DN","98/6767","200/21355",2.31529846109102e-07,4.91665957721897e-07,8.4187820668712e-08
"GSE17721_0.5H_VS_24H_GARDIQUIMOD_BMDC_DN","GSE17721_0.5H_VS_24H_GARDIQUIMOD_BMDC_DN","98/6767","200/21355",2.31529846109102e-07,4.91665957721897e-07,8.4187820668712e-08
"GSE17721_0.5H_VS_8H_POLYIC_BMDC_UP","GSE17721_0.5H_VS_8H_POLYIC_BMDC_UP","98/6767","200/21355",2.31529846109102e-07,4.91665957721897e-07,8.4187820668712e-08
"GSE17721_CTRL_VS_LPS_1H_BMDC_UP","GSE17721_CTRL_VS_LPS_1H_BMDC_UP","98/6767","200/21355",2.31529846109102e-07,4.91665957721897e-07,8.4187820668712e-08
"GSE17721_CTRL_VS_PAM3CSK4_6H_BMDC_DN","GSE17721_CTRL_VS_PAM3CSK4_6H_BMDC_DN","98/6767","200/21355",2.31529846109102e-07,4.91665957721897e-07,8.4187820668712e-08
"GSE17721_LPS_VS_CPG_6H_BMDC_UP","GSE17721_LPS_VS_CPG_6H_BMDC_UP","98/6767","200/21355",2.31529846109102e-07,4.91665957721897e-07,8.4187820668712e-08
"GSE17721_LPS_VS_GARDIQUIMOD_0.5H_BMDC_DN","GSE17721_LPS_VS_GARDIQUIMOD_0.5H_BMDC_DN","98/6767","200/21355",2.31529846109102e-07,4.91665957721897e-07,8.4187820668712e-08
"GSE17721_LPS_VS_GARDIQUIMOD_6H_BMDC_UP","GSE17721_LPS_VS_GARDIQUIMOD_6H_BMDC_UP","98/6767","200/21355",2.31529846109102e-07,4.91665957721897e-07,8.4187820668712e-08
"GSE17721_LPS_VS_PAM3CSK4_24H_BMDC_UP","GSE17721_LPS_VS_PAM3CSK4_24H_BMDC_UP","98/6767","200/21355",2.31529846109102e-07,4.91665957721897e-07,8.4187820668712e-08
"GSE17721_LPS_VS_PAM3CSK4_8H_BMDC_UP","GSE17721_LPS_VS_PAM3CSK4_8H_BMDC_UP","98/6767","200/21355",2.31529846109102e-07,4.91665957721897e-07,8.4187820668712e-08
"GSE17721_LPS_VS_POLYIC_12H_BMDC_DN","GSE17721_LPS_VS_POLYIC_12H_BMDC_DN","98/6767","200/21355",2.31529846109102e-07,4.91665957721897e-07,8.4187820668712e-08
"GSE17721_PAM3CSK4_VS_CPG_0.5H_BMDC_UP","GSE17721_PAM3CSK4_VS_CPG_0.5H_BMDC_UP","98/6767","200/21355",2.31529846109102e-07,4.91665957721897e-07,8.4187820668712e-08
"GSE17721_PAM3CSK4_VS_CPG_8H_BMDC_UP","GSE17721_PAM3CSK4_VS_CPG_8H_BMDC_UP","98/6767","200/21355",2.31529846109102e-07,4.91665957721897e-07,8.4187820668712e-08
"GSE17721_POLYIC_VS_GARDIQUIMOD_2H_BMDC_DN","GSE17721_POLYIC_VS_GARDIQUIMOD_2H_BMDC_DN","98/6767","200/21355",2.31529846109102e-07,4.91665957721897e-07,8.4187820668712e-08
"GSE17721_POLYIC_VS_PAM3CSK4_6H_BMDC_UP","GSE17721_POLYIC_VS_PAM3CSK4_6H_BMDC_UP","98/6767","200/21355",2.31529846109102e-07,4.91665957721897e-07,8.4187820668712e-08
"GSE19198_CTRL_VS_IL21_TREATED_TCELL_24H_UP","GSE19198_CTRL_VS_IL21_TREATED_TCELL_24H_UP","98/6767","200/21355",2.31529846109102e-07,4.91665957721897e-07,8.4187820668712e-08
"GSE19825_NAIVE_VS_IL2RALOW_DAY3_EFF_CD8_TCELL_DN","GSE19825_NAIVE_VS_IL2RALOW_DAY3_EFF_CD8_TCELL_DN","98/6767","200/21355",2.31529846109102e-07,4.91665957721897e-07,8.4187820668712e-08
"GSE19888_ADENOSINE_A3R_INH_PRETREAT_AND_ACT_BY_A3R_VS_TCELL_MEMBRANES_ACT_MAST_CELL_UP","GSE19888_ADENOSINE_A3R_INH_PRETREAT_AND_ACT_BY_A3R_VS_TCELL_MEMBRANES_ACT_MAST_CELL_UP","98/6767","200/21355",2.31529846109102e-07,4.91665957721897e-07,8.4187820668712e-08
"GSE20366_TREG_VS_NAIVE_CD4_TCELL_HOMEOSTATIC_CONVERSION_UP","GSE20366_TREG_VS_NAIVE_CD4_TCELL_HOMEOSTATIC_CONVERSION_UP","98/6767","200/21355",2.31529846109102e-07,4.91665957721897e-07,8.4187820668712e-08
"GSE20715_WT_VS_TLR4_KO_6H_OZONE_LUNG_DN","GSE20715_WT_VS_TLR4_KO_6H_OZONE_LUNG_DN","98/6767","200/21355",2.31529846109102e-07,4.91665957721897e-07,8.4187820668712e-08
"GSE21546_SAP1A_KO_VS_SAP1A_KO_AND_ELK1_KO_ANTI_CD3_STIM_DP_THYMOCYTES_UP","GSE21546_SAP1A_KO_VS_SAP1A_KO_AND_ELK1_KO_ANTI_CD3_STIM_DP_THYMOCYTES_UP","98/6767","200/21355",2.31529846109102e-07,4.91665957721897e-07,8.4187820668712e-08
"GSE22033_UNTREATED_VS_ROSIGLITAZONE_TREATED_MEF_UP","GSE22033_UNTREATED_VS_ROSIGLITAZONE_TREATED_MEF_UP","98/6767","200/21355",2.31529846109102e-07,4.91665957721897e-07,8.4187820668712e-08
"GSE22432_UNTREATED_VS_TGFB1_TREATED_COMMON_DC_PROGENITOR_DN","GSE22432_UNTREATED_VS_TGFB1_TREATED_COMMON_DC_PROGENITOR_DN","98/6767","200/21355",2.31529846109102e-07,4.91665957721897e-07,8.4187820668712e-08
"GSE22886_IGA_VS_IGM_MEMORY_BCELL_DN","GSE22886_IGA_VS_IGM_MEMORY_BCELL_DN","98/6767","200/21355",2.31529846109102e-07,4.91665957721897e-07,8.4187820668712e-08
"GSE22886_NAIVE_CD4_TCELL_VS_12H_ACT_TH2_DN","GSE22886_NAIVE_CD4_TCELL_VS_12H_ACT_TH2_DN","98/6767","200/21355",2.31529846109102e-07,4.91665957721897e-07,8.4187820668712e-08
"GSE22935_WT_VS_MYD88_KO_MACROPHAGE_12H_MBOVIS_BCG_STIM_UP","GSE22935_WT_VS_MYD88_KO_MACROPHAGE_12H_MBOVIS_BCG_STIM_UP","98/6767","200/21355",2.31529846109102e-07,4.91665957721897e-07,8.4187820668712e-08
"GSE23321_CENTRAL_VS_EFFECTOR_MEMORY_CD8_TCELL_DN","GSE23321_CENTRAL_VS_EFFECTOR_MEMORY_CD8_TCELL_DN","98/6767","200/21355",2.31529846109102e-07,4.91665957721897e-07,8.4187820668712e-08
"GSE23925_DARK_ZONE_VS_NAIVE_BCELL_DN","GSE23925_DARK_ZONE_VS_NAIVE_BCELL_DN","98/6767","200/21355",2.31529846109102e-07,4.91665957721897e-07,8.4187820668712e-08
"GSE24142_EARLY_THYMIC_PROGENITOR_VS_DN3_THYMOCYTE_ADULT_UP","GSE24142_EARLY_THYMIC_PROGENITOR_VS_DN3_THYMOCYTE_ADULT_UP","98/6767","200/21355",2.31529846109102e-07,4.91665957721897e-07,8.4187820668712e-08
"GSE2585_CTEC_VS_MTEC_THYMUS_UP","GSE2585_CTEC_VS_MTEC_THYMUS_UP","98/6767","200/21355",2.31529846109102e-07,4.91665957721897e-07,8.4187820668712e-08
"GSE27786_LSK_VS_NEUTROPHIL_UP","GSE27786_LSK_VS_NEUTROPHIL_UP","98/6767","200/21355",2.31529846109102e-07,4.91665957721897e-07,8.4187820668712e-08
"GSE27786_NKTCELL_VS_MONO_MAC_UP","GSE27786_NKTCELL_VS_MONO_MAC_UP","98/6767","200/21355",2.31529846109102e-07,4.91665957721897e-07,8.4187820668712e-08
"GSE2826_WT_VS_BTK_KO_BCELL_UP","GSE2826_WT_VS_BTK_KO_BCELL_UP","98/6767","200/21355",2.31529846109102e-07,4.91665957721897e-07,8.4187820668712e-08
"GSE2826_WT_VS_XID_BCELL_UP","GSE2826_WT_VS_XID_BCELL_UP","98/6767","200/21355",2.31529846109102e-07,4.91665957721897e-07,8.4187820668712e-08
"GSE3039_B2_VS_B1_BCELL_DN","GSE3039_B2_VS_B1_BCELL_DN","98/6767","200/21355",2.31529846109102e-07,4.91665957721897e-07,8.4187820668712e-08
"GSE36078_WT_VS_IL1R_KO_LUNG_DC_DN","GSE36078_WT_VS_IL1R_KO_LUNG_DC_DN","98/6767","200/21355",2.31529846109102e-07,4.91665957721897e-07,8.4187820668712e-08
"GSE3720_VD1_VS_VD2_GAMMADELTA_TCELL_WITH_PMA_STIM_DN","GSE3720_VD1_VS_VD2_GAMMADELTA_TCELL_WITH_PMA_STIM_DN","98/6767","200/21355",2.31529846109102e-07,4.91665957721897e-07,8.4187820668712e-08
"GSE37301_MULTIPOTENT_PROGENITOR_VS_CD4_TCELL_DN","GSE37301_MULTIPOTENT_PROGENITOR_VS_CD4_TCELL_DN","98/6767","200/21355",2.31529846109102e-07,4.91665957721897e-07,8.4187820668712e-08
"GSE3982_MAC_VS_BCELL_UP","GSE3982_MAC_VS_BCELL_UP","98/6767","200/21355",2.31529846109102e-07,4.91665957721897e-07,8.4187820668712e-08
"GSE40225_WT_VS_RIP_B7X_DIABETIC_MOUSE_PANCREATIC_CD8_TCELL_DN","GSE40225_WT_VS_RIP_B7X_DIABETIC_MOUSE_PANCREATIC_CD8_TCELL_DN","98/6767","200/21355",2.31529846109102e-07,4.91665957721897e-07,8.4187820668712e-08
"GSE411_100MIN_VS_400MIN_IL6_STIM_SOCS3_KO_MACROPHAGE_UP","GSE411_100MIN_VS_400MIN_IL6_STIM_SOCS3_KO_MACROPHAGE_UP","98/6767","200/21355",2.31529846109102e-07,4.91665957721897e-07,8.4187820668712e-08
"GSE42021_CD24HI_VS_CD24INT_TCONV_THYMUS_UP","GSE42021_CD24HI_VS_CD24INT_TCONV_THYMUS_UP","98/6767","200/21355",2.31529846109102e-07,4.91665957721897e-07,8.4187820668712e-08
"GSE42021_CD24HI_VS_CD24LOW_TCONV_THYMUS_UP","GSE42021_CD24HI_VS_CD24LOW_TCONV_THYMUS_UP","98/6767","200/21355",2.31529846109102e-07,4.91665957721897e-07,8.4187820668712e-08
"GSE45365_HEALTHY_VS_MCMV_INFECTION_BCELL_IFNAR_KO_UP","GSE45365_HEALTHY_VS_MCMV_INFECTION_BCELL_IFNAR_KO_UP","98/6767","200/21355",2.31529846109102e-07,4.91665957721897e-07,8.4187820668712e-08
"GSE45837_WT_VS_GFI1_KO_PDC_DN","GSE45837_WT_VS_GFI1_KO_PDC_DN","98/6767","200/21355",2.31529846109102e-07,4.91665957721897e-07,8.4187820668712e-08
"GSE5099_MONOCYTE_VS_CLASSICAL_M1_MACROPHAGE_DN","GSE5099_MONOCYTE_VS_CLASSICAL_M1_MACROPHAGE_DN","98/6767","200/21355",2.31529846109102e-07,4.91665957721897e-07,8.4187820668712e-08
"GSE7852_LN_VS_FAT_TCONV_DN","GSE7852_LN_VS_FAT_TCONV_DN","98/6767","200/21355",2.31529846109102e-07,4.91665957721897e-07,8.4187820668712e-08
"GSE7852_LN_VS_FAT_TREG_DN","GSE7852_LN_VS_FAT_TREG_DN","98/6767","200/21355",2.31529846109102e-07,4.91665957721897e-07,8.4187820668712e-08
"GSE8868_SPLEEN_VS_INTESTINE_CD11B_POS_CD11C_NEG_DC_DN","GSE8868_SPLEEN_VS_INTESTINE_CD11B_POS_CD11C_NEG_DC_DN","98/6767","200/21355",2.31529846109102e-07,4.91665957721897e-07,8.4187820668712e-08
"GSE8921_UNSTIM_VS_TLR1_2_STIM_MONOCYTE_12H_DN","GSE8921_UNSTIM_VS_TLR1_2_STIM_MONOCYTE_12H_DN","98/6767","200/21355",2.31529846109102e-07,4.91665957721897e-07,8.4187820668712e-08
"GSE8921_UNSTIM_VS_TLR1_2_STIM_MONOCYTE_24H_DN","GSE8921_UNSTIM_VS_TLR1_2_STIM_MONOCYTE_24H_DN","98/6767","200/21355",2.31529846109102e-07,4.91665957721897e-07,8.4187820668712e-08
"GSE9037_WT_VS_IRAK4_KO_LPS_4H_STIM_BMDM_UP","GSE9037_WT_VS_IRAK4_KO_LPS_4H_STIM_BMDM_UP","98/6767","200/21355",2.31529846109102e-07,4.91665957721897e-07,8.4187820668712e-08
"GSE9316_IL6_KO_VS_IFNG_KO_INVIVO_EXPANDED_CD4_TCELL_UP","GSE9316_IL6_KO_VS_IFNG_KO_INVIVO_EXPANDED_CD4_TCELL_UP","98/6767","200/21355",2.31529846109102e-07,4.91665957721897e-07,8.4187820668712e-08
"GSE46606_IRF4_KO_VS_WT_CD40L_IL2_IL5_1DAY_STIMULATED_BCELL_DN","GSE46606_IRF4_KO_VS_WT_CD40L_IL2_IL5_1DAY_STIMULATED_BCELL_DN","96/6767","195/21355",2.31592215310782e-07,4.91665957721897e-07,8.4187820668712e-08
"GSE15330_HSC_VS_MEGAKARYOCYTE_ERYTHROID_PROGENITOR_DN","GSE15330_HSC_VS_MEGAKARYOCYTE_ERYTHROID_PROGENITOR_DN","85/6767","168/21355",2.51025561357463e-07,5.3248161070737e-07,9.11766732017177e-08
"GSE37301_MULTIPOTENT_PROGENITOR_VS_COMMON_LYMPHOID_PROGENITOR_UP","GSE37301_MULTIPOTENT_PROGENITOR_VS_COMMON_LYMPHOID_PROGENITOR_UP","85/6767","168/21355",2.51025561357463e-07,5.3248161070737e-07,9.11766732017177e-08
"GSE11057_NAIVE_VS_EFF_MEMORY_CD4_TCELL_UP","GSE11057_NAIVE_VS_EFF_MEMORY_CD4_TCELL_UP","97/6767","198/21355",2.69410858796285e-07,5.68891875225928e-07,9.74111923333485e-08
"GSE12366_GC_VS_MEMORY_BCELL_UP","GSE12366_GC_VS_MEMORY_BCELL_UP","97/6767","198/21355",2.69410858796285e-07,5.68891875225928e-07,9.74111923333485e-08
"GSE29618_PDC_VS_MDC_UP","GSE29618_PDC_VS_MDC_UP","97/6767","198/21355",2.69410858796285e-07,5.68891875225928e-07,9.74111923333485e-08
"GSE33162_UNTREATED_VS_4H_LPS_STIM_HDAC3_HET_MACROPHAGE_UP","GSE33162_UNTREATED_VS_4H_LPS_STIM_HDAC3_HET_MACROPHAGE_UP","97/6767","198/21355",2.69410858796285e-07,5.68891875225928e-07,9.74111923333485e-08
"GSE360_L_MAJOR_VS_B_MALAYI_HIGH_DOSE_DC_DN","GSE360_L_MAJOR_VS_B_MALAYI_HIGH_DOSE_DC_DN","97/6767","198/21355",2.69410858796285e-07,5.68891875225928e-07,9.74111923333485e-08
"GSE36009_UNSTIM_VS_LPS_STIM_NLRP10_KO_DC_DN","GSE36009_UNSTIM_VS_LPS_STIM_NLRP10_KO_DC_DN","97/6767","198/21355",2.69410858796285e-07,5.68891875225928e-07,9.74111923333485e-08
"GSE3982_BCELL_VS_EFF_MEMORY_CD4_TCELL_UP","GSE3982_BCELL_VS_EFF_MEMORY_CD4_TCELL_UP","97/6767","198/21355",2.69410858796285e-07,5.68891875225928e-07,9.74111923333485e-08
"GSE3982_CENT_MEMORY_CD4_TCELL_VS_NKCELL_DN","GSE3982_CENT_MEMORY_CD4_TCELL_VS_NKCELL_DN","97/6767","198/21355",2.69410858796285e-07,5.68891875225928e-07,9.74111923333485e-08
"GSE3982_MAC_VS_NEUTROPHIL_UP","GSE3982_MAC_VS_NEUTROPHIL_UP","97/6767","198/21355",2.69410858796285e-07,5.68891875225928e-07,9.74111923333485e-08
"GSE3982_MAST_CELL_VS_TH1_DN","GSE3982_MAST_CELL_VS_TH1_DN","97/6767","198/21355",2.69410858796285e-07,5.68891875225928e-07,9.74111923333485e-08
"GSE3982_NEUTROPHIL_VS_BCELL_DN","GSE3982_NEUTROPHIL_VS_BCELL_DN","97/6767","198/21355",2.69410858796285e-07,5.68891875225928e-07,9.74111923333485e-08
"GSE40274_CTRL_VS_FOXP3_AND_XBP1_TRANSDUCED_ACTIVATED_CD4_TCELL_DN","GSE40274_CTRL_VS_FOXP3_AND_XBP1_TRANSDUCED_ACTIVATED_CD4_TCELL_DN","80/6767","156/21355",2.71991173703842e-07,5.74104054170275e-07,9.83036722363565e-08
"GSE13547_2H_VS_12_H_ANTI_IGM_STIM_ZFX_KO_BCELL_UP","GSE13547_2H_VS_12_H_ANTI_IGM_STIM_ZFX_KO_BCELL_UP","84/6767","166/21355",2.92208202600459e-07,6.16523232400227e-07,1.05567095936228e-07
"GSE2706_2H_VS_8H_R848_AND_LPS_STIM_DC_DN","GSE2706_2H_VS_8H_R848_AND_LPS_STIM_DC_DN","96/6767","196/21355",3.13494430533953e-07,6.60890602527787e-07,1.13164107974947e-07
"GSE30971_CTRL_VS_LPS_STIM_MACROPHAGE_WBP7_KO_2H_UP","GSE30971_CTRL_VS_LPS_STIM_MACROPHAGE_WBP7_KO_2H_UP","96/6767","196/21355",3.13494430533953e-07,6.60890602527787e-07,1.13164107974947e-07
"GSE11386_NAIVE_VS_MEMORY_BCELL_DN","GSE11386_NAIVE_VS_MEMORY_BCELL_DN","81/6767","159/21355",3.29325414793378e-07,6.93979203306884e-07,1.18829859578894e-07
"GSE40274_CTRL_VS_FOXP3_AND_EOS_TRANSDUCED_ACTIVATED_CD4_TCELL_UP","GSE40274_CTRL_VS_FOXP3_AND_EOS_TRANSDUCED_ACTIVATED_CD4_TCELL_UP","85/6767","169/21355",3.48969642081311e-07,7.35072865633066e-07,1.25866315571428e-07
"GSE14415_INDUCED_TREG_VS_FOXP3_KO_INDUCED_TREG_IL2_CULTURE_UP","GSE14415_INDUCED_TREG_VS_FOXP3_KO_INDUCED_TREG_IL2_CULTURE_UP","87/6767","174/21355",3.55797177610907e-07,7.48839133666306e-07,1.28223509691252e-07
"GSE7509_UNSTIM_VS_FCGRIIB_STIM_DC_DN","GSE7509_UNSTIM_VS_FCGRIIB_STIM_DC_DN","87/6767","174/21355",3.55797177610907e-07,7.48839133666306e-07,1.28223509691252e-07
"GSE11961_MEMORY_BCELL_DAY7_VS_PLASMA_CELL_DAY7_UP","GSE11961_MEMORY_BCELL_DAY7_VS_PLASMA_CELL_DAY7_UP","97/6767","199/21355",3.63004072142791e-07,7.57169193602967e-07,1.29649863460703e-07
"GSE12845_PRE_GC_VS_DARKZONE_GC_TONSIL_BCELL_DN","GSE12845_PRE_GC_VS_DARKZONE_GC_TONSIL_BCELL_DN","97/6767","199/21355",3.63004072142791e-07,7.57169193602967e-07,1.29649863460703e-07
"GSE15735_2H_VS_12H_HDAC_INHIBITOR_TREATED_CD4_TCELL_UP","GSE15735_2H_VS_12H_HDAC_INHIBITOR_TREATED_CD4_TCELL_UP","97/6767","199/21355",3.63004072142791e-07,7.57169193602967e-07,1.29649863460703e-07
"GSE16385_ROSIGLITAZONE_IL4_VS_IL4_ALONE_STIM_MACROPHAGE_12H_DN","GSE16385_ROSIGLITAZONE_IL4_VS_IL4_ALONE_STIM_MACROPHAGE_12H_DN","97/6767","199/21355",3.63004072142791e-07,7.57169193602967e-07,1.29649863460703e-07
"GSE17721_0.5H_VS_8H_LPS_BMDC_DN","GSE17721_0.5H_VS_8H_LPS_BMDC_DN","97/6767","199/21355",3.63004072142791e-07,7.57169193602967e-07,1.29649863460703e-07
"GSE17721_0.5H_VS_8H_POLYIC_BMDC_DN","GSE17721_0.5H_VS_8H_POLYIC_BMDC_DN","97/6767","199/21355",3.63004072142791e-07,7.57169193602967e-07,1.29649863460703e-07
"GSE17721_LPS_VS_POLYIC_24H_BMDC_UP","GSE17721_LPS_VS_POLYIC_24H_BMDC_UP","97/6767","199/21355",3.63004072142791e-07,7.57169193602967e-07,1.29649863460703e-07
"GSE23114_PERITONEAL_CAVITY_B1A_BCELL_VS_SPLEEN_BCELL_IN_SLE2C1_MOUSE_UP","GSE23114_PERITONEAL_CAVITY_B1A_BCELL_VS_SPLEEN_BCELL_IN_SLE2C1_MOUSE_UP","97/6767","199/21355",3.63004072142791e-07,7.57169193602967e-07,1.29649863460703e-07
"GSE2405_HEAT_KILLED_VS_LIVE_A_PHAGOCYTOPHILUM_STIM_NEUTROPHIL_9H_UP","GSE2405_HEAT_KILLED_VS_LIVE_A_PHAGOCYTOPHILUM_STIM_NEUTROPHIL_9H_UP","97/6767","199/21355",3.63004072142791e-07,7.57169193602967e-07,1.29649863460703e-07
"GSE27786_CD8_TCELL_VS_NEUTROPHIL_UP","GSE27786_CD8_TCELL_VS_NEUTROPHIL_UP","97/6767","199/21355",3.63004072142791e-07,7.57169193602967e-07,1.29649863460703e-07
"GSE360_CTRL_VS_L_MAJOR_DC_DN","GSE360_CTRL_VS_L_MAJOR_DC_DN","97/6767","199/21355",3.63004072142791e-07,7.57169193602967e-07,1.29649863460703e-07
"GSE360_HIGH_DOSE_B_MALAYI_VS_M_TUBERCULOSIS_MAC_DN","GSE360_HIGH_DOSE_B_MALAYI_VS_M_TUBERCULOSIS_MAC_DN","97/6767","199/21355",3.63004072142791e-07,7.57169193602967e-07,1.29649863460703e-07
"GSE36009_WT_VS_NLRP10_KO_DC_LPS_STIM_UP","GSE36009_WT_VS_NLRP10_KO_DC_LPS_STIM_UP","97/6767","199/21355",3.63004072142791e-07,7.57169193602967e-07,1.29649863460703e-07
"GSE37532_WT_VS_PPARG_KO_VISCERAL_ADIPOSE_TISSUE_TCONV_UP","GSE37532_WT_VS_PPARG_KO_VISCERAL_ADIPOSE_TISSUE_TCONV_UP","97/6767","199/21355",3.63004072142791e-07,7.57169193602967e-07,1.29649863460703e-07
"GSE37534_UNTREATED_VS_GW1929_TREATED_CD4_TCELL_PPARG1_AND_FOXP3_TRASDUCED_UP","GSE37534_UNTREATED_VS_GW1929_TREATED_CD4_TCELL_PPARG1_AND_FOXP3_TRASDUCED_UP","97/6767","199/21355",3.63004072142791e-07,7.57169193602967e-07,1.29649863460703e-07
"GSE41867_NAIVE_VS_DAY8_LCMV_ARMSTRONG_EFFECTOR_CD8_TCELL_DN","GSE41867_NAIVE_VS_DAY8_LCMV_ARMSTRONG_EFFECTOR_CD8_TCELL_DN","97/6767","199/21355",3.63004072142791e-07,7.57169193602967e-07,1.29649863460703e-07
"GSE43863_DAY6_EFF_VS_DAY150_MEM_TH1_CD4_TCELL_DN","GSE43863_DAY6_EFF_VS_DAY150_MEM_TH1_CD4_TCELL_DN","97/6767","199/21355",3.63004072142791e-07,7.57169193602967e-07,1.29649863460703e-07
"GSE44955_MCSF_VS_MCSF_AND_IL27_STIM_MACROPHAGE_DN","GSE44955_MCSF_VS_MCSF_AND_IL27_STIM_MACROPHAGE_DN","97/6767","199/21355",3.63004072142791e-07,7.57169193602967e-07,1.29649863460703e-07
"GSE4748_CTRL_VS_LPS_STIM_DC_3H_DN","GSE4748_CTRL_VS_LPS_STIM_DC_3H_DN","97/6767","199/21355",3.63004072142791e-07,7.57169193602967e-07,1.29649863460703e-07
"GSE5589_WT_VS_IL6_KO_LPS_STIM_MACROPHAGE_45MIN_UP","GSE5589_WT_VS_IL6_KO_LPS_STIM_MACROPHAGE_45MIN_UP","97/6767","199/21355",3.63004072142791e-07,7.57169193602967e-07,1.29649863460703e-07
"GSE7460_WT_VS_FOXP3_HET_ACT_TCONV_UP","GSE7460_WT_VS_FOXP3_HET_ACT_TCONV_UP","97/6767","199/21355",3.63004072142791e-07,7.57169193602967e-07,1.29649863460703e-07
"GSE8621_UNSTIM_VS_LPS_PRIMED_AND_LPS_STIM_MACROPHAGE_UP","GSE8621_UNSTIM_VS_LPS_PRIMED_AND_LPS_STIM_MACROPHAGE_UP","97/6767","199/21355",3.63004072142791e-07,7.57169193602967e-07,1.29649863460703e-07
"GSE25088_WT_VS_STAT6_KO_MACROPHAGE_ROSIGLITAZONE_STIM_UP","GSE25088_WT_VS_STAT6_KO_MACROPHAGE_ROSIGLITAZONE_STIM_UP","95/6767","194/21355",3.6479725697917e-07,7.60600055523467e-07,1.3023732896155e-07
"GSE15330_HSC_VS_MEGAKARYOCYTE_ERYTHROID_PROGENITOR_UP","GSE15330_HSC_VS_MEGAKARYOCYTE_ERYTHROID_PROGENITOR_UP","82/6767","162/21355",3.95985005499251e-07,8.25290700485635e-07,1.41314289510644e-07
"HOWARD_NK_CELL_INACT_MONOV_INFLUENZA_A_INDONESIA_05_2005_H5N1_AGE_18_49YO_28DY_DN","HOWARD_NK_CELL_INACT_MONOV_INFLUENZA_A_INDONESIA_05_2005_H5N1_AGE_18_49YO_28DY_DN","39/6767","62/21355",4.15003075652994e-07,8.64575688286429e-07,1.48041046683889e-07
"GSE37605_TREG_VS_TCONV_C57BL6_FOXP3_FUSION_GFP_DN","GSE37605_TREG_VS_TCONV_C57BL6_FOXP3_FUSION_GFP_DN","88/6767","177/21355",4.19922782186933e-07,8.74469579314544e-07,1.49735174801788e-07
"GSE10325_CD4_TCELL_VS_LUPUS_CD4_TCELL_UP","GSE10325_CD4_TCELL_VS_LUPUS_CD4_TCELL_UP","96/6767","197/21355",4.22323181473476e-07,8.77685833568914e-07,1.50285893093627e-07
"GSE26290_WT_VS_PDK1_KO_ANTI_CD3_AND_IL2_STIM_CD8_TCELL_DN","GSE26290_WT_VS_PDK1_KO_ANTI_CD3_AND_IL2_STIM_CD8_TCELL_DN","96/6767","197/21355",4.22323181473476e-07,8.77685833568914e-07,1.50285893093627e-07
"GSE3982_EOSINOPHIL_VS_NKCELL_DN","GSE3982_EOSINOPHIL_VS_NKCELL_DN","96/6767","197/21355",4.22323181473476e-07,8.77685833568914e-07,1.50285893093627e-07
"GSE3982_MEMORY_CD4_TCELL_VS_BCELL_DN","GSE3982_MEMORY_CD4_TCELL_VS_BCELL_DN","96/6767","197/21355",4.22323181473476e-07,8.77685833568914e-07,1.50285893093627e-07
"GSE46242_CTRL_VS_EGR2_DELETED_ANERGIC_TH1_CD4_TCELL_DN","GSE46242_CTRL_VS_EGR2_DELETED_ANERGIC_TH1_CD4_TCELL_DN","96/6767","197/21355",4.22323181473476e-07,8.77685833568914e-07,1.50285893093627e-07
"GSE6259_BCELL_VS_CD4_TCELL_UP","GSE6259_BCELL_VS_CD4_TCELL_UP","94/6767","192/21355",4.24502929151897e-07,8.81858394555014e-07,1.51000359512361e-07
"GSE11961_MARGINAL_ZONE_BCELL_VS_GERMINAL_CENTER_BCELL_DAY7_DN","GSE11961_MARGINAL_ZONE_BCELL_VS_GERMINAL_CENTER_BCELL_DAY7_DN","97/6767","200/21355",4.86819605397815e-07,9.88093474613856e-07,1.69190961745959e-07
"GSE12392_CD8A_POS_VS_NEG_SPLEEN_DC_UP","GSE12392_CD8A_POS_VS_NEG_SPLEEN_DC_UP","97/6767","200/21355",4.86819605397815e-07,9.88093474613856e-07,1.69190961745959e-07
"GSE14308_TH1_VS_INDUCED_TREG_UP","GSE14308_TH1_VS_INDUCED_TREG_UP","97/6767","200/21355",4.86819605397815e-07,9.88093474613856e-07,1.69190961745959e-07
"GSE1432_1H_VS_6H_IFNG_MICROGLIA_UP","GSE1432_1H_VS_6H_IFNG_MICROGLIA_UP","97/6767","200/21355",4.86819605397815e-07,9.88093474613856e-07,1.69190961745959e-07
"GSE14350_IL2RB_KO_VS_WT_TEFF_DN","GSE14350_IL2RB_KO_VS_WT_TEFF_DN","97/6767","200/21355",4.86819605397815e-07,9.88093474613856e-07,1.69190961745959e-07
"GSE14769_20MIN_VS_360MIN_LPS_BMDM_DN","GSE14769_20MIN_VS_360MIN_LPS_BMDM_DN","97/6767","200/21355",4.86819605397815e-07,9.88093474613856e-07,1.69190961745959e-07
"GSE14908_ATOPIC_VS_NONATOPIC_PATIENT_HDM_STIM_CD4_TCELL_UP","GSE14908_ATOPIC_VS_NONATOPIC_PATIENT_HDM_STIM_CD4_TCELL_UP","97/6767","200/21355",4.86819605397815e-07,9.88093474613856e-07,1.69190961745959e-07
"GSE15330_WT_VS_IKAROS_KO_MEGAKARYOCYTE_ERYTHROID_PROGENITOR_UP","GSE15330_WT_VS_IKAROS_KO_MEGAKARYOCYTE_ERYTHROID_PROGENITOR_UP","97/6767","200/21355",4.86819605397815e-07,9.88093474613856e-07,1.69190961745959e-07
"GSE15735_CTRL_VS_HDAC_INHIBITOR_TREATED_CD4_TCELL_2H_DN","GSE15735_CTRL_VS_HDAC_INHIBITOR_TREATED_CD4_TCELL_2H_DN","97/6767","200/21355",4.86819605397815e-07,9.88093474613856e-07,1.69190961745959e-07
"GSE16450_IMMATURE_VS_MATURE_NEURON_CELL_LINE_12H_IFNA_STIM_DN","GSE16450_IMMATURE_VS_MATURE_NEURON_CELL_LINE_12H_IFNA_STIM_DN","97/6767","200/21355",4.86819605397815e-07,9.88093474613856e-07,1.69190961745959e-07
"GSE17721_0.5H_VS_24H_PAM3CSK4_BMDC_UP","GSE17721_0.5H_VS_24H_PAM3CSK4_BMDC_UP","97/6767","200/21355",4.86819605397815e-07,9.88093474613856e-07,1.69190961745959e-07
"GSE17721_0.5H_VS_8H_PAM3CSK4_BMDC_DN","GSE17721_0.5H_VS_8H_PAM3CSK4_BMDC_DN","97/6767","200/21355",4.86819605397815e-07,9.88093474613856e-07,1.69190961745959e-07
"GSE17721_12H_VS_24H_LPS_BMDC_DN","GSE17721_12H_VS_24H_LPS_BMDC_DN","97/6767","200/21355",4.86819605397815e-07,9.88093474613856e-07,1.69190961745959e-07
"GSE17721_CTRL_VS_CPG_1H_BMDC_UP","GSE17721_CTRL_VS_CPG_1H_BMDC_UP","97/6767","200/21355",4.86819605397815e-07,9.88093474613856e-07,1.69190961745959e-07
"GSE17721_LPS_VS_PAM3CSK4_12H_BMDC_UP","GSE17721_LPS_VS_PAM3CSK4_12H_BMDC_UP","97/6767","200/21355",4.86819605397815e-07,9.88093474613856e-07,1.69190961745959e-07
"GSE17721_POLYIC_VS_CPG_12H_BMDC_UP","GSE17721_POLYIC_VS_CPG_12H_BMDC_UP","97/6767","200/21355",4.86819605397815e-07,9.88093474613856e-07,1.69190961745959e-07
"GSE18281_SUBCAPSULAR_VS_PERIMEDULLARY_CORTICAL_REGION_OF_THYMUS_UP","GSE18281_SUBCAPSULAR_VS_PERIMEDULLARY_CORTICAL_REGION_OF_THYMUS_UP","97/6767","200/21355",4.86819605397815e-07,9.88093474613856e-07,1.69190961745959e-07
"GSE19941_IL10_KO_VS_IL10_KO_AND_NFKBP50_KO_LPS_STIM_MACROPHAGE_DN","GSE19941_IL10_KO_VS_IL10_KO_AND_NFKBP50_KO_LPS_STIM_MACROPHAGE_DN","97/6767","200/21355",4.86819605397815e-07,9.88093474613856e-07,1.69190961745959e-07
"GSE19941_IL10_KO_VS_IL10_KO_AND_NFKBP50_KO_UNSTIM_MACROPHAGE_DN","GSE19941_IL10_KO_VS_IL10_KO_AND_NFKBP50_KO_UNSTIM_MACROPHAGE_DN","97/6767","200/21355",4.86819605397815e-07,9.88093474613856e-07,1.69190961745959e-07
"GSE22103_UNSTIM_VS_GMCSF_AND_IFNG_STIM_NEUTROPHIL_UP","GSE22103_UNSTIM_VS_GMCSF_AND_IFNG_STIM_NEUTROPHIL_UP","97/6767","200/21355",4.86819605397815e-07,9.88093474613856e-07,1.69190961745959e-07
"GSE23505_IL6_IL1_VS_IL6_IL1_IL23_TREATED_CD4_TCELL_DN","GSE23505_IL6_IL1_VS_IL6_IL1_IL23_TREATED_CD4_TCELL_DN","97/6767","200/21355",4.86819605397815e-07,9.88093474613856e-07,1.69190961745959e-07
"GSE2405_S_AUREUS_VS_A_PHAGOCYTOPHILUM_NEUTROPHIL_DN","GSE2405_S_AUREUS_VS_A_PHAGOCYTOPHILUM_NEUTROPHIL_DN","97/6767","200/21355",4.86819605397815e-07,9.88093474613856e-07,1.69190961745959e-07
"GSE24972_WT_VS_IRF8_KO_MARGINAL_ZONE_SPLEEN_BCELL_UP","GSE24972_WT_VS_IRF8_KO_MARGINAL_ZONE_SPLEEN_BCELL_UP","97/6767","200/21355",4.86819605397815e-07,9.88093474613856e-07,1.69190961745959e-07
"GSE26669_CD4_VS_CD8_TCELL_IN_MLR_UP","GSE26669_CD4_VS_CD8_TCELL_IN_MLR_UP","97/6767","200/21355",4.86819605397815e-07,9.88093474613856e-07,1.69190961745959e-07
"GSE2770_UNTREATED_VS_IL4_TREATED_ACT_CD4_TCELL_2H_UP","GSE2770_UNTREATED_VS_IL4_TREATED_ACT_CD4_TCELL_2H_UP","97/6767","200/21355",4.86819605397815e-07,9.88093474613856e-07,1.69190961745959e-07
"GSE27786_NKCELL_VS_ERYTHROBLAST_UP","GSE27786_NKCELL_VS_ERYTHROBLAST_UP","97/6767","200/21355",4.86819605397815e-07,9.88093474613856e-07,1.69190961745959e-07
"GSE27859_DC_VS_CD11C_INT_F480_INT_DC_UP","GSE27859_DC_VS_CD11C_INT_F480_INT_DC_UP","97/6767","200/21355",4.86819605397815e-07,9.88093474613856e-07,1.69190961745959e-07
"GSE28237_EARLY_VS_LATE_GC_BCELL_DN","GSE28237_EARLY_VS_LATE_GC_BCELL_DN","97/6767","200/21355",4.86819605397815e-07,9.88093474613856e-07,1.69190961745959e-07
"GSE29164_UNTREATED_VS_CD8_TCELL_AND_IL12_TREATED_MELANOMA_DAY3_UP","GSE29164_UNTREATED_VS_CD8_TCELL_AND_IL12_TREATED_MELANOMA_DAY3_UP","97/6767","200/21355",4.86819605397815e-07,9.88093474613856e-07,1.69190961745959e-07
"GSE3039_CD4_TCELL_VS_ALPHABETA_CD8_TCELL_UP","GSE3039_CD4_TCELL_VS_ALPHABETA_CD8_TCELL_UP","97/6767","200/21355",4.86819605397815e-07,9.88093474613856e-07,1.69190961745959e-07
"GSE32423_CTRL_VS_IL7_IL4_MEMORY_CD8_TCELL_UP","GSE32423_CTRL_VS_IL7_IL4_MEMORY_CD8_TCELL_UP","97/6767","200/21355",4.86819605397815e-07,9.88093474613856e-07,1.69190961745959e-07
"GSE33424_CD161_HIGH_VS_NEG_CD8_TCELL_UP","GSE33424_CD161_HIGH_VS_NEG_CD8_TCELL_UP","97/6767","200/21355",4.86819605397815e-07,9.88093474613856e-07,1.69190961745959e-07
"GSE34515_CD16_NEG_VS_POS_MONOCYTE_UP","GSE34515_CD16_NEG_VS_POS_MONOCYTE_UP","97/6767","200/21355",4.86819605397815e-07,9.88093474613856e-07,1.69190961745959e-07
"GSE360_DC_VS_MAC_UP","GSE360_DC_VS_MAC_UP","97/6767","200/21355",4.86819605397815e-07,9.88093474613856e-07,1.69190961745959e-07
"GSE360_L_MAJOR_VS_B_MALAYI_LOW_DOSE_DC_UP","GSE360_L_MAJOR_VS_B_MALAYI_LOW_DOSE_DC_UP","97/6767","200/21355",4.86819605397815e-07,9.88093474613856e-07,1.69190961745959e-07
"GSE36078_UNTREATED_VS_AD5_INF_MOUSE_LUNG_DC_DN","GSE36078_UNTREATED_VS_AD5_INF_MOUSE_LUNG_DC_DN","97/6767","200/21355",4.86819605397815e-07,9.88093474613856e-07,1.69190961745959e-07
"GSE36392_MAC_VS_NEUTROPHIL_IL25_TREATED_LUNG_UP","GSE36392_MAC_VS_NEUTROPHIL_IL25_TREATED_LUNG_UP","97/6767","200/21355",4.86819605397815e-07,9.88093474613856e-07,1.69190961745959e-07
"GSE36392_TYPE_2_MYELOID_VS_NEUTROPHIL_IL25_TREATED_LUNG_UP","GSE36392_TYPE_2_MYELOID_VS_NEUTROPHIL_IL25_TREATED_LUNG_UP","97/6767","200/21355",4.86819605397815e-07,9.88093474613856e-07,1.69190961745959e-07
"GSE36826_WT_VS_IL1R_KO_SKIN_STAPH_AUREUS_INF_DN","GSE36826_WT_VS_IL1R_KO_SKIN_STAPH_AUREUS_INF_DN","97/6767","200/21355",4.86819605397815e-07,9.88093474613856e-07,1.69190961745959e-07
"GSE3720_UNSTIM_VS_LPS_STIM_VD1_GAMMADELTA_TCELL_UP","GSE3720_UNSTIM_VS_LPS_STIM_VD1_GAMMADELTA_TCELL_UP","97/6767","200/21355",4.86819605397815e-07,9.88093474613856e-07,1.69190961745959e-07
"GSE37301_LYMPHOID_PRIMED_MPP_VS_COMMON_LYMPHOID_PROGENITOR_UP","GSE37301_LYMPHOID_PRIMED_MPP_VS_COMMON_LYMPHOID_PROGENITOR_UP","97/6767","200/21355",4.86819605397815e-07,9.88093474613856e-07,1.69190961745959e-07
"GSE411_UNSTIM_VS_100MIN_IL6_STIM_MACROPHAGE_DN","GSE411_UNSTIM_VS_100MIN_IL6_STIM_MACROPHAGE_DN","97/6767","200/21355",4.86819605397815e-07,9.88093474613856e-07,1.69190961745959e-07
"GSE411_UNSTIM_VS_400MIN_IL6_STIM_MACROPHAGE_UP","GSE411_UNSTIM_VS_400MIN_IL6_STIM_MACROPHAGE_UP","97/6767","200/21355",4.86819605397815e-07,9.88093474613856e-07,1.69190961745959e-07
"GSE41176_UNSTIM_VS_ANTI_IGM_STIM_TAK1_KO_BCELL_1H_UP","GSE41176_UNSTIM_VS_ANTI_IGM_STIM_TAK1_KO_BCELL_1H_UP","97/6767","200/21355",4.86819605397815e-07,9.88093474613856e-07,1.69190961745959e-07
"GSE41867_DAY6_VS_DAY8_LCMV_CLONE13_EFFECTOR_CD8_TCELL_UP","GSE41867_DAY6_VS_DAY8_LCMV_CLONE13_EFFECTOR_CD8_TCELL_UP","97/6767","200/21355",4.86819605397815e-07,9.88093474613856e-07,1.69190961745959e-07
"GSE42021_TREG_PLN_VS_TREG_PRECURSORS_THYMUS_DN","GSE42021_TREG_PLN_VS_TREG_PRECURSORS_THYMUS_DN","97/6767","200/21355",4.86819605397815e-07,9.88093474613856e-07,1.69190961745959e-07
"GSE43700_UNTREATED_VS_IL10_TREATED_PBMC_UP","GSE43700_UNTREATED_VS_IL10_TREATED_PBMC_UP","97/6767","200/21355",4.86819605397815e-07,9.88093474613856e-07,1.69190961745959e-07
"GSE45365_HEALTHY_VS_MCMV_INFECTION_CD8A_DC_UP","GSE45365_HEALTHY_VS_MCMV_INFECTION_CD8A_DC_UP","97/6767","200/21355",4.86819605397815e-07,9.88093474613856e-07,1.69190961745959e-07
"GSE5099_UNSTIM_VS_MCSF_TREATED_MONOCYTE_DAY7_DN","GSE5099_UNSTIM_VS_MCSF_TREATED_MONOCYTE_DAY7_DN","97/6767","200/21355",4.86819605397815e-07,9.88093474613856e-07,1.69190961745959e-07
"GSE557_CIITA_KO_VS_I_AB_KO_DC_UP","GSE557_CIITA_KO_VS_I_AB_KO_DC_UP","97/6767","200/21355",4.86819605397815e-07,9.88093474613856e-07,1.69190961745959e-07
"GSE5589_LPS_AND_IL10_VS_LPS_AND_IL6_STIM_IL10_KO_MACROPHAGE_45MIN_DN","GSE5589_LPS_AND_IL10_VS_LPS_AND_IL6_STIM_IL10_KO_MACROPHAGE_45MIN_DN","97/6767","200/21355",4.86819605397815e-07,9.88093474613856e-07,1.69190961745959e-07
"GSE5679_CTRL_VS_RARA_AGONIST_AM580_TREATED_DC_DN","GSE5679_CTRL_VS_RARA_AGONIST_AM580_TREATED_DC_DN","97/6767","200/21355",4.86819605397815e-07,9.88093474613856e-07,1.69190961745959e-07
"GSE6674_PL2_3_VS_ANTI_IGM_AND_CPG_STIM_BCELL_DN","GSE6674_PL2_3_VS_ANTI_IGM_AND_CPG_STIM_BCELL_DN","97/6767","200/21355",4.86819605397815e-07,9.88093474613856e-07,1.69190961745959e-07
"GSE7831_1H_VS_4H_CPG_STIM_PDC_UP","GSE7831_1H_VS_4H_CPG_STIM_PDC_UP","97/6767","200/21355",4.86819605397815e-07,9.88093474613856e-07,1.69190961745959e-07
"GSE7831_UNSTIM_VS_INFLUENZA_STIM_PDC_1H_UP","GSE7831_UNSTIM_VS_INFLUENZA_STIM_PDC_1H_UP","97/6767","200/21355",4.86819605397815e-07,9.88093474613856e-07,1.69190961745959e-07
"GSE7831_UNSTIM_VS_INFLUENZA_STIM_PDC_4H_DN","GSE7831_UNSTIM_VS_INFLUENZA_STIM_PDC_4H_DN","97/6767","200/21355",4.86819605397815e-07,9.88093474613856e-07,1.69190961745959e-07
"GSE8685_IL2_STARVED_VS_IL21_ACT_IL2_STARVED_CD4_TCELL_UP","GSE8685_IL2_STARVED_VS_IL21_ACT_IL2_STARVED_CD4_TCELL_UP","97/6767","200/21355",4.86819605397815e-07,9.88093474613856e-07,1.69190961745959e-07
"GSE9650_NAIVE_VS_MEMORY_CD8_TCELL_UP","GSE9650_NAIVE_VS_MEMORY_CD8_TCELL_UP","97/6767","200/21355",4.86819605397815e-07,9.88093474613856e-07,1.69190961745959e-07
"GSE13547_2H_VS_12_H_ANTI_IGM_STIM_BCELL_UP","GSE13547_2H_VS_12_H_ANTI_IGM_STIM_BCELL_UP","87/6767","175/21355",4.88882509110975e-07,9.91495500083849e-07,1.69773489589671e-07
"GSE6259_33D1_POS_VS_DEC205_POS_FLT3L_INDUCED_SPLENIC_DC_UP","GSE6259_33D1_POS_VS_DEC205_POS_FLT3L_INDUCED_SPLENIC_DC_UP","87/6767","175/21355",4.88882509110975e-07,9.91495500083849e-07,1.69773489589671e-07
"GSE3982_EOSINOPHIL_VS_TH1_UP","GSE3982_EOSINOPHIL_VS_TH1_UP","95/6767","195/21355",4.91342046564141e-07,9.95695918076818e-07,1.70492725955687e-07
"GSE3982_MAST_CELL_VS_MAC_DN","GSE3982_MAST_CELL_VS_MAC_DN","95/6767","195/21355",4.91342046564141e-07,9.95695918076818e-07,1.70492725955687e-07
"GSE40274_FOXP3_VS_FOXP3_AND_SATB1_TRANSDUCED_ACTIVATED_CD4_TCELL_DN","GSE40274_FOXP3_VS_FOXP3_AND_SATB1_TRANSDUCED_ACTIVATED_CD4_TCELL_DN","89/6767","180/21355",4.92930563519009e-07,9.98520347357549e-07,1.70976352169874e-07
"GSE7219_WT_VS_NIK_NFKB2_KO_DC_UP","GSE7219_WT_VS_NIK_NFKB2_KO_DC_UP","91/6767","185/21355",4.94577853633471e-07,1.00146155433602e-06,1.71479974195691e-07
"GSE37301_MULTIPOTENT_PROGENITOR_VS_LYMPHOID_PRIMED_MPP_UP","GSE37301_MULTIPOTENT_PROGENITOR_VS_LYMPHOID_PRIMED_MPP_UP","80/6767","158/21355",5.36684194227211e-07,1.08629287951161e-06,1.86005617630641e-07
"GSE13173_UNTREATED_VS_IL12_TREATED_ACT_CD8_TCELL_DN","GSE13173_UNTREATED_VS_IL12_TREATED_ACT_CD8_TCELL_DN","73/6767","141/21355",5.52049205689731e-07,1.11695196431383e-06,1.91255363911949e-07
"GSE14415_ACT_VS_CTRL_NATURAL_TREG_DN","GSE14415_ACT_VS_CTRL_NATURAL_TREG_DN","84/6767","168/21355",5.61535996535669e-07,1.13569824624788e-06,1.94465284381085e-07
"GSE10273_HIGH_VS_LOW_IL7_TREATED_IRF4_8_NULL_PRE_BCELL_DN","GSE10273_HIGH_VS_LOW_IL7_TREATED_IRF4_8_NULL_PRE_BCELL_DN","96/6767","198/21355",5.66240661640246e-07,1.14161064578433e-06,1.95477662854881e-07
"GSE13484_12H_UNSTIM_VS_YF17D_VACCINE_STIM_PBMC_DN","GSE13484_12H_UNSTIM_VS_YF17D_VACCINE_STIM_PBMC_DN","96/6767","198/21355",5.66240661640246e-07,1.14161064578433e-06,1.95477662854881e-07
"GSE1460_INTRATHYMIC_T_PROGENITOR_VS_THYMIC_STROMAL_CELL_UP","GSE1460_INTRATHYMIC_T_PROGENITOR_VS_THYMIC_STROMAL_CELL_UP","96/6767","198/21355",5.66240661640246e-07,1.14161064578433e-06,1.95477662854881e-07
"GSE15930_NAIVE_VS_48H_IN_VITRO_STIM_CD8_TCELL_UP","GSE15930_NAIVE_VS_48H_IN_VITRO_STIM_CD8_TCELL_UP","96/6767","198/21355",5.66240661640246e-07,1.14161064578433e-06,1.95477662854881e-07
"GSE17974_0H_VS_48H_IN_VITRO_ACT_CD4_TCELL_DN","GSE17974_0H_VS_48H_IN_VITRO_ACT_CD4_TCELL_DN","96/6767","198/21355",5.66240661640246e-07,1.14161064578433e-06,1.95477662854881e-07
"GSE27786_NKCELL_VS_NKTCELL_DN","GSE27786_NKCELL_VS_NKTCELL_DN","96/6767","198/21355",5.66240661640246e-07,1.14161064578433e-06,1.95477662854881e-07
"GSE360_CTRL_VS_B_MALAYI_HIGH_DOSE_DC_DN","GSE360_CTRL_VS_B_MALAYI_HIGH_DOSE_DC_DN","96/6767","198/21355",5.66240661640246e-07,1.14161064578433e-06,1.95477662854881e-07
"GSE360_CTRL_VS_M_TUBERCULOSIS_MAC_DN","GSE360_CTRL_VS_M_TUBERCULOSIS_MAC_DN","96/6767","198/21355",5.66240661640246e-07,1.14161064578433e-06,1.95477662854881e-07
"GSE4984_UNTREATED_VS_LPS_TREATED_DC_DN","GSE4984_UNTREATED_VS_LPS_TREATED_DC_DN","86/6767","173/21355",5.6918449468288e-07,1.14709469506255e-06,1.96416695037042e-07
"ZAK_PBMC_MRKAD5_HIV_1_GAG_POL_NEF_AGE_20_50YO_1DY_ADDNL_EXON_LVL_UP","ZAK_PBMC_MRKAD5_HIV_1_GAG_POL_NEF_AGE_20_50YO_1DY_ADDNL_EXON_LVL_UP","53/6767","94/21355",6.32776380348867e-07,1.27475226013699e-06,2.18275463224467e-07
"GSE10147_IL3_VS_IL3_AND_HIVP17_STIM_PDC_UP","GSE10147_IL3_VS_IL3_AND_HIVP17_STIM_PDC_UP","83/6767","166/21355",6.53830557507348e-07,1.31664935912811e-06,2.25449491446285e-07
"GSE2706_2H_VS_8H_LPS_STIM_DC_UP","GSE2706_2H_VS_8H_LPS_STIM_DC_UP","95/6767","196/21355",6.58624457681627e-07,1.32526200727382e-06,2.26924232713574e-07
"GSE9988_LOW_LPS_VS_VEHICLE_TREATED_MONOCYTE_UP","GSE9988_LOW_LPS_VS_VEHICLE_TREATED_MONOCYTE_UP","95/6767","196/21355",6.58624457681627e-07,1.32526200727382e-06,2.26924232713574e-07
"GSE40274_CTRL_VS_EOS_TRANSDUCED_ACTIVATED_CD4_TCELL_UP","GSE40274_CTRL_VS_EOS_TRANSDUCED_ACTIVATED_CD4_TCELL_UP","87/6767","176/21355",6.68033939165532e-07,1.34366810753303e-06,2.30075903972271e-07
"GSE27241_CTRL_VS_DIGOXIN_TREATED_RORGT_KO_CD4_TCELL_IN_TH17_POLARIZING_CONDITIONS_DN","GSE27241_CTRL_VS_DIGOXIN_TREATED_RORGT_KO_CD4_TCELL_IN_TH17_POLARIZING_CONDITIONS_DN","91/6767","186/21355",6.68985216943743e-07,1.34505380677277e-06,2.30313176854936e-07
"GSE14415_INDUCED_TREG_VS_FOXP3_KO_INDUCED_TREG_DN","GSE14415_INDUCED_TREG_VS_FOXP3_KO_INDUCED_TREG_DN","89/6767","181/21355",6.70050769991413e-07,1.34666809006114e-06,2.30589590118566e-07
"GSE14413_UNSTIM_VS_IFNB_STIM_NIH3T3_CELLS_DN","GSE14413_UNSTIM_VS_IFNB_STIM_NIH3T3_CELLS_DN","71/6767","137/21355",7.46860684857123e-07,1.50045248090222e-06,2.56922047174905e-07
"GSE11961_MEMORY_BCELL_DAY7_VS_GERMINAL_CENTER_BCELL_DAY40_DN","GSE11961_MEMORY_BCELL_DAY7_VS_GERMINAL_CENTER_BCELL_DAY40_DN","96/6767","199/21355",7.55665055734966e-07,1.50224689443706e-06,2.57229304088881e-07
"GSE15733_BM_VS_SPLEEN_MEMORY_CD4_TCELL_DN","GSE15733_BM_VS_SPLEEN_MEMORY_CD4_TCELL_DN","96/6767","199/21355",7.55665055734966e-07,1.50224689443706e-06,2.57229304088881e-07
"GSE15750_DAY6_VS_DAY10_TRAF6KO_EFF_CD8_TCELL_DN","GSE15750_DAY6_VS_DAY10_TRAF6KO_EFF_CD8_TCELL_DN","96/6767","199/21355",7.55665055734966e-07,1.50224689443706e-06,2.57229304088881e-07
"GSE15767_MED_VS_SCS_MAC_LN_DN","GSE15767_MED_VS_SCS_MAC_LN_DN","96/6767","199/21355",7.55665055734966e-07,1.50224689443706e-06,2.57229304088881e-07
"GSE17301_CTRL_VS_48H_ACD3_ACD28_STIM_CD8_TCELL_UP","GSE17301_CTRL_VS_48H_ACD3_ACD28_STIM_CD8_TCELL_UP","96/6767","199/21355",7.55665055734966e-07,1.50224689443706e-06,2.57229304088881e-07
"GSE17721_CTRL_VS_POLYIC_2H_BMDC_UP","GSE17721_CTRL_VS_POLYIC_2H_BMDC_UP","96/6767","199/21355",7.55665055734966e-07,1.50224689443706e-06,2.57229304088881e-07
"GSE17721_POLYIC_VS_CPG_8H_BMDC_UP","GSE17721_POLYIC_VS_CPG_8H_BMDC_UP","96/6767","199/21355",7.55665055734966e-07,1.50224689443706e-06,2.57229304088881e-07
"GSE17721_POLYIC_VS_PAM3CSK4_24H_BMDC_UP","GSE17721_POLYIC_VS_PAM3CSK4_24H_BMDC_UP","96/6767","199/21355",7.55665055734966e-07,1.50224689443706e-06,2.57229304088881e-07
"GSE19401_PLN_VS_PEYERS_PATCH_FOLLICULAR_DC_DN","GSE19401_PLN_VS_PEYERS_PATCH_FOLLICULAR_DC_DN","96/6767","199/21355",7.55665055734966e-07,1.50224689443706e-06,2.57229304088881e-07
"GSE20484_MCSG_VS_CXCL4_MONOCYTE_DERIVED_MACROPHAGE_UP","GSE20484_MCSG_VS_CXCL4_MONOCYTE_DERIVED_MACROPHAGE_UP","96/6767","199/21355",7.55665055734966e-07,1.50224689443706e-06,2.57229304088881e-07
"GSE20727_CTRL_VS_ROS_INHIBITOR_TREATED_DC_DN","GSE20727_CTRL_VS_ROS_INHIBITOR_TREATED_DC_DN","96/6767","199/21355",7.55665055734966e-07,1.50224689443706e-06,2.57229304088881e-07
"GSE21774_CD62L_POS_CD56_DIM_VS_CD62L_NEG_CD56_DIM_NK_CELL_DN","GSE21774_CD62L_POS_CD56_DIM_VS_CD62L_NEG_CD56_DIM_NK_CELL_DN","96/6767","199/21355",7.55665055734966e-07,1.50224689443706e-06,2.57229304088881e-07
"GSE22886_NAIVE_BCELL_VS_NEUTROPHIL_UP","GSE22886_NAIVE_BCELL_VS_NEUTROPHIL_UP","96/6767","199/21355",7.55665055734966e-07,1.50224689443706e-06,2.57229304088881e-07
"GSE25088_WT_VS_STAT6_KO_MACROPHAGE_ROSIGLITAZONE_STIM_DN","GSE25088_WT_VS_STAT6_KO_MACROPHAGE_ROSIGLITAZONE_STIM_DN","96/6767","199/21355",7.55665055734966e-07,1.50224689443706e-06,2.57229304088881e-07
"GSE2770_UNTREATED_VS_TGFB_AND_IL4_TREATED_ACT_CD4_TCELL_2H_DN","GSE2770_UNTREATED_VS_TGFB_AND_IL4_TREATED_ACT_CD4_TCELL_2H_DN","96/6767","199/21355",7.55665055734966e-07,1.50224689443706e-06,2.57229304088881e-07
"GSE27786_NKTCELL_VS_ERYTHROBLAST_UP","GSE27786_NKTCELL_VS_ERYTHROBLAST_UP","96/6767","199/21355",7.55665055734966e-07,1.50224689443706e-06,2.57229304088881e-07
"GSE360_CTRL_VS_L_DONOVANI_MAC_DN","GSE360_CTRL_VS_L_DONOVANI_MAC_DN","96/6767","199/21355",7.55665055734966e-07,1.50224689443706e-06,2.57229304088881e-07
"GSE360_L_DONOVANI_VS_B_MALAYI_HIGH_DOSE_MAC_UP","GSE360_L_DONOVANI_VS_B_MALAYI_HIGH_DOSE_MAC_UP","96/6767","199/21355",7.55665055734966e-07,1.50224689443706e-06,2.57229304088881e-07
"GSE360_L_DONOVANI_VS_B_MALAYI_LOW_DOSE_MAC_DN","GSE360_L_DONOVANI_VS_B_MALAYI_LOW_DOSE_MAC_DN","96/6767","199/21355",7.55665055734966e-07,1.50224689443706e-06,2.57229304088881e-07
"GSE3982_BASOPHIL_VS_TH2_DN","GSE3982_BASOPHIL_VS_TH2_DN","96/6767","199/21355",7.55665055734966e-07,1.50224689443706e-06,2.57229304088881e-07
"GSE3982_CTRL_VS_IGE_STIM_MAST_CELL_DN","GSE3982_CTRL_VS_IGE_STIM_MAST_CELL_DN","96/6767","199/21355",7.55665055734966e-07,1.50224689443706e-06,2.57229304088881e-07
"GSE3982_NEUTROPHIL_VS_NKCELL_DN","GSE3982_NEUTROPHIL_VS_NKCELL_DN","96/6767","199/21355",7.55665055734966e-07,1.50224689443706e-06,2.57229304088881e-07
"GSE41867_DAY15_EFFECTOR_VS_DAY30_EXHAUSTED_CD8_TCELL_LCMV_CLONE13_UP","GSE41867_DAY15_EFFECTOR_VS_DAY30_EXHAUSTED_CD8_TCELL_LCMV_CLONE13_UP","96/6767","199/21355",7.55665055734966e-07,1.50224689443706e-06,2.57229304088881e-07
"GSE43863_TFH_VS_LY6C_LOW_CXCR5NEG_EFFECTOR_CD4_TCELL_DN","GSE43863_TFH_VS_LY6C_LOW_CXCR5NEG_EFFECTOR_CD4_TCELL_DN","96/6767","199/21355",7.55665055734966e-07,1.50224689443706e-06,2.57229304088881e-07
"GSE5542_UNTREATED_VS_IFNA_AND_IFNG_TREATED_EPITHELIAL_CELLS_6H_DN","GSE5542_UNTREATED_VS_IFNA_AND_IFNG_TREATED_EPITHELIAL_CELLS_6H_DN","96/6767","199/21355",7.55665055734966e-07,1.50224689443706e-06,2.57229304088881e-07
"GSE5542_UNTREATED_VS_IFNA_TREATED_EPITHELIAL_CELLS_6H_UP","GSE5542_UNTREATED_VS_IFNA_TREATED_EPITHELIAL_CELLS_6H_UP","96/6767","199/21355",7.55665055734966e-07,1.50224689443706e-06,2.57229304088881e-07
"GSE6674_CPG_VS_CPG_AND_ANTI_IGM_STIM_BCELL_UP","GSE6674_CPG_VS_CPG_AND_ANTI_IGM_STIM_BCELL_UP","96/6767","199/21355",7.55665055734966e-07,1.50224689443706e-06,2.57229304088881e-07
"GSE17974_IL4_AND_ANTI_IL12_VS_UNTREATED_12H_ACT_CD4_TCELL_UP","GSE17974_IL4_AND_ANTI_IL12_VS_UNTREATED_12H_ACT_CD4_TCELL_UP","94/6767","194/21355",7.66088174468682e-07,1.52178770650947e-06,2.60575271725313e-07
"GSE2706_UNSTIM_VS_2H_R848_DC_DN","GSE2706_UNSTIM_VS_2H_R848_DC_DN","94/6767","194/21355",7.66088174468682e-07,1.52178770650947e-06,2.60575271725313e-07
"GSE7509_UNSTIM_VS_IFNA_STIM_IMMATURE_DC_UP","GSE7509_UNSTIM_VS_IFNA_STIM_IMMATURE_DC_UP","88/6767","179/21355",7.79939492191675e-07,1.54870246958432e-06,2.65183878873112e-07
"GSE11864_CSF1_VS_CSF1_IFNG_PAM3CYS_IN_MAC_DN","GSE11864_CSF1_VS_CSF1_IFNG_PAM3CYS_IN_MAC_DN","95/6767","197/21355",8.78708979640209e-07,1.73943665583604e-06,2.97843238780709e-07
"GSE12366_GC_VS_MEMORY_BCELL_DN","GSE12366_GC_VS_MEMORY_BCELL_DN","95/6767","197/21355",8.78708979640209e-07,1.73943665583604e-06,2.97843238780709e-07
"GSE1925_3H_VS_24H_IFNG_STIM_MACROPHAGE_DN","GSE1925_3H_VS_24H_IFNG_STIM_MACROPHAGE_DN","95/6767","197/21355",8.78708979640209e-07,1.73943665583604e-06,2.97843238780709e-07
"GSE3982_EFF_MEMORY_CD4_TCELL_VS_NKCELL_DN","GSE3982_EFF_MEMORY_CD4_TCELL_VS_NKCELL_DN","95/6767","197/21355",8.78708979640209e-07,1.73943665583604e-06,2.97843238780709e-07
"GSE3982_EOSINOPHIL_VS_EFF_MEMORY_CD4_TCELL_DN","GSE3982_EOSINOPHIL_VS_EFF_MEMORY_CD4_TCELL_DN","95/6767","197/21355",8.78708979640209e-07,1.73943665583604e-06,2.97843238780709e-07
"GSE46606_IRF4_KO_VS_WT_CD40L_IL2_IL5_1DAY_STIMULATED_BCELL_UP","GSE46606_IRF4_KO_VS_WT_CD40L_IL2_IL5_1DAY_STIMULATED_BCELL_UP","95/6767","197/21355",8.78708979640209e-07,1.73943665583604e-06,2.97843238780709e-07
"GSE7509_DC_VS_MONOCYTE_WITH_FCGRIIB_STIM_DN","GSE7509_DC_VS_MONOCYTE_WITH_FCGRIIB_STIM_DN","95/6767","197/21355",8.78708979640209e-07,1.73943665583604e-06,2.97843238780709e-07
"GSE9988_LOW_LPS_VS_CTRL_TREATED_MONOCYTE_UP","GSE9988_LOW_LPS_VS_CTRL_TREATED_MONOCYTE_UP","95/6767","197/21355",8.78708979640209e-07,1.73943665583604e-06,2.97843238780709e-07
"GSE37301_HEMATOPOIETIC_STEM_CELL_VS_GRAN_MONO_PROGENITOR_UP","GSE37301_HEMATOPOIETIC_STEM_CELL_VS_GRAN_MONO_PROGENITOR_UP","81/6767","162/21355",8.86519325977716e-07,1.75422021778763e-06,3.00374623845869e-07
"GSE7509_UNSTIM_VS_IFNA_STIM_IMMATURE_DC_DN","GSE7509_UNSTIM_VS_IFNA_STIM_IMMATURE_DC_DN","85/6767","172/21355",9.05449322214349e-07,1.79098714313e-06,3.06670213907881e-07
"GSE11973_MIR223_KOVS_WT_BONE_MARROW_NEUTROPHIL_DN","GSE11973_MIR223_KOVS_WT_BONE_MARROW_NEUTROPHIL_DN","87/6767","177/21355",9.07874724244838e-07,1.79440004286942e-06,3.07254603749623e-07
"GSE13522_WT_VS_IFNAR_KO_SKIN_DN","GSE13522_WT_VS_IFNAR_KO_SKIN_DN","87/6767","177/21355",9.07874724244838e-07,1.79440004286942e-06,3.07254603749623e-07
"GSE6259_FLT3L_INDUCED_33D1_POS_DC_VS_CD8_TCELL_DN","GSE6259_FLT3L_INDUCED_33D1_POS_DC_VS_CD8_TCELL_DN","76/6767","150/21355",9.86233852653523e-07,1.94579843293097e-06,3.33178506578061e-07
"GSE11961_GERMINAL_CENTER_BCELL_DAY7_VS_PLASMA_CELL_DAY7_DN","GSE11961_GERMINAL_CENTER_BCELL_DAY7_VS_PLASMA_CELL_DAY7_DN","96/6767","200/21355",1.00383008681537e-06,1.94579843293097e-06,3.33178506578061e-07
"GSE11961_MEMORY_BCELL_DAY7_VS_PLASMA_CELL_DAY7_DN","GSE11961_MEMORY_BCELL_DAY7_VS_PLASMA_CELL_DAY7_DN","96/6767","200/21355",1.00383008681537e-06,1.94579843293097e-06,3.33178506578061e-07
"GSE1460_DP_VS_CD4_THYMOCYTE_DN","GSE1460_DP_VS_CD4_THYMOCYTE_DN","96/6767","200/21355",1.00383008681537e-06,1.94579843293097e-06,3.33178506578061e-07
"GSE15324_ELF4_KO_VS_WT_ACTIVATED_CD8_TCELL_UP","GSE15324_ELF4_KO_VS_WT_ACTIVATED_CD8_TCELL_UP","96/6767","200/21355",1.00383008681537e-06,1.94579843293097e-06,3.33178506578061e-07
"GSE15324_NAIVE_VS_ACTIVATED_ELF4_KO_CD8_TCELL_DN","GSE15324_NAIVE_VS_ACTIVATED_ELF4_KO_CD8_TCELL_DN","96/6767","200/21355",1.00383008681537e-06,1.94579843293097e-06,3.33178506578061e-07
"GSE15330_HSC_VS_GRANULOCYTE_MONOCYTE_PROGENITOR_DN","GSE15330_HSC_VS_GRANULOCYTE_MONOCYTE_PROGENITOR_DN","96/6767","200/21355",1.00383008681537e-06,1.94579843293097e-06,3.33178506578061e-07
"GSE15930_STIM_VS_STIM_AND_TRICHOSTATINA_72H_CD8_T_CELL_UP","GSE15930_STIM_VS_STIM_AND_TRICHOSTATINA_72H_CD8_T_CELL_UP","96/6767","200/21355",1.00383008681537e-06,1.94579843293097e-06,3.33178506578061e-07
"GSE17721_12H_VS_24H_PAM3CSK4_BMDC_DN","GSE17721_12H_VS_24H_PAM3CSK4_BMDC_DN","96/6767","200/21355",1.00383008681537e-06,1.94579843293097e-06,3.33178506578061e-07
"GSE17721_12H_VS_24H_PAM3CSK4_BMDC_UP","GSE17721_12H_VS_24H_PAM3CSK4_BMDC_UP","96/6767","200/21355",1.00383008681537e-06,1.94579843293097e-06,3.33178506578061e-07
"GSE17721_CPG_VS_GARDIQUIMOD_4H_BMDC_UP","GSE17721_CPG_VS_GARDIQUIMOD_4H_BMDC_UP","96/6767","200/21355",1.00383008681537e-06,1.94579843293097e-06,3.33178506578061e-07
"GSE17721_CTRL_VS_CPG_6H_BMDC_DN","GSE17721_CTRL_VS_CPG_6H_BMDC_DN","96/6767","200/21355",1.00383008681537e-06,1.94579843293097e-06,3.33178506578061e-07
"GSE17721_LPS_VS_CPG_1H_BMDC_DN","GSE17721_LPS_VS_CPG_1H_BMDC_DN","96/6767","200/21355",1.00383008681537e-06,1.94579843293097e-06,3.33178506578061e-07
"GSE17721_LPS_VS_PAM3CSK4_2H_BMDC_UP","GSE17721_LPS_VS_PAM3CSK4_2H_BMDC_UP","96/6767","200/21355",1.00383008681537e-06,1.94579843293097e-06,3.33178506578061e-07
"GSE17721_PAM3CSK4_VS_CPG_16H_BMDC_UP","GSE17721_PAM3CSK4_VS_CPG_16H_BMDC_UP","96/6767","200/21355",1.00383008681537e-06,1.94579843293097e-06,3.33178506578061e-07
"GSE17721_PAM3CSK4_VS_GADIQUIMOD_16H_BMDC_DN","GSE17721_PAM3CSK4_VS_GADIQUIMOD_16H_BMDC_DN","96/6767","200/21355",1.00383008681537e-06,1.94579843293097e-06,3.33178506578061e-07
"GSE17721_POLYIC_VS_CPG_0.5H_BMDC_DN","GSE17721_POLYIC_VS_CPG_0.5H_BMDC_DN","96/6767","200/21355",1.00383008681537e-06,1.94579843293097e-06,3.33178506578061e-07
"GSE17721_POLYIC_VS_GARDIQUIMOD_16H_BMDC_UP","GSE17721_POLYIC_VS_GARDIQUIMOD_16H_BMDC_UP","96/6767","200/21355",1.00383008681537e-06,1.94579843293097e-06,3.33178506578061e-07
"GSE22935_UNSTIM_VS_24H_MBOVIS_BCG_STIM_MACROPHAGE_DN","GSE22935_UNSTIM_VS_24H_MBOVIS_BCG_STIM_MACROPHAGE_DN","96/6767","200/21355",1.00383008681537e-06,1.94579843293097e-06,3.33178506578061e-07
"GSE23695_CD57_POS_VS_NEG_NK_CELL_DN","GSE23695_CD57_POS_VS_NEG_NK_CELL_DN","96/6767","200/21355",1.00383008681537e-06,1.94579843293097e-06,3.33178506578061e-07
"GSE24142_EARLY_THYMIC_PROGENITOR_VS_DN2_THYMOCYTE_ADULT_DN","GSE24142_EARLY_THYMIC_PROGENITOR_VS_DN2_THYMOCYTE_ADULT_DN","96/6767","200/21355",1.00383008681537e-06,1.94579843293097e-06,3.33178506578061e-07
"GSE26669_CTRL_VS_COSTIM_BLOCK_MLR_CD4_TCELL_DN","GSE26669_CTRL_VS_COSTIM_BLOCK_MLR_CD4_TCELL_DN","96/6767","200/21355",1.00383008681537e-06,1.94579843293097e-06,3.33178506578061e-07
"GSE26890_CXCR1_NEG_VS_POS_EFFECTOR_CD8_TCELL_UP","GSE26890_CXCR1_NEG_VS_POS_EFFECTOR_CD8_TCELL_UP","96/6767","200/21355",1.00383008681537e-06,1.94579843293097e-06,3.33178506578061e-07
"GSE2770_UNTREATED_VS_IL12_TREATED_ACT_CD4_TCELL_48H_UP","GSE2770_UNTREATED_VS_IL12_TREATED_ACT_CD4_TCELL_48H_UP","96/6767","200/21355",1.00383008681537e-06,1.94579843293097e-06,3.33178506578061e-07
"GSE27786_BCELL_VS_NKTCELL_DN","GSE27786_BCELL_VS_NKTCELL_DN","96/6767","200/21355",1.00383008681537e-06,1.94579843293097e-06,3.33178506578061e-07
"GSE27786_CD4_TCELL_VS_NEUTROPHIL_DN","GSE27786_CD4_TCELL_VS_NEUTROPHIL_DN","96/6767","200/21355",1.00383008681537e-06,1.94579843293097e-06,3.33178506578061e-07
"GSE27786_CD8_TCELL_VS_MONO_MAC_DN","GSE27786_CD8_TCELL_VS_MONO_MAC_DN","96/6767","200/21355",1.00383008681537e-06,1.94579843293097e-06,3.33178506578061e-07
"GSE29164_UNTREATED_VS_CD8_TCELL_TREATED_MELANOMA_DAY3_UP","GSE29164_UNTREATED_VS_CD8_TCELL_TREATED_MELANOMA_DAY3_UP","96/6767","200/21355",1.00383008681537e-06,1.94579843293097e-06,3.33178506578061e-07
"GSE3039_ALPHABETA_CD8_TCELL_VS_B1_BCELL_UP","GSE3039_ALPHABETA_CD8_TCELL_VS_B1_BCELL_UP","96/6767","200/21355",1.00383008681537e-06,1.94579843293097e-06,3.33178506578061e-07
"GSE32034_UNTREATED_VS_ROSIGLIZATONE_TREATED_LY6C_HIGH_MONOCYTE_UP","GSE32034_UNTREATED_VS_ROSIGLIZATONE_TREATED_LY6C_HIGH_MONOCYTE_UP","96/6767","200/21355",1.00383008681537e-06,1.94579843293097e-06,3.33178506578061e-07
"GSE32423_IL7_VS_IL7_IL4_NAIVE_CD8_TCELL_DN","GSE32423_IL7_VS_IL7_IL4_NAIVE_CD8_TCELL_DN","96/6767","200/21355",1.00383008681537e-06,1.94579843293097e-06,3.33178506578061e-07
"GSE32423_MEMORY_VS_NAIVE_CD8_TCELL_IL7_IL4_DN","GSE32423_MEMORY_VS_NAIVE_CD8_TCELL_IL7_IL4_DN","96/6767","200/21355",1.00383008681537e-06,1.94579843293097e-06,3.33178506578061e-07
"GSE360_L_DONOVANI_VS_L_MAJOR_MAC_UP","GSE360_L_DONOVANI_VS_L_MAJOR_MAC_UP","96/6767","200/21355",1.00383008681537e-06,1.94579843293097e-06,3.33178506578061e-07
"GSE36078_UNTREATED_VS_AD5_INF_IL1R_KO_MOUSE_LUNG_DC_DN","GSE36078_UNTREATED_VS_AD5_INF_IL1R_KO_MOUSE_LUNG_DC_DN","96/6767","200/21355",1.00383008681537e-06,1.94579843293097e-06,3.33178506578061e-07
"GSE411_WT_VS_SOCS3_KO_MACROPHAGE_IL6_STIM_400MIN_DN","GSE411_WT_VS_SOCS3_KO_MACROPHAGE_IL6_STIM_400MIN_DN","96/6767","200/21355",1.00383008681537e-06,1.94579843293097e-06,3.33178506578061e-07
"GSE41867_LCMV_ARMSTRONG_VS_CLONE13_DAY15_EFFECTOR_CD8_TCELL_UP","GSE41867_LCMV_ARMSTRONG_VS_CLONE13_DAY15_EFFECTOR_CD8_TCELL_UP","96/6767","200/21355",1.00383008681537e-06,1.94579843293097e-06,3.33178506578061e-07
"GSE42021_CD24HI_VS_CD24INT_TREG_THYMUS_UP","GSE42021_CD24HI_VS_CD24INT_TREG_THYMUS_UP","96/6767","200/21355",1.00383008681537e-06,1.94579843293097e-06,3.33178506578061e-07
"GSE42088_UNINF_VS_LEISHMANIA_INF_DC_8H_UP","GSE42088_UNINF_VS_LEISHMANIA_INF_DC_8H_UP","96/6767","200/21355",1.00383008681537e-06,1.94579843293097e-06,3.33178506578061e-07
"GSE43955_TGFB_IL6_VS_TGFB_IL6_IL23_TH17_ACT_CD4_TCELL_60H_UP","GSE43955_TGFB_IL6_VS_TGFB_IL6_IL23_TH17_ACT_CD4_TCELL_60H_UP","96/6767","200/21355",1.00383008681537e-06,1.94579843293097e-06,3.33178506578061e-07
"GSE43955_TH0_VS_TGFB_IL6_TH17_ACT_CD4_TCELL_30H_DN","GSE43955_TH0_VS_TGFB_IL6_TH17_ACT_CD4_TCELL_30H_DN","96/6767","200/21355",1.00383008681537e-06,1.94579843293097e-06,3.33178506578061e-07
"GSE46606_DAY1_VS_DAY3_CD40L_IL2_IL5_STIMULATED_IRF4MID_BCELL_DN","GSE46606_DAY1_VS_DAY3_CD40L_IL2_IL5_STIMULATED_IRF4MID_BCELL_DN","96/6767","200/21355",1.00383008681537e-06,1.94579843293097e-06,3.33178506578061e-07
"GSE5679_RARA_AGONIST_AM580_VS_AM580_AND_ROSIGLITAZONE_TREATED_DC_DN","GSE5679_RARA_AGONIST_AM580_VS_AM580_AND_ROSIGLITAZONE_TREATED_DC_DN","96/6767","200/21355",1.00383008681537e-06,1.94579843293097e-06,3.33178506578061e-07
"GSE6674_CPG_VS_CPG_AND_ANTI_IGM_STIM_BCELL_DN","GSE6674_CPG_VS_CPG_AND_ANTI_IGM_STIM_BCELL_DN","96/6767","200/21355",1.00383008681537e-06,1.94579843293097e-06,3.33178506578061e-07
"GSE6681_DELETED_FOXP3_VS_WT_TREG_DN","GSE6681_DELETED_FOXP3_VS_WT_TREG_DN","96/6767","200/21355",1.00383008681537e-06,1.94579843293097e-06,3.33178506578061e-07
"GSE7460_CTRL_VS_TGFB_TREATED_ACT_TCONV_DN","GSE7460_CTRL_VS_TGFB_TREATED_ACT_TCONV_DN","96/6767","200/21355",1.00383008681537e-06,1.94579843293097e-06,3.33178506578061e-07
"GSE7460_TCONV_VS_TREG_THYMUS_DN","GSE7460_TCONV_VS_TREG_THYMUS_DN","96/6767","200/21355",1.00383008681537e-06,1.94579843293097e-06,3.33178506578061e-07
"GSE7764_NKCELL_VS_SPLENOCYTE_DN","GSE7764_NKCELL_VS_SPLENOCYTE_DN","96/6767","200/21355",1.00383008681537e-06,1.94579843293097e-06,3.33178506578061e-07
"GSE7831_UNSTIM_VS_INFLUENZA_STIM_PDC_1H_DN","GSE7831_UNSTIM_VS_INFLUENZA_STIM_PDC_1H_DN","96/6767","200/21355",1.00383008681537e-06,1.94579843293097e-06,3.33178506578061e-07
"GSE7852_TREG_VS_TCONV_DN","GSE7852_TREG_VS_TCONV_DN","96/6767","200/21355",1.00383008681537e-06,1.94579843293097e-06,3.33178506578061e-07
"GSE8921_UNSTIM_0H_VS_TLR1_2_STIM_MONOCYTE_6H_DN","GSE8921_UNSTIM_0H_VS_TLR1_2_STIM_MONOCYTE_6H_DN","96/6767","200/21355",1.00383008681537e-06,1.94579843293097e-06,3.33178506578061e-07
"GSE9037_CTRL_VS_LPS_1H_STIM_BMDM_UP","GSE9037_CTRL_VS_LPS_1H_STIM_BMDM_UP","96/6767","200/21355",1.00383008681537e-06,1.94579843293097e-06,3.33178506578061e-07
"GSE2770_TGFB_AND_IL4_VS_TGFB_AND_IL12_TREATED_ACT_CD4_TCELL_2H_DN","GSE2770_TGFB_AND_IL4_VS_TGFB_AND_IL12_TREATED_ACT_CD4_TCELL_2H_DN","94/6767","195/21355",1.02179249152834e-06,1.97986776419721e-06,3.39012188381524e-07
"GSE15624_CTRL_VS_3H_HALOFUGINONE_TREATED_CD4_TCELL_UP","GSE15624_CTRL_VS_3H_HALOFUGINONE_TREATED_CD4_TCELL_UP","80/6767","160/21355",1.03234526444855e-06,1.9995595658586e-06,3.42384009921893e-07
"GSE40274_CTRL_VS_XBP1_TRANSDUCED_ACTIVATED_CD4_TCELL_DN","GSE40274_CTRL_VS_XBP1_TRANSDUCED_ACTIVATED_CD4_TCELL_DN","82/6767","165/21355",1.04615159400134e-06,2.02553596013779e-06,3.46831940450436e-07
"GSE40274_CTRL_VS_LEF1_TRANSDUCED_ACTIVATED_CD4_TCELL_DN","GSE40274_CTRL_VS_LEF1_TRANSDUCED_ACTIVATED_CD4_TCELL_DN","84/6767","170/21355",1.05418846509367e-06,2.04032625916771e-06,3.49364479103584e-07
"GSE26030_UNSTIM_VS_RESTIM_TH17_DAY15_POST_POLARIZATION_UP","GSE26030_UNSTIM_VS_RESTIM_TH17_DAY15_POST_POLARIZATION_UP","86/6767","175/21355",1.05682552491032e-06,2.04465828913781e-06,3.50106251350628e-07
"GSE13411_NAIVE_VS_MEMORY_BCELL_DN","GSE13411_NAIVE_VS_MEMORY_BCELL_DN","95/6767","198/21355",1.16690791371785e-06,2.2525364735058e-06,3.85701173129631e-07
"GSE17721_0.5H_VS_24H_POLYIC_BMDC_UP","GSE17721_0.5H_VS_24H_POLYIC_BMDC_UP","95/6767","198/21355",1.16690791371785e-06,2.2525364735058e-06,3.85701173129631e-07
"GSE22886_CD4_TCELL_VS_BCELL_NAIVE_UP","GSE22886_CD4_TCELL_VS_BCELL_NAIVE_UP","95/6767","198/21355",1.16690791371785e-06,2.2525364735058e-06,3.85701173129631e-07
"GSE29618_PRE_VS_DAY7_FLU_VACCINE_MDC_DN","GSE29618_PRE_VS_DAY7_FLU_VACCINE_MDC_DN","95/6767","198/21355",1.16690791371785e-06,2.2525364735058e-06,3.85701173129631e-07
"GSE3982_BCELL_VS_TH1_DN","GSE3982_BCELL_VS_TH1_DN","95/6767","198/21355",1.16690791371785e-06,2.2525364735058e-06,3.85701173129631e-07
"GSE9960_GRAM_NEG_VS_GRAM_POS_SEPSIS_PBMC_UP","GSE9960_GRAM_NEG_VS_GRAM_POS_SEPSIS_PBMC_UP","95/6767","198/21355",1.16690791371785e-06,2.2525364735058e-06,3.85701173129631e-07
"GSE12507_PDC_CELL_LINE_VS_IMMATUE_T_CELL_LINE_UP","GSE12507_PDC_CELL_LINE_VS_IMMATUE_T_CELL_LINE_UP","77/6767","153/21355",1.1790326733401e-06,2.27508487625694e-06,3.89562129653802e-07
"GSE9509_LPS_VS_LPS_AND_IL10_STIM_IL10_KO_MACROPHAGE_30MIN_DN","GSE9509_LPS_VS_LPS_AND_IL10_STIM_IL10_KO_MACROPHAGE_30MIN_DN","93/6767","193/21355",1.18818072656596e-06,2.29187456173953e-06,3.9243702267475e-07
"GSE25677_MPL_VS_R848_STIM_BCELL_UP","GSE25677_MPL_VS_R848_STIM_BCELL_UP","85/6767","173/21355",1.23025057607998e-06,2.37123861036167e-06,4.06026505916383e-07
"GSE6674_UNSTIM_VS_PL2_3_STIM_BCELL_DN","GSE6674_UNSTIM_VS_PL2_3_STIM_BCELL_DN","85/6767","173/21355",1.23025057607998e-06,2.37123861036167e-06,4.06026505916383e-07
"GSE40274_CTRL_VS_FOXP3_AND_GATA1_TRANSDUCED_ACTIVATED_CD4_TCELL_UP","GSE40274_CTRL_VS_FOXP3_AND_GATA1_TRANSDUCED_ACTIVATED_CD4_TCELL_UP","72/6767","141/21355",1.29235746032131e-06,2.49001003347138e-06,4.26363702568473e-07
"GSE13485_CTRL_VS_DAY1_YF17D_VACCINE_PBMC_UP","GSE13485_CTRL_VS_DAY1_YF17D_VACCINE_PBMC_UP","94/6767","196/21355",1.35647675801452e-06,2.61060673361129e-06,4.4701344088198e-07
"GSE17974_IL4_AND_ANTI_IL12_VS_UNTREATED_6H_ACT_CD4_TCELL_DN","GSE17974_IL4_AND_ANTI_IL12_VS_UNTREATED_6H_ACT_CD4_TCELL_DN","94/6767","196/21355",1.35647675801452e-06,2.61060673361129e-06,4.4701344088198e-07
"GSE41867_DAY6_VS_DAY15_LCMV_ARMSTRONG_EFFECTOR_CD8_TCELL_DN","GSE41867_DAY6_VS_DAY15_LCMV_ARMSTRONG_EFFECTOR_CD8_TCELL_DN","94/6767","196/21355",1.35647675801452e-06,2.61060673361129e-06,4.4701344088198e-07
"GSE7568_IL4_VS_IL4_AND_DEXAMETHASONE_TREATED_MACROPHAGE_DN","GSE7568_IL4_VS_IL4_AND_DEXAMETHASONE_TREATED_MACROPHAGE_DN","76/6767","151/21355",1.37307851118856e-06,2.64156605135601e-06,4.52314595963765e-07
"GSE32255_WT_VS_JMJD2D_KNOCKDOWN_4H_LPS_STIM_DC_DN","GSE32255_WT_VS_JMJD2D_KNOCKDOWN_4H_LPS_STIM_DC_DN","78/6767","156/21355",1.40007940694842e-06,2.69250079498296e-06,4.61036137479759e-07
"GSE40274_CTRL_VS_IRF4_TRANSDUCED_ACTIVATED_CD4_TCELL_DN","GSE40274_CTRL_VS_IRF4_TRANSDUCED_ACTIVATED_CD4_TCELL_DN","82/6767","166/21355",1.42913165343592e-06,2.74734082758378e-06,4.70426380504629e-07
"GARCIA_PINERES_PBMC_HPV_16_L1_VLP_AGE_18_25YO_2MO_UP","GARCIA_PINERES_PBMC_HPV_16_L1_VLP_AGE_18_25YO_2MO_UP","143/6767","324/21355",1.50207583667103e-06,2.88648531282322e-06,4.94252050731332e-07
"GSE10325_CD4_TCELL_VS_LUPUS_CD4_TCELL_DN","GSE10325_CD4_TCELL_VS_LUPUS_CD4_TCELL_DN","95/6767","199/21355",1.54256244745222e-06,2.93676853623747e-06,5.0286203262851e-07
"GSE14308_TH2_VS_NATURAL_TREG_UP","GSE14308_TH2_VS_NATURAL_TREG_UP","95/6767","199/21355",1.54256244745222e-06,2.93676853623747e-06,5.0286203262851e-07
"GSE17186_NAIVE_VS_CD21HIGH_TRANSITIONAL_BCELL_CORD_BLOOD_DN","GSE17186_NAIVE_VS_CD21HIGH_TRANSITIONAL_BCELL_CORD_BLOOD_DN","95/6767","199/21355",1.54256244745222e-06,2.93676853623747e-06,5.0286203262851e-07
"GSE17580_UNINFECTED_VS_S_MANSONI_INF_TREG_UP","GSE17580_UNINFECTED_VS_S_MANSONI_INF_TREG_UP","95/6767","199/21355",1.54256244745222e-06,2.93676853623747e-06,5.0286203262851e-07
"GSE17721_LPS_VS_POLYIC_1H_BMDC_DN","GSE17721_LPS_VS_POLYIC_1H_BMDC_DN","95/6767","199/21355",1.54256244745222e-06,2.93676853623747e-06,5.0286203262851e-07
"GSE20366_EX_VIVO_VS_DEC205_CONVERSION_NAIVE_CD4_TCELL_UP","GSE20366_EX_VIVO_VS_DEC205_CONVERSION_NAIVE_CD4_TCELL_UP","95/6767","199/21355",1.54256244745222e-06,2.93676853623747e-06,5.0286203262851e-07
"GSE20366_TREG_VS_NAIVE_CD4_TCELL_HOMEOSTATIC_CONVERSION_DN","GSE20366_TREG_VS_NAIVE_CD4_TCELL_HOMEOSTATIC_CONVERSION_DN","95/6767","199/21355",1.54256244745222e-06,2.93676853623747e-06,5.0286203262851e-07
"GSE2197_IMMUNOSUPPRESSIVE_DNA_VS_UNTREATEDIN_DC_DN","GSE2197_IMMUNOSUPPRESSIVE_DNA_VS_UNTREATEDIN_DC_DN","95/6767","199/21355",1.54256244745222e-06,2.93676853623747e-06,5.0286203262851e-07
"GSE26669_CD4_VS_CD8_TCELL_IN_MLR_DN","GSE26669_CD4_VS_CD8_TCELL_IN_MLR_DN","95/6767","199/21355",1.54256244745222e-06,2.93676853623747e-06,5.0286203262851e-07
"GSE2770_IL12_VS_TGFB_AND_IL12_TREATED_ACT_CD4_TCELL_6H_DN","GSE2770_IL12_VS_TGFB_AND_IL12_TREATED_ACT_CD4_TCELL_6H_DN","95/6767","199/21355",1.54256244745222e-06,2.93676853623747e-06,5.0286203262851e-07
"GSE32034_UNTREATED_VS_ROSIGLIZATONE_TREATED_LY6C_HIGH_MONOCYTE_DN","GSE32034_UNTREATED_VS_ROSIGLIZATONE_TREATED_LY6C_HIGH_MONOCYTE_DN","95/6767","199/21355",1.54256244745222e-06,2.93676853623747e-06,5.0286203262851e-07
"GSE33424_CD161_HIGH_VS_NEG_CD8_TCELL_DN","GSE33424_CD161_HIGH_VS_NEG_CD8_TCELL_DN","95/6767","199/21355",1.54256244745222e-06,2.93676853623747e-06,5.0286203262851e-07
"GSE35685_CD34POS_CD38NEG_VS_CD34POS_CD10POS_BONE_MARROW_UP","GSE35685_CD34POS_CD38NEG_VS_CD34POS_CD10POS_BONE_MARROW_UP","95/6767","199/21355",1.54256244745222e-06,2.93676853623747e-06,5.0286203262851e-07
"GSE360_L_DONOVANI_VS_M_TUBERCULOSIS_MAC_DN","GSE360_L_DONOVANI_VS_M_TUBERCULOSIS_MAC_DN","95/6767","199/21355",1.54256244745222e-06,2.93676853623747e-06,5.0286203262851e-07
"GSE360_L_MAJOR_VS_B_MALAYI_LOW_DOSE_MAC_DN","GSE360_L_MAJOR_VS_B_MALAYI_LOW_DOSE_MAC_DN","95/6767","199/21355",1.54256244745222e-06,2.93676853623747e-06,5.0286203262851e-07
"GSE369_SOCS3_KO_VS_WT_LIVER_DN","GSE369_SOCS3_KO_VS_WT_LIVER_DN","95/6767","199/21355",1.54256244745222e-06,2.93676853623747e-06,5.0286203262851e-07
"GSE39382_IL3_VS_IL3_IL33_TREATED_MAST_CELL_DN","GSE39382_IL3_VS_IL3_IL33_TREATED_MAST_CELL_DN","95/6767","199/21355",1.54256244745222e-06,2.93676853623747e-06,5.0286203262851e-07
"GSE3982_EFF_MEMORY_CD4_TCELL_VS_TH1_DN","GSE3982_EFF_MEMORY_CD4_TCELL_VS_TH1_DN","95/6767","199/21355",1.54256244745222e-06,2.93676853623747e-06,5.0286203262851e-07
"GSE3982_MAST_CELL_VS_EFF_MEMORY_CD4_TCELL_UP","GSE3982_MAST_CELL_VS_EFF_MEMORY_CD4_TCELL_UP","95/6767","199/21355",1.54256244745222e-06,2.93676853623747e-06,5.0286203262851e-07
"GSE40225_WT_VS_RIP_B7X_DIABETIC_MOUSE_PANCREATIC_CD8_TCELL_UP","GSE40225_WT_VS_RIP_B7X_DIABETIC_MOUSE_PANCREATIC_CD8_TCELL_UP","95/6767","199/21355",1.54256244745222e-06,2.93676853623747e-06,5.0286203262851e-07
"GSE46242_CTRL_VS_EGR2_DELETED_TH1_CD4_TCELL_UP","GSE46242_CTRL_VS_EGR2_DELETED_TH1_CD4_TCELL_UP","95/6767","199/21355",1.54256244745222e-06,2.93676853623747e-06,5.0286203262851e-07
"GSE4748_CTRL_VS_CYANOBACTERIUM_LPSLIKE_STIM_DC_1H_DN","GSE4748_CTRL_VS_CYANOBACTERIUM_LPSLIKE_STIM_DC_1H_DN","95/6767","199/21355",1.54256244745222e-06,2.93676853623747e-06,5.0286203262851e-07
"GSE5589_WT_VS_IL10_KO_LPS_STIM_MACROPHAGE_45MIN_DN","GSE5589_WT_VS_IL10_KO_LPS_STIM_MACROPHAGE_45MIN_DN","95/6767","199/21355",1.54256244745222e-06,2.93676853623747e-06,5.0286203262851e-07
"GSE8621_UNSTIM_VS_LPS_STIM_MACROPHAGE_DN","GSE8621_UNSTIM_VS_LPS_STIM_MACROPHAGE_DN","95/6767","199/21355",1.54256244745222e-06,2.93676853623747e-06,5.0286203262851e-07
"GSE9037_CTRL_VS_LPS_4H_STIM_IRAK4_KO_BMDM_UP","GSE9037_CTRL_VS_LPS_4H_STIM_IRAK4_KO_BMDM_UP","95/6767","199/21355",1.54256244745222e-06,2.93676853623747e-06,5.0286203262851e-07
"HARALAMBIEVA_PBMC_FLUARIX_AGE_50_74YO_CORR_WITH_28D_MEM_B_CELL_RESPONSE_AT_0DY_POSITIVE","HARALAMBIEVA_PBMC_FLUARIX_AGE_50_74YO_CORR_WITH_28D_MEM_B_CELL_RESPONSE_AT_0DY_POSITIVE","205/6767","492/21355",1.56092368408501e-06,2.97062202238451e-06,5.08658755334232e-07
"GSE3920_UNTREATED_VS_IFNG_TREATED_FIBROBLAST_DN","GSE3920_UNTREATED_VS_IFNG_TREATED_FIBROBLAST_DN","87/6767","179/21355",1.65021691746245e-06,3.13939225819294e-06,5.375572343184e-07
"GSE7348_LPS_VS_TOLERIZED_AND_LPS_STIM_MACROPHAGE_DN","GSE7348_LPS_VS_TOLERIZED_AND_LPS_STIM_MACROPHAGE_DN","85/6767","174/21355",1.66244069368135e-06,3.16147382659655e-06,5.4133825493138e-07
"GSE11057_NAIVE_CD4_VS_PBMC_CD4_TCELL_UP","GSE11057_NAIVE_CD4_VS_PBMC_CD4_TCELL_UP","94/6767","197/21355",1.79249783730761e-06,3.40375422662078e-06,5.82823858212298e-07
"GSE17974_0H_VS_1H_IN_VITRO_ACT_CD4_TCELL_DN","GSE17974_0H_VS_1H_IN_VITRO_ACT_CD4_TCELL_DN","94/6767","197/21355",1.79249783730761e-06,3.40375422662078e-06,5.82823858212298e-07
"GSE21927_SPLEEN_VS_4T1_TUMOR_MONOCYTE_BALBC_DN","GSE21927_SPLEEN_VS_4T1_TUMOR_MONOCYTE_BALBC_DN","94/6767","197/21355",1.79249783730761e-06,3.40375422662078e-06,5.82823858212298e-07
"GSE22611_NOD2_VS_CTRL_TRANSDUCED_HEK293T_CELL_UP","GSE22611_NOD2_VS_CTRL_TRANSDUCED_HEK293T_CELL_UP","94/6767","197/21355",1.79249783730761e-06,3.40375422662078e-06,5.82823858212298e-07
"GSE3920_IFNA_VS_IFNG_TREATED_FIBROBLAST_DN","GSE3920_IFNA_VS_IFNG_TREATED_FIBROBLAST_DN","90/6767","187/21355",1.8683457811995e-06,3.5464675380266e-06,6.07260617518028e-07
"GSE21360_SECONDARY_VS_QUATERNARY_MEMORY_CD8_TCELL_UP","GSE21360_SECONDARY_VS_QUATERNARY_MEMORY_CD8_TCELL_UP","88/6767","182/21355",1.89770120215868e-06,3.60085642615379e-06,6.16573611204307e-07
"GSE37301_MULTIPOTENT_PROGENITOR_VS_CD4_TCELL_UP","GSE37301_MULTIPOTENT_PROGENITOR_VS_CD4_TCELL_UP","84/6767","172/21355",1.93496674861498e-06,3.67020884948169e-06,6.28448806723483e-07
"GSE10240_CTRL_VS_IL17_STIM_PRIMARY_BRONCHIAL_EPITHELIAL_CELLS_UP","GSE10240_CTRL_VS_IL17_STIM_PRIMARY_BRONCHIAL_EPITHELIAL_CELLS_UP","95/6767","200/21355",2.02998696421894e-06,3.78738834263119e-06,6.485134176659e-07
"GSE10273_HIGH_IL7_VS_HIGH_IL7_AND_IRF4_IN_IRF4_8_NULL_PRE_BCELL_UP","GSE10273_HIGH_IL7_VS_HIGH_IL7_AND_IRF4_IN_IRF4_8_NULL_PRE_BCELL_UP","95/6767","200/21355",2.02998696421894e-06,3.78738834263119e-06,6.485134176659e-07
"GSE11961_FOLLICULAR_BCELL_VS_GERMINAL_CENTER_BCELL_DAY40_UP","GSE11961_FOLLICULAR_BCELL_VS_GERMINAL_CENTER_BCELL_DAY40_UP","95/6767","200/21355",2.02998696421894e-06,3.78738834263119e-06,6.485134176659e-07
"GSE14308_TH17_VS_NAIVE_CD4_TCELL_UP","GSE14308_TH17_VS_NAIVE_CD4_TCELL_UP","95/6767","200/21355",2.02998696421894e-06,3.78738834263119e-06,6.485134176659e-07
"GSE14908_RESTING_VS_HDM_STIM_CD4_TCELL_NONATOPIC_PATIENT_UP","GSE14908_RESTING_VS_HDM_STIM_CD4_TCELL_NONATOPIC_PATIENT_UP","95/6767","200/21355",2.02998696421894e-06,3.78738834263119e-06,6.485134176659e-07
"GSE17580_TREG_VS_TEFF_UP","GSE17580_TREG_VS_TEFF_UP","95/6767","200/21355",2.02998696421894e-06,3.78738834263119e-06,6.485134176659e-07
"GSE17721_LPS_VS_CPG_8H_BMDC_UP","GSE17721_LPS_VS_CPG_8H_BMDC_UP","95/6767","200/21355",2.02998696421894e-06,3.78738834263119e-06,6.485134176659e-07
"GSE17721_LPS_VS_GARDIQUIMOD_1H_BMDC_DN","GSE17721_LPS_VS_GARDIQUIMOD_1H_BMDC_DN","95/6767","200/21355",2.02998696421894e-06,3.78738834263119e-06,6.485134176659e-07
"GSE18281_SUBCAPSULAR_CORTICAL_REGION_VS_WHOLE_CORTEX_THYMUS_UP","GSE18281_SUBCAPSULAR_CORTICAL_REGION_VS_WHOLE_CORTEX_THYMUS_UP","95/6767","200/21355",2.02998696421894e-06,3.78738834263119e-06,6.485134176659e-07
"GSE18893_TCONV_VS_TREG_2H_CULTURE_UP","GSE18893_TCONV_VS_TREG_2H_CULTURE_UP","95/6767","200/21355",2.02998696421894e-06,3.78738834263119e-06,6.485134176659e-07
"GSE19888_NO_PRETREAT_VS_ADENOSINE_A3R_INHIBITOR_PRETREATED_MAST_CELL_TCELL_MEMBRANES_ACT_DN","GSE19888_NO_PRETREAT_VS_ADENOSINE_A3R_INHIBITOR_PRETREATED_MAST_CELL_TCELL_MEMBRANES_ACT_DN","95/6767","200/21355",2.02998696421894e-06,3.78738834263119e-06,6.485134176659e-07
"GSE19888_NO_PRETREAT_VS_ADENOSINE_A3R_INHIBITOR_PRETREATED_MAST_CELL_TCELL_MEMBRANES_ACT_UP","GSE19888_NO_PRETREAT_VS_ADENOSINE_A3R_INHIBITOR_PRETREATED_MAST_CELL_TCELL_MEMBRANES_ACT_UP","95/6767","200/21355",2.02998696421894e-06,3.78738834263119e-06,6.485134176659e-07
"GSE20152_SPHK1_KO_VS_WT_HTNFA_OVERXPRESS_ANKLE_DN","GSE20152_SPHK1_KO_VS_WT_HTNFA_OVERXPRESS_ANKLE_DN","95/6767","200/21355",2.02998696421894e-06,3.78738834263119e-06,6.485134176659e-07
"GSE2128_C57BL6_VS_NOD_CD4CD8_DP_THYMOCYTE_DN","GSE2128_C57BL6_VS_NOD_CD4CD8_DP_THYMOCYTE_DN","95/6767","200/21355",2.02998696421894e-06,3.78738834263119e-06,6.485134176659e-07
"GSE21670_TGFB_VS_TGFB_AND_IL6_TREATED_STAT3_KO_CD4_TCELL_UP","GSE21670_TGFB_VS_TGFB_AND_IL6_TREATED_STAT3_KO_CD4_TCELL_UP","95/6767","200/21355",2.02998696421894e-06,3.78738834263119e-06,6.485134176659e-07
"GSE21927_SPLEEN_C57BL6_VS_4T1_TUMOR_BALBC_MONOCYTES_UP","GSE21927_SPLEEN_C57BL6_VS_4T1_TUMOR_BALBC_MONOCYTES_UP","95/6767","200/21355",2.02998696421894e-06,3.78738834263119e-06,6.485134176659e-07
"GSE22589_HEALTHY_VS_HIV_AND_SIV_INFECTED_DC_DN","GSE22589_HEALTHY_VS_HIV_AND_SIV_INFECTED_DC_DN","95/6767","200/21355",2.02998696421894e-06,3.78738834263119e-06,6.485134176659e-07
"GSE23505_IL6_IL1_VS_IL6_IL1_TGFB_TREATED_CD4_TCELL_DN","GSE23505_IL6_IL1_VS_IL6_IL1_TGFB_TREATED_CD4_TCELL_DN","95/6767","200/21355",2.02998696421894e-06,3.78738834263119e-06,6.485134176659e-07
"GSE2405_HEAT_KILLED_VS_LIVE_A_PHAGOCYTOPHILUM_STIM_NEUTROPHIL_9H_DN","GSE2405_HEAT_KILLED_VS_LIVE_A_PHAGOCYTOPHILUM_STIM_NEUTROPHIL_9H_DN","95/6767","200/21355",2.02998696421894e-06,3.78738834263119e-06,6.485134176659e-07
"GSE24142_ADULT_VS_FETAL_DN3_THYMOCYTE_DN","GSE24142_ADULT_VS_FETAL_DN3_THYMOCYTE_DN","95/6767","200/21355",2.02998696421894e-06,3.78738834263119e-06,6.485134176659e-07
"GSE26351_WNT_VS_BMP_PATHWAY_STIM_HEMATOPOIETIC_PROGENITORS_DN","GSE26351_WNT_VS_BMP_PATHWAY_STIM_HEMATOPOIETIC_PROGENITORS_DN","95/6767","200/21355",2.02998696421894e-06,3.78738834263119e-06,6.485134176659e-07
"GSE2770_UNTREATED_VS_IL4_TREATED_ACT_CD4_TCELL_2H_DN","GSE2770_UNTREATED_VS_IL4_TREATED_ACT_CD4_TCELL_2H_DN","95/6767","200/21355",2.02998696421894e-06,3.78738834263119e-06,6.485134176659e-07
"GSE2770_UNTREATED_VS_TGFB_AND_IL12_TREATED_ACT_CD4_TCELL_48H_DN","GSE2770_UNTREATED_VS_TGFB_AND_IL12_TREATED_ACT_CD4_TCELL_48H_DN","95/6767","200/21355",2.02998696421894e-06,3.78738834263119e-06,6.485134176659e-07
"GSE27786_CD4_TCELL_VS_NEUTROPHIL_UP","GSE27786_CD4_TCELL_VS_NEUTROPHIL_UP","95/6767","200/21355",2.02998696421894e-06,3.78738834263119e-06,6.485134176659e-07
"GSE27786_LSK_VS_CD4_TCELL_DN","GSE27786_LSK_VS_CD4_TCELL_DN","95/6767","200/21355",2.02998696421894e-06,3.78738834263119e-06,6.485134176659e-07
"GSE2826_XID_VS_BTK_KO_BCELL_UP","GSE2826_XID_VS_BTK_KO_BCELL_UP","95/6767","200/21355",2.02998696421894e-06,3.78738834263119e-06,6.485134176659e-07
"GSE339_CD4POS_VS_CD4CD8DN_DC_DN","GSE339_CD4POS_VS_CD4CD8DN_DC_DN","95/6767","200/21355",2.02998696421894e-06,3.78738834263119e-06,6.485134176659e-07
"GSE360_HIGH_VS_LOW_DOSE_B_MALAYI_MAC_UP","GSE360_HIGH_VS_LOW_DOSE_B_MALAYI_MAC_UP","95/6767","200/21355",2.02998696421894e-06,3.78738834263119e-06,6.485134176659e-07
"GSE36078_UNTREATED_VS_AD5_T425A_HEXON_INF_MOUSE_LUNG_DC_UP","GSE36078_UNTREATED_VS_AD5_T425A_HEXON_INF_MOUSE_LUNG_DC_UP","95/6767","200/21355",2.02998696421894e-06,3.78738834263119e-06,6.485134176659e-07
"GSE37301_COMMON_LYMPHOID_PROGENITOR_VS_GRAN_MONO_PROGENITOR_UP","GSE37301_COMMON_LYMPHOID_PROGENITOR_VS_GRAN_MONO_PROGENITOR_UP","95/6767","200/21355",2.02998696421894e-06,3.78738834263119e-06,6.485134176659e-07
"GSE37532_WT_VS_PPARG_KO_LN_TCONV_UP","GSE37532_WT_VS_PPARG_KO_LN_TCONV_UP","95/6767","200/21355",2.02998696421894e-06,3.78738834263119e-06,6.485134176659e-07
"GSE3982_CTRL_VS_LPS_48H_DC_UP","GSE3982_CTRL_VS_LPS_48H_DC_UP","95/6767","200/21355",2.02998696421894e-06,3.78738834263119e-06,6.485134176659e-07
"GSE3982_DC_VS_MAC_DN","GSE3982_DC_VS_MAC_DN","95/6767","200/21355",2.02998696421894e-06,3.78738834263119e-06,6.485134176659e-07
"GSE3982_DC_VS_NKCELL_UP","GSE3982_DC_VS_NKCELL_UP","95/6767","200/21355",2.02998696421894e-06,3.78738834263119e-06,6.485134176659e-07
"GSE39820_IL1B_IL6_VS_IL1B_IL6_IL23A_TREATED_CD4_TCELL_DN","GSE39820_IL1B_IL6_VS_IL1B_IL6_IL23A_TREATED_CD4_TCELL_DN","95/6767","200/21355",2.02998696421894e-06,3.78738834263119e-06,6.485134176659e-07
"GSE40441_NRP1_POS_INDUCED_TREG_VS_NRP1_NEG_NATURAL_TREG_UP","GSE40441_NRP1_POS_INDUCED_TREG_VS_NRP1_NEG_NATURAL_TREG_UP","95/6767","200/21355",2.02998696421894e-06,3.78738834263119e-06,6.485134176659e-07
"GSE41867_DAY6_EFFECTOR_VS_DAY30_EXHAUSTED_CD8_TCELL_LCMV_CLONE13_UP","GSE41867_DAY6_EFFECTOR_VS_DAY30_EXHAUSTED_CD8_TCELL_LCMV_CLONE13_UP","95/6767","200/21355",2.02998696421894e-06,3.78738834263119e-06,6.485134176659e-07
"GSE4748_CTRL_VS_LPS_AND_CYANOBACTERIUM_LPSLIKE_STIM_DC_3H_UP","GSE4748_CTRL_VS_LPS_AND_CYANOBACTERIUM_LPSLIKE_STIM_DC_3H_UP","95/6767","200/21355",2.02998696421894e-06,3.78738834263119e-06,6.485134176659e-07
"GSE5503_MLN_DC_VS_PLN_DC_ACTIVATED_ALLOGENIC_TCELL_DN","GSE5503_MLN_DC_VS_PLN_DC_ACTIVATED_ALLOGENIC_TCELL_DN","95/6767","200/21355",2.02998696421894e-06,3.78738834263119e-06,6.485134176659e-07
"GSE5542_UNTREATED_VS_IFNA_AND_IFNG_TREATED_EPITHELIAL_CELLS_24H_DN","GSE5542_UNTREATED_VS_IFNA_AND_IFNG_TREATED_EPITHELIAL_CELLS_24H_DN","95/6767","200/21355",2.02998696421894e-06,3.78738834263119e-06,6.485134176659e-07
"GSE5589_LPS_VS_LPS_AND_IL10_STIM_MACROPHAGE_180MIN_DN","GSE5589_LPS_VS_LPS_AND_IL10_STIM_MACROPHAGE_180MIN_DN","95/6767","200/21355",2.02998696421894e-06,3.78738834263119e-06,6.485134176659e-07
"GSE5589_UNSTIM_VS_45MIN_LPS_STIM_MACROPHAGE_DN","GSE5589_UNSTIM_VS_45MIN_LPS_STIM_MACROPHAGE_DN","95/6767","200/21355",2.02998696421894e-06,3.78738834263119e-06,6.485134176659e-07
"GSE6875_WT_VS_FOXP3_KO_TREG_UP","GSE6875_WT_VS_FOXP3_KO_TREG_UP","95/6767","200/21355",2.02998696421894e-06,3.78738834263119e-06,6.485134176659e-07
"GSE7219_WT_VS_NIK_NFKB2_KO_LPS_AND_ANTI_CD40_STIM_DC_DN","GSE7219_WT_VS_NIK_NFKB2_KO_LPS_AND_ANTI_CD40_STIM_DC_DN","95/6767","200/21355",2.02998696421894e-06,3.78738834263119e-06,6.485134176659e-07
"GSE9037_CTRL_VS_LPS_1H_STIM_IRAK4_KO_BMDM_UP","GSE9037_CTRL_VS_LPS_1H_STIM_IRAK4_KO_BMDM_UP","95/6767","200/21355",2.02998696421894e-06,3.78738834263119e-06,6.485134176659e-07
"GSE10325_CD4_TCELL_VS_BCELL_DN","GSE10325_CD4_TCELL_VS_BCELL_DN","93/6767","195/21355",2.08291312066348e-06,3.87907576085786e-06,6.64213027944002e-07
"GSE20484_MCSG_VS_CXCL4_MONOCYTE_DERIVED_MACROPHAGE_DN","GSE20484_MCSG_VS_CXCL4_MONOCYTE_DERIVED_MACROPHAGE_DN","93/6767","195/21355",2.08291312066348e-06,3.87907576085786e-06,6.64213027944002e-07
"GSE25088_CTRL_VS_IL4_AND_ROSIGLITAZONE_STIM_MACROPHAGE_UP","GSE25088_CTRL_VS_IL4_AND_ROSIGLITAZONE_STIM_MACROPHAGE_UP","93/6767","195/21355",2.08291312066348e-06,3.87907576085786e-06,6.64213027944002e-07
"GSE25846_IL10_POS_VS_NEG_CD8_TCELL_DAY7_POST_CORONAVIRUS_BRAIN_DN","GSE25846_IL10_POS_VS_NEG_CD8_TCELL_DAY7_POST_CORONAVIRUS_BRAIN_DN","93/6767","195/21355",2.08291312066348e-06,3.87907576085786e-06,6.64213027944002e-07
"GSE46468_LUNG_INNATE_LYMPHOID_CELL_VS_SPLEEN_CD4_TCELL_UP","GSE46468_LUNG_INNATE_LYMPHOID_CELL_VS_SPLEEN_CD4_TCELL_UP","93/6767","195/21355",2.08291312066348e-06,3.87907576085786e-06,6.64213027944002e-07
"GSE6092_IFNG_VS_IFNG_AND_B_BURGDORFERI_INF_ENDOTHELIAL_CELL_DN","GSE6092_IFNG_VS_IFNG_AND_B_BURGDORFERI_INF_ENDOTHELIAL_CELL_DN","85/6767","175/21355",2.23441057529846e-06,4.15970334769616e-06,7.1226480900467e-07
"GSE7348_UNSTIM_VS_LPS_STIM_MACROPHAGE_UP","GSE7348_UNSTIM_VS_LPS_STIM_MACROPHAGE_UP","77/6767","155/21355",2.24080420083827e-06,4.17009188301191e-06,7.14043634921814e-07
"GSE21033_1H_VS_24H_POLYIC_STIM_DC_DN","GSE21033_1H_VS_24H_POLYIC_STIM_DC_DN","83/6767","170/21355",2.25223350503953e-06,4.18984077661019e-06,7.17425232298132e-07
"GSE25677_MPL_VS_MPL_AND_R848_STIM_BCELL_UP","GSE25677_MPL_VS_MPL_AND_R848_STIM_BCELL_UP","79/6767","160/21355",2.25646042588152e-06,4.19466011729316e-06,7.18250446618521e-07
"GSE4590_SMALL_VS_LARGE_PRE_BCELL_DN","GSE4590_SMALL_VS_LARGE_PRE_BCELL_DN","79/6767","160/21355",2.25646042588152e-06,4.19466011729316e-06,7.18250446618521e-07
"GSE15330_HSC_VS_LYMPHOID_PRIMED_MULTIPOTENT_PROGENITOR_IKAROS_KO_UP","GSE15330_HSC_VS_LYMPHOID_PRIMED_MULTIPOTENT_PROGENITOR_IKAROS_KO_UP","94/6767","198/21355",2.35793488362913e-06,4.37061899796332e-06,7.48379835196824e-07
"GSE2770_TGFB_AND_IL4_VS_TGFB_AND_IL12_TREATED_ACT_CD4_TCELL_48H_UP","GSE2770_TGFB_AND_IL4_VS_TGFB_AND_IL12_TREATED_ACT_CD4_TCELL_48H_UP","94/6767","198/21355",2.35793488362913e-06,4.37061899796332e-06,7.48379835196824e-07
"GSE29618_LAIV_VS_TIV_FLU_VACCINE_DAY7_PDC_UP","GSE29618_LAIV_VS_TIV_FLU_VACCINE_DAY7_PDC_UP","94/6767","198/21355",2.35793488362913e-06,4.37061899796332e-06,7.48379835196824e-07
"GSE3982_BASOPHIL_VS_NKCELL_UP","GSE3982_BASOPHIL_VS_NKCELL_UP","94/6767","198/21355",2.35793488362913e-06,4.37061899796332e-06,7.48379835196824e-07
"GSE3982_MAST_CELL_VS_TH2_UP","GSE3982_MAST_CELL_VS_TH2_UP","94/6767","198/21355",2.35793488362913e-06,4.37061899796332e-06,7.48379835196824e-07
"GSE42021_CD24INT_VS_CD24LOW_TCONV_THYMUS_UP","GSE42021_CD24INT_VS_CD24LOW_TCONV_THYMUS_UP","94/6767","198/21355",2.35793488362913e-06,4.37061899796332e-06,7.48379835196824e-07
"GSE5503_MLN_DC_VS_PLN_DC_ACTIVATED_ALLOGENIC_TCELL_UP","GSE5503_MLN_DC_VS_PLN_DC_ACTIVATED_ALLOGENIC_TCELL_UP","94/6767","198/21355",2.35793488362913e-06,4.37061899796332e-06,7.48379835196824e-07
"GSE7460_FOXP3_MUT_VS_WT_ACT_TCONV_DN","GSE7460_FOXP3_MUT_VS_WT_ACT_TCONV_DN","94/6767","198/21355",2.35793488362913e-06,4.37061899796332e-06,7.48379835196824e-07
"GSE11864_CSF1_PAM3CYS_VS_CSF1_IFNG_PAM3CYS_IN_MAC_DN","GSE11864_CSF1_PAM3CYS_VS_CSF1_IFNG_PAM3CYS_IN_MAC_DN","92/6767","193/21355",2.42036228274335e-06,4.48309155477787e-06,7.67638478783066e-07
"GSE18281_SUBCAPSULAR_VS_CENTRAL_CORTICAL_REGION_OF_THYMUS_UP","GSE18281_SUBCAPSULAR_VS_CENTRAL_CORTICAL_REGION_OF_THYMUS_UP","92/6767","193/21355",2.42036228274335e-06,4.48309155477787e-06,7.67638478783066e-07
"NAKAYA_MONOCYTE_FLUARIX_FLUVIRIN_AGE_18_50YO_7DY_DN","NAKAYA_MONOCYTE_FLUARIX_FLUVIRIN_AGE_18_50YO_7DY_DN","52/6767","95/21355",2.70952910104154e-06,5.01688541027084e-06,8.59039847282372e-07
"GSE10325_LUPUS_CD4_TCELL_VS_LUPUS_BCELL_DN","GSE10325_LUPUS_CD4_TCELL_VS_LUPUS_BCELL_DN","93/6767","196/21355",2.73882168111347e-06,5.05287468840186e-06,8.65202281035828e-07
"GSE11057_NAIVE_VS_CENT_MEMORY_CD4_TCELL_UP","GSE11057_NAIVE_VS_CENT_MEMORY_CD4_TCELL_UP","93/6767","196/21355",2.73882168111347e-06,5.05287468840186e-06,8.65202281035828e-07
"GSE12845_PRE_GC_VS_DARKZONE_GC_TONSIL_BCELL_UP","GSE12845_PRE_GC_VS_DARKZONE_GC_TONSIL_BCELL_UP","93/6767","196/21355",2.73882168111347e-06,5.05287468840186e-06,8.65202281035828e-07
"GSE13485_DAY1_VS_DAY21_YF17D_VACCINE_PBMC_DN","GSE13485_DAY1_VS_DAY21_YF17D_VACCINE_PBMC_DN","93/6767","196/21355",2.73882168111347e-06,5.05287468840186e-06,8.65202281035828e-07
"GSE19401_UNSTIM_VS_RETINOIC_ACID_STIM_FOLLICULAR_DC_DN","GSE19401_UNSTIM_VS_RETINOIC_ACID_STIM_FOLLICULAR_DC_DN","93/6767","196/21355",2.73882168111347e-06,5.05287468840186e-06,8.65202281035828e-07
"GSE20727_CTRL_VS_H2O2_TREATED_DC_DN","GSE20727_CTRL_VS_H2O2_TREATED_DC_DN","93/6767","196/21355",2.73882168111347e-06,5.05287468840186e-06,8.65202281035828e-07
"GSE23321_CD8_STEM_CELL_MEMORY_VS_CENTRAL_MEMORY_CD8_TCELL_DN","GSE23321_CD8_STEM_CELL_MEMORY_VS_CENTRAL_MEMORY_CD8_TCELL_DN","93/6767","196/21355",2.73882168111347e-06,5.05287468840186e-06,8.65202281035828e-07
"GSE24081_CONTROLLER_VS_PROGRESSOR_HIV_SPECIFIC_CD8_TCELL_DN","GSE24081_CONTROLLER_VS_PROGRESSOR_HIV_SPECIFIC_CD8_TCELL_DN","93/6767","196/21355",2.73882168111347e-06,5.05287468840186e-06,8.65202281035828e-07
"GSE3982_MEMORY_CD4_TCELL_VS_TH2_UP","GSE3982_MEMORY_CD4_TCELL_VS_TH2_UP","93/6767","196/21355",2.73882168111347e-06,5.05287468840186e-06,8.65202281035828e-07
"GSE3982_NEUTROPHIL_VS_BASOPHIL_UP","GSE3982_NEUTROPHIL_VS_BASOPHIL_UP","93/6767","196/21355",2.73882168111347e-06,5.05287468840186e-06,8.65202281035828e-07
"GSE40274_CTRL_VS_HELIOS_TRANSDUCED_ACTIVATED_CD4_TCELL_UP","GSE40274_CTRL_VS_HELIOS_TRANSDUCED_ACTIVATED_CD4_TCELL_UP","81/6767","166/21355",3.05163926691893e-06,5.62796925233573e-06,9.63675557974398e-07
"GSE6269_E_COLI_VS_STAPH_AUREUS_INF_PBMC_UP","GSE6269_E_COLI_VS_STAPH_AUREUS_INF_PBMC_UP","77/6767","156/21355",3.06024482273094e-06,5.64004219629418e-06,9.65742804699444e-07
"GSE21033_1H_VS_24H_POLYIC_STIM_DC_UP","GSE21033_1H_VS_24H_POLYIC_STIM_DC_UP","79/6767","161/21355",3.0636577360535e-06,5.64004219629418e-06,9.65742804699444e-07
"GSE10239_MEMORY_VS_DAY4.5_EFF_CD8_TCELL_UP","GSE10239_MEMORY_VS_DAY4.5_EFF_CD8_TCELL_UP","94/6767","199/21355",3.08788735030188e-06,5.64004219629418e-06,9.65742804699444e-07
"GSE10325_CD4_TCELL_VS_MYELOID_UP","GSE10325_CD4_TCELL_VS_MYELOID_UP","94/6767","199/21355",3.08788735030188e-06,5.64004219629418e-06,9.65742804699444e-07
"GSE11924_TFH_VS_TH1_CD4_TCELL_UP","GSE11924_TFH_VS_TH1_CD4_TCELL_UP","94/6767","199/21355",3.08788735030188e-06,5.64004219629418e-06,9.65742804699444e-07
"GSE12845_IGD_POS_BLOOD_VS_PRE_GC_TONSIL_BCELL_UP","GSE12845_IGD_POS_BLOOD_VS_PRE_GC_TONSIL_BCELL_UP","94/6767","199/21355",3.08788735030188e-06,5.64004219629418e-06,9.65742804699444e-07
"GSE14699_NAIVE_VS_ACT_CD8_TCELL_UP","GSE14699_NAIVE_VS_ACT_CD8_TCELL_UP","94/6767","199/21355",3.08788735030188e-06,5.64004219629418e-06,9.65742804699444e-07
"GSE15330_HSC_VS_MEGAKARYOCYTE_ERYTHROID_PROGENITOR_IKAROS_KO_DN","GSE15330_HSC_VS_MEGAKARYOCYTE_ERYTHROID_PROGENITOR_IKAROS_KO_DN","94/6767","199/21355",3.08788735030188e-06,5.64004219629418e-06,9.65742804699444e-07
"GSE17721_0.5H_VS_24H_LPS_BMDC_UP","GSE17721_0.5H_VS_24H_LPS_BMDC_UP","94/6767","199/21355",3.08788735030188e-06,5.64004219629418e-06,9.65742804699444e-07
"GSE17721_0.5H_VS_8H_CPG_BMDC_DN","GSE17721_0.5H_VS_8H_CPG_BMDC_DN","94/6767","199/21355",3.08788735030188e-06,5.64004219629418e-06,9.65742804699444e-07
"GSE17721_PAM3CSK4_VS_CPG_1H_BMDC_DN","GSE17721_PAM3CSK4_VS_CPG_1H_BMDC_DN","94/6767","199/21355",3.08788735030188e-06,5.64004219629418e-06,9.65742804699444e-07
"GSE17974_2H_VS_72H_UNTREATED_IN_VITRO_CD4_TCELL_DN","GSE17974_2H_VS_72H_UNTREATED_IN_VITRO_CD4_TCELL_DN","94/6767","199/21355",3.08788735030188e-06,5.64004219629418e-06,9.65742804699444e-07
"GSE19888_CTRL_VS_A3R_ACT_TREATED_MAST_CELL_PRETREATED_WITH_A3R_INH_DN","GSE19888_CTRL_VS_A3R_ACT_TREATED_MAST_CELL_PRETREATED_WITH_A3R_INH_DN","94/6767","199/21355",3.08788735030188e-06,5.64004219629418e-06,9.65742804699444e-07
"GSE19888_CTRL_VS_A3R_ACTIVATION_MAST_CELL_UP","GSE19888_CTRL_VS_A3R_ACTIVATION_MAST_CELL_UP","94/6767","199/21355",3.08788735030188e-06,5.64004219629418e-06,9.65742804699444e-07
"GSE21379_TFH_VS_NON_TFH_SAP_KO_CD4_TCELL_DN","GSE21379_TFH_VS_NON_TFH_SAP_KO_CD4_TCELL_DN","94/6767","199/21355",3.08788735030188e-06,5.64004219629418e-06,9.65742804699444e-07
"GSE22886_CD8_VS_CD4_NAIVE_TCELL_UP","GSE22886_CD8_VS_CD4_NAIVE_TCELL_UP","94/6767","199/21355",3.08788735030188e-06,5.64004219629418e-06,9.65742804699444e-07
"GSE2405_HEAT_KILLED_LYSATE_VS_LIVE_A_PHAGOCYTOPHILUM_STIM_NEUTROPHIL_9H_DN","GSE2405_HEAT_KILLED_LYSATE_VS_LIVE_A_PHAGOCYTOPHILUM_STIM_NEUTROPHIL_9H_DN","94/6767","199/21355",3.08788735030188e-06,5.64004219629418e-06,9.65742804699444e-07
"GSE2706_UNSTIM_VS_8H_R848_DC_UP","GSE2706_UNSTIM_VS_8H_R848_DC_UP","94/6767","199/21355",3.08788735030188e-06,5.64004219629418e-06,9.65742804699444e-07
"GSE2770_IL12_AND_TGFB_ACT_VS_ACT_CD4_TCELL_48H_UP","GSE2770_IL12_AND_TGFB_ACT_VS_ACT_CD4_TCELL_48H_UP","94/6767","199/21355",3.08788735030188e-06,5.64004219629418e-06,9.65742804699444e-07
"GSE30083_SP1_VS_SP3_THYMOCYTE_UP","GSE30083_SP1_VS_SP3_THYMOCYTE_UP","94/6767","199/21355",3.08788735030188e-06,5.64004219629418e-06,9.65742804699444e-07
"GSE3982_MAST_CELL_VS_BASOPHIL_DN","GSE3982_MAST_CELL_VS_BASOPHIL_DN","94/6767","199/21355",3.08788735030188e-06,5.64004219629418e-06,9.65742804699444e-07
"GSE3982_MAST_CELL_VS_DC_UP","GSE3982_MAST_CELL_VS_DC_UP","94/6767","199/21355",3.08788735030188e-06,5.64004219629418e-06,9.65742804699444e-07
"GSE4142_NAIVE_VS_GC_BCELL_UP","GSE4142_NAIVE_VS_GC_BCELL_UP","94/6767","199/21355",3.08788735030188e-06,5.64004219629418e-06,9.65742804699444e-07
"GSE5542_UNTREATED_VS_IFNG_TREATED_EPITHELIAL_CELLS_24H_DN","GSE5542_UNTREATED_VS_IFNG_TREATED_EPITHELIAL_CELLS_24H_DN","94/6767","199/21355",3.08788735030188e-06,5.64004219629418e-06,9.65742804699444e-07
"GSE7460_WT_VS_FOXP3_HET_ACT_WITH_TGFB_TCONV_DN","GSE7460_WT_VS_FOXP3_HET_ACT_WITH_TGFB_TCONV_DN","94/6767","199/21355",3.08788735030188e-06,5.64004219629418e-06,9.65742804699444e-07
"GSE7548_NAIVE_VS_DAY28_PCC_IMMUNIZATION_CD4_TCELL_UP","GSE7548_NAIVE_VS_DAY28_PCC_IMMUNIZATION_CD4_TCELL_UP","94/6767","199/21355",3.08788735030188e-06,5.64004219629418e-06,9.65742804699444e-07
"GSE9006_TYPE_1_VS_TYPE_2_DIABETES_PBMC_AT_DX_DN","GSE9006_TYPE_1_VS_TYPE_2_DIABETES_PBMC_AT_DX_DN","94/6767","199/21355",3.08788735030188e-06,5.64004219629418e-06,9.65742804699444e-07
"GSE16385_IL4_VS_ROSIGLITAZONE_STIM_MACROPHAGE_UP","GSE16385_IL4_VS_ROSIGLITAZONE_STIM_MACROPHAGE_UP","92/6767","194/21355",3.18118611736343e-06,5.80631585038175e-06,9.94213794712898e-07
"GSE26928_NAIVE_VS_CXCR5_POS_CD4_TCELL_DN","GSE26928_NAIVE_VS_CXCR5_POS_CD4_TCELL_DN","92/6767","194/21355",3.18118611736343e-06,5.80631585038175e-06,9.94213794712898e-07
"GSE10211_UV_INACT_SENDAI_VS_LIVE_SENDAI_VIRUS_TRACHEAL_EPITHELIAL_CELLS_DN","GSE10211_UV_INACT_SENDAI_VS_LIVE_SENDAI_VIRUS_TRACHEAL_EPITHELIAL_CELLS_DN","80/6767","164/21355",3.55233773195759e-06,6.47913039905604e-06,1.10941963656037e-06
"GSE6674_UNSTIM_VS_CPG_STIM_BCELL_DN","GSE6674_UNSTIM_VS_CPG_STIM_BCELL_DN","80/6767","164/21355",3.55233773195759e-06,6.47913039905604e-06,1.10941963656037e-06
"NAKAYA_PBMC_FLUMIST_AGE_18_50YO_3DY_IFN_SUBSET_UP","NAKAYA_PBMC_FLUMIST_AGE_18_50YO_3DY_IFN_SUBSET_UP","23/6767","32/21355",3.56382256943848e-06,6.49776611433539e-06,1.11261062473298e-06
"GSE1460_INTRATHYMIC_T_PROGENITOR_VS_DP_THYMOCYTE_UP","GSE1460_INTRATHYMIC_T_PROGENITOR_VS_DP_THYMOCYTE_UP","93/6767","197/21355",3.5850535799014e-06,6.52255844718044e-06,1.11685580876238e-06
"GSE17974_0H_VS_12H_IN_VITRO_ACT_CD4_TCELL_UP","GSE17974_0H_VS_12H_IN_VITRO_ACT_CD4_TCELL_UP","93/6767","197/21355",3.5850535799014e-06,6.52255844718044e-06,1.11685580876238e-06
"GSE2770_TGFB_AND_IL4_ACT_VS_ACT_CD4_TCELL_6H_DN","GSE2770_TGFB_AND_IL4_ACT_VS_ACT_CD4_TCELL_6H_DN","93/6767","197/21355",3.5850535799014e-06,6.52255844718044e-06,1.11685580876238e-06
"GSE2770_TGFB_AND_IL4_VS_IL12_TREATED_ACT_CD4_TCELL_2H_DN","GSE2770_TGFB_AND_IL4_VS_IL12_TREATED_ACT_CD4_TCELL_2H_DN","93/6767","197/21355",3.5850535799014e-06,6.52255844718044e-06,1.11685580876238e-06
"GSE29618_MONOCYTE_VS_PDC_DN","GSE29618_MONOCYTE_VS_PDC_DN","93/6767","197/21355",3.5850535799014e-06,6.52255844718044e-06,1.11685580876238e-06
"GSE42021_TREG_PLN_VS_CD24LO_TREG_THYMUS_DN","GSE42021_TREG_PLN_VS_CD24LO_TREG_THYMUS_DN","93/6767","197/21355",3.5850535799014e-06,6.52255844718044e-06,1.11685580876238e-06
"SCHERER_PBMC_APSV_WETVAX_AGE_18_32YO_5_TO_7DY_DN","SCHERER_PBMC_APSV_WETVAX_AGE_18_32YO_5_TO_7DY_DN","89/6767","187/21355",3.79742327322126e-06,6.90648780482632e-06,1.18259592235639e-06
"HOWARD_MONOCYTE_INACT_MONOV_INFLUENZA_A_INDONESIA_05_2005_H5N1_AGE_18_49YO_1DY_UP","HOWARD_MONOCYTE_INACT_MONOV_INFLUENZA_A_INDONESIA_05_2005_H5N1_AGE_18_49YO_1DY_UP","106/6767","231/21355",4.02086183642655e-06,7.1796286511495e-06,1.22936575098984e-06
"GSE11961_FOLLICULAR_BCELL_VS_PLASMA_CELL_DAY7_DN","GSE11961_FOLLICULAR_BCELL_VS_PLASMA_CELL_DAY7_DN","94/6767","200/21355",4.02602542852639e-06,7.1796286511495e-06,1.22936575098984e-06
"GSE11961_MEMORY_BCELL_DAY7_VS_GERMINAL_CENTER_BCELL_DAY7_DN","GSE11961_MEMORY_BCELL_DAY7_VS_GERMINAL_CENTER_BCELL_DAY7_DN","94/6767","200/21355",4.02602542852639e-06,7.1796286511495e-06,1.22936575098984e-06
"GSE11961_PLASMA_CELL_DAY7_VS_MEMORY_BCELL_DAY40_UP","GSE11961_PLASMA_CELL_DAY7_VS_MEMORY_BCELL_DAY40_UP","94/6767","200/21355",4.02602542852639e-06,7.1796286511495e-06,1.22936575098984e-06
"GSE13522_WT_VS_IFNAR_KO_SKING_T_CRUZI_Y_STRAIN_INF_UP","GSE13522_WT_VS_IFNAR_KO_SKING_T_CRUZI_Y_STRAIN_INF_UP","94/6767","200/21355",4.02602542852639e-06,7.1796286511495e-06,1.22936575098984e-06
"GSE14308_TH2_VS_TH1_DN","GSE14308_TH2_VS_TH1_DN","94/6767","200/21355",4.02602542852639e-06,7.1796286511495e-06,1.22936575098984e-06
"GSE15330_WT_VS_IKAROS_KO_GRANULOCYTE_MONOCYTE_PROGENITOR_UP","GSE15330_WT_VS_IKAROS_KO_GRANULOCYTE_MONOCYTE_PROGENITOR_UP","94/6767","200/21355",4.02602542852639e-06,7.1796286511495e-06,1.22936575098984e-06
"GSE15930_STIM_VS_STIM_AND_IL12_24H_CD8_T_CELL_UP","GSE15930_STIM_VS_STIM_AND_IL12_24H_CD8_T_CELL_UP","94/6767","200/21355",4.02602542852639e-06,7.1796286511495e-06,1.22936575098984e-06
"GSE16385_ROSIGLITAZONE_IFNG_TNF_VS_IL4_STIM_MACROPHAGE_DN","GSE16385_ROSIGLITAZONE_IFNG_TNF_VS_IL4_STIM_MACROPHAGE_DN","94/6767","200/21355",4.02602542852639e-06,7.1796286511495e-06,1.22936575098984e-06
"GSE17721_0.5H_VS_12H_PAM3CSK4_BMDC_UP","GSE17721_0.5H_VS_12H_PAM3CSK4_BMDC_UP","94/6767","200/21355",4.02602542852639e-06,7.1796286511495e-06,1.22936575098984e-06
"GSE17721_0.5H_VS_4H_PAM3CSK4_BMDC_DN","GSE17721_0.5H_VS_4H_PAM3CSK4_BMDC_DN","94/6767","200/21355",4.02602542852639e-06,7.1796286511495e-06,1.22936575098984e-06
"GSE17721_CPG_VS_GARDIQUIMOD_24H_BMDC_DN","GSE17721_CPG_VS_GARDIQUIMOD_24H_BMDC_DN","94/6767","200/21355",4.02602542852639e-06,7.1796286511495e-06,1.22936575098984e-06
"GSE17721_CPG_VS_GARDIQUIMOD_2H_BMDC_DN","GSE17721_CPG_VS_GARDIQUIMOD_2H_BMDC_DN","94/6767","200/21355",4.02602542852639e-06,7.1796286511495e-06,1.22936575098984e-06
"GSE17721_CTRL_VS_CPG_8H_BMDC_DN","GSE17721_CTRL_VS_CPG_8H_BMDC_DN","94/6767","200/21355",4.02602542852639e-06,7.1796286511495e-06,1.22936575098984e-06
"GSE17721_CTRL_VS_PAM3CSK4_6H_BMDC_UP","GSE17721_CTRL_VS_PAM3CSK4_6H_BMDC_UP","94/6767","200/21355",4.02602542852639e-06,7.1796286511495e-06,1.22936575098984e-06
"GSE17721_LPS_VS_POLYIC_0.5H_BMDC_UP","GSE17721_LPS_VS_POLYIC_0.5H_BMDC_UP","94/6767","200/21355",4.02602542852639e-06,7.1796286511495e-06,1.22936575098984e-06
"GSE17721_LPS_VS_POLYIC_6H_BMDC_UP","GSE17721_LPS_VS_POLYIC_6H_BMDC_UP","94/6767","200/21355",4.02602542852639e-06,7.1796286511495e-06,1.22936575098984e-06
"GSE17721_PAM3CSK4_VS_GADIQUIMOD_16H_BMDC_UP","GSE17721_PAM3CSK4_VS_GADIQUIMOD_16H_BMDC_UP","94/6767","200/21355",4.02602542852639e-06,7.1796286511495e-06,1.22936575098984e-06
"GSE17721_PAM3CSK4_VS_GADIQUIMOD_24H_BMDC_UP","GSE17721_PAM3CSK4_VS_GADIQUIMOD_24H_BMDC_UP","94/6767","200/21355",4.02602542852639e-06,7.1796286511495e-06,1.22936575098984e-06
"GSE17721_POLYIC_VS_GARDIQUIMOD_1H_BMDC_UP","GSE17721_POLYIC_VS_GARDIQUIMOD_1H_BMDC_UP","94/6767","200/21355",4.02602542852639e-06,7.1796286511495e-06,1.22936575098984e-06
"GSE17721_POLYIC_VS_PAM3CSK4_1H_BMDC_DN","GSE17721_POLYIC_VS_PAM3CSK4_1H_BMDC_DN","94/6767","200/21355",4.02602542852639e-06,7.1796286511495e-06,1.22936575098984e-06
"GSE20715_WT_VS_TLR4_KO_48H_OZONE_LUNG_DN","GSE20715_WT_VS_TLR4_KO_48H_OZONE_LUNG_DN","94/6767","200/21355",4.02602542852639e-06,7.1796286511495e-06,1.22936575098984e-06
"GSE21063_WT_VS_NFATC1_KO_3H_ANTI_IGM_STIM_BCELL_DN","GSE21063_WT_VS_NFATC1_KO_3H_ANTI_IGM_STIM_BCELL_DN","94/6767","200/21355",4.02602542852639e-06,7.1796286511495e-06,1.22936575098984e-06
"GSE21774_CD56_BRIGHT_VS_DIM_CD62L_POSITIVE_NK_CELL_DN","GSE21774_CD56_BRIGHT_VS_DIM_CD62L_POSITIVE_NK_CELL_DN","94/6767","200/21355",4.02602542852639e-06,7.1796286511495e-06,1.22936575098984e-06
"GSE21927_SPLEEN_C57BL6_VS_4T1_TUMOR_BALBC_MONOCYTES_DN","GSE21927_SPLEEN_C57BL6_VS_4T1_TUMOR_BALBC_MONOCYTES_DN","94/6767","200/21355",4.02602542852639e-06,7.1796286511495e-06,1.22936575098984e-06
"GSE2197_IMMUNOSUPPRESSIVE_DNA_VS_UNTREATED_IN_DC_UP","GSE2197_IMMUNOSUPPRESSIVE_DNA_VS_UNTREATED_IN_DC_UP","94/6767","200/21355",4.02602542852639e-06,7.1796286511495e-06,1.22936575098984e-06
"GSE22886_NAIVE_CD8_TCELL_VS_NEUTROPHIL_UP","GSE22886_NAIVE_CD8_TCELL_VS_NEUTROPHIL_UP","94/6767","200/21355",4.02602542852639e-06,7.1796286511495e-06,1.22936575098984e-06
"GSE24142_ADULT_VS_FETAL_DN2_THYMOCYTE_DN","GSE24142_ADULT_VS_FETAL_DN2_THYMOCYTE_DN","94/6767","200/21355",4.02602542852639e-06,7.1796286511495e-06,1.22936575098984e-06
"GSE24142_ADULT_VS_FETAL_EARLY_THYMIC_PROGENITOR_DN","GSE24142_ADULT_VS_FETAL_EARLY_THYMIC_PROGENITOR_DN","94/6767","200/21355",4.02602542852639e-06,7.1796286511495e-06,1.22936575098984e-06
"GSE26912_TUMORICIDAL_VS_CTRL_MACROPHAGE_DN","GSE26912_TUMORICIDAL_VS_CTRL_MACROPHAGE_DN","94/6767","200/21355",4.02602542852639e-06,7.1796286511495e-06,1.22936575098984e-06
"GSE2770_UNTREATED_VS_ACT_CD4_TCELL_6H_UP","GSE2770_UNTREATED_VS_ACT_CD4_TCELL_6H_UP","94/6767","200/21355",4.02602542852639e-06,7.1796286511495e-06,1.22936575098984e-06
"GSE2770_UNTREATED_VS_TGFB_AND_IL4_TREATED_ACT_CD4_TCELL_4H_UP","GSE2770_UNTREATED_VS_TGFB_AND_IL4_TREATED_ACT_CD4_TCELL_4H_UP","94/6767","200/21355",4.02602542852639e-06,7.1796286511495e-06,1.22936575098984e-06
"GSE27786_LSK_VS_CD8_TCELL_DN","GSE27786_LSK_VS_CD8_TCELL_DN","94/6767","200/21355",4.02602542852639e-06,7.1796286511495e-06,1.22936575098984e-06
"GSE3039_ALPHAALPHA_CD8_TCELL_VS_B2_BCELL_UP","GSE3039_ALPHAALPHA_CD8_TCELL_VS_B2_BCELL_UP","94/6767","200/21355",4.02602542852639e-06,7.1796286511495e-06,1.22936575098984e-06
"GSE3039_CD4_TCELL_VS_B1_BCELL_UP","GSE3039_CD4_TCELL_VS_B1_BCELL_UP","94/6767","200/21355",4.02602542852639e-06,7.1796286511495e-06,1.22936575098984e-06
"GSE3039_NKT_CELL_VS_ALPHAALPHA_CD8_TCELL_DN","GSE3039_NKT_CELL_VS_ALPHAALPHA_CD8_TCELL_DN","94/6767","200/21355",4.02602542852639e-06,7.1796286511495e-06,1.22936575098984e-06
"GSE30971_WBP7_HET_VS_KO_MACROPHAGE_UP","GSE30971_WBP7_HET_VS_KO_MACROPHAGE_UP","94/6767","200/21355",4.02602542852639e-06,7.1796286511495e-06,1.22936575098984e-06
"GSE32034_LY6C_HIGH_VS_LOW_MONOCYTE_UP","GSE32034_LY6C_HIGH_VS_LOW_MONOCYTE_UP","94/6767","200/21355",4.02602542852639e-06,7.1796286511495e-06,1.22936575098984e-06
"GSE32128_INOS_DEPENDENT_VS_INOS_INDEPENDENT_ACTIVATED_TCELL_UP","GSE32128_INOS_DEPENDENT_VS_INOS_INDEPENDENT_ACTIVATED_TCELL_UP","94/6767","200/21355",4.02602542852639e-06,7.1796286511495e-06,1.22936575098984e-06
"GSE34006_A2AR_KO_VS_A2AR_AGONIST_TREATED_TREG_UP","GSE34006_A2AR_KO_VS_A2AR_AGONIST_TREATED_TREG_UP","94/6767","200/21355",4.02602542852639e-06,7.1796286511495e-06,1.22936575098984e-06
"GSE35685_CD34POS_CD38NEG_VS_CD34POS_CD10NEG_CD62LPOS_BONE_MARROW_DN","GSE35685_CD34POS_CD38NEG_VS_CD34POS_CD10NEG_CD62LPOS_BONE_MARROW_DN","94/6767","200/21355",4.02602542852639e-06,7.1796286511495e-06,1.22936575098984e-06
"GSE360_HIGH_VS_LOW_DOSE_B_MALAYI_MAC_DN","GSE360_HIGH_VS_LOW_DOSE_B_MALAYI_MAC_DN","94/6767","200/21355",4.02602542852639e-06,7.1796286511495e-06,1.22936575098984e-06
"GSE38681_WT_VS_LYL1_KO_LYMPHOID_PRIMED_MULTIPOTENT_PROGENITOR_DN","GSE38681_WT_VS_LYL1_KO_LYMPHOID_PRIMED_MULTIPOTENT_PROGENITOR_DN","94/6767","200/21355",4.02602542852639e-06,7.1796286511495e-06,1.22936575098984e-06
"GSE39556_UNTREATED_VS_3H_POLYIC_INJ_MOUSE_CD8A_DC_UP","GSE39556_UNTREATED_VS_3H_POLYIC_INJ_MOUSE_CD8A_DC_UP","94/6767","200/21355",4.02602542852639e-06,7.1796286511495e-06,1.22936575098984e-06
"GSE411_WT_VS_SOCS3_KO_MACROPHAGE_IL6_STIM_100MIN_DN","GSE411_WT_VS_SOCS3_KO_MACROPHAGE_IL6_STIM_100MIN_DN","94/6767","200/21355",4.02602542852639e-06,7.1796286511495e-06,1.22936575098984e-06
"GSE41867_MEMORY_VS_EXHAUSTED_CD8_TCELL_DAY30_LCMV_DN","GSE41867_MEMORY_VS_EXHAUSTED_CD8_TCELL_DAY30_LCMV_DN","94/6767","200/21355",4.02602542852639e-06,7.1796286511495e-06,1.22936575098984e-06
"GSE45881_CXCR6HI_VS_CXCR1LO_COLONIC_LAMINA_PROPRIA_UP","GSE45881_CXCR6HI_VS_CXCR1LO_COLONIC_LAMINA_PROPRIA_UP","94/6767","200/21355",4.02602542852639e-06,7.1796286511495e-06,1.22936575098984e-06
"GSE5455_EX_VIVO_VS_POST_24H_INCUBATION_MONOCYTES_FROM_TUMOR_BEARING_MOUSE_DN","GSE5455_EX_VIVO_VS_POST_24H_INCUBATION_MONOCYTES_FROM_TUMOR_BEARING_MOUSE_DN","94/6767","200/21355",4.02602542852639e-06,7.1796286511495e-06,1.22936575098984e-06
"GSE5503_LIVER_DC_VS_MLN_DC_ACTIVATED_ALLOGENIC_TCELL_UP","GSE5503_LIVER_DC_VS_MLN_DC_ACTIVATED_ALLOGENIC_TCELL_UP","94/6767","200/21355",4.02602542852639e-06,7.1796286511495e-06,1.22936575098984e-06
"GSE5503_LIVER_DC_VS_PLN_DC_ACTIVATED_ALLOGENIC_TCELL_DN","GSE5503_LIVER_DC_VS_PLN_DC_ACTIVATED_ALLOGENIC_TCELL_DN","94/6767","200/21355",4.02602542852639e-06,7.1796286511495e-06,1.22936575098984e-06
"GSE7219_WT_VS_NIK_NFKB2_KO_LPS_AND_ANTI_CD40_STIM_DC_UP","GSE7219_WT_VS_NIK_NFKB2_KO_LPS_AND_ANTI_CD40_STIM_DC_UP","94/6767","200/21355",4.02602542852639e-06,7.1796286511495e-06,1.22936575098984e-06
"GSE7460_FOXP3_MUT_VS_WT_ACT_WITH_TGFB_TCONV_UP","GSE7460_FOXP3_MUT_VS_WT_ACT_WITH_TGFB_TCONV_UP","94/6767","200/21355",4.02602542852639e-06,7.1796286511495e-06,1.22936575098984e-06
"GSE7460_TREG_VS_TCONV_ACT_UP","GSE7460_TREG_VS_TCONV_ACT_UP","94/6767","200/21355",4.02602542852639e-06,7.1796286511495e-06,1.22936575098984e-06
"GSE7509_DC_VS_MONOCYTE_DN","GSE7509_DC_VS_MONOCYTE_DN","94/6767","200/21355",4.02602542852639e-06,7.1796286511495e-06,1.22936575098984e-06
"GSE9239_CTRL_VS_TNF_INHIBITOR_TREATED_DC_DN","GSE9239_CTRL_VS_TNF_INHIBITOR_TREATED_DC_DN","94/6767","200/21355",4.02602542852639e-06,7.1796286511495e-06,1.22936575098984e-06
"GSE9960_GRAM_POS_VS_GRAM_NEG_AND_POS_SEPSIS_PBMC_DN","GSE9960_GRAM_POS_VS_GRAM_NEG_AND_POS_SEPSIS_PBMC_DN","94/6767","200/21355",4.02602542852639e-06,7.1796286511495e-06,1.22936575098984e-06
"GSE27241_WT_VS_RORGT_KO_TH17_POLARIZED_CD4_TCELL_DN","GSE27241_WT_VS_RORGT_KO_TH17_POLARIZED_CD4_TCELL_DN","81/6767","167/21355",4.09761280375081e-06,7.30474994604673e-06,1.25079023436358e-06
"GSE13547_WT_VS_ZFX_KO_BCELL_UP","GSE13547_WT_VS_ZFX_KO_BCELL_UP","79/6767","162/21355",4.13533059709173e-06,7.36942647594345e-06,1.26186477799408e-06
"GSE13522_CTRL_VS_T_CRUZI_Y_STRAIN_INF_SKIN_IFNG_KO_UP","GSE13522_CTRL_VS_T_CRUZI_Y_STRAIN_INF_SKIN_IFNG_KO_UP","77/6767","157/21355",4.15388437020622e-06,7.39991840376903e-06,1.2670859020343e-06
"GSE37416_0H_VS_48H_F_TULARENSIS_LVS_NEUTROPHIL_DN","GSE37416_0H_VS_48H_F_TULARENSIS_LVS_NEUTROPHIL_DN","92/6767","195/21355",4.16216782315373e-06,7.40952584351012e-06,1.26873098118063e-06
"GSE9960_HEALTHY_VS_GRAM_POS_SEPSIS_PBMC_UP","GSE9960_HEALTHY_VS_GRAM_POS_SEPSIS_PBMC_UP","92/6767","195/21355",4.16216782315373e-06,7.40952584351012e-06,1.26873098118063e-06
"GSE37301_CD4_TCELL_VS_GRANULOCYTE_MONOCYTE_PROGENITOR_DN","GSE37301_CD4_TCELL_VS_GRANULOCYTE_MONOCYTE_PROGENITOR_DN","86/6767","180/21355",4.5228948814743e-06,8.04890040170731e-06,1.37821090306713e-06
"GSE15330_HSC_VS_LYMPHOID_PRIMED_MULTIPOTENT_PROGENITOR_IKAROS_KO_DN","GSE15330_HSC_VS_LYMPHOID_PRIMED_MULTIPOTENT_PROGENITOR_IKAROS_KO_DN","93/6767","198/21355",4.67193013945688e-06,8.28823038927178e-06,1.41919130807031e-06
"GSE17721_LPS_VS_CPG_0.5H_BMDC_UP","GSE17721_LPS_VS_CPG_0.5H_BMDC_UP","93/6767","198/21355",4.67193013945688e-06,8.28823038927178e-06,1.41919130807031e-06
"GSE17721_POLYIC_VS_CPG_24H_BMDC_UP","GSE17721_POLYIC_VS_CPG_24H_BMDC_UP","93/6767","198/21355",4.67193013945688e-06,8.28823038927178e-06,1.41919130807031e-06
"GSE17974_2H_VS_72H_UNTREATED_IN_VITRO_CD4_TCELL_UP","GSE17974_2H_VS_72H_UNTREATED_IN_VITRO_CD4_TCELL_UP","93/6767","198/21355",4.67193013945688e-06,8.28823038927178e-06,1.41919130807031e-06
"GSE18791_UNSTIM_VS_NEWCATSLE_VIRUS_DC_6H_UP","GSE18791_UNSTIM_VS_NEWCATSLE_VIRUS_DC_6H_UP","93/6767","198/21355",4.67193013945688e-06,8.28823038927178e-06,1.41919130807031e-06
"GSE20500_RETINOIC_ACID_VS_RARA_ANTAGONIST_TREATED_CD4_TCELL_DN","GSE20500_RETINOIC_ACID_VS_RARA_ANTAGONIST_TREATED_CD4_TCELL_DN","93/6767","198/21355",4.67193013945688e-06,8.28823038927178e-06,1.41919130807031e-06
"GSE22611_UNSTIM_VS_2H_MDP_STIM_MUTANT_NOD2_TRANSDUCED_HEK293T_CELL_UP","GSE22611_UNSTIM_VS_2H_MDP_STIM_MUTANT_NOD2_TRANSDUCED_HEK293T_CELL_UP","93/6767","198/21355",4.67193013945688e-06,8.28823038927178e-06,1.41919130807031e-06
"GSE6259_BCELL_VS_CD4_TCELL_DN","GSE6259_BCELL_VS_CD4_TCELL_DN","93/6767","198/21355",4.67193013945688e-06,8.28823038927178e-06,1.41919130807031e-06
"GSE8685_IL2_STARVED_VS_IL15_ACT_IL2_STARVED_CD4_TCELL_UP","GSE8685_IL2_STARVED_VS_IL15_ACT_IL2_STARVED_CD4_TCELL_UP","93/6767","198/21355",4.67193013945688e-06,8.28823038927178e-06,1.41919130807031e-06
"GSE10147_IL3_VS_IL3_AND_CPG_STIM_PDC_DN","GSE10147_IL3_VS_IL3_AND_CPG_STIM_PDC_DN","80/6767","165/21355",4.76871795528017e-06,8.45408608462013e-06,1.44759073112894e-06
"GSE37301_HEMATOPOIETIC_STEM_CELL_VS_MULTIPOTENT_PROGENITOR_DN","GSE37301_HEMATOPOIETIC_STEM_CELL_VS_MULTIPOTENT_PROGENITOR_DN","80/6767","165/21355",4.76871795528017e-06,8.45408608462013e-06,1.44759073112894e-06
"OCONNOR_PBMC_MENVEO_ACWYVAX_AGE_30_70YO_7DY_AFTER_SECOND_DOSE_VS_7DY_AFTER_FIRST_DOSE_UP","OCONNOR_PBMC_MENVEO_ACWYVAX_AGE_30_70YO_7DY_AFTER_SECOND_DOSE_VS_7DY_AFTER_FIRST_DOSE_UP","72/6767","145/21355",4.80539027921324e-06,8.5161548432514e-06,1.45821874683495e-06
"GSE4984_UNTREATED_VS_VEHICLE_CTRL_TREATED_DC_UP","GSE4984_UNTREATED_VS_VEHICLE_CTRL_TREATED_DC_UP","76/6767","155/21355",4.83714872095849e-06,8.56947529106917e-06,1.46734879179405e-06
"GSE18281_MEDULLARY_THYMOCYTE_VS_WHOLE_MEDULLA_THYMUS_UP","GSE18281_MEDULLARY_THYMOCYTE_VS_WHOLE_MEDULLA_THYMUS_UP","92/6767","196/21355",5.42128171803539e-06,9.58775831954724e-06,1.64170910217371e-06
"GSE25088_WT_VS_STAT6_KO_MACROPHAGE_ROSIGLITAZONE_AND_IL4_STIM_DN","GSE25088_WT_VS_STAT6_KO_MACROPHAGE_ROSIGLITAZONE_AND_IL4_STIM_DN","92/6767","196/21355",5.42128171803539e-06,9.58775831954724e-06,1.64170910217371e-06
"GSE36888_UNTREATED_VS_IL2_TREATED_STAT5_AB_KNOCKIN_TCELL_2H_DN","GSE36888_UNTREATED_VS_IL2_TREATED_STAT5_AB_KNOCKIN_TCELL_2H_DN","92/6767","196/21355",5.42128171803539e-06,9.58775831954724e-06,1.64170910217371e-06
"GSE45365_CD8A_DC_VS_CD11B_DC_IFNAR_KO_DN","GSE45365_CD8A_DC_VS_CD11B_DC_IFNAR_KO_DN","92/6767","196/21355",5.42128171803539e-06,9.58775831954724e-06,1.64170910217371e-06
"GSE9988_ANTI_TREM1_VS_ANTI_TREM1_AND_LPS_MONOCYTE_DN","GSE9988_ANTI_TREM1_VS_ANTI_TREM1_AND_LPS_MONOCYTE_DN","92/6767","196/21355",5.42128171803539e-06,9.58775831954724e-06,1.64170910217371e-06
"GSE17721_CTRL_VS_PAM3CSK4_2H_BMDC_UP","GSE17721_CTRL_VS_PAM3CSK4_2H_BMDC_UP","93/6767","199/21355",6.06170352994191e-06,1.06578717414308e-05,1.8249443159236e-06
"GSE17721_POLYIC_VS_PAM3CSK4_1H_BMDC_UP","GSE17721_POLYIC_VS_PAM3CSK4_1H_BMDC_UP","93/6767","199/21355",6.06170352994191e-06,1.06578717414308e-05,1.8249443159236e-06
"GSE19401_RETINOIC_ACID_VS_RETINOIC_ACID_AND_PAM2CSK4_STIM_FOLLICULAR_DC_DN","GSE19401_RETINOIC_ACID_VS_RETINOIC_ACID_AND_PAM2CSK4_STIM_FOLLICULAR_DC_DN","93/6767","199/21355",6.06170352994191e-06,1.06578717414308e-05,1.8249443159236e-06
"GSE19941_LPS_VS_LPS_AND_IL10_STIM_IL10_KO_NFKBP50_KO_MACROPHAGE_DN","GSE19941_LPS_VS_LPS_AND_IL10_STIM_IL10_KO_NFKBP50_KO_MACROPHAGE_DN","93/6767","199/21355",6.06170352994191e-06,1.06578717414308e-05,1.8249443159236e-06
"GSE22886_IGG_IGA_MEMORY_BCELL_VS_BLOOD_PLASMA_CELL_UP","GSE22886_IGG_IGA_MEMORY_BCELL_VS_BLOOD_PLASMA_CELL_UP","93/6767","199/21355",6.06170352994191e-06,1.06578717414308e-05,1.8249443159236e-06
"GSE23925_LIGHT_ZONE_VS_NAIVE_BCELL_UP","GSE23925_LIGHT_ZONE_VS_NAIVE_BCELL_UP","93/6767","199/21355",6.06170352994191e-06,1.06578717414308e-05,1.8249443159236e-06
"GSE2770_IL12_VS_TGFB_AND_IL12_TREATED_ACT_CD4_TCELL_48H_DN","GSE2770_IL12_VS_TGFB_AND_IL12_TREATED_ACT_CD4_TCELL_48H_DN","93/6767","199/21355",6.06170352994191e-06,1.06578717414308e-05,1.8249443159236e-06
"GSE27786_CD8_TCELL_VS_NEUTROPHIL_DN","GSE27786_CD8_TCELL_VS_NEUTROPHIL_DN","93/6767","199/21355",6.06170352994191e-06,1.06578717414308e-05,1.8249443159236e-06
"GSE27786_CD8_TCELL_VS_NKCELL_UP","GSE27786_CD8_TCELL_VS_NKCELL_UP","93/6767","199/21355",6.06170352994191e-06,1.06578717414308e-05,1.8249443159236e-06
"GSE33162_UNTREATED_VS_4H_LPS_STIM_HDAC3_HET_MACROPHAGE_DN","GSE33162_UNTREATED_VS_4H_LPS_STIM_HDAC3_HET_MACROPHAGE_DN","93/6767","199/21355",6.06170352994191e-06,1.06578717414308e-05,1.8249443159236e-06
"GSE360_L_DONOVANI_VS_B_MALAYI_HIGH_DOSE_DC_UP","GSE360_L_DONOVANI_VS_B_MALAYI_HIGH_DOSE_DC_UP","93/6767","199/21355",6.06170352994191e-06,1.06578717414308e-05,1.8249443159236e-06
"GSE360_L_MAJOR_VS_B_MALAYI_HIGH_DOSE_MAC_DN","GSE360_L_MAJOR_VS_B_MALAYI_HIGH_DOSE_MAC_DN","93/6767","199/21355",6.06170352994191e-06,1.06578717414308e-05,1.8249443159236e-06
"GSE41176_UNSTIM_VS_ANTI_IGM_STIM_BCELL_3H_UP","GSE41176_UNSTIM_VS_ANTI_IGM_STIM_BCELL_3H_UP","93/6767","199/21355",6.06170352994191e-06,1.06578717414308e-05,1.8249443159236e-06
"GSE42021_TCONV_PLN_VS_CD24INT_TCONV_THYMUS_UP","GSE42021_TCONV_PLN_VS_CD24INT_TCONV_THYMUS_UP","93/6767","199/21355",6.06170352994191e-06,1.06578717414308e-05,1.8249443159236e-06
"GSE45881_CXCR6HI_VS_CXCR1LO_COLONIC_LAMINA_PROPRIA_DN","GSE45881_CXCR6HI_VS_CXCR1LO_COLONIC_LAMINA_PROPRIA_DN","93/6767","199/21355",6.06170352994191e-06,1.06578717414308e-05,1.8249443159236e-06
"GSE8621_UNSTIM_VS_LPS_STIM_MACROPHAGE_UP","GSE8621_UNSTIM_VS_LPS_STIM_MACROPHAGE_UP","93/6767","199/21355",6.06170352994191e-06,1.06578717414308e-05,1.8249443159236e-06
"GSE8678_IL7R_LOW_VS_HIGH_EFF_CD8_TCELL_UP","GSE8678_IL7R_LOW_VS_HIGH_EFF_CD8_TCELL_UP","93/6767","199/21355",6.06170352994191e-06,1.06578717414308e-05,1.8249443159236e-06
"QI_PBMC_ZOSTAVAX_AGE_50_75YO_CORRELATED_WITH_T_CELL_RESPONSES_EXPANSION_AND_CONTRACTION_1D_NOT_INFORMATIVE_OF_LONG_TERM_RESPONSES_POSITIVE","QI_PBMC_ZOSTAVAX_AGE_50_75YO_CORRELATED_WITH_T_CELL_RESPONSES_EXPANSION_AND_CONTRACTION_1D_NOT_INFORMATIVE_OF_LONG_TERM_RESPONSES_POSITIVE","14/6767","16/21355",6.08184661471528e-06,1.06896220752983e-05,1.83038091646881e-06
"GSE18804_BRAIN_VS_COLON_TUMORAL_MACROPHAGE_DN","GSE18804_BRAIN_VS_COLON_TUMORAL_MACROPHAGE_DN","91/6767","194/21355",6.29061599696618e-06,1.10489853430783e-05,1.89191458555374e-06
"GSE25088_CTRL_VS_IL4_STIM_MACROPHAGE_UP","GSE25088_CTRL_VS_IL4_STIM_MACROPHAGE_UP","91/6767","194/21355",6.29061599696618e-06,1.10489853430783e-05,1.89191458555374e-06
"GSE21033_CTRL_VS_POLYIC_STIM_DC_24H_UP","GSE21033_CTRL_VS_POLYIC_STIM_DC_24H_UP","76/6767","156/21355",6.52520742427451e-06,1.14571022137861e-05,1.96179632005946e-06
"GSE12003_MIR223_KO_VS_WT_BM_PROGENITOR_8D_CULTURE_DN","GSE12003_MIR223_KO_VS_WT_BM_PROGENITOR_8D_CULTURE_DN","72/6767","146/21355",6.56061523846878e-06,1.15153284243853e-05,1.97176637737003e-06
"GSE6269_FLU_VS_STAPH_AUREUS_INF_PBMC_UP","GSE6269_FLU_VS_STAPH_AUREUS_INF_PBMC_UP","87/6767","184/21355",6.72380608981702e-06,1.17977254697097e-05,2.02012114229886e-06
"GSE10325_BCELL_VS_MYELOID_UP","GSE10325_BCELL_VS_MYELOID_UP","92/6767","197/21355",7.03016732478137e-06,1.23099958586592e-05,2.10783705380632e-06
"GSE11864_CSF1_VS_CSF1_PAM3CYS_IN_MAC_UP","GSE11864_CSF1_VS_CSF1_PAM3CYS_IN_MAC_UP","92/6767","197/21355",7.03016732478137e-06,1.23099958586592e-05,2.10783705380632e-06
"GSE1460_CORD_VS_ADULT_BLOOD_NAIVE_CD4_TCELL_UP","GSE1460_CORD_VS_ADULT_BLOOD_NAIVE_CD4_TCELL_UP","92/6767","197/21355",7.03016732478137e-06,1.23099958586592e-05,2.10783705380632e-06
"GSE24026_PD1_LIGATION_VS_CTRL_IN_ACT_TCELL_LINE_UP","GSE24026_PD1_LIGATION_VS_CTRL_IN_ACT_TCELL_LINE_UP","92/6767","197/21355",7.03016732478137e-06,1.23099958586592e-05,2.10783705380632e-06
"GSE3982_MAC_VS_BASOPHIL_DN","GSE3982_MAC_VS_BASOPHIL_DN","92/6767","197/21355",7.03016732478137e-06,1.23099958586592e-05,2.10783705380632e-06
"GSE45365_CD8A_DC_VS_CD11B_DC_DN","GSE45365_CD8A_DC_VS_CD11B_DC_DN","92/6767","197/21355",7.03016732478137e-06,1.23099958586592e-05,2.10783705380632e-06
"GSE4984_GALECTIN1_VS_LPS_STIM_DC_DN","GSE4984_GALECTIN1_VS_LPS_STIM_DC_DN","81/6767","169/21355",7.26743708277416e-06,1.2721116395829e-05,2.17823310525728e-06
"GSE1925_CTRL_VS_3H_IFNG_STIM_IFNG_PRIMED_MACROPHAGE_UP","GSE1925_CTRL_VS_3H_IFNG_STIM_IFNG_PRIMED_MACROPHAGE_UP","90/6767","192/21355",7.29910608510365e-06,1.27721900676882e-05,2.18697843541457e-06
"GSE10273_HIGH_IL7_VS_HIGH_IL7_AND_IRF4_IN_IRF4_8_NULL_PRE_BCELL_DN","GSE10273_HIGH_IL7_VS_HIGH_IL7_AND_IRF4_IN_IRF4_8_NULL_PRE_BCELL_DN","93/6767","200/21355",7.83103122556468e-06,1.34821011059336e-05,2.30853629851223e-06
"GSE11961_MARGINAL_ZONE_BCELL_VS_PLASMA_CELL_DAY7_UP","GSE11961_MARGINAL_ZONE_BCELL_VS_PLASMA_CELL_DAY7_UP","93/6767","200/21355",7.83103122556468e-06,1.34821011059336e-05,2.30853629851223e-06
"GSE12003_MIR223_KO_VS_WT_BM_PROGENITOR_4D_CULTURE_UP","GSE12003_MIR223_KO_VS_WT_BM_PROGENITOR_4D_CULTURE_UP","93/6767","200/21355",7.83103122556468e-06,1.34821011059336e-05,2.30853629851223e-06
"GSE13484_UNSTIM_VS_3H_YF17D_VACCINE_STIM_PBMC_DN","GSE13484_UNSTIM_VS_3H_YF17D_VACCINE_STIM_PBMC_DN","93/6767","200/21355",7.83103122556468e-06,1.34821011059336e-05,2.30853629851223e-06
"GSE13522_CTRL_VS_T_CRUZI_Y_STRAIN_INF_SKIN_IFNAR_KO_UP","GSE13522_CTRL_VS_T_CRUZI_Y_STRAIN_INF_SKIN_IFNAR_KO_UP","93/6767","200/21355",7.83103122556468e-06,1.34821011059336e-05,2.30853629851223e-06
"GSE14308_TH2_VS_INDUCED_TREG_DN","GSE14308_TH2_VS_INDUCED_TREG_DN","93/6767","200/21355",7.83103122556468e-06,1.34821011059336e-05,2.30853629851223e-06
"GSE14769_UNSTIM_VS_20MIN_LPS_BMDM_DN","GSE14769_UNSTIM_VS_20MIN_LPS_BMDM_DN","93/6767","200/21355",7.83103122556468e-06,1.34821011059336e-05,2.30853629851223e-06
"GSE15139_GMCSF_TREATED_VS_UNTREATED_NEUTROPHILS_UP","GSE15139_GMCSF_TREATED_VS_UNTREATED_NEUTROPHILS_UP","93/6767","200/21355",7.83103122556468e-06,1.34821011059336e-05,2.30853629851223e-06
"GSE16385_MONOCYTE_VS_12H_ROSIGLITAZONE_IL4_TREATED_MACROPHAGE_UP","GSE16385_MONOCYTE_VS_12H_ROSIGLITAZONE_IL4_TREATED_MACROPHAGE_UP","93/6767","200/21355",7.83103122556468e-06,1.34821011059336e-05,2.30853629851223e-06
"GSE17580_TREG_VS_TEFF_S_MANSONI_INF_UP","GSE17580_TREG_VS_TEFF_S_MANSONI_INF_UP","93/6767","200/21355",7.83103122556468e-06,1.34821011059336e-05,2.30853629851223e-06
"GSE17721_CTRL_VS_POLYIC_4H_BMDC_DN","GSE17721_CTRL_VS_POLYIC_4H_BMDC_DN","93/6767","200/21355",7.83103122556468e-06,1.34821011059336e-05,2.30853629851223e-06
"GSE17721_LPS_VS_CPG_4H_BMDC_UP","GSE17721_LPS_VS_CPG_4H_BMDC_UP","93/6767","200/21355",7.83103122556468e-06,1.34821011059336e-05,2.30853629851223e-06
"GSE17721_LPS_VS_GARDIQUIMOD_8H_BMDC_UP","GSE17721_LPS_VS_GARDIQUIMOD_8H_BMDC_UP","93/6767","200/21355",7.83103122556468e-06,1.34821011059336e-05,2.30853629851223e-06
"GSE17721_PAM3CSK4_VS_GADIQUIMOD_4H_BMDC_DN","GSE17721_PAM3CSK4_VS_GADIQUIMOD_4H_BMDC_DN","93/6767","200/21355",7.83103122556468e-06,1.34821011059336e-05,2.30853629851223e-06
"GSE18281_CORTICAL_THYMOCYTE_VS_WHOLE_CORTEX_THYMUS_DN","GSE18281_CORTICAL_THYMOCYTE_VS_WHOLE_CORTEX_THYMUS_DN","93/6767","200/21355",7.83103122556468e-06,1.34821011059336e-05,2.30853629851223e-06
"GSE1925_3H_VS_24H_IFNG_STIM_IFNG_PRIMED_MACROPHAGE_UP","GSE1925_3H_VS_24H_IFNG_STIM_IFNG_PRIMED_MACROPHAGE_UP","93/6767","200/21355",7.83103122556468e-06,1.34821011059336e-05,2.30853629851223e-06
"GSE20366_EX_VIVO_VS_HOMEOSTATIC_CONVERSION_TREG_UP","GSE20366_EX_VIVO_VS_HOMEOSTATIC_CONVERSION_TREG_UP","93/6767","200/21355",7.83103122556468e-06,1.34821011059336e-05,2.30853629851223e-06
"GSE20715_WT_VS_TLR4_KO_LUNG_UP","GSE20715_WT_VS_TLR4_KO_LUNG_UP","93/6767","200/21355",7.83103122556468e-06,1.34821011059336e-05,2.30853629851223e-06
"GSE2128_CTRL_VS_MIMETOPE_NEGATIVE_SELECTION_DP_THYMOCYTE_C57BL6_DN","GSE2128_CTRL_VS_MIMETOPE_NEGATIVE_SELECTION_DP_THYMOCYTE_C57BL6_DN","93/6767","200/21355",7.83103122556468e-06,1.34821011059336e-05,2.30853629851223e-06
"GSE21774_CD62L_POS_CD56_BRIGHT_VS_CD62L_NEG_CD56_DIM_NK_CELL_UP","GSE21774_CD62L_POS_CD56_BRIGHT_VS_CD62L_NEG_CD56_DIM_NK_CELL_UP","93/6767","200/21355",7.83103122556468e-06,1.34821011059336e-05,2.30853629851223e-06
"GSE22432_MULTIPOTENT_VS_COMMON_DC_PROGENITOR_DN","GSE22432_MULTIPOTENT_VS_COMMON_DC_PROGENITOR_DN","93/6767","200/21355",7.83103122556468e-06,1.34821011059336e-05,2.30853629851223e-06
"GSE22589_HIV_VS_HIV_AND_SIV_INFECTED_DC_DN","GSE22589_HIV_VS_HIV_AND_SIV_INFECTED_DC_DN","93/6767","200/21355",7.83103122556468e-06,1.34821011059336e-05,2.30853629851223e-06
"GSE23321_CENTRAL_VS_EFFECTOR_MEMORY_CD8_TCELL_UP","GSE23321_CENTRAL_VS_EFFECTOR_MEMORY_CD8_TCELL_UP","93/6767","200/21355",7.83103122556468e-06,1.34821011059336e-05,2.30853629851223e-06
"GSE24210_TCONV_VS_TREG_UP","GSE24210_TCONV_VS_TREG_UP","93/6767","200/21355",7.83103122556468e-06,1.34821011059336e-05,2.30853629851223e-06
"GSE27670_CTRL_VS_LMP1_TRANSDUCED_GC_BCELL_DN","GSE27670_CTRL_VS_LMP1_TRANSDUCED_GC_BCELL_DN","93/6767","200/21355",7.83103122556468e-06,1.34821011059336e-05,2.30853629851223e-06
"GSE27786_CD4_TCELL_VS_NKCELL_UP","GSE27786_CD4_TCELL_VS_NKCELL_UP","93/6767","200/21355",7.83103122556468e-06,1.34821011059336e-05,2.30853629851223e-06
"GSE27786_LSK_VS_MONO_MAC_UP","GSE27786_LSK_VS_MONO_MAC_UP","93/6767","200/21355",7.83103122556468e-06,1.34821011059336e-05,2.30853629851223e-06
"GSE29164_UNTREATED_VS_CD8_TCELL_AND_IL12_TREATED_MELANOMA_DAY7_DN","GSE29164_UNTREATED_VS_CD8_TCELL_AND_IL12_TREATED_MELANOMA_DAY7_DN","93/6767","200/21355",7.83103122556468e-06,1.34821011059336e-05,2.30853629851223e-06
"GSE339_CD4POS_VS_CD8POS_DC_IN_CULTURE_UP","GSE339_CD4POS_VS_CD8POS_DC_IN_CULTURE_UP","93/6767","200/21355",7.83103122556468e-06,1.34821011059336e-05,2.30853629851223e-06
"GSE339_CD8POS_VS_CD4CD8DN_DC_DN","GSE339_CD8POS_VS_CD4CD8DN_DC_DN","93/6767","200/21355",7.83103122556468e-06,1.34821011059336e-05,2.30853629851223e-06
"GSE36009_WT_VS_NLRP10_KO_DC_UP","GSE36009_WT_VS_NLRP10_KO_DC_UP","93/6767","200/21355",7.83103122556468e-06,1.34821011059336e-05,2.30853629851223e-06
"GSE369_SOCS3_KO_VS_WT_LIVER_POST_IL6_INJECTION_DN","GSE369_SOCS3_KO_VS_WT_LIVER_POST_IL6_INJECTION_DN","93/6767","200/21355",7.83103122556468e-06,1.34821011059336e-05,2.30853629851223e-06
"GSE38304_MYC_NEG_VS_POS_GC_BCELL_UP","GSE38304_MYC_NEG_VS_POS_GC_BCELL_UP","93/6767","200/21355",7.83103122556468e-06,1.34821011059336e-05,2.30853629851223e-06
"GSE39110_UNTREATED_VS_IL2_TREATED_CD8_TCELL_DAY3_POST_IMMUNIZATION_UP","GSE39110_UNTREATED_VS_IL2_TREATED_CD8_TCELL_DAY3_POST_IMMUNIZATION_UP","93/6767","200/21355",7.83103122556468e-06,1.34821011059336e-05,2.30853629851223e-06
"GSE3982_BCELL_VS_BASOPHIL_DN","GSE3982_BCELL_VS_BASOPHIL_DN","93/6767","200/21355",7.83103122556468e-06,1.34821011059336e-05,2.30853629851223e-06
"GSE3982_MAC_VS_BASOPHIL_UP","GSE3982_MAC_VS_BASOPHIL_UP","93/6767","200/21355",7.83103122556468e-06,1.34821011059336e-05,2.30853629851223e-06
"GSE40274_GATA1_VS_FOXP3_AND_GATA1_TRANSDUCED_ACTIVATED_CD4_TCELL_UP","GSE40274_GATA1_VS_FOXP3_AND_GATA1_TRANSDUCED_ACTIVATED_CD4_TCELL_UP","93/6767","200/21355",7.83103122556468e-06,1.34821011059336e-05,2.30853629851223e-06
"GSE40274_HELIOS_VS_FOXP3_AND_HELIOS_TRANSDUCED_ACTIVATED_CD4_TCELL_UP","GSE40274_HELIOS_VS_FOXP3_AND_HELIOS_TRANSDUCED_ACTIVATED_CD4_TCELL_UP","93/6767","200/21355",7.83103122556468e-06,1.34821011059336e-05,2.30853629851223e-06
"GSE40685_NAIVE_CD4_TCELL_VS_TREG_DN","GSE40685_NAIVE_CD4_TCELL_VS_TREG_DN","93/6767","200/21355",7.83103122556468e-06,1.34821011059336e-05,2.30853629851223e-06
"GSE42088_UNINF_VS_LEISHMANIA_INF_DC_2H_UP","GSE42088_UNINF_VS_LEISHMANIA_INF_DC_2H_UP","93/6767","200/21355",7.83103122556468e-06,1.34821011059336e-05,2.30853629851223e-06
"GSE44649_NAIVE_VS_ACTIVATED_CD8_TCELL_UP","GSE44649_NAIVE_VS_ACTIVATED_CD8_TCELL_UP","93/6767","200/21355",7.83103122556468e-06,1.34821011059336e-05,2.30853629851223e-06
"GSE4535_BM_DERIVED_DC_VS_FOLLICULAR_DC_UP","GSE4535_BM_DERIVED_DC_VS_FOLLICULAR_DC_UP","93/6767","200/21355",7.83103122556468e-06,1.34821011059336e-05,2.30853629851223e-06
"GSE45365_NK_CELL_VS_CD11B_DC_MCMV_INFECTION_UP","GSE45365_NK_CELL_VS_CD11B_DC_MCMV_INFECTION_UP","93/6767","200/21355",7.83103122556468e-06,1.34821011059336e-05,2.30853629851223e-06
"GSE5542_IFNG_VS_IFNA_AND_IFNG_TREATED_EPITHELIAL_CELLS_6H_UP","GSE5542_IFNG_VS_IFNA_AND_IFNG_TREATED_EPITHELIAL_CELLS_6H_UP","93/6767","200/21355",7.83103122556468e-06,1.34821011059336e-05,2.30853629851223e-06
"GSE5589_IL6_KO_VS_IL10_KO_LPS_AND_IL10_STIM_MACROPHAGE_45MIN_UP","GSE5589_IL6_KO_VS_IL10_KO_LPS_AND_IL10_STIM_MACROPHAGE_45MIN_UP","93/6767","200/21355",7.83103122556468e-06,1.34821011059336e-05,2.30853629851223e-06
"GSE6674_CPG_VS_PL2_3_STIM_BCELL_UP","GSE6674_CPG_VS_PL2_3_STIM_BCELL_UP","93/6767","200/21355",7.83103122556468e-06,1.34821011059336e-05,2.30853629851223e-06
"GSE6875_TCONV_VS_FOXP3_KO_TREG_DN","GSE6875_TCONV_VS_FOXP3_KO_TREG_DN","93/6767","200/21355",7.83103122556468e-06,1.34821011059336e-05,2.30853629851223e-06
"GSE7831_UNSTIM_VS_CPG_STIM_PDC_1H_DN","GSE7831_UNSTIM_VS_CPG_STIM_PDC_1H_DN","93/6767","200/21355",7.83103122556468e-06,1.34821011059336e-05,2.30853629851223e-06
"GSE6269_HEALTHY_VS_STAPH_AUREUS_INF_PBMC_DN","GSE6269_HEALTHY_VS_STAPH_AUREUS_INF_PBMC_DN","84/6767","177/21355",8.04348095952397e-06,1.38432114399058e-05,2.37036911723927e-06
"GSE11057_NAIVE_VS_MEMORY_CD4_TCELL_UP","GSE11057_NAIVE_VS_MEMORY_CD4_TCELL_UP","91/6767","195/21355",8.1530081490519e-06,1.40128973450181e-05,2.39942438601524e-06
"GSE11864_CSF1_IFNG_VS_CSF1_IFNG_PAM3CYS_IN_MAC_DN","GSE11864_CSF1_IFNG_VS_CSF1_IFNG_PAM3CYS_IN_MAC_DN","91/6767","195/21355",8.1530081490519e-06,1.40128973450181e-05,2.39942438601524e-06
"GSE25088_CTRL_VS_IL4_AND_ROSIGLITAZONE_STIM_MACROPHAGE_DN","GSE25088_CTRL_VS_IL4_AND_ROSIGLITAZONE_STIM_MACROPHAGE_DN","91/6767","195/21355",8.1530081490519e-06,1.40128973450181e-05,2.39942438601524e-06
"GSE45365_WT_VS_IFNAR_KO_CD11B_DC_UP","GSE45365_WT_VS_IFNAR_KO_CD11B_DC_UP","91/6767","195/21355",8.1530081490519e-06,1.40128973450181e-05,2.39942438601524e-06
"GSE27241_WT_CTRL_VS_DIGOXIN_TREATED_RORGT_KO_CD4_TCELL_IN_TH17_POLARIZING_CONDITIONS_UP","GSE27241_WT_CTRL_VS_DIGOXIN_TREATED_RORGT_KO_CD4_TCELL_IN_TH17_POLARIZING_CONDITIONS_UP","82/6767","172/21355",8.25914275531908e-06,1.41905579445446e-05,2.42984515942434e-06
"NAKAYA_PBMC_FLUARIX_FLUVIRIN_AGE_18_50YO_CORRELATED_WITH_HAI_28DY_RESPONSE_AT_7DY_POSITIVE","NAKAYA_PBMC_FLUARIX_FLUVIRIN_AGE_18_50YO_CORRELATED_WITH_HAI_28DY_RESPONSE_AT_7DY_POSITIVE","78/6767","162/21355",8.61715150703666e-06,1.48007155030409e-05,2.53432226284707e-06
"GSE12366_GC_VS_NAIVE_BCELL_UP","GSE12366_GC_VS_NAIVE_BCELL_UP","92/6767","198/21355",9.07693922147822e-06,1.55591666293945e-05,2.66419163128432e-06
"GSE18804_SPLEEN_MACROPHAGE_VS_TUMORAL_MACROPHAGE_DN","GSE18804_SPLEEN_MACROPHAGE_VS_TUMORAL_MACROPHAGE_DN","92/6767","198/21355",9.07693922147822e-06,1.55591666293945e-05,2.66419163128432e-06
"GSE22886_CD8_TCELL_VS_BCELL_NAIVE_UP","GSE22886_CD8_TCELL_VS_BCELL_NAIVE_UP","92/6767","198/21355",9.07693922147822e-06,1.55591666293945e-05,2.66419163128432e-06
"GSE2585_THYMIC_DC_VS_THYMIC_MACROPHAGE_DN","GSE2585_THYMIC_DC_VS_THYMIC_MACROPHAGE_DN","92/6767","198/21355",9.07693922147822e-06,1.55591666293945e-05,2.66419163128432e-06
"GSE28737_WT_VS_BCL6_KO_MARGINAL_ZONE_BCELL_DN","GSE28737_WT_VS_BCL6_KO_MARGINAL_ZONE_BCELL_DN","92/6767","198/21355",9.07693922147822e-06,1.55591666293945e-05,2.66419163128432e-06
"GSE5455_HEALTHY_VS_TUMOR_BEARING_MOUSE_SPLEEN_MONOCYTE_24H_INCUBATION_DN","GSE5455_HEALTHY_VS_TUMOR_BEARING_MOUSE_SPLEEN_MONOCYTE_24H_INCUBATION_DN","92/6767","198/21355",9.07693922147822e-06,1.55591666293945e-05,2.66419163128432e-06
"GSE46242_TH1_VS_ANERGIC_TH1_CD4_TCELL_WITH_EGR2_DELETED_DN","GSE46242_TH1_VS_ANERGIC_TH1_CD4_TCELL_WITH_EGR2_DELETED_DN","90/6767","193/21355",9.45476956487658e-06,1.62014049328617e-05,2.77416191145056e-06
"GSE6259_33D1_POS_DC_VS_CD8_TCELL_DN","GSE6259_33D1_POS_DC_VS_CD8_TCELL_DN","67/6767","135/21355",1.03201283506504e-05,1.76783488318693e-05,3.02705859090244e-06
"GSE21927_SPLEEN_MONOCYTE_VS_GMCSF_GCSF_BONE_MARROW_DN","GSE21927_SPLEEN_MONOCYTE_VS_GMCSF_GCSF_BONE_MARROW_DN","91/6767","196/21355",1.05205043892664e-05,1.80095579311416e-05,3.08377142980343e-06
"GSE2770_TGFB_AND_IL4_ACT_VS_ACT_CD4_TCELL_2H_UP","GSE2770_TGFB_AND_IL4_ACT_VS_ACT_CD4_TCELL_2H_UP","91/6767","196/21355",1.05205043892664e-05,1.80095579311416e-05,3.08377142980343e-06
"GSE4984_UNTREATED_VS_VEHICLE_CTRL_TREATED_DC_DN","GSE4984_UNTREATED_VS_VEHICLE_CTRL_TREATED_DC_DN","82/6767","173/21355",1.08594211835286e-05,1.85835288411051e-05,3.18205230379553e-06
"GSE11961_MEMORY_BCELL_DAY7_VS_MEMORY_BCELL_DAY40_UP","GSE11961_MEMORY_BCELL_DAY7_VS_MEMORY_BCELL_DAY40_UP","92/6767","199/21355",1.1669478320743e-05,1.98636837152887e-05,3.40125285507084e-06
"GSE1460_CD4_THYMOCYTE_VS_THYMIC_STROMAL_CELL_DN","GSE1460_CD4_THYMOCYTE_VS_THYMIC_STROMAL_CELL_DN","92/6767","199/21355",1.1669478320743e-05,1.98636837152887e-05,3.40125285507084e-06
"GSE1460_INTRATHYMIC_T_PROGENITOR_VS_CD4_THYMOCYTE_DN","GSE1460_INTRATHYMIC_T_PROGENITOR_VS_CD4_THYMOCYTE_DN","92/6767","199/21355",1.1669478320743e-05,1.98636837152887e-05,3.40125285507084e-06
"GSE17721_CPG_VS_GARDIQUIMOD_8H_BMDC_UP","GSE17721_CPG_VS_GARDIQUIMOD_8H_BMDC_UP","92/6767","199/21355",1.1669478320743e-05,1.98636837152887e-05,3.40125285507084e-06
"GSE17721_LPS_VS_GARDIQUIMOD_12H_BMDC_UP","GSE17721_LPS_VS_GARDIQUIMOD_12H_BMDC_UP","92/6767","199/21355",1.1669478320743e-05,1.98636837152887e-05,3.40125285507084e-06
"GSE18281_CORTICAL_VS_MEDULLARY_THYMOCYTE_UP","GSE18281_CORTICAL_VS_MEDULLARY_THYMOCYTE_UP","92/6767","199/21355",1.1669478320743e-05,1.98636837152887e-05,3.40125285507084e-06
"GSE21670_TGFB_VS_IL6_TREATED_STAT3_KO_CD4_TCELL_UP","GSE21670_TGFB_VS_IL6_TREATED_STAT3_KO_CD4_TCELL_UP","92/6767","199/21355",1.1669478320743e-05,1.98636837152887e-05,3.40125285507084e-06
"GSE22033_WT_VS_PPARG_KO_MEF_DN","GSE22033_WT_VS_PPARG_KO_MEF_DN","92/6767","199/21355",1.1669478320743e-05,1.98636837152887e-05,3.40125285507084e-06
"GSE23114_WT_VS_SLE2C1_MOUSE_SPLEEN_B1A_BCELL_DN","GSE23114_WT_VS_SLE2C1_MOUSE_SPLEEN_B1A_BCELL_DN","92/6767","199/21355",1.1669478320743e-05,1.98636837152887e-05,3.40125285507084e-06
"GSE24142_DN2_VS_DN3_THYMOCYTE_FETAL_DN","GSE24142_DN2_VS_DN3_THYMOCYTE_FETAL_DN","92/6767","199/21355",1.1669478320743e-05,1.98636837152887e-05,3.40125285507084e-06
"GSE2770_IL12_VS_IL4_TREATED_ACT_CD4_TCELL_48H_DN","GSE2770_IL12_VS_IL4_TREATED_ACT_CD4_TCELL_48H_DN","92/6767","199/21355",1.1669478320743e-05,1.98636837152887e-05,3.40125285507084e-06
"GSE32986_UNSTIM_VS_GMCSF_AND_CURDLAN_HIGHDOSE_STIM_DC_DN","GSE32986_UNSTIM_VS_GMCSF_AND_CURDLAN_HIGHDOSE_STIM_DC_DN","92/6767","199/21355",1.1669478320743e-05,1.98636837152887e-05,3.40125285507084e-06
"GSE360_CTRL_VS_T_GONDII_DC_UP","GSE360_CTRL_VS_T_GONDII_DC_UP","92/6767","199/21355",1.1669478320743e-05,1.98636837152887e-05,3.40125285507084e-06
"GSE36888_UNTREATED_VS_IL2_TREATED_TCELL_2H_DN","GSE36888_UNTREATED_VS_IL2_TREATED_TCELL_2H_DN","92/6767","199/21355",1.1669478320743e-05,1.98636837152887e-05,3.40125285507084e-06
"GSE4142_NAIVE_BCELL_VS_PLASMA_CELL_UP","GSE4142_NAIVE_BCELL_VS_PLASMA_CELL_UP","92/6767","199/21355",1.1669478320743e-05,1.98636837152887e-05,3.40125285507084e-06
"GSE43955_10H_VS_60H_ACT_CD4_TCELL_UP","GSE43955_10H_VS_60H_ACT_CD4_TCELL_UP","92/6767","199/21355",1.1669478320743e-05,1.98636837152887e-05,3.40125285507084e-06
"GSE26030_UNSTIM_VS_RESTIM_TH17_DAY5_POST_POLARIZATION_UP","GSE26030_UNSTIM_VS_RESTIM_TH17_DAY5_POST_POLARIZATION_UP","85/6767","181/21355",1.18246219886247e-05,2.01210875989641e-05,3.44532804811187e-06
"GSE29617_CTRL_VS_DAY7_TIV_FLU_VACCINE_PBMC_2008_DN","GSE29617_CTRL_VS_DAY7_TIV_FLU_VACCINE_PBMC_2008_DN","90/6767","194/21355",1.21929793832608e-05,2.07410103841998e-05,3.55147724850331e-06
"GSE6259_FLT3L_INDUCED_33D1_POS_DC_VS_CD4_TCELL_UP","GSE6259_FLT3L_INDUCED_33D1_POS_DC_VS_CD4_TCELL_UP","81/6767","171/21355",1.26178117834283e-05,2.14494433069087e-05,3.67278201430238e-06
"GSE6269_HEALTHY_VS_STAPH_AUREUS_INF_PBMC_UP","GSE6269_HEALTHY_VS_STAPH_AUREUS_INF_PBMC_UP","81/6767","171/21355",1.26178117834283e-05,2.14494433069087e-05,3.67278201430238e-06
"GSE2706_R848_VS_R848_AND_LPS_8H_STIM_DC_UP","GSE2706_R848_VS_R848_AND_LPS_8H_STIM_DC_UP","88/6767","189/21355",1.27132917651865e-05,2.16045896188634e-05,3.69934767271968e-06
"GSE15330_LYMPHOID_MULTIPOTENT_VS_MEGAKARYOCYTE_ERYTHROID_PROGENITOR_IKAROS_KO_UP","GSE15330_LYMPHOID_MULTIPOTENT_VS_MEGAKARYOCYTE_ERYTHROID_PROGENITOR_IKAROS_KO_UP","79/6767","166/21355",1.2974489974482e-05,2.20411564278229e-05,3.77410088197761e-06
"GSE11864_UNTREATED_VS_CSF1_IN_MAC_DN","GSE11864_UNTREATED_VS_CSF1_IN_MAC_DN","91/6767","197/21355",1.35169258314187e-05,2.29019427421294e-05,3.92149307524373e-06
"GSE1460_INTRATHYMIC_T_PROGENITOR_VS_DP_THYMOCYTE_DN","GSE1460_INTRATHYMIC_T_PROGENITOR_VS_DP_THYMOCYTE_DN","91/6767","197/21355",1.35169258314187e-05,2.29019427421294e-05,3.92149307524373e-06
"GSE21670_STAT3_KO_VS_WT_CD4_TCELL_UP","GSE21670_STAT3_KO_VS_WT_CD4_TCELL_UP","91/6767","197/21355",1.35169258314187e-05,2.29019427421294e-05,3.92149307524373e-06
"GSE3982_DC_VS_BCELL_DN","GSE3982_DC_VS_BCELL_DN","91/6767","197/21355",1.35169258314187e-05,2.29019427421294e-05,3.92149307524373e-06
"GSE3982_MAST_CELL_VS_BASOPHIL_UP","GSE3982_MAST_CELL_VS_BASOPHIL_UP","91/6767","197/21355",1.35169258314187e-05,2.29019427421294e-05,3.92149307524373e-06
"GSE42724_MEMORY_VS_B1_BCELL_DN","GSE42724_MEMORY_VS_B1_BCELL_DN","91/6767","197/21355",1.35169258314187e-05,2.29019427421294e-05,3.92149307524373e-06
"GSE5455_HEALTHY_VS_TUMOR_BEARING_MOUSE_SPLEEN_MONOCYTE_UP","GSE5455_HEALTHY_VS_TUMOR_BEARING_MOUSE_SPLEEN_MONOCYTE_UP","91/6767","197/21355",1.35169258314187e-05,2.29019427421294e-05,3.92149307524373e-06
"GSE8515_CTRL_VS_IL1_4H_STIM_MAC_DN","GSE8515_CTRL_VS_IL1_4H_STIM_MAC_DN","91/6767","197/21355",1.35169258314187e-05,2.29019427421294e-05,3.92149307524373e-06
"GSE11864_CSF1_VS_CSF1_PAM3CYS_IN_MAC_DN","GSE11864_CSF1_VS_CSF1_PAM3CYS_IN_MAC_DN","89/6767","192/21355",1.41305385832225e-05,2.39336872534462e-05,4.09815839146194e-06
"GSE32901_NAIVE_VS_TH1_CD4_TCELL_DN","GSE32901_NAIVE_VS_TH1_CD4_TCELL_DN","80/6767","169/21355",1.46608391500006e-05,2.48154910274193e-05,4.24914939830777e-06
"GSE35825_UNTREATED_VS_IFNA_STIM_MACROPHAGE_DN","GSE35825_UNTREATED_VS_IFNA_STIM_MACROPHAGE_DN","80/6767","169/21355",1.46608391500006e-05,2.48154910274193e-05,4.24914939830777e-06
"GSE11864_UNTREATED_VS_CSF1_IFNG_IN_MAC_DN","GSE11864_UNTREATED_VS_CSF1_IFNG_IN_MAC_DN","92/6767","200/21355",1.4939266587006e-05,2.49247054316889e-05,4.2678501493699e-06
"GSE11961_MEMORY_BCELL_DAY7_VS_GERMINAL_CENTER_BCELL_DAY7_UP","GSE11961_MEMORY_BCELL_DAY7_VS_GERMINAL_CENTER_BCELL_DAY7_UP","92/6767","200/21355",1.4939266587006e-05,2.49247054316889e-05,4.2678501493699e-06
"GSE11961_MEMORY_BCELL_DAY7_VS_MEMORY_BCELL_DAY40_DN","GSE11961_MEMORY_BCELL_DAY7_VS_MEMORY_BCELL_DAY40_DN","92/6767","200/21355",1.4939266587006e-05,2.49247054316889e-05,4.2678501493699e-06
"GSE12198_CTRL_VS_LOW_IL2_STIM_NK_CELL_UP","GSE12198_CTRL_VS_LOW_IL2_STIM_NK_CELL_UP","92/6767","200/21355",1.4939266587006e-05,2.49247054316889e-05,4.2678501493699e-06
"GSE13306_RA_VS_UNTREATED_TREG_UP","GSE13306_RA_VS_UNTREATED_TREG_UP","92/6767","200/21355",1.4939266587006e-05,2.49247054316889e-05,4.2678501493699e-06
"GSE1432_1H_VS_6H_IFNG_MICROGLIA_DN","GSE1432_1H_VS_6H_IFNG_MICROGLIA_DN","92/6767","200/21355",1.4939266587006e-05,2.49247054316889e-05,4.2678501493699e-06
"GSE1460_INTRATHYMIC_T_PROGENITOR_VS_THYMIC_STROMAL_CELL_DN","GSE1460_INTRATHYMIC_T_PROGENITOR_VS_THYMIC_STROMAL_CELL_DN","92/6767","200/21355",1.4939266587006e-05,2.49247054316889e-05,4.2678501493699e-06
"GSE15330_LYMPHOID_MULTIPOTENT_VS_GRANULOCYTE_MONOCYTE_PROGENITOR_IKAROS_KO_DN","GSE15330_LYMPHOID_MULTIPOTENT_VS_GRANULOCYTE_MONOCYTE_PROGENITOR_IKAROS_KO_DN","92/6767","200/21355",1.4939266587006e-05,2.49247054316889e-05,4.2678501493699e-06
"GSE16451_CTRL_VS_WEST_EQUINE_ENC_VIRUS_MATURE_NEURON_CELL_LINE_DN","GSE16451_CTRL_VS_WEST_EQUINE_ENC_VIRUS_MATURE_NEURON_CELL_LINE_DN","92/6767","200/21355",1.4939266587006e-05,2.49247054316889e-05,4.2678501493699e-06
"GSE17580_TREG_VS_TEFF_DN","GSE17580_TREG_VS_TEFF_DN","92/6767","200/21355",1.4939266587006e-05,2.49247054316889e-05,4.2678501493699e-06
"GSE17580_TREG_VS_TEFF_S_MANSONI_INF_DN","GSE17580_TREG_VS_TEFF_S_MANSONI_INF_DN","92/6767","200/21355",1.4939266587006e-05,2.49247054316889e-05,4.2678501493699e-06
"GSE17721_4_VS_24H_GARDIQUIMOD_BMDC_UP","GSE17721_4_VS_24H_GARDIQUIMOD_BMDC_UP","92/6767","200/21355",1.4939266587006e-05,2.49247054316889e-05,4.2678501493699e-06
"GSE17721_CTRL_VS_GARDIQUIMOD_1H_BMDC_DN","GSE17721_CTRL_VS_GARDIQUIMOD_1H_BMDC_DN","92/6767","200/21355",1.4939266587006e-05,2.49247054316889e-05,4.2678501493699e-06
"GSE17721_CTRL_VS_GARDIQUIMOD_1H_BMDC_UP","GSE17721_CTRL_VS_GARDIQUIMOD_1H_BMDC_UP","92/6767","200/21355",1.4939266587006e-05,2.49247054316889e-05,4.2678501493699e-06
"GSE17721_LPS_VS_CPG_16H_BMDC_DN","GSE17721_LPS_VS_CPG_16H_BMDC_DN","92/6767","200/21355",1.4939266587006e-05,2.49247054316889e-05,4.2678501493699e-06
"GSE17721_LPS_VS_POLYIC_4H_BMDC_UP","GSE17721_LPS_VS_POLYIC_4H_BMDC_UP","92/6767","200/21355",1.4939266587006e-05,2.49247054316889e-05,4.2678501493699e-06
"GSE17721_POLYIC_VS_CPG_1H_BMDC_DN","GSE17721_POLYIC_VS_CPG_1H_BMDC_DN","92/6767","200/21355",1.4939266587006e-05,2.49247054316889e-05,4.2678501493699e-06
"GSE19772_CTRL_VS_HCMV_INF_MONOCYTES_AND_PI3K_INHIBITION_DN","GSE19772_CTRL_VS_HCMV_INF_MONOCYTES_AND_PI3K_INHIBITION_DN","92/6767","200/21355",1.4939266587006e-05,2.49247054316889e-05,4.2678501493699e-06
"GSE20715_0H_VS_6H_OZONE_LUNG_DN","GSE20715_0H_VS_6H_OZONE_LUNG_DN","92/6767","200/21355",1.4939266587006e-05,2.49247054316889e-05,4.2678501493699e-06
"GSE21546_WT_VS_SAP1A_KO_ANTI_CD3_STIM_DP_THYMOCYTES_DN","GSE21546_WT_VS_SAP1A_KO_ANTI_CD3_STIM_DP_THYMOCYTES_DN","92/6767","200/21355",1.4939266587006e-05,2.49247054316889e-05,4.2678501493699e-06
"GSE2197_CPG_DNA_VS_UNTREATED_IN_DC_DN","GSE2197_CPG_DNA_VS_UNTREATED_IN_DC_DN","92/6767","200/21355",1.4939266587006e-05,2.49247054316889e-05,4.2678501493699e-06
"GSE22886_NAIVE_BCELL_VS_BLOOD_PLASMA_CELL_UP","GSE22886_NAIVE_BCELL_VS_BLOOD_PLASMA_CELL_UP","92/6767","200/21355",1.4939266587006e-05,2.49247054316889e-05,4.2678501493699e-06
"GSE22886_NAIVE_CD4_TCELL_VS_48H_ACT_TH2_UP","GSE22886_NAIVE_CD4_TCELL_VS_48H_ACT_TH2_UP","92/6767","200/21355",1.4939266587006e-05,2.49247054316889e-05,4.2678501493699e-06
"GSE22935_WT_VS_MYD88_KO_MACROPHAGE_12H_MBOVIS_BCG_STIM_DN","GSE22935_WT_VS_MYD88_KO_MACROPHAGE_12H_MBOVIS_BCG_STIM_DN","92/6767","200/21355",1.4939266587006e-05,2.49247054316889e-05,4.2678501493699e-06
"GSE23925_LIGHT_ZONE_VS_NAIVE_BCELL_DN","GSE23925_LIGHT_ZONE_VS_NAIVE_BCELL_DN","92/6767","200/21355",1.4939266587006e-05,2.49247054316889e-05,4.2678501493699e-06
"GSE25088_CTRL_VS_IL4_STIM_MACROPHAGE_DN","GSE25088_CTRL_VS_IL4_STIM_MACROPHAGE_DN","92/6767","200/21355",1.4939266587006e-05,2.49247054316889e-05,4.2678501493699e-06
"GSE25123_ROSIGLITAZONE_VS_IL4_AND_ROSIGLITAZONE_STIM_PPARG_KO_MACROPHAGE_DAY10_DN","GSE25123_ROSIGLITAZONE_VS_IL4_AND_ROSIGLITAZONE_STIM_PPARG_KO_MACROPHAGE_DAY10_DN","92/6767","200/21355",1.4939266587006e-05,2.49247054316889e-05,4.2678501493699e-06
"GSE3039_CD4_TCELL_VS_NKT_CELL_UP","GSE3039_CD4_TCELL_VS_NKT_CELL_UP","92/6767","200/21355",1.4939266587006e-05,2.49247054316889e-05,4.2678501493699e-06
"GSE3039_NKT_CELL_VS_B2_BCELL_UP","GSE3039_NKT_CELL_VS_B2_BCELL_UP","92/6767","200/21355",1.4939266587006e-05,2.49247054316889e-05,4.2678501493699e-06
"GSE30962_PRIMARY_VS_SECONDARY_CHRONIC_LCMV_INF_CD8_TCELL_DN","GSE30962_PRIMARY_VS_SECONDARY_CHRONIC_LCMV_INF_CD8_TCELL_DN","92/6767","200/21355",1.4939266587006e-05,2.49247054316889e-05,4.2678501493699e-06
"GSE30971_CTRL_VS_LPS_STIM_MACROPHAGE_WBP7_HET_4H_UP","GSE30971_CTRL_VS_LPS_STIM_MACROPHAGE_WBP7_HET_4H_UP","92/6767","200/21355",1.4939266587006e-05,2.49247054316889e-05,4.2678501493699e-06
"GSE32034_LY6C_HIGH_VS_LOW_ROSIGLIZATONE_TREATED_MONOCYTE_UP","GSE32034_LY6C_HIGH_VS_LOW_ROSIGLIZATONE_TREATED_MONOCYTE_UP","92/6767","200/21355",1.4939266587006e-05,2.49247054316889e-05,4.2678501493699e-06
"GSE339_CD4POS_VS_CD4CD8DN_DC_UP","GSE339_CD4POS_VS_CD4CD8DN_DC_UP","92/6767","200/21355",1.4939266587006e-05,2.49247054316889e-05,4.2678501493699e-06
"GSE36078_WT_VS_IL1R_KO_LUNG_DC_AFTER_AD5_T425A_HEXON_INF_UP","GSE36078_WT_VS_IL1R_KO_LUNG_DC_AFTER_AD5_T425A_HEXON_INF_UP","92/6767","200/21355",1.4939266587006e-05,2.49247054316889e-05,4.2678501493699e-06
"GSE3720_VD1_VS_VD2_GAMMADELTA_TCELL_WITH_LPS_STIM_UP","GSE3720_VD1_VS_VD2_GAMMADELTA_TCELL_WITH_LPS_STIM_UP","92/6767","200/21355",1.4939266587006e-05,2.49247054316889e-05,4.2678501493699e-06
"GSE37301_RAG2_KO_VS_RAG2_AND_ETS1_KO_NK_CELL_DN","GSE37301_RAG2_KO_VS_RAG2_AND_ETS1_KO_NK_CELL_DN","92/6767","200/21355",1.4939266587006e-05,2.49247054316889e-05,4.2678501493699e-06
"GSE3982_NEUTROPHIL_VS_BASOPHIL_DN","GSE3982_NEUTROPHIL_VS_BASOPHIL_DN","92/6767","200/21355",1.4939266587006e-05,2.49247054316889e-05,4.2678501493699e-06
"GSE40685_NAIVE_CD4_TCELL_VS_FOXP3_KO_TREG_PRECURSOR_UP","GSE40685_NAIVE_CD4_TCELL_VS_FOXP3_KO_TREG_PRECURSOR_UP","92/6767","200/21355",1.4939266587006e-05,2.49247054316889e-05,4.2678501493699e-06
"GSE41867_DAY6_VS_DAY8_LCMV_ARMSTRONG_EFFECTOR_CD8_TCELL_UP","GSE41867_DAY6_VS_DAY8_LCMV_ARMSTRONG_EFFECTOR_CD8_TCELL_UP","92/6767","200/21355",1.4939266587006e-05,2.49247054316889e-05,4.2678501493699e-06
"GSE46606_IRF4_KO_VS_WT_UNSTIM_BCELL_DN","GSE46606_IRF4_KO_VS_WT_UNSTIM_BCELL_DN","92/6767","200/21355",1.4939266587006e-05,2.49247054316889e-05,4.2678501493699e-06
"GSE5589_LPS_VS_LPS_AND_IL10_STIM_IL10_KO_MACROPHAGE_45MIN_DN","GSE5589_LPS_VS_LPS_AND_IL10_STIM_IL10_KO_MACROPHAGE_45MIN_DN","92/6767","200/21355",1.4939266587006e-05,2.49247054316889e-05,4.2678501493699e-06
"GSE5589_LPS_VS_LPS_AND_IL10_STIM_MACROPHAGE_45MIN_UP","GSE5589_LPS_VS_LPS_AND_IL10_STIM_MACROPHAGE_45MIN_UP","92/6767","200/21355",1.4939266587006e-05,2.49247054316889e-05,4.2678501493699e-06
"GSE7764_NKCELL_VS_SPLENOCYTE_UP","GSE7764_NKCELL_VS_SPLENOCYTE_UP","92/6767","200/21355",1.4939266587006e-05,2.49247054316889e-05,4.2678501493699e-06
"GSE7852_TREG_VS_TCONV_THYMUS_UP","GSE7852_TREG_VS_TCONV_THYMUS_UP","92/6767","200/21355",1.4939266587006e-05,2.49247054316889e-05,4.2678501493699e-06
"GSE40274_CTRL_VS_FOXP3_AND_PBX1_TRANSDUCED_ACTIVATED_CD4_TCELL_DN","GSE40274_CTRL_VS_FOXP3_AND_PBX1_TRANSDUCED_ACTIVATED_CD4_TCELL_DN","78/6767","164/21355",1.50827142593359e-05,2.51558477578448e-05,4.3074285834627e-06
"GSE17974_IL4_AND_ANTI_IL12_VS_UNTREATED_72H_ACT_CD4_TCELL_DN","GSE17974_IL4_AND_ANTI_IL12_VS_UNTREATED_72H_ACT_CD4_TCELL_DN","90/6767","195/21355",1.56558118697256e-05,2.60947163381285e-05,4.46819078069645e-06
"GSE45365_CTRL_VS_MCMV_INFECTION_NK_CELL_DN","GSE45365_CTRL_VS_MCMV_INFECTION_NK_CELL_DN","90/6767","195/21355",1.56558118697256e-05,2.60947163381285e-05,4.46819078069645e-06
"ERWIN_COHEN_PBMC_TC_83_AGE_18_45YO_NON_RESPONDERS_PREVIOUSLY_IMMUNIZED_24HR_DEG_CANONICAL_PATHWAY_MEMBERS_DN","ERWIN_COHEN_PBMC_TC_83_AGE_18_45YO_NON_RESPONDERS_PREVIOUSLY_IMMUNIZED_24HR_DEG_CANONICAL_PATHWAY_MEMBERS_DN","13/6767","15/21355",1.68881300620357e-05,2.81395654299828e-05,4.81832970314141e-06
"GSE3920_IFNA_VS_IFNG_TREATED_ENDOTHELIAL_CELL_DN","GSE3920_IFNA_VS_IFNG_TREATED_ENDOTHELIAL_CELL_DN","79/6767","167/21355",1.70345655357728e-05,2.83743396692356e-05,4.85853002867019e-06
"GSE11864_UNTREATED_VS_CSF1_PAM3CYS_IN_MAC_DN","GSE11864_UNTREATED_VS_CSF1_PAM3CYS_IN_MAC_DN","91/6767","198/21355",1.72929892099662e-05,2.87022193847513e-05,4.91467277814718e-06
"GSE11864_UNTREATED_VS_CSF1_PAM3CYS_IN_MAC_UP","GSE11864_UNTREATED_VS_CSF1_PAM3CYS_IN_MAC_UP","91/6767","198/21355",1.72929892099662e-05,2.87022193847513e-05,4.91467277814718e-06
"GSE14000_UNSTIM_VS_4H_LPS_DC_DN","GSE14000_UNSTIM_VS_4H_LPS_DC_DN","91/6767","198/21355",1.72929892099662e-05,2.87022193847513e-05,4.91467277814718e-06
"GSE22611_UNSTIM_VS_6H_MDP_STIM_MUTANT_NOD2_TRANSDUCED_HEK293T_CELL_UP","GSE22611_UNSTIM_VS_6H_MDP_STIM_MUTANT_NOD2_TRANSDUCED_HEK293T_CELL_UP","91/6767","198/21355",1.72929892099662e-05,2.87022193847513e-05,4.91467277814718e-06
"GSE22611_UNSTIM_VS_6H_MDP_STIM_NOD2_TRANSDUCED_HEK293T_CELL_DN","GSE22611_UNSTIM_VS_6H_MDP_STIM_NOD2_TRANSDUCED_HEK293T_CELL_DN","91/6767","198/21355",1.72929892099662e-05,2.87022193847513e-05,4.91467277814718e-06
"GSE24634_NAIVE_CD4_TCELL_VS_DAY3_IL4_CONV_TREG_UP","GSE24634_NAIVE_CD4_TCELL_VS_DAY3_IL4_CONV_TREG_UP","91/6767","198/21355",1.72929892099662e-05,2.87022193847513e-05,4.91467277814718e-06
"GSE27786_BCELL_VS_CD4_TCELL_DN","GSE27786_BCELL_VS_CD4_TCELL_DN","91/6767","198/21355",1.72929892099662e-05,2.87022193847513e-05,4.91467277814718e-06
"GSE27786_LSK_VS_NKTCELL_DN","GSE27786_LSK_VS_NKTCELL_DN","91/6767","198/21355",1.72929892099662e-05,2.87022193847513e-05,4.91467277814718e-06
"GSE34205_HEALTHY_VS_FLU_INF_INFANT_PBMC_UP","GSE34205_HEALTHY_VS_FLU_INF_INFANT_PBMC_UP","91/6767","198/21355",1.72929892099662e-05,2.87022193847513e-05,4.91467277814718e-06
"GSE3982_CTRL_VS_LPS_1H_NEUTROPHIL_UP","GSE3982_CTRL_VS_LPS_1H_NEUTROPHIL_UP","91/6767","198/21355",1.72929892099662e-05,2.87022193847513e-05,4.91467277814718e-06
"GSE44649_WT_VS_MIR155_KO_NAIVE_CD8_TCELL_UP","GSE44649_WT_VS_MIR155_KO_NAIVE_CD8_TCELL_UP","91/6767","198/21355",1.72929892099662e-05,2.87022193847513e-05,4.91467277814718e-06
"GSE13547_CTRL_VS_ANTI_IGM_STIM_ZFX_KO_BCELL_12H_DN","GSE13547_CTRL_VS_ANTI_IGM_STIM_ZFX_KO_BCELL_12H_DN","77/6767","162/21355",1.75335988424306e-05,2.90921557492367e-05,4.98144146979632e-06
"GSE10422_WT_VS_BAFF_TRANSGENIC_LN_BCELL_UP","GSE10422_WT_VS_BAFF_TRANSGENIC_LN_BCELL_UP","84/6767","180/21355",1.77993169260633e-05,2.9523486858598e-05,5.05529817171645e-06
"GSE36891_UNSTIM_VS_PAM_TLR2_STIM_PERITONEAL_MACROPHAGE_DN","GSE36891_UNSTIM_VS_PAM_TLR2_STIM_PERITONEAL_MACROPHAGE_DN","75/6767","157/21355",1.7984937233069e-05,2.9821724836334e-05,5.10636537495047e-06
"GSE1460_NAIVE_CD4_TCELL_ADULT_BLOOD_VS_THYMIC_STROMAL_CELL_UP","GSE1460_NAIVE_CD4_TCELL_ADULT_BLOOD_VS_THYMIC_STROMAL_CELL_UP","89/6767","193/21355",1.81319178393067e-05,3.00362981460826e-05,5.14310670112467e-06
"GSE21678_WT_VS_FOXO1_FOXO3_KO_TREG_UP","GSE21678_WT_VS_FOXO1_FOXO3_KO_TREG_UP","89/6767","193/21355",1.81319178393067e-05,3.00362981460826e-05,5.14310670112467e-06
"GSE4984_GALECTIN1_VS_VEHICLE_CTRL_TREATED_DC_UP","GSE4984_GALECTIN1_VS_VEHICLE_CTRL_TREATED_DC_UP","89/6767","193/21355",1.81319178393067e-05,3.00362981460826e-05,5.14310670112467e-06
"LI_PBMC_MENACTRA_AGE_18_45YO_CORRELATED_WITH_ANTI_POLYSACCHARIDE_ANTIBODY_3DY_POSITIVE","LI_PBMC_MENACTRA_AGE_18_45YO_CORRELATED_WITH_ANTI_POLYSACCHARIDE_ANTIBODY_3DY_POSITIVE","35/6767","60/21355",1.82090199874545e-05,3.01542782544183e-05,5.16330840117538e-06
"GSE18281_CORTEX_VS_MEDULLA_THYMUS_DN","GSE18281_CORTEX_VS_MEDULLA_THYMUS_DN","90/6767","196/21355",2.00159785984173e-05,3.31252170026099e-05,5.67202138937855e-06
"GSE46606_UNSTIM_VS_CD40L_IL2_IL5_DAY1_STIMULATED_BCELL_UP","GSE46606_UNSTIM_VS_CD40L_IL2_IL5_DAY1_STIMULATED_BCELL_UP","90/6767","196/21355",2.00159785984173e-05,3.31252170026099e-05,5.67202138937855e-06
"GSE40274_CTRL_VS_FOXP3_AND_EOS_TRANSDUCED_ACTIVATED_CD4_TCELL_DN","GSE40274_CTRL_VS_FOXP3_AND_EOS_TRANSDUCED_ACTIVATED_CD4_TCELL_DN","76/6767","160/21355",2.03828619916431e-05,3.37215015912082e-05,5.77412302815181e-06
"GSE27241_WT_VS_RORGT_KO_TH17_POLARIZED_CD4_TCELL_TREATED_WITH_DIGOXIN_DN","GSE27241_WT_VS_RORGT_KO_TH17_POLARIZED_CD4_TCELL_TREATED_WITH_DIGOXIN_DN","83/6767","178/21355",2.06475355080453e-05,3.41483595321769e-05,5.84721379073339e-06
"GSE14415_FOXP3_KO_NATURAL_TREG_VS_TCONV_DN","GSE14415_FOXP3_KO_NATURAL_TREG_VS_TCONV_DN","81/6767","173/21355",2.14614723427635e-05,3.54830598843433e-05,6.07575414853096e-06
"GSE11961_MARGINAL_ZONE_BCELL_VS_GERMINAL_CENTER_BCELL_DAY40_UP","GSE11961_MARGINAL_ZONE_BCELL_VS_GERMINAL_CENTER_BCELL_DAY40_UP","91/6767","199/21355",2.20313178295894e-05,3.62266088878463e-05,6.20307183075438e-06
"GSE17186_BLOOD_VS_CORD_BLOOD_CD21HIGH_TRANSITIONAL_BCELL_DN","GSE17186_BLOOD_VS_CORD_BLOOD_CD21HIGH_TRANSITIONAL_BCELL_DN","91/6767","199/21355",2.20313178295894e-05,3.62266088878463e-05,6.20307183075438e-06
"GSE17721_0.5H_VS_24H_LPS_BMDC_DN","GSE17721_0.5H_VS_24H_LPS_BMDC_DN","91/6767","199/21355",2.20313178295894e-05,3.62266088878463e-05,6.20307183075438e-06
"GSE17721_CTRL_VS_GARDIQUIMOD_0.5H_BMDC_DN","GSE17721_CTRL_VS_GARDIQUIMOD_0.5H_BMDC_DN","91/6767","199/21355",2.20313178295894e-05,3.62266088878463e-05,6.20307183075438e-06
"GSE17721_LPS_VS_GARDIQUIMOD_24H_BMDC_UP","GSE17721_LPS_VS_GARDIQUIMOD_24H_BMDC_UP","91/6767","199/21355",2.20313178295894e-05,3.62266088878463e-05,6.20307183075438e-06
"GSE17721_LPS_VS_PAM3CSK4_4H_BMDC_UP","GSE17721_LPS_VS_PAM3CSK4_4H_BMDC_UP","91/6767","199/21355",2.20313178295894e-05,3.62266088878463e-05,6.20307183075438e-06
"GSE18281_SUBCAPSULAR_CORTICAL_REGION_VS_WHOLE_MEDULLA_THYMUS_UP","GSE18281_SUBCAPSULAR_CORTICAL_REGION_VS_WHOLE_MEDULLA_THYMUS_UP","91/6767","199/21355",2.20313178295894e-05,3.62266088878463e-05,6.20307183075438e-06
"GSE21063_3H_VS_16H_ANTI_IGM_STIM_NFATC1_KOBCELL_UP","GSE21063_3H_VS_16H_ANTI_IGM_STIM_NFATC1_KOBCELL_UP","91/6767","199/21355",2.20313178295894e-05,3.62266088878463e-05,6.20307183075438e-06
"GSE22229_UNTREATED_VS_IMMUNOSUPP_THERAPY_RENAL_TRANSPLANT_PATIENT_PBMC_DN","GSE22229_UNTREATED_VS_IMMUNOSUPP_THERAPY_RENAL_TRANSPLANT_PATIENT_PBMC_DN","91/6767","199/21355",2.20313178295894e-05,3.62266088878463e-05,6.20307183075438e-06
"GSE24142_DN2_VS_DN3_THYMOCYTE_ADULT_UP","GSE24142_DN2_VS_DN3_THYMOCYTE_ADULT_UP","91/6767","199/21355",2.20313178295894e-05,3.62266088878463e-05,6.20307183075438e-06
"GSE25123_CTRL_VS_ROSIGLITAZONE_STIM_PPARG_KO_MACROPHAGE_DN","GSE25123_CTRL_VS_ROSIGLITAZONE_STIM_PPARG_KO_MACROPHAGE_DN","91/6767","199/21355",2.20313178295894e-05,3.62266088878463e-05,6.20307183075438e-06
"GSE26030_TH1_VS_TH17_DAY15_POST_POLARIZATION_UP","GSE26030_TH1_VS_TH17_DAY15_POST_POLARIZATION_UP","91/6767","199/21355",2.20313178295894e-05,3.62266088878463e-05,6.20307183075438e-06
"GSE26727_WT_VS_KLF2_KO_LPS_STIM_MACROPHAGE_UP","GSE26727_WT_VS_KLF2_KO_LPS_STIM_MACROPHAGE_UP","91/6767","199/21355",2.20313178295894e-05,3.62266088878463e-05,6.20307183075438e-06
"GSE34179_THPOK_KO_VS_WT_VA14I_NKTCELL_DN","GSE34179_THPOK_KO_VS_WT_VA14I_NKTCELL_DN","91/6767","199/21355",2.20313178295894e-05,3.62266088878463e-05,6.20307183075438e-06
"GSE3982_DC_VS_NEUTROPHIL_LPS_STIM_UP","GSE3982_DC_VS_NEUTROPHIL_LPS_STIM_UP","91/6767","199/21355",2.20313178295894e-05,3.62266088878463e-05,6.20307183075438e-06
"GSE3982_MAC_VS_TH2_DN","GSE3982_MAC_VS_TH2_DN","91/6767","199/21355",2.20313178295894e-05,3.62266088878463e-05,6.20307183075438e-06
"GSE41867_DAY15_EFFECTOR_VS_DAY30_MEMORY_CD8_TCELL_LCMV_ARMSTRONG_UP","GSE41867_DAY15_EFFECTOR_VS_DAY30_MEMORY_CD8_TCELL_LCMV_ARMSTRONG_UP","91/6767","199/21355",2.20313178295894e-05,3.62266088878463e-05,6.20307183075438e-06
"GSE22886_NAIVE_VS_MEMORY_TCELL_UP","GSE22886_NAIVE_VS_MEMORY_TCELL_UP","89/6767","194/21355",2.31658751972886e-05,3.80555726166288e-05,6.5162447645116e-06
"GSE25087_TREG_VS_TCONV_FETUS_DN","GSE25087_TREG_VS_TCONV_FETUS_DN","89/6767","194/21355",2.31658751972886e-05,3.80555726166288e-05,6.5162447645116e-06
"GSE29614_CTRL_VS_DAY7_TIV_FLU_VACCINE_PBMC_DN","GSE29614_CTRL_VS_DAY7_TIV_FLU_VACCINE_PBMC_DN","89/6767","194/21355",2.31658751972886e-05,3.80555726166288e-05,6.5162447645116e-06
"GSE15624_CTRL_VS_3H_HALOFUGINONE_TREATED_CD4_TCELL_DN","GSE15624_CTRL_VS_3H_HALOFUGINONE_TREATED_CD4_TCELL_DN","80/6767","171/21355",2.49084423163611e-05,4.09050556553438e-05,7.00416092647936e-06
"GSE14308_TH2_VS_INDUCED_TREG_UP","GSE14308_TH2_VS_INDUCED_TREG_UP","90/6767","197/21355",2.54824715800045e-05,4.17808224466528e-05,7.15411822251824e-06
"GSE2585_THYMIC_MACROPHAGE_VS_MTEC_UP","GSE2585_THYMIC_MACROPHAGE_VS_MTEC_UP","90/6767","197/21355",2.54824715800045e-05,4.17808224466528e-05,7.15411822251824e-06
"GSE360_CTRL_VS_B_MALAYI_HIGH_DOSE_DC_UP","GSE360_CTRL_VS_B_MALAYI_HIGH_DOSE_DC_UP","90/6767","197/21355",2.54824715800045e-05,4.17808224466528e-05,7.15411822251824e-06
"GSE37534_UNTREATED_VS_PIOGLITAZONE_TREATED_CD4_TCELL_PPARG1_AND_FOXP3_TRASDUCED_UP","GSE37534_UNTREATED_VS_PIOGLITAZONE_TREATED_CD4_TCELL_PPARG1_AND_FOXP3_TRASDUCED_UP","90/6767","197/21355",2.54824715800045e-05,4.17808224466528e-05,7.15411822251824e-06
"GSE46242_TH1_VS_ANERGIC_TH1_CD4_TCELL_UP","GSE46242_TH1_VS_ANERGIC_TH1_CD4_TCELL_UP","90/6767","197/21355",2.54824715800045e-05,4.17808224466528e-05,7.15411822251824e-06
"GSE25146_UNSTIM_VS_HELIOBACTER_PYLORI_LPS_STIM_AGS_CELL_DN","GSE25146_UNSTIM_VS_HELIOBACTER_PYLORI_LPS_STIM_AGS_CELL_DN","78/6767","166/21355",2.58357459272679e-05,4.23465055527822e-05,7.25097997824117e-06
"HOEK_NEUTROPHIL_2011_2012_TIV_ADULT_1DY_DN","HOEK_NEUTROPHIL_2011_2012_TIV_ADULT_1DY_DN","36/6767","63/21355",2.59765518999762e-05,4.25636885877845e-05,7.2881681669207e-06
"KANNAN_BLOOD_2012_2013_TIV_AGE_65PLS_REVACCINATED_IN_6_9_MO_VS_REVACCINATED_IN_12_13_MO_UP","KANNAN_BLOOD_2012_2013_TIV_AGE_65PLS_REVACCINATED_IN_6_9_MO_VS_REVACCINATED_IN_12_13_MO_UP","101/6767","226/21355",2.6260934299436e-05,4.30159137869676e-05,7.36560255783745e-06
"GSE21063_CTRL_VS_ANTI_IGM_STIM_BCELL_3H_DN","GSE21063_CTRL_VS_ANTI_IGM_STIM_BCELL_3H_DN","76/6767","161/21355",2.67197666902501e-05,4.37535112810323e-05,7.49190116480981e-06
"GSE21927_UNTREATED_VS_GMCSF_GCSF_TREATED_BONE_MARROW_DN","GSE21927_UNTREATED_VS_GMCSF_GCSF_TREATED_BONE_MARROW_DN","88/6767","192/21355",2.6809261325626e-05,4.38860417677154e-05,7.51459432196413e-06
"GSE6092_CTRL_VS_BORRELIA_BIRGDOFERI_INF_ENDOTHELIAL_CELL_UP","GSE6092_CTRL_VS_BORRELIA_BIRGDOFERI_INF_ENDOTHELIAL_CELL_UP","74/6767","156/21355",2.75461995817355e-05,4.50779972089236e-05,7.71869250967373e-06
"GSE38697_LIGHT_ZONE_VS_DARK_ZONE_BCELL_UP","GSE38697_LIGHT_ZONE_VS_DARK_ZONE_BCELL_UP","81/6767","174/21355",2.77808335887933e-05,4.51942457345009e-05,7.73859771130624e-06
"GSE11924_TFH_VS_TH2_CD4_TCELL_DN","GSE11924_TFH_VS_TH2_CD4_TCELL_DN","91/6767","200/21355",2.79522046467919e-05,4.51942457345009e-05,7.73859771130624e-06
"GSE11961_MARGINAL_ZONE_BCELL_VS_MEMORY_BCELL_DAY40_UP","GSE11961_MARGINAL_ZONE_BCELL_VS_MEMORY_BCELL_DAY40_UP","91/6767","200/21355",2.79522046467919e-05,4.51942457345009e-05,7.73859771130624e-06
"GSE1448_CTRL_VS_ANTI_VALPHA2_DP_THYMOCYTE_DN","GSE1448_CTRL_VS_ANTI_VALPHA2_DP_THYMOCYTE_DN","91/6767","200/21355",2.79522046467919e-05,4.51942457345009e-05,7.73859771130624e-06
"GSE15330_HSC_VS_LYMPHOID_PRIMED_MULTIPOTENT_PROGENITOR_UP","GSE15330_HSC_VS_LYMPHOID_PRIMED_MULTIPOTENT_PROGENITOR_UP","91/6767","200/21355",2.79522046467919e-05,4.51942457345009e-05,7.73859771130624e-06
"GSE15930_STIM_VS_STIM_AND_IFNAB_24H_CD8_T_CELL_UP","GSE15930_STIM_VS_STIM_AND_IFNAB_24H_CD8_T_CELL_UP","91/6767","200/21355",2.79522046467919e-05,4.51942457345009e-05,7.73859771130624e-06
"GSE16522_MEMORY_VS_NAIVE_CD8_TCELL_UP","GSE16522_MEMORY_VS_NAIVE_CD8_TCELL_UP","91/6767","200/21355",2.79522046467919e-05,4.51942457345009e-05,7.73859771130624e-06
"GSE17580_UNINFECTED_VS_S_MANSONI_INF_TEFF_UP","GSE17580_UNINFECTED_VS_S_MANSONI_INF_TEFF_UP","91/6767","200/21355",2.79522046467919e-05,4.51942457345009e-05,7.73859771130624e-06
"GSE17721_CTRL_VS_GARDIQUIMOD_2H_BMDC_UP","GSE17721_CTRL_VS_GARDIQUIMOD_2H_BMDC_UP","91/6767","200/21355",2.79522046467919e-05,4.51942457345009e-05,7.73859771130624e-06
"GSE17721_CTRL_VS_GARDIQUIMOD_8H_BMDC_DN","GSE17721_CTRL_VS_GARDIQUIMOD_8H_BMDC_DN","91/6767","200/21355",2.79522046467919e-05,4.51942457345009e-05,7.73859771130624e-06
"GSE17721_LPS_VS_GARDIQUIMOD_2H_BMDC_DN","GSE17721_LPS_VS_GARDIQUIMOD_2H_BMDC_DN","91/6767","200/21355",2.79522046467919e-05,4.51942457345009e-05,7.73859771130624e-06
"GSE17721_POLYIC_VS_GARDIQUIMOD_24H_BMDC_UP","GSE17721_POLYIC_VS_GARDIQUIMOD_24H_BMDC_UP","91/6767","200/21355",2.79522046467919e-05,4.51942457345009e-05,7.73859771130624e-06
"GSE1925_CTRL_VS_3H_IFNG_STIM_IFNG_PRIMED_MACROPHAGE_DN","GSE1925_CTRL_VS_3H_IFNG_STIM_IFNG_PRIMED_MACROPHAGE_DN","91/6767","200/21355",2.79522046467919e-05,4.51942457345009e-05,7.73859771130624e-06
"GSE20366_EX_VIVO_VS_HOMEOSTATIC_CONVERSION_NAIVE_CD4_TCELL_UP","GSE20366_EX_VIVO_VS_HOMEOSTATIC_CONVERSION_NAIVE_CD4_TCELL_UP","91/6767","200/21355",2.79522046467919e-05,4.51942457345009e-05,7.73859771130624e-06
"GSE20715_0H_VS_24H_OZONE_TLR4_KO_LUNG_DN","GSE20715_0H_VS_24H_OZONE_TLR4_KO_LUNG_DN","91/6767","200/21355",2.79522046467919e-05,4.51942457345009e-05,7.73859771130624e-06
"GSE21546_WT_VS_ELK1_KO_ANTI_CD3_STIM_DP_THYMOCYTES_UP","GSE21546_WT_VS_ELK1_KO_ANTI_CD3_STIM_DP_THYMOCYTES_UP","91/6767","200/21355",2.79522046467919e-05,4.51942457345009e-05,7.73859771130624e-06
"GSE21774_CD56_BRIGHT_VS_DIM_CD62L_POSITIVE_NK_CELL_UP","GSE21774_CD56_BRIGHT_VS_DIM_CD62L_POSITIVE_NK_CELL_UP","91/6767","200/21355",2.79522046467919e-05,4.51942457345009e-05,7.73859771130624e-06
"GSE22886_NAIVE_CD4_TCELL_VS_NEUTROPHIL_UP","GSE22886_NAIVE_CD4_TCELL_VS_NEUTROPHIL_UP","91/6767","200/21355",2.79522046467919e-05,4.51942457345009e-05,7.73859771130624e-06
"GSE23925_DARK_ZONE_VS_NAIVE_BCELL_UP","GSE23925_DARK_ZONE_VS_NAIVE_BCELL_UP","91/6767","200/21355",2.79522046467919e-05,4.51942457345009e-05,7.73859771130624e-06
"GSE24634_NAIVE_CD4_TCELL_VS_DAY5_IL4_CONV_TREG_UP","GSE24634_NAIVE_CD4_TCELL_VS_DAY5_IL4_CONV_TREG_UP","91/6767","200/21355",2.79522046467919e-05,4.51942457345009e-05,7.73859771130624e-06
"GSE25890_CTRL_VS_IL33_IL7_TREATED_NUOCYTES_DN","GSE25890_CTRL_VS_IL33_IL7_TREATED_NUOCYTES_DN","91/6767","200/21355",2.79522046467919e-05,4.51942457345009e-05,7.73859771130624e-06
"GSE27786_BCELL_VS_MONO_MAC_DN","GSE27786_BCELL_VS_MONO_MAC_DN","91/6767","200/21355",2.79522046467919e-05,4.51942457345009e-05,7.73859771130624e-06
"GSE31622_WT_VS_KLF3_KO_BCELL_DN","GSE31622_WT_VS_KLF3_KO_BCELL_DN","91/6767","200/21355",2.79522046467919e-05,4.51942457345009e-05,7.73859771130624e-06
"GSE37301_HEMATOPOIETIC_STEM_CELL_VS_COMMON_LYMPHOID_PROGENITOR_DN","GSE37301_HEMATOPOIETIC_STEM_CELL_VS_COMMON_LYMPHOID_PROGENITOR_DN","91/6767","200/21355",2.79522046467919e-05,4.51942457345009e-05,7.73859771130624e-06
"GSE40184_HEALTHY_VS_HCV_INFECTED_DONOR_PBMC_DN","GSE40184_HEALTHY_VS_HCV_INFECTED_DONOR_PBMC_DN","91/6767","200/21355",2.79522046467919e-05,4.51942457345009e-05,7.73859771130624e-06
"GSE42021_TCONV_PLN_VS_CD24LO_TCONV_THYMUS_DN","GSE42021_TCONV_PLN_VS_CD24LO_TCONV_THYMUS_DN","91/6767","200/21355",2.79522046467919e-05,4.51942457345009e-05,7.73859771130624e-06
"GSE43955_TH0_VS_TGFB_IL6_TH17_ACT_CD4_TCELL_10H_UP","GSE43955_TH0_VS_TGFB_IL6_TH17_ACT_CD4_TCELL_10H_UP","91/6767","200/21355",2.79522046467919e-05,4.51942457345009e-05,7.73859771130624e-06
"GSE5542_IFNG_VS_IFNA_AND_IFNG_TREATED_EPITHELIAL_CELLS_6H_DN","GSE5542_IFNG_VS_IFNA_AND_IFNG_TREATED_EPITHELIAL_CELLS_6H_DN","91/6767","200/21355",2.79522046467919e-05,4.51942457345009e-05,7.73859771130624e-06
"GSE5589_LPS_VS_LPS_AND_IL10_STIM_IL10_KO_MACROPHAGE_180MIN_DN","GSE5589_LPS_VS_LPS_AND_IL10_STIM_IL10_KO_MACROPHAGE_180MIN_DN","91/6767","200/21355",2.79522046467919e-05,4.51942457345009e-05,7.73859771130624e-06
"GSE5589_LPS_VS_LPS_AND_IL10_STIM_MACROPHAGE_45MIN_DN","GSE5589_LPS_VS_LPS_AND_IL10_STIM_MACROPHAGE_45MIN_DN","91/6767","200/21355",2.79522046467919e-05,4.51942457345009e-05,7.73859771130624e-06
"GSE5679_CTRL_VS_PPARG_LIGAND_ROSIGLITAZONE_TREATED_DC_DN","GSE5679_CTRL_VS_PPARG_LIGAND_ROSIGLITAZONE_TREATED_DC_DN","91/6767","200/21355",2.79522046467919e-05,4.51942457345009e-05,7.73859771130624e-06
"GSE7460_CTRL_VS_TGFB_TREATED_ACT_FOXP3_MUT_TCONV_UP","GSE7460_CTRL_VS_TGFB_TREATED_ACT_FOXP3_MUT_TCONV_UP","91/6767","200/21355",2.79522046467919e-05,4.51942457345009e-05,7.73859771130624e-06
"GSE7460_TCONV_VS_TREG_THYMUS_UP","GSE7460_TCONV_VS_TREG_THYMUS_UP","91/6767","200/21355",2.79522046467919e-05,4.51942457345009e-05,7.73859771130624e-06
"GSE7852_THYMUS_VS_FAT_TREG_UP","GSE7852_THYMUS_VS_FAT_TREG_UP","91/6767","200/21355",2.79522046467919e-05,4.51942457345009e-05,7.73859771130624e-06
"GSE8835_CD4_VS_CD8_TCELL_CLL_PATIENT_DN","GSE8835_CD4_VS_CD8_TCELL_CLL_PATIENT_DN","91/6767","200/21355",2.79522046467919e-05,4.51942457345009e-05,7.73859771130624e-06
"GSE9037_CTRL_VS_LPS_4H_STIM_BMDM_DN","GSE9037_CTRL_VS_LPS_4H_STIM_BMDM_DN","91/6767","200/21355",2.79522046467919e-05,4.51942457345009e-05,7.73859771130624e-06
"GSE9878_CTRL_VS_EBF_TRANSDUCED_PAX5_KO_PRO_BCELL_UP","GSE9878_CTRL_VS_EBF_TRANSDUCED_PAX5_KO_PRO_BCELL_UP","91/6767","200/21355",2.79522046467919e-05,4.51942457345009e-05,7.73859771130624e-06
"KAECH_DAY15_EFF_VS_MEMORY_CD8_TCELL_UP","KAECH_DAY15_EFF_VS_MEMORY_CD8_TCELL_UP","91/6767","200/21355",2.79522046467919e-05,4.51942457345009e-05,7.73859771130624e-06
"THAKAR_PBMC_INACTIVATED_INFLUENZA_AGE_70PLS_NONRESPONDER_2DY_UP","THAKAR_PBMC_INACTIVATED_INFLUENZA_AGE_70PLS_NONRESPONDER_2DY_UP","56/6767","111/21355",2.92780862508882e-05,4.73230605953039e-05,8.10311406824211e-06
"GSE3982_EOSINOPHIL_VS_TH2_UP","GSE3982_EOSINOPHIL_VS_TH2_UP","89/6767","195/21355",2.94714944062808e-05,4.76206592565401e-05,8.15407180149559e-06
"GSE2128_CTRL_VS_MIMETOPE_NEGATIVE_SELECTION_DP_THYMOCYTE_C57BL6_UP","GSE2128_CTRL_VS_MIMETOPE_NEGATIVE_SELECTION_DP_THYMOCYTE_C57BL6_UP","87/6767","190/21355",3.10230376313653e-05,5.01118821474512e-05,8.58064318129496e-06
"GSE19941_LPS_VS_LPS_AND_IL10_STIM_IL10_KO_NFKBP50_KO_MACROPHAGE_UP","GSE19941_LPS_VS_LPS_AND_IL10_STIM_IL10_KO_NFKBP50_KO_MACROPHAGE_UP","90/6767","198/21355",3.23070402217032e-05,5.21695103044636e-05,8.93297025939509e-06
"GSE26928_NAIVE_VS_CENT_MEMORY_CD4_TCELL_DN","GSE26928_NAIVE_VS_CENT_MEMORY_CD4_TCELL_DN","88/6767","193/21355",3.40817015808266e-05,5.50179105808873e-05,9.42070102028683e-06
"GSE7348_UNSTIM_VS_TOLERIZED_AND_LPS_STIM_MACROPHAGE_UP","GSE7348_UNSTIM_VS_TOLERIZED_AND_LPS_STIM_MACROPHAGE_UP","76/6767","162/21355",3.48377754859982e-05,5.62207349438818e-05,9.62666029035087e-06
"GSE6269_HEALTHY_VS_STAPH_PNEUMO_INF_PBMC_UP","GSE6269_HEALTHY_VS_STAPH_PNEUMO_INF_PBMC_UP","86/6767","188/21355",3.58960093190457e-05,5.79102705408267e-05,9.91595898515589e-06
"GSE11864_CSF1_VS_CSF1_IFNG_IN_MAC_DN","GSE11864_CSF1_VS_CSF1_IFNG_IN_MAC_DN","89/6767","196/21355",3.73363626950643e-05,6.0120455884923e-05,1.02944083865656e-05
"GSE17974_CTRL_VS_ACT_IL4_AND_ANTI_IL12_1H_CD4_TCELL_DN","GSE17974_CTRL_VS_ACT_IL4_AND_ANTI_IL12_1H_CD4_TCELL_DN","89/6767","196/21355",3.73363626950643e-05,6.0120455884923e-05,1.02944083865656e-05
"GSE22886_NAIVE_CD4_TCELL_VS_NKCELL_UP","GSE22886_NAIVE_CD4_TCELL_VS_NKCELL_UP","89/6767","196/21355",3.73363626950643e-05,6.0120455884923e-05,1.02944083865656e-05
"GSE22886_NAIVE_VS_IGM_MEMORY_BCELL_UP","GSE22886_NAIVE_VS_IGM_MEMORY_BCELL_UP","89/6767","196/21355",3.73363626950643e-05,6.0120455884923e-05,1.02944083865656e-05
"GSE27241_CTRL_VS_DIGOXIN_TREATED_RORGT_KO_CD4_TCELL_IN_TH17_POLARIZING_CONDITIONS_UP","GSE27241_CTRL_VS_DIGOXIN_TREATED_RORGT_KO_CD4_TCELL_IN_TH17_POLARIZING_CONDITIONS_UP","89/6767","196/21355",3.73363626950643e-05,6.0120455884923e-05,1.02944083865656e-05
"GSE43863_NAIVE_VS_LY6C_LOW_CXCR5NEG_CD4_EFF_TCELL_D6_LCMV_DN","GSE43863_NAIVE_VS_LY6C_LOW_CXCR5NEG_CD4_EFF_TCELL_D6_LCMV_DN","89/6767","196/21355",3.73363626950643e-05,6.0120455884923e-05,1.02944083865656e-05
"GSE37533_UNTREATED_VS_PIOGLIZATONE_TREATED_CD4_TCELL_FOXP3_TRASDUCED_CD4_TCELL_UP","GSE37533_UNTREATED_VS_PIOGLIZATONE_TREATED_CD4_TCELL_FOXP3_TRASDUCED_CD4_TCELL_UP","79/6767","170/21355",3.73722263363347e-05,6.01593106519271e-05,1.03010614771555e-05
"GSE40274_CTRL_VS_FOXP3_AND_PBX1_TRANSDUCED_ACTIVATED_CD4_TCELL_UP","GSE40274_CTRL_VS_FOXP3_AND_PBX1_TRANSDUCED_ACTIVATED_CD4_TCELL_UP","77/6767","165/21355",3.89339508389329e-05,6.26535988547424e-05,1.07281577294314e-05
"GSE13547_WT_VS_ZFX_KO_BCELL_ANTI_IGM_STIM_2H_DN","GSE13547_WT_VS_ZFX_KO_BCELL_ANTI_IGM_STIM_2H_DN","75/6767","160/21355",4.04531989741567e-05,6.5077989061971e-05,1.11432853680071e-05
"GSE11057_CD4_EFF_MEM_VS_PBMC_UP","GSE11057_CD4_EFF_MEM_VS_PBMC_UP","90/6767","199/21355",4.07915816463847e-05,6.53149403813286e-05,1.11838584743367e-05
"GSE11961_PLASMA_CELL_DAY7_VS_GERMINAL_CENTER_BCELL_DAY40_DN","GSE11961_PLASMA_CELL_DAY7_VS_GERMINAL_CENTER_BCELL_DAY40_DN","90/6767","199/21355",4.07915816463847e-05,6.53149403813286e-05,1.11838584743367e-05
"GSE14308_TH2_VS_TH17_DN","GSE14308_TH2_VS_TH17_DN","90/6767","199/21355",4.07915816463847e-05,6.53149403813286e-05,1.11838584743367e-05
"GSE18281_PERIMEDULLARY_CORTICAL_REGION_VS_WHOLE_MEDULLA_THYMUS_UP","GSE18281_PERIMEDULLARY_CORTICAL_REGION_VS_WHOLE_MEDULLA_THYMUS_UP","90/6767","199/21355",4.07915816463847e-05,6.53149403813286e-05,1.11838584743367e-05
"GSE19888_ADENOSINE_A3R_ACT_VS_A3R_ACT_WITH_A3R_INH_PRETREATMENT_IN_MAST_CELL_DN","GSE19888_ADENOSINE_A3R_ACT_VS_A3R_ACT_WITH_A3R_INH_PRETREATMENT_IN_MAST_CELL_DN","90/6767","199/21355",4.07915816463847e-05,6.53149403813286e-05,1.11838584743367e-05
"GSE20198_UNTREATED_VS_IFNA_TREATED_ACT_CD4_TCELL_UP","GSE20198_UNTREATED_VS_IFNA_TREATED_ACT_CD4_TCELL_UP","90/6767","199/21355",4.07915816463847e-05,6.53149403813286e-05,1.11838584743367e-05
"GSE21546_ELK1_KO_VS_SAP1A_KO_AND_ELK1_KO_ANTI_CD3_STIM_DP_THYMOCYTES_UP","GSE21546_ELK1_KO_VS_SAP1A_KO_AND_ELK1_KO_ANTI_CD3_STIM_DP_THYMOCYTES_UP","90/6767","199/21355",4.07915816463847e-05,6.53149403813286e-05,1.11838584743367e-05
"GSE22935_UNSTIM_VS_48H_MBOVIS_BCG_STIM_MACROPHAGE_DN","GSE22935_UNSTIM_VS_48H_MBOVIS_BCG_STIM_MACROPHAGE_DN","90/6767","199/21355",4.07915816463847e-05,6.53149403813286e-05,1.11838584743367e-05
"GSE2770_IL4_ACT_VS_ACT_CD4_TCELL_48H_UP","GSE2770_IL4_ACT_VS_ACT_CD4_TCELL_48H_UP","90/6767","199/21355",4.07915816463847e-05,6.53149403813286e-05,1.11838584743367e-05
"GSE29949_MICROGLIA_BRAIN_VS_CD8_POS_DC_SPLEEN_UP","GSE29949_MICROGLIA_BRAIN_VS_CD8_POS_DC_SPLEEN_UP","90/6767","199/21355",4.07915816463847e-05,6.53149403813286e-05,1.11838584743367e-05
"GSE3039_ALPHABETA_CD8_TCELL_VS_B2_BCELL_UP","GSE3039_ALPHABETA_CD8_TCELL_VS_B2_BCELL_UP","90/6767","199/21355",4.07915816463847e-05,6.53149403813286e-05,1.11838584743367e-05
"GSE3982_EOSINOPHIL_VS_MAST_CELL_UP","GSE3982_EOSINOPHIL_VS_MAST_CELL_UP","90/6767","199/21355",4.07915816463847e-05,6.53149403813286e-05,1.11838584743367e-05
"GSE3982_EOSINOPHIL_VS_NEUTROPHIL_UP","GSE3982_EOSINOPHIL_VS_NEUTROPHIL_UP","90/6767","199/21355",4.07915816463847e-05,6.53149403813286e-05,1.11838584743367e-05
"GSE40274_FOXP3_VS_FOXP3_AND_GATA1_TRANSDUCED_ACTIVATED_CD4_TCELL_DN","GSE40274_FOXP3_VS_FOXP3_AND_GATA1_TRANSDUCED_ACTIVATED_CD4_TCELL_DN","90/6767","199/21355",4.07915816463847e-05,6.53149403813286e-05,1.11838584743367e-05
"GSE7852_TREG_VS_TCONV_THYMUS_DN","GSE7852_TREG_VS_TCONV_THYMUS_DN","90/6767","199/21355",4.07915816463847e-05,6.53149403813286e-05,1.11838584743367e-05
"LI_PBMC_MENOMUNE_A_C_Y_W_135_AGE_18_45YO_CORRELATED_WITH_ANTIBODY_RESPONSE_3DY_NEGATIVE","LI_PBMC_MENOMUNE_A_C_Y_W_135_AGE_18_45YO_CORRELATED_WITH_ANTIBODY_RESPONSE_3DY_NEGATIVE","18/6767","25/21355",4.10431673891292e-05,6.56972585713598e-05,1.1249322708163e-05
"THAKAR_PBMC_INACTIVATED_INFLUENZA_AGE_21_30YO_NONRESPONDER_28DY_DN","THAKAR_PBMC_INACTIVATED_INFLUENZA_AGE_21_30YO_NONRESPONDER_28DY_DN","36/6767","64/21355",4.13336929419574e-05,6.61416490990686e-05,1.13254155705344e-05
"GAUCHER_PBMC_YF_VAX_STAMARIL_UNKNOWN_AGE_28DY_UP","GAUCHER_PBMC_YF_VAX_STAMARIL_UNKNOWN_AGE_28DY_UP","19/6767","27/21355",4.17082832728551e-05,6.67202397316468e-05,1.14244874783024e-05
"GSE10463_CD40L_AND_VA347_VS_CD40L_IN_DC_UP","GSE10463_CD40L_AND_VA347_VS_CD40L_IN_DC_UP","88/6767","194/21355",4.31438970690475e-05,6.89737325453715e-05,1.18103524052929e-05
"GSE34156_UNTREATED_VS_24H_NOD2_AND_TLR1_TLR2_LIGAND_TREATED_MONOCYTE_UP","GSE34156_UNTREATED_VS_24H_NOD2_AND_TLR1_TLR2_LIGAND_TREATED_MONOCYTE_UP","88/6767","194/21355",4.31438970690475e-05,6.89737325453715e-05,1.18103524052929e-05
"GSE21927_BALBC_VS_C57BL6_MONOCYTE_SPLEEN_UP","GSE21927_BALBC_VS_C57BL6_MONOCYTE_SPLEEN_UP","86/6767","189/21355",4.5564921211129e-05,7.27988005763348e-05,1.24653177051653e-05
"GSE2706_R848_VS_LPS_8H_STIM_DC_DN","GSE2706_R848_VS_LPS_8H_STIM_DC_DN","86/6767","189/21355",4.5564921211129e-05,7.27988005763348e-05,1.24653177051653e-05
"GSE17974_IL4_AND_ANTI_IL12_VS_UNTREATED_2H_ACT_CD4_TCELL_UP","GSE17974_IL4_AND_ANTI_IL12_VS_UNTREATED_2H_ACT_CD4_TCELL_UP","89/6767","197/21355",4.71048470398814e-05,7.52122549901812e-05,1.28785728109823e-05
"GSE18804_SPLEEN_MACROPHAGE_VS_BRAIN_TUMORAL_MACROPHAGE_DN","GSE18804_SPLEEN_MACROPHAGE_VS_BRAIN_TUMORAL_MACROPHAGE_DN","89/6767","197/21355",4.71048470398814e-05,7.52122549901812e-05,1.28785728109823e-05
"GSE11961_PLASMA_CELL_DAY7_VS_GERMINAL_CENTER_BCELL_DAY40_UP","GSE11961_PLASMA_CELL_DAY7_VS_GERMINAL_CENTER_BCELL_DAY40_UP","90/6767","200/21355",5.12965264642328e-05,8.09471502561162e-05,1.38605572795419e-05
"GSE12198_CTRL_VS_LOW_IL2_STIM_NK_CELL_DN","GSE12198_CTRL_VS_LOW_IL2_STIM_NK_CELL_DN","90/6767","200/21355",5.12965264642328e-05,8.09471502561162e-05,1.38605572795419e-05
"GSE12198_LOW_IL2_STIM_NK_CELL_VS_HIGH_IL2_STIM_NK_CELL_UP","GSE12198_LOW_IL2_STIM_NK_CELL_VS_HIGH_IL2_STIM_NK_CELL_UP","90/6767","200/21355",5.12965264642328e-05,8.09471502561162e-05,1.38605572795419e-05
"GSE13493_CD4INTCD8POS_VS_CD8POS_THYMOCYTE_UP","GSE13493_CD4INTCD8POS_VS_CD8POS_THYMOCYTE_UP","90/6767","200/21355",5.12965264642328e-05,8.09471502561162e-05,1.38605572795419e-05
"GSE14308_TH17_VS_INDUCED_TREG_DN","GSE14308_TH17_VS_INDUCED_TREG_DN","90/6767","200/21355",5.12965264642328e-05,8.09471502561162e-05,1.38605572795419e-05
"GSE14308_TH17_VS_NATURAL_TREG_UP","GSE14308_TH17_VS_NATURAL_TREG_UP","90/6767","200/21355",5.12965264642328e-05,8.09471502561162e-05,1.38605572795419e-05
"GSE1432_CTRL_VS_IFNG_6H_MICROGLIA_DN","GSE1432_CTRL_VS_IFNG_6H_MICROGLIA_DN","90/6767","200/21355",5.12965264642328e-05,8.09471502561162e-05,1.38605572795419e-05
"GSE14769_UNSTIM_VS_60MIN_LPS_BMDM_UP","GSE14769_UNSTIM_VS_60MIN_LPS_BMDM_UP","90/6767","200/21355",5.12965264642328e-05,8.09471502561162e-05,1.38605572795419e-05
"GSE15330_HSC_VS_GRANULOCYTE_MONOCYTE_PROGENITOR_IKAROS_KO_DN","GSE15330_HSC_VS_GRANULOCYTE_MONOCYTE_PROGENITOR_IKAROS_KO_DN","90/6767","200/21355",5.12965264642328e-05,8.09471502561162e-05,1.38605572795419e-05
"GSE16385_IFNG_TNF_VS_UNSTIM_MACROPHAGE_ROSIGLITAZONE_TREATED_DN","GSE16385_IFNG_TNF_VS_UNSTIM_MACROPHAGE_ROSIGLITAZONE_TREATED_DN","90/6767","200/21355",5.12965264642328e-05,8.09471502561162e-05,1.38605572795419e-05
"GSE16522_ANTI_CD3CD28_STIM_VS_UNSTIM_NAIVE_CD8_TCELL_UP","GSE16522_ANTI_CD3CD28_STIM_VS_UNSTIM_NAIVE_CD8_TCELL_UP","90/6767","200/21355",5.12965264642328e-05,8.09471502561162e-05,1.38605572795419e-05
"GSE17721_PAM3CSK4_VS_CPG_24H_BMDC_UP","GSE17721_PAM3CSK4_VS_CPG_24H_BMDC_UP","90/6767","200/21355",5.12965264642328e-05,8.09471502561162e-05,1.38605572795419e-05
"GSE18203_CTRL_VS_INTRATUMORAL_CPG_INJ_MC38_TUMOR_UP","GSE18203_CTRL_VS_INTRATUMORAL_CPG_INJ_MC38_TUMOR_UP","90/6767","200/21355",5.12965264642328e-05,8.09471502561162e-05,1.38605572795419e-05
"GSE21546_WT_VS_SAP1A_KO_AND_ELK1_KO_DP_THYMOCYTES_DN","GSE21546_WT_VS_SAP1A_KO_AND_ELK1_KO_DP_THYMOCYTES_DN","90/6767","200/21355",5.12965264642328e-05,8.09471502561162e-05,1.38605572795419e-05
"GSE22935_UNSTIM_VS_24H_MBOVIS_BCG_STIM_MACROPHAGE_UP","GSE22935_UNSTIM_VS_24H_MBOVIS_BCG_STIM_MACROPHAGE_UP","90/6767","200/21355",5.12965264642328e-05,8.09471502561162e-05,1.38605572795419e-05
"GSE26030_TH1_VS_TH17_DAY5_POST_POLARIZATION_UP","GSE26030_TH1_VS_TH17_DAY5_POST_POLARIZATION_UP","90/6767","200/21355",5.12965264642328e-05,8.09471502561162e-05,1.38605572795419e-05
"GSE26030_TH1_VS_TH17_RESTIMULATED_DAY5_POST_POLARIZATION_UP","GSE26030_TH1_VS_TH17_RESTIMULATED_DAY5_POST_POLARIZATION_UP","90/6767","200/21355",5.12965264642328e-05,8.09471502561162e-05,1.38605572795419e-05
"GSE27786_BCELL_VS_NKCELL_UP","GSE27786_BCELL_VS_NKCELL_UP","90/6767","200/21355",5.12965264642328e-05,8.09471502561162e-05,1.38605572795419e-05
"GSE27786_CD4_TCELL_VS_MONO_MAC_UP","GSE27786_CD4_TCELL_VS_MONO_MAC_UP","90/6767","200/21355",5.12965264642328e-05,8.09471502561162e-05,1.38605572795419e-05
"GSE27786_CD4_TCELL_VS_NKTCELL_DN","GSE27786_CD4_TCELL_VS_NKTCELL_DN","90/6767","200/21355",5.12965264642328e-05,8.09471502561162e-05,1.38605572795419e-05
"GSE27786_CD4_VS_CD8_TCELL_UP","GSE27786_CD4_VS_CD8_TCELL_UP","90/6767","200/21355",5.12965264642328e-05,8.09471502561162e-05,1.38605572795419e-05
"GSE27786_LIN_NEG_VS_NKCELL_UP","GSE27786_LIN_NEG_VS_NKCELL_UP","90/6767","200/21355",5.12965264642328e-05,8.09471502561162e-05,1.38605572795419e-05
"GSE28726_NAIVE_CD4_TCELL_VS_NAIVE_NKTCELL_DN","GSE28726_NAIVE_CD4_TCELL_VS_NAIVE_NKTCELL_DN","90/6767","200/21355",5.12965264642328e-05,8.09471502561162e-05,1.38605572795419e-05
"GSE28737_WT_VS_BCL6_HET_MARGINAL_ZONE_BCELL_UP","GSE28737_WT_VS_BCL6_HET_MARGINAL_ZONE_BCELL_UP","90/6767","200/21355",5.12965264642328e-05,8.09471502561162e-05,1.38605572795419e-05
"GSE32423_CTRL_VS_IL4_MEMORY_CD8_TCELL_DN","GSE32423_CTRL_VS_IL4_MEMORY_CD8_TCELL_DN","90/6767","200/21355",5.12965264642328e-05,8.09471502561162e-05,1.38605572795419e-05
"GSE3337_CTRL_VS_16H_IFNG_IN_CD8POS_DC_UP","GSE3337_CTRL_VS_16H_IFNG_IN_CD8POS_DC_UP","90/6767","200/21355",5.12965264642328e-05,8.09471502561162e-05,1.38605572795419e-05
"GSE33425_CD8_ALPHAALPHA_VS_ALPHABETA_CD161_HIGH_TCELL_UP","GSE33425_CD8_ALPHAALPHA_VS_ALPHABETA_CD161_HIGH_TCELL_UP","90/6767","200/21355",5.12965264642328e-05,8.09471502561162e-05,1.38605572795419e-05
"GSE36392_TYPE_2_MYELOID_VS_EOSINOPHIL_IL25_TREATED_LUNG_DN","GSE36392_TYPE_2_MYELOID_VS_EOSINOPHIL_IL25_TREATED_LUNG_DN","90/6767","200/21355",5.12965264642328e-05,8.09471502561162e-05,1.38605572795419e-05
"GSE36527_CD69_NEG_VS_POS_TREG_CD62L_LOS_KLRG1_NEG_UP","GSE36527_CD69_NEG_VS_POS_TREG_CD62L_LOS_KLRG1_NEG_UP","90/6767","200/21355",5.12965264642328e-05,8.09471502561162e-05,1.38605572795419e-05
"GSE42021_TCONV_PLN_VS_CD24INT_TCONV_THYMUS_DN","GSE42021_TCONV_PLN_VS_CD24INT_TCONV_THYMUS_DN","90/6767","200/21355",5.12965264642328e-05,8.09471502561162e-05,1.38605572795419e-05
"GSE43955_TH0_VS_TGFB_IL6_IL23_TH17_ACT_CD4_TCELL_60H_UP","GSE43955_TH0_VS_TGFB_IL6_IL23_TH17_ACT_CD4_TCELL_60H_UP","90/6767","200/21355",5.12965264642328e-05,8.09471502561162e-05,1.38605572795419e-05
"GSE44732_UNSTIM_VS_IL27_STIM_IMATURE_DC_UP","GSE44732_UNSTIM_VS_IL27_STIM_IMATURE_DC_UP","90/6767","200/21355",5.12965264642328e-05,8.09471502561162e-05,1.38605572795419e-05
"GSE45365_NK_CELL_VS_CD8_TCELL_MCMV_INFECTION_DN","GSE45365_NK_CELL_VS_CD8_TCELL_MCMV_INFECTION_DN","90/6767","200/21355",5.12965264642328e-05,8.09471502561162e-05,1.38605572795419e-05
"GSE5455_EX_VIVO_VS_POST_24H_INCUBATION_MONOCYTES_FROM_TUMOR_BEARING_MOUSE_UP","GSE5455_EX_VIVO_VS_POST_24H_INCUBATION_MONOCYTES_FROM_TUMOR_BEARING_MOUSE_UP","90/6767","200/21355",5.12965264642328e-05,8.09471502561162e-05,1.38605572795419e-05
"GSE5503_PLN_DC_VS_SPLEEN_DC_ACTIVATED_ALLOGENIC_TCELL_UP","GSE5503_PLN_DC_VS_SPLEEN_DC_ACTIVATED_ALLOGENIC_TCELL_UP","90/6767","200/21355",5.12965264642328e-05,8.09471502561162e-05,1.38605572795419e-05
"GSE5589_IL6_KO_VS_IL10_KO_LPS_STIM_MACROPHAGE_180MIN_UP","GSE5589_IL6_KO_VS_IL10_KO_LPS_STIM_MACROPHAGE_180MIN_UP","90/6767","200/21355",5.12965264642328e-05,8.09471502561162e-05,1.38605572795419e-05
"GSE8515_IL1_VS_IL6_4H_STIM_MAC_UP","GSE8515_IL1_VS_IL6_4H_STIM_MAC_UP","90/6767","200/21355",5.12965264642328e-05,8.09471502561162e-05,1.38605572795419e-05
"GSE8835_HEALTHY_VS_CLL_CD8_TCELL_DN","GSE8835_HEALTHY_VS_CLL_CD8_TCELL_DN","90/6767","200/21355",5.12965264642328e-05,8.09471502561162e-05,1.38605572795419e-05
"GSE24671_CTRL_VS_SENDAI_VIRUS_INFECTED_MOUSE_SPLENOCYTES_UP","GSE24671_CTRL_VS_SENDAI_VIRUS_INFECTED_MOUSE_SPLENOCYTES_UP","75/6767","161/21355",5.24300294543093e-05,8.26849464817729e-05,1.41581196279344e-05
"GSE36891_POLYIC_TLR3_VS_PAM_TLR2_STIM_PERITONEAL_MACROPHAGE_DN","GSE36891_POLYIC_TLR3_VS_PAM_TLR2_STIM_PERITONEAL_MACROPHAGE_DN","75/6767","161/21355",5.24300294543093e-05,8.26849464817729e-05,1.41581196279344e-05
"GSE2706_2H_VS_8H_R848_STIM_DC_DN","GSE2706_2H_VS_8H_R848_STIM_DC_DN","88/6767","195/21355",5.4388489913192e-05,8.57471672155398e-05,1.46824628042993e-05
"GSE40274_CTRL_VS_FOXP3_AND_LEF1_TRANSDUCED_ACTIVATED_CD4_TCELL_DN","GSE40274_CTRL_VS_FOXP3_AND_LEF1_TRANSDUCED_ACTIVATED_CD4_TCELL_DN","78/6767","169/21355",5.57162818907448e-05,8.78135189836608e-05,1.50362836238229e-05
"GSE21927_SPLENIC_C26GM_TUMOROUS_VS_BONE_MARROW_MONOCYTES_DN","GSE21927_SPLENIC_C26GM_TUMOROUS_VS_BONE_MARROW_MONOCYTES_DN","86/6767","190/21355",5.75899403251658e-05,9.07386675006531e-05,1.55371559638949e-05
"GSE6259_FLT3L_INDUCED_33D1_POS_DC_VS_CD8_TCELL_UP","GSE6259_FLT3L_INDUCED_33D1_POS_DC_VS_CD8_TCELL_UP","69/6767","146/21355",5.84938040908448e-05,9.21344803606026e-05,1.57761605988405e-05
"GSE12845_NAIVE_VS_PRE_GC_TONSIL_BCELL_UP","GSE12845_NAIVE_VS_PRE_GC_TONSIL_BCELL_UP","89/6767","198/21355",5.91874599464681e-05,9.30555373031407e-05,1.5933872914461e-05
"GSE18791_CTRL_VS_NEWCASTLE_VIRUS_DC_6H_DN","GSE18791_CTRL_VS_NEWCASTLE_VIRUS_DC_6H_DN","89/6767","198/21355",5.91874599464681e-05,9.30555373031407e-05,1.5933872914461e-05
"GSE2124_CTRL_VS_LYMPHOTOXIN_BETA_TREATED_MLN_DN","GSE2124_CTRL_VS_LYMPHOTOXIN_BETA_TREATED_MLN_DN","89/6767","198/21355",5.91874599464681e-05,9.30555373031407e-05,1.5933872914461e-05
"GSE2706_UNSTIM_VS_8H_LPS_DC_DN","GSE2706_UNSTIM_VS_8H_LPS_DC_DN","89/6767","198/21355",5.91874599464681e-05,9.30555373031407e-05,1.5933872914461e-05
"GSE29618_PRE_VS_DAY7_POST_LAIV_FLU_VACCINE_BCELL_UP","GSE29618_PRE_VS_DAY7_POST_LAIV_FLU_VACCINE_BCELL_UP","89/6767","198/21355",5.91874599464681e-05,9.30555373031407e-05,1.5933872914461e-05
"GSE41867_NAIVE_VS_DAY15_LCMV_ARMSTRONG_EFFECTOR_CD8_TCELL_DN","GSE41867_NAIVE_VS_DAY15_LCMV_ARMSTRONG_EFFECTOR_CD8_TCELL_DN","89/6767","198/21355",5.91874599464681e-05,9.30555373031407e-05,1.5933872914461e-05
"GSE21927_UNTREATED_VS_GMCSF_IL6_TREATED_BONE_MARROW_DN","GSE21927_UNTREATED_VS_GMCSF_IL6_TREATED_BONE_MARROW_DN","84/6767","185/21355",6.08920171222556e-05,9.56767918436422e-05,1.63827095762573e-05
"GSE37605_FOXP3_FUSION_GFP_VS_IRES_GFP_TREG_C57BL6_UP","GSE37605_FOXP3_FUSION_GFP_VS_IRES_GFP_TREG_C57BL6_UP","84/6767","185/21355",6.08920171222556e-05,9.56767918436422e-05,1.63827095762573e-05
"GSE32255_UNSTIM_VS_4H_LPS_STIM_DC_DN","GSE32255_UNSTIM_VS_4H_LPS_STIM_DC_DN","72/6767","154/21355",6.33298703450666e-05,9.94767908269475e-05,1.70333823103024e-05
"ZAK_PBMC_MRKAD5_HIV_1_GAG_POL_NEF_AGE_20_50YO_AD5_NAB_TITERS_GT_200_VS_LTE_200_1DY_DN","ZAK_PBMC_MRKAD5_HIV_1_GAG_POL_NEF_AGE_20_50YO_AD5_NAB_TITERS_GT_200_VS_LTE_200_1DY_DN","55/6767","111/21355",6.51450798771075e-05,0.00010229673033076,1.75162397412776e-05
"GSE2770_IL12_VS_TGFB_AND_IL12_TREATED_ACT_CD4_TCELL_2H_DN","GSE2770_IL12_VS_TGFB_AND_IL12_TREATED_ACT_CD4_TCELL_2H_DN","75/6767","162/21355",6.75957656338867e-05,0.000106112520026007,1.81696163143912e-05
"GSE17974_IL4_AND_ANTI_IL12_VS_UNTREATED_48H_ACT_CD4_TCELL_UP","GSE17974_IL4_AND_ANTI_IL12_VS_UNTREATED_48H_ACT_CD4_TCELL_UP","88/6767","196/21355",6.82828157946297e-05,0.000107059937791763,1.83318423861971e-05
"GSE22886_UNSTIM_VS_IL2_STIM_NKCELL_UP","GSE22886_UNSTIM_VS_IL2_STIM_NKCELL_UP","88/6767","196/21355",6.82828157946297e-05,0.000107059937791763,1.83318423861971e-05
"GSE25088_WT_VS_STAT6_KO_MACROPHAGE_UP","GSE25088_WT_VS_STAT6_KO_MACROPHAGE_UP","88/6767","196/21355",6.82828157946297e-05,0.000107059937791763,1.83318423861971e-05
"GSE3982_EOSINOPHIL_VS_BASOPHIL_UP","GSE3982_EOSINOPHIL_VS_BASOPHIL_UP","88/6767","196/21355",6.82828157946297e-05,0.000107059937791763,1.83318423861971e-05
"GSE37605_TREG_VS_TCONV_NOD_FOXP3_FUSION_GFP_DN","GSE37605_TREG_VS_TCONV_NOD_FOXP3_FUSION_GFP_DN","78/6767","170/21355",7.12688507303553e-05,0.000111707550502761,1.91276517752872e-05
"GSE17974_0H_VS_24H_IN_VITRO_ACT_CD4_TCELL_UP","GSE17974_0H_VS_24H_IN_VITRO_ACT_CD4_TCELL_UP","86/6767","191/21355",7.24808188425123e-05,0.000113537781303257,1.94410416693699e-05
"GSE2706_UNSTIM_VS_2H_LPS_AND_R848_DC_DN","GSE2706_UNSTIM_VS_2H_LPS_AND_R848_DC_DN","86/6767","191/21355",7.24808188425123e-05,0.000113537781303257,1.94410416693699e-05
"GSE13306_TREG_VS_TCONV_SPLEEN_DN","GSE13306_TREG_VS_TCONV_SPLEEN_DN","89/6767","199/21355",7.40713978438089e-05,0.000115429804481826,1.9765012254595e-05
"GSE14000_TRANSLATED_RNA_VS_MRNA_4H_LPS_DC_UP","GSE14000_TRANSLATED_RNA_VS_MRNA_4H_LPS_DC_UP","89/6767","199/21355",7.40713978438089e-05,0.000115429804481826,1.9765012254595e-05
"GSE16755_CTRL_VS_IFNA_TREATED_MAC_DN","GSE16755_CTRL_VS_IFNA_TREATED_MAC_DN","89/6767","199/21355",7.40713978438089e-05,0.000115429804481826,1.9765012254595e-05
"GSE17301_IFNA2_VS_IFNA2_AND_ACD3_ACD28_STIM_CD8_TCELL_DN","GSE17301_IFNA2_VS_IFNA2_AND_ACD3_ACD28_STIM_CD8_TCELL_DN","89/6767","199/21355",7.40713978438089e-05,0.000115429804481826,1.9765012254595e-05
"GSE17721_CTRL_VS_LPS_6H_BMDC_DN","GSE17721_CTRL_VS_LPS_6H_BMDC_DN","89/6767","199/21355",7.40713978438089e-05,0.000115429804481826,1.9765012254595e-05
"GSE22886_NAIVE_CD8_TCELL_VS_DC_UP","GSE22886_NAIVE_CD8_TCELL_VS_DC_UP","89/6767","199/21355",7.40713978438089e-05,0.000115429804481826,1.9765012254595e-05
"GSE24634_IL4_VS_CTRL_TREATED_NAIVE_CD4_TCELL_DAY5_DN","GSE24634_IL4_VS_CTRL_TREATED_NAIVE_CD4_TCELL_DAY5_DN","89/6767","199/21355",7.40713978438089e-05,0.000115429804481826,1.9765012254595e-05
"GSE26669_CD4_VS_CD8_TCELL_IN_MLR_COSTIM_BLOCK_DN","GSE26669_CD4_VS_CD8_TCELL_IN_MLR_COSTIM_BLOCK_DN","89/6767","199/21355",7.40713978438089e-05,0.000115429804481826,1.9765012254595e-05
"GSE27786_LSK_VS_BCELL_DN","GSE27786_LSK_VS_BCELL_DN","89/6767","199/21355",7.40713978438089e-05,0.000115429804481826,1.9765012254595e-05
"GSE29618_MONOCYTE_VS_PDC_DAY7_FLU_VACCINE_DN","GSE29618_MONOCYTE_VS_PDC_DAY7_FLU_VACCINE_DN","89/6767","199/21355",7.40713978438089e-05,0.000115429804481826,1.9765012254595e-05
"GSE33513_TCF7_KO_VS_HET_EARLY_THYMIC_PROGENITOR_DN","GSE33513_TCF7_KO_VS_HET_EARLY_THYMIC_PROGENITOR_DN","89/6767","199/21355",7.40713978438089e-05,0.000115429804481826,1.9765012254595e-05
"GSE360_L_MAJOR_VS_M_TUBERCULOSIS_DC_DN","GSE360_L_MAJOR_VS_M_TUBERCULOSIS_DC_DN","89/6767","199/21355",7.40713978438089e-05,0.000115429804481826,1.9765012254595e-05
"GSE36888_STAT5_AB_KNOCKIN_VS_WT_TCELL_IL2_TREATED_6H_UP","GSE36888_STAT5_AB_KNOCKIN_VS_WT_TCELL_IL2_TREATED_6H_UP","89/6767","199/21355",7.40713978438089e-05,0.000115429804481826,1.9765012254595e-05
"GSE42724_B1_BCELL_VS_PLASMABLAST_UP","GSE42724_B1_BCELL_VS_PLASMABLAST_UP","89/6767","199/21355",7.40713978438089e-05,0.000115429804481826,1.9765012254595e-05
"GSE45739_UNSTIM_VS_ACD3_ACD28_STIM_WT_CD4_TCELL_DN","GSE45739_UNSTIM_VS_ACD3_ACD28_STIM_WT_CD4_TCELL_DN","89/6767","199/21355",7.40713978438089e-05,0.000115429804481826,1.9765012254595e-05
"GSE5679_RARA_AGONIST_AM580_VS_AM580_AND_ROSIGLITAZONE_TREATED_DC_UP","GSE5679_RARA_AGONIST_AM580_VS_AM580_AND_ROSIGLITAZONE_TREATED_DC_UP","89/6767","199/21355",7.40713978438089e-05,0.000115429804481826,1.9765012254595e-05
"GSE6875_TCONV_VS_TREG_DN","GSE6875_TCONV_VS_TREG_DN","89/6767","199/21355",7.40713978438089e-05,0.000115429804481826,1.9765012254595e-05
"GSE3920_UNTREATED_VS_IFNA_TREATED_ENDOTHELIAL_CELL_DN","GSE3920_UNTREATED_VS_IFNA_TREATED_ENDOTHELIAL_CELL_DN","76/6767","165/21355",7.48222127504053e-05,0.000116564413482628,1.99592910277913e-05
"GSE21927_SPLEEN_VS_BONE_MARROW_MONOCYTE_BALBC_DN","GSE21927_SPLEEN_VS_BONE_MARROW_MONOCYTE_BALBC_DN","87/6767","194/21355",7.87646798796677e-05,0.00012263179888948,2.09982076876445e-05
"GSE25502_WT_VS_KLF13_KO_THYMIC_MEMORY_LIKE_CD8_TCELL_UP","GSE25502_WT_VS_KLF13_KO_THYMIC_MEMORY_LIKE_CD8_TCELL_UP","87/6767","194/21355",7.87646798796677e-05,0.00012263179888948,2.09982076876445e-05
"GSE6259_33D1_POS_DC_VS_BCELL_DN","GSE6259_33D1_POS_DC_VS_BCELL_DN","70/6767","150/21355",8.53755320796293e-05,0.000132570098905888,2.26999399438496e-05
"GSE11057_PBMC_VS_MEM_CD4_TCELL_DN","GSE11057_PBMC_VS_MEM_CD4_TCELL_DN","88/6767","197/21355",8.53806254314889e-05,0.000132570098905888,2.26999399438496e-05
"GSE1791_CTRL_VS_NEUROMEDINU_IN_T_CELL_LINE_0.8H_UP","GSE1791_CTRL_VS_NEUROMEDINU_IN_T_CELL_LINE_0.8H_UP","88/6767","197/21355",8.53806254314889e-05,0.000132570098905888,2.26999399438496e-05
"GSE19401_UNSTIM_VS_PAM2CSK4_STIM_FOLLICULAR_DC_UP","GSE19401_UNSTIM_VS_PAM2CSK4_STIM_FOLLICULAR_DC_UP","88/6767","197/21355",8.53806254314889e-05,0.000132570098905888,2.26999399438496e-05
"GSE25088_CTRL_VS_IL4_AND_ROSIGLITAZONE_STIM_STAT6_KO_MACROPHAGE_UP","GSE25088_CTRL_VS_IL4_AND_ROSIGLITAZONE_STIM_STAT6_KO_MACROPHAGE_UP","88/6767","197/21355",8.53806254314889e-05,0.000132570098905888,2.26999399438496e-05
"GSE28130_ACTIVATED_VS_INDUCEED_TREG_UP","GSE28130_ACTIVATED_VS_INDUCEED_TREG_UP","88/6767","197/21355",8.53806254314889e-05,0.000132570098905888,2.26999399438496e-05
"GSE29949_CD8_POS_DC_SPLEEN_VS_MONOCYTE_BONE_MARROW_UP","GSE29949_CD8_POS_DC_SPLEEN_VS_MONOCYTE_BONE_MARROW_UP","88/6767","197/21355",8.53806254314889e-05,0.000132570098905888,2.26999399438496e-05
"GSE3982_BCELL_VS_TH2_UP","GSE3982_BCELL_VS_TH2_UP","88/6767","197/21355",8.53806254314889e-05,0.000132570098905888,2.26999399438496e-05
"GSE42021_TREG_PLN_VS_TREG_PRECURSORS_THYMUS_UP","GSE42021_TREG_PLN_VS_TREG_PRECURSORS_THYMUS_UP","88/6767","197/21355",8.53806254314889e-05,0.000132570098905888,2.26999399438496e-05
"GSE21033_1H_VS_12H_POLYIC_STIM_DC_UP","GSE21033_1H_VS_12H_POLYIC_STIM_DC_UP","80/6767","176/21355",8.59740954603356e-05,0.000133451161799921,2.28508040900361e-05
"GSE25087_FETAL_VS_ADULT_TREG_DN","GSE25087_FETAL_VS_ADULT_TREG_DN","86/6767","192/21355",9.08423375888547e-05,0.000140965092257282,2.41374122432474e-05
"GSE12505_WT_VS_E2_2_HET_PDC_DN","GSE12505_WT_VS_E2_2_HET_PDC_DN","73/6767","158/21355",9.08817223714726e-05,0.000140983537246154,2.41405705733922e-05
"GSE11924_TH2_VS_TH17_CD4_TCELL_DN","GSE11924_TH2_VS_TH17_CD4_TCELL_DN","89/6767","200/21355",9.23323307517569e-05,0.000141605701395231,2.42471035618701e-05
"GSE11961_FOLLICULAR_BCELL_VS_PLASMA_CELL_DAY7_UP","GSE11961_FOLLICULAR_BCELL_VS_PLASMA_CELL_DAY7_UP","89/6767","200/21355",9.23323307517569e-05,0.000141605701395231,2.42471035618701e-05
"GSE12198_NK_VS_NK_ACT_EXPANSION_SYSTEM_DERIVED_NK_CELL_UP","GSE12198_NK_VS_NK_ACT_EXPANSION_SYSTEM_DERIVED_NK_CELL_UP","89/6767","200/21355",9.23323307517569e-05,0.000141605701395231,2.42471035618701e-05
"GSE14308_TH1_VS_NATURAL_TREG_UP","GSE14308_TH1_VS_NATURAL_TREG_UP","89/6767","200/21355",9.23323307517569e-05,0.000141605701395231,2.42471035618701e-05
"GSE15324_NAIVE_VS_ACTIVATED_ELF4_KO_CD8_TCELL_UP","GSE15324_NAIVE_VS_ACTIVATED_ELF4_KO_CD8_TCELL_UP","89/6767","200/21355",9.23323307517569e-05,0.000141605701395231,2.42471035618701e-05
"GSE17721_LPS_VS_POLYIC_2H_BMDC_UP","GSE17721_LPS_VS_POLYIC_2H_BMDC_UP","89/6767","200/21355",9.23323307517569e-05,0.000141605701395231,2.42471035618701e-05
"GSE20198_UNTREATED_VS_IL12_TREATED_ACT_CD4_TCELL_UP","GSE20198_UNTREATED_VS_IL12_TREATED_ACT_CD4_TCELL_UP","89/6767","200/21355",9.23323307517569e-05,0.000141605701395231,2.42471035618701e-05
"GSE20366_TREG_VS_NAIVE_CD4_TCELL_DEC205_CONVERSION_UP","GSE20366_TREG_VS_NAIVE_CD4_TCELL_DEC205_CONVERSION_UP","89/6767","200/21355",9.23323307517569e-05,0.000141605701395231,2.42471035618701e-05
"GSE20715_WT_VS_TLR4_KO_24H_OZONE_LUNG_DN","GSE20715_WT_VS_TLR4_KO_24H_OZONE_LUNG_DN","89/6767","200/21355",9.23323307517569e-05,0.000141605701395231,2.42471035618701e-05
"GSE20715_WT_VS_TLR4_KO_24H_OZONE_LUNG_UP","GSE20715_WT_VS_TLR4_KO_24H_OZONE_LUNG_UP","89/6767","200/21355",9.23323307517569e-05,0.000141605701395231,2.42471035618701e-05
"GSE21546_WT_VS_SAP1A_KO_AND_ELK1_KO_DP_THYMOCYTES_UP","GSE21546_WT_VS_SAP1A_KO_AND_ELK1_KO_DP_THYMOCYTES_UP","89/6767","200/21355",9.23323307517569e-05,0.000141605701395231,2.42471035618701e-05
"GSE22103_UNSTIM_VS_LPS_STIM_NEUTROPHIL_DN","GSE22103_UNSTIM_VS_LPS_STIM_NEUTROPHIL_DN","89/6767","200/21355",9.23323307517569e-05,0.000141605701395231,2.42471035618701e-05
"GSE22432_UNTREATED_VS_TGFB1_TREATED_COMMON_DC_PROGENITOR_UP","GSE22432_UNTREATED_VS_TGFB1_TREATED_COMMON_DC_PROGENITOR_UP","89/6767","200/21355",9.23323307517569e-05,0.000141605701395231,2.42471035618701e-05
"GSE22601_IMMATURE_CD4_SINGLE_POSITIVE_VS_CD4_SINGLE_POSITIVE_THYMOCYTE_DN","GSE22601_IMMATURE_CD4_SINGLE_POSITIVE_VS_CD4_SINGLE_POSITIVE_THYMOCYTE_DN","89/6767","200/21355",9.23323307517569e-05,0.000141605701395231,2.42471035618701e-05
"GSE24671_BAKIMULC_VS_SENDAI_VIRUS_INFECTED_MOUSE_SPLENOCYTES_UP","GSE24671_BAKIMULC_VS_SENDAI_VIRUS_INFECTED_MOUSE_SPLENOCYTES_UP","89/6767","200/21355",9.23323307517569e-05,0.000141605701395231,2.42471035618701e-05
"GSE30083_SP2_VS_SP3_THYMOCYTE_DN","GSE30083_SP2_VS_SP3_THYMOCYTE_DN","89/6767","200/21355",9.23323307517569e-05,0.000141605701395231,2.42471035618701e-05
"GSE30962_PRIMARY_VS_SECONDARY_ACUTE_LCMV_INF_CD8_TCELL_DN","GSE30962_PRIMARY_VS_SECONDARY_ACUTE_LCMV_INF_CD8_TCELL_DN","89/6767","200/21355",9.23323307517569e-05,0.000141605701395231,2.42471035618701e-05
"GSE32533_MIR17_KO_VS_MIR17_OVEREXPRESS_ACT_CD4_TCELL_DN","GSE32533_MIR17_KO_VS_MIR17_OVEREXPRESS_ACT_CD4_TCELL_DN","89/6767","200/21355",9.23323307517569e-05,0.000141605701395231,2.42471035618701e-05
"GSE360_CTRL_VS_B_MALAYI_HIGH_DOSE_MAC_DN","GSE360_CTRL_VS_B_MALAYI_HIGH_DOSE_MAC_DN","89/6767","200/21355",9.23323307517569e-05,0.000141605701395231,2.42471035618701e-05
"GSE360_CTRL_VS_B_MALAYI_HIGH_DOSE_MAC_UP","GSE360_CTRL_VS_B_MALAYI_HIGH_DOSE_MAC_UP","89/6767","200/21355",9.23323307517569e-05,0.000141605701395231,2.42471035618701e-05
"GSE360_DC_VS_MAC_B_MALAYI_LOW_DOSE_DN","GSE360_DC_VS_MAC_B_MALAYI_LOW_DOSE_DN","89/6767","200/21355",9.23323307517569e-05,0.000141605701395231,2.42471035618701e-05
"GSE360_L_MAJOR_VS_B_MALAYI_LOW_DOSE_DC_DN","GSE360_L_MAJOR_VS_B_MALAYI_LOW_DOSE_DC_DN","89/6767","200/21355",9.23323307517569e-05,0.000141605701395231,2.42471035618701e-05
"GSE3982_CTRL_VS_LPS_4H_MAC_UP","GSE3982_CTRL_VS_LPS_4H_MAC_UP","89/6767","200/21355",9.23323307517569e-05,0.000141605701395231,2.42471035618701e-05
"GSE3994_WT_VS_PAC1_KO_ACTIVATED_MAST_CELL_DN","GSE3994_WT_VS_PAC1_KO_ACTIVATED_MAST_CELL_DN","89/6767","200/21355",9.23323307517569e-05,0.000141605701395231,2.42471035618701e-05
"GSE40666_NAIVE_VS_EFFECTOR_CD8_TCELL_UP","GSE40666_NAIVE_VS_EFFECTOR_CD8_TCELL_UP","89/6767","200/21355",9.23323307517569e-05,0.000141605701395231,2.42471035618701e-05
"GSE41176_WT_VS_TAK1_KO_ANTI_IGM_STIM_BCELL_6H_UP","GSE41176_WT_VS_TAK1_KO_ANTI_IGM_STIM_BCELL_6H_UP","89/6767","200/21355",9.23323307517569e-05,0.000141605701395231,2.42471035618701e-05
"GSE4142_GC_BCELL_VS_MEMORY_BCELL_UP","GSE4142_GC_BCELL_VS_MEMORY_BCELL_UP","89/6767","200/21355",9.23323307517569e-05,0.000141605701395231,2.42471035618701e-05
"GSE41867_NAIVE_VS_DAY6_LCMV_ARMSTRONG_EFFECTOR_CD8_TCELL_UP","GSE41867_NAIVE_VS_DAY6_LCMV_ARMSTRONG_EFFECTOR_CD8_TCELL_UP","89/6767","200/21355",9.23323307517569e-05,0.000141605701395231,2.42471035618701e-05
"GSE42724_MEMORY_VS_B1_BCELL_UP","GSE42724_MEMORY_VS_B1_BCELL_UP","89/6767","200/21355",9.23323307517569e-05,0.000141605701395231,2.42471035618701e-05
"GSE43955_10H_VS_30H_ACT_CD4_TCELL_WITH_TGFB_IL6_UP","GSE43955_10H_VS_30H_ACT_CD4_TCELL_WITH_TGFB_IL6_UP","89/6767","200/21355",9.23323307517569e-05,0.000141605701395231,2.42471035618701e-05
"GSE43955_TH0_VS_TGFB_IL6_TH17_ACT_CD4_TCELL_20H_UP","GSE43955_TH0_VS_TGFB_IL6_TH17_ACT_CD4_TCELL_20H_UP","89/6767","200/21355",9.23323307517569e-05,0.000141605701395231,2.42471035618701e-05
"GSE4748_CTRL_VS_CYANOBACTERIUM_LPSLIKE_STIM_DC_1H_UP","GSE4748_CTRL_VS_CYANOBACTERIUM_LPSLIKE_STIM_DC_1H_UP","89/6767","200/21355",9.23323307517569e-05,0.000141605701395231,2.42471035618701e-05
"GSE557_WT_VS_CIITA_KO_DC_UP","GSE557_WT_VS_CIITA_KO_DC_UP","89/6767","200/21355",9.23323307517569e-05,0.000141605701395231,2.42471035618701e-05
"GSE5589_WT_VS_IL6_KO_LPS_STIM_MACROPHAGE_45MIN_DN","GSE5589_WT_VS_IL6_KO_LPS_STIM_MACROPHAGE_45MIN_DN","89/6767","200/21355",9.23323307517569e-05,0.000141605701395231,2.42471035618701e-05
"GSE5679_PPARG_LIGAND_ROSIGLITAZONE_VS_ROSIGLITAZONE_AND_RARA_AGONIST_AM580_TREATED_DC_UP","GSE5679_PPARG_LIGAND_ROSIGLITAZONE_VS_ROSIGLITAZONE_AND_RARA_AGONIST_AM580_TREATED_DC_UP","89/6767","200/21355",9.23323307517569e-05,0.000141605701395231,2.42471035618701e-05
"GSE7831_1H_VS_4H_INFLUENZA_STIM_PDC_UP","GSE7831_1H_VS_4H_INFLUENZA_STIM_PDC_UP","89/6767","200/21355",9.23323307517569e-05,0.000141605701395231,2.42471035618701e-05
"GSE7831_UNSTIM_VS_CPG_STIM_PDC_4H_DN","GSE7831_UNSTIM_VS_CPG_STIM_PDC_4H_DN","89/6767","200/21355",9.23323307517569e-05,0.000141605701395231,2.42471035618701e-05
"GSE9037_CTRL_VS_LPS_1H_STIM_IRAK4_KO_BMDM_DN","GSE9037_CTRL_VS_LPS_1H_STIM_IRAK4_KO_BMDM_DN","89/6767","200/21355",9.23323307517569e-05,0.000141605701395231,2.42471035618701e-05
"GSE10856_CTRL_VS_TNFRSF6B_IN_MACROPHAGE_DN","GSE10856_CTRL_VS_TNFRSF6B_IN_MACROPHAGE_DN","87/6767","195/21355",9.84010551304406e-05,0.000150822783155088,2.58253418232358e-05
"GSE26495_NAIVE_VS_PD1LOW_CD8_TCELL_UP","GSE26495_NAIVE_VS_PD1LOW_CD8_TCELL_UP","87/6767","195/21355",9.84010551304406e-05,0.000150822783155088,2.58253418232358e-05
"GSE33292_DN3_THYMOCYTE_VS_TCF1_KO_TCELL_LYMPHOMA_DN","GSE33292_DN3_THYMOCYTE_VS_TCF1_KO_TCELL_LYMPHOMA_DN","69/6767","148/21355",9.91245469604729e-05,0.000151886297748459,2.60074471214756e-05
"GSE13522_CTRL_VS_T_CRUZI_G_STRAIN_INF_SKIN_UP","GSE13522_CTRL_VS_T_CRUZI_G_STRAIN_INF_SKIN_UP","88/6767","198/21355",0.000106335157819507,0.000162594796940236,2.7841060361175e-05
"GSE21670_UNTREATED_VS_IL6_TREATED_CD4_TCELL_UP","GSE21670_UNTREATED_VS_IL6_TREATED_CD4_TCELL_UP","88/6767","198/21355",0.000106335157819507,0.000162594796940236,2.7841060361175e-05
"GSE24142_EARLY_THYMIC_PROGENITOR_VS_DN3_THYMOCYTE_DN","GSE24142_EARLY_THYMIC_PROGENITOR_VS_DN3_THYMOCYTE_DN","88/6767","198/21355",0.000106335157819507,0.000162594796940236,2.7841060361175e-05
"GSE29617_CTRL_VS_TIV_FLU_VACCINE_PBMC_2008_DN","GSE29617_CTRL_VS_TIV_FLU_VACCINE_PBMC_2008_DN","88/6767","198/21355",0.000106335157819507,0.000162594796940236,2.7841060361175e-05
"GSE29618_PRE_VS_DAY7_POST_TIV_FLU_VACCINE_MDC_DN","GSE29618_PRE_VS_DAY7_POST_TIV_FLU_VACCINE_MDC_DN","88/6767","198/21355",0.000106335157819507,0.000162594796940236,2.7841060361175e-05
"GSE360_T_GONDII_VS_M_TUBERCULOSIS_MAC_DN","GSE360_T_GONDII_VS_M_TUBERCULOSIS_MAC_DN","88/6767","198/21355",0.000106335157819507,0.000162594796940236,2.7841060361175e-05
"GSE36476_YOUNG_VS_OLD_DONOR_MEMORY_CD4_TCELL_72H_TSST_ACT_DN","GSE36476_YOUNG_VS_OLD_DONOR_MEMORY_CD4_TCELL_72H_TSST_ACT_DN","88/6767","198/21355",0.000106335157819507,0.000162594796940236,2.7841060361175e-05
"GSE21927_BALBC_VS_C57BL6_MONOCYTE_TUMOR_DN","GSE21927_BALBC_VS_C57BL6_MONOCYTE_TUMOR_DN","86/6767","193/21355",0.000113388745634386,0.000173328592387447,2.96790050714239e-05
"GSE4590_LARGE_PRE_BCELL_VS_VPREB_POS_LARGE_PRE_BCELL_DN","GSE4590_LARGE_PRE_BCELL_VS_VPREB_POS_LARGE_PRE_BCELL_DN","81/6767","180/21355",0.00011830123875628,0.000180784039077034,3.09555990658837e-05
"GSE22886_IGG_IGA_MEMORY_BCELL_VS_BM_PLASMA_CELL_DN","GSE22886_IGG_IGA_MEMORY_BCELL_VS_BM_PLASMA_CELL_DN","87/6767","196/21355",0.00012244038377462,0.000186997869410925,3.20195914485154e-05
"GSE9960_HEALTHY_VS_GRAM_NEG_AND_POS_SEPSIS_PBMC_DN","GSE9960_HEALTHY_VS_GRAM_NEG_AND_POS_SEPSIS_PBMC_DN","87/6767","196/21355",0.00012244038377462,0.000186997869410925,3.20195914485154e-05
"GSE14415_INDUCED_VS_NATURAL_TREG_UP","GSE14415_INDUCED_VS_NATURAL_TREG_UP","69/6767","149/21355",0.00012792681569314,0.000195318875538633,3.34443949368607e-05
"GSE14769_40MIN_VS_360MIN_LPS_BMDM_DN","GSE14769_40MIN_VS_360MIN_LPS_BMDM_DN","88/6767","199/21355",0.000131913634196637,0.000200450860262643,3.43231432065626e-05
"GSE15659_CD45RA_NEG_CD4_TCELL_VS_NONSUPPRESSIVE_TCELL_DN","GSE15659_CD45RA_NEG_CD4_TCELL_VS_NONSUPPRESSIVE_TCELL_DN","88/6767","199/21355",0.000131913634196637,0.000200450860262643,3.43231432065626e-05
"GSE17721_CPG_VS_GARDIQUIMOD_6H_BMDC_UP","GSE17721_CPG_VS_GARDIQUIMOD_6H_BMDC_UP","88/6767","199/21355",0.000131913634196637,0.000200450860262643,3.43231432065626e-05
"GSE17721_LPS_VS_PAM3CSK4_1H_BMDC_DN","GSE17721_LPS_VS_PAM3CSK4_1H_BMDC_DN","88/6767","199/21355",0.000131913634196637,0.000200450860262643,3.43231432065626e-05
"GSE17721_LPS_VS_PAM3CSK4_6H_BMDC_UP","GSE17721_LPS_VS_PAM3CSK4_6H_BMDC_UP","88/6767","199/21355",0.000131913634196637,0.000200450860262643,3.43231432065626e-05
"GSE20198_UNTREATED_VS_IL12_TREATED_ACT_CD4_TCELL_DN","GSE20198_UNTREATED_VS_IL12_TREATED_ACT_CD4_TCELL_DN","88/6767","199/21355",0.000131913634196637,0.000200450860262643,3.43231432065626e-05
"GSE21063_CTRL_VS_ANTI_IGM_STIM_BCELL_NFATC1_KO_16H_DN","GSE21063_CTRL_VS_ANTI_IGM_STIM_BCELL_NFATC1_KO_16H_DN","88/6767","199/21355",0.000131913634196637,0.000200450860262643,3.43231432065626e-05
"GSE21360_PRIMARY_VS_SECONDARY_MEMORY_CD8_TCELL_DN","GSE21360_PRIMARY_VS_SECONDARY_MEMORY_CD8_TCELL_DN","88/6767","199/21355",0.000131913634196637,0.000200450860262643,3.43231432065626e-05
"GSE360_L_DONOVANI_VS_T_GONDII_MAC_UP","GSE360_L_DONOVANI_VS_T_GONDII_MAC_UP","88/6767","199/21355",0.000131913634196637,0.000200450860262643,3.43231432065626e-05
"GSE3691_IFN_PRODUCING_KILLER_DC_VS_PLASMACYTOID_DC_SPLEEN_DN","GSE3691_IFN_PRODUCING_KILLER_DC_VS_PLASMACYTOID_DC_SPLEEN_DN","88/6767","199/21355",0.000131913634196637,0.000200450860262643,3.43231432065626e-05
"GSE3982_CTRL_VS_IGE_STIM_MAST_CELL_UP","GSE3982_CTRL_VS_IGE_STIM_MAST_CELL_UP","88/6767","199/21355",0.000131913634196637,0.000200450860262643,3.43231432065626e-05
"GSE3982_MAST_CELL_VS_TH1_UP","GSE3982_MAST_CELL_VS_TH1_UP","88/6767","199/21355",0.000131913634196637,0.000200450860262643,3.43231432065626e-05
"GSE40277_GATA1_AND_SATB1_TRANSDUCED_VS_CTRL_CD4_TCELL_DN","GSE40277_GATA1_AND_SATB1_TRANSDUCED_VS_CTRL_CD4_TCELL_DN","88/6767","199/21355",0.000131913634196637,0.000200450860262643,3.43231432065626e-05
"GSE40666_UNTREATED_VS_IFNA_STIM_STAT4_KO_EFFECTOR_CD8_TCELL_90MIN_DN","GSE40666_UNTREATED_VS_IFNA_STIM_STAT4_KO_EFFECTOR_CD8_TCELL_90MIN_DN","88/6767","199/21355",0.000131913634196637,0.000200450860262643,3.43231432065626e-05
"GSE44649_WT_VS_MIR155_KO_ACTIVATED_CD8_TCELL_DN","GSE44649_WT_VS_MIR155_KO_ACTIVATED_CD8_TCELL_DN","88/6767","199/21355",0.000131913634196637,0.000200450860262643,3.43231432065626e-05
"GSE7460_CTRL_VS_TGFB_TREATED_ACT_TCONV_UP","GSE7460_CTRL_VS_TGFB_TREATED_ACT_TCONV_UP","88/6767","199/21355",0.000131913634196637,0.000200450860262643,3.43231432065626e-05
"SCHERER_PBMC_APSV_WETVAX_AGE_18_40YO_JOINT_TO_VACCINIA_AND_YELLOW_FEVER_UP","SCHERER_PBMC_APSV_WETVAX_AGE_18_40YO_JOINT_TO_VACCINIA_AND_YELLOW_FEVER_UP","31/6767","55/21355",0.000132175102403311,0.000200729191357161,3.43708017599032e-05
"SCHERER_PBMC_YF_VAX_AGE_18_40YO_JOINT_TO_VACCINIA_AND_YELLOW_FEVER_UP","SCHERER_PBMC_YF_VAX_AGE_18_40YO_JOINT_TO_VACCINIA_AND_YELLOW_FEVER_UP","31/6767","55/21355",0.000132175102403311,0.000200729191357161,3.43708017599032e-05
"GSE27896_HDAC6_KO_VS_WT_TREG_DN","GSE27896_HDAC6_KO_VS_WT_TREG_DN","75/6767","165/21355",0.000140482930553651,0.000213282790923473,3.65203510065755e-05
"GSE36476_YOUNG_VS_OLD_DONOR_MEMORY_CD4_TCELL_UP","GSE36476_YOUNG_VS_OLD_DONOR_MEMORY_CD4_TCELL_UP","86/6767","194/21355",0.000140959760957586,0.000213880051621647,3.66226197843108e-05
"GSE45382_UNTREATED_VS_TGFB_TREATED_MACROPHAGES_DN","GSE45382_UNTREATED_VS_TGFB_TREATED_MACROPHAGES_DN","86/6767","194/21355",0.000140959760957586,0.000213880051621647,3.66226197843108e-05
"GSE14699_NAIVE_VS_DELETIONAL_TOLERANCE_CD8_TCELL_UP","GSE14699_NAIVE_VS_DELETIONAL_TOLERANCE_CD8_TCELL_UP","70/6767","152/21355",0.000141623605865585,0.000214760197359614,3.67733268861278e-05
"GSE37605_TREG_VS_TCONV_C57BL6_FOXP3_IRES_GFP_DN","GSE37605_TREG_VS_TCONV_C57BL6_FOXP3_IRES_GFP_DN","70/6767","152/21355",0.000141623605865585,0.000214760197359614,3.67733268861278e-05
"GSE12845_IGD_NEG_BLOOD_VS_NAIVE_TONSIL_BCELL_DN","GSE12845_IGD_NEG_BLOOD_VS_NAIVE_TONSIL_BCELL_DN","87/6767","197/21355",0.000151751283555094,0.000229778154396624,3.93448473544156e-05
"GSE18281_MEDULLARY_THYMOCYTE_VS_WHOLE_MEDULLA_THYMUS_DN","GSE18281_MEDULLARY_THYMOCYTE_VS_WHOLE_MEDULLA_THYMUS_DN","87/6767","197/21355",0.000151751283555094,0.000229778154396624,3.93448473544156e-05
"GSE29618_LAIV_VS_TIV_FLU_VACCINE_DAY7_MDC_UP","GSE29618_LAIV_VS_TIV_FLU_VACCINE_DAY7_MDC_UP","87/6767","197/21355",0.000151751283555094,0.000229778154396624,3.93448473544156e-05
"GSE360_T_GONDII_VS_B_MALAYI_LOW_DOSE_DC_UP","GSE360_T_GONDII_VS_B_MALAYI_LOW_DOSE_DC_UP","87/6767","197/21355",0.000151751283555094,0.000229778154396624,3.93448473544156e-05
"GSE3982_BCELL_VS_NKCELL_UP","GSE3982_BCELL_VS_NKCELL_UP","87/6767","197/21355",0.000151751283555094,0.000229778154396624,3.93448473544156e-05
"GSE11961_GERMINAL_CENTER_BCELL_DAY7_VS_MEMORY_BCELL_DAY40_UP","GSE11961_GERMINAL_CENTER_BCELL_DAY7_VS_MEMORY_BCELL_DAY40_UP","88/6767","200/21355",0.000163013229760473,0.000244020096053123,4.17834909320737e-05
"GSE11961_GERMINAL_CENTER_BCELL_DAY7_VS_PLASMA_CELL_DAY7_UP","GSE11961_GERMINAL_CENTER_BCELL_DAY7_VS_PLASMA_CELL_DAY7_UP","88/6767","200/21355",0.000163013229760473,0.000244020096053123,4.17834909320737e-05
"GSE11961_MEMORY_BCELL_DAY40_VS_GERMINAL_CENTER_BCELL_DAY40_DN","GSE11961_MEMORY_BCELL_DAY40_VS_GERMINAL_CENTER_BCELL_DAY40_DN","88/6767","200/21355",0.000163013229760473,0.000244020096053123,4.17834909320737e-05
"GSE14308_TH17_VS_NATURAL_TREG_DN","GSE14308_TH17_VS_NATURAL_TREG_DN","88/6767","200/21355",0.000163013229760473,0.000244020096053123,4.17834909320737e-05
"GSE14350_IL2RB_KO_VS_WT_TEFF_UP","GSE14350_IL2RB_KO_VS_WT_TEFF_UP","88/6767","200/21355",0.000163013229760473,0.000244020096053123,4.17834909320737e-05
"GSE15324_NAIVE_VS_ACTIVATED_CD8_TCELL_DN","GSE15324_NAIVE_VS_ACTIVATED_CD8_TCELL_DN","88/6767","200/21355",0.000163013229760473,0.000244020096053123,4.17834909320737e-05
"GSE15330_WT_VS_IKAROS_KO_LYMPHOID_MULTIPOTENT_PROGENITOR_DN","GSE15330_WT_VS_IKAROS_KO_LYMPHOID_MULTIPOTENT_PROGENITOR_DN","88/6767","200/21355",0.000163013229760473,0.000244020096053123,4.17834909320737e-05
"GSE15330_WT_VS_IKAROS_KO_MEGAKARYOCYTE_ERYTHROID_PROGENITOR_DN","GSE15330_WT_VS_IKAROS_KO_MEGAKARYOCYTE_ERYTHROID_PROGENITOR_DN","88/6767","200/21355",0.000163013229760473,0.000244020096053123,4.17834909320737e-05
"GSE17721_0.5H_VS_4H_POLYIC_BMDC_UP","GSE17721_0.5H_VS_4H_POLYIC_BMDC_UP","88/6767","200/21355",0.000163013229760473,0.000244020096053123,4.17834909320737e-05
"GSE17721_CPG_VS_GARDIQUIMOD_24H_BMDC_UP","GSE17721_CPG_VS_GARDIQUIMOD_24H_BMDC_UP","88/6767","200/21355",0.000163013229760473,0.000244020096053123,4.17834909320737e-05
"GSE17721_CTRL_VS_PAM3CSK4_8H_BMDC_DN","GSE17721_CTRL_VS_PAM3CSK4_8H_BMDC_DN","88/6767","200/21355",0.000163013229760473,0.000244020096053123,4.17834909320737e-05
"GSE17721_CTRL_VS_POLYIC_0.5H_BMDC_UP","GSE17721_CTRL_VS_POLYIC_0.5H_BMDC_UP","88/6767","200/21355",0.000163013229760473,0.000244020096053123,4.17834909320737e-05
"GSE17721_CTRL_VS_POLYIC_12H_BMDC_DN","GSE17721_CTRL_VS_POLYIC_12H_BMDC_DN","88/6767","200/21355",0.000163013229760473,0.000244020096053123,4.17834909320737e-05
"GSE17721_POLYIC_VS_CPG_2H_BMDC_DN","GSE17721_POLYIC_VS_CPG_2H_BMDC_DN","88/6767","200/21355",0.000163013229760473,0.000244020096053123,4.17834909320737e-05
"GSE22432_CONVENTIONAL_CDC_VS_PLASMACYTOID_PDC_DN","GSE22432_CONVENTIONAL_CDC_VS_PLASMACYTOID_PDC_DN","88/6767","200/21355",0.000163013229760473,0.000244020096053123,4.17834909320737e-05
"GSE2585_CTEC_VS_MTEC_THYMUS_DN","GSE2585_CTEC_VS_MTEC_THYMUS_DN","88/6767","200/21355",0.000163013229760473,0.000244020096053123,4.17834909320737e-05
"GSE2770_IL12_ACT_VS_ACT_CD4_TCELL_48H_UP","GSE2770_IL12_ACT_VS_ACT_CD4_TCELL_48H_UP","88/6767","200/21355",0.000163013229760473,0.000244020096053123,4.17834909320737e-05
"GSE2770_UNTREATED_VS_IL12_TREATED_ACT_CD4_TCELL_6H_UP","GSE2770_UNTREATED_VS_IL12_TREATED_ACT_CD4_TCELL_6H_UP","88/6767","200/21355",0.000163013229760473,0.000244020096053123,4.17834909320737e-05
"GSE27786_CD8_TCELL_VS_NKTCELL_UP","GSE27786_CD8_TCELL_VS_NKTCELL_UP","88/6767","200/21355",0.000163013229760473,0.000244020096053123,4.17834909320737e-05
"GSE2826_WT_VS_BTK_KO_BCELL_DN","GSE2826_WT_VS_BTK_KO_BCELL_DN","88/6767","200/21355",0.000163013229760473,0.000244020096053123,4.17834909320737e-05
"GSE29164_DAY3_VS_DAY7_CD8_TCELL_TREATED_MELANOMA_UP","GSE29164_DAY3_VS_DAY7_CD8_TCELL_TREATED_MELANOMA_UP","88/6767","200/21355",0.000163013229760473,0.000244020096053123,4.17834909320737e-05
"GSE30083_SP1_VS_SP2_THYMOCYTE_UP","GSE30083_SP1_VS_SP2_THYMOCYTE_UP","88/6767","200/21355",0.000163013229760473,0.000244020096053123,4.17834909320737e-05
"GSE3039_CD4_TCELL_VS_ALPHAALPHA_CD8_TCELL_DN","GSE3039_CD4_TCELL_VS_ALPHAALPHA_CD8_TCELL_DN","88/6767","200/21355",0.000163013229760473,0.000244020096053123,4.17834909320737e-05
"GSE34006_WT_VS_A2AR_KO_TREG_DN","GSE34006_WT_VS_A2AR_KO_TREG_DN","88/6767","200/21355",0.000163013229760473,0.000244020096053123,4.17834909320737e-05
"GSE34006_WT_VS_A2AR_KO_TREG_UP","GSE34006_WT_VS_A2AR_KO_TREG_UP","88/6767","200/21355",0.000163013229760473,0.000244020096053123,4.17834909320737e-05
"GSE360_CTRL_VS_B_MALAYI_LOW_DOSE_MAC_DN","GSE360_CTRL_VS_B_MALAYI_LOW_DOSE_MAC_DN","88/6767","200/21355",0.000163013229760473,0.000244020096053123,4.17834909320737e-05
"GSE360_HIGH_VS_LOW_DOSE_B_MALAYI_DC_DN","GSE360_HIGH_VS_LOW_DOSE_B_MALAYI_DC_DN","88/6767","200/21355",0.000163013229760473,0.000244020096053123,4.17834909320737e-05
"GSE36078_UNTREATED_VS_AD5_INF_IL1R_KO_MOUSE_LUNG_DC_UP","GSE36078_UNTREATED_VS_AD5_INF_IL1R_KO_MOUSE_LUNG_DC_UP","88/6767","200/21355",0.000163013229760473,0.000244020096053123,4.17834909320737e-05
"GSE39152_SPLEEN_CD103_NEG_VS_BRAIN_CD103_POS_MEMORY_CD8_TCELL_UP","GSE39152_SPLEEN_CD103_NEG_VS_BRAIN_CD103_POS_MEMORY_CD8_TCELL_UP","88/6767","200/21355",0.000163013229760473,0.000244020096053123,4.17834909320737e-05
"GSE3982_NEUTROPHIL_VS_CENT_MEMORY_CD4_TCELL_DN","GSE3982_NEUTROPHIL_VS_CENT_MEMORY_CD4_TCELL_DN","88/6767","200/21355",0.000163013229760473,0.000244020096053123,4.17834909320737e-05
"GSE39820_TGFBETA3_IL6_VS_TGFBETA3_IL6_IL23A_TREATED_CD4_TCELL_DN","GSE39820_TGFBETA3_IL6_VS_TGFBETA3_IL6_IL23A_TREATED_CD4_TCELL_DN","88/6767","200/21355",0.000163013229760473,0.000244020096053123,4.17834909320737e-05
"GSE39864_WT_VS_GATA3_KO_TREG_UP","GSE39864_WT_VS_GATA3_KO_TREG_UP","88/6767","200/21355",0.000163013229760473,0.000244020096053123,4.17834909320737e-05
"GSE41176_UNSTIM_VS_ANTI_IGM_STIM_TAK1_KO_BCELL_6H_UP","GSE41176_UNSTIM_VS_ANTI_IGM_STIM_TAK1_KO_BCELL_6H_UP","88/6767","200/21355",0.000163013229760473,0.000244020096053123,4.17834909320737e-05
"GSE42724_NAIVE_VS_B1_BCELL_UP","GSE42724_NAIVE_VS_B1_BCELL_UP","88/6767","200/21355",0.000163013229760473,0.000244020096053123,4.17834909320737e-05
"GSE43700_UNTREATED_VS_IL10_TREATED_PBMC_DN","GSE43700_UNTREATED_VS_IL10_TREATED_PBMC_DN","88/6767","200/21355",0.000163013229760473,0.000244020096053123,4.17834909320737e-05
"GSE43955_10H_VS_30H_ACT_CD4_TCELL_UP","GSE43955_10H_VS_30H_ACT_CD4_TCELL_UP","88/6767","200/21355",0.000163013229760473,0.000244020096053123,4.17834909320737e-05
"GSE43955_TH0_VS_TGFB_IL6_TH17_ACT_CD4_TCELL_20H_DN","GSE43955_TH0_VS_TGFB_IL6_TH17_ACT_CD4_TCELL_20H_DN","88/6767","200/21355",0.000163013229760473,0.000244020096053123,4.17834909320737e-05
"GSE43955_TH0_VS_TGFB_IL6_TH17_ACT_CD4_TCELL_30H_UP","GSE43955_TH0_VS_TGFB_IL6_TH17_ACT_CD4_TCELL_30H_UP","88/6767","200/21355",0.000163013229760473,0.000244020096053123,4.17834909320737e-05
"GSE7460_WT_VS_FOXP3_HET_ACT_WITH_TGFB_TCONV_UP","GSE7460_WT_VS_FOXP3_HET_ACT_WITH_TGFB_TCONV_UP","88/6767","200/21355",0.000163013229760473,0.000244020096053123,4.17834909320737e-05
"MATSUMIYA_PBMC_MODIFIED_VACCINIA_ANKARA_VACCINE_AGE_18_55YO_VACCINATED_VS_CONTROL_TREATED_IN_VITRO_WITH_MVA85A_6HR_UP","MATSUMIYA_PBMC_MODIFIED_VACCINIA_ANKARA_VACCINE_AGE_18_55YO_VACCINATED_VS_CONTROL_TREATED_IN_VITRO_WITH_MVA85A_6HR_UP","47/6767","94/21355",0.000163197950939275,0.000244225304864466,4.18186287778766e-05
"GSE22611_UNSTIM_VS_6H_MDP_STIM_MUTANT_NOD2_TRANSDUCED_HEK293T_CELL_DN","GSE22611_UNSTIM_VS_6H_MDP_STIM_MUTANT_NOD2_TRANSDUCED_HEK293T_CELL_DN","86/6767","195/21355",0.000174538189408367,0.000260967424058529,4.46853770369074e-05
"GSE30971_2H_VS_4H_LPS_STIM_MACROPHAGE_WBP7_HET_UP","GSE30971_2H_VS_4H_LPS_STIM_MACROPHAGE_WBP7_HET_UP","86/6767","195/21355",0.000174538189408367,0.000260967424058529,4.46853770369074e-05
"GSE41867_NAIVE_VS_DAY15_LCMV_CONE13_EFFECTOR_CD8_TCELL_DN","GSE41867_NAIVE_VS_DAY15_LCMV_CONE13_EFFECTOR_CD8_TCELL_DN","86/6767","195/21355",0.000174538189408367,0.000260967424058529,4.46853770369074e-05
"GAUCHER_PBMC_YF_VAX_STAMARIL_UNKNOWN_AGE_14DY_UP","GAUCHER_PBMC_YF_VAX_STAMARIL_UNKNOWN_AGE_14DY_UP","32/6767","58/21355",0.000178453063798873,0.000266743107316858,4.56743456216849e-05
"GSE3920_IFNA_VS_IFNB_TREATED_ENDOTHELIAL_CELL_UP","GSE3920_IFNA_VS_IFNB_TREATED_ENDOTHELIAL_CELL_UP","76/6767","169/21355",0.000193315022028296,0.000288873832101159,4.94637832676062e-05
"GSE4590_PRE_BCELL_VS_LARGE_PRE_BCELL_DN","GSE4590_PRE_BCELL_VS_LARGE_PRE_BCELL_DN","71/6767","156/21355",0.000198630822379931,0.000296730835181208,5.08091356474243e-05
"FULLER_PBMC_F_TULARENSIS_VACCINE_LVS_AGE_22_54YO_18HR_TO_48HR_EARLY_UP","FULLER_PBMC_F_TULARENSIS_VACCINE_LVS_AGE_22_54YO_18HR_TO_48HR_EARLY_UP","14/6767","19/21355",0.000207706181540525,0.000310107627477657,5.30996399487472e-05
"HOEK_NK_CELL_2011_2012_TIV_7D_VS_0DY_ADULT_7D_DN","HOEK_NK_CELL_2011_2012_TIV_7D_VS_0DY_ADULT_7D_DN","14/6767","19/21355",0.000207706181540525,0.000310107627477657,5.30996399487472e-05
"GSE37532_VISCERAL_ADIPOSE_TISSUE_VS_LN_DERIVED_PPARG_KO_TREG_CD4_TCELL_DN","GSE37532_VISCERAL_ADIPOSE_TISSUE_VS_LN_DERIVED_PPARG_KO_TREG_CD4_TCELL_DN","64/6767","138/21355",0.000209053921471159,0.000312028953532062,5.34286280569821e-05
"GSE2706_UNSTIM_VS_8H_LPS_AND_R848_DC_DN","GSE2706_UNSTIM_VS_8H_LPS_AND_R848_DC_DN","86/6767","196/21355",0.000215269201085662,0.000321025361828443,5.49690804646036e-05
"GSE29618_BCELL_VS_MONOCYTE_DAY7_FLU_VACCINE_UP","GSE29618_BCELL_VS_MONOCYTE_DAY7_FLU_VACCINE_UP","86/6767","196/21355",0.000215269201085662,0.000321025361828443,5.49690804646036e-05
"GSE45365_HEALTHY_VS_MCMV_INFECTION_BCELL_IFNAR_KO_DN","GSE45365_HEALTHY_VS_MCMV_INFECTION_BCELL_IFNAR_KO_DN","86/6767","196/21355",0.000215269201085662,0.000321025361828443,5.49690804646036e-05
"GSE11924_TH1_VS_TH2_CD4_TCELL_DN","GSE11924_TH1_VS_TH2_CD4_TCELL_DN","87/6767","199/21355",0.000230408101823659,0.000342108988719925,5.85792238392036e-05
"GSE17721_12H_VS_24H_GARDIQUIMOD_BMDC_UP","GSE17721_12H_VS_24H_GARDIQUIMOD_BMDC_UP","87/6767","199/21355",0.000230408101823659,0.000342108988719925,5.85792238392036e-05
"GSE17721_CTRL_VS_POLYIC_8H_BMDC_DN","GSE17721_CTRL_VS_POLYIC_8H_BMDC_DN","87/6767","199/21355",0.000230408101823659,0.000342108988719925,5.85792238392036e-05
"GSE21033_CTRL_VS_POLYIC_STIM_DC_6H_UP","GSE21033_CTRL_VS_POLYIC_STIM_DC_6H_UP","87/6767","199/21355",0.000230408101823659,0.000342108988719925,5.85792238392036e-05
"GSE21379_TFH_VS_NON_TFH_CD4_TCELL_UP","GSE21379_TFH_VS_NON_TFH_CD4_TCELL_UP","87/6767","199/21355",0.000230408101823659,0.000342108988719925,5.85792238392036e-05
"GSE25088_WT_VS_STAT6_KO_MACROPHAGE_IL4_STIM_UP","GSE25088_WT_VS_STAT6_KO_MACROPHAGE_IL4_STIM_UP","87/6767","199/21355",0.000230408101823659,0.000342108988719925,5.85792238392036e-05
"GSE2585_THYMIC_DC_VS_MTEC_UP","GSE2585_THYMIC_DC_VS_MTEC_UP","87/6767","199/21355",0.000230408101823659,0.000342108988719925,5.85792238392036e-05
"GSE27786_LIN_NEG_VS_NEUTROPHIL_UP","GSE27786_LIN_NEG_VS_NEUTROPHIL_UP","87/6767","199/21355",0.000230408101823659,0.000342108988719925,5.85792238392036e-05
"GSE29618_PDC_VS_MDC_DAY7_FLU_VACCINE_UP","GSE29618_PDC_VS_MDC_DAY7_FLU_VACCINE_UP","87/6767","199/21355",0.000230408101823659,0.000342108988719925,5.85792238392036e-05
"GSE36392_TYPE_2_MYELOID_VS_EOSINOPHIL_IL25_TREATED_LUNG_UP","GSE36392_TYPE_2_MYELOID_VS_EOSINOPHIL_IL25_TREATED_LUNG_UP","87/6767","199/21355",0.000230408101823659,0.000342108988719925,5.85792238392036e-05
"GSE3982_EOSINOPHIL_VS_DC_UP","GSE3982_EOSINOPHIL_VS_DC_UP","87/6767","199/21355",0.000230408101823659,0.000342108988719925,5.85792238392036e-05
"GSE5589_WT_VS_IL6_KO_LPS_AND_IL10_STIM_MACROPHAGE_45MIN_DN","GSE5589_WT_VS_IL6_KO_LPS_AND_IL10_STIM_MACROPHAGE_45MIN_DN","87/6767","199/21355",0.000230408101823659,0.000342108988719925,5.85792238392036e-05
"GSE8921_UNSTIM_VS_TLR1_2_STIM_MONOCYTE_24H_UP","GSE8921_UNSTIM_VS_TLR1_2_STIM_MONOCYTE_24H_UP","87/6767","199/21355",0.000230408101823659,0.000342108988719925,5.85792238392036e-05
"GSE8921_UNSTIM_VS_TLR1_2_STIM_MONOCYTE_3H_UP","GSE8921_UNSTIM_VS_TLR1_2_STIM_MONOCYTE_3H_UP","87/6767","199/21355",0.000230408101823659,0.000342108988719925,5.85792238392036e-05
"GSE9509_LPS_VS_LPS_AND_IL10_STIM_IL10_KO_MACROPHAGE_10MIN_UP","GSE9509_LPS_VS_LPS_AND_IL10_STIM_IL10_KO_MACROPHAGE_10MIN_UP","87/6767","199/21355",0.000230408101823659,0.000342108988719925,5.85792238392036e-05
"GSE4984_UNTREATED_VS_GALECTIN1_TREATED_DC_DN","GSE4984_UNTREATED_VS_GALECTIN1_TREATED_DC_DN","84/6767","191/21355",0.000230750913003601,0.000342518798775178,5.86493954972126e-05
"HOFT_CD4_POSITIVE_ALPHA_BETA_MEMORY_T_CELL_BCG_VACCINE_AGE_18_45YO_56D_TOP_100_DEG_AFTER_IN_VITRO_RE_STIMULATION_DN","HOFT_CD4_POSITIVE_ALPHA_BETA_MEMORY_T_CELL_BCG_VACCINE_AGE_18_45YO_56D_TOP_100_DEG_AFTER_IN_VITRO_RE_STIMULATION_DN","27/6767","47/21355",0.000231229520172871,0.000343129884204432,5.87540314796785e-05
"QI_PBMC_ZOSTAVAX_AGE_50_75YO_CORRELATED_WITH_EXPANSION_OF_VZV_SPECIFIC_T_CELLS_TO_PEAK_AT_1DY_NEGATIVE","QI_PBMC_ZOSTAVAX_AGE_50_75YO_CORRELATED_WITH_EXPANSION_OF_VZV_SPECIFIC_T_CELLS_TO_PEAK_AT_1DY_NEGATIVE","63/6767","136/21355",0.000242682266884939,0.000360020828217328,6.16462629696758e-05
"GSE14000_TRANSLATED_RNA_VS_MRNA_4H_LPS_DC_DN","GSE14000_TRANSLATED_RNA_VS_MRNA_4H_LPS_DC_DN","85/6767","194/21355",0.000247298151326774,0.000366338521193982,6.27280397227847e-05
"GSE17974_CTRL_VS_ACT_IL4_AND_ANTI_IL12_1H_CD4_TCELL_UP","GSE17974_CTRL_VS_ACT_IL4_AND_ANTI_IL12_1H_CD4_TCELL_UP","85/6767","194/21355",0.000247298151326774,0.000366338521193982,6.27280397227847e-05
"GSE19772_CTRL_VS_HCMV_INF_MONOCYTES_AND_PI3K_INHIBITION_UP","GSE19772_CTRL_VS_HCMV_INF_MONOCYTES_AND_PI3K_INHIBITION_UP","85/6767","194/21355",0.000247298151326774,0.000366338521193982,6.27280397227847e-05
"GSE21927_SPLEEN_VS_C26GM_TUMOR_MONOCYTE_BALBC_DN","GSE21927_SPLEEN_VS_C26GM_TUMOR_MONOCYTE_BALBC_DN","85/6767","194/21355",0.000247298151326774,0.000366338521193982,6.27280397227847e-05
"GSE21927_SPLEEN_VS_TUMOR_MONOCYTE_BALBC_DN","GSE21927_SPLEEN_VS_TUMOR_MONOCYTE_BALBC_DN","85/6767","194/21355",0.000247298151326774,0.000366338521193982,6.27280397227847e-05
"MATSUMIYA_PBMC_MODIFIED_VACCINIA_ANKARA_VACCINE_AGE_18_55YO_2DY_UP","MATSUMIYA_PBMC_MODIFIED_VACCINIA_ANKARA_VACCINE_AGE_18_55YO_2DY_UP","35/6767","66/21355",0.000256956102341383,0.000380535510313191,6.5158986090399e-05
"GSE13411_PLASMA_CELL_VS_MEMORY_BCELL_UP","GSE13411_PLASMA_CELL_VS_MEMORY_BCELL_UP","86/6767","197/21355",0.000264481281334569,0.000391114949351698,6.69705003971372e-05
"GSE360_L_DONOVANI_VS_T_GONDII_DC_DN","GSE360_L_DONOVANI_VS_T_GONDII_DC_DN","86/6767","197/21355",0.000264481281334569,0.000391114949351698,6.69705003971372e-05
"GSE3982_MAST_CELL_VS_BCELL_DN","GSE3982_MAST_CELL_VS_BCELL_DN","86/6767","197/21355",0.000264481281334569,0.000391114949351698,6.69705003971372e-05
"GSE42724_NAIVE_BCELL_VS_PLASMABLAST_UP","GSE42724_NAIVE_BCELL_VS_PLASMABLAST_UP","86/6767","197/21355",0.000264481281334569,0.000391114949351698,6.69705003971372e-05
"GSE5542_UNTREATED_VS_IFNA_TREATED_EPITHELIAL_CELLS_24H_DN","GSE5542_UNTREATED_VS_IFNA_TREATED_EPITHELIAL_CELLS_24H_DN","86/6767","197/21355",0.000264481281334569,0.000391114949351698,6.69705003971372e-05
"GSE10240_CTRL_VS_IL17_AND_IL22_STIM_PRIMARY_BRONCHIAL_EPITHELIAL_CELLS_UP","GSE10240_CTRL_VS_IL17_AND_IL22_STIM_PRIMARY_BRONCHIAL_EPITHELIAL_CELLS_UP","87/6767","200/21355",0.000282296189164343,0.000413287424855964,7.07670870068419e-05
"GSE11924_TH1_VS_TH2_CD4_TCELL_UP","GSE11924_TH1_VS_TH2_CD4_TCELL_UP","87/6767","200/21355",0.000282296189164343,0.000413287424855964,7.07670870068419e-05
"GSE11961_FOLLICULAR_BCELL_VS_MEMORY_BCELL_DAY7_DN","GSE11961_FOLLICULAR_BCELL_VS_MEMORY_BCELL_DAY7_DN","87/6767","200/21355",0.000282296189164343,0.000413287424855964,7.07670870068419e-05
"GSE16385_ROSIGLITAZONE_VS_UNTREATED_IFNG_TNF_STIM_MACROPHAGE_DN","GSE16385_ROSIGLITAZONE_VS_UNTREATED_IFNG_TNF_STIM_MACROPHAGE_DN","87/6767","200/21355",0.000282296189164343,0.000413287424855964,7.07670870068419e-05
"GSE16385_UNTREATED_VS_12H_ROSIGLITAZONE_IFNG_TNF_TREATED_MACROPHAGE_DN","GSE16385_UNTREATED_VS_12H_ROSIGLITAZONE_IFNG_TNF_TREATED_MACROPHAGE_DN","87/6767","200/21355",0.000282296189164343,0.000413287424855964,7.07670870068419e-05
"GSE16450_CTRL_VS_IFNA_6H_STIM_IMMATURE_NEURON_CELL_LINE_UP","GSE16450_CTRL_VS_IFNA_6H_STIM_IMMATURE_NEURON_CELL_LINE_UP","87/6767","200/21355",0.000282296189164343,0.000413287424855964,7.07670870068419e-05
"GSE17186_MEMORY_VS_NAIVE_BCELL_UP","GSE17186_MEMORY_VS_NAIVE_BCELL_UP","87/6767","200/21355",0.000282296189164343,0.000413287424855964,7.07670870068419e-05
"GSE17721_CTRL_VS_PAM3CSK4_24H_BMDC_DN","GSE17721_CTRL_VS_PAM3CSK4_24H_BMDC_DN","87/6767","200/21355",0.000282296189164343,0.000413287424855964,7.07670870068419e-05
"GSE17721_LPS_VS_POLYIC_1H_BMDC_UP","GSE17721_LPS_VS_POLYIC_1H_BMDC_UP","87/6767","200/21355",0.000282296189164343,0.000413287424855964,7.07670870068419e-05
"GSE17721_PAM3CSK4_VS_CPG_6H_BMDC_DN","GSE17721_PAM3CSK4_VS_CPG_6H_BMDC_DN","87/6767","200/21355",0.000282296189164343,0.000413287424855964,7.07670870068419e-05
"GSE18893_CTRL_VS_TNF_TREATED_TREG_2H_DN","GSE18893_CTRL_VS_TNF_TREATED_TREG_2H_DN","87/6767","200/21355",0.000282296189164343,0.000413287424855964,7.07670870068419e-05
"GSE19888_ADENOSINE_A3R_INH_VS_INH_PRETREAT_AND_ACT_WITH_TCELL_MEMBRANES_MAST_CELL_UP","GSE19888_ADENOSINE_A3R_INH_VS_INH_PRETREAT_AND_ACT_WITH_TCELL_MEMBRANES_MAST_CELL_UP","87/6767","200/21355",0.000282296189164343,0.000413287424855964,7.07670870068419e-05
"GSE19888_CTRL_VS_TCELL_MEMBRANES_ACT_MAST_CELL_PRETREAT_A3R_INH_DN","GSE19888_CTRL_VS_TCELL_MEMBRANES_ACT_MAST_CELL_PRETREAT_A3R_INH_DN","87/6767","200/21355",0.000282296189164343,0.000413287424855964,7.07670870068419e-05
"GSE21670_TGFB_VS_IL6_TREATED_STAT3_KO_CD4_TCELL_DN","GSE21670_TGFB_VS_IL6_TREATED_STAT3_KO_CD4_TCELL_DN","87/6767","200/21355",0.000282296189164343,0.000413287424855964,7.07670870068419e-05
"GSE23925_LIGHT_ZONE_VS_DARK_ZONE_BCELL_DN","GSE23925_LIGHT_ZONE_VS_DARK_ZONE_BCELL_DN","87/6767","200/21355",0.000282296189164343,0.000413287424855964,7.07670870068419e-05
"GSE24972_MARGINAL_ZONE_BCELL_VS_FOLLICULAR_BCELL_IRF8_KO_UP","GSE24972_MARGINAL_ZONE_BCELL_VS_FOLLICULAR_BCELL_IRF8_KO_UP","87/6767","200/21355",0.000282296189164343,0.000413287424855964,7.07670870068419e-05
"GSE25123_WT_VS_PPARG_KO_MACROPHAGE_IL4_STIM_UP","GSE25123_WT_VS_PPARG_KO_MACROPHAGE_IL4_STIM_UP","87/6767","200/21355",0.000282296189164343,0.000413287424855964,7.07670870068419e-05
"GSE2770_TGFB_AND_IL4_VS_TGFB_AND_IL12_TREATED_ACT_CD4_TCELL_6H_DN","GSE2770_TGFB_AND_IL4_VS_TGFB_AND_IL12_TREATED_ACT_CD4_TCELL_6H_DN","87/6767","200/21355",0.000282296189164343,0.000413287424855964,7.07670870068419e-05
"GSE2770_UNTREATED_VS_TGFB_AND_IL12_TREATED_ACT_CD4_TCELL_48H_UP","GSE2770_UNTREATED_VS_TGFB_AND_IL12_TREATED_ACT_CD4_TCELL_48H_UP","87/6767","200/21355",0.000282296189164343,0.000413287424855964,7.07670870068419e-05
"GSE27786_LIN_NEG_VS_CD4_TCELL_DN","GSE27786_LIN_NEG_VS_CD4_TCELL_DN","87/6767","200/21355",0.000282296189164343,0.000413287424855964,7.07670870068419e-05
"GSE27786_LSK_VS_NEUTROPHIL_DN","GSE27786_LSK_VS_NEUTROPHIL_DN","87/6767","200/21355",0.000282296189164343,0.000413287424855964,7.07670870068419e-05
"GSE29164_DAY3_VS_DAY7_CD8_TCELL_TREATED_MELANOMA_DN","GSE29164_DAY3_VS_DAY7_CD8_TCELL_TREATED_MELANOMA_DN","87/6767","200/21355",0.000282296189164343,0.000413287424855964,7.07670870068419e-05
"GSE32164_RESTING_DIFFERENTIATED_VS_CMYC_INHIBITED_MACROPHAGE_UP","GSE32164_RESTING_DIFFERENTIATED_VS_CMYC_INHIBITED_MACROPHAGE_UP","87/6767","200/21355",0.000282296189164343,0.000413287424855964,7.07670870068419e-05
"GSE32423_CTRL_VS_IL7_IL4_MEMORY_CD8_TCELL_DN","GSE32423_CTRL_VS_IL7_IL4_MEMORY_CD8_TCELL_DN","87/6767","200/21355",0.000282296189164343,0.000413287424855964,7.07670870068419e-05
"GSE39820_TGFBETA1_VS_TGFBETA3_IN_IL6_IL23A_TREATED_CD4_TCELL_UP","GSE39820_TGFBETA1_VS_TGFBETA3_IN_IL6_IL23A_TREATED_CD4_TCELL_UP","87/6767","200/21355",0.000282296189164343,0.000413287424855964,7.07670870068419e-05
"GSE40274_FOXP3_VS_FOXP3_AND_LEF1_TRANSDUCED_ACTIVATED_CD4_TCELL_DN","GSE40274_FOXP3_VS_FOXP3_AND_LEF1_TRANSDUCED_ACTIVATED_CD4_TCELL_DN","87/6767","200/21355",0.000282296189164343,0.000413287424855964,7.07670870068419e-05
"GSE41978_WT_VS_ID2_KO_KLRG1_LOW_EFFECTOR_CD8_TCELL_DN","GSE41978_WT_VS_ID2_KO_KLRG1_LOW_EFFECTOR_CD8_TCELL_DN","87/6767","200/21355",0.000282296189164343,0.000413287424855964,7.07670870068419e-05
"GSE42021_TCONV_PLN_VS_CD24LO_TCONV_THYMUS_UP","GSE42021_TCONV_PLN_VS_CD24LO_TCONV_THYMUS_UP","87/6767","200/21355",0.000282296189164343,0.000413287424855964,7.07670870068419e-05
"GSE43955_1H_VS_20H_ACT_CD4_TCELL_DN","GSE43955_1H_VS_20H_ACT_CD4_TCELL_DN","87/6767","200/21355",0.000282296189164343,0.000413287424855964,7.07670870068419e-05
"GSE43955_TH0_VS_TGFB_IL6_TH17_ACT_CD4_TCELL_4H_DN","GSE43955_TH0_VS_TGFB_IL6_TH17_ACT_CD4_TCELL_4H_DN","87/6767","200/21355",0.000282296189164343,0.000413287424855964,7.07670870068419e-05
"GSE43955_TH0_VS_TGFB_IL6_TH17_ACT_CD4_TCELL_60H_UP","GSE43955_TH0_VS_TGFB_IL6_TH17_ACT_CD4_TCELL_60H_UP","87/6767","200/21355",0.000282296189164343,0.000413287424855964,7.07670870068419e-05
"GSE46606_IRF4HIGH_VS_WT_CD40L_IL2_IL5_DAY1_STIMULATED_BCELL_DN","GSE46606_IRF4HIGH_VS_WT_CD40L_IL2_IL5_DAY1_STIMULATED_BCELL_DN","87/6767","200/21355",0.000282296189164343,0.000413287424855964,7.07670870068419e-05
"GSE5542_IFNA_VS_IFNA_AND_IFNG_TREATED_EPITHELIAL_CELLS_24H_DN","GSE5542_IFNA_VS_IFNA_AND_IFNG_TREATED_EPITHELIAL_CELLS_24H_DN","87/6767","200/21355",0.000282296189164343,0.000413287424855964,7.07670870068419e-05
"GSE6092_UNSTIM_VS_IFNG_STIM_AND_B_BURGDORFERI_INF_ENDOTHELIAL_CELL_UP","GSE6092_UNSTIM_VS_IFNG_STIM_AND_B_BURGDORFERI_INF_ENDOTHELIAL_CELL_UP","87/6767","200/21355",0.000282296189164343,0.000413287424855964,7.07670870068419e-05
"GSE7764_IL15_TREATED_VS_CTRL_NK_CELL_24H_DN","GSE7764_IL15_TREATED_VS_CTRL_NK_CELL_24H_DN","87/6767","200/21355",0.000282296189164343,0.000413287424855964,7.07670870068419e-05
"GSE12366_PLASMA_CELL_VS_MEMORY_BCELL_UP","GSE12366_PLASMA_CELL_VS_MEMORY_BCELL_UP","84/6767","192/21355",0.00028402897799041,0.000415586920706858,7.11608290206686e-05
"GSE17974_0H_VS_1H_IN_VITRO_ACT_CD4_TCELL_UP","GSE17974_0H_VS_1H_IN_VITRO_ACT_CD4_TCELL_UP","84/6767","192/21355",0.00028402897799041,0.000415586920706858,7.11608290206686e-05
"ANDERSON_BLOOD_CN54GP140_ADJUVANTED_WITH_GLA_AF_AGE_18_45YO_3DY_DN","ANDERSON_BLOOD_CN54GP140_ADJUVANTED_WITH_GLA_AF_AGE_18_45YO_3DY_DN","21/6767","34/21355",0.000290310973330303,0.000424657449433513,7.27139730482687e-05
"GSE2706_UNSTIM_VS_2H_R848_DC_UP","GSE2706_UNSTIM_VS_2H_R848_DC_UP","85/6767","195/21355",0.00030352175826373,0.00044385512111185,7.60011848536197e-05
"GSE40274_CTRL_VS_HELIOS_TRANSDUCED_ACTIVATED_CD4_TCELL_DN","GSE40274_CTRL_VS_HELIOS_TRANSDUCED_ACTIVATED_CD4_TCELL_DN","79/6767","179/21355",0.000304383468987965,0.000444988322070515,7.61952225281656e-05
"GSE13547_WT_VS_ZFX_KO_BCELL_ANTI_IGM_STIM_12H_DN","GSE13547_WT_VS_ZFX_KO_BCELL_ANTI_IGM_STIM_12H_DN","71/6767","158/21355",0.000316334553746146,0.000462328180460802,7.91643214980154e-05
"GSE11961_MEMORY_BCELL_DAY40_VS_GERMINAL_CENTER_BCELL_DAY40_UP","GSE11961_MEMORY_BCELL_DAY40_VS_GERMINAL_CENTER_BCELL_DAY40_UP","86/6767","198/21355",0.000323708847779964,0.000472298025773442,8.08714552462301e-05
"GSE13229_MATURE_VS_INTMATURE_NKCELL_DN","GSE13229_MATURE_VS_INTMATURE_NKCELL_DN","86/6767","198/21355",0.000323708847779964,0.000472298025773442,8.08714552462301e-05
"GSE21546_UNSTIM_VS_ANTI_CD3_STIM_SAP1A_KO_DP_THYMOCYTES_UP","GSE21546_UNSTIM_VS_ANTI_CD3_STIM_SAP1A_KO_DP_THYMOCYTES_UP","86/6767","198/21355",0.000323708847779964,0.000472298025773442,8.08714552462301e-05
"GSE22886_NAIVE_TCELL_VS_MONOCYTE_UP","GSE22886_NAIVE_TCELL_VS_MONOCYTE_UP","86/6767","198/21355",0.000323708847779964,0.000472298025773442,8.08714552462301e-05
"GSE360_L_MAJOR_VS_M_TUBERCULOSIS_MAC_DN","GSE360_L_MAJOR_VS_M_TUBERCULOSIS_MAC_DN","86/6767","198/21355",0.000323708847779964,0.000472298025773442,8.08714552462301e-05
"GSE37533_PPARG2_FOXP3_VS_FOXP3_TRANSDUCED_CD4_TCELL_PIOGLITAZONE_TREATED_DN","GSE37533_PPARG2_FOXP3_VS_FOXP3_TRANSDUCED_CD4_TCELL_PIOGLITAZONE_TREATED_DN","86/6767","198/21355",0.000323708847779964,0.000472298025773442,8.08714552462301e-05
"GSE17974_IL4_AND_ANTI_IL12_VS_UNTREATED_4H_ACT_CD4_TCELL_UP","GSE17974_IL4_AND_ANTI_IL12_VS_UNTREATED_4H_ACT_CD4_TCELL_UP","84/6767","193/21355",0.000348240727661574,0.00050794600589499,8.69754486395905e-05
"QUEREC_MODEL_PBMC_YF_17D_VACCINE_AGE_18_45YO_3DY_PREDICTIVE","QUEREC_MODEL_PBMC_YF_17D_VACCINE_AGE_18_45YO_3DY_PREDICTIVE","27/6767","48/21355",0.000369738785317058,0.00053914981579083,9.23184680421612e-05
"GSE14000_TRANSLATED_RNA_VS_MRNA_16H_LPS_DC_DN","GSE14000_TRANSLATED_RNA_VS_MRNA_16H_LPS_DC_DN","85/6767","196/21355",0.000371102545291984,0.000540369994238001,9.25273988470723e-05
"GSE29618_PRE_VS_DAY7_POST_TIV_FLU_VACCINE_BCELL_DN","GSE29618_PRE_VS_DAY7_POST_TIV_FLU_VACCINE_BCELL_DN","85/6767","196/21355",0.000371102545291984,0.000540369994238001,9.25273988470723e-05
"GSE360_DC_VS_MAC_M_TUBERCULOSIS_UP","GSE360_DC_VS_MAC_M_TUBERCULOSIS_UP","85/6767","196/21355",0.000371102545291984,0.000540369994238001,9.25273988470723e-05
"GSE37533_PPARG1_FOXP3_VS_PPARG2_FOXP3_TRANSDUCED_CD4_TCELL_PIOGLITAZONE_TREATED_UP","GSE37533_PPARG1_FOXP3_VS_PPARG2_FOXP3_TRANSDUCED_CD4_TCELL_PIOGLITAZONE_TREATED_UP","85/6767","196/21355",0.000371102545291984,0.000540369994238001,9.25273988470723e-05
"NAKAYA_PLASMACYTOID_DENDRITIC_CELL_FLUARIX_FLUVIRIN_AGE_18_50YO_7DY_DN","NAKAYA_PLASMACYTOID_DENDRITIC_CELL_FLUARIX_FLUVIRIN_AGE_18_50YO_7DY_DN","85/6767","196/21355",0.000371102545291984,0.000540369994238001,9.25273988470723e-05
"GSE37534_GW1929_VS_ROSIGLITAZONE_TREATED_CD4_TCELL_PPARG1_FOXP3_TRANSDUCED_DN","GSE37534_GW1929_VS_ROSIGLITAZONE_TREATED_CD4_TCELL_PPARG1_FOXP3_TRANSDUCED_DN","73/6767","164/21355",0.000371561140370914,0.000540884147269074,9.26154371228497e-05
"GSE11924_TH1_VS_TH17_CD4_TCELL_DN","GSE11924_TH1_VS_TH17_CD4_TCELL_DN","86/6767","199/21355",0.000394716495144947,0.000571024681322839,9.77763921084964e-05
"GSE11961_GERMINAL_CENTER_BCELL_DAY7_VS_GERMINAL_CENTER_BCELL_DAY40_DN","GSE11961_GERMINAL_CENTER_BCELL_DAY7_VS_GERMINAL_CENTER_BCELL_DAY40_DN","86/6767","199/21355",0.000394716495144947,0.000571024681322839,9.77763921084964e-05
"GSE11961_MARGINAL_ZONE_BCELL_VS_GERMINAL_CENTER_BCELL_DAY7_UP","GSE11961_MARGINAL_ZONE_BCELL_VS_GERMINAL_CENTER_BCELL_DAY7_UP","86/6767","199/21355",0.000394716495144947,0.000571024681322839,9.77763921084964e-05
"GSE14308_TH1_VS_NATURAL_TREG_DN","GSE14308_TH1_VS_NATURAL_TREG_DN","86/6767","199/21355",0.000394716495144947,0.000571024681322839,9.77763921084964e-05
"GSE14308_TH17_VS_NAIVE_CD4_TCELL_DN","GSE14308_TH17_VS_NAIVE_CD4_TCELL_DN","86/6767","199/21355",0.000394716495144947,0.000571024681322839,9.77763921084964e-05
"GSE17721_LPS_VS_CPG_24H_BMDC_UP","GSE17721_LPS_VS_CPG_24H_BMDC_UP","86/6767","199/21355",0.000394716495144947,0.000571024681322839,9.77763921084964e-05
"GSE17721_LPS_VS_GARDIQUIMOD_16H_BMDC_UP","GSE17721_LPS_VS_GARDIQUIMOD_16H_BMDC_UP","86/6767","199/21355",0.000394716495144947,0.000571024681322839,9.77763921084964e-05
"GSE18804_SPLEEN_MACROPHAGE_VS_TUMORAL_MACROPHAGE_UP","GSE18804_SPLEEN_MACROPHAGE_VS_TUMORAL_MACROPHAGE_UP","86/6767","199/21355",0.000394716495144947,0.000571024681322839,9.77763921084964e-05
"GSE19941_UNSTIM_VS_LPS_AND_IL10_STIM_IL10_KO_NFKBP50_KO_MACROPHAGE_DN","GSE19941_UNSTIM_VS_LPS_AND_IL10_STIM_IL10_KO_NFKBP50_KO_MACROPHAGE_DN","86/6767","199/21355",0.000394716495144947,0.000571024681322839,9.77763921084964e-05
"GSE21546_WT_VS_SAP1A_KO_AND_ELK1_KO_ANTI_CD3_STIM_DP_THYMOCYTES_DN","GSE21546_WT_VS_SAP1A_KO_AND_ELK1_KO_ANTI_CD3_STIM_DP_THYMOCYTES_DN","86/6767","199/21355",0.000394716495144947,0.000571024681322839,9.77763921084964e-05
"GSE22025_PROGESTERONE_VS_TGFB1_AND_PROGESTERONE_TREATED_CD4_TCELL_UP","GSE22025_PROGESTERONE_VS_TGFB1_AND_PROGESTERONE_TREATED_CD4_TCELL_UP","86/6767","199/21355",0.000394716495144947,0.000571024681322839,9.77763921084964e-05
"GSE23505_UNTREATED_VS_4DAY_IL6_IL1_TGFB_TREATED_CD4_TCELL_UP","GSE23505_UNTREATED_VS_4DAY_IL6_IL1_TGFB_TREATED_CD4_TCELL_UP","86/6767","199/21355",0.000394716495144947,0.000571024681322839,9.77763921084964e-05
"GSE24972_MARGINAL_ZONE_BCELL_VS_FOLLICULAR_BCELL_IRF8_KO_DN","GSE24972_MARGINAL_ZONE_BCELL_VS_FOLLICULAR_BCELL_IRF8_KO_DN","86/6767","199/21355",0.000394716495144947,0.000571024681322839,9.77763921084964e-05
"GSE25123_IL4_VS_IL4_AND_ROSIGLITAZONE_STIM_MACROPHAGE_DAY10_DN","GSE25123_IL4_VS_IL4_AND_ROSIGLITAZONE_STIM_MACROPHAGE_DAY10_DN","86/6767","199/21355",0.000394716495144947,0.000571024681322839,9.77763921084964e-05
"GSE26351_UNSTIM_VS_BMP_PATHWAY_STIM_HEMATOPOIETIC_PROGENITORS_DN","GSE26351_UNSTIM_VS_BMP_PATHWAY_STIM_HEMATOPOIETIC_PROGENITORS_DN","86/6767","199/21355",0.000394716495144947,0.000571024681322839,9.77763921084964e-05
"GSE2770_IL12_AND_TGFB_ACT_VS_ACT_CD4_TCELL_6H_UP","GSE2770_IL12_AND_TGFB_ACT_VS_ACT_CD4_TCELL_6H_UP","86/6767","199/21355",0.000394716495144947,0.000571024681322839,9.77763921084964e-05
"GSE28783_ANTI_MIR33_VS_UNTREATED_ATHEROSCLEROSIS_MACROPHAGE_DN","GSE28783_ANTI_MIR33_VS_UNTREATED_ATHEROSCLEROSIS_MACROPHAGE_DN","86/6767","199/21355",0.000394716495144947,0.000571024681322839,9.77763921084964e-05
"GSE28783_ANTI_MIR33_VS_UNTREATED_ATHEROSCLEROSIS_MACROPHAGE_UP","GSE28783_ANTI_MIR33_VS_UNTREATED_ATHEROSCLEROSIS_MACROPHAGE_UP","86/6767","199/21355",0.000394716495144947,0.000571024681322839,9.77763921084964e-05
"GSE29618_PRE_VS_DAY7_POST_LAIV_FLU_VACCINE_BCELL_DN","GSE29618_PRE_VS_DAY7_POST_LAIV_FLU_VACCINE_BCELL_DN","86/6767","199/21355",0.000394716495144947,0.000571024681322839,9.77763921084964e-05
"GSE3982_BCELL_VS_BASOPHIL_UP","GSE3982_BCELL_VS_BASOPHIL_UP","86/6767","199/21355",0.000394716495144947,0.000571024681322839,9.77763921084964e-05
"GSE40274_LEF1_VS_FOXP3_AND_LEF1_TRANSDUCED_ACTIVATED_CD4_TCELL_DN","GSE40274_LEF1_VS_FOXP3_AND_LEF1_TRANSDUCED_ACTIVATED_CD4_TCELL_DN","86/6767","199/21355",0.000394716495144947,0.000571024681322839,9.77763921084964e-05
"GSE41867_NAIVE_VS_DAY30_LCMV_ARMSTRONG_MEMORY_CD8_TCELL_UP","GSE41867_NAIVE_VS_DAY30_LCMV_ARMSTRONG_MEMORY_CD8_TCELL_UP","86/6767","199/21355",0.000394716495144947,0.000571024681322839,9.77763921084964e-05
"GSE40274_FOXP3_VS_FOXP3_AND_XBP1_TRANSDUCED_ACTIVATED_CD4_TCELL_DN","GSE40274_FOXP3_VS_FOXP3_AND_XBP1_TRANSDUCED_ACTIVATED_CD4_TCELL_DN","71/6767","159/21355",0.000396209195181751,0.000573022438278375,9.81184674579707e-05
"GSE13522_CTRL_VS_T_CRUZI_Y_STRAIN_INF_SKIN_BALBC_MOUSE_UP","GSE13522_CTRL_VS_T_CRUZI_Y_STRAIN_INF_SKIN_BALBC_MOUSE_UP","63/6767","138/21355",0.000397850426355434,0.000575233822877696,9.84971222075079e-05
"GSE17974_IL4_AND_ANTI_IL12_VS_UNTREATED_0.5H_ACT_CD4_TCELL_UP","GSE17974_IL4_AND_ANTI_IL12_VS_UNTREATED_0.5H_ACT_CD4_TCELL_UP","83/6767","191/21355",0.000399448843491436,0.000577219340637145,9.8837101842953e-05
"GSE29615_CTRL_VS_DAY3_LAIV_IFLU_VACCINE_PBMC_UP","GSE29615_CTRL_VS_DAY3_LAIV_IFLU_VACCINE_PBMC_UP","83/6767","191/21355",0.000399448843491436,0.000577219340637145,9.8837101842953e-05
"GSE37534_GW1929_VS_ROSIGLITAZONE_TREATED_CD4_TCELL_PPARG1_FOXP3_TRANSDUCED_UP","GSE37534_GW1929_VS_ROSIGLITAZONE_TREATED_CD4_TCELL_PPARG1_FOXP3_TRANSDUCED_UP","74/6767","167/21355",0.000400983529312677,0.000579273754518483,9.91888785415529e-05
"GSE3720_UNSTIM_VS_LPS_STIM_VD1_GAMMADELTA_TCELL_DN","GSE3720_UNSTIM_VS_LPS_STIM_VD1_GAMMADELTA_TCELL_DN","66/6767","146/21355",0.000411874061277734,0.000594838961174913,0.000101854104404931
"GSE37533_UNTREATED_VS_PIOGLIZATONE_TREATED_CD4_TCELL_FOXP3_TRASDUCED_CD4_TCELL_DN","GSE37533_UNTREATED_VS_PIOGLIZATONE_TREATED_CD4_TCELL_FOXP3_TRASDUCED_CD4_TCELL_DN","72/6767","162/21355",0.000428392701866882,0.000618521369324558,0.00010590923634765
"GSE18791_UNSTIM_VS_NEWCATSLE_VIRUS_DC_10H_DN","GSE18791_UNSTIM_VS_NEWCATSLE_VIRUS_DC_10H_DN","85/6767","197/21355",0.000452020468831085,0.00065226820818941,0.000111687697869888
"GSE5542_UNTREATED_VS_IFNG_TREATED_EPITHELIAL_CELLS_6H_UP","GSE5542_UNTREATED_VS_IFNG_TREATED_EPITHELIAL_CELLS_6H_UP","85/6767","197/21355",0.000452020468831085,0.00065226820818941,0.000111687697869888
"GSE14415_NATURAL_TREG_VS_TCONV_UP","GSE14415_NATURAL_TREG_VS_TCONV_UP","70/6767","157/21355",0.000457142968015265,0.000659474394207727,0.000112921611031227
"GSE40274_CTRL_VS_FOXP3_AND_LEF1_TRANSDUCED_ACTIVATED_CD4_TCELL_UP","GSE40274_CTRL_VS_FOXP3_AND_LEF1_TRANSDUCED_ACTIVATED_CD4_TCELL_UP","73/6767","165/21355",0.000461902787986372,0.000666153472294269,0.000114065267652864
"GSE13306_RA_VS_UNTREATED_TCONV_UP","GSE13306_RA_VS_UNTREATED_TCONV_UP","86/6767","200/21355",0.000479524796147857,0.000686355005541615,0.000117524370386233
"GSE14308_TH1_VS_NAIVE_CD4_TCELL_DN","GSE14308_TH1_VS_NAIVE_CD4_TCELL_DN","86/6767","200/21355",0.000479524796147857,0.000686355005541615,0.000117524370386233
"GSE15324_NAIVE_VS_ACTIVATED_CD8_TCELL_UP","GSE15324_NAIVE_VS_ACTIVATED_CD8_TCELL_UP","86/6767","200/21355",0.000479524796147857,0.000686355005541615,0.000117524370386233
"GSE15330_LYMPHOID_MULTIPOTENT_VS_MEGAKARYOCYTE_ERYTHROID_PROGENITOR_DN","GSE15330_LYMPHOID_MULTIPOTENT_VS_MEGAKARYOCYTE_ERYTHROID_PROGENITOR_DN","86/6767","200/21355",0.000479524796147857,0.000686355005541615,0.000117524370386233
"GSE16385_ROSIGLITAZONE_IL4_VS_IFNG_TNF_STIM_MACROPHAGE_UP","GSE16385_ROSIGLITAZONE_IL4_VS_IFNG_TNF_STIM_MACROPHAGE_UP","86/6767","200/21355",0.000479524796147857,0.000686355005541615,0.000117524370386233
"GSE17721_CTRL_VS_CPG_2H_BMDC_DN","GSE17721_CTRL_VS_CPG_2H_BMDC_DN","86/6767","200/21355",0.000479524796147857,0.000686355005541615,0.000117524370386233
"GSE17721_PAM3CSK4_VS_GADIQUIMOD_0.5H_BMDC_UP","GSE17721_PAM3CSK4_VS_GADIQUIMOD_0.5H_BMDC_UP","86/6767","200/21355",0.000479524796147857,0.000686355005541615,0.000117524370386233
"GSE1925_CTRL_VS_IFNG_PRIMED_MACROPHAGE_24H_IFNG_STIM_UP","GSE1925_CTRL_VS_IFNG_PRIMED_MACROPHAGE_24H_IFNG_STIM_UP","86/6767","200/21355",0.000479524796147857,0.000686355005541615,0.000117524370386233
"GSE19941_UNSTIM_VS_LPS_STIM_IL10_KO_MACROPHAGE_DN","GSE19941_UNSTIM_VS_LPS_STIM_IL10_KO_MACROPHAGE_DN","86/6767","200/21355",0.000479524796147857,0.000686355005541615,0.000117524370386233
"GSE20715_WT_VS_TLR4_KO_6H_OZONE_LUNG_UP","GSE20715_WT_VS_TLR4_KO_6H_OZONE_LUNG_UP","86/6767","200/21355",0.000479524796147857,0.000686355005541615,0.000117524370386233
"GSE2405_0H_VS_24H_A_PHAGOCYTOPHILUM_STIM_NEUTROPHIL_DN","GSE2405_0H_VS_24H_A_PHAGOCYTOPHILUM_STIM_NEUTROPHIL_DN","86/6767","200/21355",0.000479524796147857,0.000686355005541615,0.000117524370386233
"GSE25123_CTRL_VS_IL4_AND_ROSIGLITAZONE_STIM_PPARG_KO_MACROPHAGE_DN","GSE25123_CTRL_VS_IL4_AND_ROSIGLITAZONE_STIM_PPARG_KO_MACROPHAGE_DN","86/6767","200/21355",0.000479524796147857,0.000686355005541615,0.000117524370386233
"GSE2585_CTEC_VS_THYMIC_MACROPHAGE_UP","GSE2585_CTEC_VS_THYMIC_MACROPHAGE_UP","86/6767","200/21355",0.000479524796147857,0.000686355005541615,0.000117524370386233
"GSE27670_CTRL_VS_LMP1_TRANSDUCED_GC_BCELL_UP","GSE27670_CTRL_VS_LMP1_TRANSDUCED_GC_BCELL_UP","86/6767","200/21355",0.000479524796147857,0.000686355005541615,0.000117524370386233
"GSE2770_UNTREATED_VS_IL12_TREATED_ACT_CD4_TCELL_6H_DN","GSE2770_UNTREATED_VS_IL12_TREATED_ACT_CD4_TCELL_6H_DN","86/6767","200/21355",0.000479524796147857,0.000686355005541615,0.000117524370386233
"GSE27786_LSK_VS_LIN_NEG_CELL_DN","GSE27786_LSK_VS_LIN_NEG_CELL_DN","86/6767","200/21355",0.000479524796147857,0.000686355005541615,0.000117524370386233
"GSE28737_BCL6_HET_VS_BCL6_KO_FOLLICULAR_BCELL_DN","GSE28737_BCL6_HET_VS_BCL6_KO_FOLLICULAR_BCELL_DN","86/6767","200/21355",0.000479524796147857,0.000686355005541615,0.000117524370386233
"GSE32128_INOS_DEPENDENT_VS_INOS_INDEPENDENT_ACTIVATED_TCELL_DN","GSE32128_INOS_DEPENDENT_VS_INOS_INDEPENDENT_ACTIVATED_TCELL_DN","86/6767","200/21355",0.000479524796147857,0.000686355005541615,0.000117524370386233
"GSE32423_CTRL_VS_IL4_MEMORY_CD8_TCELL_UP","GSE32423_CTRL_VS_IL4_MEMORY_CD8_TCELL_UP","86/6767","200/21355",0.000479524796147857,0.000686355005541615,0.000117524370386233
"GSE41176_UNSTIM_VS_ANTI_IGM_STIM_BCELL_6H_DN","GSE41176_UNSTIM_VS_ANTI_IGM_STIM_BCELL_6H_DN","86/6767","200/21355",0.000479524796147857,0.000686355005541615,0.000117524370386233
"GSE4142_PLASMA_CELL_VS_MEMORY_BCELL_DN","GSE4142_PLASMA_CELL_VS_MEMORY_BCELL_DN","86/6767","200/21355",0.000479524796147857,0.000686355005541615,0.000117524370386233
"GSE41867_DAY8_EFFECTOR_VS_DAY30_MEMORY_CD8_TCELL_LCMV_ARMSTRONG_UP","GSE41867_DAY8_EFFECTOR_VS_DAY30_MEMORY_CD8_TCELL_LCMV_ARMSTRONG_UP","86/6767","200/21355",0.000479524796147857,0.000686355005541615,0.000117524370386233
"GSE42021_CD24INT_VS_CD24LOW_TCONV_THYMUS_DN","GSE42021_CD24INT_VS_CD24LOW_TCONV_THYMUS_DN","86/6767","200/21355",0.000479524796147857,0.000686355005541615,0.000117524370386233
"GSE5542_IFNA_VS_IFNA_AND_IFNG_TREATED_EPITHELIAL_CELLS_6H_UP","GSE5542_IFNA_VS_IFNA_AND_IFNG_TREATED_EPITHELIAL_CELLS_6H_UP","86/6767","200/21355",0.000479524796147857,0.000686355005541615,0.000117524370386233
"GSE5542_IFNG_VS_IFNA_AND_IFNG_TREATED_EPITHELIAL_CELLS_24H_DN","GSE5542_IFNG_VS_IFNA_AND_IFNG_TREATED_EPITHELIAL_CELLS_24H_DN","86/6767","200/21355",0.000479524796147857,0.000686355005541615,0.000117524370386233
"GSE7460_CTRL_VS_FOXP3_OVEREXPR_TCONV_DN","GSE7460_CTRL_VS_FOXP3_OVEREXPR_TCONV_DN","86/6767","200/21355",0.000479524796147857,0.000686355005541615,0.000117524370386233
"GSE7460_TREG_VS_TCONV_ACT_WITH_TGFB_DN","GSE7460_TREG_VS_TCONV_ACT_WITH_TGFB_DN","86/6767","200/21355",0.000479524796147857,0.000686355005541615,0.000117524370386233
"GSE4984_UNTREATED_VS_LPS_TREATED_DC_UP","GSE4984_UNTREATED_VS_LPS_TREATED_DC_UP","68/6767","152/21355",0.000487198571536773,0.000697144034682957,0.000119371772746058
"GSE41867_NAIVE_VS_DAY30_LCMV_CLONE13_EXHAUSTED_CD8_TCELL_UP","GSE41867_NAIVE_VS_DAY30_LCMV_CLONE13_EXHAUSTED_CD8_TCELL_UP","83/6767","192/21355",0.00048733736492801,0.000697148066402318,0.000119372463096206
"GSE6269_HEALTHY_VS_E_COLI_INF_PBMC_UP","GSE6269_HEALTHY_VS_E_COLI_INF_PBMC_UP","77/6767","176/21355",0.000496323741757168,0.000709805250764016,0.000121539749137628
"SCHERER_PBMC_APSV_WETVAX_AGE_18_32YO_2_TO_4DY_UP","SCHERER_PBMC_APSV_WETVAX_AGE_18_32YO_2_TO_4DY_UP","33/6767","63/21355",0.00051192941682264,0.000731919163427127,0.000125326308048869
"GSE18791_UNSTIM_VS_NEWCATSLE_VIRUS_DC_6H_DN","GSE18791_UNSTIM_VS_NEWCATSLE_VIRUS_DC_6H_DN","84/6767","195/21355",0.000517498932215226,0.000738851858943877,0.000126513391510208
"GSE22886_IL2_VS_IL15_STIM_NKCELL_DN","GSE22886_IL2_VS_IL15_STIM_NKCELL_DN","84/6767","195/21355",0.000517498932215226,0.000738851858943877,0.000126513391510208
"GSE2585_THYMIC_DC_VS_THYMIC_MACROPHAGE_UP","GSE2585_THYMIC_DC_VS_THYMIC_MACROPHAGE_UP","84/6767","195/21355",0.000517498932215226,0.000738851858943877,0.000126513391510208
"GSE3982_MAC_VS_NEUTROPHIL_DN","GSE3982_MAC_VS_NEUTROPHIL_DN","84/6767","195/21355",0.000517498932215226,0.000738851858943877,0.000126513391510208
"GSE46606_UNSTIM_VS_CD40L_IL2_IL5_DAY3_STIMULATED_BCELL_UP","GSE46606_UNSTIM_VS_CD40L_IL2_IL5_DAY3_STIMULATED_BCELL_UP","84/6767","195/21355",0.000517498932215226,0.000738851858943877,0.000126513391510208
"GSE15624_3H_VS_6H_HALOFUGINONE_TREATED_CD4_TCELL_DN","GSE15624_3H_VS_6H_HALOFUGINONE_TREATED_CD4_TCELL_DN","66/6767","147/21355",0.000518497425065231,0.000740071352536035,0.000126722205047592
"GSE10500_ARTHRITIC_SYNOVIAL_FLUID_VS_HEALTHY_MACROPHAGE_UP","GSE10500_ARTHRITIC_SYNOVIAL_FLUID_VS_HEALTHY_MACROPHAGE_UP","69/6767","155/21355",0.000527358293695263,0.000752509315829562,0.000128851953928501
"GSE14415_FOXP3_KO_NATURAL_TREG_VS_TCONV_UP","GSE14415_FOXP3_KO_NATURAL_TREG_VS_TCONV_UP","75/6767","171/21355",0.000532828218847311,0.000759891593332452,0.000130116019184147
"GSE37301_HEMATOPOIETIC_STEM_CELL_VS_LYMPHOID_PRIMED_MPP_DN","GSE37301_HEMATOPOIETIC_STEM_CELL_VS_LYMPHOID_PRIMED_MPP_DN","75/6767","171/21355",0.000532828218847311,0.000759891593332452,0.000130116019184147
"GSE22229_RENAL_TRANSPLANT_VS_HEALTHY_PBMC_DN","GSE22229_RENAL_TRANSPLANT_VS_HEALTHY_PBMC_DN","85/6767","198/21355",0.000548538059887241,0.00078099267787889,0.000133729151827989
"GSE22886_IGM_MEMORY_BCELL_VS_BLOOD_PLASMA_CELL_UP","GSE22886_IGM_MEMORY_BCELL_VS_BLOOD_PLASMA_CELL_UP","85/6767","198/21355",0.000548538059887241,0.00078099267787889,0.000133729151827989
"GSE24574_BCL6_HIGH_TFH_VS_TCONV_CD4_TCELL_DN","GSE24574_BCL6_HIGH_TFH_VS_TCONV_CD4_TCELL_DN","85/6767","198/21355",0.000548538059887241,0.00078099267787889,0.000133729151827989
"GSE36476_CTRL_VS_TSST_ACT_40H_MEMORY_CD4_TCELL_OLD_UP","GSE36476_CTRL_VS_TSST_ACT_40H_MEMORY_CD4_TCELL_OLD_UP","85/6767","198/21355",0.000548538059887241,0.00078099267787889,0.000133729151827989
"GSE6875_TCONV_VS_FOXP3_KO_TREG_UP","GSE6875_TCONV_VS_FOXP3_KO_TREG_UP","85/6767","198/21355",0.000548538059887241,0.00078099267787889,0.000133729151827989
"GSE9006_HEALTHY_VS_TYPE_2_DIABETES_PBMC_AT_DX_DN","GSE9006_HEALTHY_VS_TYPE_2_DIABETES_PBMC_AT_DX_DN","85/6767","198/21355",0.000548538059887241,0.00078099267787889,0.000133729151827989
"GSE40274_CTRL_VS_GATA1_TRANSDUCED_ACTIVATED_CD4_TCELL_DN","GSE40274_CTRL_VS_GATA1_TRANSDUCED_ACTIVATED_CD4_TCELL_DN","76/6767","174/21355",0.000570201271975832,0.000811610749977815,0.000138971875515896
"GSE7509_UNSTIM_VS_FCGRIIB_STIM_MONOCYTE_DN","GSE7509_UNSTIM_VS_FCGRIIB_STIM_MONOCYTE_DN","73/6767","166/21355",0.000571552179529625,0.000813307805841907,0.000139262461903883
"GSE4590_SMALL_VS_VPREB_POS_LARGE_PRE_BCELL_UP","GSE4590_SMALL_VS_VPREB_POS_LARGE_PRE_BCELL_UP","74/6767","169/21355",0.000612542552925435,0.000871394469713847,0.000149208624668442
"GSE34156_NOD2_LIGAND_VS_NOD2_AND_TLR1_TLR2_LIGAND_6H_TREATED_MONOCYTE_UP","GSE34156_NOD2_LIGAND_VS_NOD2_AND_TLR1_TLR2_LIGAND_6H_TREATED_MONOCYTE_UP","84/6767","196/21355",0.000627296222407649,0.000891887890261791,0.000152717707180424
"GSE3982_BASOPHIL_VS_EFF_MEMORY_CD4_TCELL_DN","GSE3982_BASOPHIL_VS_EFF_MEMORY_CD4_TCELL_DN","84/6767","196/21355",0.000627296222407649,0.000891887890261791,0.000152717707180424
"GSE27291_0H_VS_7D_STIM_GAMMADELTA_TCELL_UP","GSE27291_0H_VS_7D_STIM_GAMMADELTA_TCELL_UP","81/6767","188/21355",0.000639272932874109,0.000908664354545482,0.000155590336339284
"HOFT_CD4_POSITIVE_ALPHA_BETA_MEMORY_T_CELL_BCG_VACCINE_AGE_18_45YO_7DY_UP","HOFT_CD4_POSITIVE_ALPHA_BETA_MEMORY_T_CELL_BCG_VACCINE_AGE_18_45YO_7DY_UP","23/6767","40/21355",0.000652619813451338,0.000927378543116688,0.000158794761471121
"GSE10325_LUPUS_CD4_TCELL_VS_LUPUS_MYELOID_UP","GSE10325_LUPUS_CD4_TCELL_VS_LUPUS_MYELOID_UP","85/6767","199/21355",0.000663229577458251,0.000937001389812195,0.000160442478745829
"GSE11057_EFF_MEM_VS_CENT_MEM_CD4_TCELL_UP","GSE11057_EFF_MEM_VS_CENT_MEM_CD4_TCELL_UP","85/6767","199/21355",0.000663229577458251,0.000937001389812195,0.000160442478745829
"GSE12845_IGD_NEG_BLOOD_VS_PRE_GC_TONSIL_BCELL_UP","GSE12845_IGD_NEG_BLOOD_VS_PRE_GC_TONSIL_BCELL_UP","85/6767","199/21355",0.000663229577458251,0.000937001389812195,0.000160442478745829
"GSE13411_NAIVE_BCELL_VS_PLASMA_CELL_DN","GSE13411_NAIVE_BCELL_VS_PLASMA_CELL_DN","85/6767","199/21355",0.000663229577458251,0.000937001389812195,0.000160442478745829
"GSE14308_TH2_VS_NATURAL_TREG_DN","GSE14308_TH2_VS_NATURAL_TREG_DN","85/6767","199/21355",0.000663229577458251,0.000937001389812195,0.000160442478745829
"GSE17721_CTRL_VS_CPG_24H_BMDC_DN","GSE17721_CTRL_VS_CPG_24H_BMDC_DN","85/6767","199/21355",0.000663229577458251,0.000937001389812195,0.000160442478745829
"GSE17721_CTRL_VS_PAM3CSK4_12H_BMDC_DN","GSE17721_CTRL_VS_PAM3CSK4_12H_BMDC_DN","85/6767","199/21355",0.000663229577458251,0.000937001389812195,0.000160442478745829
"GSE17721_LPS_VS_GARDIQUIMOD_0.5H_BMDC_UP","GSE17721_LPS_VS_GARDIQUIMOD_0.5H_BMDC_UP","85/6767","199/21355",0.000663229577458251,0.000937001389812195,0.000160442478745829
"GSE22025_UNTREATED_VS_TGFB1_TREATED_CD4_TCELL_UP","GSE22025_UNTREATED_VS_TGFB1_TREATED_CD4_TCELL_UP","85/6767","199/21355",0.000663229577458251,0.000937001389812195,0.000160442478745829
"GSE22501_PERIPHERAL_BLOOD_VS_CORD_BLOOD_TREG_DN","GSE22501_PERIPHERAL_BLOOD_VS_CORD_BLOOD_TREG_DN","85/6767","199/21355",0.000663229577458251,0.000937001389812195,0.000160442478745829
"GSE23925_LIGHT_ZONE_VS_DARK_ZONE_BCELL_UP","GSE23925_LIGHT_ZONE_VS_DARK_ZONE_BCELL_UP","85/6767","199/21355",0.000663229577458251,0.000937001389812195,0.000160442478745829
"GSE24210_IL35_TREATED_VS_UNTREATED_TCONV_CD4_TCELL_UP","GSE24210_IL35_TREATED_VS_UNTREATED_TCONV_CD4_TCELL_UP","85/6767","199/21355",0.000663229577458251,0.000937001389812195,0.000160442478745829
"GSE26351_WNT_VS_BMP_PATHWAY_STIM_HEMATOPOIETIC_PROGENITORS_UP","GSE26351_WNT_VS_BMP_PATHWAY_STIM_HEMATOPOIETIC_PROGENITORS_UP","85/6767","199/21355",0.000663229577458251,0.000937001389812195,0.000160442478745829
"GSE30153_LUPUS_VS_HEALTHY_DONOR_BCELL_UP","GSE30153_LUPUS_VS_HEALTHY_DONOR_BCELL_UP","85/6767","199/21355",0.000663229577458251,0.000937001389812195,0.000160442478745829
"GSE360_T_GONDII_VS_M_TUBERCULOSIS_DC_DN","GSE360_T_GONDII_VS_M_TUBERCULOSIS_DC_DN","85/6767","199/21355",0.000663229577458251,0.000937001389812195,0.000160442478745829
"GSE37605_C57BL6_VS_NOD_FOXP3_IRES_GFP_TREG_DN","GSE37605_C57BL6_VS_NOD_FOXP3_IRES_GFP_TREG_DN","85/6767","199/21355",0.000663229577458251,0.000937001389812195,0.000160442478745829
"GSE3982_EOSINOPHIL_VS_BCELL_UP","GSE3982_EOSINOPHIL_VS_BCELL_UP","85/6767","199/21355",0.000663229577458251,0.000937001389812195,0.000160442478745829
"GSE5589_WT_VS_IL6_KO_LPS_AND_IL6_STIM_MACROPHAGE_45MIN_DN","GSE5589_WT_VS_IL6_KO_LPS_AND_IL6_STIM_MACROPHAGE_45MIN_DN","85/6767","199/21355",0.000663229577458251,0.000937001389812195,0.000160442478745829
"GSE6259_DEC205_POS_DC_VS_CD4_TCELL_UP","GSE6259_DEC205_POS_DC_VS_CD4_TCELL_UP","85/6767","199/21355",0.000663229577458251,0.000937001389812195,0.000160442478745829
"GSE7460_CD8_TCELL_VS_CD4_TCELL_ACT_UP","GSE7460_CD8_TCELL_VS_CD4_TCELL_ACT_UP","85/6767","199/21355",0.000663229577458251,0.000937001389812195,0.000160442478745829
"GSE7460_CTRL_VS_TGFB_TREATED_ACT_TREG_DN","GSE7460_CTRL_VS_TGFB_TREATED_ACT_TREG_DN","85/6767","199/21355",0.000663229577458251,0.000937001389812195,0.000160442478745829
"GSE45365_NK_CELL_VS_CD8_TCELL_UP","GSE45365_NK_CELL_VS_CD8_TCELL_UP","70/6767","159/21355",0.000705170252421505,0.00099570583425091,0.000170494423899327
"HOWARD_DENDRITIC_CELL_INACT_MONOV_INFLUENZA_A_INDONESIA_05_2005_H5N1_AGE_18_49YO_1DY_UP","HOWARD_DENDRITIC_CELL_INACT_MONOV_INFLUENZA_A_INDONESIA_05_2005_H5N1_AGE_18_49YO_1DY_UP","70/6767","159/21355",0.000705170252421505,0.00099570583425091,0.000170494423899327
"GSE27291_6H_VS_7D_STIM_GAMMADELTA_TCELL_UP","GSE27291_6H_VS_7D_STIM_GAMMADELTA_TCELL_UP","83/6767","194/21355",0.00071714200942436,0.00101177410080316,0.000173245788564121
"GSE29618_BCELL_VS_MDC_UP","GSE29618_BCELL_VS_MDC_UP","83/6767","194/21355",0.00071714200942436,0.00101177410080316,0.000173245788564121
"GSE4748_CYANOBACTERIUM_LPSLIKE_VS_LPS_AND_CYANOBACTERIUM_LPSLIKE_STIM_DC_3H_DN","GSE4748_CYANOBACTERIUM_LPSLIKE_VS_LPS_AND_CYANOBACTERIUM_LPSLIKE_STIM_DC_3H_DN","83/6767","194/21355",0.00071714200942436,0.00101177410080316,0.000173245788564121
"GSE6259_FLT3L_INDUCED_DEC205_POS_DC_VS_CD8_TCELL_UP","GSE6259_FLT3L_INDUCED_DEC205_POS_DC_VS_CD8_TCELL_UP","65/6767","146/21355",0.000749291984669105,0.00105684181716603,0.000180962720687478
"SCHERER_PBMC_APSV_WETVAX_AGE_18_32YO_2_TO_4DY_DN","SCHERER_PBMC_APSV_WETVAX_AGE_18_32YO_2_TO_4DY_DN","22/6767","38/21355",0.000749749269856195,0.00105719595889789,0.000181023360274468
"GSE20500_CTRL_VS_RETINOIC_ACID_TREATED_CD4_TCELL_DN","GSE20500_CTRL_VS_RETINOIC_ACID_TREATED_CD4_TCELL_DN","84/6767","197/21355",0.000757589702942428,0.001067370818078,0.000182765598488302
"GSE22886_NAIVE_CD4_TCELL_VS_DC_UP","GSE22886_NAIVE_CD4_TCELL_VS_DC_UP","84/6767","197/21355",0.000757589702942428,0.001067370818078,0.000182765598488302
"GSE37534_UNTREATED_VS_ROSIGLITAZONE_TREATED_CD4_TCELL_PPARG1_AND_FOXP3_TRASDUCED_UP","GSE37534_UNTREATED_VS_ROSIGLITAZONE_TREATED_CD4_TCELL_PPARG1_AND_FOXP3_TRASDUCED_UP","84/6767","197/21355",0.000757589702942428,0.001067370818078,0.000182765598488302
"GSE11924_TFH_VS_TH1_CD4_TCELL_DN","GSE11924_TFH_VS_TH1_CD4_TCELL_DN","85/6767","200/21355",0.000799011372339864,0.00111804893722338,0.000191443198268055
"GSE11961_FOLLICULAR_BCELL_VS_MARGINAL_ZONE_BCELL_UP","GSE11961_FOLLICULAR_BCELL_VS_MARGINAL_ZONE_BCELL_UP","85/6767","200/21355",0.000799011372339864,0.00111804893722338,0.000191443198268055
"GSE14350_IL2RB_KO_VS_WT_TREG_DN","GSE14350_IL2RB_KO_VS_WT_TREG_DN","85/6767","200/21355",0.000799011372339864,0.00111804893722338,0.000191443198268055
"GSE1460_DP_VS_CD4_THYMOCYTE_UP","GSE1460_DP_VS_CD4_THYMOCYTE_UP","85/6767","200/21355",0.000799011372339864,0.00111804893722338,0.000191443198268055
"GSE16385_ROSIGLITAZONE_VS_UNTREATED_IFNG_TNF_STIM_MACROPHAGE_UP","GSE16385_ROSIGLITAZONE_VS_UNTREATED_IFNG_TNF_STIM_MACROPHAGE_UP","85/6767","200/21355",0.000799011372339864,0.00111804893722338,0.000191443198268055
"GSE17721_LPS_VS_POLYIC_16H_BMDC_DN","GSE17721_LPS_VS_POLYIC_16H_BMDC_DN","85/6767","200/21355",0.000799011372339864,0.00111804893722338,0.000191443198268055
"GSE17721_PAM3CSK4_VS_GADIQUIMOD_0.5H_BMDC_DN","GSE17721_PAM3CSK4_VS_GADIQUIMOD_0.5H_BMDC_DN","85/6767","200/21355",0.000799011372339864,0.00111804893722338,0.000191443198268055
"GSE20366_TREG_VS_TCONV_DN","GSE20366_TREG_VS_TCONV_DN","85/6767","200/21355",0.000799011372339864,0.00111804893722338,0.000191443198268055
"GSE21380_TFH_VS_GERMINAL_CENTER_TFH_CD4_TCELL_DN","GSE21380_TFH_VS_GERMINAL_CENTER_TFH_CD4_TCELL_DN","85/6767","200/21355",0.000799011372339864,0.00111804893722338,0.000191443198268055
"GSE22589_HEALTHY_VS_HIV_INFECTED_DC_DN","GSE22589_HEALTHY_VS_HIV_INFECTED_DC_DN","85/6767","200/21355",0.000799011372339864,0.00111804893722338,0.000191443198268055
"GSE23308_CTRL_VS_CORTICOSTERONE_TREATED_MACROPHAGE_UP","GSE23308_CTRL_VS_CORTICOSTERONE_TREATED_MACROPHAGE_UP","85/6767","200/21355",0.000799011372339864,0.00111804893722338,0.000191443198268055
"GSE24574_NAIVE_VS_TCONV_CD4_TCELL_UP","GSE24574_NAIVE_VS_TCONV_CD4_TCELL_UP","85/6767","200/21355",0.000799011372339864,0.00111804893722338,0.000191443198268055
"GSE25088_CTRL_VS_ROSIGLITAZONE_STIM_MACROPHAGE_UP","GSE25088_CTRL_VS_ROSIGLITAZONE_STIM_MACROPHAGE_UP","85/6767","200/21355",0.000799011372339864,0.00111804893722338,0.000191443198268055
"GSE25890_CTRL_VS_IL33_IL7_TREATED_NUOCYTES_UP","GSE25890_CTRL_VS_IL33_IL7_TREATED_NUOCYTES_UP","85/6767","200/21355",0.000799011372339864,0.00111804893722338,0.000191443198268055
"GSE26488_WT_VS_VP16_TRANSGENIC_HDAC7_KO_DOUBLE_POSITIVE_THYMOCYTE_UP","GSE26488_WT_VS_VP16_TRANSGENIC_HDAC7_KO_DOUBLE_POSITIVE_THYMOCYTE_UP","85/6767","200/21355",0.000799011372339864,0.00111804893722338,0.000191443198268055
"GSE27670_CTRL_VS_BLIMP1_TRANSDUCED_GC_BCELL_DN","GSE27670_CTRL_VS_BLIMP1_TRANSDUCED_GC_BCELL_DN","85/6767","200/21355",0.000799011372339864,0.00111804893722338,0.000191443198268055
"GSE34156_TLR1_TLR2_LIGAND_VS_NOD2_AND_TLR1_TLR2_LIGAND_24H_TREATED_MONOCYTE_DN","GSE34156_TLR1_TLR2_LIGAND_VS_NOD2_AND_TLR1_TLR2_LIGAND_24H_TREATED_MONOCYTE_DN","85/6767","200/21355",0.000799011372339864,0.00111804893722338,0.000191443198268055
"GSE360_L_MAJOR_VS_B_MALAYI_HIGH_DOSE_DC_UP","GSE360_L_MAJOR_VS_B_MALAYI_HIGH_DOSE_DC_UP","85/6767","200/21355",0.000799011372339864,0.00111804893722338,0.000191443198268055
"GSE369_PRE_VS_POST_IL6_INJECTION_IFNG_KO_LIVER_DN","GSE369_PRE_VS_POST_IL6_INJECTION_IFNG_KO_LIVER_DN","85/6767","200/21355",0.000799011372339864,0.00111804893722338,0.000191443198268055
"GSE39110_UNTREATED_VS_IL2_TREATED_CD8_TCELL_DAY6_POST_IMMUNIZATION_DN","GSE39110_UNTREATED_VS_IL2_TREATED_CD8_TCELL_DAY6_POST_IMMUNIZATION_DN","85/6767","200/21355",0.000799011372339864,0.00111804893722338,0.000191443198268055
"GSE3982_BASOPHIL_VS_CENT_MEMORY_CD4_TCELL_DN","GSE3982_BASOPHIL_VS_CENT_MEMORY_CD4_TCELL_DN","85/6767","200/21355",0.000799011372339864,0.00111804893722338,0.000191443198268055
"GSE4142_GC_BCELL_VS_MEMORY_BCELL_DN","GSE4142_GC_BCELL_VS_MEMORY_BCELL_DN","85/6767","200/21355",0.000799011372339864,0.00111804893722338,0.000191443198268055
"GSE4535_BM_DERIVED_DC_VS_FOLLICULAR_DC_DN","GSE4535_BM_DERIVED_DC_VS_FOLLICULAR_DC_DN","85/6767","200/21355",0.000799011372339864,0.00111804893722338,0.000191443198268055
"GSE7460_CD8_TCELL_VS_TREG_ACT_UP","GSE7460_CD8_TCELL_VS_TREG_ACT_UP","85/6767","200/21355",0.000799011372339864,0.00111804893722338,0.000191443198268055
"GSE7460_CTRL_VS_FOXP3_OVEREXPR_TCONV_1_DN","GSE7460_CTRL_VS_FOXP3_OVEREXPR_TCONV_1_DN","85/6767","200/21355",0.000799011372339864,0.00111804893722338,0.000191443198268055
"LI_PBMC_MENACTRA_AGE_18_45YO_CORRELATED_WITH_ANTI_DT_ANTIBODY_3DY_NEGATIVE","LI_PBMC_MENACTRA_AGE_18_45YO_CORRELATED_WITH_ANTI_DT_ANTIBODY_3DY_NEGATIVE","17/6767","27/21355",0.000805248935260899,0.00112646965650276,0.00019288507561071
"GSE4590_PRE_BCELL_VS_VPREB_POS_LARGE_PRE_BCELL_DN","GSE4590_PRE_BCELL_VS_VPREB_POS_LARGE_PRE_BCELL_DN","69/6767","157/21355",0.000811624586675803,0.00113507890231501,0.000194359234297419
"GSE45365_HEALTHY_VS_MCMV_INFECTION_CD11B_DC_IFNAR_KO_DN","GSE45365_HEALTHY_VS_MCMV_INFECTION_CD11B_DC_IFNAR_KO_DN","82/6767","192/21355",0.000819597210118683,0.00114591625205304,0.000196214910579129
"GSE1460_DP_THYMOCYTE_VS_THYMIC_STROMAL_CELL_UP","GSE1460_DP_THYMOCYTE_VS_THYMIC_STROMAL_CELL_UP","83/6767","195/21355",0.00086509178985612,0.00120886497862969,0.000206993602943583
"GSE29618_BCELL_VS_MONOCYTE_UP","GSE29618_BCELL_VS_MONOCYTE_UP","83/6767","195/21355",0.00086509178985612,0.00120886497862969,0.000206993602943583
"GSE13485_DAY3_VS_DAY7_YF17D_VACCINE_PBMC_DN","GSE13485_DAY3_VS_DAY7_YF17D_VACCINE_PBMC_DN","84/6767","198/21355",0.000911627755719946,0.00127250626288488,0.000217890881760338
"GSE1432_CTRL_VS_IFNG_1H_MICROGLIA_DN","GSE1432_CTRL_VS_IFNG_1H_MICROGLIA_DN","84/6767","198/21355",0.000911627755719946,0.00127250626288488,0.000217890881760338
"GSE24492_LYVE_NEG_VS_POS_MACROPHAGE_UP","GSE24492_LYVE_NEG_VS_POS_MACROPHAGE_UP","84/6767","198/21355",0.000911627755719946,0.00127250626288488,0.000217890881760338
"GSE26030_UNSTIM_VS_RESTIM_TH17_DAY5_POST_POLARIZATION_DN","GSE26030_UNSTIM_VS_RESTIM_TH17_DAY5_POST_POLARIZATION_DN","84/6767","198/21355",0.000911627755719946,0.00127250626288488,0.000217890881760338
"GSE6674_UNSTIM_VS_CPG_STIM_BCELL_UP","GSE6674_UNSTIM_VS_CPG_STIM_BCELL_UP","65/6767","147/21355",0.000932238891672198,0.00130092237278262,0.000222756564093234
"GSE37532_VISCERAL_ADIPOSE_TISSUE_VS_LN_DERIVED_TREG_CD4_TCELL_DN","GSE37532_VISCERAL_ADIPOSE_TISSUE_VS_LN_DERIVED_TREG_CD4_TCELL_DN","68/6767","155/21355",0.000933936913928334,0.00130293729461512,0.000223101578579658
"GSE26495_NAIVE_VS_PD1HIGH_CD8_TCELL_UP","GSE26495_NAIVE_VS_PD1HIGH_CD8_TCELL_UP","82/6767","193/21355",0.000987516300240285,0.00137731122723937,0.0002358366056928
"GSE14386_UNTREATED_VS_IFNA_TREATED_ACT_PBMC_MS_PATIENT_DN","GSE14386_UNTREATED_VS_IFNA_TREATED_ACT_PBMC_MS_PATIENT_DN","69/6767","158/21355",0.000999610764866161,0.00139380048720936,0.000238660056939547
"GSE17301_CTRL_VS_48H_IFNA2_STIM_CD8_TCELL_DN","GSE17301_CTRL_VS_48H_IFNA2_STIM_CD8_TCELL_DN","83/6767","196/21355",0.00103975579072536,0.00144780769664554,0.000247907695893235
"GSE20152_SPHK1_KO_VS_HTNFA_OVEREXPRESS_ANKLE_UP","GSE20152_SPHK1_KO_VS_HTNFA_OVEREXPRESS_ANKLE_UP","83/6767","196/21355",0.00103975579072536,0.00144780769664554,0.000247907695893235
"GSE2128_CTRL_VS_MIMETOPE_NEGATIVE_SELECTION_DP_THYMOCYTE_NOD_DN","GSE2128_CTRL_VS_MIMETOPE_NEGATIVE_SELECTION_DP_THYMOCYTE_NOD_DN","83/6767","196/21355",0.00103975579072536,0.00144780769664554,0.000247907695893235
"GSE29617_CTRL_VS_DAY3_TIV_FLU_VACCINE_PBMC_2008_UP","GSE29617_CTRL_VS_DAY3_TIV_FLU_VACCINE_PBMC_2008_UP","83/6767","196/21355",0.00103975579072536,0.00144780769664554,0.000247907695893235
"GSE34156_NOD2_LIGAND_VS_TLR1_TLR2_LIGAND_24H_TREATED_MONOCYTE_DN","GSE34156_NOD2_LIGAND_VS_TLR1_TLR2_LIGAND_24H_TREATED_MONOCYTE_DN","83/6767","196/21355",0.00103975579072536,0.00144780769664554,0.000247907695893235
"GSE34217_MIR17_92_OVEREXPRESS_VS_WT_ACT_CD8_TCELL_DN","GSE34217_MIR17_92_OVEREXPRESS_VS_WT_ACT_CD8_TCELL_DN","61/6767","137/21355",0.0010659489045274,0.00148387728306054,0.000254083880811081
"GSE10500_ARTHRITIC_SYNOVIAL_FLUID_VS_HEALTHY_MACROPHAGE_DN","GSE10500_ARTHRITIC_SYNOVIAL_FLUID_VS_HEALTHY_MACROPHAGE_DN","64/6767","145/21355",0.00107440700978721,0.00149524558609637,0.000256030472073414
"GSE10240_IL17_VS_IL17_AND_IL22_STIM_PRIMARY_BRONCHIAL_EPITHELIAL_CELLS_DN","GSE10240_IL17_VS_IL17_AND_IL22_STIM_PRIMARY_BRONCHIAL_EPITHELIAL_CELLS_DN","84/6767","199/21355",0.00109306642505891,0.00151299988155428,0.000259070534983271
"GSE1460_INTRATHYMIC_T_PROGENITOR_VS_NAIVE_CD4_TCELL_CORD_BLOOD_DN","GSE1460_INTRATHYMIC_T_PROGENITOR_VS_NAIVE_CD4_TCELL_CORD_BLOOD_DN","84/6767","199/21355",0.00109306642505891,0.00151299988155428,0.000259070534983271
"GSE15930_STIM_VS_STIM_AND_IFNAB_24H_CD8_T_CELL_DN","GSE15930_STIM_VS_STIM_AND_IFNAB_24H_CD8_T_CELL_DN","84/6767","199/21355",0.00109306642505891,0.00151299988155428,0.000259070534983271
"GSE17721_CTRL_VS_LPS_1H_BMDC_DN","GSE17721_CTRL_VS_LPS_1H_BMDC_DN","84/6767","199/21355",0.00109306642505891,0.00151299988155428,0.000259070534983271
"GSE17721_CTRL_VS_LPS_8H_BMDC_DN","GSE17721_CTRL_VS_LPS_8H_BMDC_DN","84/6767","199/21355",0.00109306642505891,0.00151299988155428,0.000259070534983271
"GSE19941_UNSTIM_VS_LPS_AND_IL10_STIM_IL10_KO_MACROPHAGE_UP","GSE19941_UNSTIM_VS_LPS_AND_IL10_STIM_IL10_KO_MACROPHAGE_UP","84/6767","199/21355",0.00109306642505891,0.00151299988155428,0.000259070534983271
"GSE20198_UNTREATED_VS_IL12_IL18_TREATED_ACT_CD4_TCELL_UP","GSE20198_UNTREATED_VS_IL12_IL18_TREATED_ACT_CD4_TCELL_UP","84/6767","199/21355",0.00109306642505891,0.00151299988155428,0.000259070534983271
"GSE20715_WT_VS_TLR4_KO_LUNG_DN","GSE20715_WT_VS_TLR4_KO_LUNG_DN","84/6767","199/21355",0.00109306642505891,0.00151299988155428,0.000259070534983271
"GSE21379_WT_VS_SAP_KO_CD4_TCELL_DN","GSE21379_WT_VS_SAP_KO_CD4_TCELL_DN","84/6767","199/21355",0.00109306642505891,0.00151299988155428,0.000259070534983271
"GSE21546_UNSTIM_VS_ANTI_CD3_STIM_DP_THYMOCYTES_UP","GSE21546_UNSTIM_VS_ANTI_CD3_STIM_DP_THYMOCYTES_UP","84/6767","199/21355",0.00109306642505891,0.00151299988155428,0.000259070534983271
"GSE21546_WT_VS_SAP1A_KO_AND_ELK1_KO_ANTI_CD3_STIM_DP_THYMOCYTES_UP","GSE21546_WT_VS_SAP1A_KO_AND_ELK1_KO_ANTI_CD3_STIM_DP_THYMOCYTES_UP","84/6767","199/21355",0.00109306642505891,0.00151299988155428,0.000259070534983271
"GSE21670_IL6_VS_TGFB_AND_IL6_TREATED_STAT3_KO_CD4_TCELL_DN","GSE21670_IL6_VS_TGFB_AND_IL6_TREATED_STAT3_KO_CD4_TCELL_DN","84/6767","199/21355",0.00109306642505891,0.00151299988155428,0.000259070534983271
"GSE21670_UNTREATED_VS_TGFB_TREATED_CD4_TCELL_DN","GSE21670_UNTREATED_VS_TGFB_TREATED_CD4_TCELL_DN","84/6767","199/21355",0.00109306642505891,0.00151299988155428,0.000259070534983271
"GSE22886_IGM_MEMORY_BCELL_VS_BM_PLASMA_CELL_DN","GSE22886_IGM_MEMORY_BCELL_VS_BM_PLASMA_CELL_DN","84/6767","199/21355",0.00109306642505891,0.00151299988155428,0.000259070534983271
"GSE36078_WT_VS_IL1R_KO_LUNG_DC_AFTER_AD5_INF_DN","GSE36078_WT_VS_IL1R_KO_LUNG_DC_AFTER_AD5_INF_DN","84/6767","199/21355",0.00109306642505891,0.00151299988155428,0.000259070534983271
"GSE3982_NEUTROPHIL_VS_EFF_MEMORY_CD4_TCELL_DN","GSE3982_NEUTROPHIL_VS_EFF_MEMORY_CD4_TCELL_DN","84/6767","199/21355",0.00109306642505891,0.00151299988155428,0.000259070534983271
"GSE39820_CTRL_VS_IL1B_IL6_CD4_TCELL_DN","GSE39820_CTRL_VS_IL1B_IL6_CD4_TCELL_DN","84/6767","199/21355",0.00109306642505891,0.00151299988155428,0.000259070534983271
"GSE39820_TGFBETA1_VS_TGFBETA3_IN_IL6_IL23A_TREATED_CD4_TCELL_DN","GSE39820_TGFBETA1_VS_TGFBETA3_IN_IL6_IL23A_TREATED_CD4_TCELL_DN","84/6767","199/21355",0.00109306642505891,0.00151299988155428,0.000259070534983271
"GSE43955_1H_VS_60H_ACT_CD4_TCELL_DN","GSE43955_1H_VS_60H_ACT_CD4_TCELL_DN","84/6767","199/21355",0.00109306642505891,0.00151299988155428,0.000259070534983271
"GSE5455_HEALTHY_VS_TUMOR_BEARING_MOUSE_SPLEEN_MONOCYTE_DN","GSE5455_HEALTHY_VS_TUMOR_BEARING_MOUSE_SPLEEN_MONOCYTE_DN","84/6767","199/21355",0.00109306642505891,0.00151299988155428,0.000259070534983271
"NAKAYA_PBMC_FLUAD_MALE_AGE_14_27YO_1D_POSTBOOST_VS_0D_PREIMM_MF59_ADJUVANTED_1DY_GENES_IN_BTM_M40_AND_M53_UP","NAKAYA_PBMC_FLUAD_MALE_AGE_14_27YO_1D_POSTBOOST_VS_0D_PREIMM_MF59_ADJUVANTED_1DY_GENES_IN_BTM_M40_AND_M53_UP","12/6767","17/21355",0.00113150801080764,0.00156578719876134,0.000268109292141081
"GARCIA_PINERES_PBMC_HPV_16_L1_VLP_AGE_18_25YO_STIMULATED_VS_UNSTIMULATED_0DY_VACCINATION_INDEPENDENT_UP","GARCIA_PINERES_PBMC_HPV_16_L1_VLP_AGE_18_25YO_STIMULATED_VS_UNSTIMULATED_0DY_VACCINATION_INDEPENDENT_UP","105/6767","257/21355",0.00113391219583249,0.00156869072531926,0.000268606462159314
"GSE12366_GC_BCELL_VS_PLASMA_CELL_DN","GSE12366_GC_BCELL_VS_PLASMA_CELL_DN","82/6767","194/21355",0.00118546890601623,0.00163868942602999,0.000280592319569054
"GSE19401_RETINOIC_ACID_VS_RETINOIC_ACID_AND_PAM2CSK4_STIM_FOLLICULAR_DC_UP","GSE19401_RETINOIC_ACID_VS_RETINOIC_ACID_AND_PAM2CSK4_STIM_FOLLICULAR_DC_UP","82/6767","194/21355",0.00118546890601623,0.00163868942602999,0.000280592319569054
"GSE23114_WT_VS_SLE2C1_MOUSE_PERITONEAL_CAVITY_B1A_BCELL_UP","GSE23114_WT_VS_SLE2C1_MOUSE_PERITONEAL_CAVITY_B1A_BCELL_UP","82/6767","194/21355",0.00118546890601623,0.00163868942602999,0.000280592319569054
"GSE21033_3H_VS_24H_POLYIC_STIM_DC_UP","GSE21033_3H_VS_24H_POLYIC_STIM_DC_UP","72/6767","167/21355",0.00120812442687531,0.00166955631714008,0.000285877648464749
"GSE37605_NOD_VS_C57BL6_IRES_GFP_TREG_UP","GSE37605_NOD_VS_C57BL6_IRES_GFP_TREG_UP","69/6767","159/21355",0.00122534849107374,0.0016929026444988,0.000289875233390204
"GSE14000_UNSTIM_VS_4H_LPS_DC_TRANSLATED_RNA_DN","GSE14000_UNSTIM_VS_4H_LPS_DC_TRANSLATED_RNA_DN","83/6767","197/21355",0.00124519250376027,0.00171754155684124,0.000294094147271021
"GSE24574_BCL6_HIGH_TFH_VS_TCONV_CD4_TCELL_UP","GSE24574_BCL6_HIGH_TFH_VS_TCONV_CD4_TCELL_UP","83/6767","197/21355",0.00124519250376027,0.00171754155684124,0.000294094147271021
"GSE24574_BCL6_LOW_TFH_VS_NAIVE_CD4_TCELL_DN","GSE24574_BCL6_LOW_TFH_VS_NAIVE_CD4_TCELL_DN","83/6767","197/21355",0.00124519250376027,0.00171754155684124,0.000294094147271021
"GSE32986_GMCSF_VS_GMCSF_AND_CURDLAN_LOWDOSE_STIM_DC_DN","GSE32986_GMCSF_VS_GMCSF_AND_CURDLAN_LOWDOSE_STIM_DC_DN","83/6767","197/21355",0.00124519250376027,0.00171754155684124,0.000294094147271021
"GSE360_HIGH_VS_LOW_DOSE_B_MALAYI_DC_UP","GSE360_HIGH_VS_LOW_DOSE_B_MALAYI_DC_UP","83/6767","197/21355",0.00124519250376027,0.00171754155684124,0.000294094147271021
"GSE9509_LPS_VS_LPS_AND_IL10_STIM_IL10_KO_MACROPHAGE_30MIN_UP","GSE9509_LPS_VS_LPS_AND_IL10_STIM_IL10_KO_MACROPHAGE_30MIN_UP","83/6767","197/21355",0.00124519250376027,0.00171754155684124,0.000294094147271021
"GSE7218_IGM_VS_IGG_SIGNAL_THGOUGH_ANTIGEN_BCELL_DN","GSE7218_IGM_VS_IGG_SIGNAL_THGOUGH_ANTIGEN_BCELL_DN","73/6767","170/21355",0.0012812384455596,0.0017667857747133,0.000302526220547748
"GSE22045_TREG_VS_TCONV_UP","GSE22045_TREG_VS_TCONV_UP","80/6767","189/21355",0.00128544505407545,0.00177210991993677,0.000303437872404559
"GSE1112_OT1_VS_HY_CD8AB_THYMOCYTE_RTOC_CULTURE_UP","GSE1112_OT1_VS_HY_CD8AB_THYMOCYTE_RTOC_CULTURE_UP","84/6767","200/21355",0.00130600284254512,0.00178413977450808,0.000305497740946227
"GSE13306_TREG_RA_VS_TCONV_RA_UP","GSE13306_TREG_RA_VS_TCONV_RA_UP","84/6767","200/21355",0.00130600284254512,0.00178413977450808,0.000305497740946227
"GSE13306_TREG_VS_TCONV_LAMINA_PROPRIA_UP","GSE13306_TREG_VS_TCONV_LAMINA_PROPRIA_UP","84/6767","200/21355",0.00130600284254512,0.00178413977450808,0.000305497740946227
"GSE14000_4H_VS_16H_LPS_DC_DN","GSE14000_4H_VS_16H_LPS_DC_DN","84/6767","200/21355",0.00130600284254512,0.00178413977450808,0.000305497740946227
"GSE16522_MEMORY_VS_NAIVE_CD8_TCELL_DN","GSE16522_MEMORY_VS_NAIVE_CD8_TCELL_DN","84/6767","200/21355",0.00130600284254512,0.00178413977450808,0.000305497740946227
"GSE17721_0.5H_VS_4H_LPS_BMDC_DN","GSE17721_0.5H_VS_4H_LPS_BMDC_DN","84/6767","200/21355",0.00130600284254512,0.00178413977450808,0.000305497740946227
"GSE17721_CTRL_VS_CPG_4H_BMDC_DN","GSE17721_CTRL_VS_CPG_4H_BMDC_DN","84/6767","200/21355",0.00130600284254512,0.00178413977450808,0.000305497740946227
"GSE17721_CTRL_VS_LPS_0.5H_BMDC_UP","GSE17721_CTRL_VS_LPS_0.5H_BMDC_UP","84/6767","200/21355",0.00130600284254512,0.00178413977450808,0.000305497740946227
"GSE17721_LPS_VS_CPG_2H_BMDC_UP","GSE17721_LPS_VS_CPG_2H_BMDC_UP","84/6767","200/21355",0.00130600284254512,0.00178413977450808,0.000305497740946227
"GSE17721_PAM3CSK4_VS_CPG_0.5H_BMDC_DN","GSE17721_PAM3CSK4_VS_CPG_0.5H_BMDC_DN","84/6767","200/21355",0.00130600284254512,0.00178413977450808,0.000305497740946227
"GSE17721_PAM3CSK4_VS_GADIQUIMOD_4H_BMDC_UP","GSE17721_PAM3CSK4_VS_GADIQUIMOD_4H_BMDC_UP","84/6767","200/21355",0.00130600284254512,0.00178413977450808,0.000305497740946227
"GSE18893_CTRL_VS_TNF_TREATED_TCONV_24H_UP","GSE18893_CTRL_VS_TNF_TREATED_TCONV_24H_UP","84/6767","200/21355",0.00130600284254512,0.00178413977450808,0.000305497740946227
"GSE20366_CD103_POS_VS_CD103_KLRG1_DP_TREG_DN","GSE20366_CD103_POS_VS_CD103_KLRG1_DP_TREG_DN","84/6767","200/21355",0.00130600284254512,0.00178413977450808,0.000305497740946227
"GSE20715_0H_VS_48H_OZONE_TLR4_KO_LUNG_UP","GSE20715_0H_VS_48H_OZONE_TLR4_KO_LUNG_UP","84/6767","200/21355",0.00130600284254512,0.00178413977450808,0.000305497740946227
"GSE21774_CD62L_POS_CD56_BRIGHT_VS_CD62L_NEG_CD56_DIM_NK_CELL_DN","GSE21774_CD62L_POS_CD56_BRIGHT_VS_CD62L_NEG_CD56_DIM_NK_CELL_DN","84/6767","200/21355",0.00130600284254512,0.00178413977450808,0.000305497740946227
"GSE22432_MULTIPOTENT_PROGENITOR_VS_PDC_UP","GSE22432_MULTIPOTENT_PROGENITOR_VS_PDC_UP","84/6767","200/21355",0.00130600284254512,0.00178413977450808,0.000305497740946227
"GSE23308_WT_VS_MINERALCORTICOID_REC_KO_MACROPHAGE_DN","GSE23308_WT_VS_MINERALCORTICOID_REC_KO_MACROPHAGE_DN","84/6767","200/21355",0.00130600284254512,0.00178413977450808,0.000305497740946227
"GSE25123_CTRL_VS_IL4_STIM_PPARG_KO_MACROPHAGE_UP","GSE25123_CTRL_VS_IL4_STIM_PPARG_KO_MACROPHAGE_UP","84/6767","200/21355",0.00130600284254512,0.00178413977450808,0.000305497740946227
"GSE27786_CD4_TCELL_VS_ERYTHTROBLAST_UP","GSE27786_CD4_TCELL_VS_ERYTHTROBLAST_UP","84/6767","200/21355",0.00130600284254512,0.00178413977450808,0.000305497740946227
"GSE27786_LSK_VS_MONO_MAC_DN","GSE27786_LSK_VS_MONO_MAC_DN","84/6767","200/21355",0.00130600284254512,0.00178413977450808,0.000305497740946227
"GSE27786_NKCELL_VS_MONO_MAC_DN","GSE27786_NKCELL_VS_MONO_MAC_DN","84/6767","200/21355",0.00130600284254512,0.00178413977450808,0.000305497740946227
"GSE29949_CD8_NEG_DC_SPLEEN_VS_CD8_POS_DC_SPLEEN_DN","GSE29949_CD8_NEG_DC_SPLEEN_VS_CD8_POS_DC_SPLEEN_DN","84/6767","200/21355",0.00130600284254512,0.00178413977450808,0.000305497740946227
"GSE30083_SP1_VS_SP3_THYMOCYTE_DN","GSE30083_SP1_VS_SP3_THYMOCYTE_DN","84/6767","200/21355",0.00130600284254512,0.00178413977450808,0.000305497740946227
"GSE360_DC_VS_MAC_L_DONOVANI_UP","GSE360_DC_VS_MAC_L_DONOVANI_UP","84/6767","200/21355",0.00130600284254512,0.00178413977450808,0.000305497740946227
"GSE3720_VD1_VS_VD2_GAMMADELTA_TCELL_DN","GSE3720_VD1_VS_VD2_GAMMADELTA_TCELL_DN","84/6767","200/21355",0.00130600284254512,0.00178413977450808,0.000305497740946227
"GSE37533_PPARG1_FOXP3_VS_FOXP3_TRANSDUCED_CD4_TCELL_UP","GSE37533_PPARG1_FOXP3_VS_FOXP3_TRANSDUCED_CD4_TCELL_UP","84/6767","200/21355",0.00130600284254512,0.00178413977450808,0.000305497740946227
"GSE4142_PLASMA_CELL_VS_GC_BCELL_DN","GSE4142_PLASMA_CELL_VS_GC_BCELL_DN","84/6767","200/21355",0.00130600284254512,0.00178413977450808,0.000305497740946227
"GSE43863_TH1_VS_LY6C_INT_CXCR5POS_MEMORY_CD4_TCELL_DN","GSE43863_TH1_VS_LY6C_INT_CXCR5POS_MEMORY_CD4_TCELL_DN","84/6767","200/21355",0.00130600284254512,0.00178413977450808,0.000305497740946227
"GSE43955_TH0_VS_TGFB_IL6_TH17_ACT_CD4_TCELL_42H_DN","GSE43955_TH0_VS_TGFB_IL6_TH17_ACT_CD4_TCELL_42H_DN","84/6767","200/21355",0.00130600284254512,0.00178413977450808,0.000305497740946227
"GSE43955_TH0_VS_TGFB_IL6_TH17_ACT_CD4_TCELL_52H_UP","GSE43955_TH0_VS_TGFB_IL6_TH17_ACT_CD4_TCELL_52H_UP","84/6767","200/21355",0.00130600284254512,0.00178413977450808,0.000305497740946227
"GSE46606_IRF4HIGH_VS_WT_CD40L_IL2_IL5_DAY3_STIMULATED_BCELL_DN","GSE46606_IRF4HIGH_VS_WT_CD40L_IL2_IL5_DAY3_STIMULATED_BCELL_DN","84/6767","200/21355",0.00130600284254512,0.00178413977450808,0.000305497740946227
"GSE4748_CTRL_VS_LPS_AND_CYANOBACTERIUM_LPSLIKE_STIM_DC_3H_DN","GSE4748_CTRL_VS_LPS_AND_CYANOBACTERIUM_LPSLIKE_STIM_DC_3H_DN","84/6767","200/21355",0.00130600284254512,0.00178413977450808,0.000305497740946227
"GSE8921_UNSTIM_VS_TLR1_2_STIM_MONOCYTE_6H_DN","GSE8921_UNSTIM_VS_TLR1_2_STIM_MONOCYTE_6H_DN","84/6767","200/21355",0.00130600284254512,0.00178413977450808,0.000305497740946227
"GSE9037_CTRL_VS_LPS_1H_STIM_BMDM_DN","GSE9037_CTRL_VS_LPS_1H_STIM_BMDM_DN","84/6767","200/21355",0.00130600284254512,0.00178413977450808,0.000305497740946227
"GSE6269_STAPH_AUREUS_VS_STREP_PNEUMO_INF_PBMC_UP","GSE6269_STAPH_AUREUS_VS_STREP_PNEUMO_INF_PBMC_UP","75/6767","176/21355",0.00143247277267002,0.00195638995883835,0.000334992090515884
"HOFT_CD4_POSITIVE_ALPHA_BETA_MEMORY_T_CELL_BCG_VACCINE_AGE_18_45YO_ID_7DY_TOP_100_DEG_EX_VIVO_UP","HOFT_CD4_POSITIVE_ALPHA_BETA_MEMORY_T_CELL_BCG_VACCINE_AGE_18_45YO_ID_7DY_TOP_100_DEG_EX_VIVO_UP","17/6767","28/21355",0.00144679106161025,0.00197541884763669,0.000338250401677189
"GSE6259_CD4_TCELL_VS_CD8_TCELL_UP","GSE6259_CD4_TCELL_VS_CD8_TCELL_UP","79/6767","187/21355",0.00146579034906033,0.00200082724164865,0.000342601073683178
"GSE21379_WT_VS_SAP_KO_TFH_CD4_TCELL_DN","GSE21379_WT_VS_SAP_KO_TFH_CD4_TCELL_DN","83/6767","198/21355",0.00148593923495463,0.00202563426152948,0.00034684877256949
"GSE2585_THYMIC_MACROPHAGE_VS_MTEC_DN","GSE2585_THYMIC_MACROPHAGE_VS_MTEC_DN","83/6767","198/21355",0.00148593923495463,0.00202563426152948,0.00034684877256949
"GSE32986_GMCSF_VS_GMCSF_AND_CURDLAN_HIGHDOSE_STIM_DC_DN","GSE32986_GMCSF_VS_GMCSF_AND_CURDLAN_HIGHDOSE_STIM_DC_DN","83/6767","198/21355",0.00148593923495463,0.00202563426152948,0.00034684877256949
"GSE3720_VD1_VS_VD2_GAMMADELTA_TCELL_UP","GSE3720_VD1_VS_VD2_GAMMADELTA_TCELL_UP","83/6767","198/21355",0.00148593923495463,0.00202563426152948,0.00034684877256949
"GSE41176_WT_VS_TAK1_KO_UNSTIM_BCELL_UP","GSE41176_WT_VS_TAK1_KO_UNSTIM_BCELL_UP","83/6767","198/21355",0.00148593923495463,0.00202563426152948,0.00034684877256949
"GSE21063_CTRL_VS_ANTI_IGM_STIM_BCELL_3H_UP","GSE21063_CTRL_VS_ANTI_IGM_STIM_BCELL_3H_UP","80/6767","190/21355",0.0015393065588073,0.00209671220164852,0.000359019427833013
"GSE21927_SPLEEN_VS_4T1_TUMOR_MONOCYTE_BALBC_UP","GSE21927_SPLEEN_VS_4T1_TUMOR_MONOCYTE_BALBC_UP","80/6767","190/21355",0.0015393065588073,0.00209671220164852,0.000359019427833013
"GSE6566_STRONG_VS_WEAK_DC_STIMULATED_CD4_TCELL_DN","GSE6566_STRONG_VS_WEAK_DC_STIMULATED_CD4_TCELL_DN","80/6767","190/21355",0.0015393065588073,0.00209671220164852,0.000359019427833013
"GSE27859_MACROPHAGE_VS_CD11C_INT_F480_INT_DC_UP","GSE27859_MACROPHAGE_VS_CD11C_INT_F480_INT_DC_UP","73/6767","171/21355",0.00155088775578153,0.00211136524797979,0.000361528464746009
"GSE2935_UV_INACTIVATED_VS_LIVE_SENDAI_VIRUS_INF_MACROPHAGE_UP","GSE2935_UV_INACTIVATED_VS_LIVE_SENDAI_VIRUS_INF_MACROPHAGE_UP","73/6767","171/21355",0.00155088775578153,0.00211136524797979,0.000361528464746009
"NAKAYA_MONOCYTE_FLUARIX_FLUVIRIN_AGE_18_50YO_7DY_UP","NAKAYA_MONOCYTE_FLUARIX_FLUVIRIN_AGE_18_50YO_7DY_UP","42/6767","89/21355",0.00157745523011605,0.00214696388765729,0.000367624009589311
"GSE4590_PRE_BCELL_VS_SMALL_PRE_BCELL_UP","GSE4590_PRE_BCELL_VS_SMALL_PRE_BCELL_UP","67/6767","155/21355",0.00161391345208297,0.00219503635319354,0.000375855444050262
"GSE6259_33D1_POS_DC_VS_BCELL_UP","GSE6259_33D1_POS_DC_VS_BCELL_UP","67/6767","155/21355",0.00161391345208297,0.00219503635319354,0.000375855444050262
"GSE23114_PERITONEAL_CAVITY_B1A_BCELL_VS_SPLEEN_BCELL_IN_SLE2C1_MOUSE_DN","GSE23114_PERITONEAL_CAVITY_B1A_BCELL_VS_SPLEEN_BCELL_IN_SLE2C1_MOUSE_DN","81/6767","193/21355",0.00161406027921584,0.00219503635319354,0.000375855444050262
"ZAK_PBMC_MRKAD5_HIV_1_GAG_POL_NEF_AGE_20_50YO_CORRELATED_WITH_CD8_T_CELL_RESPONSE_3DY_POSITIVE","ZAK_PBMC_MRKAD5_HIV_1_GAG_POL_NEF_AGE_20_50YO_CORRELATED_WITH_CD8_T_CELL_RESPONSE_3DY_POSITIVE","40/6767","84/21355",0.00163037055090564,0.00221662949204275,0.000379552831010984
"GSE2770_IL12_VS_IL4_TREATED_ACT_CD4_TCELL_2H_UP","GSE2770_IL12_VS_IL4_TREATED_ACT_CD4_TCELL_2H_UP","64/6767","147/21355",0.001633440280457,0.00222021429424789,0.000380166655662539
"GSE37319_WT_VS_RC3H1_KO_CD44LOW_CD8_TCELL_DN","GSE37319_WT_VS_RC3H1_KO_CD44LOW_CD8_TCELL_DN","61/6767","139/21355",0.00164257442564919,0.00223203792215833,0.000382191212072321
"GSE21033_3H_VS_12H_POLYIC_STIM_DC_UP","GSE21033_3H_VS_12H_POLYIC_STIM_DC_UP","71/6767","166/21355",0.0016785421041625,0.00227970473325592,0.000390353186440299
"GSE3920_UNTREATED_VS_IFNG_TREATED_FIBROBLAST_UP","GSE3920_UNTREATED_VS_IFNG_TREATED_FIBROBLAST_UP","71/6767","166/21355",0.0016785421041625,0.00227970473325592,0.000390353186440299
"GSE1925_CTRL_VS_24H_IFNG_STIM_MACROPHAGE_UP","GSE1925_CTRL_VS_24H_IFNG_STIM_MACROPHAGE_UP","82/6767","196/21355",0.00168999295020272,0.00229222059674321,0.000392496274149002
"GSE19401_PLN_VS_PEYERS_PATCH_FOLLICULAR_DC_UP","GSE19401_PLN_VS_PEYERS_PATCH_FOLLICULAR_DC_UP","82/6767","196/21355",0.00168999295020272,0.00229222059674321,0.000392496274149002
"GSE21927_SPLEEN_VS_BONE_MARROW_MONOCYTE_BALBC_UP","GSE21927_SPLEEN_VS_BONE_MARROW_MONOCYTE_BALBC_UP","82/6767","196/21355",0.00168999295020272,0.00229222059674321,0.000392496274149002
"GSE26023_PHD3_KO_VS_WT_NEUTROPHIL_HYPOXIA_DN","GSE26023_PHD3_KO_VS_WT_NEUTROPHIL_HYPOXIA_DN","82/6767","196/21355",0.00168999295020272,0.00229222059674321,0.000392496274149002
"GSE29164_DAY3_VS_DAY7_UNTREATED_MELANOMA_UP","GSE29164_DAY3_VS_DAY7_UNTREATED_MELANOMA_UP","82/6767","196/21355",0.00168999295020272,0.00229222059674321,0.000392496274149002
"GSE6269_HEALTHY_VS_FLU_INF_PBMC_UP","GSE6269_HEALTHY_VS_FLU_INF_PBMC_UP","75/6767","177/21355",0.00172422795784402,0.00233803669396094,0.000400341351311103
"GSE12845_IGD_POS_VS_NEG_BLOOD_BCELL_UP","GSE12845_IGD_POS_VS_NEG_BLOOD_BCELL_UP","83/6767","199/21355",0.00176704650410413,0.00238914752809649,0.000409093044754288
"GSE15330_LYMPHOID_MULTIPOTENT_VS_GRANULOCYTE_MONOCYTE_PROGENITOR_UP","GSE15330_LYMPHOID_MULTIPOTENT_VS_GRANULOCYTE_MONOCYTE_PROGENITOR_UP","83/6767","199/21355",0.00176704650410413,0.00238914752809649,0.000409093044754288
"GSE15659_RESTING_TREG_VS_NONSUPPRESSIVE_TCELL_DN","GSE15659_RESTING_TREG_VS_NONSUPPRESSIVE_TCELL_DN","83/6767","199/21355",0.00176704650410413,0.00238914752809649,0.000409093044754288
"GSE17721_CPG_VS_GARDIQUIMOD_0.5H_BMDC_UP","GSE17721_CPG_VS_GARDIQUIMOD_0.5H_BMDC_UP","83/6767","199/21355",0.00176704650410413,0.00238914752809649,0.000409093044754288
"GSE17721_CTRL_VS_PAM3CSK4_1H_BMDC_DN","GSE17721_CTRL_VS_PAM3CSK4_1H_BMDC_DN","83/6767","199/21355",0.00176704650410413,0.00238914752809649,0.000409093044754288
"GSE19888_ADENOSINE_A3R_ACT_VS_TCELL_MEMBRANES_ACT_AND_A3R_INH_PRETREAT_IN_MAST_CELL_DN","GSE19888_ADENOSINE_A3R_ACT_VS_TCELL_MEMBRANES_ACT_AND_A3R_INH_PRETREAT_IN_MAST_CELL_DN","83/6767","199/21355",0.00176704650410413,0.00238914752809649,0.000409093044754288
"GSE22527_ANTI_CD3_INVIVO_VS_UNTREATED_MOUSE_TREG_UP","GSE22527_ANTI_CD3_INVIVO_VS_UNTREATED_MOUSE_TREG_UP","83/6767","199/21355",0.00176704650410413,0.00238914752809649,0.000409093044754288
"GSE36527_CD62L_HIGH_CD69_NEG_VS_CD62L_LOW_CD69_POS_TREG_KLRG1_NEG_UP","GSE36527_CD62L_HIGH_CD69_NEG_VS_CD62L_LOW_CD69_POS_TREG_KLRG1_NEG_UP","83/6767","199/21355",0.00176704650410413,0.00238914752809649,0.000409093044754288
"GSE43863_TFH_VS_LY6C_INT_CXCR5POS_MEMORY_CD4_TCELL_UP","GSE43863_TFH_VS_LY6C_INT_CXCR5POS_MEMORY_CD4_TCELL_UP","83/6767","199/21355",0.00176704650410413,0.00238914752809649,0.000409093044754288
"GSE5099_UNSTIM_VS_MCSF_TREATED_MONOCYTE_DAY3_UP","GSE5099_UNSTIM_VS_MCSF_TREATED_MONOCYTE_DAY3_UP","83/6767","199/21355",0.00176704650410413,0.00238914752809649,0.000409093044754288
"GSE8835_HEALTHY_VS_CLL_CD4_TCELL_UP","GSE8835_HEALTHY_VS_CLL_CD4_TCELL_UP","83/6767","199/21355",0.00176704650410413,0.00238914752809649,0.000409093044754288
"GSE22886_NAIVE_CD8_TCELL_VS_MEMORY_TCELL_UP","GSE22886_NAIVE_CD8_TCELL_VS_MEMORY_TCELL_UP","81/6767","194/21355",0.00192128064407573,0.00259699600901035,0.000444682880419376
"GSE3982_EOSINOPHIL_VS_MAC_UP","GSE3982_EOSINOPHIL_VS_MAC_UP","82/6767","197/21355",0.002007155007666,0.00271092827299883,0.000464191469245589
"GSE45365_CD8A_DC_VS_CD11B_DC_UP","GSE45365_CD8A_DC_VS_CD11B_DC_UP","82/6767","197/21355",0.002007155007666,0.00271092827299883,0.000464191469245589
"GSE9006_TYPE_1_DIABETES_AT_DX_VS_1MONTH_POST_DX_PBMC_DN","GSE9006_TYPE_1_DIABETES_AT_DX_VS_1MONTH_POST_DX_PBMC_DN","82/6767","197/21355",0.002007155007666,0.00271092827299883,0.000464191469245589
"GSE21033_CTRL_VS_POLYIC_STIM_DC_24H_DN","GSE21033_CTRL_VS_POLYIC_STIM_DC_24H_DN","68/6767","159/21355",0.00207895554604607,0.00280473106326055,0.000480253294069435
"GSE29617_DAY3_VS_DAY7_TIV_FLU_VACCINE_PBMC_2008_UP","GSE29617_DAY3_VS_DAY7_TIV_FLU_VACCINE_PBMC_2008_UP","79/6767","189/21355",0.00208885902075523,0.00280473106326055,0.000480253294069435
"GSE11961_GERMINAL_CENTER_BCELL_DAY7_VS_MEMORY_BCELL_DAY40_DN","GSE11961_GERMINAL_CENTER_BCELL_DAY7_VS_MEMORY_BCELL_DAY40_DN","83/6767","200/21355",0.00209411166572291,0.00280473106326055,0.000480253294069435
"GSE14699_NAIVE_VS_DELETIONAL_TOLERANCE_CD8_TCELL_DN","GSE14699_NAIVE_VS_DELETIONAL_TOLERANCE_CD8_TCELL_DN","83/6767","200/21355",0.00209411166572291,0.00280473106326055,0.000480253294069435
"GSE15330_LYMPHOID_MULTIPOTENT_VS_PRO_BCELL_UP","GSE15330_LYMPHOID_MULTIPOTENT_VS_PRO_BCELL_UP","83/6767","200/21355",0.00209411166572291,0.00280473106326055,0.000480253294069435
"GSE17721_LPS_VS_CPG_0.5H_BMDC_DN","GSE17721_LPS_VS_CPG_0.5H_BMDC_DN","83/6767","200/21355",0.00209411166572291,0.00280473106326055,0.000480253294069435
"GSE17721_LPS_VS_PAM3CSK4_0.5H_BMDC_UP","GSE17721_LPS_VS_PAM3CSK4_0.5H_BMDC_UP","83/6767","200/21355",0.00209411166572291,0.00280473106326055,0.000480253294069435
"GSE17721_POLYIC_VS_CPG_16H_BMDC_UP","GSE17721_POLYIC_VS_CPG_16H_BMDC_UP","83/6767","200/21355",0.00209411166572291,0.00280473106326055,0.000480253294069435
"GSE17721_POLYIC_VS_GARDIQUIMOD_12H_BMDC_UP","GSE17721_POLYIC_VS_GARDIQUIMOD_12H_BMDC_UP","83/6767","200/21355",0.00209411166572291,0.00280473106326055,0.000480253294069435
"GSE18893_TCONV_VS_TREG_2H_TNF_STIM_UP","GSE18893_TCONV_VS_TREG_2H_TNF_STIM_UP","83/6767","200/21355",0.00209411166572291,0.00280473106326055,0.000480253294069435
"GSE2128_C57BL6_VS_NOD_THYMOCYTE_DN","GSE2128_C57BL6_VS_NOD_THYMOCYTE_DN","83/6767","200/21355",0.00209411166572291,0.00280473106326055,0.000480253294069435
"GSE21379_WT_VS_SAP_KO_CD4_TCELL_UP","GSE21379_WT_VS_SAP_KO_CD4_TCELL_UP","83/6767","200/21355",0.00209411166572291,0.00280473106326055,0.000480253294069435
"GSE2405_0H_VS_3H_A_PHAGOCYTOPHILUM_STIM_NEUTROPHIL_UP","GSE2405_0H_VS_3H_A_PHAGOCYTOPHILUM_STIM_NEUTROPHIL_UP","83/6767","200/21355",0.00209411166572291,0.00280473106326055,0.000480253294069435
"GSE2585_THYMIC_DC_VS_MTEC_DN","GSE2585_THYMIC_DC_VS_MTEC_DN","83/6767","200/21355",0.00209411166572291,0.00280473106326055,0.000480253294069435
"GSE26488_HDAC7_KO_VS_VP16_TRANSGENIC_HDAC7_KO_DOUBLE_POSITIVE_THYMOCYTE_DN","GSE26488_HDAC7_KO_VS_VP16_TRANSGENIC_HDAC7_KO_DOUBLE_POSITIVE_THYMOCYTE_DN","83/6767","200/21355",0.00209411166572291,0.00280473106326055,0.000480253294069435
"GSE2770_IL12_VS_IL4_TREATED_ACT_CD4_TCELL_6H_UP","GSE2770_IL12_VS_IL4_TREATED_ACT_CD4_TCELL_6H_UP","83/6767","200/21355",0.00209411166572291,0.00280473106326055,0.000480253294069435
"GSE27786_ERYTHROBLAST_VS_NEUTROPHIL_UP","GSE27786_ERYTHROBLAST_VS_NEUTROPHIL_UP","83/6767","200/21355",0.00209411166572291,0.00280473106326055,0.000480253294069435
"GSE30971_2H_VS_4H_LPS_STIM_MACROPHAGE_WBP7_KO_UP","GSE30971_2H_VS_4H_LPS_STIM_MACROPHAGE_WBP7_KO_UP","83/6767","200/21355",0.00209411166572291,0.00280473106326055,0.000480253294069435
"GSE32533_WT_VS_MIR17_KO_ACT_CD4_TCELL_UP","GSE32533_WT_VS_MIR17_KO_ACT_CD4_TCELL_UP","83/6767","200/21355",0.00209411166572291,0.00280473106326055,0.000480253294069435
"GSE34156_NOD2_LIGAND_VS_NOD2_AND_TLR1_TLR2_LIGAND_6H_TREATED_MONOCYTE_DN","GSE34156_NOD2_LIGAND_VS_NOD2_AND_TLR1_TLR2_LIGAND_6H_TREATED_MONOCYTE_DN","83/6767","200/21355",0.00209411166572291,0.00280473106326055,0.000480253294069435
"GSE360_L_DONOVANI_VS_L_MAJOR_MAC_DN","GSE360_L_DONOVANI_VS_L_MAJOR_MAC_DN","83/6767","200/21355",0.00209411166572291,0.00280473106326055,0.000480253294069435
"GSE36527_CD62L_HIGH_CD69_NEG_VS_CD62L_LOW_CD69_POS_TREG_KLRG1_NEG_DN","GSE36527_CD62L_HIGH_CD69_NEG_VS_CD62L_LOW_CD69_POS_TREG_KLRG1_NEG_DN","83/6767","200/21355",0.00209411166572291,0.00280473106326055,0.000480253294069435
"GSE39820_TGFBETA1_IL6_VS_TGFBETA1_IL6_IL23A_TREATED_CD4_TCELL_DN","GSE39820_TGFBETA1_IL6_VS_TGFBETA1_IL6_IL23A_TREATED_CD4_TCELL_DN","83/6767","200/21355",0.00209411166572291,0.00280473106326055,0.000480253294069435
"GSE4142_PLASMA_CELL_VS_GC_BCELL_UP","GSE4142_PLASMA_CELL_VS_GC_BCELL_UP","83/6767","200/21355",0.00209411166572291,0.00280473106326055,0.000480253294069435
"GSE43955_10H_VS_30H_ACT_CD4_TCELL_DN","GSE43955_10H_VS_30H_ACT_CD4_TCELL_DN","83/6767","200/21355",0.00209411166572291,0.00280473106326055,0.000480253294069435
"GSE43955_1H_VS_60H_ACT_CD4_TCELL_WITH_TGFB_IL6_DN","GSE43955_1H_VS_60H_ACT_CD4_TCELL_WITH_TGFB_IL6_DN","83/6767","200/21355",0.00209411166572291,0.00280473106326055,0.000480253294069435
"GSE43955_TH0_VS_TGFB_IL6_TH17_ACT_CD4_TCELL_60H_DN","GSE43955_TH0_VS_TGFB_IL6_TH17_ACT_CD4_TCELL_60H_DN","83/6767","200/21355",0.00209411166572291,0.00280473106326055,0.000480253294069435
"GSE4748_CTRL_VS_LPS_STIM_DC_3H_UP","GSE4748_CTRL_VS_LPS_STIM_DC_3H_UP","83/6767","200/21355",0.00209411166572291,0.00280473106326055,0.000480253294069435
"GSE5099_MONOCYTE_VS_CLASSICAL_M1_MACROPHAGE_UP","GSE5099_MONOCYTE_VS_CLASSICAL_M1_MACROPHAGE_UP","83/6767","200/21355",0.00209411166572291,0.00280473106326055,0.000480253294069435
"GSE7460_CTRL_VS_TGFB_TREATED_ACT_FOXP3_MUT_TCONV_DN","GSE7460_CTRL_VS_TGFB_TREATED_ACT_FOXP3_MUT_TCONV_DN","83/6767","200/21355",0.00209411166572291,0.00280473106326055,0.000480253294069435
"GSE7831_CPG_VS_INFLUENZA_STIM_PDC_4H_DN","GSE7831_CPG_VS_INFLUENZA_STIM_PDC_4H_DN","83/6767","200/21355",0.00209411166572291,0.00280473106326055,0.000480253294069435
"GSE8515_CTRL_VS_IL6_4H_STIM_MAC_UP","GSE8515_CTRL_VS_IL6_4H_STIM_MAC_UP","83/6767","200/21355",0.00209411166572291,0.00280473106326055,0.000480253294069435
"GSE24671_CTRL_VS_BAKIMULC_INFECTED_MOUSE_SPLENOCYTES_DN","GSE24671_CTRL_VS_BAKIMULC_INFECTED_MOUSE_SPLENOCYTES_DN","72/6767","170/21355",0.00213449022107148,0.00285806512494998,0.000489385670127864
"ERWIN_COHEN_BLOOD_TC_83_AGE_23_48YO_VACCINATED_VS_CONTROL_2DY_UP","ERWIN_COHEN_BLOOD_TC_83_AGE_23_48YO_VACCINATED_VS_CONTROL_2DY_UP","53/6767","119/21355",0.00216709482372478,0.00290096479405665,0.000496731368142496
"GARCIA_PINERES_PBMC_HPV_16_L1_VLP_AGE_18_25YO_12MO_CORRELATED_WITH_ANTIBODY_RESPONSE_NEGATIVE","GARCIA_PINERES_PBMC_HPV_16_L1_VLP_AGE_18_25YO_12MO_CORRELATED_WITH_ANTIBODY_RESPONSE_NEGATIVE","13/6767","20/21355",0.00223082453447659,0.00298549657746319,0.000511205721126401
"GSE11818_WT_VS_DICER_KO_TREG_DN","GSE11818_WT_VS_DICER_KO_TREG_DN","66/6767","154/21355",0.00224992560897552,0.00301027364228014,0.000515448290815731
"GSE26488_WT_VS_HDAC7_KO_DOUBLE_POSITIVE_THYMOCYTE_UP","GSE26488_WT_VS_HDAC7_KO_DOUBLE_POSITIVE_THYMOCYTE_UP","81/6767","195/21355",0.00227890679164004,0.00304507561134701,0.000521407421979285
"GSE37301_COMMON_LYMPHOID_PROGENITOR_VS_RAG2_KO_NK_CELL_UP","GSE37301_COMMON_LYMPHOID_PROGENITOR_VS_RAG2_KO_NK_CELL_UP","81/6767","195/21355",0.00227890679164004,0.00304507561134701,0.000521407421979285
"GSE40666_STAT1_KO_VS_STAT4_KO_CD8_TCELL_WITH_IFNA_STIM_90MIN_UP","GSE40666_STAT1_KO_VS_STAT4_KO_CD8_TCELL_WITH_IFNA_STIM_90MIN_UP","81/6767","195/21355",0.00227890679164004,0.00304507561134701,0.000521407421979285
"GSE45365_WT_VS_IFNAR_KO_BCELL_MCMV_INFECTION_DN","GSE45365_WT_VS_IFNAR_KO_BCELL_MCMV_INFECTION_DN","81/6767","195/21355",0.00227890679164004,0.00304507561134701,0.000521407421979285
"GSE46242_CTRL_VS_EGR2_DELETED_TH1_CD4_TCELL_DN","GSE46242_CTRL_VS_EGR2_DELETED_TH1_CD4_TCELL_DN","81/6767","195/21355",0.00227890679164004,0.00304507561134701,0.000521407421979285
"GSE22601_DOUBLE_NEGATIVE_VS_IMMATURE_CD4_SP_THYMOCYTE_DN","GSE22601_DOUBLE_NEGATIVE_VS_IMMATURE_CD4_SP_THYMOCYTE_DN","82/6767","198/21355",0.00237560064009993,0.00317262424636425,0.000543247538104316
"GSE3982_MAST_CELL_VS_CENT_MEMORY_CD4_TCELL_DN","GSE3982_MAST_CELL_VS_CENT_MEMORY_CD4_TCELL_DN","82/6767","198/21355",0.00237560064009993,0.00317262424636425,0.000543247538104316
"GSE21033_CTRL_VS_POLYIC_STIM_DC_6H_DN","GSE21033_CTRL_VS_POLYIC_STIM_DC_6H_DN","67/6767","157/21355",0.00237909310864293,0.00317646103333654,0.000543904510035144
"FRANCO_BLOOD_SANOFI_PASTEUR_SA_INACTIVATED_INFLUENZA_VACCINE_CORRELATED_WITH_ANTIBODY_RESPONSE_AGE_18_40YO_3DY_POSITIVE","FRANCO_BLOOD_SANOFI_PASTEUR_SA_INACTIVATED_INFLUENZA_VACCINE_CORRELATED_WITH_ANTIBODY_RESPONSE_AGE_18_40YO_3DY_POSITIVE","12/6767","18/21355",0.00241603783981245,0.00322494819180381,0.00055220695224752
"GSE37319_WT_VS_RC3H1_KO_CD44LOW_CD8_TCELL_UP","GSE37319_WT_VS_RC3H1_KO_CD44LOW_CD8_TCELL_UP","64/6767","149/21355",0.00243395811249199,0.00324802270763833,0.000556157994963786
"GSE26928_NAIVE_VS_EFF_MEMORY_CD4_TCELL_UP","GSE26928_NAIVE_VS_EFF_MEMORY_CD4_TCELL_UP","79/6767","190/21355",0.00247998194412358,0.00330771785315337,0.000566379577577924
"GSE37416_12H_VS_48H_F_TULARENSIS_LVS_NEUTROPHIL_DN","GSE37416_12H_VS_48H_F_TULARENSIS_LVS_NEUTROPHIL_DN","79/6767","190/21355",0.00247998194412358,0.00330771785315337,0.000566379577577924
"GSE18791_CTRL_VS_NEWCASTLE_VIRUS_DC_18H_DN","GSE18791_CTRL_VS_NEWCASTLE_VIRUS_DC_18H_DN","80/6767","193/21355",0.00258630453840009,0.00344863026485754,0.000590507969345198
"GSE22886_IGA_VS_IGM_MEMORY_BCELL_UP","GSE22886_IGA_VS_IGM_MEMORY_BCELL_UP","81/6767","196/21355",0.00269370697560894,0.00358904253221076,0.000614550721538969
"GSE29617_CTRL_VS_DAY7_TIV_FLU_VACCINE_PBMC_2008_UP","GSE29617_CTRL_VS_DAY7_TIV_FLU_VACCINE_PBMC_2008_UP","81/6767","196/21355",0.00269370697560894,0.00358904253221076,0.000614550721538969
"GSE42021_TREG_PLN_VS_CD24LO_TREG_THYMUS_UP","GSE42021_TREG_PLN_VS_CD24LO_TREG_THYMUS_UP","81/6767","196/21355",0.00269370697560894,0.00358904253221076,0.000614550721538969
"GSE10239_KLRG1INT_VS_KLRG1HIGH_EFF_CD8_TCELL_DN","GSE10239_KLRG1INT_VS_KLRG1HIGH_EFF_CD8_TCELL_DN","82/6767","199/21355",0.00280210866703709,0.00372669549569368,0.000638120998923867
"GSE11961_UNSTIM_VS_ANTI_IGM_AND_CD40_STIM_6H_FOLLICULAR_BCELL_DN","GSE11961_UNSTIM_VS_ANTI_IGM_AND_CD40_STIM_6H_FOLLICULAR_BCELL_DN","82/6767","199/21355",0.00280210866703709,0.00372669549569368,0.000638120998923867
"GSE17721_CTRL_VS_CPG_12H_BMDC_DN","GSE17721_CTRL_VS_CPG_12H_BMDC_DN","82/6767","199/21355",0.00280210866703709,0.00372669549569368,0.000638120998923867
"GSE18893_TCONV_VS_TREG_24H_TNF_STIM_DN","GSE18893_TCONV_VS_TREG_24H_TNF_STIM_DN","82/6767","199/21355",0.00280210866703709,0.00372669549569368,0.000638120998923867
"GSE24102_GRANULOCYSTIC_MDSC_VS_NEUTROPHIL_UP","GSE24102_GRANULOCYSTIC_MDSC_VS_NEUTROPHIL_UP","82/6767","199/21355",0.00280210866703709,0.00372669549569368,0.000638120998923867
"GSE24142_EARLY_THYMIC_PROGENITOR_VS_DN2_THYMOCYTE_DN","GSE24142_EARLY_THYMIC_PROGENITOR_VS_DN2_THYMOCYTE_DN","82/6767","199/21355",0.00280210866703709,0.00372669549569368,0.000638120998923867
"GSE29617_CTRL_VS_DAY3_TIV_FLU_VACCINE_PBMC_2008_DN","GSE29617_CTRL_VS_DAY3_TIV_FLU_VACCINE_PBMC_2008_DN","82/6767","199/21355",0.00280210866703709,0.00372669549569368,0.000638120998923867
"GSE1791_CTRL_VS_NEUROMEDINU_IN_T_CELL_LINE_3H_UP","GSE1791_CTRL_VS_NEUROMEDINU_IN_T_CELL_LINE_3H_UP","78/6767","188/21355",0.00281572114799213,0.00374382840398227,0.000641054661887267
"GSE2706_UNSTIM_VS_2H_LPS_AND_R848_DC_UP","GSE2706_UNSTIM_VS_2H_LPS_AND_R848_DC_UP","79/6767","191/21355",0.00293382861091877,0.00389884377609656,0.000667597899513316
"GSE29614_DAY3_VS_DAY7_TIV_FLU_VACCINE_PBMC_DN","GSE29614_DAY3_VS_DAY7_TIV_FLU_VACCINE_PBMC_DN","79/6767","191/21355",0.00293382861091877,0.00389884377609656,0.000667597899513316
"GSE6269_STAPH_AUREUS_VS_STREP_PNEUMO_INF_PBMC_DN","GSE6269_STAPH_AUREUS_VS_STREP_PNEUMO_INF_PBMC_DN","75/6767","180/21355",0.00293677411535766,0.00390174679695224,0.0006680949829403
"GAUCHER_PBMC_YF_VAX_STAMARIL_UNKNOWN_AGE_60DY_DN","GAUCHER_PBMC_YF_VAX_STAMARIL_UNKNOWN_AGE_60DY_DN","19/6767","34/21355",0.00298063209784782,0.00395898983566471,0.000677896692011204
"GSE2706_2H_VS_8H_LPS_STIM_DC_DN","GSE2706_2H_VS_8H_LPS_STIM_DC_DN","80/6767","194/21355",0.00305298797301366,0.00405404541249444,0.000694173031119124
"QUEREC_PBMC_YF_17D_VACCINE_AGE_18_45YO_3DY_UP","QUEREC_PBMC_YF_17D_VACCINE_AGE_18_45YO_3DY_UP","24/6767","46/21355",0.00307159095175363,0.00407663650262512,0.000698041296991029
"QUEREC_PBMC_YF_17D_VACCINE_AGE_18_45YO_7DY_UP","QUEREC_PBMC_YF_17D_VACCINE_AGE_18_45YO_7DY_UP","24/6767","46/21355",0.00307159095175363,0.00407663650262512,0.000698041296991029
"GSE21546_ELK1_KO_VS_SAP1A_KO_AND_ELK1_KO_DP_THYMOCYTES_UP","GSE21546_ELK1_KO_VS_SAP1A_KO_AND_ELK1_KO_DP_THYMOCYTES_UP","81/6767","197/21355",0.00317310964287938,0.00421028290347893,0.000720925531808163
"GSE14308_INDUCED_VS_NATURAL_TREG_DN","GSE14308_INDUCED_VS_NATURAL_TREG_DN","82/6767","200/21355",0.0032941065832046,0.00434832246449279,0.000744562006177202
"GSE15733_BM_VS_SPLEEN_MEMORY_CD4_TCELL_UP","GSE15733_BM_VS_SPLEEN_MEMORY_CD4_TCELL_UP","82/6767","200/21355",0.0032941065832046,0.00434832246449279,0.000744562006177202
"GSE16385_MONOCYTE_VS_MACROPHAGE_UP","GSE16385_MONOCYTE_VS_MACROPHAGE_UP","82/6767","200/21355",0.0032941065832046,0.00434832246449279,0.000744562006177202
"GSE17186_NAIVE_VS_CD21HIGH_TRANSITIONAL_BCELL_UP","GSE17186_NAIVE_VS_CD21HIGH_TRANSITIONAL_BCELL_UP","82/6767","200/21355",0.0032941065832046,0.00434832246449279,0.000744562006177202
"GSE17721_POLYIC_VS_CPG_1H_BMDC_UP","GSE17721_POLYIC_VS_CPG_1H_BMDC_UP","82/6767","200/21355",0.0032941065832046,0.00434832246449279,0.000744562006177202
"GSE19512_NAUTRAL_VS_INDUCED_TREG_DN","GSE19512_NAUTRAL_VS_INDUCED_TREG_DN","82/6767","200/21355",0.0032941065832046,0.00434832246449279,0.000744562006177202
"GSE19888_ADENOSINE_A3R_INH_VS_TCELL_MEMBRANES_ACT_MAST_CELL_UP","GSE19888_ADENOSINE_A3R_INH_VS_TCELL_MEMBRANES_ACT_MAST_CELL_UP","82/6767","200/21355",0.0032941065832046,0.00434832246449279,0.000744562006177202
"GSE20366_CD103_POS_VS_NEG_TREG_KLRG1NEG_DN","GSE20366_CD103_POS_VS_NEG_TREG_KLRG1NEG_DN","82/6767","200/21355",0.0032941065832046,0.00434832246449279,0.000744562006177202
"GSE2405_0H_VS_1.5H_A_PHAGOCYTOPHILUM_STIM_NEUTROPHIL_UP","GSE2405_0H_VS_1.5H_A_PHAGOCYTOPHILUM_STIM_NEUTROPHIL_UP","82/6767","200/21355",0.0032941065832046,0.00434832246449279,0.000744562006177202
"GSE25123_CTRL_VS_IL4_AND_ROSIGLITAZONE_STIM_PPARG_KO_MACROPHAGE_UP","GSE25123_CTRL_VS_IL4_AND_ROSIGLITAZONE_STIM_PPARG_KO_MACROPHAGE_UP","82/6767","200/21355",0.0032941065832046,0.00434832246449279,0.000744562006177202
"GSE2770_TGFB_AND_IL4_VS_IL4_TREATED_ACT_CD4_TCELL_2H_DN","GSE2770_TGFB_AND_IL4_VS_IL4_TREATED_ACT_CD4_TCELL_2H_DN","82/6767","200/21355",0.0032941065832046,0.00434832246449279,0.000744562006177202
"GSE27786_NKCELL_VS_NEUTROPHIL_DN","GSE27786_NKCELL_VS_NEUTROPHIL_DN","82/6767","200/21355",0.0032941065832046,0.00434832246449279,0.000744562006177202
"GSE3203_HEALTHY_VS_INFLUENZA_INFECTED_LN_BCELL_UP","GSE3203_HEALTHY_VS_INFLUENZA_INFECTED_LN_BCELL_UP","82/6767","200/21355",0.0032941065832046,0.00434832246449279,0.000744562006177202
"GSE32423_IL7_VS_IL4_MEMORY_CD8_TCELL_DN","GSE32423_IL7_VS_IL4_MEMORY_CD8_TCELL_DN","82/6767","200/21355",0.0032941065832046,0.00434832246449279,0.000744562006177202
"GSE32423_MEMORY_VS_NAIVE_CD8_TCELL_IL7_UP","GSE32423_MEMORY_VS_NAIVE_CD8_TCELL_IL7_UP","82/6767","200/21355",0.0032941065832046,0.00434832246449279,0.000744562006177202
"GSE37301_MULTIPOTENT_PROGENITOR_VS_PRO_BCELL_UP","GSE37301_MULTIPOTENT_PROGENITOR_VS_PRO_BCELL_UP","82/6767","200/21355",0.0032941065832046,0.00434832246449279,0.000744562006177202
"GSE3982_DC_VS_MAC_UP","GSE3982_DC_VS_MAC_UP","82/6767","200/21355",0.0032941065832046,0.00434832246449279,0.000744562006177202
"GSE46606_DAY1_VS_DAY3_CD40L_IL2_IL5_STIMULATED_IRF4_KO_BCELL_DN","GSE46606_DAY1_VS_DAY3_CD40L_IL2_IL5_STIMULATED_IRF4_KO_BCELL_DN","82/6767","200/21355",0.0032941065832046,0.00434832246449279,0.000744562006177202
"GSE5589_LPS_AND_IL10_VS_LPS_AND_IL6_STIM_IL10_KO_MACROPHAGE_45MIN_UP","GSE5589_LPS_AND_IL10_VS_LPS_AND_IL6_STIM_IL10_KO_MACROPHAGE_45MIN_UP","82/6767","200/21355",0.0032941065832046,0.00434832246449279,0.000744562006177202
"GSE7831_CPG_VS_INFLUENZA_STIM_PDC_1H_DN","GSE7831_CPG_VS_INFLUENZA_STIM_PDC_1H_DN","82/6767","200/21355",0.0032941065832046,0.00434832246449279,0.000744562006177202
"GSE9946_MATURE_STIMULATORY_VS_LISTERIA_INF_MATURE_DC_UP","GSE9946_MATURE_STIMULATORY_VS_LISTERIA_INF_MATURE_DC_UP","56/6767","129/21355",0.00331618616262351,0.00437634143005682,0.000749359685599949
"GSE29618_BCELL_VS_MDC_DAY7_FLU_VACCINE_UP","GSE29618_BCELL_VS_MDC_DAY7_FLU_VACCINE_UP","79/6767","192/21355",0.00345853323982138,0.00456302108094808,0.000781324788582776
"GSE29949_MICROGLIA_BRAIN_VS_CD8_NEG_DC_SPLEEN_UP","GSE29949_MICROGLIA_BRAIN_VS_CD8_NEG_DC_SPLEEN_UP","80/6767","195/21355",0.00359147922962139,0.00473598611375229,0.000810941541451224
"GSE3982_EFF_MEMORY_VS_CENT_MEMORY_CD4_TCELL_UP","GSE3982_EFF_MEMORY_VS_CENT_MEMORY_CD4_TCELL_UP","80/6767","195/21355",0.00359147922962139,0.00473598611375229,0.000810941541451224
"SCHERER_PBMC_YF_VAX_OR_APSV_WETVAX_AGE_18_40YO_JOINT_TO_VACCINIA_AND_YELLOW_FEVER_DN","SCHERER_PBMC_YF_VAX_OR_APSV_WETVAX_AGE_18_40YO_JOINT_TO_VACCINIA_AND_YELLOW_FEVER_DN","14/6767","23/21355",0.00368164594132125,0.00485363814377837,0.000831087064747243
"GSE18791_CTRL_VS_NEWCASTLE_VIRUS_DC_12H_DN","GSE18791_CTRL_VS_NEWCASTLE_VIRUS_DC_12H_DN","81/6767","198/21355",0.00372523126018826,0.00490353290654305,0.000839630530639012
"GSE24574_BCL6_HIGH_TFH_VS_NAIVE_CD4_TCELL_UP","GSE24574_BCL6_HIGH_TFH_VS_NAIVE_CD4_TCELL_UP","81/6767","198/21355",0.00372523126018826,0.00490353290654305,0.000839630530639012
"GSE360_CTRL_VS_B_MALAYI_LOW_DOSE_DC_UP","GSE360_CTRL_VS_B_MALAYI_LOW_DOSE_DC_UP","81/6767","198/21355",0.00372523126018826,0.00490353290654305,0.000839630530639012
"GSE3982_CENT_MEMORY_CD4_TCELL_VS_TH2_UP","GSE3982_CENT_MEMORY_CD4_TCELL_VS_TH2_UP","81/6767","198/21355",0.00372523126018826,0.00490353290654305,0.000839630530639012
"GSE3982_CTRL_VS_LPS_1H_NEUTROPHIL_DN","GSE3982_CTRL_VS_LPS_1H_NEUTROPHIL_DN","81/6767","198/21355",0.00372523126018826,0.00490353290654305,0.000839630530639012
"GSE9006_HEALTHY_VS_TYPE_1_DIABETES_PBMC_AT_DX_UP","GSE9006_HEALTHY_VS_TYPE_1_DIABETES_PBMC_AT_DX_UP","81/6767","198/21355",0.00372523126018826,0.00490353290654305,0.000839630530639012
"GSE37605_FOXP3_FUSION_GFP_VS_IRES_GFP_TREG_C57BL6_DN","GSE37605_FOXP3_FUSION_GFP_VS_IRES_GFP_TREG_C57BL6_DN","73/6767","176/21355",0.00379104733106738,0.00498888595133019,0.000854245507973142
"GSE26928_EFF_MEM_VS_CENTR_MEM_CD4_TCELL_UP","GSE26928_EFF_MEM_VS_CENTR_MEM_CD4_TCELL_UP","78/6767","190/21355",0.0039160209189659,0.00515202444227307,0.000882179664902168
"GSE5589_WT_VS_IL6_KO_LPS_AND_IL10_STIM_MACROPHAGE_180MIN_DN","GSE5589_WT_VS_IL6_KO_LPS_AND_IL10_STIM_MACROPHAGE_180MIN_DN","63/6767","149/21355",0.00406484738777451,0.00534508144578607,0.00091523676014199
"GSE6092_CTRL_VS_BORRELIA_BIRGDOFERI_INF_ENDOTHELIAL_CELL_DN","GSE6092_CTRL_VS_BORRELIA_BIRGDOFERI_INF_ENDOTHELIAL_CELL_DN","63/6767","149/21355",0.00406484738777451,0.00534508144578607,0.00091523676014199
"GSE40274_CTRL_VS_FOXP3_AND_IRF4_TRANSDUCED_ACTIVATED_CD4_TCELL_UP","GSE40274_CTRL_VS_FOXP3_AND_IRF4_TRANSDUCED_ACTIVATED_CD4_TCELL_UP","67/6767","160/21355",0.00411673005730224,0.00541052935241952,0.000926443386389472
"GSE4590_PRE_BCELL_VS_LARGE_PRE_BCELL_UP","GSE4590_PRE_BCELL_VS_LARGE_PRE_BCELL_UP","67/6767","160/21355",0.00411673005730224,0.00541052935241952,0.000926443386389472
"FRANCO_BLOOD_SANOFI_PASTEUR_SA_INACTIVATED_INFLUENZA_VACCINE_CORRELATED_WITH_ANTIBODY_RESPONSE_AGE_18_40YO_1DY_NEGATIVE","FRANCO_BLOOD_SANOFI_PASTEUR_SA_INACTIVATED_INFLUENZA_VACCINE_CORRELATED_WITH_ANTIBODY_RESPONSE_AGE_18_40YO_1DY_NEGATIVE","13/6767","21/21355",0.00416422479413337,0.00547014617461486,0.00093665155772408
"SOBOLEV_PBMC_PANDEMRIX_AGE_18_64YO_1DY_UP","SOBOLEV_PBMC_PANDEMRIX_AGE_18_64YO_1DY_UP","13/6767","21/21355",0.00416422479413337,0.00547014617461486,0.00093665155772408
"GSE21033_1H_VS_12H_POLYIC_STIM_DC_DN","GSE21033_1H_VS_12H_POLYIC_STIM_DC_DN","60/6767","141/21355",0.00418928247154888,0.00550165246711863,0.000942046371136693
"GSE2770_TGFB_AND_IL4_VS_IL12_TREATED_ACT_CD4_TCELL_2H_UP","GSE2770_TGFB_AND_IL4_VS_IL12_TREATED_ACT_CD4_TCELL_2H_UP","80/6767","196/21355",0.00421063250825078,0.00552544480926586,0.000946120327046232
"GSE2770_UNTREATED_VS_ACT_CD4_TCELL_48H_DN","GSE2770_UNTREATED_VS_ACT_CD4_TCELL_48H_DN","80/6767","196/21355",0.00421063250825078,0.00552544480926586,0.000946120327046232
"GSE3982_DC_VS_EFF_MEMORY_CD4_TCELL_DN","GSE3982_DC_VS_EFF_MEMORY_CD4_TCELL_DN","80/6767","196/21355",0.00421063250825078,0.00552544480926586,0.000946120327046232
"GSE10211_UV_INACT_SENDAI_VS_LIVE_SENDAI_VIRUS_TRACHEAL_EPITHELIAL_CELLS_UP","GSE10211_UV_INACT_SENDAI_VS_LIVE_SENDAI_VIRUS_TRACHEAL_EPITHELIAL_CELLS_UP","64/6767","152/21355",0.00427088775971235,0.00560308125487339,0.000959413993320072
"GSE22611_NOD2_VS_MUTANT_NOD2_TRANSDUCED_HEK293T_CELL_UP","GSE22611_NOD2_VS_MUTANT_NOD2_TRANSDUCED_HEK293T_CELL_UP","81/6767","199/21355",0.0043589001588767,0.00570832212377033,0.000977434357062087
"GSE27786_BCELL_VS_NEUTROPHIL_DN","GSE27786_BCELL_VS_NEUTROPHIL_DN","81/6767","199/21355",0.0043589001588767,0.00570832212377033,0.000977434357062087
"GSE28783_CTRL_ANTI_MIR_VS_UNTREATED_ATHEROSCLEROSIS_MACROPHAGE_DN","GSE28783_CTRL_ANTI_MIR_VS_UNTREATED_ATHEROSCLEROSIS_MACROPHAGE_DN","81/6767","199/21355",0.0043589001588767,0.00570832212377033,0.000977434357062087
"GSE33374_CD8_ALPHAALPHA_VS_ALPHABETA_CD161_HIGH_TCELL_UP","GSE33374_CD8_ALPHAALPHA_VS_ALPHABETA_CD161_HIGH_TCELL_UP","81/6767","199/21355",0.0043589001588767,0.00570832212377033,0.000977434357062087
"GSE40184_HEALTHY_VS_HCV_INFECTED_DONOR_PBMC_UP","GSE40184_HEALTHY_VS_HCV_INFECTED_DONOR_PBMC_UP","81/6767","199/21355",0.0043589001588767,0.00570832212377033,0.000977434357062087
"GSE42021_TCONV_PLN_VS_CD24HI_TCONV_THYMUS_DN","GSE42021_TCONV_PLN_VS_CD24HI_TCONV_THYMUS_DN","81/6767","199/21355",0.0043589001588767,0.00570832212377033,0.000977434357062087
"GSE7460_WT_VS_FOXP3_HET_ACT_TCONV_DN","GSE7460_WT_VS_FOXP3_HET_ACT_TCONV_DN","81/6767","199/21355",0.0043589001588767,0.00570832212377033,0.000977434357062087
"GSE12003_MIR223_KO_VS_WT_BM_PROGENITOR_8D_CULTURE_UP","GSE12003_MIR223_KO_VS_WT_BM_PROGENITOR_8D_CULTURE_UP","54/6767","125/21355",0.00438347252784113,0.00573903566145083,0.000982693427294097
"GSE11057_EFF_MEM_VS_CENT_MEM_CD4_TCELL_DN","GSE11057_EFF_MEM_VS_CENT_MEM_CD4_TCELL_DN","77/6767","188/21355",0.00443177882515379,0.00580079909026384,0.000993269161463058
"GSE3920_IFNA_VS_IFNB_TREATED_ENDOTHELIAL_CELL_DN","GSE3920_IFNA_VS_IFNB_TREATED_ENDOTHELIAL_CELL_DN","69/6767","166/21355",0.00449806391781594,0.00588605760761672,0.00100786795289178
"GSE17974_CTRL_VS_ACT_IL4_AND_ANTI_IL12_0.5H_CD4_TCELL_DN","GSE17974_CTRL_VS_ACT_IL4_AND_ANTI_IL12_0.5H_CD4_TCELL_DN","78/6767","191/21355",0.00459399437053828,0.00601005591675167,0.00102910014773611
"GSE9006_TYPE_1_DIABETES_AT_DX_VS_4MONTH_POST_DX_PBMC_DN","GSE9006_TYPE_1_DIABETES_AT_DX_VS_4MONTH_POST_DX_PBMC_DN","79/6767","194/21355",0.00475678783561488,0.00622144164112181,0.00106529566458185
"GSE1460_CD4_THYMOCYTE_VS_NAIVE_CD4_TCELL_CORD_BLOOD_DN","GSE1460_CD4_THYMOCYTE_VS_NAIVE_CD4_TCELL_CORD_BLOOD_DN","80/6767","197/21355",0.00492004985209437,0.0064284137593496,0.00110073544091601
"GSE21546_WT_VS_SAP1A_KO_DP_THYMOCYTES_UP","GSE21546_WT_VS_SAP1A_KO_DP_THYMOCYTES_UP","80/6767","197/21355",0.00492004985209437,0.0064284137593496,0.00110073544091601
"GSE22313_HEALTHY_VS_SLE_MOUSE_CD4_TCELL_UP","GSE22313_HEALTHY_VS_SLE_MOUSE_CD4_TCELL_UP","80/6767","197/21355",0.00492004985209437,0.0064284137593496,0.00110073544091601
"GSE25123_WT_VS_PPARG_KO_MACROPHAGE_IL4_AND_ROSIGLITAZONE_STIM_UP","GSE25123_WT_VS_PPARG_KO_MACROPHAGE_IL4_AND_ROSIGLITAZONE_STIM_UP","80/6767","197/21355",0.00492004985209437,0.0064284137593496,0.00110073544091601
"GSE13887_RESTING_VS_ACT_CD4_TCELL_DN","GSE13887_RESTING_VS_ACT_CD4_TCELL_DN","56/6767","131/21355",0.00492746873308149,0.00643646680114874,0.00110211436094937
"LI_PBMC_MENACTRA_AGE_18_45YO_CORRELATED_WITH_ANTI_DT_ANTIBODY_3DY_POSITIVE","LI_PBMC_MENACTRA_AGE_18_45YO_CORRELATED_WITH_ANTI_DT_ANTIBODY_3DY_POSITIVE","21/6767","40/21355",0.00497615003462505,0.00649840072020444,0.0011127192881136
"GSE14026_TH1_VS_TH17_DN","GSE14026_TH1_VS_TH17_DN","81/6767","200/21355",0.00508367561794765,0.00660517103223963,0.00113100153796472
"GSE16385_MONOCYTE_VS_12H_ROSIGLITAZONE_TREATED_MACROPHAGE_UP","GSE16385_MONOCYTE_VS_12H_ROSIGLITAZONE_TREATED_MACROPHAGE_UP","81/6767","200/21355",0.00508367561794765,0.00660517103223963,0.00113100153796472
"GSE17721_CTRL_VS_GARDIQUIMOD_4H_BMDC_DN","GSE17721_CTRL_VS_GARDIQUIMOD_4H_BMDC_DN","81/6767","200/21355",0.00508367561794765,0.00660517103223963,0.00113100153796472
"GSE17721_LPS_VS_CPG_16H_BMDC_UP","GSE17721_LPS_VS_CPG_16H_BMDC_UP","81/6767","200/21355",0.00508367561794765,0.00660517103223963,0.00113100153796472
"GSE18893_CTRL_VS_TNF_TREATED_TREG_24H_DN","GSE18893_CTRL_VS_TNF_TREATED_TREG_24H_DN","81/6767","200/21355",0.00508367561794765,0.00660517103223963,0.00113100153796472
"GSE20366_CD103_POS_VS_CD103_KLRG1_DP_TREG_UP","GSE20366_CD103_POS_VS_CD103_KLRG1_DP_TREG_UP","81/6767","200/21355",0.00508367561794765,0.00660517103223963,0.00113100153796472
"GSE20366_EX_VIVO_VS_DEC205_CONVERSION_DN","GSE20366_EX_VIVO_VS_DEC205_CONVERSION_DN","81/6767","200/21355",0.00508367561794765,0.00660517103223963,0.00113100153796472
"GSE2585_CTEC_VS_THYMIC_DC_DN","GSE2585_CTEC_VS_THYMIC_DC_DN","81/6767","200/21355",0.00508367561794765,0.00660517103223963,0.00113100153796472
"GSE28737_FOLLICULAR_VS_MARGINAL_ZONE_BCELL_BCL6_HET_DN","GSE28737_FOLLICULAR_VS_MARGINAL_ZONE_BCELL_BCL6_HET_DN","81/6767","200/21355",0.00508367561794765,0.00660517103223963,0.00113100153796472
"GSE360_CTRL_VS_B_MALAYI_LOW_DOSE_MAC_UP","GSE360_CTRL_VS_B_MALAYI_LOW_DOSE_MAC_UP","81/6767","200/21355",0.00508367561794765,0.00660517103223963,0.00113100153796472
"GSE360_CTRL_VS_L_DONOVANI_DC_DN","GSE360_CTRL_VS_L_DONOVANI_DC_DN","81/6767","200/21355",0.00508367561794765,0.00660517103223963,0.00113100153796472
"GSE3691_IFN_PRODUCING_KILLER_DC_VS_CONVENTIONAL_DC_SPLEEN_DN","GSE3691_IFN_PRODUCING_KILLER_DC_VS_CONVENTIONAL_DC_SPLEEN_DN","81/6767","200/21355",0.00508367561794765,0.00660517103223963,0.00113100153796472
"GSE37301_HEMATOPOIETIC_STEM_CELL_VS_MULTIPOTENT_PROGENITOR_UP","GSE37301_HEMATOPOIETIC_STEM_CELL_VS_MULTIPOTENT_PROGENITOR_UP","81/6767","200/21355",0.00508367561794765,0.00660517103223963,0.00113100153796472
"GSE43955_10H_VS_60H_ACT_CD4_TCELL_WITH_TGFB_IL6_DN","GSE43955_10H_VS_60H_ACT_CD4_TCELL_WITH_TGFB_IL6_DN","81/6767","200/21355",0.00508367561794765,0.00660517103223963,0.00113100153796472
"GSE43955_1H_VS_10H_ACT_CD4_TCELL_WITH_TGFB_IL6_DN","GSE43955_1H_VS_10H_ACT_CD4_TCELL_WITH_TGFB_IL6_DN","81/6767","200/21355",0.00508367561794765,0.00660517103223963,0.00113100153796472
"GSE44649_WT_VS_MIR155_KO_NAIVE_CD8_TCELL_DN","GSE44649_WT_VS_MIR155_KO_NAIVE_CD8_TCELL_DN","81/6767","200/21355",0.00508367561794765,0.00660517103223963,0.00113100153796472
"GSE7460_CTRL_VS_TGFB_TREATED_ACT_CD8_TCELL_DN","GSE7460_CTRL_VS_TGFB_TREATED_ACT_CD8_TCELL_DN","81/6767","200/21355",0.00508367561794765,0.00660517103223963,0.00113100153796472
"GSE8835_CD4_VS_CD8_TCELL_CLL_PATIENT_UP","GSE8835_CD4_VS_CD8_TCELL_CLL_PATIENT_UP","81/6767","200/21355",0.00508367561794765,0.00660517103223963,0.00113100153796472
"GSE8921_UNSTIM_0H_VS_TLR1_2_STIM_MONOCYTE_6H_UP","GSE8921_UNSTIM_0H_VS_TLR1_2_STIM_MONOCYTE_6H_UP","81/6767","200/21355",0.00508367561794765,0.00660517103223963,0.00113100153796472
"GSE9601_NFKB_INHIBITOR_VS_PI3K_INHIBITOR_TREATED_HCMV_INF_MONOCYTE_DN","GSE9601_NFKB_INHIBITOR_VS_PI3K_INHIBITOR_TREATED_HCMV_INF_MONOCYTE_DN","81/6767","200/21355",0.00508367561794765,0.00660517103223963,0.00113100153796472
"FULLER_PBMC_F_TULARENSIS_VACCINE_LVS_AGE_22_54YO_48HR_UP","FULLER_PBMC_F_TULARENSIS_VACCINE_LVS_AGE_22_54YO_48HR_UP","29/6767","60/21355",0.00517798454539223,0.0067260012070499,0.00115169125407895
"TSANG_PBMC_FLUVIRIN_PANDEMRIX_ADULT_CORR_WITH_CELL_FREQ_CD27HI_CD38HI_CD20_NEG_PLASMABLASTS_AND_CD38PLUS_OF_IGD_CD27PLUS_MEM_B_CELLS_7DY_POSITIVE","TSANG_PBMC_FLUVIRIN_PANDEMRIX_ADULT_CORR_WITH_CELL_FREQ_CD27HI_CD38HI_CD20_NEG_PLASMABLASTS_AND_CD38PLUS_OF_IGD_CD27PLUS_MEM_B_CELLS_7DY_POSITIVE","36/6767","78/21355",0.00518274300660646,0.00673047705037268,0.00115245765144505
"OVSYANNIKOVA_PBMC_FLUARIX_AGE_55_64YO_RESPONDERS_VS_NONRESPONDERS_0DY_DN","OVSYANNIKOVA_PBMC_FLUARIX_AGE_55_64YO_RESPONDERS_VS_NONRESPONDERS_0DY_DN","11/6767","17/21355",0.00518853842692735,0.00673629691437239,0.00115345418508548
"GSE3920_IFNB_VS_IFNG_TREATED_ENDOTHELIAL_CELL_UP","GSE3920_IFNB_VS_IFNG_TREATED_ENDOTHELIAL_CELL_UP","69/6767","167/21355",0.00532566549449208,0.00691257898487618,0.00118363891336613
"GSE26928_CENTR_MEMORY_VS_CXCR5_POS_CD4_TCELL_DN","GSE26928_CENTR_MEMORY_VS_CXCR5_POS_CD4_TCELL_DN","78/6767","192/21355",0.00537088882839713,0.006967749752832,0.0011930857881108
"GSE45365_WT_VS_IFNAR_KO_BCELL_DN","GSE45365_WT_VS_IFNAR_KO_BCELL_DN","78/6767","192/21355",0.00537088882839713,0.006967749752832,0.0011930857881108
"GSE29164_CD8_TCELL_VS_CD8_TCELL_AND_IL12_TREATED_MELANOMA_DAY7_DN","GSE29164_CD8_TCELL_VS_CD8_TCELL_AND_IL12_TREATED_MELANOMA_DAY7_DN","79/6767","195/21355",0.00555040317935177,0.00719699471434914,0.00123233933700167
"GSE45365_WT_VS_IFNAR_KO_BCELL_UP","GSE45365_WT_VS_IFNAR_KO_BCELL_UP","79/6767","195/21355",0.00555040317935177,0.00719699471434914,0.00123233933700167
"GSE9509_10MIN_VS_30MIN_LPS_AND_IL10_STIM_IL10_KO_MACROPHAGE_DN","GSE9509_10MIN_VS_30MIN_LPS_AND_IL10_STIM_IL10_KO_MACROPHAGE_DN","66/6767","159/21355",0.00557167695484531,0.00722275290707759,0.00123674990494138
"GSE15659_CD45RA_NEG_CD4_TCELL_VS_ACTIVATED_TREG_DN","GSE15659_CD45RA_NEG_CD4_TCELL_VS_ACTIVATED_TREG_DN","80/6767","198/21355",0.00573009635508166,0.00742061227898551,0.00127062930834158
"GSE22025_TGFB1_VS_TGFB1_AND_PROGESTERONE_TREATED_CD4_TCELL_UP","GSE22025_TGFB1_VS_TGFB1_AND_PROGESTERONE_TREATED_CD4_TCELL_UP","80/6767","198/21355",0.00573009635508166,0.00742061227898551,0.00127062930834158
"GSE24634_IL4_VS_CTRL_TREATED_NAIVE_CD4_TCELL_DAY10_UP","GSE24634_IL4_VS_CTRL_TREATED_NAIVE_CD4_TCELL_DAY10_UP","80/6767","198/21355",0.00573009635508166,0.00742061227898551,0.00127062930834158
"GSE3982_CENT_MEMORY_CD4_TCELL_VS_NKCELL_UP","GSE3982_CENT_MEMORY_CD4_TCELL_VS_NKCELL_UP","80/6767","198/21355",0.00573009635508166,0.00742061227898551,0.00127062930834158
"GSE37301_CD4_TCELL_VS_GRANULOCYTE_MONOCYTE_PROGENITOR_UP","GSE37301_CD4_TCELL_VS_GRANULOCYTE_MONOCYTE_PROGENITOR_UP","67/6767","162/21355",0.00580715143809311,0.00751850136947054,0.00128739082917854
"QI_PBMC_ZOSTAVAX_AGE_50_75YO_CORRELATED_WITH_T_CELL_RESPONSES_1D_INFORMATIVE_OF_LONG_TERM_RESPONSES_NEGATIVE","QI_PBMC_ZOSTAVAX_AGE_50_75YO_CORRELATED_WITH_T_CELL_RESPONSES_1D_INFORMATIVE_OF_LONG_TERM_RESPONSES_NEGATIVE","9/6767","13/21355",0.00605993430927666,0.00784308068785205,0.00134296845260255
"GSE5099_MONOCYTE_VS_ALTERNATIVE_M2_MACROPHAGE_UP","GSE5099_MONOCYTE_VS_ALTERNATIVE_M2_MACROPHAGE_UP","77/6767","190/21355",0.0060609100224829,0.00784308068785205,0.00134296845260255
"GSE3920_UNTREATED_VS_IFNG_TREATED_ENDOTHELIAL_CELL_UP","GSE3920_UNTREATED_VS_IFNG_TREATED_ENDOTHELIAL_CELL_UP","64/6767","154/21355",0.00607276587076291,0.00785643972228146,0.0013452559162294
"MATSUMIYA_BLOOD_MODIFIED_VACCINIA_ANKARA_VACCINE_AGE_4_6MO_VACCINATED_VS_CANDIN_PLACEBO_BCG_PRIMED_1DY_DN","MATSUMIYA_BLOOD_MODIFIED_VACCINIA_ANKARA_VACCINE_AGE_4_6MO_VACCINATED_VS_CANDIN_PLACEBO_BCG_PRIMED_1DY_DN","8/6767","11/21355",0.00624211795454895,0.00807349615362575,0.00138242242660094
"GSE13547_CTRL_VS_ANTI_IGM_STIM_BCELL_2H_DN","GSE13547_CTRL_VS_ANTI_IGM_STIM_BCELL_2H_DN","69/6767","168/21355",0.00628039645679021,0.00811890888400489,0.00139019843537517
"GSE6269_E_COLI_VS_STREP_PNEUMO_INF_PBMC_UP","GSE6269_E_COLI_VS_STREP_PNEUMO_INF_PBMC_UP","69/6767","168/21355",0.00628039645679021,0.00811890888400489,0.00139019843537517
"GSE12963_UNINF_VS_ENV_AND_NEF_DEFICIENT_HIV1_INF_CD4_TCELL_DN","GSE12963_UNINF_VS_ENV_AND_NEF_DEFICIENT_HIV1_INF_CD4_TCELL_DN","61/6767","146/21355",0.00633309105051215,0.00818496541869821,0.00140150927683046
"GSE15215_CD2_POS_VS_NEG_PDC_UP","GSE15215_CD2_POS_VS_NEG_PDC_UP","79/6767","196/21355",0.00645503465812929,0.00833836298620027,0.00142777549823761
"GSE25088_CTRL_VS_IL4_AND_ROSIGLITAZONE_STIM_STAT6_KO_MACROPHAGE_DN","GSE25088_CTRL_VS_IL4_AND_ROSIGLITAZONE_STIM_STAT6_KO_MACROPHAGE_DN","79/6767","196/21355",0.00645503465812929,0.00833836298620027,0.00142777549823761
"GSE37605_FOXP3_FUSION_GFP_VS_IRES_GFP_TREG_NOD_DN","GSE37605_FOXP3_FUSION_GFP_VS_IRES_GFP_TREG_NOD_DN","70/6767","171/21355",0.00651776583007777,0.00841727592211807,0.0014412877375805
"GSE14308_NAIVE_CD4_TCELL_VS_NATURAL_TREG_UP","GSE14308_NAIVE_CD4_TCELL_VS_NATURAL_TREG_UP","80/6767","199/21355",0.00665190892395893,0.00857754956064825,0.00146873134665407
"GSE19941_UNSTIM_VS_LPS_STIM_IL10_KO_MACROPHAGE_UP","GSE19941_UNSTIM_VS_LPS_STIM_IL10_KO_MACROPHAGE_UP","80/6767","199/21355",0.00665190892395893,0.00857754956064825,0.00146873134665407
"GSE21546_WT_VS_ELK1_KO_DP_THYMOCYTES_DN","GSE21546_WT_VS_ELK1_KO_DP_THYMOCYTES_DN","80/6767","199/21355",0.00665190892395893,0.00857754956064825,0.00146873134665407
"GSE22025_TGFB1_VS_TGFB1_AND_PROGESTERONE_TREATED_CD4_TCELL_DN","GSE22025_TGFB1_VS_TGFB1_AND_PROGESTERONE_TREATED_CD4_TCELL_DN","80/6767","199/21355",0.00665190892395893,0.00857754956064825,0.00146873134665407
"GSE39916_B_CELL_SPLEEN_VS_PLASMA_CELL_BONE_MARROW_UP","GSE39916_B_CELL_SPLEEN_VS_PLASMA_CELL_BONE_MARROW_UP","80/6767","199/21355",0.00665190892395893,0.00857754956064825,0.00146873134665407
"GSE45739_UNSTIM_VS_ACD3_ACD28_STIM_NRAS_KO_CD4_TCELL_DN","GSE45739_UNSTIM_VS_ACD3_ACD28_STIM_NRAS_KO_CD4_TCELL_DN","80/6767","199/21355",0.00665190892395893,0.00857754956064825,0.00146873134665407
"GSE14415_NATURAL_TREG_VS_FOXP3_KO_NATURAL_TREG_UP","GSE14415_NATURAL_TREG_VS_FOXP3_KO_NATURAL_TREG_UP","63/6767","152/21355",0.00690614712760538,0.00890314717707638,0.00152448333296002
"GSE32255_WT_VS_JMJD2D_KNOCKDOWN_4H_LPS_STIM_DC_UP","GSE32255_WT_VS_JMJD2D_KNOCKDOWN_4H_LPS_STIM_DC_UP","64/6767","155/21355",0.00719375468000746,0.0092692586691124,0.00158717249854532
"GSE5589_WT_VS_IL10_KO_LPS_AND_IL10_STIM_MACROPHAGE_180MIN_UP","GSE5589_WT_VS_IL10_KO_LPS_AND_IL10_STIM_MACROPHAGE_180MIN_UP","64/6767","155/21355",0.00719375468000746,0.0092692586691124,0.00158717249854532
"GSE34205_HEALTHY_VS_RSV_INF_INFANT_PBMC_UP","GSE34205_HEALTHY_VS_RSV_INF_INFANT_PBMC_UP","78/6767","194/21355",0.00726743132325373,0.00935478794735673,0.00160181765228368
"GSE43863_NAIVE_VS_TH1_EFF_CD4_TCELL_D6_LCMV_UP","GSE43863_NAIVE_VS_TH1_EFF_CD4_TCELL_D6_LCMV_UP","78/6767","194/21355",0.00726743132325373,0.00935478794735673,0.00160181765228368
"GSE45837_WT_VS_GFI1_KO_PDC_UP","GSE45837_WT_VS_GFI1_KO_PDC_UP","78/6767","194/21355",0.00726743132325373,0.00935478794735673,0.00160181765228368
"GSE4748_CYANOBACTERIUM_LPSLIKE_VS_LPS_AND_CYANOBACTERIUM_LPSLIKE_STIM_DC_3H_UP","GSE4748_CYANOBACTERIUM_LPSLIKE_VS_LPS_AND_CYANOBACTERIUM_LPSLIKE_STIM_DC_3H_UP","78/6767","194/21355",0.00726743132325373,0.00935478794735673,0.00160181765228368
"GSE15659_NONSUPPRESSIVE_TCELL_VS_ACTIVATED_TREG_DN","GSE15659_NONSUPPRESSIVE_TCELL_VS_ACTIVATED_TREG_DN","79/6767","197/21355",0.0074826939774239,0.00962221520497927,0.00164760914476563
"GSE2706_UNSTIM_VS_8H_R848_DC_DN","GSE2706_UNSTIM_VS_8H_R848_DC_DN","79/6767","197/21355",0.0074826939774239,0.00962221520497927,0.00164760914476563
"GSE40685_NAIVE_CD4_TCELL_VS_TREG_UP","GSE40685_NAIVE_CD4_TCELL_VS_TREG_UP","79/6767","197/21355",0.0074826939774239,0.00962221520497927,0.00164760914476563
"GSE42088_UNINF_VS_LEISHMANIA_INF_DC_8H_DN","GSE42088_UNINF_VS_LEISHMANIA_INF_DC_8H_DN","79/6767","197/21355",0.0074826939774239,0.00962221520497927,0.00164760914476563
"GSE11961_FOLLICULAR_BCELL_VS_MEMORY_BCELL_DAY40_UP","GSE11961_FOLLICULAR_BCELL_VS_MEMORY_BCELL_DAY40_UP","80/6767","200/21355",0.00769739779463303,0.00985628333993095,0.00168768856425783
"GSE17721_CTRL_VS_POLYIC_2H_BMDC_DN","GSE17721_CTRL_VS_POLYIC_2H_BMDC_DN","80/6767","200/21355",0.00769739779463303,0.00985628333993095,0.00168768856425783
"GSE18791_CTRL_VS_NEWCASTLE_VIRUS_DC_10H_DN","GSE18791_CTRL_VS_NEWCASTLE_VIRUS_DC_10H_DN","80/6767","200/21355",0.00769739779463303,0.00985628333993095,0.00168768856425783
"GSE18804_SPLEEN_MACROPHAGE_VS_COLON_TUMORAL_MACROPHAGE_DN","GSE18804_SPLEEN_MACROPHAGE_VS_COLON_TUMORAL_MACROPHAGE_DN","80/6767","200/21355",0.00769739779463303,0.00985628333993095,0.00168768856425783
"GSE18893_CTRL_VS_TNF_TREATED_TCONV_24H_DN","GSE18893_CTRL_VS_TNF_TREATED_TCONV_24H_DN","80/6767","200/21355",0.00769739779463303,0.00985628333993095,0.00168768856425783
"GSE18893_CTRL_VS_TNF_TREATED_TREG_24H_UP","GSE18893_CTRL_VS_TNF_TREATED_TREG_24H_UP","80/6767","200/21355",0.00769739779463303,0.00985628333993095,0.00168768856425783
"GSE21063_CTRL_VS_ANTI_IGM_STIM_BCELL_NFATC1_KO_16H_UP","GSE21063_CTRL_VS_ANTI_IGM_STIM_BCELL_NFATC1_KO_16H_UP","80/6767","200/21355",0.00769739779463303,0.00985628333993095,0.00168768856425783
"GSE22229_UNTREATED_VS_IMMUNOSUPP_THERAPY_RENAL_TRANSPLANT_PATIENT_PBMC_UP","GSE22229_UNTREATED_VS_IMMUNOSUPP_THERAPY_RENAL_TRANSPLANT_PATIENT_PBMC_UP","80/6767","200/21355",0.00769739779463303,0.00985628333993095,0.00168768856425783
"GSE22443_NAIVE_VS_ACT_AND_IL12_TREATED_CD8_TCELL_DN","GSE22443_NAIVE_VS_ACT_AND_IL12_TREATED_CD8_TCELL_DN","80/6767","200/21355",0.00769739779463303,0.00985628333993095,0.00168768856425783
"GSE22935_UNSTIM_VS_24H_MBOVIS_BCG_STIM_MYD88_KO_MACROPHAGE_DN","GSE22935_UNSTIM_VS_24H_MBOVIS_BCG_STIM_MYD88_KO_MACROPHAGE_DN","80/6767","200/21355",0.00769739779463303,0.00985628333993095,0.00168768856425783
"GSE2405_S_AUREUS_VS_A_PHAGOCYTOPHILUM_NEUTROPHIL_UP","GSE2405_S_AUREUS_VS_A_PHAGOCYTOPHILUM_NEUTROPHIL_UP","80/6767","200/21355",0.00769739779463303,0.00985628333993095,0.00168768856425783
"GSE24210_IL35_TREATED_VS_RESTING_TREG_UP","GSE24210_IL35_TREATED_VS_RESTING_TREG_UP","80/6767","200/21355",0.00769739779463303,0.00985628333993095,0.00168768856425783
"GSE360_L_MAJOR_VS_B_MALAYI_HIGH_DOSE_MAC_UP","GSE360_L_MAJOR_VS_B_MALAYI_HIGH_DOSE_MAC_UP","80/6767","200/21355",0.00769739779463303,0.00985628333993095,0.00168768856425783
"GSE42724_NAIVE_VS_MEMORY_BCELL_UP","GSE42724_NAIVE_VS_MEMORY_BCELL_UP","80/6767","200/21355",0.00769739779463303,0.00985628333993095,0.00168768856425783
"GSE43955_10H_VS_60H_ACT_CD4_TCELL_DN","GSE43955_10H_VS_60H_ACT_CD4_TCELL_DN","80/6767","200/21355",0.00769739779463303,0.00985628333993095,0.00168768856425783
"GSE5503_LIVER_DC_VS_SPLEEN_DC_ACTIVATED_ALLOGENIC_TCELL_UP","GSE5503_LIVER_DC_VS_SPLEEN_DC_ACTIVATED_ALLOGENIC_TCELL_UP","80/6767","200/21355",0.00769739779463303,0.00985628333993095,0.00168768856425783
"GSE8921_UNSTIM_VS_TLR1_2_STIM_MONOCYTE_6H_UP","GSE8921_UNSTIM_VS_TLR1_2_STIM_MONOCYTE_6H_UP","80/6767","200/21355",0.00769739779463303,0.00985628333993095,0.00168768856425783
"GSE45365_HEALTHY_VS_MCMV_INFECTION_CD11B_DC_UP","GSE45365_HEALTHY_VS_MCMV_INFECTION_CD11B_DC_UP","76/6767","189/21355",0.00794139344684115,0.0101661733338214,0.00174075093886997
"GSE21063_CTRL_VS_ANTI_IGM_STIM_BCELL_8H_UP","GSE21063_CTRL_VS_ANTI_IGM_STIM_BCELL_8H_UP","63/6767","153/21355",0.0081675741852178,0.0104531085490793,0.00178988277333254
"GSE35543_IN_VIVO_NTREG_VS_CONVERTED_EX_ITREG_UP","GSE35543_IN_VIVO_NTREG_VS_CONVERTED_EX_ITREG_UP","77/6767","192/21355",0.0081771485457502,0.0104627503354283,0.00179153373363868
"ERWIN_COHEN_BLOOD_VACCINE_TC_83_AGE_23_48YO_VACCINATED_VS_CONTROL_7DY_UP","ERWIN_COHEN_BLOOD_VACCINE_TC_83_AGE_23_48YO_VACCINATED_VS_CONTROL_7DY_UP","33/6767","72/21355",0.00822841099952116,0.0105257143698965,0.00180231504716899
"GSE22033_WT_VS_PPARG_KO_MEF_UP","GSE22033_WT_VS_PPARG_KO_MEF_UP","78/6767","195/21355",0.00841211675252182,0.0107499807054286,0.00184071610736296
"GSE3982_MAC_VS_NEUTROPHIL_LPS_STIM_DN","GSE3982_MAC_VS_NEUTROPHIL_LPS_STIM_DN","78/6767","195/21355",0.00841211675252182,0.0107499807054286,0.00184071610736296
"GSE46025_WT_VS_FOXO1_KO_KLRG1_LOW_CD8_EFFECTOR_TCELL_UP","GSE46025_WT_VS_FOXO1_KO_KLRG1_LOW_CD8_EFFECTOR_TCELL_UP","78/6767","195/21355",0.00841211675252182,0.0107499807054286,0.00184071610736296
"GSE9960_HEALTHY_VS_SEPSIS_PBMC_UP","GSE9960_HEALTHY_VS_SEPSIS_PBMC_UP","78/6767","195/21355",0.00841211675252182,0.0107499807054286,0.00184071610736296
"GSE15659_RESTING_VS_ACTIVATED_TREG_DN","GSE15659_RESTING_VS_ACTIVATED_TREG_DN","79/6767","198/21355",0.00864618315528142,0.011029853455369,0.00188863863791849
"GSE19374_UNINF_VS_LISTERIA_INFECTED_MACROPHAGE_DN","GSE19374_UNINF_VS_LISTERIA_INFECTED_MACROPHAGE_DN","79/6767","198/21355",0.00864618315528142,0.011029853455369,0.00188863863791849
"GSE19923_WT_VS_E2A_KO_DP_THYMOCYTE_DN","GSE19923_WT_VS_E2A_KO_DP_THYMOCYTE_DN","79/6767","198/21355",0.00864618315528142,0.011029853455369,0.00188863863791849
"GSE20152_SPHK1_KO_VS_WT_HTNFA_OVERXPRESS_ANKLE_UP","GSE20152_SPHK1_KO_VS_WT_HTNFA_OVERXPRESS_ANKLE_UP","79/6767","198/21355",0.00864618315528142,0.011029853455369,0.00188863863791849
"GSE22886_NAIVE_VS_IGG_IGA_MEMORY_BCELL_UP","GSE22886_NAIVE_VS_IGG_IGA_MEMORY_BCELL_UP","79/6767","198/21355",0.00864618315528142,0.011029853455369,0.00188863863791849
"GSE3982_MAC_VS_CENT_MEMORY_CD4_TCELL_DN","GSE3982_MAC_VS_CENT_MEMORY_CD4_TCELL_DN","79/6767","198/21355",0.00864618315528142,0.011029853455369,0.00188863863791849
"GSE5542_UNTREATED_VS_IFNA_TREATED_EPITHELIAL_CELLS_6H_DN","GSE5542_UNTREATED_VS_IFNA_TREATED_EPITHELIAL_CELLS_6H_DN","79/6767","198/21355",0.00864618315528142,0.011029853455369,0.00188863863791849
"GSE19941_LPS_VS_LPS_AND_IL10_STIM_IL10_KO_MACROPHAGE_DN","GSE19941_LPS_VS_LPS_AND_IL10_STIM_IL10_KO_MACROPHAGE_DN","65/6767","159/21355",0.00880249657849093,0.0112264676512246,0.00192230483018105
"GSE13485_CTRL_VS_DAY7_YF17D_VACCINE_PBMC_UP","GSE13485_CTRL_VS_DAY7_YF17D_VACCINE_PBMC_UP","75/6767","187/21355",0.00893784138318863,0.0113962478914718,0.00195137625193506
"GSE26495_PD1HIGH_VS_PD1LOW_CD8_TCELL_DN","GSE26495_PD1HIGH_VS_PD1LOW_CD8_TCELL_DN","76/6767","190/21355",0.00919504906308008,0.0117212870577851,0.0020070326149883
"GSE16450_CTRL_VS_IFNA_12H_STIM_IMMATURE_NEURON_CELL_LINE_DN","GSE16450_CTRL_VS_IFNA_12H_STIM_IMMATURE_NEURON_CELL_LINE_DN","77/6767","193/21355",0.00945106787815389,0.0120386645990795,0.002061377080191
"GSE45365_WT_VS_IFNAR_KO_CD11B_DC_MCMV_INFECTION_UP","GSE45365_WT_VS_IFNAR_KO_CD11B_DC_MCMV_INFECTION_UP","77/6767","193/21355",0.00945106787815389,0.0120386645990795,0.002061377080191
"GSE46025_WT_VS_FOXO1_KO_KLRG1_LOW_CD8_EFFECTOR_TCELL_DN","GSE46025_WT_VS_FOXO1_KO_KLRG1_LOW_CD8_EFFECTOR_TCELL_DN","77/6767","193/21355",0.00945106787815389,0.0120386645990795,0.002061377080191
"FULLER_PBMC_F_TULARENSIS_VACCINE_LVS_AGE_22_54YO_18HR_UP","FULLER_PBMC_F_TULARENSIS_VACCINE_LVS_AGE_22_54YO_18HR_UP","27/6767","57/21355",0.00952862842631705,0.0121344455891027,0.00207777763159161
"GSE22611_MUTANT_NOD2_VS_CTRL_TRANSDUCED_HEK293T_CELL_DN","GSE22611_MUTANT_NOD2_VS_CTRL_TRANSDUCED_HEK293T_CELL_DN","78/6767","196/21355",0.00970578118779818,0.0123508414370418,0.00211483103045648
"GSE36476_YOUNG_VS_OLD_DONOR_MEMORY_CD4_TCELL_16H_TSST_ACT_DN","GSE36476_YOUNG_VS_OLD_DONOR_MEMORY_CD4_TCELL_16H_TSST_ACT_DN","78/6767","196/21355",0.00970578118779818,0.0123508414370418,0.00211483103045648
"GSE9960_HEALTHY_VS_GRAM_POS_SEPSIS_PBMC_DN","GSE9960_HEALTHY_VS_GRAM_POS_SEPSIS_PBMC_DN","78/6767","196/21355",0.00970578118779818,0.0123508414370418,0.00211483103045648
"GSE37605_C57BL6_VS_NOD_FOXP3_IRES_GFP_TCONV_UP","GSE37605_C57BL6_VS_NOD_FOXP3_IRES_GFP_TCONV_UP","59/6767","143/21355",0.00973765937241484,0.0123883324075362,0.00212125059856183
"GSE1460_DP_THYMOCYTE_VS_NAIVE_CD4_TCELL_CORD_BLOOD_DN","GSE1460_DP_THYMOCYTE_VS_NAIVE_CD4_TCELL_CORD_BLOOD_DN","79/6767","199/21355",0.00995908035756875,0.0126261634503598,0.00216197433968774
"GSE15324_ELF4_KO_VS_WT_ACTIVATED_CD8_TCELL_DN","GSE15324_ELF4_KO_VS_WT_ACTIVATED_CD8_TCELL_DN","79/6767","199/21355",0.00995908035756875,0.0126261634503598,0.00216197433968774
"GSE15930_STIM_VS_STIM_AND_TRICHOSTATINA_72H_CD8_T_CELL_DN","GSE15930_STIM_VS_STIM_AND_TRICHOSTATINA_72H_CD8_T_CELL_DN","79/6767","199/21355",0.00995908035756875,0.0126261634503598,0.00216197433968774
"GSE16266_LPS_VS_HEATSHOCK_AND_LPS_STIM_MEF_UP","GSE16266_LPS_VS_HEATSHOCK_AND_LPS_STIM_MEF_UP","79/6767","199/21355",0.00995908035756875,0.0126261634503598,0.00216197433968774
"GSE17721_PAM3CSK4_VS_CPG_2H_BMDC_UP","GSE17721_PAM3CSK4_VS_CPG_2H_BMDC_UP","79/6767","199/21355",0.00995908035756875,0.0126261634503598,0.00216197433968774
"GSE19888_ADENOSINE_A3R_INH_VS_ACT_IN_MAST_CELL_DN","GSE19888_ADENOSINE_A3R_INH_VS_ACT_IN_MAST_CELL_DN","79/6767","199/21355",0.00995908035756875,0.0126261634503598,0.00216197433968774
"GSE20366_CD103_KLRG1_DP_VS_DN_TREG_UP","GSE20366_CD103_KLRG1_DP_VS_DN_TREG_UP","79/6767","199/21355",0.00995908035756875,0.0126261634503598,0.00216197433968774
"GSE20715_0H_VS_24H_OZONE_TLR4_KO_LUNG_UP","GSE20715_0H_VS_24H_OZONE_TLR4_KO_LUNG_UP","79/6767","199/21355",0.00995908035756875,0.0126261634503598,0.00216197433968774
"GSE22886_TH1_VS_TH2_12H_ACT_UP","GSE22886_TH1_VS_TH2_12H_ACT_UP","79/6767","199/21355",0.00995908035756875,0.0126261634503598,0.00216197433968774
"GSE28726_NAIVE_VS_ACTIVATED_NKTCELL_UP","GSE28726_NAIVE_VS_ACTIVATED_NKTCELL_UP","79/6767","199/21355",0.00995908035756875,0.0126261634503598,0.00216197433968774
"GSE28783_CTRL_ANTI_MIR_VS_UNTREATED_ATHEROSCLEROSIS_MACROPHAGE_UP","GSE28783_CTRL_ANTI_MIR_VS_UNTREATED_ATHEROSCLEROSIS_MACROPHAGE_UP","79/6767","199/21355",0.00995908035756875,0.0126261634503598,0.00216197433968774
"GSE29949_MICROGLIA_BRAIN_VS_MONOCYTE_BONE_MARROW_UP","GSE29949_MICROGLIA_BRAIN_VS_MONOCYTE_BONE_MARROW_UP","79/6767","199/21355",0.00995908035756875,0.0126261634503598,0.00216197433968774
"GSE43863_TFH_VS_LY6C_INT_CXCR5POS_EFFECTOR_CD4_TCELL_DN","GSE43863_TFH_VS_LY6C_INT_CXCR5POS_EFFECTOR_CD4_TCELL_DN","79/6767","199/21355",0.00995908035756875,0.0126261634503598,0.00216197433968774
"GSE4811_CLASSSICALY_ACTIVATED_VS_TYPE_2_ACTIVATED_MACROPHAGE_UP","GSE4811_CLASSSICALY_ACTIVATED_VS_TYPE_2_ACTIVATED_MACROPHAGE_UP","79/6767","199/21355",0.00995908035756875,0.0126261634503598,0.00216197433968774
"OVSYANNIKOVA_PBMC_FLUARIX_AGE_50_74YO_COMMON_WITH_BOTH_HAI_AND_VNA_28DY_VS_3DY_USED_IN_HAI_AND_VNA_RESPONSE_MODELS_UP","OVSYANNIKOVA_PBMC_FLUARIX_AGE_50_74YO_COMMON_WITH_BOTH_HAI_AND_VNA_28DY_VS_3DY_USED_IN_HAI_AND_VNA_RESPONSE_MODELS_UP","14/6767","25/21355",0.0101498917131556,0.0128626661242953,0.00220247062459061
"HOFT_CD4_POSITIVE_ALPHA_BETA_MEMORY_T_CELL_BCG_VACCINE_AGE_18_45YO_ID_56D_TOP_100_DEG_AFTER_IN_VITRO_RE_STIMULATION_UP","HOFT_CD4_POSITIVE_ALPHA_BETA_MEMORY_T_CELL_BCG_VACCINE_AGE_18_45YO_ID_56D_TOP_100_DEG_AFTER_IN_VITRO_RE_STIMULATION_UP","21/6767","42/21355",0.0101506430932122,0.0128626661242953,0.00220247062459061
"GSE29617_CTRL_VS_TIV_FLU_VACCINE_PBMC_2008_UP","GSE29617_CTRL_VS_TIV_FLU_VACCINE_PBMC_2008_UP","76/6767","191/21355",0.0106115090365775,0.0134433424340334,0.00230189966225942
"FLETCHER_PBMC_BCG_10W_INFANT_BCG_STIMULATED_VS_UNSTIMULATED_10W_UP","FLETCHER_PBMC_BCG_10W_INFANT_BCG_STIMULATED_VS_UNSTIMULATED_10W_UP","53/6767","127/21355",0.0106642782634784,0.0135035205376275,0.00231220394164666
"VAN_DEN_BIGGELAAR_PBMC_PREVNAR_9MO_INFANT_STIMULATED_VS_UNSTIMULATED_9MO_UP","VAN_DEN_BIGGELAAR_PBMC_PREVNAR_9MO_INFANT_STIMULATED_VS_UNSTIMULATED_9MO_UP","53/6767","127/21355",0.0106642782634784,0.0135035205376275,0.00231220394164666
"HARALAMBIEVA_PBMC_FLUARIX_AGE_50_74YO_CORR_WITH_28D_MEM_B_CELL_RESPONSE_AT_28DY_LATE_GENE_EXPR_INDIVID_GENE_MODELS_PRED_PEAK_B_CELL_ELISPOT_RESP_POSITIVE","HARALAMBIEVA_PBMC_FLUARIX_AGE_50_74YO_CORR_WITH_28D_MEM_B_CELL_RESPONSE_AT_28DY_LATE_GENE_EXPR_INDIVID_GENE_MODELS_PRED_PEAK_B_CELL_ELISPOT_RESP_POSITIVE","10/6767","16/21355",0.0108537378524158,0.0137400281405767,0.00235270107054315
"GSE13411_SWITCHED_MEMORY_BCELL_VS_PLASMA_CELL_DN","GSE13411_SWITCHED_MEMORY_BCELL_VS_PLASMA_CELL_DN","77/6767","194/21355",0.0108881620211222,0.0137802040686975,0.00235958038317139
"GSE20500_RETINOIC_ACID_VS_RARA_ANTAGONIST_TREATED_CD4_TCELL_UP","GSE20500_RETINOIC_ACID_VS_RARA_ANTAGONIST_TREATED_CD4_TCELL_UP","78/6767","197/21355",0.0111629307878752,0.0141140187791458,0.00241673938012536
"GSE22611_MUTANT_NOD2_VS_CTRL_TRANSDUCED_HEK293T_CELL_UP","GSE22611_MUTANT_NOD2_VS_CTRL_TRANSDUCED_HEK293T_CELL_UP","78/6767","197/21355",0.0111629307878752,0.0141140187791458,0.00241673938012536
"GSE7460_TREG_VS_TCONV_ACT_DN","GSE7460_TREG_VS_TCONV_ACT_DN","78/6767","197/21355",0.0111629307878752,0.0141140187791458,0.00241673938012536
"GSE9006_HEALTHY_VS_TYPE_1_DIABETES_PBMC_4MONTH_POST_DX_DN","GSE9006_HEALTHY_VS_TYPE_1_DIABETES_PBMC_4MONTH_POST_DX_DN","78/6767","197/21355",0.0111629307878752,0.0141140187791458,0.00241673938012536
"GSE40274_SATB1_VS_FOXP3_AND_SATB1_TRANSDUCED_ACTIVATED_CD4_TCELL_UP","GSE40274_SATB1_VS_FOXP3_AND_SATB1_TRANSDUCED_ACTIVATED_CD4_TCELL_UP","68/6767","169/21355",0.0113466599316892,0.01433924709632,0.00245530516015951
"GSE7218_UNSTIM_VS_ANTIGEN_STIM_THROUGH_IGG_BCELL_DN","GSE7218_UNSTIM_VS_ANTIGEN_STIM_THROUGH_IGG_BCELL_DN","68/6767","169/21355",0.0113466599316892,0.01433924709632,0.00245530516015951
"GSE11961_FOLLICULAR_BCELL_VS_MEMORY_BCELL_DAY40_DN","GSE11961_FOLLICULAR_BCELL_VS_MEMORY_BCELL_DAY40_DN","79/6767","200/21355",0.011435716080477,0.0143879549311916,0.00246364538872918
"GSE13306_TREG_VS_TCONV_LAMINA_PROPRIA_DN","GSE13306_TREG_VS_TCONV_LAMINA_PROPRIA_DN","79/6767","200/21355",0.011435716080477,0.0143879549311916,0.00246364538872918
"GSE14308_INDUCED_VS_NATURAL_TREG_UP","GSE14308_INDUCED_VS_NATURAL_TREG_UP","79/6767","200/21355",0.011435716080477,0.0143879549311916,0.00246364538872918
"GSE15750_WT_VS_TRAF6KO_DAY6_EFF_CD8_TCELL_UP","GSE15750_WT_VS_TRAF6KO_DAY6_EFF_CD8_TCELL_UP","79/6767","200/21355",0.011435716080477,0.0143879549311916,0.00246364538872918
"GSE16385_ROSIGLITAZONE_IFNG_TNF_VS_IL4_STIM_MACROPHAGE_UP","GSE16385_ROSIGLITAZONE_IFNG_TNF_VS_IL4_STIM_MACROPHAGE_UP","79/6767","200/21355",0.011435716080477,0.0143879549311916,0.00246364538872918
"GSE17721_CPG_VS_GARDIQUIMOD_1H_BMDC_UP","GSE17721_CPG_VS_GARDIQUIMOD_1H_BMDC_UP","79/6767","200/21355",0.011435716080477,0.0143879549311916,0.00246364538872918
"GSE17721_LPS_VS_CPG_2H_BMDC_DN","GSE17721_LPS_VS_CPG_2H_BMDC_DN","79/6767","200/21355",0.011435716080477,0.0143879549311916,0.00246364538872918
"GSE17721_LPS_VS_GARDIQUIMOD_2H_BMDC_UP","GSE17721_LPS_VS_GARDIQUIMOD_2H_BMDC_UP","79/6767","200/21355",0.011435716080477,0.0143879549311916,0.00246364538872918
"GSE22935_UNSTIM_VS_12H_MBOVIS_BCG_STIM_MYD88_KO_MACROPHAGE_UP","GSE22935_UNSTIM_VS_12H_MBOVIS_BCG_STIM_MYD88_KO_MACROPHAGE_UP","79/6767","200/21355",0.011435716080477,0.0143879549311916,0.00246364538872918
"GSE24972_MARGINAL_ZONE_BCELL_VS_FOLLICULAR_BCELL_DN","GSE24972_MARGINAL_ZONE_BCELL_VS_FOLLICULAR_BCELL_DN","79/6767","200/21355",0.011435716080477,0.0143879549311916,0.00246364538872918
"GSE26912_TUMORICIDAL_VS_CTRL_MACROPHAGE_UP","GSE26912_TUMORICIDAL_VS_CTRL_MACROPHAGE_UP","79/6767","200/21355",0.011435716080477,0.0143879549311916,0.00246364538872918
"GSE28237_FOLLICULAR_VS_EARLY_GC_BCELL_UP","GSE28237_FOLLICULAR_VS_EARLY_GC_BCELL_UP","79/6767","200/21355",0.011435716080477,0.0143879549311916,0.00246364538872918
"GSE29164_UNTREATED_VS_CD8_TCELL_TREATED_MELANOMA_DAY7_DN","GSE29164_UNTREATED_VS_CD8_TCELL_TREATED_MELANOMA_DAY7_DN","79/6767","200/21355",0.011435716080477,0.0143879549311916,0.00246364538872918
"GSE339_CD4POS_VS_CD4CD8DN_DC_IN_CULTURE_UP","GSE339_CD4POS_VS_CD4CD8DN_DC_IN_CULTURE_UP","79/6767","200/21355",0.011435716080477,0.0143879549311916,0.00246364538872918
"GSE43955_TGFB_IL6_VS_TGFB_IL6_IL23_TH17_ACT_CD4_TCELL_52H_UP","GSE43955_TGFB_IL6_VS_TGFB_IL6_IL23_TH17_ACT_CD4_TCELL_52H_UP","79/6767","200/21355",0.011435716080477,0.0143879549311916,0.00246364538872918
"GSE43956_WT_VS_SGK1_KO_TH17_DIFFERENTIATED_CD4_TCELL_UP","GSE43956_WT_VS_SGK1_KO_TH17_DIFFERENTIATED_CD4_TCELL_UP","79/6767","200/21355",0.011435716080477,0.0143879549311916,0.00246364538872918
"GSE45739_UNSTIM_VS_ACD3_ACD28_STIM_WT_CD4_TCELL_UP","GSE45739_UNSTIM_VS_ACD3_ACD28_STIM_WT_CD4_TCELL_UP","79/6767","200/21355",0.011435716080477,0.0143879549311916,0.00246364538872918
"GSE9037_WT_VS_IRAK4_KO_BMDM_DN","GSE9037_WT_VS_IRAK4_KO_BMDM_DN","79/6767","200/21355",0.011435716080477,0.0143879549311916,0.00246364538872918
"GSE8685_IL2_ACT_IL2_STARVED_VS_IL21_ACT_IL2_STARVED_CD4_TCELL_DN","GSE8685_IL2_ACT_IL2_STARVED_VS_IL21_ACT_IL2_STARVED_CD4_TCELL_DN","59/6767","144/21355",0.011488711248518,0.0144510850272698,0.00247445513694128
"GSE21546_WT_VS_SAP1A_KO_DP_THYMOCYTES_DN","GSE21546_WT_VS_SAP1A_KO_DP_THYMOCYTES_DN","76/6767","192/21355",0.0122064348753956,0.0153501083164467,0.00262839463642769
"GSE13493_CD4INTCD8POS_VS_CD8POS_THYMOCYTE_DN","GSE13493_CD4INTCD8POS_VS_CD8POS_THYMOCYTE_DN","78/6767","198/21355",0.0127988167490613,0.0160753389202444,0.00275257566433305
"GSE21670_UNTREATED_VS_TGFB_IL6_TREATED_CD4_TCELL_DN","GSE21670_UNTREATED_VS_TGFB_IL6_TREATED_CD4_TCELL_DN","78/6767","198/21355",0.0127988167490613,0.0160753389202444,0.00275257566433305
"GSE22886_NAIVE_CD8_TCELL_VS_NKCELL_UP","GSE22886_NAIVE_CD8_TCELL_VS_NKCELL_UP","78/6767","198/21355",0.0127988167490613,0.0160753389202444,0.00275257566433305
"GSE35543_IN_VITRO_ITREG_VS_CONVERTED_EX_ITREG_DN","GSE35543_IN_VITRO_ITREG_VS_CONVERTED_EX_ITREG_DN","78/6767","198/21355",0.0127988167490613,0.0160753389202444,0.00275257566433305
"GSE37301_HEMATOPOIETIC_STEM_CELL_VS_PRO_BCELL_UP","GSE37301_HEMATOPOIETIC_STEM_CELL_VS_PRO_BCELL_UP","78/6767","198/21355",0.0127988167490613,0.0160753389202444,0.00275257566433305
"GSE32901_TH1_VS_TH17_NEG_CD4_TCELL_UP","GSE32901_TH1_VS_TH17_NEG_CD4_TCELL_UP","54/6767","131/21355",0.013214277258137,0.0165930931918855,0.00284123057949812
"GAUCHER_PBMC_YF_VAX_STAMARIL_UNKNOWN_AGE_14DY_DN","GAUCHER_PBMC_YF_VAX_STAMARIL_UNKNOWN_AGE_14DY_DN","8/6767","12/21355",0.0135373253486319,0.016994580573564,0.00290997714850223
"GSE16385_IFNG_TNF_VS_UNSTIM_MACROPHAGE_ROSIGLITAZONE_TREATED_UP","GSE16385_IFNG_TNF_VS_UNSTIM_MACROPHAGE_ROSIGLITAZONE_TREATED_UP","75/6767","190/21355",0.0136749318095051,0.0171589269180941,0.00293811812585393
"GSE19888_ADENOSINE_A3R_ACT_VS_TCELL_MEMBRANES_ACT_IN_MAST_CELL_DN","GSE19888_ADENOSINE_A3R_ACT_VS_TCELL_MEMBRANES_ACT_IN_MAST_CELL_DN","75/6767","190/21355",0.0136749318095051,0.0171589269180941,0.00293811812585393
"GSE12963_UNINF_VS_ENV_AND_NEF_AND_VPR_DEFICIENT_HIV1_INF_CD4_TCELL_DN","GSE12963_UNINF_VS_ENV_AND_NEF_AND_VPR_DEFICIENT_HIV1_INF_CD4_TCELL_DN","55/6767","134/21355",0.0137350838852166,0.017230187198313,0.00295032000316037
"GSE1740_UNSTIM_VS_IFNA_STIMULATED_MCSF_DERIVED_MACROPHAGE_DN","GSE1740_UNSTIM_VS_IFNA_STIMULATED_MCSF_DERIVED_MACROPHAGE_DN","76/6767","193/21355",0.0139962459163392,0.0175535109621016,0.0030056826383322
"GSE13411_NAIVE_VS_IGM_MEMORY_BCELL_UP","GSE13411_NAIVE_VS_IGM_MEMORY_BCELL_UP","77/6767","196/21355",0.0143144251919883,0.0179393932924283,0.0030717571588772
"GSE34156_NOD2_LIGAND_VS_NOD2_AND_TLR1_TLR2_LIGAND_24H_TREATED_MONOCYTE_DN","GSE34156_NOD2_LIGAND_VS_NOD2_AND_TLR1_TLR2_LIGAND_24H_TREATED_MONOCYTE_DN","77/6767","196/21355",0.0143144251919883,0.0179393932924283,0.0030717571588772
"GSE37301_HEMATOPOIETIC_STEM_CELL_VS_COMMON_LYMPHOID_PROGENITOR_UP","GSE37301_HEMATOPOIETIC_STEM_CELL_VS_COMMON_LYMPHOID_PROGENITOR_UP","77/6767","196/21355",0.0143144251919883,0.0179393932924283,0.0030717571588772
"GSE17721_CTRL_VS_POLYIC_6H_BMDC_DN","GSE17721_CTRL_VS_POLYIC_6H_BMDC_DN","78/6767","199/21355",0.0146293906212628,0.0183028027611553,0.00313398365778768
"GSE22611_MUTANT_NOD2_TRANSDUCED_VS_CTRL_HEK293T_STIMULATED_WITH_MDP_6H_DN","GSE22611_MUTANT_NOD2_TRANSDUCED_VS_CTRL_HEK293T_STIMULATED_WITH_MDP_6H_DN","78/6767","199/21355",0.0146293906212628,0.0183028027611553,0.00313398365778768
"GSE22935_WT_VS_MYD88_KO_MACROPHAGE_48H_MBOVIS_BCG_STIM_UP","GSE22935_WT_VS_MYD88_KO_MACROPHAGE_48H_MBOVIS_BCG_STIM_UP","78/6767","199/21355",0.0146293906212628,0.0183028027611553,0.00313398365778768
"GSE29618_PRE_VS_DAY7_POST_TIV_FLU_VACCINE_MDC_UP","GSE29618_PRE_VS_DAY7_POST_TIV_FLU_VACCINE_MDC_UP","78/6767","199/21355",0.0146293906212628,0.0183028027611553,0.00313398365778768
"GSE33162_HDAC3_KO_VS_HDAC3_KO_MACROPHAGE_UP","GSE33162_HDAC3_KO_VS_HDAC3_KO_MACROPHAGE_UP","78/6767","199/21355",0.0146293906212628,0.0183028027611553,0.00313398365778768
"GSE33292_DN3_THYMOCYTE_VS_TCELL_LYMPHOMA_FROM_TCF1_KO_DN","GSE33292_DN3_THYMOCYTE_VS_TCELL_LYMPHOMA_FROM_TCF1_KO_DN","78/6767","199/21355",0.0146293906212628,0.0183028027611553,0.00313398365778768
"GSE42021_TREG_VS_TCONV_PLN_DN","GSE42021_TREG_VS_TCONV_PLN_DN","78/6767","199/21355",0.0146293906212628,0.0183028027611553,0.00313398365778768
"GSE21927_UNTREATED_VS_GMCSF_IL6_TREATED_BONE_MARROW_UP","GSE21927_UNTREATED_VS_GMCSF_IL6_TREATED_BONE_MARROW_UP","76/6767","194/21355",0.0159980626624109,0.0200005040892905,0.00342468056839812
"GSE45365_HEALTHY_VS_MCMV_INFECTION_CD11B_DC_IFNAR_KO_UP","GSE45365_HEALTHY_VS_MCMV_INFECTION_CD11B_DC_IFNAR_KO_UP","76/6767","194/21355",0.0159980626624109,0.0200005040892905,0.00342468056839812
"GSE45365_NK_CELL_VS_CD8A_DC_MCMV_INFECTION_DN","GSE45365_NK_CELL_VS_CD8A_DC_MCMV_INFECTION_DN","76/6767","194/21355",0.0159980626624109,0.0200005040892905,0.00342468056839812
"FULLER_PBMC_F_TULARENSIS_VACCINE_LVS_AGE_22_54YO_336HR_UP","FULLER_PBMC_F_TULARENSIS_VACCINE_LVS_AGE_22_54YO_336HR_UP","22/6767","46/21355",0.0160715320853013,0.020087456119293,0.00343956933951122
"GSE37301_CD4_TCELL_VS_RAG2_KO_NK_CELL_UP","GSE37301_CD4_TCELL_VS_RAG2_KO_NK_CELL_UP","65/6767","163/21355",0.0162018600963863,0.0202454147487625,0.00346661655024851
"BUCASAS_PBMC_FLUARIX_FLUVIRIN_CAUCASIAN_MALE_AGE_18_40YO_HIGH_RESPONDERS_1DY_TOP_FUNCTIONAL_NETWORK_POSITIVE","BUCASAS_PBMC_FLUARIX_FLUVIRIN_CAUCASIAN_MALE_AGE_18_40YO_HIGH_RESPONDERS_1DY_TOP_FUNCTIONAL_NETWORK_POSITIVE","11/6767","19/21355",0.0162442137732597,0.0202835080407946,0.00347313925369769
"LI_PBMC_MENACTRA_AGE_18_45YO_CORRELATED_WITH_ANTI_POLYSACCHARIDE_ANTIBODY_3DY_NEGATIVE","LI_PBMC_MENACTRA_AGE_18_45YO_CORRELATED_WITH_ANTI_POLYSACCHARIDE_ANTIBODY_3DY_NEGATIVE","11/6767","19/21355",0.0162442137732597,0.0202835080407946,0.00347313925369769
"SCHERER_PBMC_YF_VAX_AGE_18_40YO_ANYD_DN","SCHERER_PBMC_YF_VAX_AGE_18_40YO_ANYD_DN","11/6767","19/21355",0.0162442137732597,0.0202835080407946,0.00347313925369769
"GSE20151_CTRL_VS_FUSOBACT_NUCLEATUM_NEUTROPHIL_UP","GSE20151_CTRL_VS_FUSOBACT_NUCLEATUM_NEUTROPHIL_UP","77/6767","197/21355",0.0163366341012941,0.0203840163147567,0.00349034925656885
"GSE24574_BCL6_HIGH_TFH_VS_TFH_CD4_TCELL_UP","GSE24574_BCL6_HIGH_TFH_VS_TFH_CD4_TCELL_UP","77/6767","197/21355",0.0163366341012941,0.0203840163147567,0.00349034925656885
"GSE3982_DC_VS_NKCELL_DN","GSE3982_DC_VS_NKCELL_DN","77/6767","197/21355",0.0163366341012941,0.0203840163147567,0.00349034925656885
"GSE16266_CTRL_VS_LPS_STIM_MEF_DN","GSE16266_CTRL_VS_LPS_STIM_MEF_DN","78/6767","200/21355",0.0166712481145523,0.0207308971824666,0.00354974556787639
"GSE17721_CPG_VS_GARDIQUIMOD_2H_BMDC_UP","GSE17721_CPG_VS_GARDIQUIMOD_2H_BMDC_UP","78/6767","200/21355",0.0166712481145523,0.0207308971824666,0.00354974556787639
"GSE20715_0H_VS_24H_OZONE_LUNG_DN","GSE20715_0H_VS_24H_OZONE_LUNG_DN","78/6767","200/21355",0.0166712481145523,0.0207308971824666,0.00354974556787639
"GSE21380_TFH_VS_GERMINAL_CENTER_TFH_CD4_TCELL_UP","GSE21380_TFH_VS_GERMINAL_CENTER_TFH_CD4_TCELL_UP","78/6767","200/21355",0.0166712481145523,0.0207308971824666,0.00354974556787639
"GSE2585_CTEC_VS_THYMIC_DC_UP","GSE2585_CTEC_VS_THYMIC_DC_UP","78/6767","200/21355",0.0166712481145523,0.0207308971824666,0.00354974556787639
"GSE26488_WT_VS_HDAC7_DELTAP_TG_OT2_THYMOCYTE_WITH_PEPTIDE_INJECTION_UP","GSE26488_WT_VS_HDAC7_DELTAP_TG_OT2_THYMOCYTE_WITH_PEPTIDE_INJECTION_UP","78/6767","200/21355",0.0166712481145523,0.0207308971824666,0.00354974556787639
"GSE27786_ERYTHROBLAST_VS_MONO_MAC_UP","GSE27786_ERYTHROBLAST_VS_MONO_MAC_UP","78/6767","200/21355",0.0166712481145523,0.0207308971824666,0.00354974556787639
"GSE2826_WT_VS_XID_BCELL_DN","GSE2826_WT_VS_XID_BCELL_DN","78/6767","200/21355",0.0166712481145523,0.0207308971824666,0.00354974556787639
"GSE30083_SP2_VS_SP4_THYMOCYTE_UP","GSE30083_SP2_VS_SP4_THYMOCYTE_UP","78/6767","200/21355",0.0166712481145523,0.0207308971824666,0.00354974556787639
"GSE3203_UNTREATED_VS_IFNB_TREATED_LN_BCELL_UP","GSE3203_UNTREATED_VS_IFNB_TREATED_LN_BCELL_UP","78/6767","200/21355",0.0166712481145523,0.0207308971824666,0.00354974556787639
"GSE41978_KLRG1_HIGH_VS_LOW_EFFECTOR_CD8_TCELL_UP","GSE41978_KLRG1_HIGH_VS_LOW_EFFECTOR_CD8_TCELL_UP","78/6767","200/21355",0.0166712481145523,0.0207308971824666,0.00354974556787639
"GSE42021_CD24HI_VS_CD24INT_TCONV_THYMUS_DN","GSE42021_CD24HI_VS_CD24INT_TCONV_THYMUS_DN","78/6767","200/21355",0.0166712481145523,0.0207308971824666,0.00354974556787639
"GSE43955_1H_VS_42H_ACT_CD4_TCELL_DN","GSE43955_1H_VS_42H_ACT_CD4_TCELL_DN","78/6767","200/21355",0.0166712481145523,0.0207308971824666,0.00354974556787639
"GSE7460_FOXP3_MUT_VS_HET_ACT_TCONV_UP","GSE7460_FOXP3_MUT_VS_HET_ACT_TCONV_UP","78/6767","200/21355",0.0166712481145523,0.0207308971824666,0.00354974556787639
"HOWARD_NEUTROPHIL_INACT_MONOV_INFLUENZA_A_INDONESIA_05_2005_H5N1_AGE_18_49YO_3DY_UP","HOWARD_NEUTROPHIL_INACT_MONOV_INFLUENZA_A_INDONESIA_05_2005_H5N1_AGE_18_49YO_3DY_UP","49/6767","119/21355",0.0179863013451084,0.0223607582435429,0.0038288262090511
"GSE22611_UNSTIM_VS_2H_MDP_STIM_NOD2_TRANSDUCED_HEK293T_CELL_UP","GSE22611_UNSTIM_VS_2H_MDP_STIM_NOD2_TRANSDUCED_HEK293T_CELL_UP","76/6767","195/21355",0.0182296373696627,0.0226358321129234,0.00387592702866725
"GSE25846_IL10_POS_VS_NEG_CD8_TCELL_DAY7_POST_CORONAVIRUS_BRAIN_UP","GSE25846_IL10_POS_VS_NEG_CD8_TCELL_DAY7_POST_CORONAVIRUS_BRAIN_UP","76/6767","195/21355",0.0182296373696627,0.0226358321129234,0.00387592702866725
"GSE29618_LAIV_VS_TIV_FLU_VACCINE_DAY7_MONOCYTE_DN","GSE29618_LAIV_VS_TIV_FLU_VACCINE_DAY7_MONOCYTE_DN","76/6767","195/21355",0.0182296373696627,0.0226358321129234,0.00387592702866725
"GSE37416_CTRL_VS_3H_F_TULARENSIS_LVS_NEUTROPHIL_DN","GSE37416_CTRL_VS_3H_F_TULARENSIS_LVS_NEUTROPHIL_DN","76/6767","195/21355",0.0182296373696627,0.0226358321129234,0.00387592702866725
"GSE46606_UNSTIM_VS_CD40L_IL2_IL5_1DAY_STIMULATED_IRF4_KO_BCELL_DN","GSE46606_UNSTIM_VS_CD40L_IL2_IL5_1DAY_STIMULATED_IRF4_KO_BCELL_DN","76/6767","195/21355",0.0182296373696627,0.0226358321129234,0.00387592702866725
"SCHERER_PBMC_APSV_WETVAX_AGE_18_40YO_5_TO_7DY_UP","SCHERER_PBMC_APSV_WETVAX_AGE_18_40YO_5_TO_7DY_UP","13/6767","24/21355",0.0185060878220664,0.022973538078386,0.00393375232409924
"GSE13411_IGM_MEMORY_BCELL_VS_PLASMA_CELL_DN","GSE13411_IGM_MEMORY_BCELL_VS_PLASMA_CELL_DN","77/6767","198/21355",0.0185879724163515,0.0230417153236544,0.00394542629421694
"GSE28726_NAIVE_CD4_TCELL_VS_NAIVE_VA24NEG_NKTCELL_DN","GSE28726_NAIVE_CD4_TCELL_VS_NAIVE_VA24NEG_NKTCELL_DN","77/6767","198/21355",0.0185879724163515,0.0230417153236544,0.00394542629421694
"GSE29949_DC_BRAIN_VS_MONOCYTE_BONE_MARROW_DN","GSE29949_DC_BRAIN_VS_MONOCYTE_BONE_MARROW_DN","77/6767","198/21355",0.0185879724163515,0.0230417153236544,0.00394542629421694
"GSE36476_CTRL_VS_TSST_ACT_72H_MEMORY_CD4_TCELL_OLD_UP","GSE36476_CTRL_VS_TSST_ACT_72H_MEMORY_CD4_TCELL_OLD_UP","77/6767","198/21355",0.0185879724163515,0.0230417153236544,0.00394542629421694
"GSE37301_COMMON_LYMPHOID_PROGENITOR_VS_RAG2_KO_NK_CELL_DN","GSE37301_COMMON_LYMPHOID_PROGENITOR_VS_RAG2_KO_NK_CELL_DN","77/6767","198/21355",0.0185879724163515,0.0230417153236544,0.00394542629421694
"GSE37534_GW1929_VS_PIOGLITAZONE_TREATED_CD4_TCELL_PPARG1_FOXP3_TRANSDUCED_UP","GSE37534_GW1929_VS_PIOGLITAZONE_TREATED_CD4_TCELL_PPARG1_FOXP3_TRANSDUCED_UP","77/6767","198/21355",0.0185879724163515,0.0230417153236544,0.00394542629421694
"GSE40274_CTRL_VS_EOS_TRANSDUCED_ACTIVATED_CD4_TCELL_DN","GSE40274_CTRL_VS_EOS_TRANSDUCED_ACTIVATED_CD4_TCELL_DN","60/6767","150/21355",0.0189053506231642,0.0234181523665047,0.00400988350090131
"GSE9601_UNTREATED_VS_PI3K_INHIBITOR_TREATED_HCMV_INF_MONOCYTE_DN","GSE9601_UNTREATED_VS_PI3K_INHIBITOR_TREATED_HCMV_INF_MONOCYTE_DN","60/6767","150/21355",0.0189053506231642,0.0234181523665047,0.00400988350090131
"GSE9946_IMMATURE_VS_PROSTAGLANDINE2_TREATED_MATURE_DC_UP","GSE9946_IMMATURE_VS_PROSTAGLANDINE2_TREATED_MATURE_DC_UP","60/6767","150/21355",0.0189053506231642,0.0234181523665047,0.00400988350090131
"FLETCHER_PBMC_BCG_10W_INFANT_PPD_STIMULATED_VS_UNSTIMULATED_10W_UP","FLETCHER_PBMC_BCG_10W_INFANT_PPD_STIMULATED_VS_UNSTIMULATED_10W_UP","39/6767","92/21355",0.0196173183285869,0.0242942007417065,0.00415988901246923
"GSE7509_UNSTIM_VS_FCGRIIB_STIM_DC_UP","GSE7509_UNSTIM_VS_FCGRIIB_STIM_DC_UP","68/6767","173/21355",0.0200659345045462,0.024843768704373,0.00425399137680743
"GSE3720_LPS_VS_PMA_STIM_VD1_GAMMADELTA_TCELL_UP","GSE3720_LPS_VS_PMA_STIM_VD1_GAMMADELTA_TCELL_UP","57/6767","142/21355",0.0201274455722469,0.024913909572407,0.00426600157748709
"GSE37416_CTRL_VS_48H_F_TULARENSIS_LVS_NEUTROPHIL_UP","GSE37416_CTRL_VS_48H_F_TULARENSIS_LVS_NEUTROPHIL_UP","75/6767","193/21355",0.0203265576288873,0.0251542990497961,0.00430716339862851
"GSE34156_UNTREATED_VS_24H_TLR1_TLR2_LIGAND_TREATED_MONOCYTE_DN","GSE34156_UNTREATED_VS_24H_TLR1_TLR2_LIGAND_TREATED_MONOCYTE_DN","76/6767","196/21355",0.0207092717488561,0.0256217268958459,0.00438720093440003
"GSE17721_CTRL_VS_PAM3CSK4_4H_BMDC_DN","GSE17721_CTRL_VS_PAM3CSK4_4H_BMDC_DN","77/6767","199/21355",0.0210864215821042,0.0260569012898164,0.00446171572083949
"GSE20366_TREG_VS_NAIVE_CD4_TCELL_DN","GSE20366_TREG_VS_NAIVE_CD4_TCELL_DN","77/6767","199/21355",0.0210864215821042,0.0260569012898164,0.00446171572083949
"GSE32986_UNSTIM_VS_GMCSF_STIM_DC_UP","GSE32986_UNSTIM_VS_GMCSF_STIM_DC_UP","77/6767","199/21355",0.0210864215821042,0.0260569012898164,0.00446171572083949
"GSE39820_TGFBETA1_VS_TGFBETA3_IN_IL6_TREATED_CD4_TCELL_DN","GSE39820_TGFBETA1_VS_TGFBETA3_IN_IL6_TREATED_CD4_TCELL_DN","77/6767","199/21355",0.0210864215821042,0.0260569012898164,0.00446171572083949
"GSE4142_NAIVE_VS_MEMORY_BCELL_UP","GSE4142_NAIVE_VS_MEMORY_BCELL_UP","77/6767","199/21355",0.0210864215821042,0.0260569012898164,0.00446171572083949
"HARALAMBIEVA_PBMC_TIV_AGE_50_74YO_CORRELATED_WITH_MEMORY_B_CELL_RESPONSE_3DY_POSITIVE","HARALAMBIEVA_PBMC_TIV_AGE_50_74YO_CORRELATED_WITH_MEMORY_B_CELL_RESPONSE_3DY_POSITIVE","9/6767","15/21355",0.0220339770633971,0.0272212531094065,0.00466108734835083
"HOWARD_T_CELL_INACT_MONOV_INFLUENZA_A_INDONESIA_05_2005_H5N1_AGE_18_49YO_1DY_UP","HOWARD_T_CELL_INACT_MONOV_INFLUENZA_A_INDONESIA_05_2005_H5N1_AGE_18_49YO_1DY_UP","20/6767","42/21355",0.0223425144101211,0.0275957772538402,0.00472521700998896
"GSE29617_DAY3_VS_DAY7_TIV_FLU_VACCINE_PBMC_2008_DN","GSE29617_DAY3_VS_DAY7_TIV_FLU_VACCINE_PBMC_2008_DN","74/6767","191/21355",0.0226470139295276,0.0279651349751176,0.00478846202647451
"GSE13887_HEALTHY_VS_LUPUS_RESTING_CD4_TCELL_DN","GSE13887_HEALTHY_VS_LUPUS_RESTING_CD4_TCELL_DN","51/6767","126/21355",0.0227357013908076,0.0280678885217121,0.00480605648673338
"GSE3565_DUSP1_VS_WT_SPLENOCYTES_POST_LPS_INJECTION_DN","GSE3565_DUSP1_VS_WT_SPLENOCYTES_POST_LPS_INJECTION_DN","62/6767","157/21355",0.022984901437593,0.0283687023761529,0.00485756475659543
"GSE12366_NAIVE_VS_MEMORY_BCELL_UP","GSE12366_NAIVE_VS_MEMORY_BCELL_UP","75/6767","194/21355",0.0230546006749858,0.0284410340858163,0.00486995009445777
"GSE41867_NAIVE_VS_DAY8_LCMV_CLONE13_EFFECTOR_CD8_TCELL_DN","GSE41867_NAIVE_VS_DAY8_LCMV_CLONE13_EFFECTOR_CD8_TCELL_DN","75/6767","194/21355",0.0230546006749858,0.0284410340858163,0.00486995009445777
"GSE25088_CTRL_VS_IL4_STIM_STAT6_KO_MACROPHAGE_UP","GSE25088_CTRL_VS_IL4_STIM_STAT6_KO_MACROPHAGE_UP","76/6767","197/21355",0.0234557218415398,0.0289150002119679,0.00495110717805247
"GSE29618_PRE_VS_DAY7_POST_LAIV_FLU_VACCINE_MONOCYTE_UP","GSE29618_PRE_VS_DAY7_POST_LAIV_FLU_VACCINE_MONOCYTE_UP","76/6767","197/21355",0.0234557218415398,0.0289150002119679,0.00495110717805247
"GSE43863_NAIVE_VS_LY6C_INT_CXCR5POS_CD4_EFF_TCELL_D6_LCMV_UP","GSE43863_NAIVE_VS_LY6C_INT_CXCR5POS_CD4_EFF_TCELL_D6_LCMV_UP","76/6767","197/21355",0.0234557218415398,0.0289150002119679,0.00495110717805247
"GSE10422_WT_VS_BAFF_TRANSGENIC_LN_BCELL_DN","GSE10422_WT_VS_BAFF_TRANSGENIC_LN_BCELL_DN","52/6767","129/21355",0.0234695868963826,0.0289251375042677,0.00495284298370018
"GSE17721_CTRL_VS_LPS_0.5H_BMDC_DN","GSE17721_CTRL_VS_LPS_0.5H_BMDC_DN","77/6767","200/21355",0.0238503919642301,0.0292818389848199,0.00501392087572291
"GSE19941_IL10_KO_VS_IL10_KO_AND_NFKBP50_KO_LPS_STIM_MACROPHAGE_UP","GSE19941_IL10_KO_VS_IL10_KO_AND_NFKBP50_KO_LPS_STIM_MACROPHAGE_UP","77/6767","200/21355",0.0238503919642301,0.0292818389848199,0.00501392087572291
"GSE20715_WT_VS_TLR4_KO_48H_OZONE_LUNG_UP","GSE20715_WT_VS_TLR4_KO_48H_OZONE_LUNG_UP","77/6767","200/21355",0.0238503919642301,0.0292818389848199,0.00501392087572291
"GSE22025_UNTREATED_VS_TGFB1_AND_PROGESTERONE_TREATED_CD4_TCELL_UP","GSE22025_UNTREATED_VS_TGFB1_AND_PROGESTERONE_TREATED_CD4_TCELL_UP","77/6767","200/21355",0.0238503919642301,0.0292818389848199,0.00501392087572291
"GSE23505_IL6_IL1_VS_IL6_IL1_TGFB_TREATED_CD4_TCELL_UP","GSE23505_IL6_IL1_VS_IL6_IL1_TGFB_TREATED_CD4_TCELL_UP","77/6767","200/21355",0.0238503919642301,0.0292818389848199,0.00501392087572291
"GSE23505_UNTREATED_VS_4DAY_IL6_IL1_TREATED_CD4_TCELL_DN","GSE23505_UNTREATED_VS_4DAY_IL6_IL1_TREATED_CD4_TCELL_DN","77/6767","200/21355",0.0238503919642301,0.0292818389848199,0.00501392087572291
"GSE24210_IL35_TREATED_VS_UNTREATED_TCONV_CD4_TCELL_DN","GSE24210_IL35_TREATED_VS_UNTREATED_TCONV_CD4_TCELL_DN","77/6767","200/21355",0.0238503919642301,0.0292818389848199,0.00501392087572291
"GSE28737_WT_VS_BCL6_HET_FOLLICULAR_BCELL_UP","GSE28737_WT_VS_BCL6_HET_FOLLICULAR_BCELL_UP","77/6767","200/21355",0.0238503919642301,0.0292818389848199,0.00501392087572291
"GSE360_T_GONDII_VS_M_TUBERCULOSIS_DC_UP","GSE360_T_GONDII_VS_M_TUBERCULOSIS_DC_UP","77/6767","200/21355",0.0238503919642301,0.0292818389848199,0.00501392087572291
"GSE3982_DC_VS_CENT_MEMORY_CD4_TCELL_DN","GSE3982_DC_VS_CENT_MEMORY_CD4_TCELL_DN","77/6767","200/21355",0.0238503919642301,0.0292818389848199,0.00501392087572291
"GSE41978_WT_VS_ID2_KO_AND_BIM_KO_KLRG1_LOW_EFFECTOR_CD8_TCELL_DN","GSE41978_WT_VS_ID2_KO_AND_BIM_KO_KLRG1_LOW_EFFECTOR_CD8_TCELL_DN","77/6767","200/21355",0.0238503919642301,0.0292818389848199,0.00501392087572291
"GSE42021_CD24HI_VS_CD24LOW_TREG_THYMUS_DN","GSE42021_CD24HI_VS_CD24LOW_TREG_THYMUS_DN","77/6767","200/21355",0.0238503919642301,0.0292818389848199,0.00501392087572291
"GSE43955_1H_VS_20H_ACT_CD4_TCELL_WITH_TGFB_IL6_DN","GSE43955_1H_VS_20H_ACT_CD4_TCELL_WITH_TGFB_IL6_DN","77/6767","200/21355",0.0238503919642301,0.0292818389848199,0.00501392087572291
"GSE43955_1H_VS_42H_ACT_CD4_TCELL_WITH_TGFB_IL6_DN","GSE43955_1H_VS_42H_ACT_CD4_TCELL_WITH_TGFB_IL6_DN","77/6767","200/21355",0.0238503919642301,0.0292818389848199,0.00501392087572291
"GSE5589_UNSTIM_VS_45MIN_LPS_AND_IL10_STIM_MACROPHAGE_DN","GSE5589_UNSTIM_VS_45MIN_LPS_AND_IL10_STIM_MACROPHAGE_DN","77/6767","200/21355",0.0238503919642301,0.0292818389848199,0.00501392087572291
"GSE5679_PPARG_LIGAND_ROSIGLITAZONE_VS_ROSIGLITAZONE_AND_RARA_AGONIST_AM580_TREATED_DC_DN","GSE5679_PPARG_LIGAND_ROSIGLITAZONE_VS_ROSIGLITAZONE_AND_RARA_AGONIST_AM580_TREATED_DC_DN","77/6767","200/21355",0.0238503919642301,0.0292818389848199,0.00501392087572291
"GSE12839_CTRL_VS_IL12_TREATED_PBMC_UP","GSE12839_CTRL_VS_IL12_TREATED_PBMC_UP","59/6767","149/21355",0.0245860383003804,0.0301777874948648,0.00516733388166205
"GSE26928_NAIVE_VS_CENT_MEMORY_CD4_TCELL_UP","GSE26928_NAIVE_VS_CENT_MEMORY_CD4_TCELL_UP","74/6767","192/21355",0.0256449056872508,0.0314699452988356,0.00538858969115598
"GSE18791_CTRL_VS_NEWCASTLE_VIRUS_DC_16H_DN","GSE18791_CTRL_VS_NEWCASTLE_VIRUS_DC_16H_DN","75/6767","195/21355",0.026070202740813,0.0319688900866176,0.00547402386380444
"GSE22611_NOD2_TRANSD_VS_CTRL_TRANSD_HEK293_MDP_STIM_6H_DN","GSE22611_NOD2_TRANSD_VS_CTRL_TRANSD_HEK293_MDP_STIM_6H_DN","75/6767","195/21355",0.026070202740813,0.0319688900866176,0.00547402386380444
"GSE25087_TREG_VS_TCONV_ADULT_DN","GSE25087_TREG_VS_TCONV_ADULT_DN","75/6767","195/21355",0.026070202740813,0.0319688900866176,0.00547402386380444
"GSE22025_PROGESTERONE_VS_TGFB1_AND_PROGESTERONE_TREATED_CD4_TCELL_DN","GSE22025_PROGESTERONE_VS_TGFB1_AND_PROGESTERONE_TREATED_CD4_TCELL_DN","76/6767","198/21355",0.0264880903359195,0.0324347836523189,0.00555379868519273
"GSE22886_NAIVE_BCELL_VS_DC_UP","GSE22886_NAIVE_BCELL_VS_DC_UP","76/6767","198/21355",0.0264880903359195,0.0324347836523189,0.00555379868519273
"GSE24634_NAIVE_CD4_TCELL_VS_DAY10_IL4_CONV_TREG_UP","GSE24634_NAIVE_CD4_TCELL_VS_DAY10_IL4_CONV_TREG_UP","76/6767","198/21355",0.0264880903359195,0.0324347836523189,0.00555379868519273
"GSE29618_PRE_VS_DAY7_POST_TIV_FLU_VACCINE_MONOCYTE_UP","GSE29618_PRE_VS_DAY7_POST_TIV_FLU_VACCINE_MONOCYTE_UP","76/6767","198/21355",0.0264880903359195,0.0324347836523189,0.00555379868519273
"GSE3982_BCELL_VS_TH1_UP","GSE3982_BCELL_VS_TH1_UP","76/6767","198/21355",0.0264880903359195,0.0324347836523189,0.00555379868519273
"GSE5542_UNTREATED_VS_IFNA_AND_IFNG_TREATED_EPITHELIAL_CELLS_6H_UP","GSE5542_UNTREATED_VS_IFNA_AND_IFNG_TREATED_EPITHELIAL_CELLS_6H_UP","76/6767","198/21355",0.0264880903359195,0.0324347836523189,0.00555379868519273
"HOEK_B_CELL_2011_2012_TIV_ADULT_7DY_UP","HOEK_B_CELL_2011_2012_TIV_ADULT_7DY_UP","22/6767","48/21355",0.02785578193721,0.0341013834747077,0.00583917009391071
"GSE27291_6H_VS_7D_STIM_GAMMADELTA_TCELL_DN","GSE27291_6H_VS_7D_STIM_GAMMADELTA_TCELL_DN","72/6767","187/21355",0.0280447293627195,0.0343244992701511,0.00587737414745588
"GSE2706_R848_VS_R848_AND_LPS_2H_STIM_DC_DN","GSE2706_R848_VS_R848_AND_LPS_2H_STIM_DC_DN","73/6767","190/21355",0.0285026844580572,0.0348766737986776,0.00597192283331734
"GSE1460_NAIVE_CD4_TCELL_CORD_BLOOD_VS_THYMIC_STROMAL_CELL_UP","GSE1460_NAIVE_CD4_TCELL_CORD_BLOOD_VS_THYMIC_STROMAL_CELL_UP","74/6767","193/21355",0.0289521137235441,0.0354012609254974,0.00606174773631134
"GSE16385_IFNG_TNF_VS_IL4_STIM_MACROPHAGE_ROSIGLITAZONE_TREATED_UP","GSE16385_IFNG_TNF_VS_IL4_STIM_MACROPHAGE_ROSIGLITAZONE_TREATED_UP","74/6767","193/21355",0.0289521137235441,0.0354012609254974,0.00606174773631134
"GSE19888_ADENOSINE_A3R_ACT_VS_TCELL_MEMBRANES_ACT_AND_A3R_INH_PRETREAT_IN_MAST_CELL_UP","GSE19888_ADENOSINE_A3R_ACT_VS_TCELL_MEMBRANES_ACT_AND_A3R_INH_PRETREAT_IN_MAST_CELL_UP","74/6767","193/21355",0.0289521137235441,0.0354012609254974,0.00606174773631134
"GSE2706_UNSTIM_VS_2H_LPS_DC_UP","GSE2706_UNSTIM_VS_2H_LPS_DC_UP","75/6767","196/21355",0.02939309385153,0.0359147741126774,0.00614967645180272
"GSE29949_CD8_NEG_DC_SPLEEN_VS_MONOCYTE_BONE_MARROW_DN","GSE29949_CD8_NEG_DC_SPLEEN_VS_MONOCYTE_BONE_MARROW_DN","75/6767","196/21355",0.02939309385153,0.0359147741126774,0.00614967645180272
"GSE41867_DAY6_VS_DAY15_LCMV_ARMSTRONG_EFFECTOR_CD8_TCELL_UP","GSE41867_DAY6_VS_DAY15_LCMV_ARMSTRONG_EFFECTOR_CD8_TCELL_UP","75/6767","196/21355",0.02939309385153,0.0359147741126774,0.00614967645180272
"LI_PBMC_MENOMUNE_A_C_Y_W_135_AGE_18_45YO_CORRELATED_WITH_ANTIBODY_RESPONSE_3DY_POSITIVE","LI_PBMC_MENOMUNE_A_C_Y_W_135_AGE_18_45YO_CORRELATED_WITH_ANTIBODY_RESPONSE_3DY_POSITIVE","20/6767","43/21355",0.0295880125691175,0.036144327005448,0.00618898272767365
"GSE11924_TH2_VS_TH17_CD4_TCELL_UP","GSE11924_TH2_VS_TH17_CD4_TCELL_UP","76/6767","199/21355",0.0298257068016915,0.0363826787466743,0.00622979562783743
"GSE16385_UNTREATED_VS_12H_IL4_TREATED_MACROPHAGE_UP","GSE16385_UNTREATED_VS_12H_IL4_TREATED_MACROPHAGE_UP","76/6767","199/21355",0.0298257068016915,0.0363826787466743,0.00622979562783743
"GSE17721_12H_VS_24H_CPG_BMDC_UP","GSE17721_12H_VS_24H_CPG_BMDC_UP","76/6767","199/21355",0.0298257068016915,0.0363826787466743,0.00622979562783743
"GSE17721_POLYIC_VS_CPG_0.5H_BMDC_UP","GSE17721_POLYIC_VS_CPG_0.5H_BMDC_UP","76/6767","199/21355",0.0298257068016915,0.0363826787466743,0.00622979562783743
"GSE40441_NRP1_POS_INDUCED_TREG_VS_NRP1_NEG_NATURAL_TREG_DN","GSE40441_NRP1_POS_INDUCED_TREG_VS_NRP1_NEG_NATURAL_TREG_DN","76/6767","199/21355",0.0298257068016915,0.0363826787466743,0.00622979562783743
"GSE43955_10H_VS_30H_ACT_CD4_TCELL_WITH_TGFB_IL6_DN","GSE43955_10H_VS_30H_ACT_CD4_TCELL_WITH_TGFB_IL6_DN","76/6767","199/21355",0.0298257068016915,0.0363826787466743,0.00622979562783743
"DHIMAN_PBMC_ATTENUVAX_AGE_15_25YO_SUBQ_7_OR_14DY_UP","DHIMAN_PBMC_ATTENUVAX_AGE_15_25YO_SUBQ_7_OR_14DY_UP","23/6767","51/21355",0.0305333831615662,0.0372370731373335,0.00637609333385403
"GSE45365_WT_VS_IFNAR_KO_CD11B_DC_DN","GSE45365_WT_VS_IFNAR_KO_CD11B_DC_DN","73/6767","191/21355",0.0321252602935033,0.0391691342508422,0.00670691960317461
"FULLER_PBMC_F_TULARENSIS_VACCINE_LVS_AGE_22_54YO_192HR_DN","FULLER_PBMC_F_TULARENSIS_VACCINE_LVS_AGE_22_54YO_192HR_DN","16/6767","33/21355",0.0324355636419751,0.0395380729416088,0.00677009286918619
"GSE20727_CTRL_VS_DNFB_ALLERGEN_TREATED_DC_DN","GSE20727_CTRL_VS_DNFB_ALLERGEN_TREATED_DC_DN","74/6767","194/21355",0.0325889134368216,0.0397061214806522,0.00679886777224065
"GSE29615_CTRL_VS_DAY3_LAIV_IFLU_VACCINE_PBMC_DN","GSE29615_CTRL_VS_DAY3_LAIV_IFLU_VACCINE_PBMC_DN","74/6767","194/21355",0.0325889134368216,0.0397061214806522,0.00679886777224065
"GSE37301_COMMON_LYMPHOID_PROGENITOR_VS_GRAN_MONO_PROGENITOR_DN","GSE37301_COMMON_LYMPHOID_PROGENITOR_VS_GRAN_MONO_PROGENITOR_DN","75/6767","197/21355",0.0330431176281631,0.0402499558278908,0.00689198837125659
"GSE10239_MEMORY_VS_KLRG1INT_EFF_CD8_TCELL_UP","GSE10239_MEMORY_VS_KLRG1INT_EFF_CD8_TCELL_UP","76/6767","200/21355",0.0334879965407805,0.0405701697222547,0.0069468185043804
"GSE11961_FOLLICULAR_BCELL_VS_GERMINAL_CENTER_BCELL_DAY7_DN","GSE11961_FOLLICULAR_BCELL_VS_GERMINAL_CENTER_BCELL_DAY7_DN","76/6767","200/21355",0.0334879965407805,0.0405701697222547,0.0069468185043804
"GSE11961_MARGINAL_ZONE_BCELL_VS_GERMINAL_CENTER_BCELL_DAY40_DN","GSE11961_MARGINAL_ZONE_BCELL_VS_GERMINAL_CENTER_BCELL_DAY40_DN","76/6767","200/21355",0.0334879965407805,0.0405701697222547,0.0069468185043804
"GSE11961_MARGINAL_ZONE_BCELL_VS_MEMORY_BCELL_DAY7_UP","GSE11961_MARGINAL_ZONE_BCELL_VS_MEMORY_BCELL_DAY7_UP","76/6767","200/21355",0.0334879965407805,0.0405701697222547,0.0069468185043804
"GSE12198_LOW_IL2_STIM_NK_CELL_VS_HIGH_IL2_STIM_NK_CELL_DN","GSE12198_LOW_IL2_STIM_NK_CELL_VS_HIGH_IL2_STIM_NK_CELL_DN","76/6767","200/21355",0.0334879965407805,0.0405701697222547,0.0069468185043804
"GSE13522_CTRL_VS_T_CRUZI_Y_STRAIN_INF_SKIN_129_MOUSE_DN","GSE13522_CTRL_VS_T_CRUZI_Y_STRAIN_INF_SKIN_129_MOUSE_DN","76/6767","200/21355",0.0334879965407805,0.0405701697222547,0.0069468185043804
"GSE15324_ELF4_KO_VS_WT_NAIVE_CD8_TCELL_UP","GSE15324_ELF4_KO_VS_WT_NAIVE_CD8_TCELL_UP","76/6767","200/21355",0.0334879965407805,0.0405701697222547,0.0069468185043804
"GSE16385_MONOCYTE_VS_12H_IFNG_TNF_TREATED_MACROPHAGE_DN","GSE16385_MONOCYTE_VS_12H_IFNG_TNF_TREATED_MACROPHAGE_DN","76/6767","200/21355",0.0334879965407805,0.0405701697222547,0.0069468185043804
"GSE16450_IMMATURE_VS_MATURE_NEURON_CELL_LINE_6H_IFNA_STIM_DN","GSE16450_IMMATURE_VS_MATURE_NEURON_CELL_LINE_6H_IFNA_STIM_DN","76/6767","200/21355",0.0334879965407805,0.0405701697222547,0.0069468185043804
"GSE17721_4_VS_24H_CPG_BMDC_UP","GSE17721_4_VS_24H_CPG_BMDC_UP","76/6767","200/21355",0.0334879965407805,0.0405701697222547,0.0069468185043804
"GSE17721_CTRL_VS_CPG_24H_BMDC_UP","GSE17721_CTRL_VS_CPG_24H_BMDC_UP","76/6767","200/21355",0.0334879965407805,0.0405701697222547,0.0069468185043804
"GSE17721_PAM3CSK4_VS_CPG_2H_BMDC_DN","GSE17721_PAM3CSK4_VS_CPG_2H_BMDC_DN","76/6767","200/21355",0.0334879965407805,0.0405701697222547,0.0069468185043804
"GSE19923_WT_VS_HEB_KO_DP_THYMOCYTE_UP","GSE19923_WT_VS_HEB_KO_DP_THYMOCYTE_UP","76/6767","200/21355",0.0334879965407805,0.0405701697222547,0.0069468185043804
"GSE22935_24H_VS_48H_MBOVIS_BCG_STIM_MACROPHAGE_UP","GSE22935_24H_VS_48H_MBOVIS_BCG_STIM_MACROPHAGE_UP","76/6767","200/21355",0.0334879965407805,0.0405701697222547,0.0069468185043804
"GSE30083_SP3_VS_SP4_THYMOCYTE_UP","GSE30083_SP3_VS_SP4_THYMOCYTE_UP","76/6767","200/21355",0.0334879965407805,0.0405701697222547,0.0069468185043804
"GSE30971_2H_VS_4H_LPS_STIM_MACROPHAGE_WBP7_KO_DN","GSE30971_2H_VS_4H_LPS_STIM_MACROPHAGE_WBP7_KO_DN","76/6767","200/21355",0.0334879965407805,0.0405701697222547,0.0069468185043804
"GSE41867_NAIVE_VS_DAY8_LCMV_ARMSTRONG_EFFECTOR_CD8_TCELL_UP","GSE41867_NAIVE_VS_DAY8_LCMV_ARMSTRONG_EFFECTOR_CD8_TCELL_UP","76/6767","200/21355",0.0334879965407805,0.0405701697222547,0.0069468185043804
"GSE41978_ID2_KO_VS_BIM_KO_KLRG1_LOW_EFFECTOR_CD8_TCELL_DN","GSE41978_ID2_KO_VS_BIM_KO_KLRG1_LOW_EFFECTOR_CD8_TCELL_DN","76/6767","200/21355",0.0334879965407805,0.0405701697222547,0.0069468185043804
"GSE41978_WT_VS_BIM_KO_KLRG1_LOW_EFFECTOR_CD8_TCELL_UP","GSE41978_WT_VS_BIM_KO_KLRG1_LOW_EFFECTOR_CD8_TCELL_UP","76/6767","200/21355",0.0334879965407805,0.0405701697222547,0.0069468185043804
"GSE43955_TGFB_IL6_VS_TGFB_IL6_IL23_TH17_ACT_CD4_TCELL_60H_DN","GSE43955_TGFB_IL6_VS_TGFB_IL6_IL23_TH17_ACT_CD4_TCELL_60H_DN","76/6767","200/21355",0.0334879965407805,0.0405701697222547,0.0069468185043804
"GSE5542_IFNG_VS_IFNA_TREATED_EPITHELIAL_CELLS_24H_DN","GSE5542_IFNG_VS_IFNA_TREATED_EPITHELIAL_CELLS_24H_DN","76/6767","200/21355",0.0334879965407805,0.0405701697222547,0.0069468185043804
"GSE5542_IFNG_VS_IFNA_TREATED_EPITHELIAL_CELLS_6H_DN","GSE5542_IFNG_VS_IFNA_TREATED_EPITHELIAL_CELLS_6H_DN","76/6767","200/21355",0.0334879965407805,0.0405701697222547,0.0069468185043804
"GSE9316_CD4_TCELL_BALBC_VS_TH17_ENRI_CD4_TCELL_SKG_PMA_IONO_STIM_FR4NEG_UP","GSE9316_CD4_TCELL_BALBC_VS_TH17_ENRI_CD4_TCELL_SKG_PMA_IONO_STIM_FR4NEG_UP","76/6767","200/21355",0.0334879965407805,0.0405701697222547,0.0069468185043804
"GSE21927_BALBC_VS_C57BL6_MONOCYTE_SPLEEN_DN","GSE21927_BALBC_VS_C57BL6_MONOCYTE_SPLEEN_DN","72/6767","189/21355",0.0356150420475795,0.0431266699522768,0.00738456730419941
"GSE26928_EFF_MEMORY_VS_CXCR5_POS_CD4_TCELL_UP","GSE26928_EFF_MEMORY_VS_CXCR5_POS_CD4_TCELL_UP","72/6767","189/21355",0.0356150420475795,0.0431266699522768,0.00738456730419941
"HOFT_CD4_POSITIVE_ALPHA_BETA_MEMORY_T_CELL_BCG_VACCINE_AGE_18_45YO_ID_7DY_TOP_100_DEG_EX_VIVO_DN","HOFT_CD4_POSITIVE_ALPHA_BETA_MEMORY_T_CELL_BCG_VACCINE_AGE_18_45YO_ID_7DY_TOP_100_DEG_EX_VIVO_DN","9/6767","16/21355",0.0364085703346588,0.0440771523272245,0.00754731812815645
"GSE25677_MPL_VS_MPL_AND_R848_STIM_BCELL_DN","GSE25677_MPL_VS_MPL_AND_R848_STIM_BCELL_DN","52/6767","132/21355",0.0364975195221218,0.0441744057105567,0.00756397079704029
"GSE6269_FLU_VS_STREP_PNEUMO_INF_PBMC_DN","GSE6269_FLU_VS_STREP_PNEUMO_INF_PBMC_DN","66/6767","172/21355",0.0367321127029685,0.0444478503252584,0.00761079263984591
"GSE6259_FLT3L_INDUCED_DEC205_POS_DC_VS_BCELL_UP","GSE6259_FLT3L_INDUCED_DEC205_POS_DC_VS_BCELL_UP","59/6767","152/21355",0.0369315172485495,0.0446785957841702,0.00765030311847452
"GSE21033_CTRL_VS_POLYIC_STIM_DC_1H_DN","GSE21033_CTRL_VS_POLYIC_STIM_DC_1H_DN","75/6767","198/21355",0.0370400854892874,0.0447782405808952,0.00766736526838648
"GSE24081_CONTROLLER_VS_PROGRESSOR_HIV_SPECIFIC_CD8_TCELL_UP","GSE24081_CONTROLLER_VS_PROGRESSOR_HIV_SPECIFIC_CD8_TCELL_UP","75/6767","198/21355",0.0370400854892874,0.0447782405808952,0.00766736526838648
"GSE360_CTRL_VS_T_GONDII_DC_DN","GSE360_CTRL_VS_T_GONDII_DC_DN","75/6767","198/21355",0.0370400854892874,0.0447782405808952,0.00766736526838648
"GSE12963_UNINF_VS_ENV_AND_NEF_AND_VPR_DEFICIENT_HIV1_INF_CD4_TCELL_UP","GSE12963_UNINF_VS_ENV_AND_NEF_AND_VPR_DEFICIENT_HIV1_INF_CD4_TCELL_UP","53/6767","135/21355",0.0373383310581311,0.0451281526013763,0.00772728060311207
"GSE13522_CTRL_VS_T_CRUZI_G_STRAIN_INF_SKIN_DN","GSE13522_CTRL_VS_T_CRUZI_G_STRAIN_INF_SKIN_DN","54/6767","138/21355",0.0381589135090401,0.0461090618809447,0.00789524141720466
"GSE40274_CTRL_VS_FOXP3_AND_IRF4_TRANSDUCED_ACTIVATED_CD4_TCELL_DN","GSE40274_CTRL_VS_FOXP3_AND_IRF4_TRANSDUCED_ACTIVATED_CD4_TCELL_DN","63/6767","164/21355",0.039586356967633,0.0478226324630194,0.0081886556156074
"GSE37605_C57BL6_VS_NOD_FOXP3_FUSION_GFP_TCONV_UP","GSE37605_C57BL6_VS_NOD_FOXP3_FUSION_GFP_TCONV_UP","64/6767","167/21355",0.0402111756584894,0.0485660065020201,0.00831594333870936
"GSE18281_CORTEX_VS_MEDULLA_THYMUS_UP","GSE18281_CORTEX_VS_MEDULLA_THYMUS_UP","73/6767","193/21355",0.0404492687179241,0.0488420632870458,0.00836321246268901
"ANDERSON_BLOOD_CN54GP140_ADJUVANTED_WITH_GLA_AF_AGE_18_45YO_6HR_DN","ANDERSON_BLOOD_CN54GP140_ADJUVANTED_WITH_GLA_AF_AGE_18_45YO_6HR_DN","27/6767","63/21355",0.0405301280765877,0.0489281767479786,0.00837795764586127
"GSE18804_SPLEEN_MACROPHAGE_VS_BRAIN_TUMORAL_MACROPHAGE_UP","GSE18804_SPLEEN_MACROPHAGE_VS_BRAIN_TUMORAL_MACROPHAGE_UP","74/6767","196/21355",0.0409321425725494,0.0493553845177471,0.0084511083095277
"GSE20152_HTNFA_OVERXPRESS_ANKLE_VS_CTRL_SPHK1_KO_ANKLE_UP","GSE20152_HTNFA_OVERXPRESS_ANKLE_VS_CTRL_SPHK1_KO_ANKLE_UP","74/6767","196/21355",0.0409321425725494,0.0493553845177471,0.0084511083095277
"GSE2706_R848_VS_R848_AND_LPS_8H_STIM_DC_DN","GSE2706_R848_VS_R848_AND_LPS_8H_STIM_DC_DN","74/6767","196/21355",0.0409321425725494,0.0493553845177471,0.0084511083095277
"GSE29618_PRE_VS_DAY7_FLU_VACCINE_BCELL_DN","GSE29618_PRE_VS_DAY7_FLU_VACCINE_BCELL_DN","74/6767","196/21355",0.0409321425725494,0.0493553845177471,0.0084511083095277
"GSE360_L_MAJOR_VS_M_TUBERCULOSIS_MAC_UP","GSE360_L_MAJOR_VS_M_TUBERCULOSIS_MAC_UP","74/6767","196/21355",0.0409321425725494,0.0493553845177471,0.0084511083095277
"GSE12198_CTRL_VS_HIGH_IL2_STIM_NK_CELL_UP","GSE12198_CTRL_VS_HIGH_IL2_STIM_NK_CELL_UP","75/6767","199/21355",0.0414036209858172,0.0498535379977184,0.00853640698676709
"GSE16450_CTRL_VS_IFNA_6H_STIM_MATURE_NEURON_CELL_LINE_UP","GSE16450_CTRL_VS_IFNA_6H_STIM_MATURE_NEURON_CELL_LINE_UP","75/6767","199/21355",0.0414036209858172,0.0498535379977184,0.00853640698676709
"GSE17721_CTRL_VS_POLYIC_0.5H_BMDC_DN","GSE17721_CTRL_VS_POLYIC_0.5H_BMDC_DN","75/6767","199/21355",0.0414036209858172,0.0498535379977184,0.00853640698676709
"GSE22432_MULTIPOTENT_PROGENITOR_VS_CDC_UP","GSE22432_MULTIPOTENT_PROGENITOR_VS_CDC_UP","75/6767","199/21355",0.0414036209858172,0.0498535379977184,0.00853640698676709
"GSE2770_TGFB_AND_IL4_VS_IL4_TREATED_ACT_CD4_TCELL_2H_UP","GSE2770_TGFB_AND_IL4_VS_IL4_TREATED_ACT_CD4_TCELL_2H_UP","75/6767","199/21355",0.0414036209858172,0.0498535379977184,0.00853640698676709
"GSE32423_IL7_VS_IL7_IL4_MEMORY_CD8_TCELL_DN","GSE32423_IL7_VS_IL7_IL4_MEMORY_CD8_TCELL_DN","75/6767","199/21355",0.0414036209858172,0.0498535379977184,0.00853640698676709
"GSE15624_CTRL_VS_6H_HALOFUGINONE_TREATED_CD4_TCELL_UP","GSE15624_CTRL_VS_6H_HALOFUGINONE_TREATED_CD4_TCELL_UP","52/6767","133/21355",0.0418979699836648,0.0504369316990489,0.00863630132261747
"GSE36891_POLYIC_TLR3_VS_PAM_TLR2_STIM_PERITONEAL_MACROPHAGE_UP","GSE36891_POLYIC_TLR3_VS_PAM_TLR2_STIM_PERITONEAL_MACROPHAGE_UP","59/6767","153/21355",0.0419690264204794,0.0504987557985913,0.008646887445418
"GSE37605_NOD_VS_C57BL6_IRES_GFP_TREG_DN","GSE37605_NOD_VS_C57BL6_IRES_GFP_TREG_DN","59/6767","153/21355",0.0419690264204794,0.0504987557985913,0.008646887445418
"GSE32901_TH1_VS_TH17_ENRICHED_CD4_TCELL_DN","GSE32901_TH1_VS_TH17_ENRICHED_CD4_TCELL_DN","60/6767","156/21355",0.0426748073483708,0.0513359308482161,0.00879023668861697
"GSE37605_C57BL6_VS_NOD_FOXP3_IRES_GFP_TCONV_DN","GSE37605_C57BL6_VS_NOD_FOXP3_IRES_GFP_TCONV_DN","62/6767","162/21355",0.0440329210772821,0.0529572569465694,0.009067855890577
"GSE21927_SPLEEN_VS_TUMOR_MONOCYTE_C57BL6_DN","GSE21927_SPLEEN_VS_TUMOR_MONOCYTE_C57BL6_DN","71/6767","188/21355",0.0441796526603023,0.0531212662264,0.00909593915243707
"GSE14415_NATURAL_TREG_VS_FOXP3_KO_NATURAL_TREG_DN","GSE14415_NATURAL_TREG_VS_FOXP3_KO_NATURAL_TREG_DN","63/6767","165/21355",0.0446859689637486,0.0537048670598076,0.00919586895545349
"GSE9601_UNTREATED_VS_NFKB_INHIBITOR_TREATED_HCMV_INF_MONOCYTE_UP","GSE9601_UNTREATED_VS_NFKB_INHIBITOR_TREATED_HCMV_INF_MONOCYTE_UP","63/6767","165/21355",0.0446859689637486,0.0537048670598076,0.00919586895545349
"GSE15659_NAIVE_CD4_TCELL_VS_RESTING_TREG_UP","GSE15659_NAIVE_CD4_TCELL_VS_RESTING_TREG_UP","73/6767","194/21355",0.0451914665321429,0.0542869374204069,0.0092955366960507
"GSE26928_EFF_MEMORY_VS_CXCR5_POS_CD4_TCELL_DN","GSE26928_EFF_MEMORY_VS_CXCR5_POS_CD4_TCELL_DN","73/6767","194/21355",0.0451914665321429,0.0542869374204069,0.0092955366960507
"ANDERSON_BLOOD_CN54GP140_ADJUVANTED_WITH_GLA_AF_AGE_18_45YO_7DY_UP","ANDERSON_BLOOD_CN54GP140_ADJUVANTED_WITH_GLA_AF_AGE_18_45YO_7DY_UP","19/6767","42/21355",0.0452268212066079,0.054316681266404,0.00930062972625439
"GSE22601_DOUBLE_NEGATIVE_VS_DOUBLE_POSITIVE_THYMOCYTE_UP","GSE22601_DOUBLE_NEGATIVE_VS_DOUBLE_POSITIVE_THYMOCYTE_UP","74/6767","197/21355",0.0456783852220174,0.0548461548087314,0.00939129132877173
"GSE37301_HEMATOPOIETIC_STEM_CELL_VS_PRO_BCELL_DN","GSE37301_HEMATOPOIETIC_STEM_CELL_VS_PRO_BCELL_DN","65/6767","171/21355",0.0459418361655734,0.0551495654462409,0.00944324424505249
"GSE13762_CTRL_VS_125_VITAMIND_DAY12_DC_UP","GSE13762_CTRL_VS_125_VITAMIND_DAY12_DC_UP","57/6767","148/21355",0.0460182456058756,0.0551705312921675,0.00944683422082631
"GSE13229_IMM_VS_MATURE_NKCELL_UP","GSE13229_IMM_VS_MATURE_NKCELL_UP","75/6767","200/21355",0.0461529956528391,0.0551705312921675,0.00944683422082631
"GSE15930_STIM_VS_STIM_AND_IL12_72H_CD8_T_CELL_DN","GSE15930_STIM_VS_STIM_AND_IL12_72H_CD8_T_CELL_DN","75/6767","200/21355",0.0461529956528391,0.0551705312921675,0.00944683422082631
"GSE17721_CTRL_VS_LPS_2H_BMDC_DN","GSE17721_CTRL_VS_LPS_2H_BMDC_DN","75/6767","200/21355",0.0461529956528391,0.0551705312921675,0.00944683422082631
"GSE17721_LPS_VS_PAM3CSK4_2H_BMDC_DN","GSE17721_LPS_VS_PAM3CSK4_2H_BMDC_DN","75/6767","200/21355",0.0461529956528391,0.0551705312921675,0.00944683422082631
"GSE17721_PAM3CSK4_VS_CPG_1H_BMDC_UP","GSE17721_PAM3CSK4_VS_CPG_1H_BMDC_UP","75/6767","200/21355",0.0461529956528391,0.0551705312921675,0.00944683422082631
"GSE17721_PAM3CSK4_VS_GADIQUIMOD_1H_BMDC_UP","GSE17721_PAM3CSK4_VS_GADIQUIMOD_1H_BMDC_UP","75/6767","200/21355",0.0461529956528391,0.0551705312921675,0.00944683422082631
"GSE3203_UNTREATED_VS_IFNB_TREATED_LN_BCELL_DN","GSE3203_UNTREATED_VS_IFNB_TREATED_LN_BCELL_DN","75/6767","200/21355",0.0461529956528391,0.0551705312921675,0.00944683422082631
"GSE32423_MEMORY_VS_NAIVE_CD8_TCELL_UP","GSE32423_MEMORY_VS_NAIVE_CD8_TCELL_UP","75/6767","200/21355",0.0461529956528391,0.0551705312921675,0.00944683422082631
"GSE339_CD4POS_VS_CD4CD8DN_DC_IN_CULTURE_DN","GSE339_CD4POS_VS_CD4CD8DN_DC_IN_CULTURE_DN","75/6767","200/21355",0.0461529956528391,0.0551705312921675,0.00944683422082631
"GSE34156_TLR1_TLR2_LIGAND_VS_NOD2_AND_TLR1_TLR2_LIGAND_6H_TREATED_MONOCYTE_UP","GSE34156_TLR1_TLR2_LIGAND_VS_NOD2_AND_TLR1_TLR2_LIGAND_6H_TREATED_MONOCYTE_UP","75/6767","200/21355",0.0461529956528391,0.0551705312921675,0.00944683422082631
"GSE360_CTRL_VS_B_MALAYI_LOW_DOSE_DC_DN","GSE360_CTRL_VS_B_MALAYI_LOW_DOSE_DC_DN","75/6767","200/21355",0.0461529956528391,0.0551705312921675,0.00944683422082631
"GSE36392_MAC_VS_NEUTROPHIL_IL25_TREATED_LUNG_DN","GSE36392_MAC_VS_NEUTROPHIL_IL25_TREATED_LUNG_DN","75/6767","200/21355",0.0461529956528391,0.0551705312921675,0.00944683422082631
"GSE39152_SPLEEN_CD103_NEG_VS_BRAIN_CD103_POS_MEMORY_CD8_TCELL_DN","GSE39152_SPLEEN_CD103_NEG_VS_BRAIN_CD103_POS_MEMORY_CD8_TCELL_DN","75/6767","200/21355",0.0461529956528391,0.0551705312921675,0.00944683422082631
"GSE41978_WT_VS_ID2_KO_AND_BIM_KO_KLRG1_LOW_EFFECTOR_CD8_TCELL_UP","GSE41978_WT_VS_ID2_KO_AND_BIM_KO_KLRG1_LOW_EFFECTOR_CD8_TCELL_UP","75/6767","200/21355",0.0461529956528391,0.0551705312921675,0.00944683422082631
"GSE43955_1H_VS_10H_ACT_CD4_TCELL_DN","GSE43955_1H_VS_10H_ACT_CD4_TCELL_DN","75/6767","200/21355",0.0461529956528391,0.0551705312921675,0.00944683422082631
"GSE5589_IL6_KO_VS_IL10_KO_LPS_STIM_MACROPHAGE_180MIN_DN","GSE5589_IL6_KO_VS_IL10_KO_LPS_STIM_MACROPHAGE_180MIN_DN","75/6767","200/21355",0.0461529956528391,0.0551705312921675,0.00944683422082631
"GSE9650_NAIVE_VS_EXHAUSTED_CD8_TCELL_DN","GSE9650_NAIVE_VS_EXHAUSTED_CD8_TCELL_DN","75/6767","200/21355",0.0461529956528391,0.0551705312921675,0.00944683422082631
"DHIMAN_PBMC_ATTENUVAX_AGE_15_25YO_SUBQ_7_OR_14DY_DN","DHIMAN_PBMC_ATTENUVAX_AGE_15_25YO_SUBQ_7_OR_14DY_DN","10/6767","19/21355",0.0467595008054466,0.0558825083052505,0.00956874584020181
"GSE6259_DEC205_POS_DC_VS_CD8_TCELL_DN","GSE6259_DEC205_POS_DC_VS_CD8_TCELL_DN","59/6767","154/21355",0.0475152210021755,0.0567724395427997,0.00972112851030047
"GSE3720_LPS_VS_PMA_STIM_VD2_GAMMADELTA_TCELL_UP","GSE3720_LPS_VS_PMA_STIM_VD2_GAMMADELTA_TCELL_UP","53/6767","137/21355",0.0487753595886864,0.0582645080641181,0.00997661497448483
"GSE18791_UNSTIM_VS_NEWCATSLE_VIRUS_DC_18H_DN","GSE18791_UNSTIM_VS_NEWCATSLE_VIRUS_DC_18H_DN","72/6767","192/21355",0.0498468016440381,0.0595305269110141,0.0101933950178694
"GSE22886_CD8_TCELL_VS_BCELL_NAIVE_DN","GSE22886_CD8_TCELL_VS_BCELL_NAIVE_DN","74/6767","198/21355",0.0508334995786467,0.0606665159077564,0.0103879100873741
"GSE3982_EFF_MEMORY_CD4_TCELL_VS_NKCELL_UP","GSE3982_EFF_MEMORY_CD4_TCELL_VS_NKCELL_UP","74/6767","198/21355",0.0508334995786467,0.0606665159077564,0.0103879100873741
"GSE41176_WT_VS_TAK1_KO_ANTI_IGM_STIM_BCELL_1H_UP","GSE41176_WT_VS_TAK1_KO_ANTI_IGM_STIM_BCELL_1H_UP","74/6767","198/21355",0.0508334995786467,0.0606665159077564,0.0103879100873741
"GSE37301_PRO_BCELL_VS_GRANULOCYTE_MONOCYTE_PROGENITOR_UP","GSE37301_PRO_BCELL_VS_GRANULOCYTE_MONOCYTE_PROGENITOR_UP","56/6767","146/21355",0.0512932210329369,0.0612009179045538,0.0104794155877343
"LI_PBMC_MENACTRA_AGE_18_45YO_ANTI_POLYSACCHARIDE_ANTIBODY_CORRELATION_PROFILE_3DY_UP","LI_PBMC_MENACTRA_AGE_18_45YO_ANTI_POLYSACCHARIDE_ANTIBODY_CORRELATION_PROFILE_3DY_UP","15/6767","32/21355",0.0517742474462943,0.0617604854949165,0.0105752301854497
"GSE9946_MATURE_STIMULATORY_VS_PROSTAGLANDINE2_TREATED_MATURE_DC_UP","GSE9946_MATURE_STIMULATORY_VS_PROSTAGLANDINE2_TREATED_MATURE_DC_UP","52/6767","135/21355",0.0544936199022392,0.064989250811533,0.0111280907428821
"GSE5099_MONOCYTE_VS_ALTERNATIVE_M2_MACROPHAGE_DN","GSE5099_MONOCYTE_VS_ALTERNATIVE_M2_MACROPHAGE_DN","71/6767","190/21355",0.0549283019183414,0.0654924195198457,0.0112142481762293
"GSE1112_HY_CD8AB_VS_HY_CD8AA_THYMOCYTE_RTOC_CULTURE_UP","GSE1112_HY_CD8AB_VS_HY_CD8AA_THYMOCYTE_RTOC_CULTURE_UP","72/6767","193/21355",0.0554387220628828,0.0660856377624738,0.0113158247654632
"GSE27291_0H_VS_6H_STIM_GAMMADELTA_TCELL_DN","GSE27291_0H_VS_6H_STIM_GAMMADELTA_TCELL_DN","73/6767","196/21355",0.0559344951599554,0.066645632508736,0.0114117125049605
"GSE28130_ACTIVATED_VS_INDUCEED_TREG_DN","GSE28130_ACTIVATED_VS_INDUCEED_TREG_DN","73/6767","196/21355",0.0559344951599554,0.066645632508736,0.0114117125049605
"GSE17721_CTRL_VS_POLYIC_1H_BMDC_DN","GSE17721_CTRL_VS_POLYIC_1H_BMDC_DN","74/6767","199/21355",0.0564159877056016,0.0671101552126728,0.0114912525940827
"GSE18281_SUBCAPSULAR_VS_PERIMEDULLARY_CORTICAL_REGION_OF_THYMUS_DN","GSE18281_SUBCAPSULAR_VS_PERIMEDULLARY_CORTICAL_REGION_OF_THYMUS_DN","74/6767","199/21355",0.0564159877056016,0.0671101552126728,0.0114912525940827
"GSE21670_STAT3_KO_VS_WT_CD4_TCELL_TGFB_TREATED_DN","GSE21670_STAT3_KO_VS_WT_CD4_TCELL_TGFB_TREATED_DN","74/6767","199/21355",0.0564159877056016,0.0671101552126728,0.0114912525940827
"GSE2770_TGFB_AND_IL4_VS_TGFB_AND_IL12_TREATED_ACT_CD4_TCELL_6H_UP","GSE2770_TGFB_AND_IL4_VS_TGFB_AND_IL12_TREATED_ACT_CD4_TCELL_6H_UP","74/6767","199/21355",0.0564159877056016,0.0671101552126728,0.0114912525940827
"GSE360_DC_VS_MAC_L_MAJOR_DN","GSE360_DC_VS_MAC_L_MAJOR_DN","74/6767","199/21355",0.0564159877056016,0.0671101552126728,0.0114912525940827
"GSE36476_YOUNG_VS_OLD_DONOR_MEMORY_CD4_TCELL_72H_TSST_ACT_UP","GSE36476_YOUNG_VS_OLD_DONOR_MEMORY_CD4_TCELL_72H_TSST_ACT_UP","74/6767","199/21355",0.0564159877056016,0.0671101552126728,0.0114912525940827
"GSE5542_IFNA_VS_IFNA_AND_IFNG_TREATED_EPITHELIAL_CELLS_6H_DN","GSE5542_IFNA_VS_IFNA_AND_IFNG_TREATED_EPITHELIAL_CELLS_6H_DN","74/6767","199/21355",0.0564159877056016,0.0671101552126728,0.0114912525940827
"KENNEDY_PBMC_DRYVAX_AGE_18_40YO_STIMULATED_VS_UNSTIMULATED_1_TO_48MO_TOP_DEG_DN","KENNEDY_PBMC_DRYVAX_AGE_18_40YO_STIMULATED_VS_UNSTIMULATED_1_TO_48MO_TOP_DEG_DN","16/6767","35/21355",0.0573921545437654,0.0682555268721608,0.0116873742542334
"HOEK_NEUTROPHIL_2011_2012_TIV_ADULT_3DY_UP","HOEK_NEUTROPHIL_2011_2012_TIV_ADULT_3DY_UP","6/6767","10/21355",0.0608942302239574,0.0724036916415189,0.0123976633157847
"GSE34156_NOD2_LIGAND_VS_TLR1_TLR2_LIGAND_24H_TREATED_MONOCYTE_UP","GSE34156_NOD2_LIGAND_VS_TLR1_TLR2_LIGAND_24H_TREATED_MONOCYTE_UP","71/6767","191/21355",0.0609847938772008,0.0724945602152581,0.0124132227155565
"GSE12366_PLASMA_CELL_VS_NAIVE_BCELL_UP","GSE12366_PLASMA_CELL_VS_NAIVE_BCELL_UP","72/6767","194/21355",0.0614862827039752,0.0730568184063223,0.0125094980240569
"GSE1791_CTRL_VS_NEUROMEDINU_IN_T_CELL_LINE_0.8H_DN","GSE1791_CTRL_VS_NEUROMEDINU_IN_T_CELL_LINE_0.8H_DN","72/6767","194/21355",0.0614862827039752,0.0730568184063223,0.0125094980240569
"GSE22611_NOD2_TRANSD_VS_CTRL_TRANSD_HEK293_MDP_STIM_6H_UP","GSE22611_NOD2_TRANSD_VS_CTRL_TRANSD_HEK293_MDP_STIM_6H_UP","73/6767","197/21355",0.061972366333096,0.0736173128335921,0.0126054713237896
"GSE37563_WT_VS_CTLA4_KO_CD4_TCELL_D4_POST_IMMUNIZATION_UP","GSE37563_WT_VS_CTLA4_KO_CD4_TCELL_D4_POST_IMMUNIZATION_UP","62/6767","165/21355",0.0623355155229686,0.0739370936409472,0.0126602272995493
"GSE13306_LAMINA_PROPRIA_VS_SPLEEN_TREG_DN","GSE13306_LAMINA_PROPRIA_VS_SPLEEN_TREG_DN","74/6767","200/21355",0.0624434592286525,0.0739370936409472,0.0126602272995493
"GSE13306_TREG_VS_TCONV_SPLEEN_UP","GSE13306_TREG_VS_TCONV_SPLEEN_UP","74/6767","200/21355",0.0624434592286525,0.0739370936409472,0.0126602272995493
"GSE16385_MONOCYTE_VS_12H_IL4_TREATED_MACROPHAGE_UP","GSE16385_MONOCYTE_VS_12H_IL4_TREATED_MACROPHAGE_UP","74/6767","200/21355",0.0624434592286525,0.0739370936409472,0.0126602272995493
"GSE17721_CPG_VS_GARDIQUIMOD_12H_BMDC_UP","GSE17721_CPG_VS_GARDIQUIMOD_12H_BMDC_UP","74/6767","200/21355",0.0624434592286525,0.0739370936409472,0.0126602272995493
"GSE17721_CTRL_VS_LPS_4H_BMDC_DN","GSE17721_CTRL_VS_LPS_4H_BMDC_DN","74/6767","200/21355",0.0624434592286525,0.0739370936409472,0.0126602272995493
"GSE17721_CTRL_VS_PAM3CSK4_2H_BMDC_DN","GSE17721_CTRL_VS_PAM3CSK4_2H_BMDC_DN","74/6767","200/21355",0.0624434592286525,0.0739370936409472,0.0126602272995493
"GSE19772_HCMV_INFL_VS_HCMV_INF_MONOCYTES_AND_PI3K_INHIBITION_UP","GSE19772_HCMV_INFL_VS_HCMV_INF_MONOCYTES_AND_PI3K_INHIBITION_UP","74/6767","200/21355",0.0624434592286525,0.0739370936409472,0.0126602272995493
"GSE20366_TREG_VS_NAIVE_CD4_TCELL_DEC205_CONVERSION_DN","GSE20366_TREG_VS_NAIVE_CD4_TCELL_DEC205_CONVERSION_DN","74/6767","200/21355",0.0624434592286525,0.0739370936409472,0.0126602272995493
"GSE21670_STAT3_KO_VS_WT_CD4_TCELL_IL6_TREATED_DN","GSE21670_STAT3_KO_VS_WT_CD4_TCELL_IL6_TREATED_DN","74/6767","200/21355",0.0624434592286525,0.0739370936409472,0.0126602272995493
"GSE42021_CD24INT_TREG_VS_CD24INT_TCONV_THYMUS_DN","GSE42021_CD24INT_TREG_VS_CD24INT_TCONV_THYMUS_DN","74/6767","200/21355",0.0624434592286525,0.0739370936409472,0.0126602272995493
"GSE43955_TH0_VS_TGFB_IL6_TH17_ACT_CD4_TCELL_10H_DN","GSE43955_TH0_VS_TGFB_IL6_TH17_ACT_CD4_TCELL_10H_DN","74/6767","200/21355",0.0624434592286525,0.0739370936409472,0.0126602272995493
"GSE43955_TH0_VS_TGFB_IL6_TH17_ACT_CD4_TCELL_52H_DN","GSE43955_TH0_VS_TGFB_IL6_TH17_ACT_CD4_TCELL_52H_DN","74/6767","200/21355",0.0624434592286525,0.0739370936409472,0.0126602272995493
"GSE43957_UNTREATED_VS_NACL_TREATED_ANTI_CD3_CD28_STIM_CD4_TCELL_UP","GSE43957_UNTREATED_VS_NACL_TREATED_ANTI_CD3_CD28_STIM_CD4_TCELL_UP","74/6767","200/21355",0.0624434592286525,0.0739370936409472,0.0126602272995493
"GSE25123_IL4_VS_IL4_AND_ROSIGLITAZONE_STIM_PPARG_KO_MACROPHAGE_DAY10_UP","GSE25123_IL4_VS_IL4_AND_ROSIGLITAZONE_STIM_PPARG_KO_MACROPHAGE_DAY10_UP","54/6767","142/21355",0.0635286015498229,0.0752046040512449,0.0128772627429067
"GSE32901_NAIVE_VS_TH17_ENRICHED_CD4_TCELL_UP","GSE32901_NAIVE_VS_TH17_ENRICHED_CD4_TCELL_UP","58/6767","154/21355",0.0667348539938787,0.0789819012988495,0.0135240482652707
"GSE2706_LPS_VS_R848_AND_LPS_8H_STIM_DC_DN","GSE2706_LPS_VS_R848_AND_LPS_8H_STIM_DC_DN","72/6767","195/21355",0.0680069061908102,0.0804688225341066,0.0137786533611417
"GSE1460_CD4_THYMOCYTE_VS_THYMIC_STROMAL_CELL_UP","GSE1460_CD4_THYMOCYTE_VS_THYMIC_STROMAL_CELL_UP","73/6767","198/21355",0.0684774645176946,0.0809135654718185,0.0138548065665767
"GSE22501_PERIPHERAL_BLOOD_VS_CORD_BLOOD_TREG_UP","GSE22501_PERIPHERAL_BLOOD_VS_CORD_BLOOD_TREG_UP","73/6767","198/21355",0.0684774645176946,0.0809135654718185,0.0138548065665767
"GSE36078_UNTREATED_VS_AD5_T425A_HEXON_INF_IL1R_KO_MOUSE_LUNG_DC_DN","GSE36078_UNTREATED_VS_AD5_T425A_HEXON_INF_IL1R_KO_MOUSE_LUNG_DC_DN","73/6767","198/21355",0.0684774645176946,0.0809135654718185,0.0138548065665767
"GSE37301_COMMON_LYMPHOID_PROGENITOR_VS_PRO_BCELL_UP","GSE37301_COMMON_LYMPHOID_PROGENITOR_VS_PRO_BCELL_UP","73/6767","198/21355",0.0684774645176946,0.0809135654718185,0.0138548065665767
"GSE3982_EFF_MEMORY_CD4_TCELL_VS_TH1_UP","GSE3982_EFF_MEMORY_CD4_TCELL_VS_TH1_UP","73/6767","198/21355",0.0684774645176946,0.0809135654718185,0.0138548065665767
"GSE6875_TCONV_VS_TREG_UP","GSE6875_TCONV_VS_TREG_UP","73/6767","198/21355",0.0684774645176946,0.0809135654718185,0.0138548065665767
"GSE13522_CTRL_VS_T_CRUZI_Y_STRAIN_INF_SKIN_IFNG_KO_DN","GSE13522_CTRL_VS_T_CRUZI_Y_STRAIN_INF_SKIN_IFNG_KO_DN","53/6767","140/21355",0.0705855151751981,0.0833852387795486,0.0142780304768652
"GSE40274_FOXP3_VS_FOXP3_AND_HELIOS_TRANSDUCED_ACTIVATED_CD4_TCELL_DN","GSE40274_FOXP3_VS_FOXP3_AND_HELIOS_TRANSDUCED_ACTIVATED_CD4_TCELL_DN","54/6767","143/21355",0.0714466306422411,0.0843830627281203,0.0144488875848711
"GSE25087_FETAL_VS_ADULT_TCONV_DN","GSE25087_FETAL_VS_ADULT_TCONV_DN","69/6767","187/21355",0.073569140076707,0.0868698712973922,0.0148747031016446
"GSE22611_UNSTIM_VS_6H_MDP_STIM_NOD2_TRANSDUCED_HEK293T_CELL_UP","GSE22611_UNSTIM_VS_6H_MDP_STIM_NOD2_TRANSDUCED_HEK293T_CELL_UP","72/6767","196/21355",0.075016693240984,0.0885179715181875,0.0151569068288973
"GSE45365_HEALTHY_VS_MCMV_INFECTION_CD11B_DC_DN","GSE45365_HEALTHY_VS_MCMV_INFECTION_CD11B_DC_DN","72/6767","196/21355",0.075016693240984,0.0885179715181875,0.0151569068288973
"GSE9006_HEALTHY_VS_TYPE_1_DIABETES_PBMC_1MONTH_POST_DX_DN","GSE9006_HEALTHY_VS_TYPE_1_DIABETES_PBMC_1MONTH_POST_DX_DN","72/6767","196/21355",0.075016693240984,0.0885179715181875,0.0151569068288973
"GSE22886_NAIVE_CD8_TCELL_VS_MONOCYTE_UP","GSE22886_NAIVE_CD8_TCELL_VS_MONOCYTE_UP","73/6767","199/21355",0.0754654629881929,0.0888838568206904,0.0152195572641138
"GSE24972_MARGINAL_ZONE_BCELL_VS_FOLLICULAR_BCELL_UP","GSE24972_MARGINAL_ZONE_BCELL_VS_FOLLICULAR_BCELL_UP","73/6767","199/21355",0.0754654629881929,0.0888838568206904,0.0152195572641138
"GSE25123_CTRL_VS_IL4_STIM_PPARG_KO_MACROPHAGE_DN","GSE25123_CTRL_VS_IL4_STIM_PPARG_KO_MACROPHAGE_DN","73/6767","199/21355",0.0754654629881929,0.0888838568206904,0.0152195572641138
"GSE27786_LIN_NEG_VS_ERYTHROBLAST_DN","GSE27786_LIN_NEG_VS_ERYTHROBLAST_DN","73/6767","199/21355",0.0754654629881929,0.0888838568206904,0.0152195572641138
"GSE36527_CD62L_HIGH_VS_CD62L_LOW_TREG_CD69_NEG_KLRG1_NEG_DN","GSE36527_CD62L_HIGH_VS_CD62L_LOW_TREG_CD69_NEG_KLRG1_NEG_DN","73/6767","199/21355",0.0754654629881929,0.0888838568206904,0.0152195572641138
"GSE3982_MEMORY_CD4_TCELL_VS_BCELL_UP","GSE3982_MEMORY_CD4_TCELL_VS_BCELL_UP","73/6767","199/21355",0.0754654629881929,0.0888838568206904,0.0152195572641138
"GSE5455_HEALTHY_VS_TUMOR_BEARING_MOUSE_SPLEEN_MONOCYTE_24H_INCUBATION_UP","GSE5455_HEALTHY_VS_TUMOR_BEARING_MOUSE_SPLEEN_MONOCYTE_24H_INCUBATION_UP","73/6767","199/21355",0.0754654629881929,0.0888838568206904,0.0152195572641138
"GSE7852_TREG_VS_TCONV_LN_DN","GSE7852_TREG_VS_TCONV_LN_DN","73/6767","199/21355",0.0754654629881929,0.0888838568206904,0.0152195572641138
"GSE14413_UNSTIM_VS_IFNB_STIM_NIH3T3_CELLS_UP","GSE14413_UNSTIM_VS_IFNB_STIM_NIH3T3_CELLS_UP","53/6767","141/21355",0.0792083651415973,0.0932708516492809,0.0159707411280836
"HOEK_B_CELL_2011_2012_TIV_ADULT_3DY_UP","HOEK_B_CELL_2011_2012_TIV_ADULT_3DY_UP","17/6767","39/21355",0.0792767894649532,0.0933299884240678,0.0159808671010384
"OVSYANNIKOVA_PBMC_FLUARIX_AGE_55_64YO_RESPONDERS_VS_NONRESPONDERS_0DY_UP","OVSYANNIKOVA_PBMC_FLUARIX_AGE_55_64YO_RESPONDERS_VS_NONRESPONDERS_0DY_UP","14/6767","31/21355",0.0803975506142958,0.0946276955921705,0.0162030731265581
"GSE17974_IL4_AND_ANTI_IL12_VS_UNTREATED_72H_ACT_CD4_TCELL_UP","GSE17974_IL4_AND_ANTI_IL12_VS_UNTREATED_72H_ACT_CD4_TCELL_UP","68/6767","185/21355",0.0806747565766583,0.094932172818115,0.0162552086744701
"GSE37605_TREG_VS_TCONV_NOD_FOXP3_FUSION_GFP_UP","GSE37605_TREG_VS_TCONV_NOD_FOXP3_FUSION_GFP_UP","56/6767","150/21355",0.0816248416619636,0.096022122267268,0.0164418404054698
"GSE22045_TREG_VS_TCONV_DN","GSE22045_TREG_VS_TCONV_DN","70/6767","191/21355",0.0816384690780225,0.096022122267268,0.0164418404054698
"GSE22886_NAIVE_CD4_TCELL_VS_MEMORY_TCELL_UP","GSE22886_NAIVE_CD4_TCELL_VS_MEMORY_TCELL_UP","71/6767","194/21355",0.0820930499687472,0.0965125125406482,0.0165258097910752
"GSE9509_10MIN_VS_30MIN_LPS_STIM_IL10_KO_MACROPHAGE_DN","GSE9509_10MIN_VS_30MIN_LPS_STIM_IL10_KO_MACROPHAGE_DN","71/6767","194/21355",0.0820930499687472,0.0965125125406482,0.0165258097910752
"GSE3720_UNSTIM_VS_LPS_STIM_VD2_GAMMADELTA_TCELL_DN","GSE3720_UNSTIM_VS_LPS_STIM_VD2_GAMMADELTA_TCELL_DN","57/6767","153/21355",0.0823684241995361,0.096814055678822,0.0165774429359814
"GSE3982_BASOPHIL_VS_NKCELL_DN","GSE3982_BASOPHIL_VS_NKCELL_DN","72/6767","197/21355",0.0825302255399271,0.0969597768889107,0.0166023947369143
"GSE42088_2H_VS_24H_LEISHMANIA_INF_DC_DN","GSE42088_2H_VS_24H_LEISHMANIA_INF_DC_DN","72/6767","197/21355",0.0825302255399271,0.0969597768889107,0.0166023947369143
"GSE13229_IMM_VS_INTMATURE_NKCELL_UP","GSE13229_IMM_VS_INTMATURE_NKCELL_UP","73/6767","200/21355",0.0829505517633617,0.0972085666036012,0.0166449949282752
"GSE13306_RA_VS_UNTREATED_TREG_DN","GSE13306_RA_VS_UNTREATED_TREG_DN","73/6767","200/21355",0.0829505517633617,0.0972085666036012,0.0166449949282752
"GSE15659_NAIVE_CD4_TCELL_VS_NONSUPPRESSIVE_TCELL_DN","GSE15659_NAIVE_CD4_TCELL_VS_NONSUPPRESSIVE_TCELL_DN","73/6767","200/21355",0.0829505517633617,0.0972085666036012,0.0166449949282752
"GSE17721_CTRL_VS_POLYIC_24H_BMDC_DN","GSE17721_CTRL_VS_POLYIC_24H_BMDC_DN","73/6767","200/21355",0.0829505517633617,0.0972085666036012,0.0166449949282752
"GSE17721_POLYIC_VS_PAM3CSK4_2H_BMDC_DN","GSE17721_POLYIC_VS_PAM3CSK4_2H_BMDC_DN","73/6767","200/21355",0.0829505517633617,0.0972085666036012,0.0166449949282752
"GSE20715_0H_VS_6H_OZONE_TLR4_KO_LUNG_UP","GSE20715_0H_VS_6H_OZONE_TLR4_KO_LUNG_UP","73/6767","200/21355",0.0829505517633617,0.0972085666036012,0.0166449949282752
"GSE21379_WT_VS_SAP_KO_TFH_CD4_TCELL_UP","GSE21379_WT_VS_SAP_KO_TFH_CD4_TCELL_UP","73/6767","200/21355",0.0829505517633617,0.0972085666036012,0.0166449949282752
"GSE25123_CTRL_VS_ROSIGLITAZONE_STIM_MACROPHAGE_DN","GSE25123_CTRL_VS_ROSIGLITAZONE_STIM_MACROPHAGE_DN","73/6767","200/21355",0.0829505517633617,0.0972085666036012,0.0166449949282752
"GSE34179_THPOK_KO_VS_WT_VA14I_NKTCELL_UP","GSE34179_THPOK_KO_VS_WT_VA14I_NKTCELL_UP","73/6767","200/21355",0.0829505517633617,0.0972085666036012,0.0166449949282752
"GSE41176_UNSTIM_VS_ANTI_IGM_STIM_TAK1_KO_BCELL_1H_DN","GSE41176_UNSTIM_VS_ANTI_IGM_STIM_TAK1_KO_BCELL_1H_DN","73/6767","200/21355",0.0829505517633617,0.0972085666036012,0.0166449949282752
"GSE45365_CTRL_VS_MCMV_INFECTION_NK_CELL_UP","GSE45365_CTRL_VS_MCMV_INFECTION_NK_CELL_UP","73/6767","200/21355",0.0829505517633617,0.0972085666036012,0.0166449949282752
"HARALAMBIEVA_PBMC_M_M_R_II_AGE_13_16YO_STIMULATED_VS_UNSTIMULATED_3_TO_7YR_POST_TOP_DEG_UP","HARALAMBIEVA_PBMC_M_M_R_II_AGE_13_16YO_STIMULATED_VS_UNSTIMULATED_3_TO_7YR_POST_TOP_DEG_UP","18/6767","42/21355",0.08432451865145,0.0987961168020987,0.0169168306926078
"GARCIA_PINERES_PBMC_HPV_16_L1_VLP_AGE_18_25YO_STIMULATED_VS_UNSTIMULATED_0DY_VACCINATION_INDEPENDENT_DN","GARCIA_PINERES_PBMC_HPV_16_L1_VLP_AGE_18_25YO_STIMULATED_VS_UNSTIMULATED_0DY_VACCINATION_INDEPENDENT_DN","51/6767","136/21355",0.0868366111036566,0.101716085247532,0.0174168160505152
"PATEL_SKIN_OF_BODY_ZOSTAVAX_AGE_70_93YO_VZV_CHALLENGE_6HR_DN","PATEL_SKIN_OF_BODY_ZOSTAVAX_AGE_70_93YO_VZV_CHALLENGE_6HR_DN","42/6767","110/21355",0.0875970934288315,0.102583439472275,0.0175653328651981
"GSE13522_CTRL_VS_T_CRUZI_Y_STRAIN_INF_SKIN_BALBC_MOUSE_DN","GSE13522_CTRL_VS_T_CRUZI_Y_STRAIN_INF_SKIN_BALBC_MOUSE_DN","52/6767","139/21355",0.0877094073773787,0.102691512131496,0.0175838381155837
"GSE13887_RESTING_VS_NO_TREATED_CD4_TCELL_DN","GSE13887_RESTING_VS_NO_TREATED_CD4_TCELL_DN","43/6767","113/21355",0.0888450241595195,0.103997360471657,0.0178074381516557
"FULLER_PBMC_F_TULARENSIS_VACCINE_LVS_AGE_22_54YO_192HR_UP","FULLER_PBMC_F_TULARENSIS_VACCINE_LVS_AGE_22_54YO_192HR_UP","19/6767","45/21355",0.0889887812938242,0.104141858409824,0.0178321804920889
"GSE13738_RESTING_VS_TCR_ACTIVATED_CD4_TCELL_UP","GSE13738_RESTING_VS_TCR_ACTIVATED_CD4_TCELL_UP","71/6767","195/21355",0.0901585032609532,0.105486683299614,0.0180624544715547
"GSE22342_CD11C_HIGH_VS_LOW_DECIDUAL_MACROPHAGES_UP","GSE22342_CD11C_HIGH_VS_LOW_DECIDUAL_MACROPHAGES_UP","72/6767","198/21355",0.090560374695489,0.105884387927884,0.0181305533207796
"GSE28783_ANTI_MIR33_VS_CTRL_ATHEROSCLEROSIS_MACROPHAGE_DN","GSE28783_ANTI_MIR33_VS_CTRL_ATHEROSCLEROSIS_MACROPHAGE_DN","72/6767","198/21355",0.090560374695489,0.105884387927884,0.0181305533207796
"GSE3982_EFF_MEMORY_VS_CENT_MEMORY_CD4_TCELL_DN","GSE3982_EFF_MEMORY_VS_CENT_MEMORY_CD4_TCELL_DN","72/6767","198/21355",0.090560374695489,0.105884387927884,0.0181305533207796
"HOWARD_MONOCYTE_INACT_MONOV_INFLUENZA_A_INDONESIA_05_2005_H5N1_AGE_18_49YO_1DY_DN","HOWARD_MONOCYTE_INACT_MONOV_INFLUENZA_A_INDONESIA_05_2005_H5N1_AGE_18_49YO_1DY_DN","16/6767","37/21355",0.0930435511244513,0.10873815514362,0.0186192030611477
"QUEREC_MODEL_PBMC_YF_17D_VACCINE_AGE_18_45_7DY_PREDICTIVE","QUEREC_MODEL_PBMC_YF_17D_VACCINE_AGE_18_45_7DY_PREDICTIVE","16/6767","37/21355",0.0930435511244513,0.10873815514362,0.0186192030611477
"HOWARD_NK_CELL_INACT_MONOV_INFLUENZA_A_INDONESIA_05_2005_H5N1_AGE_18_49YO_1DY_UP","HOWARD_NK_CELL_INACT_MONOV_INFLUENZA_A_INDONESIA_05_2005_H5N1_AGE_18_49YO_1DY_UP","10/6767","21/21355",0.0935152308857303,0.109264491511199,0.0187093274861342
"HOEK_MYELOID_DENDRITIC_CELL_2011_2012_TIV_ADULT_1DY_UP","HOEK_MYELOID_DENDRITIC_CELL_2011_2012_TIV_ADULT_1DY_UP","13/6767","29/21355",0.0953270464056619,0.11135606446157,0.0190674669214476
"GSE13762_CTRL_VS_125_VITAMIND_DAY12_DC_DN","GSE13762_CTRL_VS_125_VITAMIND_DAY12_DC_DN","50/6767","134/21355",0.0961404060085893,0.112280606288391,0.0192257759528027
"GSE21927_GMCSF_IL6_VS_GMCSF_GCSF_TREATED_BONE_MARROW_UP","GSE21927_GMCSF_IL6_VS_GMCSF_GCSF_TREATED_BONE_MARROW_UP","68/6767","187/21355",0.0975739644028989,0.113928880777423,0.0195080095199553
"GSE21033_CTRL_VS_POLYIC_STIM_DC_1H_UP","GSE21033_CTRL_VS_POLYIC_STIM_DC_1H_UP","71/6767","196/21355",0.0987590513522957,0.115286351612755,0.0197404488610427
"GSE17721_LPS_VS_PAM3CSK4_0.5H_BMDC_DN","GSE17721_LPS_VS_PAM3CSK4_0.5H_BMDC_DN","72/6767","199/21355",0.0991181199153732,0.115521391408529,0.0197806946577383
"GSE20366_EX_VIVO_VS_DEC205_CONVERSION_NAIVE_CD4_TCELL_DN","GSE20366_EX_VIVO_VS_DEC205_CONVERSION_NAIVE_CD4_TCELL_DN","72/6767","199/21355",0.0991181199153732,0.115521391408529,0.0197806946577383
"GSE21670_UNTREATED_VS_TGFB_TREATED_STAT3_KO_CD4_TCELL_UP","GSE21670_UNTREATED_VS_TGFB_TREATED_STAT3_KO_CD4_TCELL_UP","72/6767","199/21355",0.0991181199153732,0.115521391408529,0.0197806946577383
"GSE22282_HYPOXIA_VS_NORMOXIA_MYELOID_DC_DN","GSE22282_HYPOXIA_VS_NORMOXIA_MYELOID_DC_DN","72/6767","199/21355",0.0991181199153732,0.115521391408529,0.0197806946577383
"GSE2770_UNTREATED_VS_TGFB_AND_IL12_TREATED_ACT_CD4_TCELL_2H_DN","GSE2770_UNTREATED_VS_TGFB_AND_IL12_TREATED_ACT_CD4_TCELL_2H_DN","72/6767","199/21355",0.0991181199153732,0.115521391408529,0.0197806946577383
"GSE33513_TCF7_KO_VS_HET_EARLY_THYMIC_PROGENITOR_UP","GSE33513_TCF7_KO_VS_HET_EARLY_THYMIC_PROGENITOR_UP","72/6767","199/21355",0.0991181199153732,0.115521391408529,0.0197806946577383
"GSE8515_CTRL_VS_IL1_4H_STIM_MAC_UP","GSE8515_CTRL_VS_IL1_4H_STIM_MAC_UP","72/6767","199/21355",0.0991181199153732,0.115521391408529,0.0197806946577383
"GSE13547_CTRL_VS_ANTI_IGM_STIM_ZFX_KO_BCELL_12H_UP","GSE13547_CTRL_VS_ANTI_IGM_STIM_ZFX_KO_BCELL_12H_UP","56/6767","152/21355",0.100768990301157,0.117418775744098,0.020105583232336
"ERWIN_COHEN_BLOOD_VACCINE_TC_83_AGE_23_48YO_VACCINATED_VS_CONTROL_2DY_DN","ERWIN_COHEN_BLOOD_VACCINE_TC_83_AGE_23_48YO_VACCINATED_VS_CONTROL_2DY_DN","14/6767","32/21355",0.102660119744964,0.119595190623138,0.0204782501267176
"FRANCO_BLOOD_SANOFI_PASTEUR_SA_INACTIVATED_INFLUENZA_VACCINE_CORRELATED_WITH_ANTIBODY_RESPONSE_AGE_18_40YO_14DY_POSITIVE","FRANCO_BLOOD_SANOFI_PASTEUR_SA_INACTIVATED_INFLUENZA_VACCINE_CORRELATED_WITH_ANTIBODY_RESPONSE_AGE_18_40YO_14DY_POSITIVE","11/6767","24/21355",0.104022563576183,0.121154857668126,0.0207453114666866
"GSE6269_HEALTHY_VS_E_COLI_INF_PBMC_DN","GSE6269_HEALTHY_VS_E_COLI_INF_PBMC_DN","63/6767","173/21355",0.104753792222435,0.121978808249926,0.0208863962880598
"GSE13738_RESTING_VS_BYSTANDER_ACTIVATED_CD4_TCELL_UP","GSE13738_RESTING_VS_BYSTANDER_ACTIVATED_CD4_TCELL_UP","70/6767","194/21355",0.107578051777971,0.125210595111386,0.0214397742237475
"GSE24574_BCL6_LOW_TFH_VS_TCONV_CD4_TCELL_UP","GSE24574_BCL6_LOW_TFH_VS_TCONV_CD4_TCELL_UP","70/6767","194/21355",0.107578051777971,0.125210595111386,0.0214397742237475
"GSE18791_CTRL_VS_NEWCASTLE_VIRUS_DC_2H_UP","GSE18791_CTRL_VS_NEWCASTLE_VIRUS_DC_2H_UP","71/6767","197/21355",0.10790386589736,0.125447419604482,0.0214803256136528
"GSE28449_WT_VS_LRF_KO_GERMINAL_CENTER_BCELL_DN","GSE28449_WT_VS_LRF_KO_GERMINAL_CENTER_BCELL_DN","71/6767","197/21355",0.10790386589736,0.125447419604482,0.0214803256136528
"GSE29618_PRE_VS_DAY7_POST_LAIV_FLU_VACCINE_MDC_UP","GSE29618_PRE_VS_DAY7_POST_LAIV_FLU_VACCINE_MDC_UP","71/6767","197/21355",0.10790386589736,0.125447419604482,0.0214803256136528
"GSE360_L_MAJOR_VS_B_MALAYI_LOW_DOSE_MAC_UP","GSE360_L_MAJOR_VS_B_MALAYI_LOW_DOSE_MAC_UP","71/6767","197/21355",0.10790386589736,0.125447419604482,0.0214803256136528
"GSE42021_CD24INT_VS_CD24LOW_TREG_THYMUS_UP","GSE42021_CD24INT_VS_CD24LOW_TREG_THYMUS_UP","71/6767","197/21355",0.10790386589736,0.125447419604482,0.0214803256136528
"GSE5589_WT_VS_IL6_KO_LPS_STIM_MACROPHAGE_180MIN_UP","GSE5589_WT_VS_IL6_KO_LPS_STIM_MACROPHAGE_180MIN_UP","51/6767","138/21355",0.107946300956972,0.125468303107321,0.0214839014898434
"GSE14026_TH1_VS_TH17_UP","GSE14026_TH1_VS_TH17_UP","72/6767","200/21355",0.108212377000879,0.125493068736374,0.0214881421013901
"GSE16385_UNTREATED_VS_12H_ROSIGLITAZONE_IL4_TREATED_MACROPHAGE_DN","GSE16385_UNTREATED_VS_12H_ROSIGLITAZONE_IL4_TREATED_MACROPHAGE_DN","72/6767","200/21355",0.108212377000879,0.125493068736374,0.0214881421013901
"GSE17721_CPG_VS_GARDIQUIMOD_16H_BMDC_UP","GSE17721_CPG_VS_GARDIQUIMOD_16H_BMDC_UP","72/6767","200/21355",0.108212377000879,0.125493068736374,0.0214881421013901
"GSE17721_LPS_VS_GARDIQUIMOD_1H_BMDC_UP","GSE17721_LPS_VS_GARDIQUIMOD_1H_BMDC_UP","72/6767","200/21355",0.108212377000879,0.125493068736374,0.0214881421013901
"GSE28737_WT_VS_BCL6_KO_FOLLICULAR_BCELL_UP","GSE28737_WT_VS_BCL6_KO_FOLLICULAR_BCELL_UP","72/6767","200/21355",0.108212377000879,0.125493068736374,0.0214881421013901
"GSE3039_ALPHAALPHA_VS_ALPHABETA_CD8_TCELL_DN","GSE3039_ALPHAALPHA_VS_ALPHABETA_CD8_TCELL_DN","72/6767","200/21355",0.108212377000879,0.125493068736374,0.0214881421013901
"GSE360_L_DONOVANI_VS_L_MAJOR_DC_UP","GSE360_L_DONOVANI_VS_L_MAJOR_DC_UP","72/6767","200/21355",0.108212377000879,0.125493068736374,0.0214881421013901
"GSE7460_TCONV_VS_TREG_LN_UP","GSE7460_TCONV_VS_TREG_LN_UP","72/6767","200/21355",0.108212377000879,0.125493068736374,0.0214881421013901
"GSE9037_WT_VS_IRAK4_KO_LPS_1H_STIM_BMDM_DN","GSE9037_WT_VS_IRAK4_KO_LPS_1H_STIM_BMDM_DN","72/6767","200/21355",0.108212377000879,0.125493068736374,0.0214881421013901
"GSE9650_EXHAUSTED_VS_MEMORY_CD8_TCELL_UP","GSE9650_EXHAUSTED_VS_MEMORY_CD8_TCELL_UP","72/6767","200/21355",0.108212377000879,0.125493068736374,0.0214881421013901
"GSE37301_PRO_BCELL_VS_CD4_TCELL_DN","GSE37301_PRO_BCELL_VS_CD4_TCELL_DN","60/6767","165/21355",0.113576071182614,0.131683518080792,0.0225481309639126
"GSE25123_ROSIGLITAZONE_VS_IL4_AND_ROSIGLITAZONE_STIM_MACROPHAGE_DAY10_DN","GSE25123_ROSIGLITAZONE_VS_IL4_AND_ROSIGLITAZONE_STIM_MACROPHAGE_DAY10_DN","45/6767","121/21355",0.114697266792596,0.132923346936175,0.0227604265025756
"GSE40274_SATB1_VS_FOXP3_AND_SATB1_TRANSDUCED_ACTIVATED_CD4_TCELL_DN","GSE40274_SATB1_VS_FOXP3_AND_SATB1_TRANSDUCED_ACTIVATED_CD4_TCELL_DN","45/6767","121/21355",0.114697266792596,0.132923346936175,0.0227604265025756
"GSE14413_UNSTIM_VS_IFNB_STIM_L929_CELLS_UP","GSE14413_UNSTIM_VS_IFNB_STIM_L929_CELLS_UP","46/6767","124/21355",0.115643961634103,0.133990190123853,0.0229431017550621
"GSE25088_CTRL_VS_IL4_STIM_STAT6_KO_MACROPHAGE_DN","GSE25088_CTRL_VS_IL4_STIM_STAT6_KO_MACROPHAGE_DN","68/6767","189/21355",0.116746170233224,0.135236695613588,0.0231565405319069
"GSE17186_MEMORY_VS_CD21HIGH_TRANSITIONAL_BCELL_UP","GSE17186_MEMORY_VS_CD21HIGH_TRANSITIONAL_BCELL_UP","71/6767","198/21355",0.117599833419667,0.136133291023398,0.023310064306307
"GSE19401_PAM2CSK4_VS_RETINOIC_ACID_AND_PAM2CSK4_STIM_FOLLICULAR_DC_UP","GSE19401_PAM2CSK4_VS_RETINOIC_ACID_AND_PAM2CSK4_STIM_FOLLICULAR_DC_UP","71/6767","198/21355",0.117599833419667,0.136133291023398,0.023310064306307
"GSE2405_0H_VS_9H_A_PHAGOCYTOPHILUM_STIM_NEUTROPHIL_UP","GSE2405_0H_VS_9H_A_PHAGOCYTOPHILUM_STIM_NEUTROPHIL_UP","71/6767","198/21355",0.117599833419667,0.136133291023398,0.023310064306307
"FRANCO_BLOOD_SANOFI_PASTEUR_SA_INACTIVATED_INFLUENZA_VACCINE_CORRELATED_WITH_ANTIBODY_RESPONSE_AGE_18_40YO_0DY_NEGATIVE","FRANCO_BLOOD_SANOFI_PASTEUR_SA_INACTIVATED_INFLUENZA_VACCINE_CORRELATED_WITH_ANTIBODY_RESPONSE_AGE_18_40YO_0DY_NEGATIVE","7/6767","14/21355",0.119627655260138,0.1384181874337,0.0237013064621161
"HOEK_T_CELL_2011_2012_TIV_ADULT_3DY_DN","HOEK_T_CELL_2011_2012_TIV_ADULT_3DY_DN","7/6767","14/21355",0.119627655260138,0.1384181874337,0.0237013064621161
"SOBOLEV_PBMC_PANDEMRIX_AGE_18_64YO_CORRELATED_WITH_AGE_1DY_POSITIVE","SOBOLEV_PBMC_PANDEMRIX_AGE_18_64YO_CORRELATED_WITH_AGE_1DY_POSITIVE","13/6767","30/21355",0.121210098660197,0.140217548698292,0.0240094105744358
"GSE12963_ENV_NEF_VS_ENV_NEF_AND_VPR_DEFICIENT_HIV1_INF_CD4_TCELL_DN","GSE12963_ENV_NEF_VS_ENV_NEF_AND_VPR_DEFICIENT_HIV1_INF_CD4_TCELL_DN","55/6767","151/21355",0.122184133809787,0.141312441696994,0.0241968887880043
"GSE6259_FLT3L_INDUCED_VS_WT_SPLENIC_DC_33D1_POS_DN","GSE6259_FLT3L_INDUCED_VS_WT_SPLENIC_DC_33D1_POS_DN","59/6767","163/21355",0.124178577025591,0.143586730809699,0.0245863146592938
"FRANCO_BLOOD_SANOFI_PASTEUR_SA_INACTIVATED_INFLUENZA_VACCINE_CORRELATED_WITH_ANTIBODY_RESPONSE_AGE_18_40YO_0DY_POSITIVE","FRANCO_BLOOD_SANOFI_PASTEUR_SA_INACTIVATED_INFLUENZA_VACCINE_CORRELATED_WITH_ANTIBODY_RESPONSE_AGE_18_40YO_0DY_POSITIVE","10/6767","22/21355",0.124490045341236,0.143881979816167,0.0246368700618363
"THAKAR_PBMC_INACTIVATED_INFLUENZA_AGE_21_30YO_VS_70PLS_0DY_UP","THAKAR_PBMC_INACTIVATED_INFLUENZA_AGE_21_30YO_VS_70PLS_0DY_UP","10/6767","22/21355",0.124490045341236,0.143881979816167,0.0246368700618363
"NAKAYA_PBMC_IMUVAC_MALE_AGE_14_27YO_1D_POSTBOOST_VS_0DY_PREIMM_TIV_UP","NAKAYA_PBMC_IMUVAC_MALE_AGE_14_27YO_1D_POSTBOOST_VS_0DY_PREIMM_TIV_UP","18/6767","44/21355",0.125299837515829,0.144785275398616,0.0247915411048721
"GSE13887_HEALTHY_VS_LUPUS_RESTING_CD4_TCELL_UP","GSE13887_HEALTHY_VS_LUPUS_RESTING_CD4_TCELL_UP","43/6767","116/21355",0.12595836220899,0.145513412132828,0.0249162197486534
"GSE17974_0H_VS_0.5H_IN_VITRO_ACT_CD4_TCELL_DN","GSE17974_0H_VS_0.5H_IN_VITRO_ACT_CD4_TCELL_DN","68/6767","190/21355",0.127201752437384,0.146916734567801,0.0251565102459724
"GSE19374_UNINF_VS_LISTERIA_INFECTED_MACROPHAGE_UP","GSE19374_UNINF_VS_LISTERIA_INFECTED_MACROPHAGE_UP","70/6767","196/21355",0.127651858722614,0.147403396322262,0.0252398411983547
"GSE14350_TREG_VS_TEFF_IN_IL2RB_KO_DN","GSE14350_TREG_VS_TEFF_IN_IL2RB_KO_DN","71/6767","199/21355",0.127851408879079,0.147434586892271,0.0252451819506954
"GSE16385_UNTREATED_VS_12H_IL4_TREATED_MACROPHAGE_DN","GSE16385_UNTREATED_VS_12H_IL4_TREATED_MACROPHAGE_DN","71/6767","199/21355",0.127851408879079,0.147434586892271,0.0252451819506954
"GSE22589_HIV_VS_HIV_AND_SIV_INFECTED_DC_UP","GSE22589_HIV_VS_HIV_AND_SIV_INFECTED_DC_UP","71/6767","199/21355",0.127851408879079,0.147434586892271,0.0252451819506954
"GSE28783_ANTI_MIR33_VS_CTRL_ATHEROSCLEROSIS_MACROPHAGE_UP","GSE28783_ANTI_MIR33_VS_CTRL_ATHEROSCLEROSIS_MACROPHAGE_UP","71/6767","199/21355",0.127851408879079,0.147434586892271,0.0252451819506954
"GSE29618_PRE_VS_DAY7_POST_TIV_FLU_VACCINE_MONOCYTE_DN","GSE29618_PRE_VS_DAY7_POST_TIV_FLU_VACCINE_MONOCYTE_DN","71/6767","199/21355",0.127851408879079,0.147434586892271,0.0252451819506954
"GSE39820_IL1B_IL6_VS_IL1B_IL6_IL23A_TREATED_CD4_TCELL_UP","GSE39820_IL1B_IL6_VS_IL1B_IL6_IL23A_TREATED_CD4_TCELL_UP","71/6767","199/21355",0.127851408879079,0.147434586892271,0.0252451819506954
"GSE11884_WT_VS_FURIN_KO_NAIVE_CD4_TCELL_DN","GSE11884_WT_VS_FURIN_KO_NAIVE_CD4_TCELL_DN","47/6767","128/21355",0.129451433216518,0.149246120553426,0.025555370338981
"GSE12003_4D_VS_8D_CULTURE_BM_PROGENITOR_DN","GSE12003_4D_VS_8D_CULTURE_BM_PROGENITOR_DN","50/6767","137/21355",0.131569764163016,0.151654267280526,0.0259677166111215
"GSE36891_UNSTIM_VS_POLYIC_TLR3_STIM_PERITONEAL_MACROPHAGE_UP","GSE36891_UNSTIM_VS_POLYIC_TLR3_STIM_PERITONEAL_MACROPHAGE_UP","54/6767","149/21355",0.133843896200374,0.154240875661793,0.026410620821027
"GSE12484_HEALTHY_VS_PERIDONTITIS_NEUTROPHILS_DN","GSE12484_HEALTHY_VS_PERIDONTITIS_NEUTROPHILS_DN","55/6767","152/21355",0.134326740953855,0.154762517049532,0.0264999413259646
"GSE25147_UNSTIM_VS_HELIOBACTER_PYLORI_LPS_STIM_MKN45_CELL_UP","GSE25147_UNSTIM_VS_HELIOBACTER_PYLORI_LPS_STIM_MKN45_CELL_UP","61/6767","170/21355",0.136621060574052,0.157370518437017,0.026946508654178
"GSE23321_CENTRAL_MEMORY_VS_NAIVE_CD8_TCELL_DN","GSE23321_CENTRAL_MEMORY_VS_NAIVE_CD8_TCELL_DN","70/6767","197/21355",0.138536579177478,0.159254552919269,0.0272691113372281
"GSE24972_WT_VS_IRF8_KO_SPLEEN_FOLLICULAR_BCELL_UP","GSE24972_WT_VS_IRF8_KO_SPLEEN_FOLLICULAR_BCELL_UP","70/6767","197/21355",0.138536579177478,0.159254552919269,0.0272691113372281
"GSE26290_CTRL_VS_AKT_INHIBITOR_TREATED_ANTI_CD3_AND_IL2_STIM_CD8_TCELL_UP","GSE26290_CTRL_VS_AKT_INHIBITOR_TREATED_ANTI_CD3_AND_IL2_STIM_CD8_TCELL_UP","70/6767","197/21355",0.138536579177478,0.159254552919269,0.0272691113372281
"GSE360_CTRL_VS_L_MAJOR_MAC_DN","GSE360_CTRL_VS_L_MAJOR_MAC_DN","70/6767","197/21355",0.138536579177478,0.159254552919269,0.0272691113372281
"GSE4984_LPS_VS_VEHICLE_CTRL_TREATED_DC_UP","GSE4984_LPS_VS_VEHICLE_CTRL_TREATED_DC_UP","70/6767","197/21355",0.138536579177478,0.159254552919269,0.0272691113372281
"GSE12392_WT_VS_IFNB_KO_CD8A_POS_SPLEEN_DC_DN","GSE12392_WT_VS_IFNB_KO_CD8A_POS_SPLEEN_DC_DN","71/6767","200/21355",0.138660488439948,0.159254552919269,0.0272691113372281
"GSE19888_ADENOSINE_A3R_INH_VS_TCELL_MEMBRANES_ACT_MAST_CELL_DN","GSE19888_ADENOSINE_A3R_INH_VS_TCELL_MEMBRANES_ACT_MAST_CELL_DN","71/6767","200/21355",0.138660488439948,0.159254552919269,0.0272691113372281
"GSE22935_WT_VS_MYD88_KO_MACROPHAGE_DN","GSE22935_WT_VS_MYD88_KO_MACROPHAGE_DN","71/6767","200/21355",0.138660488439948,0.159254552919269,0.0272691113372281
"GSE2585_CD80_HIGH_VS_LOW_AIRE_KO_MTEC_UP","GSE2585_CD80_HIGH_VS_LOW_AIRE_KO_MTEC_UP","71/6767","200/21355",0.138660488439948,0.159254552919269,0.0272691113372281
"GSE29618_LAIV_VS_TIV_FLU_VACCINE_DAY7_PDC_DN","GSE29618_LAIV_VS_TIV_FLU_VACCINE_DAY7_PDC_DN","71/6767","200/21355",0.138660488439948,0.159254552919269,0.0272691113372281
"GSE36078_WT_VS_IL1R_KO_LUNG_DC_UP","GSE36078_WT_VS_IL1R_KO_LUNG_DC_UP","71/6767","200/21355",0.138660488439948,0.159254552919269,0.0272691113372281
"GSE43955_TH0_VS_TGFB_IL6_TH17_ACT_CD4_TCELL_1H_DN","GSE43955_TH0_VS_TGFB_IL6_TH17_ACT_CD4_TCELL_1H_DN","71/6767","200/21355",0.138660488439948,0.159254552919269,0.0272691113372281
"GSE8921_UNSTIM_0H_VS_TLR1_2_STIM_MONOCYTE_3H_UP","GSE8921_UNSTIM_0H_VS_TLR1_2_STIM_MONOCYTE_3H_UP","71/6767","200/21355",0.138660488439948,0.159254552919269,0.0272691113372281
"GSE38696_LIGHT_ZONE_VS_DARK_ZONE_BCELL_DN","GSE38696_LIGHT_ZONE_VS_DARK_ZONE_BCELL_DN","50/6767","138/21355",0.144992186439177,0.166489348235982,0.0285079232605112
"GSE14415_INDUCED_TREG_VS_FOXP3_KO_INDUCED_TREG_IL2_CULTURE_DN","GSE14415_INDUCED_TREG_VS_FOXP3_KO_INDUCED_TREG_IL2_CULTURE_DN","52/6767","144/21355",0.145975877425047,0.167581353237397,0.028694906963134
"GSE37534_PIOGLITAZONE_VS_ROSIGLITAZONE_TREATED_CD4_TCELL_PPARG1_FOXP3_TRANSDUCED_DN","GSE37534_PIOGLITAZONE_VS_ROSIGLITAZONE_TREATED_CD4_TCELL_PPARG1_FOXP3_TRANSDUCED_DN","59/6767","165/21355",0.148422514747252,0.17035196622099,0.0291693182282253
"GSE15659_NAIVE_CD4_TCELL_VS_RESTING_TREG_DN","GSE15659_NAIVE_CD4_TCELL_VS_RESTING_TREG_DN","70/6767","198/21355",0.149986362013782,0.1719159575329,0.0294371200111768
"GSE22025_UNTREATED_VS_PROGESTERONE_TREATED_CD4_TCELL_UP","GSE22025_UNTREATED_VS_PROGESTERONE_TREATED_CD4_TCELL_UP","70/6767","198/21355",0.149986362013782,0.1719159575329,0.0294371200111768
"GSE360_L_MAJOR_VS_T_GONDII_DC_DN","GSE360_L_MAJOR_VS_T_GONDII_DC_DN","70/6767","198/21355",0.149986362013782,0.1719159575329,0.0294371200111768
"GSE3982_NKCELL_VS_TH2_UP","GSE3982_NKCELL_VS_TH2_UP","70/6767","198/21355",0.149986362013782,0.1719159575329,0.0294371200111768
"GSE41176_WT_VS_TAK1_KO_ANTI_IGM_STIM_BCELL_3H_UP","GSE41176_WT_VS_TAK1_KO_ANTI_IGM_STIM_BCELL_3H_UP","70/6767","198/21355",0.149986362013782,0.1719159575329,0.0294371200111768
"GSE46606_UNSTIM_VS_CD40L_IL2_IL5_1DAY_STIMULATED_IRF4HIGH_SORTED_BCELL_UP","GSE46606_UNSTIM_VS_CD40L_IL2_IL5_1DAY_STIMULATED_IRF4HIGH_SORTED_BCELL_UP","70/6767","198/21355",0.149986362013782,0.1719159575329,0.0294371200111768
"GSE37532_VISCERAL_ADIPOSE_TISSUE_VS_LN_DERIVED_PPARG_KO_TCONV_CD4_TCELL_DN","GSE37532_VISCERAL_ADIPOSE_TISSUE_VS_LN_DERIVED_PPARG_KO_TCONV_CD4_TCELL_DN","38/6767","103/21355",0.151151992516577,0.173213291379636,0.0296592621129863
"GSE32901_NAIVE_VS_TH1_CD4_TCELL_UP","GSE32901_NAIVE_VS_TH1_CD4_TCELL_UP","47/6767","130/21355",0.157854399806928,0.180853521298351,0.0309674964866752
"GSE14769_UNSTIM_VS_40MIN_LPS_BMDM_UP","GSE14769_UNSTIM_VS_40MIN_LPS_BMDM_UP","70/6767","199/21355",0.161997576893078,0.185177771756854,0.0317079366501835
"GSE17721_LPS_VS_POLYIC_0.5H_BMDC_DN","GSE17721_LPS_VS_POLYIC_0.5H_BMDC_DN","70/6767","199/21355",0.161997576893078,0.185177771756854,0.0317079366501835
"GSE19941_UNSTIM_VS_LPS_STIM_IL10_KO_NFKBP50_KO_MACROPHAGE_DN","GSE19941_UNSTIM_VS_LPS_STIM_IL10_KO_NFKBP50_KO_MACROPHAGE_DN","70/6767","199/21355",0.161997576893078,0.185177771756854,0.0317079366501835
"GSE28237_FOLLICULAR_VS_LATE_GC_BCELL_UP","GSE28237_FOLLICULAR_VS_LATE_GC_BCELL_UP","70/6767","199/21355",0.161997576893078,0.185177771756854,0.0317079366501835
"GSE369_SOCS3_KO_VS_IFNG_KO_LIVER_UP","GSE369_SOCS3_KO_VS_IFNG_KO_LIVER_UP","70/6767","199/21355",0.161997576893078,0.185177771756854,0.0317079366501835
"GSE5589_WT_VS_IL6_KO_LPS_AND_IL6_STIM_MACROPHAGE_45MIN_UP","GSE5589_WT_VS_IL6_KO_LPS_AND_IL6_STIM_MACROPHAGE_45MIN_UP","70/6767","199/21355",0.161997576893078,0.185177771756854,0.0317079366501835
"GSE7460_CTRL_VS_FOXP3_OVEREXPR_TCONV_1_UP","GSE7460_CTRL_VS_FOXP3_OVEREXPR_TCONV_1_UP","70/6767","199/21355",0.161997576893078,0.185177771756854,0.0317079366501835
"GSE18791_CTRL_VS_NEWCASTLE_VIRUS_DC_8H_DN","GSE18791_CTRL_VS_NEWCASTLE_VIRUS_DC_8H_DN","69/6767","196/21355",0.162036719890795,0.185177771756854,0.0317079366501835
"GSE2585_CD80_HIGH_VS_LOW_MTEC_DN","GSE2585_CD80_HIGH_VS_LOW_MTEC_DN","69/6767","196/21355",0.162036719890795,0.185177771756854,0.0317079366501835
"GSE36476_YOUNG_VS_OLD_DONOR_MEMORY_CD4_TCELL_16H_TSST_ACT_UP","GSE36476_YOUNG_VS_OLD_DONOR_MEMORY_CD4_TCELL_16H_TSST_ACT_UP","69/6767","196/21355",0.162036719890795,0.185177771756854,0.0317079366501835
"GSE3982_MAC_VS_EFF_MEMORY_CD4_TCELL_DN","GSE3982_MAC_VS_EFF_MEMORY_CD4_TCELL_DN","69/6767","196/21355",0.162036719890795,0.185177771756854,0.0317079366501835
"GSE15659_NAIVE_VS_PTPRC_NEG_CD4_TCELL_UP","GSE15659_NAIVE_VS_PTPRC_NEG_CD4_TCELL_UP","68/6767","193/21355",0.162062153671349,0.185177771756854,0.0317079366501835
"HARALAMBIEVA_PBMC_TIV_AGE_50_74YO_CORRELATED_WITH_MEMORY_B_CELL_RESPONSE_3DY_NEGATIVE","HARALAMBIEVA_PBMC_TIV_AGE_50_74YO_CORRELATED_WITH_MEMORY_B_CELL_RESPONSE_3DY_NEGATIVE","7/6767","15/21355",0.165310688135957,0.188847570871892,0.0323363152981959
"ANDERSON_BLOOD_CN54GP140_ADJUVANTED_WITH_GLA_AF_AGE_18_45YO_3DY_UP","ANDERSON_BLOOD_CN54GP140_ADJUVANTED_WITH_GLA_AF_AGE_18_45YO_3DY_UP","16/6767","40/21355",0.167805559017773,0.191654956801987,0.0328170231843506
"GSE12963_ENV_NEF_VS_ENV_NEF_AND_VPR_DEFICIENT_HIV1_INF_CD4_TCELL_UP","GSE12963_ENV_NEF_VS_ENV_NEF_AND_VPR_DEFICIENT_HIV1_INF_CD4_TCELL_UP","48/6767","134/21355",0.17366327543268,0.198301027426136,0.0339550279476861
"GSE21063_CTRL_VS_ANTI_IGM_STIM_BCELL_16H_DN","GSE21063_CTRL_VS_ANTI_IGM_STIM_BCELL_16H_DN","70/6767","200/21355",0.174563701444763,0.199151779552137,0.0341007019897718
"GSE22935_UNSTIM_VS_48H_MBOVIS_BCG_STIM_MYD88_KO_MACROPHAGE_UP","GSE22935_UNSTIM_VS_48H_MBOVIS_BCG_STIM_MYD88_KO_MACROPHAGE_UP","70/6767","200/21355",0.174563701444763,0.199151779552137,0.0341007019897718
"GSE24142_EARLY_THYMIC_PROGENITOR_VS_DN2_THYMOCYTE_FETAL_DN","GSE24142_EARLY_THYMIC_PROGENITOR_VS_DN2_THYMOCYTE_FETAL_DN","70/6767","200/21355",0.174563701444763,0.199151779552137,0.0341007019897718
"GSE41978_WT_VS_BIM_KO_KLRG1_LOW_EFFECTOR_CD8_TCELL_DN","GSE41978_WT_VS_BIM_KO_KLRG1_LOW_EFFECTOR_CD8_TCELL_DN","70/6767","200/21355",0.174563701444763,0.199151779552137,0.0341007019897718
"GSE22886_NAIVE_CD4_TCELL_VS_MONOCYTE_UP","GSE22886_NAIVE_CD4_TCELL_VS_MONOCYTE_UP","69/6767","197/21355",0.174704764494067,0.19922404972444,0.0341130767906097
"GSE2770_IL12_VS_TGFB_AND_IL12_TREATED_ACT_CD4_TCELL_6H_UP","GSE2770_IL12_VS_TGFB_AND_IL12_TREATED_ACT_CD4_TCELL_6H_UP","69/6767","197/21355",0.174704764494067,0.19922404972444,0.0341130767906097
"GSE13485_PRE_VS_POST_YF17D_VACCINATION_PBMC_UP","GSE13485_PRE_VS_POST_YF17D_VACCINATION_PBMC_UP","67/6767","191/21355",0.174950497055712,0.199459906249641,0.0341534624356504
"VAN_DEN_BIGGELAAR_PBMC_PREVNAR_9MO_INFANT_STIMULATED_VS_UNSTIMULATED_8MO_UP","VAN_DEN_BIGGELAAR_PBMC_PREVNAR_9MO_INFANT_STIMULATED_VS_UNSTIMULATED_8MO_UP","30/6767","81/21355",0.178935593572013,0.203957934247157,0.0349236584772317
"ERWIN_COHEN_PBMC_TC_83_AGE_18_45YO_NON_RESPONDERS_PREVIOUSLY_IMMUNIZED_24HR_DEG_CANONICAL_PATHWAY_MEMBERS_UP","ERWIN_COHEN_PBMC_TC_83_AGE_18_45YO_NON_RESPONDERS_PREVIOUSLY_IMMUNIZED_24HR_DEG_CANONICAL_PATHWAY_MEMBERS_UP","8/6767","18/21355",0.17984603777061,0.204904585699981,0.0350857533334944
"OVSYANNIKOVA_PBMC_FLUARIX_AGE_50_74YO_COMMON_WITH_BOTH_HAI_AND_VNA_28DY_VS_3DY_USED_IN_HAI_AND_VNA_RESPONSE_MODELS_DN","OVSYANNIKOVA_PBMC_FLUARIX_AGE_50_74YO_COMMON_WITH_BOTH_HAI_AND_VNA_28DY_VS_3DY_USED_IN_HAI_AND_VNA_RESPONSE_MODELS_DN","8/6767","18/21355",0.17984603777061,0.204904585699981,0.0350857533334944
"HARALAMBIEVA_PBMC_FLUARIX_AGE_50_74YO_CORR_WITH_28D_MEM_B_CELL_RESPONSE_AT_28DY_LATE_GENE_EXPR_INDIVID_GENE_MODELS_PRED_PEAK_B_CELL_ELISPOT_RESP_NEGATIVE","HARALAMBIEVA_PBMC_FLUARIX_AGE_50_74YO_CORR_WITH_28D_MEM_B_CELL_RESPONSE_AT_28DY_LATE_GENE_EXPR_INDIVID_GENE_MODELS_PRED_PEAK_B_CELL_ELISPOT_RESP_NEGATIVE","5/6767","10/21355",0.18066203032715,0.20574283196075,0.0352292859998697
"MATSUMIYA_PBMC_MODIFIED_VACCINIA_ANKARA_VACCINE_AGE_4_6MO_BCG_PRIMED_28DY_UP","MATSUMIYA_PBMC_MODIFIED_VACCINIA_ANKARA_VACCINE_AGE_4_6MO_BCG_PRIMED_28DY_UP","5/6767","10/21355",0.18066203032715,0.20574283196075,0.0352292859998697
"FULLER_PBMC_F_TULARENSIS_VACCINE_LVS_AGE_22_54YO_336HR_DN","FULLER_PBMC_F_TULARENSIS_VACCINE_LVS_AGE_22_54YO_336HR_DN","13/6767","32/21355",0.183545522792535,0.208980212160188,0.0357836216812124
"GSE360_DC_VS_MAC_T_GONDII_UP","GSE360_DC_VS_MAC_T_GONDII_UP","69/6767","198/21355",0.187926235588173,0.213920472882008,0.0366295411051081
"GSE15659_CD45RA_NEG_CD4_TCELL_VS_RESTING_TREG_UP","GSE15659_CD45RA_NEG_CD4_TCELL_VS_RESTING_TREG_UP","68/6767","195/21355",0.188167275424031,0.214052278921457,0.0366521102153708
"GSE26928_NAIVE_VS_CXCR5_POS_CD4_TCELL_UP","GSE26928_NAIVE_VS_CXCR5_POS_CD4_TCELL_UP","68/6767","195/21355",0.188167275424031,0.214052278921457,0.0366521102153708
"GSE45365_CD8A_DC_VS_CD11B_DC_IFNAR_KO_UP","GSE45365_CD8A_DC_VS_CD11B_DC_IFNAR_KO_UP","68/6767","195/21355",0.188167275424031,0.214052278921457,0.0366521102153708
"FULLER_PBMC_F_TULARENSIS_VACCINE_LVS_AGE_22_54YO_18HR_DN","FULLER_PBMC_F_TULARENSIS_VACCINE_LVS_AGE_22_54YO_18HR_DN","9/6767","21/21355",0.191298109191996,0.21751727785038,0.0372454209863606
"GARCIA_PINERES_PBMC_HPV_16_L1_VLP_AGE_18_25YO_12MO_CORRELATED_WITH_ANTIBODY_RESPONSE_POSITIVE","GARCIA_PINERES_PBMC_HPV_16_L1_VLP_AGE_18_25YO_12MO_CORRELATED_WITH_ANTIBODY_RESPONSE_POSITIVE","9/6767","21/21355",0.191298109191996,0.21751727785038,0.0372454209863606
"GSE29949_MICROGLIA_VS_DC_BRAIN_DN","GSE29949_MICROGLIA_VS_DC_BRAIN_DN","69/6767","199/21355",0.201688369818647,0.229229942819819,0.0392509772436387
"GSE5589_WT_VS_IL10_KO_LPS_AND_IL6_STIM_MACROPHAGE_45MIN_UP","GSE5589_WT_VS_IL10_KO_LPS_AND_IL6_STIM_MACROPHAGE_45MIN_UP","69/6767","199/21355",0.201688369818647,0.229229942819819,0.0392509772436387
"GARCIA_PINERES_PBMC_HPV_16_L1_VLP_AGE_18_25YO_7MO_CORRELATED_WITH_ANTIBODY_RESPONSE_NEGATIVE","GARCIA_PINERES_PBMC_HPV_16_L1_VLP_AGE_18_25YO_7MO_CORRELATED_WITH_ANTIBODY_RESPONSE_NEGATIVE","6/6767","13/21355",0.202026421681239,0.229538201895147,0.0393037603565341
"GSE22886_CD4_TCELL_VS_BCELL_NAIVE_DN","GSE22886_CD4_TCELL_VS_BCELL_NAIVE_DN","68/6767","196/21355",0.202049133051063,0.229538201895147,0.0393037603565341
"GSE18791_UNSTIM_VS_NEWCATSLE_VIRUS_DC_1H_DN","GSE18791_UNSTIM_VS_NEWCATSLE_VIRUS_DC_1H_DN","67/6767","193/21355",0.2024017928999,0.229786092160715,0.0393462065354801
"GSE25088_CTRL_VS_ROSIGLITAZONE_STIM_STAT6_KO_MACROPHAGE_UP","GSE25088_CTRL_VS_ROSIGLITAZONE_STIM_STAT6_KO_MACROPHAGE_UP","67/6767","193/21355",0.2024017928999,0.229786092160715,0.0393462065354801
"GSE46242_TH1_VS_ANERGIC_TH1_CD4_TCELL_DN","GSE46242_TH1_VS_ANERGIC_TH1_CD4_TCELL_DN","67/6767","193/21355",0.2024017928999,0.229786092160715,0.0393462065354801
"GSE4590_PRE_BCELL_VS_VPREB_POS_LARGE_PRE_BCELL_UP","GSE4590_PRE_BCELL_VS_VPREB_POS_LARGE_PRE_BCELL_UP","55/6767","157/21355",0.205791096322597,0.233582233970767,0.0399962188068574
"GSE11961_FOLLICULAR_BCELL_VS_MARGINAL_ZONE_BCELL_DN","GSE11961_FOLLICULAR_BCELL_VS_MARGINAL_ZONE_BCELL_DN","69/6767","200/21355",0.215975408885806,0.244492365060174,0.0418643574184523
"GSE13306_RA_VS_UNTREATED_TCONV_DN","GSE13306_RA_VS_UNTREATED_TCONV_DN","69/6767","200/21355",0.215975408885806,0.244492365060174,0.0418643574184523
"GSE13306_TREG_RA_VS_TCONV_RA_DN","GSE13306_TREG_RA_VS_TCONV_RA_DN","69/6767","200/21355",0.215975408885806,0.244492365060174,0.0418643574184523
"GSE16385_UNTREATED_VS_12H_ROSIGLITAZONE_IFNG_TNF_TREATED_MACROPHAGE_UP","GSE16385_UNTREATED_VS_12H_ROSIGLITAZONE_IFNG_TNF_TREATED_MACROPHAGE_UP","69/6767","200/21355",0.215975408885806,0.244492365060174,0.0418643574184523
"GSE17721_PAM3CSK4_VS_GADIQUIMOD_2H_BMDC_UP","GSE17721_PAM3CSK4_VS_GADIQUIMOD_2H_BMDC_UP","69/6767","200/21355",0.215975408885806,0.244492365060174,0.0418643574184523
"GSE17721_POLYIC_VS_PAM3CSK4_0.5H_BMDC_UP","GSE17721_POLYIC_VS_PAM3CSK4_0.5H_BMDC_UP","69/6767","200/21355",0.215975408885806,0.244492365060174,0.0418643574184523
"GSE20366_TREG_VS_TCONV_UP","GSE20366_TREG_VS_TCONV_UP","69/6767","200/21355",0.215975408885806,0.244492365060174,0.0418643574184523
"GSE21063_3H_VS_16H_ANTI_IGM_STIM_BCELL_UP","GSE21063_3H_VS_16H_ANTI_IGM_STIM_BCELL_UP","69/6767","200/21355",0.215975408885806,0.244492365060174,0.0418643574184523
"GSE27786_CD4_TCELL_VS_ERYTHTROBLAST_DN","GSE27786_CD4_TCELL_VS_ERYTHTROBLAST_DN","69/6767","200/21355",0.215975408885806,0.244492365060174,0.0418643574184523
"GSE3203_WT_VS_IFNAR1_KO_INFLUENZA_INFECTED_LN_BCELL_DN","GSE3203_WT_VS_IFNAR1_KO_INFLUENZA_INFECTED_LN_BCELL_DN","69/6767","200/21355",0.215975408885806,0.244492365060174,0.0418643574184523
"GSE360_L_DONOVANI_VS_T_GONDII_DC_UP","GSE360_L_DONOVANI_VS_T_GONDII_DC_UP","69/6767","200/21355",0.215975408885806,0.244492365060174,0.0418643574184523
"GSE41978_ID2_KO_VS_ID2_KO_AND_BIM_KO_KLRG1_LOW_EFFECTOR_CD8_TCELL_UP","GSE41978_ID2_KO_VS_ID2_KO_AND_BIM_KO_KLRG1_LOW_EFFECTOR_CD8_TCELL_UP","69/6767","200/21355",0.215975408885806,0.244492365060174,0.0418643574184523
"GSE22886_TH1_VS_TH2_12H_ACT_DN","GSE22886_TH1_VS_TH2_12H_ACT_DN","68/6767","197/21355",0.216463218802037,0.244936420833822,0.041940392960982
"GSE360_L_MAJOR_VS_T_GONDII_MAC_UP","GSE360_L_MAJOR_VS_T_GONDII_MAC_UP","68/6767","197/21355",0.216463218802037,0.244936420833822,0.041940392960982
"GSE18804_BRAIN_VS_COLON_TUMORAL_MACROPHAGE_UP","GSE18804_BRAIN_VS_COLON_TUMORAL_MACROPHAGE_UP","67/6767","194/21355",0.2169454872462,0.245319698524761,0.0420060214898731
"GSE21927_SPLENIC_VS_TUMOR_MONOCYTES_FROM_C26GM_TUMOROUS_MICE_BALBC_UP","GSE21927_SPLENIC_VS_TUMOR_MONOCYTES_FROM_C26GM_TUMOROUS_MICE_BALBC_UP","67/6767","194/21355",0.2169454872462,0.245319698524761,0.0420060214898731
"GSE34156_UNTREATED_VS_24H_TLR1_TLR2_LIGAND_TREATED_MONOCYTE_UP","GSE34156_UNTREATED_VS_24H_TLR1_TLR2_LIGAND_TREATED_MONOCYTE_UP","67/6767","194/21355",0.2169454872462,0.245319698524761,0.0420060214898731
"GSE14000_TRANSLATED_RNA_VS_MRNA_16H_LPS_DC_UP","GSE14000_TRANSLATED_RNA_VS_MRNA_16H_LPS_DC_UP","65/6767","188/21355",0.217891802313386,0.24633545103875,0.0421799485009839
"SOBOLEV_PBMC_PANDEMRIX_AGE_18_64YO_7DY_DN","SOBOLEV_PBMC_PANDEMRIX_AGE_18_64YO_7DY_DN","13/6767","33/21355",0.219467889910204,0.2480625819157,0.0424756846247819
"GSE5589_WT_VS_IL10_KO_LPS_STIM_MACROPHAGE_180MIN_DN","GSE5589_WT_VS_IL10_KO_LPS_STIM_MACROPHAGE_180MIN_DN","54/6767","155/21355",0.222490938895263,0.251424078403353,0.0430512727024928
"GSE12505_WT_VS_E2_2_HET_PDC_UP","GSE12505_WT_VS_E2_2_HET_PDC_UP","46/6767","131/21355",0.224787384767323,0.25396318239358,0.0434860427491701
"GSE32901_NAIVE_VS_TH17_NEG_CD4_TCELL_DN","GSE32901_NAIVE_VS_TH17_NEG_CD4_TCELL_DN","44/6767","125/21355",0.225142841557213,0.254308735109898,0.0435452116414966
"GSE15659_NAIVE_CD4_TCELL_VS_ACTIVATED_TREG_DN","GSE15659_NAIVE_CD4_TCELL_VS_ACTIVATED_TREG_DN","68/6767","198/21355",0.231390256175444,0.261135338633392,0.0447141290013138
"GSE22886_TH1_VS_TH2_48H_ACT_UP","GSE22886_TH1_VS_TH2_48H_ACT_UP","68/6767","198/21355",0.231390256175444,0.261135338633392,0.0447141290013138
"GSE360_T_GONDII_VS_B_MALAYI_HIGH_DOSE_DC_UP","GSE360_T_GONDII_VS_B_MALAYI_HIGH_DOSE_DC_UP","68/6767","198/21355",0.231390256175444,0.261135338633392,0.0447141290013138
"GSE43863_DAY6_EFF_VS_DAY150_MEM_TFH_CD4_TCELL_DN","GSE43863_DAY6_EFF_VS_DAY150_MEM_TFH_CD4_TCELL_DN","68/6767","198/21355",0.231390256175444,0.261135338633392,0.0447141290013138
"GSE27291_0H_VS_6H_STIM_GAMMADELTA_TCELL_UP","GSE27291_0H_VS_6H_STIM_GAMMADELTA_TCELL_UP","67/6767","195/21355",0.232009082496866,0.261718496361152,0.0448139829314774
"GSE2770_IL12_AND_TGFB_VS_IL4_TREATED_ACT_CD4_TCELL_48H_DN","GSE2770_IL12_AND_TGFB_VS_IL4_TREATED_ACT_CD4_TCELL_48H_DN","67/6767","195/21355",0.232009082496866,0.261718496361152,0.0448139829314774
"GSE21927_HEALTHY_VS_TUMOROUS_BALBC_MOUSE_MONOCYTE_UP","GSE21927_HEALTHY_VS_TUMOROUS_BALBC_MOUSE_MONOCYTE_UP","66/6767","192/21355",0.232624839641096,0.262355378979301,0.0449230361591855
"GSE26488_HDAC7_KO_VS_VP16_TRANSGENIC_HDAC7_KO_DOUBLE_POSITIVE_THYMOCYTE_UP","GSE26488_HDAC7_KO_VS_VP16_TRANSGENIC_HDAC7_KO_DOUBLE_POSITIVE_THYMOCYTE_UP","65/6767","189/21355",0.233237214608851,0.262988167868832,0.0450313884189186
"GSE5099_DAY3_VS_DAY7_MCSF_TREATED_MACROPHAGE_DN","GSE5099_DAY3_VS_DAY7_MCSF_TREATED_MACROPHAGE_DN","63/6767","183/21355",0.234450457294549,0.264298041897352,0.0452556777724516
"GSE40274_CTRL_VS_FOXP3_AND_GATA1_TRANSDUCED_ACTIVATED_CD4_TCELL_DN","GSE40274_CTRL_VS_FOXP3_AND_GATA1_TRANSDUCED_ACTIVATED_CD4_TCELL_DN","52/6767","150/21355",0.240700006109612,0.271283563711581,0.0464518066655289
"GSE7596_AKT_TRANSD_VS_CTRL_CD4_TCONV_WITH_TGFB_DN","GSE7596_AKT_TRANSD_VS_CTRL_CD4_TCONV_WITH_TGFB_DN","45/6767","129/21355",0.244023775342222,0.274969207951554,0.0470828984697312
"HARALAMBIEVA_PBMC_TIV_AGE_50_74YO_CORRELATED_WITH_MEMORY_B_CELL_RESPONSE_28DY_NEGATIVE","HARALAMBIEVA_PBMC_TIV_AGE_50_74YO_CORRELATED_WITH_MEMORY_B_CELL_RESPONSE_28DY_NEGATIVE","10/6767","25/21355",0.244456129846298,0.275395864144577,0.0471559546870699
"GSE10239_MEMORY_VS_KLRG1HIGH_EFF_CD8_TCELL_UP","GSE10239_MEMORY_VS_KLRG1HIGH_EFF_CD8_TCELL_UP","68/6767","199/21355",0.246808029246148,0.277740291032704,0.047557390229492
"GSE16450_IMMATURE_VS_MATURE_NEURON_CELL_LINE_6H_IFNA_STIM_UP","GSE16450_IMMATURE_VS_MATURE_NEURON_CELL_LINE_6H_IFNA_STIM_UP","68/6767","199/21355",0.246808029246148,0.277740291032704,0.047557390229492
"GSE22589_HEALTHY_VS_SIV_INFECTED_DC_DN","GSE22589_HEALTHY_VS_SIV_INFECTED_DC_DN","68/6767","199/21355",0.246808029246148,0.277740291032704,0.047557390229492
"GSE35435_RESTING_VS_IL4_TREATED_MACROPHAGE_DN","GSE35435_RESTING_VS_IL4_TREATED_MACROPHAGE_DN","68/6767","199/21355",0.246808029246148,0.277740291032704,0.047557390229492
"GSE7460_FOXP3_MUT_VS_HET_ACT_TCONV_DN","GSE7460_FOXP3_MUT_VS_HET_ACT_TCONV_DN","68/6767","199/21355",0.246808029246148,0.277740291032704,0.047557390229492
"GSE22886_UNSTIM_VS_IL15_STIM_NKCELL_UP","GSE22886_UNSTIM_VS_IL15_STIM_NKCELL_UP","67/6767","196/21355",0.247569676395074,0.278536258695972,0.0476936835437653
"HOWARD_DENDRITIC_CELL_INACT_MONOV_INFLUENZA_A_INDONESIA_05_2005_H5N1_AGE_18_49YO_3DY_UP","HOWARD_DENDRITIC_CELL_INACT_MONOV_INFLUENZA_A_INDONESIA_05_2005_H5N1_AGE_18_49YO_3DY_UP","5/6767","11/21355",0.248850280069668,0.279915617796662,0.0479298708062407
"GSE21546_UNSTIM_VS_ANTI_CD3_STIM_ELK1_KO_DP_THYMOCYTES_UP","GSE21546_UNSTIM_VS_ANTI_CD3_STIM_ELK1_KO_DP_THYMOCYTES_UP","65/6767","190/21355",0.249092715775047,0.280065428460234,0.0479555228431185
"GSE41867_DAY15_EFFECTOR_VS_DAY30_MEMORY_CD8_TCELL_LCMV_ARMSTRONG_DN","GSE41867_DAY15_EFFECTOR_VS_DAY30_MEMORY_CD8_TCELL_LCMV_ARMSTRONG_DN","65/6767","190/21355",0.249092715775047,0.280065428460234,0.0479555228431185
"GSE2706_R848_VS_R848_AND_LPS_2H_STIM_DC_UP","GSE2706_R848_VS_R848_AND_LPS_2H_STIM_DC_UP","64/6767","187/21355",0.249853694904513,0.280859437354843,0.0480914807579971
"ANDERSON_BLOOD_CN54GP140_ADJUVANTED_WITH_GLA_AF_AGE_18_45YO_6HR_UP","ANDERSON_BLOOD_CN54GP140_ADJUVANTED_WITH_GLA_AF_AGE_18_45YO_6HR_UP","14/6767","37/21355",0.260997004516235,0.293321271844528,0.0502253170969658
"GSE34217_MIR17_92_OVEREXPRESS_VS_WT_ACT_CD8_TCELL_UP","GSE34217_MIR17_92_OVEREXPRESS_VS_WT_ACT_CD8_TCELL_UP","47/6767","136/21355",0.262408303474244,0.294773325070613,0.0504739517536451
"GSE17721_CTRL_VS_CPG_1H_BMDC_DN","GSE17721_CTRL_VS_CPG_1H_BMDC_DN","68/6767","200/21355",0.262691500340868,0.294773325070613,0.0504739517536451
"GSE19888_CTRL_VS_T_CELL_MEMBRANES_ACT_MAST_CELL_DN","GSE19888_CTRL_VS_T_CELL_MEMBRANES_ACT_MAST_CELL_DN","68/6767","200/21355",0.262691500340868,0.294773325070613,0.0504739517536451
"GSE19923_WT_VS_E2A_KO_DP_THYMOCYTE_UP","GSE19923_WT_VS_E2A_KO_DP_THYMOCYTE_UP","68/6767","200/21355",0.262691500340868,0.294773325070613,0.0504739517536451
"GSE21670_IL6_VS_TGFB_AND_IL6_TREATED_CD4_TCELL_DN","GSE21670_IL6_VS_TGFB_AND_IL6_TREATED_CD4_TCELL_DN","68/6767","200/21355",0.262691500340868,0.294773325070613,0.0504739517536451
"GSE25123_CTRL_VS_IL4_AND_ROSIGLITAZONE_STIM_MACROPHAGE_DN","GSE25123_CTRL_VS_IL4_AND_ROSIGLITAZONE_STIM_MACROPHAGE_DN","68/6767","200/21355",0.262691500340868,0.294773325070613,0.0504739517536451
"GSE9650_EFFECTOR_VS_EXHAUSTED_CD8_TCELL_DN","GSE9650_EFFECTOR_VS_EXHAUSTED_CD8_TCELL_DN","68/6767","200/21355",0.262691500340868,0.294773325070613,0.0504739517536451
"GSE19512_NAUTRAL_VS_INDUCED_TREG_UP","GSE19512_NAUTRAL_VS_INDUCED_TREG_UP","67/6767","197/21355",0.263601466077638,0.295600331710423,0.0506155598629531
"GSE22025_UNTREATED_VS_TGFB1_AND_PROGESTERONE_TREATED_CD4_TCELL_DN","GSE22025_UNTREATED_VS_TGFB1_AND_PROGESTERONE_TREATED_CD4_TCELL_DN","67/6767","197/21355",0.263601466077638,0.295600331710423,0.0506155598629531
"GSE2405_HEAT_KILLED_VS_LIVE_A_PHAGOCYTOPHILUM_STIM_NEUTROPHIL_24H_DN","GSE2405_HEAT_KILLED_VS_LIVE_A_PHAGOCYTOPHILUM_STIM_NEUTROPHIL_24H_DN","67/6767","197/21355",0.263601466077638,0.295600331710423,0.0506155598629531
"HARALAMBIEVA_PBMC_FLUARIX_AGE_50_74YO_CORR_WITH_28D_MEM_B_CELL_RESPONSE_AT_28DY_LEUK_MIGR_MAPK_ACT_CYTOK_SIG_DIAB_OF_THE_YNG_POSITIVE","HARALAMBIEVA_PBMC_FLUARIX_AGE_50_74YO_CORR_WITH_28D_MEM_B_CELL_RESPONSE_AT_28DY_LEUK_MIGR_MAPK_ACT_CYTOK_SIG_DIAB_OF_THE_YNG_POSITIVE","6/6767","14/21355",0.263825496497065,0.295722195133461,0.0506364265018646
"HARALAMBIEVA_PBMC_M_M_R_II_AGE_11_22YO_VACCINATED_VS_UNVACCINATED_LOW_ANTIBODY_RESPONDERS_TO_TREATMENT_7YR_UP","HARALAMBIEVA_PBMC_M_M_R_II_AGE_11_22YO_VACCINATED_VS_UNVACCINATED_LOW_ANTIBODY_RESPONDERS_TO_TREATMENT_7YR_UP","6/6767","14/21355",0.263825496497065,0.295722195133461,0.0506364265018646
"GSE32901_TH1_VS_TH17_NEG_CD4_TCELL_DN","GSE32901_TH1_VS_TH17_NEG_CD4_TCELL_DN","43/6767","124/21355",0.265094735135951,0.297079935965469,0.0508689120744051
"GSE29615_CTRL_VS_LAIV_FLU_VACCINE_PBMC_UP","GSE29615_CTRL_VS_LAIV_FLU_VACCINE_PBMC_UP","65/6767","191/21355",0.265430875712527,0.297391630196269,0.0509222833879848
"GSE10239_NAIVE_VS_MEMORY_CD8_TCELL_DN","GSE10239_NAIVE_VS_MEMORY_CD8_TCELL_DN","67/6767","198/21355",0.280075901676471,0.313389163661123,0.0536615364465475
"GSE22025_UNTREATED_VS_TGFB1_TREATED_CD4_TCELL_DN","GSE22025_UNTREATED_VS_TGFB1_TREATED_CD4_TCELL_DN","67/6767","198/21355",0.280075901676471,0.313389163661123,0.0536615364465475
"GSE22611_UNSTIM_VS_2H_MDP_STIM_NOD2_TRANSDUCED_HEK293T_CELL_DN","GSE22611_UNSTIM_VS_2H_MDP_STIM_NOD2_TRANSDUCED_HEK293T_CELL_DN","67/6767","198/21355",0.280075901676471,0.313389163661123,0.0536615364465475
"GSE2405_0H_VS_6H_A_PHAGOCYTOPHILUM_STIM_NEUTROPHIL_DN","GSE2405_0H_VS_6H_A_PHAGOCYTOPHILUM_STIM_NEUTROPHIL_DN","67/6767","198/21355",0.280075901676471,0.313389163661123,0.0536615364465475
"GSE3982_MAC_VS_NKCELL_DN","GSE3982_MAC_VS_NKCELL_DN","67/6767","198/21355",0.280075901676471,0.313389163661123,0.0536615364465475
"GSE7548_NAIVE_VS_DAY28_PCC_IMMUNIZATION_CD4_TCELL_DN","GSE7548_NAIVE_VS_DAY28_PCC_IMMUNIZATION_CD4_TCELL_DN","67/6767","198/21355",0.280075901676471,0.313389163661123,0.0536615364465475
"GSE25677_R848_VS_MPL_AND_R848_STIM_BCELL_UP","GSE25677_R848_VS_MPL_AND_R848_STIM_BCELL_UP","49/6767","143/21355",0.280404666012851,0.313688571382913,0.0537128039447198
"GSE18281_PERIMEDULLARY_CORTICAL_REGION_VS_WHOLE_CORTEX_THYMUS_DN","GSE18281_PERIMEDULLARY_CORTICAL_REGION_VS_WHOLE_CORTEX_THYMUS_DN","66/6767","195/21355",0.281145355722664,0.314379986649967,0.0538311947822309
"GSE3982_MAST_CELL_VS_EFF_MEMORY_CD4_TCELL_DN","GSE3982_MAST_CELL_VS_EFF_MEMORY_CD4_TCELL_DN","66/6767","195/21355",0.281145355722664,0.314379986649967,0.0538311947822309
"GSE2770_IL12_ACT_VS_ACT_CD4_TCELL_6H_DN","GSE2770_IL12_ACT_VS_ACT_CD4_TCELL_6H_DN","65/6767","192/21355",0.282221366615227,0.315514379990465,0.0540254366279752
"GSE9946_IMMATURE_VS_MATURE_STIMULATORY_DC_UP","GSE9946_IMMATURE_VS_MATURE_STIMULATORY_DC_UP","47/6767","137/21355",0.282292569895212,0.315525181132058,0.0540272861043467
"GSE32901_TH17_EMRICHED_VS_TH17_NEG_CD4_TCELL_UP","GSE32901_TH17_EMRICHED_VS_TH17_NEG_CD4_TCELL_UP","44/6767","128/21355",0.285111432820459,0.318606433319637,0.0545548880310794
"GSE2770_IL12_VS_IL4_TREATED_ACT_CD4_TCELL_2H_DN","GSE2770_IL12_VS_IL4_TREATED_ACT_CD4_TCELL_2H_DN","54/6767","159/21355",0.294501719881496,0.328920382884073,0.0563209426514566
"PATEL_SKIN_OF_BODY_ZOSTAVAX_AGE_70_93YO_VZV_CHALLENGE_6HR_TOP_30_DEG_UP","PATEL_SKIN_OF_BODY_ZOSTAVAX_AGE_70_93YO_VZV_CHALLENGE_6HR_TOP_30_DEG_UP","11/6767","29/21355",0.294533543557788,0.328920382884073,0.0563209426514566
"PATEL_SKIN_OF_BODY_ZOSTAVAX_AGE_70_93YO_VZV_CHALLENGED_POST_VACCINATION_VS_UNCHALLENGED_72HR_TOP_30_DEG_UP","PATEL_SKIN_OF_BODY_ZOSTAVAX_AGE_70_93YO_VZV_CHALLENGED_POST_VACCINATION_VS_UNCHALLENGED_72HR_TOP_30_DEG_UP","11/6767","29/21355",0.294533543557788,0.328920382884073,0.0563209426514566
"GSE13522_WT_VS_IFNAR_KO_SKING_T_CRUZI_Y_STRAIN_INF_DN","GSE13522_WT_VS_IFNAR_KO_SKING_T_CRUZI_Y_STRAIN_INF_DN","67/6767","199/21355",0.296961867228226,0.33119936769178,0.056711172565252
"GSE15930_STIM_VS_STIM_AND_IFNAB_72H_CD8_T_CELL_UP","GSE15930_STIM_VS_STIM_AND_IFNAB_72H_CD8_T_CELL_UP","67/6767","199/21355",0.296961867228226,0.33119936769178,0.056711172565252
"GSE21360_PRIMARY_VS_SECONDARY_MEMORY_CD8_TCELL_UP","GSE21360_PRIMARY_VS_SECONDARY_MEMORY_CD8_TCELL_UP","67/6767","199/21355",0.296961867228226,0.33119936769178,0.056711172565252
"GSE29949_CD8_NEG_DC_SPLEEN_VS_CD8_POS_DC_SPLEEN_UP","GSE29949_CD8_NEG_DC_SPLEEN_VS_CD8_POS_DC_SPLEEN_UP","67/6767","199/21355",0.296961867228226,0.33119936769178,0.056711172565252
"GSE30083_SP2_VS_SP3_THYMOCYTE_UP","GSE30083_SP2_VS_SP3_THYMOCYTE_UP","67/6767","199/21355",0.296961867228226,0.33119936769178,0.056711172565252
"GSE36078_UNTREATED_VS_AD5_T425A_HEXON_INF_IL1R_KO_MOUSE_LUNG_DC_UP","GSE36078_UNTREATED_VS_AD5_T425A_HEXON_INF_IL1R_KO_MOUSE_LUNG_DC_UP","67/6767","199/21355",0.296961867228226,0.33119936769178,0.056711172565252
"GSE20727_DNFB_ALLERGEN_VS_ROS_INH_AND_DNFB_ALLERGEN_TREATED_DC_UP","GSE20727_DNFB_ALLERGEN_VS_ROS_INH_AND_DNFB_ALLERGEN_TREATED_DC_UP","66/6767","196/21355",0.298191469842826,0.332498404933486,0.0569336063388926
"GSE37533_UNTREATED_VS_PIOGLIZATONE_TREATED_CD4_TCELL_PPARG2_AND_FOXP3_TRASDUCED_UP","GSE37533_UNTREATED_VS_PIOGLIZATONE_TREATED_CD4_TCELL_PPARG2_AND_FOXP3_TRASDUCED_UP","49/6767","144/21355",0.300357583255923,0.334840906578195,0.0573347122224374
"HOFT_CD4_POSITIVE_ALPHA_BETA_MEMORY_T_CELL_BCG_VACCINE_AGE_18_45YO_ID_56D_TOP_100_DEG_AFTER_IN_VITRO_RE_STIMULATION_DN","HOFT_CD4_POSITIVE_ALPHA_BETA_MEMORY_T_CELL_BCG_VACCINE_AGE_18_45YO_ID_56D_TOP_100_DEG_AFTER_IN_VITRO_RE_STIMULATION_DN","15/6767","41/21355",0.301115268432564,0.335612604620382,0.0574668498564665
"GSE12707_AT16L1_HYPOMORPH_VS_WT_THYMUS_UP","GSE12707_AT16L1_HYPOMORPH_VS_WT_THYMUS_UP","44/6767","129/21355",0.306380337868017,0.341406649043539,0.0584589624182217
"GSE18148_CBFB_KO_VS_WT_TREG_DN","GSE18148_CBFB_KO_VS_WT_TREG_DN","67/6767","200/21355",0.314225886637646,0.349313989763923,0.0598129340977306
"GSE19888_CTRL_VS_TCELL_MEMBRANES_ACT_MAST_CELL_PRETREAT_A3R_INH_UP","GSE19888_CTRL_VS_TCELL_MEMBRANES_ACT_MAST_CELL_PRETREAT_A3R_INH_UP","67/6767","200/21355",0.314225886637646,0.349313989763923,0.0598129340977306
"GSE22589_SIV_VS_HIV_AND_SIV_INFECTED_DC_UP","GSE22589_SIV_VS_HIV_AND_SIV_INFECTED_DC_UP","67/6767","200/21355",0.314225886637646,0.349313989763923,0.0598129340977306
"GSE27786_BCELL_VS_ERYTHROBLAST_DN","GSE27786_BCELL_VS_ERYTHROBLAST_DN","67/6767","200/21355",0.314225886637646,0.349313989763923,0.0598129340977306
"GSE29949_MICROGLIA_BRAIN_VS_CD8_POS_DC_SPLEEN_DN","GSE29949_MICROGLIA_BRAIN_VS_CD8_POS_DC_SPLEEN_DN","67/6767","200/21355",0.314225886637646,0.349313989763923,0.0598129340977306
"GSE360_DC_VS_MAC_L_MAJOR_UP","GSE360_DC_VS_MAC_L_MAJOR_UP","67/6767","200/21355",0.314225886637646,0.349313989763923,0.0598129340977306
"GSE37533_PPARG2_FOXP3_VS_FOXP3_TRANSDUCED_CD4_TCELL_PIOGLITAZONE_TREATED_UP","GSE37533_PPARG2_FOXP3_VS_FOXP3_TRANSDUCED_CD4_TCELL_PIOGLITAZONE_TREATED_UP","67/6767","200/21355",0.314225886637646,0.349313989763923,0.0598129340977306
"GSE3982_CTRL_VS_PMA_STIM_EOSINOPHIL_DN","GSE3982_CTRL_VS_PMA_STIM_EOSINOPHIL_DN","67/6767","200/21355",0.314225886637646,0.349313989763923,0.0598129340977306
"GSE43863_TFH_VS_LY6C_INT_CXCR5POS_MEMORY_CD4_TCELL_DN","GSE43863_TFH_VS_LY6C_INT_CXCR5POS_MEMORY_CD4_TCELL_DN","67/6767","200/21355",0.314225886637646,0.349313989763923,0.0598129340977306
"GSE5589_LPS_VS_LPS_AND_IL10_STIM_IL10_KO_MACROPHAGE_180MIN_UP","GSE5589_LPS_VS_LPS_AND_IL10_STIM_IL10_KO_MACROPHAGE_180MIN_UP","67/6767","200/21355",0.314225886637646,0.349313989763923,0.0598129340977306
"GSE5589_WT_VS_IL10_KO_LPS_AND_IL6_STIM_MACROPHAGE_45MIN_DN","GSE5589_WT_VS_IL10_KO_LPS_AND_IL6_STIM_MACROPHAGE_45MIN_DN","67/6767","200/21355",0.314225886637646,0.349313989763923,0.0598129340977306
"GSE28726_NAIVE_VS_ACTIVATED_VA24NEG_NKTCELL_DN","GSE28726_NAIVE_VS_ACTIVATED_VA24NEG_NKTCELL_DN","66/6767","197/21355",0.315618494640554,0.350710017776792,0.0600519755732489
"GSE3982_BCELL_VS_NKCELL_DN","GSE3982_BCELL_VS_NKCELL_DN","66/6767","197/21355",0.315618494640554,0.350710017776792,0.0600519755732489
"GSE2770_UNTREATED_VS_TGFB_AND_IL4_TREATED_ACT_CD4_TCELL_48H_UP","GSE2770_UNTREATED_VS_TGFB_AND_IL4_TREATED_ACT_CD4_TCELL_48H_UP","52/6767","154/21355",0.31655736267451,0.351677052748042,0.0602175606935146
"GSE10325_BCELL_VS_LUPUS_BCELL_UP","GSE10325_BCELL_VS_LUPUS_BCELL_UP","65/6767","194/21355",0.317024772293103,0.352043752988247,0.0602803506702798
"GSE1740_UNSTIM_VS_IFNA_STIMULATED_MCSF_IFNG_DERIVED_MACROPHAGE_UP","GSE1740_UNSTIM_VS_IFNA_STIMULATED_MCSF_IFNG_DERIVED_MACROPHAGE_UP","65/6767","194/21355",0.317024772293103,0.352043752988247,0.0602803506702798
"GSE5589_WT_VS_IL6_KO_LPS_AND_IL10_STIM_MACROPHAGE_180MIN_UP","GSE5589_WT_VS_IL6_KO_LPS_AND_IL10_STIM_MACROPHAGE_180MIN_UP","35/6767","102/21355",0.317575486139663,0.35257893404895,0.0603719895695286
"GSE23114_PERITONEAL_CAVITY_B1A_BCELL_VS_SPLEEN_BCELL_UP","GSE23114_PERITONEAL_CAVITY_B1A_BCELL_VS_SPLEEN_BCELL_UP","64/6767","191/21355",0.318445040931795,0.353467790616435,0.0605241882241809
"GSE5589_WT_VS_IL6_KO_LPS_STIM_MACROPHAGE_180MIN_DN","GSE5589_WT_VS_IL6_KO_LPS_STIM_MACROPHAGE_180MIN_DN","48/6767","142/21355",0.322252303651656,0.357616355156286,0.0612345457383188
"MATSUMIYA_BLOOD_MODIFIED_VACCINIA_ANKARA_VACCINE_AGE_4_6MO_VACCINATED_VS_CANDIN_PLACEBO_BCG_PRIMED_1DY_UP","MATSUMIYA_BLOOD_MODIFIED_VACCINIA_ANKARA_VACCINE_AGE_4_6MO_VACCINATED_VS_CANDIN_PLACEBO_BCG_PRIMED_1DY_UP","6/6767","15/21355",0.32950203540447,0.365582543933936,0.0625985939537645
"GSE13522_WT_VS_IFNG_KO_SKING_T_CRUZI_Y_STRAIN_INF_DN","GSE13522_WT_VS_IFNG_KO_SKING_T_CRUZI_Y_STRAIN_INF_DN","43/6767","127/21355",0.329699125963472,0.36572207243936,0.062622485379657
"GSE1566_WT_VS_EZH2_KO_LN_TCELL_UP","GSE1566_WT_VS_EZH2_KO_LN_TCELL_UP","66/6767","198/21355",0.333389791122595,0.36957609926174,0.0632824092850627
"GSE22886_TCELL_VS_BCELL_NAIVE_DN","GSE22886_TCELL_VS_BCELL_NAIVE_DN","66/6767","198/21355",0.333389791122595,0.36957609926174,0.0632824092850627
"GSE32423_MEMORY_VS_NAIVE_CD8_TCELL_IL7_IL4_UP","GSE32423_MEMORY_VS_NAIVE_CD8_TCELL_IL7_IL4_UP","66/6767","198/21355",0.333389791122595,0.36957609926174,0.0632824092850627
"GSE15659_RESTING_TREG_VS_NONSUPPRESSIVE_TCELL_UP","GSE15659_RESTING_TREG_VS_NONSUPPRESSIVE_TCELL_UP","65/6767","195/21355",0.334964480578322,0.371161204219809,0.0635538263515795
"GSE3982_NKCELL_VS_TH1_UP","GSE3982_NKCELL_VS_TH1_UP","65/6767","195/21355",0.334964480578322,0.371161204219809,0.0635538263515795
"HOEK_NK_CELL_2011_2012_TIV_1D_VS_0DY_ADULT_1D_DN","HOEK_NK_CELL_2011_2012_TIV_1D_VS_0DY_ADULT_1D_DN","19/6767","54/21355",0.336874545172047,0.373197016658834,0.063902417930557
"GSE35543_IN_VIVO_NTREG_VS_IN_VITRO_ITREG_DN","GSE35543_IN_VIVO_NTREG_VS_IN_VITRO_ITREG_DN","63/6767","189/21355",0.338167461917941,0.374467511285807,0.0641199643604781
"GSE5099_CLASSICAL_M1_VS_ALTERNATIVE_M2_MACROPHAGE_DN","GSE5099_CLASSICAL_M1_VS_ALTERNATIVE_M2_MACROPHAGE_DN","63/6767","189/21355",0.338167461917941,0.374467511285807,0.0641199643604781
"HOFT_CD4_POSITIVE_ALPHA_BETA_MEMORY_T_CELL_BCG_VACCINE_AGE_18_45YO_56D_TOP_100_DEG_AFTER_IN_VITRO_RE_STIMULATION_UP","HOFT_CD4_POSITIVE_ALPHA_BETA_MEMORY_T_CELL_BCG_VACCINE_AGE_18_45YO_56D_TOP_100_DEG_AFTER_IN_VITRO_RE_STIMULATION_UP","9/6767","24/21355",0.339225843127555,0.375558388623402,0.0643067549735492
"LI_PBMC_MENACTRA_AGE_18_45YO_ANTI_DT_ANTIBODY_CORRELATION_PROFILE_3DY_UP","LI_PBMC_MENACTRA_AGE_18_45YO_ANTI_DT_ANTIBODY_CORRELATION_PROFILE_3DY_UP","10/6767","27/21355",0.340393578466702,0.376769835232897,0.0645141906284041
"GSE19941_UNSTIM_VS_LPS_AND_IL10_STIM_IL10_KO_NFKBP50_KO_MACROPHAGE_UP","GSE19941_UNSTIM_VS_LPS_AND_IL10_STIM_IL10_KO_NFKBP50_KO_MACROPHAGE_UP","58/6767","174/21355",0.346511534342811,0.383458803491387,0.0656595407413418
"GSE13522_CTRL_VS_T_CRUZI_BRAZIL_STRAIN_INF_SKIN_DN","GSE13522_CTRL_VS_T_CRUZI_BRAZIL_STRAIN_INF_SKIN_DN","66/6767","199/21355",0.35146680598747,0.388606925662661,0.0665410522215021
"GSE15930_STIM_VS_STIM_AND_IL12_24H_CD8_T_CELL_DN","GSE15930_STIM_VS_STIM_AND_IL12_24H_CD8_T_CELL_DN","66/6767","199/21355",0.35146680598747,0.388606925662661,0.0665410522215021
"GSE28449_WT_VS_LRF_KO_GERMINAL_CENTER_BCELL_UP","GSE28449_WT_VS_LRF_KO_GERMINAL_CENTER_BCELL_UP","66/6767","199/21355",0.35146680598747,0.388606925662661,0.0665410522215021
"GSE3982_EFF_MEMORY_CD4_TCELL_VS_TH2_UP","GSE3982_EFF_MEMORY_CD4_TCELL_VS_TH2_UP","66/6767","199/21355",0.35146680598747,0.388606925662661,0.0665410522215021
"GSE15659_NAIVE_CD4_TCELL_VS_NONSUPPRESSIVE_TCELL_UP","GSE15659_NAIVE_CD4_TCELL_VS_NONSUPPRESSIVE_TCELL_UP","65/6767","196/21355",0.353210630943262,0.390114369850518,0.06679917145665
"GSE19401_PAM2CSK4_VS_RETINOIC_ACID_STIM_FOLLICULAR_DC_DN","GSE19401_PAM2CSK4_VS_RETINOIC_ACID_STIM_FOLLICULAR_DC_DN","65/6767","196/21355",0.353210630943262,0.390114369850518,0.06679917145665
"GSE23321_EFFECTOR_MEMORY_VS_NAIVE_CD8_TCELL_UP","GSE23321_EFFECTOR_MEMORY_VS_NAIVE_CD8_TCELL_UP","65/6767","196/21355",0.353210630943262,0.390114369850518,0.06679917145665
"GSE29618_LAIV_VS_TIV_FLU_VACCINE_DAY7_MDC_DN","GSE29618_LAIV_VS_TIV_FLU_VACCINE_DAY7_MDC_DN","65/6767","196/21355",0.353210630943262,0.390114369850518,0.06679917145665
"GSE42021_CD24INT_VS_CD24LOW_TREG_THYMUS_DN","GSE42021_CD24INT_VS_CD24LOW_TREG_THYMUS_DN","65/6767","196/21355",0.353210630943262,0.390114369850518,0.06679917145665
"GSE17974_IL4_AND_ANTI_IL12_VS_UNTREATED_2H_ACT_CD4_TCELL_DN","GSE17974_IL4_AND_ANTI_IL12_VS_UNTREATED_2H_ACT_CD4_TCELL_DN","63/6767","190/21355",0.356763042817904,0.393953073557483,0.0674564715894061
"GSE2706_R848_VS_LPS_8H_STIM_DC_UP","GSE2706_R848_VS_LPS_8H_STIM_DC_UP","62/6767","187/21355",0.358572895330096,0.395866329534324,0.0677840778605784
"GSE9960_HEALTHY_VS_SEPSIS_PBMC_DN","GSE9960_HEALTHY_VS_SEPSIS_PBMC_DN","61/6767","184/21355",0.360406073918403,0.397804508284102,0.0681159516509996
"GSE16385_ROSIGLITAZONE_IL4_VS_ROSIGLITAZONE_ALONE_STIM_MACROPHAGE_UP","GSE16385_ROSIGLITAZONE_IL4_VS_ROSIGLITAZONE_ALONE_STIM_MACROPHAGE_UP","66/6767","200/21355",0.369809348353801,0.407394183285333,0.0697579889460273
"GSE21063_WT_VS_NFATC1_KO_BCELL_UP","GSE21063_WT_VS_NFATC1_KO_BCELL_UP","66/6767","200/21355",0.369809348353801,0.407394183285333,0.0697579889460273
"GSE22589_SIV_VS_HIV_AND_SIV_INFECTED_DC_DN","GSE22589_SIV_VS_HIV_AND_SIV_INFECTED_DC_DN","66/6767","200/21355",0.369809348353801,0.407394183285333,0.0697579889460273
"GSE24492_LYVE_NEG_VS_POS_MACROPHAGE_DN","GSE24492_LYVE_NEG_VS_POS_MACROPHAGE_DN","66/6767","200/21355",0.369809348353801,0.407394183285333,0.0697579889460273
"GSE27786_NKCELL_VS_ERYTHROBLAST_DN","GSE27786_NKCELL_VS_ERYTHROBLAST_DN","66/6767","200/21355",0.369809348353801,0.407394183285333,0.0697579889460273
"GSE29618_PRE_VS_DAY7_POST_TIV_FLU_VACCINE_PDC_UP","GSE29618_PRE_VS_DAY7_POST_TIV_FLU_VACCINE_PDC_UP","66/6767","200/21355",0.369809348353801,0.407394183285333,0.0697579889460273
"GSE3994_WT_VS_PAC1_KO_ACTIVATED_MAST_CELL_UP","GSE3994_WT_VS_PAC1_KO_ACTIVATED_MAST_CELL_UP","66/6767","200/21355",0.369809348353801,0.407394183285333,0.0697579889460273
"GSE46606_DAY1_VS_DAY3_CD40L_IL2_IL5_STIMULATED_IRF4MID_BCELL_UP","GSE46606_DAY1_VS_DAY3_CD40L_IL2_IL5_STIMULATED_IRF4MID_BCELL_UP","66/6767","200/21355",0.369809348353801,0.407394183285333,0.0697579889460273
"GSE46606_IRF4HIGH_VS_IRF4MID_CD40L_IL2_IL5_DAY1_STIMULATED_BCELL_DN","GSE46606_IRF4HIGH_VS_IRF4MID_CD40L_IL2_IL5_DAY1_STIMULATED_BCELL_DN","66/6767","200/21355",0.369809348353801,0.407394183285333,0.0697579889460273
"GSE2585_AIRE_KO_VS_WT_CD80_LOW_MTEC_UP","GSE2585_AIRE_KO_VS_WT_CD80_LOW_MTEC_UP","65/6767","197/21355",0.371721910183232,0.409413154352188,0.0701036967816871
"GSE29615_DAY3_VS_DAY7_LAIV_FLU_VACCINE_PBMC_DN","GSE29615_DAY3_VS_DAY7_LAIV_FLU_VACCINE_PBMC_DN","63/6767","191/21355",0.375622684371223,0.413620597674239,0.0708241360927834
"GSE21927_SPLENIC_C26GM_TUMOROUS_VS_4T1_TUMOR_MONOCYTES_UP","GSE21927_SPLENIC_C26GM_TUMOROUS_VS_4T1_TUMOR_MONOCYTES_UP","61/6767","185/21355",0.379629520810761,0.417943000471714,0.0715642598818247
"GSE13306_TREG_VS_TCONV_UP","GSE13306_TREG_VS_TCONV_UP","65/6767","198/21355",0.390455652581288,0.429492840760409,0.073541935715804
"GSE20152_HTNFA_OVERXPRESS_ANKLE_VS_CTRL_SPHK1_KO_ANKLE_DN","GSE20152_HTNFA_OVERXPRESS_ANKLE_VS_CTRL_SPHK1_KO_ANKLE_DN","65/6767","198/21355",0.390455652581288,0.429492840760409,0.073541935715804
"GSE32034_UNTREATED_VS_ROSIGLIZATONE_TREATED_LY6C_LOW_MONOCYTE_DN","GSE32034_UNTREATED_VS_ROSIGLIZATONE_TREATED_LY6C_LOW_MONOCYTE_DN","65/6767","198/21355",0.390455652581288,0.429492840760409,0.073541935715804
"GSE32423_CTRL_VS_IL7_MEMORY_CD8_TCELL_DN","GSE32423_CTRL_VS_IL7_MEMORY_CD8_TCELL_DN","65/6767","198/21355",0.390455652581288,0.429492840760409,0.073541935715804
"GSE16385_IL4_VS_ROSIGLITAZONE_STIM_MACROPHAGE_DN","GSE16385_IL4_VS_ROSIGLITAZONE_STIM_MACROPHAGE_DN","64/6767","195/21355",0.392563845298916,0.431719183793982,0.0739231517937403
"SOBOLEV_PBMC_PANDEMRIX_AGE_18_64YO_RESPONDERS_VS_NONRESPONDERS_7DY_UP","SOBOLEV_PBMC_PANDEMRIX_AGE_18_64YO_RESPONDERS_VS_NONRESPONDERS_7DY_UP","8/6767","22/21355",0.394278644476002,0.433512033074943,0.074230140860974
"GSE26495_PD1HIGH_VS_PD1LOW_CD8_TCELL_UP","GSE26495_PD1HIGH_VS_PD1LOW_CD8_TCELL_UP","63/6767","192/21355",0.394701333950386,0.433883734812099,0.0742937872426248
"NAKAYA_PBMC_FLUAD_IMUVAC_MALE_AGE_14_27YO_CORRELATED_WITH_HAI_RESPONSE_MF59_ADJUVANTED_AND_NON_1DY_GENES_IN_BTM_M75_POSITIVE","NAKAYA_PBMC_FLUAD_IMUVAC_MALE_AGE_14_27YO_CORRELATED_WITH_HAI_RESPONSE_MF59_ADJUVANTED_AND_NON_1DY_GENES_IN_BTM_M75_POSITIVE","7/6767","19/21355",0.395761865263401,0.434520600508857,0.074402837572888
"HARALAMBIEVA_PBMC_M_M_R_II_AGE_11_22YO_VACCINATED_VS_UNVACCINATED_HIGH_ANTIBODY_RESPONDERS_TO_TREATMENT_7YR_DN","HARALAMBIEVA_PBMC_M_M_R_II_AGE_11_22YO_VACCINATED_VS_UNVACCINATED_HIGH_ANTIBODY_RESPONDERS_TO_TREATMENT_7YR_DN","4/6767","10/21355",0.395873946747976,0.434520600508857,0.074402837572888
"KAZMIN_PBMC_P_FALCIPARUM_RTSS_AS01_UNKN_AGE_IMM_WITH_ARR_VS_IMM_BY_RRR_PRIMARY_IMMUNIZ_WITH_RECOMB_ADENOVIRUS_35_1DY_UP","KAZMIN_PBMC_P_FALCIPARUM_RTSS_AS01_UNKN_AGE_IMM_WITH_ARR_VS_IMM_BY_RRR_PRIMARY_IMMUNIZ_WITH_RECOMB_ADENOVIRUS_35_1DY_UP","4/6767","10/21355",0.395873946747976,0.434520600508857,0.074402837572888
"NAKAYA_PBMC_FLUMIST_AGE_18_50YO_7DY_IFN_SUBSET_DN","NAKAYA_PBMC_FLUMIST_AGE_18_50YO_7DY_IFN_SUBSET_DN","4/6767","10/21355",0.395873946747976,0.434520600508857,0.074402837572888
"RECHTIEN_PBMC_RVSV_ZEBOV_AGE_18_55YO_1DY_UP","RECHTIEN_PBMC_RVSV_ZEBOV_AGE_18_55YO_1DY_UP","4/6767","10/21355",0.395873946747976,0.434520600508857,0.074402837572888
"SCHERER_PBMC_YF_VAX_AGE_18_40YO_ANYD_UP","SCHERER_PBMC_YF_VAX_AGE_18_40YO_ANYD_UP","4/6767","10/21355",0.395873946747976,0.434520600508857,0.074402837572888
"SOBOLEV_PBMC_PANDEMRIX_AGE_18_64YO_HIGH_VS_LOW_RESPONDERS_MEDIUM_HIGH_ADVERSE_EVENTS_SCORE_1DY_TRANSIENT_UP","SOBOLEV_PBMC_PANDEMRIX_AGE_18_64YO_HIGH_VS_LOW_RESPONDERS_MEDIUM_HIGH_ADVERSE_EVENTS_SCORE_1DY_TRANSIENT_UP","4/6767","10/21355",0.395873946747976,0.434520600508857,0.074402837572888
"GSE18791_CTRL_VS_NEWCASTLE_VIRUS_DC_4H_DN","GSE18791_CTRL_VS_NEWCASTLE_VIRUS_DC_4H_DN","62/6767","189/21355",0.396869037656733,0.435426397617392,0.0745579369515167
"GSE21927_SPLEEN_MONOCYTE_VS_GMCSF_GCSF_BONE_MARROW_UP","GSE21927_SPLEEN_MONOCYTE_VS_GMCSF_GCSF_BONE_MARROW_UP","62/6767","189/21355",0.396869037656733,0.435426397617392,0.0745579369515167
"HOEK_T_CELL_2011_2012_TIV_ADULT_1DY_UP","HOEK_T_CELL_2011_2012_TIV_ADULT_1DY_UP","5/6767","13/21355",0.39707461078496,0.435558735450255,0.0745805971206128
"GSE7218_UNSTIM_VS_ANTIGEN_STIM_THROUGH_IGM_BCELL_UP","GSE7218_UNSTIM_VS_ANTIGEN_STIM_THROUGH_IGM_BCELL_UP","42/6767","127/21355",0.400899344029015,0.439660093441018,0.0752828714709143
"GSE6090_UNSTIM_VS_DC_SIGN_STIM_DC_DN","GSE6090_UNSTIM_VS_DC_SIGN_STIM_DC_DN","48/6767","146/21355",0.408806634762142,0.448236017199637,0.0767513244319541
"GSE2585_CD80_HIGH_VS_LOW_AIRE_KO_MTEC_DN","GSE2585_CD80_HIGH_VS_LOW_AIRE_KO_MTEC_DN","65/6767","199/21355",0.409368152794708,0.448563906684861,0.0768074688542955
"GSE32423_IL7_VS_IL7_IL4_NAIVE_CD8_TCELL_UP","GSE32423_IL7_VS_IL7_IL4_NAIVE_CD8_TCELL_UP","65/6767","199/21355",0.409368152794708,0.448563906684861,0.0768074688542955
"GSE41978_ID2_KO_AND_BIM_KO_VS_BIM_KO_KLRG1_LOW_EFFECTOR_CD8_TCELL_UP","GSE41978_ID2_KO_AND_BIM_KO_VS_BIM_KO_KLRG1_LOW_EFFECTOR_CD8_TCELL_UP","65/6767","199/21355",0.409368152794708,0.448563906684861,0.0768074688542955
"GSE17974_IL4_AND_ANTI_IL12_VS_UNTREATED_48H_ACT_CD4_TCELL_DN","GSE17974_IL4_AND_ANTI_IL12_VS_UNTREATED_48H_ACT_CD4_TCELL_DN","64/6767","196/21355",0.411644191653173,0.450768853183643,0.0771850212097273
"GSE22886_CD8_VS_CD4_NAIVE_TCELL_DN","GSE22886_CD8_VS_CD4_NAIVE_TCELL_DN","64/6767","196/21355",0.411644191653173,0.450768853183643,0.0771850212097273
"GSE27859_MACROPHAGE_VS_DC_DN","GSE27859_MACROPHAGE_VS_DC_DN","64/6767","196/21355",0.411644191653173,0.450768853183643,0.0771850212097273
"GSE16385_UNTREATED_VS_12H_ROSIGLITAZONE_TREATED_MACROPHAGE_DN","GSE16385_UNTREATED_VS_12H_ROSIGLITAZONE_TREATED_MACROPHAGE_DN","63/6767","193/21355",0.413952920826938,0.45320021889381,0.0776013432616669
"GSE26928_EFF_MEM_VS_CENTR_MEM_CD4_TCELL_DN","GSE26928_EFF_MEM_VS_CENTR_MEM_CD4_TCELL_DN","62/6767","190/21355",0.416295378906791,0.455570204408777,0.0780071552004188
"GSE45365_NK_CELL_VS_CD8_TCELL_DN","GSE45365_NK_CELL_VS_CD8_TCELL_DN","62/6767","190/21355",0.416295378906791,0.455570204408777,0.0780071552004188
"HOWARD_DENDRITIC_CELL_INACT_MONOV_INFLUENZA_A_INDONESIA_05_2005_H5N1_AGE_18_49YO_1DY_DN","HOWARD_DENDRITIC_CELL_INACT_MONOV_INFLUENZA_A_INDONESIA_05_2005_H5N1_AGE_18_49YO_1DY_DN","14/6767","41/21355",0.42453195494095,0.464484706142179,0.0795335827707959
"GSE40274_FOXP3_VS_FOXP3_AND_XBP1_TRANSDUCED_ACTIVATED_CD4_TCELL_UP","GSE40274_FOXP3_VS_FOXP3_AND_XBP1_TRANSDUCED_ACTIVATED_CD4_TCELL_UP","49/6767","150/21355",0.428317128834877,0.467436396223069,0.0800389998152279
"GSE14350_TREG_VS_TEFF_DN","GSE14350_TREG_VS_TEFF_DN","65/6767","200/21355",0.428414984562551,0.467436396223069,0.0800389998152279
"GSE18148_CBFB_KO_VS_WT_TREG_UP","GSE18148_CBFB_KO_VS_WT_TREG_UP","65/6767","200/21355",0.428414984562551,0.467436396223069,0.0800389998152279
"GSE27092_WT_VS_HDAC7_PHOSPHO_DEFICIENT_CD8_TCELL_UP","GSE27092_WT_VS_HDAC7_PHOSPHO_DEFICIENT_CD8_TCELL_UP","65/6767","200/21355",0.428414984562551,0.467436396223069,0.0800389998152279
"GSE2770_UNTREATED_VS_TGFB_AND_IL12_TREATED_ACT_CD4_TCELL_6H_DN","GSE2770_UNTREATED_VS_TGFB_AND_IL12_TREATED_ACT_CD4_TCELL_6H_DN","65/6767","200/21355",0.428414984562551,0.467436396223069,0.0800389998152279
"GSE28737_FOLLICULAR_VS_MARGINAL_ZONE_BCELL_DN","GSE28737_FOLLICULAR_VS_MARGINAL_ZONE_BCELL_DN","65/6767","200/21355",0.428414984562551,0.467436396223069,0.0800389998152279
"GSE29164_DAY3_VS_DAY7_CD8_TCELL_AND_IL12_TREATED_MELANOMA_DN","GSE29164_DAY3_VS_DAY7_CD8_TCELL_AND_IL12_TREATED_MELANOMA_DN","65/6767","200/21355",0.428414984562551,0.467436396223069,0.0800389998152279
"GSE31622_WT_VS_KLF3_KO_BCELL_UP","GSE31622_WT_VS_KLF3_KO_BCELL_UP","65/6767","200/21355",0.428414984562551,0.467436396223069,0.0800389998152279
"GSE3203_INFLUENZA_INF_VS_IFNB_TREATED_LN_BCELL_UP","GSE3203_INFLUENZA_INF_VS_IFNB_TREATED_LN_BCELL_UP","65/6767","200/21355",0.428414984562551,0.467436396223069,0.0800389998152279
"GSE369_PRE_VS_POST_IL6_INJECTION_IFNG_WT_LIVER_UP","GSE369_PRE_VS_POST_IL6_INJECTION_IFNG_WT_LIVER_UP","65/6767","200/21355",0.428414984562551,0.467436396223069,0.0800389998152279
"GSE40274_FOXP3_VS_FOXP3_AND_GATA1_TRANSDUCED_ACTIVATED_CD4_TCELL_UP","GSE40274_FOXP3_VS_FOXP3_AND_GATA1_TRANSDUCED_ACTIVATED_CD4_TCELL_UP","65/6767","200/21355",0.428414984562551,0.467436396223069,0.0800389998152279
"GSE46606_DAY1_VS_DAY3_CD40L_IL2_IL5_STIMULATED_IRF4_KO_BCELL_UP","GSE46606_DAY1_VS_DAY3_CD40L_IL2_IL5_STIMULATED_IRF4_KO_BCELL_UP","65/6767","200/21355",0.428414984562551,0.467436396223069,0.0800389998152279
"GSE9650_GP33_VS_GP276_LCMV_SPECIFIC_EXHAUSTED_CD8_TCELL_UP","GSE9650_GP33_VS_GP276_LCMV_SPECIFIC_EXHAUSTED_CD8_TCELL_UP","65/6767","200/21355",0.428414984562551,0.467436396223069,0.0800389998152279
"GSE45365_CD8A_DC_VS_CD11B_DC_IFNAR_KO_MCMV_INFECTION_UP","GSE45365_CD8A_DC_VS_CD11B_DC_IFNAR_KO_MCMV_INFECTION_UP","64/6767","197/21355",0.430854913563519,0.469998540817056,0.0804777150978668
"GSE1112_OT1_CD8AB_VS_HY_CD8AA_THYMOCYTE_RTOC_CULTURE_DN","GSE1112_OT1_CD8AB_VS_HY_CD8AA_THYMOCYTE_RTOC_CULTURE_DN","63/6767","194/21355",0.433330702444287,0.472598704835537,0.0809229404356376
"QIU_PBMC_HEPTATITIS_B_SURFACE_ANTIGEN_AGE_UNDER50_NON_RESPONDERS_VS_RESPONDERS_7DY_UP","QIU_PBMC_HEPTATITIS_B_SURFACE_ANTIGEN_AGE_UNDER50_NON_RESPONDERS_VS_RESPONDERS_7DY_UP","11/6767","32/21355",0.436659458966881,0.476127827759081,0.0815272311398014
"LI_PBMC_MENOMUNE_A_C_Y_W_135_AGE_18_45YO_3DY_UP","LI_PBMC_MENOMUNE_A_C_Y_W_135_AGE_18_45YO_3DY_UP","10/6767","29/21355",0.441207401702524,0.48098455210054,0.0823588466532907
"GSE15659_CD45RA_NEG_CD4_TCELL_VS_RESTING_TREG_DN","GSE15659_CD45RA_NEG_CD4_TCELL_VS_RESTING_TREG_DN","64/6767","198/21355",0.450150082987869,0.490524861950862,0.0839924311677124
"GSE7460_TREG_VS_TCONV_ACT_WITH_TGFB_UP","GSE7460_TREG_VS_TCONV_ACT_WITH_TGFB_UP","64/6767","198/21355",0.450150082987869,0.490524861950862,0.0839924311677124
"GSE3982_BCELL_VS_EFF_MEMORY_CD4_TCELL_DN","GSE3982_BCELL_VS_EFF_MEMORY_CD4_TCELL_DN","63/6767","195/21355",0.452787611536396,0.493189310462525,0.0844486639207797
"GSE40685_NAIVE_CD4_TCELL_VS_FOXP3_KO_TREG_PRECURSOR_DN","GSE40685_NAIVE_CD4_TCELL_VS_FOXP3_KO_TREG_PRECURSOR_DN","63/6767","195/21355",0.452787611536396,0.493189310462525,0.0844486639207797
"GSE21927_SPLEEN_VS_TUMOR_MONOCYTE_BALBC_UP","GSE21927_SPLEEN_VS_TUMOR_MONOCYTE_BALBC_UP","62/6767","192/21355",0.45546514201429,0.495895048440702,0.0849119666573343
"GSE2770_TGFB_AND_IL4_VS_TGFB_AND_IL12_TREATED_ACT_CD4_TCELL_2H_UP","GSE2770_TGFB_AND_IL4_VS_TGFB_AND_IL12_TREATED_ACT_CD4_TCELL_2H_UP","62/6767","192/21355",0.45546514201429,0.495895048440702,0.0849119666573343
"SCHERER_PBMC_APSV_WETVAX_AGE_18_40YO_5_TO_7DY_DN","SCHERER_PBMC_APSV_WETVAX_AGE_18_40YO_5_TO_7DY_DN","7/6767","20/21355",0.457194985643407,0.497672758257696,0.085216363398503
"GSE15659_TREG_VS_TCONV_DN","GSE15659_TREG_VS_TCONV_DN","60/6767","186/21355",0.460945457641499,0.501648771243465,0.0858971749596153
"PATEL_SKIN_OF_BODY_ZOSTAVAX_AGE_70_93YO_VZV_CHALLENGE_3DY_DN","PATEL_SKIN_OF_BODY_ZOSTAVAX_AGE_70_93YO_VZV_CHALLENGE_3DY_DN","14/6767","42/21355",0.466688996609539,0.507791698984954,0.0869490267117227
"GSE9946_IMMATURE_VS_LISTERIA_INF_MATURE_DC_DN","GSE9946_IMMATURE_VS_LISTERIA_INF_MATURE_DC_DN","43/6767","133/21355",0.469095734141075,0.51030210671362,0.0873788831057783
"GSE21063_WT_VS_NFATC1_KO_3H_ANTI_IGM_STIM_BCELL_UP","GSE21063_WT_VS_NFATC1_KO_3H_ANTI_IGM_STIM_BCELL_UP","64/6767","199/21355",0.469483738783145,0.510399306348852,0.0873955265713904
"GSE3982_MAST_CELL_VS_NKCELL_DN","GSE3982_MAST_CELL_VS_NKCELL_DN","64/6767","199/21355",0.469483738783145,0.510399306348852,0.0873955265713904
"GSE7460_CTRL_VS_FOXP3_OVEREXPR_TCONV_UP","GSE7460_CTRL_VS_FOXP3_OVEREXPR_TCONV_UP","64/6767","199/21355",0.469483738783145,0.510399306348852,0.0873955265713904
"HOWARD_B_CELL_INACT_MONOV_INFLUENZA_A_INDONESIA_05_2005_H5N1_AGE_18_49YO_1DY_UP","HOWARD_B_CELL_INACT_MONOV_INFLUENZA_A_INDONESIA_05_2005_H5N1_AGE_18_49YO_1DY_UP","5/6767","14/21355",0.471101896500457,0.512049909552225,0.0876781588836306
"ANDERSON_BLOOD_CN54GP140_ADJUVANTED_WITH_GLA_AF_AGE_18_45YO_1DY_UP","ANDERSON_BLOOD_CN54GP140_ADJUVANTED_WITH_GLA_AF_AGE_18_45YO_1DY_UP","28/6767","86/21355",0.471430323978062,0.512298277031693,0.0877206867757757
"GSE37301_LYMPHOID_PRIMED_MPP_VS_PRO_BCELL_DN","GSE37301_LYMPHOID_PRIMED_MPP_VS_PRO_BCELL_DN","63/6767","196/21355",0.472276599902134,0.513109160351397,0.0878595340936149
"GSE2770_UNTREATED_VS_TGFB_AND_IL4_TREATED_ACT_CD4_TCELL_4H_DN","GSE2770_UNTREATED_VS_TGFB_AND_IL4_TREATED_ACT_CD4_TCELL_4H_DN","42/6767","130/21355",0.472448228382573,0.513186878584206,0.0878728417642877
"HARALAMBIEVA_PBMC_FLUARIX_AGE_50_74YO_CORR_WITH_28D_MEM_B_CELL_RESPONSE_AT_28DY_LEUK_MIGR_MAPK_ACT_CYTOK_SIG_DIAB_OF_THE_YNG_NEGATIVE","HARALAMBIEVA_PBMC_FLUARIX_AGE_50_74YO_CORR_WITH_28D_MEM_B_CELL_RESPONSE_AT_28DY_LEUK_MIGR_MAPK_ACT_CYTOK_SIG_DIAB_OF_THE_YNG_NEGATIVE","4/6767","11/21355",0.479887470564152,0.520826219640645,0.0891809239383445
"HARALAMBIEVA_PBMC_M_M_R_II_AGE_11_22YO_VACCINATED_VS_UNVACCINATED_LOW_ANTIBODY_RESPONDERS_TO_TREATMENT_7YR_DN","HARALAMBIEVA_PBMC_M_M_R_II_AGE_11_22YO_VACCINATED_VS_UNVACCINATED_LOW_ANTIBODY_RESPONDERS_TO_TREATMENT_7YR_DN","4/6767","11/21355",0.479887470564152,0.520826219640645,0.0891809239383445
"HOEK_B_CELL_2011_2012_TIV_ADULT_1DY_UP","HOEK_B_CELL_2011_2012_TIV_ADULT_1DY_UP","4/6767","11/21355",0.479887470564152,0.520826219640645,0.0891809239383445
"ZAK_PBMC_MRKAD5_HIV_1_GAG_POL_NEF_AGE_20_50YO_3DY_DN","ZAK_PBMC_MRKAD5_HIV_1_GAG_POL_NEF_AGE_20_50YO_3DY_DN","4/6767","11/21355",0.479887470564152,0.520826219640645,0.0891809239383445
"WEINBERGER_BLOOD_TWINRIX_AGE_20_40_AND_60_84YO_CORRELATED_WITH_ANTI_HBS_CONC_PRIMARY_VACC_1DY_SIGNIFICANT","WEINBERGER_BLOOD_TWINRIX_AGE_20_40_AND_60_84YO_CORRELATED_WITH_ANTI_HBS_CONC_PRIMARY_VACC_1DY_SIGNIFICANT","11/6767","33/21355",0.484385120984147,0.52559629953137,0.0899977033474305
"GSE13229_MATURE_VS_INTMATURE_NKCELL_UP","GSE13229_MATURE_VS_INTMATURE_NKCELL_UP","64/6767","200/21355",0.488810211357543,0.529837199498969,0.0907238714303307
"GSE15750_WT_VS_TRAF6KO_DAY6_EFF_CD8_TCELL_DN","GSE15750_WT_VS_TRAF6KO_DAY6_EFF_CD8_TCELL_DN","64/6767","200/21355",0.488810211357543,0.529837199498969,0.0907238714303307
"GSE17721_CTRL_VS_CPG_0.5H_BMDC_DN","GSE17721_CTRL_VS_CPG_0.5H_BMDC_DN","64/6767","200/21355",0.488810211357543,0.529837199498969,0.0907238714303307
"GSE17721_CTRL_VS_PAM3CSK4_0.5H_BMDC_DN","GSE17721_CTRL_VS_PAM3CSK4_0.5H_BMDC_DN","64/6767","200/21355",0.488810211357543,0.529837199498969,0.0907238714303307
"GSE19888_ADENOSINE_A3R_INH_VS_ACT_WITH_INHIBITOR_PRETREATMENT_IN_MAST_CELL_UP","GSE19888_ADENOSINE_A3R_INH_VS_ACT_WITH_INHIBITOR_PRETREATMENT_IN_MAST_CELL_UP","64/6767","200/21355",0.488810211357543,0.529837199498969,0.0907238714303307
"GSE37301_LYMPHOID_PRIMED_MPP_VS_RAG2_KO_NK_CELL_DN","GSE37301_LYMPHOID_PRIMED_MPP_VS_RAG2_KO_NK_CELL_DN","62/6767","194/21355",0.494736765575998,0.536034530242633,0.0917850385928687
"GSE37336_LY6C_POS_VS_NEG_NAIVE_CD4_TCELL_UP","GSE37336_LY6C_POS_VS_NEG_NAIVE_CD4_TCELL_UP","62/6767","194/21355",0.494736765575998,0.536034530242633,0.0917850385928687
"GSE45365_WT_VS_IFNAR_KO_CD11B_DC_MCMV_INFECTION_DN","GSE45365_WT_VS_IFNAR_KO_CD11B_DC_MCMV_INFECTION_DN","61/6767","191/21355",0.497769013619672,0.539205943973813,0.0923280788548059
"GSE10147_IL3_VS_IL3_AND_CPG_STIM_PDC_UP","GSE10147_IL3_VS_IL3_AND_CPG_STIM_PDC_UP","47/6767","147/21355",0.501496913495783,0.543129420256206,0.0929998945712945
"GSE40274_CTRL_VS_FOXP3_AND_SATB1_TRANSDUCED_ACTIVATED_CD4_TCELL_DN","GSE40274_CTRL_VS_FOXP3_AND_SATB1_TRANSDUCED_ACTIVATED_CD4_TCELL_DN","52/6767","163/21355",0.506154839551832,0.548058260270801,0.0938438584307737
"GSE18791_CTRL_VS_NEWCASTLE_VIRUS_DC_2H_DN","GSE18791_CTRL_VS_NEWCASTLE_VIRUS_DC_2H_DN","57/6767","179/21355",0.510393702921461,0.552531358715864,0.0946097857922516
"GSE26023_PHD3_KO_VS_WT_NEUTROPHIL_HYPOXIA_UP","GSE26023_PHD3_KO_VS_WT_NEUTROPHIL_HYPOXIA_UP","63/6767","198/21355",0.511164724345368,0.552899059434325,0.0946727470806211
"GSE29618_LAIV_VS_TIV_FLU_VACCINE_DAY7_BCELL_UP","GSE29618_LAIV_VS_TIV_FLU_VACCINE_DAY7_BCELL_UP","63/6767","198/21355",0.511164724345368,0.552899059434325,0.0946727470806211
"GSE30153_LUPUS_VS_HEALTHY_DONOR_BCELL_DN","GSE30153_LUPUS_VS_HEALTHY_DONOR_BCELL_DN","63/6767","198/21355",0.511164724345368,0.552899059434325,0.0946727470806211
"GSE3982_BCELL_VS_CENT_MEMORY_CD4_TCELL_DN","GSE3982_BCELL_VS_CENT_MEMORY_CD4_TCELL_DN","63/6767","198/21355",0.511164724345368,0.552899059434325,0.0946727470806211
"GSE15659_NONSUPPRESSIVE_TCELL_VS_ACTIVATED_TREG_UP","GSE15659_NONSUPPRESSIVE_TCELL_VS_ACTIVATED_TREG_UP","62/6767","195/21355",0.514292010316263,0.556164340200691,0.0952318601680221
"NAKAYA_PBMC_FLUAD_MALE_AGE_14_27YO_1D_POSTBOOST_VS_0D_PREIMM_MF59_ADJUVANTED_1DY_ATIV_UP","NAKAYA_PBMC_FLUAD_MALE_AGE_14_27YO_1D_POSTBOOST_VS_0D_PREIMM_MF59_ADJUVANTED_1DY_ATIV_UP","13/6767","40/21355",0.515386824003115,0.557230756361023,0.0954144623007387
"GSE37605_TREG_VS_TCONV_C57BL6_FOXP3_FUSION_GFP_UP","GSE37605_TREG_VS_TCONV_C57BL6_FOXP3_FUSION_GFP_UP","43/6767","135/21355",0.516166274202662,0.557955827079285,0.0955386159514897
"SOBOLEV_PBMC_PANDEMRIX_AGE_18_64YO_HIGH_VS_LOW_RESPONDERS_MEDIUM_HIGH_ADVERSE_EVENTS_SCORE_1DY_CORRELATED_WITH_TRANSITIONAL_B_CELLS_UP","SOBOLEV_PBMC_PANDEMRIX_AGE_18_64YO_HIGH_VS_LOW_RESPONDERS_MEDIUM_HIGH_ADVERSE_EVENTS_SCORE_1DY_CORRELATED_WITH_TRANSITIONAL_B_CELLS_UP","7/6767","21/21355",0.517149301458372,0.558900604674763,0.0957003899476973
"GSE13485_CTRL_VS_DAY3_YF17D_VACCINE_PBMC_UP","GSE13485_CTRL_VS_DAY3_YF17D_VACCINE_PBMC_UP","60/6767","189/21355",0.52069351966798,0.562612365719227,0.0963359537248284
"GSE25147_UNSTIM_VS_HELIOBACTER_PYLORI_LPS_STIM_MKN45_CELL_DN","GSE25147_UNSTIM_VS_HELIOBACTER_PYLORI_LPS_STIM_MKN45_CELL_DN","53/6767","167/21355",0.523896200313228,0.565953607038752,0.0969080735159208
"FULLER_PBMC_F_TULARENSIS_VACCINE_LVS_AGE_22_54YO_48HR_DN","FULLER_PBMC_F_TULARENSIS_VACCINE_LVS_AGE_22_54YO_48HR_DN","6/6767","18/21355",0.528407937033862,0.570707287375734,0.0977220448341315
"GSE15930_STIM_VS_STIM_AND_TRICHOSTATINA_24H_CD8_T_CELL_UP","GSE15930_STIM_VS_STIM_AND_TRICHOSTATINA_24H_CD8_T_CELL_UP","63/6767","199/21355",0.530472827951396,0.572696186335399,0.0980626034315179
"GSE2770_UNTREATED_VS_TGFB_AND_IL12_TREATED_ACT_CD4_TCELL_2H_UP","GSE2770_UNTREATED_VS_TGFB_AND_IL12_TREATED_ACT_CD4_TCELL_2H_UP","63/6767","199/21355",0.530472827951396,0.572696186335399,0.0980626034315179
"ERWIN_COHEN_PBMC_TC_83_AGE_18_45YO_RESPONDERS_PREVIOUSLY_IMMUNIZED_24HR_DEG_CANONICAL_PATHWAY_MEMBERS_UP","ERWIN_COHEN_PBMC_TC_83_AGE_18_45YO_RESPONDERS_PREVIOUSLY_IMMUNIZED_24HR_DEG_CANONICAL_PATHWAY_MEMBERS_UP","11/6767","34/21355",0.531164066933291,0.573321720245681,0.0981697134232387
"GSE22601_DOUBLE_POSITIVE_VS_CD4_SINGLE_POSITIVE_THYMOCYTE_UP","GSE22601_DOUBLE_POSITIVE_VS_CD4_SINGLE_POSITIVE_THYMOCYTE_UP","62/6767","196/21355",0.533731976328771,0.575850976986028,0.0986027973281488
"GSE22611_MUTANT_NOD2_TRANSDUCED_VS_CTRL_HEK293T_STIMULATED_WITH_MDP_6H_UP","GSE22611_MUTANT_NOD2_TRANSDUCED_VS_CTRL_HEK293T_STIMULATED_WITH_MDP_6H_UP","62/6767","196/21355",0.533731976328771,0.575850976986028,0.0986027973281488
"GSE21927_EL4_VS_MCA203_TUMOR_MONOCYTES_DN","GSE21927_EL4_VS_MCA203_TUMOR_MONOCYTES_DN","61/6767","193/21355",0.537041191382695,0.579299429459095,0.0991932748542566
"GSE15659_NAIVE_VS_PTPRC_NEG_CD4_TCELL_DN","GSE15659_NAIVE_VS_PTPRC_NEG_CD4_TCELL_DN","63/6767","200/21355",0.54963154945076,0.592631115464573,0.101476055618337
"GSE3691_CONVENTIONAL_VS_PLASMACYTOID_DC_SPLEEN_DN","GSE3691_CONVENTIONAL_VS_PLASMACYTOID_DC_SPLEEN_DN","63/6767","200/21355",0.54963154945076,0.592631115464573,0.101476055618337
"GSE21033_3H_VS_12H_POLYIC_STIM_DC_DN","GSE21033_3H_VS_12H_POLYIC_STIM_DC_DN","46/6767","146/21355",0.550058739012048,0.592967021638934,0.101533572736056
"FRANCO_BLOOD_SANOFI_PASTEUR_SA_INACTIVATED_INFLUENZA_VACCINE_CORRELATED_WITH_ANTIBODY_RESPONSE_AGE_18_40YO_14DY_NEGATIVE","FRANCO_BLOOD_SANOFI_PASTEUR_SA_INACTIVATED_INFLUENZA_VACCINE_CORRELATED_WITH_ANTIBODY_RESPONSE_AGE_18_40YO_14DY_NEGATIVE","9/6767","28/21355",0.550242488563085,0.593040411785355,0.10154613930974
"GSE2770_IL12_VS_TGFB_AND_IL12_TREATED_ACT_CD4_TCELL_2H_UP","GSE2770_IL12_VS_TGFB_AND_IL12_TREATED_ACT_CD4_TCELL_2H_UP","40/6767","127/21355",0.552050777294768,0.594864299115233,0.101858443013172
"GSE9509_LPS_VS_LPS_AND_IL10_STIM_IL10_KO_MACROPHAGE_20MIN_UP","GSE9509_LPS_VS_LPS_AND_IL10_STIM_IL10_KO_MACROPHAGE_20MIN_UP","61/6767","194/21355",0.556443973143661,0.59947221061306,0.102647454374938
"GSE11884_WT_VS_FURIN_KO_NAIVE_CD4_TCELL_UP","GSE11884_WT_VS_FURIN_KO_NAIVE_CD4_TCELL_UP","44/6767","140/21355",0.558233857645308,0.601274157173843,0.102956001166782
"GSE45365_HEALTHY_VS_MCMV_INFECTION_CD8_TCELL_IFNAR_KO_UP","GSE45365_HEALTHY_VS_MCMV_INFECTION_CD8_TCELL_IFNAR_KO_UP","60/6767","191/21355",0.559928597895909,0.602924736205287,0.103238629340069
"GSE7568_CTRL_VS_3H_TGFB_TREATED_MACROPHAGES_WITH_IL4_AND_DEXAMETHASONE_UP","GSE7568_CTRL_VS_3H_TGFB_TREATED_MACROPHAGES_WITH_IL4_AND_DEXAMETHASONE_UP","49/6767","156/21355",0.560001481140935,0.602924736205287,0.103238629340069
"HOEK_NEUTROPHIL_2011_2012_TIV_ADULT_1DY_UP","HOEK_NEUTROPHIL_2011_2012_TIV_ADULT_1DY_UP","12/6767","38/21355",0.566591712058153,0.609892023456257,0.104431635934119
"GSE9946_LISTERIA_INF_MATURE_VS_PROSTAGLANDINE2_TREATED_MATURE_DC_UP","GSE9946_LISTERIA_INF_MATURE_VS_PROSTAGLANDINE2_TREATED_MATURE_DC_UP","42/6767","134/21355",0.566770682741851,0.609956610079234,0.104442695083014
"GSE18791_CTRL_VS_NEWCASTLE_VIRUS_DC_1H_DN","GSE18791_CTRL_VS_NEWCASTLE_VIRUS_DC_1H_DN","58/6767","185/21355",0.567062771980182,0.61014288183471,0.104474590342182
"GSE18281_SUBCAPSULAR_CORTICAL_REGION_VS_WHOLE_CORTEX_THYMUS_DN","GSE18281_SUBCAPSULAR_CORTICAL_REGION_VS_WHOLE_CORTEX_THYMUS_DN","62/6767","198/21355",0.572089638289105,0.615386277148379,0.105372415415139
"GSE13522_CTRL_VS_T_CRUZI_BRAZIL_STRAIN_INF_SKIN_UP","GSE13522_CTRL_VS_T_CRUZI_BRAZIL_STRAIN_INF_SKIN_UP","46/6767","147/21355",0.572176006078861,0.615386277148379,0.105372415415139
"HOEK_PBMC_INACTIVATED_INFLUENZA_ADULT_7DY_DN","HOEK_PBMC_INACTIVATED_INFLUENZA_ADULT_7DY_DN","7/6767","22/21355",0.574488941383479,0.617744295820699,0.105776178274863
"GSE37532_VISCERAL_ADIPOSE_TISSUE_VS_LN_DERIVED_TCONV_CD4_TCELL_UP","GSE37532_VISCERAL_ADIPOSE_TISSUE_VS_LN_DERIVED_TCONV_CD4_TCELL_UP","40/6767","128/21355",0.575702915982328,0.618919867947451,0.105977471152346
"GSE10147_IL3_VS_IL3_AND_HIVP17_STIM_PDC_DN","GSE10147_IL3_VS_IL3_AND_HIVP17_STIM_PDC_DN","45/6767","144/21355",0.576400651679076,0.619540071521724,0.106083668432164
"GSE18791_CTRL_VS_NEWCASTLE_VIRUS_DC_14H_DN","GSE18791_CTRL_VS_NEWCASTLE_VIRUS_DC_14H_DN","60/6767","192/21355",0.579228977397153,0.622449584388012,0.106581863484258
"GSE21546_UNSTIM_VS_ANTI_CD3_STIM_SAP1A_KO_AND_ELK1_KO_DP_THYMOCYTES_UP","GSE21546_UNSTIM_VS_ANTI_CD3_STIM_SAP1A_KO_AND_ELK1_KO_DP_THYMOCYTES_UP","59/6767","189/21355",0.582880500061062,0.626242314294439,0.107231291536358
"GSE7509_FCGRIIB_VS_TNFA_IL1B_IL6_PGE_STIM_DC_DN","GSE7509_FCGRIIB_VS_TNFA_IL1B_IL6_PGE_STIM_DC_DN","48/6767","154/21355",0.585438535877505,0.628858867262511,0.107679323149258
"ZAK_PBMC_MRKAD5_HIV_1_GAG_POL_NEF_AGE_20_50YO_AD5_NAB_TITERS_GTE_200_VS_LTE_200_1DY_UP","ZAK_PBMC_MRKAD5_HIV_1_GAG_POL_NEF_AGE_20_50YO_AD5_NAB_TITERS_GTE_200_VS_LTE_200_1DY_UP","53/6767","170/21355",0.585945050006375,0.629271108375091,0.107749911076515
"GSE16385_IFNG_TNF_VS_ROSIGLITAZONE_STIM_MACROPHAGE_UP","GSE16385_IFNG_TNF_VS_ROSIGLITAZONE_STIM_MACROPHAGE_UP","58/6767","186/21355",0.586588780296952,0.629830508184811,0.107845696945199
"GSE3720_UNSTIM_VS_PMA_STIM_VD1_GAMMADELTA_TCELL_DN","GSE3720_UNSTIM_VS_PMA_STIM_VD1_GAMMADELTA_TCELL_DN","42/6767","135/21355",0.58962428659826,0.63256516282851,0.108313951074082
"GSE40274_FOXP3_VS_FOXP3_AND_SATB1_TRANSDUCED_ACTIVATED_CD4_TCELL_UP","GSE40274_FOXP3_VS_FOXP3_AND_SATB1_TRANSDUCED_ACTIVATED_CD4_TCELL_UP","42/6767","135/21355",0.58962428659826,0.63256516282851,0.108313951074082
"LI_PBMC_MENACTRA_AGE_18_45YO_ANTI_DT_ANTIBODY_CORRELATION_PROFILE_3DY_DN","LI_PBMC_MENACTRA_AGE_18_45YO_ANTI_DT_ANTIBODY_CORRELATION_PROFILE_3DY_DN","6/6767","19/21355",0.58962920092792,0.63256516282851,0.108313951074082
"LI_PBMC_MENOMUNE_A_C_Y_W_135_AGE_18_45YO_3DY_DN","LI_PBMC_MENOMUNE_A_C_Y_W_135_AGE_18_45YO_3DY_DN","6/6767","19/21355",0.58962920092792,0.63256516282851,0.108313951074082
"GSE22443_IL2_VS_IL12_TREATED_ACT_CD8_TCELL_UP","GSE22443_IL2_VS_IL12_TREATED_ACT_CD8_TCELL_UP","62/6767","199/21355",0.590923523259454,0.633688538747379,0.108506306409887
"GSE32986_GMCSF_AND_CURDLAN_LOWDOSE_VS_GMCSF_AND_CURDLAN_HIGHDOSE_STIM_DC_DN","GSE32986_GMCSF_AND_CURDLAN_LOWDOSE_VS_GMCSF_AND_CURDLAN_HIGHDOSE_STIM_DC_DN","62/6767","199/21355",0.590923523259454,0.633688538747379,0.108506306409887
"GSE29618_PRE_VS_DAY7_FLU_VACCINE_BCELL_UP","GSE29618_PRE_VS_DAY7_FLU_VACCINE_BCELL_UP","61/6767","196/21355",0.594565406506254,0.637460652270507,0.109152204324598
"GSE17974_IL4_AND_ANTI_IL12_VS_UNTREATED_6H_ACT_CD4_TCELL_UP","GSE17974_IL4_AND_ANTI_IL12_VS_UNTREATED_6H_ACT_CD4_TCELL_UP","59/6767","190/21355",0.602012026132641,0.645309566795327,0.110496171703428
"GSE17721_POLYIC_VS_GARDIQUIMOD_0.5H_BMDC_UP","GSE17721_POLYIC_VS_GARDIQUIMOD_0.5H_BMDC_UP","62/6767","200/21355",0.609474989753215,0.652490764766075,0.111725806168562
"GSE19941_IL10_KO_VS_IL10_KO_AND_NFKBP50_KO_UNSTIM_MACROPHAGE_UP","GSE19941_IL10_KO_VS_IL10_KO_AND_NFKBP50_KO_UNSTIM_MACROPHAGE_UP","62/6767","200/21355",0.609474989753215,0.652490764766075,0.111725806168562
"GSE22935_UNSTIM_VS_48H_MBOVIS_BCG_STIM_MYD88_KO_MACROPHAGE_DN","GSE22935_UNSTIM_VS_48H_MBOVIS_BCG_STIM_MYD88_KO_MACROPHAGE_DN","62/6767","200/21355",0.609474989753215,0.652490764766075,0.111725806168562
"GSE3203_HEALTHY_VS_INFLUENZA_INFECTED_LN_BCELL_DN","GSE3203_HEALTHY_VS_INFLUENZA_INFECTED_LN_BCELL_DN","62/6767","200/21355",0.609474989753215,0.652490764766075,0.111725806168562
"GSE3203_WT_VS_IFNAR1_KO_INFLUENZA_INFECTED_LN_BCELL_UP","GSE3203_WT_VS_IFNAR1_KO_INFLUENZA_INFECTED_LN_BCELL_UP","62/6767","200/21355",0.609474989753215,0.652490764766075,0.111725806168562
"GSE36392_EOSINOPHIL_VS_MAC_IL25_TREATED_LUNG_UP","GSE36392_EOSINOPHIL_VS_MAC_IL25_TREATED_LUNG_UP","62/6767","200/21355",0.609474989753215,0.652490764766075,0.111725806168562
"GSE12003_4D_VS_8D_CULTURE_MIR223_KO_BM_PROGENITOR_UP","GSE12003_4D_VS_8D_CULTURE_MIR223_KO_BM_PROGENITOR_UP","47/6767","152/21355",0.610885672447261,0.653864476542193,0.111961026441274
"GSE13762_CTRL_VS_125_VITAMIND_DAY5_DC_UP","GSE13762_CTRL_VS_125_VITAMIND_DAY5_DC_UP","42/6767","136/21355",0.612044175185059,0.654967749149196,0.112149939492764
"GSE17974_0H_VS_0.5H_IN_VITRO_ACT_CD4_TCELL_UP","GSE17974_0H_VS_0.5H_IN_VITRO_ACT_CD4_TCELL_UP","60/6767","194/21355",0.616985130643206,0.659842045224805,0.112984563809243
"GSE17974_IL4_AND_ANTI_IL12_VS_UNTREATED_24H_ACT_CD4_TCELL_DN","GSE17974_IL4_AND_ANTI_IL12_VS_UNTREATED_24H_ACT_CD4_TCELL_DN","60/6767","194/21355",0.616985130643206,0.659842045224805,0.112984563809243
"GSE23114_WT_VS_SLE2C1_MOUSE_PERITONEAL_CAVITY_B1A_BCELL_DN","GSE23114_WT_VS_SLE2C1_MOUSE_PERITONEAL_CAVITY_B1A_BCELL_DN","60/6767","194/21355",0.616985130643206,0.659842045224805,0.112984563809243
"GSE21063_WT_VS_NFATC1_KO_16H_ANTI_IGM_STIM_BCELL_DN","GSE21063_WT_VS_NFATC1_KO_16H_ANTI_IGM_STIM_BCELL_DN","58/6767","188/21355",0.624715532043582,0.667830803333496,0.114352476564757
"GSE43863_NAIVE_VS_MEMORY_TH1_CD4_TCELL_D150_LCMV_UP","GSE43863_NAIVE_VS_MEMORY_TH1_CD4_TCELL_D150_LCMV_UP","58/6767","188/21355",0.624715532043582,0.667830803333496,0.114352476564757
"GSE45365_WT_VS_IFNAR_KO_BCELL_MCMV_INFECTION_UP","GSE45365_WT_VS_IFNAR_KO_BCELL_MCMV_INFECTION_UP","57/6767","185/21355",0.628667182720275,0.671915081469012,0.115051826336353
"GAUCHER_PBMC_YF_VAX_STAMARIL_UNKNOWN_AGE_28DY_DN","GAUCHER_PBMC_YF_VAX_STAMARIL_UNKNOWN_AGE_28DY_DN","4/6767","13/21355",0.630682526168686,0.673788145794301,0.115372550602578
"HOEK_PBMC_INACTIVATED_INFLUENZA_ADULT_1DY_DN","HOEK_PBMC_INACTIVATED_INFLUENZA_ADULT_1DY_DN","4/6767","13/21355",0.630682526168686,0.673788145794301,0.115372550602578
"GSE18791_UNSTIM_VS_NEWCATSLE_VIRUS_DC_2H_DN","GSE18791_UNSTIM_VS_NEWCATSLE_VIRUS_DC_2H_DN","56/6767","182/21355",0.6326786445732,0.675779877234749,0.115713594204835
"GSE45365_NK_CELL_VS_CD8A_DC_MCMV_INFECTION_UP","GSE45365_NK_CELL_VS_CD8A_DC_MCMV_INFECTION_UP","60/6767","195/21355",0.635364053934972,0.678506874510436,0.116180537164794
"GSE34156_UNTREATED_VS_6H_NOD2_AND_TLR1_TLR2_LIGAND_TREATED_MONOCYTE_UP","GSE34156_UNTREATED_VS_6H_NOD2_AND_TLR1_TLR2_LIGAND_TREATED_MONOCYTE_UP","58/6767","189/21355",0.643237912615996,0.686772340271181,0.117595830492063
"HOEK_NEUTROPHIL_2011_2012_TIV_ADULT_7DY_DN","HOEK_NEUTROPHIL_2011_2012_TIV_ADULT_7DY_DN","12/6767","40/21355",0.648491560932271,0.692237400145691,0.118531611124081
"GSE1925_CTRL_VS_3H_IFNG_STIM_MACROPHAGE_DN","GSE1925_CTRL_VS_3H_IFNG_STIM_MACROPHAGE_DN","61/6767","199/21355",0.649449444097809,0.692827153535054,0.118632594427486
"GSE22935_24H_VS_48H_MBOVIS_BCG_STIM_MYD88_KO_MACROPHAGE_DN","GSE22935_24H_VS_48H_MBOVIS_BCG_STIM_MYD88_KO_MACROPHAGE_DN","61/6767","199/21355",0.649449444097809,0.692827153535054,0.118632594427486
"GSE2405_HEAT_KILLED_VS_LIVE_A_PHAGOCYTOPHILUM_STIM_NEUTROPHIL_24H_UP","GSE2405_HEAT_KILLED_VS_LIVE_A_PHAGOCYTOPHILUM_STIM_NEUTROPHIL_24H_UP","61/6767","199/21355",0.649449444097809,0.692827153535054,0.118632594427486
"GSE12963_UNINF_VS_ENV_AND_NEF_DEFICIENT_HIV1_INF_CD4_TCELL_UP","GSE12963_UNINF_VS_ENV_AND_NEF_DEFICIENT_HIV1_INF_CD4_TCELL_UP","43/6767","141/21355",0.650420181590075,0.693718383817831,0.118785199532726
"GSE40274_FOXP3_VS_FOXP3_AND_HELIOS_TRANSDUCED_ACTIVATED_CD4_TCELL_UP","GSE40274_FOXP3_VS_FOXP3_AND_HELIOS_TRANSDUCED_ACTIVATED_CD4_TCELL_UP","47/6767","154/21355",0.651996857357244,0.695255384290889,0.119048379682096
"GSE22611_NOD2_TRANSD_VS_CTRL_TRANSD_HEK293_MDP_STIM_2H_UP","GSE22611_NOD2_TRANSD_VS_CTRL_TRANSD_HEK293_MDP_STIM_2H_UP","60/6767","196/21355",0.653363457212348,0.696567778150907,0.119273100505652
"GSE15659_NAIVE_CD4_TCELL_VS_ACTIVATED_TREG_UP","GSE15659_NAIVE_CD4_TCELL_VS_ACTIVATED_TREG_UP","59/6767","193/21355",0.657330643179326,0.700505967071378,0.119947435462932
"GSE3400_UNTREATED_VS_IFNB_TREATED_MEF_DN","GSE3400_UNTREATED_VS_IFNB_TREATED_MEF_DN","59/6767","193/21355",0.657330643179326,0.700505967071378,0.119947435462932
"GSE4590_PRE_BCELL_VS_SMALL_PRE_BCELL_DN","GSE4590_PRE_BCELL_VS_SMALL_PRE_BCELL_DN","37/6767","122/21355",0.659616735141564,0.702796134885868,0.120339580239766
"HOEK_NEUTROPHIL_2011_2012_TIV_ADULT_3DY_DN","HOEK_NEUTROPHIL_2011_2012_TIV_ADULT_3DY_DN","3/6767","10/21355",0.660993501132404,0.704116700666078,0.120565700338868
"GSE9960_GRAM_NEG_VS_GRAM_NEG_AND_POS_SEPSIS_PBMC_UP","GSE9960_GRAM_NEG_VS_GRAM_NEG_AND_POS_SEPSIS_PBMC_UP","58/6767","190/21355",0.661352317282925,0.704352582199741,0.120606090266101
"GSE2706_R848_VS_LPS_2H_STIM_DC_DN","GSE2706_R848_VS_LPS_2H_STIM_DC_DN","57/6767","187/21355",0.665429838314385,0.708548033445037,0.12132447617734
"GSE45365_NK_CELL_VS_BCELL_DN","GSE45365_NK_CELL_VS_BCELL_DN","44/6767","145/21355",0.66618999935601,0.709033580635869,0.121407616283312
"GSE11924_TH1_VS_TH17_CD4_TCELL_UP","GSE11924_TH1_VS_TH17_CD4_TCELL_UP","61/6767","200/21355",0.666992190249034,0.709033580635869,0.121407616283312
"GSE12003_MIR223_KO_VS_WT_BM_PROGENITOR_4D_CULTURE_DN","GSE12003_MIR223_KO_VS_WT_BM_PROGENITOR_4D_CULTURE_DN","61/6767","200/21355",0.666992190249034,0.709033580635869,0.121407616283312
"GSE19888_ADENOSINE_A3R_INH_VS_ACT_WITH_INHIBITOR_PRETREATMENT_IN_MAST_CELL_DN","GSE19888_ADENOSINE_A3R_INH_VS_ACT_WITH_INHIBITOR_PRETREATMENT_IN_MAST_CELL_DN","61/6767","200/21355",0.666992190249034,0.709033580635869,0.121407616283312
"GSE27786_LSK_VS_ERYTHROBLAST_DN","GSE27786_LSK_VS_ERYTHROBLAST_DN","61/6767","200/21355",0.666992190249034,0.709033580635869,0.121407616283312
"GSE30083_SP1_VS_SP2_THYMOCYTE_DN","GSE30083_SP1_VS_SP2_THYMOCYTE_DN","61/6767","200/21355",0.666992190249034,0.709033580635869,0.121407616283312
"GSE33162_HDAC3_KO_VS_HDAC3_KO_4H_LPS_STIM_MACROPHAGE_DN","GSE33162_HDAC3_KO_VS_HDAC3_KO_4H_LPS_STIM_MACROPHAGE_DN","61/6767","200/21355",0.666992190249034,0.709033580635869,0.121407616283312
"GSE46606_UNSTIM_VS_CD40L_IL2_IL5_1DAY_STIMULATED_IRF4MID_SORTED_BCELL_DN","GSE46606_UNSTIM_VS_CD40L_IL2_IL5_1DAY_STIMULATED_IRF4MID_SORTED_BCELL_DN","61/6767","200/21355",0.666992190249034,0.709033580635869,0.121407616283312
"GSE40666_STAT1_KO_VS_STAT4_KO_CD8_TCELL_WITH_IFNA_STIM_90MIN_DN","GSE40666_STAT1_KO_VS_STAT4_KO_CD8_TCELL_WITH_IFNA_STIM_90MIN_DN","56/6767","184/21355",0.669564610034205,0.711620596112224,0.121850590199993
"GSE2124_CTRL_VS_LYMPHOTOXIN_BETA_TREATED_MLN_UP","GSE2124_CTRL_VS_LYMPHOTOXIN_BETA_TREATED_MLN_UP","60/6767","197/21355",0.670951860941868,0.712947189854706,0.122077742465343
"GSE19772_CTRL_VS_HCMV_INF_MONOCYTES_DN","GSE19772_CTRL_VS_HCMV_INF_MONOCYTES_DN","59/6767","194/21355",0.674963126435852,0.717060909497848,0.12278213349783
"GSE34156_UNTREATED_VS_24H_NOD2_LIGAND_TREATED_MONOCYTE_UP","GSE34156_UNTREATED_VS_24H_NOD2_LIGAND_TREATED_MONOCYTE_UP","58/6767","191/21355",0.679027173606715,0.721228986758157,0.123495832169485
"GSE29615_DAY3_VS_DAY7_LAIV_FLU_VACCINE_PBMC_UP","GSE29615_DAY3_VS_DAY7_LAIV_FLU_VACCINE_PBMC_UP","57/6767","188/21355",0.68314522348565,0.725452684509306,0.124219054721805
"GSE11961_PLASMA_CELL_DAY7_VS_MEMORY_BCELL_DAY40_DN","GSE11961_PLASMA_CELL_DAY7_VS_MEMORY_BCELL_DAY40_DN","60/6767","198/21355",0.688100784086083,0.730110248346306,0.125016568039342
"GSE1566_WT_VS_EZH2_KO_LN_TCELL_DN","GSE1566_WT_VS_EZH2_KO_LN_TCELL_DN","60/6767","198/21355",0.688100784086083,0.730110248346306,0.125016568039342
"GSE22601_DOUBLE_NEGATIVE_VS_CD8_SINGLE_POSITIVE_THYMOCYTE_DN","GSE22601_DOUBLE_NEGATIVE_VS_CD8_SINGLE_POSITIVE_THYMOCYTE_DN","60/6767","198/21355",0.688100784086083,0.730110248346306,0.125016568039342
"GSE3982_CENT_MEMORY_CD4_TCELL_VS_TH1_UP","GSE3982_CENT_MEMORY_CD4_TCELL_VS_TH1_UP","60/6767","198/21355",0.688100784086083,0.730110248346306,0.125016568039342
"GSE9006_1MONTH_VS_4MONTH_POST_TYPE_1_DIABETES_DX_PBMC_DN","GSE9006_1MONTH_VS_4MONTH_POST_TYPE_1_DIABETES_DX_PBMC_DN","59/6767","195/21355",0.692142135829616,0.734246375004851,0.125724795818637
"GARCIA_PINERES_PBMC_HPV_16_L1_VLP_AGE_18_25YO_7MO_CORRELATED_WITH_ANTIBODY_RESPONSE_POSITIVE","GARCIA_PINERES_PBMC_HPV_16_L1_VLP_AGE_18_25YO_7MO_CORRELATED_WITH_ANTIBODY_RESPONSE_POSITIVE","6/6767","21/21355",0.698081689886447,0.7403940471758,0.126777459958038
"FULLER_PBMC_F_TULARENSIS_VACCINE_LVS_AGE_22_54YO_18HR_TO_48HR_EARLY_DN","FULLER_PBMC_F_TULARENSIS_VACCINE_LVS_AGE_22_54YO_18HR_TO_48HR_EARLY_DN","11/6767","38/21355",0.69901340763452,0.741228901952882,0.126920411901636
"GSE21063_CTRL_VS_ANTI_IGM_STIM_BCELL_8H_DN","GSE21063_CTRL_VS_ANTI_IGM_STIM_BCELL_8H_DN","60/6767","199/21355",0.704784815735697,0.747039849137259,0.127915418718338
"GSE8921_UNSTIM_0H_VS_TLR1_2_STIM_MONOCYTE_24H_UP","GSE8921_UNSTIM_0H_VS_TLR1_2_STIM_MONOCYTE_24H_UP","60/6767","199/21355",0.704784815735697,0.747039849137259,0.127915418718338
"GSE9946_IMMATURE_VS_PROSTAGLANDINE2_TREATED_MATURE_DC_DN","GSE9946_IMMATURE_VS_PROSTAGLANDINE2_TREATED_MATURE_DC_DN","44/6767","147/21355",0.705539522789626,0.747685228057547,0.12802592676542
"GSE15659_CD45RA_NEG_CD4_TCELL_VS_NONSUPPRESSIVE_TCELL_UP","GSE15659_CD45RA_NEG_CD4_TCELL_VS_NONSUPPRESSIVE_TCELL_UP","59/6767","196/21355",0.708842442679388,0.75103021360141,0.12859868767897
"GSE16385_MONOCYTE_VS_MACROPHAGE_DN","GSE16385_MONOCYTE_VS_MACROPHAGE_DN","60/6767","200/21355",0.720981655229981,0.763734079827296,0.130773967042585
"HOEK_NK_CELL_2011_2012_TIV_ADULT_7DY_UP","HOEK_NK_CELL_2011_2012_TIV_ADULT_7DY_UP","5/6767","18/21355",0.721587189874372,0.764217624971267,0.130856764338648
"QIU_PBMC_HEPTATITIS_B_SURFACE_ANTIGEN_AGE_UNDER50_NON_RESPONDERS_VS_RESPONDERS_28DY_DN","QIU_PBMC_HEPTATITIS_B_SURFACE_ANTIGEN_AGE_UNDER50_NON_RESPONDERS_VS_RESPONDERS_28DY_DN","3/6767","11/21355",0.728908262595499,0.771746656345559,0.132145958217527
"GSE22342_CD11C_HIGH_VS_LOW_DECIDUAL_MACROPHAGES_DN","GSE22342_CD11C_HIGH_VS_LOW_DECIDUAL_MACROPHAGES_DN","58/6767","194/21355",0.729147806385389,0.771746656345559,0.132145958217527
"GSE34205_RSV_VS_FLU_INF_INFANT_PBMC_UP","GSE34205_RSV_VS_FLU_INF_INFANT_PBMC_UP","58/6767","194/21355",0.729147806385389,0.771746656345559,0.132145958217527
"GSE17974_IL4_AND_ANTI_IL12_VS_UNTREATED_12H_ACT_CD4_TCELL_DN","GSE17974_IL4_AND_ANTI_IL12_VS_UNTREATED_12H_ACT_CD4_TCELL_DN","57/6767","191/21355",0.733299699796891,0.775980920713861,0.132870990088666
"GSE1925_3H_VS_24H_IFNG_STIM_MACROPHAGE_UP","GSE1925_3H_VS_24H_IFNG_STIM_MACROPHAGE_UP","59/6767","198/21355",0.740722140319072,0.783673630502658,0.13418821057543
"KENNEDY_PBMC_DRYVAX_AGE_18_50YO_STIMULATED_VS_UNSTIMULATED_1_TO_48MO_TOP_DEG_UP","KENNEDY_PBMC_DRYVAX_AGE_18_50YO_STIMULATED_VS_UNSTIMULATED_1_TO_48MO_TOP_DEG_UP","6/6767","22/21355",0.744428970575061,0.787432913583317,0.134831911537164
"GSE22886_NEUTROPHIL_VS_DC_UP","GSE22886_NEUTROPHIL_VS_DC_UP","59/6767","199/21355",0.755867155679209,0.799366936296886,0.136875370817366
"GSE11367_CTRL_VS_IL17_TREATED_SMOOTH_MUSCLE_CELL_DN","GSE11367_CTRL_VS_IL17_TREATED_SMOOTH_MUSCLE_CELL_DN","34/6767","117/21355",0.759949461029395,0.803518434047785,0.137586230584389
"GSE43863_NAIVE_VS_LY6C_LOW_CXCR5NEG_CD4_EFF_TCELL_D6_LCMV_UP","GSE43863_NAIVE_VS_LY6C_LOW_CXCR5NEG_CD4_EFF_TCELL_D6_LCMV_UP","57/6767","193/21355",0.764038387982774,0.807675219626327,0.138297995784619
"GSE16450_CTRL_VS_IFNA_12H_STIM_MATURE_NEURON_CELL_LINE_UP","GSE16450_CTRL_VS_IFNA_12H_STIM_MATURE_NEURON_CELL_LINE_UP","59/6767","200/21355",0.770464634590587,0.813629697537784,0.139317579326478
"GSE20366_EX_VIVO_VS_HOMEOSTATIC_CONVERSION_NAIVE_CD4_TCELL_DN","GSE20366_EX_VIVO_VS_HOMEOSTATIC_CONVERSION_NAIVE_CD4_TCELL_DN","59/6767","200/21355",0.770464634590587,0.813629697537784,0.139317579326478
"GSE26488_CTRL_VS_PEPTIDE_INJECTION_HDAC7_DELTAP_TG_OT2_THYMOCYTE_UP","GSE26488_CTRL_VS_PEPTIDE_INJECTION_HDAC7_DELTAP_TG_OT2_THYMOCYTE_UP","59/6767","200/21355",0.770464634590587,0.813629697537784,0.139317579326478
"GSE27786_NKTCELL_VS_ERYTHROBLAST_DN","GSE27786_NKTCELL_VS_ERYTHROBLAST_DN","59/6767","200/21355",0.770464634590587,0.813629697537784,0.139317579326478
"GSE28237_EARLY_VS_LATE_GC_BCELL_UP","GSE28237_EARLY_VS_LATE_GC_BCELL_UP","59/6767","200/21355",0.770464634590587,0.813629697537784,0.139317579326478
"GSE25088_CTRL_VS_ROSIGLITAZONE_STIM_MACROPHAGE_DN","GSE25088_CTRL_VS_ROSIGLITAZONE_STIM_MACROPHAGE_DN","54/6767","184/21355",0.776593951377012,0.819933523210449,0.14039698158511
"HOEK_NK_CELL_2011_2012_TIV_ADULT_3DY_UP","HOEK_NK_CELL_2011_2012_TIV_ADULT_3DY_UP","6/6767","23/21355",0.785398902914845,0.829059126054027,0.141959555937926
"GSE29949_MICROGLIA_BRAIN_VS_CD8_NEG_DC_SPLEEN_DN","GSE29949_MICROGLIA_BRAIN_VS_CD8_NEG_DC_SPLEEN_DN","58/6767","198/21355",0.788482326632146,0.831971370373125,0.1424582186959
"GSE41176_UNSTIM_VS_ANTI_IGM_STIM_TAK1_KO_BCELL_3H_UP","GSE41176_UNSTIM_VS_ANTI_IGM_STIM_TAK1_KO_BCELL_3H_UP","58/6767","198/21355",0.788482326632146,0.831971370373125,0.1424582186959
"GSE5589_WT_VS_IL10_KO_LPS_AND_IL10_STIM_MACROPHAGE_180MIN_DN","GSE5589_WT_VS_IL10_KO_LPS_AND_IL10_STIM_MACROPHAGE_180MIN_DN","35/6767","122/21355",0.790322953995125,0.833741931097326,0.142761391299964
"GSE1740_UNSTIM_VS_IFNA_STIMULATED_MCSF_DERIVED_MACROPHAGE_UP","GSE1740_UNSTIM_VS_IFNA_STIMULATED_MCSF_DERIVED_MACROPHAGE_UP","54/6767","185/21355",0.790959227902982,0.834241506163051,0.142846933394924
"GSE19198_CTRL_VS_IL21_TREATED_TCELL_1H_UP","GSE19198_CTRL_VS_IL21_TREATED_TCELL_1H_UP","57/6767","195/21355",0.792491187056695,0.835685379687304,0.143094167443609
"GSE9946_IMMATURE_VS_LISTERIA_INF_MATURE_DC_UP","GSE9946_IMMATURE_VS_LISTERIA_INF_MATURE_DC_UP","40/6767","139/21355",0.796174528283393,0.839255754994488,0.14370552178157
"GSE15659_RESTING_VS_ACTIVATED_TREG_UP","GSE15659_RESTING_VS_ACTIVATED_TREG_UP","56/6767","192/21355",0.796531793213025,0.839255754994488,0.14370552178157
"GSE17974_CTRL_VS_ACT_IL4_AND_ANTI_IL12_0.5H_CD4_TCELL_UP","GSE17974_CTRL_VS_ACT_IL4_AND_ANTI_IL12_0.5H_CD4_TCELL_UP","56/6767","192/21355",0.796531793213025,0.839255754994488,0.14370552178157
"GSE6566_STRONG_VS_WEAK_DC_STIMULATED_CD4_TCELL_UP","GSE6566_STRONG_VS_WEAK_DC_STIMULATED_CD4_TCELL_UP","56/6767","192/21355",0.796531793213025,0.839255754994488,0.14370552178157
"MATSUMIYA_PBMC_MODIFIED_VACCINIA_ANKARA_VACCINE_AGE_18_55YO_VACCINATED_VS_CONTROL_TREATED_IN_VITRO_WITH_WILD_TYPE_MVA_6HR_UP","MATSUMIYA_PBMC_MODIFIED_VACCINIA_ANKARA_VACCINE_AGE_18_55YO_VACCINATED_VS_CONTROL_TREATED_IN_VITRO_WITH_WILD_TYPE_MVA_6HR_UP","9/6767","34/21355",0.797151669151084,0.839736307322294,0.143787806618581
"HOEK_MYELOID_DENDRITIC_CELL_2011_2012_TIV_ADULT_7DY_UP","HOEK_MYELOID_DENDRITIC_CELL_2011_2012_TIV_ADULT_7DY_UP","7/6767","27/21355",0.800388134098205,0.842799335288868,0.144312288017188
"RICHERT_PBMC_HIV_LIPO_5_AGE_37_48YO_STIMULATED_VS_UNSTIMULATED_14W_TOP_FUNCTIONAL_NETWORK_UP","RICHERT_PBMC_HIV_LIPO_5_AGE_37_48YO_STIMULATED_VS_UNSTIMULATED_14W_TOP_FUNCTIONAL_NETWORK_UP","7/6767","27/21355",0.800388134098205,0.842799335288868,0.144312288017188
"GSE37416_CTRL_VS_0H_F_TULARENSIS_LVS_NEUTROPHIL_UP","GSE37416_CTRL_VS_0H_F_TULARENSIS_LVS_NEUTROPHIL_UP","55/6767","189/21355",0.800604135534467,0.842853676157128,0.144321592788446
"GSE19888_CTRL_VS_A3R_ACT_TREATED_MAST_CELL_PRETREATED_WITH_A3R_INH_UP","GSE19888_CTRL_VS_A3R_ACT_TREATED_MAST_CELL_PRETREATED_WITH_A3R_INH_UP","58/6767","199/21355",0.801898496243992,0.844043028175518,0.144525245192814
"GSE17974_IL4_AND_ANTI_IL12_VS_UNTREATED_24H_ACT_CD4_TCELL_UP","GSE17974_IL4_AND_ANTI_IL12_VS_UNTREATED_24H_ACT_CD4_TCELL_UP","54/6767","186/21355",0.804708164543651,0.84665273129803,0.144972103908628
"GSE25123_WT_VS_PPARG_KO_MACROPHAGE_ROSIGLITAZONE_STIM_DN","GSE25123_WT_VS_PPARG_KO_MACROPHAGE_ROSIGLITAZONE_STIM_DN","54/6767","186/21355",0.804708164543651,0.84665273129803,0.144972103908628
"GSE4590_SMALL_VS_VPREB_POS_LARGE_PRE_BCELL_DN","GSE4590_SMALL_VS_VPREB_POS_LARGE_PRE_BCELL_DN","46/6767","160/21355",0.811883905542945,0.854027243274247,0.146234839475372
"GSE10094_LCMV_VS_LISTERIA_IND_EFF_CD4_TCELL_DN","GSE10094_LCMV_VS_LISTERIA_IND_EFF_CD4_TCELL_DN","58/6767","200/21355",0.814737679172847,0.856501964551812,0.14665858528866
"GSE20366_CD103_POS_VS_NEG_TREG_KLRG1NEG_UP","GSE20366_CD103_POS_VS_NEG_TREG_KLRG1NEG_UP","58/6767","200/21355",0.814737679172847,0.856501964551812,0.14665858528866
"GSE28737_BCL6_HET_VS_BCL6_KO_MARGINAL_ZONE_BCELL_UP","GSE28737_BCL6_HET_VS_BCL6_KO_MARGINAL_ZONE_BCELL_UP","58/6767","200/21355",0.814737679172847,0.856501964551812,0.14665858528866
"GSE13485_DAY3_VS_DAY7_YF17D_VACCINE_PBMC_UP","GSE13485_DAY3_VS_DAY7_YF17D_VACCINE_PBMC_UP","54/6767","187/21355",0.817838572223208,0.859585559612216,0.147186588384833
"GSE29618_PRE_VS_DAY7_FLU_VACCINE_MONOCYTE_UP","GSE29618_PRE_VS_DAY7_FLU_VACCINE_MONOCYTE_UP","57/6767","197/21355",0.818606423011268,0.860216259639018,0.147294582969202
"GSE13762_CTRL_VS_125_VITAMIND_DAY5_DC_DN","GSE13762_CTRL_VS_125_VITAMIND_DAY5_DC_DN","38/6767","134/21355",0.821895370155094,0.863495402210075,0.147856069609437
"GSE6269_FLU_VS_E_COLI_INF_PBMC_DN","GSE6269_FLU_VS_E_COLI_INF_PBMC_DN","46/6767","161/21355",0.825629817788757,0.867241154641048,0.148497453721913
"GSE15324_ELF4_KO_VS_WT_NAIVE_CD8_TCELL_DN","GSE15324_ELF4_KO_VS_WT_NAIVE_CD8_TCELL_DN","57/6767","198/21355",0.830784249207084,0.87247661730535,0.149393920489598
"GSE21927_EL4_VS_MCA203_TUMOR_MONOCYTES_UP","GSE21927_EL4_VS_MCA203_TUMOR_MONOCYTES_UP","53/6767","185/21355",0.834311177364252,0.876001107177251,0.149997417877661
"GSE1740_MCSF_VS_MCSF_AND_IFNG_DAY2_DERIVED_MACROPHAGE_UP","GSE1740_MCSF_VS_MCSF_AND_IFNG_DAY2_DERIVED_MACROPHAGE_UP","56/6767","195/21355",0.834587811614894,0.876112143765266,0.150016430640722
"GSE7459_UNTREATED_VS_IL6_TREATED_ACT_CD4_TCELL_DN","GSE7459_UNTREATED_VS_IL6_TREATED_ACT_CD4_TCELL_DN","41/6767","145/21355",0.835292590625048,0.87667248968979,0.150112378512372
"GSE13522_CTRL_VS_T_CRUZI_Y_STRAIN_INF_SKIN_129_MOUSE_UP","GSE13522_CTRL_VS_T_CRUZI_Y_STRAIN_INF_SKIN_129_MOUSE_UP","38/6767","135/21355",0.836284370170282,0.877533762968285,0.150259854088376
"HARALAMBIEVA_PBMC_DRYVAX_AGE_18_40YO_STIMULATED_VS_UNSTIMULATED_9_TO_34MO_UP","HARALAMBIEVA_PBMC_DRYVAX_AGE_18_40YO_STIMULATED_VS_UNSTIMULATED_9_TO_34MO_UP","4/6767","17/21355",0.83723226890531,0.8781689530846,0.150368617509481
"HOEK_T_CELL_2011_2012_TIV_ADULT_3DY_UP","HOEK_T_CELL_2011_2012_TIV_ADULT_3DY_UP","4/6767","17/21355",0.83723226890531,0.8781689530846,0.150368617509481
"SOBOLEV_PBMC_PANDEMRIX_AGE_18_64YO_MEDIUM_HIGH_ADVERSE_EVENT_SUBJECTS_1DY_UP","SOBOLEV_PBMC_PANDEMRIX_AGE_18_64YO_MEDIUM_HIGH_ADVERSE_EVENT_SUBJECTS_1DY_UP","10/6767","39/21355",0.837523899644039,0.878295159229901,0.150390227751478
"GSE26488_WT_VS_HDAC7_KO_DOUBLE_POSITIVE_THYMOCYTE_DN","GSE26488_WT_VS_HDAC7_KO_DOUBLE_POSITIVE_THYMOCYTE_DN","55/6767","192/21355",0.838409989747086,0.87904458434219,0.150518551598121
"GSE22601_DOUBLE_NEGATIVE_VS_CD8_SINGLE_POSITIVE_THYMOCYTE_UP","GSE22601_DOUBLE_NEGATIVE_VS_CD8_SINGLE_POSITIVE_THYMOCYTE_UP","57/6767","199/21355",0.842379234551423,0.883025625750388,0.151200224174561
"GSE18281_CORTICAL_VS_MEDULLARY_THYMOCYTE_DN","GSE18281_CORTICAL_VS_MEDULLARY_THYMOCYTE_DN","56/6767","196/21355",0.846085999294316,0.886548726421818,0.151803483690225
"GSE29618_PRE_VS_DAY7_FLU_VACCINE_MDC_UP","GSE29618_PRE_VS_DAY7_FLU_VACCINE_MDC_UP","56/6767","196/21355",0.846085999294316,0.886548726421818,0.151803483690225
"GSE12839_CTRL_VS_IL12_TREATED_PBMC_DN","GSE12839_CTRL_VS_IL12_TREATED_PBMC_DN","35/6767","126/21355",0.851645325518759,0.892191578245745,0.152769707586657
"GSE4142_NAIVE_VS_MEMORY_BCELL_DN","GSE4142_NAIVE_VS_MEMORY_BCELL_DN","57/6767","200/21355",0.853397197184841,0.893630371921307,0.15301607181431
"GSE8835_HEALTHY_VS_CLL_CD4_TCELL_DN","GSE8835_HEALTHY_VS_CLL_CD4_TCELL_DN","57/6767","200/21355",0.853397197184841,0.893630371921307,0.15301607181431
"GSE16385_IFNG_TNF_VS_IL4_STIM_MACROPHAGE_DN","GSE16385_IFNG_TNF_VS_IL4_STIM_MACROPHAGE_DN","54/6767","190/21355",0.853541628886023,0.893630371921307,0.15301607181431
"GSE29614_CTRL_VS_TIV_FLU_VACCINE_PBMC_2007_DN","GSE29614_CTRL_VS_TIV_FLU_VACCINE_PBMC_2007_DN","53/6767","187/21355",0.857289005537531,0.897370504571441,0.153656493653328
"GSE12707_AT16L1_HYPOMORPH_VS_WT_THYMUS_DN","GSE12707_AT16L1_HYPOMORPH_VS_WT_THYMUS_DN","36/6767","130/21355",0.859693024685026,0.899703232814886,0.154055926040183
"GSE37301_HEMATOPOIETIC_STEM_CELL_VS_CD4_TCELL_DN","GSE37301_HEMATOPOIETIC_STEM_CELL_VS_CD4_TCELL_DN","41/6767","147/21355",0.860815345094692,0.900693933530712,0.154225563439092
"GSE11367_CTRL_VS_IL17_TREATED_SMOOTH_MUSCLE_CELL_UP","GSE11367_CTRL_VS_IL17_TREATED_SMOOTH_MUSCLE_CELL_UP","38/6767","137/21355",0.862518491372505,0.902291839474971,0.154499172414796
"GSE16385_ROSIGLITAZONE_IL4_VS_IFNG_TNF_STIM_MACROPHAGE_DN","GSE16385_ROSIGLITAZONE_IL4_VS_IFNG_TNF_STIM_MACROPHAGE_DN","55/6767","195/21355",0.870836567767541,0.910807646459441,0.155957331597872
"GSE40666_UNTREATED_VS_IFNA_STIM_STAT1_KO_CD8_TCELL_90MIN_UP","GSE40666_UNTREATED_VS_IFNA_STIM_STAT1_KO_CD8_TCELL_90MIN_UP","54/6767","192/21355",0.874339626593022,0.914284981754523,0.156552754721294
"MATSUMIYA_PBMC_MODIFIED_VACCINIA_ANKARA_VACCINE_AGE_4_6MO_VACCINATED_VS_CANDIN_PLACEBO_BCG_PRIMED_28DY_UP","MATSUMIYA_PBMC_MODIFIED_VACCINIA_ANKARA_VACCINE_AGE_4_6MO_VACCINATED_VS_CANDIN_PLACEBO_BCG_PRIMED_28DY_UP","2/6767","10/21355",0.87527887931862,0.915080508618794,0.156688972557682
"GSE29618_PRE_VS_DAY7_FLU_VACCINE_PDC_UP","GSE29618_PRE_VS_DAY7_FLU_VACCINE_PDC_UP","56/6767","199/21355",0.877112659893786,0.916810725234545,0.156985237051648
"GSE37301_LYMPHOID_PRIMED_MPP_VS_CD4_TCELL_UP","GSE37301_LYMPHOID_PRIMED_MPP_VS_CD4_TCELL_UP","55/6767","196/21355",0.880491044831565,0.920154420475221,0.157557777026954
"GSE21546_UNSTIM_VS_ANTI_CD3_STIM_ELK1_KO_DP_THYMOCYTES_DN","GSE21546_UNSTIM_VS_ANTI_CD3_STIM_ELK1_KO_DP_THYMOCYTES_DN","52/6767","186/21355",0.881356344479111,0.920683369630073,0.157648348838755
"GSE26488_CTRL_VS_PEPTIDE_INJECTION_OT2_THYMOCYTE_UP","GSE26488_CTRL_VS_PEPTIDE_INJECTION_OT2_THYMOCYTE_UP","52/6767","186/21355",0.881356344479111,0.920683369630073,0.157648348838755
"GSE15659_TREG_VS_TCONV_UP","GSE15659_TREG_VS_TCONV_UP","54/6767","193/21355",0.883870273990351,0.923121388215223,0.158065810060566
"GSE21670_TGFB_VS_IL6_TREATED_CD4_TCELL_DN","GSE21670_TGFB_VS_IL6_TREATED_CD4_TCELL_DN","56/6767","200/21355",0.886335339836153,0.92513055524022,0.158409839152956
"GSE41176_UNSTIM_VS_ANTI_IGM_STIM_TAK1_KO_BCELL_6H_DN","GSE41176_UNSTIM_VS_ANTI_IGM_STIM_TAK1_KO_BCELL_6H_DN","56/6767","200/21355",0.886335339836153,0.92513055524022,0.158409839152956
"GSE41978_WT_VS_ID2_KO_KLRG1_LOW_EFFECTOR_CD8_TCELL_UP","GSE41978_WT_VS_ID2_KO_KLRG1_LOW_EFFECTOR_CD8_TCELL_UP","56/6767","200/21355",0.886335339836153,0.92513055524022,0.158409839152956
"GSE13522_WT_VS_IFNG_KO_SKIN_DN","GSE13522_WT_VS_IFNG_KO_SKIN_DN","34/6767","126/21355",0.892748223941021,0.931541789565394,0.159507632964294
"GSE29615_CTRL_VS_DAY7_LAIV_FLU_VACCINE_PBMC_UP","GSE29615_CTRL_VS_DAY7_LAIV_FLU_VACCINE_PBMC_UP","54/6767","194/21355",0.892841106675316,0.931541789565394,0.159507632964294
"QIU_PBMC_HEPTATITIS_B_SURFACE_ANTIGEN_AGE_UNDER50_NON_RESPONDERS_VS_RESPONDERS_3DY_UP","QIU_PBMC_HEPTATITIS_B_SURFACE_ANTIGEN_AGE_UNDER50_NON_RESPONDERS_VS_RESPONDERS_3DY_UP","3/6767","15/21355",0.899507667324785,0.938306370371144,0.160665930191973
"GSE1791_CTRL_VS_NEUROMEDINU_IN_T_CELL_LINE_12H_DN","GSE1791_CTRL_VS_NEUROMEDINU_IN_T_CELL_LINE_12H_DN","53/6767","192/21355",0.904380897202148,0.943197896654884,0.16150350483204
"GSE2770_IL12_AND_TGFB_VS_IL4_TREATED_ACT_CD4_TCELL_6H_DN","GSE2770_IL12_AND_TGFB_VS_IL4_TREATED_ACT_CD4_TCELL_6H_DN","55/6767","199/21355",0.906182239283048,0.944884348343337,0.16179227547008
"GSE3720_LPS_VS_PMA_STIM_VD2_GAMMADELTA_TCELL_DN","GSE3720_LPS_VS_PMA_STIM_VD2_GAMMADELTA_TCELL_DN","42/6767","155/21355",0.907995028736029,0.94658204805401,0.162082972103732
"ERWIN_COHEN_PBMC_TC_83_AGE_18_45YO_NAIVE_NOT_PREVIOUSLY_IMMUNIZED_24HR_DEG_CANONICAL_PATHWAY_MEMBERS_UP","ERWIN_COHEN_PBMC_TC_83_AGE_18_45YO_NAIVE_NOT_PREVIOUSLY_IMMUNIZED_24HR_DEG_CANONICAL_PATHWAY_MEMBERS_UP","9/6767","39/21355",0.911471670023422,0.950013265340534,0.162670498453801
"GSE27670_CTRL_VS_BLIMP1_TRANSDUCED_GC_BCELL_UP","GSE27670_CTRL_VS_BLIMP1_TRANSDUCED_GC_BCELL_UP","55/6767","200/21355",0.913710373556007,0.951572838761253,0.162937543762513
"GSE27786_CD8_TCELL_VS_ERYTHROBLAST_DN","GSE27786_CD8_TCELL_VS_ERYTHROBLAST_DN","55/6767","200/21355",0.913710373556007,0.951572838761253,0.162937543762513
"GSE7568_CTRL_VS_24H_TGFB_TREATED_MACROPHAGES_WITH_IL4_AND_DEXAMETHASONE_DN","GSE7568_CTRL_VS_24H_TGFB_TREATED_MACROPHAGES_WITH_IL4_AND_DEXAMETHASONE_DN","55/6767","200/21355",0.913710373556007,0.951572838761253,0.162937543762513
"GSE8621_LPS_STIM_VS_LPS_PRIMED_AND_LPS_STIM_MACROPHAGE_UP","GSE8621_LPS_STIM_VS_LPS_PRIMED_AND_LPS_STIM_MACROPHAGE_UP","55/6767","200/21355",0.913710373556007,0.951572838761253,0.162937543762513
"GSE26928_CENTR_MEMORY_VS_CXCR5_POS_CD4_TCELL_UP","GSE26928_CENTR_MEMORY_VS_CXCR5_POS_CD4_TCELL_UP","52/6767","190/21355",0.915108937773047,0.952642339890845,0.16312067413363
"GSE45365_BCELL_VS_CD8_TCELL_DN","GSE45365_BCELL_VS_CD8_TCELL_DN","52/6767","190/21355",0.915108937773047,0.952642339890845,0.16312067413363
"GSE40274_IRF4_VS_FOXP3_AND_IRF4_TRANSDUCED_ACTIVATED_CD4_TCELL_DN","GSE40274_IRF4_VS_FOXP3_AND_IRF4_TRANSDUCED_ACTIVATED_CD4_TCELL_DN","31/6767","118/21355",0.916136256238781,0.953518186304554,0.163270645063389
"GSE22886_NAIVE_BCELL_VS_MONOCYTE_UP","GSE22886_NAIVE_BCELL_VS_MONOCYTE_UP","54/6767","197/21355",0.91656341590303,0.953769156349672,0.163313618592103
"GSE14413_UNSTIM_VS_IFNB_STIM_RAW264_CELLS_UP","GSE14413_UNSTIM_VS_IFNB_STIM_RAW264_CELLS_UP","39/6767","146/21355",0.918830396215002,0.955934139893327,0.163684328102211
"HOEK_NEUTROPHIL_2011_2012_TIV_ADULT_7DY_UP","HOEK_NEUTROPHIL_2011_2012_TIV_ADULT_7DY_UP","4/6767","20/21355",0.919322254857582,0.956251815916986,0.163738723676463
"GSE13887_RESTING_VS_ACT_CD4_TCELL_UP","GSE13887_RESTING_VS_ACT_CD4_TCELL_UP","28/6767","108/21355",0.920411551702793,0.957190674559882,0.163899484172121
"GSE13173_UNTREATED_VS_IL12_TREATED_ACT_CD8_TCELL_UP","GSE13173_UNTREATED_VS_IL12_TREATED_ACT_CD8_TCELL_UP","34/6767","129/21355",0.921184078229233,0.957799790931105,0.164003782993346
"GSE1740_MCSF_VS_MCSF_AND_IFNG_DAY2_DERIVED_MACROPHAGE_WITH_IFNA_STIM_DN","GSE1740_MCSF_VS_MCSF_AND_IFNG_DAY2_DERIVED_MACROPHAGE_WITH_IFNA_STIM_DN","52/6767","191/21355",0.922224588959296,0.958687239982626,0.164155740639444
"GSE360_L_MAJOR_VS_T_GONDII_DC_UP","GSE360_L_MAJOR_VS_T_GONDII_DC_UP","54/6767","198/21355",0.923469221833531,0.959786478885164,0.164343963000878
"GSE10147_IL3_AND_HIVP17_VS_IL3_AND_CPG_STIM_PDC_UP","GSE10147_IL3_AND_HIVP17_VS_IL3_AND_CPG_STIM_PDC_UP","41/6767","154/21355",0.927252970238459,0.963523708636518,0.164983887777372
"GSE35543_IN_VIVO_NTREG_VS_CONVERTED_EX_ITREG_DN","GSE35543_IN_VIVO_NTREG_VS_CONVERTED_EX_ITREG_DN","54/6767","199/21355",0.929907132576469,0.966085890318046,0.1654226094105
"GSE18281_SUBCAPSULAR_CORTICAL_REGION_VS_WHOLE_MEDULLA_THYMUS_DN","GSE18281_SUBCAPSULAR_CORTICAL_REGION_VS_WHOLE_MEDULLA_THYMUS_DN","53/6767","196/21355",0.932470988405042,0.968553232891541,0.16584509177041
"GSE10463_CD40L_AND_VA347_VS_CD40L_IN_DC_DN","GSE10463_CD40L_AND_VA347_VS_CD40L_IN_DC_DN","49/6767","183/21355",0.936771597856722,0.972823168363665,0.166576231594407
"SOBOLEV_T_CELL_PANDEMRIX_AGE_18_64YO_7DY_DN","SOBOLEV_T_CELL_PANDEMRIX_AGE_18_64YO_7DY_DN","4/6767","21/21355",0.936972995645165,0.972835267045922,0.166578303248293
"GSE29614_CTRL_VS_DAY3_TIV_FLU_VACCINE_PBMC_UP","GSE29614_CTRL_VS_DAY3_TIV_FLU_VACCINE_PBMC_UP","51/6767","190/21355",0.937533410280039,0.97322004343101,0.166644188398153
"QIU_PBMC_HEPTATITIS_B_SURFACE_ANTIGEN_AGE_UNDER50_NON_RESPONDERS_VS_RESPONDERS_28DY_UP","QIU_PBMC_HEPTATITIS_B_SURFACE_ANTIGEN_AGE_UNDER50_NON_RESPONDERS_VS_RESPONDERS_28DY_UP","3/6767","17/21355",0.941466225835366,0.977104724667595,0.167309361250095
"GSE36476_YOUNG_VS_OLD_DONOR_MEMORY_CD4_TCELL_DN","GSE36476_YOUNG_VS_OLD_DONOR_MEMORY_CD4_TCELL_DN","53/6767","198/21355",0.943756215814519,0.979283165043723,0.167682374969761
"GSE23502_WT_VS_HDC_KO_MYELOID_DERIVED_SUPPRESSOR_CELL_COLON_TUMOR_DN","GSE23502_WT_VS_HDC_KO_MYELOID_DERIVED_SUPPRESSOR_CELL_COLON_TUMOR_DN","53/6767","199/21355",0.948783622743399,0.984300613882114,0.168541511292678
"HOEK_PBMC_INACTIVATED_INFLUENZA_ADULT_1DY_UP","HOEK_PBMC_INACTIVATED_INFLUENZA_ADULT_1DY_UP","2/6767","13/21355",0.950455124927648,0.985264450235254,0.168706548714484
"LI_PBMC_MENACTRA_AGE_18_45YO_7DY_UP","LI_PBMC_MENACTRA_AGE_18_45YO_7DY_UP","2/6767","13/21355",0.950455124927648,0.985264450235254,0.168706548714484
"GSE29615_CTRL_VS_LAIV_FLU_VACCINE_PBMC_DN","GSE29615_CTRL_VS_LAIV_FLU_VACCINE_PBMC_DN","50/6767","189/21355",0.950481367439744,0.985264450235254,0.168706548714484
"GSE46606_DAY1_VS_DAY3_CD40L_IL2_IL5_STIMULATED_BCELL_UP","GSE46606_DAY1_VS_DAY3_CD40L_IL2_IL5_STIMULATED_BCELL_UP","50/6767","189/21355",0.950481367439744,0.985264450235254,0.168706548714484
"GSE26559_TCF1_KO_VS_WT_LIN_NEG_CELL_DN","GSE26559_TCF1_KO_VS_WT_LIN_NEG_CELL_DN","52/6767","196/21355",0.950919715661819,0.985519584030351,0.16875023520091
"GSE13887_ACT_CD4_VS_NO_TREATED_CD4_TCELL_DN","GSE13887_ACT_CD4_VS_NO_TREATED_CD4_TCELL_DN","35/6767","137/21355",0.951932987835227,0.98637033723347,0.16889590942743
"GSE19825_NAIVE_VS_IL2RAHIGH_DAY3_EFF_CD8_TCELL_UP","GSE19825_NAIVE_VS_IL2RAHIGH_DAY3_EFF_CD8_TCELL_UP","53/6767","200/21355",0.953429562385331,0.98732243311444,0.16905893653156
"GSE36392_TYPE_2_MYELOID_VS_MAC_IL25_TREATED_LUNG_UP","GSE36392_TYPE_2_MYELOID_VS_MAC_IL25_TREATED_LUNG_UP","53/6767","200/21355",0.953429562385331,0.98732243311444,0.16905893653156
"GSE6092_UNSTIM_VS_IFNG_STIM_AND_B_BURGDORFERI_INF_ENDOTHELIAL_CELL_DN","GSE6092_UNSTIM_VS_IFNG_STIM_AND_B_BURGDORFERI_INF_ENDOTHELIAL_CELL_DN","53/6767","200/21355",0.953429562385331,0.98732243311444,0.16905893653156
"GSE24814_STAT5_KO_VS_WT_PRE_BCELL_UP","GSE24814_STAT5_KO_VS_WT_PRE_BCELL_UP","52/6767","197/21355",0.955436133280746,0.989200536213729,0.16938052358561
"GSE1925_CTRL_VS_IFNG_PRIMED_MACROPHAGE_3H_IFNG_STIM_DN","GSE1925_CTRL_VS_IFNG_PRIMED_MACROPHAGE_3H_IFNG_STIM_DN","32/6767","128/21355",0.960233845936599,0.993967076139096,0.170196696847445
"GSE36476_YOUNG_VS_OLD_DONOR_MEMORY_CD4_TCELL_40H_TSST_ACT_UP","GSE36476_YOUNG_VS_OLD_DONOR_MEMORY_CD4_TCELL_40H_TSST_ACT_UP","51/6767","195/21355",0.961446372729496,0.995021306617708,0.170377212429382
"SOBOLEV_T_CELL_PANDEMRIX_AGE_18_64YO_1DY_UP","SOBOLEV_T_CELL_PANDEMRIX_AGE_18_64YO_1DY_UP","4/6767","23/21355",0.96216010411178,0.995508000829738,0.170460548939464
"GSE9946_MATURE_STIMULATORY_VS_LISTERIA_INF_MATURE_DC_DN","GSE9946_MATURE_STIMULATORY_VS_LISTERIA_INF_MATURE_DC_DN","33/6767","132/21355",0.962304983833076,0.995508000829738,0.170460548939464
"GSE17974_IL4_AND_ANTI_IL12_VS_UNTREATED_1H_ACT_CD4_TCELL_UP","GSE17974_IL4_AND_ANTI_IL12_VS_UNTREATED_1H_ACT_CD4_TCELL_UP","48/6767","185/21355",0.963154422061123,0.996185741760617,0.170576598324321
"HOEK_MONOCYTE_2011_2012_TIV_ADULT_7DY_DN","HOEK_MONOCYTE_2011_2012_TIV_ADULT_7DY_DN","2/6767","14/21355",0.963929610219721,0.996786428317166,0.170679453710802
"GSE2706_R848_VS_LPS_2H_STIM_DC_UP","GSE2706_R848_VS_LPS_2H_STIM_DC_UP","49/6767","189/21355",0.965050779107881,0.99764479128585,0.170826430955293
"GSE29949_CD8_POS_DC_SPLEEN_VS_DC_BRAIN_DN","GSE29949_CD8_POS_DC_SPLEEN_VS_DC_BRAIN_DN","51/6767","196/21355",0.965148852111921,0.99764479128585,0.170826430955293
"HOEK_PBMC_INACTIVATED_INFLUENZA_ADULT_3DY_DN","HOEK_PBMC_INACTIVATED_INFLUENZA_ADULT_3DY_DN","3/6767","19/21355",0.966645106941795,0.998480830197218,0.170969585657865
"QIU_PBMC_HEPTATITIS_B_SURFACE_ANTIGEN_AGE_UNDER50_NON_RESPONDERS_VS_RESPONDERS_0DY_UP","QIU_PBMC_HEPTATITIS_B_SURFACE_ANTIGEN_AGE_UNDER50_NON_RESPONDERS_VS_RESPONDERS_0DY_UP","3/6767","19/21355",0.966645106941795,0.998480830197218,0.170969585657865
"GSE15750_WT_VS_TRAF6KO_DAY10_EFF_CD8_TCELL_DN","GSE15750_WT_VS_TRAF6KO_DAY10_EFF_CD8_TCELL_DN","52/6767","200/21355",0.966931406656756,0.998480830197218,0.170969585657865
"GSE36078_UNTREATED_VS_AD5_INF_MOUSE_LUNG_DC_UP","GSE36078_UNTREATED_VS_AD5_INF_MOUSE_LUNG_DC_UP","52/6767","200/21355",0.966931406656756,0.998480830197218,0.170969585657865
"GSE43863_TH1_VS_TFH_EFFECTOR_CD4_TCELL_UP","GSE43863_TH1_VS_TFH_EFFECTOR_CD4_TCELL_UP","52/6767","200/21355",0.966931406656756,0.998480830197218,0.170969585657865
"GSE4748_LPS_VS_LPS_AND_CYANOBACTERIUM_LPSLIKE_STIM_DC_3H_DN","GSE4748_LPS_VS_LPS_AND_CYANOBACTERIUM_LPSLIKE_STIM_DC_3H_DN","49/6767","190/21355",0.968506892025922,0.999906330128252,0.171213673601462
"GSE34156_NOD2_LIGAND_VS_NOD2_AND_TLR1_TLR2_LIGAND_24H_TREATED_MONOCYTE_UP","GSE34156_NOD2_LIGAND_VS_NOD2_AND_TLR1_TLR2_LIGAND_24H_TREATED_MONOCYTE_UP","49/6767","191/21355",0.97166344134902,0.999999999998058,0.171229712666355
"GSE7218_UNSTIM_VS_ANTIGEN_STIM_THROUGH_IGM_BCELL_DN","GSE7218_UNSTIM_VS_ANTIGEN_STIM_THROUGH_IGM_BCELL_DN","29/6767","120/21355",0.971945234344434,0.999999999998058,0.171229712666355
"GSE45365_NK_CELL_VS_CD11B_DC_UP","GSE45365_NK_CELL_VS_CD11B_DC_UP","51/6767","199/21355",0.974479251226833,0.999999999998058,0.171229712666355
"GSE5589_LPS_VS_LPS_AND_IL6_STIM_IL10_KO_MACROPHAGE_45MIN_UP","GSE5589_LPS_VS_LPS_AND_IL6_STIM_IL10_KO_MACROPHAGE_45MIN_UP","51/6767","199/21355",0.974479251226833,0.999999999998058,0.171229712666355
"GSE10325_MYELOID_VS_LUPUS_MYELOID_UP","GSE10325_MYELOID_VS_LUPUS_MYELOID_UP","50/6767","196/21355",0.975836396397622,0.999999999998058,0.171229712666355
"GSE21380_NON_TFH_VS_GERMINAL_CENTER_TFH_CD4_TCELL_UP","GSE21380_NON_TFH_VS_GERMINAL_CENTER_TFH_CD4_TCELL_UP","51/6767","200/21355",0.977062741650148,0.999999999998058,0.171229712666355
"GSE21670_TGFB_VS_IL6_TREATED_CD4_TCELL_UP","GSE21670_TGFB_VS_IL6_TREATED_CD4_TCELL_UP","51/6767","200/21355",0.977062741650148,0.999999999998058,0.171229712666355
"GSE16385_UNTREATED_VS_12H_IFNG_TNF_TREATED_MACROPHAGE_UP","GSE16385_UNTREATED_VS_12H_IFNG_TNF_TREATED_MACROPHAGE_UP","49/6767","193/21355",0.977160255796007,0.999999999998058,0.171229712666355
"GSE32034_UNTREATED_VS_ROSIGLIZATONE_TREATED_LY6C_LOW_MONOCYTE_UP","GSE32034_UNTREATED_VS_ROSIGLIZATONE_TREATED_LY6C_LOW_MONOCYTE_UP","49/6767","193/21355",0.977160255796007,0.999999999998058,0.171229712666355
"GSE45365_HEALTHY_VS_MCMV_INFECTION_CD8_TCELL_IFNAR_KO_DN","GSE45365_HEALTHY_VS_MCMV_INFECTION_CD8_TCELL_IFNAR_KO_DN","49/6767","193/21355",0.977160255796007,0.999999999998058,0.171229712666355
"GSE21927_SPLEEN_VS_C26GM_TUMOR_MONOCYTE_BALBC_UP","GSE21927_SPLEEN_VS_C26GM_TUMOR_MONOCYTE_BALBC_UP","47/6767","186/21355",0.977299819592878,0.999999999998058,0.171229712666355
"GSE14413_UNSTIM_VS_IFNB_STIM_L929_CELLS_DN","GSE14413_UNSTIM_VS_IFNB_STIM_L929_CELLS_DN","28/6767","118/21355",0.977473770498321,0.999999999998058,0.171229712666355
"MATSUMIYA_PBMC_MODIFIED_VACCINIA_ANKARA_VACCINE_AGE_18_55YO_LOW_VS_HIGH_RESPONDERS_2DY_GO_T_CELL_ACTIV_AND_CO_STIM_UP","MATSUMIYA_PBMC_MODIFIED_VACCINIA_ANKARA_VACCINE_AGE_18_55YO_LOW_VS_HIGH_RESPONDERS_2DY_GO_T_CELL_ACTIV_AND_CO_STIM_UP","1/6767","10/21355",0.977892628257926,0.999999999998058,0.171229712666355
"GSE15659_CD45RA_NEG_CD4_TCELL_VS_ACTIVATED_TREG_UP","GSE15659_CD45RA_NEG_CD4_TCELL_VS_ACTIVATED_TREG_UP","50/6767","197/21355",0.978317602262226,0.999999999998058,0.171229712666355
"GSE12507_PDC_CELL_LINE_VS_IMMATUE_T_CELL_LINE_DN","GSE12507_PDC_CELL_LINE_VS_IMMATUE_T_CELL_LINE_DN","35/6767","144/21355",0.979286626284732,0.999999999998058,0.171229712666355
"GSE41176_UNSTIM_VS_ANTI_IGM_STIM_BCELL_24H_UP","GSE41176_UNSTIM_VS_ANTI_IGM_STIM_BCELL_24H_UP","50/6767","198/21355",0.980571789387304,0.999999999998058,0.171229712666355
"GSE34156_TLR1_TLR2_LIGAND_VS_NOD2_AND_TLR1_TLR2_LIGAND_6H_TREATED_MONOCYTE_DN","GSE34156_TLR1_TLR2_LIGAND_VS_NOD2_AND_TLR1_TLR2_LIGAND_6H_TREATED_MONOCYTE_DN","46/6767","184/21355",0.980924829291122,0.999999999998058,0.171229712666355
"HOEK_MONOCYTE_2011_2012_TIV_ADULT_1DY_DN","HOEK_MONOCYTE_2011_2012_TIV_ADULT_1DY_DN","2/6767","16/21355",0.981093346959629,0.999999999998058,0.171229712666355
"GSE45365_NK_CELL_VS_CD8A_DC_DN","GSE45365_NK_CELL_VS_CD8A_DC_DN","50/6767","199/21355",0.982616265280079,0.999999999998058,0.171229712666355
"GSE21927_SPLENIC_C26GM_TUMOROUS_VS_BONE_MARROW_MONOCYTES_UP","GSE21927_SPLENIC_C26GM_TUMOROUS_VS_BONE_MARROW_MONOCYTES_UP","46/6767","185/21355",0.983002285422724,0.999999999998058,0.171229712666355
"GSE19825_NAIVE_VS_DAY3_EFF_CD8_TCELL_UP","GSE19825_NAIVE_VS_DAY3_EFF_CD8_TCELL_UP","50/6767","200/21355",0.984467439823389,0.999999999998058,0.171229712666355
"GSE4811_CLASSSICALY_ACTIVATED_VS_TYPE_2_ACTIVATED_MACROPHAGE_DN","GSE4811_CLASSSICALY_ACTIVATED_VS_TYPE_2_ACTIVATED_MACROPHAGE_DN","50/6767","200/21355",0.984467439823389,0.999999999998058,0.171229712666355
"GSE13411_IGM_VS_SWITCHED_MEMORY_BCELL_UP","GSE13411_IGM_VS_SWITCHED_MEMORY_BCELL_UP","48/6767","193/21355",0.984654208771613,0.999999999998058,0.171229712666355
"GSE30971_2H_VS_4H_LPS_STIM_MACROPHAGE_WBP7_HET_DN","GSE30971_2H_VS_4H_LPS_STIM_MACROPHAGE_WBP7_HET_DN","48/6767","193/21355",0.984654208771613,0.999999999998058,0.171229712666355
"GSE45365_WT_VS_IFNAR_KO_CD8A_DC_MCMV_INFECTION_DN","GSE45365_WT_VS_IFNAR_KO_CD8A_DC_MCMV_INFECTION_DN","48/6767","193/21355",0.984654208771613,0.999999999998058,0.171229712666355
"HOEK_MONOCYTE_2011_2012_TIV_ADULT_1DY_UP","HOEK_MONOCYTE_2011_2012_TIV_ADULT_1DY_UP","1/6767","11/21355",0.984901322780232,0.999999999998058,0.171229712666355
"GSE40274_EOS_VS_FOXP3_AND_EOS_TRANSDUCED_ACTIVATED_CD4_TCELL_DN","GSE40274_EOS_VS_FOXP3_AND_EOS_TRANSDUCED_ACTIVATED_CD4_TCELL_DN","28/6767","121/21355",0.985210683613186,0.999999999998058,0.171229712666355
"GSE22611_NOD2_VS_MUTANT_NOD2_TRANSDUCED_HEK293T_CELL_DN","GSE22611_NOD2_VS_MUTANT_NOD2_TRANSDUCED_HEK293T_CELL_DN","49/6767","197/21355",0.985417050192027,0.999999999998058,0.171229712666355
"GSE2706_LPS_VS_R848_AND_LPS_2H_STIM_DC_UP","GSE2706_LPS_VS_R848_AND_LPS_2H_STIM_DC_UP","47/6767","190/21355",0.985624892028212,0.999999999998058,0.171229712666355
"GSE1112_OT1_CD8AB_VS_HY_CD8AA_THYMOCYTE_RTOC_CULTURE_UP","GSE1112_OT1_CD8AB_VS_HY_CD8AA_THYMOCYTE_RTOC_CULTURE_UP","45/6767","183/21355",0.985867614098097,0.999999999998058,0.171229712666355
"GSE8515_IL1_VS_IL6_4H_STIM_MAC_DN","GSE8515_IL1_VS_IL6_4H_STIM_MAC_DN","48/6767","194/21355",0.986335721063509,0.999999999998058,0.171229712666355
"HOEK_PBMC_INACTIVATED_INFLUENZA_ADULT_7DY_UP","HOEK_PBMC_INACTIVATED_INFLUENZA_ADULT_7DY_UP","9/6767","49/21355",0.987988400594311,0.999999999998058,0.171229712666355
"KAZMIN_PBMC_P_FALCIPARUM_RTSS_AS01_AGE_UNKNOWN_CORRELATED_WITH_PROTECTION_56DY_NEGATIVE","KAZMIN_PBMC_P_FALCIPARUM_RTSS_AS01_AGE_UNKNOWN_CORRELATED_WITH_PROTECTION_56DY_NEGATIVE","9/6767","49/21355",0.987988400594311,0.999999999998058,0.171229712666355
"GSE24210_IL35_TREATED_VS_RESTING_TREG_DN","GSE24210_IL35_TREATED_VS_RESTING_TREG_DN","49/6767","199/21355",0.988445894431355,0.999999999998058,0.171229712666355
"GSE24972_WT_VS_IRF8_KO_MARGINAL_ZONE_SPLEEN_BCELL_DN","GSE24972_WT_VS_IRF8_KO_MARGINAL_ZONE_SPLEEN_BCELL_DN","49/6767","199/21355",0.988445894431355,0.999999999998058,0.171229712666355
"GSE43863_NAIVE_VS_TFH_CD4_EFF_TCELL_D6_LCMV_DN","GSE43863_NAIVE_VS_TFH_CD4_EFF_TCELL_D6_LCMV_DN","47/6767","192/21355",0.988659951289255,0.999999999998058,0.171229712666355
"GSE36095_WT_VS_HDAC9_KO_TREG_DN","GSE36095_WT_VS_HDAC9_KO_TREG_DN","28/6767","123/21355",0.988940064485253,0.999999999998058,0.171229712666355
"GSE7459_UNTREATED_VS_IL6_TREATED_ACT_CD4_TCELL_UP","GSE7459_UNTREATED_VS_IL6_TREATED_ACT_CD4_TCELL_UP","32/6767","138/21355",0.989263059641957,0.999999999998058,0.171229712666355
"GSE11961_MARGINAL_ZONE_BCELL_VS_MEMORY_BCELL_DAY7_DN","GSE11961_MARGINAL_ZONE_BCELL_VS_MEMORY_BCELL_DAY7_DN","49/6767","200/21355",0.989736916125331,0.999999999998058,0.171229712666355
"GSE21670_UNTREATED_VS_TGFB_TREATED_CD4_TCELL_UP","GSE21670_UNTREATED_VS_TGFB_TREATED_CD4_TCELL_UP","49/6767","200/21355",0.989736916125331,0.999999999998058,0.171229712666355
"GSE37605_C57BL6_VS_NOD_FOXP3_IRES_GFP_TREG_UP","GSE37605_C57BL6_VS_NOD_FOXP3_IRES_GFP_TREG_UP","30/6767","131/21355",0.989836859969103,0.999999999998058,0.171229712666355
"GSE29949_CD8_NEG_DC_SPLEEN_VS_DC_BRAIN_UP","GSE29949_CD8_NEG_DC_SPLEEN_VS_DC_BRAIN_UP","47/6767","193/21355",0.989949471140825,0.999999999998058,0.171229712666355
"GSE11818_WT_VS_DICER_KO_TREG_UP","GSE11818_WT_VS_DICER_KO_TREG_UP","34/6767","146/21355",0.990185447119868,0.999999999998058,0.171229712666355
"GSE14386_UNTREATED_VS_IFNA_TREATED_ACT_PBMC_MS_PATIENT_UP","GSE14386_UNTREATED_VS_IFNA_TREATED_ACT_PBMC_MS_PATIENT_UP","33/6767","143/21355",0.991075341967127,0.999999999998058,0.171229712666355
"HOEK_MYELOID_DENDRITIC_CELL_2011_2012_TIV_ADULT_3DY_DN","HOEK_MYELOID_DENDRITIC_CELL_2011_2012_TIV_ADULT_3DY_DN","5/6767","33/21355",0.991164815005594,0.999999999998058,0.171229712666355
"GSE8835_CD4_VS_CD8_TCELL_DN","GSE8835_CD4_VS_CD8_TCELL_DN","48/6767","198/21355",0.99153040546593,0.999999999998058,0.171229712666355
"GSE43863_NAIVE_VS_MEMORY_TH1_CD4_TCELL_D150_LCMV_DN","GSE43863_NAIVE_VS_MEMORY_TH1_CD4_TCELL_D150_LCMV_DN","44/6767","184/21355",0.991987748864088,0.999999999998058,0.171229712666355
"GSE8515_CTRL_VS_IL6_4H_STIM_MAC_DN","GSE8515_CTRL_VS_IL6_4H_STIM_MAC_DN","47/6767","195/21355",0.992138457445045,0.999999999998058,0.171229712666355
"GSE6681_DELETED_FOXP3_VS_WT_TREG_UP","GSE6681_DELETED_FOXP3_VS_WT_TREG_UP","48/6767","199/21355",0.992510912284867,0.999999999998058,0.171229712666355
"GSE2585_CD80_HIGH_VS_LOW_MTEC_UP","GSE2585_CD80_HIGH_VS_LOW_MTEC_UP","48/6767","200/21355",0.993386911072089,0.999999999998058,0.171229712666355
"GSE32533_WT_VS_MIR17_OVEREXPRESS_ACT_CD4_TCELL_DN","GSE32533_WT_VS_MIR17_OVEREXPRESS_ACT_CD4_TCELL_DN","48/6767","200/21355",0.993386911072089,0.999999999998058,0.171229712666355
"GSE41176_WT_VS_TAK1_KO_ANTI_IGM_STIM_BCELL_1H_DN","GSE41176_WT_VS_TAK1_KO_ANTI_IGM_STIM_BCELL_1H_DN","48/6767","200/21355",0.993386911072089,0.999999999998058,0.171229712666355
"GSE18281_PERIMEDULLARY_CORTICAL_REGION_VS_WHOLE_MEDULLA_THYMUS_DN","GSE18281_PERIMEDULLARY_CORTICAL_REGION_VS_WHOLE_MEDULLA_THYMUS_DN","47/6767","197/21355",0.993884626243653,0.999999999998058,0.171229712666355
"GSE6259_DEC205_POS_DC_VS_BCELL_UP","GSE6259_DEC205_POS_DC_VS_BCELL_UP","36/6767","157/21355",0.994088087835456,0.999999999998058,0.171229712666355
"GSE43863_NAIVE_VS_TH1_EFF_CD4_TCELL_D6_LCMV_DN","GSE43863_NAIVE_VS_TH1_EFF_CD4_TCELL_D6_LCMV_DN","44/6767","187/21355",0.994565748689929,0.999999999998058,0.171229712666355
"GSE32423_CTRL_VS_IL7_MEMORY_CD8_TCELL_UP","GSE32423_CTRL_VS_IL7_MEMORY_CD8_TCELL_UP","47/6767","198/21355",0.994617396949302,0.999999999998058,0.171229712666355
"HOWARD_PBMC_INACT_MONOV_INFLUENZA_A_INDONESIA_05_2005_H5N1_AGE_19_39YO_AS03_ADJUVANT_VS_BUFFER_1DY_DN","HOWARD_PBMC_INACT_MONOV_INFLUENZA_A_INDONESIA_05_2005_H5N1_AGE_19_39YO_AS03_ADJUVANT_VS_BUFFER_1DY_DN","5/6767","35/21355",0.994832684091405,0.999999999998058,0.171229712666355
"VOIGT_PBMC_FLUARIX_AGE_50_74YO_FEMALES_VS_MALES_0DY_TO_28D_UP","VOIGT_PBMC_FLUARIX_AGE_50_74YO_FEMALES_VS_MALES_0DY_TO_28D_UP","2/6767","20/21355",0.994982033238732,0.999999999998058,0.171229712666355
"GSE6259_FLT3L_INDUCED_DEC205_POS_DC_VS_CD4_TCELL_DN","GSE6259_FLT3L_INDUCED_DEC205_POS_DC_VS_CD4_TCELL_DN","29/6767","132/21355",0.995003088218953,0.999999999998058,0.171229712666355
"GSE19888_CTRL_VS_A3R_ACTIVATION_MAST_CELL_DN","GSE19888_CTRL_VS_A3R_ACTIVATION_MAST_CELL_DN","47/6767","199/21355",0.995268744181068,0.999999999998058,0.171229712666355
"GSE35543_IN_VIVO_NTREG_VS_IN_VITRO_ITREG_UP","GSE35543_IN_VIVO_NTREG_VS_IN_VITRO_ITREG_UP","47/6767","199/21355",0.995268744181068,0.999999999998058,0.171229712666355
"HOFT_PBMC_TICE_BCG_RBCG_AG85A_AG85B_AGE_18_40YO_CORRELATED_WITH_WHOLE_BLOOD_BACTERICIDAL_ACTIVITY_NEGATIVE","HOFT_PBMC_TICE_BCG_RBCG_AG85A_AG85B_AGE_18_40YO_CORRELATED_WITH_WHOLE_BLOOD_BACTERICIDAL_ACTIVITY_NEGATIVE","6/6767","40/21355",0.995344653037148,0.999999999998058,0.171229712666355
"GSE19923_E2A_KO_VS_HEB_AND_E2A_KO_DP_THYMOCYTE_DN","GSE19923_E2A_KO_VS_HEB_AND_E2A_KO_DP_THYMOCYTE_DN","44/6767","189/21355",0.995834473896166,0.999999999998058,0.171229712666355
"GSE21379_TFH_VS_NON_TFH_CD4_TCELL_DN","GSE21379_TFH_VS_NON_TFH_CD4_TCELL_DN","47/6767","200/21355",0.995846823632846,0.999999999998058,0.171229712666355
"GSE22935_UNSTIM_VS_48H_MBOVIS_BCG_STIM_MACROPHAGE_UP","GSE22935_UNSTIM_VS_48H_MBOVIS_BCG_STIM_MACROPHAGE_UP","47/6767","200/21355",0.995846823632846,0.999999999998058,0.171229712666355
"GSE23321_CD8_STEM_CELL_MEMORY_VS_CENTRAL_MEMORY_CD8_TCELL_UP","GSE23321_CD8_STEM_CELL_MEMORY_VS_CENTRAL_MEMORY_CD8_TCELL_UP","47/6767","200/21355",0.995846823632846,0.999999999998058,0.171229712666355
"GSE9946_LISTERIA_INF_MATURE_VS_PROSTAGLANDINE2_TREATED_MATURE_DC_DN","GSE9946_LISTERIA_INF_MATURE_VS_PROSTAGLANDINE2_TREATED_MATURE_DC_DN","26/6767","122/21355",0.996004660749468,0.999999999998058,0.171229712666355
"GSE17974_IL4_AND_ANTI_IL12_VS_UNTREATED_0.5H_ACT_CD4_TCELL_DN","GSE17974_IL4_AND_ANTI_IL12_VS_UNTREATED_0.5H_ACT_CD4_TCELL_DN","43/6767","186/21355",0.99619762795019,0.999999999998058,0.171229712666355
"QIU_PBMC_HEPTATITIS_B_SURFACE_ANTIGEN_AGE_UNDER50_NON_RESPONDERS_VS_RESPONDERS_35DY_UP","QIU_PBMC_HEPTATITIS_B_SURFACE_ANTIGEN_AGE_UNDER50_NON_RESPONDERS_VS_RESPONDERS_35DY_UP","1/6767","15/21355",0.996715633718251,0.999999999998058,0.171229712666355
"GSE45365_BCELL_VS_CD8_TCELL_UP","GSE45365_BCELL_VS_CD8_TCELL_UP","44/6767","191/21355",0.996824551696415,0.999999999998058,0.171229712666355
"GSE45365_CD8A_DC_VS_CD11B_DC_IFNAR_KO_MCMV_INFECTION_DN","GSE45365_CD8A_DC_VS_CD11B_DC_IFNAR_KO_MCMV_INFECTION_DN","44/6767","191/21355",0.996824551696415,0.999999999998058,0.171229712666355
"GSE28737_WT_VS_BCL6_KO_MARGINAL_ZONE_BCELL_UP","GSE28737_WT_VS_BCL6_KO_MARGINAL_ZONE_BCELL_UP","46/6767","199/21355",0.997088391388599,0.999999999998058,0.171229712666355
"GSE4142_PLASMA_CELL_VS_MEMORY_BCELL_UP","GSE4142_PLASMA_CELL_VS_MEMORY_BCELL_UP","46/6767","199/21355",0.997088391388599,0.999999999998058,0.171229712666355
"GSE46606_UNSTIM_VS_CD40L_IL2_IL5_3DAY_STIMULATED_IRF4HIGH_SORTED_BCELL_DN","GSE46606_UNSTIM_VS_CD40L_IL2_IL5_3DAY_STIMULATED_IRF4HIGH_SORTED_BCELL_DN","46/6767","199/21355",0.997088391388599,0.999999999998058,0.171229712666355
"GSE41867_LCMV_ARMSTRONG_VS_CLONE13_DAY15_EFFECTOR_CD8_TCELL_DN","GSE41867_LCMV_ARMSTRONG_VS_CLONE13_DAY15_EFFECTOR_CD8_TCELL_DN","42/6767","185/21355",0.997385177087657,0.999999999998058,0.171229712666355
"GSE40666_WT_VS_STAT4_KO_CD8_TCELL_UP","GSE40666_WT_VS_STAT4_KO_CD8_TCELL_UP","42/6767","186/21355",0.997731545586084,0.999999999998058,0.171229712666355
"HOEK_PBMC_INACTIVATED_INFLUENZA_ADULT_3DY_UP","HOEK_PBMC_INACTIVATED_INFLUENZA_ADULT_3DY_UP","1/6767","16/21355",0.997757119502159,0.999999999998058,0.171229712666355
"LI_PBMC_MENACTRA_AGE_18_45YO_ANTI_POLYSACCHARIDE_ANTIBODY_CORRELATION_PROFILE_3DY_DN","LI_PBMC_MENACTRA_AGE_18_45YO_ANTI_POLYSACCHARIDE_ANTIBODY_CORRELATION_PROFILE_3DY_DN","1/6767","16/21355",0.997757119502159,0.999999999998058,0.171229712666355
"GSE6259_33D1_POS_DC_VS_CD8_TCELL_UP","GSE6259_33D1_POS_DC_VS_CD8_TCELL_UP","31/6767","145/21355",0.9978699075938,0.999999999998058,0.171229712666355
"GSE16386_IL4_VS_IL4_AND_ROSIGLITAZONE_STIM_MACROPHAGE_6H_DN","GSE16386_IL4_VS_IL4_AND_ROSIGLITAZONE_STIM_MACROPHAGE_6H_DN","45/6767","198/21355",0.997991646089859,0.999999999998058,0.171229712666355
"GSE2128_C57BL6_VS_NOD_THYMOCYTE_MIMETOPE_NEGATIVE_SELECTION_UP","GSE2128_C57BL6_VS_NOD_THYMOCYTE_MIMETOPE_NEGATIVE_SELECTION_UP","45/6767","198/21355",0.997991646089859,0.999999999998058,0.171229712666355
"GSE19198_1H_VS_6H_IL21_TREATED_TCELL_UP","GSE19198_1H_VS_6H_IL21_TREATED_TCELL_UP","42/6767","187/21355",0.998034704585982,0.999999999998058,0.171229712666355
"GSE21927_SPLEEN_VS_TUMOR_MONOCYTE_C57BL6_UP","GSE21927_SPLEEN_VS_TUMOR_MONOCYTE_C57BL6_UP","43/6767","191/21355",0.998110569998335,0.999999999998058,0.171229712666355
"GSE16385_UNTREATED_VS_12H_ROSIGLITAZONE_TREATED_MACROPHAGE_UP","GSE16385_UNTREATED_VS_12H_ROSIGLITAZONE_TREATED_MACROPHAGE_UP","42/6767","188/21355",0.998299638039567,0.999999999998058,0.171229712666355
"GSE19825_NAIVE_VS_IL2RALOW_DAY3_EFF_CD8_TCELL_UP","GSE19825_NAIVE_VS_IL2RALOW_DAY3_EFF_CD8_TCELL_UP","45/6767","200/21355",0.998486778144181,0.999999999998058,0.171229712666355
"GSE21927_HEALTHY_VS_TUMOROUS_BALBC_MOUSE_MONOCYTE_DN","GSE21927_HEALTHY_VS_TUMOROUS_BALBC_MOUSE_MONOCYTE_DN","42/6767","189/21355",0.998530815424238,0.999999999998058,0.171229712666355
"GSE37532_TREG_VS_TCONV_CD4_TCELL_FROM_VISCERAL_ADIPOSE_TISSUE_UP","GSE37532_TREG_VS_TCONV_CD4_TCELL_FROM_VISCERAL_ADIPOSE_TISSUE_UP","28/6767","136/21355",0.998603126293219,0.999999999998058,0.171229712666355
"GSE22886_NEUTROPHIL_VS_MONOCYTE_UP","GSE22886_NEUTROPHIL_VS_MONOCYTE_UP","44/6767","197/21355",0.998637669906153,0.999999999998058,0.171229712666355
"GSE22601_IMMATURE_CD4_SINGLE_POSITIVE_VS_DOUBLE_POSITIVE_THYMOCYTE_UP","GSE22601_IMMATURE_CD4_SINGLE_POSITIVE_VS_DOUBLE_POSITIVE_THYMOCYTE_UP","44/6767","198/21355",0.99882224813938,0.999999999998058,0.171229712666355
"GSE40666_UNTREATED_VS_IFNA_STIM_CD8_TCELL_90MIN_UP","GSE40666_UNTREATED_VS_IFNA_STIM_CD8_TCELL_90MIN_UP","41/6767","187/21355",0.998868500504134,0.999999999998058,0.171229712666355
"GSE9960_HEALTHY_VS_GRAM_NEG_AND_POS_SEPSIS_PBMC_UP","GSE9960_HEALTHY_VS_GRAM_NEG_AND_POS_SEPSIS_PBMC_UP","41/6767","187/21355",0.998868500504134,0.999999999998058,0.171229712666355
"GSE13411_NAIVE_VS_MEMORY_BCELL_UP","GSE13411_NAIVE_VS_MEMORY_BCELL_UP","42/6767","192/21355",0.999059701245027,0.999999999998058,0.171229712666355
"GSE34156_UNTREATED_VS_24H_NOD2_AND_TLR1_TLR2_LIGAND_TREATED_MONOCYTE_DN","GSE34156_UNTREATED_VS_24H_NOD2_AND_TLR1_TLR2_LIGAND_TREATED_MONOCYTE_DN","39/6767","181/21355",0.999109599074894,0.999999999998058,0.171229712666355
"GSE22443_NAIVE_VS_ACT_AND_IL2_TREATED_CD8_TCELL_UP","GSE22443_NAIVE_VS_ACT_AND_IL2_TREATED_CD8_TCELL_UP","44/6767","200/21355",0.999123097951495,0.999999999998058,0.171229712666355
"GSE6674_UNSTIM_VS_ANTI_IGM_STIM_BCELL_DN","GSE6674_UNSTIM_VS_ANTI_IGM_STIM_BCELL_DN","27/6767","135/21355",0.999157631553403,0.999999999998058,0.171229712666355
"GSE17974_IL4_AND_ANTI_IL12_VS_UNTREATED_1H_ACT_CD4_TCELL_DN","GSE17974_IL4_AND_ANTI_IL12_VS_UNTREATED_1H_ACT_CD4_TCELL_DN","41/6767","189/21355",0.999164664468763,0.999999999998058,0.171229712666355
"GSE13547_WT_VS_ZFX_KO_BCELL_ANTI_IGM_STIM_12H_UP","GSE13547_WT_VS_ZFX_KO_BCELL_ANTI_IGM_STIM_12H_UP","30/6767","147/21355",0.999193664838543,0.999999999998058,0.171229712666355
"NAKAYA_PBMC_FLUAD_MALE_AGE_14_27YO_1D_POSTBOOST_VS_0D_PREIMM_MF59_ADJUVANTED_1DY_GENES_IN_BTM_M40_AND_M53_DN","NAKAYA_PBMC_FLUAD_MALE_AGE_14_27YO_1D_POSTBOOST_VS_0D_PREIMM_MF59_ADJUVANTED_1DY_GENES_IN_BTM_M40_AND_M53_DN","8/6767","56/21355",0.99920255096812,0.999999999998058,0.171229712666355
"GSE29618_PRE_VS_DAY7_POST_TIV_FLU_VACCINE_BCELL_UP","GSE29618_PRE_VS_DAY7_POST_TIV_FLU_VACCINE_BCELL_UP","43/6767","197/21355",0.999218470955917,0.999999999998058,0.171229712666355
"GSE9988_LPS_VS_LOW_LPS_MONOCYTE_DN","GSE9988_LPS_VS_LOW_LPS_MONOCYTE_DN","40/6767","186/21355",0.999260971825824,0.999999999998058,0.171229712666355
"GSE14413_UNSTIM_VS_IFNB_STIM_RAW264_CELLS_DN","GSE14413_UNSTIM_VS_IFNB_STIM_RAW264_CELLS_DN","24/6767","124/21355",0.999283866858414,0.999999999998058,0.171229712666355
"GSE7509_UNSTIM_VS_TNFA_IL1B_IL6_PGE_STIM_DC_DN","GSE7509_UNSTIM_VS_TNFA_IL1B_IL6_PGE_STIM_DC_DN","20/6767","108/21355",0.999303191590784,0.999999999998058,0.171229712666355
"GSE13411_NAIVE_VS_SWITCHED_MEMORY_BCELL_UP","GSE13411_NAIVE_VS_SWITCHED_MEMORY_BCELL_UP","43/6767","198/21355",0.999328390834053,0.999999999998058,0.171229712666355
"GSE41867_DAY8_VS_DAY15_LCMV_ARMSTRONG_EFFECTOR_CD8_TCELL_UP","GSE41867_DAY8_VS_DAY15_LCMV_ARMSTRONG_EFFECTOR_CD8_TCELL_UP","41/6767","191/21355",0.999386478492576,0.999999999998058,0.171229712666355
"GSE9946_MATURE_STIMULATORY_VS_PROSTAGLANDINE2_TREATED_MATURE_DC_DN","GSE9946_MATURE_STIMULATORY_VS_PROSTAGLANDINE2_TREATED_MATURE_DC_DN","27/6767","137/21355",0.999410864554126,0.999999999998058,0.171229712666355
"GSE22886_IL2_VS_IL15_STIM_NKCELL_UP","GSE22886_IL2_VS_IL15_STIM_NKCELL_UP","42/6767","196/21355",0.999490568131883,0.999999999998058,0.171229712666355
"GSE29618_PRE_VS_DAY7_POST_LAIV_FLU_VACCINE_PDC_UP","GSE29618_PRE_VS_DAY7_POST_LAIV_FLU_VACCINE_PDC_UP","42/6767","196/21355",0.999490568131883,0.999999999998058,0.171229712666355
"GSE22443_NAIVE_VS_ACT_AND_IL2_TREATED_CD8_TCELL_DN","GSE22443_NAIVE_VS_ACT_AND_IL2_TREATED_CD8_TCELL_DN","43/6767","200/21355",0.999505858599921,0.999999999998058,0.171229712666355
"GSE8921_UNSTIM_0H_VS_TLR1_2_STIM_MONOCYTE_3H_DN","GSE8921_UNSTIM_0H_VS_TLR1_2_STIM_MONOCYTE_3H_DN","43/6767","200/21355",0.999505858599921,0.999999999998058,0.171229712666355
"GSE38697_LIGHT_ZONE_VS_DARK_ZONE_BCELL_DN","GSE38697_LIGHT_ZONE_VS_DARK_ZONE_BCELL_DN","25/6767","130/21355",0.999506466799884,0.999999999998058,0.171229712666355
"GSE37336_LY6C_POS_VS_NEG_NAIVE_CD4_TCELL_DN","GSE37336_LY6C_POS_VS_NEG_NAIVE_CD4_TCELL_DN","40/6767","189/21355",0.999539058739193,0.999999999998058,0.171229712666355
"GSE37416_CTRL_VS_0H_F_TULARENSIS_LVS_NEUTROPHIL_DN","GSE37416_CTRL_VS_0H_F_TULARENSIS_LVS_NEUTROPHIL_DN","39/6767","189/21355",0.999753322665897,0.999999999998058,0.171229712666355
"GSE9988_LPS_VS_LOW_LPS_MONOCYTE_UP","GSE9988_LPS_VS_LOW_LPS_MONOCYTE_UP","40/6767","193/21355",0.999758632888382,0.999999999998058,0.171229712666355
"GSE37605_TREG_VS_TCONV_C57BL6_FOXP3_IRES_GFP_UP","GSE37605_TREG_VS_TCONV_C57BL6_FOXP3_IRES_GFP_UP","23/6767","126/21355",0.99977575919475,0.999999999998058,0.171229712666355
"GSE25502_WT_VS_KLF13_KO_THYMIC_MEMORY_LIKE_CD8_TCELL_DN","GSE25502_WT_VS_KLF13_KO_THYMIC_MEMORY_LIKE_CD8_TCELL_DN","38/6767","187/21355",0.999820076528041,0.999999999998058,0.171229712666355
"GSE14769_UNSTIM_VS_20MIN_LPS_BMDM_UP","GSE14769_UNSTIM_VS_20MIN_LPS_BMDM_UP","41/6767","199/21355",0.999830101945179,0.999999999998058,0.171229712666355
"GSE41176_WT_VS_TAK1_KO_UNSTIM_BCELL_DN","GSE41176_WT_VS_TAK1_KO_UNSTIM_BCELL_DN","41/6767","199/21355",0.999830101945179,0.999999999998058,0.171229712666355
"GSE29615_CTRL_VS_DAY7_LAIV_FLU_VACCINE_PBMC_DN","GSE29615_CTRL_VS_DAY7_LAIV_FLU_VACCINE_PBMC_DN","38/6767","189/21355",0.999872061622589,0.999999999998058,0.171229712666355
"GSE19888_ADENOSINE_A3R_INH_VS_INH_PRETREAT_AND_ACT_WITH_TCELL_MEMBRANES_MAST_CELL_DN","GSE19888_ADENOSINE_A3R_INH_VS_INH_PRETREAT_AND_ACT_WITH_TCELL_MEMBRANES_MAST_CELL_DN","40/6767","197/21355",0.999876028596011,0.999999999998058,0.171229712666355
"GSE13522_WT_VS_IFNG_KO_SKING_T_CRUZI_Y_STRAIN_INF_UP","GSE13522_WT_VS_IFNG_KO_SKING_T_CRUZI_Y_STRAIN_INF_UP","23/6767","129/21355",0.999877057844196,0.999999999998058,0.171229712666355
"GSE23502_BM_VS_COLON_TUMOR_HDC_KO_MYELOID_DERIVED_SUPPRESSOR_CELL_UP","GSE23502_BM_VS_COLON_TUMOR_HDC_KO_MYELOID_DERIVED_SUPPRESSOR_CELL_UP","40/6767","199/21355",0.999911773423019,0.999999999998058,0.171229712666355
"GSE41867_NAIVE_VS_DAY15_LCMV_CONE13_EFFECTOR_CD8_TCELL_UP","GSE41867_NAIVE_VS_DAY15_LCMV_CONE13_EFFECTOR_CD8_TCELL_UP","36/6767","186/21355",0.999946023215887,0.999999999998058,0.171229712666355
"GSE2405_0H_VS_3H_A_PHAGOCYTOPHILUM_STIM_NEUTROPHIL_DN","GSE2405_0H_VS_3H_A_PHAGOCYTOPHILUM_STIM_NEUTROPHIL_DN","39/6767","198/21355",0.999946980306239,0.999999999998058,0.171229712666355
"GSE13887_ACT_CD4_VS_NO_TREATED_CD4_TCELL_UP","GSE13887_ACT_CD4_VS_NO_TREATED_CD4_TCELL_UP","22/6767","129/21355",0.999948225289511,0.999999999998058,0.171229712666355
"GSE13522_WT_VS_IFNG_KO_SKIN_UP","GSE13522_WT_VS_IFNG_KO_SKIN_UP","24/6767","138/21355",0.999954328428025,0.999999999998058,0.171229712666355
"GSE29614_CTRL_VS_DAY7_TIV_FLU_VACCINE_PBMC_UP","GSE29614_CTRL_VS_DAY7_TIV_FLU_VACCINE_PBMC_UP","36/6767","187/21355",0.999954969944669,0.999999999998058,0.171229712666355
"GSE16385_IFNG_TNF_VS_ROSIGLITAZONE_STIM_MACROPHAGE_DN","GSE16385_IFNG_TNF_VS_ROSIGLITAZONE_STIM_MACROPHAGE_DN","36/6767","188/21355",0.999962476823746,0.999999999998058,0.171229712666355
"GSE2706_LPS_VS_R848_AND_LPS_2H_STIM_DC_DN","GSE2706_LPS_VS_R848_AND_LPS_2H_STIM_DC_DN","34/6767","181/21355",0.999969031981188,0.999999999998058,0.171229712666355
"GSE37532_WT_VS_PPARG_KO_LN_TREG_DN","GSE37532_WT_VS_PPARG_KO_LN_TREG_DN","20/6767","123/21355",0.999969991040754,0.999999999998058,0.171229712666355
"GSE17974_IL4_AND_ANTI_IL12_VS_UNTREATED_4H_ACT_CD4_TCELL_DN","GSE17974_IL4_AND_ANTI_IL12_VS_UNTREATED_4H_ACT_CD4_TCELL_DN","35/6767","187/21355",0.999978574462838,0.999999999998058,0.171229712666355
"GSE21546_UNSTIM_VS_ANTI_CD3_STIM_SAP1A_KO_AND_ELK1_KO_DP_THYMOCYTES_DN","GSE21546_UNSTIM_VS_ANTI_CD3_STIM_SAP1A_KO_AND_ELK1_KO_DP_THYMOCYTES_DN","35/6767","187/21355",0.999978574462838,0.999999999998058,0.171229712666355
"GSE21546_UNSTIM_VS_ANTI_CD3_STIM_SAP1A_KO_DP_THYMOCYTES_DN","GSE21546_UNSTIM_VS_ANTI_CD3_STIM_SAP1A_KO_DP_THYMOCYTES_DN","34/6767","183/21355",0.999978767459845,0.999999999998058,0.171229712666355
"GSE12484_HEALTHY_VS_PERIDONTITIS_NEUTROPHILS_UP","GSE12484_HEALTHY_VS_PERIDONTITIS_NEUTROPHILS_UP","23/6767","139/21355",0.99998486722424,0.999999999998058,0.171229712666355
"GSE37605_C57BL6_VS_NOD_FOXP3_FUSION_GFP_TREG_UP","GSE37605_C57BL6_VS_NOD_FOXP3_FUSION_GFP_TREG_UP","19/6767","122/21355",0.999985854056242,0.999999999998058,0.171229712666355
"GSE41867_DAY6_VS_DAY15_LCMV_CLONE13_EFFECTOR_CD8_TCELL_DN","GSE41867_DAY6_VS_DAY15_LCMV_CLONE13_EFFECTOR_CD8_TCELL_DN","35/6767","190/21355",0.999987871899882,0.999999999998058,0.171229712666355
"GSE41176_UNSTIM_VS_ANTI_IGM_STIM_TAK1_KO_BCELL_3H_DN","GSE41176_UNSTIM_VS_ANTI_IGM_STIM_TAK1_KO_BCELL_3H_DN","37/6767","200/21355",0.999991511792323,0.999999999998058,0.171229712666355
"GSE40666_STAT1_KO_VS_STAT4_KO_CD8_TCELL_DN","GSE40666_STAT1_KO_VS_STAT4_KO_CD8_TCELL_DN","32/6767","182/21355",0.999994815434359,0.999999999998058,0.171229712666355
"GSE20727_ROS_INH_VS_ROS_INH_AND_DNFB_ALLERGEN_TREATED_DC_DN","GSE20727_ROS_INH_VS_ROS_INH_AND_DNFB_ALLERGEN_TREATED_DC_DN","35/6767","196/21355",0.999996224345766,0.999999999998058,0.171229712666355
"GSE41867_DAY8_VS_DAY15_LCMV_ARMSTRONG_EFFECTOR_CD8_TCELL_DN","GSE41867_DAY8_VS_DAY15_LCMV_ARMSTRONG_EFFECTOR_CD8_TCELL_DN","32/6767","184/21355",0.999996542000644,0.999999999998058,0.171229712666355
"GSE9946_IMMATURE_VS_MATURE_STIMULATORY_DC_DN","GSE9946_IMMATURE_VS_MATURE_STIMULATORY_DC_DN","21/6767","137/21355",0.999996587719419,0.999999999998058,0.171229712666355
"GSE43863_NAIVE_VS_LY6C_INT_CXCR5POS_CD4_EFF_TCELL_D6_LCMV_DN","GSE43863_NAIVE_VS_LY6C_INT_CXCR5POS_CD4_EFF_TCELL_D6_LCMV_DN","34/6767","193/21355",0.999996987493713,0.999999999998058,0.171229712666355
"GSE29614_CTRL_VS_TIV_FLU_VACCINE_PBMC_2007_UP","GSE29614_CTRL_VS_TIV_FLU_VACCINE_PBMC_2007_UP","32/6767","189/21355",0.999998766123871,0.999999999998058,0.171229712666355
"GSE13485_CTRL_VS_DAY21_YF17D_VACCINE_PBMC_DN","GSE13485_CTRL_VS_DAY21_YF17D_VACCINE_PBMC_DN","31/6767","186/21355",0.999999047643002,0.999999999998058,0.171229712666355
"GSE37532_VISCERAL_ADIPOSE_TISSUE_VS_LN_DERIVED_TCONV_CD4_TCELL_DN","GSE37532_VISCERAL_ADIPOSE_TISSUE_VS_LN_DERIVED_TCONV_CD4_TCELL_DN","14/6767","111/21355",0.999999231111711,0.999999999998058,0.171229712666355
"GSE13887_RESTING_VS_NO_TREATED_CD4_TCELL_UP","GSE13887_RESTING_VS_NO_TREATED_CD4_TCELL_UP","20/6767","139/21355",0.999999254413961,0.999999999998058,0.171229712666355
"GSE18281_CORTICAL_THYMOCYTE_VS_WHOLE_CORTEX_THYMUS_UP","GSE18281_CORTICAL_THYMOCYTE_VS_WHOLE_CORTEX_THYMUS_UP","33/6767","196/21355",0.999999309579706,0.999999999998058,0.171229712666355
"GSE41867_DAY6_VS_DAY15_LCMV_CLONE13_EFFECTOR_CD8_TCELL_UP","GSE41867_DAY6_VS_DAY15_LCMV_CLONE13_EFFECTOR_CD8_TCELL_UP","31/6767","189/21355",0.999999497717416,0.999999999998058,0.171229712666355
"ZAK_PBMC_MRKAD5_HIV_1_GAG_POL_NEF_AGE_20_50YO_CORRELATED_WITH_CD8_T_CELL_RESPONSE_3DY_NEGATIVE","ZAK_PBMC_MRKAD5_HIV_1_GAG_POL_NEF_AGE_20_50YO_CORRELATED_WITH_CD8_T_CELL_RESPONSE_3DY_NEGATIVE","11/6767","98/21355",0.999999514638101,0.999999999998058,0.171229712666355
"GSE13485_DAY7_VS_DAY21_YF17D_VACCINE_PBMC_DN","GSE13485_DAY7_VS_DAY21_YF17D_VACCINE_PBMC_DN","31/6767","191/21355",0.999999673686387,0.999999999998058,0.171229712666355
"GSE18791_UNSTIM_VS_NEWCATSLE_VIRUS_DC_1H_UP","GSE18791_UNSTIM_VS_NEWCATSLE_VIRUS_DC_1H_UP","30/6767","188/21355",0.999999754738966,0.999999999998058,0.171229712666355
"GSE29614_DAY3_VS_DAY7_TIV_FLU_VACCINE_PBMC_UP","GSE29614_DAY3_VS_DAY7_TIV_FLU_VACCINE_PBMC_UP","29/6767","187/21355",0.99999988358209,0.999999999998058,0.171229712666355
"GSE46606_UNSTIM_VS_CD40L_IL2_IL5_3DAY_STIMULATED_IRF4_KO_BCELL_UP","GSE46606_UNSTIM_VS_CD40L_IL2_IL5_3DAY_STIMULATED_IRF4_KO_BCELL_UP","28/6767","184/21355",0.999999915118631,0.999999999998058,0.171229712666355
"GSE40493_BCL6_KO_VS_WT_TREG_DN","GSE40493_BCL6_KO_VS_WT_TREG_DN","13/6767","117/21355",0.999999959697209,0.999999999998058,0.171229712666355
"GSE22611_NOD2_TRANSD_VS_CTRL_TRANSD_HEK293_MDP_STIM_2H_DN","GSE22611_NOD2_TRANSD_VS_CTRL_TRANSD_HEK293_MDP_STIM_2H_DN","15/6767","134/21355",0.999999994130274,0.999999999998058,0.171229712666355
"GSE13485_DAY3_VS_DAY21_YF17D_VACCINE_PBMC_DN","GSE13485_DAY3_VS_DAY21_YF17D_VACCINE_PBMC_DN","26/6767","189/21355",0.999999996916977,0.999999999998058,0.171229712666355
"GSE18791_CTRL_VS_NEWCASTLE_VIRUS_DC_1H_UP","GSE18791_CTRL_VS_NEWCASTLE_VIRUS_DC_1H_UP","23/6767","182/21355",0.999999999471355,0.999999999998058,0.171229712666355
"GSE18791_UNSTIM_VS_NEWCATSLE_VIRUS_DC_2H_UP","GSE18791_UNSTIM_VS_NEWCATSLE_VIRUS_DC_2H_UP","23/6767","185/21355",0.999999999756669,0.999999999998058,0.171229712666355
"GSE13485_DAY1_VS_DAY7_YF17D_VACCINE_PBMC_UP","GSE13485_DAY1_VS_DAY7_YF17D_VACCINE_PBMC_UP","22/6767","185/21355",0.999999999931564,0.999999999998058,0.171229712666355
"GSE29614_CTRL_VS_DAY3_TIV_FLU_VACCINE_PBMC_DN","GSE29614_CTRL_VS_DAY3_TIV_FLU_VACCINE_PBMC_DN","21/6767","184/21355",0.999999999976037,0.999999999998058,0.171229712666355
"GSE13485_DAY1_VS_DAY3_YF17D_VACCINE_PBMC_UP","GSE13485_DAY1_VS_DAY3_YF17D_VACCINE_PBMC_UP","21/6767","186/21355",0.999999999986082,0.999999999998058,0.171229712666355
"GSE13485_CTRL_VS_DAY1_YF17D_VACCINE_PBMC_DN","GSE13485_CTRL_VS_DAY1_YF17D_VACCINE_PBMC_DN","19/6767","183/21355",0.999999999998058,0.999999999998058,0.171229712666355
