"ID","Description","GeneRatio","BgRatio","pvalue","p.adjust","qvalue"
"GSE10325_LUPUS_BCELL_VS_LUPUS_MYELOID_DN","GSE10325_LUPUS_BCELL_VS_LUPUS_MYELOID_DN","148/4231","200/21355",6.66843390681777e-62,3.41823922063479e-58,6.78074437261681e-59
"GSE22886_NAIVE_CD8_TCELL_VS_MONOCYTE_DN","GSE22886_NAIVE_CD8_TCELL_VS_MONOCYTE_DN","143/4231","200/21355",1.13410511974624e-56,2.90671142190961e-53,5.76602918776246e-54
"GSE22886_NAIVE_CD4_TCELL_VS_MONOCYTE_DN","GSE22886_NAIVE_CD4_TCELL_VS_MONOCYTE_DN","142/4231","200/21355",1.17012831722179e-55,1.49951943851972e-52,2.9745893537796e-53
"GSE22886_NAIVE_TCELL_VS_MONOCYTE_DN","GSE22886_NAIVE_TCELL_VS_MONOCYTE_DN","142/4231","200/21355",1.17012831722179e-55,1.49951943851972e-52,2.9745893537796e-53
"GSE10325_LUPUS_CD4_TCELL_VS_LUPUS_MYELOID_DN","GSE10325_LUPUS_CD4_TCELL_VS_LUPUS_MYELOID_DN","140/4231","200/21355",1.15809861417438e-53,1.18728269925157e-50,2.35520686587884e-51
"GSE29618_MONOCYTE_VS_MDC_UP","GSE29618_MONOCYTE_VS_MDC_UP","139/4231","200/21355",1.11142590118822e-52,8.13881309927258e-50,1.61449236172604e-50
"GSE29618_MONOCYTE_VS_PDC_DAY7_FLU_VACCINE_UP","GSE29618_MONOCYTE_VS_PDC_DAY7_FLU_VACCINE_UP","139/4231","200/21355",1.11142590118822e-52,8.13881309927258e-50,1.61449236172604e-50
"GSE29618_BCELL_VS_MONOCYTE_DN","GSE29618_BCELL_VS_MONOCYTE_DN","138/4231","200/21355",1.04166886694026e-51,6.67449326491973e-49,1.32401595455828e-49
"GSE29618_BCELL_VS_MONOCYTE_DAY7_FLU_VACCINE_DN","GSE29618_BCELL_VS_MONOCYTE_DAY7_FLU_VACCINE_DN","137/4231","200/21355",9.53639296278147e-51,5.43150559191309e-48,1.07744509965461e-48
"NAKAYA_PBMC_FLUARIX_FLUVIRIN_AGE_18_50YO_CORRELATED_WITH_HAI_28DY_RESPONSE_AT_3DY_POSITIVE","NAKAYA_PBMC_FLUARIX_FLUVIRIN_AGE_18_50YO_CORRELATED_WITH_HAI_28DY_RESPONSE_AT_3DY_POSITIVE","221/4231","426/21355",3.54582053441671e-50,1.81758760594201e-47,3.60553961710163e-48
"GSE29618_MONOCYTE_VS_MDC_DAY7_FLU_VACCINE_UP","GSE29618_MONOCYTE_VS_MDC_DAY7_FLU_VACCINE_UP","136/4231","200/21355",8.52964770152971e-50,3.97481582891284e-47,7.88482265997866e-48
"GSE22886_NAIVE_BCELL_VS_MONOCYTE_DN","GSE22886_NAIVE_BCELL_VS_MONOCYTE_DN","133/4231","200/21355",5.3179519711211e-47,2.27165181699723e-44,4.50626456500262e-45
"GSE29618_MONOCYTE_VS_PDC_UP","GSE29618_MONOCYTE_VS_PDC_UP","132/4231","199/21355",1.82716880588684e-46,7.20466715305842e-44,1.42918628865319e-44
"GSE10325_BCELL_VS_MYELOID_DN","GSE10325_BCELL_VS_MYELOID_DN","131/4231","200/21355",3.46620737587428e-45,1.26912707205225e-42,2.51756114668764e-43
"GSE34156_TLR1_TLR2_LIGAND_VS_NOD2_AND_TLR1_TLR2_LIGAND_24H_TREATED_MONOCYTE_UP","GSE34156_TLR1_TLR2_LIGAND_VS_NOD2_AND_TLR1_TLR2_LIGAND_24H_TREATED_MONOCYTE_UP","129/4231","197/21355",1.70621935792849e-44,5.83072028582763e-42,1.15663712263784e-42
"GSE13547_CTRL_VS_ANTI_IGM_STIM_BCELL_12H_UP","GSE13547_CTRL_VS_ANTI_IGM_STIM_BCELL_12H_UP","124/4231","187/21355",1.07558226597636e-43,3.44589668462175e-41,6.83560834824448e-42
"GSE29618_PDC_VS_MDC_DAY7_FLU_VACCINE_DN","GSE29618_PDC_VS_MDC_DAY7_FLU_VACCINE_DN","129/4231","200/21355",2.06696481430246e-43,6.23250684594967e-41,1.23633932545894e-41
"QI_PBMC_ZOSTAVAX_AGE_50_75YO_CORRELATED_WITH_EXPANSION_OF_VZV_SPECIFIC_T_CELLS_TO_PEAK_AT_1DY_POSITIVE","QI_PBMC_ZOSTAVAX_AGE_50_75YO_CORRELATED_WITH_EXPANSION_OF_VZV_SPECIFIC_T_CELLS_TO_PEAK_AT_1DY_POSITIVE","147/4231","248/21355",8.49244693801835e-43,2.33842699754832e-40,4.63872616307303e-41
"FLETCHER_PBMC_BCG_10W_INFANT_BCG_STIMULATED_VS_UNSTIMULATED_10W_DN","FLETCHER_PBMC_BCG_10W_INFANT_BCG_STIMULATED_VS_UNSTIMULATED_10W_DN","150/4231","256/21355",8.66759909352674e-43,2.33842699754832e-40,4.63872616307303e-41
"GSE29618_PDC_VS_MDC_DN","GSE29618_PDC_VS_MDC_DN","128/4231","200/21355",1.54434374067626e-42,3.95815300735324e-40,7.85176870259612e-41
"GSE29618_BCELL_VS_MDC_DAY7_FLU_VACCINE_DN","GSE29618_BCELL_VS_MDC_DAY7_FLU_VACCINE_DN","127/4231","200/21355",1.12896767812011e-41,2.75575634192556e-39,5.46658033616053e-40
"GSE6269_FLU_VS_STAPH_AUREUS_INF_PBMC_DN","GSE6269_FLU_VS_STAPH_AUREUS_INF_PBMC_DN","113/4231","167/21355",3.05502418076751e-41,7.11820634118831e-39,1.41203509981886e-39
"GSE33292_WT_VS_TCF1_KO_DN3_THYMOCYTE_DN","GSE33292_WT_VS_TCF1_KO_DN3_THYMOCYTE_DN","126/4231","200/21355",8.07609693927036e-41,1.79991621350869e-38,3.57048496262479e-39
"GSE15750_DAY6_VS_DAY10_TRAF6KO_EFF_CD8_TCELL_UP","GSE15750_DAY6_VS_DAY10_TRAF6KO_EFF_CD8_TCELL_UP","125/4231","200/21355",5.65401910835437e-40,1.20760424789269e-37,2.39551862222382e-38
"GSE9988_ANTI_TREM1_VS_VEHICLE_TREATED_MONOCYTES_DN","GSE9988_ANTI_TREM1_VS_VEHICLE_TREATED_MONOCYTES_DN","123/4231","197/21355",2.74724940952065e-39,5.63296018928113e-37,1.11740754930398e-37
"GSE9988_LPS_VS_VEHICLE_TREATED_MONOCYTE_DN","GSE9988_LPS_VS_VEHICLE_TREATED_MONOCYTE_DN","123/4231","198/21355",5.85782782111204e-39,1.15489328503924e-36,2.29095614380333e-37
"GSE21063_WT_VS_NFATC1_KO_8H_ANTI_IGM_STIM_BCELL_UP","GSE21063_WT_VS_NFATC1_KO_8H_ANTI_IGM_STIM_BCELL_UP","123/4231","199/21355",1.23881946308811e-38,2.35192169177394e-36,4.66549552180551e-37
"HOWARD_PBMC_INACT_MONOV_INFLUENZA_A_INDONESIA_05_2005_H5N1_AGE_19_39YO_AS03_ADJUVANT_VS_BUFFER_1DY_UP","HOWARD_PBMC_INACT_MONOV_INFLUENZA_A_INDONESIA_05_2005_H5N1_AGE_19_39YO_AS03_ADJUVANT_VS_BUFFER_1DY_UP","186/4231","377/21355",2.08783979895819e-38,3.82223814623561e-36,7.5821550593745e-37
"GSE22886_NAIVE_BCELL_VS_NEUTROPHIL_DN","GSE22886_NAIVE_BCELL_VS_NEUTROPHIL_DN","123/4231","200/21355",2.5988222734552e-38,4.44052099124378e-36,8.80863970581657e-37
"GSE39556_CD8A_DC_VS_NK_CELL_MOUSE_3H_POST_POLYIC_INJ_UP","GSE39556_CD8A_DC_VS_NK_CELL_MOUSE_3H_POST_POLYIC_INJ_UP","123/4231","200/21355",2.5988222734552e-38,4.44052099124378e-36,8.80863970581657e-37
"GSE34156_NOD2_LIGAND_VS_TLR1_TLR2_LIGAND_6H_TREATED_MONOCYTE_DN","GSE34156_NOD2_LIGAND_VS_TLR1_TLR2_LIGAND_6H_TREATED_MONOCYTE_DN","121/4231","197/21355",1.25419617649444e-37,2.07387406474532e-35,4.11393380812777e-36
"GSE29618_BCELL_VS_MDC_DN","GSE29618_BCELL_VS_MDC_DN","122/4231","200/21355",1.70661066637725e-37,2.73377696120305e-35,5.42297994644875e-36
"GSE15750_DAY6_VS_DAY10_EFF_CD8_TCELL_UP","GSE15750_DAY6_VS_DAY10_EFF_CD8_TCELL_UP","121/4231","200/21355",1.0972784008801e-36,1.70443911603376e-34,3.38108751275974e-35
"GSE24634_TEFF_VS_TCONV_DAY10_IN_CULTURE_DN","GSE24634_TEFF_VS_TCONV_DAY10_IN_CULTURE_DN","120/4231","200/21355",6.9082042337722e-36,1.04151337947989e-33,2.06604498136964e-34
"GSE34156_UNTREATED_VS_6H_TLR1_TLR2_LIGAND_TREATED_MONOCYTE_UP","GSE34156_UNTREATED_VS_6H_TLR1_TLR2_LIGAND_TREATED_MONOCYTE_UP","118/4231","197/21355",3.29271140478047e-35,4.82241104597276e-33,9.56619313388851e-34
"GSE34156_UNTREATED_VS_24H_NOD2_LIGAND_TREATED_MONOCYTE_DN","GSE34156_UNTREATED_VS_24H_NOD2_LIGAND_TREATED_MONOCYTE_DN","118/4231","200/21355",2.57166733779475e-34,3.66176854820441e-32,7.2638323049992e-33
"QI_PBMC_ZOSTAVAX_AGE_50_75YO_CORRELATED_WITH_CONTRACTION_OF_VZV_SPECIFIC_T_CELLS_PEAK_TO_28DY_AT_1DYPOSITIVE","QI_PBMC_ZOSTAVAX_AGE_50_75YO_CORRELATED_WITH_CONTRACTION_OF_VZV_SPECIFIC_T_CELLS_PEAK_TO_28DY_AT_1DYPOSITIVE","151/4231","294/21355",6.37820980192459e-34,8.83640633639607e-32,1.75287358994571e-32
"GSE9988_ANTI_TREM1_AND_LPS_VS_VEHICLE_TREATED_MONOCYTES_DN","GSE9988_ANTI_TREM1_AND_LPS_VS_VEHICLE_TREATED_MONOCYTES_DN","116/4231","197/21355",1.21384953015881e-33,1.63741912936686e-31,3.24814029399837e-32
"GOLDRATH_EFF_VS_MEMORY_CD8_TCELL_UP","GOLDRATH_EFF_VS_MEMORY_CD8_TCELL_UP","116/4231","200/21355",8.80993199695906e-33,1.15794131836954e-30,2.29700251256746e-31
"GSE11057_CD4_CENT_MEM_VS_PBMC_DN","GSE11057_CD4_CENT_MEM_VS_PBMC_DN","114/4231","195/21355",1.11197866497889e-32,1.40298798265395e-30,2.78310037834715e-31
"SCHERER_PBMC_APSV_WETVAX_AGE_18_32YO_5_TO_7DY_UP","SCHERER_PBMC_APSV_WETVAX_AGE_18_32YO_5_TO_7DY_UP","146/4231","285/21355",1.12217142584494e-32,1.40298798265395e-30,2.78310037834715e-31
"FLETCHER_PBMC_BCG_10W_INFANT_PPD_STIMULATED_VS_UNSTIMULATED_10W_DN","FLETCHER_PBMC_BCG_10W_INFANT_PPD_STIMULATED_VS_UNSTIMULATED_10W_DN","108/4231","181/21355",3.99481365582803e-32,4.87557495232725e-30,9.67165411410996e-31
"GSE22313_HEALTHY_VS_SLE_MOUSE_CD4_TCELL_DN","GSE22313_HEALTHY_VS_SLE_MOUSE_CD4_TCELL_DN","115/4231","200/21355",4.99917686445036e-32,5.95948386213315e-30,1.18217989010013e-30
"GSE14415_TCONV_VS_FOXP3_KO_INDUCED_TREG_DN","GSE14415_TCONV_VS_FOXP3_KO_INDUCED_TREG_DN","109/4231","185/21355",1.00788846183252e-31,1.17419005803489e-29,2.3292350577278e-30
"GSE10325_CD4_TCELL_VS_MYELOID_DN","GSE10325_CD4_TCELL_VS_MYELOID_DN","114/4231","200/21355",2.77904369215359e-31,3.1656395479954e-29,6.27966364121723e-30
"GSE9988_LOW_LPS_VS_VEHICLE_TREATED_MONOCYTE_DN","GSE9988_LOW_LPS_VS_VEHICLE_TREATED_MONOCYTE_DN","113/4231","199/21355",8.15400650531513e-31,9.08639942309682e-29,1.80246459591177e-29
"GSE11057_NAIVE_CD4_VS_PBMC_CD4_TCELL_DN","GSE11057_NAIVE_CD4_VS_PBMC_CD4_TCELL_DN","112/4231","197/21355",1.28191665928606e-30,1.39810740329794e-28,2.77341879702201e-29
"GSE36476_CTRL_VS_TSST_ACT_40H_MEMORY_CD4_TCELL_OLD_DN","GSE36476_CTRL_VS_TSST_ACT_40H_MEMORY_CD4_TCELL_OLD_DN","113/4231","200/21355",1.51352800442493e-30,1.5833356225882e-28,3.14085510692693e-29
"GSE36476_CTRL_VS_TSST_ACT_72H_MEMORY_CD4_TCELL_YOUNG_DN","GSE36476_CTRL_VS_TSST_ACT_72H_MEMORY_CD4_TCELL_YOUNG_DN","113/4231","200/21355",1.51352800442493e-30,1.5833356225882e-28,3.14085510692693e-29
"HOEK_NK_CELL_2011_2012_TIV_3D_VS_0DY_ADULT_3D_DN","HOEK_NK_CELL_2011_2012_TIV_3D_VS_0DY_ADULT_3D_DN","133/4231","258/21355",3.11796580686432e-30,3.1965385451973e-28,6.34095783038092e-29
"GSE11057_PBMC_VS_MEM_CD4_TCELL_UP","GSE11057_PBMC_VS_MEM_CD4_TCELL_UP","111/4231","197/21355",6.93660011746419e-30,6.97196317688655e-28,1.38302491506097e-28
"GSE12845_IGD_POS_BLOOD_VS_PRE_GC_TONSIL_BCELL_DN","GSE12845_IGD_POS_BLOOD_VS_PRE_GC_TONSIL_BCELL_DN","112/4231","200/21355",8.07623945705125e-30,7.81109499185749e-28,1.54948308153158e-28
"GSE36476_CTRL_VS_TSST_ACT_40H_MEMORY_CD4_TCELL_YOUNG_DN","GSE36476_CTRL_VS_TSST_ACT_40H_MEMORY_CD4_TCELL_YOUNG_DN","112/4231","200/21355",8.07623945705125e-30,7.81109499185749e-28,1.54948308153158e-28
"GSE14415_NATURAL_TREG_VS_TCONV_DN","GSE14415_NATURAL_TREG_VS_TCONV_DN","104/4231","180/21355",2.47723965739658e-29,2.35154268218794e-27,4.66474368234911e-28
"GSE30962_PRIMARY_VS_SECONDARY_ACUTE_LCMV_INF_CD8_TCELL_UP","GSE30962_PRIMARY_VS_SECONDARY_ACUTE_LCMV_INF_CD8_TCELL_UP","111/4231","200/21355",4.22255343691748e-29,3.93541980320709e-27,7.806672957057e-28
"GSE14415_INDUCED_VS_NATURAL_TREG_DN","GSE14415_INDUCED_VS_NATURAL_TREG_DN","104/4231","181/21355",4.7012812869518e-29,4.30335140659195e-27,8.53653707367564e-28
"GSE3982_NEUTROPHIL_VS_CENT_MEMORY_CD4_TCELL_UP","GSE3982_NEUTROPHIL_VS_CENT_MEMORY_CD4_TCELL_UP","110/4231","200/21355",2.16326722079579e-28,1.91188065065504e-26,3.79258826731168e-27
"GSE42088_UNINF_VS_LEISHMANIA_INF_DC_24H_UP","GSE42088_UNINF_VS_LEISHMANIA_INF_DC_24H_UP","110/4231","200/21355",2.16326722079579e-28,1.91188065065504e-26,3.79258826731168e-27
"GSE24634_IL4_VS_CTRL_TREATED_NAIVE_CD4_TCELL_DAY10_DN","GSE24634_IL4_VS_CTRL_TREATED_NAIVE_CD4_TCELL_DAY10_DN","109/4231","199/21355",6.12033126083068e-28,5.31742678695222e-26,1.05481534307983e-26
"GSE4984_UNTREATED_VS_GALECTIN1_TREATED_DC_UP","GSE4984_UNTREATED_VS_GALECTIN1_TREATED_DC_UP","106/4231","191/21355",7.55868651638039e-28,6.45763784716098e-26,1.28099845172341e-26
"GSE42088_2H_VS_24H_LEISHMANIA_INF_DC_UP","GSE42088_2H_VS_24H_LEISHMANIA_INF_DC_UP","109/4231","200/21355",1.08601112648289e-27,8.9788597328247e-26,1.78113200030981e-26
"GSE9988_ANTI_TREM1_VS_CTRL_TREATED_MONOCYTES_DN","GSE9988_ANTI_TREM1_VS_CTRL_TREATED_MONOCYTES_DN","109/4231","200/21355",1.08601112648289e-27,8.9788597328247e-26,1.78113200030981e-26
"GSE11057_CD4_EFF_MEM_VS_PBMC_DN","GSE11057_CD4_EFF_MEM_VS_PBMC_DN","106/4231","194/21355",4.34288774175599e-27,3.53359405781606e-25,7.00957319722019e-26
"GSE24634_TREG_VS_TCONV_POST_DAY10_IL4_CONVERSION_DN","GSE24634_TREG_VS_TCONV_POST_DAY10_IL4_CONVERSION_DN","108/4231","200/21355",5.34276131936168e-27,4.27921789422624e-25,8.48866354359108e-26
"GSE6269_E_COLI_VS_STAPH_AUREUS_INF_PBMC_DN","GSE6269_E_COLI_VS_STAPH_AUREUS_INF_PBMC_DN","99/4231","175/21355",5.48394721347574e-27,4.32472514096564e-25,8.57893604569646e-26
"GSE24634_TREG_VS_TCONV_POST_DAY7_IL4_CONVERSION_DN","GSE24634_TREG_VS_TCONV_POST_DAY7_IL4_CONVERSION_DN","107/4231","198/21355",8.49568601347279e-27,6.59831613713053e-25,1.30890473509007e-25
"GSE3982_NEUTROPHIL_VS_NKCELL_UP","GSE3982_NEUTROPHIL_VS_NKCELL_UP","107/4231","199/21355",1.4836098713629e-26,1.1350722687472e-24,2.25163729102366e-25
"GSE21670_UNTREATED_VS_IL6_TREATED_STAT3_KO_CD4_TCELL_DN","GSE21670_UNTREATED_VS_IL6_TREATED_STAT3_KO_CD4_TCELL_DN","106/4231","197/21355",2.36058889614296e-26,1.77946745318071e-24,3.52992085708066e-25
"GSE22886_NAIVE_CD4_TCELL_VS_DC_DN","GSE22886_NAIVE_CD4_TCELL_VS_DC_DN","107/4231","200/21355",2.57585406618727e-26,1.83386499212166e-24,3.63782898821184e-25
"GSE22886_NAIVE_CD8_TCELL_VS_DC_DN","GSE22886_NAIVE_CD8_TCELL_VS_DC_DN","107/4231","200/21355",2.57585406618727e-26,1.83386499212166e-24,3.63782898821184e-25
"GSE22886_UNSTIM_VS_IL2_STIM_NKCELL_DN","GSE22886_UNSTIM_VS_IL2_STIM_NKCELL_DN","107/4231","200/21355",2.57585406618727e-26,1.83386499212166e-24,3.63782898821184e-25
"GSE36826_WT_VS_IL1R_KO_SKIN_STAPH_AUREUS_INF_UP","GSE36826_WT_VS_IL1R_KO_SKIN_STAPH_AUREUS_INF_UP","107/4231","200/21355",2.57585406618727e-26,1.83386499212166e-24,3.63782898821184e-25
"GSE45365_NK_CELL_VS_CD8_TCELL_MCMV_INFECTION_UP","GSE45365_NK_CELL_VS_CD8_TCELL_MCMV_INFECTION_UP","106/4231","198/21355",4.10154706188569e-26,2.88007263551042e-24,5.71318595786817e-25
"GSE41176_UNSTIM_VS_ANTI_IGM_STIM_BCELL_1H_DN","GSE41176_UNSTIM_VS_ANTI_IGM_STIM_BCELL_1H_DN","106/4231","199/21355",7.08543246183647e-26,4.90809821613158e-24,9.73617035296448e-25
"GOLDRATH_NAIVE_VS_EFF_CD8_TCELL_DN","GOLDRATH_NAIVE_VS_EFF_CD8_TCELL_DN","106/4231","200/21355",1.21707017165051e-25,8.1022099998448e-24,1.60723142284947e-24
"GSE18893_TCONV_VS_TREG_24H_TNF_STIM_UP","GSE18893_TCONV_VS_TREG_24H_TNF_STIM_UP","106/4231","200/21355",1.21707017165051e-25,8.1022099998448e-24,1.60723142284947e-24
"GSE36476_CTRL_VS_TSST_ACT_72H_MEMORY_CD4_TCELL_OLD_DN","GSE36476_CTRL_VS_TSST_ACT_72H_MEMORY_CD4_TCELL_OLD_DN","106/4231","200/21355",1.21707017165051e-25,8.1022099998448e-24,1.60723142284947e-24
"GSE24634_TREG_VS_TCONV_POST_DAY10_IL4_CONVERSION_UP","GSE24634_TREG_VS_TCONV_POST_DAY10_IL4_CONVERSION_UP","105/4231","199/21355",3.31600704530539e-25,2.15162684990322e-23,4.26817162660228e-24
"GSE45365_NK_CELL_VS_CD11B_DC_DN","GSE45365_NK_CELL_VS_CD11B_DC_DN","105/4231","199/21355",3.31600704530539e-25,2.15162684990322e-23,4.26817162660228e-24
"GSE22886_DC_VS_MONOCYTE_DN","GSE22886_DC_VS_MONOCYTE_DN","105/4231","200/21355",5.6358846425028e-25,3.48066803343004e-23,6.90458410229259e-24
"GSE24634_TEFF_VS_TCONV_DAY3_IN_CULTURE_DN","GSE24634_TEFF_VS_TCONV_DAY3_IN_CULTURE_DN","105/4231","200/21355",5.6358846425028e-25,3.48066803343004e-23,6.90458410229259e-24
"GSE28726_NAIVE_CD4_TCELL_VS_NAIVE_VA24NEG_NKTCELL_UP","GSE28726_NAIVE_CD4_TCELL_VS_NAIVE_VA24NEG_NKTCELL_UP","105/4231","200/21355",5.6358846425028e-25,3.48066803343004e-23,6.90458410229259e-24
"GSE30962_ACUTE_VS_CHRONIC_LCMV_SECONDARY_INF_CD8_TCELL_DN","GSE30962_ACUTE_VS_CHRONIC_LCMV_SECONDARY_INF_CD8_TCELL_DN","105/4231","200/21355",5.6358846425028e-25,3.48066803343004e-23,6.90458410229259e-24
"HOWARD_NK_CELL_INACT_MONOV_INFLUENZA_A_INDONESIA_05_2005_H5N1_AGE_18_49YO_3DY_UP","HOWARD_NK_CELL_INACT_MONOV_INFLUENZA_A_INDONESIA_05_2005_H5N1_AGE_18_49YO_3DY_UP","53/4231","68/21355",7.5616041573359e-25,4.61437891791712e-23,9.1535208220382e-24
"GSE25088_WT_VS_STAT6_KO_MACROPHAGE_DN","GSE25088_WT_VS_STAT6_KO_MACROPHAGE_DN","104/4231","199/21355",1.52082606063209e-24,9.17147574917657e-23,1.81934114497907e-23
"GSE27241_WT_VS_RORGT_KO_TH17_POLARIZED_CD4_TCELL_UP","GSE27241_WT_VS_RORGT_KO_TH17_POLARIZED_CD4_TCELL_UP","91/4231","163/21355",2.3621993353e-24,1.40798067357533e-22,2.79300435483452e-23
"GSE22886_DAY0_VS_DAY1_MONOCYTE_IN_CULTURE_UP","GSE22886_DAY0_VS_DAY1_MONOCYTE_IN_CULTURE_UP","104/4231","200/21355",2.5578334567124e-24,1.4731971122593e-22,2.92237388431008e-23
"GSE24634_TEFF_VS_TCONV_DAY7_IN_CULTURE_UP","GSE24634_TEFF_VS_TCONV_DAY7_IN_CULTURE_UP","104/4231","200/21355",2.5578334567124e-24,1.4731971122593e-22,2.92237388431008e-23
"GSE3982_EOSINOPHIL_VS_CENT_MEMORY_CD4_TCELL_UP","GSE3982_EOSINOPHIL_VS_CENT_MEMORY_CD4_TCELL_UP","104/4231","200/21355",2.5578334567124e-24,1.4731971122593e-22,2.92237388431008e-23
"GSE36888_UNTREATED_VS_IL2_TREATED_TCELL_6H_UP","GSE36888_UNTREATED_VS_IL2_TREATED_TCELL_6H_UP","102/4231","195/21355",3.87477265907723e-24,2.20689829449221e-22,4.37781332008024e-23
"GSE6269_HEALTHY_VS_STAPH_PNEUMO_INF_PBMC_DN","GSE6269_HEALTHY_VS_STAPH_PNEUMO_INF_PBMC_DN","93/4231","170/21355",5.4876901754915e-24,3.09119778456807e-22,6.1319938803063e-23
"THAKAR_PBMC_INACTIVATED_INFLUENZA_AGE_70PLS_NONRESPONDER_2DY_DN","THAKAR_PBMC_INACTIVATED_INFLUENZA_AGE_70PLS_NONRESPONDER_2DY_DN","85/4231","148/21355",5.58782891265586e-24,3.11339250068195e-22,6.17602142977753e-23
"GSE3982_EOSINOPHIL_VS_NEUTROPHIL_DN","GSE3982_EOSINOPHIL_VS_NEUTROPHIL_DN","102/4231","196/21355",6.52231281129754e-24,3.59498660975389e-22,7.13135730131684e-23
"GSE24634_TREG_VS_TCONV_POST_DAY3_IL4_CONVERSION_DN","GSE24634_TREG_VS_TCONV_POST_DAY3_IL4_CONVERSION_DN","103/4231","200/21355",1.13777417223436e-23,6.13918990197191e-22,1.21782808906193e-22
"GSE40274_CTRL_VS_FOXP3_TRANSDUCED_ACTIVATED_CD4_TCELL_UP","GSE40274_CTRL_VS_FOXP3_TRANSDUCED_ACTIVATED_CD4_TCELL_UP","103/4231","200/21355",1.13777417223436e-23,6.13918990197191e-22,1.21782808906193e-22
"GSE14415_ACT_TCONV_VS_ACT_NATURAL_TREG_DN","GSE14415_ACT_TCONV_VS_ACT_NATURAL_TREG_DN","95/4231","178/21355",2.04028384806342e-23,1.08942656303886e-21,2.16109012854086e-22
"NAKAYA_MONOCYTE_FLUMIST_AGE_18_50YO_7DY_UP","NAKAYA_MONOCYTE_FLUMIST_AGE_18_50YO_7DY_UP","188/4231","478/21355",2.24606119613804e-23,1.18693914344367e-21,2.35452535590813e-22
"GSE11386_NAIVE_VS_MEMORY_BCELL_UP","GSE11386_NAIVE_VS_MEMORY_BCELL_UP","97/4231","185/21355",4.00714287384267e-23,2.0959810582977e-21,4.15778734278412e-22
"HARALAMBIEVA_PBMC_FLUARIX_AGE_50_74YO_CORR_WITH_28D_MEM_B_CELL_RESPONSE_AT_0DY_NEGATIVE","HARALAMBIEVA_PBMC_FLUARIX_AGE_50_74YO_CORR_WITH_28D_MEM_B_CELL_RESPONSE_AT_0DY_NEGATIVE","175/4231","435/21355",4.17621398768709e-23,2.1623507980691e-21,4.28944466996888e-22
"GSE36888_STAT5_AB_KNOCKIN_VS_WT_TCELL_IL2_TREATED_17H_DN","GSE36888_STAT5_AB_KNOCKIN_VS_WT_TCELL_IL2_TREATED_17H_DN","101/4231","197/21355",4.81174590348375e-23,2.46650095012577e-21,4.89278583448979e-22
"GSE21670_UNTREATED_VS_IL6_TREATED_STAT3_KO_CD4_TCELL_UP","GSE21670_UNTREATED_VS_IL6_TREATED_STAT3_KO_CD4_TCELL_UP","102/4231","200/21355",4.96045880161213e-23,2.46867105020037e-21,4.8970906513616e-22
"GSE24574_BCL6_LOW_TFH_VS_TCONV_CD4_TCELL_DN","GSE24574_BCL6_LOW_TFH_VS_TCONV_CD4_TCELL_DN","102/4231","200/21355",4.96045880161213e-23,2.46867105020037e-21,4.8970906513616e-22
"KAECH_NAIVE_VS_DAY8_EFF_CD8_TCELL_DN","KAECH_NAIVE_VS_DAY8_EFF_CD8_TCELL_DN","102/4231","200/21355",4.96045880161213e-23,2.46867105020037e-21,4.8970906513616e-22
"GSE13547_CTRL_VS_ANTI_IGM_STIM_BCELL_2H_UP","GSE13547_CTRL_VS_ANTI_IGM_STIM_BCELL_2H_UP","95/4231","182/21355",1.72146516947471e-22,8.48483697954553e-21,1.68313294910179e-21
"GSE21670_STAT3_KO_VS_WT_CD4_TCELL_TGFB_IL6_TREATED_DN","GSE21670_STAT3_KO_VS_WT_CD4_TCELL_TGFB_IL6_TREATED_DN","101/4231","200/21355",2.11970936903992e-22,9.78885605918795e-21,1.94181057419873e-21
"GSE22886_NAIVE_TCELL_VS_DC_DN","GSE22886_NAIVE_TCELL_VS_DC_DN","101/4231","200/21355",2.11970936903992e-22,9.78885605918795e-21,1.94181057419873e-21
"GSE24634_TEFF_VS_TCONV_DAY3_IN_CULTURE_UP","GSE24634_TEFF_VS_TCONV_DAY3_IN_CULTURE_UP","101/4231","200/21355",2.11970936903992e-22,9.78885605918795e-21,1.94181057419873e-21
"GSE369_PRE_VS_POST_IL6_INJECTION_SOCS3_KO_LIVER_DN","GSE369_PRE_VS_POST_IL6_INJECTION_SOCS3_KO_LIVER_DN","101/4231","200/21355",2.11970936903992e-22,9.78885605918795e-21,1.94181057419873e-21
"GSE43863_TH1_VS_TFH_MEMORY_CD4_TCELL_DN","GSE43863_TH1_VS_TFH_MEMORY_CD4_TCELL_DN","101/4231","200/21355",2.11970936903992e-22,9.78885605918795e-21,1.94181057419873e-21
"GSE5679_CTRL_VS_RARA_AGONIST_AM580_TREATED_DC_UP","GSE5679_CTRL_VS_RARA_AGONIST_AM580_TREATED_DC_UP","101/4231","200/21355",2.11970936903992e-22,9.78885605918795e-21,1.94181057419873e-21
"GSE7852_LN_VS_THYMUS_TCONV_DN","GSE7852_LN_VS_THYMUS_TCONV_DN","101/4231","200/21355",2.11970936903992e-22,9.78885605918795e-21,1.94181057419873e-21
"GSE2405_S_AUREUS_VS_UNTREATED_NEUTROPHIL_DN","GSE2405_S_AUREUS_VS_UNTREATED_NEUTROPHIL_DN","100/4231","199/21355",5.49895163569952e-22,2.4944801844775e-20,4.94828810441149e-21
"GSE45365_NK_CELL_VS_BCELL_MCMV_INFECTION_UP","GSE45365_NK_CELL_VS_BCELL_MCMV_INFECTION_UP","100/4231","199/21355",5.49895163569952e-22,2.4944801844775e-20,4.94828810441149e-21
"GSE25123_CTRL_VS_ROSIGLITAZONE_STIM_PPARG_KO_MACROPHAGE_UP","GSE25123_CTRL_VS_ROSIGLITAZONE_STIM_PPARG_KO_MACROPHAGE_UP","99/4231","197/21355",8.79107699457944e-22,3.9529000591416e-20,7.84134845499883e-21
"GSE39110_DAY3_VS_DAY6_POST_IMMUNIZATION_CD8_TCELL_DN","GSE39110_DAY3_VS_DAY6_POST_IMMUNIZATION_CD8_TCELL_DN","100/4231","200/21355",8.878193902359e-22,3.95735842986889e-20,7.85019250313848e-21
"GSE25088_IL4_VS_IL4_AND_ROSIGLITAZONE_STIM_STAT6_KO_MACROPHAGE_DAY10_UP","GSE25088_IL4_VS_IL4_AND_ROSIGLITAZONE_STIM_STAT6_KO_MACROPHAGE_DAY10_UP","99/4231","198/21355",1.41933492522247e-21,6.21838532195758e-20,1.23353804567243e-20
"GSE9988_ANTI_TREM1_VS_LPS_MONOCYTE_UP","GSE9988_ANTI_TREM1_VS_LPS_MONOCYTE_UP","99/4231","198/21355",1.41933492522247e-21,6.21838532195758e-20,1.23353804567243e-20
"GSE3982_NEUTROPHIL_VS_EFF_MEMORY_CD4_TCELL_UP","GSE3982_NEUTROPHIL_VS_EFF_MEMORY_CD4_TCELL_UP","99/4231","199/21355",2.28008028925846e-21,9.90482335825328e-20,1.96481495042254e-20
"GSE9509_LPS_VS_LPS_AND_IL10_STIM_IL10_KO_MACROPHAGE_20MIN_DN","GSE9509_LPS_VS_LPS_AND_IL10_STIM_IL10_KO_MACROPHAGE_20MIN_DN","98/4231","197/21355",3.64468419177021e-21,1.49464796459978e-19,2.96492583486331e-20
"GSE9988_ANTI_TREM1_AND_LPS_VS_CTRL_TREATED_MONOCYTES_DN","GSE9988_ANTI_TREM1_AND_LPS_VS_CTRL_TREATED_MONOCYTES_DN","98/4231","197/21355",3.64468419177021e-21,1.49464796459978e-19,2.96492583486331e-20
"GSE17301_ACD3_ACD28_VS_ACD3_ACD28_AND_IFNA5_STIM_CD8_TCELL_DN","GSE17301_ACD3_ACD28_VS_ACD3_ACD28_AND_IFNA5_STIM_CD8_TCELL_DN","99/4231","200/21355",3.64477166552814e-21,1.49464796459978e-19,2.96492583486331e-20
"GSE22886_UNSTIM_VS_IL15_STIM_NKCELL_DN","GSE22886_UNSTIM_VS_IL15_STIM_NKCELL_DN","99/4231","200/21355",3.64477166552814e-21,1.49464796459978e-19,2.96492583486331e-20
"GSE22935_WT_VS_MYD88_KO_MACROPHAGE_UP","GSE22935_WT_VS_MYD88_KO_MACROPHAGE_UP","99/4231","200/21355",3.64477166552814e-21,1.49464796459978e-19,2.96492583486331e-20
"GSE36888_UNTREATED_VS_IL2_TREATED_STAT5_AB_KNOCKIN_TCELL_2H_UP","GSE36888_UNTREATED_VS_IL2_TREATED_STAT5_AB_KNOCKIN_TCELL_2H_UP","99/4231","200/21355",3.64477166552814e-21,1.49464796459978e-19,2.96492583486331e-20
"GSE42021_CD24INT_TREG_VS_CD24INT_TCONV_THYMUS_UP","GSE42021_CD24INT_TREG_VS_CD24INT_TCONV_THYMUS_UP","99/4231","200/21355",3.64477166552814e-21,1.49464796459978e-19,2.96492583486331e-20
"GSE13547_CTRL_VS_ANTI_IGM_STIM_ZFX_KO_BCELL_2H_UP","GSE13547_CTRL_VS_ANTI_IGM_STIM_ZFX_KO_BCELL_2H_UP","87/4231","165/21355",4.24977047541595e-21,1.72891456007795e-19,3.42963933103743e-20
"GSE22140_HEALTHY_VS_ARTHRITIC_MOUSE_CD4_TCELL_DN","GSE22140_HEALTHY_VS_ARTHRITIC_MOUSE_CD4_TCELL_DN","98/4231","199/21355",9.26566237402985e-21,3.7285628393733e-19,7.3963318127084e-20
"GSE9988_LOW_LPS_VS_ANTI_TREM1_AND_LPS_MONOCYTE_UP","GSE9988_LOW_LPS_VS_ANTI_TREM1_AND_LPS_MONOCYTE_UP","97/4231","196/21355",9.31049636051079e-21,3.7285628393733e-19,7.3963318127084e-20
"GOLDRATH_NAIVE_VS_MEMORY_CD8_TCELL_DN","GOLDRATH_NAIVE_VS_MEMORY_CD8_TCELL_DN","98/4231","200/21355",1.46661259959241e-20,5.36989727536476e-19,1.06522388812501e-19
"GSE10239_NAIVE_VS_DAY4.5_EFF_CD8_TCELL_DN","GSE10239_NAIVE_VS_DAY4.5_EFF_CD8_TCELL_DN","98/4231","200/21355",1.46661259959241e-20,5.36989727536476e-19,1.06522388812501e-19
"GSE19198_CTRL_VS_IL21_TREATED_TCELL_6H_UP","GSE19198_CTRL_VS_IL21_TREATED_TCELL_6H_UP","98/4231","200/21355",1.46661259959241e-20,5.36989727536476e-19,1.06522388812501e-19
"GSE24634_TEFF_VS_TCONV_DAY5_IN_CULTURE_UP","GSE24634_TEFF_VS_TCONV_DAY5_IN_CULTURE_UP","98/4231","200/21355",1.46661259959241e-20,5.36989727536476e-19,1.06522388812501e-19
"GSE24634_TEFF_VS_TCONV_DAY7_IN_CULTURE_DN","GSE24634_TEFF_VS_TCONV_DAY7_IN_CULTURE_DN","98/4231","200/21355",1.46661259959241e-20,5.36989727536476e-19,1.06522388812501e-19
"GSE24634_TREG_VS_TCONV_POST_DAY5_IL4_CONVERSION_UP","GSE24634_TREG_VS_TCONV_POST_DAY5_IL4_CONVERSION_UP","98/4231","200/21355",1.46661259959241e-20,5.36989727536476e-19,1.06522388812501e-19
"GSE32986_CURDLAN_LOWDOSE_VS_CURDLAN_HIGHDOSE_STIM_DC_UP","GSE32986_CURDLAN_LOWDOSE_VS_CURDLAN_HIGHDOSE_STIM_DC_UP","98/4231","200/21355",1.46661259959241e-20,5.36989727536476e-19,1.06522388812501e-19
"GSE33162_HDAC3_KO_VS_HDAC3_KO_MACROPHAGE_DN","GSE33162_HDAC3_KO_VS_HDAC3_KO_MACROPHAGE_DN","98/4231","200/21355",1.46661259959241e-20,5.36989727536476e-19,1.06522388812501e-19
"GSE35543_IN_VITRO_ITREG_VS_CONVERTED_EX_ITREG_UP","GSE35543_IN_VITRO_ITREG_VS_CONVERTED_EX_ITREG_UP","98/4231","200/21355",1.46661259959241e-20,5.36989727536476e-19,1.06522388812501e-19
"GSE41087_WT_VS_FOXP3_MUT_ANTI_CD3_CD28_STIM_CD4_TCELL_DN","GSE41087_WT_VS_FOXP3_MUT_ANTI_CD3_CD28_STIM_CD4_TCELL_DN","98/4231","200/21355",1.46661259959241e-20,5.36989727536476e-19,1.06522388812501e-19
"GSE43863_TH1_VS_TFH_MEMORY_CD4_TCELL_UP","GSE43863_TH1_VS_TFH_MEMORY_CD4_TCELL_UP","98/4231","200/21355",1.46661259959241e-20,5.36989727536476e-19,1.06522388812501e-19
"GSE5679_CTRL_VS_PPARG_LIGAND_ROSIGLITAZONE_TREATED_DC_UP","GSE5679_CTRL_VS_PPARG_LIGAND_ROSIGLITAZONE_TREATED_DC_UP","98/4231","200/21355",1.46661259959241e-20,5.36989727536476e-19,1.06522388812501e-19
"GSE22886_DAY0_VS_DAY7_MONOCYTE_IN_CULTURE_UP","GSE22886_DAY0_VS_DAY7_MONOCYTE_IN_CULTURE_UP","97/4231","199/21355",3.69028680791066e-20,1.33214156178522e-18,2.64256268083151e-19
"GSE23568_ID3_KO_VS_WT_CD8_TCELL_UP","GSE23568_ID3_KO_VS_WT_CD8_TCELL_UP","97/4231","199/21355",3.69028680791066e-20,1.33214156178522e-18,2.64256268083151e-19
"GSE15330_HSC_VS_LYMPHOID_PRIMED_MULTIPOTENT_PROGENITOR_DN","GSE15330_HSC_VS_LYMPHOID_PRIMED_MULTIPOTENT_PROGENITOR_DN","91/4231","181/21355",3.74283769271085e-20,1.34166335754097e-18,2.66145102035972e-19
"GSE14769_UNSTIM_VS_60MIN_LPS_BMDM_DN","GSE14769_UNSTIM_VS_60MIN_LPS_BMDM_DN","97/4231","200/21355",5.78442659632695e-20,1.96364044587894e-18,3.89526391917172e-19
"GSE22140_GERMFREE_VS_SPF_MOUSE_CD4_TCELL_DN","GSE22140_GERMFREE_VS_SPF_MOUSE_CD4_TCELL_DN","97/4231","200/21355",5.78442659632695e-20,1.96364044587894e-18,3.89526391917172e-19
"GSE24142_EARLY_THYMIC_PROGENITOR_VS_DN2_THYMOCYTE_UP","GSE24142_EARLY_THYMIC_PROGENITOR_VS_DN2_THYMOCYTE_UP","97/4231","200/21355",5.78442659632695e-20,1.96364044587894e-18,3.89526391917172e-19
"GSE24574_BCL6_HIGH_VS_LOW_TFH_CD4_TCELL_DN","GSE24574_BCL6_HIGH_VS_LOW_TFH_CD4_TCELL_DN","97/4231","200/21355",5.78442659632695e-20,1.96364044587894e-18,3.89526391917172e-19
"GSE25085_FETAL_LIVER_VS_ADULT_BM_SP4_THYMIC_IMPLANT_DN","GSE25085_FETAL_LIVER_VS_ADULT_BM_SP4_THYMIC_IMPLANT_DN","97/4231","200/21355",5.78442659632695e-20,1.96364044587894e-18,3.89526391917172e-19
"GSE39556_CD8A_DC_VS_NK_CELL_UP","GSE39556_CD8A_DC_VS_NK_CELL_UP","97/4231","200/21355",5.78442659632695e-20,1.96364044587894e-18,3.89526391917172e-19
"GSE43863_DAY6_EFF_VS_DAY150_MEM_LY6C_INT_CXCR5POS_CD4_TCELL_DN","GSE43863_DAY6_EFF_VS_DAY150_MEM_LY6C_INT_CXCR5POS_CD4_TCELL_DN","97/4231","200/21355",5.78442659632695e-20,1.96364044587894e-18,3.89526391917172e-19
"GSE7460_CTRL_VS_TGFB_TREATED_ACT_TREG_UP","GSE7460_CTRL_VS_TGFB_TREATED_ACT_TREG_UP","97/4231","200/21355",5.78442659632695e-20,1.96364044587894e-18,3.89526391917172e-19
"GSE40274_CTRL_VS_EOS_TRANSDUCED_ACTIVATED_CD4_TCELL_UP","GSE40274_CTRL_VS_EOS_TRANSDUCED_ACTIVATED_CD4_TCELL_UP","89/4231","176/21355",5.88502149506413e-20,1.98464606471702e-18,3.93693266221049e-19
"GSE14415_INDUCED_TREG_VS_TCONV_UP","GSE14415_INDUCED_TREG_VS_TCONV_UP","90/4231","179/21355",5.98047959218998e-20,2.00365610389319e-18,3.97464278366393e-19
"GSE37532_WT_VS_PPARG_KO_LN_TCONV_DN","GSE37532_WT_VS_PPARG_KO_LN_TCONV_DN","92/4231","185/21355",6.07262649901932e-20,2.02131710610215e-18,4.00967682710367e-19
"GSE45382_UNTREATED_VS_TGFB_TREATED_MACROPHAGES_UP","GSE45382_UNTREATED_VS_TGFB_TREATED_MACROPHAGES_UP","96/4231","198/21355",9.23587812661369e-20,3.03481482545011e-18,6.02014728091014e-19
"GSE9988_LPS_VS_LPS_AND_ANTI_TREM1_MONOCYTE_UP","GSE9988_LPS_VS_LPS_AND_ANTI_TREM1_MONOCYTE_UP","96/4231","198/21355",9.23587812661369e-20,3.03481482545011e-18,6.02014728091014e-19
"GSE26030_TH1_VS_TH17_RESTIMULATED_DAY15_POST_POLARIZATION_UP","GSE26030_TH1_VS_TH17_RESTIMULATED_DAY15_POST_POLARIZATION_UP","96/4231","199/21355",1.44045845984145e-19,4.67328485135902e-18,9.27037223322343e-19
"GSE37532_WT_VS_PPARG_KO_VISCERAL_ADIPOSE_TISSUE_TREG_UP","GSE37532_WT_VS_PPARG_KO_VISCERAL_ADIPOSE_TISSUE_TREG_UP","96/4231","199/21355",1.44045845984145e-19,4.67328485135902e-18,9.27037223322343e-19
"GSE12392_CD8A_POS_VS_NEG_SPLEEN_DC_DN","GSE12392_CD8A_POS_VS_NEG_SPLEEN_DC_DN","96/4231","200/21355",2.2361653523419e-19,6.70326526087988e-18,1.3297234412818e-18
"GSE12845_NAIVE_VS_PRE_GC_TONSIL_BCELL_DN","GSE12845_NAIVE_VS_PRE_GC_TONSIL_BCELL_DN","96/4231","200/21355",2.2361653523419e-19,6.70326526087988e-18,1.3297234412818e-18
"GSE21546_SAP1A_KO_VS_SAP1A_KO_AND_ELK1_KO_ANTI_CD3_STIM_DP_THYMOCYTES_DN","GSE21546_SAP1A_KO_VS_SAP1A_KO_AND_ELK1_KO_ANTI_CD3_STIM_DP_THYMOCYTES_DN","96/4231","200/21355",2.2361653523419e-19,6.70326526087988e-18,1.3297234412818e-18
"GSE22196_HEALTHY_VS_OBESE_MOUSE_SKIN_GAMMADELTA_TCELL_DN","GSE22196_HEALTHY_VS_OBESE_MOUSE_SKIN_GAMMADELTA_TCELL_DN","96/4231","200/21355",2.2361653523419e-19,6.70326526087988e-18,1.3297234412818e-18
"GSE26030_UNSTIM_VS_RESTIM_TH1_DAY5_POST_POLARIZATION_DN","GSE26030_UNSTIM_VS_RESTIM_TH1_DAY5_POST_POLARIZATION_DN","96/4231","200/21355",2.2361653523419e-19,6.70326526087988e-18,1.3297234412818e-18
"GSE26343_WT_VS_NFAT5_KO_MACROPHAGE_LPS_STIM_DN","GSE26343_WT_VS_NFAT5_KO_MACROPHAGE_LPS_STIM_DN","96/4231","200/21355",2.2361653523419e-19,6.70326526087988e-18,1.3297234412818e-18
"GSE30962_ACUTE_VS_CHRONIC_LCMV_PRIMARY_INF_CD8_TCELL_UP","GSE30962_ACUTE_VS_CHRONIC_LCMV_PRIMARY_INF_CD8_TCELL_UP","96/4231","200/21355",2.2361653523419e-19,6.70326526087988e-18,1.3297234412818e-18
"GSE45739_NRAS_KO_VS_WT_UNSTIM_CD4_TCELL_UP","GSE45739_NRAS_KO_VS_WT_UNSTIM_CD4_TCELL_UP","96/4231","200/21355",2.2361653523419e-19,6.70326526087988e-18,1.3297234412818e-18
"GSE46606_IRF4MID_VS_WT_CD40L_IL2_IL5_DAY3_STIMULATED_BCELL_DN","GSE46606_IRF4MID_VS_WT_CD40L_IL2_IL5_DAY3_STIMULATED_BCELL_DN","96/4231","200/21355",2.2361653523419e-19,6.70326526087988e-18,1.3297234412818e-18
"GSE7764_IL15_TREATED_VS_CTRL_NK_CELL_24H_UP","GSE7764_IL15_TREATED_VS_CTRL_NK_CELL_24H_UP","96/4231","200/21355",2.2361653523419e-19,6.70326526087988e-18,1.3297234412818e-18
"GSE9650_NAIVE_VS_MEMORY_CD8_TCELL_DN","GSE9650_NAIVE_VS_MEMORY_CD8_TCELL_DN","96/4231","200/21355",2.2361653523419e-19,6.70326526087988e-18,1.3297234412818e-18
"GSE9988_LPS_VS_CTRL_TREATED_MONOCYTE_DN","GSE9988_LPS_VS_CTRL_TREATED_MONOCYTE_DN","96/4231","200/21355",2.2361653523419e-19,6.70326526087988e-18,1.3297234412818e-18
"KAECH_NAIVE_VS_MEMORY_CD8_TCELL_DN","KAECH_NAIVE_VS_MEMORY_CD8_TCELL_DN","96/4231","200/21355",2.2361653523419e-19,6.70326526087988e-18,1.3297234412818e-18
"GSE24634_TREG_VS_TCONV_POST_DAY5_IL4_CONVERSION_DN","GSE24634_TREG_VS_TCONV_POST_DAY5_IL4_CONVERSION_DN","95/4231","198/21355",3.56755113045369e-19,1.06321320318056e-17,2.10909081518866e-18
"GSE14699_DELETIONAL_TOLERANCE_VS_ACTIVATED_CD8_TCELL_UP","GSE14699_DELETIONAL_TOLERANCE_VS_ACTIVATED_CD8_TCELL_UP","89/4231","180/21355",3.95504420432572e-19,1.17188188389443e-17,2.32465634400891e-18
"GSE23568_CTRL_VS_ID3_TRANSDUCED_CD8_TCELL_DN","GSE23568_CTRL_VS_ID3_TRANSDUCED_CD8_TCELL_DN","95/4231","199/21355",5.51056847380151e-19,1.61412422838323e-17,3.20193031319835e-18
"GSE3982_MEMORY_CD4_TCELL_VS_TH2_DN","GSE3982_MEMORY_CD4_TCELL_VS_TH2_DN","95/4231","199/21355",5.51056847380151e-19,1.61412422838323e-17,3.20193031319835e-18
"GSE30962_ACUTE_VS_CHRONIC_LCMV_PRIMARY_INF_CD8_TCELL_DN","GSE30962_ACUTE_VS_CHRONIC_LCMV_PRIMARY_INF_CD8_TCELL_DN","95/4231","200/21355",8.47312367893166e-19,2.44006921225863e-17,4.8403533257528e-18
"GSE32164_ALTERNATIVELY_ACT_M2_VS_CMYC_INHIBITED_MACROPHAGE_DN","GSE32164_ALTERNATIVELY_ACT_M2_VS_CMYC_INHIBITED_MACROPHAGE_DN","95/4231","200/21355",8.47312367893166e-19,2.44006921225863e-17,4.8403533257528e-18
"GSE32986_UNSTIM_VS_GMCSF_AND_CURDLAN_HIGHDOSE_STIM_DC_UP","GSE32986_UNSTIM_VS_GMCSF_AND_CURDLAN_HIGHDOSE_STIM_DC_UP","95/4231","200/21355",8.47312367893166e-19,2.44006921225863e-17,4.8403533257528e-18
"GSE20727_CTRL_VS_ROS_INH_AND_DNFB_ALLERGEN_TREATED_DC_UP","GSE20727_CTRL_VS_ROS_INH_AND_DNFB_ALLERGEN_TREATED_DC_UP","94/4231","197/21355",8.78686472207916e-19,2.51628316007697e-17,4.99153856014611e-18
"GSE12845_IGD_NEG_BLOOD_VS_PRE_GC_TONSIL_BCELL_DN","GSE12845_IGD_NEG_BLOOD_VS_PRE_GC_TONSIL_BCELL_DN","94/4231","198/21355",1.35043212375865e-18,3.7826858286267e-17,7.50369532097129e-18
"GSE25088_WT_VS_STAT6_KO_MACROPHAGE_IL4_STIM_DN","GSE25088_WT_VS_STAT6_KO_MACROPHAGE_IL4_STIM_DN","94/4231","198/21355",1.35043212375865e-18,3.7826858286267e-17,7.50369532097129e-18
"GSE36826_NORMAL_VS_STAPH_AUREUS_INF_SKIN_UP","GSE36826_NORMAL_VS_STAPH_AUREUS_INF_SKIN_UP","94/4231","198/21355",1.35043212375865e-18,3.7826858286267e-17,7.50369532097129e-18
"GSE36888_STAT5_AB_KNOCKIN_VS_WT_TCELL_IL2_TREATED_2H_DN","GSE36888_STAT5_AB_KNOCKIN_VS_WT_TCELL_IL2_TREATED_2H_DN","94/4231","198/21355",1.35043212375865e-18,3.7826858286267e-17,7.50369532097129e-18
"GSE22611_NOD2_TRANSDUCED_VS_CTRL_HEK293T_STIMULATED_WITH_MDP_2H_DN","GSE22611_NOD2_TRANSDUCED_VS_CTRL_HEK293T_STIMULATED_WITH_MDP_2H_DN","89/4231","183/21355",1.55951196448612e-18,4.34459691845427e-17,8.61835559321278e-18
"GSE37301_HEMATOPOIETIC_STEM_CELL_VS_CD4_TCELL_UP","GSE37301_HEMATOPOIETIC_STEM_CELL_VS_CD4_TCELL_UP","86/4231","174/21355",1.61186848097445e-18,4.4661826126892e-17,8.85954453838586e-18
"GSE21670_STAT3_KO_VS_WT_CD4_TCELL_DN","GSE21670_STAT3_KO_VS_WT_CD4_TCELL_DN","94/4231","199/21355",2.06606332356415e-18,5.66344416929939e-17,1.12345464146523e-17
"GSE36826_NORMAL_VS_STAPH_AUREUS_INF_IL1R_KO_SKIN_DN","GSE36826_NORMAL_VS_STAPH_AUREUS_INF_IL1R_KO_SKIN_DN","94/4231","199/21355",2.06606332356415e-18,5.66344416929939e-17,1.12345464146523e-17
"GSE6269_E_COLI_VS_STREP_PNEUMO_INF_PBMC_DN","GSE6269_E_COLI_VS_STREP_PNEUMO_INF_PBMC_DN","84/4231","169/21355",2.57653134901966e-18,7.02515941227381e-17,1.39357742617749e-17
"GSE15930_STIM_VS_STIM_AND_IFNAB_48H_CD8_T_CELL_UP","GSE15930_STIM_VS_STIM_AND_IFNAB_48H_CD8_T_CELL_UP","94/4231","200/21355",3.14684247293282e-18,8.18817995748915e-17,1.62428524117184e-17
"GSE24210_RESTING_TREG_VS_TCONV_UP","GSE24210_RESTING_TREG_VS_TCONV_UP","94/4231","200/21355",3.14684247293282e-18,8.18817995748915e-17,1.62428524117184e-17
"GSE24634_TREG_VS_TCONV_POST_DAY7_IL4_CONVERSION_UP","GSE24634_TREG_VS_TCONV_POST_DAY7_IL4_CONVERSION_UP","94/4231","200/21355",3.14684247293282e-18,8.18817995748915e-17,1.62428524117184e-17
"GSE2770_UNTREATED_VS_IL12_TREATED_ACT_CD4_TCELL_2H_UP","GSE2770_UNTREATED_VS_IL12_TREATED_ACT_CD4_TCELL_2H_UP","94/4231","200/21355",3.14684247293282e-18,8.18817995748915e-17,1.62428524117184e-17
"GSE30971_WBP7_HET_VS_KO_MACROPHAGE_2H_LPS_STIM_UP","GSE30971_WBP7_HET_VS_KO_MACROPHAGE_2H_LPS_STIM_UP","94/4231","200/21355",3.14684247293282e-18,8.18817995748915e-17,1.62428524117184e-17
"GSE36888_UNTREATED_VS_IL2_TREATED_TCELL_17H_DN","GSE36888_UNTREATED_VS_IL2_TREATED_TCELL_17H_DN","94/4231","200/21355",3.14684247293282e-18,8.18817995748915e-17,1.62428524117184e-17
"GSE3982_EOSINOPHIL_VS_EFF_MEMORY_CD4_TCELL_UP","GSE3982_EOSINOPHIL_VS_EFF_MEMORY_CD4_TCELL_UP","94/4231","200/21355",3.14684247293282e-18,8.18817995748915e-17,1.62428524117184e-17
"GSE43863_NAIVE_VS_MEMORY_TFH_CD4_TCELL_D150_LCMV_DN","GSE43863_NAIVE_VS_MEMORY_TFH_CD4_TCELL_D150_LCMV_DN","94/4231","200/21355",3.14684247293282e-18,8.18817995748915e-17,1.62428524117184e-17
"GSE43863_TH1_VS_LY6C_INT_CXCR5POS_EFFECTOR_CD4_TCELL_UP","GSE43863_TH1_VS_LY6C_INT_CXCR5POS_EFFECTOR_CD4_TCELL_UP","94/4231","200/21355",3.14684247293282e-18,8.18817995748915e-17,1.62428524117184e-17
"QI_PBMC_ZOSTAVAX_AGE_50_75YO_CORRELATED_WITH_28D_PEAK_T_CELL_RESPONSE_14DY_NEGATIVE","QI_PBMC_ZOSTAVAX_AGE_50_75YO_CORRELATED_WITH_28D_PEAK_T_CELL_RESPONSE_14DY_NEGATIVE","32/4231","37/21355",4.37186311342971e-18,1.13182678381014e-16,2.24519923847587e-17
"KANNAN_BLOOD_2012_2013_TIV_AGE_65PLS_REVACCINATED_IN_6_9_MO_VS_REVACCINATED_IN_12_13_MOS_DN","KANNAN_BLOOD_2012_2013_TIV_AGE_65PLS_REVACCINATED_IN_6_9_MO_VS_REVACCINATED_IN_12_13_MOS_DN","137/4231","343/21355",4.74597931262527e-18,1.22250703299081e-16,2.4250812039122e-17
"GSE11057_NAIVE_VS_MEMORY_CD4_TCELL_DN","GSE11057_NAIVE_VS_MEMORY_CD4_TCELL_DN","93/4231","198/21355",5.00935172121769e-18,1.27750929964984e-16,2.53418893045105e-17
"GSE7400_CTRL_VS_CSF3_IN_VIVO_TREATED_PBMC_DN","GSE7400_CTRL_VS_CSF3_IN_VIVO_TREATED_PBMC_DN","93/4231","198/21355",5.00935172121769e-18,1.27750929964984e-16,2.53418893045105e-17
"GSE13547_2H_VS_12_H_ANTI_IGM_STIM_ZFX_KO_BCELL_DN","GSE13547_2H_VS_12_H_ANTI_IGM_STIM_ZFX_KO_BCELL_DN","85/4231","174/21355",6.44831431124121e-18,1.63633956234764e-16,3.24599876219854e-17
"GSE20727_DNFB_ALLERGEN_VS_ROS_INH_AND_DNFB_ALLERGEN_TREATED_DC_DN","GSE20727_DNFB_ALLERGEN_VS_ROS_INH_AND_DNFB_ALLERGEN_TREATED_DC_DN","93/4231","199/21355",7.59167078708358e-18,1.87994707510099e-16,3.72924179014632e-17
"GSE25123_WT_VS_PPARG_KO_MACROPHAGE_UP","GSE25123_WT_VS_PPARG_KO_MACROPHAGE_UP","93/4231","199/21355",7.59167078708358e-18,1.87994707510099e-16,3.72924179014632e-17
"GSE28726_NAIVE_VS_ACTIVATED_CD4_TCELL_DN","GSE28726_NAIVE_VS_ACTIVATED_CD4_TCELL_DN","93/4231","199/21355",7.59167078708358e-18,1.87994707510099e-16,3.72924179014632e-17
"GSE46606_UNSTIM_VS_CD40L_IL2_IL5_DAY3_STIMULATED_BCELL_DN","GSE46606_UNSTIM_VS_CD40L_IL2_IL5_DAY3_STIMULATED_BCELL_DN","93/4231","199/21355",7.59167078708358e-18,1.87994707510099e-16,3.72924179014632e-17
"GSE9650_NAIVE_VS_EFF_CD8_TCELL_DN","GSE9650_NAIVE_VS_EFF_CD8_TCELL_DN","93/4231","199/21355",7.59167078708358e-18,1.87994707510099e-16,3.72924179014632e-17
"GSE13547_2H_VS_12_H_ANTI_IGM_STIM_BCELL_DN","GSE13547_2H_VS_12_H_ANTI_IGM_STIM_BCELL_DN","88/4231","184/21355",9.36188861330787e-18,2.30716543422193e-16,4.57671275326691e-17
"GSE13547_WT_VS_ZFX_KO_BCELL_ANTI_IGM_STIM_2H_UP","GSE13547_WT_VS_ZFX_KO_BCELL_ANTI_IGM_STIM_2H_UP","87/4231","181/21355",9.65068015945672e-18,2.36695629174044e-16,4.69531958400161e-17
"GSE17186_BLOOD_VS_CORD_BLOOD_CD21HIGH_TRANSITIONAL_BCELL_UP","GSE17186_BLOOD_VS_CORD_BLOOD_CD21HIGH_TRANSITIONAL_BCELL_UP","93/4231","200/21355",1.14549327797566e-17,2.60968824129033e-16,5.17682576151809e-17
"GSE17301_CTRL_VS_48H_ACD3_ACD28_STIM_CD8_TCELL_DN","GSE17301_CTRL_VS_48H_ACD3_ACD28_STIM_CD8_TCELL_DN","93/4231","200/21355",1.14549327797566e-17,2.60968824129033e-16,5.17682576151809e-17
"GSE17812_WT_VS_THPOK_KO_MEMORY_CD8_TCELL_DN","GSE17812_WT_VS_THPOK_KO_MEMORY_CD8_TCELL_DN","93/4231","200/21355",1.14549327797566e-17,2.60968824129033e-16,5.17682576151809e-17
"GSE17974_CTRL_VS_ACT_IL4_AND_ANTI_IL12_24H_CD4_TCELL_DN","GSE17974_CTRL_VS_ACT_IL4_AND_ANTI_IL12_24H_CD4_TCELL_DN","93/4231","200/21355",1.14549327797566e-17,2.60968824129033e-16,5.17682576151809e-17
"GSE18893_TCONV_VS_TREG_24H_CULTURE_DN","GSE18893_TCONV_VS_TREG_24H_CULTURE_DN","93/4231","200/21355",1.14549327797566e-17,2.60968824129033e-16,5.17682576151809e-17
"GSE22140_HEALTHY_VS_ARTHRITIC_GERMFREE_MOUSE_CD4_TCELL_DN","GSE22140_HEALTHY_VS_ARTHRITIC_GERMFREE_MOUSE_CD4_TCELL_DN","93/4231","200/21355",1.14549327797566e-17,2.60968824129033e-16,5.17682576151809e-17
"GSE23502_WT_VS_HDC_KO_MYELOID_DERIVED_SUPPRESSOR_CELL_COLON_TUMOR_UP","GSE23502_WT_VS_HDC_KO_MYELOID_DERIVED_SUPPRESSOR_CELL_COLON_TUMOR_UP","93/4231","200/21355",1.14549327797566e-17,2.60968824129033e-16,5.17682576151809e-17
"GSE24142_EARLY_THYMIC_PROGENITOR_VS_DN3_THYMOCYTE_UP","GSE24142_EARLY_THYMIC_PROGENITOR_VS_DN3_THYMOCYTE_UP","93/4231","200/21355",1.14549327797566e-17,2.60968824129033e-16,5.17682576151809e-17
"GSE24634_IL4_VS_CTRL_TREATED_NAIVE_CD4_TCELL_DAY5_UP","GSE24634_IL4_VS_CTRL_TREATED_NAIVE_CD4_TCELL_DAY5_UP","93/4231","200/21355",1.14549327797566e-17,2.60968824129033e-16,5.17682576151809e-17
"GSE24634_NAIVE_CD4_TCELL_VS_DAY7_IL4_CONV_TREG_DN","GSE24634_NAIVE_CD4_TCELL_VS_DAY7_IL4_CONV_TREG_DN","93/4231","200/21355",1.14549327797566e-17,2.60968824129033e-16,5.17682576151809e-17
"GSE40274_CTRL_VS_FOXP3_TRANSDUCED_ACTIVATED_CD4_TCELL_DN","GSE40274_CTRL_VS_FOXP3_TRANSDUCED_ACTIVATED_CD4_TCELL_DN","93/4231","200/21355",1.14549327797566e-17,2.60968824129033e-16,5.17682576151809e-17
"GSE40274_FOXP3_VS_FOXP3_AND_EOS_TRANSDUCED_ACTIVATED_CD4_TCELL_DN","GSE40274_FOXP3_VS_FOXP3_AND_EOS_TRANSDUCED_ACTIVATED_CD4_TCELL_DN","93/4231","200/21355",1.14549327797566e-17,2.60968824129033e-16,5.17682576151809e-17
"GSE40666_WT_VS_STAT1_KO_CD8_TCELL_WITH_IFNA_STIM_90MIN_DN","GSE40666_WT_VS_STAT1_KO_CD8_TCELL_WITH_IFNA_STIM_90MIN_DN","93/4231","200/21355",1.14549327797566e-17,2.60968824129033e-16,5.17682576151809e-17
"GSE43863_NAIVE_VS_MEMORY_TFH_CD4_TCELL_D150_LCMV_UP","GSE43863_NAIVE_VS_MEMORY_TFH_CD4_TCELL_D150_LCMV_UP","93/4231","200/21355",1.14549327797566e-17,2.60968824129033e-16,5.17682576151809e-17
"GSE43863_TH1_VS_LY6C_LOW_CXCR5NEG_EFFECTOR_CD4_TCELL_UP","GSE43863_TH1_VS_LY6C_LOW_CXCR5NEG_EFFECTOR_CD4_TCELL_UP","93/4231","200/21355",1.14549327797566e-17,2.60968824129033e-16,5.17682576151809e-17
"GSE5589_WT_VS_IL6_KO_LPS_AND_IL10_STIM_MACROPHAGE_45MIN_UP","GSE5589_WT_VS_IL6_KO_LPS_AND_IL10_STIM_MACROPHAGE_45MIN_UP","93/4231","200/21355",1.14549327797566e-17,2.60968824129033e-16,5.17682576151809e-17
"NAKAYA_B_CELL_FLUMIST_AGE_18_50YO_7DY_DN","NAKAYA_B_CELL_FLUMIST_AGE_18_50YO_7DY_DN","152/4231","399/21355",1.22025705460516e-17,2.76771577960445e-16,5.49030421401298e-17
"GSE1460_INTRATHYMIC_T_PROGENITOR_VS_NAIVE_CD4_TCELL_ADULT_BLOOD_UP","GSE1460_INTRATHYMIC_T_PROGENITOR_VS_NAIVE_CD4_TCELL_ADULT_BLOOD_UP","92/4231","199/21355",2.73382691724396e-17,6.14631437622479e-16,1.21924136752431e-16
"GSE9988_ANTI_TREM1_VS_ANTI_TREM1_AND_LPS_MONOCYTE_UP","GSE9988_ANTI_TREM1_VS_ANTI_TREM1_AND_LPS_MONOCYTE_UP","92/4231","199/21355",2.73382691724396e-17,6.14631437622479e-16,1.21924136752431e-16
"GSE37416_0H_VS_24H_F_TULARENSIS_LVS_NEUTROPHIL_UP","GSE37416_0H_VS_24H_F_TULARENSIS_LVS_NEUTROPHIL_UP","91/4231","196/21355",2.89416596831715e-17,6.47838198846886e-16,1.2851134568579e-16
"GSE17186_MEMORY_VS_NAIVE_BCELL_DN","GSE17186_MEMORY_VS_NAIVE_BCELL_DN","92/4231","200/21355",4.08685186921333e-17,8.76535677053871e-16,1.73877952242241e-16
"GSE22432_PDC_VS_TGFB1_TREATEDCOMMON_DC_PROGENITOR_DN","GSE22432_PDC_VS_TGFB1_TREATEDCOMMON_DC_PROGENITOR_DN","92/4231","200/21355",4.08685186921333e-17,8.76535677053871e-16,1.73877952242241e-16
"GSE22443_NAIVE_VS_ACT_AND_IL12_TREATED_CD8_TCELL_UP","GSE22443_NAIVE_VS_ACT_AND_IL12_TREATED_CD8_TCELL_UP","92/4231","200/21355",4.08685186921333e-17,8.76535677053871e-16,1.73877952242241e-16
"GSE22886_CTRL_VS_LPS_24H_DC_UP","GSE22886_CTRL_VS_LPS_24H_DC_UP","92/4231","200/21355",4.08685186921333e-17,8.76535677053871e-16,1.73877952242241e-16
"GSE22886_NAIVE_BCELL_VS_DC_DN","GSE22886_NAIVE_BCELL_VS_DC_DN","92/4231","200/21355",4.08685186921333e-17,8.76535677053871e-16,1.73877952242241e-16
"GSE24634_IL4_VS_CTRL_TREATED_NAIVE_CD4_TCELL_DAY7_DN","GSE24634_IL4_VS_CTRL_TREATED_NAIVE_CD4_TCELL_DAY7_DN","92/4231","200/21355",4.08685186921333e-17,8.76535677053871e-16,1.73877952242241e-16
"GSE24634_NAIVE_CD4_TCELL_VS_DAY10_IL4_CONV_TREG_DN","GSE24634_NAIVE_CD4_TCELL_VS_DAY10_IL4_CONV_TREG_DN","92/4231","200/21355",4.08685186921333e-17,8.76535677053871e-16,1.73877952242241e-16
"GSE40666_UNTREATED_VS_IFNA_STIM_STAT4_KO_EFFECTOR_CD8_TCELL_90MIN_UP","GSE40666_UNTREATED_VS_IFNA_STIM_STAT4_KO_EFFECTOR_CD8_TCELL_90MIN_UP","92/4231","200/21355",4.08685186921333e-17,8.76535677053871e-16,1.73877952242241e-16
"GSE9650_EXHAUSTED_VS_MEMORY_CD8_TCELL_DN","GSE9650_EXHAUSTED_VS_MEMORY_CD8_TCELL_DN","92/4231","200/21355",4.08685186921333e-17,8.76535677053871e-16,1.73877952242241e-16
"KAECH_DAY8_EFF_VS_MEMORY_CD8_TCELL_UP","KAECH_DAY8_EFF_VS_MEMORY_CD8_TCELL_UP","92/4231","200/21355",4.08685186921333e-17,8.76535677053871e-16,1.73877952242241e-16
"GSE21546_UNSTIM_VS_ANTI_CD3_STIM_DP_THYMOCYTES_DN","GSE21546_UNSTIM_VS_ANTI_CD3_STIM_DP_THYMOCYTES_DN","91/4231","199/21355",9.6479805123799e-17,2.03520774100656e-15,4.03723161141823e-16
"GSE32986_UNSTIM_VS_GMCSF_AND_CURDLAN_LOWDOSE_STIM_DC_UP","GSE32986_UNSTIM_VS_GMCSF_AND_CURDLAN_LOWDOSE_STIM_DC_UP","91/4231","199/21355",9.6479805123799e-17,2.03520774100656e-15,4.03723161141823e-16
"GSE3982_MEMORY_CD4_TCELL_VS_TH1_DN","GSE3982_MEMORY_CD4_TCELL_VS_TH1_DN","91/4231","199/21355",9.6479805123799e-17,2.03520774100656e-15,4.03723161141823e-16
"GSE40277_EOS_AND_LEF1_TRANSDUCED_VS_CTRL_CD4_TCELL_DN","GSE40277_EOS_AND_LEF1_TRANSDUCED_VS_CTRL_CD4_TCELL_DN","91/4231","199/21355",9.6479805123799e-17,2.03520774100656e-15,4.03723161141823e-16
"GSE32901_NAIVE_VS_TH17_NEG_CD4_TCELL_UP","GSE32901_NAIVE_VS_TH17_NEG_CD4_TCELL_UP","82/4231","171/21355",9.95043378907872e-17,2.09040670503351e-15,4.14672952556085e-16
"GSE30971_CTRL_VS_LPS_STIM_MACROPHAGE_WBP7_KO_4H_DN","GSE30971_CTRL_VS_LPS_STIM_MACROPHAGE_WBP7_KO_4H_DN","90/4231","196/21355",1.02924422292857e-16,2.15343097417626e-15,4.27175045907195e-16
"GSE27859_MACROPHAGE_VS_CD11C_INT_F480_HI_MACROPHAGE_DN","GSE27859_MACROPHAGE_VS_CD11C_INT_F480_HI_MACROPHAGE_DN","87/4231","187/21355",1.22723059949606e-16,2.55722928984423e-15,5.07276319689001e-16
"GSE15930_STIM_VS_STIM_AND_TRICHOSTATINA_48H_CD8_T_CELL_UP","GSE15930_STIM_VS_STIM_AND_TRICHOSTATINA_48H_CD8_T_CELL_UP","91/4231","200/21355",1.42907576364914e-16,2.76431787338321e-15,5.4835638041115e-16
"GSE16697_CD4_TCELL_VS_TFH_CD4_TCELL_UP","GSE16697_CD4_TCELL_VS_TFH_CD4_TCELL_UP","91/4231","200/21355",1.42907576364914e-16,2.76431787338321e-15,5.4835638041115e-16
"GSE24634_TREG_VS_TCONV_POST_DAY3_IL4_CONVERSION_UP","GSE24634_TREG_VS_TCONV_POST_DAY3_IL4_CONVERSION_UP","91/4231","200/21355",1.42907576364914e-16,2.76431787338321e-15,5.4835638041115e-16
"GSE26030_UNSTIM_VS_RESTIM_TH17_DAY15_POST_POLARIZATION_DN","GSE26030_UNSTIM_VS_RESTIM_TH17_DAY15_POST_POLARIZATION_DN","91/4231","200/21355",1.42907576364914e-16,2.76431787338321e-15,5.4835638041115e-16
"GSE28408_LY6G_POS_VS_NEG_DC_DN","GSE28408_LY6G_POS_VS_NEG_DC_DN","91/4231","200/21355",1.42907576364914e-16,2.76431787338321e-15,5.4835638041115e-16
"GSE32986_CURDLAN_LOWDOSE_VS_GMCSF_AND_CURDLAN_LOWDOSE_STIM_DC_UP","GSE32986_CURDLAN_LOWDOSE_VS_GMCSF_AND_CURDLAN_LOWDOSE_STIM_DC_UP","91/4231","200/21355",1.42907576364914e-16,2.76431787338321e-15,5.4835638041115e-16
"GSE32986_UNSTIM_VS_CURDLAN_HIGHDOSE_STIM_DC_UP","GSE32986_UNSTIM_VS_CURDLAN_HIGHDOSE_STIM_DC_UP","91/4231","200/21355",1.42907576364914e-16,2.76431787338321e-15,5.4835638041115e-16
"GSE32986_UNSTIM_VS_CURDLAN_LOWDOSE_STIM_DC_DN","GSE32986_UNSTIM_VS_CURDLAN_LOWDOSE_STIM_DC_DN","91/4231","200/21355",1.42907576364914e-16,2.76431787338321e-15,5.4835638041115e-16
"GSE33162_UNTREATED_VS_4H_LPS_STIM_HDAC3_KO_MACROPHAGE_DN","GSE33162_UNTREATED_VS_4H_LPS_STIM_HDAC3_KO_MACROPHAGE_DN","91/4231","200/21355",1.42907576364914e-16,2.76431787338321e-15,5.4835638041115e-16
"GSE33425_CD8_ALPHAALPHA_VS_ALPHABETA_CD161_HIGH_TCELL_DN","GSE33425_CD8_ALPHAALPHA_VS_ALPHABETA_CD161_HIGH_TCELL_DN","91/4231","200/21355",1.42907576364914e-16,2.76431787338321e-15,5.4835638041115e-16
"GSE339_EX_VIVO_VS_IN_CULTURE_CD4CD8DN_DC_UP","GSE339_EX_VIVO_VS_IN_CULTURE_CD4CD8DN_DC_UP","91/4231","200/21355",1.42907576364914e-16,2.76431787338321e-15,5.4835638041115e-16
"GSE34205_HEALTHY_VS_RSV_INF_INFANT_PBMC_DN","GSE34205_HEALTHY_VS_RSV_INF_INFANT_PBMC_DN","91/4231","200/21355",1.42907576364914e-16,2.76431787338321e-15,5.4835638041115e-16
"GSE35685_CD34POS_CD38NEG_VS_CD34POS_CD10POS_BONE_MARROW_DN","GSE35685_CD34POS_CD38NEG_VS_CD34POS_CD10POS_BONE_MARROW_DN","91/4231","200/21355",1.42907576364914e-16,2.76431787338321e-15,5.4835638041115e-16
"GSE360_L_DONOVANI_VS_B_MALAYI_LOW_DOSE_DC_DN","GSE360_L_DONOVANI_VS_B_MALAYI_LOW_DOSE_DC_DN","91/4231","200/21355",1.42907576364914e-16,2.76431787338321e-15,5.4835638041115e-16
"GSE39110_DAY3_VS_DAY6_POST_IMMUNIZATION_CD8_TCELL_WITH_IL2_TREATMENT_UP","GSE39110_DAY3_VS_DAY6_POST_IMMUNIZATION_CD8_TCELL_WITH_IL2_TREATMENT_UP","91/4231","200/21355",1.42907576364914e-16,2.76431787338321e-15,5.4835638041115e-16
"GSE3982_BASOPHIL_VS_CENT_MEMORY_CD4_TCELL_UP","GSE3982_BASOPHIL_VS_CENT_MEMORY_CD4_TCELL_UP","91/4231","200/21355",1.42907576364914e-16,2.76431787338321e-15,5.4835638041115e-16
"GSE3982_DC_VS_CENT_MEMORY_CD4_TCELL_UP","GSE3982_DC_VS_CENT_MEMORY_CD4_TCELL_UP","91/4231","200/21355",1.42907576364914e-16,2.76431787338321e-15,5.4835638041115e-16
"GSE6259_FLT3L_INDUCED_33D1_POS_DC_VS_BCELL_DN","GSE6259_FLT3L_INDUCED_33D1_POS_DC_VS_BCELL_DN","91/4231","200/21355",1.42907576364914e-16,2.76431787338321e-15,5.4835638041115e-16
"GSE6674_ANTI_IGM_VS_PL2_3_STIM_BCELL_UP","GSE6674_ANTI_IGM_VS_PL2_3_STIM_BCELL_UP","91/4231","200/21355",1.42907576364914e-16,2.76431787338321e-15,5.4835638041115e-16
"GSE37416_0H_VS_12H_F_TULARENSIS_LVS_NEUTROPHIL_UP","GSE37416_0H_VS_12H_F_TULARENSIS_LVS_NEUTROPHIL_UP","90/4231","197/21355",1.52974258079246e-16,2.94791746960232e-15,5.84776942241995e-16
"GSE17301_ACD3_ACD28_VS_ACD3_ACD28_AND_IFNA5_STIM_CD8_TCELL_UP","GSE17301_ACD3_ACD28_VS_ACD3_ACD28_AND_IFNA5_STIM_CD8_TCELL_UP","90/4231","198/21355",2.26400874116552e-16,4.31424119227302e-15,8.55813908810757e-16
"GSE24634_IL4_VS_CTRL_TREATED_NAIVE_CD4_TCELL_DAY7_UP","GSE24634_IL4_VS_CTRL_TREATED_NAIVE_CD4_TCELL_DAY7_UP","90/4231","198/21355",2.26400874116552e-16,4.31424119227302e-15,8.55813908810757e-16
"GSE9006_HEALTHY_VS_TYPE_1_DIABETES_PBMC_AT_DX_DN","GSE9006_HEALTHY_VS_TYPE_1_DIABETES_PBMC_AT_DX_DN","90/4231","198/21355",2.26400874116552e-16,4.31424119227302e-15,8.55813908810757e-16
"GSE1460_INTRATHYMIC_T_PROGENITOR_VS_NAIVE_CD4_TCELL_CORD_BLOOD_UP","GSE1460_INTRATHYMIC_T_PROGENITOR_VS_NAIVE_CD4_TCELL_CORD_BLOOD_UP","90/4231","199/21355",3.33675151266528e-16,6.26527042268213e-15,1.24283862010205e-15
"GSE2128_C57BL6_VS_NOD_THYMOCYTE_UP","GSE2128_C57BL6_VS_NOD_THYMOCYTE_UP","90/4231","199/21355",3.33675151266528e-16,6.26527042268213e-15,1.24283862010205e-15
"GSE37416_12H_VS_24H_F_TULARENSIS_LVS_NEUTROPHIL_UP","GSE37416_12H_VS_24H_F_TULARENSIS_LVS_NEUTROPHIL_UP","90/4231","199/21355",3.33675151266528e-16,6.26527042268213e-15,1.24283862010205e-15
"GSE40277_EOS_AND_LEF1_TRANSDUCED_VS_GATA1_AND_SATB1_TRANSDUCED_CD4_TCELL_DN","GSE40277_EOS_AND_LEF1_TRANSDUCED_VS_GATA1_AND_SATB1_TRANSDUCED_CD4_TCELL_DN","90/4231","199/21355",3.33675151266528e-16,6.26527042268213e-15,1.24283862010205e-15
"GSE7568_IL4_VS_IL4_AND_DEXAMETHASONE_TREATED_MACROPHAGE_UP","GSE7568_IL4_VS_IL4_AND_DEXAMETHASONE_TREATED_MACROPHAGE_UP","81/4231","171/21355",3.75238386505897e-16,7.01997069061763e-15,1.39254814200806e-15
"GSE22601_DOUBLE_NEGATIVE_VS_CD4_SINGLE_POSITIVE_THYMOCYTE_UP","GSE22601_DOUBLE_NEGATIVE_VS_CD4_SINGLE_POSITIVE_THYMOCYTE_UP","90/4231","200/21355",4.89757712549662e-16,8.96606440903416e-15,1.77859379820667e-15
"GSE25123_IL4_VS_IL4_AND_ROSIGLITAZONE_STIM_MACROPHAGE_DAY10_UP","GSE25123_IL4_VS_IL4_AND_ROSIGLITAZONE_STIM_MACROPHAGE_DAY10_UP","90/4231","200/21355",4.89757712549662e-16,8.96606440903416e-15,1.77859379820667e-15
"GSE33425_CD161_INT_VS_NEG_CD8_TCELL_UP","GSE33425_CD161_INT_VS_NEG_CD8_TCELL_UP","90/4231","200/21355",4.89757712549662e-16,8.96606440903416e-15,1.77859379820667e-15
"GSE41176_WT_VS_TAK1_KO_ANTI_IGM_STIM_BCELL_24H_UP","GSE41176_WT_VS_TAK1_KO_ANTI_IGM_STIM_BCELL_24H_UP","90/4231","200/21355",4.89757712549662e-16,8.96606440903416e-15,1.77859379820667e-15
"GSE5142_HTERT_TRANSDUCED_VS_CTRL_CD8_TCELL_LATE_PASSAGE_CLONE_UP","GSE5142_HTERT_TRANSDUCED_VS_CTRL_CD8_TCELL_LATE_PASSAGE_CLONE_UP","90/4231","200/21355",4.89757712549662e-16,8.96606440903416e-15,1.77859379820667e-15
"GSE7831_UNSTIM_VS_CPG_STIM_PDC_4H_UP","GSE7831_UNSTIM_VS_CPG_STIM_PDC_4H_UP","90/4231","200/21355",4.89757712549662e-16,8.96606440903416e-15,1.77859379820667e-15
"GSE6259_FLT3L_INDUCED_VS_WT_SPLENIC_DC_33D1_POS_UP","GSE6259_FLT3L_INDUCED_VS_WT_SPLENIC_DC_33D1_POS_UP","83/4231","178/21355",5.19725097481189e-16,9.48082152914083e-15,1.88070591559029e-15
"GSE14000_UNSTIM_VS_16H_LPS_DC_TRANSLATED_RNA_UP","GSE14000_UNSTIM_VS_16H_LPS_DC_TRANSLATED_RNA_UP","89/4231","197/21355",5.28049183747359e-16,9.53091590101747e-15,1.89064311156393e-15
"GSE21546_ELK1_KO_VS_SAP1A_KO_AND_ELK1_KO_DP_THYMOCYTES_DN","GSE21546_ELK1_KO_VS_SAP1A_KO_AND_ELK1_KO_DP_THYMOCYTES_DN","89/4231","197/21355",5.28049183747359e-16,9.53091590101747e-15,1.89064311156393e-15
"GSE22886_NAIVE_VS_IGM_MEMORY_BCELL_DN","GSE22886_NAIVE_VS_IGM_MEMORY_BCELL_DN","89/4231","197/21355",5.28049183747359e-16,9.53091590101747e-15,1.89064311156393e-15
"GSE21670_UNTREATED_VS_TGFB_IL6_TREATED_CD4_TCELL_UP","GSE21670_UNTREATED_VS_TGFB_IL6_TREATED_CD4_TCELL_UP","88/4231","194/21355",5.67867443499229e-16,1.02136439136037e-14,2.02607553248478e-15
"GSE14415_INDUCED_TREG_VS_FAILED_INDUCED_TREG_UP","GSE14415_INDUCED_TREG_VS_FAILED_INDUCED_TREG_UP","85/4231","185/21355",6.94568915252477e-16,1.24488120964482e-14,2.46946474837649e-15
"PATEL_SKIN_OF_BODY_ZOSTAVAX_AGE_70_93YO_VZV_CHALLENGE_6HR_UP","PATEL_SKIN_OF_BODY_ZOSTAVAX_AGE_70_93YO_VZV_CHALLENGE_6HR_UP","117/4231","291/21355",7.2592898249299e-16,1.29655469137947e-14,2.57196918059134e-15
"GSE21063_CTRL_VS_ANTI_IGM_STIM_BCELL_NFATC1_KO_8H_DN","GSE21063_CTRL_VS_ANTI_IGM_STIM_BCELL_NFATC1_KO_8H_DN","89/4231","198/21355",7.74349179684413e-16,1.36872892933183e-14,2.71514086234172e-15
"GSE36826_WT_VS_IL1R_KO_SKIN_DN","GSE36826_WT_VS_IL1R_KO_SKIN_DN","89/4231","198/21355",7.74349179684413e-16,1.36872892933183e-14,2.71514086234172e-15
"GSE37416_0H_VS_6H_F_TULARENSIS_LVS_NEUTROPHIL_UP","GSE37416_0H_VS_6H_F_TULARENSIS_LVS_NEUTROPHIL_UP","89/4231","198/21355",7.74349179684413e-16,1.36872892933183e-14,2.71514086234172e-15
"GAUCHER_PBMC_YF_VAX_STAMARIL_UNKNOWN_AGE_7DY_UP","GAUCHER_PBMC_YF_VAX_STAMARIL_UNKNOWN_AGE_7DY_UP","117/4231","292/21355",9.77791584329241e-16,1.72239163617584e-14,3.41669983889328e-15
"GSE19401_NAIVE_VS_IMMUNIZED_MOUSE_PLN_FOLLICULAR_DC_UP","GSE19401_NAIVE_VS_IMMUNIZED_MOUSE_PLN_FOLLICULAR_DC_UP","89/4231","199/21355",1.13089452994983e-15,1.95843424341987e-14,3.8849364008945e-15
"GSE23321_CD8_STEM_CELL_MEMORY_VS_EFFECTOR_MEMORY_CD8_TCELL_DN","GSE23321_CD8_STEM_CELL_MEMORY_VS_EFFECTOR_MEMORY_CD8_TCELL_DN","89/4231","199/21355",1.13089452994983e-15,1.95843424341987e-14,3.8849364008945e-15
"GSE34515_CD16_NEG_MONOCYTE_VS_DC_UP","GSE34515_CD16_NEG_MONOCYTE_VS_DC_UP","89/4231","199/21355",1.13089452994983e-15,1.95843424341987e-14,3.8849364008945e-15
"GSE37416_12H_VS_48H_F_TULARENSIS_LVS_NEUTROPHIL_UP","GSE37416_12H_VS_48H_F_TULARENSIS_LVS_NEUTROPHIL_UP","89/4231","199/21355",1.13089452994983e-15,1.95843424341987e-14,3.8849364008945e-15
"GSE40666_UNTREATED_VS_IFNA_STIM_EFFECTOR_CD8_TCELL_90MIN_DN","GSE40666_UNTREATED_VS_IFNA_STIM_EFFECTOR_CD8_TCELL_90MIN_DN","89/4231","199/21355",1.13089452994983e-15,1.95843424341987e-14,3.8849364008945e-15
"GSE14769_UNSTIM_VS_240MIN_LPS_BMDM_UP","GSE14769_UNSTIM_VS_240MIN_LPS_BMDM_UP","89/4231","200/21355",1.64495918534272e-15,2.74659960393055e-14,5.44841615992137e-15
"GSE17186_CD21LOW_VS_CD21HIGH_TRANSITIONAL_BCELL_DN","GSE17186_CD21LOW_VS_CD21HIGH_TRANSITIONAL_BCELL_DN","89/4231","200/21355",1.64495918534272e-15,2.74659960393055e-14,5.44841615992137e-15
"GSE17186_NAIVE_VS_CD21HIGH_TRANSITIONAL_BCELL_DN","GSE17186_NAIVE_VS_CD21HIGH_TRANSITIONAL_BCELL_DN","89/4231","200/21355",1.64495918534272e-15,2.74659960393055e-14,5.44841615992137e-15
"GSE17721_LPS_VS_GARDIQUIMOD_24H_BMDC_DN","GSE17721_LPS_VS_GARDIQUIMOD_24H_BMDC_DN","89/4231","200/21355",1.64495918534272e-15,2.74659960393055e-14,5.44841615992137e-15
"GSE19198_1H_VS_24H_IL21_TREATED_TCELL_UP","GSE19198_1H_VS_24H_IL21_TREATED_TCELL_UP","89/4231","200/21355",1.64495918534272e-15,2.74659960393055e-14,5.44841615992137e-15
"GSE22601_IMMATURE_CD4_SINGLE_POSITIVE_VS_CD8_SINGLE_POSITIVE_THYMOCYTE_UP","GSE22601_IMMATURE_CD4_SINGLE_POSITIVE_VS_CD8_SINGLE_POSITIVE_THYMOCYTE_UP","89/4231","200/21355",1.64495918534272e-15,2.74659960393055e-14,5.44841615992137e-15
"GSE24634_TEFF_VS_TCONV_DAY10_IN_CULTURE_UP","GSE24634_TEFF_VS_TCONV_DAY10_IN_CULTURE_UP","89/4231","200/21355",1.64495918534272e-15,2.74659960393055e-14,5.44841615992137e-15
"GSE26343_UNSTIM_VS_LPS_STIM_MACROPHAGE_UP","GSE26343_UNSTIM_VS_LPS_STIM_MACROPHAGE_UP","89/4231","200/21355",1.64495918534272e-15,2.74659960393055e-14,5.44841615992137e-15
"GSE35825_IFNA_VS_IFNG_STIM_MACROPHAGE_DN","GSE35825_IFNA_VS_IFNG_STIM_MACROPHAGE_DN","89/4231","200/21355",1.64495918534272e-15,2.74659960393055e-14,5.44841615992137e-15
"GSE40068_CXCR5NEG_BCL6NEG_CD4_TCELL_VS_CXCR5POS_BCL6NEG_TFH_DN","GSE40068_CXCR5NEG_BCL6NEG_CD4_TCELL_VS_CXCR5POS_BCL6NEG_TFH_DN","89/4231","200/21355",1.64495918534272e-15,2.74659960393055e-14,5.44841615992137e-15
"GSE5589_UNSTIM_VS_180MIN_LPS_STIM_MACROPHAGE_DN","GSE5589_UNSTIM_VS_180MIN_LPS_STIM_MACROPHAGE_DN","89/4231","200/21355",1.64495918534272e-15,2.74659960393055e-14,5.44841615992137e-15
"GSE25677_MPL_VS_R848_STIM_BCELL_DN","GSE25677_MPL_VS_R848_STIM_BCELL_DN","83/4231","181/21355",1.7476054545456e-15,2.90851479220803e-14,5.76960652457637e-15
"GSE11057_NAIVE_VS_EFF_MEMORY_CD4_TCELL_DN","GSE11057_NAIVE_VS_EFF_MEMORY_CD4_TCELL_DN","88/4231","197/21355",1.78588536864638e-15,2.95304787086495e-14,5.85794657423566e-15
"GSE26030_TH1_VS_TH17_DAY5_POST_POLARIZATION_DN","GSE26030_TH1_VS_TH17_DAY5_POST_POLARIZATION_DN","88/4231","197/21355",1.78588536864638e-15,2.95304787086495e-14,5.85794657423566e-15
"GSE2770_TGFB_AND_IL4_VS_TGFB_AND_IL12_TREATED_ACT_CD4_TCELL_48H_DN","GSE2770_TGFB_AND_IL4_VS_TGFB_AND_IL12_TREATED_ACT_CD4_TCELL_48H_DN","87/4231","196/21355",4.09291268521562e-15,6.74606766058368e-14,1.33821413231284e-14
"GSE15330_MEGAKARYOCYTE_ERYTHROID_PROGENITOR_VS_PRO_BCELL_UP","GSE15330_MEGAKARYOCYTE_ERYTHROID_PROGENITOR_VS_PRO_BCELL_UP","88/4231","200/21355",5.41456281202782e-15,8.43618509861843e-14,1.67348189935014e-14
"GSE17186_NAIVE_VS_CD21LOW_TRANSITIONAL_BCELL_CORD_BLOOD_DN","GSE17186_NAIVE_VS_CD21LOW_TRANSITIONAL_BCELL_CORD_BLOOD_DN","88/4231","200/21355",5.41456281202782e-15,8.43618509861843e-14,1.67348189935014e-14
"GSE22601_DOUBLE_POSITIVE_VS_CD4_SINGLE_POSITIVE_THYMOCYTE_DN","GSE22601_DOUBLE_POSITIVE_VS_CD4_SINGLE_POSITIVE_THYMOCYTE_DN","88/4231","200/21355",5.41456281202782e-15,8.43618509861843e-14,1.67348189935014e-14
"GSE23502_WT_VS_HDC_KO_MYELOID_DERIVED_SUPPRESSOR_CELL_BM_DN","GSE23502_WT_VS_HDC_KO_MYELOID_DERIVED_SUPPRESSOR_CELL_BM_DN","88/4231","200/21355",5.41456281202782e-15,8.43618509861843e-14,1.67348189935014e-14
"GSE24142_DN2_VS_DN3_THYMOCYTE_FETAL_UP","GSE24142_DN2_VS_DN3_THYMOCYTE_FETAL_UP","88/4231","200/21355",5.41456281202782e-15,8.43618509861843e-14,1.67348189935014e-14
"GSE26343_UNSTIM_VS_LPS_STIM_MACROPHAGE_DN","GSE26343_UNSTIM_VS_LPS_STIM_MACROPHAGE_DN","88/4231","200/21355",5.41456281202782e-15,8.43618509861843e-14,1.67348189935014e-14
"GSE27786_CD4_TCELL_VS_NKCELL_DN","GSE27786_CD4_TCELL_VS_NKCELL_DN","88/4231","200/21355",5.41456281202782e-15,8.43618509861843e-14,1.67348189935014e-14
"GSE31082_DN_VS_CD8_SP_THYMOCYTE_UP","GSE31082_DN_VS_CD8_SP_THYMOCYTE_UP","88/4231","200/21355",5.41456281202782e-15,8.43618509861843e-14,1.67348189935014e-14
"GSE32986_GMCSF_VS_GMCSF_AND_CURDLAN_LOWDOSE_STIM_DC_UP","GSE32986_GMCSF_VS_GMCSF_AND_CURDLAN_LOWDOSE_STIM_DC_UP","88/4231","200/21355",5.41456281202782e-15,8.43618509861843e-14,1.67348189935014e-14
"GSE35685_CD34POS_CD10NEG_CD62LPOS_VS_CD34POS_CD10POS_BONE_MARROW_UP","GSE35685_CD34POS_CD10NEG_CD62LPOS_VS_CD34POS_CD10POS_BONE_MARROW_UP","88/4231","200/21355",5.41456281202782e-15,8.43618509861843e-14,1.67348189935014e-14
"GSE37301_LYMPHOID_PRIMED_MPP_VS_COMMON_LYMPHOID_PROGENITOR_DN","GSE37301_LYMPHOID_PRIMED_MPP_VS_COMMON_LYMPHOID_PROGENITOR_DN","88/4231","200/21355",5.41456281202782e-15,8.43618509861843e-14,1.67348189935014e-14
"GSE3982_NKCELL_VS_TH2_DN","GSE3982_NKCELL_VS_TH2_DN","88/4231","200/21355",5.41456281202782e-15,8.43618509861843e-14,1.67348189935014e-14
"GSE39916_B_CELL_SPLEEN_VS_PLASMA_CELL_BONE_MARROW_DN","GSE39916_B_CELL_SPLEEN_VS_PLASMA_CELL_BONE_MARROW_DN","88/4231","200/21355",5.41456281202782e-15,8.43618509861843e-14,1.67348189935014e-14
"GSE43863_LY6C_INT_CXCR5POS_VS_LY6C_LOW_CXCR5NEG_EFFECTOR_CD4_TCELL_DN","GSE43863_LY6C_INT_CXCR5POS_VS_LY6C_LOW_CXCR5NEG_EFFECTOR_CD4_TCELL_DN","88/4231","200/21355",5.41456281202782e-15,8.43618509861843e-14,1.67348189935014e-14
"GSE45365_NK_CELL_VS_CD11B_DC_MCMV_INFECTION_DN","GSE45365_NK_CELL_VS_CD11B_DC_MCMV_INFECTION_DN","88/4231","200/21355",5.41456281202782e-15,8.43618509861843e-14,1.67348189935014e-14
"GSE9006_HEALTHY_VS_TYPE_1_DIABETES_PBMC_4MONTH_POST_DX_UP","GSE9006_HEALTHY_VS_TYPE_1_DIABETES_PBMC_4MONTH_POST_DX_UP","88/4231","200/21355",5.41456281202782e-15,8.43618509861843e-14,1.67348189935014e-14
"GSE9006_TYPE_1_DIABETES_AT_DX_VS_4MONTH_POST_DX_PBMC_UP","GSE9006_TYPE_1_DIABETES_AT_DX_VS_4MONTH_POST_DX_PBMC_UP","88/4231","200/21355",5.41456281202782e-15,8.43618509861843e-14,1.67348189935014e-14
"GSE9509_10MIN_VS_30MIN_LPS_STIM_IL10_KO_MACROPHAGE_UP","GSE9509_10MIN_VS_30MIN_LPS_STIM_IL10_KO_MACROPHAGE_UP","88/4231","200/21355",5.41456281202782e-15,8.43618509861843e-14,1.67348189935014e-14
"GSE6259_33D1_POS_DC_VS_CD4_TCELL_UP","GSE6259_33D1_POS_DC_VS_CD4_TCELL_UP","83/4231","184/21355",5.63608649618698e-15,8.75472102407711e-14,1.73666971461455e-14
"GSE22886_NAIVE_CD8_TCELL_VS_NEUTROPHIL_DN","GSE22886_NAIVE_CD8_TCELL_VS_NEUTROPHIL_DN","87/4231","197/21355",5.91756156286582e-15,9.13657246121994e-14,1.81241739687013e-14
"GSE30971_WBP7_HET_VS_KO_MACROPHAGE_4H_LPS_STIM_DN","GSE30971_WBP7_HET_VS_KO_MACROPHAGE_4H_LPS_STIM_DN","87/4231","197/21355",5.91756156286582e-15,9.13657246121994e-14,1.81241739687013e-14
"GSE12366_GC_VS_MEMORY_BCELL_UP","GSE12366_GC_VS_MEMORY_BCELL_UP","87/4231","198/21355",8.52164183444537e-15,1.30393838935424e-13,2.58661618604061e-14
"GSE16266_CTRL_VS_LPS_STIM_MEF_UP","GSE16266_CTRL_VS_LPS_STIM_MEF_UP","87/4231","198/21355",8.52164183444537e-15,1.30393838935424e-13,2.58661618604061e-14
"GSE8685_IL2_STARVED_VS_IL2_ACT_IL2_STARVED_CD4_TCELL_DN","GSE8685_IL2_STARVED_VS_IL2_ACT_IL2_STARVED_CD4_TCELL_DN","87/4231","198/21355",8.52164183444537e-15,1.30393838935424e-13,2.58661618604061e-14
"GSE37416_CTRL_VS_12H_F_TULARENSIS_LVS_NEUTROPHIL_UP","GSE37416_CTRL_VS_12H_F_TULARENSIS_LVS_NEUTROPHIL_UP","86/4231","195/21355",9.32032217321697e-15,1.42190391249733e-13,2.82062381557882e-14
"GSE6259_33D1_POS_DC_VS_CD4_TCELL_DN","GSE6259_33D1_POS_DC_VS_CD4_TCELL_DN","80/4231","176/21355",1.03095538735832e-14,1.56815350611238e-13,3.11073841695497e-14
"GSE15735_CTRL_VS_HDAC_INHIBITOR_TREATED_CD4_TCELL_2H_UP","GSE15735_CTRL_VS_HDAC_INHIBITOR_TREATED_CD4_TCELL_2H_UP","87/4231","199/21355",1.22235731003371e-14,1.82676488957225e-13,3.62374454961659e-14
"GSE17974_CTRL_VS_ACT_IL4_AND_ANTI_IL12_12H_CD4_TCELL_DN","GSE17974_CTRL_VS_ACT_IL4_AND_ANTI_IL12_12H_CD4_TCELL_DN","87/4231","199/21355",1.22235731003371e-14,1.82676488957225e-13,3.62374454961659e-14
"GSE22432_CONVENTIONAL_CDC_VS_PLASMACYTOID_PDC_UP","GSE22432_CONVENTIONAL_CDC_VS_PLASMACYTOID_PDC_UP","87/4231","199/21355",1.22235731003371e-14,1.82676488957225e-13,3.62374454961659e-14
"GSE3982_DC_VS_EFF_MEMORY_CD4_TCELL_UP","GSE3982_DC_VS_EFF_MEMORY_CD4_TCELL_UP","87/4231","199/21355",1.22235731003371e-14,1.82676488957225e-13,3.62374454961659e-14
"GSE41176_WT_VS_TAK1_KO_ANTI_IGM_STIM_BCELL_6H_DN","GSE41176_WT_VS_TAK1_KO_ANTI_IGM_STIM_BCELL_6H_DN","87/4231","199/21355",1.22235731003371e-14,1.82676488957225e-13,3.62374454961659e-14
"GSE9960_HEALTHY_VS_GRAM_NEG_SEPSIS_PBMC_UP","GSE9960_HEALTHY_VS_GRAM_NEG_SEPSIS_PBMC_UP","87/4231","199/21355",1.22235731003371e-14,1.82676488957225e-13,3.62374454961659e-14
"GSE1460_NAIVE_CD4_TCELL_ADULT_BLOOD_VS_THYMIC_STROMAL_CELL_DN","GSE1460_NAIVE_CD4_TCELL_ADULT_BLOOD_VS_THYMIC_STROMAL_CELL_DN","87/4231","200/21355",1.74659084550529e-14,2.49387873929252e-13,4.94709502054864e-14
"GSE14769_20MIN_VS_360MIN_LPS_BMDM_UP","GSE14769_20MIN_VS_360MIN_LPS_BMDM_UP","87/4231","200/21355",1.74659084550529e-14,2.49387873929252e-13,4.94709502054864e-14
"GSE19401_UNSTIM_VS_RETINOIC_ACID_STIM_FOLLICULAR_DC_UP","GSE19401_UNSTIM_VS_RETINOIC_ACID_STIM_FOLLICULAR_DC_UP","87/4231","200/21355",1.74659084550529e-14,2.49387873929252e-13,4.94709502054864e-14
"GSE22601_DOUBLE_POSITIVE_VS_CD8_SINGLE_POSITIVE_THYMOCYTE_DN","GSE22601_DOUBLE_POSITIVE_VS_CD8_SINGLE_POSITIVE_THYMOCYTE_DN","87/4231","200/21355",1.74659084550529e-14,2.49387873929252e-13,4.94709502054864e-14
"GSE22935_UNSTIM_VS_24H_MBOVIS_BCG_STIM_MYD88_KO_MACROPHAGE_UP","GSE22935_UNSTIM_VS_24H_MBOVIS_BCG_STIM_MYD88_KO_MACROPHAGE_UP","87/4231","200/21355",1.74659084550529e-14,2.49387873929252e-13,4.94709502054864e-14
"GSE26030_TH1_VS_TH17_DAY15_POST_POLARIZATION_DN","GSE26030_TH1_VS_TH17_DAY15_POST_POLARIZATION_DN","87/4231","200/21355",1.74659084550529e-14,2.49387873929252e-13,4.94709502054864e-14
"GSE2770_TGFB_AND_IL4_VS_IL12_TREATED_ACT_CD4_TCELL_6H_UP","GSE2770_TGFB_AND_IL4_VS_IL12_TREATED_ACT_CD4_TCELL_6H_UP","87/4231","200/21355",1.74659084550529e-14,2.49387873929252e-13,4.94709502054864e-14
"GSE27786_CD8_TCELL_VS_NKCELL_DN","GSE27786_CD8_TCELL_VS_NKCELL_DN","87/4231","200/21355",1.74659084550529e-14,2.49387873929252e-13,4.94709502054864e-14
"GSE3039_ALPHAALPHA_CD8_TCELL_VS_B1_BCELL_DN","GSE3039_ALPHAALPHA_CD8_TCELL_VS_B1_BCELL_DN","87/4231","200/21355",1.74659084550529e-14,2.49387873929252e-13,4.94709502054864e-14
"GSE32164_RESTING_DIFFERENTIATED_VS_ALTERNATIVELY_ACT_M2_MACROPHAGE_UP","GSE32164_RESTING_DIFFERENTIATED_VS_ALTERNATIVELY_ACT_M2_MACROPHAGE_UP","87/4231","200/21355",1.74659084550529e-14,2.49387873929252e-13,4.94709502054864e-14
"GSE3982_DC_VS_BCELL_UP","GSE3982_DC_VS_BCELL_UP","87/4231","200/21355",1.74659084550529e-14,2.49387873929252e-13,4.94709502054864e-14
"GSE40274_FOXP3_VS_FOXP3_AND_EOS_TRANSDUCED_ACTIVATED_CD4_TCELL_UP","GSE40274_FOXP3_VS_FOXP3_AND_EOS_TRANSDUCED_ACTIVATED_CD4_TCELL_UP","87/4231","200/21355",1.74659084550529e-14,2.49387873929252e-13,4.94709502054864e-14
"GSE41867_NAIVE_VS_DAY8_LCMV_CLONE13_EFFECTOR_CD8_TCELL_UP","GSE41867_NAIVE_VS_DAY8_LCMV_CLONE13_EFFECTOR_CD8_TCELL_UP","87/4231","200/21355",1.74659084550529e-14,2.49387873929252e-13,4.94709502054864e-14
"GSE5589_LPS_AND_IL10_VS_LPS_AND_IL6_STIM_MACROPHAGE_45MIN_DN","GSE5589_LPS_AND_IL10_VS_LPS_AND_IL6_STIM_MACROPHAGE_45MIN_DN","87/4231","200/21355",1.74659084550529e-14,2.49387873929252e-13,4.94709502054864e-14
"GSE7509_DC_VS_MONOCYTE_WITH_FCGRIIB_STIM_UP","GSE7509_DC_VS_MONOCYTE_WITH_FCGRIIB_STIM_UP","87/4231","200/21355",1.74659084550529e-14,2.49387873929252e-13,4.94709502054864e-14
"GSE9988_LOW_LPS_VS_CTRL_TREATED_MONOCYTE_DN","GSE9988_LOW_LPS_VS_CTRL_TREATED_MONOCYTE_DN","87/4231","200/21355",1.74659084550529e-14,2.49387873929252e-13,4.94709502054864e-14
"GSE2706_LPS_VS_R848_AND_LPS_8H_STIM_DC_UP","GSE2706_LPS_VS_R848_AND_LPS_8H_STIM_DC_UP","86/4231","198/21355",2.74171206746058e-14,3.89307924038862e-13,7.7226821903103e-14
"GSE29618_BCELL_VS_PDC_DAY7_FLU_VACCINE_DN","GSE29618_BCELL_VS_PDC_DAY7_FLU_VACCINE_DN","86/4231","198/21355",2.74171206746058e-14,3.89307924038862e-13,7.7226821903103e-14
"GSE11057_NAIVE_VS_CENT_MEMORY_CD4_TCELL_DN","GSE11057_NAIVE_VS_CENT_MEMORY_CD4_TCELL_DN","86/4231","199/21355",3.89803515718366e-14,5.40035897722255e-13,1.0712665609785e-13
"GSE12845_IGD_NEG_BLOOD_VS_DARKZONE_GC_TONSIL_BCELL_DN","GSE12845_IGD_NEG_BLOOD_VS_DARKZONE_GC_TONSIL_BCELL_DN","86/4231","199/21355",3.89803515718366e-14,5.40035897722255e-13,1.0712665609785e-13
"GSE12845_IGD_POS_BLOOD_VS_NAIVE_TONSIL_BCELL_DN","GSE12845_IGD_POS_BLOOD_VS_NAIVE_TONSIL_BCELL_DN","86/4231","199/21355",3.89803515718366e-14,5.40035897722255e-13,1.0712665609785e-13
"GSE17721_LPS_VS_GARDIQUIMOD_6H_BMDC_DN","GSE17721_LPS_VS_GARDIQUIMOD_6H_BMDC_DN","86/4231","199/21355",3.89803515718366e-14,5.40035897722255e-13,1.0712665609785e-13
"GSE19198_CTRL_VS_IL21_TREATED_TCELL_1H_DN","GSE19198_CTRL_VS_IL21_TREATED_TCELL_1H_DN","86/4231","199/21355",3.89803515718366e-14,5.40035897722255e-13,1.0712665609785e-13
"GSE30971_WBP7_HET_VS_KO_MACROPHAGE_4H_LPS_STIM_UP","GSE30971_WBP7_HET_VS_KO_MACROPHAGE_4H_LPS_STIM_UP","86/4231","199/21355",3.89803515718366e-14,5.40035897722255e-13,1.0712665609785e-13
"GSE37532_TREG_VS_TCONV_PPARG_KO_CD4_TCELL_FROM_VISCERAL_ADIPOSE_TISSUE_DN","GSE37532_TREG_VS_TCONV_PPARG_KO_CD4_TCELL_FROM_VISCERAL_ADIPOSE_TISSUE_DN","86/4231","199/21355",3.89803515718366e-14,5.40035897722255e-13,1.0712665609785e-13
"GSE45365_HEALTHY_VS_MCMV_INFECTION_CD8A_DC_IFNAR_KO_DN","GSE45365_HEALTHY_VS_MCMV_INFECTION_CD8A_DC_IFNAR_KO_DN","86/4231","199/21355",3.89803515718366e-14,5.40035897722255e-13,1.0712665609785e-13
"GSE7764_IL15_NK_CELL_24H_VS_SPLENOCYTE_DN","GSE7764_IL15_NK_CELL_24H_VS_SPLENOCYTE_DN","86/4231","199/21355",3.89803515718366e-14,5.40035897722255e-13,1.0712665609785e-13
"GSE22886_NAIVE_VS_IGG_IGA_MEMORY_BCELL_DN","GSE22886_NAIVE_VS_IGG_IGA_MEMORY_BCELL_DN","85/4231","196/21355",4.3021576843323e-14,5.94416719403972e-13,1.17914153016456e-13
"NAKAYA_MYELOID_DENDRITIC_CELL_FLUMIST_AGE_18_50YO_7DY_UP","NAKAYA_MYELOID_DENDRITIC_CELL_FLUMIST_AGE_18_50YO_7DY_UP","137/4231","378/21355",4.85705691137971e-14,6.69281551820763e-13,1.32765053095439e-13
"GSE22611_NOD2_TRANSDUCED_VS_CTRL_HEK293T_STIMULATED_WITH_MDP_2H_UP","GSE22611_NOD2_TRANSDUCED_VS_CTRL_HEK293T_STIMULATED_WITH_MDP_2H_UP","79/4231","177/21355",5.13252173574798e-14,7.05343335588315e-13,1.39918611450051e-13
"GSE7219_UNSTIM_VS_LPS_AND_ANTI_CD40_STIM_NIK_NFKB2_KO_DC_DN","GSE7219_UNSTIM_VS_LPS_AND_ANTI_CD40_STIM_NIK_NFKB2_KO_DC_DN","83/4231","190/21355",5.21052669461967e-14,7.14148658733167e-13,1.41665319082539e-13
"GSE16451_CTRL_VS_WEST_EQUINE_ENC_VIRUS_IMMATURE_NEURON_CELL_LINE_DN","GSE16451_CTRL_VS_WEST_EQUINE_ENC_VIRUS_IMMATURE_NEURON_CELL_LINE_DN","86/4231","200/21355",5.5210545502043e-14,7.25664759598648e-13,1.43949762361602e-13
"GSE18203_CTRL_VS_INTRATUMORAL_CPG_INJ_MC38_TUMOR_DN","GSE18203_CTRL_VS_INTRATUMORAL_CPG_INJ_MC38_TUMOR_DN","86/4231","200/21355",5.5210545502043e-14,7.25664759598648e-13,1.43949762361602e-13
"GSE21360_PRIMARY_VS_TERTIARY_MEMORY_CD8_TCELL_UP","GSE21360_PRIMARY_VS_TERTIARY_MEMORY_CD8_TCELL_UP","86/4231","200/21355",5.5210545502043e-14,7.25664759598648e-13,1.43949762361602e-13
"GSE22886_UNSTIM_VS_STIM_MEMORY_TCELL_DN","GSE22886_UNSTIM_VS_STIM_MEMORY_TCELL_DN","86/4231","200/21355",5.5210545502043e-14,7.25664759598648e-13,1.43949762361602e-13
"GSE23984_CTRL_VS_HYPOCALEMIC_VITAMIND_ANALOG_TCELL_UP","GSE23984_CTRL_VS_HYPOCALEMIC_VITAMIND_ANALOG_TCELL_UP","86/4231","200/21355",5.5210545502043e-14,7.25664759598648e-13,1.43949762361602e-13
"GSE24142_EARLY_THYMIC_PROGENITOR_VS_DN2_THYMOCYTE_FETAL_UP","GSE24142_EARLY_THYMIC_PROGENITOR_VS_DN2_THYMOCYTE_FETAL_UP","86/4231","200/21355",5.5210545502043e-14,7.25664759598648e-13,1.43949762361602e-13
"GSE25088_IL4_VS_IL4_AND_ROSIGLITAZONE_STIM_MACROPHAGE_DAY10_DN","GSE25088_IL4_VS_IL4_AND_ROSIGLITAZONE_STIM_MACROPHAGE_DAY10_DN","86/4231","200/21355",5.5210545502043e-14,7.25664759598648e-13,1.43949762361602e-13
"GSE26343_WT_VS_NFAT5_KO_MACROPHAGE_LPS_STIM_UP","GSE26343_WT_VS_NFAT5_KO_MACROPHAGE_LPS_STIM_UP","86/4231","200/21355",5.5210545502043e-14,7.25664759598648e-13,1.43949762361602e-13
"GSE33162_UNTREATED_VS_4H_LPS_STIM_HDAC3_KO_MACROPHAGE_UP","GSE33162_UNTREATED_VS_4H_LPS_STIM_HDAC3_KO_MACROPHAGE_UP","86/4231","200/21355",5.5210545502043e-14,7.25664759598648e-13,1.43949762361602e-13
"GSE34392_ST2_KO_VS_WT_DAY8_LCMV_EFFECTOR_CD8_TCELL_UP","GSE34392_ST2_KO_VS_WT_DAY8_LCMV_EFFECTOR_CD8_TCELL_UP","86/4231","200/21355",5.5210545502043e-14,7.25664759598648e-13,1.43949762361602e-13
"GSE36078_WT_VS_IL1R_KO_LUNG_DC_AFTER_AD5_INF_UP","GSE36078_WT_VS_IL1R_KO_LUNG_DC_AFTER_AD5_INF_UP","86/4231","200/21355",5.5210545502043e-14,7.25664759598648e-13,1.43949762361602e-13
"GSE39820_CTRL_VS_TGFBETA3_IL6_CD4_TCELL_UP","GSE39820_CTRL_VS_TGFBETA3_IL6_CD4_TCELL_UP","86/4231","200/21355",5.5210545502043e-14,7.25664759598648e-13,1.43949762361602e-13
"GSE40666_WT_VS_STAT4_KO_CD8_TCELL_WITH_IFNA_STIM_90MIN_DN","GSE40666_WT_VS_STAT4_KO_CD8_TCELL_WITH_IFNA_STIM_90MIN_DN","86/4231","200/21355",5.5210545502043e-14,7.25664759598648e-13,1.43949762361602e-13
"GSE42021_TCONV_PLN_VS_TREG_PRECURSORS_THYMUS_DN","GSE42021_TCONV_PLN_VS_TREG_PRECURSORS_THYMUS_DN","86/4231","200/21355",5.5210545502043e-14,7.25664759598648e-13,1.43949762361602e-13
"GSE7852_LN_VS_FAT_TREG_DN","GSE7852_LN_VS_FAT_TREG_DN","86/4231","200/21355",5.5210545502043e-14,7.25664759598648e-13,1.43949762361602e-13
"KAECH_DAY8_EFF_VS_DAY15_EFF_CD8_TCELL_UP","KAECH_DAY8_EFF_VS_DAY15_EFF_CD8_TCELL_UP","86/4231","200/21355",5.5210545502043e-14,7.25664759598648e-13,1.43949762361602e-13
"GSE12366_GC_BCELL_VS_PLASMA_CELL_UP","GSE12366_GC_BCELL_VS_PLASMA_CELL_UP","85/4231","197/21355",6.1092867772305e-14,8.00925934017482e-13,1.58879284609091e-13
"GSE2706_2H_VS_8H_R848_STIM_DC_UP","GSE2706_2H_VS_8H_R848_STIM_DC_UP","84/4231","194/21355",6.74808884383856e-14,8.82415903406033e-13,1.7504440985897e-13
"GSE13547_2H_VS_12_H_ANTI_IGM_STIM_BCELL_UP","GSE13547_2H_VS_12_H_ANTI_IGM_STIM_BCELL_UP","78/4231","175/21355",8.09958075249201e-14,1.05644913326397e-12,2.09567296287861e-13
"GSE7509_UNSTIM_VS_TNFA_IL1B_IL6_PGE_STIM_DC_UP","GSE7509_UNSTIM_VS_TNFA_IL1B_IL6_PGE_STIM_DC_UP","82/4231","188/21355",8.1862311208452e-14,1.06504113516377e-12,2.1127168748962e-13
"GSE22886_NAIVE_CD4_TCELL_VS_NEUTROPHIL_DN","GSE22886_NAIVE_CD4_TCELL_VS_NEUTROPHIL_DN","85/4231","198/21355",8.64241819608389e-14,1.11589510511652e-12,2.21359564560971e-13
"GSE25088_ROSIGLITAZONE_VS_IL4_AND_ROSIGLITAZONE_STIM_STAT6_KO_MACROPHAGE_DAY10_UP","GSE25088_ROSIGLITAZONE_VS_IL4_AND_ROSIGLITAZONE_STIM_STAT6_KO_MACROPHAGE_DAY10_UP","85/4231","198/21355",8.64241819608389e-14,1.11589510511652e-12,2.21359564560971e-13
"GSE42724_NAIVE_BCELL_VS_PLASMABLAST_DN","GSE42724_NAIVE_BCELL_VS_PLASMABLAST_DN","85/4231","198/21355",8.64241819608389e-14,1.11589510511652e-12,2.21359564560971e-13
"GSE19888_CTRL_VS_A3R_INHIBITOR_TREATED_MAST_CELL_DN","GSE19888_CTRL_VS_A3R_INHIBITOR_TREATED_MAST_CELL_DN","84/4231","195/21355",9.57096397826345e-14,1.23268244604469e-12,2.44526612086816e-13
"NAKAYA_MYELOID_DENDRITIC_CELL_FLUARIX_FLUVIRIN_AGE_18_50YO_7DY_UP","NAKAYA_MYELOID_DENDRITIC_CELL_FLUARIX_FLUVIRIN_AGE_18_50YO_7DY_UP","142/4231","400/21355",1.10120767440133e-13,1.41473447092261e-12,2.80640182949923e-13
"NAKAYA_B_CELL_FLUARIX_FLUVIRIN_AGE_18_50YO_7DY_UP","NAKAYA_B_CELL_FLUARIX_FLUVIRIN_AGE_18_50YO_7DY_UP","133/4231","367/21355",1.14679000739422e-13,1.4696113944757e-12,2.91526091353374e-13
"GSE22140_HEALTHY_VS_ARTHRITIC_MOUSE_CD4_TCELL_UP","GSE22140_HEALTHY_VS_ARTHRITIC_MOUSE_CD4_TCELL_UP","85/4231","199/21355",1.21798967777201e-13,1.54158397240972e-12,3.05803256329504e-13
"GSE25085_FETAL_BM_VS_ADULT_BM_SP4_THYMIC_IMPLANT_DN","GSE25085_FETAL_BM_VS_ADULT_BM_SP4_THYMIC_IMPLANT_DN","85/4231","199/21355",1.21798967777201e-13,1.54158397240972e-12,3.05803256329504e-13
"GSE31082_CD4_VS_CD8_SP_THYMOCYTE_DN","GSE31082_CD4_VS_CD8_SP_THYMOCYTE_DN","85/4231","199/21355",1.21798967777201e-13,1.54158397240972e-12,3.05803256329504e-13
"GSE360_CTRL_VS_L_DONOVANI_DC_UP","GSE360_CTRL_VS_L_DONOVANI_DC_UP","85/4231","199/21355",1.21798967777201e-13,1.54158397240972e-12,3.05803256329504e-13
"GSE39556_CD8A_DC_VS_NK_CELL_MOUSE_3H_POST_POLYIC_INJ_DN","GSE39556_CD8A_DC_VS_NK_CELL_MOUSE_3H_POST_POLYIC_INJ_DN","85/4231","199/21355",1.21798967777201e-13,1.54158397240972e-12,3.05803256329504e-13
"GSE14000_4H_VS_16H_LPS_DC_TRANSLATED_RNA_UP","GSE14000_4H_VS_16H_LPS_DC_TRANSLATED_RNA_UP","84/4231","196/21355",1.35225686987118e-13,1.70730756526101e-12,3.38677764141966e-13
"GSE6259_FLT3L_INDUCED_DEC205_POS_DC_VS_BCELL_DN","GSE6259_FLT3L_INDUCED_DEC205_POS_DC_VS_BCELL_DN","76/4231","170/21355",1.38662041815039e-13,1.74211182927424e-12,3.45581868919835e-13
"GSE7768_OVA_WITH_LPS_VS_OVA_WITH_MPL_IMMUNIZED_MOUSE_WHOLE_SPLEEN_6H_DN","GSE7768_OVA_WITH_LPS_VS_OVA_WITH_MPL_IMMUNIZED_MOUSE_WHOLE_SPLEEN_6H_DN","76/4231","170/21355",1.38662041815039e-13,1.74211182927424e-12,3.45581868919835e-13
"GSE26488_CTRL_VS_PEPTIDE_INJECTION_OT2_THYMOCYTE_DN","GSE26488_CTRL_VS_PEPTIDE_INJECTION_OT2_THYMOCYTE_DN","80/4231","183/21355",1.41294065717921e-13,1.7708395620295e-12,3.51280575173111e-13
"GSE36888_UNTREATED_VS_IL2_TREATED_STAT5_AB_KNOCKIN_TCELL_17H_UP","GSE36888_UNTREATED_VS_IL2_TREATED_STAT5_AB_KNOCKIN_TCELL_17H_UP","82/4231","190/21355",1.65822530668894e-13,2.00601959973116e-12,3.97933123876276e-13
"GSE13522_WT_VS_IFNAR_KO_SKIN_DN","GSE13522_WT_VS_IFNAR_KO_SKIN_DN","78/4231","177/21355",1.69545481307373e-13,2.00601959973116e-12,3.97933123876276e-13
"GSE13547_WT_VS_ZFX_KO_BCELL_DN","GSE13547_WT_VS_ZFX_KO_BCELL_DN","78/4231","177/21355",1.69545481307373e-13,2.00601959973116e-12,3.97933123876276e-13
"GSE11864_CSF1_IFNG_VS_CSF1_PAM3CYS_IN_MAC_UP","GSE11864_CSF1_IFNG_VS_CSF1_PAM3CYS_IN_MAC_UP","85/4231","200/21355",1.71016497284923e-13,2.00601959973116e-12,3.97933123876276e-13
"GSE15930_NAIVE_VS_72H_IN_VITRO_STIM_IFNAB_CD8_TCELL_DN","GSE15930_NAIVE_VS_72H_IN_VITRO_STIM_IFNAB_CD8_TCELL_DN","85/4231","200/21355",1.71016497284923e-13,2.00601959973116e-12,3.97933123876276e-13
"GSE15930_STIM_VS_STIM_AND_TRICHOSTATINA_48H_CD8_T_CELL_DN","GSE15930_STIM_VS_STIM_AND_TRICHOSTATINA_48H_CD8_T_CELL_DN","85/4231","200/21355",1.71016497284923e-13,2.00601959973116e-12,3.97933123876276e-13
"GSE19401_UNSTIM_VS_RETINOIC_ACID_AND_PAM2CSK4_STIM_FOLLICULAR_DC_UP","GSE19401_UNSTIM_VS_RETINOIC_ACID_AND_PAM2CSK4_STIM_FOLLICULAR_DC_UP","85/4231","200/21355",1.71016497284923e-13,2.00601959973116e-12,3.97933123876276e-13
"GSE21670_UNTREATED_VS_TGFB_IL6_TREATED_STAT3_KO_CD4_TCELL_UP","GSE21670_UNTREATED_VS_TGFB_IL6_TREATED_STAT3_KO_CD4_TCELL_UP","85/4231","200/21355",1.71016497284923e-13,2.00601959973116e-12,3.97933123876276e-13
"GSE22103_LPS_VS_GMCSF_AND_IFNG_STIM_NEUTROPHIL_UP","GSE22103_LPS_VS_GMCSF_AND_IFNG_STIM_NEUTROPHIL_UP","85/4231","200/21355",1.71016497284923e-13,2.00601959973116e-12,3.97933123876276e-13
"GSE22601_IMMATURE_CD4_SINGLE_POSITIVE_VS_CD8_SINGLE_POSITIVE_THYMOCYTE_DN","GSE22601_IMMATURE_CD4_SINGLE_POSITIVE_VS_CD8_SINGLE_POSITIVE_THYMOCYTE_DN","85/4231","200/21355",1.71016497284923e-13,2.00601959973116e-12,3.97933123876276e-13
"GSE23505_IL6_IL1_VS_IL6_IL1_IL23_TREATED_CD4_TCELL_UP","GSE23505_IL6_IL1_VS_IL6_IL1_IL23_TREATED_CD4_TCELL_UP","85/4231","200/21355",1.71016497284923e-13,2.00601959973116e-12,3.97933123876276e-13
"GSE24142_EARLY_THYMIC_PROGENITOR_VS_DN2_THYMOCYTE_ADULT_UP","GSE24142_EARLY_THYMIC_PROGENITOR_VS_DN2_THYMOCYTE_ADULT_UP","85/4231","200/21355",1.71016497284923e-13,2.00601959973116e-12,3.97933123876276e-13
"GSE24142_EARLY_THYMIC_PROGENITOR_VS_DN3_THYMOCYTE_FETAL_UP","GSE24142_EARLY_THYMIC_PROGENITOR_VS_DN3_THYMOCYTE_FETAL_UP","85/4231","200/21355",1.71016497284923e-13,2.00601959973116e-12,3.97933123876276e-13
"GSE25123_CTRL_VS_IL4_STIM_MACROPHAGE_UP","GSE25123_CTRL_VS_IL4_STIM_MACROPHAGE_UP","85/4231","200/21355",1.71016497284923e-13,2.00601959973116e-12,3.97933123876276e-13
"GSE2770_IL4_ACT_VS_ACT_CD4_TCELL_2H_DN","GSE2770_IL4_ACT_VS_ACT_CD4_TCELL_2H_DN","85/4231","200/21355",1.71016497284923e-13,2.00601959973116e-12,3.97933123876276e-13
"GSE3039_CD4_TCELL_VS_NKT_CELL_DN","GSE3039_CD4_TCELL_VS_NKT_CELL_DN","85/4231","200/21355",1.71016497284923e-13,2.00601959973116e-12,3.97933123876276e-13
"GSE32164_RESTING_DIFFERENTIATED_VS_ALTERNATIVELY_ACT_M2_MACROPHAGE_DN","GSE32164_RESTING_DIFFERENTIATED_VS_ALTERNATIVELY_ACT_M2_MACROPHAGE_DN","85/4231","200/21355",1.71016497284923e-13,2.00601959973116e-12,3.97933123876276e-13
"GSE3337_CTRL_VS_4H_IFNG_IN_CD8POS_DC_UP","GSE3337_CTRL_VS_4H_IFNG_IN_CD8POS_DC_UP","85/4231","200/21355",1.71016497284923e-13,2.00601959973116e-12,3.97933123876276e-13
"GSE33425_CD161_HIGH_VS_INT_CD8_TCELL_DN","GSE33425_CD161_HIGH_VS_INT_CD8_TCELL_DN","85/4231","200/21355",1.71016497284923e-13,2.00601959973116e-12,3.97933123876276e-13
"GSE34205_HEALTHY_VS_FLU_INF_INFANT_PBMC_DN","GSE34205_HEALTHY_VS_FLU_INF_INFANT_PBMC_DN","85/4231","200/21355",1.71016497284923e-13,2.00601959973116e-12,3.97933123876276e-13
"GSE35685_CD34POS_CD10NEG_CD62LPOS_VS_CD34POS_CD10POS_BONE_MARROW_DN","GSE35685_CD34POS_CD10NEG_CD62LPOS_VS_CD34POS_CD10POS_BONE_MARROW_DN","85/4231","200/21355",1.71016497284923e-13,2.00601959973116e-12,3.97933123876276e-13
"GSE3982_DC_VS_TH1_UP","GSE3982_DC_VS_TH1_UP","85/4231","200/21355",1.71016497284923e-13,2.00601959973116e-12,3.97933123876276e-13
"GSE3982_DC_VS_TH2_UP","GSE3982_DC_VS_TH2_UP","85/4231","200/21355",1.71016497284923e-13,2.00601959973116e-12,3.97933123876276e-13
"GSE3982_EOSINOPHIL_VS_TH1_DN","GSE3982_EOSINOPHIL_VS_TH1_DN","85/4231","200/21355",1.71016497284923e-13,2.00601959973116e-12,3.97933123876276e-13
"GSE39820_CTRL_VS_TGFBETA1_IL6_CD4_TCELL_DN","GSE39820_CTRL_VS_TGFBETA1_IL6_CD4_TCELL_DN","85/4231","200/21355",1.71016497284923e-13,2.00601959973116e-12,3.97933123876276e-13
"GSE40666_UNTREATED_VS_IFNA_STIM_EFFECTOR_CD8_TCELL_90MIN_UP","GSE40666_UNTREATED_VS_IFNA_STIM_EFFECTOR_CD8_TCELL_90MIN_UP","85/4231","200/21355",1.71016497284923e-13,2.00601959973116e-12,3.97933123876276e-13
"GSE41867_DAY6_EFFECTOR_VS_DAY30_MEMORY_CD8_TCELL_LCMV_ARMSTRONG_UP","GSE41867_DAY6_EFFECTOR_VS_DAY30_MEMORY_CD8_TCELL_LCMV_ARMSTRONG_UP","85/4231","200/21355",1.71016497284923e-13,2.00601959973116e-12,3.97933123876276e-13
"GSE43863_NAIVE_VS_MEMORY_LY6C_INT_CXCR5POS_CD4_TCELL_D150_LCMV_UP","GSE43863_NAIVE_VS_MEMORY_LY6C_INT_CXCR5POS_CD4_TCELL_D150_LCMV_UP","85/4231","200/21355",1.71016497284923e-13,2.00601959973116e-12,3.97933123876276e-13
"GSE19888_ADENOSINE_A3R_INH_PRETREAT_AND_ACT_BY_A3R_VS_A3R_INH_AND_TCELL_MEMBRANES_ACT_MAST_CELL_UP","GSE19888_ADENOSINE_A3R_INH_PRETREAT_AND_ACT_BY_A3R_VS_A3R_INH_AND_TCELL_MEMBRANES_ACT_MAST_CELL_UP","83/4231","194/21355",2.11489713702532e-13,2.4638551646345e-12,4.88753740279057e-13
"GSE2706_UNSTIM_VS_2H_R848_DC_DN","GSE2706_UNSTIM_VS_2H_R848_DC_DN","83/4231","194/21355",2.11489713702532e-13,2.4638551646345e-12,4.88753740279057e-13
"GSE36888_UNTREATED_VS_IL2_TREATED_STAT5_AB_KNOCKIN_TCELL_6H_UP","GSE36888_UNTREATED_VS_IL2_TREATED_STAT5_AB_KNOCKIN_TCELL_6H_UP","83/4231","194/21355",2.11489713702532e-13,2.4638551646345e-12,4.88753740279057e-13
"GSE37301_PRO_BCELL_VS_GRANULOCYTE_MONOCYTE_PROGENITOR_DN","GSE37301_PRO_BCELL_VS_GRANULOCYTE_MONOCYTE_PROGENITOR_DN","77/4231","175/21355",2.66856723285515e-13,3.08134781804251e-12,6.11245455003195e-13
"GSE12366_GC_VS_NAIVE_BCELL_UP","GSE12366_GC_VS_NAIVE_BCELL_UP","84/4231","198/21355",2.66897860165991e-13,3.08134781804251e-12,6.11245455003195e-13
"GSE22611_NOD2_VS_CTRL_TRANSDUCED_HEK293T_CELL_DN","GSE22611_NOD2_VS_CTRL_TRANSDUCED_HEK293T_CELL_DN","84/4231","198/21355",2.66897860165991e-13,3.08134781804251e-12,6.11245455003195e-13
"GSE5542_UNTREATED_VS_IFNG_TREATED_EPITHELIAL_CELLS_24H_UP","GSE5542_UNTREATED_VS_IFNG_TREATED_EPITHELIAL_CELLS_24H_UP","84/4231","198/21355",2.66897860165991e-13,3.08134781804251e-12,6.11245455003195e-13
"GSE17322_CD103_POS_VS_CD11B_HIGH_LUNG_DC_UP","GSE17322_CD103_POS_VS_CD11B_HIGH_LUNG_DC_UP","83/4231","195/21355",2.97291018482455e-13,3.42452530503611e-12,6.79321404740513e-13
"GSE6259_CD4_TCELL_VS_CD8_TCELL_DN","GSE6259_CD4_TCELL_VS_CD8_TCELL_DN","79/4231","182/21355",3.16739451027723e-13,3.64037315239486e-12,7.22139036329431e-13
"GSE17301_ACD3_ACD28_VS_ACD3_ACD28_AND_IFNA2_STIM_CD8_TCELL_UP","GSE17301_ACD3_ACD28_VS_ACD3_ACD28_AND_IFNA2_STIM_CD8_TCELL_UP","84/4231","199/21355",3.7288313808475e-13,4.24755325738318e-12,8.42585055882735e-13
"GSE2770_UNTREATED_VS_IL4_TREATED_ACT_CD4_TCELL_48H_DN","GSE2770_UNTREATED_VS_IL4_TREATED_ACT_CD4_TCELL_48H_DN","84/4231","199/21355",3.7288313808475e-13,4.24755325738318e-12,8.42585055882735e-13
"GSE31082_DP_VS_CD4_SP_THYMOCYTE_UP","GSE31082_DP_VS_CD4_SP_THYMOCYTE_UP","84/4231","199/21355",3.7288313808475e-13,4.24755325738318e-12,8.42585055882735e-13
"GSE32986_CURDLAN_HIGHDOSE_VS_GMCSF_AND_CURDLAN_HIGHDOSE_STIM_DC_UP","GSE32986_CURDLAN_HIGHDOSE_VS_GMCSF_AND_CURDLAN_HIGHDOSE_STIM_DC_UP","84/4231","199/21355",3.7288313808475e-13,4.24755325738318e-12,8.42585055882735e-13
"GOLDRATH_NAIVE_VS_MEMORY_CD8_TCELL_UP","GOLDRATH_NAIVE_VS_MEMORY_CD8_TCELL_UP","84/4231","200/21355",5.19062429698431e-13,5.55472654412141e-12,1.10188837949387e-12
"GSE11961_FOLLICULAR_BCELL_VS_GERMINAL_CENTER_BCELL_DAY40_DN","GSE11961_FOLLICULAR_BCELL_VS_GERMINAL_CENTER_BCELL_DAY40_DN","84/4231","200/21355",5.19062429698431e-13,5.55472654412141e-12,1.10188837949387e-12
"GSE13522_CTRL_VS_T_CRUZI_Y_STRAIN_INF_SKIN_IFNAR_KO_DN","GSE13522_CTRL_VS_T_CRUZI_Y_STRAIN_INF_SKIN_IFNAR_KO_DN","84/4231","200/21355",5.19062429698431e-13,5.55472654412141e-12,1.10188837949387e-12
"GSE14769_UNSTIM_VS_360MIN_LPS_BMDM_UP","GSE14769_UNSTIM_VS_360MIN_LPS_BMDM_UP","84/4231","200/21355",5.19062429698431e-13,5.55472654412141e-12,1.10188837949387e-12
"GSE15330_WT_VS_IKAROS_KO_GRANULOCYTE_MONOCYTE_PROGENITOR_DN","GSE15330_WT_VS_IKAROS_KO_GRANULOCYTE_MONOCYTE_PROGENITOR_DN","84/4231","200/21355",5.19062429698431e-13,5.55472654412141e-12,1.10188837949387e-12
"GSE15767_MED_VS_SCS_MAC_LN_UP","GSE15767_MED_VS_SCS_MAC_LN_UP","84/4231","200/21355",5.19062429698431e-13,5.55472654412141e-12,1.10188837949387e-12
"GSE19198_1H_VS_6H_IL21_TREATED_TCELL_DN","GSE19198_1H_VS_6H_IL21_TREATED_TCELL_DN","84/4231","200/21355",5.19062429698431e-13,5.55472654412141e-12,1.10188837949387e-12
"GSE21360_PRIMARY_VS_TERTIARY_MEMORY_CD8_TCELL_DN","GSE21360_PRIMARY_VS_TERTIARY_MEMORY_CD8_TCELL_DN","84/4231","200/21355",5.19062429698431e-13,5.55472654412141e-12,1.10188837949387e-12
"GSE22432_CDC_VS_COMMON_DC_PROGENITOR_UP","GSE22432_CDC_VS_COMMON_DC_PROGENITOR_UP","84/4231","200/21355",5.19062429698431e-13,5.55472654412141e-12,1.10188837949387e-12
"GSE22432_MULTIPOTENT_PROGENITOR_VS_CDC_DN","GSE22432_MULTIPOTENT_PROGENITOR_VS_CDC_DN","84/4231","200/21355",5.19062429698431e-13,5.55472654412141e-12,1.10188837949387e-12
"GSE23568_CTRL_TRANSDUCED_VS_WT_CD8_TCELL_UP","GSE23568_CTRL_TRANSDUCED_VS_WT_CD8_TCELL_UP","84/4231","200/21355",5.19062429698431e-13,5.55472654412141e-12,1.10188837949387e-12
"GSE2405_HEAT_KILLED_LYSATE_VS_LIVE_A_PHAGOCYTOPHILUM_STIM_NEUTROPHIL_24H_UP","GSE2405_HEAT_KILLED_LYSATE_VS_LIVE_A_PHAGOCYTOPHILUM_STIM_NEUTROPHIL_24H_UP","84/4231","200/21355",5.19062429698431e-13,5.55472654412141e-12,1.10188837949387e-12
"GSE24634_NAIVE_CD4_TCELL_VS_DAY3_IL4_CONV_TREG_DN","GSE24634_NAIVE_CD4_TCELL_VS_DAY3_IL4_CONV_TREG_DN","84/4231","200/21355",5.19062429698431e-13,5.55472654412141e-12,1.10188837949387e-12
"GSE24726_WT_VS_E2_22_KO_PDC_DAY4_POST_DELETION_DN","GSE24726_WT_VS_E2_22_KO_PDC_DAY4_POST_DELETION_DN","84/4231","200/21355",5.19062429698431e-13,5.55472654412141e-12,1.10188837949387e-12
"GSE26030_UNSTIM_VS_RESTIM_TH1_DAY15_POST_POLARIZATION_UP","GSE26030_UNSTIM_VS_RESTIM_TH1_DAY15_POST_POLARIZATION_UP","84/4231","200/21355",5.19062429698431e-13,5.55472654412141e-12,1.10188837949387e-12
"GSE2770_IL4_ACT_VS_ACT_CD4_TCELL_2H_UP","GSE2770_IL4_ACT_VS_ACT_CD4_TCELL_2H_UP","84/4231","200/21355",5.19062429698431e-13,5.55472654412141e-12,1.10188837949387e-12
"GSE3039_CD4_TCELL_VS_ALPHAALPHA_CD8_TCELL_UP","GSE3039_CD4_TCELL_VS_ALPHAALPHA_CD8_TCELL_UP","84/4231","200/21355",5.19062429698431e-13,5.55472654412141e-12,1.10188837949387e-12
"GSE33425_CD161_INT_VS_NEG_CD8_TCELL_DN","GSE33425_CD161_INT_VS_NEG_CD8_TCELL_DN","84/4231","200/21355",5.19062429698431e-13,5.55472654412141e-12,1.10188837949387e-12
"GSE37532_WT_VS_PPARG_KO_VISCERAL_ADIPOSE_TISSUE_TCONV_DN","GSE37532_WT_VS_PPARG_KO_VISCERAL_ADIPOSE_TISSUE_TCONV_DN","84/4231","200/21355",5.19062429698431e-13,5.55472654412141e-12,1.10188837949387e-12
"GSE39556_UNTREATED_VS_3H_POLYIC_INJ_MOUSE_NK_CELL_UP","GSE39556_UNTREATED_VS_3H_POLYIC_INJ_MOUSE_NK_CELL_UP","84/4231","200/21355",5.19062429698431e-13,5.55472654412141e-12,1.10188837949387e-12
"GSE41176_WT_VS_TAK1_KO_ANTI_IGM_STIM_BCELL_24H_DN","GSE41176_WT_VS_TAK1_KO_ANTI_IGM_STIM_BCELL_24H_DN","84/4231","200/21355",5.19062429698431e-13,5.55472654412141e-12,1.10188837949387e-12
"GSE42021_TREG_PLN_VS_CD24HI_TREG_THYMUS_DN","GSE42021_TREG_PLN_VS_CD24HI_TREG_THYMUS_DN","84/4231","200/21355",5.19062429698431e-13,5.55472654412141e-12,1.10188837949387e-12
"GSE42088_UNINF_VS_LEISHMANIA_INF_DC_2H_DN","GSE42088_UNINF_VS_LEISHMANIA_INF_DC_2H_DN","84/4231","200/21355",5.19062429698431e-13,5.55472654412141e-12,1.10188837949387e-12
"GSE43863_DAY6_EFF_VS_DAY150_MEM_LY6C_INT_CXCR5POS_CD4_TCELL_UP","GSE43863_DAY6_EFF_VS_DAY150_MEM_LY6C_INT_CXCR5POS_CD4_TCELL_UP","84/4231","200/21355",5.19062429698431e-13,5.55472654412141e-12,1.10188837949387e-12
"GSE43863_DAY6_EFF_VS_DAY150_MEM_TH1_CD4_TCELL_UP","GSE43863_DAY6_EFF_VS_DAY150_MEM_TH1_CD4_TCELL_UP","84/4231","200/21355",5.19062429698431e-13,5.55472654412141e-12,1.10188837949387e-12
"GSE43955_TGFB_IL6_VS_TGFB_IL6_IL23_TH17_ACT_CD4_TCELL_52H_DN","GSE43955_TGFB_IL6_VS_TGFB_IL6_IL23_TH17_ACT_CD4_TCELL_52H_DN","84/4231","200/21355",5.19062429698431e-13,5.55472654412141e-12,1.10188837949387e-12
"GSE5589_IL6_KO_VS_IL10_KO_LPS_AND_IL6_STIM_MACROPHAGE_45MIN_UP","GSE5589_IL6_KO_VS_IL10_KO_LPS_AND_IL6_STIM_MACROPHAGE_45MIN_UP","84/4231","200/21355",5.19062429698431e-13,5.55472654412141e-12,1.10188837949387e-12
"GSE5589_UNSTIM_VS_45MIN_LPS_AND_IL6_STIM_MACROPHAGE_UP","GSE5589_UNSTIM_VS_45MIN_LPS_AND_IL6_STIM_MACROPHAGE_UP","84/4231","200/21355",5.19062429698431e-13,5.55472654412141e-12,1.10188837949387e-12
"GSE5589_WT_VS_IL10_KO_LPS_AND_IL10_STIM_MACROPHAGE_45MIN_UP","GSE5589_WT_VS_IL10_KO_LPS_AND_IL10_STIM_MACROPHAGE_45MIN_UP","84/4231","200/21355",5.19062429698431e-13,5.55472654412141e-12,1.10188837949387e-12
"GSE21360_NAIVE_VS_SECONDARY_MEMORY_CD8_TCELL_DN","GSE21360_NAIVE_VS_SECONDARY_MEMORY_CD8_TCELL_DN","77/4231","177/21355",5.47471816194848e-13,5.84654277044748e-12,1.15977582114961e-12
"GSE37416_0H_VS_48H_F_TULARENSIS_LVS_NEUTROPHIL_UP","GSE37416_0H_VS_48H_F_TULARENSIS_LVS_NEUTROPHIL_UP","83/4231","197/21355",5.8087174847854e-13,6.17748668610165e-12,1.22542500334193e-12
"GSE3982_DC_VS_NEUTROPHIL_DN","GSE3982_DC_VS_NEUTROPHIL_DN","83/4231","197/21355",5.8087174847854e-13,6.17748668610165e-12,1.22542500334193e-12
"GSE9988_ANTI_TREM1_VS_VEHICLE_TREATED_MONOCYTES_UP","GSE9988_ANTI_TREM1_VS_VEHICLE_TREATED_MONOCYTES_UP","82/4231","194/21355",6.49099116076105e-13,6.88878275156545e-12,1.36652445489706e-12
"NAKAYA_PBMC_FLUARIX_FLUVIRIN_AGE_18_50YO_7DY_DN","NAKAYA_PBMC_FLUARIX_FLUVIRIN_AGE_18_50YO_7DY_DN","106/4231","277/21355",7.22647240844526e-13,7.65349123258067e-12,1.51821930112182e-12
"VAN_DEN_BIGGELAAR_PBMC_PREVNAR_9MO_INFANT_STIMULATED_VS_UNSTIMULATED_9MO_UP","VAN_DEN_BIGGELAAR_PBMC_PREVNAR_9MO_INFANT_STIMULATED_VS_UNSTIMULATED_9MO_UP","61/4231","127/21355",7.43376967346293e-13,7.8568048136435e-12,1.55855051645473e-12
"GSE45365_NK_CELL_VS_BCELL_UP","GSE45365_NK_CELL_VS_BCELL_UP","83/4231","198/21355",8.07478989608439e-13,8.5167434171458e-12,1.68946221347575e-12
"GSE37301_PRO_BCELL_VS_RAG2_KO_NK_CELL_DN","GSE37301_PRO_BCELL_VS_RAG2_KO_NK_CELL_DN","77/4231","179/21355",1.10397583836366e-12,1.15354577236278e-11,2.28828308951772e-12
"GSE15330_WT_VS_IKAROS_KO_HSC_DN","GSE15330_WT_VS_IKAROS_KO_HSC_DN","83/4231","199/21355",1.11843981440558e-12,1.15354577236278e-11,2.28828308951772e-12
"GSE22432_CDC_VS_COMMON_DC_PROGENITOR_DN","GSE22432_CDC_VS_COMMON_DC_PROGENITOR_DN","83/4231","199/21355",1.11843981440558e-12,1.15354577236278e-11,2.28828308951772e-12
"GSE23398_WT_VS_IL2_KO_CD4_TCELL_SCURFY_MOUSE_UP","GSE23398_WT_VS_IL2_KO_CD4_TCELL_SCURFY_MOUSE_UP","83/4231","199/21355",1.11843981440558e-12,1.15354577236278e-11,2.28828308951772e-12
"GSE26156_DOUBLE_POSITIVE_VS_CD4_SINGLE_POSITIVE_THYMOCYTE_DN","GSE26156_DOUBLE_POSITIVE_VS_CD4_SINGLE_POSITIVE_THYMOCYTE_DN","83/4231","199/21355",1.11843981440558e-12,1.15354577236278e-11,2.28828308951772e-12
"GSE28726_ACT_CD4_TCELL_VS_ACT_NKTCELL_DN","GSE28726_ACT_CD4_TCELL_VS_ACT_NKTCELL_DN","83/4231","199/21355",1.11843981440558e-12,1.15354577236278e-11,2.28828308951772e-12
"GSE32986_GMCSF_AND_CURDLAN_LOWDOSE_VS_GMCSF_AND_CURDLAN_HIGHDOSE_STIM_DC_UP","GSE32986_GMCSF_AND_CURDLAN_LOWDOSE_VS_GMCSF_AND_CURDLAN_HIGHDOSE_STIM_DC_UP","83/4231","199/21355",1.11843981440558e-12,1.15354577236278e-11,2.28828308951772e-12
"GSE3720_UNSTIM_VS_PMA_STIM_VD2_GAMMADELTA_TCELL_DN","GSE3720_UNSTIM_VS_PMA_STIM_VD2_GAMMADELTA_TCELL_DN","83/4231","199/21355",1.11843981440558e-12,1.15354577236278e-11,2.28828308951772e-12
"GSE37533_UNTREATED_VS_PIOGLIZATONE_TREATED_CD4_TCELL_PPARG1_AND_FOXP3_TRASDUCED_UP","GSE37533_UNTREATED_VS_PIOGLIZATONE_TREATED_CD4_TCELL_PPARG1_AND_FOXP3_TRASDUCED_UP","83/4231","199/21355",1.11843981440558e-12,1.15354577236278e-11,2.28828308951772e-12
"GSE7831_1H_VS_4H_CPG_STIM_PDC_DN","GSE7831_1H_VS_4H_CPG_STIM_PDC_DN","83/4231","199/21355",1.11843981440558e-12,1.15354577236278e-11,2.28828308951772e-12
"GSE8921_UNSTIM_0H_VS_TLR1_2_STIM_MONOCYTE_12H_UP","GSE8921_UNSTIM_0H_VS_TLR1_2_STIM_MONOCYTE_12H_UP","83/4231","199/21355",1.11843981440558e-12,1.15354577236278e-11,2.28828308951772e-12
"GSE37301_HEMATOPOIETIC_STEM_CELL_VS_GRAN_MONO_PROGENITOR_DN","GSE37301_HEMATOPOIETIC_STEM_CELL_VS_GRAN_MONO_PROGENITOR_DN","76/4231","176/21355",1.22109216365532e-12,1.25689125118417e-11,2.49328900885866e-12
"GSE37605_C57BL6_VS_NOD_FOXP3_FUSION_GFP_TCONV_DN","GSE37605_C57BL6_VS_NOD_FOXP3_FUSION_GFP_TCONV_DN","79/4231","186/21355",1.25942663268996e-12,1.29197843667399e-11,2.56289128658248e-12
"PATEL_SKIN_OF_BODY_ZOSTAVAX_AGE_70_93YO_VZV_CHALLENGE_3DY_UP","PATEL_SKIN_OF_BODY_ZOSTAVAX_AGE_70_93YO_VZV_CHALLENGE_3DY_UP","55/4231","110/21355",1.26022087073155e-12,1.29197843667399e-11,2.56289128658248e-12
"GSE10239_NAIVE_VS_KLRG1HIGH_EFF_CD8_TCELL_DN","GSE10239_NAIVE_VS_KLRG1HIGH_EFF_CD8_TCELL_DN","83/4231","200/21355",1.54363915569358e-12,1.50146002126856e-11,2.97843887825827e-12
"GSE1432_1H_VS_24H_IFNG_MICROGLIA_UP","GSE1432_1H_VS_24H_IFNG_MICROGLIA_UP","83/4231","200/21355",1.54363915569358e-12,1.50146002126856e-11,2.97843887825827e-12
"GSE15735_2H_VS_12H_HDAC_INHIBITOR_TREATED_CD4_TCELL_DN","GSE15735_2H_VS_12H_HDAC_INHIBITOR_TREATED_CD4_TCELL_DN","83/4231","200/21355",1.54363915569358e-12,1.50146002126856e-11,2.97843887825827e-12
"GSE16385_ROSIGLITAZONE_IL4_VS_ROSIGLITAZONE_ALONE_STIM_MACROPHAGE_DN","GSE16385_ROSIGLITAZONE_IL4_VS_ROSIGLITAZONE_ALONE_STIM_MACROPHAGE_DN","83/4231","200/21355",1.54363915569358e-12,1.50146002126856e-11,2.97843887825827e-12
"GSE17721_CTRL_VS_POLYIC_1H_BMDC_UP","GSE17721_CTRL_VS_POLYIC_1H_BMDC_UP","83/4231","200/21355",1.54363915569358e-12,1.50146002126856e-11,2.97843887825827e-12
"GSE18893_TCONV_VS_TREG_24H_CULTURE_UP","GSE18893_TCONV_VS_TREG_24H_CULTURE_UP","83/4231","200/21355",1.54363915569358e-12,1.50146002126856e-11,2.97843887825827e-12
"GSE20727_CTRL_VS_DNFB_ALLERGEN_TREATED_DC_UP","GSE20727_CTRL_VS_DNFB_ALLERGEN_TREATED_DC_UP","83/4231","200/21355",1.54363915569358e-12,1.50146002126856e-11,2.97843887825827e-12
"GSE24726_WT_VS_E2_2_KO_PDC_DAY4_POST_DELETION_UP","GSE24726_WT_VS_E2_2_KO_PDC_DAY4_POST_DELETION_UP","83/4231","200/21355",1.54363915569358e-12,1.50146002126856e-11,2.97843887825827e-12
"GSE24726_WT_VS_E2_2_KO_PDC_UP","GSE24726_WT_VS_E2_2_KO_PDC_UP","83/4231","200/21355",1.54363915569358e-12,1.50146002126856e-11,2.97843887825827e-12
"GSE26030_UNSTIM_VS_RESTIM_TH1_DAY5_POST_POLARIZATION_UP","GSE26030_UNSTIM_VS_RESTIM_TH1_DAY5_POST_POLARIZATION_UP","83/4231","200/21355",1.54363915569358e-12,1.50146002126856e-11,2.97843887825827e-12
"GSE26343_UNSTIM_VS_LPS_STIM_NFAT5_KO_MACROPHAGE_DN","GSE26343_UNSTIM_VS_LPS_STIM_NFAT5_KO_MACROPHAGE_DN","83/4231","200/21355",1.54363915569358e-12,1.50146002126856e-11,2.97843887825827e-12
"GSE2770_UNTREATED_VS_IL4_TREATED_ACT_CD4_TCELL_6H_DN","GSE2770_UNTREATED_VS_IL4_TREATED_ACT_CD4_TCELL_6H_DN","83/4231","200/21355",1.54363915569358e-12,1.50146002126856e-11,2.97843887825827e-12
"GSE29164_UNTREATED_VS_CD8_TCELL_AND_IL12_TREATED_MELANOMA_DAY3_DN","GSE29164_UNTREATED_VS_CD8_TCELL_AND_IL12_TREATED_MELANOMA_DAY3_DN","83/4231","200/21355",1.54363915569358e-12,1.50146002126856e-11,2.97843887825827e-12
"GSE32533_MIR17_KO_VS_MIR17_OVEREXPRESS_ACT_CD4_TCELL_UP","GSE32533_MIR17_KO_VS_MIR17_OVEREXPRESS_ACT_CD4_TCELL_UP","83/4231","200/21355",1.54363915569358e-12,1.50146002126856e-11,2.97843887825827e-12
"GSE360_CTRL_VS_L_DONOVANI_MAC_UP","GSE360_CTRL_VS_L_DONOVANI_MAC_UP","83/4231","200/21355",1.54363915569358e-12,1.50146002126856e-11,2.97843887825827e-12
"GSE360_DC_VS_MAC_B_MALAYI_HIGH_DOSE_DN","GSE360_DC_VS_MAC_B_MALAYI_HIGH_DOSE_DN","83/4231","200/21355",1.54363915569358e-12,1.50146002126856e-11,2.97843887825827e-12
"GSE36078_UNTREATED_VS_AD5_INF_MOUSE_LUNG_DC_DN","GSE36078_UNTREATED_VS_AD5_INF_MOUSE_LUNG_DC_DN","83/4231","200/21355",1.54363915569358e-12,1.50146002126856e-11,2.97843887825827e-12
"GSE36078_UNTREATED_VS_AD5_T425A_HEXON_INF_MOUSE_LUNG_DC_DN","GSE36078_UNTREATED_VS_AD5_T425A_HEXON_INF_MOUSE_LUNG_DC_DN","83/4231","200/21355",1.54363915569358e-12,1.50146002126856e-11,2.97843887825827e-12
"GSE36476_CTRL_VS_TSST_ACT_16H_MEMORY_CD4_TCELL_OLD_DN","GSE36476_CTRL_VS_TSST_ACT_16H_MEMORY_CD4_TCELL_OLD_DN","83/4231","200/21355",1.54363915569358e-12,1.50146002126856e-11,2.97843887825827e-12
"GSE39110_UNTREATED_VS_IL2_TREATED_CD8_TCELL_DAY3_POST_IMMUNIZATION_DN","GSE39110_UNTREATED_VS_IL2_TREATED_CD8_TCELL_DAY3_POST_IMMUNIZATION_DN","83/4231","200/21355",1.54363915569358e-12,1.50146002126856e-11,2.97843887825827e-12
"GSE39110_UNTREATED_VS_IL2_TREATED_CD8_TCELL_DAY6_POST_IMMUNIZATION_UP","GSE39110_UNTREATED_VS_IL2_TREATED_CD8_TCELL_DAY6_POST_IMMUNIZATION_UP","83/4231","200/21355",1.54363915569358e-12,1.50146002126856e-11,2.97843887825827e-12
"GSE3982_MAC_VS_CENT_MEMORY_CD4_TCELL_UP","GSE3982_MAC_VS_CENT_MEMORY_CD4_TCELL_UP","83/4231","200/21355",1.54363915569358e-12,1.50146002126856e-11,2.97843887825827e-12
"GSE411_WT_VS_SOCS3_KO_MACROPHAGE_IL6_STIM_100MIN_UP","GSE411_WT_VS_SOCS3_KO_MACROPHAGE_IL6_STIM_100MIN_UP","83/4231","200/21355",1.54363915569358e-12,1.50146002126856e-11,2.97843887825827e-12
"GSE43260_BTLA_POS_VS_NEG_INTRATUMORAL_CD8_TCELL_UP","GSE43260_BTLA_POS_VS_NEG_INTRATUMORAL_CD8_TCELL_UP","83/4231","200/21355",1.54363915569358e-12,1.50146002126856e-11,2.97843887825827e-12
"GSE46606_IRF4_KO_VS_WT_UNSTIM_BCELL_DN","GSE46606_IRF4_KO_VS_WT_UNSTIM_BCELL_DN","83/4231","200/21355",1.54363915569358e-12,1.50146002126856e-11,2.97843887825827e-12
"GSE6674_ANTI_IGM_VS_CPG_STIM_BCELL_UP","GSE6674_ANTI_IGM_VS_CPG_STIM_BCELL_UP","83/4231","200/21355",1.54363915569358e-12,1.50146002126856e-11,2.97843887825827e-12
"KAECH_NAIVE_VS_DAY15_EFF_CD8_TCELL_DN","KAECH_NAIVE_VS_DAY15_EFF_CD8_TCELL_DN","83/4231","200/21355",1.54363915569358e-12,1.50146002126856e-11,2.97843887825827e-12
"GSE40274_CTRL_VS_FOXP3_AND_HELIOS_TRANSDUCED_ACTIVATED_CD4_TCELL_UP","GSE40274_CTRL_VS_FOXP3_AND_HELIOS_TRANSDUCED_ACTIVATED_CD4_TCELL_UP","82/4231","197/21355",1.73646490534214e-12,1.68581801226966e-11,3.34414892057517e-12
"GARCIA_PINERES_PBMC_HPV_16_L1_VLP_AGE_18_25YO_2MO_UP","GARCIA_PINERES_PBMC_HPV_16_L1_VLP_AGE_18_25YO_2MO_UP","118/4231","324/21355",1.89153249619418e-12,1.83289141313636e-11,3.63589770435494e-12
"GSE21360_PRIMARY_VS_QUATERNARY_MEMORY_CD8_TCELL_UP","GSE21360_PRIMARY_VS_QUATERNARY_MEMORY_CD8_TCELL_UP","75/4231","174/21355",1.91305031276797e-12,1.85024451004691e-11,3.67032095756477e-12
"GSE35825_UNTREATED_VS_IFNG_STIM_MACROPHAGE_DN","GSE35825_UNTREATED_VS_IFNG_STIM_MACROPHAGE_DN","77/4231","181/21355",2.18927527618874e-12,2.11341338337918e-11,4.19236776052794e-12
"GSE12003_4D_VS_8D_CULTURE_MIR223_KO_BM_PROGENITOR_DN","GSE12003_4D_VS_8D_CULTURE_MIR223_KO_BM_PROGENITOR_DN","73/4231","168/21355",2.33055225641358e-12,2.24556595232632e-11,4.45451816322818e-12
"GSE13738_RESTING_VS_BYSTANDER_ACTIVATED_CD4_TCELL_DN","GSE13738_RESTING_VS_BYSTANDER_ACTIVATED_CD4_TCELL_DN","82/4231","198/21355",2.3931618457745e-12,2.28442227587339e-11,4.53159726162535e-12
"GSE16450_IMMATURE_VS_MATURE_NEURON_CELL_LINE_DN","GSE16450_IMMATURE_VS_MATURE_NEURON_CELL_LINE_DN","82/4231","198/21355",2.3931618457745e-12,2.28442227587339e-11,4.53159726162535e-12
"GSE2706_UNSTIM_VS_8H_LPS_AND_R848_DC_UP","GSE2706_UNSTIM_VS_8H_LPS_AND_R848_DC_UP","82/4231","198/21355",2.3931618457745e-12,2.28442227587339e-11,4.53159726162535e-12
"GSE2770_IL4_ACT_VS_ACT_CD4_TCELL_6H_UP","GSE2770_IL4_ACT_VS_ACT_CD4_TCELL_6H_UP","82/4231","198/21355",2.3931618457745e-12,2.28442227587339e-11,4.53159726162535e-12
"GSE29618_BCELL_VS_PDC_DN","GSE29618_BCELL_VS_PDC_DN","82/4231","198/21355",2.3931618457745e-12,2.28442227587339e-11,4.53159726162535e-12
"GSE15330_LYMPHOID_MULTIPOTENT_VS_MEGAKARYOCYTE_ERYTHROID_PROGENITOR_IKAROS_KO_DN","GSE15330_LYMPHOID_MULTIPOTENT_VS_MEGAKARYOCYTE_ERYTHROID_PROGENITOR_IKAROS_KO_DN","76/4231","178/21355",2.43499474622104e-12,2.31572969742654e-11,4.59370164017094e-12
"GSE15330_MEGAKARYOCYTE_ERYTHROID_VS_GRANULOCYTE_MONOCYTE_PROGENITOR_UP","GSE15330_MEGAKARYOCYTE_ERYTHROID_VS_GRANULOCYTE_MONOCYTE_PROGENITOR_UP","76/4231","178/21355",2.43499474622104e-12,2.31572969742654e-11,4.59370164017094e-12
"GSE19941_IL10_KO_VS_IL10_KO_AND_NFKBP50_KO_LPS_AND_IL10_STIM_MACROPHAGE_DN","GSE19941_IL10_KO_VS_IL10_KO_AND_NFKBP50_KO_LPS_AND_IL10_STIM_MACROPHAGE_DN","72/4231","165/21355",2.56395111243321e-12,2.42935552723339e-11,4.81910064132791e-12
"GSE37532_VISCERAL_ADIPOSE_TISSUE_VS_LN_DERIVED_PPARG_KO_TCONV_CD4_TCELL_UP","GSE37532_VISCERAL_ADIPOSE_TISSUE_VS_LN_DERIVED_PPARG_KO_TCONV_CD4_TCELL_UP","72/4231","165/21355",2.56395111243321e-12,2.42935552723339e-11,4.81910064132791e-12
"GSE37416_CTRL_VS_3H_F_TULARENSIS_LVS_NEUTROPHIL_UP","GSE37416_CTRL_VS_3H_F_TULARENSIS_LVS_NEUTROPHIL_UP","81/4231","195/21355",2.69439232234011e-12,2.54823893806557e-11,5.05492908017196e-12
"GSE19941_LPS_VS_LPS_AND_IL10_STIM_IL10_KO_MACROPHAGE_UP","GSE19941_LPS_VS_LPS_AND_IL10_STIM_IL10_KO_MACROPHAGE_UP","77/4231","182/21355",3.0642064129444e-12,2.89265599866538e-11,5.73814751362662e-12
"GSE14769_UNSTIM_VS_120MIN_LPS_BMDM_UP","GSE14769_UNSTIM_VS_120MIN_LPS_BMDM_UP","82/4231","199/21355",3.28655677374244e-12,3.06865027726844e-11,6.08726650069063e-12
"GSE22140_GERMFREE_VS_SPF_ARTHRITIC_MOUSE_CD4_TCELL_DN","GSE22140_GERMFREE_VS_SPF_ARTHRITIC_MOUSE_CD4_TCELL_DN","82/4231","199/21355",3.28655677374244e-12,3.06865027726844e-11,6.08726650069063e-12
"GSE22886_NAIVE_TCELL_VS_NEUTROPHIL_DN","GSE22886_NAIVE_TCELL_VS_NEUTROPHIL_DN","82/4231","199/21355",3.28655677374244e-12,3.06865027726844e-11,6.08726650069063e-12
"GSE2405_HEAT_KILLED_LYSATE_VS_LIVE_A_PHAGOCYTOPHILUM_STIM_NEUTROPHIL_9H_UP","GSE2405_HEAT_KILLED_LYSATE_VS_LIVE_A_PHAGOCYTOPHILUM_STIM_NEUTROPHIL_9H_UP","82/4231","199/21355",3.28655677374244e-12,3.06865027726844e-11,6.08726650069063e-12
"GSE30971_CTRL_VS_LPS_STIM_MACROPHAGE_WBP7_HET_2H_DN","GSE30971_CTRL_VS_LPS_STIM_MACROPHAGE_WBP7_HET_2H_DN","82/4231","199/21355",3.28655677374244e-12,3.06865027726844e-11,6.08726650069063e-12
"GSE360_HIGH_DOSE_B_MALAYI_VS_M_TUBERCULOSIS_MAC_UP","GSE360_HIGH_DOSE_B_MALAYI_VS_M_TUBERCULOSIS_MAC_UP","82/4231","199/21355",3.28655677374244e-12,3.06865027726844e-11,6.08726650069063e-12
"GSE17974_0.5H_VS_72H_IL4_AND_ANTI_IL12_ACT_CD4_TCELL_DN","GSE17974_0.5H_VS_72H_IL4_AND_ANTI_IL12_ACT_CD4_TCELL_DN","81/4231","196/21355",3.70790357994009e-12,3.45576613650416e-11,6.8551863315256e-12
"GSE11973_MIR223_KOVS_WT_BONE_MARROW_NEUTROPHIL_UP","GSE11973_MIR223_KOVS_WT_BONE_MARROW_NEUTROPHIL_UP","82/4231","200/21355",4.4977368134036e-12,3.98882334005309e-11,7.91260929110887e-12
"GSE13484_UNSTIM_VS_YF17D_VACCINE_STIM_PBMC_UP","GSE13484_UNSTIM_VS_YF17D_VACCINE_STIM_PBMC_UP","82/4231","200/21355",4.4977368134036e-12,3.98882334005309e-11,7.91260929110887e-12
"GSE17721_POLYIC_VS_PAM3CSK4_4H_BMDC_UP","GSE17721_POLYIC_VS_PAM3CSK4_4H_BMDC_UP","82/4231","200/21355",4.4977368134036e-12,3.98882334005309e-11,7.91260929110887e-12
"GSE19198_1H_VS_24H_IL21_TREATED_TCELL_DN","GSE19198_1H_VS_24H_IL21_TREATED_TCELL_DN","82/4231","200/21355",4.4977368134036e-12,3.98882334005309e-11,7.91260929110887e-12
"GSE19401_PAM2CSK4_VS_RETINOIC_ACID_AND_PAM2CSK4_STIM_FOLLICULAR_DC_DN","GSE19401_PAM2CSK4_VS_RETINOIC_ACID_AND_PAM2CSK4_STIM_FOLLICULAR_DC_DN","82/4231","200/21355",4.4977368134036e-12,3.98882334005309e-11,7.91260929110887e-12
"GSE20715_0H_VS_48H_OZONE_LUNG_UP","GSE20715_0H_VS_48H_OZONE_LUNG_UP","82/4231","200/21355",4.4977368134036e-12,3.98882334005309e-11,7.91260929110887e-12
"GSE22886_DAY0_VS_DAY1_MONOCYTE_IN_CULTURE_DN","GSE22886_DAY0_VS_DAY1_MONOCYTE_IN_CULTURE_DN","82/4231","200/21355",4.4977368134036e-12,3.98882334005309e-11,7.91260929110887e-12
"GSE23308_CTRL_VS_CORTICOSTERONE_TREATED_MACROPHAGE_MINERALCORTICOID_REC_KO_UP","GSE23308_CTRL_VS_CORTICOSTERONE_TREATED_MACROPHAGE_MINERALCORTICOID_REC_KO_UP","82/4231","200/21355",4.4977368134036e-12,3.98882334005309e-11,7.91260929110887e-12
"GSE24292_WT_VS_PPARG_KO_MACROPHAGE_DN","GSE24292_WT_VS_PPARG_KO_MACROPHAGE_DN","82/4231","200/21355",4.4977368134036e-12,3.98882334005309e-11,7.91260929110887e-12
"GSE24574_BCL6_HIGH_TFH_VS_NAIVE_CD4_TCELL_DN","GSE24574_BCL6_HIGH_TFH_VS_NAIVE_CD4_TCELL_DN","82/4231","200/21355",4.4977368134036e-12,3.98882334005309e-11,7.91260929110887e-12
"GSE25088_IL4_VS_IL4_AND_ROSIGLITAZONE_STIM_MACROPHAGE_DAY10_UP","GSE25088_IL4_VS_IL4_AND_ROSIGLITAZONE_STIM_MACROPHAGE_DAY10_UP","82/4231","200/21355",4.4977368134036e-12,3.98882334005309e-11,7.91260929110887e-12
"GSE25123_WT_VS_PPARG_KO_MACROPHAGE_IL4_STIM_DN","GSE25123_WT_VS_PPARG_KO_MACROPHAGE_IL4_STIM_DN","82/4231","200/21355",4.4977368134036e-12,3.98882334005309e-11,7.91260929110887e-12
"GSE27786_LSK_VS_NKCELL_DN","GSE27786_LSK_VS_NKCELL_DN","82/4231","200/21355",4.4977368134036e-12,3.98882334005309e-11,7.91260929110887e-12
"GSE28726_NAIVE_CD4_TCELL_VS_NAIVE_NKTCELL_UP","GSE28726_NAIVE_CD4_TCELL_VS_NAIVE_NKTCELL_UP","82/4231","200/21355",4.4977368134036e-12,3.98882334005309e-11,7.91260929110887e-12
"GSE28737_WT_VS_BCL6_HET_FOLLICULAR_BCELL_DN","GSE28737_WT_VS_BCL6_HET_FOLLICULAR_BCELL_DN","82/4231","200/21355",4.4977368134036e-12,3.98882334005309e-11,7.91260929110887e-12
"GSE32986_CURDLAN_HIGHDOSE_VS_GMCSF_AND_CURDLAN_HIGHDOSE_STIM_DC_DN","GSE32986_CURDLAN_HIGHDOSE_VS_GMCSF_AND_CURDLAN_HIGHDOSE_STIM_DC_DN","82/4231","200/21355",4.4977368134036e-12,3.98882334005309e-11,7.91260929110887e-12
"GSE32986_UNSTIM_VS_CURDLAN_LOWDOSE_STIM_DC_UP","GSE32986_UNSTIM_VS_CURDLAN_LOWDOSE_STIM_DC_UP","82/4231","200/21355",4.4977368134036e-12,3.98882334005309e-11,7.91260929110887e-12
"GSE360_T_GONDII_VS_B_MALAYI_HIGH_DOSE_DC_DN","GSE360_T_GONDII_VS_B_MALAYI_HIGH_DOSE_DC_DN","82/4231","200/21355",4.4977368134036e-12,3.98882334005309e-11,7.91260929110887e-12
"GSE36888_STAT5_AB_KNOCKIN_VS_WT_TCELL_IL2_TREATED_6H_DN","GSE36888_STAT5_AB_KNOCKIN_VS_WT_TCELL_IL2_TREATED_6H_DN","82/4231","200/21355",4.4977368134036e-12,3.98882334005309e-11,7.91260929110887e-12
"GSE37533_UNTREATED_VS_PIOGLIZATONE_TREATED_CD4_TCELL_PPARG1_AND_FOXP3_TRASDUCED_DN","GSE37533_UNTREATED_VS_PIOGLIZATONE_TREATED_CD4_TCELL_PPARG1_AND_FOXP3_TRASDUCED_DN","82/4231","200/21355",4.4977368134036e-12,3.98882334005309e-11,7.91260929110887e-12
"GSE38304_MYC_NEG_VS_POS_GC_BCELL_DN","GSE38304_MYC_NEG_VS_POS_GC_BCELL_DN","82/4231","200/21355",4.4977368134036e-12,3.98882334005309e-11,7.91260929110887e-12
"GSE3982_NKCELL_VS_TH1_DN","GSE3982_NKCELL_VS_TH1_DN","82/4231","200/21355",4.4977368134036e-12,3.98882334005309e-11,7.91260929110887e-12
"GSE40443_INDUCED_VS_TOTAL_TREG_DN","GSE40443_INDUCED_VS_TOTAL_TREG_DN","82/4231","200/21355",4.4977368134036e-12,3.98882334005309e-11,7.91260929110887e-12
"GSE42021_TREG_PLN_VS_CD24INT_TREG_THYMUS_UP","GSE42021_TREG_PLN_VS_CD24INT_TREG_THYMUS_UP","82/4231","200/21355",4.4977368134036e-12,3.98882334005309e-11,7.91260929110887e-12
"GSE45739_NRAS_KO_VS_WT_ACD3_ACD28_STIM_CD4_TCELL_UP","GSE45739_NRAS_KO_VS_WT_ACD3_ACD28_STIM_CD4_TCELL_UP","82/4231","200/21355",4.4977368134036e-12,3.98882334005309e-11,7.91260929110887e-12
"GSE46606_UNSTIM_VS_CD40L_IL2_IL5_1DAY_STIMULATED_IRF4_KO_BCELL_UP","GSE46606_UNSTIM_VS_CD40L_IL2_IL5_1DAY_STIMULATED_IRF4_KO_BCELL_UP","82/4231","200/21355",4.4977368134036e-12,3.98882334005309e-11,7.91260929110887e-12
"GSE7509_DC_VS_MONOCYTE_UP","GSE7509_DC_VS_MONOCYTE_UP","82/4231","200/21355",4.4977368134036e-12,3.98882334005309e-11,7.91260929110887e-12
"GSE7831_UNSTIM_VS_CPG_STIM_PDC_1H_UP","GSE7831_UNSTIM_VS_CPG_STIM_PDC_1H_UP","82/4231","200/21355",4.4977368134036e-12,3.98882334005309e-11,7.91260929110887e-12
"GSE6259_FLT3L_INDUCED_33D1_POS_DC_VS_CD4_TCELL_DN","GSE6259_FLT3L_INDUCED_33D1_POS_DC_VS_CD4_TCELL_DN","73/4231","170/21355",4.68916378027736e-12,4.15140821031118e-11,8.23512810062345e-12
"GSE13485_DAY7_VS_DAY21_YF17D_VACCINE_PBMC_UP","GSE13485_DAY7_VS_DAY21_YF17D_VACCINE_PBMC_UP","81/4231","197/21355",5.08451161996107e-12,4.48592195592435e-11,8.89870137672325e-12
"GSE26290_CTRL_VS_AKT_INHIBITOR_TREATED_ANTI_CD3_AND_IL2_STIM_CD8_TCELL_DN","GSE26290_CTRL_VS_AKT_INHIBITOR_TREATED_ANTI_CD3_AND_IL2_STIM_CD8_TCELL_DN","81/4231","197/21355",5.08451161996107e-12,4.48592195592435e-11,8.89870137672325e-12
"GSE16522_ANTI_CD3CD28_STIM_VS_UNSTIM_NAIVE_CD8_TCELL_DN","GSE16522_ANTI_CD3CD28_STIM_VS_UNSTIM_NAIVE_CD8_TCELL_DN","81/4231","198/21355",6.94775377132096e-12,6.07750611464015e-11,1.20559190643004e-11
"GSE1791_CTRL_VS_NEUROMEDINU_IN_T_CELL_LINE_6H_UP","GSE1791_CTRL_VS_NEUROMEDINU_IN_T_CELL_LINE_6H_UP","81/4231","198/21355",6.94775377132096e-12,6.07750611464015e-11,1.20559190643004e-11
"GSE17974_0H_VS_24H_IN_VITRO_ACT_CD4_TCELL_DN","GSE17974_0H_VS_24H_IN_VITRO_ACT_CD4_TCELL_DN","81/4231","198/21355",6.94775377132096e-12,6.07750611464015e-11,1.20559190643004e-11
"GSE17974_CTRL_VS_ACT_IL4_AND_ANTI_IL12_72H_CD4_TCELL_DN","GSE17974_CTRL_VS_ACT_IL4_AND_ANTI_IL12_72H_CD4_TCELL_DN","81/4231","198/21355",6.94775377132096e-12,6.07750611464015e-11,1.20559190643004e-11
"GSE9988_ANTI_TREM1_VS_LOW_LPS_MONOCYTE_UP","GSE9988_ANTI_TREM1_VS_LOW_LPS_MONOCYTE_UP","81/4231","198/21355",6.94775377132096e-12,6.07750611464015e-11,1.20559190643004e-11
"GAUCHER_PBMC_YF_VAX_STAMARIL_UNKNOWN_AGE_3DY_UP","GAUCHER_PBMC_YF_VAX_STAMARIL_UNKNOWN_AGE_3DY_UP","87/4231","219/21355",7.86515964131277e-12,6.86828080432185e-11,1.36245749368029e-11
"GSE8685_IL2_ACT_IL2_STARVED_VS_IL21_ACT_IL2_STARVED_CD4_TCELL_UP","GSE8685_IL2_ACT_IL2_STARVED_VS_IL21_ACT_IL2_STARVED_CD4_TCELL_UP","74/4231","175/21355",8.31173400390825e-12,7.23360755586311e-11,1.43492718215984e-11
"GSE9509_10MIN_VS_30MIN_LPS_AND_IL10_STIM_IL10_KO_MACROPHAGE_UP","GSE9509_10MIN_VS_30MIN_LPS_AND_IL10_STIM_IL10_KO_MACROPHAGE_UP","74/4231","175/21355",8.31173400390825e-12,7.23360755586311e-11,1.43492718215984e-11
"GSE1112_HY_CD8AB_VS_HY_CD8AA_THYMOCYTE_RTOC_CULTURE_DN","GSE1112_HY_CD8AB_VS_HY_CD8AA_THYMOCYTE_RTOC_CULTURE_DN","79/4231","192/21355",8.88388415203212e-12,7.71843901073163e-11,1.53110296001124e-11
"GSE11961_GERMINAL_CENTER_BCELL_DAY7_VS_GERMINAL_CENTER_BCELL_DAY40_UP","GSE11961_GERMINAL_CENTER_BCELL_DAY7_VS_GERMINAL_CENTER_BCELL_DAY40_UP","81/4231","199/21355",9.46094832050601e-12,8.1370505186097e-11,1.61414271946464e-11
"GSE17974_1H_VS_72H_UNTREATED_IN_VITRO_CD4_TCELL_DN","GSE17974_1H_VS_72H_UNTREATED_IN_VITRO_CD4_TCELL_DN","81/4231","199/21355",9.46094832050601e-12,8.1370505186097e-11,1.61414271946464e-11
"GSE20754_WT_VS_TCF1_KO_MEMORY_CD8_TCELL_DN","GSE20754_WT_VS_TCF1_KO_MEMORY_CD8_TCELL_DN","81/4231","199/21355",9.46094832050601e-12,8.1370505186097e-11,1.61414271946464e-11
"GSE2405_0H_VS_12H_A_PHAGOCYTOPHILUM_STIM_NEUTROPHIL_UP","GSE2405_0H_VS_12H_A_PHAGOCYTOPHILUM_STIM_NEUTROPHIL_UP","81/4231","199/21355",9.46094832050601e-12,8.1370505186097e-11,1.61414271946464e-11
"GSE39820_CTRL_VS_TGFBETA1_IL6_IL23A_CD4_TCELL_DN","GSE39820_CTRL_VS_TGFBETA1_IL6_IL23A_CD4_TCELL_DN","81/4231","199/21355",9.46094832050601e-12,8.1370505186097e-11,1.61414271946464e-11
"GSE6674_ANTI_IGM_VS_CPG_STIM_BCELL_DN","GSE6674_ANTI_IGM_VS_CPG_STIM_BCELL_DN","81/4231","199/21355",9.46094832050601e-12,8.1370505186097e-11,1.61414271946464e-11
"GSE40274_CTRL_VS_FOXP3_AND_EOS_TRANSDUCED_ACTIVATED_CD4_TCELL_UP","GSE40274_CTRL_VS_FOXP3_AND_EOS_TRANSDUCED_ACTIVATED_CD4_TCELL_UP","72/4231","169/21355",1.0322488159892e-11,8.86316152556224e-11,1.75818100369491e-11
"GSE12845_IGD_POS_VS_NEG_BLOOD_BCELL_DN","GSE12845_IGD_POS_VS_NEG_BLOOD_BCELL_DN","80/4231","196/21355",1.07249234591988e-11,9.17795620231269e-11,1.82062666928847e-11
"GSE2770_IL12_AND_TGFB_ACT_VS_ACT_CD4_TCELL_2H_DN","GSE2770_IL12_AND_TGFB_ACT_VS_ACT_CD4_TCELL_2H_DN","80/4231","196/21355",1.07249234591988e-11,9.17795620231269e-11,1.82062666928847e-11
"ANDERSON_BLOOD_CN54GP140_ADJUVANTED_WITH_GLA_AF_AGE_18_45YO_1DY_DN","ANDERSON_BLOOD_CN54GP140_ADJUVANTED_WITH_GLA_AF_AGE_18_45YO_1DY_DN","45/4231","85/21355",1.09799364473036e-11,9.38052570481301e-11,1.86081028212197e-11
"GSE32255_UNSTIM_VS_4H_LPS_STIM_DC_UP","GSE32255_UNSTIM_VS_4H_LPS_STIM_DC_UP","77/4231","186/21355",1.13060694576305e-11,9.64308020629185e-11,1.91289308977513e-11
"GSE12366_NAIVE_VS_MEMORY_BCELL_DN","GSE12366_NAIVE_VS_MEMORY_BCELL_DN","79/4231","193/21355",1.21448332079223e-11,1.02037351401691e-10,2.02410993395967e-11
"GSE21360_NAIVE_VS_SECONDARY_MEMORY_CD8_TCELL_UP","GSE21360_NAIVE_VS_SECONDARY_MEMORY_CD8_TCELL_UP","76/4231","183/21355",1.27302656536922e-11,1.02037351401691e-10,2.02410993395967e-11
"GSE14308_TH1_VS_TH17_UP","GSE14308_TH1_VS_TH17_UP","81/4231","200/21355",1.28392687581137e-11,1.02037351401691e-10,2.02410993395967e-11
"GSE14308_TH2_VS_TH17_UP","GSE14308_TH2_VS_TH17_UP","81/4231","200/21355",1.28392687581137e-11,1.02037351401691e-10,2.02410993395967e-11
"GSE1460_DP_THYMOCYTE_VS_NAIVE_CD4_TCELL_ADULT_BLOOD_UP","GSE1460_DP_THYMOCYTE_VS_NAIVE_CD4_TCELL_ADULT_BLOOD_UP","81/4231","200/21355",1.28392687581137e-11,1.02037351401691e-10,2.02410993395967e-11
"GSE14769_UNSTIM_VS_240MIN_LPS_BMDM_DN","GSE14769_UNSTIM_VS_240MIN_LPS_BMDM_DN","81/4231","200/21355",1.28392687581137e-11,1.02037351401691e-10,2.02410993395967e-11
"GSE15330_LYMPHOID_MULTIPOTENT_VS_GRANULOCYTE_MONOCYTE_PROGENITOR_IKAROS_KO_DN","GSE15330_LYMPHOID_MULTIPOTENT_VS_GRANULOCYTE_MONOCYTE_PROGENITOR_IKAROS_KO_DN","81/4231","200/21355",1.28392687581137e-11,1.02037351401691e-10,2.02410993395967e-11
"GSE17301_CTRL_VS_48H_ACD3_ACD28_IFNA5_STIM_CD8_TCELL_DN","GSE17301_CTRL_VS_48H_ACD3_ACD28_IFNA5_STIM_CD8_TCELL_DN","81/4231","200/21355",1.28392687581137e-11,1.02037351401691e-10,2.02410993395967e-11
"GSE17721_CTRL_VS_GARDIQUIMOD_6H_BMDC_UP","GSE17721_CTRL_VS_GARDIQUIMOD_6H_BMDC_UP","81/4231","200/21355",1.28392687581137e-11,1.02037351401691e-10,2.02410993395967e-11
"GSE17721_LPS_VS_CPG_8H_BMDC_DN","GSE17721_LPS_VS_CPG_8H_BMDC_DN","81/4231","200/21355",1.28392687581137e-11,1.02037351401691e-10,2.02410993395967e-11
"GSE17721_LPS_VS_PAM3CSK4_24H_BMDC_DN","GSE17721_LPS_VS_PAM3CSK4_24H_BMDC_DN","81/4231","200/21355",1.28392687581137e-11,1.02037351401691e-10,2.02410993395967e-11
"GSE17721_POLYIC_VS_GARDIQUIMOD_8H_BMDC_UP","GSE17721_POLYIC_VS_GARDIQUIMOD_8H_BMDC_UP","81/4231","200/21355",1.28392687581137e-11,1.02037351401691e-10,2.02410993395967e-11
"GSE19923_E2A_KO_VS_E2A_AND_HEB_KO_DP_THYMOCYTE_UP","GSE19923_E2A_KO_VS_E2A_AND_HEB_KO_DP_THYMOCYTE_UP","81/4231","200/21355",1.28392687581137e-11,1.02037351401691e-10,2.02410993395967e-11
"GSE20366_EX_VIVO_VS_HOMEOSTATIC_CONVERSION_TREG_DN","GSE20366_EX_VIVO_VS_HOMEOSTATIC_CONVERSION_TREG_DN","81/4231","200/21355",1.28392687581137e-11,1.02037351401691e-10,2.02410993395967e-11
"GSE21063_3H_VS_16H_ANTI_IGM_STIM_NFATC1_KOBCELL_DN","GSE21063_3H_VS_16H_ANTI_IGM_STIM_NFATC1_KOBCELL_DN","81/4231","200/21355",1.28392687581137e-11,1.02037351401691e-10,2.02410993395967e-11
"GSE2128_CTRL_VS_MIMETOPE_NEGATIVE_SELECTION_DP_THYMOCYTE_NOD_UP","GSE2128_CTRL_VS_MIMETOPE_NEGATIVE_SELECTION_DP_THYMOCYTE_NOD_UP","81/4231","200/21355",1.28392687581137e-11,1.02037351401691e-10,2.02410993395967e-11
"GSE21670_IL6_VS_TGFB_AND_IL6_TREATED_STAT3_KO_CD4_TCELL_UP","GSE21670_IL6_VS_TGFB_AND_IL6_TREATED_STAT3_KO_CD4_TCELL_UP","81/4231","200/21355",1.28392687581137e-11,1.02037351401691e-10,2.02410993395967e-11
"GSE22282_HYPOXIA_VS_NORMOXIA_MYELOID_DC_UP","GSE22282_HYPOXIA_VS_NORMOXIA_MYELOID_DC_UP","81/4231","200/21355",1.28392687581137e-11,1.02037351401691e-10,2.02410993395967e-11
"GSE22601_DOUBLE_POSITIVE_VS_CD8_SINGLE_POSITIVE_THYMOCYTE_UP","GSE22601_DOUBLE_POSITIVE_VS_CD8_SINGLE_POSITIVE_THYMOCYTE_UP","81/4231","200/21355",1.28392687581137e-11,1.02037351401691e-10,2.02410993395967e-11
"GSE22935_UNSTIM_VS_12H_MBOVIS_BCG_STIM_MACROPHAGE_UP","GSE22935_UNSTIM_VS_12H_MBOVIS_BCG_STIM_MACROPHAGE_UP","81/4231","200/21355",1.28392687581137e-11,1.02037351401691e-10,2.02410993395967e-11
"GSE23114_PERITONEAL_CAVITY_B1A_BCELL_VS_SPLEEN_BCELL_DN","GSE23114_PERITONEAL_CAVITY_B1A_BCELL_VS_SPLEEN_BCELL_DN","81/4231","200/21355",1.28392687581137e-11,1.02037351401691e-10,2.02410993395967e-11
"GSE24142_DN2_VS_DN3_THYMOCYTE_UP","GSE24142_DN2_VS_DN3_THYMOCYTE_UP","81/4231","200/21355",1.28392687581137e-11,1.02037351401691e-10,2.02410993395967e-11
"GSE24671_BAKIMULC_VS_SENDAI_VIRUS_INFECTED_MOUSE_SPLENOCYTES_UP","GSE24671_BAKIMULC_VS_SENDAI_VIRUS_INFECTED_MOUSE_SPLENOCYTES_UP","81/4231","200/21355",1.28392687581137e-11,1.02037351401691e-10,2.02410993395967e-11
"GSE24726_WT_VS_E2_2_KO_PDC_DN","GSE24726_WT_VS_E2_2_KO_PDC_DN","81/4231","200/21355",1.28392687581137e-11,1.02037351401691e-10,2.02410993395967e-11
"GSE26343_WT_VS_NFAT5_KO_MACROPHAGE_UP","GSE26343_WT_VS_NFAT5_KO_MACROPHAGE_UP","81/4231","200/21355",1.28392687581137e-11,1.02037351401691e-10,2.02410993395967e-11
"GSE27786_BCELL_VS_CD4_TCELL_UP","GSE27786_BCELL_VS_CD4_TCELL_UP","81/4231","200/21355",1.28392687581137e-11,1.02037351401691e-10,2.02410993395967e-11
"GSE28726_ACT_CD4_TCELL_VS_ACT_VA24NEG_NKTCELL_DN","GSE28726_ACT_CD4_TCELL_VS_ACT_VA24NEG_NKTCELL_DN","81/4231","200/21355",1.28392687581137e-11,1.02037351401691e-10,2.02410993395967e-11
"GSE28737_WT_VS_BCL6_KO_FOLLICULAR_BCELL_DN","GSE28737_WT_VS_BCL6_KO_FOLLICULAR_BCELL_DN","81/4231","200/21355",1.28392687581137e-11,1.02037351401691e-10,2.02410993395967e-11
"GSE3039_NKT_CELL_VS_B2_BCELL_DN","GSE3039_NKT_CELL_VS_B2_BCELL_DN","81/4231","200/21355",1.28392687581137e-11,1.02037351401691e-10,2.02410993395967e-11
"GSE32986_UNSTIM_VS_GMCSF_AND_CURDLAN_LOWDOSE_STIM_DC_DN","GSE32986_UNSTIM_VS_GMCSF_AND_CURDLAN_LOWDOSE_STIM_DC_DN","81/4231","200/21355",1.28392687581137e-11,1.02037351401691e-10,2.02410993395967e-11
"GSE3337_4H_VS_16H_IFNG_IN_CD8POS_DC_DN","GSE3337_4H_VS_16H_IFNG_IN_CD8POS_DC_DN","81/4231","200/21355",1.28392687581137e-11,1.02037351401691e-10,2.02410993395967e-11
"GSE34156_NOD2_LIGAND_VS_TLR1_TLR2_LIGAND_6H_TREATED_MONOCYTE_UP","GSE34156_NOD2_LIGAND_VS_TLR1_TLR2_LIGAND_6H_TREATED_MONOCYTE_UP","81/4231","200/21355",1.28392687581137e-11,1.02037351401691e-10,2.02410993395967e-11
"GSE34392_ST2_KO_VS_WT_DAY8_LCMV_EFFECTOR_CD8_TCELL_DN","GSE34392_ST2_KO_VS_WT_DAY8_LCMV_EFFECTOR_CD8_TCELL_DN","81/4231","200/21355",1.28392687581137e-11,1.02037351401691e-10,2.02410993395967e-11
"GSE360_CTRL_VS_T_GONDII_MAC_UP","GSE360_CTRL_VS_T_GONDII_MAC_UP","81/4231","200/21355",1.28392687581137e-11,1.02037351401691e-10,2.02410993395967e-11
"GSE360_DC_VS_MAC_M_TUBERCULOSIS_DN","GSE360_DC_VS_MAC_M_TUBERCULOSIS_DN","81/4231","200/21355",1.28392687581137e-11,1.02037351401691e-10,2.02410993395967e-11
"GSE360_HIGH_DOSE_B_MALAYI_VS_M_TUBERCULOSIS_DC_DN","GSE360_HIGH_DOSE_B_MALAYI_VS_M_TUBERCULOSIS_DC_DN","81/4231","200/21355",1.28392687581137e-11,1.02037351401691e-10,2.02410993395967e-11
"GSE360_L_DONOVANI_VS_B_MALAYI_HIGH_DOSE_MAC_DN","GSE360_L_DONOVANI_VS_B_MALAYI_HIGH_DOSE_MAC_DN","81/4231","200/21355",1.28392687581137e-11,1.02037351401691e-10,2.02410993395967e-11
"GSE39864_WT_VS_GATA3_KO_TREG_DN","GSE39864_WT_VS_GATA3_KO_TREG_DN","81/4231","200/21355",1.28392687581137e-11,1.02037351401691e-10,2.02410993395967e-11
"GSE40274_XBP1_VS_FOXP3_AND_XBP1_TRANSDUCED_ACTIVATED_CD4_TCELL_UP","GSE40274_XBP1_VS_FOXP3_AND_XBP1_TRANSDUCED_ACTIVATED_CD4_TCELL_UP","81/4231","200/21355",1.28392687581137e-11,1.02037351401691e-10,2.02410993395967e-11
"GSE40666_NAIVE_VS_EFFECTOR_CD8_TCELL_DN","GSE40666_NAIVE_VS_EFFECTOR_CD8_TCELL_DN","81/4231","200/21355",1.28392687581137e-11,1.02037351401691e-10,2.02410993395967e-11
"GSE41176_WT_VS_TAK1_KO_ANTI_IGM_STIM_BCELL_3H_DN","GSE41176_WT_VS_TAK1_KO_ANTI_IGM_STIM_BCELL_3H_DN","81/4231","200/21355",1.28392687581137e-11,1.02037351401691e-10,2.02410993395967e-11
"GSE5589_IL6_KO_VS_IL10_KO_LPS_STIM_MACROPHAGE_45MIN_UP","GSE5589_IL6_KO_VS_IL10_KO_LPS_STIM_MACROPHAGE_45MIN_UP","81/4231","200/21355",1.28392687581137e-11,1.02037351401691e-10,2.02410993395967e-11
"GSE5589_LPS_VS_LPS_AND_IL6_STIM_MACROPHAGE_45MIN_UP","GSE5589_LPS_VS_LPS_AND_IL6_STIM_MACROPHAGE_45MIN_UP","81/4231","200/21355",1.28392687581137e-11,1.02037351401691e-10,2.02410993395967e-11
"GSE6674_UNSTIM_VS_ANTI_IGM_AND_CPG_STIM_BCELL_UP","GSE6674_UNSTIM_VS_ANTI_IGM_AND_CPG_STIM_BCELL_UP","81/4231","200/21355",1.28392687581137e-11,1.02037351401691e-10,2.02410993395967e-11
"GSE37301_CD4_TCELL_VS_RAG2_KO_NK_CELL_DN","GSE37301_CD4_TCELL_VS_RAG2_KO_NK_CELL_DN","75/4231","180/21355",1.43144872140384e-11,1.1340967768031e-10,2.24970221243978e-11
"GSE40274_IRF4_VS_FOXP3_AND_IRF4_TRANSDUCED_ACTIVATED_CD4_TCELL_UP","GSE40274_IRF4_VS_FOXP3_AND_IRF4_TRANSDUCED_ACTIVATED_CD4_TCELL_UP","75/4231","180/21355",1.43144872140384e-11,1.1340967768031e-10,2.24970221243978e-11
"GSE25088_IL4_VS_IL4_AND_ROSIGLITAZONE_STIM_STAT6_KO_MACROPHAGE_DAY10_DN","GSE25088_IL4_VS_IL4_AND_ROSIGLITAZONE_STIM_STAT6_KO_MACROPHAGE_DAY10_DN","80/4231","197/21355",1.45816153150885e-11,1.14992861700221e-10,2.28110775617417e-11
"GSE37416_CTRL_VS_6H_F_TULARENSIS_LVS_NEUTROPHIL_UP","GSE37416_CTRL_VS_6H_F_TULARENSIS_LVS_NEUTROPHIL_UP","80/4231","197/21355",1.45816153150885e-11,1.14992861700221e-10,2.28110775617417e-11
"GSE3982_NEUTROPHIL_VS_TH1_UP","GSE3982_NEUTROPHIL_VS_TH1_UP","80/4231","197/21355",1.45816153150885e-11,1.14992861700221e-10,2.28110775617417e-11
"GSE3920_IFNB_VS_IFNG_TREATED_ENDOTHELIAL_CELL_DN","GSE3920_IFNB_VS_IFNG_TREATED_ENDOTHELIAL_CELL_DN","74/4231","177/21355",1.60730426790783e-11,1.26559779989178e-10,2.51056014681698e-11
"GSE9988_LPS_VS_LPS_AND_ANTI_TREM1_MONOCYTE_DN","GSE9988_LPS_VS_LPS_AND_ANTI_TREM1_MONOCYTE_DN","79/4231","194/21355",1.6543804080262e-11,1.30066778704636e-10,2.58012830828755e-11
"GSE22886_DAY1_VS_DAY7_MONOCYTE_IN_CULTURE_UP","GSE22886_DAY1_VS_DAY7_MONOCYTE_IN_CULTURE_UP","80/4231","198/21355",1.97571146667946e-11,1.54382575887178e-10,3.06247958410198e-11
"GSE26343_UNSTIM_VS_LPS_STIM_NFAT5_KO_MACROPHAGE_UP","GSE26343_UNSTIM_VS_LPS_STIM_NFAT5_KO_MACROPHAGE_UP","80/4231","198/21355",1.97571146667946e-11,1.54382575887178e-10,3.06247958410198e-11
"GSE2770_TGFB_AND_IL4_ACT_VS_ACT_CD4_TCELL_48H_DN","GSE2770_TGFB_AND_IL4_ACT_VS_ACT_CD4_TCELL_48H_DN","80/4231","198/21355",1.97571146667946e-11,1.54382575887178e-10,3.06247958410198e-11
"GSE42021_TCONV_PLN_VS_TREG_PRECURSORS_THYMUS_UP","GSE42021_TCONV_PLN_VS_TREG_PRECURSORS_THYMUS_UP","80/4231","198/21355",1.97571146667946e-11,1.54382575887178e-10,3.06247958410198e-11
"GSE13547_CTRL_VS_ANTI_IGM_STIM_ZFX_KO_BCELL_2H_DN","GSE13547_CTRL_VS_ANTI_IGM_STIM_ZFX_KO_BCELL_2H_DN","72/4231","171/21355",2.01730054806501e-11,1.57392429366533e-10,3.12218589991315e-11
"GSE3920_UNTREATED_VS_IFNB_TREATED_ENDOTHELIAL_CELL_DN","GSE3920_UNTREATED_VS_IFNB_TREATED_ENDOTHELIAL_CELL_DN","73/4231","175/21355",2.49694332238637e-11,1.94518715357941e-10,3.85865821376617e-11
"GSE16385_IFNG_TNF_VS_IL4_STIM_MACROPHAGE_ROSIGLITAZONE_TREATED_DN","GSE16385_IFNG_TNF_VS_IL4_STIM_MACROPHAGE_ROSIGLITAZONE_TREATED_DN","80/4231","199/21355",2.66789071685016e-11,2.02902193094569e-10,4.02496085034711e-11
"GSE18791_CTRL_VS_NEWCASTLE_VIRUS_DC_14H_UP","GSE18791_CTRL_VS_NEWCASTLE_VIRUS_DC_14H_UP","80/4231","199/21355",2.66789071685016e-11,2.02902193094569e-10,4.02496085034711e-11
"GSE2128_C57BL6_VS_NOD_THYMOCYTE_MIMETOPE_NEGATIVE_SELECTION_DN","GSE2128_C57BL6_VS_NOD_THYMOCYTE_MIMETOPE_NEGATIVE_SELECTION_DN","80/4231","199/21355",2.66789071685016e-11,2.02902193094569e-10,4.02496085034711e-11
"GSE21546_SAP1A_KO_VS_SAP1A_KO_AND_ELK1_KO_DP_THYMOCYTES_DN","GSE21546_SAP1A_KO_VS_SAP1A_KO_AND_ELK1_KO_DP_THYMOCYTES_DN","80/4231","199/21355",2.66789071685016e-11,2.02902193094569e-10,4.02496085034711e-11
"GSE22140_GERMFREE_VS_SPF_MOUSE_CD4_TCELL_UP","GSE22140_GERMFREE_VS_SPF_MOUSE_CD4_TCELL_UP","80/4231","199/21355",2.66789071685016e-11,2.02902193094569e-10,4.02496085034711e-11
"GSE360_L_DONOVANI_VS_B_MALAYI_HIGH_DOSE_DC_DN","GSE360_L_DONOVANI_VS_B_MALAYI_HIGH_DOSE_DC_DN","80/4231","199/21355",2.66789071685016e-11,2.02902193094569e-10,4.02496085034711e-11
"GSE36009_WT_VS_NLRP10_KO_DC_DN","GSE36009_WT_VS_NLRP10_KO_DC_DN","80/4231","199/21355",2.66789071685016e-11,2.02902193094569e-10,4.02496085034711e-11
"GSE36826_NORMAL_VS_STAPH_AUREUS_INF_IL1R_KO_SKIN_UP","GSE36826_NORMAL_VS_STAPH_AUREUS_INF_IL1R_KO_SKIN_UP","80/4231","199/21355",2.66789071685016e-11,2.02902193094569e-10,4.02496085034711e-11
"GSE37532_TREG_VS_TCONV_PPARG_KO_CD4_TCELL_FROM_LN_DN","GSE37532_TREG_VS_TCONV_PPARG_KO_CD4_TCELL_FROM_LN_DN","80/4231","199/21355",2.66789071685016e-11,2.02902193094569e-10,4.02496085034711e-11
"GSE3982_EFF_MEMORY_CD4_TCELL_VS_TH1_DN","GSE3982_EFF_MEMORY_CD4_TCELL_VS_TH1_DN","80/4231","199/21355",2.66789071685016e-11,2.02902193094569e-10,4.02496085034711e-11
"GSE40666_WT_VS_STAT4_KO_CD8_TCELL_DN","GSE40666_WT_VS_STAT4_KO_CD8_TCELL_DN","80/4231","199/21355",2.66789071685016e-11,2.02902193094569e-10,4.02496085034711e-11
"GSE41176_UNSTIM_VS_ANTI_IGM_STIM_TAK1_KO_BCELL_24H_DN","GSE41176_UNSTIM_VS_ANTI_IGM_STIM_TAK1_KO_BCELL_24H_DN","80/4231","199/21355",2.66789071685016e-11,2.02902193094569e-10,4.02496085034711e-11
"GSE6674_ANTI_IGM_VS_ANTI_IGM_AND_CPG_STIM_BCELL_DN","GSE6674_ANTI_IGM_VS_ANTI_IGM_AND_CPG_STIM_BCELL_DN","80/4231","199/21355",2.66789071685016e-11,2.02902193094569e-10,4.02496085034711e-11
"GSE6674_ANTI_IGM_VS_ANTI_IGM_AND_CPG_STIM_BCELL_UP","GSE6674_ANTI_IGM_VS_ANTI_IGM_AND_CPG_STIM_BCELL_UP","80/4231","199/21355",2.66789071685016e-11,2.02902193094569e-10,4.02496085034711e-11
"GSE6674_ANTI_IGM_VS_PL2_3_STIM_BCELL_DN","GSE6674_ANTI_IGM_VS_PL2_3_STIM_BCELL_DN","80/4231","199/21355",2.66789071685016e-11,2.02902193094569e-10,4.02496085034711e-11
"GSE9960_HEALTHY_VS_GRAM_NEG_SEPSIS_PBMC_DN","GSE9960_HEALTHY_VS_GRAM_NEG_SEPSIS_PBMC_DN","80/4231","199/21355",2.66789071685016e-11,2.02902193094569e-10,4.02496085034711e-11
"GSE37301_PRO_BCELL_VS_RAG2_KO_NK_CELL_UP","GSE37301_PRO_BCELL_VS_RAG2_KO_NK_CELL_UP","75/4231","182/21355",2.71138061885847e-11,2.059042526262e-10,4.08451255799966e-11
"GSE23321_CD8_STEM_CELL_MEMORY_VS_NAIVE_CD8_TCELL_DN","GSE23321_CD8_STEM_CELL_MEMORY_VS_NAIVE_CD8_TCELL_DN","79/4231","196/21355",3.03790041380908e-11,2.30359134928777e-10,4.56962285851692e-11
"GSE10239_NAIVE_VS_KLRG1INT_EFF_CD8_TCELL_DN","GSE10239_NAIVE_VS_KLRG1INT_EFF_CD8_TCELL_DN","80/4231","200/21355",3.5905332775427e-11,2.60326358991285e-10,5.16408121209893e-11
"GSE11961_MARGINAL_ZONE_BCELL_VS_GERMINAL_CENTER_BCELL_DAY7_DN","GSE11961_MARGINAL_ZONE_BCELL_VS_GERMINAL_CENTER_BCELL_DAY7_DN","80/4231","200/21355",3.5905332775427e-11,2.60326358991285e-10,5.16408121209893e-11
"GSE12392_WT_VS_IFNB_KO_CD8A_NEG_SPLEEN_DC_DN","GSE12392_WT_VS_IFNB_KO_CD8A_NEG_SPLEEN_DC_DN","80/4231","200/21355",3.5905332775427e-11,2.60326358991285e-10,5.16408121209893e-11
"GSE15330_HSC_VS_GRANULOCYTE_MONOCYTE_PROGENITOR_IKAROS_KO_UP","GSE15330_HSC_VS_GRANULOCYTE_MONOCYTE_PROGENITOR_IKAROS_KO_UP","80/4231","200/21355",3.5905332775427e-11,2.60326358991285e-10,5.16408121209893e-11
"GSE15330_HSC_VS_PRO_BCELL_DN","GSE15330_HSC_VS_PRO_BCELL_DN","80/4231","200/21355",3.5905332775427e-11,2.60326358991285e-10,5.16408121209893e-11
"GSE17186_BLOOD_VS_CORD_BLOOD_NAIVE_BCELL_UP","GSE17186_BLOOD_VS_CORD_BLOOD_NAIVE_BCELL_UP","80/4231","200/21355",3.5905332775427e-11,2.60326358991285e-10,5.16408121209893e-11
"GSE17721_0.5H_VS_4H_GARDIQUIMOD_BMDC_UP","GSE17721_0.5H_VS_4H_GARDIQUIMOD_BMDC_UP","80/4231","200/21355",3.5905332775427e-11,2.60326358991285e-10,5.16408121209893e-11
"GSE17721_PAM3CSK4_VS_GADIQUIMOD_12H_BMDC_DN","GSE17721_PAM3CSK4_VS_GADIQUIMOD_12H_BMDC_DN","80/4231","200/21355",3.5905332775427e-11,2.60326358991285e-10,5.16408121209893e-11
"GSE20715_0H_VS_24H_OZONE_LUNG_UP","GSE20715_0H_VS_24H_OZONE_LUNG_UP","80/4231","200/21355",3.5905332775427e-11,2.60326358991285e-10,5.16408121209893e-11
"GSE20715_0H_VS_48H_OZONE_LUNG_DN","GSE20715_0H_VS_48H_OZONE_LUNG_DN","80/4231","200/21355",3.5905332775427e-11,2.60326358991285e-10,5.16408121209893e-11
"GSE21546_SAP1A_KO_VS_SAP1A_KO_AND_ELK1_KO_DP_THYMOCYTES_UP","GSE21546_SAP1A_KO_VS_SAP1A_KO_AND_ELK1_KO_DP_THYMOCYTES_UP","80/4231","200/21355",3.5905332775427e-11,2.60326358991285e-10,5.16408121209893e-11
"GSE22935_WT_VS_MYD88_KO_MACROPHAGE_48H_MBOVIS_BCG_STIM_DN","GSE22935_WT_VS_MYD88_KO_MACROPHAGE_48H_MBOVIS_BCG_STIM_DN","80/4231","200/21355",3.5905332775427e-11,2.60326358991285e-10,5.16408121209893e-11
"GSE26030_UNSTIM_VS_RESTIM_TH1_DAY15_POST_POLARIZATION_DN","GSE26030_UNSTIM_VS_RESTIM_TH1_DAY15_POST_POLARIZATION_DN","80/4231","200/21355",3.5905332775427e-11,2.60326358991285e-10,5.16408121209893e-11
"GSE26727_WT_VS_KLF2_KO_LPS_STIM_MACROPHAGE_DN","GSE26727_WT_VS_KLF2_KO_LPS_STIM_MACROPHAGE_DN","80/4231","200/21355",3.5905332775427e-11,2.60326358991285e-10,5.16408121209893e-11
"GSE27786_BCELL_VS_CD8_TCELL_UP","GSE27786_BCELL_VS_CD8_TCELL_UP","80/4231","200/21355",3.5905332775427e-11,2.60326358991285e-10,5.16408121209893e-11
"GSE27786_LIN_NEG_VS_CD8_TCELL_UP","GSE27786_LIN_NEG_VS_CD8_TCELL_UP","80/4231","200/21355",3.5905332775427e-11,2.60326358991285e-10,5.16408121209893e-11
"GSE29618_PRE_VS_DAY7_POST_LAIV_FLU_VACCINE_MONOCYTE_DN","GSE29618_PRE_VS_DAY7_POST_LAIV_FLU_VACCINE_MONOCYTE_DN","80/4231","200/21355",3.5905332775427e-11,2.60326358991285e-10,5.16408121209893e-11
"GSE3039_B2_VS_B1_BCELL_DN","GSE3039_B2_VS_B1_BCELL_DN","80/4231","200/21355",3.5905332775427e-11,2.60326358991285e-10,5.16408121209893e-11
"GSE3039_CD4_TCELL_VS_B1_BCELL_DN","GSE3039_CD4_TCELL_VS_B1_BCELL_DN","80/4231","200/21355",3.5905332775427e-11,2.60326358991285e-10,5.16408121209893e-11
"GSE3039_CD4_TCELL_VS_B2_BCELL_UP","GSE3039_CD4_TCELL_VS_B2_BCELL_UP","80/4231","200/21355",3.5905332775427e-11,2.60326358991285e-10,5.16408121209893e-11
"GSE36826_NORMAL_VS_STAPH_AUREUS_INF_SKIN_DN","GSE36826_NORMAL_VS_STAPH_AUREUS_INF_SKIN_DN","80/4231","200/21355",3.5905332775427e-11,2.60326358991285e-10,5.16408121209893e-11
"GSE3982_BASOPHIL_VS_EFF_MEMORY_CD4_TCELL_UP","GSE3982_BASOPHIL_VS_EFF_MEMORY_CD4_TCELL_UP","80/4231","200/21355",3.5905332775427e-11,2.60326358991285e-10,5.16408121209893e-11
"GSE3982_DC_VS_NKCELL_UP","GSE3982_DC_VS_NKCELL_UP","80/4231","200/21355",3.5905332775427e-11,2.60326358991285e-10,5.16408121209893e-11
"GSE3982_MAC_VS_EFF_MEMORY_CD4_TCELL_UP","GSE3982_MAC_VS_EFF_MEMORY_CD4_TCELL_UP","80/4231","200/21355",3.5905332775427e-11,2.60326358991285e-10,5.16408121209893e-11
"GSE40666_WT_VS_STAT1_KO_CD8_TCELL_DN","GSE40666_WT_VS_STAT1_KO_CD8_TCELL_DN","80/4231","200/21355",3.5905332775427e-11,2.60326358991285e-10,5.16408121209893e-11
"GSE411_UNSTIM_VS_100MIN_IL6_STIM_SOCS3_KO_MACROPHAGE_DN","GSE411_UNSTIM_VS_100MIN_IL6_STIM_SOCS3_KO_MACROPHAGE_DN","80/4231","200/21355",3.5905332775427e-11,2.60326358991285e-10,5.16408121209893e-11
"GSE411_WT_VS_SOCS3_KO_MACROPHAGE_UP","GSE411_WT_VS_SOCS3_KO_MACROPHAGE_UP","80/4231","200/21355",3.5905332775427e-11,2.60326358991285e-10,5.16408121209893e-11
"GSE46606_UNSTIM_VS_CD40L_IL2_IL5_1DAY_STIMULATED_IRF4MID_SORTED_BCELL_UP","GSE46606_UNSTIM_VS_CD40L_IL2_IL5_1DAY_STIMULATED_IRF4MID_SORTED_BCELL_UP","80/4231","200/21355",3.5905332775427e-11,2.60326358991285e-10,5.16408121209893e-11
"GSE46606_UNSTIM_VS_CD40L_IL2_IL5_DAY1_STIMULATED_BCELL_DN","GSE46606_UNSTIM_VS_CD40L_IL2_IL5_DAY1_STIMULATED_BCELL_DN","80/4231","200/21355",3.5905332775427e-11,2.60326358991285e-10,5.16408121209893e-11
"GSE5542_IFNG_VS_IFNA_TREATED_EPITHELIAL_CELLS_6H_UP","GSE5542_IFNG_VS_IFNA_TREATED_EPITHELIAL_CELLS_6H_UP","80/4231","200/21355",3.5905332775427e-11,2.60326358991285e-10,5.16408121209893e-11
"GSE5542_UNTREATED_VS_IFNA_TREATED_EPITHELIAL_CELLS_24H_UP","GSE5542_UNTREATED_VS_IFNA_TREATED_EPITHELIAL_CELLS_24H_UP","80/4231","200/21355",3.5905332775427e-11,2.60326358991285e-10,5.16408121209893e-11
"GSE14000_4H_VS_16H_LPS_DC_UP","GSE14000_4H_VS_16H_LPS_DC_UP","79/4231","197/21355",4.09552220789162e-11,2.9610221209665e-10,5.87376505504166e-11
"GSE44732_UNSTIM_VS_IL27_STIM_IMATURE_DC_DN","GSE44732_UNSTIM_VS_IL27_STIM_IMATURE_DC_DN","79/4231","197/21355",4.09552220789162e-11,2.9610221209665e-10,5.87376505504166e-11
"GSE25146_UNSTIM_VS_HELIOBACTER_PYLORI_LPS_STIM_AGS_CELL_UP","GSE25146_UNSTIM_VS_HELIOBACTER_PYLORI_LPS_STIM_AGS_CELL_UP","74/4231","180/21355",4.19455800738279e-11,3.02835272476679e-10,6.00732844348669e-11
"HARALAMBIEVA_PBMC_FLUARIX_AGE_50_74YO_CORR_WITH_28D_MEM_B_CELL_RESPONSE_AT_3DY_POSITIVE","HARALAMBIEVA_PBMC_FLUARIX_AGE_50_74YO_CORR_WITH_28D_MEM_B_CELL_RESPONSE_AT_3DY_POSITIVE","126/4231","368/21355",4.36614094758106e-11,3.14779725700429e-10,6.24426997610971e-11
"GSE21360_TERTIARY_VS_QUATERNARY_MEMORY_CD8_TCELL_DN","GSE21360_TERTIARY_VS_QUATERNARY_MEMORY_CD8_TCELL_DN","73/4231","177/21355",4.7362255548987e-11,3.40981631943971e-10,6.76403590483759e-11
"GSE13485_DAY1_VS_DAY7_YF17D_VACCINE_PBMC_DN","GSE13485_DAY1_VS_DAY7_YF17D_VACCINE_PBMC_DN","79/4231","198/21355",5.50279152348598e-11,3.92313064664661e-10,7.7822950174767e-11
"GSE2770_IL12_ACT_VS_ACT_CD4_TCELL_48H_DN","GSE2770_IL12_ACT_VS_ACT_CD4_TCELL_48H_DN","79/4231","198/21355",5.50279152348598e-11,3.92313064664661e-10,7.7822950174767e-11
"GSE32986_CURDLAN_LOWDOSE_VS_GMCSF_AND_CURDLAN_LOWDOSE_STIM_DC_DN","GSE32986_CURDLAN_LOWDOSE_VS_GMCSF_AND_CURDLAN_LOWDOSE_STIM_DC_DN","79/4231","198/21355",5.50279152348598e-11,3.92313064664661e-10,7.7822950174767e-11
"GSE360_CTRL_VS_T_GONDII_MAC_DN","GSE360_CTRL_VS_T_GONDII_MAC_DN","79/4231","198/21355",5.50279152348598e-11,3.92313064664661e-10,7.7822950174767e-11
"GSE3982_EOSINOPHIL_VS_TH2_DN","GSE3982_EOSINOPHIL_VS_TH2_DN","79/4231","198/21355",5.50279152348598e-11,3.92313064664661e-10,7.7822950174767e-11
"GSE9988_ANTI_TREM1_VS_CTRL_TREATED_MONOCYTES_UP","GSE9988_ANTI_TREM1_VS_CTRL_TREATED_MONOCYTES_UP","79/4231","198/21355",5.50279152348598e-11,3.92313064664661e-10,7.7822950174767e-11
"GSE9988_ANTI_TREM1_VS_LOW_LPS_MONOCYTE_DN","GSE9988_ANTI_TREM1_VS_LOW_LPS_MONOCYTE_DN","79/4231","198/21355",5.50279152348598e-11,3.92313064664661e-10,7.7822950174767e-11
"NAKAYA_PLASMACYTOID_DENDRITIC_CELL_FLUARIX_FLUVIRIN_AGE_18_50YO_7DY_UP","NAKAYA_PLASMACYTOID_DENDRITIC_CELL_FLUARIX_FLUVIRIN_AGE_18_50YO_7DY_UP","85/4231","219/21355",5.67158127090392e-11,4.03785077703521e-10,8.00986477732922e-11
"GSE3565_CTRL_VS_LPS_INJECTED_DUSP1_KO_SPLENOCYTES_UP","GSE3565_CTRL_VS_LPS_INJECTED_DUSP1_KO_SPLENOCYTES_UP","74/4231","181/21355",5.73034542347717e-11,4.0683865153385e-10,8.07043837159782e-11
"GSE36095_WT_VS_HDAC9_KO_TREG_UP","GSE36095_WT_VS_HDAC9_KO_TREG_UP","74/4231","181/21355",5.73034542347717e-11,4.0683865153385e-10,8.07043837159782e-11
"GSE40274_CTRL_VS_XBP1_TRANSDUCED_ACTIVATED_CD4_TCELL_UP","GSE40274_CTRL_VS_XBP1_TRANSDUCED_ACTIVATED_CD4_TCELL_UP","71/4231","171/21355",6.01452898330371e-11,4.26424281720813e-10,8.45895755677569e-11
"GSE3920_IFNA_VS_IFNG_TREATED_FIBROBLAST_UP","GSE3920_IFNA_VS_IFNG_TREATED_FIBROBLAST_UP","72/4231","175/21355",7.32889204907156e-11,5.11150376993362e-10,1.01396649521652e-10
"GSE3920_UNTREATED_VS_IFNA_TREATED_ENDOTHELIAL_CELL_UP","GSE3920_UNTREATED_VS_IFNA_TREATED_ENDOTHELIAL_CELL_UP","72/4231","175/21355",7.32889204907156e-11,5.11150376993362e-10,1.01396649521652e-10
"GSE12845_IGD_POS_BLOOD_VS_DARKZONE_GC_TONSIL_BCELL_DN","GSE12845_IGD_POS_BLOOD_VS_DARKZONE_GC_TONSIL_BCELL_DN","79/4231","199/21355",7.36910122118796e-11,5.11150376993362e-10,1.01396649521652e-10
"GSE14769_UNSTIM_VS_80MIN_LPS_BMDM_DN","GSE14769_UNSTIM_VS_80MIN_LPS_BMDM_DN","79/4231","199/21355",7.36910122118796e-11,5.11150376993362e-10,1.01396649521652e-10
"GSE17721_CTRL_VS_CPG_0.5H_BMDC_UP","GSE17721_CTRL_VS_CPG_0.5H_BMDC_UP","79/4231","199/21355",7.36910122118796e-11,5.11150376993362e-10,1.01396649521652e-10
"GSE17721_LPS_VS_PAM3CSK4_12H_BMDC_DN","GSE17721_LPS_VS_PAM3CSK4_12H_BMDC_DN","79/4231","199/21355",7.36910122118796e-11,5.11150376993362e-10,1.01396649521652e-10
"GSE17721_LPS_VS_POLYIC_24H_BMDC_DN","GSE17721_LPS_VS_POLYIC_24H_BMDC_DN","79/4231","199/21355",7.36910122118796e-11,5.11150376993362e-10,1.01396649521652e-10
"GSE19401_UNSTIM_VS_RETINOIC_ACID_AND_PAM2CSK4_STIM_FOLLICULAR_DC_DN","GSE19401_UNSTIM_VS_RETINOIC_ACID_AND_PAM2CSK4_STIM_FOLLICULAR_DC_DN","79/4231","199/21355",7.36910122118796e-11,5.11150376993362e-10,1.01396649521652e-10
"GSE20151_CTRL_VS_FUSOBACT_NUCLEATUM_NEUTROPHIL_DN","GSE20151_CTRL_VS_FUSOBACT_NUCLEATUM_NEUTROPHIL_DN","79/4231","199/21355",7.36910122118796e-11,5.11150376993362e-10,1.01396649521652e-10
"GSE21063_CTRL_VS_ANTI_IGM_STIM_BCELL_16H_UP","GSE21063_CTRL_VS_ANTI_IGM_STIM_BCELL_16H_UP","79/4231","199/21355",7.36910122118796e-11,5.11150376993362e-10,1.01396649521652e-10
"GSE22886_TCELL_VS_BCELL_NAIVE_UP","GSE22886_TCELL_VS_BCELL_NAIVE_UP","79/4231","199/21355",7.36910122118796e-11,5.11150376993362e-10,1.01396649521652e-10
"GSE25123_CTRL_VS_IL4_STIM_MACROPHAGE_DN","GSE25123_CTRL_VS_IL4_STIM_MACROPHAGE_DN","79/4231","199/21355",7.36910122118796e-11,5.11150376993362e-10,1.01396649521652e-10
"GSE360_L_DONOVANI_VS_M_TUBERCULOSIS_DC_DN","GSE360_L_DONOVANI_VS_M_TUBERCULOSIS_DC_DN","79/4231","199/21355",7.36910122118796e-11,5.11150376993362e-10,1.01396649521652e-10
"GSE37301_COMMON_LYMPHOID_PROGENITOR_VS_PRO_BCELL_DN","GSE37301_COMMON_LYMPHOID_PROGENITOR_VS_PRO_BCELL_DN","79/4231","199/21355",7.36910122118796e-11,5.11150376993362e-10,1.01396649521652e-10
"GSE42088_UNINF_VS_LEISHMANIA_INF_DC_4H_DN","GSE42088_UNINF_VS_LEISHMANIA_INF_DC_4H_DN","79/4231","199/21355",7.36910122118796e-11,5.11150376993362e-10,1.01396649521652e-10
"GSE6092_UNSTIM_VS_IFNG_STIM_ENDOTHELIAL_CELL_DN","GSE6092_UNSTIM_VS_IFNG_STIM_ENDOTHELIAL_CELL_DN","79/4231","199/21355",7.36910122118796e-11,5.11150376993362e-10,1.01396649521652e-10
"GSE21360_SECONDARY_VS_QUATERNARY_MEMORY_CD8_TCELL_UP","GSE21360_SECONDARY_VS_QUATERNARY_MEMORY_CD8_TCELL_UP","74/4231","182/21355",7.79889538219729e-11,5.40231590934369e-10,1.07165475664333e-10
"GSE29618_BCELL_VS_PDC_UP","GSE29618_BCELL_VS_PDC_UP","78/4231","196/21355",8.42634720913519e-11,5.82907635546923e-10,1.15631101697913e-10
"OCONNOR_PBMC_MENVEO_ACWYVAX_AGE_30_70YO_7DY_AFTER_SECOND_DOSE_VS_7DY_AFTER_FIRST_DOSE_DN","OCONNOR_PBMC_MENVEO_ACWYVAX_AGE_30_70YO_7DY_AFTER_SECOND_DOSE_VS_7DY_AFTER_FIRST_DOSE_DN","91/4231","242/21355",8.97162903199306e-11,6.19792054150895e-10,1.22947845721454e-10
"GSE21033_CTRL_VS_POLYIC_STIM_DC_12H_UP","GSE21033_CTRL_VS_POLYIC_STIM_DC_12H_UP","67/4231","159/21355",9.52747574658757e-11,6.42291073231351e-10,1.27410965098771e-10
"GSE13485_CTRL_VS_DAY7_YF17D_VACCINE_PBMC_DN","GSE13485_CTRL_VS_DAY7_YF17D_VACCINE_PBMC_DN","79/4231","200/21355",9.83610012654332e-11,6.42291073231351e-10,1.27410965098771e-10
"GSE1432_6H_VS_24H_IFNG_MICROGLIA_UP","GSE1432_6H_VS_24H_IFNG_MICROGLIA_UP","79/4231","200/21355",9.83610012654332e-11,6.42291073231351e-10,1.27410965098771e-10
"GSE15330_HSC_VS_MEGAKARYOCYTE_ERYTHROID_PROGENITOR_IKAROS_KO_UP","GSE15330_HSC_VS_MEGAKARYOCYTE_ERYTHROID_PROGENITOR_IKAROS_KO_UP","79/4231","200/21355",9.83610012654332e-11,6.42291073231351e-10,1.27410965098771e-10
"GSE15735_CTRL_VS_HDAC_INHIBITOR_TREATED_CD4_TCELL_12H_DN","GSE15735_CTRL_VS_HDAC_INHIBITOR_TREATED_CD4_TCELL_12H_DN","79/4231","200/21355",9.83610012654332e-11,6.42291073231351e-10,1.27410965098771e-10
"GSE17721_CTRL_VS_PAM3CSK4_12H_BMDC_UP","GSE17721_CTRL_VS_PAM3CSK4_12H_BMDC_UP","79/4231","200/21355",9.83610012654332e-11,6.42291073231351e-10,1.27410965098771e-10
"GSE17721_POLYIC_VS_GARDIQUIMOD_16H_BMDC_UP","GSE17721_POLYIC_VS_GARDIQUIMOD_16H_BMDC_UP","79/4231","200/21355",9.83610012654332e-11,6.42291073231351e-10,1.27410965098771e-10
"GSE19401_NAIVE_VS_IMMUNIZED_MOUSE_PLN_FOLLICULAR_DC_DN","GSE19401_NAIVE_VS_IMMUNIZED_MOUSE_PLN_FOLLICULAR_DC_DN","79/4231","200/21355",9.83610012654332e-11,6.42291073231351e-10,1.27410965098771e-10
"GSE20366_CD103_KLRG1_DP_VS_DN_TREG_DN","GSE20366_CD103_KLRG1_DP_VS_DN_TREG_DN","79/4231","200/21355",9.83610012654332e-11,6.42291073231351e-10,1.27410965098771e-10
"GSE22140_HEALTHY_VS_ARTHRITIC_GERMFREE_MOUSE_CD4_TCELL_UP","GSE22140_HEALTHY_VS_ARTHRITIC_GERMFREE_MOUSE_CD4_TCELL_UP","79/4231","200/21355",9.83610012654332e-11,6.42291073231351e-10,1.27410965098771e-10
"GSE22886_DAY0_VS_DAY7_MONOCYTE_IN_CULTURE_DN","GSE22886_DAY0_VS_DAY7_MONOCYTE_IN_CULTURE_DN","79/4231","200/21355",9.83610012654332e-11,6.42291073231351e-10,1.27410965098771e-10
"GSE23568_ID3_KO_VS_WT_CD8_TCELL_DN","GSE23568_ID3_KO_VS_WT_CD8_TCELL_DN","79/4231","200/21355",9.83610012654332e-11,6.42291073231351e-10,1.27410965098771e-10
"GSE23568_ID3_TRANSDUCED_VS_ID3_KO_CD8_TCELL_UP","GSE23568_ID3_TRANSDUCED_VS_ID3_KO_CD8_TCELL_UP","79/4231","200/21355",9.83610012654332e-11,6.42291073231351e-10,1.27410965098771e-10
"GSE24142_EARLY_THYMIC_PROGENITOR_VS_DN3_THYMOCYTE_ADULT_UP","GSE24142_EARLY_THYMIC_PROGENITOR_VS_DN3_THYMOCYTE_ADULT_UP","79/4231","200/21355",9.83610012654332e-11,6.42291073231351e-10,1.27410965098771e-10
"GSE24574_BCL6_HIGH_TFH_VS_TFH_CD4_TCELL_DN","GSE24574_BCL6_HIGH_TFH_VS_TFH_CD4_TCELL_DN","79/4231","200/21355",9.83610012654332e-11,6.42291073231351e-10,1.27410965098771e-10
"GSE24634_NAIVE_CD4_TCELL_VS_DAY5_IL4_CONV_TREG_DN","GSE24634_NAIVE_CD4_TCELL_VS_DAY5_IL4_CONV_TREG_DN","79/4231","200/21355",9.83610012654332e-11,6.42291073231351e-10,1.27410965098771e-10
"GSE25088_CTRL_VS_ROSIGLITAZONE_STIM_STAT6_KO_MACROPHAGE_DN","GSE25088_CTRL_VS_ROSIGLITAZONE_STIM_STAT6_KO_MACROPHAGE_DN","79/4231","200/21355",9.83610012654332e-11,6.42291073231351e-10,1.27410965098771e-10
"GSE26669_CTRL_VS_COSTIM_BLOCK_MLR_CD8_TCELL_DN","GSE26669_CTRL_VS_COSTIM_BLOCK_MLR_CD8_TCELL_DN","79/4231","200/21355",9.83610012654332e-11,6.42291073231351e-10,1.27410965098771e-10
"GSE2770_UNTREATED_VS_IL12_TREATED_ACT_CD4_TCELL_2H_DN","GSE2770_UNTREATED_VS_IL12_TREATED_ACT_CD4_TCELL_2H_DN","79/4231","200/21355",9.83610012654332e-11,6.42291073231351e-10,1.27410965098771e-10
"GSE28237_FOLLICULAR_VS_LATE_GC_BCELL_DN","GSE28237_FOLLICULAR_VS_LATE_GC_BCELL_DN","79/4231","200/21355",9.83610012654332e-11,6.42291073231351e-10,1.27410965098771e-10
"GSE29164_UNTREATED_VS_CD8_TCELL_TREATED_MELANOMA_DAY3_DN","GSE29164_UNTREATED_VS_CD8_TCELL_TREATED_MELANOMA_DAY3_DN","79/4231","200/21355",9.83610012654332e-11,6.42291073231351e-10,1.27410965098771e-10
"GSE29164_UNTREATED_VS_CD8_TCELL_TREATED_MELANOMA_DAY7_UP","GSE29164_UNTREATED_VS_CD8_TCELL_TREATED_MELANOMA_DAY7_UP","79/4231","200/21355",9.83610012654332e-11,6.42291073231351e-10,1.27410965098771e-10
"GSE339_EX_VIVO_VS_IN_CULTURE_CD8POS_DC_UP","GSE339_EX_VIVO_VS_IN_CULTURE_CD8POS_DC_UP","79/4231","200/21355",9.83610012654332e-11,6.42291073231351e-10,1.27410965098771e-10
"GSE34006_UNTREATED_VS_A2AR_AGONIST_TREATED_TREG_DN","GSE34006_UNTREATED_VS_A2AR_AGONIST_TREATED_TREG_DN","79/4231","200/21355",9.83610012654332e-11,6.42291073231351e-10,1.27410965098771e-10
"GSE36527_CD69_NEG_VS_POS_TREG_CD62L_LOS_KLRG1_NEG_DN","GSE36527_CD69_NEG_VS_POS_TREG_CD62L_LOS_KLRG1_NEG_DN","79/4231","200/21355",9.83610012654332e-11,6.42291073231351e-10,1.27410965098771e-10
"GSE37301_MULTIPOTENT_PROGENITOR_VS_RAG2_KO_NK_CELL_UP","GSE37301_MULTIPOTENT_PROGENITOR_VS_RAG2_KO_NK_CELL_UP","79/4231","200/21355",9.83610012654332e-11,6.42291073231351e-10,1.27410965098771e-10
"GSE39556_UNTREATED_VS_3H_POLYIC_INJ_MOUSE_CD8A_DC_DN","GSE39556_UNTREATED_VS_3H_POLYIC_INJ_MOUSE_CD8A_DC_DN","79/4231","200/21355",9.83610012654332e-11,6.42291073231351e-10,1.27410965098771e-10
"GSE3982_DC_VS_BASOPHIL_UP","GSE3982_DC_VS_BASOPHIL_UP","79/4231","200/21355",9.83610012654332e-11,6.42291073231351e-10,1.27410965098771e-10
"GSE40068_BCL6_POS_VS_NEG_CXCR5_POS_TFH_UP","GSE40068_BCL6_POS_VS_NEG_CXCR5_POS_TFH_UP","79/4231","200/21355",9.83610012654332e-11,6.42291073231351e-10,1.27410965098771e-10
"GSE40655_FOXO1_KO_VS_WT_NTREG_DN","GSE40655_FOXO1_KO_VS_WT_NTREG_DN","79/4231","200/21355",9.83610012654332e-11,6.42291073231351e-10,1.27410965098771e-10
"GSE40666_NAIVE_VS_EFFECTOR_CD8_TCELL_WITH_IFNA_STIM_90MIN_UP","GSE40666_NAIVE_VS_EFFECTOR_CD8_TCELL_WITH_IFNA_STIM_90MIN_UP","79/4231","200/21355",9.83610012654332e-11,6.42291073231351e-10,1.27410965098771e-10
"GSE411_UNSTIM_VS_100MIN_IL6_STIM_MACROPHAGE_UP","GSE411_UNSTIM_VS_100MIN_IL6_STIM_MACROPHAGE_UP","79/4231","200/21355",9.83610012654332e-11,6.42291073231351e-10,1.27410965098771e-10
"GSE41867_DAY8_EFFECTOR_VS_DAY30_MEMORY_CD8_TCELL_LCMV_ARMSTRONG_DN","GSE41867_DAY8_EFFECTOR_VS_DAY30_MEMORY_CD8_TCELL_LCMV_ARMSTRONG_DN","79/4231","200/21355",9.83610012654332e-11,6.42291073231351e-10,1.27410965098771e-10
"GSE41867_NAIVE_VS_DAY15_LCMV_EFFECTOR_CD8_TCELL_DN","GSE41867_NAIVE_VS_DAY15_LCMV_EFFECTOR_CD8_TCELL_DN","79/4231","200/21355",9.83610012654332e-11,6.42291073231351e-10,1.27410965098771e-10
"GSE43863_TH1_VS_LY6C_INT_CXCR5POS_MEMORY_CD4_TCELL_UP","GSE43863_TH1_VS_LY6C_INT_CXCR5POS_MEMORY_CD4_TCELL_UP","79/4231","200/21355",9.83610012654332e-11,6.42291073231351e-10,1.27410965098771e-10
"GSE43955_1H_VS_60H_ACT_CD4_TCELL_WITH_TGFB_IL6_UP","GSE43955_1H_VS_60H_ACT_CD4_TCELL_WITH_TGFB_IL6_UP","79/4231","200/21355",9.83610012654332e-11,6.42291073231351e-10,1.27410965098771e-10
"GSE557_CIITA_KO_VS_I_AB_KO_DC_UP","GSE557_CIITA_KO_VS_I_AB_KO_DC_UP","79/4231","200/21355",9.83610012654332e-11,6.42291073231351e-10,1.27410965098771e-10
"GSE5589_UNSTIM_VS_180MIN_LPS_AND_IL10_STIM_MACROPHAGE_UP","GSE5589_UNSTIM_VS_180MIN_LPS_AND_IL10_STIM_MACROPHAGE_UP","79/4231","200/21355",9.83610012654332e-11,6.42291073231351e-10,1.27410965098771e-10
"GSE7460_CTRL_VS_TGFB_TREATED_ACT_CD8_TCELL_UP","GSE7460_CTRL_VS_TGFB_TREATED_ACT_CD8_TCELL_UP","79/4231","200/21355",9.83610012654332e-11,6.42291073231351e-10,1.27410965098771e-10
"GSE7460_CTRL_VS_TGFB_TREATED_ACT_FOXP3_HET_TCONV_DN","GSE7460_CTRL_VS_TGFB_TREATED_ACT_FOXP3_HET_TCONV_DN","79/4231","200/21355",9.83610012654332e-11,6.42291073231351e-10,1.27410965098771e-10
"GSE8621_LPS_PRIMED_UNSTIM_VS_LPS_PRIMED_AND_LPS_STIM_MACROPHAGE_DN","GSE8621_LPS_PRIMED_UNSTIM_VS_LPS_PRIMED_AND_LPS_STIM_MACROPHAGE_DN","79/4231","200/21355",9.83610012654332e-11,6.42291073231351e-10,1.27410965098771e-10
"GSE8621_LPS_STIM_VS_LPS_PRIMED_AND_LPS_STIM_MACROPHAGE_DN","GSE8621_LPS_STIM_VS_LPS_PRIMED_AND_LPS_STIM_MACROPHAGE_DN","79/4231","200/21355",9.83610012654332e-11,6.42291073231351e-10,1.27410965098771e-10
"GSE9006_TYPE_1_DIABETES_AT_DX_VS_1MONTH_POST_DX_PBMC_UP","GSE9006_TYPE_1_DIABETES_AT_DX_VS_1MONTH_POST_DX_PBMC_UP","79/4231","200/21355",9.83610012654332e-11,6.42291073231351e-10,1.27410965098771e-10
"GSE21360_TERTIARY_VS_QUATERNARY_MEMORY_CD8_TCELL_UP","GSE21360_TERTIARY_VS_QUATERNARY_MEMORY_CD8_TCELL_UP","74/4231","183/21355",1.05746813991644e-10,6.89641435777569e-10,1.36803833287704e-10
"GSE14000_UNSTIM_VS_16H_LPS_DC_UP","GSE14000_UNSTIM_VS_16H_LPS_DC_UP","78/4231","197/21355",1.12650392267573e-10,7.33730509229455e-10,1.45549761158933e-10
"GSE3920_UNTREATED_VS_IFNG_TREATED_ENDOTHELIAL_CELL_DN","GSE3920_UNTREATED_VS_IFNG_TREATED_ENDOTHELIAL_CELL_DN","74/4231","184/21355",1.42858822267594e-10,9.29307516425998e-10,1.84346276129436e-10
"GSE25088_ROSIGLITAZONE_VS_IL4_AND_ROSIGLITAZONE_STIM_STAT6_KO_MACROPHAGE_DAY10_DN","GSE25088_ROSIGLITAZONE_VS_IL4_AND_ROSIGLITAZONE_STIM_STAT6_KO_MACROPHAGE_DAY10_DN","78/4231","198/21355",1.50105002338835e-10,9.71512931804126e-10,1.92718543672667e-10
"GSE2770_TGFB_AND_IL4_VS_IL12_TREATED_ACT_CD4_TCELL_48H_DN","GSE2770_TGFB_AND_IL4_VS_IL12_TREATED_ACT_CD4_TCELL_48H_DN","78/4231","198/21355",1.50105002338835e-10,9.71512931804126e-10,1.92718543672667e-10
"GSE6259_BCELL_VS_CD8_TCELL_DN","GSE6259_BCELL_VS_CD8_TCELL_DN","78/4231","198/21355",1.50105002338835e-10,9.71512931804126e-10,1.92718543672667e-10
"GSE9988_ANTI_TREM1_VS_LPS_MONOCYTE_DN","GSE9988_ANTI_TREM1_VS_LPS_MONOCYTE_DN","78/4231","198/21355",1.50105002338835e-10,9.71512931804126e-10,1.92718543672667e-10
"HOWARD_NEUTROPHIL_INACT_MONOV_INFLUENZA_A_INDONESIA_05_2005_H5N1_AGE_18_49YO_1DY_UP","HOWARD_NEUTROPHIL_INACT_MONOV_INFLUENZA_A_INDONESIA_05_2005_H5N1_AGE_18_49YO_1DY_UP","131/4231","394/21355",1.69850029038967e-10,1.09792086866803e-09,2.17794024094567e-10
"GSE6259_33D1_POS_VS_DEC205_POS_FLT3L_INDUCED_SPLENIC_DC_DN","GSE6259_33D1_POS_VS_DEC205_POS_FLT3L_INDUCED_SPLENIC_DC_DN","72/4231","178/21355",1.84977655269662e-10,1.19420083238323e-09,2.36893033263281e-10
"GSE7219_WT_VS_NIK_NFKB2_KO_DC_UP","GSE7219_WT_VS_NIK_NFKB2_KO_DC_UP","74/4231","185/21355",1.92298354936355e-10,1.2399010910739e-09,2.45958571159906e-10
"GSE12366_PLASMA_CELL_VS_NAIVE_BCELL_DN","GSE12366_PLASMA_CELL_VS_NAIVE_BCELL_DN","78/4231","199/21355",1.99363607544637e-10,1.26477456964581e-09,2.50892710901667e-10
"GSE15930_NAIVE_VS_72H_IN_VITRO_STIM_TRICHOSTATINA_CD8_TCELL_DN","GSE15930_NAIVE_VS_72H_IN_VITRO_STIM_TRICHOSTATINA_CD8_TCELL_DN","78/4231","199/21355",1.99363607544637e-10,1.26477456964581e-09,2.50892710901667e-10
"GSE17974_0.5H_VS_72H_UNTREATED_IN_VITRO_CD4_TCELL_DN","GSE17974_0.5H_VS_72H_UNTREATED_IN_VITRO_CD4_TCELL_DN","78/4231","199/21355",1.99363607544637e-10,1.26477456964581e-09,2.50892710901667e-10
"GSE17974_2H_VS_72H_UNTREATED_IN_VITRO_CD4_TCELL_DN","GSE17974_2H_VS_72H_UNTREATED_IN_VITRO_CD4_TCELL_DN","78/4231","199/21355",1.99363607544637e-10,1.26477456964581e-09,2.50892710901667e-10
"GSE25087_FETAL_VS_ADULT_TCONV_UP","GSE25087_FETAL_VS_ADULT_TCONV_UP","78/4231","199/21355",1.99363607544637e-10,1.26477456964581e-09,2.50892710901667e-10
"GSE31082_DP_VS_CD4_SP_THYMOCYTE_DN","GSE31082_DP_VS_CD4_SP_THYMOCYTE_DN","78/4231","199/21355",1.99363607544637e-10,1.26477456964581e-09,2.50892710901667e-10
"GSE360_DC_VS_MAC_T_GONDII_DN","GSE360_DC_VS_MAC_T_GONDII_DN","78/4231","199/21355",1.99363607544637e-10,1.26477456964581e-09,2.50892710901667e-10
"GSE39022_LN_VS_SPLEEN_DC_UP","GSE39022_LN_VS_SPLEEN_DC_UP","78/4231","199/21355",1.99363607544637e-10,1.26477456964581e-09,2.50892710901667e-10
"GSE3982_DC_VS_MAC_LPS_STIM_DN","GSE3982_DC_VS_MAC_LPS_STIM_DN","78/4231","199/21355",1.99363607544637e-10,1.26477456964581e-09,2.50892710901667e-10
"GSE5589_UNSTIM_VS_180MIN_LPS_AND_IL10_STIM_MACROPHAGE_DN","GSE5589_UNSTIM_VS_180MIN_LPS_AND_IL10_STIM_MACROPHAGE_DN","78/4231","199/21355",1.99363607544637e-10,1.26477456964581e-09,2.50892710901667e-10
"GSE6674_CPG_VS_CPG_AND_ANTI_IGM_STIM_BCELL_UP","GSE6674_CPG_VS_CPG_AND_ANTI_IGM_STIM_BCELL_UP","78/4231","199/21355",1.99363607544637e-10,1.26477456964581e-09,2.50892710901667e-10
"GSE7460_CD8_TCELL_VS_TREG_ACT_DN","GSE7460_CD8_TCELL_VS_TREG_ACT_DN","78/4231","199/21355",1.99363607544637e-10,1.26477456964581e-09,2.50892710901667e-10
"GSE9650_EFFECTOR_VS_MEMORY_CD8_TCELL_UP","GSE9650_EFFECTOR_VS_MEMORY_CD8_TCELL_UP","78/4231","199/21355",1.99363607544637e-10,1.26477456964581e-09,2.50892710901667e-10
"GAUCHER_PBMC_YF_VAX_STAMARIL_UNKNOWN_AGE_10DY_UP","GAUCHER_PBMC_YF_VAX_STAMARIL_UNKNOWN_AGE_10DY_UP","77/4231","196/21355",2.28856357023622e-10,1.45008366638206e-09,2.87652385511442e-10
"GSE11961_UNSTIM_VS_ANTI_IGM_AND_CD40_STIM_6H_FOLLICULAR_BCELL_UP","GSE11961_UNSTIM_VS_ANTI_IGM_AND_CD40_STIM_6H_FOLLICULAR_BCELL_UP","78/4231","200/21355",2.63939044346098e-10,1.58239946352994e-09,3.1389980527957e-10
"GSE12392_WT_VS_IFNAR_KO_CD8A_NEG_SPLEEN_DC_UP","GSE12392_WT_VS_IFNAR_KO_CD8A_NEG_SPLEEN_DC_UP","78/4231","200/21355",2.63939044346098e-10,1.58239946352994e-09,3.1389980527957e-10
"GSE1432_CTRL_VS_IFNG_24H_MICROGLIA_UP","GSE1432_CTRL_VS_IFNG_24H_MICROGLIA_UP","78/4231","200/21355",2.63939044346098e-10,1.58239946352994e-09,3.1389980527957e-10
"GSE15930_STIM_VS_STIM_AND_IFNAB_48H_CD8_T_CELL_DN","GSE15930_STIM_VS_STIM_AND_IFNAB_48H_CD8_T_CELL_DN","78/4231","200/21355",2.63939044346098e-10,1.58239946352994e-09,3.1389980527957e-10
"GSE17186_CD21LOW_VS_CD21HIGH_TRANSITIONAL_BCELL_UP","GSE17186_CD21LOW_VS_CD21HIGH_TRANSITIONAL_BCELL_UP","78/4231","200/21355",2.63939044346098e-10,1.58239946352994e-09,3.1389980527957e-10
"GSE17301_IFNA2_VS_IFNA5_STIM_ACD3_ACD28_ACT_CD8_TCELL_DN","GSE17301_IFNA2_VS_IFNA5_STIM_ACD3_ACD28_ACT_CD8_TCELL_DN","78/4231","200/21355",2.63939044346098e-10,1.58239946352994e-09,3.1389980527957e-10
"GSE17721_ALL_VS_24H_PAM3CSK4_BMDC_DN","GSE17721_ALL_VS_24H_PAM3CSK4_BMDC_DN","78/4231","200/21355",2.63939044346098e-10,1.58239946352994e-09,3.1389980527957e-10
"GSE17721_CTRL_VS_GARDIQUIMOD_24H_BMDC_UP","GSE17721_CTRL_VS_GARDIQUIMOD_24H_BMDC_UP","78/4231","200/21355",2.63939044346098e-10,1.58239946352994e-09,3.1389980527957e-10
"GSE18281_SUBCAPSULAR_VS_CENTRAL_CORTICAL_REGION_OF_THYMUS_DN","GSE18281_SUBCAPSULAR_VS_CENTRAL_CORTICAL_REGION_OF_THYMUS_DN","78/4231","200/21355",2.63939044346098e-10,1.58239946352994e-09,3.1389980527957e-10
"GSE19772_HCMV_INFL_VS_HCMV_INF_MONOCYTES_AND_PI3K_INHIBITION_DN","GSE19772_HCMV_INFL_VS_HCMV_INF_MONOCYTES_AND_PI3K_INHIBITION_DN","78/4231","200/21355",2.63939044346098e-10,1.58239946352994e-09,3.1389980527957e-10
"GSE19888_ADENOSINE_A3R_ACT_VS_TCELL_MEMBRANES_ACT_IN_MAST_CELL_UP","GSE19888_ADENOSINE_A3R_ACT_VS_TCELL_MEMBRANES_ACT_IN_MAST_CELL_UP","78/4231","200/21355",2.63939044346098e-10,1.58239946352994e-09,3.1389980527957e-10
"GSE19888_CTRL_VS_A3R_INHIBITOR_TREATED_MAST_CELL_UP","GSE19888_CTRL_VS_A3R_INHIBITOR_TREATED_MAST_CELL_UP","78/4231","200/21355",2.63939044346098e-10,1.58239946352994e-09,3.1389980527957e-10
"GSE21670_UNTREATED_VS_IL6_TREATED_CD4_TCELL_DN","GSE21670_UNTREATED_VS_IL6_TREATED_CD4_TCELL_DN","78/4231","200/21355",2.63939044346098e-10,1.58239946352994e-09,3.1389980527957e-10
"GSE21927_SPLEEN_C57BL6_VS_EL4_TUMOR_BALBC_MONOCYTES_DN","GSE21927_SPLEEN_C57BL6_VS_EL4_TUMOR_BALBC_MONOCYTES_DN","78/4231","200/21355",2.63939044346098e-10,1.58239946352994e-09,3.1389980527957e-10
"GSE23308_WT_VS_MINERALCORTICOID_REC_KO_MACROPHAGE_UP","GSE23308_WT_VS_MINERALCORTICOID_REC_KO_MACROPHAGE_UP","78/4231","200/21355",2.63939044346098e-10,1.58239946352994e-09,3.1389980527957e-10
"GSE23505_IL6_IL1_IL23_VS_IL6_IL1_TGFB_TREATED_CD4_TCELL_UP","GSE23505_IL6_IL1_IL23_VS_IL6_IL1_TGFB_TREATED_CD4_TCELL_UP","78/4231","200/21355",2.63939044346098e-10,1.58239946352994e-09,3.1389980527957e-10
"GSE23568_CTRL_VS_ID3_TRANSDUCED_CD8_TCELL_UP","GSE23568_CTRL_VS_ID3_TRANSDUCED_CD8_TCELL_UP","78/4231","200/21355",2.63939044346098e-10,1.58239946352994e-09,3.1389980527957e-10
"GSE24026_PD1_LIGATION_VS_CTRL_IN_ACT_TCELL_LINE_DN","GSE24026_PD1_LIGATION_VS_CTRL_IN_ACT_TCELL_LINE_DN","78/4231","200/21355",2.63939044346098e-10,1.58239946352994e-09,3.1389980527957e-10
"GSE2405_0H_VS_24H_A_PHAGOCYTOPHILUM_STIM_NEUTROPHIL_DN","GSE2405_0H_VS_24H_A_PHAGOCYTOPHILUM_STIM_NEUTROPHIL_DN","78/4231","200/21355",2.63939044346098e-10,1.58239946352994e-09,3.1389980527957e-10
"GSE24972_WT_VS_IRF8_KO_SPLEEN_FOLLICULAR_BCELL_DN","GSE24972_WT_VS_IRF8_KO_SPLEEN_FOLLICULAR_BCELL_DN","78/4231","200/21355",2.63939044346098e-10,1.58239946352994e-09,3.1389980527957e-10
"GSE2770_IL12_AND_TGFB_ACT_VS_ACT_CD4_TCELL_48H_DN","GSE2770_IL12_AND_TGFB_ACT_VS_ACT_CD4_TCELL_48H_DN","78/4231","200/21355",2.63939044346098e-10,1.58239946352994e-09,3.1389980527957e-10
"GSE27786_CD4_TCELL_VS_MONO_MAC_DN","GSE27786_CD4_TCELL_VS_MONO_MAC_DN","78/4231","200/21355",2.63939044346098e-10,1.58239946352994e-09,3.1389980527957e-10
"GSE28726_NAIVE_VS_ACTIVATED_NKTCELL_DN","GSE28726_NAIVE_VS_ACTIVATED_NKTCELL_DN","78/4231","200/21355",2.63939044346098e-10,1.58239946352994e-09,3.1389980527957e-10
"GSE31082_DN_VS_CD8_SP_THYMOCYTE_DN","GSE31082_DN_VS_CD8_SP_THYMOCYTE_DN","78/4231","200/21355",2.63939044346098e-10,1.58239946352994e-09,3.1389980527957e-10
"GSE32164_ALTERNATIVELY_ACT_M2_VS_CMYC_INHIBITED_MACROPHAGE_UP","GSE32164_ALTERNATIVELY_ACT_M2_VS_CMYC_INHIBITED_MACROPHAGE_UP","78/4231","200/21355",2.63939044346098e-10,1.58239946352994e-09,3.1389980527957e-10
"GSE32986_GMCSF_VS_GMCSF_AND_CURDLAN_HIGHDOSE_STIM_DC_UP","GSE32986_GMCSF_VS_GMCSF_AND_CURDLAN_HIGHDOSE_STIM_DC_UP","78/4231","200/21355",2.63939044346098e-10,1.58239946352994e-09,3.1389980527957e-10
"GSE33424_CD161_HIGH_VS_INT_CD8_TCELL_DN","GSE33424_CD161_HIGH_VS_INT_CD8_TCELL_DN","78/4231","200/21355",2.63939044346098e-10,1.58239946352994e-09,3.1389980527957e-10
"GSE34515_CD16_POS_MONOCYTE_VS_DC_DN","GSE34515_CD16_POS_MONOCYTE_VS_DC_DN","78/4231","200/21355",2.63939044346098e-10,1.58239946352994e-09,3.1389980527957e-10
"GSE36891_UNSTIM_VS_POLYIC_TLR3_STIM_PERITONEAL_MACROPHAGE_DN","GSE36891_UNSTIM_VS_POLYIC_TLR3_STIM_PERITONEAL_MACROPHAGE_DN","78/4231","200/21355",2.63939044346098e-10,1.58239946352994e-09,3.1389980527957e-10
"GSE369_PRE_VS_POST_IL6_INJECTION_IFNG_KO_LIVER_UP","GSE369_PRE_VS_POST_IL6_INJECTION_IFNG_KO_LIVER_UP","78/4231","200/21355",2.63939044346098e-10,1.58239946352994e-09,3.1389980527957e-10
"GSE37532_TREG_VS_TCONV_CD4_TCELL_FROM_LN_DN","GSE37532_TREG_VS_TCONV_CD4_TCELL_FROM_LN_DN","78/4231","200/21355",2.63939044346098e-10,1.58239946352994e-09,3.1389980527957e-10
"GSE3982_DC_VS_MAC_DN","GSE3982_DC_VS_MAC_DN","78/4231","200/21355",2.63939044346098e-10,1.58239946352994e-09,3.1389980527957e-10
"GSE3982_EFF_MEMORY_CD4_TCELL_VS_TH2_DN","GSE3982_EFF_MEMORY_CD4_TCELL_VS_TH2_DN","78/4231","200/21355",2.63939044346098e-10,1.58239946352994e-09,3.1389980527957e-10
"GSE3982_NEUTROPHIL_VS_BCELL_UP","GSE3982_NEUTROPHIL_VS_BCELL_UP","78/4231","200/21355",2.63939044346098e-10,1.58239946352994e-09,3.1389980527957e-10
"GSE40274_GATA1_VS_FOXP3_AND_GATA1_TRANSDUCED_ACTIVATED_CD4_TCELL_DN","GSE40274_GATA1_VS_FOXP3_AND_GATA1_TRANSDUCED_ACTIVATED_CD4_TCELL_DN","78/4231","200/21355",2.63939044346098e-10,1.58239946352994e-09,3.1389980527957e-10
"GSE40277_EOS_AND_LEF1_TRANSDUCED_VS_CTRL_CD4_TCELL_UP","GSE40277_EOS_AND_LEF1_TRANSDUCED_VS_CTRL_CD4_TCELL_UP","78/4231","200/21355",2.63939044346098e-10,1.58239946352994e-09,3.1389980527957e-10
"GSE411_100MIN_VS_400MIN_IL6_STIM_MACROPHAGE_DN","GSE411_100MIN_VS_400MIN_IL6_STIM_MACROPHAGE_DN","78/4231","200/21355",2.63939044346098e-10,1.58239946352994e-09,3.1389980527957e-10
"GSE46606_UNSTIM_VS_CD40L_IL2_IL5_3DAY_STIMULATED_IRF4MID_SORTED_BCELL_DN","GSE46606_UNSTIM_VS_CD40L_IL2_IL5_3DAY_STIMULATED_IRF4MID_SORTED_BCELL_DN","78/4231","200/21355",2.63939044346098e-10,1.58239946352994e-09,3.1389980527957e-10
"GSE5589_LPS_VS_LPS_AND_IL10_STIM_IL6_KO_MACROPHAGE_180MIN_DN","GSE5589_LPS_VS_LPS_AND_IL10_STIM_IL6_KO_MACROPHAGE_180MIN_DN","78/4231","200/21355",2.63939044346098e-10,1.58239946352994e-09,3.1389980527957e-10
"GSE5589_LPS_VS_LPS_AND_IL10_STIM_IL6_KO_MACROPHAGE_45MIN_DN","GSE5589_LPS_VS_LPS_AND_IL10_STIM_IL6_KO_MACROPHAGE_45MIN_DN","78/4231","200/21355",2.63939044346098e-10,1.58239946352994e-09,3.1389980527957e-10
"GSE5589_WT_VS_IL10_KO_LPS_STIM_MACROPHAGE_45MIN_UP","GSE5589_WT_VS_IL10_KO_LPS_STIM_MACROPHAGE_45MIN_UP","78/4231","200/21355",2.63939044346098e-10,1.58239946352994e-09,3.1389980527957e-10
"GSE5679_PPARG_LIGAND_ROSIGLITAZONE_VS_RARA_AGONIST_AM580_TREATED_DC_DN","GSE5679_PPARG_LIGAND_ROSIGLITAZONE_VS_RARA_AGONIST_AM580_TREATED_DC_DN","78/4231","200/21355",2.63939044346098e-10,1.58239946352994e-09,3.1389980527957e-10
"GSE7460_TCONV_VS_TREG_LN_DN","GSE7460_TCONV_VS_TREG_LN_DN","78/4231","200/21355",2.63939044346098e-10,1.58239946352994e-09,3.1389980527957e-10
"GSE7764_NKCELL_VS_SPLENOCYTE_DN","GSE7764_NKCELL_VS_SPLENOCYTE_DN","78/4231","200/21355",2.63939044346098e-10,1.58239946352994e-09,3.1389980527957e-10
"GSE7852_LN_VS_FAT_TCONV_DN","GSE7852_LN_VS_FAT_TCONV_DN","78/4231","200/21355",2.63939044346098e-10,1.58239946352994e-09,3.1389980527957e-10
"GSE9650_EFFECTOR_VS_EXHAUSTED_CD8_TCELL_UP","GSE9650_EFFECTOR_VS_EXHAUSTED_CD8_TCELL_UP","78/4231","200/21355",2.63939044346098e-10,1.58239946352994e-09,3.1389980527957e-10
"GARCIA_PINERES_PBMC_HPV_16_L1_VLP_AGE_18_25YO_2MO_DN","GARCIA_PINERES_PBMC_HPV_16_L1_VLP_AGE_18_25YO_2MO_DN","102/4231","287/21355",2.92361178455932e-10,1.75075163640783e-09,3.47295743222368e-10
"GSE3982_EOSINOPHIL_VS_NKCELL_UP","GSE3982_EOSINOPHIL_VS_NKCELL_UP","77/4231","197/21355",3.03421851075412e-10,1.81486628776262e-09,3.60014135157954e-10
"GSE37605_C57BL6_VS_NOD_FOXP3_FUSION_GFP_TREG_DN","GSE37605_C57BL6_VS_NOD_FOXP3_FUSION_GFP_TREG_DN","75/4231","191/21355",4.00217710205623e-10,2.37900459397141e-09,4.71921974203006e-10
"GSE11864_UNTREATED_VS_CSF1_PAM3CYS_IN_MAC_UP","GSE11864_UNTREATED_VS_CSF1_PAM3CYS_IN_MAC_UP","77/4231","198/21355",4.00987118453237e-10,2.37900459397141e-09,4.71921974203006e-10
"GSE19198_6H_VS_24H_IL21_TREATED_TCELL_DN","GSE19198_6H_VS_24H_IL21_TREATED_TCELL_DN","77/4231","198/21355",4.00987118453237e-10,2.37900459397141e-09,4.71921974203006e-10
"GSE36476_CTRL_VS_TSST_ACT_16H_MEMORY_CD4_TCELL_YOUNG_UP","GSE36476_CTRL_VS_TSST_ACT_16H_MEMORY_CD4_TCELL_YOUNG_UP","77/4231","198/21355",4.00987118453237e-10,2.37900459397141e-09,4.71921974203006e-10
"GSE37301_LYMPHOID_PRIMED_MPP_VS_CD4_TCELL_DN","GSE37301_LYMPHOID_PRIMED_MPP_VS_CD4_TCELL_DN","77/4231","198/21355",4.00987118453237e-10,2.37900459397141e-09,4.71921974203006e-10
"GSE37416_CTRL_VS_12H_F_TULARENSIS_LVS_NEUTROPHIL_DN","GSE37416_CTRL_VS_12H_F_TULARENSIS_LVS_NEUTROPHIL_DN","77/4231","198/21355",4.00987118453237e-10,2.37900459397141e-09,4.71921974203006e-10
"GSE44955_MCSF_VS_MCSF_AND_IL27_STIM_MACROPHAGE_UP","GSE44955_MCSF_VS_MCSF_AND_IL27_STIM_MACROPHAGE_UP","77/4231","198/21355",4.00987118453237e-10,2.37900459397141e-09,4.71921974203006e-10
"GSE41087_WT_VS_FOXP3_MUT_ANTI_CD3_CD28_STIM_CD4_TCELL_UP","GSE41087_WT_VS_FOXP3_MUT_ANTI_CD3_CD28_STIM_CD4_TCELL_UP","76/4231","195/21355",4.61337207040845e-10,2.73388962230216e-09,5.42320343171836e-10
"GSE14415_INDUCED_TREG_VS_FAILED_INDUCED_TREG_DN","GSE14415_INDUCED_TREG_VS_FAILED_INDUCED_TREG_DN","71/4231","178/21355",5.15671394741833e-10,3.0488253396155e-09,6.04793986912658e-10
"GSE3565_CTRL_VS_LPS_INJECTED_SPLENOCYTES_UP","GSE3565_CTRL_VS_LPS_INJECTED_SPLENOCYTES_UP","71/4231","178/21355",5.15671394741833e-10,3.0488253396155e-09,6.04793986912658e-10
"GSE10240_IL17_VS_IL17_AND_IL22_STIM_PRIMARY_BRONCHIAL_EPITHELIAL_CELLS_UP","GSE10240_IL17_VS_IL17_AND_IL22_STIM_PRIMARY_BRONCHIAL_EPITHELIAL_CELLS_UP","77/4231","199/21355",5.2824130156768e-10,3.07700558163174e-09,6.10384087696626e-10
"GSE17721_CTRL_VS_POLYIC_8H_BMDC_UP","GSE17721_CTRL_VS_POLYIC_8H_BMDC_UP","77/4231","199/21355",5.2824130156768e-10,3.07700558163174e-09,6.10384087696626e-10
"GSE17721_LPS_VS_GARDIQUIMOD_4H_BMDC_DN","GSE17721_LPS_VS_GARDIQUIMOD_4H_BMDC_DN","77/4231","199/21355",5.2824130156768e-10,3.07700558163174e-09,6.10384087696626e-10
"GSE1791_CTRL_VS_NEUROMEDINU_IN_T_CELL_LINE_6H_DN","GSE1791_CTRL_VS_NEUROMEDINU_IN_T_CELL_LINE_6H_DN","77/4231","199/21355",5.2824130156768e-10,3.07700558163174e-09,6.10384087696626e-10
"GSE17974_CTRL_VS_ACT_IL4_AND_ANTI_IL12_48H_CD4_TCELL_DN","GSE17974_CTRL_VS_ACT_IL4_AND_ANTI_IL12_48H_CD4_TCELL_DN","77/4231","199/21355",5.2824130156768e-10,3.07700558163174e-09,6.10384087696626e-10
"GSE19941_UNSTIM_VS_LPS_AND_IL10_STIM_IL10_KO_MACROPHAGE_DN","GSE19941_UNSTIM_VS_LPS_AND_IL10_STIM_IL10_KO_MACROPHAGE_DN","77/4231","199/21355",5.2824130156768e-10,3.07700558163174e-09,6.10384087696626e-10
"GSE369_PRE_VS_POST_IL6_INJECTION_SOCS3_KO_LIVER_UP","GSE369_PRE_VS_POST_IL6_INJECTION_SOCS3_KO_LIVER_UP","77/4231","199/21355",5.2824130156768e-10,3.07700558163174e-09,6.10384087696626e-10
"GSE3982_MAST_CELL_VS_DC_DN","GSE3982_MAST_CELL_VS_DC_DN","77/4231","199/21355",5.2824130156768e-10,3.07700558163174e-09,6.10384087696626e-10
"GSE39820_CTRL_VS_TGFBETA1_IL6_CD4_TCELL_UP","GSE39820_CTRL_VS_TGFBETA1_IL6_CD4_TCELL_UP","77/4231","199/21355",5.2824130156768e-10,3.07700558163174e-09,6.10384087696626e-10
"GSE40666_UNTREATED_VS_IFNA_STIM_CD8_TCELL_90MIN_DN","GSE40666_UNTREATED_VS_IFNA_STIM_CD8_TCELL_90MIN_DN","77/4231","199/21355",5.2824130156768e-10,3.07700558163174e-09,6.10384087696626e-10
"GSE46606_IRF4MID_VS_WT_CD40L_IL2_IL5_DAY1_STIMULATED_BCELL_DN","GSE46606_IRF4MID_VS_WT_CD40L_IL2_IL5_DAY1_STIMULATED_BCELL_DN","77/4231","199/21355",5.2824130156768e-10,3.07700558163174e-09,6.10384087696626e-10
"GSE7852_THYMUS_VS_FAT_TREG_DN","GSE7852_THYMUS_VS_FAT_TREG_DN","77/4231","199/21355",5.2824130156768e-10,3.07700558163174e-09,6.10384087696626e-10
"GSE8384_CTRL_VS_B_ABORTUS_4H_MAC_CELL_LINE_UP","GSE8384_CTRL_VS_B_ABORTUS_4H_MAC_CELL_LINE_UP","77/4231","199/21355",5.2824130156768e-10,3.07700558163174e-09,6.10384087696626e-10
"GSE6259_BCELL_VS_CD8_TCELL_UP","GSE6259_BCELL_VS_CD8_TCELL_UP","75/4231","192/21355",5.30444357934697e-10,3.08633119043503e-09,6.12234004139934e-10
"GSE7568_IL4_TGFB_DEXAMETHASONE_VS_IL4_TGFB_TREATED_MACROPHAGE_DN","GSE7568_IL4_TGFB_DEXAMETHASONE_VS_IL4_TGFB_TREATED_MACROPHAGE_DN","70/4231","175/21355",5.88728658072086e-10,3.421568142038e-09,6.78734793767318e-10
"GSE10325_LUPUS_CD4_TCELL_VS_LUPUS_BCELL_DN","GSE10325_LUPUS_CD4_TCELL_VS_LUPUS_BCELL_DN","76/4231","196/21355",6.08575078718427e-10,3.53290583636541e-09,7.00820797570485e-10
"GSE10273_HIGH_VS_LOW_IL7_TREATED_IRF4_8_NULL_PRE_BCELL_UP","GSE10273_HIGH_VS_LOW_IL7_TREATED_IRF4_8_NULL_PRE_BCELL_UP","77/4231","200/21355",6.9369881218606e-10,3.85254616605173e-09,7.64227692959724e-10
"GSE13484_12H_VS_3H_YF17D_VACCINE_STIM_PBMC_UP","GSE13484_12H_VS_3H_YF17D_VACCINE_STIM_PBMC_UP","77/4231","200/21355",6.9369881218606e-10,3.85254616605173e-09,7.64227692959724e-10
"GSE17186_CD21LOW_VS_CD21HIGH_TRANSITIONAL_BCELL_CORD_BLOOD_UP","GSE17186_CD21LOW_VS_CD21HIGH_TRANSITIONAL_BCELL_CORD_BLOOD_UP","77/4231","200/21355",6.9369881218606e-10,3.85254616605173e-09,7.64227692959724e-10
"GSE17721_0.5H_VS_12H_CPG_BMDC_UP","GSE17721_0.5H_VS_12H_CPG_BMDC_UP","77/4231","200/21355",6.9369881218606e-10,3.85254616605173e-09,7.64227692959724e-10
"GSE17721_0.5H_VS_4H_CPG_BMDC_UP","GSE17721_0.5H_VS_4H_CPG_BMDC_UP","77/4231","200/21355",6.9369881218606e-10,3.85254616605173e-09,7.64227692959724e-10
"GSE17721_CPG_VS_GARDIQUIMOD_12H_BMDC_DN","GSE17721_CPG_VS_GARDIQUIMOD_12H_BMDC_DN","77/4231","200/21355",6.9369881218606e-10,3.85254616605173e-09,7.64227692959724e-10
"GSE17721_CTRL_VS_PAM3CSK4_24H_BMDC_UP","GSE17721_CTRL_VS_PAM3CSK4_24H_BMDC_UP","77/4231","200/21355",6.9369881218606e-10,3.85254616605173e-09,7.64227692959724e-10
"GSE17721_CTRL_VS_PAM3CSK4_4H_BMDC_UP","GSE17721_CTRL_VS_PAM3CSK4_4H_BMDC_UP","77/4231","200/21355",6.9369881218606e-10,3.85254616605173e-09,7.64227692959724e-10
"GSE17721_CTRL_VS_POLYIC_12H_BMDC_UP","GSE17721_CTRL_VS_POLYIC_12H_BMDC_UP","77/4231","200/21355",6.9369881218606e-10,3.85254616605173e-09,7.64227692959724e-10
"GSE17721_POLYIC_VS_PAM3CSK4_2H_BMDC_UP","GSE17721_POLYIC_VS_PAM3CSK4_2H_BMDC_UP","77/4231","200/21355",6.9369881218606e-10,3.85254616605173e-09,7.64227692959724e-10
"GSE17721_POLYIC_VS_PAM3CSK4_6H_BMDC_UP","GSE17721_POLYIC_VS_PAM3CSK4_6H_BMDC_UP","77/4231","200/21355",6.9369881218606e-10,3.85254616605173e-09,7.64227692959724e-10
"GSE17974_0H_VS_72H_IN_VITRO_ACT_CD4_TCELL_DN","GSE17974_0H_VS_72H_IN_VITRO_ACT_CD4_TCELL_DN","77/4231","200/21355",6.9369881218606e-10,3.85254616605173e-09,7.64227692959724e-10
"GSE21670_STAT3_KO_VS_WT_CD4_TCELL_IL6_TREATED_UP","GSE21670_STAT3_KO_VS_WT_CD4_TCELL_IL6_TREATED_UP","77/4231","200/21355",6.9369881218606e-10,3.85254616605173e-09,7.64227692959724e-10
"GSE22601_IMMATURE_CD4_SINGLE_POSITIVE_VS_DOUBLE_POSITIVE_THYMOCYTE_DN","GSE22601_IMMATURE_CD4_SINGLE_POSITIVE_VS_DOUBLE_POSITIVE_THYMOCYTE_DN","77/4231","200/21355",6.9369881218606e-10,3.85254616605173e-09,7.64227692959724e-10
"GSE23502_BM_VS_COLON_TUMOR_MYELOID_DERIVED_SUPPRESSOR_CELL_UP","GSE23502_BM_VS_COLON_TUMOR_MYELOID_DERIVED_SUPPRESSOR_CELL_UP","77/4231","200/21355",6.9369881218606e-10,3.85254616605173e-09,7.64227692959724e-10
"GSE23568_CTRL_TRANSDUCED_VS_WT_CD8_TCELL_DN","GSE23568_CTRL_TRANSDUCED_VS_WT_CD8_TCELL_DN","77/4231","200/21355",6.9369881218606e-10,3.85254616605173e-09,7.64227692959724e-10
"GSE24574_NAIVE_VS_TCONV_CD4_TCELL_DN","GSE24574_NAIVE_VS_TCONV_CD4_TCELL_DN","77/4231","200/21355",6.9369881218606e-10,3.85254616605173e-09,7.64227692959724e-10
"GSE24671_CTRL_VS_BAKIMULC_INFECTED_MOUSE_SPLENOCYTES_UP","GSE24671_CTRL_VS_BAKIMULC_INFECTED_MOUSE_SPLENOCYTES_UP","77/4231","200/21355",6.9369881218606e-10,3.85254616605173e-09,7.64227692959724e-10
"GSE27670_BLIMP1_VS_LMP1_TRANSDUCED_GC_BCELL_UP","GSE27670_BLIMP1_VS_LMP1_TRANSDUCED_GC_BCELL_UP","77/4231","200/21355",6.9369881218606e-10,3.85254616605173e-09,7.64227692959724e-10
"GSE2770_IL12_VS_IL4_TREATED_ACT_CD4_TCELL_6H_DN","GSE2770_IL12_VS_IL4_TREATED_ACT_CD4_TCELL_6H_DN","77/4231","200/21355",6.9369881218606e-10,3.85254616605173e-09,7.64227692959724e-10
"GSE28726_ACT_CD4_TCELL_VS_ACT_VA24NEG_NKTCELL_UP","GSE28726_ACT_CD4_TCELL_VS_ACT_VA24NEG_NKTCELL_UP","77/4231","200/21355",6.9369881218606e-10,3.85254616605173e-09,7.64227692959724e-10
"GSE30083_SP3_VS_SP4_THYMOCYTE_DN","GSE30083_SP3_VS_SP4_THYMOCYTE_DN","77/4231","200/21355",6.9369881218606e-10,3.85254616605173e-09,7.64227692959724e-10
"GSE3039_CD4_TCELL_VS_ALPHABETA_CD8_TCELL_UP","GSE3039_CD4_TCELL_VS_ALPHABETA_CD8_TCELL_UP","77/4231","200/21355",6.9369881218606e-10,3.85254616605173e-09,7.64227692959724e-10
"GSE3039_NKT_CELL_VS_ALPHABETA_CD8_TCELL_UP","GSE3039_NKT_CELL_VS_ALPHABETA_CD8_TCELL_UP","77/4231","200/21355",6.9369881218606e-10,3.85254616605173e-09,7.64227692959724e-10
"GSE30962_ACUTE_VS_CHRONIC_LCMV_SECONDARY_INF_CD8_TCELL_UP","GSE30962_ACUTE_VS_CHRONIC_LCMV_SECONDARY_INF_CD8_TCELL_UP","77/4231","200/21355",6.9369881218606e-10,3.85254616605173e-09,7.64227692959724e-10
"GSE339_EX_VIVO_VS_IN_CULTURE_CD8POS_DC_DN","GSE339_EX_VIVO_VS_IN_CULTURE_CD8POS_DC_DN","77/4231","200/21355",6.9369881218606e-10,3.85254616605173e-09,7.64227692959724e-10
"GSE360_LOW_DOSE_B_MALAYI_VS_M_TUBERCULOSIS_DC_UP","GSE360_LOW_DOSE_B_MALAYI_VS_M_TUBERCULOSIS_DC_UP","77/4231","200/21355",6.9369881218606e-10,3.85254616605173e-09,7.64227692959724e-10
"GSE36392_EOSINOPHIL_VS_NEUTROPHIL_IL25_TREATED_LUNG_UP","GSE36392_EOSINOPHIL_VS_NEUTROPHIL_IL25_TREATED_LUNG_UP","77/4231","200/21355",6.9369881218606e-10,3.85254616605173e-09,7.64227692959724e-10
"GSE3691_IFN_PRODUCING_KILLER_DC_VS_PLASMACYTOID_DC_SPLEEN_UP","GSE3691_IFN_PRODUCING_KILLER_DC_VS_PLASMACYTOID_DC_SPLEEN_UP","77/4231","200/21355",6.9369881218606e-10,3.85254616605173e-09,7.64227692959724e-10
"GSE3720_UNSTIM_VS_LPS_STIM_VD1_GAMMADELTA_TCELL_UP","GSE3720_UNSTIM_VS_LPS_STIM_VD1_GAMMADELTA_TCELL_UP","77/4231","200/21355",6.9369881218606e-10,3.85254616605173e-09,7.64227692959724e-10
"GSE3720_VD1_VS_VD2_GAMMADELTA_TCELL_WITH_LPS_STIM_DN","GSE3720_VD1_VS_VD2_GAMMADELTA_TCELL_WITH_LPS_STIM_DN","77/4231","200/21355",6.9369881218606e-10,3.85254616605173e-09,7.64227692959724e-10
"GSE37301_MULTIPOTENT_PROGENITOR_VS_COMMON_LYMPHOID_PROGENITOR_DN","GSE37301_MULTIPOTENT_PROGENITOR_VS_COMMON_LYMPHOID_PROGENITOR_DN","77/4231","200/21355",6.9369881218606e-10,3.85254616605173e-09,7.64227692959724e-10
"GSE37301_MULTIPOTENT_PROGENITOR_VS_RAG2_KO_NK_CELL_DN","GSE37301_MULTIPOTENT_PROGENITOR_VS_RAG2_KO_NK_CELL_DN","77/4231","200/21355",6.9369881218606e-10,3.85254616605173e-09,7.64227692959724e-10
"GSE37532_TREG_VS_TCONV_PPARG_KO_CD4_TCELL_FROM_LN_UP","GSE37532_TREG_VS_TCONV_PPARG_KO_CD4_TCELL_FROM_LN_UP","77/4231","200/21355",6.9369881218606e-10,3.85254616605173e-09,7.64227692959724e-10
"GSE43955_1H_VS_60H_ACT_CD4_TCELL_UP","GSE43955_1H_VS_60H_ACT_CD4_TCELL_UP","77/4231","200/21355",6.9369881218606e-10,3.85254616605173e-09,7.64227692959724e-10
"GSE7460_FOXP3_MUT_VS_WT_ACT_WITH_TGFB_TCONV_DN","GSE7460_FOXP3_MUT_VS_WT_ACT_WITH_TGFB_TCONV_DN","77/4231","200/21355",6.9369881218606e-10,3.85254616605173e-09,7.64227692959724e-10
"GSE7548_NAIVE_VS_DAY7_PCC_IMMUNIZATION_CD4_TCELL_UP","GSE7548_NAIVE_VS_DAY7_PCC_IMMUNIZATION_CD4_TCELL_UP","77/4231","200/21355",6.9369881218606e-10,3.85254616605173e-09,7.64227692959724e-10
"GSE7852_TREG_VS_TCONV_FAT_UP","GSE7852_TREG_VS_TCONV_FAT_UP","77/4231","200/21355",6.9369881218606e-10,3.85254616605173e-09,7.64227692959724e-10
"GSE8515_IL1_VS_IL6_4H_STIM_MAC_UP","GSE8515_IL1_VS_IL6_4H_STIM_MAC_UP","77/4231","200/21355",6.9369881218606e-10,3.85254616605173e-09,7.64227692959724e-10
"GSE8835_HEALTHY_VS_CLL_CD8_TCELL_UP","GSE8835_HEALTHY_VS_CLL_CD8_TCELL_UP","77/4231","200/21355",6.9369881218606e-10,3.85254616605173e-09,7.64227692959724e-10
"GSE46242_TH1_VS_ANERGIC_TH1_CD4_TCELL_WITH_EGR2_DELETED_DN","GSE46242_TH1_VS_ANERGIC_TH1_CD4_TCELL_WITH_EGR2_DELETED_DN","75/4231","193/21355",7.00726679416108e-10,3.88736467390365e-09,7.71134623280884e-10
"GSE7768_OVA_ALONE_VS_OVA_WITH_LPS_IMMUNIZED_MOUSE_WHOLE_SPLEEN_6H_UP","GSE7768_OVA_ALONE_VS_OVA_WITH_LPS_IMMUNIZED_MOUSE_WHOLE_SPLEEN_6H_UP","68/4231","169/21355",7.65167304032109e-10,4.24026767618226e-09,8.41139818714102e-10
"GSE6092_B_BURGDOFERI_VS_B_BURGDORFERI_AND_IFNG_STIM_ENDOTHELIAL_CELL_UP","GSE6092_B_BURGDOFERI_VS_B_BURGDORFERI_AND_IFNG_STIM_ENDOTHELIAL_CELL_UP","70/4231","176/21355",7.89612202380616e-10,4.36629142330425e-09,8.66139087605377e-10
"GSE9601_UNTREATED_VS_PI3K_INHIBITOR_TREATED_HCMV_INF_MONOCYTE_UP","GSE9601_UNTREATED_VS_PI3K_INHIBITOR_TREATED_HCMV_INF_MONOCYTE_UP","70/4231","176/21355",7.89612202380616e-10,4.36629142330425e-09,8.66139087605377e-10
"GSE13411_PLASMA_CELL_VS_MEMORY_BCELL_DN","GSE13411_PLASMA_CELL_VS_MEMORY_BCELL_DN","76/4231","197/21355",8.00241568808272e-10,4.41079385130237e-09,8.74967012415157e-10
"GSE2128_C57BL6_VS_NOD_CD4CD8_DP_THYMOCYTE_UP","GSE2128_C57BL6_VS_NOD_CD4CD8_DP_THYMOCYTE_UP","76/4231","197/21355",8.00241568808272e-10,4.41079385130237e-09,8.74967012415157e-10
"GSE3982_MAST_CELL_VS_NEUTROPHIL_DN","GSE3982_MAST_CELL_VS_NEUTROPHIL_DN","76/4231","197/21355",8.00241568808272e-10,4.41079385130237e-09,8.74967012415157e-10
"GSE4984_GALECTIN1_VS_LPS_STIM_DC_UP","GSE4984_GALECTIN1_VS_LPS_STIM_DC_UP","65/4231","159/21355",8.26634076826245e-10,4.55137086768134e-09,9.02853206189329e-10
"GSE6259_FLT3L_INDUCED_DEC205_POS_DC_VS_CD8_TCELL_DN","GSE6259_FLT3L_INDUCED_DEC205_POS_DC_VS_CD8_TCELL_DN","69/4231","173/21355",9.02339482456989e-10,4.96286715351344e-09,9.84481522536087e-10
"GSE3565_DUSP1_VS_WT_SPLENOCYTES_UP","GSE3565_DUSP1_VS_WT_SPLENOCYTES_UP","66/4231","163/21355",9.90364116403046e-10,5.44116448090248e-09,1.07936112872493e-09
"GSE16451_IMMATURE_VS_MATURE_NEURON_CELL_LINE_WEST_EQUINE_ENC_VIRUS_DN","GSE16451_IMMATURE_VS_MATURE_NEURON_CELL_LINE_WEST_EQUINE_ENC_VIRUS_DN","76/4231","198/21355",1.04895745591467e-09,5.73236238701343e-09,1.13712591450294e-09
"GSE17721_CTRL_VS_POLYIC_6H_BMDC_UP","GSE17721_CTRL_VS_POLYIC_6H_BMDC_UP","76/4231","198/21355",1.04895745591467e-09,5.73236238701343e-09,1.13712591450294e-09
"GSE30962_PRIMARY_VS_SECONDARY_CHRONIC_LCMV_INF_CD8_TCELL_UP","GSE30962_PRIMARY_VS_SECONDARY_CHRONIC_LCMV_INF_CD8_TCELL_UP","76/4231","198/21355",1.04895745591467e-09,5.73236238701343e-09,1.13712591450294e-09
"GSE36476_CTRL_VS_TSST_ACT_40H_MEMORY_CD4_TCELL_YOUNG_UP","GSE36476_CTRL_VS_TSST_ACT_40H_MEMORY_CD4_TCELL_YOUNG_UP","76/4231","198/21355",1.04895745591467e-09,5.73236238701343e-09,1.13712591450294e-09
"GSE4984_LPS_VS_VEHICLE_CTRL_TREATED_DC_DN","GSE4984_LPS_VS_VEHICLE_CTRL_TREATED_DC_DN","76/4231","198/21355",1.04895745591467e-09,5.73236238701343e-09,1.13712591450294e-09
"GSE6259_DEC205_POS_DC_VS_CD8_TCELL_UP","GSE6259_DEC205_POS_DC_VS_CD8_TCELL_UP","72/4231","184/21355",1.06574974660586e-09,5.81792673173765e-09,1.15409927158933e-09
"GSE21360_SECONDARY_VS_TERTIARY_MEMORY_CD8_TCELL_DN","GSE21360_SECONDARY_VS_TERTIARY_MEMORY_CD8_TCELL_DN","67/4231","167/21355",1.17508494252079e-09,6.40796320783148e-09,1.27114451788924e-09
"NAKAYA_MONOCYTE_FLUMIST_AGE_18_50YO_7DY_DN","NAKAYA_MONOCYTE_FLUMIST_AGE_18_50YO_7DY_DN","93/4231","260/21355",1.20093371887753e-09,6.54196200102681e-09,1.29772579275764e-09
"GSE10211_UV_INACT_SENDAI_VS_LIVE_SENDAI_VIRUS_TRACHEAL_EPITHELIAL_CELLS_DN","GSE10211_UV_INACT_SENDAI_VS_LIVE_SENDAI_VIRUS_TRACHEAL_EPITHELIAL_CELLS_DN","66/4231","164/21355",1.33896780748347e-09,7.25099293199058e-09,1.43837591069325e-09
"GSE13484_UNSTIM_VS_3H_YF17D_VACCINE_STIM_PBMC_UP","GSE13484_UNSTIM_VS_3H_YF17D_VACCINE_STIM_PBMC_UP","76/4231","199/21355",1.37070077079572e-09,7.25099293199058e-09,1.43837591069325e-09
"GSE15330_MEGAKARYOCYTE_ERYTHROID_VS_GRANULOCYTE_MONOCYTE_PROGENITOR_IKAROS_KO_DN","GSE15330_MEGAKARYOCYTE_ERYTHROID_VS_GRANULOCYTE_MONOCYTE_PROGENITOR_IKAROS_KO_DN","76/4231","199/21355",1.37070077079572e-09,7.25099293199058e-09,1.43837591069325e-09
"GSE15930_NAIVE_VS_24H_IN_VITRO_STIM_CD8_TCELL_DN","GSE15930_NAIVE_VS_24H_IN_VITRO_STIM_CD8_TCELL_DN","76/4231","199/21355",1.37070077079572e-09,7.25099293199058e-09,1.43837591069325e-09
"GSE17974_1.5H_VS_72H_IL4_AND_ANTI_IL12_ACT_CD4_TCELL_DN","GSE17974_1.5H_VS_72H_IL4_AND_ANTI_IL12_ACT_CD4_TCELL_DN","76/4231","199/21355",1.37070077079572e-09,7.25099293199058e-09,1.43837591069325e-09
"GSE19198_6H_VS_24H_IL21_TREATED_TCELL_UP","GSE19198_6H_VS_24H_IL21_TREATED_TCELL_UP","76/4231","199/21355",1.37070077079572e-09,7.25099293199058e-09,1.43837591069325e-09
"GSE19941_UNSTIM_VS_LPS_STIM_IL10_KO_NFKBP50_KO_MACROPHAGE_UP","GSE19941_UNSTIM_VS_LPS_STIM_IL10_KO_NFKBP50_KO_MACROPHAGE_UP","76/4231","199/21355",1.37070077079572e-09,7.25099293199058e-09,1.43837591069325e-09
"GSE22229_RENAL_TRANSPLANT_IMMUNOSUPP_THERAPY_VS_HEALTHY_PBMC_DN","GSE22229_RENAL_TRANSPLANT_IMMUNOSUPP_THERAPY_VS_HEALTHY_PBMC_DN","76/4231","199/21355",1.37070077079572e-09,7.25099293199058e-09,1.43837591069325e-09
"GSE22229_RENAL_TRANSPLANT_VS_HEALTHY_PBMC_UP","GSE22229_RENAL_TRANSPLANT_VS_HEALTHY_PBMC_UP","76/4231","199/21355",1.37070077079572e-09,7.25099293199058e-09,1.43837591069325e-09
"GSE22886_NAIVE_CD8_TCELL_VS_MEMORY_TCELL_DN","GSE22886_NAIVE_CD8_TCELL_VS_MEMORY_TCELL_DN","76/4231","199/21355",1.37070077079572e-09,7.25099293199058e-09,1.43837591069325e-09
"GSE22886_NAIVE_VS_MEMORY_TCELL_DN","GSE22886_NAIVE_VS_MEMORY_TCELL_DN","76/4231","199/21355",1.37070077079572e-09,7.25099293199058e-09,1.43837591069325e-09
"GSE23308_WT_VS_MINERALCORTICOID_REC_KO_MACROPHAGE_CORTICOSTERONE_TREATED_UP","GSE23308_WT_VS_MINERALCORTICOID_REC_KO_MACROPHAGE_CORTICOSTERONE_TREATED_UP","76/4231","199/21355",1.37070077079572e-09,7.25099293199058e-09,1.43837591069325e-09
"GSE27670_BLIMP1_VS_LMP1_TRANSDUCED_GC_BCELL_DN","GSE27670_BLIMP1_VS_LMP1_TRANSDUCED_GC_BCELL_DN","76/4231","199/21355",1.37070077079572e-09,7.25099293199058e-09,1.43837591069325e-09
"GSE27786_NEUTROPHIL_VS_MONO_MAC_DN","GSE27786_NEUTROPHIL_VS_MONO_MAC_DN","76/4231","199/21355",1.37070077079572e-09,7.25099293199058e-09,1.43837591069325e-09
"GSE29949_CD8_POS_DC_SPLEEN_VS_MONOCYTE_BONE_MARROW_DN","GSE29949_CD8_POS_DC_SPLEEN_VS_MONOCYTE_BONE_MARROW_DN","76/4231","199/21355",1.37070077079572e-09,7.25099293199058e-09,1.43837591069325e-09
"GSE3039_B2_VS_B1_BCELL_UP","GSE3039_B2_VS_B1_BCELL_UP","76/4231","199/21355",1.37070077079572e-09,7.25099293199058e-09,1.43837591069325e-09
"GSE30971_CTRL_VS_LPS_STIM_MACROPHAGE_WBP7_KO_2H_DN","GSE30971_CTRL_VS_LPS_STIM_MACROPHAGE_WBP7_KO_2H_DN","76/4231","199/21355",1.37070077079572e-09,7.25099293199058e-09,1.43837591069325e-09
"GSE360_T_GONDII_VS_B_MALAYI_LOW_DOSE_MAC_DN","GSE360_T_GONDII_VS_B_MALAYI_LOW_DOSE_MAC_DN","76/4231","199/21355",1.37070077079572e-09,7.25099293199058e-09,1.43837591069325e-09
"GSE37301_COMMON_LYMPHOID_PROGENITOR_VS_CD4_TCELL_DN","GSE37301_COMMON_LYMPHOID_PROGENITOR_VS_CD4_TCELL_DN","76/4231","199/21355",1.37070077079572e-09,7.25099293199058e-09,1.43837591069325e-09
"GSE37301_MULTIPOTENT_PROGENITOR_VS_GRAN_MONO_PROGENITOR_UP","GSE37301_MULTIPOTENT_PROGENITOR_VS_GRAN_MONO_PROGENITOR_UP","76/4231","199/21355",1.37070077079572e-09,7.25099293199058e-09,1.43837591069325e-09
"GSE3982_MAC_VS_NKCELL_UP","GSE3982_MAC_VS_NKCELL_UP","76/4231","199/21355",1.37070077079572e-09,7.25099293199058e-09,1.43837591069325e-09
"GSE40274_FOXP3_VS_FOXP3_AND_IRF4_TRANSDUCED_ACTIVATED_CD4_TCELL_DN","GSE40274_FOXP3_VS_FOXP3_AND_IRF4_TRANSDUCED_ACTIVATED_CD4_TCELL_DN","76/4231","199/21355",1.37070077079572e-09,7.25099293199058e-09,1.43837591069325e-09
"GSE46606_IRF4MID_VS_WT_CD40L_IL2_IL5_DAY1_STIMULATED_BCELL_UP","GSE46606_IRF4MID_VS_WT_CD40L_IL2_IL5_DAY1_STIMULATED_BCELL_UP","76/4231","199/21355",1.37070077079572e-09,7.25099293199058e-09,1.43837591069325e-09
"GSE5542_UNTREATED_VS_IFNA_TREATED_EPITHELIAL_CELLS_6H_UP","GSE5542_UNTREATED_VS_IFNA_TREATED_EPITHELIAL_CELLS_6H_UP","76/4231","199/21355",1.37070077079572e-09,7.25099293199058e-09,1.43837591069325e-09
"GSE7852_LN_VS_THYMUS_TCONV_UP","GSE7852_LN_VS_THYMUS_TCONV_UP","76/4231","199/21355",1.37070077079572e-09,7.25099293199058e-09,1.43837591069325e-09
"GSE7852_LN_VS_THYMUS_TREG_UP","GSE7852_LN_VS_THYMUS_TREG_UP","76/4231","199/21355",1.37070077079572e-09,7.25099293199058e-09,1.43837591069325e-09
"GSE9037_CTRL_VS_LPS_4H_STIM_IRAK4_KO_BMDM_UP","GSE9037_CTRL_VS_LPS_4H_STIM_IRAK4_KO_BMDM_UP","76/4231","199/21355",1.37070077079572e-09,7.25099293199058e-09,1.43837591069325e-09
"KAECH_DAY8_EFF_VS_MEMORY_CD8_TCELL_DN","KAECH_DAY8_EFF_VS_MEMORY_CD8_TCELL_DN","76/4231","199/21355",1.37070077079572e-09,7.25099293199058e-09,1.43837591069325e-09
"GSE13946_CTRL_VS_DSS_COLITIS_GD_TCELL_FROM_COLON_UP","GSE13946_CTRL_VS_DSS_COLITIS_GD_TCELL_FROM_COLON_UP","70/4231","178/21355",1.40476164834553e-09,7.42351361795795e-09,1.47259875453259e-09
"GSE21546_WT_VS_ELK1_KO_ANTI_CD3_STIM_DP_THYMOCYTES_DN","GSE21546_WT_VS_ELK1_KO_ANTI_CD3_STIM_DP_THYMOCYTES_DN","75/4231","196/21355",1.58438625865364e-09,8.36412354465353e-09,1.65918708424242e-09
"GSE21033_3H_VS_24H_POLYIC_STIM_DC_DN","GSE21033_3H_VS_24H_POLYIC_STIM_DC_DN","56/4231","131/21355",1.69265712493736e-09,8.9173282861551e-09,1.76892603742034e-09
"ZAK_PBMC_MRKAD5_HIV_1_GAG_POL_NEF_AGE_20_50YO_3DY_UP","ZAK_PBMC_MRKAD5_HIV_1_GAG_POL_NEF_AGE_20_50YO_3DY_UP","56/4231","131/21355",1.69265712493736e-09,8.9173282861551e-09,1.76892603742034e-09
"GSE10240_IL22_VS_IL17_STIM_PRIMARY_BRONCHIAL_EPITHELIAL_CELLS_DN","GSE10240_IL22_VS_IL17_STIM_PRIMARY_BRONCHIAL_EPITHELIAL_CELLS_DN","76/4231","200/21355",1.78563745510491e-09,8.97370352438018e-09,1.78010916577022e-09
"GSE14308_TH2_VS_NAIVE_CD4_TCELL_UP","GSE14308_TH2_VS_NAIVE_CD4_TCELL_UP","76/4231","200/21355",1.78563745510491e-09,8.97370352438018e-09,1.78010916577022e-09
"GSE1448_CTRL_VS_ANTI_VBETA5_DP_THYMOCYTE_DN","GSE1448_CTRL_VS_ANTI_VBETA5_DP_THYMOCYTE_DN","76/4231","200/21355",1.78563745510491e-09,8.97370352438018e-09,1.78010916577022e-09
"GSE14769_UNSTIM_VS_120MIN_LPS_BMDM_DN","GSE14769_UNSTIM_VS_120MIN_LPS_BMDM_DN","76/4231","200/21355",1.78563745510491e-09,8.97370352438018e-09,1.78010916577022e-09
"GSE14769_UNSTIM_VS_40MIN_LPS_BMDM_DN","GSE14769_UNSTIM_VS_40MIN_LPS_BMDM_DN","76/4231","200/21355",1.78563745510491e-09,8.97370352438018e-09,1.78010916577022e-09
"GSE15330_WT_VS_IKAROS_KO_LYMPHOID_MULTIPOTENT_PROGENITOR_UP","GSE15330_WT_VS_IKAROS_KO_LYMPHOID_MULTIPOTENT_PROGENITOR_UP","76/4231","200/21355",1.78563745510491e-09,8.97370352438018e-09,1.78010916577022e-09
"GSE16522_ANTI_CD3CD28_STIM_VS_UNSTIM_MEMORY_CD8_TCELL_DN","GSE16522_ANTI_CD3CD28_STIM_VS_UNSTIM_MEMORY_CD8_TCELL_DN","76/4231","200/21355",1.78563745510491e-09,8.97370352438018e-09,1.78010916577022e-09
"GSE16697_CD4_TCELL_VS_TFH_CD4_TCELL_DN","GSE16697_CD4_TCELL_VS_TFH_CD4_TCELL_DN","76/4231","200/21355",1.78563745510491e-09,8.97370352438018e-09,1.78010916577022e-09
"GSE17186_NAIVE_VS_CD21LOW_TRANSITIONAL_BCELL_DN","GSE17186_NAIVE_VS_CD21LOW_TRANSITIONAL_BCELL_DN","76/4231","200/21355",1.78563745510491e-09,8.97370352438018e-09,1.78010916577022e-09
"GSE17580_UNINFECTED_VS_S_MANSONI_INF_TREG_DN","GSE17580_UNINFECTED_VS_S_MANSONI_INF_TREG_DN","76/4231","200/21355",1.78563745510491e-09,8.97370352438018e-09,1.78010916577022e-09
"GSE17721_0.5H_VS_8H_CPG_BMDC_UP","GSE17721_0.5H_VS_8H_CPG_BMDC_UP","76/4231","200/21355",1.78563745510491e-09,8.97370352438018e-09,1.78010916577022e-09
"GSE17721_12H_VS_24H_GARDIQUIMOD_BMDC_DN","GSE17721_12H_VS_24H_GARDIQUIMOD_BMDC_DN","76/4231","200/21355",1.78563745510491e-09,8.97370352438018e-09,1.78010916577022e-09
"GSE17721_LPS_VS_GARDIQUIMOD_16H_BMDC_DN","GSE17721_LPS_VS_GARDIQUIMOD_16H_BMDC_DN","76/4231","200/21355",1.78563745510491e-09,8.97370352438018e-09,1.78010916577022e-09
"GSE17721_LPS_VS_PAM3CSK4_8H_BMDC_UP","GSE17721_LPS_VS_PAM3CSK4_8H_BMDC_UP","76/4231","200/21355",1.78563745510491e-09,8.97370352438018e-09,1.78010916577022e-09
"GSE17721_PAM3CSK4_VS_GADIQUIMOD_8H_BMDC_DN","GSE17721_PAM3CSK4_VS_GADIQUIMOD_8H_BMDC_DN","76/4231","200/21355",1.78563745510491e-09,8.97370352438018e-09,1.78010916577022e-09
"GSE19401_UNSTIM_VS_PAM2CSK4_STIM_FOLLICULAR_DC_DN","GSE19401_UNSTIM_VS_PAM2CSK4_STIM_FOLLICULAR_DC_DN","76/4231","200/21355",1.78563745510491e-09,8.97370352438018e-09,1.78010916577022e-09
"GSE21380_NON_TFH_VS_TFH_CD4_TCELL_UP","GSE21380_NON_TFH_VS_TFH_CD4_TCELL_UP","76/4231","200/21355",1.78563745510491e-09,8.97370352438018e-09,1.78010916577022e-09
"GSE22527_ANTI_CD3_INVIVO_VS_UNTREATED_MOUSE_TREG_DN","GSE22527_ANTI_CD3_INVIVO_VS_UNTREATED_MOUSE_TREG_DN","76/4231","200/21355",1.78563745510491e-09,8.97370352438018e-09,1.78010916577022e-09
"GSE25085_FETAL_BM_VS_ADULT_BM_SP4_THYMIC_IMPLANT_UP","GSE25085_FETAL_BM_VS_ADULT_BM_SP4_THYMIC_IMPLANT_UP","76/4231","200/21355",1.78563745510491e-09,8.97370352438018e-09,1.78010916577022e-09
"GSE25085_FETAL_LIVER_VS_ADULT_BM_SP4_THYMIC_IMPLANT_UP","GSE25085_FETAL_LIVER_VS_ADULT_BM_SP4_THYMIC_IMPLANT_UP","76/4231","200/21355",1.78563745510491e-09,8.97370352438018e-09,1.78010916577022e-09
"GSE25123_ROSIGLITAZONE_VS_IL4_AND_ROSIGLITAZONE_STIM_PPARG_KO_MACROPHAGE_DAY10_UP","GSE25123_ROSIGLITAZONE_VS_IL4_AND_ROSIGLITAZONE_STIM_PPARG_KO_MACROPHAGE_DAY10_UP","76/4231","200/21355",1.78563745510491e-09,8.97370352438018e-09,1.78010916577022e-09
"GSE26343_WT_VS_NFAT5_KO_MACROPHAGE_DN","GSE26343_WT_VS_NFAT5_KO_MACROPHAGE_DN","76/4231","200/21355",1.78563745510491e-09,8.97370352438018e-09,1.78010916577022e-09
"GSE2770_IL12_AND_TGFB_VS_IL4_TREATED_ACT_CD4_TCELL_48H_UP","GSE2770_IL12_AND_TGFB_VS_IL4_TREATED_ACT_CD4_TCELL_48H_UP","76/4231","200/21355",1.78563745510491e-09,8.97370352438018e-09,1.78010916577022e-09
"GSE27859_DC_VS_CD11C_INT_F480_INT_DC_DN","GSE27859_DC_VS_CD11C_INT_F480_INT_DC_DN","76/4231","200/21355",1.78563745510491e-09,8.97370352438018e-09,1.78010916577022e-09
"GSE33424_CD161_HIGH_VS_INT_CD8_TCELL_UP","GSE33424_CD161_HIGH_VS_INT_CD8_TCELL_UP","76/4231","200/21355",1.78563745510491e-09,8.97370352438018e-09,1.78010916577022e-09
"GSE339_EX_VIVO_VS_IN_CULTURE_CD4POS_DC_UP","GSE339_EX_VIVO_VS_IN_CULTURE_CD4POS_DC_UP","76/4231","200/21355",1.78563745510491e-09,8.97370352438018e-09,1.78010916577022e-09
"GSE34006_UNTREATED_VS_A2AR_AGONIST_TREATED_TREG_UP","GSE34006_UNTREATED_VS_A2AR_AGONIST_TREATED_TREG_UP","76/4231","200/21355",1.78563745510491e-09,8.97370352438018e-09,1.78010916577022e-09
"GSE35685_CD34POS_CD38NEG_VS_CD34POS_CD10NEG_CD62LPOS_BONE_MARROW_UP","GSE35685_CD34POS_CD38NEG_VS_CD34POS_CD10NEG_CD62LPOS_BONE_MARROW_UP","76/4231","200/21355",1.78563745510491e-09,8.97370352438018e-09,1.78010916577022e-09
"GSE360_DC_VS_MAC_L_DONOVANI_DN","GSE360_DC_VS_MAC_L_DONOVANI_DN","76/4231","200/21355",1.78563745510491e-09,8.97370352438018e-09,1.78010916577022e-09
"GSE36891_UNSTIM_VS_PAM_TLR2_STIM_PERITONEAL_MACROPHAGE_UP","GSE36891_UNSTIM_VS_PAM_TLR2_STIM_PERITONEAL_MACROPHAGE_UP","76/4231","200/21355",1.78563745510491e-09,8.97370352438018e-09,1.78010916577022e-09
"GSE37533_PPARG2_FOXP3_VS_FOXP3_TRANSDUCED_CD4_TCELL_UP","GSE37533_PPARG2_FOXP3_VS_FOXP3_TRANSDUCED_CD4_TCELL_UP","76/4231","200/21355",1.78563745510491e-09,8.97370352438018e-09,1.78010916577022e-09
"GSE39556_UNTREATED_VS_3H_POLYIC_INJ_MOUSE_CD8A_DC_UP","GSE39556_UNTREATED_VS_3H_POLYIC_INJ_MOUSE_CD8A_DC_UP","76/4231","200/21355",1.78563745510491e-09,8.97370352438018e-09,1.78010916577022e-09
"GSE3982_CENT_MEMORY_CD4_TCELL_VS_TH1_DN","GSE3982_CENT_MEMORY_CD4_TCELL_VS_TH1_DN","76/4231","200/21355",1.78563745510491e-09,8.97370352438018e-09,1.78010916577022e-09
"GSE41867_DAY6_EFFECTOR_VS_DAY30_MEMORY_CD8_TCELL_LCMV_ARMSTRONG_DN","GSE41867_DAY6_EFFECTOR_VS_DAY30_MEMORY_CD8_TCELL_LCMV_ARMSTRONG_DN","76/4231","200/21355",1.78563745510491e-09,8.97370352438018e-09,1.78010916577022e-09
"GSE41867_DAY8_VS_DAY15_LCMV_CLONE13_EFFECTOR_CD8_TCELL_UP","GSE41867_DAY8_VS_DAY15_LCMV_CLONE13_EFFECTOR_CD8_TCELL_UP","76/4231","200/21355",1.78563745510491e-09,8.97370352438018e-09,1.78010916577022e-09
"GSE41867_LCMV_ARMSTRONG_VS_CLONE13_DAY15_EFFECTOR_CD8_TCELL_UP","GSE41867_LCMV_ARMSTRONG_VS_CLONE13_DAY15_EFFECTOR_CD8_TCELL_UP","76/4231","200/21355",1.78563745510491e-09,8.97370352438018e-09,1.78010916577022e-09
"GSE45365_NK_CELL_VS_CD8A_DC_UP","GSE45365_NK_CELL_VS_CD8A_DC_UP","76/4231","200/21355",1.78563745510491e-09,8.97370352438018e-09,1.78010916577022e-09
"GSE46606_DAY1_VS_DAY3_CD40L_IL2_IL5_STIMULATED_IRF4HIGH_BCELL_DN","GSE46606_DAY1_VS_DAY3_CD40L_IL2_IL5_STIMULATED_IRF4HIGH_BCELL_DN","76/4231","200/21355",1.78563745510491e-09,8.97370352438018e-09,1.78010916577022e-09
"GSE46606_IRF4_KO_VS_WT_UNSTIM_BCELL_UP","GSE46606_IRF4_KO_VS_WT_UNSTIM_BCELL_UP","76/4231","200/21355",1.78563745510491e-09,8.97370352438018e-09,1.78010916577022e-09
"GSE46606_UNSTIM_VS_CD40L_IL2_IL5_1DAY_STIMULATED_IRF4HIGH_SORTED_BCELL_DN","GSE46606_UNSTIM_VS_CD40L_IL2_IL5_1DAY_STIMULATED_IRF4HIGH_SORTED_BCELL_DN","76/4231","200/21355",1.78563745510491e-09,8.97370352438018e-09,1.78010916577022e-09
"GSE4748_CTRL_VS_LPS_AND_CYANOBACTERIUM_LPSLIKE_STIM_DC_3H_UP","GSE4748_CTRL_VS_LPS_AND_CYANOBACTERIUM_LPSLIKE_STIM_DC_3H_UP","76/4231","200/21355",1.78563745510491e-09,8.97370352438018e-09,1.78010916577022e-09
"GSE5589_LPS_VS_LPS_AND_IL10_STIM_IL6_KO_MACROPHAGE_180MIN_UP","GSE5589_LPS_VS_LPS_AND_IL10_STIM_IL6_KO_MACROPHAGE_180MIN_UP","76/4231","200/21355",1.78563745510491e-09,8.97370352438018e-09,1.78010916577022e-09
"GSE6674_PL2_3_VS_ANTI_IGM_AND_CPG_STIM_BCELL_DN","GSE6674_PL2_3_VS_ANTI_IGM_AND_CPG_STIM_BCELL_DN","76/4231","200/21355",1.78563745510491e-09,8.97370352438018e-09,1.78010916577022e-09
"GSE8685_IL2_ACT_IL2_STARVED_VS_IL15_ACT_IL2_STARVED_CD4_TCELL_UP","GSE8685_IL2_ACT_IL2_STARVED_VS_IL15_ACT_IL2_STARVED_CD4_TCELL_UP","76/4231","200/21355",1.78563745510491e-09,8.97370352438018e-09,1.78010916577022e-09
"GSE8685_IL2_STARVED_VS_IL15_ACT_IL2_STARVED_CD4_TCELL_DN","GSE8685_IL2_STARVED_VS_IL15_ACT_IL2_STARVED_CD4_TCELL_DN","76/4231","200/21355",1.78563745510491e-09,8.97370352438018e-09,1.78010916577022e-09
"GSE9650_EFFECTOR_VS_MEMORY_CD8_TCELL_DN","GSE9650_EFFECTOR_VS_MEMORY_CD8_TCELL_DN","76/4231","200/21355",1.78563745510491e-09,8.97370352438018e-09,1.78010916577022e-09
"GSE9878_CTRL_VS_EBF_TRANSDUCED_PAX5_KO_PRO_BCELL_DN","GSE9878_CTRL_VS_EBF_TRANSDUCED_PAX5_KO_PRO_BCELL_DN","76/4231","200/21355",1.78563745510491e-09,8.97370352438018e-09,1.78010916577022e-09
"GSE14699_DELETIONAL_TOLERANCE_VS_ACTIVATED_CD8_TCELL_DN","GSE14699_DELETIONAL_TOLERANCE_VS_ACTIVATED_CD8_TCELL_DN","72/4231","186/21355",1.85748068264411e-09,9.32560820688903e-09,1.84991632500047e-09
"GSE13411_PLASMA_CELL_VS_MEMORY_BCELL_UP","GSE13411_PLASMA_CELL_VS_MEMORY_BCELL_UP","75/4231","197/21355",2.06644242044388e-09,1.03342281436052e-08,2.04999576703341e-09
"GSE2585_THYMIC_MACROPHAGE_VS_MTEC_UP","GSE2585_THYMIC_MACROPHAGE_VS_MTEC_UP","75/4231","197/21355",2.06644242044388e-09,1.03342281436052e-08,2.04999576703341e-09
"GSE41176_UNSTIM_VS_ANTI_IGM_STIM_BCELL_1H_UP","GSE41176_UNSTIM_VS_ANTI_IGM_STIM_BCELL_1H_UP","75/4231","197/21355",2.06644242044388e-09,1.03342281436052e-08,2.04999576703341e-09
"GSE9006_1MONTH_VS_4MONTH_POST_TYPE_1_DIABETES_DX_PBMC_UP","GSE9006_1MONTH_VS_4MONTH_POST_TYPE_1_DIABETES_DX_PBMC_UP","75/4231","197/21355",2.06644242044388e-09,1.03342281436052e-08,2.04999576703341e-09
"GSE13485_CTRL_VS_DAY21_YF17D_VACCINE_PBMC_UP","GSE13485_CTRL_VS_DAY21_YF17D_VACCINE_PBMC_UP","73/4231","190/21355",2.11387658049634e-09,1.05611416682498e-08,2.09500849159687e-09
"GSE37301_HEMATOPOIETIC_STEM_CELL_VS_RAG2_KO_NK_CELL_DN","GSE37301_HEMATOPOIETIC_STEM_CELL_VS_RAG2_KO_NK_CELL_DN","71/4231","183/21355",2.13975097967899e-09,1.06800034292449e-08,2.11858704081372e-09
"GSE4748_LPS_VS_LPS_AND_CYANOBACTERIUM_LPSLIKE_STIM_DC_3H_UP","GSE4748_LPS_VS_LPS_AND_CYANOBACTERIUM_LPSLIKE_STIM_DC_3H_UP","74/4231","194/21355",2.39037895591965e-09,1.19193409805877e-08,2.36443382287362e-09
"GSE10856_CTRL_VS_TNFRSF6B_IN_MACROPHAGE_UP","GSE10856_CTRL_VS_TNFRSF6B_IN_MACROPHAGE_UP","72/4231","187/21355",2.43984003739285e-09,1.2154149690647e-08,2.41101271149455e-09
"GSE17301_IFNA2_VS_IFNA5_STIM_ACD3_ACD28_ACT_CD8_TCELL_UP","GSE17301_IFNA2_VS_IFNA5_STIM_ACD3_ACD28_ACT_CD8_TCELL_UP","75/4231","198/21355",2.68686008174207e-09,1.33070964048404e-08,2.63972218557115e-09
"GSE17974_CTRL_VS_ACT_IL4_AND_ANTI_IL12_2H_CD4_TCELL_DN","GSE17974_CTRL_VS_ACT_IL4_AND_ANTI_IL12_2H_CD4_TCELL_DN","75/4231","198/21355",2.68686008174207e-09,1.33070964048404e-08,2.63972218557115e-09
"GSE19198_CTRL_VS_IL21_TREATED_TCELL_6H_DN","GSE19198_CTRL_VS_IL21_TREATED_TCELL_6H_DN","75/4231","198/21355",2.68686008174207e-09,1.33070964048404e-08,2.63972218557115e-09
"GSE2770_IL12_AND_TGFB_ACT_VS_ACT_CD4_TCELL_6H_DN","GSE2770_IL12_AND_TGFB_ACT_VS_ACT_CD4_TCELL_6H_DN","75/4231","198/21355",2.68686008174207e-09,1.33070964048404e-08,2.63972218557115e-09
"GSE2770_TGFB_AND_IL4_VS_IL4_TREATED_ACT_CD4_TCELL_48H_DN","GSE2770_TGFB_AND_IL4_VS_IL4_TREATED_ACT_CD4_TCELL_48H_DN","75/4231","198/21355",2.68686008174207e-09,1.33070964048404e-08,2.63972218557115e-09
"GSE29949_CD8_NEG_DC_SPLEEN_VS_MONOCYTE_BONE_MARROW_UP","GSE29949_CD8_NEG_DC_SPLEEN_VS_MONOCYTE_BONE_MARROW_UP","75/4231","198/21355",2.68686008174207e-09,1.33070964048404e-08,2.63972218557115e-09
"GSE35825_IFNA_VS_IFNG_STIM_MACROPHAGE_UP","GSE35825_IFNA_VS_IFNG_STIM_MACROPHAGE_UP","65/4231","163/21355",2.76367410713188e-09,1.36743180242838e-08,2.71256775806685e-09
"GSE16755_CTRL_VS_IFNA_TREATED_MAC_UP","GSE16755_CTRL_VS_IFNA_TREATED_MAC_UP","74/4231","195/21355",3.11165868815888e-09,1.53812559648046e-08,3.05117219993044e-09
"SCHERER_PBMC_APSV_WETVAX_AGE_18_32YO_50_TO_60DY_DN","SCHERER_PBMC_APSV_WETVAX_AGE_18_32YO_50_TO_60DY_DN","59/4231","143/21355",3.22953746202995e-09,1.59485636130689e-08,3.16370873980421e-09
"GSE7768_OVA_ALONE_VS_OVA_WITH_MPL_IMMUNIZED_MOUSE_WHOLE_SPLEEN_6H_UP","GSE7768_OVA_ALONE_VS_OVA_WITH_MPL_IMMUNIZED_MOUSE_WHOLE_SPLEEN_6H_UP","70/4231","181/21355",3.24503244748188e-09,1.60096596013398e-08,3.17582832102476e-09
"GSE7509_UNSTIM_VS_FCGRIIB_STIM_DC_DN","GSE7509_UNSTIM_VS_FCGRIIB_STIM_DC_DN","68/4231","174/21355",3.2587171739432e-09,1.60617156092623e-08,3.18615464577847e-09
"GSE15930_NAIVE_VS_24H_IN_VITRO_STIM_INFAB_CD8_TCELL_DN","GSE15930_NAIVE_VS_24H_IN_VITRO_STIM_INFAB_CD8_TCELL_DN","75/4231","199/21355",3.48292418110478e-09,1.67167316033175e-08,3.31608984717841e-09
"GSE16385_ROSIGLITAZONE_IL4_VS_IL4_ALONE_STIM_MACROPHAGE_12H_DN","GSE16385_ROSIGLITAZONE_IL4_VS_IL4_ALONE_STIM_MACROPHAGE_12H_DN","75/4231","199/21355",3.48292418110478e-09,1.67167316033175e-08,3.31608984717841e-09
"GSE17721_LPS_VS_PAM3CSK4_6H_BMDC_DN","GSE17721_LPS_VS_PAM3CSK4_6H_BMDC_DN","75/4231","199/21355",3.48292418110478e-09,1.67167316033175e-08,3.31608984717841e-09
"GSE17721_LPS_VS_POLYIC_6H_BMDC_DN","GSE17721_LPS_VS_POLYIC_6H_BMDC_DN","75/4231","199/21355",3.48292418110478e-09,1.67167316033175e-08,3.31608984717841e-09
"GSE17974_0H_VS_12H_IN_VITRO_ACT_CD4_TCELL_DN","GSE17974_0H_VS_12H_IN_VITRO_ACT_CD4_TCELL_DN","75/4231","199/21355",3.48292418110478e-09,1.67167316033175e-08,3.31608984717841e-09
"GSE20727_CTRL_VS_ROS_INHIBITOR_TREATED_DC_DN","GSE20727_CTRL_VS_ROS_INHIBITOR_TREATED_DC_DN","75/4231","199/21355",3.48292418110478e-09,1.67167316033175e-08,3.31608984717841e-09
"GSE20727_ROS_INH_VS_ROS_INH_AND_DNFB_ALLERGEN_TREATED_DC_UP","GSE20727_ROS_INH_VS_ROS_INH_AND_DNFB_ALLERGEN_TREATED_DC_UP","75/4231","199/21355",3.48292418110478e-09,1.67167316033175e-08,3.31608984717841e-09
"GSE23321_CENTRAL_MEMORY_VS_NAIVE_CD8_TCELL_UP","GSE23321_CENTRAL_MEMORY_VS_NAIVE_CD8_TCELL_UP","75/4231","199/21355",3.48292418110478e-09,1.67167316033175e-08,3.31608984717841e-09
"GSE25087_TREG_VS_TCONV_ADULT_UP","GSE25087_TREG_VS_TCONV_ADULT_UP","75/4231","199/21355",3.48292418110478e-09,1.67167316033175e-08,3.31608984717841e-09
"GSE30971_CTRL_VS_LPS_STIM_MACROPHAGE_WBP7_HET_4H_DN","GSE30971_CTRL_VS_LPS_STIM_MACROPHAGE_WBP7_HET_4H_DN","75/4231","199/21355",3.48292418110478e-09,1.67167316033175e-08,3.31608984717841e-09
"GSE360_HIGH_DOSE_B_MALAYI_VS_M_TUBERCULOSIS_MAC_DN","GSE360_HIGH_DOSE_B_MALAYI_VS_M_TUBERCULOSIS_MAC_DN","75/4231","199/21355",3.48292418110478e-09,1.67167316033175e-08,3.31608984717841e-09
"GSE360_L_DONOVANI_VS_B_MALAYI_HIGH_DOSE_DC_UP","GSE360_L_DONOVANI_VS_B_MALAYI_HIGH_DOSE_DC_UP","75/4231","199/21355",3.48292418110478e-09,1.67167316033175e-08,3.31608984717841e-09
"GSE360_T_GONDII_VS_B_MALAYI_HIGH_DOSE_MAC_DN","GSE360_T_GONDII_VS_B_MALAYI_HIGH_DOSE_MAC_DN","75/4231","199/21355",3.48292418110478e-09,1.67167316033175e-08,3.31608984717841e-09
"GSE360_T_GONDII_VS_B_MALAYI_LOW_DOSE_DC_DN","GSE360_T_GONDII_VS_B_MALAYI_LOW_DOSE_DC_DN","75/4231","199/21355",3.48292418110478e-09,1.67167316033175e-08,3.31608984717841e-09
"GSE360_T_GONDII_VS_M_TUBERCULOSIS_MAC_UP","GSE360_T_GONDII_VS_M_TUBERCULOSIS_MAC_UP","75/4231","199/21355",3.48292418110478e-09,1.67167316033175e-08,3.31608984717841e-09
"GSE37533_PPARG1_FOXP3_VS_FOXP3_TRANSDUCED_CD4_TCELL_PIOGLITAZONE_TREATED_DN","GSE37533_PPARG1_FOXP3_VS_FOXP3_TRANSDUCED_CD4_TCELL_PIOGLITAZONE_TREATED_DN","75/4231","199/21355",3.48292418110478e-09,1.67167316033175e-08,3.31608984717841e-09
"GSE37534_UNTREATED_VS_GW1929_TREATED_CD4_TCELL_PPARG1_AND_FOXP3_TRASDUCED_DN","GSE37534_UNTREATED_VS_GW1929_TREATED_CD4_TCELL_PPARG1_AND_FOXP3_TRASDUCED_DN","75/4231","199/21355",3.48292418110478e-09,1.67167316033175e-08,3.31608984717841e-09
"GSE3982_BASOPHIL_VS_TH1_DN","GSE3982_BASOPHIL_VS_TH1_DN","75/4231","199/21355",3.48292418110478e-09,1.67167316033175e-08,3.31608984717841e-09
"GSE3982_BCELL_VS_TH2_DN","GSE3982_BCELL_VS_TH2_DN","75/4231","199/21355",3.48292418110478e-09,1.67167316033175e-08,3.31608984717841e-09
"GSE3982_DC_VS_TH1_DN","GSE3982_DC_VS_TH1_DN","75/4231","199/21355",3.48292418110478e-09,1.67167316033175e-08,3.31608984717841e-09
"GSE3982_MAST_CELL_VS_CENT_MEMORY_CD4_TCELL_UP","GSE3982_MAST_CELL_VS_CENT_MEMORY_CD4_TCELL_UP","75/4231","199/21355",3.48292418110478e-09,1.67167316033175e-08,3.31608984717841e-09
"GSE411_UNSTIM_VS_400MIN_IL6_STIM_SOCS3_KO_MACROPHAGE_DN","GSE411_UNSTIM_VS_400MIN_IL6_STIM_SOCS3_KO_MACROPHAGE_DN","75/4231","199/21355",3.48292418110478e-09,1.67167316033175e-08,3.31608984717841e-09
"GSE44955_MCSF_VS_MCSF_AND_IL27_STIM_MACROPHAGE_DN","GSE44955_MCSF_VS_MCSF_AND_IL27_STIM_MACROPHAGE_DN","75/4231","199/21355",3.48292418110478e-09,1.67167316033175e-08,3.31608984717841e-09
"GSE45365_WT_VS_IFNAR_KO_CD8A_DC_DN","GSE45365_WT_VS_IFNAR_KO_CD8A_DC_DN","75/4231","199/21355",3.48292418110478e-09,1.67167316033175e-08,3.31608984717841e-09
"GSE45365_WT_VS_IFNAR_KO_CD8A_DC_MCMV_INFECTION_UP","GSE45365_WT_VS_IFNAR_KO_CD8A_DC_MCMV_INFECTION_UP","75/4231","199/21355",3.48292418110478e-09,1.67167316033175e-08,3.31608984717841e-09
"GSE46468_LUNG_INNATE_LYMPHOID_CELL_VS_SPLEEN_CD4_TCELL_DN","GSE46468_LUNG_INNATE_LYMPHOID_CELL_VS_SPLEEN_CD4_TCELL_DN","75/4231","199/21355",3.48292418110478e-09,1.67167316033175e-08,3.31608984717841e-09
"GSE5960_TH1_VS_ANERGIC_TH1_UP","GSE5960_TH1_VS_ANERGIC_TH1_UP","75/4231","199/21355",3.48292418110478e-09,1.67167316033175e-08,3.31608984717841e-09
"GSE9960_GRAM_NEG_VS_GRAM_POS_SEPSIS_PBMC_DN","GSE9960_GRAM_NEG_VS_GRAM_POS_SEPSIS_PBMC_DN","75/4231","199/21355",3.48292418110478e-09,1.67167316033175e-08,3.31608984717841e-09
"GSE21360_SECONDARY_VS_QUATERNARY_MEMORY_CD8_TCELL_DN","GSE21360_SECONDARY_VS_QUATERNARY_MEMORY_CD8_TCELL_DN","65/4231","164/21355",3.6990873341738e-09,1.77376255144761e-08,3.51860407150007e-09
"GSE27859_CD11C_INT_F480_HI_MACROPHAGE_VS_CD11C_ING_F480_INT_DC_UP","GSE27859_CD11C_INT_F480_HI_MACROPHAGE_VS_CD11C_ING_F480_INT_DC_UP","69/4231","178/21355",3.73914830717756e-09,1.79129665631702e-08,3.55338638930991e-09
"GSE3565_CTRL_VS_LPS_INJECTED_DUSP1_KO_SPLENOCYTES_DN","GSE3565_CTRL_VS_LPS_INJECTED_DUSP1_KO_SPLENOCYTES_DN","67/4231","171/21355",3.74413599289713e-09,1.79201130715133e-08,3.55480403866394e-09
"GSE27241_CTRL_VS_DIGOXIN_TREATED_RORGT_KO_CD4_TCELL_IN_TH17_POLARIZING_CONDITIONS_UP","GSE27241_CTRL_VS_DIGOXIN_TREATED_RORGT_KO_CD4_TCELL_IN_TH17_POLARIZING_CONDITIONS_UP","74/4231","196/21355",4.0380370470392e-09,1.92907529386048e-08,3.82669719668403e-09
"GSE9988_LOW_LPS_VS_ANTI_TREM1_AND_LPS_MONOCYTE_DN","GSE9988_LOW_LPS_VS_ANTI_TREM1_AND_LPS_MONOCYTE_DN","74/4231","196/21355",4.0380370470392e-09,1.92907529386048e-08,3.82669719668403e-09
"GSE21360_NAIVE_VS_PRIMARY_MEMORY_CD8_TCELL_DN","GSE21360_NAIVE_VS_PRIMARY_MEMORY_CD8_TCELL_DN","70/4231","182/21355",4.25994794469284e-09,2.03319303207593e-08,4.0332350431964e-09
"GSE15271_CXCR4_POS_VS_NEG_GC_BCELL_DN","GSE15271_CXCR4_POS_VS_NEG_GC_BCELL_DN","68/4231","175/21355",4.3058614610466e-09,2.04916913026898e-08,4.06492675080567e-09
"GSE6259_33D1_POS_VS_DEC205_POS_FLT3L_INDUCED_SPLENIC_DC_UP","GSE6259_33D1_POS_VS_DEC205_POS_FLT3L_INDUCED_SPLENIC_DC_UP","68/4231","175/21355",4.3058614610466e-09,2.04916913026898e-08,4.06492675080567e-09
"GSE10240_CTRL_VS_IL17_AND_IL22_STIM_PRIMARY_BRONCHIAL_EPITHELIAL_CELLS_DN","GSE10240_CTRL_VS_IL17_AND_IL22_STIM_PRIMARY_BRONCHIAL_EPITHELIAL_CELLS_DN","75/4231","200/21355",4.50129621670479e-09,2.04916913026898e-08,4.06492675080567e-09
"GSE10273_LOW_IL7_VS_HIGH_IL7_AND_IRF4_IN_IRF4_8_NULL_PRE_BCELL_UP","GSE10273_LOW_IL7_VS_HIGH_IL7_AND_IRF4_IN_IRF4_8_NULL_PRE_BCELL_UP","75/4231","200/21355",4.50129621670479e-09,2.04916913026898e-08,4.06492675080567e-09
"GSE12392_IFNAR_KO_VS_IFNB_KO_CD8_NEG_SPLEEN_DC_DN","GSE12392_IFNAR_KO_VS_IFNB_KO_CD8_NEG_SPLEEN_DC_DN","75/4231","200/21355",4.50129621670479e-09,2.04916913026898e-08,4.06492675080567e-09
"GSE13484_UNSTIM_VS_12H_YF17D_VACCINE_STIM_PBMC_DN","GSE13484_UNSTIM_VS_12H_YF17D_VACCINE_STIM_PBMC_DN","75/4231","200/21355",4.50129621670479e-09,2.04916913026898e-08,4.06492675080567e-09
"GSE1460_DP_THYMOCYTE_VS_NAIVE_CD4_TCELL_CORD_BLOOD_UP","GSE1460_DP_THYMOCYTE_VS_NAIVE_CD4_TCELL_CORD_BLOOD_UP","75/4231","200/21355",4.50129621670479e-09,2.04916913026898e-08,4.06492675080567e-09
"GSE15330_LYMPHOID_MULTIPOTENT_VS_PRO_BCELL_DN","GSE15330_LYMPHOID_MULTIPOTENT_VS_PRO_BCELL_DN","75/4231","200/21355",4.50129621670479e-09,2.04916913026898e-08,4.06492675080567e-09
"GSE16451_CTRL_VS_WEST_EQUINE_ENC_VIRUS_MATURE_NEURON_CELL_LINE_UP","GSE16451_CTRL_VS_WEST_EQUINE_ENC_VIRUS_MATURE_NEURON_CELL_LINE_UP","75/4231","200/21355",4.50129621670479e-09,2.04916913026898e-08,4.06492675080567e-09
"GSE16451_IMMATURE_VS_MATURE_NEURON_CELL_LINE_WEST_EQUINE_ENC_VIRUS_UP","GSE16451_IMMATURE_VS_MATURE_NEURON_CELL_LINE_WEST_EQUINE_ENC_VIRUS_UP","75/4231","200/21355",4.50129621670479e-09,2.04916913026898e-08,4.06492675080567e-09
"GSE17186_MEMORY_VS_CD21LOW_TRANSITIONAL_BCELL_UP","GSE17186_MEMORY_VS_CD21LOW_TRANSITIONAL_BCELL_UP","75/4231","200/21355",4.50129621670479e-09,2.04916913026898e-08,4.06492675080567e-09
"GSE17301_CTRL_VS_48H_ACD3_ACD28_IFNA2_STIM_CD8_TCELL_DN","GSE17301_CTRL_VS_48H_ACD3_ACD28_IFNA2_STIM_CD8_TCELL_DN","75/4231","200/21355",4.50129621670479e-09,2.04916913026898e-08,4.06492675080567e-09
"GSE17721_ALL_VS_24H_PAM3CSK4_BMDC_UP","GSE17721_ALL_VS_24H_PAM3CSK4_BMDC_UP","75/4231","200/21355",4.50129621670479e-09,2.04916913026898e-08,4.06492675080567e-09
"GSE17721_CPG_VS_GARDIQUIMOD_0.5H_BMDC_DN","GSE17721_CPG_VS_GARDIQUIMOD_0.5H_BMDC_DN","75/4231","200/21355",4.50129621670479e-09,2.04916913026898e-08,4.06492675080567e-09
"GSE17721_POLYIC_VS_CPG_12H_BMDC_UP","GSE17721_POLYIC_VS_CPG_12H_BMDC_UP","75/4231","200/21355",4.50129621670479e-09,2.04916913026898e-08,4.06492675080567e-09
"GSE19825_CD24LOW_VS_IL2RA_HIGH_DAY3_EFF_CD8_TCELL_DN","GSE19825_CD24LOW_VS_IL2RA_HIGH_DAY3_EFF_CD8_TCELL_DN","75/4231","200/21355",4.50129621670479e-09,2.04916913026898e-08,4.06492675080567e-09
"GSE21033_CTRL_VS_POLYIC_STIM_DC_3H_UP","GSE21033_CTRL_VS_POLYIC_STIM_DC_3H_UP","75/4231","200/21355",4.50129621670479e-09,2.04916913026898e-08,4.06492675080567e-09
"GSE22443_IL2_VS_IL12_TREATED_ACT_CD8_TCELL_DN","GSE22443_IL2_VS_IL12_TREATED_ACT_CD8_TCELL_DN","75/4231","200/21355",4.50129621670479e-09,2.04916913026898e-08,4.06492675080567e-09
"GSE22589_HEALTHY_VS_HIV_AND_SIV_INFECTED_DC_DN","GSE22589_HEALTHY_VS_HIV_AND_SIV_INFECTED_DC_DN","75/4231","200/21355",4.50129621670479e-09,2.04916913026898e-08,4.06492675080567e-09
"GSE22601_DOUBLE_NEGATIVE_VS_CD4_SINGLE_POSITIVE_THYMOCYTE_DN","GSE22601_DOUBLE_NEGATIVE_VS_CD4_SINGLE_POSITIVE_THYMOCYTE_DN","75/4231","200/21355",4.50129621670479e-09,2.04916913026898e-08,4.06492675080567e-09
"GSE22935_WT_VS_MYD88_KO_MACROPHAGE_24H_MBOVIS_BCG_STIM_DN","GSE22935_WT_VS_MYD88_KO_MACROPHAGE_24H_MBOVIS_BCG_STIM_DN","75/4231","200/21355",4.50129621670479e-09,2.04916913026898e-08,4.06492675080567e-09
"GSE23114_WT_VS_SLE2C1_MOUSE_SPLEEN_B1A_BCELL_UP","GSE23114_WT_VS_SLE2C1_MOUSE_SPLEEN_B1A_BCELL_UP","75/4231","200/21355",4.50129621670479e-09,2.04916913026898e-08,4.06492675080567e-09
"GSE23568_ID3_TRANSDUCED_VS_ID3_KO_CD8_TCELL_DN","GSE23568_ID3_TRANSDUCED_VS_ID3_KO_CD8_TCELL_DN","75/4231","200/21355",4.50129621670479e-09,2.04916913026898e-08,4.06492675080567e-09
"GSE23984_CTRL_VS_HYPOCALEMIC_VITAMIND_ANALOG_TCELL_DN","GSE23984_CTRL_VS_HYPOCALEMIC_VITAMIND_ANALOG_TCELL_DN","75/4231","200/21355",4.50129621670479e-09,2.04916913026898e-08,4.06492675080567e-09
"GSE25123_CTRL_VS_IL4_AND_ROSIGLITAZONE_STIM_MACROPHAGE_UP","GSE25123_CTRL_VS_IL4_AND_ROSIGLITAZONE_STIM_MACROPHAGE_UP","75/4231","200/21355",4.50129621670479e-09,2.04916913026898e-08,4.06492675080567e-09
"GSE27786_BCELL_VS_NKTCELL_UP","GSE27786_BCELL_VS_NKTCELL_UP","75/4231","200/21355",4.50129621670479e-09,2.04916913026898e-08,4.06492675080567e-09
"GSE27786_LIN_NEG_VS_ERYTHROBLAST_UP","GSE27786_LIN_NEG_VS_ERYTHROBLAST_UP","75/4231","200/21355",4.50129621670479e-09,2.04916913026898e-08,4.06492675080567e-09
"GSE27786_LIN_NEG_VS_NEUTROPHIL_DN","GSE27786_LIN_NEG_VS_NEUTROPHIL_DN","75/4231","200/21355",4.50129621670479e-09,2.04916913026898e-08,4.06492675080567e-09
"GSE27786_LIN_NEG_VS_NKTCELL_UP","GSE27786_LIN_NEG_VS_NKTCELL_UP","75/4231","200/21355",4.50129621670479e-09,2.04916913026898e-08,4.06492675080567e-09
"GSE27786_NKTCELL_VS_MONO_MAC_DN","GSE27786_NKTCELL_VS_MONO_MAC_DN","75/4231","200/21355",4.50129621670479e-09,2.04916913026898e-08,4.06492675080567e-09
"GSE28726_ACT_CD4_TCELL_VS_ACT_NKTCELL_UP","GSE28726_ACT_CD4_TCELL_VS_ACT_NKTCELL_UP","75/4231","200/21355",4.50129621670479e-09,2.04916913026898e-08,4.06492675080567e-09
"GSE28726_NAIVE_VS_ACTIVATED_CD4_TCELL_UP","GSE28726_NAIVE_VS_ACTIVATED_CD4_TCELL_UP","75/4231","200/21355",4.50129621670479e-09,2.04916913026898e-08,4.06492675080567e-09
"GSE29949_CD8_NEG_DC_SPLEEN_VS_DC_BRAIN_DN","GSE29949_CD8_NEG_DC_SPLEEN_VS_DC_BRAIN_DN","75/4231","200/21355",4.50129621670479e-09,2.04916913026898e-08,4.06492675080567e-09
"GSE3039_CD4_TCELL_VS_ALPHABETA_CD8_TCELL_DN","GSE3039_CD4_TCELL_VS_ALPHABETA_CD8_TCELL_DN","75/4231","200/21355",4.50129621670479e-09,2.04916913026898e-08,4.06492675080567e-09
"GSE32164_RESTING_DIFFERENTIATED_VS_CMYC_INHIBITED_MACROPHAGE_DN","GSE32164_RESTING_DIFFERENTIATED_VS_CMYC_INHIBITED_MACROPHAGE_DN","75/4231","200/21355",4.50129621670479e-09,2.04916913026898e-08,4.06492675080567e-09
"GSE339_CD4POS_VS_CD8POS_DC_IN_CULTURE_DN","GSE339_CD4POS_VS_CD8POS_DC_IN_CULTURE_DN","75/4231","200/21355",4.50129621670479e-09,2.04916913026898e-08,4.06492675080567e-09
"GSE37416_CTRL_VS_24H_F_TULARENSIS_LVS_NEUTROPHIL_DN","GSE37416_CTRL_VS_24H_F_TULARENSIS_LVS_NEUTROPHIL_DN","75/4231","200/21355",4.50129621670479e-09,2.04916913026898e-08,4.06492675080567e-09
"GSE37605_FOXP3_FUSION_GFP_VS_IRES_GFP_TREG_NOD_UP","GSE37605_FOXP3_FUSION_GFP_VS_IRES_GFP_TREG_NOD_UP","75/4231","200/21355",4.50129621670479e-09,2.04916913026898e-08,4.06492675080567e-09
"GSE3982_CENT_MEMORY_CD4_TCELL_VS_TH2_DN","GSE3982_CENT_MEMORY_CD4_TCELL_VS_TH2_DN","75/4231","200/21355",4.50129621670479e-09,2.04916913026898e-08,4.06492675080567e-09
"GSE40068_CXCR5NEG_BCL6NEG_CD4_TCELL_VS_CXCR5POS_BCL6NEG_TFH_UP","GSE40068_CXCR5NEG_BCL6NEG_CD4_TCELL_VS_CXCR5POS_BCL6NEG_TFH_UP","75/4231","200/21355",4.50129621670479e-09,2.04916913026898e-08,4.06492675080567e-09
"GSE40273_XBP1_KO_VS_WT_TREG_UP","GSE40273_XBP1_KO_VS_WT_TREG_UP","75/4231","200/21355",4.50129621670479e-09,2.04916913026898e-08,4.06492675080567e-09
"GSE40277_GATA1_AND_SATB1_TRANSDUCED_VS_CTRL_CD4_TCELL_UP","GSE40277_GATA1_AND_SATB1_TRANSDUCED_VS_CTRL_CD4_TCELL_UP","75/4231","200/21355",4.50129621670479e-09,2.04916913026898e-08,4.06492675080567e-09
"GSE41867_DAY6_VS_DAY8_LCMV_CLONE13_EFFECTOR_CD8_TCELL_UP","GSE41867_DAY6_VS_DAY8_LCMV_CLONE13_EFFECTOR_CD8_TCELL_UP","75/4231","200/21355",4.50129621670479e-09,2.04916913026898e-08,4.06492675080567e-09
"GSE43955_1H_VS_10H_ACT_CD4_TCELL_UP","GSE43955_1H_VS_10H_ACT_CD4_TCELL_UP","75/4231","200/21355",4.50129621670479e-09,2.04916913026898e-08,4.06492675080567e-09
"GSE46606_UNSTIM_VS_CD40L_IL2_IL5_3DAY_STIMULATED_IRF4MID_SORTED_BCELL_UP","GSE46606_UNSTIM_VS_CD40L_IL2_IL5_3DAY_STIMULATED_IRF4MID_SORTED_BCELL_UP","75/4231","200/21355",4.50129621670479e-09,2.04916913026898e-08,4.06492675080567e-09
"GSE5679_CTRL_VS_PPARG_LIGAND_ROSIGLITAZONE_AND_RARA_AGONIST_AM580_TREATED_DC_UP","GSE5679_CTRL_VS_PPARG_LIGAND_ROSIGLITAZONE_AND_RARA_AGONIST_AM580_TREATED_DC_UP","75/4231","200/21355",4.50129621670479e-09,2.04916913026898e-08,4.06492675080567e-09
"GSE5960_TH1_VS_ANERGIC_TH1_DN","GSE5960_TH1_VS_ANERGIC_TH1_DN","75/4231","200/21355",4.50129621670479e-09,2.04916913026898e-08,4.06492675080567e-09
"GSE7460_WT_VS_FOXP3_HET_ACT_WITH_TGFB_TCONV_UP","GSE7460_WT_VS_FOXP3_HET_ACT_WITH_TGFB_TCONV_UP","75/4231","200/21355",4.50129621670479e-09,2.04916913026898e-08,4.06492675080567e-09
"GSE8921_3H_VS_24H_TLR1_2_STIM_MONOCYTE_UP","GSE8921_3H_VS_24H_TLR1_2_STIM_MONOCYTE_UP","75/4231","200/21355",4.50129621670479e-09,2.04916913026898e-08,4.06492675080567e-09
"GSE9006_HEALTHY_VS_TYPE_1_DIABETES_PBMC_1MONTH_POST_DX_UP","GSE9006_HEALTHY_VS_TYPE_1_DIABETES_PBMC_1MONTH_POST_DX_UP","75/4231","200/21355",4.50129621670479e-09,2.04916913026898e-08,4.06492675080567e-09
"GSE9037_CTRL_VS_LPS_4H_STIM_BMDM_UP","GSE9037_CTRL_VS_LPS_4H_STIM_BMDM_UP","75/4231","200/21355",4.50129621670479e-09,2.04916913026898e-08,4.06492675080567e-09
"KAECH_DAY8_EFF_VS_DAY15_EFF_CD8_TCELL_DN","KAECH_DAY8_EFF_VS_DAY15_EFF_CD8_TCELL_DN","75/4231","200/21355",4.50129621670479e-09,2.04916913026898e-08,4.06492675080567e-09
"GSE37301_HEMATOPOIETIC_STEM_CELL_VS_LYMPHOID_PRIMED_MPP_UP","GSE37301_HEMATOPOIETIC_STEM_CELL_VS_LYMPHOID_PRIMED_MPP_UP","69/4231","179/21355",4.9156612654907e-09,2.23581895713446e-08,4.43518309668334e-09
"GSE3720_LPS_VS_PMA_STIM_VD1_GAMMADELTA_TCELL_DN","GSE3720_LPS_VS_PMA_STIM_VD1_GAMMADELTA_TCELL_DN","67/4231","172/21355",4.95527721721758e-09,2.24984508551438e-08,4.46300665874055e-09
"GSE7509_UNSTIM_VS_IFNA_STIM_IMMATURE_DC_DN","GSE7509_UNSTIM_VS_IFNA_STIM_IMMATURE_DC_DN","67/4231","172/21355",4.95527721721758e-09,2.24984508551438e-08,4.46300665874055e-09
"HOWARD_NK_CELL_INACT_MONOV_INFLUENZA_A_INDONESIA_05_2005_H5N1_AGE_18_49YO_28DY_DN","HOWARD_NK_CELL_INACT_MONOV_INFLUENZA_A_INDONESIA_05_2005_H5N1_AGE_18_49YO_28DY_DN","33/4231","62/21355",5.06980328073183e-09,2.29980633779039e-08,4.56211454977825e-09
"GSE11864_CSF1_IFNG_VS_CSF1_IFNG_PAM3CYS_IN_MAC_UP","GSE11864_CSF1_IFNG_VS_CSF1_IFNG_PAM3CYS_IN_MAC_UP","74/4231","197/21355",5.22419966791768e-09,2.36565790616131e-08,4.69274398289797e-09
"GSE1460_DP_THYMOCYTE_VS_NAIVE_CD4_TCELL_ADULT_BLOOD_DN","GSE1460_DP_THYMOCYTE_VS_NAIVE_CD4_TCELL_ADULT_BLOOD_DN","74/4231","197/21355",5.22419966791768e-09,2.36565790616131e-08,4.69274398289797e-09
"GSE40274_CTRL_VS_SATB1_TRANSDUCED_ACTIVATED_CD4_TCELL_UP","GSE40274_CTRL_VS_SATB1_TRANSDUCED_ACTIVATED_CD4_TCELL_UP","66/4231","169/21355",5.6987852737352e-09,2.57828537627243e-08,5.1145320522397e-09
"GSE18893_TCONV_VS_TREG_2H_TNF_STIM_DN","GSE18893_TCONV_VS_TREG_2H_TNF_STIM_DN","73/4231","194/21355",6.06113422622155e-09,2.73980370754953e-08,5.43493517360997e-09
"GSE7218_UNSTIM_VS_ANTIGEN_STIM_THROUGH_IGG_BCELL_UP","GSE7218_UNSTIM_VS_ANTIGEN_STIM_THROUGH_IGG_BCELL_UP","71/4231","187/21355",6.27832747841644e-09,2.83548076249891e-08,5.62472927813612e-09
"GSE7219_UNSTIM_VS_LPS_AND_ANTI_CD40_STIM_DC_UP","GSE7219_UNSTIM_VS_LPS_AND_ANTI_CD40_STIM_DC_UP","67/4231","173/21355",6.53421108525943e-09,2.94844771329576e-08,5.84882126423333e-09
"GSE22886_UNSTIM_VS_STIM_MEMORY_TCELL_UP","GSE22886_UNSTIM_VS_STIM_MEMORY_TCELL_UP","74/4231","198/21355",6.73841845321589e-09,3.02726844795659e-08,6.00517756889759e-09
"GSE2706_UNSTIM_VS_8H_LPS_DC_DN","GSE2706_UNSTIM_VS_8H_LPS_DC_DN","74/4231","198/21355",6.73841845321589e-09,3.02726844795659e-08,6.00517756889759e-09
"GSE360_CTRL_VS_M_TUBERCULOSIS_MAC_UP","GSE360_CTRL_VS_M_TUBERCULOSIS_MAC_UP","74/4231","198/21355",6.73841845321589e-09,3.02726844795659e-08,6.00517756889759e-09
"GSE37301_LYMPHOID_PRIMED_MPP_VS_GRAN_MONO_PROGENITOR_DN","GSE37301_LYMPHOID_PRIMED_MPP_VS_GRAN_MONO_PROGENITOR_DN","74/4231","198/21355",6.73841845321589e-09,3.02726844795659e-08,6.00517756889759e-09
"GSE40666_UNTREATED_VS_IFNA_STIM_STAT1_KO_CD8_TCELL_90MIN_DN","GSE40666_UNTREATED_VS_IFNA_STIM_STAT1_KO_CD8_TCELL_90MIN_DN","74/4231","198/21355",6.73841845321589e-09,3.02726844795659e-08,6.00517756889759e-09
"GSE17974_CTRL_VS_ACT_IL4_AND_ANTI_IL12_72H_CD4_TCELL_UP","GSE17974_CTRL_VS_ACT_IL4_AND_ANTI_IL12_72H_CD4_TCELL_UP","73/4231","195/21355",7.82598434325892e-09,3.50664298457563e-08,6.95611048545097e-09
"GSE25123_IL4_VS_IL4_AND_ROSIGLITAZONE_STIM_PPARG_KO_MACROPHAGE_DAY10_DN","GSE25123_IL4_VS_IL4_AND_ROSIGLITAZONE_STIM_PPARG_KO_MACROPHAGE_DAY10_DN","73/4231","195/21355",7.82598434325892e-09,3.50664298457563e-08,6.95611048545097e-09
"GSE30971_CTRL_VS_LPS_STIM_MACROPHAGE_WBP7_HET_2H_UP","GSE30971_CTRL_VS_LPS_STIM_MACROPHAGE_WBP7_HET_2H_UP","73/4231","195/21355",7.82598434325892e-09,3.50664298457563e-08,6.95611048545097e-09
"GSE12003_MIR223_KO_VS_WT_BM_PROGENITOR_8D_CULTURE_DN","GSE12003_MIR223_KO_VS_WT_BM_PROGENITOR_8D_CULTURE_DN","59/4231","146/21355",8.17228752734244e-09,3.65861535940239e-08,7.25757733984169e-09
"GSE37301_MULTIPOTENT_PROGENITOR_VS_LYMPHOID_PRIMED_MPP_DN","GSE37301_MULTIPOTENT_PROGENITOR_VS_LYMPHOID_PRIMED_MPP_DN","69/4231","181/21355",8.40837236529686e-09,3.76102240353505e-08,7.46072169089444e-09
"GSE13229_IMM_VS_MATURE_NKCELL_DN","GSE13229_IMM_VS_MATURE_NKCELL_DN","74/4231","199/21355",8.66567106230591e-09,3.8326341557705e-08,7.60277757248763e-09
"GSE17186_MEMORY_VS_CD21LOW_TRANSITIONAL_BCELL_DN","GSE17186_MEMORY_VS_CD21LOW_TRANSITIONAL_BCELL_DN","74/4231","199/21355",8.66567106230591e-09,3.8326341557705e-08,7.60277757248763e-09
"GSE18281_CORTICAL_VS_MEDULLARY_THYMOCYTE_UP","GSE18281_CORTICAL_VS_MEDULLARY_THYMOCYTE_UP","74/4231","199/21355",8.66567106230591e-09,3.8326341557705e-08,7.60277757248763e-09
"GSE2405_0H_VS_6H_A_PHAGOCYTOPHILUM_STIM_NEUTROPHIL_UP","GSE2405_0H_VS_6H_A_PHAGOCYTOPHILUM_STIM_NEUTROPHIL_UP","74/4231","199/21355",8.66567106230591e-09,3.8326341557705e-08,7.60277757248763e-09
"GSE26488_WT_VS_HDAC7_DELTAP_TG_OT2_THYMOCYTE_WITH_PEPTIDE_INJECTION_DN","GSE26488_WT_VS_HDAC7_DELTAP_TG_OT2_THYMOCYTE_WITH_PEPTIDE_INJECTION_DN","74/4231","199/21355",8.66567106230591e-09,3.8326341557705e-08,7.60277757248763e-09
"GSE29949_DC_BRAIN_VS_MONOCYTE_BONE_MARROW_UP","GSE29949_DC_BRAIN_VS_MONOCYTE_BONE_MARROW_UP","74/4231","199/21355",8.66567106230591e-09,3.8326341557705e-08,7.60277757248763e-09
"GSE3039_NKT_CELL_VS_B1_BCELL_UP","GSE3039_NKT_CELL_VS_B1_BCELL_UP","74/4231","199/21355",8.66567106230591e-09,3.8326341557705e-08,7.60277757248763e-09
"GSE360_T_GONDII_VS_B_MALAYI_HIGH_DOSE_MAC_UP","GSE360_T_GONDII_VS_B_MALAYI_HIGH_DOSE_MAC_UP","74/4231","199/21355",8.66567106230591e-09,3.8326341557705e-08,7.60277757248763e-09
"GSE37416_CTRL_VS_48H_F_TULARENSIS_LVS_NEUTROPHIL_DN","GSE37416_CTRL_VS_48H_F_TULARENSIS_LVS_NEUTROPHIL_DN","74/4231","199/21355",8.66567106230591e-09,3.8326341557705e-08,7.60277757248763e-09
"GSE39382_IL3_VS_IL3_IL33_TREATED_MAST_CELL_DN","GSE39382_IL3_VS_IL3_IL33_TREATED_MAST_CELL_DN","74/4231","199/21355",8.66567106230591e-09,3.8326341557705e-08,7.60277757248763e-09
"GSE3982_MAC_VS_TH1_UP","GSE3982_MAC_VS_TH1_UP","74/4231","199/21355",8.66567106230591e-09,3.8326341557705e-08,7.60277757248763e-09
"GSE3982_MAST_CELL_VS_NKCELL_UP","GSE3982_MAST_CELL_VS_NKCELL_UP","74/4231","199/21355",8.66567106230591e-09,3.8326341557705e-08,7.60277757248763e-09
"GSE42724_MEMORY_BCELL_VS_PLASMABLAST_UP","GSE42724_MEMORY_BCELL_VS_PLASMABLAST_UP","74/4231","199/21355",8.66567106230591e-09,3.8326341557705e-08,7.60277757248763e-09
"GSE6259_33D1_POS_DC_VS_BCELL_DN","GSE6259_33D1_POS_DC_VS_BCELL_DN","60/4231","150/21355",9.67190820756117e-09,4.27398288551367e-08,8.4782788824901e-09
"GSE11864_UNTREATED_VS_CSF1_IN_MAC_UP","GSE11864_UNTREATED_VS_CSF1_IN_MAC_UP","73/4231","196/21355",1.00741156654057e-08,4.42122576206076e-08,8.77036385434564e-09
"GSE12366_GC_VS_NAIVE_BCELL_DN","GSE12366_GC_VS_NAIVE_BCELL_DN","73/4231","196/21355",1.00741156654057e-08,4.42122576206076e-08,8.77036385434564e-09
"GSE12845_PRE_GC_VS_DARKZONE_GC_TONSIL_BCELL_UP","GSE12845_PRE_GC_VS_DARKZONE_GC_TONSIL_BCELL_UP","73/4231","196/21355",1.00741156654057e-08,4.42122576206076e-08,8.77036385434564e-09
"GSE17974_0.5H_VS_72H_IL4_AND_ANTI_IL12_ACT_CD4_TCELL_UP","GSE17974_0.5H_VS_72H_IL4_AND_ANTI_IL12_ACT_CD4_TCELL_UP","73/4231","196/21355",1.00741156654057e-08,4.42122576206076e-08,8.77036385434564e-09
"GSE17974_2.5H_VS_72H_IL4_AND_ANTI_IL12_ACT_CD4_TCELL_DN","GSE17974_2.5H_VS_72H_IL4_AND_ANTI_IL12_ACT_CD4_TCELL_DN","73/4231","196/21355",1.00741156654057e-08,4.42122576206076e-08,8.77036385434564e-09
"GSE29618_PRE_VS_DAY7_POST_LAIV_FLU_VACCINE_MDC_DN","GSE29618_PRE_VS_DAY7_POST_LAIV_FLU_VACCINE_MDC_DN","73/4231","196/21355",1.00741156654057e-08,4.42122576206076e-08,8.77036385434564e-09
"GSE37416_12H_VS_24H_F_TULARENSIS_LVS_NEUTROPHIL_DN","GSE37416_12H_VS_24H_F_TULARENSIS_LVS_NEUTROPHIL_DN","73/4231","196/21355",1.00741156654057e-08,4.42122576206076e-08,8.77036385434564e-09
"GSE46242_CTRL_VS_EGR2_DELETED_ANERGIC_TH1_CD4_TCELL_UP","GSE46242_CTRL_VS_EGR2_DELETED_ANERGIC_TH1_CD4_TCELL_UP","73/4231","196/21355",1.00741156654057e-08,4.42122576206076e-08,8.77036385434564e-09
"GSE2706_R848_VS_R848_AND_LPS_8H_STIM_DC_UP","GSE2706_R848_VS_R848_AND_LPS_8H_STIM_DC_UP","71/4231","189/21355",1.05456957151045e-08,4.61939281335407e-08,9.16346686181908e-09
"GSE11924_TFH_VS_TH17_CD4_TCELL_DN","GSE11924_TFH_VS_TH17_CD4_TCELL_DN","74/4231","200/21355",1.11114150192461e-08,4.61939281335407e-08,9.16346686181908e-09
"GSE11961_FOLLICULAR_BCELL_VS_GERMINAL_CENTER_BCELL_DAY40_UP","GSE11961_FOLLICULAR_BCELL_VS_GERMINAL_CENTER_BCELL_DAY40_UP","74/4231","200/21355",1.11114150192461e-08,4.61939281335407e-08,9.16346686181908e-09
"GSE12392_CD8A_POS_VS_NEG_SPLEEN_IFNB_KO_DC_DN","GSE12392_CD8A_POS_VS_NEG_SPLEEN_IFNB_KO_DC_DN","74/4231","200/21355",1.11114150192461e-08,4.61939281335407e-08,9.16346686181908e-09
"GSE13484_12H_UNSTIM_VS_YF17D_VACCINE_STIM_PBMC_UP","GSE13484_12H_UNSTIM_VS_YF17D_VACCINE_STIM_PBMC_UP","74/4231","200/21355",1.11114150192461e-08,4.61939281335407e-08,9.16346686181908e-09
"GSE1432_1H_VS_24H_IFNG_MICROGLIA_DN","GSE1432_1H_VS_24H_IFNG_MICROGLIA_DN","74/4231","200/21355",1.11114150192461e-08,4.61939281335407e-08,9.16346686181908e-09
"GSE1432_1H_VS_6H_IFNG_MICROGLIA_UP","GSE1432_1H_VS_6H_IFNG_MICROGLIA_UP","74/4231","200/21355",1.11114150192461e-08,4.61939281335407e-08,9.16346686181908e-09
"GSE1432_6H_VS_24H_IFNG_MICROGLIA_DN","GSE1432_6H_VS_24H_IFNG_MICROGLIA_DN","74/4231","200/21355",1.11114150192461e-08,4.61939281335407e-08,9.16346686181908e-09
"GSE1448_ANTI_VALPHA2_VS_VBETA5_DP_THYMOCYTE_DN","GSE1448_ANTI_VALPHA2_VS_VBETA5_DP_THYMOCYTE_DN","74/4231","200/21355",1.11114150192461e-08,4.61939281335407e-08,9.16346686181908e-09
"GSE15330_MEGAKARYOCYTE_ERYTHROID_VS_GRANULOCYTE_MONOCYTE_PROGENITOR_IKAROS_KO_UP","GSE15330_MEGAKARYOCYTE_ERYTHROID_VS_GRANULOCYTE_MONOCYTE_PROGENITOR_IKAROS_KO_UP","74/4231","200/21355",1.11114150192461e-08,4.61939281335407e-08,9.16346686181908e-09
"GSE16450_CTRL_VS_IFNA_12H_STIM_MATURE_NEURON_CELL_LINE_DN","GSE16450_CTRL_VS_IFNA_12H_STIM_MATURE_NEURON_CELL_LINE_DN","74/4231","200/21355",1.11114150192461e-08,4.61939281335407e-08,9.16346686181908e-09
"GSE17580_TREG_VS_TEFF_UP","GSE17580_TREG_VS_TEFF_UP","74/4231","200/21355",1.11114150192461e-08,4.61939281335407e-08,9.16346686181908e-09
"GSE17721_0.5H_VS_12H_GARDIQUIMOD_BMDC_UP","GSE17721_0.5H_VS_12H_GARDIQUIMOD_BMDC_UP","74/4231","200/21355",1.11114150192461e-08,4.61939281335407e-08,9.16346686181908e-09
"GSE17721_CPG_VS_GARDIQUIMOD_6H_BMDC_DN","GSE17721_CPG_VS_GARDIQUIMOD_6H_BMDC_DN","74/4231","200/21355",1.11114150192461e-08,4.61939281335407e-08,9.16346686181908e-09
"GSE17721_CTRL_VS_GARDIQUIMOD_12H_BMDC_UP","GSE17721_CTRL_VS_GARDIQUIMOD_12H_BMDC_UP","74/4231","200/21355",1.11114150192461e-08,4.61939281335407e-08,9.16346686181908e-09
"GSE17721_LPS_VS_CPG_6H_BMDC_UP","GSE17721_LPS_VS_CPG_6H_BMDC_UP","74/4231","200/21355",1.11114150192461e-08,4.61939281335407e-08,9.16346686181908e-09
"GSE17721_LPS_VS_PAM3CSK4_16H_BMDC_UP","GSE17721_LPS_VS_PAM3CSK4_16H_BMDC_UP","74/4231","200/21355",1.11114150192461e-08,4.61939281335407e-08,9.16346686181908e-09
"GSE17721_LPS_VS_POLYIC_12H_BMDC_DN","GSE17721_LPS_VS_POLYIC_12H_BMDC_DN","74/4231","200/21355",1.11114150192461e-08,4.61939281335407e-08,9.16346686181908e-09
"GSE17721_LPS_VS_POLYIC_2H_BMDC_DN","GSE17721_LPS_VS_POLYIC_2H_BMDC_DN","74/4231","200/21355",1.11114150192461e-08,4.61939281335407e-08,9.16346686181908e-09
"GSE17721_POLYIC_VS_CPG_6H_BMDC_UP","GSE17721_POLYIC_VS_CPG_6H_BMDC_UP","74/4231","200/21355",1.11114150192461e-08,4.61939281335407e-08,9.16346686181908e-09
"GSE18281_SUBCAPSULAR_CORTICAL_REGION_VS_WHOLE_CORTEX_THYMUS_UP","GSE18281_SUBCAPSULAR_CORTICAL_REGION_VS_WHOLE_CORTEX_THYMUS_UP","74/4231","200/21355",1.11114150192461e-08,4.61939281335407e-08,9.16346686181908e-09
"GSE1925_CTRL_VS_IFNG_PRIMED_MACROPHAGE_DN","GSE1925_CTRL_VS_IFNG_PRIMED_MACROPHAGE_DN","74/4231","200/21355",1.11114150192461e-08,4.61939281335407e-08,9.16346686181908e-09
"GSE19923_WT_VS_HEB_AND_E2A_KO_DP_THYMOCYTE_DN","GSE19923_WT_VS_HEB_AND_E2A_KO_DP_THYMOCYTE_DN","74/4231","200/21355",1.11114150192461e-08,4.61939281335407e-08,9.16346686181908e-09
"GSE21360_NAIVE_VS_TERTIARY_MEMORY_CD8_TCELL_DN","GSE21360_NAIVE_VS_TERTIARY_MEMORY_CD8_TCELL_DN","74/4231","200/21355",1.11114150192461e-08,4.61939281335407e-08,9.16346686181908e-09
"GSE21774_CD62L_POS_CD56_BRIGHT_VS_CD62L_NEG_CD56_DIM_NK_CELL_UP","GSE21774_CD62L_POS_CD56_BRIGHT_VS_CD62L_NEG_CD56_DIM_NK_CELL_UP","74/4231","200/21355",1.11114150192461e-08,4.61939281335407e-08,9.16346686181908e-09
"GSE22103_UNSTIM_VS_GMCSF_AND_IFNG_STIM_NEUTROPHIL_DN","GSE22103_UNSTIM_VS_GMCSF_AND_IFNG_STIM_NEUTROPHIL_DN","74/4231","200/21355",1.11114150192461e-08,4.61939281335407e-08,9.16346686181908e-09
"GSE22589_HEALTHY_VS_HIV_INFECTED_DC_UP","GSE22589_HEALTHY_VS_HIV_INFECTED_DC_UP","74/4231","200/21355",1.11114150192461e-08,4.61939281335407e-08,9.16346686181908e-09
"GSE22601_CD4_SINGLE_POSITIVE_VS_CD8_SINGLE_POSITIVE_THYMOCYTE_UP","GSE22601_CD4_SINGLE_POSITIVE_VS_CD8_SINGLE_POSITIVE_THYMOCYTE_UP","74/4231","200/21355",1.11114150192461e-08,4.61939281335407e-08,9.16346686181908e-09
"GSE24142_ADULT_VS_FETAL_EARLY_THYMIC_PROGENITOR_UP","GSE24142_ADULT_VS_FETAL_EARLY_THYMIC_PROGENITOR_UP","74/4231","200/21355",1.11114150192461e-08,4.61939281335407e-08,9.16346686181908e-09
"GSE24634_IL4_VS_CTRL_TREATED_NAIVE_CD4_TCELL_DAY3_DN","GSE24634_IL4_VS_CTRL_TREATED_NAIVE_CD4_TCELL_DAY3_DN","74/4231","200/21355",1.11114150192461e-08,4.61939281335407e-08,9.16346686181908e-09
"GSE24634_IL4_VS_CTRL_TREATED_NAIVE_CD4_TCELL_DAY3_UP","GSE24634_IL4_VS_CTRL_TREATED_NAIVE_CD4_TCELL_DAY3_UP","74/4231","200/21355",1.11114150192461e-08,4.61939281335407e-08,9.16346686181908e-09
"GSE24726_WT_VS_E2_2_KO_PDC_DAY6_POST_DELETION_DN","GSE24726_WT_VS_E2_2_KO_PDC_DAY6_POST_DELETION_DN","74/4231","200/21355",1.11114150192461e-08,4.61939281335407e-08,9.16346686181908e-09
"GSE24726_WT_VS_E2_2_KO_PDC_DAY6_POST_DELETION_UP","GSE24726_WT_VS_E2_2_KO_PDC_DAY6_POST_DELETION_UP","74/4231","200/21355",1.11114150192461e-08,4.61939281335407e-08,9.16346686181908e-09
"GSE25085_FETAL_LIVER_VS_FETAL_BM_SP4_THYMIC_IMPLANT_UP","GSE25085_FETAL_LIVER_VS_FETAL_BM_SP4_THYMIC_IMPLANT_UP","74/4231","200/21355",1.11114150192461e-08,4.61939281335407e-08,9.16346686181908e-09
"GSE27786_NKCELL_VS_MONO_MAC_DN","GSE27786_NKCELL_VS_MONO_MAC_DN","74/4231","200/21355",1.11114150192461e-08,4.61939281335407e-08,9.16346686181908e-09
"GSE28737_BCL6_HET_VS_BCL6_KO_MARGINAL_ZONE_BCELL_DN","GSE28737_BCL6_HET_VS_BCL6_KO_MARGINAL_ZONE_BCELL_DN","74/4231","200/21355",1.11114150192461e-08,4.61939281335407e-08,9.16346686181908e-09
"GSE29164_CD8_TCELL_VS_CD8_TCELL_AND_IL12_TREATED_MELANOMA_DAY7_UP","GSE29164_CD8_TCELL_VS_CD8_TCELL_AND_IL12_TREATED_MELANOMA_DAY7_UP","74/4231","200/21355",1.11114150192461e-08,4.61939281335407e-08,9.16346686181908e-09
"GSE3039_CD4_TCELL_VS_B2_BCELL_DN","GSE3039_CD4_TCELL_VS_B2_BCELL_DN","74/4231","200/21355",1.11114150192461e-08,4.61939281335407e-08,9.16346686181908e-09
"GSE31082_CD4_VS_CD8_SP_THYMOCYTE_UP","GSE31082_CD4_VS_CD8_SP_THYMOCYTE_UP","74/4231","200/21355",1.11114150192461e-08,4.61939281335407e-08,9.16346686181908e-09
"GSE33425_CD161_HIGH_VS_NEG_CD8_TCELL_DN","GSE33425_CD161_HIGH_VS_NEG_CD8_TCELL_DN","74/4231","200/21355",1.11114150192461e-08,4.61939281335407e-08,9.16346686181908e-09
"GSE36009_UNSTIM_VS_LPS_STIM_DC_DN","GSE36009_UNSTIM_VS_LPS_STIM_DC_DN","74/4231","200/21355",1.11114150192461e-08,4.61939281335407e-08,9.16346686181908e-09
"GSE36078_WT_VS_IL1R_KO_LUNG_DC_AFTER_AD5_T425A_HEXON_INF_UP","GSE36078_WT_VS_IL1R_KO_LUNG_DC_AFTER_AD5_T425A_HEXON_INF_UP","74/4231","200/21355",1.11114150192461e-08,4.61939281335407e-08,9.16346686181908e-09
"GSE369_PRE_VS_POST_IL6_INJECTION_IFNG_WT_LIVER_DN","GSE369_PRE_VS_POST_IL6_INJECTION_IFNG_WT_LIVER_DN","74/4231","200/21355",1.11114150192461e-08,4.61939281335407e-08,9.16346686181908e-09
"GSE37301_GRANULOCYTE_MONOCYTE_PROGENITOR_VS_RAG2_KO_NK_CELL_DN","GSE37301_GRANULOCYTE_MONOCYTE_PROGENITOR_VS_RAG2_KO_NK_CELL_DN","74/4231","200/21355",1.11114150192461e-08,4.61939281335407e-08,9.16346686181908e-09
"GSE39110_DAY3_VS_DAY6_POST_IMMUNIZATION_CD8_TCELL_UP","GSE39110_DAY3_VS_DAY6_POST_IMMUNIZATION_CD8_TCELL_UP","74/4231","200/21355",1.11114150192461e-08,4.61939281335407e-08,9.16346686181908e-09
"GSE3982_DC_VS_NEUTROPHIL_UP","GSE3982_DC_VS_NEUTROPHIL_UP","74/4231","200/21355",1.11114150192461e-08,4.61939281335407e-08,9.16346686181908e-09
"GSE40273_EOS_KO_VS_WT_TREG_UP","GSE40273_EOS_KO_VS_WT_TREG_UP","74/4231","200/21355",1.11114150192461e-08,4.61939281335407e-08,9.16346686181908e-09
"GSE40666_WT_VS_STAT1_KO_CD8_TCELL_UP","GSE40666_WT_VS_STAT1_KO_CD8_TCELL_UP","74/4231","200/21355",1.11114150192461e-08,4.61939281335407e-08,9.16346686181908e-09
"GSE411_UNSTIM_VS_400MIN_IL6_STIM_MACROPHAGE_DN","GSE411_UNSTIM_VS_400MIN_IL6_STIM_MACROPHAGE_DN","74/4231","200/21355",1.11114150192461e-08,4.61939281335407e-08,9.16346686181908e-09
"GSE411_WT_VS_SOCS3_KO_MACROPHAGE_IL6_STIM_400MIN_UP","GSE411_WT_VS_SOCS3_KO_MACROPHAGE_IL6_STIM_400MIN_UP","74/4231","200/21355",1.11114150192461e-08,4.61939281335407e-08,9.16346686181908e-09
"GSE41176_UNSTIM_VS_ANTI_IGM_STIM_BCELL_6H_UP","GSE41176_UNSTIM_VS_ANTI_IGM_STIM_BCELL_6H_UP","74/4231","200/21355",1.11114150192461e-08,4.61939281335407e-08,9.16346686181908e-09
"GSE41867_DAY6_EFFECTOR_VS_DAY30_EXHAUSTED_CD8_TCELL_LCMV_CLONE13_UP","GSE41867_DAY6_EFFECTOR_VS_DAY30_EXHAUSTED_CD8_TCELL_LCMV_CLONE13_UP","74/4231","200/21355",1.11114150192461e-08,4.61939281335407e-08,9.16346686181908e-09
"GSE42724_MEMORY_BCELL_VS_PLASMABLAST_DN","GSE42724_MEMORY_BCELL_VS_PLASMABLAST_DN","74/4231","200/21355",1.11114150192461e-08,4.61939281335407e-08,9.16346686181908e-09
"GSE43955_TH0_VS_TGFB_IL6_IL23_TH17_ACT_CD4_TCELL_52H_DN","GSE43955_TH0_VS_TGFB_IL6_IL23_TH17_ACT_CD4_TCELL_52H_DN","74/4231","200/21355",1.11114150192461e-08,4.61939281335407e-08,9.16346686181908e-09
"GSE43955_TH0_VS_TGFB_IL6_IL23_TH17_ACT_CD4_TCELL_60H_DN","GSE43955_TH0_VS_TGFB_IL6_IL23_TH17_ACT_CD4_TCELL_60H_DN","74/4231","200/21355",1.11114150192461e-08,4.61939281335407e-08,9.16346686181908e-09
"GSE43955_TH0_VS_TGFB_IL6_TH17_ACT_CD4_TCELL_4H_UP","GSE43955_TH0_VS_TGFB_IL6_TH17_ACT_CD4_TCELL_4H_UP","74/4231","200/21355",1.11114150192461e-08,4.61939281335407e-08,9.16346686181908e-09
"GSE5142_HTERT_TRANSDUCED_VS_CTRL_CD8_TCELL_LATE_PASSAGE_CLONE_DN","GSE5142_HTERT_TRANSDUCED_VS_CTRL_CD8_TCELL_LATE_PASSAGE_CLONE_DN","74/4231","200/21355",1.11114150192461e-08,4.61939281335407e-08,9.16346686181908e-09
"GSE5503_MLN_DC_VS_SPLEEN_DC_ACTIVATED_ALLOGENIC_TCELL_UP","GSE5503_MLN_DC_VS_SPLEEN_DC_ACTIVATED_ALLOGENIC_TCELL_UP","74/4231","200/21355",1.11114150192461e-08,4.61939281335407e-08,9.16346686181908e-09
"GSE5542_IFNG_VS_IFNA_AND_IFNG_TREATED_EPITHELIAL_CELLS_24H_UP","GSE5542_IFNG_VS_IFNA_AND_IFNG_TREATED_EPITHELIAL_CELLS_24H_UP","74/4231","200/21355",1.11114150192461e-08,4.61939281335407e-08,9.16346686181908e-09
"GSE5589_LPS_AND_IL10_VS_LPS_AND_IL6_STIM_IL6_KO_MACROPHAGE_45MIN_DN","GSE5589_LPS_AND_IL10_VS_LPS_AND_IL6_STIM_IL6_KO_MACROPHAGE_45MIN_DN","74/4231","200/21355",1.11114150192461e-08,4.61939281335407e-08,9.16346686181908e-09
"GSE5679_CTRL_VS_PPARG_LIGAND_ROSIGLITAZONE_AND_RARA_AGONIST_AM580_TREATED_DC_DN","GSE5679_CTRL_VS_PPARG_LIGAND_ROSIGLITAZONE_AND_RARA_AGONIST_AM580_TREATED_DC_DN","74/4231","200/21355",1.11114150192461e-08,4.61939281335407e-08,9.16346686181908e-09
"GSE7460_TCONV_VS_TREG_THYMUS_DN","GSE7460_TCONV_VS_TREG_THYMUS_DN","74/4231","200/21355",1.11114150192461e-08,4.61939281335407e-08,9.16346686181908e-09
"GSE7852_TREG_VS_TCONV_LN_UP","GSE7852_TREG_VS_TCONV_LN_UP","74/4231","200/21355",1.11114150192461e-08,4.61939281335407e-08,9.16346686181908e-09
"GSE8921_UNSTIM_VS_TLR1_2_STIM_MONOCYTE_3H_DN","GSE8921_UNSTIM_VS_TLR1_2_STIM_MONOCYTE_3H_DN","74/4231","200/21355",1.11114150192461e-08,4.61939281335407e-08,9.16346686181908e-09
"GSE9239_CTRL_VS_TNF_INHIBITOR_TREATED_DC_DN","GSE9239_CTRL_VS_TNF_INHIBITOR_TREATED_DC_DN","74/4231","200/21355",1.11114150192461e-08,4.61939281335407e-08,9.16346686181908e-09
"GSE9509_LPS_VS_LPS_AND_IL10_STIM_IL10_KO_MACROPHAGE_30MIN_DN","GSE9509_LPS_VS_LPS_AND_IL10_STIM_IL10_KO_MACROPHAGE_30MIN_DN","72/4231","193/21355",1.17080745169944e-08,4.86349999790221e-08,9.64770108625487e-09
"GSE12845_NAIVE_VS_DARKZONE_GC_TONSIL_BCELL_UP","GSE12845_NAIVE_VS_DARKZONE_GC_TONSIL_BCELL_UP","73/4231","197/21355",1.29293081477978e-08,5.35777150894193e-08,1.06281850578843e-08
"GSE2770_TGFB_AND_IL4_VS_IL12_TREATED_ACT_CD4_TCELL_2H_DN","GSE2770_TGFB_AND_IL4_VS_IL12_TREATED_ACT_CD4_TCELL_2H_DN","73/4231","197/21355",1.29293081477978e-08,5.35777150894193e-08,1.06281850578843e-08
"GSE32533_WT_VS_MIR17_KO_ACT_CD4_TCELL_DN","GSE32533_WT_VS_MIR17_KO_ACT_CD4_TCELL_DN","73/4231","197/21355",1.29293081477978e-08,5.35777150894193e-08,1.06281850578843e-08
"GSE6090_UNSTIM_VS_DC_SIGN_STIM_DC_UP","GSE6090_UNSTIM_VS_DC_SIGN_STIM_DC_UP","64/4231","165/21355",1.3157481535465e-08,5.44792006064567e-08,1.0807012297644e-08
"THAKAR_PBMC_INACTIVATED_INFLUENZA_AGE_21_30YO_RESPONDERS_28DY_UP","THAKAR_PBMC_INACTIVATED_INFLUENZA_AGE_21_30YO_RESPONDERS_28DY_UP","137/4231","443/21355",1.33110134797289e-08,5.50704238071754e-08,1.09242929539256e-08
"GSE26928_NAIVE_VS_EFF_MEMORY_CD4_TCELL_DN","GSE26928_NAIVE_VS_EFF_MEMORY_CD4_TCELL_DN","72/4231","194/21355",1.50406950164668e-08,6.2126190696542e-08,1.23239419703184e-08
"GSE5099_CLASSICAL_M1_VS_ALTERNATIVE_M2_MACROPHAGE_UP","GSE5099_CLASSICAL_M1_VS_ALTERNATIVE_M2_MACROPHAGE_UP","72/4231","194/21355",1.50406950164668e-08,6.2126190696542e-08,1.23239419703184e-08
"GSE17974_0H_VS_48H_IN_VITRO_ACT_CD4_TCELL_DN","GSE17974_0H_VS_48H_IN_VITRO_ACT_CD4_TCELL_DN","73/4231","198/21355",1.65447877294337e-08,6.81741012066536e-08,1.35236630111973e-08
"GSE2706_2H_VS_8H_R848_AND_LPS_STIM_DC_UP","GSE2706_2H_VS_8H_R848_AND_LPS_STIM_DC_UP","73/4231","198/21355",1.65447877294337e-08,6.81741012066536e-08,1.35236630111973e-08
"GSE36888_STAT5_AB_KNOCKIN_VS_WT_TCELL_IL2_TREATED_2H_UP","GSE36888_STAT5_AB_KNOCKIN_VS_WT_TCELL_IL2_TREATED_2H_UP","73/4231","198/21355",1.65447877294337e-08,6.81741012066536e-08,1.35236630111973e-08
"GSE10147_IL3_AND_HIVP17_VS_IL3_AND_CPG_STIM_PDC_DN","GSE10147_IL3_AND_HIVP17_VS_IL3_AND_CPG_STIM_PDC_DN","60/4231","152/21355",1.73206141963501e-08,7.13136292132453e-08,1.41464496416607e-08
"GSE21033_1H_VS_24H_POLYIC_STIM_DC_DN","GSE21033_1H_VS_24H_POLYIC_STIM_DC_DN","65/4231","170/21355",1.96171677617052e-08,8.07043354305787e-08,1.60092794270569e-08
"GSE7568_IL4_VS_IL4_AND_TGFB_TREATED_MACROPHAGE_24H_DN","GSE7568_IL4_VS_IL4_AND_TGFB_TREATED_MACROPHAGE_24H_DN","70/4231","188/21355",2.03373198498922e-08,8.35999210509601e-08,1.65836753260421e-08
"GSE11924_TFH_VS_TH1_CD4_TCELL_UP","GSE11924_TFH_VS_TH1_CD4_TCELL_UP","73/4231","199/21355",2.11096727826107e-08,8.55400653625789e-08,1.6968540801333e-08
"GSE13484_3H_UNSTIM_VS_YF17D_VACCINE_STIM_PBMC_UP","GSE13484_3H_UNSTIM_VS_YF17D_VACCINE_STIM_PBMC_UP","73/4231","199/21355",2.11096727826107e-08,8.55400653625789e-08,1.6968540801333e-08
"GSE15930_NAIVE_VS_24H_IN_VITRO_STIM_IL12_CD8_TCELL_DN","GSE15930_NAIVE_VS_24H_IN_VITRO_STIM_IL12_CD8_TCELL_DN","73/4231","199/21355",2.11096727826107e-08,8.55400653625789e-08,1.6968540801333e-08
"GSE1740_MCSF_VS_MCSF_AND_IFNG_DAY2_DERIVED_MACROPHAGE_DN","GSE1740_MCSF_VS_MCSF_AND_IFNG_DAY2_DERIVED_MACROPHAGE_DN","73/4231","199/21355",2.11096727826107e-08,8.55400653625789e-08,1.6968540801333e-08
"GSE20366_TREG_VS_NAIVE_CD4_TCELL_HOMEOSTATIC_CONVERSION_DN","GSE20366_TREG_VS_NAIVE_CD4_TCELL_HOMEOSTATIC_CONVERSION_DN","73/4231","199/21355",2.11096727826107e-08,8.55400653625789e-08,1.6968540801333e-08
"GSE23505_UNTREATED_VS_4DAY_IL6_IL1_IL23_TREATED_CD4_TCELL_DN","GSE23505_UNTREATED_VS_4DAY_IL6_IL1_IL23_TREATED_CD4_TCELL_DN","73/4231","199/21355",2.11096727826107e-08,8.55400653625789e-08,1.6968540801333e-08
"GSE2405_0H_VS_12H_A_PHAGOCYTOPHILUM_STIM_NEUTROPHIL_DN","GSE2405_0H_VS_12H_A_PHAGOCYTOPHILUM_STIM_NEUTROPHIL_DN","73/4231","199/21355",2.11096727826107e-08,8.55400653625789e-08,1.6968540801333e-08
"GSE24634_TEFF_VS_TCONV_DAY5_IN_CULTURE_DN","GSE24634_TEFF_VS_TCONV_DAY5_IN_CULTURE_DN","73/4231","199/21355",2.11096727826107e-08,8.55400653625789e-08,1.6968540801333e-08
"GSE33424_CD161_HIGH_VS_NEG_CD8_TCELL_DN","GSE33424_CD161_HIGH_VS_NEG_CD8_TCELL_DN","73/4231","199/21355",2.11096727826107e-08,8.55400653625789e-08,1.6968540801333e-08
"GSE360_L_DONOVANI_VS_M_TUBERCULOSIS_DC_UP","GSE360_L_DONOVANI_VS_M_TUBERCULOSIS_DC_UP","73/4231","199/21355",2.11096727826107e-08,8.55400653625789e-08,1.6968540801333e-08
"GSE39110_DAY3_VS_DAY6_POST_IMMUNIZATION_CD8_TCELL_WITH_IL2_TREATMENT_DN","GSE39110_DAY3_VS_DAY6_POST_IMMUNIZATION_CD8_TCELL_WITH_IL2_TREATMENT_DN","73/4231","199/21355",2.11096727826107e-08,8.55400653625789e-08,1.6968540801333e-08
"GSE3982_MAC_VS_TH2_UP","GSE3982_MAC_VS_TH2_UP","73/4231","199/21355",2.11096727826107e-08,8.55400653625789e-08,1.6968540801333e-08
"GSE40273_GATA1_KO_VS_WT_TREG_DN","GSE40273_GATA1_KO_VS_WT_TREG_DN","73/4231","199/21355",2.11096727826107e-08,8.55400653625789e-08,1.6968540801333e-08
"GSE43955_1H_VS_10H_ACT_CD4_TCELL_WITH_TGFB_IL6_UP","GSE43955_1H_VS_10H_ACT_CD4_TCELL_WITH_TGFB_IL6_UP","73/4231","199/21355",2.11096727826107e-08,8.55400653625789e-08,1.6968540801333e-08
"GSE45365_NK_CELL_VS_BCELL_MCMV_INFECTION_DN","GSE45365_NK_CELL_VS_BCELL_MCMV_INFECTION_DN","73/4231","199/21355",2.11096727826107e-08,8.55400653625789e-08,1.6968540801333e-08
"GSE46606_IRF4HIGH_VS_IRF4MID_CD40L_IL2_IL5_DAY3_STIMULATED_BCELL_DN","GSE46606_IRF4HIGH_VS_IRF4MID_CD40L_IL2_IL5_DAY3_STIMULATED_BCELL_DN","73/4231","199/21355",2.11096727826107e-08,8.55400653625789e-08,1.6968540801333e-08
"GSE557_WT_VS_CIITA_KO_DC_DN","GSE557_WT_VS_CIITA_KO_DC_DN","73/4231","199/21355",2.11096727826107e-08,8.55400653625789e-08,1.6968540801333e-08
"GSE8868_SPLEEN_VS_INTESTINE_CD11B_POS_CD11C_NEG_DC_UP","GSE8868_SPLEEN_VS_INTESTINE_CD11B_POS_CD11C_NEG_DC_UP","73/4231","199/21355",2.11096727826107e-08,8.55400653625789e-08,1.6968540801333e-08
"GSE14415_INDUCED_TREG_VS_FOXP3_KO_INDUCED_TREG_IL2_CULTURE_UP","GSE14415_INDUCED_TREG_VS_FOXP3_KO_INDUCED_TREG_IL2_CULTURE_UP","66/4231","174/21355",2.20860773626958e-08,8.92848837233272e-08,1.77113985824043e-08
"GSE21360_NAIVE_VS_PRIMARY_MEMORY_CD8_TCELL_UP","GSE21360_NAIVE_VS_PRIMARY_MEMORY_CD8_TCELL_UP","66/4231","174/21355",2.20860773626958e-08,8.92848837233272e-08,1.77113985824043e-08
"GSE7219_UNSTIM_VS_LPS_AND_ANTI_CD40_STIM_DC_DN","GSE7219_UNSTIM_VS_LPS_AND_ANTI_CD40_STIM_DC_DN","66/4231","174/21355",2.20860773626958e-08,8.92848837233272e-08,1.77113985824043e-08
"GSE45365_HEALTHY_VS_MCMV_INFECTION_CD11B_DC_IFNAR_KO_DN","GSE45365_HEALTHY_VS_MCMV_INFECTION_CD11B_DC_IFNAR_KO_DN","71/4231","192/21355",2.2424544763108e-08,9.05817308555491e-08,1.79686535118098e-08
"GSE30971_CTRL_VS_LPS_STIM_MACROPHAGE_WBP7_KO_2H_UP","GSE30971_CTRL_VS_LPS_STIM_MACROPHAGE_WBP7_KO_2H_UP","72/4231","196/21355",2.45999674891461e-08,9.92908924010731e-08,1.96962856150146e-08
"GSE15624_3H_VS_6H_HALOFUGINONE_TREATED_CD4_TCELL_UP","GSE15624_3H_VS_6H_HALOFUGINONE_TREATED_CD4_TCELL_UP","65/4231","171/21355",2.55732109458554e-08,1.03137906615621e-07,2.04594159374685e-08
"GSE11961_PLASMA_CELL_DAY7_VS_MEMORY_BCELL_DAY40_UP","GSE11961_PLASMA_CELL_DAY7_VS_MEMORY_BCELL_DAY40_UP","73/4231","200/21355",2.68567028355684e-08,1.03431599350206e-07,2.05176756211468e-08
"GSE12845_NAIVE_VS_DARKZONE_GC_TONSIL_BCELL_DN","GSE12845_NAIVE_VS_DARKZONE_GC_TONSIL_BCELL_DN","73/4231","200/21355",2.68567028355684e-08,1.03431599350206e-07,2.05176756211468e-08
"GSE13738_RESTING_VS_TCR_ACTIVATED_CD4_TCELL_DN","GSE13738_RESTING_VS_TCR_ACTIVATED_CD4_TCELL_DN","73/4231","200/21355",2.68567028355684e-08,1.03431599350206e-07,2.05176756211468e-08
"GSE14308_NAIVE_CD4_TCELL_VS_INDUCED_TREG_DN","GSE14308_NAIVE_CD4_TCELL_VS_INDUCED_TREG_DN","73/4231","200/21355",2.68567028355684e-08,1.03431599350206e-07,2.05176756211468e-08
"GSE1460_DP_VS_CD4_THYMOCYTE_DN","GSE1460_DP_VS_CD4_THYMOCYTE_DN","73/4231","200/21355",2.68567028355684e-08,1.03431599350206e-07,2.05176756211468e-08
"GSE14769_UNSTIM_VS_80MIN_LPS_BMDM_UP","GSE14769_UNSTIM_VS_80MIN_LPS_BMDM_UP","73/4231","200/21355",2.68567028355684e-08,1.03431599350206e-07,2.05176756211468e-08
"GSE15930_NAIVE_VS_48H_IN_VITRO_STIM_IFNAB_CD8_TCELL_DN","GSE15930_NAIVE_VS_48H_IN_VITRO_STIM_IFNAB_CD8_TCELL_DN","73/4231","200/21355",2.68567028355684e-08,1.03431599350206e-07,2.05176756211468e-08
"GSE15930_NAIVE_VS_72H_IN_VITRO_STIM_CD8_TCELL_DN","GSE15930_NAIVE_VS_72H_IN_VITRO_STIM_CD8_TCELL_DN","73/4231","200/21355",2.68567028355684e-08,1.03431599350206e-07,2.05176756211468e-08
"GSE16266_CTRL_VS_HEATSHOCK_AND_LPS_STIM_MEF_UP","GSE16266_CTRL_VS_HEATSHOCK_AND_LPS_STIM_MEF_UP","73/4231","200/21355",2.68567028355684e-08,1.03431599350206e-07,2.05176756211468e-08
"GSE17186_BLOOD_VS_CORD_BLOOD_CD21LOW_TRANSITIONAL_BCELL_DN","GSE17186_BLOOD_VS_CORD_BLOOD_CD21LOW_TRANSITIONAL_BCELL_DN","73/4231","200/21355",2.68567028355684e-08,1.03431599350206e-07,2.05176756211468e-08
"GSE17721_0.5H_VS_24H_CPG_BMDC_DN","GSE17721_0.5H_VS_24H_CPG_BMDC_DN","73/4231","200/21355",2.68567028355684e-08,1.03431599350206e-07,2.05176756211468e-08
"GSE17721_CTRL_VS_GARDIQUIMOD_4H_BMDC_UP","GSE17721_CTRL_VS_GARDIQUIMOD_4H_BMDC_UP","73/4231","200/21355",2.68567028355684e-08,1.03431599350206e-07,2.05176756211468e-08
"GSE17721_CTRL_VS_GARDIQUIMOD_8H_BMDC_UP","GSE17721_CTRL_VS_GARDIQUIMOD_8H_BMDC_UP","73/4231","200/21355",2.68567028355684e-08,1.03431599350206e-07,2.05176756211468e-08
"GSE17721_LPS_VS_GARDIQUIMOD_8H_BMDC_DN","GSE17721_LPS_VS_GARDIQUIMOD_8H_BMDC_DN","73/4231","200/21355",2.68567028355684e-08,1.03431599350206e-07,2.05176756211468e-08
"GSE17721_PAM3CSK4_VS_CPG_4H_BMDC_UP","GSE17721_PAM3CSK4_VS_CPG_4H_BMDC_UP","73/4231","200/21355",2.68567028355684e-08,1.03431599350206e-07,2.05176756211468e-08
"GSE17721_POLYIC_VS_CPG_4H_BMDC_UP","GSE17721_POLYIC_VS_CPG_4H_BMDC_UP","73/4231","200/21355",2.68567028355684e-08,1.03431599350206e-07,2.05176756211468e-08
"GSE17721_POLYIC_VS_PAM3CSK4_16H_BMDC_UP","GSE17721_POLYIC_VS_PAM3CSK4_16H_BMDC_UP","73/4231","200/21355",2.68567028355684e-08,1.03431599350206e-07,2.05176756211468e-08
"GSE1925_3H_VS_24H_IFNG_STIM_IFNG_PRIMED_MACROPHAGE_DN","GSE1925_3H_VS_24H_IFNG_STIM_IFNG_PRIMED_MACROPHAGE_DN","73/4231","200/21355",2.68567028355684e-08,1.03431599350206e-07,2.05176756211468e-08
"GSE19888_ADENOSINE_A3R_INH_PRETREAT_AND_ACT_BY_A3R_VS_TCELL_MEMBRANES_ACT_MAST_CELL_UP","GSE19888_ADENOSINE_A3R_INH_PRETREAT_AND_ACT_BY_A3R_VS_TCELL_MEMBRANES_ACT_MAST_CELL_UP","73/4231","200/21355",2.68567028355684e-08,1.03431599350206e-07,2.05176756211468e-08
"GSE19923_WT_VS_HEB_AND_E2A_KO_DP_THYMOCYTE_UP","GSE19923_WT_VS_HEB_AND_E2A_KO_DP_THYMOCYTE_UP","73/4231","200/21355",2.68567028355684e-08,1.03431599350206e-07,2.05176756211468e-08
"GSE21670_TGFB_VS_TGFB_AND_IL6_TREATED_CD4_TCELL_UP","GSE21670_TGFB_VS_TGFB_AND_IL6_TREATED_CD4_TCELL_UP","73/4231","200/21355",2.68567028355684e-08,1.03431599350206e-07,2.05176756211468e-08
"GSE21670_UNTREATED_VS_TGFB_IL6_TREATED_STAT3_KO_CD4_TCELL_DN","GSE21670_UNTREATED_VS_TGFB_IL6_TREATED_STAT3_KO_CD4_TCELL_DN","73/4231","200/21355",2.68567028355684e-08,1.03431599350206e-07,2.05176756211468e-08
"GSE22601_DOUBLE_NEGATIVE_VS_IMMATURE_CD4_SP_THYMOCYTE_UP","GSE22601_DOUBLE_NEGATIVE_VS_IMMATURE_CD4_SP_THYMOCYTE_UP","73/4231","200/21355",2.68567028355684e-08,1.03431599350206e-07,2.05176756211468e-08
"GSE22886_DC_VS_MONOCYTE_UP","GSE22886_DC_VS_MONOCYTE_UP","73/4231","200/21355",2.68567028355684e-08,1.03431599350206e-07,2.05176756211468e-08
"GSE22886_TH1_VS_TH2_48H_ACT_DN","GSE22886_TH1_VS_TH2_48H_ACT_DN","73/4231","200/21355",2.68567028355684e-08,1.03431599350206e-07,2.05176756211468e-08
"GSE24292_WT_VS_PPARG_KO_MACROPHAGE_UP","GSE24292_WT_VS_PPARG_KO_MACROPHAGE_UP","73/4231","200/21355",2.68567028355684e-08,1.03431599350206e-07,2.05176756211468e-08
"GSE2770_IL12_AND_TGFB_VS_IL4_TREATED_ACT_CD4_TCELL_6H_UP","GSE2770_IL12_AND_TGFB_VS_IL4_TREATED_ACT_CD4_TCELL_6H_UP","73/4231","200/21355",2.68567028355684e-08,1.03431599350206e-07,2.05176756211468e-08
"GSE2770_IL12_VS_TGFB_AND_IL12_TREATED_ACT_CD4_TCELL_48H_UP","GSE2770_IL12_VS_TGFB_AND_IL12_TREATED_ACT_CD4_TCELL_48H_UP","73/4231","200/21355",2.68567028355684e-08,1.03431599350206e-07,2.05176756211468e-08
"GSE27786_CD8_TCELL_VS_NKTCELL_DN","GSE27786_CD8_TCELL_VS_NKTCELL_DN","73/4231","200/21355",2.68567028355684e-08,1.03431599350206e-07,2.05176756211468e-08
"GSE27786_ERYTHROBLAST_VS_MONO_MAC_DN","GSE27786_ERYTHROBLAST_VS_MONO_MAC_DN","73/4231","200/21355",2.68567028355684e-08,1.03431599350206e-07,2.05176756211468e-08
"GSE27786_LSK_VS_BCELL_UP","GSE27786_LSK_VS_BCELL_UP","73/4231","200/21355",2.68567028355684e-08,1.03431599350206e-07,2.05176756211468e-08
"GSE27786_LSK_VS_NKTCELL_UP","GSE27786_LSK_VS_NKTCELL_UP","73/4231","200/21355",2.68567028355684e-08,1.03431599350206e-07,2.05176756211468e-08
"GSE27786_NKCELL_VS_NKTCELL_UP","GSE27786_NKCELL_VS_NKTCELL_UP","73/4231","200/21355",2.68567028355684e-08,1.03431599350206e-07,2.05176756211468e-08
"GSE2826_XID_VS_BTK_KO_BCELL_DN","GSE2826_XID_VS_BTK_KO_BCELL_DN","73/4231","200/21355",2.68567028355684e-08,1.03431599350206e-07,2.05176756211468e-08
"GSE32034_LY6C_HIGH_VS_LOW_ROSIGLIZATONE_TREATED_MONOCYTE_DN","GSE32034_LY6C_HIGH_VS_LOW_ROSIGLIZATONE_TREATED_MONOCYTE_DN","73/4231","200/21355",2.68567028355684e-08,1.03431599350206e-07,2.05176756211468e-08
"GSE33162_HDAC3_KO_VS_HDAC3_KO_4H_LPS_STIM_MACROPHAGE_UP","GSE33162_HDAC3_KO_VS_HDAC3_KO_4H_LPS_STIM_MACROPHAGE_UP","73/4231","200/21355",2.68567028355684e-08,1.03431599350206e-07,2.05176756211468e-08
"GSE33424_CD161_HIGH_VS_NEG_CD8_TCELL_UP","GSE33424_CD161_HIGH_VS_NEG_CD8_TCELL_UP","73/4231","200/21355",2.68567028355684e-08,1.03431599350206e-07,2.05176756211468e-08
"GSE33424_CD161_INT_VS_NEG_CD8_TCELL_DN","GSE33424_CD161_INT_VS_NEG_CD8_TCELL_DN","73/4231","200/21355",2.68567028355684e-08,1.03431599350206e-07,2.05176756211468e-08
"GSE33424_CD161_INT_VS_NEG_CD8_TCELL_UP","GSE33424_CD161_INT_VS_NEG_CD8_TCELL_UP","73/4231","200/21355",2.68567028355684e-08,1.03431599350206e-07,2.05176756211468e-08
"GSE33425_CD161_HIGH_VS_INT_CD8_TCELL_UP","GSE33425_CD161_HIGH_VS_INT_CD8_TCELL_UP","73/4231","200/21355",2.68567028355684e-08,1.03431599350206e-07,2.05176756211468e-08
"GSE339_CD4POS_VS_CD8POS_DC_UP","GSE339_CD4POS_VS_CD8POS_DC_UP","73/4231","200/21355",2.68567028355684e-08,1.03431599350206e-07,2.05176756211468e-08
"GSE339_EX_VIVO_VS_IN_CULTURE_CD4POS_DC_DN","GSE339_EX_VIVO_VS_IN_CULTURE_CD4POS_DC_DN","73/4231","200/21355",2.68567028355684e-08,1.03431599350206e-07,2.05176756211468e-08
"GSE360_HIGH_DOSE_B_MALAYI_VS_M_TUBERCULOSIS_DC_UP","GSE360_HIGH_DOSE_B_MALAYI_VS_M_TUBERCULOSIS_DC_UP","73/4231","200/21355",2.68567028355684e-08,1.03431599350206e-07,2.05176756211468e-08
"GSE360_L_DONOVANI_VS_T_GONDII_MAC_DN","GSE360_L_DONOVANI_VS_T_GONDII_MAC_DN","73/4231","200/21355",2.68567028355684e-08,1.03431599350206e-07,2.05176756211468e-08
"GSE3720_VD1_VS_VD2_GAMMADELTA_TCELL_WITH_PMA_STIM_DN","GSE3720_VD1_VS_VD2_GAMMADELTA_TCELL_WITH_PMA_STIM_DN","73/4231","200/21355",2.68567028355684e-08,1.03431599350206e-07,2.05176756211468e-08
"GSE37301_MULTIPOTENT_PROGENITOR_VS_GRAN_MONO_PROGENITOR_DN","GSE37301_MULTIPOTENT_PROGENITOR_VS_GRAN_MONO_PROGENITOR_DN","73/4231","200/21355",2.68567028355684e-08,1.03431599350206e-07,2.05176756211468e-08
"GSE37532_TREG_VS_TCONV_PPARG_KO_CD4_TCELL_FROM_VISCERAL_ADIPOSE_TISSUE_UP","GSE37532_TREG_VS_TCONV_PPARG_KO_CD4_TCELL_FROM_VISCERAL_ADIPOSE_TISSUE_UP","73/4231","200/21355",2.68567028355684e-08,1.03431599350206e-07,2.05176756211468e-08
"GSE39556_UNTREATED_VS_3H_POLYIC_INJ_MOUSE_NK_CELL_DN","GSE39556_UNTREATED_VS_3H_POLYIC_INJ_MOUSE_NK_CELL_DN","73/4231","200/21355",2.68567028355684e-08,1.03431599350206e-07,2.05176756211468e-08
"GSE3982_NEUTROPHIL_VS_TH2_UP","GSE3982_NEUTROPHIL_VS_TH2_UP","73/4231","200/21355",2.68567028355684e-08,1.03431599350206e-07,2.05176756211468e-08
"GSE39820_CTRL_VS_TGFBETA3_IL6_CD4_TCELL_DN","GSE39820_CTRL_VS_TGFBETA3_IL6_CD4_TCELL_DN","73/4231","200/21355",2.68567028355684e-08,1.03431599350206e-07,2.05176756211468e-08
"GSE41867_NAIVE_VS_DAY6_LCMV_EFFECTOR_CD8_TCELL_DN","GSE41867_NAIVE_VS_DAY6_LCMV_EFFECTOR_CD8_TCELL_DN","73/4231","200/21355",2.68567028355684e-08,1.03431599350206e-07,2.05176756211468e-08
"GSE42021_CD24LO_TREG_VS_CD24LO_TCONV_THYMUS_DN","GSE42021_CD24LO_TREG_VS_CD24LO_TCONV_THYMUS_DN","73/4231","200/21355",2.68567028355684e-08,1.03431599350206e-07,2.05176756211468e-08
"GSE4535_BM_DERIVED_DC_VS_FOLLICULAR_DC_UP","GSE4535_BM_DERIVED_DC_VS_FOLLICULAR_DC_UP","73/4231","200/21355",2.68567028355684e-08,1.03431599350206e-07,2.05176756211468e-08
"GSE45365_HEALTHY_VS_MCMV_INFECTION_CD8A_DC_DN","GSE45365_HEALTHY_VS_MCMV_INFECTION_CD8A_DC_DN","73/4231","200/21355",2.68567028355684e-08,1.03431599350206e-07,2.05176756211468e-08
"GSE46606_IRF4HIGH_VS_IRF4MID_CD40L_IL2_IL5_DAY3_STIMULATED_BCELL_UP","GSE46606_IRF4HIGH_VS_IRF4MID_CD40L_IL2_IL5_DAY3_STIMULATED_BCELL_UP","73/4231","200/21355",2.68567028355684e-08,1.03431599350206e-07,2.05176756211468e-08
"GSE7460_FOXP3_MUT_VS_WT_ACT_TCONV_UP","GSE7460_FOXP3_MUT_VS_WT_ACT_TCONV_UP","73/4231","200/21355",2.68567028355684e-08,1.03431599350206e-07,2.05176756211468e-08
"GSE7831_UNSTIM_VS_INFLUENZA_STIM_PDC_1H_UP","GSE7831_UNSTIM_VS_INFLUENZA_STIM_PDC_1H_UP","73/4231","200/21355",2.68567028355684e-08,1.03431599350206e-07,2.05176756211468e-08
"GSE8384_CTRL_VS_B_ABORTUS_4H_MAC_CELL_LINE_DN","GSE8384_CTRL_VS_B_ABORTUS_4H_MAC_CELL_LINE_DN","73/4231","200/21355",2.68567028355684e-08,1.03431599350206e-07,2.05176756211468e-08
"GSE8835_CD4_VS_CD8_TCELL_UP","GSE8835_CD4_VS_CD8_TCELL_UP","73/4231","200/21355",2.68567028355684e-08,1.03431599350206e-07,2.05176756211468e-08
"GSE9960_GRAM_POS_VS_GRAM_NEG_AND_POS_SEPSIS_PBMC_UP","GSE9960_GRAM_POS_VS_GRAM_NEG_AND_POS_SEPSIS_PBMC_UP","73/4231","200/21355",2.68567028355684e-08,1.03431599350206e-07,2.05176756211468e-08
"GSE17974_CTRL_VS_ACT_IL4_AND_ANTI_IL12_2H_CD4_TCELL_UP","GSE17974_CTRL_VS_ACT_IL4_AND_ANTI_IL12_2H_CD4_TCELL_UP","71/4231","193/21355",2.86611790866665e-08,1.10298201199889e-07,2.18798000614192e-08
"GSE21063_WT_VS_NFATC1_KO_16H_ANTI_IGM_STIM_BCELL_UP","GSE21063_WT_VS_NFATC1_KO_16H_ANTI_IGM_STIM_BCELL_UP","72/4231","197/21355",3.13222672697622e-08,1.20268121366892e-07,2.38575282338579e-08
"GSE24026_PD1_LIGATION_VS_CTRL_IN_ACT_TCELL_LINE_UP","GSE24026_PD1_LIGATION_VS_CTRL_IN_ACT_TCELL_LINE_UP","72/4231","197/21355",3.13222672697622e-08,1.20268121366892e-07,2.38575282338579e-08
"GSE5455_HEALTHY_VS_TUMOR_BEARING_MOUSE_SPLEEN_MONOCYTE_UP","GSE5455_HEALTHY_VS_TUMOR_BEARING_MOUSE_SPLEEN_MONOCYTE_UP","72/4231","197/21355",3.13222672697622e-08,1.20268121366892e-07,2.38575282338579e-08
"HOWARD_NEUTROPHIL_INACT_MONOV_INFLUENZA_A_INDONESIA_05_2005_H5N1_AGE_18_49YO_1DY_DN","HOWARD_NEUTROPHIL_INACT_MONOV_INFLUENZA_A_INDONESIA_05_2005_H5N1_AGE_18_49YO_1DY_DN","47/4231","110/21355",3.40832695269933e-08,1.30771586523479e-07,2.59410954641314e-08
"GSE2706_UNSTIM_VS_2H_LPS_DC_DN","GSE2706_UNSTIM_VS_2H_LPS_DC_DN","71/4231","194/21355",3.65234097288142e-08,1.39820013644437e-07,2.77360275130966e-08
"GSE2770_TGFB_AND_IL4_ACT_VS_ACT_CD4_TCELL_2H_DN","GSE2770_TGFB_AND_IL4_ACT_VS_ACT_CD4_TCELL_2H_DN","71/4231","194/21355",3.65234097288142e-08,1.39820013644437e-07,2.77360275130966e-08
"GSE29614_CTRL_VS_DAY7_TIV_FLU_VACCINE_PBMC_DN","GSE29614_CTRL_VS_DAY7_TIV_FLU_VACCINE_PBMC_DN","71/4231","194/21355",3.65234097288142e-08,1.39820013644437e-07,2.77360275130966e-08
"MATSUMIYA_PBMC_MODIFIED_VACCINIA_ANKARA_VACCINE_AGE_18_55YO_VACCINATED_VS_CONTROL_TREATED_IN_VITRO_WITH_MVA85A_6HR_UP","MATSUMIYA_PBMC_MODIFIED_VACCINIA_ANKARA_VACCINE_AGE_18_55YO_VACCINATED_VS_CONTROL_TREATED_IN_VITRO_WITH_MVA85A_6HR_UP","42/4231","94/21355",3.834425536514e-08,1.46681084329633e-07,2.90970547389829e-08
"GSE22886_CD8_TCELL_VS_BCELL_NAIVE_UP","GSE22886_CD8_TCELL_VS_BCELL_NAIVE_UP","72/4231","198/21355",3.97665412928069e-08,1.51331321950207e-07,3.00195200944411e-08
"GSE24574_BCL6_LOW_TFH_VS_NAIVE_CD4_TCELL_UP","GSE24574_BCL6_LOW_TFH_VS_NAIVE_CD4_TCELL_UP","72/4231","198/21355",3.97665412928069e-08,1.51331321950207e-07,3.00195200944411e-08
"GSE25087_TREG_VS_TCONV_FETUS_UP","GSE25087_TREG_VS_TCONV_FETUS_UP","72/4231","198/21355",3.97665412928069e-08,1.51331321950207e-07,3.00195200944411e-08
"GSE2770_TGFB_AND_IL4_ACT_VS_ACT_CD4_TCELL_6H_UP","GSE2770_TGFB_AND_IL4_ACT_VS_ACT_CD4_TCELL_6H_UP","72/4231","198/21355",3.97665412928069e-08,1.51331321950207e-07,3.00195200944411e-08
"GSE2770_TGFB_AND_IL4_VS_IL4_TREATED_ACT_CD4_TCELL_6H_DN","GSE2770_TGFB_AND_IL4_VS_IL4_TREATED_ACT_CD4_TCELL_6H_DN","72/4231","198/21355",3.97665412928069e-08,1.51331321950207e-07,3.00195200944411e-08
"GSE29618_PRE_VS_DAY7_POST_LAIV_FLU_VACCINE_PDC_DN","GSE29618_PRE_VS_DAY7_POST_LAIV_FLU_VACCINE_PDC_DN","72/4231","198/21355",3.97665412928069e-08,1.51331321950207e-07,3.00195200944411e-08
"GSE5503_MLN_DC_VS_PLN_DC_ACTIVATED_ALLOGENIC_TCELL_UP","GSE5503_MLN_DC_VS_PLN_DC_ACTIVATED_ALLOGENIC_TCELL_UP","72/4231","198/21355",3.97665412928069e-08,1.51331321950207e-07,3.00195200944411e-08
"GSE16450_CTRL_VS_IFNA_6H_STIM_IMMATURE_NEURON_CELL_LINE_DN","GSE16450_CTRL_VS_IFNA_6H_STIM_IMMATURE_NEURON_CELL_LINE_DN","71/4231","195/21355",4.64058478760401e-08,1.76074297714716e-07,3.49277720583231e-08
"GSE26290_WT_VS_PDK1_KO_ANTI_CD3_AND_IL2_STIM_CD8_TCELL_UP","GSE26290_WT_VS_PDK1_KO_ANTI_CD3_AND_IL2_STIM_CD8_TCELL_UP","71/4231","195/21355",4.64058478760401e-08,1.76074297714716e-07,3.49277720583231e-08
"GSE34205_RSV_VS_FLU_INF_INFANT_PBMC_DN","GSE34205_RSV_VS_FLU_INF_INFANT_PBMC_DN","71/4231","195/21355",4.64058478760401e-08,1.76074297714716e-07,3.49277720583231e-08
"GSE3982_EOSINOPHIL_VS_TH1_UP","GSE3982_EOSINOPHIL_VS_TH1_UP","71/4231","195/21355",4.64058478760401e-08,1.76074297714716e-07,3.49277720583231e-08
"ERWIN_COHEN_PBMC_TC_83_AGE_18_45YO_NON_RESPONDERS_PREVIOUSLY_IMMUNIZED_24HR_DEG_CANONICAL_PATHWAY_MEMBERS_DN","ERWIN_COHEN_PBMC_TC_83_AGE_18_45YO_NON_RESPONDERS_PREVIOUSLY_IMMUNIZED_24HR_DEG_CANONICAL_PATHWAY_MEMBERS_DN","13/4231","15/21355",5.00062579851655e-08,1.87001173624874e-07,3.70953310720637e-08
"GSE12366_PLASMA_CELL_VS_MEMORY_BCELL_DN","GSE12366_PLASMA_CELL_VS_MEMORY_BCELL_DN","72/4231","199/21355",5.03436635978007e-08,1.87001173624874e-07,3.70953310720637e-08
"GSE13484_UNSTIM_VS_12H_YF17D_VACCINE_STIM_PBMC_UP","GSE13484_UNSTIM_VS_12H_YF17D_VACCINE_STIM_PBMC_UP","72/4231","199/21355",5.03436635978007e-08,1.87001173624874e-07,3.70953310720637e-08
"GSE14350_IL2RB_KO_VS_WT_TREG_UP","GSE14350_IL2RB_KO_VS_WT_TREG_UP","72/4231","199/21355",5.03436635978007e-08,1.87001173624874e-07,3.70953310720637e-08
"GSE1460_NAIVE_CD4_TCELL_CORD_BLOOD_VS_THYMIC_STROMAL_CELL_DN","GSE1460_NAIVE_CD4_TCELL_CORD_BLOOD_VS_THYMIC_STROMAL_CELL_DN","72/4231","199/21355",5.03436635978007e-08,1.87001173624874e-07,3.70953310720637e-08
"GSE16522_MEMORY_VS_NAIVE_ANTI_CD3CD28_STIM_CD8_TCELL_UP","GSE16522_MEMORY_VS_NAIVE_ANTI_CD3CD28_STIM_CD8_TCELL_UP","72/4231","199/21355",5.03436635978007e-08,1.87001173624874e-07,3.70953310720637e-08
"GSE17721_CTRL_VS_LPS_24H_BMDC_UP","GSE17721_CTRL_VS_LPS_24H_BMDC_UP","72/4231","199/21355",5.03436635978007e-08,1.87001173624874e-07,3.70953310720637e-08
"GSE17974_0H_VS_6H_IN_VITRO_ACT_CD4_TCELL_DN","GSE17974_0H_VS_6H_IN_VITRO_ACT_CD4_TCELL_DN","72/4231","199/21355",5.03436635978007e-08,1.87001173624874e-07,3.70953310720637e-08
"GSE19923_WT_VS_HEB_KO_DP_THYMOCYTE_DN","GSE19923_WT_VS_HEB_KO_DP_THYMOCYTE_DN","72/4231","199/21355",5.03436635978007e-08,1.87001173624874e-07,3.70953310720637e-08
"GSE22886_NEUTROPHIL_VS_MONOCYTE_DN","GSE22886_NEUTROPHIL_VS_MONOCYTE_DN","72/4231","199/21355",5.03436635978007e-08,1.87001173624874e-07,3.70953310720637e-08
"GSE23505_IL6_IL1_IL23_VS_IL6_IL1_TGFB_TREATED_CD4_TCELL_DN","GSE23505_IL6_IL1_IL23_VS_IL6_IL1_TGFB_TREATED_CD4_TCELL_DN","72/4231","199/21355",5.03436635978007e-08,1.87001173624874e-07,3.70953310720637e-08
"GSE24671_CTRL_VS_SENDAI_VIRUS_INFECTED_MOUSE_SPLENOCYTES_DN","GSE24671_CTRL_VS_SENDAI_VIRUS_INFECTED_MOUSE_SPLENOCYTES_DN","72/4231","199/21355",5.03436635978007e-08,1.87001173624874e-07,3.70953310720637e-08
"GSE25123_CTRL_VS_ROSIGLITAZONE_STIM_MACROPHAGE_UP","GSE25123_CTRL_VS_ROSIGLITAZONE_STIM_MACROPHAGE_UP","72/4231","199/21355",5.03436635978007e-08,1.87001173624874e-07,3.70953310720637e-08
"GSE2585_CTEC_VS_THYMIC_MACROPHAGE_DN","GSE2585_CTEC_VS_THYMIC_MACROPHAGE_DN","72/4231","199/21355",5.03436635978007e-08,1.87001173624874e-07,3.70953310720637e-08
"GSE27786_NEUTROPHIL_VS_MONO_MAC_UP","GSE27786_NEUTROPHIL_VS_MONO_MAC_UP","72/4231","199/21355",5.03436635978007e-08,1.87001173624874e-07,3.70953310720637e-08
"GSE27859_MACROPHAGE_VS_CD11C_INT_F480_INT_DC_DN","GSE27859_MACROPHAGE_VS_CD11C_INT_F480_INT_DC_DN","72/4231","199/21355",5.03436635978007e-08,1.87001173624874e-07,3.70953310720637e-08
"GSE29949_MICROGLIA_VS_DC_BRAIN_UP","GSE29949_MICROGLIA_VS_DC_BRAIN_UP","72/4231","199/21355",5.03436635978007e-08,1.87001173624874e-07,3.70953310720637e-08
"GSE33292_WT_VS_TCF1_KO_DN3_THYMOCYTE_UP","GSE33292_WT_VS_TCF1_KO_DN3_THYMOCYTE_UP","72/4231","199/21355",5.03436635978007e-08,1.87001173624874e-07,3.70953310720637e-08
"GSE360_L_DONOVANI_VS_B_MALAYI_LOW_DOSE_MAC_UP","GSE360_L_DONOVANI_VS_B_MALAYI_LOW_DOSE_MAC_UP","72/4231","199/21355",5.03436635978007e-08,1.87001173624874e-07,3.70953310720637e-08
"GSE360_LOW_DOSE_B_MALAYI_VS_M_TUBERCULOSIS_DC_DN","GSE360_LOW_DOSE_B_MALAYI_VS_M_TUBERCULOSIS_DC_DN","72/4231","199/21355",5.03436635978007e-08,1.87001173624874e-07,3.70953310720637e-08
"GSE369_SOCS3_KO_VS_IFNG_KO_LIVER_DN","GSE369_SOCS3_KO_VS_IFNG_KO_LIVER_DN","72/4231","199/21355",5.03436635978007e-08,1.87001173624874e-07,3.70953310720637e-08
"GSE37416_0H_VS_12H_F_TULARENSIS_LVS_NEUTROPHIL_DN","GSE37416_0H_VS_12H_F_TULARENSIS_LVS_NEUTROPHIL_DN","72/4231","199/21355",5.03436635978007e-08,1.87001173624874e-07,3.70953310720637e-08
"GSE37532_WT_VS_PPARG_KO_VISCERAL_ADIPOSE_TISSUE_TCONV_UP","GSE37532_WT_VS_PPARG_KO_VISCERAL_ADIPOSE_TISSUE_TCONV_UP","72/4231","199/21355",5.03436635978007e-08,1.87001173624874e-07,3.70953310720637e-08
"GSE3982_BASOPHIL_VS_TH1_UP","GSE3982_BASOPHIL_VS_TH1_UP","72/4231","199/21355",5.03436635978007e-08,1.87001173624874e-07,3.70953310720637e-08
"GSE3982_MAST_CELL_VS_BASOPHIL_DN","GSE3982_MAST_CELL_VS_BASOPHIL_DN","72/4231","199/21355",5.03436635978007e-08,1.87001173624874e-07,3.70953310720637e-08
"GSE40666_STAT1_KO_VS_STAT4_KO_CD8_TCELL_UP","GSE40666_STAT1_KO_VS_STAT4_KO_CD8_TCELL_UP","72/4231","199/21355",5.03436635978007e-08,1.87001173624874e-07,3.70953310720637e-08
"GSE42088_UNINF_VS_LEISHMANIA_INF_DC_24H_DN","GSE42088_UNINF_VS_LEISHMANIA_INF_DC_24H_DN","72/4231","199/21355",5.03436635978007e-08,1.87001173624874e-07,3.70953310720637e-08
"GSE43863_LY6C_INT_CXCR5POS_VS_LY6C_LOW_CXCR5NEG_EFFECTOR_CD4_TCELL_UP","GSE43863_LY6C_INT_CXCR5POS_VS_LY6C_LOW_CXCR5NEG_EFFECTOR_CD4_TCELL_UP","72/4231","199/21355",5.03436635978007e-08,1.87001173624874e-07,3.70953310720637e-08
"GSE6674_UNSTIM_VS_ANTI_IGM_AND_CPG_STIM_BCELL_DN","GSE6674_UNSTIM_VS_ANTI_IGM_AND_CPG_STIM_BCELL_DN","72/4231","199/21355",5.03436635978007e-08,1.87001173624874e-07,3.70953310720637e-08
"GSE17974_0H_VS_4H_IN_VITRO_ACT_CD4_TCELL_UP","GSE17974_0H_VS_4H_IN_VITRO_ACT_CD4_TCELL_UP","70/4231","192/21355",5.41442977526436e-08,2.00972969065931e-07,3.9866909279358e-08
"GSE19401_UNSTIM_VS_RETINOIC_ACID_STIM_FOLLICULAR_DC_DN","GSE19401_UNSTIM_VS_RETINOIC_ACID_STIM_FOLLICULAR_DC_DN","71/4231","196/21355",5.8791587935796e-08,2.17749768611915e-07,4.31949147748547e-08
"GSE2706_2H_VS_8H_LPS_STIM_DC_UP","GSE2706_2H_VS_8H_LPS_STIM_DC_UP","71/4231","196/21355",5.8791587935796e-08,2.17749768611915e-07,4.31949147748547e-08
"GSE3982_EOSINOPHIL_VS_BASOPHIL_UP","GSE3982_EOSINOPHIL_VS_BASOPHIL_UP","71/4231","196/21355",5.8791587935796e-08,2.17749768611915e-07,4.31949147748547e-08
"GSE7348_UNSTIM_VS_TOLERIZED_AND_LPS_STIM_MACROPHAGE_DN","GSE7348_UNSTIM_VS_TOLERIZED_AND_LPS_STIM_MACROPHAGE_DN","61/4231","160/21355",5.97546840865469e-08,2.21157047384577e-07,4.38708149934291e-08
"GSE14000_UNSTIM_VS_16H_LPS_DC_DN","GSE14000_UNSTIM_VS_16H_LPS_DC_DN","72/4231","200/21355",6.3555079026555e-08,2.25299678485561e-07,4.469258669262e-08
"GSE1460_CD4_THYMOCYTE_VS_NAIVE_CD4_TCELL_ADULT_BLOOD_DN","GSE1460_CD4_THYMOCYTE_VS_NAIVE_CD4_TCELL_ADULT_BLOOD_DN","72/4231","200/21355",6.3555079026555e-08,2.25299678485561e-07,4.469258669262e-08
"GSE14769_40MIN_VS_360MIN_LPS_BMDM_UP","GSE14769_40MIN_VS_360MIN_LPS_BMDM_UP","72/4231","200/21355",6.3555079026555e-08,2.25299678485561e-07,4.469258669262e-08
"GSE15930_STIM_VS_STIM_AND_IL12_48H_CD8_T_CELL_UP","GSE15930_STIM_VS_STIM_AND_IL12_48H_CD8_T_CELL_UP","72/4231","200/21355",6.3555079026555e-08,2.25299678485561e-07,4.469258669262e-08
"GSE16522_ANTI_CD3CD28_STIM_VS_UNSTIM_MEMORY_CD8_TCELL_UP","GSE16522_ANTI_CD3CD28_STIM_VS_UNSTIM_MEMORY_CD8_TCELL_UP","72/4231","200/21355",6.3555079026555e-08,2.25299678485561e-07,4.469258669262e-08
"GSE17186_MEMORY_VS_CD21HIGH_TRANSITIONAL_BCELL_DN","GSE17186_MEMORY_VS_CD21HIGH_TRANSITIONAL_BCELL_DN","72/4231","200/21355",6.3555079026555e-08,2.25299678485561e-07,4.469258669262e-08
"GSE17721_0.5H_VS_24H_CPG_BMDC_UP","GSE17721_0.5H_VS_24H_CPG_BMDC_UP","72/4231","200/21355",6.3555079026555e-08,2.25299678485561e-07,4.469258669262e-08
"GSE17721_CPG_VS_GARDIQUIMOD_1H_BMDC_DN","GSE17721_CPG_VS_GARDIQUIMOD_1H_BMDC_DN","72/4231","200/21355",6.3555079026555e-08,2.25299678485561e-07,4.469258669262e-08
"GSE17721_CTRL_VS_LPS_8H_BMDC_UP","GSE17721_CTRL_VS_LPS_8H_BMDC_UP","72/4231","200/21355",6.3555079026555e-08,2.25299678485561e-07,4.469258669262e-08
"GSE17721_CTRL_VS_POLYIC_4H_BMDC_DN","GSE17721_CTRL_VS_POLYIC_4H_BMDC_DN","72/4231","200/21355",6.3555079026555e-08,2.25299678485561e-07,4.469258669262e-08
"GSE17721_LPS_VS_CPG_24H_BMDC_DN","GSE17721_LPS_VS_CPG_24H_BMDC_DN","72/4231","200/21355",6.3555079026555e-08,2.25299678485561e-07,4.469258669262e-08
"GSE17721_PAM3CSK4_VS_CPG_12H_BMDC_DN","GSE17721_PAM3CSK4_VS_CPG_12H_BMDC_DN","72/4231","200/21355",6.3555079026555e-08,2.25299678485561e-07,4.469258669262e-08
"GSE19923_HEB_KO_VS_HEB_AND_E2A_KO_DP_THYMOCYTE_UP","GSE19923_HEB_KO_VS_HEB_AND_E2A_KO_DP_THYMOCYTE_UP","72/4231","200/21355",6.3555079026555e-08,2.25299678485561e-07,4.469258669262e-08
"GSE21063_CTRL_VS_ANTI_IGM_STIM_BCELL_NFATC1_KO_3H_UP","GSE21063_CTRL_VS_ANTI_IGM_STIM_BCELL_NFATC1_KO_3H_UP","72/4231","200/21355",6.3555079026555e-08,2.25299678485561e-07,4.469258669262e-08
"GSE21670_TGFB_VS_TGFB_AND_IL6_TREATED_STAT3_KO_CD4_TCELL_DN","GSE21670_TGFB_VS_TGFB_AND_IL6_TREATED_STAT3_KO_CD4_TCELL_DN","72/4231","200/21355",6.3555079026555e-08,2.25299678485561e-07,4.469258669262e-08
"GSE22103_UNSTIM_VS_LPS_STIM_NEUTROPHIL_UP","GSE22103_UNSTIM_VS_LPS_STIM_NEUTROPHIL_UP","72/4231","200/21355",6.3555079026555e-08,2.25299678485561e-07,4.469258669262e-08
"GSE23502_BM_VS_COLON_TUMOR_HDC_KO_MYELOID_DERIVED_SUPPRESSOR_CELL_DN","GSE23502_BM_VS_COLON_TUMOR_HDC_KO_MYELOID_DERIVED_SUPPRESSOR_CELL_DN","72/4231","200/21355",6.3555079026555e-08,2.25299678485561e-07,4.469258669262e-08
"GSE2405_HEAT_KILLED_VS_LIVE_A_PHAGOCYTOPHILUM_STIM_NEUTROPHIL_9H_DN","GSE2405_HEAT_KILLED_VS_LIVE_A_PHAGOCYTOPHILUM_STIM_NEUTROPHIL_9H_DN","72/4231","200/21355",6.3555079026555e-08,2.25299678485561e-07,4.469258669262e-08
"GSE24210_CTRL_VS_IL35_TREATED_TCONV_CD4_TCELL_UP","GSE24210_CTRL_VS_IL35_TREATED_TCONV_CD4_TCELL_UP","72/4231","200/21355",6.3555079026555e-08,2.25299678485561e-07,4.469258669262e-08
"GSE24210_TCONV_VS_TREG_DN","GSE24210_TCONV_VS_TREG_DN","72/4231","200/21355",6.3555079026555e-08,2.25299678485561e-07,4.469258669262e-08
"GSE25085_FETAL_LIVER_VS_FETAL_BM_SP4_THYMIC_IMPLANT_DN","GSE25085_FETAL_LIVER_VS_FETAL_BM_SP4_THYMIC_IMPLANT_DN","72/4231","200/21355",6.3555079026555e-08,2.25299678485561e-07,4.469258669262e-08
"GSE27434_WT_VS_DNMT1_KO_TREG_DN","GSE27434_WT_VS_DNMT1_KO_TREG_DN","72/4231","200/21355",6.3555079026555e-08,2.25299678485561e-07,4.469258669262e-08
"GSE2770_IL12_ACT_VS_ACT_CD4_TCELL_2H_DN","GSE2770_IL12_ACT_VS_ACT_CD4_TCELL_2H_DN","72/4231","200/21355",6.3555079026555e-08,2.25299678485561e-07,4.469258669262e-08
"GSE2770_IL12_VS_IL4_TREATED_ACT_CD4_TCELL_48H_UP","GSE2770_IL12_VS_IL4_TREATED_ACT_CD4_TCELL_48H_UP","72/4231","200/21355",6.3555079026555e-08,2.25299678485561e-07,4.469258669262e-08
"GSE27859_DC_VS_CD11C_INT_F480_HI_MACROPHAGE_UP","GSE27859_DC_VS_CD11C_INT_F480_HI_MACROPHAGE_UP","72/4231","200/21355",6.3555079026555e-08,2.25299678485561e-07,4.469258669262e-08
"GSE28237_FOLLICULAR_VS_EARLY_GC_BCELL_DN","GSE28237_FOLLICULAR_VS_EARLY_GC_BCELL_DN","72/4231","200/21355",6.3555079026555e-08,2.25299678485561e-07,4.469258669262e-08
"GSE2826_WT_VS_XID_BCELL_UP","GSE2826_WT_VS_XID_BCELL_UP","72/4231","200/21355",6.3555079026555e-08,2.25299678485561e-07,4.469258669262e-08
"GSE30083_SP2_VS_SP4_THYMOCYTE_DN","GSE30083_SP2_VS_SP4_THYMOCYTE_DN","72/4231","200/21355",6.3555079026555e-08,2.25299678485561e-07,4.469258669262e-08
"GSE3039_ALPHAALPHA_VS_ALPHABETA_CD8_TCELL_UP","GSE3039_ALPHAALPHA_VS_ALPHABETA_CD8_TCELL_UP","72/4231","200/21355",6.3555079026555e-08,2.25299678485561e-07,4.469258669262e-08
"GSE3337_CTRL_VS_16H_IFNG_IN_CD8POS_DC_DN","GSE3337_CTRL_VS_16H_IFNG_IN_CD8POS_DC_DN","72/4231","200/21355",6.3555079026555e-08,2.25299678485561e-07,4.469258669262e-08
"GSE33374_CD8_ALPHAALPHA_VS_ALPHABETA_CD161_HIGH_TCELL_DN","GSE33374_CD8_ALPHAALPHA_VS_ALPHABETA_CD161_HIGH_TCELL_DN","72/4231","200/21355",6.3555079026555e-08,2.25299678485561e-07,4.469258669262e-08
"GSE360_L_DONOVANI_VS_M_TUBERCULOSIS_MAC_UP","GSE360_L_DONOVANI_VS_M_TUBERCULOSIS_MAC_UP","72/4231","200/21355",6.3555079026555e-08,2.25299678485561e-07,4.469258669262e-08
"GSE39152_BRAIN_VS_SPLEEN_CD103_NEG_MEMORY_CD8_TCELL_UP","GSE39152_BRAIN_VS_SPLEEN_CD103_NEG_MEMORY_CD8_TCELL_UP","72/4231","200/21355",6.3555079026555e-08,2.25299678485561e-07,4.469258669262e-08
"GSE39382_IL3_VS_IL3_IL33_TREATED_MAST_CELL_UP","GSE39382_IL3_VS_IL3_IL33_TREATED_MAST_CELL_UP","72/4231","200/21355",6.3555079026555e-08,2.25299678485561e-07,4.469258669262e-08
"GSE3982_EOSINOPHIL_VS_DC_DN","GSE3982_EOSINOPHIL_VS_DC_DN","72/4231","200/21355",6.3555079026555e-08,2.25299678485561e-07,4.469258669262e-08
"GSE39820_CTRL_VS_IL1B_IL6_IL23A_CD4_TCELL_UP","GSE39820_CTRL_VS_IL1B_IL6_IL23A_CD4_TCELL_UP","72/4231","200/21355",6.3555079026555e-08,2.25299678485561e-07,4.469258669262e-08
"GSE40274_HELIOS_VS_FOXP3_AND_HELIOS_TRANSDUCED_ACTIVATED_CD4_TCELL_UP","GSE40274_HELIOS_VS_FOXP3_AND_HELIOS_TRANSDUCED_ACTIVATED_CD4_TCELL_UP","72/4231","200/21355",6.3555079026555e-08,2.25299678485561e-07,4.469258669262e-08
"GSE40274_LEF1_VS_FOXP3_AND_LEF1_TRANSDUCED_ACTIVATED_CD4_TCELL_UP","GSE40274_LEF1_VS_FOXP3_AND_LEF1_TRANSDUCED_ACTIVATED_CD4_TCELL_UP","72/4231","200/21355",6.3555079026555e-08,2.25299678485561e-07,4.469258669262e-08
"GSE40655_FOXO1_KO_VS_WT_NTREG_UP","GSE40655_FOXO1_KO_VS_WT_NTREG_UP","72/4231","200/21355",6.3555079026555e-08,2.25299678485561e-07,4.469258669262e-08
"GSE41867_LCMV_ARMSTRONG_VS_CLONE13_DAY6_EFFECTOR_CD8_TCELL_UP","GSE41867_LCMV_ARMSTRONG_VS_CLONE13_DAY6_EFFECTOR_CD8_TCELL_UP","72/4231","200/21355",6.3555079026555e-08,2.25299678485561e-07,4.469258669262e-08
"GSE41867_NAIVE_VS_DAY6_LCMV_EFFECTOR_CD8_TCELL_UP","GSE41867_NAIVE_VS_DAY6_LCMV_EFFECTOR_CD8_TCELL_UP","72/4231","200/21355",6.3555079026555e-08,2.25299678485561e-07,4.469258669262e-08
"GSE41978_KLRG1_HIGH_VS_LOW_EFFECTOR_CD8_TCELL_DN","GSE41978_KLRG1_HIGH_VS_LOW_EFFECTOR_CD8_TCELL_DN","72/4231","200/21355",6.3555079026555e-08,2.25299678485561e-07,4.469258669262e-08
"GSE42021_CD24HI_VS_CD24LOW_TCONV_THYMUS_UP","GSE42021_CD24HI_VS_CD24LOW_TCONV_THYMUS_UP","72/4231","200/21355",6.3555079026555e-08,2.25299678485561e-07,4.469258669262e-08
"GSE42021_TREG_VS_TCONV_PLN_UP","GSE42021_TREG_VS_TCONV_PLN_UP","72/4231","200/21355",6.3555079026555e-08,2.25299678485561e-07,4.469258669262e-08
"GSE42088_UNINF_VS_LEISHMANIA_INF_DC_4H_UP","GSE42088_UNINF_VS_LEISHMANIA_INF_DC_4H_UP","72/4231","200/21355",6.3555079026555e-08,2.25299678485561e-07,4.469258669262e-08
"GSE43955_TH0_VS_TGFB_IL6_TH17_ACT_CD4_TCELL_42H_UP","GSE43955_TH0_VS_TGFB_IL6_TH17_ACT_CD4_TCELL_42H_UP","72/4231","200/21355",6.3555079026555e-08,2.25299678485561e-07,4.469258669262e-08
"GSE44732_UNSTIM_VS_IL27_STIM_IMATURE_DC_UP","GSE44732_UNSTIM_VS_IL27_STIM_IMATURE_DC_UP","72/4231","200/21355",6.3555079026555e-08,2.25299678485561e-07,4.469258669262e-08
"GSE46606_IRF4HIGH_VS_IRF4MID_CD40L_IL2_IL5_DAY1_STIMULATED_BCELL_UP","GSE46606_IRF4HIGH_VS_IRF4MID_CD40L_IL2_IL5_DAY1_STIMULATED_BCELL_UP","72/4231","200/21355",6.3555079026555e-08,2.25299678485561e-07,4.469258669262e-08
"GSE5142_CTRL_VS_HTERT_TRANSDUCED_CD8_TCELL_EARLY_PASSAGE_CLONE_DN","GSE5142_CTRL_VS_HTERT_TRANSDUCED_CD8_TCELL_EARLY_PASSAGE_CLONE_DN","72/4231","200/21355",6.3555079026555e-08,2.25299678485561e-07,4.469258669262e-08
"GSE5589_LPS_AND_IL10_VS_LPS_AND_IL6_STIM_IL6_KO_MACROPHAGE_45MIN_UP","GSE5589_LPS_AND_IL10_VS_LPS_AND_IL6_STIM_IL6_KO_MACROPHAGE_45MIN_UP","72/4231","200/21355",6.3555079026555e-08,2.25299678485561e-07,4.469258669262e-08
"GSE5679_CTRL_VS_RARA_AGONIST_AM580_TREATED_DC_DN","GSE5679_CTRL_VS_RARA_AGONIST_AM580_TREATED_DC_DN","72/4231","200/21355",6.3555079026555e-08,2.25299678485561e-07,4.469258669262e-08
"GSE6674_CPG_VS_PL2_3_STIM_BCELL_DN","GSE6674_CPG_VS_PL2_3_STIM_BCELL_DN","72/4231","200/21355",6.3555079026555e-08,2.25299678485561e-07,4.469258669262e-08
"GSE6674_CPG_VS_PL2_3_STIM_BCELL_UP","GSE6674_CPG_VS_PL2_3_STIM_BCELL_UP","72/4231","200/21355",6.3555079026555e-08,2.25299678485561e-07,4.469258669262e-08
"GSE7219_WT_VS_NIK_NFKB2_KO_LPS_AND_ANTI_CD40_STIM_DC_DN","GSE7219_WT_VS_NIK_NFKB2_KO_LPS_AND_ANTI_CD40_STIM_DC_DN","72/4231","200/21355",6.3555079026555e-08,2.25299678485561e-07,4.469258669262e-08
"GSE7460_CTRL_VS_TGFB_TREATED_ACT_FOXP3_HET_TCONV_UP","GSE7460_CTRL_VS_TGFB_TREATED_ACT_FOXP3_HET_TCONV_UP","72/4231","200/21355",6.3555079026555e-08,2.25299678485561e-07,4.469258669262e-08
"GSE7509_DC_VS_MONOCYTE_DN","GSE7509_DC_VS_MONOCYTE_DN","72/4231","200/21355",6.3555079026555e-08,2.25299678485561e-07,4.469258669262e-08
"GSE7831_CPG_VS_INFLUENZA_STIM_PDC_1H_UP","GSE7831_CPG_VS_INFLUENZA_STIM_PDC_1H_UP","72/4231","200/21355",6.3555079026555e-08,2.25299678485561e-07,4.469258669262e-08
"GSE7852_TREG_VS_TCONV_UP","GSE7852_TREG_VS_TCONV_UP","72/4231","200/21355",6.3555079026555e-08,2.25299678485561e-07,4.469258669262e-08
"GSE8921_3H_VS_24H_TLR1_2_STIM_MONOCYTE_DN","GSE8921_3H_VS_24H_TLR1_2_STIM_MONOCYTE_DN","72/4231","200/21355",6.3555079026555e-08,2.25299678485561e-07,4.469258669262e-08
"GSE9037_CTRL_VS_LPS_4H_STIM_IRAK4_KO_BMDM_DN","GSE9037_CTRL_VS_LPS_4H_STIM_IRAK4_KO_BMDM_DN","72/4231","200/21355",6.3555079026555e-08,2.25299678485561e-07,4.469258669262e-08
"GSE9037_WT_VS_IRAK4_KO_LPS_4H_STIM_BMDM_DN","GSE9037_WT_VS_IRAK4_KO_LPS_4H_STIM_BMDM_DN","72/4231","200/21355",6.3555079026555e-08,2.25299678485561e-07,4.469258669262e-08
"GSE6269_FLU_VS_E_COLI_INF_PBMC_UP","GSE6269_FLU_VS_E_COLI_INF_PBMC_UP","62/4231","164/21355",6.71005429621282e-08,2.37703789373787e-07,4.71531840842512e-08
"GSE15271_CXCR4_POS_VS_NEG_GC_BCELL_UP","GSE15271_CXCR4_POS_VS_NEG_GC_BCELL_UP","65/4231","175/21355",7.13258943798806e-08,2.52497606761925e-07,5.00878263819167e-08
"GSE12845_IGD_NEG_BLOOD_VS_DARKZONE_GC_TONSIL_BCELL_UP","GSE12845_IGD_NEG_BLOOD_VS_DARKZONE_GC_TONSIL_BCELL_UP","71/4231","197/21355",7.42703321206232e-08,2.62377479290362e-07,5.2047691848469e-08
"GSE16450_CTRL_VS_IFNA_12H_STIM_IMMATURE_NEURON_CELL_LINE_UP","GSE16450_CTRL_VS_IFNA_12H_STIM_IMMATURE_NEURON_CELL_LINE_UP","71/4231","197/21355",7.42703321206232e-08,2.62377479290362e-07,5.2047691848469e-08
"GSE3982_EFF_MEMORY_CD4_TCELL_VS_NKCELL_DN","GSE3982_EFF_MEMORY_CD4_TCELL_VS_NKCELL_DN","71/4231","197/21355",7.42703321206232e-08,2.62377479290362e-07,5.2047691848469e-08
"GSE34156_UNTREATED_VS_6H_NOD2_LIGAND_TREATED_MONOCYTE_UP","GSE34156_UNTREATED_VS_6H_NOD2_LIGAND_TREATED_MONOCYTE_UP","63/4231","168/21355",7.48420697995863e-08,2.64215185807631e-07,5.2412236788749e-08
"GSE7509_UNSTIM_VS_IFNA_STIM_IMMATURE_DC_UP","GSE7509_UNSTIM_VS_IFNA_STIM_IMMATURE_DC_UP","66/4231","179/21355",7.84871790015737e-08,2.76892828329021e-07,5.49270945162605e-08
"GAUCHER_PBMC_YF_VAX_STAMARIL_UNKNOWN_AGE_10DY_DN","GAUCHER_PBMC_YF_VAX_STAMARIL_UNKNOWN_AGE_10DY_DN","45/4231","106/21355",8.33962341208397e-08,2.9400900694871e-07,5.83224224721141e-08
"GAUCHER_PBMC_YF_VAX_STAMARIL_UNKNOWN_AGE_60DY_UP","GAUCHER_PBMC_YF_VAX_STAMARIL_UNKNOWN_AGE_60DY_UP","27/4231","50/21355",8.39186960694616e-08,2.95647584915505e-07,5.86474663795261e-08
"GSE29618_BCELL_VS_PDC_DAY7_FLU_VACCINE_UP","GSE29618_BCELL_VS_PDC_DAY7_FLU_VACCINE_UP","70/4231","194/21355",8.67811058675926e-08,3.05521942772857e-07,6.06062379034807e-08
"GSE27896_HDAC6_KO_VS_WT_TREG_UP","GSE27896_HDAC6_KO_VS_WT_TREG_UP","65/4231","176/21355",9.13991892171843e-08,3.21559535983038e-07,6.37876074007875e-08
"GSE10325_CD4_TCELL_VS_BCELL_UP","GSE10325_CD4_TCELL_VS_BCELL_UP","71/4231","198/21355",9.35598529771205e-08,3.26250208408653e-07,6.47180937886849e-08
"GSE11864_UNTREATED_VS_CSF1_IFNG_PAM3CYS_IN_MAC_UP","GSE11864_UNTREATED_VS_CSF1_IFNG_PAM3CYS_IN_MAC_UP","71/4231","198/21355",9.35598529771205e-08,3.26250208408653e-07,6.47180937886849e-08
"GSE13484_3H_UNSTIM_VS_YF17D_VACCINE_STIM_PBMC_DN","GSE13484_3H_UNSTIM_VS_YF17D_VACCINE_STIM_PBMC_DN","71/4231","198/21355",9.35598529771205e-08,3.26250208408653e-07,6.47180937886849e-08
"GSE13738_TCR_VS_BYSTANDER_ACTIVATED_CD4_TCELL_DN","GSE13738_TCR_VS_BYSTANDER_ACTIVATED_CD4_TCELL_DN","71/4231","198/21355",9.35598529771205e-08,3.26250208408653e-07,6.47180937886849e-08
"GSE14000_UNSTIM_VS_4H_LPS_DC_DN","GSE14000_UNSTIM_VS_4H_LPS_DC_DN","71/4231","198/21355",9.35598529771205e-08,3.26250208408653e-07,6.47180937886849e-08
"GSE1460_INTRATHYMIC_T_PROGENITOR_VS_THYMIC_STROMAL_CELL_UP","GSE1460_INTRATHYMIC_T_PROGENITOR_VS_THYMIC_STROMAL_CELL_UP","71/4231","198/21355",9.35598529771205e-08,3.26250208408653e-07,6.47180937886849e-08
"GSE17721_POLYIC_VS_CPG_24H_BMDC_UP","GSE17721_POLYIC_VS_CPG_24H_BMDC_UP","71/4231","198/21355",9.35598529771205e-08,3.26250208408653e-07,6.47180937886849e-08
"GSE22886_NAIVE_TCELL_VS_NKCELL_DN","GSE22886_NAIVE_TCELL_VS_NKCELL_DN","71/4231","198/21355",9.35598529771205e-08,3.26250208408653e-07,6.47180937886849e-08
"GSE22919_RESTING_VS_IL2_IL12_IL15_STIM_NK_CELL_UP","GSE22919_RESTING_VS_IL2_IL12_IL15_STIM_NK_CELL_UP","71/4231","198/21355",9.35598529771205e-08,3.26250208408653e-07,6.47180937886849e-08
"GSE26559_TCF1_KO_VS_WT_LIN_NEG_CELL_UP","GSE26559_TCF1_KO_VS_WT_LIN_NEG_CELL_UP","71/4231","198/21355",9.35598529771205e-08,3.26250208408653e-07,6.47180937886849e-08
"GSE3982_BCELL_VS_TH1_DN","GSE3982_BCELL_VS_TH1_DN","71/4231","198/21355",9.35598529771205e-08,3.26250208408653e-07,6.47180937886849e-08
"GSE39820_CTRL_VS_TGFBETA3_IL6_IL23A_CD4_TCELL_DN","GSE39820_CTRL_VS_TGFBETA3_IL6_IL23A_CD4_TCELL_DN","71/4231","198/21355",9.35598529771205e-08,3.26250208408653e-07,6.47180937886849e-08
"GSE9960_GRAM_NEG_VS_GRAM_POS_SEPSIS_PBMC_UP","GSE9960_GRAM_NEG_VS_GRAM_POS_SEPSIS_PBMC_UP","71/4231","198/21355",9.35598529771205e-08,3.26250208408653e-07,6.47180937886849e-08
"GSE6269_HEALTHY_VS_FLU_INF_PBMC_DN","GSE6269_HEALTHY_VS_FLU_INF_PBMC_DN","61/4231","162/21355",1.00820228622266e-07,3.51328682472968e-07,6.9692898385709e-08
"SCHERER_PBMC_YF_VAX_AGE_18_40YO_4_TO_7DY_UP","SCHERER_PBMC_YF_VAX_AGE_18_40YO_4_TO_7DY_UP","112/4231","356/21355",1.02247442436065e-07,3.56060047504937e-07,7.06314569459657e-08
"GSE25677_MPL_VS_R848_STIM_BCELL_UP","GSE25677_MPL_VS_R848_STIM_BCELL_UP","64/4231","173/21355",1.06407976437483e-07,3.70296868444358e-07,7.34556081313531e-08
"GSE37534_PIOGLITAZONE_VS_ROSIGLITAZONE_TREATED_CD4_TCELL_PPARG1_FOXP3_TRANSDUCED_UP","GSE37534_PIOGLITAZONE_VS_ROSIGLITAZONE_TREATED_CD4_TCELL_PPARG1_FOXP3_TRANSDUCED_UP","67/4231","184/21355",1.09174756808784e-07,3.79667437857413e-07,7.53144433887634e-08
"GSE21360_NAIVE_VS_TERTIARY_MEMORY_CD8_TCELL_UP","GSE21360_NAIVE_VS_TERTIARY_MEMORY_CD8_TCELL_UP","70/4231","195/21355",1.09391250342858e-07,3.79904843670386e-07,7.53615374634152e-08
"GSE37416_CTRL_VS_24H_F_TULARENSIS_LVS_NEUTROPHIL_UP","GSE37416_CTRL_VS_24H_F_TULARENSIS_LVS_NEUTROPHIL_UP","70/4231","195/21355",1.09391250342858e-07,3.79904843670386e-07,7.53615374634152e-08
"GSE40274_CTRL_VS_HELIOS_TRANSDUCED_ACTIVATED_CD4_TCELL_UP","GSE40274_CTRL_VS_HELIOS_TRANSDUCED_ACTIVATED_CD4_TCELL_UP","62/4231","166/21355",1.12091778406838e-07,3.89019943204774e-07,7.7169695286324e-08
"GSE37605_TREG_VS_TCONV_C57BL6_FOXP3_FUSION_GFP_DN","GSE37605_TREG_VS_TCONV_C57BL6_FOXP3_FUSION_GFP_DN","65/4231","177/21355",1.16738147725526e-07,4.02717655800988e-07,7.98869038141475e-08
"GSE20366_EX_VIVO_VS_DEC205_CONVERSION_NAIVE_CD4_TCELL_UP","GSE20366_EX_VIVO_VS_DEC205_CONVERSION_NAIVE_CD4_TCELL_UP","71/4231","199/21355",1.17531333023464e-07,4.02717655800988e-07,7.98869038141475e-08
"GSE21774_CD62L_POS_CD56_DIM_VS_CD62L_NEG_CD56_DIM_NK_CELL_DN","GSE21774_CD62L_POS_CD56_DIM_VS_CD62L_NEG_CD56_DIM_NK_CELL_DN","71/4231","199/21355",1.17531333023464e-07,4.02717655800988e-07,7.98869038141475e-08
"GSE22196_HEALTHY_VS_OBESE_MOUSE_SKIN_GAMMADELTA_TCELL_UP","GSE22196_HEALTHY_VS_OBESE_MOUSE_SKIN_GAMMADELTA_TCELL_UP","71/4231","199/21355",1.17531333023464e-07,4.02717655800988e-07,7.98869038141475e-08
"GSE22229_RENAL_TRANSPLANT_IMMUNOSUPP_THERAPY_VS_HEALTHY_PBMC_UP","GSE22229_RENAL_TRANSPLANT_IMMUNOSUPP_THERAPY_VS_HEALTHY_PBMC_UP","71/4231","199/21355",1.17531333023464e-07,4.02717655800988e-07,7.98869038141475e-08
"GSE22589_HEALTHY_VS_SIV_INFECTED_DC_UP","GSE22589_HEALTHY_VS_SIV_INFECTED_DC_UP","71/4231","199/21355",1.17531333023464e-07,4.02717655800988e-07,7.98869038141475e-08
"GSE27786_LSK_VS_CD8_TCELL_UP","GSE27786_LSK_VS_CD8_TCELL_UP","71/4231","199/21355",1.17531333023464e-07,4.02717655800988e-07,7.98869038141475e-08
"GSE28737_FOLLICULAR_VS_MARGINAL_ZONE_BCELL_BCL6_HET_UP","GSE28737_FOLLICULAR_VS_MARGINAL_ZONE_BCELL_BCL6_HET_UP","71/4231","199/21355",1.17531333023464e-07,4.02717655800988e-07,7.98869038141475e-08
"GSE360_L_DONOVANI_VS_B_MALAYI_HIGH_DOSE_MAC_UP","GSE360_L_DONOVANI_VS_B_MALAYI_HIGH_DOSE_MAC_UP","71/4231","199/21355",1.17531333023464e-07,4.02717655800988e-07,7.98869038141475e-08
"GSE360_L_DONOVANI_VS_M_TUBERCULOSIS_MAC_DN","GSE360_L_DONOVANI_VS_M_TUBERCULOSIS_MAC_DN","71/4231","199/21355",1.17531333023464e-07,4.02717655800988e-07,7.98869038141475e-08
"GSE360_L_MAJOR_VS_T_GONDII_MAC_DN","GSE360_L_MAJOR_VS_T_GONDII_MAC_DN","71/4231","199/21355",1.17531333023464e-07,4.02717655800988e-07,7.98869038141475e-08
"GSE37416_0H_VS_24H_F_TULARENSIS_LVS_NEUTROPHIL_DN","GSE37416_0H_VS_24H_F_TULARENSIS_LVS_NEUTROPHIL_DN","71/4231","199/21355",1.17531333023464e-07,4.02717655800988e-07,7.98869038141475e-08
"GSE3982_MAST_CELL_VS_NEUTROPHIL_UP","GSE3982_MAST_CELL_VS_NEUTROPHIL_UP","71/4231","199/21355",1.17531333023464e-07,4.02717655800988e-07,7.98869038141475e-08
"GSE3982_MAST_CELL_VS_TH1_UP","GSE3982_MAST_CELL_VS_TH1_UP","71/4231","199/21355",1.17531333023464e-07,4.02717655800988e-07,7.98869038141475e-08
"GSE40273_XBP1_KO_VS_WT_TREG_DN","GSE40273_XBP1_KO_VS_WT_TREG_DN","71/4231","199/21355",1.17531333023464e-07,4.02717655800988e-07,7.98869038141475e-08
"GSE41176_UNSTIM_VS_ANTI_IGM_STIM_BCELL_3H_UP","GSE41176_UNSTIM_VS_ANTI_IGM_STIM_BCELL_3H_UP","71/4231","199/21355",1.17531333023464e-07,4.02717655800988e-07,7.98869038141475e-08
"GSE41978_ID2_KO_VS_BIM_KO_KLRG1_LOW_EFFECTOR_CD8_TCELL_UP","GSE41978_ID2_KO_VS_BIM_KO_KLRG1_LOW_EFFECTOR_CD8_TCELL_UP","71/4231","199/21355",1.17531333023464e-07,4.02717655800988e-07,7.98869038141475e-08
"GSE44649_WT_VS_MIR155_KO_ACTIVATED_CD8_TCELL_UP","GSE44649_WT_VS_MIR155_KO_ACTIVATED_CD8_TCELL_UP","71/4231","199/21355",1.17531333023464e-07,4.02717655800988e-07,7.98869038141475e-08
"GSE46606_IRF4HIGH_VS_WT_CD40L_IL2_IL5_DAY3_STIMULATED_BCELL_UP","GSE46606_IRF4HIGH_VS_WT_CD40L_IL2_IL5_DAY3_STIMULATED_BCELL_UP","71/4231","199/21355",1.17531333023464e-07,4.02717655800988e-07,7.98869038141475e-08
"GSE14415_INDUCED_TREG_VS_FOXP3_KO_INDUCED_TREG_DN","GSE14415_INDUCED_TREG_VS_FOXP3_KO_INDUCED_TREG_DN","66/4231","181/21355",1.2739160164316e-07,4.3621199066322e-07,8.65311585889624e-08
"GSE45365_WT_VS_IFNAR_KO_BCELL_DN","GSE45365_WT_VS_IFNAR_KO_BCELL_DN","69/4231","192/21355",1.27887273930776e-07,4.37616933357247e-07,8.68098563819334e-08
"NAKAYA_B_CELL_FLUMIST_AGE_18_50YO_7DY_UP","NAKAYA_B_CELL_FLUMIST_AGE_18_50YO_7DY_UP","141/4231","475/21355",1.33531144924441e-07,4.5662484915456e-07,9.05804473136548e-08
"GSE12003_4D_VS_8D_CULTURE_BM_PROGENITOR_UP","GSE12003_4D_VS_8D_CULTURE_BM_PROGENITOR_UP","64/4231","174/21355",1.36041057322185e-07,4.64587914612604e-07,9.21600767020095e-08
"GSE32901_TH17_EMRICHED_VS_TH17_NEG_CD4_TCELL_DN","GSE32901_TH17_EMRICHED_VS_TH17_NEG_CD4_TCELL_DN","64/4231","174/21355",1.36041057322185e-07,4.64587914612604e-07,9.21600767020095e-08
"GSE17974_IL4_AND_ANTI_IL12_VS_UNTREATED_6H_ACT_CD4_TCELL_DN","GSE17974_IL4_AND_ANTI_IL12_VS_UNTREATED_6H_ACT_CD4_TCELL_DN","70/4231","196/21355",1.37502173902337e-07,4.68329663404238e-07,9.29023255741614e-08
"GSE18281_CORTEX_VS_MEDULLA_THYMUS_DN","GSE18281_CORTEX_VS_MEDULLA_THYMUS_DN","70/4231","196/21355",1.37502173902337e-07,4.68329663404238e-07,9.29023255741614e-08
"GSE30971_CTRL_VS_LPS_STIM_MACROPHAGE_WBP7_KO_4H_UP","GSE30971_CTRL_VS_LPS_STIM_MACROPHAGE_WBP7_KO_4H_UP","70/4231","196/21355",1.37502173902337e-07,4.68329663404238e-07,9.29023255741614e-08
"GSE3982_NEUTROPHIL_VS_BASOPHIL_UP","GSE3982_NEUTROPHIL_VS_BASOPHIL_UP","70/4231","196/21355",1.37502173902337e-07,4.68329663404238e-07,9.29023255741614e-08
"GSE10239_MEMORY_VS_KLRG1INT_EFF_CD8_TCELL_DN","GSE10239_MEMORY_VS_KLRG1INT_EFF_CD8_TCELL_DN","71/4231","200/21355",1.47239193750439e-07,4.8505662414187e-07,9.62204445696955e-08
"GSE10273_HIGH_IL7_VS_HIGH_IL7_AND_IRF4_IN_IRF4_8_NULL_PRE_BCELL_DN","GSE10273_HIGH_IL7_VS_HIGH_IL7_AND_IRF4_IN_IRF4_8_NULL_PRE_BCELL_DN","71/4231","200/21355",1.47239193750439e-07,4.8505662414187e-07,9.62204445696955e-08
"GSE12392_CD8A_POS_VS_NEG_SPLEEN_IFNB_KO_DC_UP","GSE12392_CD8A_POS_VS_NEG_SPLEEN_IFNB_KO_DC_UP","71/4231","200/21355",1.47239193750439e-07,4.8505662414187e-07,9.62204445696955e-08
"GSE12392_WT_VS_IFNB_KO_CD8A_NEG_SPLEEN_DC_UP","GSE12392_WT_VS_IFNB_KO_CD8A_NEG_SPLEEN_DC_UP","71/4231","200/21355",1.47239193750439e-07,4.8505662414187e-07,9.62204445696955e-08
"GSE13522_WT_VS_IFNAR_KO_SKIN_UP","GSE13522_WT_VS_IFNAR_KO_SKIN_UP","71/4231","200/21355",1.47239193750439e-07,4.8505662414187e-07,9.62204445696955e-08
"GSE14308_TH17_VS_NAIVE_CD4_TCELL_UP","GSE14308_TH17_VS_NAIVE_CD4_TCELL_UP","71/4231","200/21355",1.47239193750439e-07,4.8505662414187e-07,9.62204445696955e-08
"GSE1432_CTRL_VS_IFNG_24H_MICROGLIA_DN","GSE1432_CTRL_VS_IFNG_24H_MICROGLIA_DN","71/4231","200/21355",1.47239193750439e-07,4.8505662414187e-07,9.62204445696955e-08
"GSE1460_DP_THYMOCYTE_VS_THYMIC_STROMAL_CELL_DN","GSE1460_DP_THYMOCYTE_VS_THYMIC_STROMAL_CELL_DN","71/4231","200/21355",1.47239193750439e-07,4.8505662414187e-07,9.62204445696955e-08
"GSE15930_NAIVE_VS_48H_IN_VITRO_STIM_IL12_CD8_TCELL_DN","GSE15930_NAIVE_VS_48H_IN_VITRO_STIM_IL12_CD8_TCELL_DN","71/4231","200/21355",1.47239193750439e-07,4.8505662414187e-07,9.62204445696955e-08
"GSE15930_STIM_VS_STIM_AND_IL12_48H_CD8_T_CELL_DN","GSE15930_STIM_VS_STIM_AND_IL12_48H_CD8_T_CELL_DN","71/4231","200/21355",1.47239193750439e-07,4.8505662414187e-07,9.62204445696955e-08
"GSE16385_IFNG_TNF_VS_IL4_STIM_MACROPHAGE_UP","GSE16385_IFNG_TNF_VS_IL4_STIM_MACROPHAGE_UP","71/4231","200/21355",1.47239193750439e-07,4.8505662414187e-07,9.62204445696955e-08
"GSE16450_IMMATURE_VS_MATURE_NEURON_CELL_LINE_12H_IFNA_STIM_UP","GSE16450_IMMATURE_VS_MATURE_NEURON_CELL_LINE_12H_IFNA_STIM_UP","71/4231","200/21355",1.47239193750439e-07,4.8505662414187e-07,9.62204445696955e-08
"GSE16522_MEMORY_VS_NAIVE_ANTI_CD3CD28_STIM_CD8_TCELL_DN","GSE16522_MEMORY_VS_NAIVE_ANTI_CD3CD28_STIM_CD8_TCELL_DN","71/4231","200/21355",1.47239193750439e-07,4.8505662414187e-07,9.62204445696955e-08
"GSE17301_CTRL_VS_48H_ACD3_ACD28_IFNA5_STIM_CD8_TCELL_UP","GSE17301_CTRL_VS_48H_ACD3_ACD28_IFNA5_STIM_CD8_TCELL_UP","71/4231","200/21355",1.47239193750439e-07,4.8505662414187e-07,9.62204445696955e-08
"GSE17721_0.5H_VS_12H_PAM3CSK4_BMDC_UP","GSE17721_0.5H_VS_12H_PAM3CSK4_BMDC_UP","71/4231","200/21355",1.47239193750439e-07,4.8505662414187e-07,9.62204445696955e-08
"GSE17721_12H_VS_24H_LPS_BMDC_UP","GSE17721_12H_VS_24H_LPS_BMDC_UP","71/4231","200/21355",1.47239193750439e-07,4.8505662414187e-07,9.62204445696955e-08
"GSE17721_PAM3CSK4_VS_GADIQUIMOD_12H_BMDC_UP","GSE17721_PAM3CSK4_VS_GADIQUIMOD_12H_BMDC_UP","71/4231","200/21355",1.47239193750439e-07,4.8505662414187e-07,9.62204445696955e-08
"GSE17721_POLYIC_VS_CPG_12H_BMDC_DN","GSE17721_POLYIC_VS_CPG_12H_BMDC_DN","71/4231","200/21355",1.47239193750439e-07,4.8505662414187e-07,9.62204445696955e-08
"GSE1925_CTRL_VS_IFNG_PRIMED_MACROPHAGE_24H_IFNG_STIM_DN","GSE1925_CTRL_VS_IFNG_PRIMED_MACROPHAGE_24H_IFNG_STIM_DN","71/4231","200/21355",1.47239193750439e-07,4.8505662414187e-07,9.62204445696955e-08
"GSE19772_CTRL_VS_HCMV_INF_MONOCYTES_UP","GSE19772_CTRL_VS_HCMV_INF_MONOCYTES_UP","71/4231","200/21355",1.47239193750439e-07,4.8505662414187e-07,9.62204445696955e-08
"GSE19825_NAIVE_VS_IL2RALOW_DAY3_EFF_CD8_TCELL_DN","GSE19825_NAIVE_VS_IL2RALOW_DAY3_EFF_CD8_TCELL_DN","71/4231","200/21355",1.47239193750439e-07,4.8505662414187e-07,9.62204445696955e-08
"GSE19888_CTRL_VS_T_CELL_MEMBRANES_ACT_MAST_CELL_UP","GSE19888_CTRL_VS_T_CELL_MEMBRANES_ACT_MAST_CELL_UP","71/4231","200/21355",1.47239193750439e-07,4.8505662414187e-07,9.62204445696955e-08
"GSE21033_CTRL_VS_POLYIC_STIM_DC_12H_DN","GSE21033_CTRL_VS_POLYIC_STIM_DC_12H_DN","71/4231","200/21355",1.47239193750439e-07,4.8505662414187e-07,9.62204445696955e-08
"GSE22140_GERMFREE_VS_SPF_ARTHRITIC_MOUSE_CD4_TCELL_UP","GSE22140_GERMFREE_VS_SPF_ARTHRITIC_MOUSE_CD4_TCELL_UP","71/4231","200/21355",1.47239193750439e-07,4.8505662414187e-07,9.62204445696955e-08
"GSE22601_DOUBLE_NEGATIVE_VS_DOUBLE_POSITIVE_THYMOCYTE_DN","GSE22601_DOUBLE_NEGATIVE_VS_DOUBLE_POSITIVE_THYMOCYTE_DN","71/4231","200/21355",1.47239193750439e-07,4.8505662414187e-07,9.62204445696955e-08
"GSE24814_STAT5_KO_VS_WT_PRE_BCELL_DN","GSE24814_STAT5_KO_VS_WT_PRE_BCELL_DN","71/4231","200/21355",1.47239193750439e-07,4.8505662414187e-07,9.62204445696955e-08
"GSE2770_UNTREATED_VS_IL4_TREATED_ACT_CD4_TCELL_2H_DN","GSE2770_UNTREATED_VS_IL4_TREATED_ACT_CD4_TCELL_2H_DN","71/4231","200/21355",1.47239193750439e-07,4.8505662414187e-07,9.62204445696955e-08
"GSE27786_LIN_NEG_VS_CD8_TCELL_DN","GSE27786_LIN_NEG_VS_CD8_TCELL_DN","71/4231","200/21355",1.47239193750439e-07,4.8505662414187e-07,9.62204445696955e-08
"GSE3039_ALPHAALPHA_CD8_TCELL_VS_B2_BCELL_DN","GSE3039_ALPHAALPHA_CD8_TCELL_VS_B2_BCELL_DN","71/4231","200/21355",1.47239193750439e-07,4.8505662414187e-07,9.62204445696955e-08
"GSE30971_CTRL_VS_LPS_STIM_MACROPHAGE_WBP7_HET_4H_UP","GSE30971_CTRL_VS_LPS_STIM_MACROPHAGE_WBP7_HET_4H_UP","71/4231","200/21355",1.47239193750439e-07,4.8505662414187e-07,9.62204445696955e-08
"GSE31082_DN_VS_CD4_SP_THYMOCYTE_UP","GSE31082_DN_VS_CD4_SP_THYMOCYTE_UP","71/4231","200/21355",1.47239193750439e-07,4.8505662414187e-07,9.62204445696955e-08
"GSE32423_IL7_VS_IL7_IL4_MEMORY_CD8_TCELL_UP","GSE32423_IL7_VS_IL7_IL4_MEMORY_CD8_TCELL_UP","71/4231","200/21355",1.47239193750439e-07,4.8505662414187e-07,9.62204445696955e-08
"GSE339_EX_VIVO_VS_IN_CULTURE_CD4CD8DN_DC_DN","GSE339_EX_VIVO_VS_IN_CULTURE_CD4CD8DN_DC_DN","71/4231","200/21355",1.47239193750439e-07,4.8505662414187e-07,9.62204445696955e-08
"GSE35825_UNTREATED_VS_IFNG_STIM_MACROPHAGE_UP","GSE35825_UNTREATED_VS_IFNG_STIM_MACROPHAGE_UP","71/4231","200/21355",1.47239193750439e-07,4.8505662414187e-07,9.62204445696955e-08
"GSE360_CTRL_VS_M_TUBERCULOSIS_DC_DN","GSE360_CTRL_VS_M_TUBERCULOSIS_DC_DN","71/4231","200/21355",1.47239193750439e-07,4.8505662414187e-07,9.62204445696955e-08
"GSE3691_CONVENTIONAL_VS_PLASMACYTOID_DC_SPLEEN_UP","GSE3691_CONVENTIONAL_VS_PLASMACYTOID_DC_SPLEEN_UP","71/4231","200/21355",1.47239193750439e-07,4.8505662414187e-07,9.62204445696955e-08
"GSE37301_COMMON_LYMPHOID_PROGENITOR_VS_CD4_TCELL_UP","GSE37301_COMMON_LYMPHOID_PROGENITOR_VS_CD4_TCELL_UP","71/4231","200/21355",1.47239193750439e-07,4.8505662414187e-07,9.62204445696955e-08
"GSE37533_PPARG1_FOXP3_VS_FOXP3_TRANSDUCED_CD4_TCELL_DN","GSE37533_PPARG1_FOXP3_VS_FOXP3_TRANSDUCED_CD4_TCELL_DN","71/4231","200/21355",1.47239193750439e-07,4.8505662414187e-07,9.62204445696955e-08
"GSE3982_MAST_CELL_VS_BCELL_UP","GSE3982_MAST_CELL_VS_BCELL_UP","71/4231","200/21355",1.47239193750439e-07,4.8505662414187e-07,9.62204445696955e-08
"GSE39820_CTRL_VS_TGFBETA3_IL6_IL23A_CD4_TCELL_UP","GSE39820_CTRL_VS_TGFBETA3_IL6_IL23A_CD4_TCELL_UP","71/4231","200/21355",1.47239193750439e-07,4.8505662414187e-07,9.62204445696955e-08
"GSE41867_LCMV_ARMSTRONG_VS_CLONE13_DAY8_EFFECTOR_CD8_TCELL_DN","GSE41867_LCMV_ARMSTRONG_VS_CLONE13_DAY8_EFFECTOR_CD8_TCELL_DN","71/4231","200/21355",1.47239193750439e-07,4.8505662414187e-07,9.62204445696955e-08
"GSE41867_LCMV_ARMSTRONG_VS_CLONE13_DAY8_EFFECTOR_CD8_TCELL_UP","GSE41867_LCMV_ARMSTRONG_VS_CLONE13_DAY8_EFFECTOR_CD8_TCELL_UP","71/4231","200/21355",1.47239193750439e-07,4.8505662414187e-07,9.62204445696955e-08
"GSE42021_CD24HI_TREG_VS_CD24HI_TCONV_THYMUS_DN","GSE42021_CD24HI_TREG_VS_CD24HI_TCONV_THYMUS_DN","71/4231","200/21355",1.47239193750439e-07,4.8505662414187e-07,9.62204445696955e-08
"GSE43863_TH1_VS_LY6C_LOW_CXCR5NEG_EFFECTOR_CD4_TCELL_DN","GSE43863_TH1_VS_LY6C_LOW_CXCR5NEG_EFFECTOR_CD4_TCELL_DN","71/4231","200/21355",1.47239193750439e-07,4.8505662414187e-07,9.62204445696955e-08
"GSE5099_UNSTIM_VS_MCSF_TREATED_MONOCYTE_DAY7_UP","GSE5099_UNSTIM_VS_MCSF_TREATED_MONOCYTE_DAY7_UP","71/4231","200/21355",1.47239193750439e-07,4.8505662414187e-07,9.62204445696955e-08
"GSE5142_CTRL_VS_HTERT_TRANSDUCED_CD8_TCELL_EARLY_PASSAGE_CLONE_UP","GSE5142_CTRL_VS_HTERT_TRANSDUCED_CD8_TCELL_EARLY_PASSAGE_CLONE_UP","71/4231","200/21355",1.47239193750439e-07,4.8505662414187e-07,9.62204445696955e-08
"GSE5542_IFNG_VS_IFNA_TREATED_EPITHELIAL_CELLS_24H_UP","GSE5542_IFNG_VS_IFNA_TREATED_EPITHELIAL_CELLS_24H_UP","71/4231","200/21355",1.47239193750439e-07,4.8505662414187e-07,9.62204445696955e-08
"GSE5542_UNTREATED_VS_IFNA_AND_IFNG_TREATED_EPITHELIAL_CELLS_24H_DN","GSE5542_UNTREATED_VS_IFNA_AND_IFNG_TREATED_EPITHELIAL_CELLS_24H_DN","71/4231","200/21355",1.47239193750439e-07,4.8505662414187e-07,9.62204445696955e-08
"GSE5589_LPS_VS_LPS_AND_IL10_STIM_IL6_KO_MACROPHAGE_45MIN_UP","GSE5589_LPS_VS_LPS_AND_IL10_STIM_IL6_KO_MACROPHAGE_45MIN_UP","71/4231","200/21355",1.47239193750439e-07,4.8505662414187e-07,9.62204445696955e-08
"GSE6674_PL2_3_VS_ANTI_IGM_AND_CPG_STIM_BCELL_UP","GSE6674_PL2_3_VS_ANTI_IGM_AND_CPG_STIM_BCELL_UP","71/4231","200/21355",1.47239193750439e-07,4.8505662414187e-07,9.62204445696955e-08
"GSE8868_SPLEEN_VS_INTESTINE_CD11B_POS_CD11C_NEG_DC_DN","GSE8868_SPLEEN_VS_INTESTINE_CD11B_POS_CD11C_NEG_DC_DN","71/4231","200/21355",1.47239193750439e-07,4.8505662414187e-07,9.62204445696955e-08
"GSE12507_PDC_CELL_LINE_VS_IMMATUE_T_CELL_LINE_UP","GSE12507_PDC_CELL_LINE_VS_IMMATUE_T_CELL_LINE_UP","58/4231","153/21355",1.57144405866112e-07,5.17355314367175e-07,1.02627519904448e-07
"LI_PBMC_MENACTRA_AGE_18_45YO_CORRELATED_WITH_ANTI_POLYSACCHARIDE_ANTIBODY_3DY_POSITIVE","LI_PBMC_MENACTRA_AGE_18_45YO_CORRELATED_WITH_ANTI_POLYSACCHARIDE_ANTIBODY_3DY_POSITIVE","30/4231","60/21355",1.58482504828813e-07,5.21144076498255e-07,1.03379094789682e-07
"GSE6259_FLT3L_INDUCED_33D1_POS_DC_VS_CD4_TCELL_UP","GSE6259_FLT3L_INDUCED_33D1_POS_DC_VS_CD4_TCELL_UP","63/4231","171/21355",1.58498559356375e-07,5.21144076498255e-07,1.03379094789682e-07
"GSE36826_WT_VS_IL1R_KO_SKIN_UP","GSE36826_WT_VS_IL1R_KO_SKIN_UP","70/4231","197/21355",1.72354370159977e-07,5.6561363728556e-07,1.12200499746976e-07
"GSE3982_MEMORY_CD4_TCELL_VS_BCELL_DN","GSE3982_MEMORY_CD4_TCELL_VS_BCELL_DN","70/4231","197/21355",1.72354370159977e-07,5.6561363728556e-07,1.12200499746976e-07
"GSE41176_UNSTIM_VS_ANTI_IGM_STIM_BCELL_3H_DN","GSE41176_UNSTIM_VS_ANTI_IGM_STIM_BCELL_3H_DN","70/4231","197/21355",1.72354370159977e-07,5.6561363728556e-07,1.12200499746976e-07
"GSE1925_CTRL_VS_24H_IFNG_STIM_MACROPHAGE_DN","GSE1925_CTRL_VS_24H_IFNG_STIM_MACROPHAGE_DN","69/4231","194/21355",2.01738642446437e-07,6.6119711072918e-07,1.31161346482204e-07
"GSE3400_UNTREATED_VS_IFNB_TREATED_MEF_UP","GSE3400_UNTREATED_VS_IFNB_TREATED_MEF_UP","69/4231","194/21355",2.01738642446437e-07,6.6119711072918e-07,1.31161346482204e-07
"GSE14000_UNSTIM_VS_4H_LPS_DC_TRANSLATED_RNA_UP","GSE14000_UNSTIM_VS_4H_LPS_DC_TRANSLATED_RNA_UP","70/4231","198/21355",2.15445121744351e-07,7.02973707232045e-07,1.39448549435521e-07
"GSE16266_LPS_VS_HEATSHOCK_AND_LPS_STIM_MEF_DN","GSE16266_LPS_VS_HEATSHOCK_AND_LPS_STIM_MEF_DN","70/4231","198/21355",2.15445121744351e-07,7.02973707232045e-07,1.39448549435521e-07
"GSE18791_UNSTIM_VS_NEWCATSLE_VIRUS_DC_18H_UP","GSE18791_UNSTIM_VS_NEWCATSLE_VIRUS_DC_18H_UP","70/4231","198/21355",2.15445121744351e-07,7.02973707232045e-07,1.39448549435521e-07
"GSE22886_NAIVE_CD4_TCELL_VS_NKCELL_DN","GSE22886_NAIVE_CD4_TCELL_VS_NKCELL_DN","70/4231","198/21355",2.15445121744351e-07,7.02973707232045e-07,1.39448549435521e-07
"GSE2770_TGFB_AND_IL4_VS_IL4_TREATED_ACT_CD4_TCELL_48H_UP","GSE2770_TGFB_AND_IL4_VS_IL4_TREATED_ACT_CD4_TCELL_48H_UP","70/4231","198/21355",2.15445121744351e-07,7.02973707232045e-07,1.39448549435521e-07
"GSE3982_BCELL_VS_EFF_MEMORY_CD4_TCELL_UP","GSE3982_BCELL_VS_EFF_MEMORY_CD4_TCELL_UP","70/4231","198/21355",2.15445121744351e-07,7.02973707232045e-07,1.39448549435521e-07
"GSE3982_CTRL_VS_LPS_4H_MAC_DN","GSE3982_CTRL_VS_LPS_4H_MAC_DN","70/4231","198/21355",2.15445121744351e-07,7.02973707232045e-07,1.39448549435521e-07
"GSE27859_DC_VS_CD11C_INT_F480_HI_MACROPHAGE_DN","GSE27859_DC_VS_CD11C_INT_F480_HI_MACROPHAGE_DN","59/4231","158/21355",2.26594370733801e-07,7.38882152914418e-07,1.46571690189401e-07
"GSE17974_0H_VS_6H_IN_VITRO_ACT_CD4_TCELL_UP","GSE17974_0H_VS_6H_IN_VITRO_ACT_CD4_TCELL_UP","68/4231","191/21355",2.36114513054086e-07,7.68947264240944e-07,1.52535691573763e-07
"GSE2706_UNSTIM_VS_2H_LPS_AND_R848_DC_DN","GSE2706_UNSTIM_VS_2H_LPS_AND_R848_DC_DN","68/4231","191/21355",2.36114513054086e-07,7.68947264240944e-07,1.52535691573763e-07
"GSE45365_WT_VS_IFNAR_KO_BCELL_MCMV_INFECTION_DN","GSE45365_WT_VS_IFNAR_KO_BCELL_MCMV_INFECTION_DN","69/4231","195/21355",2.52309833360302e-07,8.21168384638038e-07,1.62894769608055e-07
"GSE35825_UNTREATED_VS_IFNA_STIM_MACROPHAGE_UP","GSE35825_UNTREATED_VS_IFNA_STIM_MACROPHAGE_UP","63/4231","173/21355",2.57004886058341e-07,8.3591817635473e-07,1.65820678554874e-07
"GSE11961_MARGINAL_ZONE_BCELL_VS_GERMINAL_CENTER_BCELL_DAY40_UP","GSE11961_MARGINAL_ZONE_BCELL_VS_GERMINAL_CENTER_BCELL_DAY40_UP","70/4231","199/21355",2.68576635003752e-07,8.59378171678673e-07,1.70474426318171e-07
"GSE13306_TREG_VS_TCONV_SPLEEN_DN","GSE13306_TREG_VS_TCONV_SPLEEN_DN","70/4231","199/21355",2.68576635003752e-07,8.59378171678673e-07,1.70474426318171e-07
"GSE13493_DP_VS_CD4INTCD8POS_THYMOCYTE_DN","GSE13493_DP_VS_CD4INTCD8POS_THYMOCYTE_DN","70/4231","199/21355",2.68576635003752e-07,8.59378171678673e-07,1.70474426318171e-07
"GSE15330_MEGAKARYOCYTE_ERYTHROID_PROGENITOR_VS_PRO_BCELL_DN","GSE15330_MEGAKARYOCYTE_ERYTHROID_PROGENITOR_VS_PRO_BCELL_DN","70/4231","199/21355",2.68576635003752e-07,8.59378171678673e-07,1.70474426318171e-07
"GSE16386_IL4_VS_IL4_AND_ROSIGLITAZONE_STIM_MACROPHAGE_6H_UP","GSE16386_IL4_VS_IL4_AND_ROSIGLITAZONE_STIM_MACROPHAGE_6H_UP","70/4231","199/21355",2.68576635003752e-07,8.59378171678673e-07,1.70474426318171e-07
"GSE17721_4H_VS_24H_POLYIC_BMDC_UP","GSE17721_4H_VS_24H_POLYIC_BMDC_UP","70/4231","199/21355",2.68576635003752e-07,8.59378171678673e-07,1.70474426318171e-07
"GSE17721_PAM3CSK4_VS_CPG_1H_BMDC_DN","GSE17721_PAM3CSK4_VS_CPG_1H_BMDC_DN","70/4231","199/21355",2.68576635003752e-07,8.59378171678673e-07,1.70474426318171e-07
"GSE17974_0H_VS_2H_IN_VITRO_ACT_CD4_TCELL_UP","GSE17974_0H_VS_2H_IN_VITRO_ACT_CD4_TCELL_UP","70/4231","199/21355",2.68576635003752e-07,8.59378171678673e-07,1.70474426318171e-07
"GSE20198_IL12_VS_IFNA_TREATED_ACT_CD4_TCELL_DN","GSE20198_IL12_VS_IFNA_TREATED_ACT_CD4_TCELL_DN","70/4231","199/21355",2.68576635003752e-07,8.59378171678673e-07,1.70474426318171e-07
"GSE21546_WT_VS_ELK1_KO_DP_THYMOCYTES_UP","GSE21546_WT_VS_ELK1_KO_DP_THYMOCYTES_UP","70/4231","199/21355",2.68576635003752e-07,8.59378171678673e-07,1.70474426318171e-07
"GSE24574_BCL6_HIGH_VS_LOW_TFH_CD4_TCELL_UP","GSE24574_BCL6_HIGH_VS_LOW_TFH_CD4_TCELL_UP","70/4231","199/21355",2.68576635003752e-07,8.59378171678673e-07,1.70474426318171e-07
"GSE33425_CD161_HIGH_VS_NEG_CD8_TCELL_UP","GSE33425_CD161_HIGH_VS_NEG_CD8_TCELL_UP","70/4231","199/21355",2.68576635003752e-07,8.59378171678673e-07,1.70474426318171e-07
"GSE35685_CD34POS_CD38NEG_VS_CD34POS_CD10POS_BONE_MARROW_UP","GSE35685_CD34POS_CD38NEG_VS_CD34POS_CD10POS_BONE_MARROW_UP","70/4231","199/21355",2.68576635003752e-07,8.59378171678673e-07,1.70474426318171e-07
"GSE360_L_DONOVANI_VS_B_MALAYI_LOW_DOSE_MAC_DN","GSE360_L_DONOVANI_VS_B_MALAYI_LOW_DOSE_MAC_DN","70/4231","199/21355",2.68576635003752e-07,8.59378171678673e-07,1.70474426318171e-07
"GSE360_L_DONOVANI_VS_T_GONDII_MAC_UP","GSE360_L_DONOVANI_VS_T_GONDII_MAC_UP","70/4231","199/21355",2.68576635003752e-07,8.59378171678673e-07,1.70474426318171e-07
"GSE36009_UNSTIM_VS_LPS_STIM_NLRP10_KO_DC_UP","GSE36009_UNSTIM_VS_LPS_STIM_NLRP10_KO_DC_UP","70/4231","199/21355",2.68576635003752e-07,8.59378171678673e-07,1.70474426318171e-07
"GSE36392_EOSINOPHIL_VS_MAC_IL25_TREATED_LUNG_DN","GSE36392_EOSINOPHIL_VS_MAC_IL25_TREATED_LUNG_DN","70/4231","199/21355",2.68576635003752e-07,8.59378171678673e-07,1.70474426318171e-07
"GSE3982_DC_VS_TH2_DN","GSE3982_DC_VS_TH2_DN","70/4231","199/21355",2.68576635003752e-07,8.59378171678673e-07,1.70474426318171e-07
"GSE3982_EOSINOPHIL_VS_DC_UP","GSE3982_EOSINOPHIL_VS_DC_UP","70/4231","199/21355",2.68576635003752e-07,8.59378171678673e-07,1.70474426318171e-07
"GSE40273_EOS_KO_VS_WT_TREG_DN","GSE40273_EOS_KO_VS_WT_TREG_DN","70/4231","199/21355",2.68576635003752e-07,8.59378171678673e-07,1.70474426318171e-07
"GSE40443_INDUCED_VS_TOTAL_TREG_UP","GSE40443_INDUCED_VS_TOTAL_TREG_UP","70/4231","199/21355",2.68576635003752e-07,8.59378171678673e-07,1.70474426318171e-07
"GSE42021_CD24HI_VS_CD24LOW_TCONV_THYMUS_DN","GSE42021_CD24HI_VS_CD24LOW_TCONV_THYMUS_DN","70/4231","199/21355",2.68576635003752e-07,8.59378171678673e-07,1.70474426318171e-07
"GSE42724_NAIVE_VS_B1_BCELL_DN","GSE42724_NAIVE_VS_B1_BCELL_DN","70/4231","199/21355",2.68576635003752e-07,8.59378171678673e-07,1.70474426318171e-07
"GSE43863_DAY6_EFF_VS_DAY150_MEM_TFH_CD4_TCELL_UP","GSE43863_DAY6_EFF_VS_DAY150_MEM_TFH_CD4_TCELL_UP","70/4231","199/21355",2.68576635003752e-07,8.59378171678673e-07,1.70474426318171e-07
"GSE46606_DAY1_VS_DAY3_CD40L_IL2_IL5_STIMULATED_BCELL_DN","GSE46606_DAY1_VS_DAY3_CD40L_IL2_IL5_STIMULATED_BCELL_DN","70/4231","199/21355",2.68576635003752e-07,8.59378171678673e-07,1.70474426318171e-07
"GSE5589_LPS_VS_LPS_AND_IL6_STIM_MACROPHAGE_45MIN_DN","GSE5589_LPS_VS_LPS_AND_IL6_STIM_MACROPHAGE_45MIN_DN","70/4231","199/21355",2.68576635003752e-07,8.59378171678673e-07,1.70474426318171e-07
"GSE40274_CTRL_VS_GATA1_TRANSDUCED_ACTIVATED_CD4_TCELL_UP","GSE40274_CTRL_VS_GATA1_TRANSDUCED_ACTIVATED_CD4_TCELL_UP","56/4231","148/21355",2.74151370466486e-07,8.76668699320778e-07,1.73904339804068e-07
"GSE40274_CTRL_VS_FOXP3_AND_SATB1_TRANSDUCED_ACTIVATED_CD4_TCELL_UP","GSE40274_CTRL_VS_FOXP3_AND_SATB1_TRANSDUCED_ACTIVATED_CD4_TCELL_UP","61/4231","166/21355",2.74762227721503e-07,8.78074301309491e-07,1.74183168381003e-07
"GSE40274_CTRL_VS_FOXP3_AND_GATA1_TRANSDUCED_ACTIVATED_CD4_TCELL_UP","GSE40274_CTRL_VS_FOXP3_AND_GATA1_TRANSDUCED_ACTIVATED_CD4_TCELL_UP","54/4231","141/21355",2.82042554229592e-07,9.00778899053513e-07,1.78687068296957e-07
"GSE41867_NAIVE_VS_DAY30_LCMV_CLONE13_EXHAUSTED_CD8_TCELL_UP","GSE41867_NAIVE_VS_DAY30_LCMV_CLONE13_EXHAUSTED_CD8_TCELL_UP","68/4231","192/21355",2.954649345088e-07,9.4305931151439e-07,1.87074212974701e-07
"GSE7768_OVA_ALONE_VS_OVA_WITH_LPS_IMMUNIZED_MOUSE_WHOLE_SPLEEN_6H_DN","GSE7768_OVA_ALONE_VS_OVA_WITH_LPS_IMMUNIZED_MOUSE_WHOLE_SPLEEN_6H_DN","62/4231","170/21355",2.99926988414636e-07,9.56705502559693e-07,1.89781201197746e-07
"GSE21927_SPLENIC_C26GM_TUMOROUS_VS_4T1_TUMOR_MONOCYTES_DN","GSE21927_SPLENIC_C26GM_TUMOROUS_VS_4T1_TUMOR_MONOCYTES_DN","69/4231","196/21355",3.14685648341392e-07,1.00191219465713e-06,1.98748830531405e-07
"GSE27241_CTRL_VS_DIGOXIN_TREATED_CD4_TCELL_IN_TH17_POLARIZING_CONDITIONS_DN","GSE27241_CTRL_VS_DIGOXIN_TREATED_CD4_TCELL_IN_TH17_POLARIZING_CONDITIONS_DN","69/4231","196/21355",3.14685648341392e-07,1.00191219465713e-06,1.98748830531405e-07
"GSE9988_ANTI_TREM1_VS_ANTI_TREM1_AND_LPS_MONOCYTE_DN","GSE9988_ANTI_TREM1_VS_ANTI_TREM1_AND_LPS_MONOCYTE_DN","69/4231","196/21355",3.14685648341392e-07,1.00191219465713e-06,1.98748830531405e-07
"GSE9601_UNTREATED_VS_NFKB_INHIBITOR_TREATED_HCMV_INF_MONOCYTE_DN","GSE9601_UNTREATED_VS_NFKB_INHIBITOR_TREATED_HCMV_INF_MONOCYTE_DN","63/4231","174/21355",3.25660032097783e-07,1.01640964144121e-06,2.01624681937739e-07
"GSE10239_MEMORY_VS_DAY4.5_EFF_CD8_TCELL_DN","GSE10239_MEMORY_VS_DAY4.5_EFF_CD8_TCELL_DN","70/4231","200/21355",3.3391218029399e-07,1.01640964144121e-06,2.01624681937739e-07
"GSE10239_MEMORY_VS_KLRG1HIGH_EFF_CD8_TCELL_DN","GSE10239_MEMORY_VS_KLRG1HIGH_EFF_CD8_TCELL_DN","70/4231","200/21355",3.3391218029399e-07,1.01640964144121e-06,2.01624681937739e-07
"GSE10273_LOW_IL7_VS_HIGH_IL7_AND_IRF4_IN_IRF4_8_NULL_PRE_BCELL_DN","GSE10273_LOW_IL7_VS_HIGH_IL7_AND_IRF4_IN_IRF4_8_NULL_PRE_BCELL_DN","70/4231","200/21355",3.3391218029399e-07,1.01640964144121e-06,2.01624681937739e-07
"GSE10325_MYELOID_VS_LUPUS_MYELOID_DN","GSE10325_MYELOID_VS_LUPUS_MYELOID_DN","70/4231","200/21355",3.3391218029399e-07,1.01640964144121e-06,2.01624681937739e-07
"GSE12198_CTRL_VS_HIGH_IL2_STIM_NK_CELL_DN","GSE12198_CTRL_VS_HIGH_IL2_STIM_NK_CELL_DN","70/4231","200/21355",3.3391218029399e-07,1.01640964144121e-06,2.01624681937739e-07
"GSE12392_WT_VS_IFNB_KO_CD8A_POS_SPLEEN_DC_UP","GSE12392_WT_VS_IFNB_KO_CD8A_POS_SPLEEN_DC_UP","70/4231","200/21355",3.3391218029399e-07,1.01640964144121e-06,2.01624681937739e-07
"GSE13411_SWITCHED_MEMORY_BCELL_VS_PLASMA_CELL_UP","GSE13411_SWITCHED_MEMORY_BCELL_VS_PLASMA_CELL_UP","70/4231","200/21355",3.3391218029399e-07,1.01640964144121e-06,2.01624681937739e-07
"GSE14350_IL2RB_KO_VS_WT_TREG_DN","GSE14350_IL2RB_KO_VS_WT_TREG_DN","70/4231","200/21355",3.3391218029399e-07,1.01640964144121e-06,2.01624681937739e-07
"GSE15215_CD2_POS_VS_NEG_PDC_DN","GSE15215_CD2_POS_VS_NEG_PDC_DN","70/4231","200/21355",3.3391218029399e-07,1.01640964144121e-06,2.01624681937739e-07
"GSE15930_NAIVE_VS_72H_IN_VITRO_STIM_IL12_CD8_TCELL_DN","GSE15930_NAIVE_VS_72H_IN_VITRO_STIM_IL12_CD8_TCELL_DN","70/4231","200/21355",3.3391218029399e-07,1.01640964144121e-06,2.01624681937739e-07
"GSE16385_MONOCYTE_VS_12H_IL4_TREATED_MACROPHAGE_DN","GSE16385_MONOCYTE_VS_12H_IL4_TREATED_MACROPHAGE_DN","70/4231","200/21355",3.3391218029399e-07,1.01640964144121e-06,2.01624681937739e-07
"GSE17186_NAIVE_VS_CD21HIGH_TRANSITIONAL_BCELL_CORD_BLOOD_UP","GSE17186_NAIVE_VS_CD21HIGH_TRANSITIONAL_BCELL_CORD_BLOOD_UP","70/4231","200/21355",3.3391218029399e-07,1.01640964144121e-06,2.01624681937739e-07
"GSE17721_0.5H_VS_8H_PAM3CSK4_BMDC_UP","GSE17721_0.5H_VS_8H_PAM3CSK4_BMDC_UP","70/4231","200/21355",3.3391218029399e-07,1.01640964144121e-06,2.01624681937739e-07
"GSE17721_12H_VS_24H_POLYIC_BMDC_DN","GSE17721_12H_VS_24H_POLYIC_BMDC_DN","70/4231","200/21355",3.3391218029399e-07,1.01640964144121e-06,2.01624681937739e-07
"GSE17721_CTRL_VS_CPG_12H_BMDC_UP","GSE17721_CTRL_VS_CPG_12H_BMDC_UP","70/4231","200/21355",3.3391218029399e-07,1.01640964144121e-06,2.01624681937739e-07
"GSE17721_CTRL_VS_GARDIQUIMOD_0.5H_BMDC_UP","GSE17721_CTRL_VS_GARDIQUIMOD_0.5H_BMDC_UP","70/4231","200/21355",3.3391218029399e-07,1.01640964144121e-06,2.01624681937739e-07
"GSE17721_CTRL_VS_PAM3CSK4_8H_BMDC_UP","GSE17721_CTRL_VS_PAM3CSK4_8H_BMDC_UP","70/4231","200/21355",3.3391218029399e-07,1.01640964144121e-06,2.01624681937739e-07
"GSE17721_LPS_VS_CPG_12H_BMDC_DN","GSE17721_LPS_VS_CPG_12H_BMDC_DN","70/4231","200/21355",3.3391218029399e-07,1.01640964144121e-06,2.01624681937739e-07
"GSE17721_PAM3CSK4_VS_CPG_0.5H_BMDC_UP","GSE17721_PAM3CSK4_VS_CPG_0.5H_BMDC_UP","70/4231","200/21355",3.3391218029399e-07,1.01640964144121e-06,2.01624681937739e-07
"GSE17721_PAM3CSK4_VS_GADIQUIMOD_6H_BMDC_DN","GSE17721_PAM3CSK4_VS_GADIQUIMOD_6H_BMDC_DN","70/4231","200/21355",3.3391218029399e-07,1.01640964144121e-06,2.01624681937739e-07
"GSE17721_POLYIC_VS_GARDIQUIMOD_2H_BMDC_UP","GSE17721_POLYIC_VS_GARDIQUIMOD_2H_BMDC_UP","70/4231","200/21355",3.3391218029399e-07,1.01640964144121e-06,2.01624681937739e-07
"GSE17721_POLYIC_VS_PAM3CSK4_4H_BMDC_DN","GSE17721_POLYIC_VS_PAM3CSK4_4H_BMDC_DN","70/4231","200/21355",3.3391218029399e-07,1.01640964144121e-06,2.01624681937739e-07
"GSE19198_CTRL_VS_IL21_TREATED_TCELL_24H_UP","GSE19198_CTRL_VS_IL21_TREATED_TCELL_24H_UP","70/4231","200/21355",3.3391218029399e-07,1.01640964144121e-06,2.01624681937739e-07
"GSE1925_CTRL_VS_IFNG_PRIMED_MACROPHAGE_UP","GSE1925_CTRL_VS_IFNG_PRIMED_MACROPHAGE_UP","70/4231","200/21355",3.3391218029399e-07,1.01640964144121e-06,2.01624681937739e-07
"GSE19888_ADENOSINE_A3R_INH_VS_ACT_IN_MAST_CELL_UP","GSE19888_ADENOSINE_A3R_INH_VS_ACT_IN_MAST_CELL_UP","70/4231","200/21355",3.3391218029399e-07,1.01640964144121e-06,2.01624681937739e-07
"GSE19923_E2A_KO_VS_E2A_AND_HEB_KO_DP_THYMOCYTE_DN","GSE19923_E2A_KO_VS_E2A_AND_HEB_KO_DP_THYMOCYTE_DN","70/4231","200/21355",3.3391218029399e-07,1.01640964144121e-06,2.01624681937739e-07
"GSE19923_HEB_KO_VS_HEB_AND_E2A_KO_DP_THYMOCYTE_DN","GSE19923_HEB_KO_VS_HEB_AND_E2A_KO_DP_THYMOCYTE_DN","70/4231","200/21355",3.3391218029399e-07,1.01640964144121e-06,2.01624681937739e-07
"GSE20198_IL12_VS_IL12_IL18_TREATED_ACT_CD4_TCELL_DN","GSE20198_IL12_VS_IL12_IL18_TREATED_ACT_CD4_TCELL_DN","70/4231","200/21355",3.3391218029399e-07,1.01640964144121e-06,2.01624681937739e-07
"GSE21380_NON_TFH_VS_TFH_CD4_TCELL_DN","GSE21380_NON_TFH_VS_TFH_CD4_TCELL_DN","70/4231","200/21355",3.3391218029399e-07,1.01640964144121e-06,2.01624681937739e-07
"GSE22886_CTRL_VS_LPS_24H_DC_DN","GSE22886_CTRL_VS_LPS_24H_DC_DN","70/4231","200/21355",3.3391218029399e-07,1.01640964144121e-06,2.01624681937739e-07
"GSE22886_DAY1_VS_DAY7_MONOCYTE_IN_CULTURE_DN","GSE22886_DAY1_VS_DAY7_MONOCYTE_IN_CULTURE_DN","70/4231","200/21355",3.3391218029399e-07,1.01640964144121e-06,2.01624681937739e-07
"GSE22935_WT_VS_MYD88_KO_MACROPHAGE_12H_MBOVIS_BCG_STIM_DN","GSE22935_WT_VS_MYD88_KO_MACROPHAGE_12H_MBOVIS_BCG_STIM_DN","70/4231","200/21355",3.3391218029399e-07,1.01640964144121e-06,2.01624681937739e-07
"GSE23308_CTRL_VS_CORTICOSTERONE_TREATED_MACROPHAGE_MINERALCORTICOID_REC_KO_DN","GSE23308_CTRL_VS_CORTICOSTERONE_TREATED_MACROPHAGE_MINERALCORTICOID_REC_KO_DN","70/4231","200/21355",3.3391218029399e-07,1.01640964144121e-06,2.01624681937739e-07
"GSE23925_DARK_ZONE_VS_NAIVE_BCELL_DN","GSE23925_DARK_ZONE_VS_NAIVE_BCELL_DN","70/4231","200/21355",3.3391218029399e-07,1.01640964144121e-06,2.01624681937739e-07
"GSE24142_ADULT_VS_FETAL_DN2_THYMOCYTE_UP","GSE24142_ADULT_VS_FETAL_DN2_THYMOCYTE_UP","70/4231","200/21355",3.3391218029399e-07,1.01640964144121e-06,2.01624681937739e-07
"GSE26351_UNSTIM_VS_BMP_PATHWAY_STIM_HEMATOPOIETIC_PROGENITORS_UP","GSE26351_UNSTIM_VS_BMP_PATHWAY_STIM_HEMATOPOIETIC_PROGENITORS_UP","70/4231","200/21355",3.3391218029399e-07,1.01640964144121e-06,2.01624681937739e-07
"GSE26488_CTRL_VS_PEPTIDE_INJECTION_HDAC7_DELTAP_TG_OT2_THYMOCYTE_DN","GSE26488_CTRL_VS_PEPTIDE_INJECTION_HDAC7_DELTAP_TG_OT2_THYMOCYTE_DN","70/4231","200/21355",3.3391218029399e-07,1.01640964144121e-06,2.01624681937739e-07
"GSE2770_UNTREATED_VS_ACT_CD4_TCELL_6H_UP","GSE2770_UNTREATED_VS_ACT_CD4_TCELL_6H_UP","70/4231","200/21355",3.3391218029399e-07,1.01640964144121e-06,2.01624681937739e-07
"GSE27786_BCELL_VS_NKCELL_DN","GSE27786_BCELL_VS_NKCELL_DN","70/4231","200/21355",3.3391218029399e-07,1.01640964144121e-06,2.01624681937739e-07
"GSE29164_CD8_TCELL_VS_CD8_TCELL_AND_IL12_TREATED_MELANOMA_DAY3_DN","GSE29164_CD8_TCELL_VS_CD8_TCELL_AND_IL12_TREATED_MELANOMA_DAY3_DN","70/4231","200/21355",3.3391218029399e-07,1.01640964144121e-06,2.01624681937739e-07
"GSE30083_SP1_VS_SP4_THYMOCYTE_DN","GSE30083_SP1_VS_SP4_THYMOCYTE_DN","70/4231","200/21355",3.3391218029399e-07,1.01640964144121e-06,2.01624681937739e-07
"GSE3039_NKT_CELL_VS_B1_BCELL_DN","GSE3039_NKT_CELL_VS_B1_BCELL_DN","70/4231","200/21355",3.3391218029399e-07,1.01640964144121e-06,2.01624681937739e-07
"GSE31082_DP_VS_CD8_SP_THYMOCYTE_UP","GSE31082_DP_VS_CD8_SP_THYMOCYTE_UP","70/4231","200/21355",3.3391218029399e-07,1.01640964144121e-06,2.01624681937739e-07
"GSE32034_LY6C_HIGH_VS_LOW_MONOCYTE_DN","GSE32034_LY6C_HIGH_VS_LOW_MONOCYTE_DN","70/4231","200/21355",3.3391218029399e-07,1.01640964144121e-06,2.01624681937739e-07
"GSE32034_LY6C_HIGH_VS_LOW_MONOCYTE_UP","GSE32034_LY6C_HIGH_VS_LOW_MONOCYTE_UP","70/4231","200/21355",3.3391218029399e-07,1.01640964144121e-06,2.01624681937739e-07
"GSE32986_UNSTIM_VS_CURDLAN_HIGHDOSE_STIM_DC_DN","GSE32986_UNSTIM_VS_CURDLAN_HIGHDOSE_STIM_DC_DN","70/4231","200/21355",3.3391218029399e-07,1.01640964144121e-06,2.01624681937739e-07
"GSE33292_DN3_THYMOCYTE_VS_TCF1_KO_TCELL_LYMPHOMA_UP","GSE33292_DN3_THYMOCYTE_VS_TCF1_KO_TCELL_LYMPHOMA_UP","70/4231","200/21355",3.3391218029399e-07,1.01640964144121e-06,2.01624681937739e-07
"GSE36476_CTRL_VS_TSST_ACT_16H_MEMORY_CD4_TCELL_YOUNG_DN","GSE36476_CTRL_VS_TSST_ACT_16H_MEMORY_CD4_TCELL_YOUNG_DN","70/4231","200/21355",3.3391218029399e-07,1.01640964144121e-06,2.01624681937739e-07
"GSE36527_CD62L_HIGH_VS_CD62L_LOW_TREG_CD69_NEG_KLRG1_NEG_UP","GSE36527_CD62L_HIGH_VS_CD62L_LOW_TREG_CD69_NEG_KLRG1_NEG_UP","70/4231","200/21355",3.3391218029399e-07,1.01640964144121e-06,2.01624681937739e-07
"GSE3720_VD1_VS_VD2_GAMMADELTA_TCELL_WITH_PMA_STIM_UP","GSE3720_VD1_VS_VD2_GAMMADELTA_TCELL_WITH_PMA_STIM_UP","70/4231","200/21355",3.3391218029399e-07,1.01640964144121e-06,2.01624681937739e-07
"GSE37301_RAG2_KO_VS_RAG2_AND_ETS1_KO_NK_CELL_UP","GSE37301_RAG2_KO_VS_RAG2_AND_ETS1_KO_NK_CELL_UP","70/4231","200/21355",3.3391218029399e-07,1.01640964144121e-06,2.01624681937739e-07
"GSE37532_TREG_VS_TCONV_CD4_TCELL_FROM_LN_UP","GSE37532_TREG_VS_TCONV_CD4_TCELL_FROM_LN_UP","70/4231","200/21355",3.3391218029399e-07,1.01640964144121e-06,2.01624681937739e-07
"GSE37533_PPARG1_FOXP3_VS_PPARG2_FOXP3_TRANSDUCED_CD4_TCELL_DN","GSE37533_PPARG1_FOXP3_VS_PPARG2_FOXP3_TRANSDUCED_CD4_TCELL_DN","70/4231","200/21355",3.3391218029399e-07,1.01640964144121e-06,2.01624681937739e-07
"GSE39152_BRAIN_VS_SPLEEN_CD103_NEG_MEMORY_CD8_TCELL_DN","GSE39152_BRAIN_VS_SPLEEN_CD103_NEG_MEMORY_CD8_TCELL_DN","70/4231","200/21355",3.3391218029399e-07,1.01640964144121e-06,2.01624681937739e-07
"GSE39152_CD103_NEG_VS_POS_MEMORY_CD8_TCELL_UP","GSE39152_CD103_NEG_VS_POS_MEMORY_CD8_TCELL_UP","70/4231","200/21355",3.3391218029399e-07,1.01640964144121e-06,2.01624681937739e-07
"GSE3920_UNTREATED_VS_IFNB_TREATED_ENDOTHELIAL_CELL_UP","GSE3920_UNTREATED_VS_IFNB_TREATED_ENDOTHELIAL_CELL_UP","70/4231","200/21355",3.3391218029399e-07,1.01640964144121e-06,2.01624681937739e-07
"GSE40274_FOXP3_VS_FOXP3_AND_IRF4_TRANSDUCED_ACTIVATED_CD4_TCELL_UP","GSE40274_FOXP3_VS_FOXP3_AND_IRF4_TRANSDUCED_ACTIVATED_CD4_TCELL_UP","70/4231","200/21355",3.3391218029399e-07,1.01640964144121e-06,2.01624681937739e-07
"GSE40666_WT_VS_STAT4_KO_CD8_TCELL_WITH_IFNA_STIM_90MIN_UP","GSE40666_WT_VS_STAT4_KO_CD8_TCELL_WITH_IFNA_STIM_90MIN_UP","70/4231","200/21355",3.3391218029399e-07,1.01640964144121e-06,2.01624681937739e-07
"GSE411_UNSTIM_VS_100MIN_IL6_STIM_SOCS3_KO_MACROPHAGE_UP","GSE411_UNSTIM_VS_100MIN_IL6_STIM_SOCS3_KO_MACROPHAGE_UP","70/4231","200/21355",3.3391218029399e-07,1.01640964144121e-06,2.01624681937739e-07
"GSE41867_DAY15_EFFECTOR_VS_DAY30_EXHAUSTED_CD8_TCELL_LCMV_CLONE13_DN","GSE41867_DAY15_EFFECTOR_VS_DAY30_EXHAUSTED_CD8_TCELL_LCMV_CLONE13_DN","70/4231","200/21355",3.3391218029399e-07,1.01640964144121e-06,2.01624681937739e-07
"GSE41867_NAIVE_VS_DAY6_LCMV_ARMSTRONG_EFFECTOR_CD8_TCELL_DN","GSE41867_NAIVE_VS_DAY6_LCMV_ARMSTRONG_EFFECTOR_CD8_TCELL_DN","70/4231","200/21355",3.3391218029399e-07,1.01640964144121e-06,2.01624681937739e-07
"GSE43955_10H_VS_60H_ACT_CD4_TCELL_WITH_TGFB_IL6_UP","GSE43955_10H_VS_60H_ACT_CD4_TCELL_WITH_TGFB_IL6_UP","70/4231","200/21355",3.3391218029399e-07,1.01640964144121e-06,2.01624681937739e-07
"GSE44649_NAIVE_VS_ACTIVATED_CD8_TCELL_MIR155_KO_UP","GSE44649_NAIVE_VS_ACTIVATED_CD8_TCELL_MIR155_KO_UP","70/4231","200/21355",3.3391218029399e-07,1.01640964144121e-06,2.01624681937739e-07
"GSE46606_IRF4HIGH_VS_WT_CD40L_IL2_IL5_DAY1_STIMULATED_BCELL_UP","GSE46606_IRF4HIGH_VS_WT_CD40L_IL2_IL5_DAY1_STIMULATED_BCELL_UP","70/4231","200/21355",3.3391218029399e-07,1.01640964144121e-06,2.01624681937739e-07
"GSE5099_UNSTIM_VS_MCSF_TREATED_MONOCYTE_DAY3_DN","GSE5099_UNSTIM_VS_MCSF_TREATED_MONOCYTE_DAY3_DN","70/4231","200/21355",3.3391218029399e-07,1.01640964144121e-06,2.01624681937739e-07
"GSE5463_CTRL_VS_DEXAMETHASONE_TREATED_THYMOCYTE_UP","GSE5463_CTRL_VS_DEXAMETHASONE_TREATED_THYMOCYTE_UP","70/4231","200/21355",3.3391218029399e-07,1.01640964144121e-06,2.01624681937739e-07
"GSE5542_IFNA_VS_IFNA_AND_IFNG_TREATED_EPITHELIAL_CELLS_24H_DN","GSE5542_IFNA_VS_IFNA_AND_IFNG_TREATED_EPITHELIAL_CELLS_24H_DN","70/4231","200/21355",3.3391218029399e-07,1.01640964144121e-06,2.01624681937739e-07
"GSE5679_RARA_AGONIST_AM580_VS_AM580_AND_ROSIGLITAZONE_TREATED_DC_DN","GSE5679_RARA_AGONIST_AM580_VS_AM580_AND_ROSIGLITAZONE_TREATED_DC_DN","70/4231","200/21355",3.3391218029399e-07,1.01640964144121e-06,2.01624681937739e-07
"GSE7831_UNSTIM_VS_INFLUENZA_STIM_PDC_4H_UP","GSE7831_UNSTIM_VS_INFLUENZA_STIM_PDC_4H_UP","70/4231","200/21355",3.3391218029399e-07,1.01640964144121e-06,2.01624681937739e-07
"GSE7852_LN_VS_THYMUS_TREG_DN","GSE7852_LN_VS_THYMUS_TREG_DN","70/4231","200/21355",3.3391218029399e-07,1.01640964144121e-06,2.01624681937739e-07
"GSE7852_TREG_VS_TCONV_THYMUS_UP","GSE7852_TREG_VS_TCONV_THYMUS_UP","70/4231","200/21355",3.3391218029399e-07,1.01640964144121e-06,2.01624681937739e-07
"GSE8921_UNSTIM_VS_TLR1_2_STIM_MONOCYTE_6H_DN","GSE8921_UNSTIM_VS_TLR1_2_STIM_MONOCYTE_6H_DN","70/4231","200/21355",3.3391218029399e-07,1.01640964144121e-06,2.01624681937739e-07
"GSE9650_GP33_VS_GP276_LCMV_SPECIFIC_EXHAUSTED_CD8_TCELL_DN","GSE9650_GP33_VS_GP276_LCMV_SPECIFIC_EXHAUSTED_CD8_TCELL_DN","70/4231","200/21355",3.3391218029399e-07,1.01640964144121e-06,2.01624681937739e-07
"GSE29617_DAY3_VS_DAY7_TIV_FLU_VACCINE_PBMC_2008_UP","GSE29617_DAY3_VS_DAY7_TIV_FLU_VACCINE_PBMC_2008_UP","67/4231","189/21355",3.45980089168582e-07,1.05251865701967e-06,2.08787609643511e-07
"GSE17974_0H_VS_72H_IN_VITRO_ACT_CD4_TCELL_UP","GSE17974_0H_VS_72H_IN_VITRO_ACT_CD4_TCELL_UP","68/4231","193/21355",3.68694543024884e-07,1.11962572721893e-06,2.2209960623724e-07
"GSE21678_WT_VS_FOXO1_FOXO3_KO_TREG_UP","GSE21678_WT_VS_FOXO1_FOXO3_KO_TREG_UP","68/4231","193/21355",3.68694543024884e-07,1.11962572721893e-06,2.2209960623724e-07
"GSE2770_IL12_ACT_VS_ACT_CD4_TCELL_2H_UP","GSE2770_IL12_ACT_VS_ACT_CD4_TCELL_2H_UP","68/4231","193/21355",3.68694543024884e-07,1.11962572721893e-06,2.2209960623724e-07
"GSE7768_OVA_WITH_LPS_VS_OVA_WITH_MPL_IMMUNIZED_MOUSE_WHOLE_SPLEEN_6H_UP","GSE7768_OVA_WITH_LPS_VS_OVA_WITH_MPL_IMMUNIZED_MOUSE_WHOLE_SPLEEN_6H_UP","62/4231","171/21355",3.80372516869787e-07,1.15440469003821e-06,2.28998692029675e-07
"GSE11864_CSF1_VS_CSF1_PAM3CYS_IN_MAC_UP","GSE11864_CSF1_VS_CSF1_PAM3CYS_IN_MAC_UP","69/4231","197/21355",3.91411102986066e-07,1.18230601880175e-06,2.34533464928537e-07
"GSE14000_UNSTIM_VS_4H_LPS_DC_TRANSLATED_RNA_DN","GSE14000_UNSTIM_VS_4H_LPS_DC_TRANSLATED_RNA_DN","69/4231","197/21355",3.91411102986066e-07,1.18230601880175e-06,2.34533464928537e-07
"GSE1460_INTRATHYMIC_T_PROGENITOR_VS_DP_THYMOCYTE_DN","GSE1460_INTRATHYMIC_T_PROGENITOR_VS_DP_THYMOCYTE_DN","69/4231","197/21355",3.91411102986066e-07,1.18230601880175e-06,2.34533464928537e-07
"GSE18791_UNSTIM_VS_NEWCATSLE_VIRUS_DC_10H_DN","GSE18791_UNSTIM_VS_NEWCATSLE_VIRUS_DC_10H_DN","69/4231","197/21355",3.91411102986066e-07,1.18230601880175e-06,2.34533464928537e-07
"GSE20500_CTRL_VS_RARA_ANTAGONIST_TREATED_CD4_TCELL_DN","GSE20500_CTRL_VS_RARA_ANTAGONIST_TREATED_CD4_TCELL_DN","69/4231","197/21355",3.91411102986066e-07,1.18230601880175e-06,2.34533464928537e-07
"GSE22033_UNTREATED_VS_MRL24_TREATED_MEF_DN","GSE22033_UNTREATED_VS_MRL24_TREATED_MEF_DN","69/4231","197/21355",3.91411102986066e-07,1.18230601880175e-06,2.34533464928537e-07
"GSE22886_NAIVE_CD8_TCELL_VS_NKCELL_DN","GSE22886_NAIVE_CD8_TCELL_VS_NKCELL_DN","69/4231","197/21355",3.91411102986066e-07,1.18230601880175e-06,2.34533464928537e-07
"GSE37416_0H_VS_3H_F_TULARENSIS_LVS_NEUTROPHIL_DN","GSE37416_0H_VS_3H_F_TULARENSIS_LVS_NEUTROPHIL_DN","69/4231","197/21355",3.91411102986066e-07,1.18230601880175e-06,2.34533464928537e-07
"GSE3565_CTRL_VS_LPS_INJECTED_SPLENOCYTES_DN","GSE3565_CTRL_VS_LPS_INJECTED_SPLENOCYTES_DN","63/4231","175/21355",4.1133200391426e-07,1.24101698179193e-06,2.46179929854202e-07
"GSE4590_SMALL_VS_LARGE_PRE_BCELL_UP","GSE4590_SMALL_VS_LARGE_PRE_BCELL_UP","63/4231","175/21355",4.1133200391426e-07,1.24101698179193e-06,2.46179929854202e-07
"GSE3565_DUSP1_VS_WT_SPLENOCYTES_DN","GSE3565_DUSP1_VS_WT_SPLENOCYTES_DN","64/4231","179/21355",4.42689274382967e-07,1.33483836499241e-06,2.64791231612351e-07
"GSE17974_CTRL_VS_ACT_IL4_AND_ANTI_IL12_12H_CD4_TCELL_UP","GSE17974_CTRL_VS_ACT_IL4_AND_ANTI_IL12_12H_CD4_TCELL_UP","68/4231","194/21355",4.58797727464039e-07,1.38259679657887e-06,2.74265048256605e-07
"GSE13411_IGM_VS_SWITCHED_MEMORY_BCELL_DN","GSE13411_IGM_VS_SWITCHED_MEMORY_BCELL_DN","69/4231","198/21355",4.85532441789772e-07,1.45546157696747e-06,2.88719198995949e-07
"GSE13411_NAIVE_VS_MEMORY_BCELL_DN","GSE13411_NAIVE_VS_MEMORY_BCELL_DN","69/4231","198/21355",4.85532441789772e-07,1.45546157696747e-06,2.88719198995949e-07
"GSE17721_CTRL_VS_GARDIQUIMOD_12H_BMDC_DN","GSE17721_CTRL_VS_GARDIQUIMOD_12H_BMDC_DN","69/4231","198/21355",4.85532441789772e-07,1.45546157696747e-06,2.88719198995949e-07
"GSE22886_NAIVE_BCELL_VS_BM_PLASMA_CELL_DN","GSE22886_NAIVE_BCELL_VS_BM_PLASMA_CELL_DN","69/4231","198/21355",4.85532441789772e-07,1.45546157696747e-06,2.88719198995949e-07
"GSE29949_DC_BRAIN_VS_MONOCYTE_BONE_MARROW_DN","GSE29949_DC_BRAIN_VS_MONOCYTE_BONE_MARROW_DN","69/4231","198/21355",4.85532441789772e-07,1.45546157696747e-06,2.88719198995949e-07
"GSE39022_LN_VS_SPLEEN_DC_DN","GSE39022_LN_VS_SPLEEN_DC_DN","69/4231","198/21355",4.85532441789772e-07,1.45546157696747e-06,2.88719198995949e-07
"GSE3982_BCELL_VS_CENT_MEMORY_CD4_TCELL_UP","GSE3982_BCELL_VS_CENT_MEMORY_CD4_TCELL_UP","69/4231","198/21355",4.85532441789772e-07,1.45546157696747e-06,2.88719198995949e-07
"GSE3982_NEUTROPHIL_VS_TH2_DN","GSE3982_NEUTROPHIL_VS_TH2_DN","69/4231","198/21355",4.85532441789772e-07,1.45546157696747e-06,2.88719198995949e-07
"GSE42021_CD24INT_VS_CD24LOW_TCONV_THYMUS_UP","GSE42021_CD24INT_VS_CD24LOW_TCONV_THYMUS_UP","69/4231","198/21355",4.85532441789772e-07,1.45546157696747e-06,2.88719198995949e-07
"GSE7218_IGM_VS_IGG_SIGNAL_THGOUGH_ANTIGEN_BCELL_UP","GSE7218_IGM_VS_IGG_SIGNAL_THGOUGH_ANTIGEN_BCELL_UP","66/4231","187/21355",5.06042741925985e-07,1.51605791648895e-06,3.00739665139193e-07
"GSE34156_UNTREATED_VS_6H_NOD2_LIGAND_TREATED_MONOCYTE_DN","GSE34156_UNTREATED_VS_6H_NOD2_LIGAND_TREATED_MONOCYTE_DN","63/4231","176/21355",5.17900242148202e-07,1.55067560820776e-06,3.07606759662545e-07
"GSE37301_HEMATOPOIETIC_STEM_CELL_VS_MULTIPOTENT_PROGENITOR_DN","GSE37301_HEMATOPOIETIC_STEM_CELL_VS_MULTIPOTENT_PROGENITOR_DN","60/4231","165/21355",5.18669226115553e-07,1.55207148456995e-06,3.07883658971717e-07
"NAKAYA_MONOCYTE_FLUARIX_FLUVIRIN_AGE_18_50YO_7DY_DN","NAKAYA_MONOCYTE_FLUARIX_FLUVIRIN_AGE_18_50YO_7DY_DN","40/4231","95/21355",5.55525813847538e-07,1.66139166965139e-06,3.29569450455519e-07
"GSE10325_LUPUS_BCELL_VS_LUPUS_MYELOID_UP","GSE10325_LUPUS_BCELL_VS_LUPUS_MYELOID_UP","68/4231","195/21355",5.69358174700668e-07,1.69978450991009e-06,3.371854193427e-07
"GSE1791_CTRL_VS_NEUROMEDINU_IN_T_CELL_LINE_3H_DN","GSE1791_CTRL_VS_NEUROMEDINU_IN_T_CELL_LINE_3H_DN","68/4231","195/21355",5.69358174700668e-07,1.69978450991009e-06,3.371854193427e-07
"GSE9988_ANTI_TREM1_AND_LPS_VS_VEHICLE_TREATED_MONOCYTES_UP","GSE9988_ANTI_TREM1_AND_LPS_VS_VEHICLE_TREATED_MONOCYTES_UP","68/4231","195/21355",5.69358174700668e-07,1.69978450991009e-06,3.371854193427e-07
"GSE1460_INTRATHYMIC_T_PROGENITOR_VS_CD4_THYMOCYTE_UP","GSE1460_INTRATHYMIC_T_PROGENITOR_VS_CD4_THYMOCYTE_UP","69/4231","199/21355",6.00685908468515e-07,1.76453637066453e-06,3.50030214194291e-07
"GSE14699_NAIVE_VS_ACT_CD8_TCELL_UP","GSE14699_NAIVE_VS_ACT_CD8_TCELL_UP","69/4231","199/21355",6.00685908468515e-07,1.76453637066453e-06,3.50030214194291e-07
"GSE17721_CPG_VS_GARDIQUIMOD_16H_BMDC_DN","GSE17721_CPG_VS_GARDIQUIMOD_16H_BMDC_DN","69/4231","199/21355",6.00685908468515e-07,1.76453637066453e-06,3.50030214194291e-07
"GSE17721_LPS_VS_GARDIQUIMOD_12H_BMDC_DN","GSE17721_LPS_VS_GARDIQUIMOD_12H_BMDC_DN","69/4231","199/21355",6.00685908468515e-07,1.76453637066453e-06,3.50030214194291e-07
"GSE17721_LPS_VS_GARDIQUIMOD_12H_BMDC_UP","GSE17721_LPS_VS_GARDIQUIMOD_12H_BMDC_UP","69/4231","199/21355",6.00685908468515e-07,1.76453637066453e-06,3.50030214194291e-07
"GSE17721_PAM3CSK4_VS_CPG_16H_BMDC_DN","GSE17721_PAM3CSK4_VS_CPG_16H_BMDC_DN","69/4231","199/21355",6.00685908468515e-07,1.76453637066453e-06,3.50030214194291e-07
"GSE19825_NAIVE_VS_DAY3_EFF_CD8_TCELL_DN","GSE19825_NAIVE_VS_DAY3_EFF_CD8_TCELL_DN","69/4231","199/21355",6.00685908468515e-07,1.76453637066453e-06,3.50030214194291e-07
"GSE19941_UNSTIM_VS_LPS_AND_IL10_STIM_IL10_KO_NFKBP50_KO_MACROPHAGE_DN","GSE19941_UNSTIM_VS_LPS_AND_IL10_STIM_IL10_KO_NFKBP50_KO_MACROPHAGE_DN","69/4231","199/21355",6.00685908468515e-07,1.76453637066453e-06,3.50030214194291e-07
"GSE21774_CD62L_POS_CD56_DIM_VS_CD62L_NEG_CD56_DIM_NK_CELL_UP","GSE21774_CD62L_POS_CD56_DIM_VS_CD62L_NEG_CD56_DIM_NK_CELL_UP","69/4231","199/21355",6.00685908468515e-07,1.76453637066453e-06,3.50030214194291e-07
"GSE2405_HEAT_KILLED_VS_LIVE_A_PHAGOCYTOPHILUM_STIM_NEUTROPHIL_9H_UP","GSE2405_HEAT_KILLED_VS_LIVE_A_PHAGOCYTOPHILUM_STIM_NEUTROPHIL_9H_UP","69/4231","199/21355",6.00685908468515e-07,1.76453637066453e-06,3.50030214194291e-07
"GSE25088_WT_VS_STAT6_KO_MACROPHAGE_ROSIGLITAZONE_AND_IL4_STIM_UP","GSE25088_WT_VS_STAT6_KO_MACROPHAGE_ROSIGLITAZONE_AND_IL4_STIM_UP","69/4231","199/21355",6.00685908468515e-07,1.76453637066453e-06,3.50030214194291e-07
"GSE25123_ROSIGLITAZONE_VS_IL4_AND_ROSIGLITAZONE_STIM_MACROPHAGE_DAY10_UP","GSE25123_ROSIGLITAZONE_VS_IL4_AND_ROSIGLITAZONE_STIM_MACROPHAGE_DAY10_UP","69/4231","199/21355",6.00685908468515e-07,1.76453637066453e-06,3.50030214194291e-07
"GSE25123_WT_VS_PPARG_KO_MACROPHAGE_DN","GSE25123_WT_VS_PPARG_KO_MACROPHAGE_DN","69/4231","199/21355",6.00685908468515e-07,1.76453637066453e-06,3.50030214194291e-07
"GSE26030_TH1_VS_TH17_RESTIMULATED_DAY15_POST_POLARIZATION_DN","GSE26030_TH1_VS_TH17_RESTIMULATED_DAY15_POST_POLARIZATION_DN","69/4231","199/21355",6.00685908468515e-07,1.76453637066453e-06,3.50030214194291e-07
"GSE26351_WNT_VS_BMP_PATHWAY_STIM_HEMATOPOIETIC_PROGENITORS_UP","GSE26351_WNT_VS_BMP_PATHWAY_STIM_HEMATOPOIETIC_PROGENITORS_UP","69/4231","199/21355",6.00685908468515e-07,1.76453637066453e-06,3.50030214194291e-07
"GSE360_CTRL_VS_T_GONDII_DC_UP","GSE360_CTRL_VS_T_GONDII_DC_UP","69/4231","199/21355",6.00685908468515e-07,1.76453637066453e-06,3.50030214194291e-07
"GSE360_LOW_DOSE_B_MALAYI_VS_M_TUBERCULOSIS_MAC_DN","GSE360_LOW_DOSE_B_MALAYI_VS_M_TUBERCULOSIS_MAC_DN","69/4231","199/21355",6.00685908468515e-07,1.76453637066453e-06,3.50030214194291e-07
"GSE37533_PPARG1_FOXP3_VS_PPARG2_FOXP3_TRANSDUCED_CD4_TCELL_PIOGLITAZONE_TREATED_DN","GSE37533_PPARG1_FOXP3_VS_PPARG2_FOXP3_TRANSDUCED_CD4_TCELL_PIOGLITAZONE_TREATED_DN","69/4231","199/21355",6.00685908468515e-07,1.76453637066453e-06,3.50030214194291e-07
"GSE39556_CD8A_DC_VS_NK_CELL_DN","GSE39556_CD8A_DC_VS_NK_CELL_DN","69/4231","199/21355",6.00685908468515e-07,1.76453637066453e-06,3.50030214194291e-07
"GSE3982_EOSINOPHIL_VS_MAC_DN","GSE3982_EOSINOPHIL_VS_MAC_DN","69/4231","199/21355",6.00685908468515e-07,1.76453637066453e-06,3.50030214194291e-07
"GSE3982_MAST_CELL_VS_EFF_MEMORY_CD4_TCELL_UP","GSE3982_MAST_CELL_VS_EFF_MEMORY_CD4_TCELL_UP","69/4231","199/21355",6.00685908468515e-07,1.76453637066453e-06,3.50030214194291e-07
"GSE3982_NEUTROPHIL_VS_TH1_DN","GSE3982_NEUTROPHIL_VS_TH1_DN","69/4231","199/21355",6.00685908468515e-07,1.76453637066453e-06,3.50030214194291e-07
"GSE39820_CTRL_VS_IL1B_IL6_CD4_TCELL_UP","GSE39820_CTRL_VS_IL1B_IL6_CD4_TCELL_UP","69/4231","199/21355",6.00685908468515e-07,1.76453637066453e-06,3.50030214194291e-07
"GSE41867_MEMORY_VS_EXHAUSTED_CD8_TCELL_DAY30_LCMV_UP","GSE41867_MEMORY_VS_EXHAUSTED_CD8_TCELL_DAY30_LCMV_UP","69/4231","199/21355",6.00685908468515e-07,1.76453637066453e-06,3.50030214194291e-07
"GSE43863_DAY6_EFF_VS_DAY150_MEM_TH1_CD4_TCELL_DN","GSE43863_DAY6_EFF_VS_DAY150_MEM_TH1_CD4_TCELL_DN","69/4231","199/21355",6.00685908468515e-07,1.76453637066453e-06,3.50030214194291e-07
"GSE43863_TFH_VS_LY6C_LOW_CXCR5NEG_EFFECTOR_CD4_TCELL_DN","GSE43863_TFH_VS_LY6C_LOW_CXCR5NEG_EFFECTOR_CD4_TCELL_DN","69/4231","199/21355",6.00685908468515e-07,1.76453637066453e-06,3.50030214194291e-07
"GSE46242_TH1_VS_ANERGIC_TH1_CD4_TCELL_WITH_EGR2_DELETED_UP","GSE46242_TH1_VS_ANERGIC_TH1_CD4_TCELL_WITH_EGR2_DELETED_UP","69/4231","199/21355",6.00685908468515e-07,1.76453637066453e-06,3.50030214194291e-07
"GSE5589_IL6_KO_VS_IL10_KO_LPS_STIM_MACROPHAGE_45MIN_DN","GSE5589_IL6_KO_VS_IL10_KO_LPS_STIM_MACROPHAGE_45MIN_DN","69/4231","199/21355",6.00685908468515e-07,1.76453637066453e-06,3.50030214194291e-07
"GSE33292_DN3_THYMOCYTE_VS_TCELL_LYMPHOMA_FROM_TCF1_KO_UP","GSE33292_DN3_THYMOCYTE_VS_TCELL_LYMPHOMA_FROM_TCF1_KO_UP","62/4231","173/21355",6.05830336623815e-07,1.77862904097003e-06,3.52825770289146e-07
"NAKAYA_PBMC_FLUARIX_FLUVIRIN_AGE_18_50YO_3DY_DN","NAKAYA_PBMC_FLUARIX_FLUVIRIN_AGE_18_50YO_3DY_DN","128/4231","433/21355",6.36135817503591e-07,1.86653245593784e-06,3.70263127592244e-07
"GSE19888_ADENOSINE_A3R_ACT_VS_A3R_ACT_WITH_A3R_INH_PRETREATMENT_IN_MAST_CELL_UP","GSE19888_ADENOSINE_A3R_ACT_VS_A3R_ACT_WITH_A3R_INH_PRETREATMENT_IN_MAST_CELL_UP","68/4231","196/21355",7.04652954329052e-07,2.06520928753043e-06,4.09674553207466e-07
"GSE9988_LPS_VS_VEHICLE_TREATED_MONOCYTE_UP","GSE9988_LPS_VS_VEHICLE_TREATED_MONOCYTE_UP","68/4231","196/21355",7.04652954329052e-07,2.06520928753043e-06,4.09674553207466e-07
"NAKAYA_MYELOID_DENDRITIC_CELL_FLUARIX_FLUVIRIN_AGE_18_50YO_7DY_DN","NAKAYA_MYELOID_DENDRITIC_CELL_FLUARIX_FLUVIRIN_AGE_18_50YO_7DY_DN","87/4231","269/21355",7.21764332180605e-07,2.09448335955721e-06,4.15481636514009e-07
"GSE7509_FCGRIIB_VS_TNFA_IL1B_IL6_PGE_STIM_DC_UP","GSE7509_FCGRIIB_VS_TNFA_IL1B_IL6_PGE_STIM_DC_UP","65/4231","185/21355",7.38764878070739e-07,2.09448335955721e-06,4.15481636514009e-07
"GSE10240_IL22_VS_IL17_STIM_PRIMARY_BRONCHIAL_EPITHELIAL_CELLS_UP","GSE10240_IL22_VS_IL17_STIM_PRIMARY_BRONCHIAL_EPITHELIAL_CELLS_UP","69/4231","200/21355",7.41200314911585e-07,2.09448335955721e-06,4.15481636514009e-07
"GSE11961_GERMINAL_CENTER_BCELL_DAY7_VS_PLASMA_CELL_DAY7_DN","GSE11961_GERMINAL_CENTER_BCELL_DAY7_VS_PLASMA_CELL_DAY7_DN","69/4231","200/21355",7.41200314911585e-07,2.09448335955721e-06,4.15481636514009e-07
"GSE11961_GERMINAL_CENTER_BCELL_DAY7_VS_PLASMA_CELL_DAY7_UP","GSE11961_GERMINAL_CENTER_BCELL_DAY7_VS_PLASMA_CELL_DAY7_UP","69/4231","200/21355",7.41200314911585e-07,2.09448335955721e-06,4.15481636514009e-07
"GSE11961_MEMORY_BCELL_DAY7_VS_GERMINAL_CENTER_BCELL_DAY7_UP","GSE11961_MEMORY_BCELL_DAY7_VS_GERMINAL_CENTER_BCELL_DAY7_UP","69/4231","200/21355",7.41200314911585e-07,2.09448335955721e-06,4.15481636514009e-07
"GSE13522_CTRL_VS_T_CRUZI_Y_STRAIN_INF_SKIN_IFNAR_KO_UP","GSE13522_CTRL_VS_T_CRUZI_Y_STRAIN_INF_SKIN_IFNAR_KO_UP","69/4231","200/21355",7.41200314911585e-07,2.09448335955721e-06,4.15481636514009e-07
"GSE13522_WT_VS_IFNAR_KO_SKING_T_CRUZI_Y_STRAIN_INF_UP","GSE13522_WT_VS_IFNAR_KO_SKING_T_CRUZI_Y_STRAIN_INF_UP","69/4231","200/21355",7.41200314911585e-07,2.09448335955721e-06,4.15481636514009e-07
"GSE14308_TH2_VS_TH1_DN","GSE14308_TH2_VS_TH1_DN","69/4231","200/21355",7.41200314911585e-07,2.09448335955721e-06,4.15481636514009e-07
"GSE14908_ATOPIC_VS_NONATOPIC_PATIENT_RESTING_CD4_TCELL_UP","GSE14908_ATOPIC_VS_NONATOPIC_PATIENT_RESTING_CD4_TCELL_UP","69/4231","200/21355",7.41200314911585e-07,2.09448335955721e-06,4.15481636514009e-07
"GSE14908_RESTING_VS_HDM_STIM_CD4_TCELL_NONATOPIC_PATIENT_DN","GSE14908_RESTING_VS_HDM_STIM_CD4_TCELL_NONATOPIC_PATIENT_DN","69/4231","200/21355",7.41200314911585e-07,2.09448335955721e-06,4.15481636514009e-07
"GSE15930_NAIVE_VS_48H_IN_VITRO_STIM_CD8_TCELL_DN","GSE15930_NAIVE_VS_48H_IN_VITRO_STIM_CD8_TCELL_DN","69/4231","200/21355",7.41200314911585e-07,2.09448335955721e-06,4.15481636514009e-07
"GSE16385_MONOCYTE_VS_12H_ROSIGLITAZONE_IL4_TREATED_MACROPHAGE_DN","GSE16385_MONOCYTE_VS_12H_ROSIGLITAZONE_IL4_TREATED_MACROPHAGE_DN","69/4231","200/21355",7.41200314911585e-07,2.09448335955721e-06,4.15481636514009e-07
"GSE17580_TREG_VS_TEFF_DN","GSE17580_TREG_VS_TEFF_DN","69/4231","200/21355",7.41200314911585e-07,2.09448335955721e-06,4.15481636514009e-07
"GSE17580_UNINFECTED_VS_S_MANSONI_INF_TEFF_DN","GSE17580_UNINFECTED_VS_S_MANSONI_INF_TEFF_DN","69/4231","200/21355",7.41200314911585e-07,2.09448335955721e-06,4.15481636514009e-07
"GSE17721_4H_VS_24H_POLYIC_BMDC_DN","GSE17721_4H_VS_24H_POLYIC_BMDC_DN","69/4231","200/21355",7.41200314911585e-07,2.09448335955721e-06,4.15481636514009e-07
"GSE17721_CTRL_VS_GARDIQUIMOD_2H_BMDC_UP","GSE17721_CTRL_VS_GARDIQUIMOD_2H_BMDC_UP","69/4231","200/21355",7.41200314911585e-07,2.09448335955721e-06,4.15481636514009e-07
"GSE17721_CTRL_VS_PAM3CSK4_6H_BMDC_DN","GSE17721_CTRL_VS_PAM3CSK4_6H_BMDC_DN","69/4231","200/21355",7.41200314911585e-07,2.09448335955721e-06,4.15481636514009e-07
"GSE17721_PAM3CSK4_VS_CPG_8H_BMDC_UP","GSE17721_PAM3CSK4_VS_CPG_8H_BMDC_UP","69/4231","200/21355",7.41200314911585e-07,2.09448335955721e-06,4.15481636514009e-07
"GSE17721_PAM3CSK4_VS_GADIQUIMOD_6H_BMDC_UP","GSE17721_PAM3CSK4_VS_GADIQUIMOD_6H_BMDC_UP","69/4231","200/21355",7.41200314911585e-07,2.09448335955721e-06,4.15481636514009e-07
"GSE17721_POLYIC_VS_CPG_2H_BMDC_UP","GSE17721_POLYIC_VS_CPG_2H_BMDC_UP","69/4231","200/21355",7.41200314911585e-07,2.09448335955721e-06,4.15481636514009e-07
"GSE19401_PAM2CSK4_VS_RETINOIC_ACID_STIM_FOLLICULAR_DC_UP","GSE19401_PAM2CSK4_VS_RETINOIC_ACID_STIM_FOLLICULAR_DC_UP","69/4231","200/21355",7.41200314911585e-07,2.09448335955721e-06,4.15481636514009e-07
"GSE19825_NAIVE_VS_IL2RAHIGH_DAY3_EFF_CD8_TCELL_DN","GSE19825_NAIVE_VS_IL2RAHIGH_DAY3_EFF_CD8_TCELL_DN","69/4231","200/21355",7.41200314911585e-07,2.09448335955721e-06,4.15481636514009e-07
"GSE19941_UNSTIM_VS_LPS_STIM_IL10_KO_MACROPHAGE_DN","GSE19941_UNSTIM_VS_LPS_STIM_IL10_KO_MACROPHAGE_DN","69/4231","200/21355",7.41200314911585e-07,2.09448335955721e-06,4.15481636514009e-07
"GSE20715_0H_VS_6H_OZONE_LUNG_UP","GSE20715_0H_VS_6H_OZONE_LUNG_UP","69/4231","200/21355",7.41200314911585e-07,2.09448335955721e-06,4.15481636514009e-07
"GSE20754_WT_VS_TCF1_KO_MEMORY_CD8_TCELL_UP","GSE20754_WT_VS_TCF1_KO_MEMORY_CD8_TCELL_UP","69/4231","200/21355",7.41200314911585e-07,2.09448335955721e-06,4.15481636514009e-07
"GSE21546_SAP1A_KO_VS_SAP1A_KO_AND_ELK1_KO_ANTI_CD3_STIM_DP_THYMOCYTES_UP","GSE21546_SAP1A_KO_VS_SAP1A_KO_AND_ELK1_KO_ANTI_CD3_STIM_DP_THYMOCYTES_UP","69/4231","200/21355",7.41200314911585e-07,2.09448335955721e-06,4.15481636514009e-07
"GSE21670_STAT3_KO_VS_WT_CD4_TCELL_TGFB_TREATED_UP","GSE21670_STAT3_KO_VS_WT_CD4_TCELL_TGFB_TREATED_UP","69/4231","200/21355",7.41200314911585e-07,2.09448335955721e-06,4.15481636514009e-07
"GSE22033_UNTREATED_VS_MRL24_TREATED_MEF_UP","GSE22033_UNTREATED_VS_MRL24_TREATED_MEF_UP","69/4231","200/21355",7.41200314911585e-07,2.09448335955721e-06,4.15481636514009e-07
"GSE22432_CONVENTIONAL_CDC_VS_PLASMACYTOID_PDC_DN","GSE22432_CONVENTIONAL_CDC_VS_PLASMACYTOID_PDC_DN","69/4231","200/21355",7.41200314911585e-07,2.09448335955721e-06,4.15481636514009e-07
"GSE22919_RESTING_VS_IL2_IL12_IL15_STIM_NK_CELL_DN","GSE22919_RESTING_VS_IL2_IL12_IL15_STIM_NK_CELL_DN","69/4231","200/21355",7.41200314911585e-07,2.09448335955721e-06,4.15481636514009e-07
"GSE23695_CD57_POS_VS_NEG_NK_CELL_DN","GSE23695_CD57_POS_VS_NEG_NK_CELL_DN","69/4231","200/21355",7.41200314911585e-07,2.09448335955721e-06,4.15481636514009e-07
"GSE2585_AIRE_KO_VS_WT_CD80_HIGH_MTEC_UP","GSE2585_AIRE_KO_VS_WT_CD80_HIGH_MTEC_UP","69/4231","200/21355",7.41200314911585e-07,2.09448335955721e-06,4.15481636514009e-07
"GSE26351_UNSTIM_VS_WNT_PATHWAY_STIM_HEMATOPOIETIC_PROGENITORS_DN","GSE26351_UNSTIM_VS_WNT_PATHWAY_STIM_HEMATOPOIETIC_PROGENITORS_DN","69/4231","200/21355",7.41200314911585e-07,2.09448335955721e-06,4.15481636514009e-07
"GSE26890_CXCR1_NEG_VS_POS_EFFECTOR_CD8_TCELL_DN","GSE26890_CXCR1_NEG_VS_POS_EFFECTOR_CD8_TCELL_DN","69/4231","200/21355",7.41200314911585e-07,2.09448335955721e-06,4.15481636514009e-07
"GSE27786_BCELL_VS_MONO_MAC_DN","GSE27786_BCELL_VS_MONO_MAC_DN","69/4231","200/21355",7.41200314911585e-07,2.09448335955721e-06,4.15481636514009e-07
"GSE27786_LIN_NEG_VS_NKCELL_DN","GSE27786_LIN_NEG_VS_NKCELL_DN","69/4231","200/21355",7.41200314911585e-07,2.09448335955721e-06,4.15481636514009e-07
"GSE28737_WT_VS_BCL6_HET_MARGINAL_ZONE_BCELL_DN","GSE28737_WT_VS_BCL6_HET_MARGINAL_ZONE_BCELL_DN","69/4231","200/21355",7.41200314911585e-07,2.09448335955721e-06,4.15481636514009e-07
"GSE3039_CD4_TCELL_VS_B1_BCELL_UP","GSE3039_CD4_TCELL_VS_B1_BCELL_UP","69/4231","200/21355",7.41200314911585e-07,2.09448335955721e-06,4.15481636514009e-07
"GSE3203_INFLUENZA_INF_VS_IFNB_TREATED_LN_BCELL_DN","GSE3203_INFLUENZA_INF_VS_IFNB_TREATED_LN_BCELL_DN","69/4231","200/21355",7.41200314911585e-07,2.09448335955721e-06,4.15481636514009e-07
"GSE3337_CTRL_VS_4H_IFNG_IN_CD8POS_DC_DN","GSE3337_CTRL_VS_4H_IFNG_IN_CD8POS_DC_DN","69/4231","200/21355",7.41200314911585e-07,2.09448335955721e-06,4.15481636514009e-07
"GSE339_CD4POS_VS_CD4CD8DN_DC_DN","GSE339_CD4POS_VS_CD4CD8DN_DC_DN","69/4231","200/21355",7.41200314911585e-07,2.09448335955721e-06,4.15481636514009e-07
"GSE34515_CD16_POS_MONOCYTE_VS_DC_UP","GSE34515_CD16_POS_MONOCYTE_VS_DC_UP","69/4231","200/21355",7.41200314911585e-07,2.09448335955721e-06,4.15481636514009e-07
"GSE360_DC_VS_MAC_B_MALAYI_HIGH_DOSE_UP","GSE360_DC_VS_MAC_B_MALAYI_HIGH_DOSE_UP","69/4231","200/21355",7.41200314911585e-07,2.09448335955721e-06,4.15481636514009e-07
"GSE360_HIGH_VS_LOW_DOSE_B_MALAYI_MAC_UP","GSE360_HIGH_VS_LOW_DOSE_B_MALAYI_MAC_UP","69/4231","200/21355",7.41200314911585e-07,2.09448335955721e-06,4.15481636514009e-07
"GSE36392_TYPE_2_MYELOID_VS_MAC_IL25_TREATED_LUNG_DN","GSE36392_TYPE_2_MYELOID_VS_MAC_IL25_TREATED_LUNG_DN","69/4231","200/21355",7.41200314911585e-07,2.09448335955721e-06,4.15481636514009e-07
"GSE39110_UNTREATED_VS_IL2_TREATED_CD8_TCELL_DAY3_POST_IMMUNIZATION_UP","GSE39110_UNTREATED_VS_IL2_TREATED_CD8_TCELL_DAY3_POST_IMMUNIZATION_UP","69/4231","200/21355",7.41200314911585e-07,2.09448335955721e-06,4.15481636514009e-07
"GSE3982_CTRL_VS_LPS_48H_DC_DN","GSE3982_CTRL_VS_LPS_48H_DC_DN","69/4231","200/21355",7.41200314911585e-07,2.09448335955721e-06,4.15481636514009e-07
"GSE39820_CTRL_VS_IL1B_IL6_IL23A_CD4_TCELL_DN","GSE39820_CTRL_VS_IL1B_IL6_IL23A_CD4_TCELL_DN","69/4231","200/21355",7.41200314911585e-07,2.09448335955721e-06,4.15481636514009e-07
"GSE40274_FOXP3_VS_FOXP3_AND_PBX1_TRANSDUCED_ACTIVATED_CD4_TCELL_UP","GSE40274_FOXP3_VS_FOXP3_AND_PBX1_TRANSDUCED_ACTIVATED_CD4_TCELL_UP","69/4231","200/21355",7.41200314911585e-07,2.09448335955721e-06,4.15481636514009e-07
"GSE41867_MEMORY_VS_EXHAUSTED_CD8_TCELL_DAY30_LCMV_DN","GSE41867_MEMORY_VS_EXHAUSTED_CD8_TCELL_DAY30_LCMV_DN","69/4231","200/21355",7.41200314911585e-07,2.09448335955721e-06,4.15481636514009e-07
"GSE42021_TREG_PLN_VS_CD24HI_TREG_THYMUS_UP","GSE42021_TREG_PLN_VS_CD24HI_TREG_THYMUS_UP","69/4231","200/21355",7.41200314911585e-07,2.09448335955721e-06,4.15481636514009e-07
"GSE42021_TREG_PLN_VS_CD24INT_TREG_THYMUS_DN","GSE42021_TREG_PLN_VS_CD24INT_TREG_THYMUS_DN","69/4231","200/21355",7.41200314911585e-07,2.09448335955721e-06,4.15481636514009e-07
"GSE43955_1H_VS_20H_ACT_CD4_TCELL_WITH_TGFB_IL6_UP","GSE43955_1H_VS_20H_ACT_CD4_TCELL_WITH_TGFB_IL6_UP","69/4231","200/21355",7.41200314911585e-07,2.09448335955721e-06,4.15481636514009e-07
"GSE43955_TH0_VS_TGFB_IL6_IL23_TH17_ACT_CD4_TCELL_52H_UP","GSE43955_TH0_VS_TGFB_IL6_IL23_TH17_ACT_CD4_TCELL_52H_UP","69/4231","200/21355",7.41200314911585e-07,2.09448335955721e-06,4.15481636514009e-07
"GSE43955_TH0_VS_TGFB_IL6_TH17_ACT_CD4_TCELL_1H_UP","GSE43955_TH0_VS_TGFB_IL6_TH17_ACT_CD4_TCELL_1H_UP","69/4231","200/21355",7.41200314911585e-07,2.09448335955721e-06,4.15481636514009e-07
"GSE5589_IL6_KO_VS_IL10_KO_LPS_AND_IL10_STIM_MACROPHAGE_180MIN_UP","GSE5589_IL6_KO_VS_IL10_KO_LPS_AND_IL10_STIM_MACROPHAGE_180MIN_UP","69/4231","200/21355",7.41200314911585e-07,2.09448335955721e-06,4.15481636514009e-07
"GSE5589_LPS_VS_LPS_AND_IL10_STIM_IL10_KO_MACROPHAGE_45MIN_DN","GSE5589_LPS_VS_LPS_AND_IL10_STIM_IL10_KO_MACROPHAGE_45MIN_DN","69/4231","200/21355",7.41200314911585e-07,2.09448335955721e-06,4.15481636514009e-07
"GSE5589_LPS_VS_LPS_AND_IL10_STIM_MACROPHAGE_180MIN_DN","GSE5589_LPS_VS_LPS_AND_IL10_STIM_MACROPHAGE_180MIN_DN","69/4231","200/21355",7.41200314911585e-07,2.09448335955721e-06,4.15481636514009e-07
"GSE6674_CPG_VS_CPG_AND_ANTI_IGM_STIM_BCELL_DN","GSE6674_CPG_VS_CPG_AND_ANTI_IGM_STIM_BCELL_DN","69/4231","200/21355",7.41200314911585e-07,2.09448335955721e-06,4.15481636514009e-07
"GSE7460_FOXP3_MUT_VS_WT_ACT_WITH_TGFB_TCONV_UP","GSE7460_FOXP3_MUT_VS_WT_ACT_WITH_TGFB_TCONV_UP","69/4231","200/21355",7.41200314911585e-07,2.09448335955721e-06,4.15481636514009e-07
"GSE7852_TREG_VS_TCONV_FAT_DN","GSE7852_TREG_VS_TCONV_FAT_DN","69/4231","200/21355",7.41200314911585e-07,2.09448335955721e-06,4.15481636514009e-07
"GSE8621_UNSTIM_VS_LPS_PRIMED_UNSTIM_MACROPHAGE_DN","GSE8621_UNSTIM_VS_LPS_PRIMED_UNSTIM_MACROPHAGE_DN","69/4231","200/21355",7.41200314911585e-07,2.09448335955721e-06,4.15481636514009e-07
"GSE9316_IL6_KO_VS_IFNG_KO_INVIVO_EXPANDED_CD4_TCELL_UP","GSE9316_IL6_KO_VS_IFNG_KO_INVIVO_EXPANDED_CD4_TCELL_UP","69/4231","200/21355",7.41200314911585e-07,2.09448335955721e-06,4.15481636514009e-07
"GSE9650_NAIVE_VS_EXHAUSTED_CD8_TCELL_UP","GSE9650_NAIVE_VS_EXHAUSTED_CD8_TCELL_UP","69/4231","200/21355",7.41200314911585e-07,2.09448335955721e-06,4.15481636514009e-07
"GSE32901_TH1_VS_TH17_ENRICHED_CD4_TCELL_UP","GSE32901_TH1_VS_TH17_ENRICHED_CD4_TCELL_UP","62/4231","174/21355",7.6092461234357e-07,2.14667009514207e-06,4.25833893649966e-07
"GSE37301_HEMATOPOIETIC_STEM_CELL_VS_RAG2_KO_NK_CELL_UP","GSE37301_HEMATOPOIETIC_STEM_CELL_VS_RAG2_KO_NK_CELL_UP","62/4231","174/21355",7.6092461234357e-07,2.14667009514207e-06,4.25833893649966e-07
"GSE37532_VISCERAL_ADIPOSE_TISSUE_VS_LN_DERIVED_PPARG_KO_TREG_CD4_TCELL_UP","GSE37532_VISCERAL_ADIPOSE_TISSUE_VS_LN_DERIVED_PPARG_KO_TREG_CD4_TCELL_UP","62/4231","174/21355",7.6092461234357e-07,2.14667009514207e-06,4.25833893649966e-07
"GSE21033_CTRL_VS_POLYIC_STIM_DC_24H_UP","GSE21033_CTRL_VS_POLYIC_STIM_DC_24H_UP","57/4231","156/21355",8.2477713446805e-07,2.32552672787856e-06,4.61313596141588e-07
"GSE7348_LPS_VS_TOLERIZED_AND_LPS_STIM_MACROPHAGE_UP","GSE7348_LPS_VS_TOLERIZED_AND_LPS_STIM_MACROPHAGE_UP","64/4231","182/21355",8.65845315002443e-07,2.43997970571881e-06,4.84017577206886e-07
"GSE14000_UNSTIM_VS_16H_LPS_DC_TRANSLATED_RNA_DN","GSE14000_UNSTIM_VS_16H_LPS_DC_TRANSLATED_RNA_DN","68/4231","197/21355",8.69772689920722e-07,2.44566912152146e-06,4.85146183828517e-07
"GSE28408_LY6G_POS_VS_NEG_DC_UP","GSE28408_LY6G_POS_VS_NEG_DC_UP","68/4231","197/21355",8.69772689920722e-07,2.44566912152146e-06,4.85146183828517e-07
"GSE36888_UNTREATED_VS_IL2_TREATED_TCELL_2H_UP","GSE36888_UNTREATED_VS_IL2_TREATED_TCELL_2H_UP","68/4231","197/21355",8.69772689920722e-07,2.44566912152146e-06,4.85146183828517e-07
"GSE46242_CTRL_VS_EGR2_DELETED_ANERGIC_TH1_CD4_TCELL_DN","GSE46242_CTRL_VS_EGR2_DELETED_ANERGIC_TH1_CD4_TCELL_DN","68/4231","197/21355",8.69772689920722e-07,2.44566912152146e-06,4.85146183828517e-07
"GSE27859_MACROPHAGE_VS_CD11C_INT_F480_HI_MACROPHAGE_UP","GSE27859_MACROPHAGE_VS_CD11C_INT_F480_HI_MACROPHAGE_UP","62/4231","175/21355",9.52736485995071e-07,2.67748203246202e-06,5.31130797247945e-07
"NAKAYA_PBMC_FLUMIST_AGE_18_50YO_3DY_IFN_SUBSET_UP","NAKAYA_PBMC_FLUMIST_AGE_18_50YO_3DY_IFN_SUBSET_UP","19/4231","32/21355",1.00129660566305e-06,2.81240898664591e-06,5.57896190956311e-07
"GSE17974_CTRL_VS_ACT_IL4_AND_ANTI_IL12_6H_CD4_TCELL_UP","GSE17974_CTRL_VS_ACT_IL4_AND_ANTI_IL12_6H_CD4_TCELL_UP","67/4231","194/21355",1.02065402524855e-06,2.86207469005694e-06,5.67748352176725e-07
"GSE21927_SPLEEN_VS_BONE_MARROW_MONOCYTE_BALBC_DN","GSE21927_SPLEEN_VS_BONE_MARROW_MONOCYTE_BALBC_DN","67/4231","194/21355",1.02065402524855e-06,2.86207469005694e-06,5.67748352176725e-07
"GSE3982_DC_VS_NEUTROPHIL_LPS_STIM_DN","GSE3982_DC_VS_NEUTROPHIL_LPS_STIM_DN","67/4231","194/21355",1.02065402524855e-06,2.86207469005694e-06,5.67748352176725e-07
"GSE6259_FLT3L_INDUCED_DEC205_POS_DC_VS_CD8_TCELL_UP","GSE6259_FLT3L_INDUCED_DEC205_POS_DC_VS_CD8_TCELL_UP","54/4231","146/21355",1.02392103129485e-06,2.86966605052892e-06,5.69254246629349e-07
"GSE10240_CTRL_VS_IL17_STIM_PRIMARY_BRONCHIAL_EPITHELIAL_CELLS_DN","GSE10240_CTRL_VS_IL17_STIM_PRIMARY_BRONCHIAL_EPITHELIAL_CELLS_DN","68/4231","198/21355",1.07075989663534e-06,2.98137709405363e-06,5.91414311529624e-07
"GSE13485_PRE_VS_POST_YF17D_VACCINATION_PBMC_DN","GSE13485_PRE_VS_POST_YF17D_VACCINATION_PBMC_DN","68/4231","198/21355",1.07075989663534e-06,2.98137709405363e-06,5.91414311529624e-07
"GSE20727_CTRL_VS_H2O2_TREATED_DC_UP","GSE20727_CTRL_VS_H2O2_TREATED_DC_UP","68/4231","198/21355",1.07075989663534e-06,2.98137709405363e-06,5.91414311529624e-07
"GSE21927_C26GM_VS_4T1_TUMOR_MONOCYTE_BALBC_UP","GSE21927_C26GM_VS_4T1_TUMOR_MONOCYTE_BALBC_UP","68/4231","198/21355",1.07075989663534e-06,2.98137709405363e-06,5.91414311529624e-07
"GSE22033_UNTREATED_VS_ROSIGLITAZONE_TREATED_MEF_DN","GSE22033_UNTREATED_VS_ROSIGLITAZONE_TREATED_MEF_DN","68/4231","198/21355",1.07075989663534e-06,2.98137709405363e-06,5.91414311529624e-07
"GSE2770_TGFB_AND_IL4_VS_IL12_TREATED_ACT_CD4_TCELL_48H_UP","GSE2770_TGFB_AND_IL4_VS_IL12_TREATED_ACT_CD4_TCELL_48H_UP","68/4231","198/21355",1.07075989663534e-06,2.98137709405363e-06,5.91414311529624e-07
"GSE29618_PDC_VS_MDC_UP","GSE29618_PDC_VS_MDC_UP","68/4231","198/21355",1.07075989663534e-06,2.98137709405363e-06,5.91414311529624e-07
"GSE29618_PRE_VS_DAY7_POST_LAIV_FLU_VACCINE_BCELL_UP","GSE29618_PRE_VS_DAY7_POST_LAIV_FLU_VACCINE_BCELL_UP","68/4231","198/21355",1.07075989663534e-06,2.98137709405363e-06,5.91414311529624e-07
"GSE360_L_MAJOR_VS_B_MALAYI_HIGH_DOSE_DC_DN","GSE360_L_MAJOR_VS_B_MALAYI_HIGH_DOSE_DC_DN","68/4231","198/21355",1.07075989663534e-06,2.98137709405363e-06,5.91414311529624e-07
"GSE37416_0H_VS_6H_F_TULARENSIS_LVS_NEUTROPHIL_DN","GSE37416_0H_VS_6H_F_TULARENSIS_LVS_NEUTROPHIL_DN","68/4231","198/21355",1.07075989663534e-06,2.98137709405363e-06,5.91414311529624e-07
"GSE37533_PPARG2_FOXP3_VS_FOXP3_TRANSDUCED_CD4_TCELL_DN","GSE37533_PPARG2_FOXP3_VS_FOXP3_TRANSDUCED_CD4_TCELL_DN","68/4231","198/21355",1.07075989663534e-06,2.98137709405363e-06,5.91414311529624e-07
"GSE3982_CENT_MEMORY_CD4_TCELL_VS_NKCELL_DN","GSE3982_CENT_MEMORY_CD4_TCELL_VS_NKCELL_DN","68/4231","198/21355",1.07075989663534e-06,2.98137709405363e-06,5.91414311529624e-07
"GSE40274_CTRL_VS_LEF1_TRANSDUCED_ACTIVATED_CD4_TCELL_UP","GSE40274_CTRL_VS_LEF1_TRANSDUCED_ACTIVATED_CD4_TCELL_UP","61/4231","172/21355",1.11586371321849e-06,3.10527545817481e-06,6.15991969237708e-07
"GSE10239_NAIVE_VS_DAY4.5_EFF_CD8_TCELL_UP","GSE10239_NAIVE_VS_DAY4.5_EFF_CD8_TCELL_UP","68/4231","199/21355",1.31476776835552e-06,3.61561136297769e-06,7.17227052310502e-07
"GSE11924_TH1_VS_TH2_CD4_TCELL_DN","GSE11924_TH1_VS_TH2_CD4_TCELL_DN","68/4231","199/21355",1.31476776835552e-06,3.61561136297769e-06,7.17227052310502e-07
"GSE15750_DAY6_VS_DAY10_TRAF6KO_EFF_CD8_TCELL_DN","GSE15750_DAY6_VS_DAY10_TRAF6KO_EFF_CD8_TCELL_DN","68/4231","199/21355",1.31476776835552e-06,3.61561136297769e-06,7.17227052310502e-07
"GSE15767_MED_VS_SCS_MAC_LN_DN","GSE15767_MED_VS_SCS_MAC_LN_DN","68/4231","199/21355",1.31476776835552e-06,3.61561136297769e-06,7.17227052310502e-07
"GSE15930_NAIVE_VS_48H_IN_VITRO_STIM_IL12_CD8_TCELL_UP","GSE15930_NAIVE_VS_48H_IN_VITRO_STIM_IL12_CD8_TCELL_UP","68/4231","199/21355",1.31476776835552e-06,3.61561136297769e-06,7.17227052310502e-07
"GSE15930_STIM_VS_STIM_AND_IL12_72H_CD8_T_CELL_UP","GSE15930_STIM_VS_STIM_AND_IL12_72H_CD8_T_CELL_UP","68/4231","199/21355",1.31476776835552e-06,3.61561136297769e-06,7.17227052310502e-07
"GSE17721_POLYIC_VS_GARDIQUIMOD_1H_BMDC_DN","GSE17721_POLYIC_VS_GARDIQUIMOD_1H_BMDC_DN","68/4231","199/21355",1.31476776835552e-06,3.61561136297769e-06,7.17227052310502e-07
"GSE17812_WT_VS_THPOK_KO_MEMORY_CD8_TCELL_UP","GSE17812_WT_VS_THPOK_KO_MEMORY_CD8_TCELL_UP","68/4231","199/21355",1.31476776835552e-06,3.61561136297769e-06,7.17227052310502e-07
"GSE19401_RETINOIC_ACID_VS_RETINOIC_ACID_AND_PAM2CSK4_STIM_FOLLICULAR_DC_DN","GSE19401_RETINOIC_ACID_VS_RETINOIC_ACID_AND_PAM2CSK4_STIM_FOLLICULAR_DC_DN","68/4231","199/21355",1.31476776835552e-06,3.61561136297769e-06,7.17227052310502e-07
"GSE22033_WT_VS_PPARG_KO_MEF_DN","GSE22033_WT_VS_PPARG_KO_MEF_DN","68/4231","199/21355",1.31476776835552e-06,3.61561136297769e-06,7.17227052310502e-07
"GSE24210_CTRL_VS_IL35_TREATED_TCONV_CD4_TCELL_DN","GSE24210_CTRL_VS_IL35_TREATED_TCONV_CD4_TCELL_DN","68/4231","199/21355",1.31476776835552e-06,3.61561136297769e-06,7.17227052310502e-07
"GSE26495_NAIVE_VS_PD1HIGH_CD8_TCELL_DN","GSE26495_NAIVE_VS_PD1HIGH_CD8_TCELL_DN","68/4231","199/21355",1.31476776835552e-06,3.61561136297769e-06,7.17227052310502e-07
"GSE32533_WT_VS_MIR17_OVEREXPRESS_ACT_CD4_TCELL_UP","GSE32533_WT_VS_MIR17_OVEREXPRESS_ACT_CD4_TCELL_UP","68/4231","199/21355",1.31476776835552e-06,3.61561136297769e-06,7.17227052310502e-07
"GSE36078_WT_VS_IL1R_KO_LUNG_DC_AFTER_AD5_T425A_HEXON_INF_DN","GSE36078_WT_VS_IL1R_KO_LUNG_DC_AFTER_AD5_T425A_HEXON_INF_DN","68/4231","199/21355",1.31476776835552e-06,3.61561136297769e-06,7.17227052310502e-07
"GSE36888_STAT5_AB_KNOCKIN_VS_WT_TCELL_IL2_TREATED_17H_UP","GSE36888_STAT5_AB_KNOCKIN_VS_WT_TCELL_IL2_TREATED_17H_UP","68/4231","199/21355",1.31476776835552e-06,3.61561136297769e-06,7.17227052310502e-07
"GSE369_SOCS3_KO_VS_WT_LIVER_DN","GSE369_SOCS3_KO_VS_WT_LIVER_DN","68/4231","199/21355",1.31476776835552e-06,3.61561136297769e-06,7.17227052310502e-07
"GSE37534_UNTREATED_VS_ROSIGLITAZONE_TREATED_CD4_TCELL_PPARG1_AND_FOXP3_TRASDUCED_DN","GSE37534_UNTREATED_VS_ROSIGLITAZONE_TREATED_CD4_TCELL_PPARG1_AND_FOXP3_TRASDUCED_DN","68/4231","199/21355",1.31476776835552e-06,3.61561136297769e-06,7.17227052310502e-07
"GSE3982_MAST_CELL_VS_DC_UP","GSE3982_MAST_CELL_VS_DC_UP","68/4231","199/21355",1.31476776835552e-06,3.61561136297769e-06,7.17227052310502e-07
"GSE40068_BCL6_POS_VS_NEG_CXCR5_POS_TFH_DN","GSE40068_BCL6_POS_VS_NEG_CXCR5_POS_TFH_DN","68/4231","199/21355",1.31476776835552e-06,3.61561136297769e-06,7.17227052310502e-07
"GSE40274_HELIOS_VS_FOXP3_AND_HELIOS_TRANSDUCED_ACTIVATED_CD4_TCELL_DN","GSE40274_HELIOS_VS_FOXP3_AND_HELIOS_TRANSDUCED_ACTIVATED_CD4_TCELL_DN","68/4231","199/21355",1.31476776835552e-06,3.61561136297769e-06,7.17227052310502e-07
"GSE41176_UNSTIM_VS_ANTI_IGM_STIM_TAK1_KO_BCELL_24H_UP","GSE41176_UNSTIM_VS_ANTI_IGM_STIM_TAK1_KO_BCELL_24H_UP","68/4231","199/21355",1.31476776835552e-06,3.61561136297769e-06,7.17227052310502e-07
"GSE8678_IL7R_LOW_VS_HIGH_EFF_CD8_TCELL_DN","GSE8678_IL7R_LOW_VS_HIGH_EFF_CD8_TCELL_DN","68/4231","199/21355",1.31476776835552e-06,3.61561136297769e-06,7.17227052310502e-07
"GSE14386_UNTREATED_VS_IFNA_TREATED_ACT_PBMC_MS_PATIENT_DN","GSE14386_UNTREATED_VS_IFNA_TREATED_ACT_PBMC_MS_PATIENT_DN","57/4231","158/21355",1.32485152186009e-06,3.64138815069964e-06,7.22340381045208e-07
"GSE1925_CTRL_VS_3H_IFNG_STIM_IFNG_PRIMED_MACROPHAGE_UP","GSE1925_CTRL_VS_3H_IFNG_STIM_IFNG_PRIMED_MACROPHAGE_UP","66/4231","192/21355",1.47537442181126e-06,4.05293102154584e-06,8.03977938438359e-07
"GSE21927_SPLEEN_MONOCYTE_VS_GMCSF_GCSF_BONE_MARROW_DN","GSE21927_SPLEEN_MONOCYTE_VS_GMCSF_GCSF_BONE_MARROW_DN","67/4231","196/21355",1.54369437733187e-06,4.23153870492149e-06,8.39408256967403e-07
"GSE25088_WT_VS_STAT6_KO_MACROPHAGE_ROSIGLITAZONE_AND_IL4_STIM_DN","GSE25088_WT_VS_STAT6_KO_MACROPHAGE_ROSIGLITAZONE_AND_IL4_STIM_DN","67/4231","196/21355",1.54369437733187e-06,4.23153870492149e-06,8.39408256967403e-07
"GSE2706_UNSTIM_VS_8H_LPS_AND_R848_DC_DN","GSE2706_UNSTIM_VS_8H_LPS_AND_R848_DC_DN","67/4231","196/21355",1.54369437733187e-06,4.23153870492149e-06,8.39408256967403e-07
"GSE9988_LOW_LPS_VS_VEHICLE_TREATED_MONOCYTE_UP","GSE9988_LOW_LPS_VS_VEHICLE_TREATED_MONOCYTE_UP","67/4231","196/21355",1.54369437733187e-06,4.23153870492149e-06,8.39408256967403e-07
"GSE7348_UNSTIM_VS_LPS_STIM_MACROPHAGE_UP","GSE7348_UNSTIM_VS_LPS_STIM_MACROPHAGE_UP","56/4231","155/21355",1.54871316932748e-06,4.24302710100088e-06,8.41687204461641e-07
"GSE10240_CTRL_VS_IL22_STIM_PRIMARY_BRONCHIAL_EPITHELIAL_CELLS_UP","GSE10240_CTRL_VS_IL22_STIM_PRIMARY_BRONCHIAL_EPITHELIAL_CELLS_UP","68/4231","200/21355",1.61024191103874e-06,4.30125067013267e-06,8.53236985306726e-07
"GSE10273_HIGH_IL7_VS_HIGH_IL7_AND_IRF4_IN_IRF4_8_NULL_PRE_BCELL_UP","GSE10273_HIGH_IL7_VS_HIGH_IL7_AND_IRF4_IN_IRF4_8_NULL_PRE_BCELL_UP","68/4231","200/21355",1.61024191103874e-06,4.30125067013267e-06,8.53236985306726e-07
"GSE14908_RESTING_VS_HDM_STIM_CD4_TCELL_ATOPIC_PATIENT_DN","GSE14908_RESTING_VS_HDM_STIM_CD4_TCELL_ATOPIC_PATIENT_DN","68/4231","200/21355",1.61024191103874e-06,4.30125067013267e-06,8.53236985306726e-07
"GSE16385_MONOCYTE_VS_12H_ROSIGLITAZONE_IFNG_TNF_TREATED_MACROPHAGE_DN","GSE16385_MONOCYTE_VS_12H_ROSIGLITAZONE_IFNG_TNF_TREATED_MACROPHAGE_DN","68/4231","200/21355",1.61024191103874e-06,4.30125067013267e-06,8.53236985306726e-07
"GSE17186_CD21LOW_VS_CD21HIGH_TRANSITIONAL_BCELL_CORD_BLOOD_DN","GSE17186_CD21LOW_VS_CD21HIGH_TRANSITIONAL_BCELL_CORD_BLOOD_DN","68/4231","200/21355",1.61024191103874e-06,4.30125067013267e-06,8.53236985306726e-07
"GSE17301_CTRL_VS_48H_ACD3_ACD28_IFNA2_STIM_CD8_TCELL_UP","GSE17301_CTRL_VS_48H_ACD3_ACD28_IFNA2_STIM_CD8_TCELL_UP","68/4231","200/21355",1.61024191103874e-06,4.30125067013267e-06,8.53236985306726e-07
"GSE1740_MCSF_VS_MCSF_AND_IFNG_DAY2_DERIVED_MACROPHAGE_WITH_IFNA_STIM_UP","GSE1740_MCSF_VS_MCSF_AND_IFNG_DAY2_DERIVED_MACROPHAGE_WITH_IFNA_STIM_UP","68/4231","200/21355",1.61024191103874e-06,4.30125067013267e-06,8.53236985306726e-07
"GSE17721_CPG_VS_GARDIQUIMOD_4H_BMDC_UP","GSE17721_CPG_VS_GARDIQUIMOD_4H_BMDC_UP","68/4231","200/21355",1.61024191103874e-06,4.30125067013267e-06,8.53236985306726e-07
"GSE17721_CTRL_VS_LPS_4H_BMDC_UP","GSE17721_CTRL_VS_LPS_4H_BMDC_UP","68/4231","200/21355",1.61024191103874e-06,4.30125067013267e-06,8.53236985306726e-07
"GSE17721_CTRL_VS_LPS_6H_BMDC_UP","GSE17721_CTRL_VS_LPS_6H_BMDC_UP","68/4231","200/21355",1.61024191103874e-06,4.30125067013267e-06,8.53236985306726e-07
"GSE17721_LPS_VS_PAM3CSK4_16H_BMDC_DN","GSE17721_LPS_VS_PAM3CSK4_16H_BMDC_DN","68/4231","200/21355",1.61024191103874e-06,4.30125067013267e-06,8.53236985306726e-07
"GSE17721_PAM3CSK4_VS_CPG_4H_BMDC_DN","GSE17721_PAM3CSK4_VS_CPG_4H_BMDC_DN","68/4231","200/21355",1.61024191103874e-06,4.30125067013267e-06,8.53236985306726e-07
"GSE17721_POLYIC_VS_GARDIQUIMOD_12H_BMDC_DN","GSE17721_POLYIC_VS_GARDIQUIMOD_12H_BMDC_DN","68/4231","200/21355",1.61024191103874e-06,4.30125067013267e-06,8.53236985306726e-07
"GSE17721_POLYIC_VS_GARDIQUIMOD_4H_BMDC_UP","GSE17721_POLYIC_VS_GARDIQUIMOD_4H_BMDC_UP","68/4231","200/21355",1.61024191103874e-06,4.30125067013267e-06,8.53236985306726e-07
"GSE17721_POLYIC_VS_PAM3CSK4_8H_BMDC_UP","GSE17721_POLYIC_VS_PAM3CSK4_8H_BMDC_UP","68/4231","200/21355",1.61024191103874e-06,4.30125067013267e-06,8.53236985306726e-07
"GSE18281_PERIMEDULLARY_CORTICAL_REGION_VS_WHOLE_CORTEX_THYMUS_UP","GSE18281_PERIMEDULLARY_CORTICAL_REGION_VS_WHOLE_CORTEX_THYMUS_UP","68/4231","200/21355",1.61024191103874e-06,4.30125067013267e-06,8.53236985306726e-07
"GSE18804_SPLEEN_MACROPHAGE_VS_COLON_TUMORAL_MACROPHAGE_UP","GSE18804_SPLEEN_MACROPHAGE_VS_COLON_TUMORAL_MACROPHAGE_UP","68/4231","200/21355",1.61024191103874e-06,4.30125067013267e-06,8.53236985306726e-07
"GSE20366_TREG_VS_NAIVE_CD4_TCELL_UP","GSE20366_TREG_VS_NAIVE_CD4_TCELL_UP","68/4231","200/21355",1.61024191103874e-06,4.30125067013267e-06,8.53236985306726e-07
"GSE20715_0H_VS_6H_OZONE_LUNG_DN","GSE20715_0H_VS_6H_OZONE_LUNG_DN","68/4231","200/21355",1.61024191103874e-06,4.30125067013267e-06,8.53236985306726e-07
"GSE22103_LPS_VS_GMCSF_AND_IFNG_STIM_NEUTROPHIL_DN","GSE22103_LPS_VS_GMCSF_AND_IFNG_STIM_NEUTROPHIL_DN","68/4231","200/21355",1.61024191103874e-06,4.30125067013267e-06,8.53236985306726e-07
"GSE22886_NAIVE_CD4_TCELL_VS_48H_ACT_TH2_DN","GSE22886_NAIVE_CD4_TCELL_VS_48H_ACT_TH2_DN","68/4231","200/21355",1.61024191103874e-06,4.30125067013267e-06,8.53236985306726e-07
"GSE22886_NAIVE_CD4_TCELL_VS_MEMORY_TCELL_DN","GSE22886_NAIVE_CD4_TCELL_VS_MEMORY_TCELL_DN","68/4231","200/21355",1.61024191103874e-06,4.30125067013267e-06,8.53236985306726e-07
"GSE23321_CENTRAL_VS_EFFECTOR_MEMORY_CD8_TCELL_UP","GSE23321_CENTRAL_VS_EFFECTOR_MEMORY_CD8_TCELL_UP","68/4231","200/21355",1.61024191103874e-06,4.30125067013267e-06,8.53236985306726e-07
"GSE23505_IL6_IL1_VS_IL6_IL1_IL23_TREATED_CD4_TCELL_DN","GSE23505_IL6_IL1_VS_IL6_IL1_IL23_TREATED_CD4_TCELL_DN","68/4231","200/21355",1.61024191103874e-06,4.30125067013267e-06,8.53236985306726e-07
"GSE2405_0H_VS_9H_A_PHAGOCYTOPHILUM_STIM_NEUTROPHIL_DN","GSE2405_0H_VS_9H_A_PHAGOCYTOPHILUM_STIM_NEUTROPHIL_DN","68/4231","200/21355",1.61024191103874e-06,4.30125067013267e-06,8.53236985306726e-07
"GSE2770_UNTREATED_VS_IL12_TREATED_ACT_CD4_TCELL_48H_UP","GSE2770_UNTREATED_VS_IL12_TREATED_ACT_CD4_TCELL_48H_UP","68/4231","200/21355",1.61024191103874e-06,4.30125067013267e-06,8.53236985306726e-07
"GSE2770_UNTREATED_VS_IL4_TREATED_ACT_CD4_TCELL_2H_UP","GSE2770_UNTREATED_VS_IL4_TREATED_ACT_CD4_TCELL_2H_UP","68/4231","200/21355",1.61024191103874e-06,4.30125067013267e-06,8.53236985306726e-07
"GSE3039_CD4_TCELL_VS_NKT_CELL_UP","GSE3039_CD4_TCELL_VS_NKT_CELL_UP","68/4231","200/21355",1.61024191103874e-06,4.30125067013267e-06,8.53236985306726e-07
"GSE32986_CURDLAN_LOWDOSE_VS_CURDLAN_HIGHDOSE_STIM_DC_DN","GSE32986_CURDLAN_LOWDOSE_VS_CURDLAN_HIGHDOSE_STIM_DC_DN","68/4231","200/21355",1.61024191103874e-06,4.30125067013267e-06,8.53236985306726e-07
"GSE3337_4H_VS_16H_IFNG_IN_CD8POS_DC_UP","GSE3337_4H_VS_16H_IFNG_IN_CD8POS_DC_UP","68/4231","200/21355",1.61024191103874e-06,4.30125067013267e-06,8.53236985306726e-07
"GSE360_DC_VS_MAC_UP","GSE360_DC_VS_MAC_UP","68/4231","200/21355",1.61024191103874e-06,4.30125067013267e-06,8.53236985306726e-07
"GSE360_L_MAJOR_VS_B_MALAYI_LOW_DOSE_DC_DN","GSE360_L_MAJOR_VS_B_MALAYI_LOW_DOSE_DC_DN","68/4231","200/21355",1.61024191103874e-06,4.30125067013267e-06,8.53236985306726e-07
"GSE36392_TYPE_2_MYELOID_VS_EOSINOPHIL_IL25_TREATED_LUNG_DN","GSE36392_TYPE_2_MYELOID_VS_EOSINOPHIL_IL25_TREATED_LUNG_DN","68/4231","200/21355",1.61024191103874e-06,4.30125067013267e-06,8.53236985306726e-07
"GSE36826_WT_VS_IL1R_KO_SKIN_STAPH_AUREUS_INF_DN","GSE36826_WT_VS_IL1R_KO_SKIN_STAPH_AUREUS_INF_DN","68/4231","200/21355",1.61024191103874e-06,4.30125067013267e-06,8.53236985306726e-07
"GSE37301_MULTIPOTENT_PROGENITOR_VS_CD4_TCELL_DN","GSE37301_MULTIPOTENT_PROGENITOR_VS_CD4_TCELL_DN","68/4231","200/21355",1.61024191103874e-06,4.30125067013267e-06,8.53236985306726e-07
"GSE3982_MAC_VS_BCELL_UP","GSE3982_MAC_VS_BCELL_UP","68/4231","200/21355",1.61024191103874e-06,4.30125067013267e-06,8.53236985306726e-07
"GSE3982_MAC_VS_NEUTROPHIL_LPS_STIM_UP","GSE3982_MAC_VS_NEUTROPHIL_LPS_STIM_UP","68/4231","200/21355",1.61024191103874e-06,4.30125067013267e-06,8.53236985306726e-07
"GSE40273_GATA1_KO_VS_WT_TREG_UP","GSE40273_GATA1_KO_VS_WT_TREG_UP","68/4231","200/21355",1.61024191103874e-06,4.30125067013267e-06,8.53236985306726e-07
"GSE40274_CTRL_VS_FOXP3_AND_HELIOS_TRANSDUCED_ACTIVATED_CD4_TCELL_DN","GSE40274_CTRL_VS_FOXP3_AND_HELIOS_TRANSDUCED_ACTIVATED_CD4_TCELL_DN","68/4231","200/21355",1.61024191103874e-06,4.30125067013267e-06,8.53236985306726e-07
"GSE40274_GATA1_VS_FOXP3_AND_GATA1_TRANSDUCED_ACTIVATED_CD4_TCELL_UP","GSE40274_GATA1_VS_FOXP3_AND_GATA1_TRANSDUCED_ACTIVATED_CD4_TCELL_UP","68/4231","200/21355",1.61024191103874e-06,4.30125067013267e-06,8.53236985306726e-07
"GSE41867_DAY6_EFFECTOR_VS_DAY30_EXHAUSTED_CD8_TCELL_LCMV_CLONE13_DN","GSE41867_DAY6_EFFECTOR_VS_DAY30_EXHAUSTED_CD8_TCELL_LCMV_CLONE13_DN","68/4231","200/21355",1.61024191103874e-06,4.30125067013267e-06,8.53236985306726e-07
"GSE41867_NAIVE_VS_DAY8_LCMV_EFFECTOR_CD8_TCELL_DN","GSE41867_NAIVE_VS_DAY8_LCMV_EFFECTOR_CD8_TCELL_DN","68/4231","200/21355",1.61024191103874e-06,4.30125067013267e-06,8.53236985306726e-07
"GSE45365_HEALTHY_VS_MCMV_INFECTION_CD8A_DC_UP","GSE45365_HEALTHY_VS_MCMV_INFECTION_CD8A_DC_UP","68/4231","200/21355",1.61024191103874e-06,4.30125067013267e-06,8.53236985306726e-07
"GSE4748_CTRL_VS_CYANOBACTERIUM_LPSLIKE_STIM_DC_3H_DN","GSE4748_CTRL_VS_CYANOBACTERIUM_LPSLIKE_STIM_DC_3H_DN","68/4231","200/21355",1.61024191103874e-06,4.30125067013267e-06,8.53236985306726e-07
"GSE5589_UNSTIM_VS_45MIN_LPS_STIM_MACROPHAGE_UP","GSE5589_UNSTIM_VS_45MIN_LPS_STIM_MACROPHAGE_UP","68/4231","200/21355",1.61024191103874e-06,4.30125067013267e-06,8.53236985306726e-07
"GSE5589_WT_VS_IL10_KO_LPS_AND_IL10_STIM_MACROPHAGE_45MIN_DN","GSE5589_WT_VS_IL10_KO_LPS_AND_IL10_STIM_MACROPHAGE_45MIN_DN","68/4231","200/21355",1.61024191103874e-06,4.30125067013267e-06,8.53236985306726e-07
"GSE5679_PPARG_LIGAND_ROSIGLITAZONE_VS_ROSIGLITAZONE_AND_RARA_AGONIST_AM580_TREATED_DC_UP","GSE5679_PPARG_LIGAND_ROSIGLITAZONE_VS_ROSIGLITAZONE_AND_RARA_AGONIST_AM580_TREATED_DC_UP","68/4231","200/21355",1.61024191103874e-06,4.30125067013267e-06,8.53236985306726e-07
"GSE8921_UNSTIM_0H_VS_TLR1_2_STIM_MONOCYTE_6H_DN","GSE8921_UNSTIM_0H_VS_TLR1_2_STIM_MONOCYTE_6H_DN","68/4231","200/21355",1.61024191103874e-06,4.30125067013267e-06,8.53236985306726e-07
"GSE13485_DAY3_VS_DAY21_YF17D_VACCINE_PBMC_UP","GSE13485_DAY3_VS_DAY21_YF17D_VACCINE_PBMC_UP","66/4231","193/21355",1.81252713332977e-06,4.83906983617104e-06,9.59923909427937e-07
"GSE32901_NAIVE_VS_TH17_ENRICHED_CD4_TCELL_DN","GSE32901_NAIVE_VS_TH17_ENRICHED_CD4_TCELL_DN","62/4231","178/21355",1.83614782051658e-06,4.89958028525141e-06,9.71927337526514e-07
"GSE1460_INTRATHYMIC_T_PROGENITOR_VS_NAIVE_CD4_TCELL_ADULT_BLOOD_DN","GSE1460_INTRATHYMIC_T_PROGENITOR_VS_NAIVE_CD4_TCELL_ADULT_BLOOD_DN","67/4231","197/21355",1.89102324699763e-06,5.03814197718808e-06,9.99413752379753e-07
"GSE2706_UNSTIM_VS_8H_LPS_DC_UP","GSE2706_UNSTIM_VS_8H_LPS_DC_UP","67/4231","197/21355",1.89102324699763e-06,5.03814197718808e-06,9.99413752379753e-07
"GSE2770_IL12_AND_TGFB_ACT_VS_ACT_CD4_TCELL_2H_UP","GSE2770_IL12_AND_TGFB_ACT_VS_ACT_CD4_TCELL_2H_UP","67/4231","197/21355",1.89102324699763e-06,5.03814197718808e-06,9.99413752379753e-07
"GSE3920_IFNA_VS_IFNG_TREATED_ENDOTHELIAL_CELL_DN","GSE3920_IFNA_VS_IFNG_TREATED_ENDOTHELIAL_CELL_DN","59/4231","167/21355",1.91373921002082e-06,5.09601412496973e-06,1.01089382194401e-06
"GSE3720_UNSTIM_VS_PMA_STIM_VD2_GAMMADELTA_TCELL_UP","GSE3720_UNSTIM_VS_PMA_STIM_VD2_GAMMADELTA_TCELL_UP","61/4231","175/21355",2.1539009480464e-06,5.73255257512245e-06,1.13716364202482e-06
"GSE13411_NAIVE_VS_IGM_MEMORY_BCELL_DN","GSE13411_NAIVE_VS_IGM_MEMORY_BCELL_DN","67/4231","198/21355",2.31054725061803e-06,6.1019398282679e-06,1.21043881021558e-06
"GSE17721_0.5H_VS_12H_LPS_BMDC_UP","GSE17721_0.5H_VS_12H_LPS_BMDC_UP","67/4231","198/21355",2.31054725061803e-06,6.1019398282679e-06,1.21043881021558e-06
"GSE20500_RETINOIC_ACID_VS_RARA_ANTAGONIST_TREATED_CD4_TCELL_DN","GSE20500_RETINOIC_ACID_VS_RARA_ANTAGONIST_TREATED_CD4_TCELL_DN","67/4231","198/21355",2.31054725061803e-06,6.1019398282679e-06,1.21043881021558e-06
"GSE2770_IL12_AND_TGFB_VS_IL4_TREATED_ACT_CD4_TCELL_2H_DN","GSE2770_IL12_AND_TGFB_VS_IL4_TREATED_ACT_CD4_TCELL_2H_DN","67/4231","198/21355",2.31054725061803e-06,6.1019398282679e-06,1.21043881021558e-06
"GSE2770_UNTREATED_VS_ACT_CD4_TCELL_2H_UP","GSE2770_UNTREATED_VS_ACT_CD4_TCELL_2H_UP","67/4231","198/21355",2.31054725061803e-06,6.1019398282679e-06,1.21043881021558e-06
"GSE2770_UNTREATED_VS_TGFB_AND_IL4_TREATED_ACT_CD4_TCELL_48H_DN","GSE2770_UNTREATED_VS_TGFB_AND_IL4_TREATED_ACT_CD4_TCELL_48H_DN","67/4231","198/21355",2.31054725061803e-06,6.1019398282679e-06,1.21043881021558e-06
"GSE27786_BCELL_VS_CD4_TCELL_DN","GSE27786_BCELL_VS_CD4_TCELL_DN","67/4231","198/21355",2.31054725061803e-06,6.1019398282679e-06,1.21043881021558e-06
"GSE29618_LAIV_VS_TIV_FLU_VACCINE_DAY7_MONOCYTE_UP","GSE29618_LAIV_VS_TIV_FLU_VACCINE_DAY7_MONOCYTE_UP","67/4231","198/21355",2.31054725061803e-06,6.1019398282679e-06,1.21043881021558e-06
"GSE30971_WBP7_HET_VS_KO_MACROPHAGE_2H_LPS_STIM_DN","GSE30971_WBP7_HET_VS_KO_MACROPHAGE_2H_LPS_STIM_DN","67/4231","198/21355",2.31054725061803e-06,6.1019398282679e-06,1.21043881021558e-06
"GSE37416_0H_VS_3H_F_TULARENSIS_LVS_NEUTROPHIL_UP","GSE37416_0H_VS_3H_F_TULARENSIS_LVS_NEUTROPHIL_UP","67/4231","198/21355",2.31054725061803e-06,6.1019398282679e-06,1.21043881021558e-06
"GSE3982_EOSINOPHIL_VS_MAST_CELL_DN","GSE3982_EOSINOPHIL_VS_MAST_CELL_DN","67/4231","198/21355",2.31054725061803e-06,6.1019398282679e-06,1.21043881021558e-06
"GSE3982_MAST_CELL_VS_TH1_DN","GSE3982_MAST_CELL_VS_TH1_DN","67/4231","198/21355",2.31054725061803e-06,6.1019398282679e-06,1.21043881021558e-06
"GSE3982_MAST_CELL_VS_TH2_UP","GSE3982_MAST_CELL_VS_TH2_UP","67/4231","198/21355",2.31054725061803e-06,6.1019398282679e-06,1.21043881021558e-06
"GSE41176_WT_VS_TAK1_KO_UNSTIM_BCELL_UP","GSE41176_WT_VS_TAK1_KO_UNSTIM_BCELL_UP","67/4231","198/21355",2.31054725061803e-06,6.1019398282679e-06,1.21043881021558e-06
"GSE5455_HEALTHY_VS_TUMOR_BEARING_MOUSE_SPLEEN_MONOCYTE_24H_INCUBATION_DN","GSE5455_HEALTHY_VS_TUMOR_BEARING_MOUSE_SPLEEN_MONOCYTE_24H_INCUBATION_DN","67/4231","198/21355",2.31054725061803e-06,6.1019398282679e-06,1.21043881021558e-06
"GSE27859_MACROPHAGE_VS_DC_UP","GSE27859_MACROPHAGE_VS_DC_UP","59/4231","168/21355",2.38538553691436e-06,6.29628280258753e-06,1.24899053068968e-06
"GSE37563_WT_VS_CTLA4_KO_CD4_TCELL_D4_POST_IMMUNIZATION_DN","GSE37563_WT_VS_CTLA4_KO_CD4_TCELL_D4_POST_IMMUNIZATION_DN","63/4231","183/21355",2.38659334479664e-06,6.29628280258753e-06,1.24899053068968e-06
"GSE6259_33D1_POS_DC_VS_CD8_TCELL_DN","GSE6259_33D1_POS_DC_VS_CD8_TCELL_DN","50/4231","135/21355",2.41546844927288e-06,6.369182752558e-06,1.26345165800173e-06
"GSE36891_POLYIC_TLR3_VS_PAM_TLR2_STIM_PERITONEAL_MACROPHAGE_DN","GSE36891_POLYIC_TLR3_VS_PAM_TLR2_STIM_PERITONEAL_MACROPHAGE_DN","57/4231","161/21355",2.62749164012688e-06,6.92469005002075e-06,1.37364736807607e-06
"GSE10325_CD4_TCELL_VS_BCELL_DN","GSE10325_CD4_TCELL_VS_BCELL_DN","66/4231","195/21355",2.71402426674497e-06,7.14172915366259e-06,1.41670130858945e-06
"GSE16450_IMMATURE_VS_MATURE_NEURON_CELL_LINE_UP","GSE16450_IMMATURE_VS_MATURE_NEURON_CELL_LINE_UP","66/4231","195/21355",2.71402426674497e-06,7.14172915366259e-06,1.41670130858945e-06
"GSE46468_LUNG_INNATE_LYMPHOID_CELL_VS_SPLEEN_CD4_TCELL_UP","GSE46468_LUNG_INNATE_LYMPHOID_CELL_VS_SPLEEN_CD4_TCELL_UP","66/4231","195/21355",2.71402426674497e-06,7.14172915366259e-06,1.41670130858945e-06
"GSE6092_IFNG_VS_IFNG_AND_B_BURGDORFERI_INF_ENDOTHELIAL_CELL_UP","GSE6092_IFNG_VS_IFNG_AND_B_BURGDORFERI_INF_ENDOTHELIAL_CELL_UP","62/4231","180/21355",2.80170704729419e-06,7.29763268769866e-06,1.44762781615231e-06
"GSE13485_CTRL_VS_DAY3_YF17D_VACCINE_PBMC_DN","GSE13485_CTRL_VS_DAY3_YF17D_VACCINE_PBMC_DN","67/4231","199/21355",2.8159807757058e-06,7.29763268769866e-06,1.44762781615231e-06
"GSE14308_TH2_VS_TH1_UP","GSE14308_TH2_VS_TH1_UP","67/4231","199/21355",2.8159807757058e-06,7.29763268769866e-06,1.44762781615231e-06
"GSE15324_ELF4_KO_VS_WT_ACTIVATED_CD8_TCELL_DN","GSE15324_ELF4_KO_VS_WT_ACTIVATED_CD8_TCELL_DN","67/4231","199/21355",2.8159807757058e-06,7.29763268769866e-06,1.44762781615231e-06
"GSE17721_0.5H_VS_12H_CPG_BMDC_DN","GSE17721_0.5H_VS_12H_CPG_BMDC_DN","67/4231","199/21355",2.8159807757058e-06,7.29763268769866e-06,1.44762781615231e-06
"GSE17721_12H_VS_24H_GARDIQUIMOD_BMDC_UP","GSE17721_12H_VS_24H_GARDIQUIMOD_BMDC_UP","67/4231","199/21355",2.8159807757058e-06,7.29763268769866e-06,1.44762781615231e-06
"GSE17721_CTRL_VS_PAM3CSK4_1H_BMDC_UP","GSE17721_CTRL_VS_PAM3CSK4_1H_BMDC_UP","67/4231","199/21355",2.8159807757058e-06,7.29763268769866e-06,1.44762781615231e-06
"GSE17721_POLYIC_VS_CPG_8H_BMDC_UP","GSE17721_POLYIC_VS_CPG_8H_BMDC_UP","67/4231","199/21355",2.8159807757058e-06,7.29763268769866e-06,1.44762781615231e-06
"GSE17721_POLYIC_VS_PAM3CSK4_6H_BMDC_DN","GSE17721_POLYIC_VS_PAM3CSK4_6H_BMDC_DN","67/4231","199/21355",2.8159807757058e-06,7.29763268769866e-06,1.44762781615231e-06
"GSE17974_CTRL_VS_ACT_IL4_AND_ANTI_IL12_4H_CD4_TCELL_DN","GSE17974_CTRL_VS_ACT_IL4_AND_ANTI_IL12_4H_CD4_TCELL_DN","67/4231","199/21355",2.8159807757058e-06,7.29763268769866e-06,1.44762781615231e-06
"GSE20198_IL12_VS_IL12_IL18_TREATED_ACT_CD4_TCELL_UP","GSE20198_IL12_VS_IL12_IL18_TREATED_ACT_CD4_TCELL_UP","67/4231","199/21355",2.8159807757058e-06,7.29763268769866e-06,1.44762781615231e-06
"GSE21670_UNTREATED_VS_TGFB_TREATED_STAT3_KO_CD4_TCELL_DN","GSE21670_UNTREATED_VS_TGFB_TREATED_STAT3_KO_CD4_TCELL_DN","67/4231","199/21355",2.8159807757058e-06,7.29763268769866e-06,1.44762781615231e-06
"GSE22229_UNTREATED_VS_IMMUNOSUPP_THERAPY_RENAL_TRANSPLANT_PATIENT_PBMC_DN","GSE22229_UNTREATED_VS_IMMUNOSUPP_THERAPY_RENAL_TRANSPLANT_PATIENT_PBMC_DN","67/4231","199/21355",2.8159807757058e-06,7.29763268769866e-06,1.44762781615231e-06
"GSE22886_NAIVE_CD4_TCELL_VS_12H_ACT_TH1_DN","GSE22886_NAIVE_CD4_TCELL_VS_12H_ACT_TH1_DN","67/4231","199/21355",2.8159807757058e-06,7.29763268769866e-06,1.44762781615231e-06
"GSE23695_CD57_POS_VS_NEG_NK_CELL_UP","GSE23695_CD57_POS_VS_NEG_NK_CELL_UP","67/4231","199/21355",2.8159807757058e-06,7.29763268769866e-06,1.44762781615231e-06
"GSE26495_NAIVE_VS_PD1LOW_CD8_TCELL_DN","GSE26495_NAIVE_VS_PD1LOW_CD8_TCELL_DN","67/4231","199/21355",2.8159807757058e-06,7.29763268769866e-06,1.44762781615231e-06
"GSE2770_IL12_VS_TGFB_AND_IL12_TREATED_ACT_CD4_TCELL_48H_DN","GSE2770_IL12_VS_TGFB_AND_IL12_TREATED_ACT_CD4_TCELL_48H_DN","67/4231","199/21355",2.8159807757058e-06,7.29763268769866e-06,1.44762781615231e-06
"GSE2770_TGFB_AND_IL4_VS_IL12_TREATED_ACT_CD4_TCELL_6H_DN","GSE2770_TGFB_AND_IL4_VS_IL12_TREATED_ACT_CD4_TCELL_6H_DN","67/4231","199/21355",2.8159807757058e-06,7.29763268769866e-06,1.44762781615231e-06
"GSE29164_DAY3_VS_DAY7_UNTREATED_MELANOMA_DN","GSE29164_DAY3_VS_DAY7_UNTREATED_MELANOMA_DN","67/4231","199/21355",2.8159807757058e-06,7.29763268769866e-06,1.44762781615231e-06
"GSE34515_CD16_NEG_VS_POS_MONOCYTE_DN","GSE34515_CD16_NEG_VS_POS_MONOCYTE_DN","67/4231","199/21355",2.8159807757058e-06,7.29763268769866e-06,1.44762781615231e-06
"GSE36392_EOSINOPHIL_VS_NEUTROPHIL_IL25_TREATED_LUNG_DN","GSE36392_EOSINOPHIL_VS_NEUTROPHIL_IL25_TREATED_LUNG_DN","67/4231","199/21355",2.8159807757058e-06,7.29763268769866e-06,1.44762781615231e-06
"GSE39820_CTRL_VS_TGFBETA1_IL6_IL23A_CD4_TCELL_UP","GSE39820_CTRL_VS_TGFBETA1_IL6_IL23A_CD4_TCELL_UP","67/4231","199/21355",2.8159807757058e-06,7.29763268769866e-06,1.44762781615231e-06
"GSE41867_DAY15_EFFECTOR_VS_DAY30_EXHAUSTED_CD8_TCELL_LCMV_CLONE13_UP","GSE41867_DAY15_EFFECTOR_VS_DAY30_EXHAUSTED_CD8_TCELL_LCMV_CLONE13_UP","67/4231","199/21355",2.8159807757058e-06,7.29763268769866e-06,1.44762781615231e-06
"GSE41978_ID2_KO_AND_BIM_KO_VS_BIM_KO_KLRG1_LOW_EFFECTOR_CD8_TCELL_DN","GSE41978_ID2_KO_AND_BIM_KO_VS_BIM_KO_KLRG1_LOW_EFFECTOR_CD8_TCELL_DN","67/4231","199/21355",2.8159807757058e-06,7.29763268769866e-06,1.44762781615231e-06
"GSE42021_CD24HI_VS_CD24LOW_TREG_THYMUS_UP","GSE42021_CD24HI_VS_CD24LOW_TREG_THYMUS_UP","67/4231","199/21355",2.8159807757058e-06,7.29763268769866e-06,1.44762781615231e-06
"GSE43955_1H_VS_42H_ACT_CD4_TCELL_WITH_TGFB_IL6_UP","GSE43955_1H_VS_42H_ACT_CD4_TCELL_WITH_TGFB_IL6_UP","67/4231","199/21355",2.8159807757058e-06,7.29763268769866e-06,1.44762781615231e-06
"GSE5589_IL6_KO_VS_IL10_KO_LPS_AND_IL10_STIM_MACROPHAGE_45MIN_DN","GSE5589_IL6_KO_VS_IL10_KO_LPS_AND_IL10_STIM_MACROPHAGE_45MIN_DN","67/4231","199/21355",2.8159807757058e-06,7.29763268769866e-06,1.44762781615231e-06
"GSE7548_DAY7_VS_DAY28_PCC_IMMUNIZATION_CD4_TCELL_DN","GSE7548_DAY7_VS_DAY28_PCC_IMMUNIZATION_CD4_TCELL_DN","67/4231","199/21355",2.8159807757058e-06,7.29763268769866e-06,1.44762781615231e-06
"GSE8685_IL2_STARVED_VS_IL2_ACT_IL2_STARVED_CD4_TCELL_UP","GSE8685_IL2_STARVED_VS_IL2_ACT_IL2_STARVED_CD4_TCELL_UP","67/4231","199/21355",2.8159807757058e-06,7.29763268769866e-06,1.44762781615231e-06
"GSE8835_HEALTHY_VS_CLL_CD4_TCELL_UP","GSE8835_HEALTHY_VS_CLL_CD4_TCELL_UP","67/4231","199/21355",2.8159807757058e-06,7.29763268769866e-06,1.44762781615231e-06
"GSE32255_UNSTIM_VS_4H_LPS_STIM_DC_DN","GSE32255_UNSTIM_VS_4H_LPS_STIM_DC_DN","55/4231","154/21355",2.87651081576356e-06,7.45072988459021e-06,1.47799763199255e-06
"GSE37532_TREG_VS_TCONV_CD4_TCELL_FROM_VISCERAL_ADIPOSE_TISSUE_DN","GSE37532_TREG_VS_TCONV_CD4_TCELL_FROM_VISCERAL_ADIPOSE_TISSUE_DN","59/4231","169/21355",2.96387511600945e-06,7.66540052707591e-06,1.52058174202832e-06
"GSE7219_WT_VS_NIK_NFKB2_KO_DC_DN","GSE7219_WT_VS_NIK_NFKB2_KO_DC_DN","59/4231","169/21355",2.96387511600945e-06,7.66540052707591e-06,1.52058174202832e-06
"SCHERER_PBMC_APSV_WETVAX_AGE_18_32YO_50_TO_60DY_UP","SCHERER_PBMC_APSV_WETVAX_AGE_18_32YO_50_TO_60DY_UP","59/4231","169/21355",2.96387511600945e-06,7.66540052707591e-06,1.52058174202832e-06
"GSE13547_WT_VS_ZFX_KO_BCELL_UP","GSE13547_WT_VS_ZFX_KO_BCELL_UP","57/4231","162/21355",3.27892138631142e-06,8.47164870273808e-06,1.68051679710146e-06
"GSE40274_CTRL_VS_IRF4_TRANSDUCED_ACTIVATED_CD4_TCELL_UP","GSE40274_CTRL_VS_IRF4_TRANSDUCED_ACTIVATED_CD4_TCELL_UP","57/4231","162/21355",3.27892138631142e-06,8.47164870273808e-06,1.68051679710146e-06
"NAKAYA_PBMC_FLUARIX_FLUVIRIN_AGE_18_50YO_CORRELATED_WITH_HAI_28DY_RESPONSE_AT_7DY_NEGATIVE","NAKAYA_PBMC_FLUARIX_FLUVIRIN_AGE_18_50YO_CORRELATED_WITH_HAI_28DY_RESPONSE_AT_7DY_NEGATIVE","135/4231","475/21355",3.30097858012169e-06,8.52434065577016e-06,1.69096927397457e-06
"GSE20152_SPHK1_KO_VS_HTNFA_OVEREXPRESS_ANKLE_UP","GSE20152_SPHK1_KO_VS_HTNFA_OVEREXPRESS_ANKLE_UP","66/4231","196/21355",3.30819174906239e-06,8.53007590829669e-06,1.69210697320463e-06
"GSE29617_CTRL_VS_DAY7_TIV_FLU_VACCINE_PBMC_2008_UP","GSE29617_CTRL_VS_DAY7_TIV_FLU_VACCINE_PBMC_2008_UP","66/4231","196/21355",3.30819174906239e-06,8.53007590829669e-06,1.69210697320463e-06
"GSE360_T_GONDII_VS_B_MALAYI_LOW_DOSE_MAC_UP","GSE360_T_GONDII_VS_B_MALAYI_LOW_DOSE_MAC_UP","66/4231","196/21355",3.30819174906239e-06,8.53007590829669e-06,1.69210697320463e-06
"GSE10240_IL22_VS_IL22_AND_IL17_STIM_PRIMARY_BRONCHIAL_EPITHELIAL_CELLS_UP","GSE10240_IL22_VS_IL22_AND_IL17_STIM_PRIMARY_BRONCHIAL_EPITHELIAL_CELLS_UP","67/4231","200/21355",3.42338306091402e-06,8.53930003418261e-06,1.69393675853141e-06
"GSE13306_RA_VS_UNTREATED_MEM_CD4_TCELL_DN","GSE13306_RA_VS_UNTREATED_MEM_CD4_TCELL_DN","67/4231","200/21355",3.42338306091402e-06,8.53930003418261e-06,1.69393675853141e-06
"GSE13306_RA_VS_UNTREATED_MEM_CD4_TCELL_UP","GSE13306_RA_VS_UNTREATED_MEM_CD4_TCELL_UP","67/4231","200/21355",3.42338306091402e-06,8.53930003418261e-06,1.69393675853141e-06
"GSE14308_TH1_VS_NAIVE_CD4_TCELL_UP","GSE14308_TH1_VS_NAIVE_CD4_TCELL_UP","67/4231","200/21355",3.42338306091402e-06,8.53930003418261e-06,1.69393675853141e-06
"GSE15330_GRANULOCYTE_MONOCYTE_PROGENITOR_VS_PRO_BCELL_DN","GSE15330_GRANULOCYTE_MONOCYTE_PROGENITOR_VS_PRO_BCELL_DN","67/4231","200/21355",3.42338306091402e-06,8.53930003418261e-06,1.69393675853141e-06
"GSE15735_CTRL_VS_HDAC_INHIBITOR_TREATED_CD4_TCELL_12H_UP","GSE15735_CTRL_VS_HDAC_INHIBITOR_TREATED_CD4_TCELL_12H_UP","67/4231","200/21355",3.42338306091402e-06,8.53930003418261e-06,1.69393675853141e-06
"GSE15735_CTRL_VS_HDAC_INHIBITOR_TREATED_CD4_TCELL_2H_DN","GSE15735_CTRL_VS_HDAC_INHIBITOR_TREATED_CD4_TCELL_2H_DN","67/4231","200/21355",3.42338306091402e-06,8.53930003418261e-06,1.69393675853141e-06
"GSE15750_DAY6_VS_DAY10_EFF_CD8_TCELL_DN","GSE15750_DAY6_VS_DAY10_EFF_CD8_TCELL_DN","67/4231","200/21355",3.42338306091402e-06,8.53930003418261e-06,1.69393675853141e-06
"GSE17721_0.5H_VS_4H_LPS_BMDC_UP","GSE17721_0.5H_VS_4H_LPS_BMDC_UP","67/4231","200/21355",3.42338306091402e-06,8.53930003418261e-06,1.69393675853141e-06
"GSE17721_0.5H_VS_4H_PAM3CSK4_BMDC_UP","GSE17721_0.5H_VS_4H_PAM3CSK4_BMDC_UP","67/4231","200/21355",3.42338306091402e-06,8.53930003418261e-06,1.69393675853141e-06
"GSE17721_12H_VS_24H_PAM3CSK4_BMDC_DN","GSE17721_12H_VS_24H_PAM3CSK4_BMDC_DN","67/4231","200/21355",3.42338306091402e-06,8.53930003418261e-06,1.69393675853141e-06
"GSE17721_CPG_VS_GARDIQUIMOD_4H_BMDC_DN","GSE17721_CPG_VS_GARDIQUIMOD_4H_BMDC_DN","67/4231","200/21355",3.42338306091402e-06,8.53930003418261e-06,1.69393675853141e-06
"GSE17721_CPG_VS_GARDIQUIMOD_8H_BMDC_DN","GSE17721_CPG_VS_GARDIQUIMOD_8H_BMDC_DN","67/4231","200/21355",3.42338306091402e-06,8.53930003418261e-06,1.69393675853141e-06
"GSE17721_CTRL_VS_GARDIQUIMOD_1H_BMDC_DN","GSE17721_CTRL_VS_GARDIQUIMOD_1H_BMDC_DN","67/4231","200/21355",3.42338306091402e-06,8.53930003418261e-06,1.69393675853141e-06
"GSE17721_LPS_VS_CPG_1H_BMDC_DN","GSE17721_LPS_VS_CPG_1H_BMDC_DN","67/4231","200/21355",3.42338306091402e-06,8.53930003418261e-06,1.69393675853141e-06
"GSE17721_PAM3CSK4_VS_CPG_24H_BMDC_DN","GSE17721_PAM3CSK4_VS_CPG_24H_BMDC_DN","67/4231","200/21355",3.42338306091402e-06,8.53930003418261e-06,1.69393675853141e-06
"GSE17721_PAM3CSK4_VS_GADIQUIMOD_1H_BMDC_DN","GSE17721_PAM3CSK4_VS_GADIQUIMOD_1H_BMDC_DN","67/4231","200/21355",3.42338306091402e-06,8.53930003418261e-06,1.69393675853141e-06
"GSE18281_SUBCAPSULAR_VS_PERIMEDULLARY_CORTICAL_REGION_OF_THYMUS_UP","GSE18281_SUBCAPSULAR_VS_PERIMEDULLARY_CORTICAL_REGION_OF_THYMUS_UP","67/4231","200/21355",3.42338306091402e-06,8.53930003418261e-06,1.69393675853141e-06
"GSE18893_CTRL_VS_TNF_TREATED_TCONV_2H_UP","GSE18893_CTRL_VS_TNF_TREATED_TCONV_2H_UP","67/4231","200/21355",3.42338306091402e-06,8.53930003418261e-06,1.69393675853141e-06
"GSE18893_TCONV_VS_TREG_2H_CULTURE_DN","GSE18893_TCONV_VS_TREG_2H_CULTURE_DN","67/4231","200/21355",3.42338306091402e-06,8.53930003418261e-06,1.69393675853141e-06
"GSE19198_CTRL_VS_IL21_TREATED_TCELL_24H_DN","GSE19198_CTRL_VS_IL21_TREATED_TCELL_24H_DN","67/4231","200/21355",3.42338306091402e-06,8.53930003418261e-06,1.69393675853141e-06
"GSE19825_CD24LOW_VS_IL2RA_HIGH_DAY3_EFF_CD8_TCELL_UP","GSE19825_CD24LOW_VS_IL2RA_HIGH_DAY3_EFF_CD8_TCELL_UP","67/4231","200/21355",3.42338306091402e-06,8.53930003418261e-06,1.69393675853141e-06
"GSE20198_IL12_IL18_VS_IFNA_TREATED_ACT_CD4_TCELL_UP","GSE20198_IL12_IL18_VS_IFNA_TREATED_ACT_CD4_TCELL_UP","67/4231","200/21355",3.42338306091402e-06,8.53930003418261e-06,1.69393675853141e-06
"GSE20715_WT_VS_TLR4_KO_24H_OZONE_LUNG_DN","GSE20715_WT_VS_TLR4_KO_24H_OZONE_LUNG_DN","67/4231","200/21355",3.42338306091402e-06,8.53930003418261e-06,1.69393675853141e-06
"GSE20715_WT_VS_TLR4_KO_48H_OZONE_LUNG_DN","GSE20715_WT_VS_TLR4_KO_48H_OZONE_LUNG_DN","67/4231","200/21355",3.42338306091402e-06,8.53930003418261e-06,1.69393675853141e-06
"GSE22025_UNTREATED_VS_PROGESTERONE_TREATED_CD4_TCELL_DN","GSE22025_UNTREATED_VS_PROGESTERONE_TREATED_CD4_TCELL_DN","67/4231","200/21355",3.42338306091402e-06,8.53930003418261e-06,1.69393675853141e-06
"GSE22601_IMMATURE_CD4_SINGLE_POSITIVE_VS_CD4_SINGLE_POSITIVE_THYMOCYTE_UP","GSE22601_IMMATURE_CD4_SINGLE_POSITIVE_VS_CD4_SINGLE_POSITIVE_THYMOCYTE_UP","67/4231","200/21355",3.42338306091402e-06,8.53930003418261e-06,1.69393675853141e-06
"GSE22886_NAIVE_BCELL_VS_BM_PLASMA_CELL_UP","GSE22886_NAIVE_BCELL_VS_BM_PLASMA_CELL_UP","67/4231","200/21355",3.42338306091402e-06,8.53930003418261e-06,1.69393675853141e-06
"GSE22935_UNSTIM_VS_12H_MBOVIS_BCG_STIM_MYD88_KO_MACROPHAGE_DN","GSE22935_UNSTIM_VS_12H_MBOVIS_BCG_STIM_MYD88_KO_MACROPHAGE_DN","67/4231","200/21355",3.42338306091402e-06,8.53930003418261e-06,1.69393675853141e-06
"GSE22935_WT_VS_MYD88_KO_MACROPHAGE_12H_MBOVIS_BCG_STIM_UP","GSE22935_WT_VS_MYD88_KO_MACROPHAGE_12H_MBOVIS_BCG_STIM_UP","67/4231","200/21355",3.42338306091402e-06,8.53930003418261e-06,1.69393675853141e-06
"GSE22935_WT_VS_MYD88_KO_MACROPHAGE_24H_MBOVIS_BCG_STIM_UP","GSE22935_WT_VS_MYD88_KO_MACROPHAGE_24H_MBOVIS_BCG_STIM_UP","67/4231","200/21355",3.42338306091402e-06,8.53930003418261e-06,1.69393675853141e-06
"GSE23502_BM_VS_COLON_TUMOR_MYELOID_DERIVED_SUPPRESSOR_CELL_DN","GSE23502_BM_VS_COLON_TUMOR_MYELOID_DERIVED_SUPPRESSOR_CELL_DN","67/4231","200/21355",3.42338306091402e-06,8.53930003418261e-06,1.69393675853141e-06
"GSE2405_0H_VS_24H_A_PHAGOCYTOPHILUM_STIM_NEUTROPHIL_UP","GSE2405_0H_VS_24H_A_PHAGOCYTOPHILUM_STIM_NEUTROPHIL_UP","67/4231","200/21355",3.42338306091402e-06,8.53930003418261e-06,1.69393675853141e-06
"GSE26912_TUMORICIDAL_VS_CTRL_MACROPHAGE_DN","GSE26912_TUMORICIDAL_VS_CTRL_MACROPHAGE_DN","67/4231","200/21355",3.42338306091402e-06,8.53930003418261e-06,1.69393675853141e-06
"GSE27434_WT_VS_DNMT1_KO_TREG_UP","GSE27434_WT_VS_DNMT1_KO_TREG_UP","67/4231","200/21355",3.42338306091402e-06,8.53930003418261e-06,1.69393675853141e-06
"GSE27786_BCELL_VS_NKTCELL_DN","GSE27786_BCELL_VS_NKTCELL_DN","67/4231","200/21355",3.42338306091402e-06,8.53930003418261e-06,1.69393675853141e-06
"GSE27786_CD8_TCELL_VS_ERYTHROBLAST_UP","GSE27786_CD8_TCELL_VS_ERYTHROBLAST_UP","67/4231","200/21355",3.42338306091402e-06,8.53930003418261e-06,1.69393675853141e-06
"GSE27786_CD8_TCELL_VS_MONO_MAC_DN","GSE27786_CD8_TCELL_VS_MONO_MAC_DN","67/4231","200/21355",3.42338306091402e-06,8.53930003418261e-06,1.69393675853141e-06
"GSE27859_CD11C_INT_F480_HI_MACROPHAGE_VS_CD11C_ING_F480_INT_DC_DN","GSE27859_CD11C_INT_F480_HI_MACROPHAGE_VS_CD11C_ING_F480_INT_DC_DN","67/4231","200/21355",3.42338306091402e-06,8.53930003418261e-06,1.69393675853141e-06
"GSE28726_NAIVE_CD4_TCELL_VS_NAIVE_NKTCELL_DN","GSE28726_NAIVE_CD4_TCELL_VS_NAIVE_NKTCELL_DN","67/4231","200/21355",3.42338306091402e-06,8.53930003418261e-06,1.69393675853141e-06
"GSE3039_ALPHABETA_CD8_TCELL_VS_B2_BCELL_DN","GSE3039_ALPHABETA_CD8_TCELL_VS_B2_BCELL_DN","67/4231","200/21355",3.42338306091402e-06,8.53930003418261e-06,1.69393675853141e-06
"GSE3039_NKT_CELL_VS_ALPHAALPHA_CD8_TCELL_UP","GSE3039_NKT_CELL_VS_ALPHAALPHA_CD8_TCELL_UP","67/4231","200/21355",3.42338306091402e-06,8.53930003418261e-06,1.69393675853141e-06
"GSE31622_WT_VS_KLF3_KO_BCELL_DN","GSE31622_WT_VS_KLF3_KO_BCELL_DN","67/4231","200/21355",3.42338306091402e-06,8.53930003418261e-06,1.69393675853141e-06
"GSE32533_MIR17_KO_VS_MIR17_OVEREXPRESS_ACT_CD4_TCELL_DN","GSE32533_MIR17_KO_VS_MIR17_OVEREXPRESS_ACT_CD4_TCELL_DN","67/4231","200/21355",3.42338306091402e-06,8.53930003418261e-06,1.69393675853141e-06
"GSE339_CD8POS_VS_CD4CD8DN_DC_IN_CULTURE_DN","GSE339_CD8POS_VS_CD4CD8DN_DC_IN_CULTURE_DN","67/4231","200/21355",3.42338306091402e-06,8.53930003418261e-06,1.69393675853141e-06
"GSE34515_CD16_NEG_VS_POS_MONOCYTE_UP","GSE34515_CD16_NEG_VS_POS_MONOCYTE_UP","67/4231","200/21355",3.42338306091402e-06,8.53930003418261e-06,1.69393675853141e-06
"GSE36009_UNSTIM_VS_LPS_STIM_DC_UP","GSE36009_UNSTIM_VS_LPS_STIM_DC_UP","67/4231","200/21355",3.42338306091402e-06,8.53930003418261e-06,1.69393675853141e-06
"GSE37532_WT_VS_PPARG_KO_VISCERAL_ADIPOSE_TISSUE_TREG_DN","GSE37532_WT_VS_PPARG_KO_VISCERAL_ADIPOSE_TISSUE_TREG_DN","67/4231","200/21355",3.42338306091402e-06,8.53930003418261e-06,1.69393675853141e-06
"GSE3982_BCELL_VS_BASOPHIL_DN","GSE3982_BCELL_VS_BASOPHIL_DN","67/4231","200/21355",3.42338306091402e-06,8.53930003418261e-06,1.69393675853141e-06
"GSE40666_NAIVE_VS_EFFECTOR_CD8_TCELL_WITH_IFNA_STIM_90MIN_DN","GSE40666_NAIVE_VS_EFFECTOR_CD8_TCELL_WITH_IFNA_STIM_90MIN_DN","67/4231","200/21355",3.42338306091402e-06,8.53930003418261e-06,1.69393675853141e-06
"GSE41867_NAIVE_VS_DAY15_LCMV_ARMSTRONG_EFFECTOR_CD8_TCELL_UP","GSE41867_NAIVE_VS_DAY15_LCMV_ARMSTRONG_EFFECTOR_CD8_TCELL_UP","67/4231","200/21355",3.42338306091402e-06,8.53930003418261e-06,1.69393675853141e-06
"GSE41867_NAIVE_VS_DAY30_LCMV_CLONE13_EXHAUSTED_CD8_TCELL_DN","GSE41867_NAIVE_VS_DAY30_LCMV_CLONE13_EXHAUSTED_CD8_TCELL_DN","67/4231","200/21355",3.42338306091402e-06,8.53930003418261e-06,1.69393675853141e-06
"GSE42021_CD24HI_VS_CD24INT_TREG_THYMUS_DN","GSE42021_CD24HI_VS_CD24INT_TREG_THYMUS_DN","67/4231","200/21355",3.42338306091402e-06,8.53930003418261e-06,1.69393675853141e-06
"GSE42021_TCONV_PLN_VS_CD24HI_TCONV_THYMUS_UP","GSE42021_TCONV_PLN_VS_CD24HI_TCONV_THYMUS_UP","67/4231","200/21355",3.42338306091402e-06,8.53930003418261e-06,1.69393675853141e-06
"GSE43955_1H_VS_42H_ACT_CD4_TCELL_UP","GSE43955_1H_VS_42H_ACT_CD4_TCELL_UP","67/4231","200/21355",3.42338306091402e-06,8.53930003418261e-06,1.69393675853141e-06
"GSE44649_NAIVE_VS_ACTIVATED_CD8_TCELL_DN","GSE44649_NAIVE_VS_ACTIVATED_CD8_TCELL_DN","67/4231","200/21355",3.42338306091402e-06,8.53930003418261e-06,1.69393675853141e-06
"GSE46606_IRF4MID_VS_WT_CD40L_IL2_IL5_DAY3_STIMULATED_BCELL_UP","GSE46606_IRF4MID_VS_WT_CD40L_IL2_IL5_DAY3_STIMULATED_BCELL_UP","67/4231","200/21355",3.42338306091402e-06,8.53930003418261e-06,1.69393675853141e-06
"GSE5503_LIVER_DC_VS_MLN_DC_ACTIVATED_ALLOGENIC_TCELL_UP","GSE5503_LIVER_DC_VS_MLN_DC_ACTIVATED_ALLOGENIC_TCELL_UP","67/4231","200/21355",3.42338306091402e-06,8.53930003418261e-06,1.69393675853141e-06
"GSE5589_LPS_VS_LPS_AND_IL10_STIM_IL10_KO_MACROPHAGE_180MIN_DN","GSE5589_LPS_VS_LPS_AND_IL10_STIM_IL10_KO_MACROPHAGE_180MIN_DN","67/4231","200/21355",3.42338306091402e-06,8.53930003418261e-06,1.69393675853141e-06
"GSE5589_UNSTIM_VS_45MIN_LPS_AND_IL10_STIM_MACROPHAGE_UP","GSE5589_UNSTIM_VS_45MIN_LPS_AND_IL10_STIM_MACROPHAGE_UP","67/4231","200/21355",3.42338306091402e-06,8.53930003418261e-06,1.69393675853141e-06
"GSE6259_DEC205_POS_DC_VS_CD4_TCELL_DN","GSE6259_DEC205_POS_DC_VS_CD4_TCELL_DN","67/4231","200/21355",3.42338306091402e-06,8.53930003418261e-06,1.69393675853141e-06
"GSE7764_IL15_NK_CELL_24H_VS_SPLENOCYTE_UP","GSE7764_IL15_NK_CELL_24H_VS_SPLENOCYTE_UP","67/4231","200/21355",3.42338306091402e-06,8.53930003418261e-06,1.69393675853141e-06
"GSE7831_CPG_VS_INFLUENZA_STIM_PDC_1H_DN","GSE7831_CPG_VS_INFLUENZA_STIM_PDC_1H_DN","67/4231","200/21355",3.42338306091402e-06,8.53930003418261e-06,1.69393675853141e-06
"GSE8921_UNSTIM_0H_VS_TLR1_2_STIM_MONOCYTE_12H_DN","GSE8921_UNSTIM_0H_VS_TLR1_2_STIM_MONOCYTE_12H_DN","67/4231","200/21355",3.42338306091402e-06,8.53930003418261e-06,1.69393675853141e-06
"GSE9037_WT_VS_IRAK4_KO_BMDM_UP","GSE9037_WT_VS_IRAK4_KO_BMDM_UP","67/4231","200/21355",3.42338306091402e-06,8.53930003418261e-06,1.69393675853141e-06
"GSE9316_CD4_TCELL_BALBC_VS_TH17_ENRI_CD4_TCELL_SKG_PMA_IONO_STIM_FR4NEG_DN","GSE9316_CD4_TCELL_BALBC_VS_TH17_ENRI_CD4_TCELL_SKG_PMA_IONO_STIM_FR4NEG_DN","67/4231","200/21355",3.42338306091402e-06,8.53930003418261e-06,1.69393675853141e-06
"GSE9960_GRAM_POS_VS_GRAM_NEG_AND_POS_SEPSIS_PBMC_DN","GSE9960_GRAM_POS_VS_GRAM_NEG_AND_POS_SEPSIS_PBMC_DN","67/4231","200/21355",3.42338306091402e-06,8.53930003418261e-06,1.69393675853141e-06
"GSE25677_R848_VS_MPL_AND_R848_STIM_BCELL_DN","GSE25677_R848_VS_MPL_AND_R848_STIM_BCELL_DN","58/4231","166/21355",3.47677190636784e-06,8.66825524904744e-06,1.7195175412407e-06
"GSE42724_NAIVE_BCELL_VS_PLASMABLAST_UP","GSE42724_NAIVE_BCELL_VS_PLASMABLAST_UP","66/4231","197/21355",4.02218504017904e-06,1.00134630966283e-05,1.98636576202702e-06
"GSE6259_33D1_POS_VS_DEC205_POS_SPLENIC_DC_DN","GSE6259_33D1_POS_VS_DEC205_POS_SPLENIC_DC_DN","66/4231","197/21355",4.02218504017904e-06,1.00134630966283e-05,1.98636576202702e-06
"GSE8515_CTRL_VS_IL1_4H_STIM_MAC_DN","GSE8515_CTRL_VS_IL1_4H_STIM_MAC_DN","66/4231","197/21355",4.02218504017904e-06,1.00134630966283e-05,1.98636576202702e-06
"GSE15624_CTRL_VS_6H_HALOFUGINONE_TREATED_CD4_TCELL_DN","GSE15624_CTRL_VS_6H_HALOFUGINONE_TREATED_CD4_TCELL_DN","57/4231","163/21355",4.07842114181589e-06,1.01485372684215e-05,2.01316035922031e-06
"GSE40274_CTRL_VS_FOXP3_AND_XBP1_TRANSDUCED_ACTIVATED_CD4_TCELL_UP","GSE40274_CTRL_VS_FOXP3_AND_XBP1_TRANSDUCED_ACTIVATED_CD4_TCELL_UP","58/4231","167/21355",4.30847737781856e-06,1.07157957490043e-05,2.12568714572524e-06
"GSE27291_0H_VS_7D_STIM_GAMMADELTA_TCELL_DN","GSE27291_0H_VS_7D_STIM_GAMMADELTA_TCELL_DN","64/4231","190/21355",4.56639204438078e-06,1.13517583023743e-05,2.25184272544379e-06
"GSE1432_CTRL_VS_IFNG_1H_MICROGLIA_UP","GSE1432_CTRL_VS_IFNG_1H_MICROGLIA_UP","65/4231","194/21355",4.72595960453294e-06,1.17427382127173e-05,2.32940121844979e-06
"GSE4590_SMALL_VS_LARGE_PRE_BCELL_DN","GSE4590_SMALL_VS_LARGE_PRE_BCELL_DN","56/4231","160/21355",4.78418032129886e-06,1.18816416312878e-05,2.35695542144772e-06
"GSE11924_TFH_VS_TH17_CD4_TCELL_UP","GSE11924_TFH_VS_TH17_CD4_TCELL_UP","66/4231","198/21355",4.87800393495953e-06,1.20504328533024e-05,2.3904384533524e-06
"GSE13484_12H_UNSTIM_VS_YF17D_VACCINE_STIM_PBMC_DN","GSE13484_12H_UNSTIM_VS_YF17D_VACCINE_STIM_PBMC_DN","66/4231","198/21355",4.87800393495953e-06,1.20504328533024e-05,2.3904384533524e-06
"GSE18791_CTRL_VS_NEWCASTLE_VIRUS_DC_6H_DN","GSE18791_CTRL_VS_NEWCASTLE_VIRUS_DC_6H_DN","66/4231","198/21355",4.87800393495953e-06,1.20504328533024e-05,2.3904384533524e-06
"GSE22611_UNSTIM_VS_2H_MDP_STIM_MUTANT_NOD2_TRANSDUCED_HEK293T_CELL_UP","GSE22611_UNSTIM_VS_2H_MDP_STIM_MUTANT_NOD2_TRANSDUCED_HEK293T_CELL_UP","66/4231","198/21355",4.87800393495953e-06,1.20504328533024e-05,2.3904384533524e-06
"GSE22886_NAIVE_BCELL_VS_BLOOD_PLASMA_CELL_DN","GSE22886_NAIVE_BCELL_VS_BLOOD_PLASMA_CELL_DN","66/4231","198/21355",4.87800393495953e-06,1.20504328533024e-05,2.3904384533524e-06
"GSE25087_FETAL_VS_ADULT_TREG_UP","GSE25087_FETAL_VS_ADULT_TREG_UP","66/4231","198/21355",4.87800393495953e-06,1.20504328533024e-05,2.3904384533524e-06
"GSE29949_CD8_POS_DC_SPLEEN_VS_DC_BRAIN_UP","GSE29949_CD8_POS_DC_SPLEEN_VS_DC_BRAIN_UP","66/4231","198/21355",4.87800393495953e-06,1.20504328533024e-05,2.3904384533524e-06
"GSE36476_CTRL_VS_TSST_ACT_16H_MEMORY_CD4_TCELL_OLD_UP","GSE36476_CTRL_VS_TSST_ACT_16H_MEMORY_CD4_TCELL_OLD_UP","66/4231","198/21355",4.87800393495953e-06,1.20504328533024e-05,2.3904384533524e-06
"GSE36476_CTRL_VS_TSST_ACT_72H_MEMORY_CD4_TCELL_YOUNG_UP","GSE36476_CTRL_VS_TSST_ACT_72H_MEMORY_CD4_TCELL_YOUNG_UP","66/4231","198/21355",4.87800393495953e-06,1.20504328533024e-05,2.3904384533524e-06
"GSE44649_WT_VS_MIR155_KO_NAIVE_CD8_TCELL_UP","GSE44649_WT_VS_MIR155_KO_NAIVE_CD8_TCELL_UP","66/4231","198/21355",4.87800393495953e-06,1.20504328533024e-05,2.3904384533524e-06
"GSE9006_HEALTHY_VS_TYPE_1_DIABETES_PBMC_AT_DX_UP","GSE9006_HEALTHY_VS_TYPE_1_DIABETES_PBMC_AT_DX_UP","66/4231","198/21355",4.87800393495953e-06,1.20504328533024e-05,2.3904384533524e-06
"GSE2935_UV_INACTIVATED_VS_LIVE_SENDAI_VIRUS_INF_MACROPHAGE_DN","GSE2935_UV_INACTIVATED_VS_LIVE_SENDAI_VIRUS_INF_MACROPHAGE_DN","61/4231","179/21355",4.96432227555514e-06,1.22518613310042e-05,2.43039572165637e-06
"GSE37301_MULTIPOTENT_PROGENITOR_VS_PRO_BCELL_DN","GSE37301_MULTIPOTENT_PROGENITOR_VS_PRO_BCELL_DN","61/4231","179/21355",4.96432227555514e-06,1.22518613310042e-05,2.43039572165637e-06
"GSE14415_INDUCED_TREG_VS_TCONV_DN","GSE14415_INDUCED_TREG_VS_TCONV_DN","57/4231","164/21355",5.05646591395058e-06,1.24672651634972e-05,2.4731252742342e-06
"GSE6674_UNSTIM_VS_CPG_STIM_BCELL_DN","GSE6674_UNSTIM_VS_CPG_STIM_BCELL_DN","57/4231","164/21355",5.05646591395058e-06,1.24672651634972e-05,2.4731252742342e-06
"GSE15330_HSC_VS_MEGAKARYOCYTE_ERYTHROID_PROGENITOR_DN","GSE15330_HSC_VS_MEGAKARYOCYTE_ERYTHROID_PROGENITOR_DN","58/4231","168/21355",5.32247125756803e-06,1.31168209934104e-05,2.60197734555198e-06
"FLETCHER_PBMC_BCG_10W_INFANT_PPD_STIMULATED_VS_UNSTIMULATED_10W_UP","FLETCHER_PBMC_BCG_10W_INFANT_PPD_STIMULATED_VS_UNSTIMULATED_10W_UP","37/4231","92/21355",5.36612948844671e-06,1.32180585092637e-05,2.62205978190623e-06
"GSE6259_DEC205_POS_DC_VS_BCELL_DN","GSE6259_DEC205_POS_DC_VS_BCELL_DN","59/4231","172/21355",5.58114860057287e-06,1.37410988119772e-05,2.72581503015997e-06
"GSE14415_NATURAL_TREG_VS_TCONV_UP","GSE14415_NATURAL_TREG_VS_TCONV_UP","55/4231","157/21355",5.61206386269692e-06,1.38105805857822e-05,2.73959809554298e-06
"GSE22611_NOD2_TRANSD_VS_CTRL_TRANSD_HEK293_MDP_STIM_6H_DN","GSE22611_NOD2_TRANSD_VS_CTRL_TRANSD_HEK293_MDP_STIM_6H_DN","65/4231","195/21355",5.7319272734268e-06,1.4092018802679e-05,2.79542685655953e-06
"GSE46606_UNSTIM_VS_CD40L_IL2_IL5_DAY3_STIMULATED_BCELL_UP","GSE46606_UNSTIM_VS_CD40L_IL2_IL5_DAY3_STIMULATED_BCELL_UP","65/4231","195/21355",5.7319272734268e-06,1.4092018802679e-05,2.79542685655953e-06
"HOEK_NK_CELL_2011_2012_TIV_7D_VS_0DY_ADULT_7D_DN","HOEK_NK_CELL_2011_2012_TIV_7D_VS_0DY_ADULT_7D_DN","13/4231","19/21355",5.76329692337893e-06,1.4162349007306e-05,2.80937822474847e-06
"GSE37532_WT_VS_PPARG_KO_LN_TREG_UP","GSE37532_WT_VS_PPARG_KO_LN_TREG_UP","60/4231","176/21355",5.83156280591495e-06,1.42486467009595e-05,2.82649705590218e-06
"GSE12392_IFNAR_KO_VS_IFNB_KO_CD8_NEG_SPLEEN_DC_UP","GSE12392_IFNAR_KO_VS_IFNB_KO_CD8_NEG_SPLEEN_DC_UP","66/4231","199/21355",5.90126354782226e-06,1.42486467009595e-05,2.82649705590218e-06
"GSE13493_DP_VS_CD4INTCD8POS_THYMOCYTE_UP","GSE13493_DP_VS_CD4INTCD8POS_THYMOCYTE_UP","66/4231","199/21355",5.90126354782226e-06,1.42486467009595e-05,2.82649705590218e-06
"GSE1460_CD4_THYMOCYTE_VS_NAIVE_CD4_TCELL_ADULT_BLOOD_UP","GSE1460_CD4_THYMOCYTE_VS_NAIVE_CD4_TCELL_ADULT_BLOOD_UP","66/4231","199/21355",5.90126354782226e-06,1.42486467009595e-05,2.82649705590218e-06
"GSE1460_INTRATHYMIC_T_PROGENITOR_VS_CD4_THYMOCYTE_DN","GSE1460_INTRATHYMIC_T_PROGENITOR_VS_CD4_THYMOCYTE_DN","66/4231","199/21355",5.90126354782226e-06,1.42486467009595e-05,2.82649705590218e-06
"GSE15139_GMCSF_TREATED_VS_UNTREATED_NEUTROPHILS_DN","GSE15139_GMCSF_TREATED_VS_UNTREATED_NEUTROPHILS_DN","66/4231","199/21355",5.90126354782226e-06,1.42486467009595e-05,2.82649705590218e-06
"GSE17186_NAIVE_VS_CD21HIGH_TRANSITIONAL_BCELL_CORD_BLOOD_DN","GSE17186_NAIVE_VS_CD21HIGH_TRANSITIONAL_BCELL_CORD_BLOOD_DN","66/4231","199/21355",5.90126354782226e-06,1.42486467009595e-05,2.82649705590218e-06
"GSE17721_CTRL_VS_PAM3CSK4_1H_BMDC_DN","GSE17721_CTRL_VS_PAM3CSK4_1H_BMDC_DN","66/4231","199/21355",5.90126354782226e-06,1.42486467009595e-05,2.82649705590218e-06
"GSE17721_LPS_VS_PAM3CSK4_1H_BMDC_DN","GSE17721_LPS_VS_PAM3CSK4_1H_BMDC_DN","66/4231","199/21355",5.90126354782226e-06,1.42486467009595e-05,2.82649705590218e-06
"GSE17721_LPS_VS_POLYIC_8H_BMDC_DN","GSE17721_LPS_VS_POLYIC_8H_BMDC_DN","66/4231","199/21355",5.90126354782226e-06,1.42486467009595e-05,2.82649705590218e-06
"GSE18791_CTRL_VS_NEWCASTLE_VIRUS_DC_16H_UP","GSE18791_CTRL_VS_NEWCASTLE_VIRUS_DC_16H_UP","66/4231","199/21355",5.90126354782226e-06,1.42486467009595e-05,2.82649705590218e-06
"GSE1925_CTRL_VS_24H_IFNG_STIM_IFNG_PRIMED_MACROPHAGE_UP","GSE1925_CTRL_VS_24H_IFNG_STIM_IFNG_PRIMED_MACROPHAGE_UP","66/4231","199/21355",5.90126354782226e-06,1.42486467009595e-05,2.82649705590218e-06
"GSE19401_PLN_VS_PEYERS_PATCH_FOLLICULAR_DC_DN","GSE19401_PLN_VS_PEYERS_PATCH_FOLLICULAR_DC_DN","66/4231","199/21355",5.90126354782226e-06,1.42486467009595e-05,2.82649705590218e-06
"GSE19923_E2A_KO_VS_HEB_AND_E2A_KO_DP_THYMOCYTE_UP","GSE19923_E2A_KO_VS_HEB_AND_E2A_KO_DP_THYMOCYTE_UP","66/4231","199/21355",5.90126354782226e-06,1.42486467009595e-05,2.82649705590218e-06
"GSE19941_LPS_VS_LPS_AND_IL10_STIM_IL10_KO_NFKBP50_KO_MACROPHAGE_DN","GSE19941_LPS_VS_LPS_AND_IL10_STIM_IL10_KO_NFKBP50_KO_MACROPHAGE_DN","66/4231","199/21355",5.90126354782226e-06,1.42486467009595e-05,2.82649705590218e-06
"GSE20727_H2O2_VS_ROS_INHIBITOR_TREATED_DC_UP","GSE20727_H2O2_VS_ROS_INHIBITOR_TREATED_DC_UP","66/4231","199/21355",5.90126354782226e-06,1.42486467009595e-05,2.82649705590218e-06
"GSE21063_3H_VS_16H_ANTI_IGM_STIM_NFATC1_KOBCELL_UP","GSE21063_3H_VS_16H_ANTI_IGM_STIM_NFATC1_KOBCELL_UP","66/4231","199/21355",5.90126354782226e-06,1.42486467009595e-05,2.82649705590218e-06
"GSE21546_WT_VS_SAP1A_KO_AND_ELK1_KO_ANTI_CD3_STIM_DP_THYMOCYTES_DN","GSE21546_WT_VS_SAP1A_KO_AND_ELK1_KO_ANTI_CD3_STIM_DP_THYMOCYTES_DN","66/4231","199/21355",5.90126354782226e-06,1.42486467009595e-05,2.82649705590218e-06
"GSE2405_0H_VS_1.5H_A_PHAGOCYTOPHILUM_STIM_NEUTROPHIL_DN","GSE2405_0H_VS_1.5H_A_PHAGOCYTOPHILUM_STIM_NEUTROPHIL_DN","66/4231","199/21355",5.90126354782226e-06,1.42486467009595e-05,2.82649705590218e-06
"GSE25088_ROSIGLITAZONE_VS_IL4_AND_ROSIGLITAZONE_STIM_MACROPHAGE_DAY10_DN","GSE25088_ROSIGLITAZONE_VS_IL4_AND_ROSIGLITAZONE_STIM_MACROPHAGE_DAY10_DN","66/4231","199/21355",5.90126354782226e-06,1.42486467009595e-05,2.82649705590218e-06
"GSE25088_WT_VS_STAT6_KO_MACROPHAGE_ROSIGLITAZONE_STIM_DN","GSE25088_WT_VS_STAT6_KO_MACROPHAGE_ROSIGLITAZONE_STIM_DN","66/4231","199/21355",5.90126354782226e-06,1.42486467009595e-05,2.82649705590218e-06
"GSE26669_CD4_VS_CD8_TCELL_IN_MLR_DN","GSE26669_CD4_VS_CD8_TCELL_IN_MLR_DN","66/4231","199/21355",5.90126354782226e-06,1.42486467009595e-05,2.82649705590218e-06
"GSE27786_CD8_TCELL_VS_NEUTROPHIL_DN","GSE27786_CD8_TCELL_VS_NEUTROPHIL_DN","66/4231","199/21355",5.90126354782226e-06,1.42486467009595e-05,2.82649705590218e-06
"GSE27786_LSK_VS_BCELL_DN","GSE27786_LSK_VS_BCELL_DN","66/4231","199/21355",5.90126354782226e-06,1.42486467009595e-05,2.82649705590218e-06
"GSE28783_ANTI_MIR33_VS_UNTREATED_ATHEROSCLEROSIS_MACROPHAGE_UP","GSE28783_ANTI_MIR33_VS_UNTREATED_ATHEROSCLEROSIS_MACROPHAGE_UP","66/4231","199/21355",5.90126354782226e-06,1.42486467009595e-05,2.82649705590218e-06
"GSE30971_WBP7_HET_VS_KO_MACROPHAGE_DN","GSE30971_WBP7_HET_VS_KO_MACROPHAGE_DN","66/4231","199/21355",5.90126354782226e-06,1.42486467009595e-05,2.82649705590218e-06
"GSE32986_UNSTIM_VS_GMCSF_STIM_DC_DN","GSE32986_UNSTIM_VS_GMCSF_STIM_DC_DN","66/4231","199/21355",5.90126354782226e-06,1.42486467009595e-05,2.82649705590218e-06
"GSE360_DC_VS_MAC_B_MALAYI_LOW_DOSE_UP","GSE360_DC_VS_MAC_B_MALAYI_LOW_DOSE_UP","66/4231","199/21355",5.90126354782226e-06,1.42486467009595e-05,2.82649705590218e-06
"GSE360_L_MAJOR_VS_B_MALAYI_HIGH_DOSE_MAC_DN","GSE360_L_MAJOR_VS_B_MALAYI_HIGH_DOSE_MAC_DN","66/4231","199/21355",5.90126354782226e-06,1.42486467009595e-05,2.82649705590218e-06
"GSE360_L_MAJOR_VS_M_TUBERCULOSIS_DC_UP","GSE360_L_MAJOR_VS_M_TUBERCULOSIS_DC_UP","66/4231","199/21355",5.90126354782226e-06,1.42486467009595e-05,2.82649705590218e-06
"GSE36888_UNTREATED_VS_IL2_TREATED_TCELL_17H_UP","GSE36888_UNTREATED_VS_IL2_TREATED_TCELL_17H_UP","66/4231","199/21355",5.90126354782226e-06,1.42486467009595e-05,2.82649705590218e-06
"GSE3982_EOSINOPHIL_VS_BCELL_UP","GSE3982_EOSINOPHIL_VS_BCELL_UP","66/4231","199/21355",5.90126354782226e-06,1.42486467009595e-05,2.82649705590218e-06
"GSE40685_TREG_VS_FOXP3_KO_TREG_PRECURSOR_DN","GSE40685_TREG_VS_FOXP3_KO_TREG_PRECURSOR_DN","66/4231","199/21355",5.90126354782226e-06,1.42486467009595e-05,2.82649705590218e-06
"GSE5589_WT_VS_IL6_KO_LPS_STIM_MACROPHAGE_45MIN_UP","GSE5589_WT_VS_IL6_KO_LPS_STIM_MACROPHAGE_45MIN_UP","66/4231","199/21355",5.90126354782226e-06,1.42486467009595e-05,2.82649705590218e-06
"GSE7831_1H_VS_4H_INFLUENZA_STIM_PDC_DN","GSE7831_1H_VS_4H_INFLUENZA_STIM_PDC_DN","66/4231","199/21355",5.90126354782226e-06,1.42486467009595e-05,2.82649705590218e-06
"GSE8621_UNSTIM_VS_LPS_STIM_MACROPHAGE_DN","GSE8621_UNSTIM_VS_LPS_STIM_MACROPHAGE_DN","66/4231","199/21355",5.90126354782226e-06,1.42486467009595e-05,2.82649705590218e-06
"GSE9509_LPS_VS_LPS_AND_IL10_STIM_IL10_KO_MACROPHAGE_10MIN_UP","GSE9509_LPS_VS_LPS_AND_IL10_STIM_IL10_KO_MACROPHAGE_10MIN_UP","66/4231","199/21355",5.90126354782226e-06,1.42486467009595e-05,2.82649705590218e-06
"GSE8685_IL15_ACT_IL2_STARVED_VS_IL21_ACT_IL2_STARVED_CD4_TCELL_UP","GSE8685_IL15_ACT_IL2_STARVED_VS_IL21_ACT_IL2_STARVED_CD4_TCELL_UP","57/4231","165/21355",6.24910867351505e-06,1.50814176367411e-05,2.99169341788856e-06
"GSE26488_WT_VS_VP16_TRANSGENIC_HDAC7_KO_DOUBLE_POSITIVE_THYMOCYTE_DN","GSE26488_WT_VS_VP16_TRANSGENIC_HDAC7_KO_DOUBLE_POSITIVE_THYMOCYTE_DN","58/4231","169/21355",6.55489086306717e-06,1.57970712572084e-05,3.13365727549199e-06
"GSE35825_UNTREATED_VS_IFNA_STIM_MACROPHAGE_DN","GSE35825_UNTREATED_VS_IFNA_STIM_MACROPHAGE_DN","58/4231","169/21355",6.55489086306717e-06,1.57970712572084e-05,3.13365727549199e-06
"GSE3920_IFNA_VS_IFNB_TREATED_ENDOTHELIAL_CELL_UP","GSE3920_IFNA_VS_IFNB_TREATED_ENDOTHELIAL_CELL_UP","58/4231","169/21355",6.55489086306717e-06,1.57970712572084e-05,3.13365727549199e-06
"GSE6269_HEALTHY_VS_E_COLI_INF_PBMC_DN","GSE6269_HEALTHY_VS_E_COLI_INF_PBMC_DN","59/4231","173/21355",6.85064392539403e-06,1.65020680270535e-05,3.27350713886557e-06
"GSE11864_CSF1_IFNG_VS_CSF1_PAM3CYS_IN_MAC_DN","GSE11864_CSF1_IFNG_VS_CSF1_PAM3CYS_IN_MAC_DN","65/4231","196/21355",6.93454413666106e-06,1.65035698280451e-05,3.27380505039151e-06
"GSE24081_CONTROLLER_VS_PROGRESSOR_HIV_SPECIFIC_CD8_TCELL_DN","GSE24081_CONTROLLER_VS_PROGRESSOR_HIV_SPECIFIC_CD8_TCELL_DN","65/4231","196/21355",6.93454413666106e-06,1.65035698280451e-05,3.27380505039151e-06
"GSE2770_IL12_ACT_VS_ACT_CD4_TCELL_6H_UP","GSE2770_IL12_ACT_VS_ACT_CD4_TCELL_6H_UP","65/4231","196/21355",6.93454413666106e-06,1.65035698280451e-05,3.27380505039151e-06
"GSE36888_UNTREATED_VS_IL2_TREATED_STAT5_AB_KNOCKIN_TCELL_2H_DN","GSE36888_UNTREATED_VS_IL2_TREATED_STAT5_AB_KNOCKIN_TCELL_2H_DN","65/4231","196/21355",6.93454413666106e-06,1.65035698280451e-05,3.27380505039151e-06
"GSE37416_CTRL_VS_6H_F_TULARENSIS_LVS_NEUTROPHIL_DN","GSE37416_CTRL_VS_6H_F_TULARENSIS_LVS_NEUTROPHIL_DN","65/4231","196/21355",6.93454413666106e-06,1.65035698280451e-05,3.27380505039151e-06
"MATSUMIYA_PBMC_MODIFIED_VACCINIA_ANKARA_VACCINE_AGE_18_55YO_2DY_UP","MATSUMIYA_PBMC_MODIFIED_VACCINIA_ANKARA_VACCINE_AGE_18_55YO_2DY_UP","29/4231","66/21355",7.10240131938519e-06,1.65035698280451e-05,3.27380505039151e-06
"GSE10239_NAIVE_VS_MEMORY_CD8_TCELL_UP","GSE10239_NAIVE_VS_MEMORY_CD8_TCELL_UP","66/4231","200/21355",7.12171214585168e-06,1.65035698280451e-05,3.27380505039151e-06
"GSE10240_CTRL_VS_IL17_AND_IL22_STIM_PRIMARY_BRONCHIAL_EPITHELIAL_CELLS_UP","GSE10240_CTRL_VS_IL17_AND_IL22_STIM_PRIMARY_BRONCHIAL_EPITHELIAL_CELLS_UP","66/4231","200/21355",7.12171214585168e-06,1.65035698280451e-05,3.27380505039151e-06
"GSE11924_TFH_VS_TH2_CD4_TCELL_DN","GSE11924_TFH_VS_TH2_CD4_TCELL_DN","66/4231","200/21355",7.12171214585168e-06,1.65035698280451e-05,3.27380505039151e-06
"GSE11961_MARGINAL_ZONE_BCELL_VS_MEMORY_BCELL_DAY40_DN","GSE11961_MARGINAL_ZONE_BCELL_VS_MEMORY_BCELL_DAY40_DN","66/4231","200/21355",7.12171214585168e-06,1.65035698280451e-05,3.27380505039151e-06
"GSE11961_MEMORY_BCELL_DAY7_VS_GERMINAL_CENTER_BCELL_DAY7_DN","GSE11961_MEMORY_BCELL_DAY7_VS_GERMINAL_CENTER_BCELL_DAY7_DN","66/4231","200/21355",7.12171214585168e-06,1.65035698280451e-05,3.27380505039151e-06
"GSE15330_HSC_VS_GRANULOCYTE_MONOCYTE_PROGENITOR_IKAROS_KO_DN","GSE15330_HSC_VS_GRANULOCYTE_MONOCYTE_PROGENITOR_IKAROS_KO_DN","66/4231","200/21355",7.12171214585168e-06,1.65035698280451e-05,3.27380505039151e-06
"GSE15330_WT_VS_IKAROS_KO_HSC_UP","GSE15330_WT_VS_IKAROS_KO_HSC_UP","66/4231","200/21355",7.12171214585168e-06,1.65035698280451e-05,3.27380505039151e-06
"GSE15930_NAIVE_VS_24H_IN_VITRO_STIM_IL12_CD8_TCELL_UP","GSE15930_NAIVE_VS_24H_IN_VITRO_STIM_IL12_CD8_TCELL_UP","66/4231","200/21355",7.12171214585168e-06,1.65035698280451e-05,3.27380505039151e-06
"GSE15930_STIM_VS_STIM_AND_IFNAB_72H_CD8_T_CELL_DN","GSE15930_STIM_VS_STIM_AND_IFNAB_72H_CD8_T_CELL_DN","66/4231","200/21355",7.12171214585168e-06,1.65035698280451e-05,3.27380505039151e-06
"GSE16385_ROSIGLITAZONE_VS_UNTREATED_IFNG_TNF_STIM_MACROPHAGE_DN","GSE16385_ROSIGLITAZONE_VS_UNTREATED_IFNG_TNF_STIM_MACROPHAGE_DN","66/4231","200/21355",7.12171214585168e-06,1.65035698280451e-05,3.27380505039151e-06
"GSE16385_UNTREATED_VS_12H_ROSIGLITAZONE_IL4_TREATED_MACROPHAGE_UP","GSE16385_UNTREATED_VS_12H_ROSIGLITAZONE_IL4_TREATED_MACROPHAGE_UP","66/4231","200/21355",7.12171214585168e-06,1.65035698280451e-05,3.27380505039151e-06
"GSE16522_MEMORY_VS_NAIVE_CD8_TCELL_UP","GSE16522_MEMORY_VS_NAIVE_CD8_TCELL_UP","66/4231","200/21355",7.12171214585168e-06,1.65035698280451e-05,3.27380505039151e-06
"GSE17186_BLOOD_VS_CORD_BLOOD_CD21LOW_TRANSITIONAL_BCELL_UP","GSE17186_BLOOD_VS_CORD_BLOOD_CD21LOW_TRANSITIONAL_BCELL_UP","66/4231","200/21355",7.12171214585168e-06,1.65035698280451e-05,3.27380505039151e-06
"GSE17186_NAIVE_VS_CD21LOW_TRANSITIONAL_BCELL_CORD_BLOOD_UP","GSE17186_NAIVE_VS_CD21LOW_TRANSITIONAL_BCELL_CORD_BLOOD_UP","66/4231","200/21355",7.12171214585168e-06,1.65035698280451e-05,3.27380505039151e-06
"GSE17721_0.5H_VS_24H_PAM3CSK4_BMDC_DN","GSE17721_0.5H_VS_24H_PAM3CSK4_BMDC_DN","66/4231","200/21355",7.12171214585168e-06,1.65035698280451e-05,3.27380505039151e-06
"GSE17721_CTRL_VS_GARDIQUIMOD_2H_BMDC_DN","GSE17721_CTRL_VS_GARDIQUIMOD_2H_BMDC_DN","66/4231","200/21355",7.12171214585168e-06,1.65035698280451e-05,3.27380505039151e-06
"GSE17721_PAM3CSK4_VS_CPG_8H_BMDC_DN","GSE17721_PAM3CSK4_VS_CPG_8H_BMDC_DN","66/4231","200/21355",7.12171214585168e-06,1.65035698280451e-05,3.27380505039151e-06
"GSE17721_POLYIC_VS_CPG_16H_BMDC_DN","GSE17721_POLYIC_VS_CPG_16H_BMDC_DN","66/4231","200/21355",7.12171214585168e-06,1.65035698280451e-05,3.27380505039151e-06
"GSE1925_CTRL_VS_24H_IFNG_STIM_IFNG_PRIMED_MACROPHAGE_DN","GSE1925_CTRL_VS_24H_IFNG_STIM_IFNG_PRIMED_MACROPHAGE_DN","66/4231","200/21355",7.12171214585168e-06,1.65035698280451e-05,3.27380505039151e-06
"GSE20715_WT_VS_TLR4_KO_6H_OZONE_LUNG_DN","GSE20715_WT_VS_TLR4_KO_6H_OZONE_LUNG_DN","66/4231","200/21355",7.12171214585168e-06,1.65035698280451e-05,3.27380505039151e-06
"GSE20715_WT_VS_TLR4_KO_LUNG_UP","GSE20715_WT_VS_TLR4_KO_LUNG_UP","66/4231","200/21355",7.12171214585168e-06,1.65035698280451e-05,3.27380505039151e-06
"GSE21063_WT_VS_NFATC1_KO_3H_ANTI_IGM_STIM_BCELL_DN","GSE21063_WT_VS_NFATC1_KO_3H_ANTI_IGM_STIM_BCELL_DN","66/4231","200/21355",7.12171214585168e-06,1.65035698280451e-05,3.27380505039151e-06
"GSE21063_WT_VS_NFATC1_KO_BCELL_DN","GSE21063_WT_VS_NFATC1_KO_BCELL_DN","66/4231","200/21355",7.12171214585168e-06,1.65035698280451e-05,3.27380505039151e-06
"GSE21360_NAIVE_VS_QUATERNARY_MEMORY_CD8_TCELL_DN","GSE21360_NAIVE_VS_QUATERNARY_MEMORY_CD8_TCELL_DN","66/4231","200/21355",7.12171214585168e-06,1.65035698280451e-05,3.27380505039151e-06
"GSE21380_NON_TFH_VS_GERMINAL_CENTER_TFH_CD4_TCELL_DN","GSE21380_NON_TFH_VS_GERMINAL_CENTER_TFH_CD4_TCELL_DN","66/4231","200/21355",7.12171214585168e-06,1.65035698280451e-05,3.27380505039151e-06
"GSE21546_WT_VS_SAP1A_KO_ANTI_CD3_STIM_DP_THYMOCYTES_UP","GSE21546_WT_VS_SAP1A_KO_ANTI_CD3_STIM_DP_THYMOCYTES_UP","66/4231","200/21355",7.12171214585168e-06,1.65035698280451e-05,3.27380505039151e-06
"GSE21670_STAT3_KO_VS_WT_CD4_TCELL_TGFB_IL6_TREATED_UP","GSE21670_STAT3_KO_VS_WT_CD4_TCELL_TGFB_IL6_TREATED_UP","66/4231","200/21355",7.12171214585168e-06,1.65035698280451e-05,3.27380505039151e-06
"GSE21927_SPLEEN_C57BL6_VS_4T1_TUMOR_BALBC_MONOCYTES_DN","GSE21927_SPLEEN_C57BL6_VS_4T1_TUMOR_BALBC_MONOCYTES_DN","66/4231","200/21355",7.12171214585168e-06,1.65035698280451e-05,3.27380505039151e-06
"GSE22601_CD4_SINGLE_POSITIVE_VS_CD8_SINGLE_POSITIVE_THYMOCYTE_DN","GSE22601_CD4_SINGLE_POSITIVE_VS_CD8_SINGLE_POSITIVE_THYMOCYTE_DN","66/4231","200/21355",7.12171214585168e-06,1.65035698280451e-05,3.27380505039151e-06
"GSE22886_IGA_VS_IGM_MEMORY_BCELL_DN","GSE22886_IGA_VS_IGM_MEMORY_BCELL_DN","66/4231","200/21355",7.12171214585168e-06,1.65035698280451e-05,3.27380505039151e-06
"GSE23308_WT_VS_MINERALCORTICOID_REC_KO_MACROPHAGE_CORTICOSTERONE_TREATED_DN","GSE23308_WT_VS_MINERALCORTICOID_REC_KO_MACROPHAGE_CORTICOSTERONE_TREATED_DN","66/4231","200/21355",7.12171214585168e-06,1.65035698280451e-05,3.27380505039151e-06
"GSE23398_WT_VS_IL2_KO_CD4_TCELL_SCURFY_MOUSE_DN","GSE23398_WT_VS_IL2_KO_CD4_TCELL_SCURFY_MOUSE_DN","66/4231","200/21355",7.12171214585168e-06,1.65035698280451e-05,3.27380505039151e-06
"GSE2585_AIRE_KO_VS_WT_CD80_HIGH_MTEC_DN","GSE2585_AIRE_KO_VS_WT_CD80_HIGH_MTEC_DN","66/4231","200/21355",7.12171214585168e-06,1.65035698280451e-05,3.27380505039151e-06
"GSE26030_TH1_VS_TH17_RESTIMULATED_DAY5_POST_POLARIZATION_DN","GSE26030_TH1_VS_TH17_RESTIMULATED_DAY5_POST_POLARIZATION_DN","66/4231","200/21355",7.12171214585168e-06,1.65035698280451e-05,3.27380505039151e-06
"GSE26669_CTRL_VS_COSTIM_BLOCK_MLR_CD8_TCELL_UP","GSE26669_CTRL_VS_COSTIM_BLOCK_MLR_CD8_TCELL_UP","66/4231","200/21355",7.12171214585168e-06,1.65035698280451e-05,3.27380505039151e-06
"GSE2770_UNTREATED_VS_IL4_TREATED_ACT_CD4_TCELL_6H_UP","GSE2770_UNTREATED_VS_IL4_TREATED_ACT_CD4_TCELL_6H_UP","66/4231","200/21355",7.12171214585168e-06,1.65035698280451e-05,3.27380505039151e-06
"GSE2770_UNTREATED_VS_TGFB_AND_IL4_TREATED_ACT_CD4_TCELL_4H_UP","GSE2770_UNTREATED_VS_TGFB_AND_IL4_TREATED_ACT_CD4_TCELL_4H_UP","66/4231","200/21355",7.12171214585168e-06,1.65035698280451e-05,3.27380505039151e-06
"GSE27786_CD4_TCELL_VS_NKTCELL_DN","GSE27786_CD4_TCELL_VS_NKTCELL_DN","66/4231","200/21355",7.12171214585168e-06,1.65035698280451e-05,3.27380505039151e-06
"GSE27786_LSK_VS_MONO_MAC_DN","GSE27786_LSK_VS_MONO_MAC_DN","66/4231","200/21355",7.12171214585168e-06,1.65035698280451e-05,3.27380505039151e-06
"GSE27786_NKTCELL_VS_NEUTROPHIL_DN","GSE27786_NKTCELL_VS_NEUTROPHIL_DN","66/4231","200/21355",7.12171214585168e-06,1.65035698280451e-05,3.27380505039151e-06
"GSE27859_DC_VS_CD11C_INT_F480_INT_DC_UP","GSE27859_DC_VS_CD11C_INT_F480_INT_DC_UP","66/4231","200/21355",7.12171214585168e-06,1.65035698280451e-05,3.27380505039151e-06
"GSE28237_EARLY_VS_LATE_GC_BCELL_DN","GSE28237_EARLY_VS_LATE_GC_BCELL_DN","66/4231","200/21355",7.12171214585168e-06,1.65035698280451e-05,3.27380505039151e-06
"GSE29618_MONOCYTE_VS_MDC_DN","GSE29618_MONOCYTE_VS_MDC_DN","66/4231","200/21355",7.12171214585168e-06,1.65035698280451e-05,3.27380505039151e-06
"GSE29949_MICROGLIA_BRAIN_VS_MONOCYTE_BONE_MARROW_DN","GSE29949_MICROGLIA_BRAIN_VS_MONOCYTE_BONE_MARROW_DN","66/4231","200/21355",7.12171214585168e-06,1.65035698280451e-05,3.27380505039151e-06
"GSE3039_ALPHAALPHA_CD8_TCELL_VS_B2_BCELL_UP","GSE3039_ALPHAALPHA_CD8_TCELL_VS_B2_BCELL_UP","66/4231","200/21355",7.12171214585168e-06,1.65035698280451e-05,3.27380505039151e-06
"GSE30971_WBP7_HET_VS_KO_MACROPHAGE_UP","GSE30971_WBP7_HET_VS_KO_MACROPHAGE_UP","66/4231","200/21355",7.12171214585168e-06,1.65035698280451e-05,3.27380505039151e-06
"GSE32423_IL7_VS_IL7_IL4_NAIVE_CD8_TCELL_DN","GSE32423_IL7_VS_IL7_IL4_NAIVE_CD8_TCELL_DN","66/4231","200/21355",7.12171214585168e-06,1.65035698280451e-05,3.27380505039151e-06
"GSE339_CD8POS_VS_CD4CD8DN_DC_UP","GSE339_CD8POS_VS_CD4CD8DN_DC_UP","66/4231","200/21355",7.12171214585168e-06,1.65035698280451e-05,3.27380505039151e-06
"GSE34006_WT_VS_A2AR_KO_TREG_UP","GSE34006_WT_VS_A2AR_KO_TREG_UP","66/4231","200/21355",7.12171214585168e-06,1.65035698280451e-05,3.27380505039151e-06
"GSE360_CTRL_VS_M_TUBERCULOSIS_DC_UP","GSE360_CTRL_VS_M_TUBERCULOSIS_DC_UP","66/4231","200/21355",7.12171214585168e-06,1.65035698280451e-05,3.27380505039151e-06
"GSE36392_TYPE_2_MYELOID_VS_NEUTROPHIL_IL25_TREATED_LUNG_UP","GSE36392_TYPE_2_MYELOID_VS_NEUTROPHIL_IL25_TREATED_LUNG_UP","66/4231","200/21355",7.12171214585168e-06,1.65035698280451e-05,3.27380505039151e-06
"GSE369_SOCS3_KO_VS_WT_LIVER_POST_IL6_INJECTION_DN","GSE369_SOCS3_KO_VS_WT_LIVER_POST_IL6_INJECTION_DN","66/4231","200/21355",7.12171214585168e-06,1.65035698280451e-05,3.27380505039151e-06
"GSE37301_LYMPHOID_PRIMED_MPP_VS_GRAN_MONO_PROGENITOR_UP","GSE37301_LYMPHOID_PRIMED_MPP_VS_GRAN_MONO_PROGENITOR_UP","66/4231","200/21355",7.12171214585168e-06,1.65035698280451e-05,3.27380505039151e-06
"GSE39820_TGFBETA1_VS_TGFBETA3_IN_IL6_TREATED_CD4_TCELL_UP","GSE39820_TGFBETA1_VS_TGFBETA3_IN_IL6_TREATED_CD4_TCELL_UP","66/4231","200/21355",7.12171214585168e-06,1.65035698280451e-05,3.27380505039151e-06
"GSE40068_CXCR5POS_BCL6POS_TFH_VS_CXCR5NEG_BCL6NEG_CD4_TCELL_DN","GSE40068_CXCR5POS_BCL6POS_TFH_VS_CXCR5NEG_BCL6NEG_CD4_TCELL_DN","66/4231","200/21355",7.12171214585168e-06,1.65035698280451e-05,3.27380505039151e-06
"GSE40068_CXCR5POS_BCL6POS_TFH_VS_CXCR5NEG_BCL6NEG_CD4_TCELL_UP","GSE40068_CXCR5POS_BCL6POS_TFH_VS_CXCR5NEG_BCL6NEG_CD4_TCELL_UP","66/4231","200/21355",7.12171214585168e-06,1.65035698280451e-05,3.27380505039151e-06
"GSE40685_NAIVE_CD4_TCELL_VS_FOXP3_KO_TREG_PRECURSOR_UP","GSE40685_NAIVE_CD4_TCELL_VS_FOXP3_KO_TREG_PRECURSOR_UP","66/4231","200/21355",7.12171214585168e-06,1.65035698280451e-05,3.27380505039151e-06
"GSE411_WT_VS_SOCS3_KO_MACROPHAGE_DN","GSE411_WT_VS_SOCS3_KO_MACROPHAGE_DN","66/4231","200/21355",7.12171214585168e-06,1.65035698280451e-05,3.27380505039151e-06
"GSE42021_CD24HI_VS_CD24INT_TREG_THYMUS_UP","GSE42021_CD24HI_VS_CD24INT_TREG_THYMUS_UP","66/4231","200/21355",7.12171214585168e-06,1.65035698280451e-05,3.27380505039151e-06
"GSE43955_10H_VS_30H_ACT_CD4_TCELL_WITH_TGFB_IL6_UP","GSE43955_10H_VS_30H_ACT_CD4_TCELL_WITH_TGFB_IL6_UP","66/4231","200/21355",7.12171214585168e-06,1.65035698280451e-05,3.27380505039151e-06
"GSE43955_TH0_VS_TGFB_IL6_TH17_ACT_CD4_TCELL_20H_DN","GSE43955_TH0_VS_TGFB_IL6_TH17_ACT_CD4_TCELL_20H_DN","66/4231","200/21355",7.12171214585168e-06,1.65035698280451e-05,3.27380505039151e-06
"GSE45365_NK_CELL_VS_CD8_TCELL_MCMV_INFECTION_DN","GSE45365_NK_CELL_VS_CD8_TCELL_MCMV_INFECTION_DN","66/4231","200/21355",7.12171214585168e-06,1.65035698280451e-05,3.27380505039151e-06
"GSE45739_UNSTIM_VS_ACD3_ACD28_STIM_NRAS_KO_CD4_TCELL_UP","GSE45739_UNSTIM_VS_ACD3_ACD28_STIM_NRAS_KO_CD4_TCELL_UP","66/4231","200/21355",7.12171214585168e-06,1.65035698280451e-05,3.27380505039151e-06
"GSE46606_UNSTIM_VS_CD40L_IL2_IL5_3DAY_STIMULATED_IRF4HIGH_SORTED_BCELL_UP","GSE46606_UNSTIM_VS_CD40L_IL2_IL5_3DAY_STIMULATED_IRF4HIGH_SORTED_BCELL_UP","66/4231","200/21355",7.12171214585168e-06,1.65035698280451e-05,3.27380505039151e-06
"GSE5455_EX_VIVO_VS_POST_24H_INCUBATION_MONOCYTES_FROM_TUMOR_BEARING_MOUSE_DN","GSE5455_EX_VIVO_VS_POST_24H_INCUBATION_MONOCYTES_FROM_TUMOR_BEARING_MOUSE_DN","66/4231","200/21355",7.12171214585168e-06,1.65035698280451e-05,3.27380505039151e-06
"GSE5503_PLN_DC_VS_SPLEEN_DC_ACTIVATED_ALLOGENIC_TCELL_UP","GSE5503_PLN_DC_VS_SPLEEN_DC_ACTIVATED_ALLOGENIC_TCELL_UP","66/4231","200/21355",7.12171214585168e-06,1.65035698280451e-05,3.27380505039151e-06
"GSE5589_IL6_KO_VS_IL10_KO_LPS_AND_IL6_STIM_MACROPHAGE_45MIN_DN","GSE5589_IL6_KO_VS_IL10_KO_LPS_AND_IL6_STIM_MACROPHAGE_45MIN_DN","66/4231","200/21355",7.12171214585168e-06,1.65035698280451e-05,3.27380505039151e-06
"GSE5589_LPS_VS_LPS_AND_IL10_STIM_MACROPHAGE_180MIN_UP","GSE5589_LPS_VS_LPS_AND_IL10_STIM_MACROPHAGE_180MIN_UP","66/4231","200/21355",7.12171214585168e-06,1.65035698280451e-05,3.27380505039151e-06
"GSE5589_UNSTIM_VS_45MIN_LPS_AND_IL6_STIM_MACROPHAGE_DN","GSE5589_UNSTIM_VS_45MIN_LPS_AND_IL6_STIM_MACROPHAGE_DN","66/4231","200/21355",7.12171214585168e-06,1.65035698280451e-05,3.27380505039151e-06
"GSE7548_DAY7_VS_DAY28_PCC_IMMUNIZATION_CD4_TCELL_UP","GSE7548_DAY7_VS_DAY28_PCC_IMMUNIZATION_CD4_TCELL_UP","66/4231","200/21355",7.12171214585168e-06,1.65035698280451e-05,3.27380505039151e-06
"GSE7852_THYMUS_VS_FAT_TCONV_DN","GSE7852_THYMUS_VS_FAT_TCONV_DN","66/4231","200/21355",7.12171214585168e-06,1.65035698280451e-05,3.27380505039151e-06
"GSE8685_IL2_STARVED_VS_IL21_ACT_IL2_STARVED_CD4_TCELL_UP","GSE8685_IL2_STARVED_VS_IL21_ACT_IL2_STARVED_CD4_TCELL_UP","66/4231","200/21355",7.12171214585168e-06,1.65035698280451e-05,3.27380505039151e-06
"GSE8835_CD4_VS_CD8_TCELL_CLL_PATIENT_DN","GSE8835_CD4_VS_CD8_TCELL_CLL_PATIENT_DN","66/4231","200/21355",7.12171214585168e-06,1.65035698280451e-05,3.27380505039151e-06
"GSE8921_UNSTIM_0H_VS_TLR1_2_STIM_MONOCYTE_24H_DN","GSE8921_UNSTIM_0H_VS_TLR1_2_STIM_MONOCYTE_24H_DN","66/4231","200/21355",7.12171214585168e-06,1.65035698280451e-05,3.27380505039151e-06
"GSE8921_UNSTIM_VS_TLR1_2_STIM_MONOCYTE_24H_DN","GSE8921_UNSTIM_VS_TLR1_2_STIM_MONOCYTE_24H_DN","66/4231","200/21355",7.12171214585168e-06,1.65035698280451e-05,3.27380505039151e-06
"GSE9316_IL6_KO_VS_IFNG_KO_INVIVO_EXPANDED_CD4_TCELL_DN","GSE9316_IL6_KO_VS_IFNG_KO_INVIVO_EXPANDED_CD4_TCELL_DN","66/4231","200/21355",7.12171214585168e-06,1.65035698280451e-05,3.27380505039151e-06
"GSE9650_NAIVE_VS_EFF_CD8_TCELL_UP","GSE9650_NAIVE_VS_EFF_CD8_TCELL_UP","66/4231","200/21355",7.12171214585168e-06,1.65035698280451e-05,3.27380505039151e-06
"KAECH_NAIVE_VS_DAY15_EFF_CD8_TCELL_UP","KAECH_NAIVE_VS_DAY15_EFF_CD8_TCELL_UP","66/4231","200/21355",7.12171214585168e-06,1.65035698280451e-05,3.27380505039151e-06
"GSE26030_UNSTIM_VS_RESTIM_TH17_DAY5_POST_POLARIZATION_UP","GSE26030_UNSTIM_VS_RESTIM_TH17_DAY5_POST_POLARIZATION_UP","61/4231","181/21355",7.40827509330667e-06,1.71598816666471e-05,3.40399730783849e-06
"GAUCHER_PBMC_YF_VAX_STAMARIL_UNKNOWN_AGE_28DY_UP","GAUCHER_PBMC_YF_VAX_STAMARIL_UNKNOWN_AGE_28DY_UP","16/4231","27/21355",7.55477097704651e-06,1.74913080525476e-05,3.46974219741688e-06
"GSE13547_2H_VS_12_H_ANTI_IGM_STIM_ZFX_KO_BCELL_UP","GSE13547_2H_VS_12_H_ANTI_IGM_STIM_ZFX_KO_BCELL_UP","57/4231","166/21355",7.69886276275714e-06,1.78168715674461e-05,3.53432407215084e-06
"GSE7348_UNSTIM_VS_LPS_STIM_MACROPHAGE_DN","GSE7348_UNSTIM_VS_LPS_STIM_MACROPHAGE_DN","58/4231","170/21355",8.04823263883213e-06,1.8616985788201e-05,3.69304233759825e-06
"NAKAYA_PBMC_FLUAD_MALE_AGE_14_27YO_1D_POSTBOOST_VS_0D_PREIMM_MF59_ADJUVANTED_1DY_GENES_IN_BTM_M40_AND_M53_UP","NAKAYA_PBMC_FLUAD_MALE_AGE_14_27YO_1D_POSTBOOST_VS_0D_PREIMM_MF59_ADJUVANTED_1DY_GENES_IN_BTM_M40_AND_M53_UP","12/4231","17/21355",8.18903042685855e-06,1.89341316951182e-05,3.75595441556649e-06
"GSE11864_CSF1_VS_CSF1_IFNG_IN_MAC_UP","GSE11864_CSF1_VS_CSF1_IFNG_IN_MAC_UP","65/4231","197/21355",8.36866035841374e-06,1.92885580023511e-05,3.82626178825619e-06
"GSE2706_UNSTIM_VS_8H_R848_DC_DN","GSE2706_UNSTIM_VS_8H_R848_DC_DN","65/4231","197/21355",8.36866035841374e-06,1.92885580023511e-05,3.82626178825619e-06
"GSE360_HIGH_VS_LOW_DOSE_B_MALAYI_DC_UP","GSE360_HIGH_VS_LOW_DOSE_B_MALAYI_DC_UP","65/4231","197/21355",8.36866035841374e-06,1.92885580023511e-05,3.82626178825619e-06
"GSE37534_UNTREATED_VS_PIOGLITAZONE_TREATED_CD4_TCELL_PPARG1_AND_FOXP3_TRASDUCED_UP","GSE37534_UNTREATED_VS_PIOGLITAZONE_TREATED_CD4_TCELL_PPARG1_AND_FOXP3_TRASDUCED_UP","65/4231","197/21355",8.36866035841374e-06,1.92885580023511e-05,3.82626178825619e-06
"GSE3982_EOSINOPHIL_VS_CENT_MEMORY_CD4_TCELL_DN","GSE3982_EOSINOPHIL_VS_CENT_MEMORY_CD4_TCELL_DN","65/4231","197/21355",8.36866035841374e-06,1.92885580023511e-05,3.82626178825619e-06
"GSE45365_WT_VS_IFNAR_KO_CD8A_DC_UP","GSE45365_WT_VS_IFNAR_KO_CD8A_DC_UP","65/4231","197/21355",8.36866035841374e-06,1.92885580023511e-05,3.82626178825619e-06
"GSE9988_LPS_VS_CTRL_TREATED_MONOCYTE_UP","GSE9988_LPS_VS_CTRL_TREATED_MONOCYTE_UP","65/4231","197/21355",8.36866035841374e-06,1.92885580023511e-05,3.82626178825619e-06
"GSE7568_CTRL_VS_3H_TGFB_TREATED_MACROPHAGES_WITH_IL4_AND_DEXAMETHASONE_DN","GSE7568_CTRL_VS_3H_TGFB_TREATED_MACROPHAGES_WITH_IL4_AND_DEXAMETHASONE_DN","57/4231","167/21355",9.45569882586161e-06,2.17842301938726e-05,4.32132705654988e-06
"GSE18804_BRAIN_VS_COLON_TUMORAL_MACROPHAGE_DN","GSE18804_BRAIN_VS_COLON_TUMORAL_MACROPHAGE_DN","64/4231","194/21355",9.83449856336802e-06,2.26264091722731e-05,4.48838968733512e-06
"GSE27291_6H_VS_7D_STIM_GAMMADELTA_TCELL_UP","GSE27291_6H_VS_7D_STIM_GAMMADELTA_TCELL_UP","64/4231","194/21355",9.83449856336802e-06,2.26264091722731e-05,4.48838968733512e-06
"GSE45382_UNTREATED_VS_TGFB_TREATED_MACROPHAGES_DN","GSE45382_UNTREATED_VS_TGFB_TREATED_MACROPHAGES_DN","64/4231","194/21355",9.83449856336802e-06,2.26264091722731e-05,4.48838968733512e-06
"GSE10273_HIGH_VS_LOW_IL7_TREATED_IRF4_8_NULL_PRE_BCELL_DN","GSE10273_HIGH_VS_LOW_IL7_TREATED_IRF4_8_NULL_PRE_BCELL_DN","65/4231","198/21355",1.00746202646131e-05,2.31580733078057e-05,4.59385564107447e-06
"GSE15930_NAIVE_VS_48H_IN_VITRO_STIM_IFNAB_CD8_TCELL_UP","GSE15930_NAIVE_VS_48H_IN_VITRO_STIM_IFNAB_CD8_TCELL_UP","65/4231","198/21355",1.00746202646131e-05,2.31580733078057e-05,4.59385564107447e-06
"NAKAYA_PBMC_FLUMIST_AGE_18_50YO_7DY_IFN_SUBSET_UP","NAKAYA_PBMC_FLUMIST_AGE_18_50YO_7DY_IFN_SUBSET_UP","18/4231","33/21355",1.01390523622467e-05,2.32957339349513e-05,4.62116331214715e-06
"GSE37301_GRANULOCYTE_MONOCYTE_PROGENITOR_VS_RAG2_KO_NK_CELL_UP","GSE37301_GRANULOCYTE_MONOCYTE_PROGENITOR_VS_RAG2_KO_NK_CELL_UP","61/4231","183/21355",1.0934212030198e-05,2.5111456481539e-05,4.98134730294817e-06
"GSE40274_CTRL_VS_FOXP3_AND_PBX1_TRANSDUCED_ACTIVATED_CD4_TCELL_DN","GSE40274_CTRL_VS_FOXP3_AND_PBX1_TRANSDUCED_ACTIVATED_CD4_TCELL_DN","56/4231","164/21355",1.11099491996821e-05,2.54922111000763e-05,5.05687740983505e-06
"GSE7768_OVA_ALONE_VS_OVA_WITH_MPL_IMMUNIZED_MOUSE_WHOLE_SPLEEN_6H_DN","GSE7768_OVA_ALONE_VS_OVA_WITH_MPL_IMMUNIZED_MOUSE_WHOLE_SPLEEN_6H_DN","56/4231","164/21355",1.11099491996821e-05,2.54922111000763e-05,5.05687740983505e-06
"GSE13485_DAY1_VS_DAY21_YF17D_VACCINE_PBMC_UP","GSE13485_DAY1_VS_DAY21_YF17D_VACCINE_PBMC_UP","63/4231","191/21355",1.15577864460277e-05,2.65079254238649e-05,5.25836416195114e-06
"GSE3920_UNTREATED_VS_IFNA_TREATED_FIBROBLAST_UP","GSE3920_UNTREATED_VS_IFNA_TREATED_FIBROBLAST_UP","57/4231","168/21355",1.1578167036607e-05,2.65427925892878e-05,5.2652807444508e-06
"GSE11864_UNTREATED_VS_CSF1_IFNG_IN_MAC_UP","GSE11864_UNTREATED_VS_CSF1_IFNG_IN_MAC_UP","64/4231","195/21355",1.18388082012014e-05,2.71160548880065e-05,5.37899850541394e-06
"GSE46606_IRF4_KO_VS_WT_CD40L_IL2_IL5_3DAY_STIMULATED_BCELL_DN","GSE46606_IRF4_KO_VS_WT_CD40L_IL2_IL5_3DAY_STIMULATED_BCELL_DN","64/4231","195/21355",1.18388082012014e-05,2.71160548880065e-05,5.37899850541394e-06
"LI_PBMC_MENOMUNE_A_C_Y_W_135_AGE_18_45YO_CORRELATED_WITH_ANTIBODY_RESPONSE_3DY_NEGATIVE","LI_PBMC_MENOMUNE_A_C_Y_W_135_AGE_18_45YO_CORRELATED_WITH_ANTIBODY_RESPONSE_3DY_NEGATIVE","15/4231","25/21355",1.18667924120898e-05,2.7168011569617e-05,5.38930512685587e-06
"GSE12845_PRE_GC_VS_DARKZONE_GC_TONSIL_BCELL_DN","GSE12845_PRE_GC_VS_DARKZONE_GC_TONSIL_BCELL_DN","65/4231","199/21355",1.20990097167879e-05,2.73454690512586e-05,5.4245072804312e-06
"GSE15733_BM_VS_SPLEEN_MEMORY_CD4_TCELL_DN","GSE15733_BM_VS_SPLEEN_MEMORY_CD4_TCELL_DN","65/4231","199/21355",1.20990097167879e-05,2.73454690512586e-05,5.4245072804312e-06
"GSE17301_CTRL_VS_48H_ACD3_ACD28_STIM_CD8_TCELL_UP","GSE17301_CTRL_VS_48H_ACD3_ACD28_STIM_CD8_TCELL_UP","65/4231","199/21355",1.20990097167879e-05,2.73454690512586e-05,5.4245072804312e-06
"GSE17721_0.5H_VS_8H_GARDIQUIMOD_BMDC_UP","GSE17721_0.5H_VS_8H_GARDIQUIMOD_BMDC_UP","65/4231","199/21355",1.20990097167879e-05,2.73454690512586e-05,5.4245072804312e-06
"GSE17721_CTRL_VS_LPS_12H_BMDC_DN","GSE17721_CTRL_VS_LPS_12H_BMDC_DN","65/4231","199/21355",1.20990097167879e-05,2.73454690512586e-05,5.4245072804312e-06
"GSE17721_CTRL_VS_PAM3CSK4_2H_BMDC_UP","GSE17721_CTRL_VS_PAM3CSK4_2H_BMDC_UP","65/4231","199/21355",1.20990097167879e-05,2.73454690512586e-05,5.4245072804312e-06
"GSE17721_LPS_VS_POLYIC_1H_BMDC_DN","GSE17721_LPS_VS_POLYIC_1H_BMDC_DN","65/4231","199/21355",1.20990097167879e-05,2.73454690512586e-05,5.4245072804312e-06
"GSE17721_LPS_VS_POLYIC_4H_BMDC_DN","GSE17721_LPS_VS_POLYIC_4H_BMDC_DN","65/4231","199/21355",1.20990097167879e-05,2.73454690512586e-05,5.4245072804312e-06
"GSE17721_POLYIC_VS_GARDIQUIMOD_24H_BMDC_DN","GSE17721_POLYIC_VS_GARDIQUIMOD_24H_BMDC_DN","65/4231","199/21355",1.20990097167879e-05,2.73454690512586e-05,5.4245072804312e-06
"GSE19941_IL10_KO_VS_IL10_KO_AND_NFKBP50_KO_LPS_AND_IL10_STIM_MACROPHAGE_UP","GSE19941_IL10_KO_VS_IL10_KO_AND_NFKBP50_KO_LPS_AND_IL10_STIM_MACROPHAGE_UP","65/4231","199/21355",1.20990097167879e-05,2.73454690512586e-05,5.4245072804312e-06
"GSE22432_MULTIPOTENT_VS_COMMON_DC_PROGENITOR_UP","GSE22432_MULTIPOTENT_VS_COMMON_DC_PROGENITOR_UP","65/4231","199/21355",1.20990097167879e-05,2.73454690512586e-05,5.4245072804312e-06
"GSE22432_PDC_VS_TGFB1_TREATEDCOMMON_DC_PROGENITOR_UP","GSE22432_PDC_VS_TGFB1_TREATEDCOMMON_DC_PROGENITOR_UP","65/4231","199/21355",1.20990097167879e-05,2.73454690512586e-05,5.4245072804312e-06
"GSE24142_DN2_VS_DN3_THYMOCYTE_DN","GSE24142_DN2_VS_DN3_THYMOCYTE_DN","65/4231","199/21355",1.20990097167879e-05,2.73454690512586e-05,5.4245072804312e-06
"GSE26030_TH1_VS_TH17_DAY15_POST_POLARIZATION_UP","GSE26030_TH1_VS_TH17_DAY15_POST_POLARIZATION_UP","65/4231","199/21355",1.20990097167879e-05,2.73454690512586e-05,5.4245072804312e-06
"GSE2770_IL4_ACT_VS_ACT_CD4_TCELL_6H_DN","GSE2770_IL4_ACT_VS_ACT_CD4_TCELL_6H_DN","65/4231","199/21355",1.20990097167879e-05,2.73454690512586e-05,5.4245072804312e-06
"GSE2770_UNTREATED_VS_TGFB_AND_IL4_TREATED_ACT_CD4_TCELL_2H_DN","GSE2770_UNTREATED_VS_TGFB_AND_IL4_TREATED_ACT_CD4_TCELL_2H_DN","65/4231","199/21355",1.20990097167879e-05,2.73454690512586e-05,5.4245072804312e-06
"GSE27786_NKTCELL_VS_ERYTHROBLAST_UP","GSE27786_NKTCELL_VS_ERYTHROBLAST_UP","65/4231","199/21355",1.20990097167879e-05,2.73454690512586e-05,5.4245072804312e-06
"GSE360_CTRL_VS_L_MAJOR_DC_UP","GSE360_CTRL_VS_L_MAJOR_DC_UP","65/4231","199/21355",1.20990097167879e-05,2.73454690512586e-05,5.4245072804312e-06
"GSE360_L_DONOVANI_VS_B_MALAYI_LOW_DOSE_DC_UP","GSE360_L_DONOVANI_VS_B_MALAYI_LOW_DOSE_DC_UP","65/4231","199/21355",1.20990097167879e-05,2.73454690512586e-05,5.4245072804312e-06
"GSE3982_CTRL_VS_IGE_STIM_MAST_CELL_DN","GSE3982_CTRL_VS_IGE_STIM_MAST_CELL_DN","65/4231","199/21355",1.20990097167879e-05,2.73454690512586e-05,5.4245072804312e-06
"GSE3982_MAC_VS_TH1_DN","GSE3982_MAC_VS_TH1_DN","65/4231","199/21355",1.20990097167879e-05,2.73454690512586e-05,5.4245072804312e-06
"GSE4142_NAIVE_VS_GC_BCELL_UP","GSE4142_NAIVE_VS_GC_BCELL_UP","65/4231","199/21355",1.20990097167879e-05,2.73454690512586e-05,5.4245072804312e-06
"GSE41867_DAY8_EFFECTOR_VS_DAY30_EXHAUSTED_CD8_TCELL_LCMV_CLONE13_UP","GSE41867_DAY8_EFFECTOR_VS_DAY30_EXHAUSTED_CD8_TCELL_LCMV_CLONE13_UP","65/4231","199/21355",1.20990097167879e-05,2.73454690512586e-05,5.4245072804312e-06
"GSE43863_TFH_VS_LY6C_LOW_CXCR5NEG_EFFECTOR_CD4_TCELL_UP","GSE43863_TFH_VS_LY6C_LOW_CXCR5NEG_EFFECTOR_CD4_TCELL_UP","65/4231","199/21355",1.20990097167879e-05,2.73454690512586e-05,5.4245072804312e-06
"GSE46242_CTRL_VS_EGR2_DELETED_TH1_CD4_TCELL_UP","GSE46242_CTRL_VS_EGR2_DELETED_TH1_CD4_TCELL_UP","65/4231","199/21355",1.20990097167879e-05,2.73454690512586e-05,5.4245072804312e-06
"GSE5542_UNTREATED_VS_IFNG_TREATED_EPITHELIAL_CELLS_24H_DN","GSE5542_UNTREATED_VS_IFNG_TREATED_EPITHELIAL_CELLS_24H_DN","65/4231","199/21355",1.20990097167879e-05,2.73454690512586e-05,5.4245072804312e-06
"GSE6875_TCONV_VS_TREG_DN","GSE6875_TCONV_VS_TREG_DN","65/4231","199/21355",1.20990097167879e-05,2.73454690512586e-05,5.4245072804312e-06
"GSE7548_NAIVE_VS_DAY7_PCC_IMMUNIZATION_CD4_TCELL_DN","GSE7548_NAIVE_VS_DAY7_PCC_IMMUNIZATION_CD4_TCELL_DN","65/4231","199/21355",1.20990097167879e-05,2.73454690512586e-05,5.4245072804312e-06
"GSE8621_UNSTIM_VS_LPS_PRIMED_AND_LPS_STIM_MACROPHAGE_UP","GSE8621_UNSTIM_VS_LPS_PRIMED_AND_LPS_STIM_MACROPHAGE_UP","65/4231","199/21355",1.20990097167879e-05,2.73454690512586e-05,5.4245072804312e-06
"VAN_DEN_BIGGELAAR_PBMC_PREVNAR_9MO_INFANT_STIMULATED_VS_UNSTIMULATED_8MO_UP","VAN_DEN_BIGGELAAR_PBMC_PREVNAR_9MO_INFANT_STIMULATED_VS_UNSTIMULATED_8MO_UP","33/4231","81/21355",1.22886488147229e-05,2.77618394994578e-05,5.50710248197553e-06
"GSE3720_UNSTIM_VS_PMA_STIM_VD1_GAMMADELTA_TCELL_UP","GSE3720_UNSTIM_VS_PMA_STIM_VD1_GAMMADELTA_TCELL_UP","59/4231","176/21355",1.24503807101962e-05,2.81148244583549e-05,5.57712393510296e-06
"GSE12963_UNINF_VS_ENV_AND_NEF_DEFICIENT_HIV1_INF_CD4_TCELL_DN","GSE12963_UNINF_VS_ENV_AND_NEF_DEFICIENT_HIV1_INF_CD4_TCELL_DN","51/4231","146/21355",1.32177985930835e-05,2.98346259745249e-05,5.91828011815739e-06
"GSE40274_CTRL_VS_FOXP3_AND_LEF1_TRANSDUCED_ACTIVATED_CD4_TCELL_DN","GSE40274_CTRL_VS_FOXP3_AND_LEF1_TRANSDUCED_ACTIVATED_CD4_TCELL_DN","57/4231","169/21355",1.41346558034981e-05,3.13915770604287e-05,6.22713174125185e-06
"GSE13411_NAIVE_BCELL_VS_PLASMA_CELL_UP","GSE13411_NAIVE_BCELL_VS_PLASMA_CELL_UP","64/4231","196/21355",1.42166332021909e-05,3.13915770604287e-05,6.22713174125185e-06
"GSE2128_CTRL_VS_MIMETOPE_NEGATIVE_SELECTION_DP_THYMOCYTE_NOD_DN","GSE2128_CTRL_VS_MIMETOPE_NEGATIVE_SELECTION_DP_THYMOCYTE_NOD_DN","64/4231","196/21355",1.42166332021909e-05,3.13915770604287e-05,6.22713174125185e-06
"GSE21927_UNTREATED_VS_GMCSF_GCSF_TREATED_BONE_MARROW_UP","GSE21927_UNTREATED_VS_GMCSF_GCSF_TREATED_BONE_MARROW_UP","64/4231","196/21355",1.42166332021909e-05,3.13915770604287e-05,6.22713174125185e-06
"GSE45365_HEALTHY_VS_MCMV_INFECTION_CD11B_DC_DN","GSE45365_HEALTHY_VS_MCMV_INFECTION_CD11B_DC_DN","64/4231","196/21355",1.42166332021909e-05,3.13915770604287e-05,6.22713174125185e-06
"GOLDRATH_EFF_VS_MEMORY_CD8_TCELL_DN","GOLDRATH_EFF_VS_MEMORY_CD8_TCELL_DN","65/4231","200/21355",1.44954863250165e-05,3.13915770604287e-05,6.22713174125185e-06
"GSE13306_RA_VS_UNTREATED_TREG_UP","GSE13306_RA_VS_UNTREATED_TREG_UP","65/4231","200/21355",1.44954863250165e-05,3.13915770604287e-05,6.22713174125185e-06
"GSE14000_TRANSLATED_RNA_VS_MRNA_DC_UP","GSE14000_TRANSLATED_RNA_VS_MRNA_DC_UP","65/4231","200/21355",1.44954863250165e-05,3.13915770604287e-05,6.22713174125185e-06
"GSE1432_CTRL_VS_IFNG_6H_MICROGLIA_DN","GSE1432_CTRL_VS_IFNG_6H_MICROGLIA_DN","65/4231","200/21355",1.44954863250165e-05,3.13915770604287e-05,6.22713174125185e-06
"GSE14350_TREG_VS_TEFF_IN_IL2RB_KO_UP","GSE14350_TREG_VS_TEFF_IN_IL2RB_KO_UP","65/4231","200/21355",1.44954863250165e-05,3.13915770604287e-05,6.22713174125185e-06
"GSE1460_CD4_THYMOCYTE_VS_NAIVE_CD4_TCELL_CORD_BLOOD_UP","GSE1460_CD4_THYMOCYTE_VS_NAIVE_CD4_TCELL_CORD_BLOOD_UP","65/4231","200/21355",1.44954863250165e-05,3.13915770604287e-05,6.22713174125185e-06
"GSE14908_ATOPIC_VS_NONATOPIC_PATIENT_HDM_STIM_CD4_TCELL_DN","GSE14908_ATOPIC_VS_NONATOPIC_PATIENT_HDM_STIM_CD4_TCELL_DN","65/4231","200/21355",1.44954863250165e-05,3.13915770604287e-05,6.22713174125185e-06
"GSE15330_LYMPHOID_MULTIPOTENT_VS_GRANULOCYTE_MONOCYTE_PROGENITOR_DN","GSE15330_LYMPHOID_MULTIPOTENT_VS_GRANULOCYTE_MONOCYTE_PROGENITOR_DN","65/4231","200/21355",1.44954863250165e-05,3.13915770604287e-05,6.22713174125185e-06
"GSE15330_MEGAKARYOCYTE_ERYTHROID_VS_GRANULOCYTE_MONOCYTE_PROGENITOR_DN","GSE15330_MEGAKARYOCYTE_ERYTHROID_VS_GRANULOCYTE_MONOCYTE_PROGENITOR_DN","65/4231","200/21355",1.44954863250165e-05,3.13915770604287e-05,6.22713174125185e-06
"GSE15930_NAIVE_VS_24H_IN_VITRO_STIM_INFAB_CD8_TCELL_UP","GSE15930_NAIVE_VS_24H_IN_VITRO_STIM_INFAB_CD8_TCELL_UP","65/4231","200/21355",1.44954863250165e-05,3.13915770604287e-05,6.22713174125185e-06
"GSE15930_NAIVE_VS_72H_IN_VITRO_STIM_TRICHOSTATINA_CD8_TCELL_UP","GSE15930_NAIVE_VS_72H_IN_VITRO_STIM_TRICHOSTATINA_CD8_TCELL_UP","65/4231","200/21355",1.44954863250165e-05,3.13915770604287e-05,6.22713174125185e-06
"GSE16385_ROSIGLITAZONE_IL4_VS_IL4_ALONE_STIM_MACROPHAGE_12H_UP","GSE16385_ROSIGLITAZONE_IL4_VS_IL4_ALONE_STIM_MACROPHAGE_12H_UP","65/4231","200/21355",1.44954863250165e-05,3.13915770604287e-05,6.22713174125185e-06
"GSE16385_ROSIGLITAZONE_VS_UNTREATED_IFNG_TNF_STIM_MACROPHAGE_UP","GSE16385_ROSIGLITAZONE_VS_UNTREATED_IFNG_TNF_STIM_MACROPHAGE_UP","65/4231","200/21355",1.44954863250165e-05,3.13915770604287e-05,6.22713174125185e-06
"GSE16450_CTRL_VS_IFNA_6H_STIM_MATURE_NEURON_CELL_LINE_DN","GSE16450_CTRL_VS_IFNA_6H_STIM_MATURE_NEURON_CELL_LINE_DN","65/4231","200/21355",1.44954863250165e-05,3.13915770604287e-05,6.22713174125185e-06
"GSE16450_IMMATURE_VS_MATURE_NEURON_CELL_LINE_12H_IFNA_STIM_DN","GSE16450_IMMATURE_VS_MATURE_NEURON_CELL_LINE_12H_IFNA_STIM_DN","65/4231","200/21355",1.44954863250165e-05,3.13915770604287e-05,6.22713174125185e-06
"GSE17186_BLOOD_VS_CORD_BLOOD_NAIVE_BCELL_DN","GSE17186_BLOOD_VS_CORD_BLOOD_NAIVE_BCELL_DN","65/4231","200/21355",1.44954863250165e-05,3.13915770604287e-05,6.22713174125185e-06
"GSE17721_0.5H_VS_12H_POLYIC_BMDC_DN","GSE17721_0.5H_VS_12H_POLYIC_BMDC_DN","65/4231","200/21355",1.44954863250165e-05,3.13915770604287e-05,6.22713174125185e-06
"GSE17721_0.5H_VS_4H_CPG_BMDC_DN","GSE17721_0.5H_VS_4H_CPG_BMDC_DN","65/4231","200/21355",1.44954863250165e-05,3.13915770604287e-05,6.22713174125185e-06
"GSE17721_0.5H_VS_4H_POLYIC_BMDC_DN","GSE17721_0.5H_VS_4H_POLYIC_BMDC_DN","65/4231","200/21355",1.44954863250165e-05,3.13915770604287e-05,6.22713174125185e-06
"GSE17721_4_VS_24H_GARDIQUIMOD_BMDC_UP","GSE17721_4_VS_24H_GARDIQUIMOD_BMDC_UP","65/4231","200/21355",1.44954863250165e-05,3.13915770604287e-05,6.22713174125185e-06
"GSE17721_CTRL_VS_CPG_8H_BMDC_UP","GSE17721_CTRL_VS_CPG_8H_BMDC_UP","65/4231","200/21355",1.44954863250165e-05,3.13915770604287e-05,6.22713174125185e-06
"GSE17721_LPS_VS_CPG_8H_BMDC_UP","GSE17721_LPS_VS_CPG_8H_BMDC_UP","65/4231","200/21355",1.44954863250165e-05,3.13915770604287e-05,6.22713174125185e-06
"GSE17721_LPS_VS_POLYIC_16H_BMDC_UP","GSE17721_LPS_VS_POLYIC_16H_BMDC_UP","65/4231","200/21355",1.44954863250165e-05,3.13915770604287e-05,6.22713174125185e-06
"GSE17721_POLYIC_VS_GARDIQUIMOD_6H_BMDC_UP","GSE17721_POLYIC_VS_GARDIQUIMOD_6H_BMDC_UP","65/4231","200/21355",1.44954863250165e-05,3.13915770604287e-05,6.22713174125185e-06
"GSE17721_POLYIC_VS_PAM3CSK4_12H_BMDC_DN","GSE17721_POLYIC_VS_PAM3CSK4_12H_BMDC_DN","65/4231","200/21355",1.44954863250165e-05,3.13915770604287e-05,6.22713174125185e-06
"GSE19888_CTRL_VS_TCELL_MEMBRANES_ACT_MAST_CELL_PRETREAT_A3R_INH_DN","GSE19888_CTRL_VS_TCELL_MEMBRANES_ACT_MAST_CELL_PRETREAT_A3R_INH_DN","65/4231","200/21355",1.44954863250165e-05,3.13915770604287e-05,6.22713174125185e-06
"GSE19941_IL10_KO_VS_IL10_KO_AND_NFKBP50_KO_UNSTIM_MACROPHAGE_DN","GSE19941_IL10_KO_VS_IL10_KO_AND_NFKBP50_KO_UNSTIM_MACROPHAGE_DN","65/4231","200/21355",1.44954863250165e-05,3.13915770604287e-05,6.22713174125185e-06
"GSE20366_EX_VIVO_VS_HOMEOSTATIC_CONVERSION_TREG_UP","GSE20366_EX_VIVO_VS_HOMEOSTATIC_CONVERSION_TREG_UP","65/4231","200/21355",1.44954863250165e-05,3.13915770604287e-05,6.22713174125185e-06
"GSE20500_CTRL_VS_RETINOIC_ACID_TREATED_CD4_TCELL_UP","GSE20500_CTRL_VS_RETINOIC_ACID_TREATED_CD4_TCELL_UP","65/4231","200/21355",1.44954863250165e-05,3.13915770604287e-05,6.22713174125185e-06
"GSE20715_WT_VS_TLR4_KO_24H_OZONE_LUNG_UP","GSE20715_WT_VS_TLR4_KO_24H_OZONE_LUNG_UP","65/4231","200/21355",1.44954863250165e-05,3.13915770604287e-05,6.22713174125185e-06
"GSE21063_WT_VS_NFATC1_KO_8H_ANTI_IGM_STIM_BCELL_DN","GSE21063_WT_VS_NFATC1_KO_8H_ANTI_IGM_STIM_BCELL_DN","65/4231","200/21355",1.44954863250165e-05,3.13915770604287e-05,6.22713174125185e-06
"GSE22432_MULTIPOTENT_PROGENITOR_VS_PDC_DN","GSE22432_MULTIPOTENT_PROGENITOR_VS_PDC_DN","65/4231","200/21355",1.44954863250165e-05,3.13915770604287e-05,6.22713174125185e-06
"GSE22935_24H_VS_48H_MBOVIS_BCG_STIM_MACROPHAGE_DN","GSE22935_24H_VS_48H_MBOVIS_BCG_STIM_MACROPHAGE_DN","65/4231","200/21355",1.44954863250165e-05,3.13915770604287e-05,6.22713174125185e-06
"GSE22935_UNSTIM_VS_12H_MBOVIS_BCG_STIM_MACROPHAGE_DN","GSE22935_UNSTIM_VS_12H_MBOVIS_BCG_STIM_MACROPHAGE_DN","65/4231","200/21355",1.44954863250165e-05,3.13915770604287e-05,6.22713174125185e-06
"GSE22935_UNSTIM_VS_24H_MBOVIS_BCG_STIM_MACROPHAGE_UP","GSE22935_UNSTIM_VS_24H_MBOVIS_BCG_STIM_MACROPHAGE_UP","65/4231","200/21355",1.44954863250165e-05,3.13915770604287e-05,6.22713174125185e-06
"GSE24142_ADULT_VS_FETAL_DN2_THYMOCYTE_DN","GSE24142_ADULT_VS_FETAL_DN2_THYMOCYTE_DN","65/4231","200/21355",1.44954863250165e-05,3.13915770604287e-05,6.22713174125185e-06
"GSE24142_ADULT_VS_FETAL_DN3_THYMOCYTE_UP","GSE24142_ADULT_VS_FETAL_DN3_THYMOCYTE_UP","65/4231","200/21355",1.44954863250165e-05,3.13915770604287e-05,6.22713174125185e-06
"GSE24142_EARLY_THYMIC_PROGENITOR_VS_DN2_THYMOCYTE_ADULT_DN","GSE24142_EARLY_THYMIC_PROGENITOR_VS_DN2_THYMOCYTE_ADULT_DN","65/4231","200/21355",1.44954863250165e-05,3.13915770604287e-05,6.22713174125185e-06
"GSE24210_TCONV_VS_TREG_UP","GSE24210_TCONV_VS_TREG_UP","65/4231","200/21355",1.44954863250165e-05,3.13915770604287e-05,6.22713174125185e-06
"GSE24972_WT_VS_IRF8_KO_MARGINAL_ZONE_SPLEEN_BCELL_UP","GSE24972_WT_VS_IRF8_KO_MARGINAL_ZONE_SPLEEN_BCELL_UP","65/4231","200/21355",1.44954863250165e-05,3.13915770604287e-05,6.22713174125185e-06
"GSE27786_LIN_NEG_VS_CD4_TCELL_UP","GSE27786_LIN_NEG_VS_CD4_TCELL_UP","65/4231","200/21355",1.44954863250165e-05,3.13915770604287e-05,6.22713174125185e-06
"GSE28726_NAIVE_VS_ACTIVATED_VA24NEG_NKTCELL_UP","GSE28726_NAIVE_VS_ACTIVATED_VA24NEG_NKTCELL_UP","65/4231","200/21355",1.44954863250165e-05,3.13915770604287e-05,6.22713174125185e-06
"GSE29164_CD8_TCELL_VS_CD8_TCELL_AND_IL12_TREATED_MELANOMA_DAY3_UP","GSE29164_CD8_TCELL_VS_CD8_TCELL_AND_IL12_TREATED_MELANOMA_DAY3_UP","65/4231","200/21355",1.44954863250165e-05,3.13915770604287e-05,6.22713174125185e-06
"GSE29164_DAY3_VS_DAY7_CD8_TCELL_AND_IL12_TREATED_MELANOMA_UP","GSE29164_DAY3_VS_DAY7_CD8_TCELL_AND_IL12_TREATED_MELANOMA_UP","65/4231","200/21355",1.44954863250165e-05,3.13915770604287e-05,6.22713174125185e-06
"GSE29164_UNTREATED_VS_CD8_TCELL_AND_IL12_TREATED_MELANOMA_DAY3_UP","GSE29164_UNTREATED_VS_CD8_TCELL_AND_IL12_TREATED_MELANOMA_DAY3_UP","65/4231","200/21355",1.44954863250165e-05,3.13915770604287e-05,6.22713174125185e-06
"GSE3039_ALPHABETA_CD8_TCELL_VS_B1_BCELL_UP","GSE3039_ALPHABETA_CD8_TCELL_VS_B1_BCELL_UP","65/4231","200/21355",1.44954863250165e-05,3.13915770604287e-05,6.22713174125185e-06
"GSE3039_NKT_CELL_VS_ALPHAALPHA_CD8_TCELL_DN","GSE3039_NKT_CELL_VS_ALPHAALPHA_CD8_TCELL_DN","65/4231","200/21355",1.44954863250165e-05,3.13915770604287e-05,6.22713174125185e-06
"GSE30962_PRIMARY_VS_SECONDARY_CHRONIC_LCMV_INF_CD8_TCELL_DN","GSE30962_PRIMARY_VS_SECONDARY_CHRONIC_LCMV_INF_CD8_TCELL_DN","65/4231","200/21355",1.44954863250165e-05,3.13915770604287e-05,6.22713174125185e-06
"GSE31082_DN_VS_DP_THYMOCYTE_UP","GSE31082_DN_VS_DP_THYMOCYTE_UP","65/4231","200/21355",1.44954863250165e-05,3.13915770604287e-05,6.22713174125185e-06
"GSE31082_DP_VS_CD8_SP_THYMOCYTE_DN","GSE31082_DP_VS_CD8_SP_THYMOCYTE_DN","65/4231","200/21355",1.44954863250165e-05,3.13915770604287e-05,6.22713174125185e-06
"GSE32164_RESTING_DIFFERENTIATED_VS_CMYC_INHIBITED_MACROPHAGE_UP","GSE32164_RESTING_DIFFERENTIATED_VS_CMYC_INHIBITED_MACROPHAGE_UP","65/4231","200/21355",1.44954863250165e-05,3.13915770604287e-05,6.22713174125185e-06
"GSE32423_IL7_VS_IL4_MEMORY_CD8_TCELL_UP","GSE32423_IL7_VS_IL4_MEMORY_CD8_TCELL_UP","65/4231","200/21355",1.44954863250165e-05,3.13915770604287e-05,6.22713174125185e-06
"GSE32423_MEMORY_VS_NAIVE_CD8_TCELL_IL7_DN","GSE32423_MEMORY_VS_NAIVE_CD8_TCELL_IL7_DN","65/4231","200/21355",1.44954863250165e-05,3.13915770604287e-05,6.22713174125185e-06
"GSE34006_A2AR_KO_VS_A2AR_AGONIST_TREATED_TREG_DN","GSE34006_A2AR_KO_VS_A2AR_AGONIST_TREATED_TREG_DN","65/4231","200/21355",1.44954863250165e-05,3.13915770604287e-05,6.22713174125185e-06
"GSE35685_CD34POS_CD38NEG_VS_CD34POS_CD10NEG_CD62LPOS_BONE_MARROW_DN","GSE35685_CD34POS_CD38NEG_VS_CD34POS_CD10NEG_CD62LPOS_BONE_MARROW_DN","65/4231","200/21355",1.44954863250165e-05,3.13915770604287e-05,6.22713174125185e-06
"GSE360_CTRL_VS_L_MAJOR_MAC_UP","GSE360_CTRL_VS_L_MAJOR_MAC_UP","65/4231","200/21355",1.44954863250165e-05,3.13915770604287e-05,6.22713174125185e-06
"GSE36078_UNTREATED_VS_AD5_INF_IL1R_KO_MOUSE_LUNG_DC_DN","GSE36078_UNTREATED_VS_AD5_INF_IL1R_KO_MOUSE_LUNG_DC_DN","65/4231","200/21355",1.44954863250165e-05,3.13915770604287e-05,6.22713174125185e-06
"GSE36527_CD69_NEG_VS_POS_TREG_CD62L_LOS_KLRG1_NEG_UP","GSE36527_CD69_NEG_VS_POS_TREG_CD62L_LOS_KLRG1_NEG_UP","65/4231","200/21355",1.44954863250165e-05,3.13915770604287e-05,6.22713174125185e-06
"GSE37301_LYMPHOID_PRIMED_MPP_VS_PRO_BCELL_UP","GSE37301_LYMPHOID_PRIMED_MPP_VS_PRO_BCELL_UP","65/4231","200/21355",1.44954863250165e-05,3.13915770604287e-05,6.22713174125185e-06
"GSE37533_PPARG1_FOXP3_VS_FOXP3_TRANSDUCED_CD4_TCELL_PIOGLITAZONE_TREATED_UP","GSE37533_PPARG1_FOXP3_VS_FOXP3_TRANSDUCED_CD4_TCELL_PIOGLITAZONE_TREATED_UP","65/4231","200/21355",1.44954863250165e-05,3.13915770604287e-05,6.22713174125185e-06
"GSE3982_MAC_VS_BASOPHIL_UP","GSE3982_MAC_VS_BASOPHIL_UP","65/4231","200/21355",1.44954863250165e-05,3.13915770604287e-05,6.22713174125185e-06
"GSE39820_IL1B_IL6_VS_IL1B_IL6_IL23A_TREATED_CD4_TCELL_DN","GSE39820_IL1B_IL6_VS_IL1B_IL6_IL23A_TREATED_CD4_TCELL_DN","65/4231","200/21355",1.44954863250165e-05,3.13915770604287e-05,6.22713174125185e-06
"GSE40225_WT_VS_RIP_B7X_DIABETIC_MOUSE_PANCREATIC_CD8_TCELL_DN","GSE40225_WT_VS_RIP_B7X_DIABETIC_MOUSE_PANCREATIC_CD8_TCELL_DN","65/4231","200/21355",1.44954863250165e-05,3.13915770604287e-05,6.22713174125185e-06
"GSE40666_NAIVE_VS_EFFECTOR_CD8_TCELL_UP","GSE40666_NAIVE_VS_EFFECTOR_CD8_TCELL_UP","65/4231","200/21355",1.44954863250165e-05,3.13915770604287e-05,6.22713174125185e-06
"GSE411_UNSTIM_VS_400MIN_IL6_STIM_MACROPHAGE_UP","GSE411_UNSTIM_VS_400MIN_IL6_STIM_MACROPHAGE_UP","65/4231","200/21355",1.44954863250165e-05,3.13915770604287e-05,6.22713174125185e-06
"GSE41176_UNSTIM_VS_ANTI_IGM_STIM_BCELL_24H_DN","GSE41176_UNSTIM_VS_ANTI_IGM_STIM_BCELL_24H_DN","65/4231","200/21355",1.44954863250165e-05,3.13915770604287e-05,6.22713174125185e-06
"GSE4142_NAIVE_BCELL_VS_PLASMA_CELL_DN","GSE4142_NAIVE_BCELL_VS_PLASMA_CELL_DN","65/4231","200/21355",1.44954863250165e-05,3.13915770604287e-05,6.22713174125185e-06
"GSE41867_NAIVE_VS_EFFECTOR_CD8_TCELL_UP","GSE41867_NAIVE_VS_EFFECTOR_CD8_TCELL_UP","65/4231","200/21355",1.44954863250165e-05,3.13915770604287e-05,6.22713174125185e-06
"GSE42021_TCONV_PLN_VS_CD24INT_TCONV_THYMUS_DN","GSE42021_TCONV_PLN_VS_CD24INT_TCONV_THYMUS_DN","65/4231","200/21355",1.44954863250165e-05,3.13915770604287e-05,6.22713174125185e-06
"GSE42724_NAIVE_VS_MEMORY_BCELL_DN","GSE42724_NAIVE_VS_MEMORY_BCELL_DN","65/4231","200/21355",1.44954863250165e-05,3.13915770604287e-05,6.22713174125185e-06
"GSE43863_TH1_VS_TFH_EFFECTOR_CD4_TCELL_DN","GSE43863_TH1_VS_TFH_EFFECTOR_CD4_TCELL_DN","65/4231","200/21355",1.44954863250165e-05,3.13915770604287e-05,6.22713174125185e-06
"GSE43955_1H_VS_20H_ACT_CD4_TCELL_UP","GSE43955_1H_VS_20H_ACT_CD4_TCELL_UP","65/4231","200/21355",1.44954863250165e-05,3.13915770604287e-05,6.22713174125185e-06
"GSE46143_CTRL_VS_LMP2A_TRANSDUCED_CD10_POS_GC_BCELL_DN","GSE46143_CTRL_VS_LMP2A_TRANSDUCED_CD10_POS_GC_BCELL_DN","65/4231","200/21355",1.44954863250165e-05,3.13915770604287e-05,6.22713174125185e-06
"GSE46606_DAY1_VS_DAY3_CD40L_IL2_IL5_STIMULATED_IRF4MID_BCELL_DN","GSE46606_DAY1_VS_DAY3_CD40L_IL2_IL5_STIMULATED_IRF4MID_BCELL_DN","65/4231","200/21355",1.44954863250165e-05,3.13915770604287e-05,6.22713174125185e-06
"GSE46606_IRF4HIGH_VS_WT_CD40L_IL2_IL5_DAY3_STIMULATED_BCELL_DN","GSE46606_IRF4HIGH_VS_WT_CD40L_IL2_IL5_DAY3_STIMULATED_BCELL_DN","65/4231","200/21355",1.44954863250165e-05,3.13915770604287e-05,6.22713174125185e-06
"GSE4748_CTRL_VS_CYANOBACTERIUM_LPSLIKE_STIM_DC_3H_UP","GSE4748_CTRL_VS_CYANOBACTERIUM_LPSLIKE_STIM_DC_3H_UP","65/4231","200/21355",1.44954863250165e-05,3.13915770604287e-05,6.22713174125185e-06
"GSE5503_PLN_DC_VS_SPLEEN_DC_ACTIVATED_ALLOGENIC_TCELL_DN","GSE5503_PLN_DC_VS_SPLEEN_DC_ACTIVATED_ALLOGENIC_TCELL_DN","65/4231","200/21355",1.44954863250165e-05,3.13915770604287e-05,6.22713174125185e-06
"GSE5589_LPS_VS_LPS_AND_IL6_STIM_IL6_KO_MACROPHAGE_45MIN_DN","GSE5589_LPS_VS_LPS_AND_IL6_STIM_IL6_KO_MACROPHAGE_45MIN_DN","65/4231","200/21355",1.44954863250165e-05,3.13915770604287e-05,6.22713174125185e-06
"GSE5589_LPS_VS_LPS_AND_IL6_STIM_IL6_KO_MACROPHAGE_45MIN_UP","GSE5589_LPS_VS_LPS_AND_IL6_STIM_IL6_KO_MACROPHAGE_45MIN_UP","65/4231","200/21355",1.44954863250165e-05,3.13915770604287e-05,6.22713174125185e-06
"GSE5589_UNSTIM_VS_180MIN_LPS_STIM_MACROPHAGE_UP","GSE5589_UNSTIM_VS_180MIN_LPS_STIM_MACROPHAGE_UP","65/4231","200/21355",1.44954863250165e-05,3.13915770604287e-05,6.22713174125185e-06
"GSE5679_CTRL_VS_PPARG_LIGAND_ROSIGLITAZONE_TREATED_DC_DN","GSE5679_CTRL_VS_PPARG_LIGAND_ROSIGLITAZONE_TREATED_DC_DN","65/4231","200/21355",1.44954863250165e-05,3.13915770604287e-05,6.22713174125185e-06
"GSE7400_CTRL_VS_CSF3_IN_VIVO_TREATED_PBMC_UP","GSE7400_CTRL_VS_CSF3_IN_VIVO_TREATED_PBMC_UP","65/4231","200/21355",1.44954863250165e-05,3.13915770604287e-05,6.22713174125185e-06
"GSE7460_CD8_TCELL_VS_TREG_ACT_UP","GSE7460_CD8_TCELL_VS_TREG_ACT_UP","65/4231","200/21355",1.44954863250165e-05,3.13915770604287e-05,6.22713174125185e-06
"GSE7460_CTRL_VS_TGFB_TREATED_ACT_TCONV_DN","GSE7460_CTRL_VS_TGFB_TREATED_ACT_TCONV_DN","65/4231","200/21355",1.44954863250165e-05,3.13915770604287e-05,6.22713174125185e-06
"GSE7568_CTRL_VS_24H_TGFB_TREATED_MACROPHAGES_WITH_IL4_AND_DEXAMETHASONE_UP","GSE7568_CTRL_VS_24H_TGFB_TREATED_MACROPHAGES_WITH_IL4_AND_DEXAMETHASONE_UP","65/4231","200/21355",1.44954863250165e-05,3.13915770604287e-05,6.22713174125185e-06
"GSE7764_NKCELL_VS_SPLENOCYTE_UP","GSE7764_NKCELL_VS_SPLENOCYTE_UP","65/4231","200/21355",1.44954863250165e-05,3.13915770604287e-05,6.22713174125185e-06
"GSE7831_CPG_VS_INFLUENZA_STIM_PDC_4H_DN","GSE7831_CPG_VS_INFLUENZA_STIM_PDC_4H_DN","65/4231","200/21355",1.44954863250165e-05,3.13915770604287e-05,6.22713174125185e-06
"GSE7831_UNSTIM_VS_CPG_STIM_PDC_4H_DN","GSE7831_UNSTIM_VS_CPG_STIM_PDC_4H_DN","65/4231","200/21355",1.44954863250165e-05,3.13915770604287e-05,6.22713174125185e-06
"GSE8835_CD4_VS_CD8_TCELL_CLL_PATIENT_UP","GSE8835_CD4_VS_CD8_TCELL_CLL_PATIENT_UP","65/4231","200/21355",1.44954863250165e-05,3.13915770604287e-05,6.22713174125185e-06
"GSE9006_HEALTHY_VS_TYPE_2_DIABETES_PBMC_AT_DX_UP","GSE9006_HEALTHY_VS_TYPE_2_DIABETES_PBMC_AT_DX_UP","65/4231","200/21355",1.44954863250165e-05,3.13915770604287e-05,6.22713174125185e-06
"GSE9037_CTRL_VS_LPS_1H_STIM_BMDM_UP","GSE9037_CTRL_VS_LPS_1H_STIM_BMDM_UP","65/4231","200/21355",1.44954863250165e-05,3.13915770604287e-05,6.22713174125185e-06
"GSE6674_UNSTIM_VS_PL2_3_STIM_BCELL_DN","GSE6674_UNSTIM_VS_PL2_3_STIM_BCELL_DN","58/4231","173/21355",1.4635225921896e-05,3.16808142211313e-05,6.28450757492511e-06
"GSE37533_UNTREATED_VS_PIOGLIZATONE_TREATED_CD4_TCELL_PPARG2_AND_FOXP3_TRASDUCED_DN","GSE37533_UNTREATED_VS_PIOGLIZATONE_TREATED_CD4_TCELL_PPARG2_AND_FOXP3_TRASDUCED_DN","54/4231","158/21355",1.53401868580241e-05,3.31928230621492e-05,6.58444402694952e-06
"GSE37301_HEMATOPOIETIC_STEM_CELL_VS_GRAN_MONO_PROGENITOR_UP","GSE37301_HEMATOPOIETIC_STEM_CELL_VS_GRAN_MONO_PROGENITOR_UP","55/4231","162/21355",1.59931034197294e-05,3.45909907719549e-05,6.86179786962409e-06
"GSE3920_IFNA_VS_IFNB_TREATED_ENDOTHELIAL_CELL_DN","GSE3920_IFNA_VS_IFNB_TREATED_ENDOTHELIAL_CELL_DN","56/4231","166/21355",1.66151739821877e-05,3.59061474842723e-05,7.12268486145083e-06
"GSE40274_CTRL_VS_IRF4_TRANSDUCED_ACTIVATED_CD4_TCELL_DN","GSE40274_CTRL_VS_IRF4_TRANSDUCED_ACTIVATED_CD4_TCELL_DN","56/4231","166/21355",1.66151739821877e-05,3.59061474842723e-05,7.12268486145083e-06
"GSE12366_GC_VS_MEMORY_BCELL_DN","GSE12366_GC_VS_MEMORY_BCELL_DN","64/4231","197/21355",1.70306953225049e-05,3.67112465194112e-05,7.28239196208211e-06
"GSE12845_IGD_NEG_BLOOD_VS_NAIVE_TONSIL_BCELL_DN","GSE12845_IGD_NEG_BLOOD_VS_NAIVE_TONSIL_BCELL_DN","64/4231","197/21355",1.70306953225049e-05,3.67112465194112e-05,7.28239196208211e-06
"GSE24574_BCL6_LOW_TFH_VS_NAIVE_CD4_TCELL_DN","GSE24574_BCL6_LOW_TFH_VS_NAIVE_CD4_TCELL_DN","64/4231","197/21355",1.70306953225049e-05,3.67112465194112e-05,7.28239196208211e-06
"GSE29618_MONOCYTE_VS_PDC_DN","GSE29618_MONOCYTE_VS_PDC_DN","64/4231","197/21355",1.70306953225049e-05,3.67112465194112e-05,7.28239196208211e-06
"GSE3982_MEMORY_CD4_TCELL_VS_TH1_UP","GSE3982_MEMORY_CD4_TCELL_VS_TH1_UP","64/4231","197/21355",1.70306953225049e-05,3.67112465194112e-05,7.28239196208211e-06
"GSE9988_LOW_LPS_VS_CTRL_TREATED_MONOCYTE_UP","GSE9988_LOW_LPS_VS_CTRL_TREATED_MONOCYTE_UP","64/4231","197/21355",1.70306953225049e-05,3.67112465194112e-05,7.28239196208211e-06
"GSE12963_ENV_NEF_VS_ENV_NEF_AND_VPR_DEFICIENT_HIV1_INF_CD4_TCELL_DN","GSE12963_ENV_NEF_VS_ENV_NEF_AND_VPR_DEFICIENT_HIV1_INF_CD4_TCELL_DN","52/4231","151/21355",1.72210855089444e-05,3.71060463719416e-05,7.36070821514582e-06
"ANDERSON_BLOOD_CN54GP140_ADJUVANTED_WITH_GLA_AF_AGE_18_45YO_3DY_DN","ANDERSON_BLOOD_CN54GP140_ADJUVANTED_WITH_GLA_AF_AGE_18_45YO_3DY_DN","18/4231","34/21355",1.75575181717872e-05,3.78150580456223e-05,7.50135451302362e-06
"GSE40274_CTRL_VS_GATA1_TRANSDUCED_ACTIVATED_CD4_TCELL_DN","GSE40274_CTRL_VS_GATA1_TRANSDUCED_ACTIVATED_CD4_TCELL_DN","58/4231","174/21355",1.77607087653122e-05,3.82366203826084e-05,7.58497962699954e-06
"THAKAR_PBMC_INACTIVATED_INFLUENZA_AGE_21_30YO_NONRESPONDER_7DY_DN","THAKAR_PBMC_INACTIVATED_INFLUENZA_AGE_21_30YO_NONRESPONDER_7DY_DN","30/4231","72/21355",1.78845707125823e-05,3.84871156476476e-05,7.63467024983626e-06
"GSE37533_PPARG1_FOXP3_VS_PPARG2_FOXP3_TRANSDUCED_CD4_TCELL_UP","GSE37533_PPARG1_FOXP3_VS_PPARG2_FOXP3_TRANSDUCED_CD4_TCELL_UP","59/4231","178/21355",1.82819452517362e-05,3.93257454302978e-05,7.80102882840168e-06
"GARCIA_PINERES_PBMC_HPV_16_L1_VLP_AGE_18_25YO_STIMULATED_VS_UNSTIMULATED_0DY_VACCINATION_INDEPENDENT_UP","GARCIA_PINERES_PBMC_HPV_16_L1_VLP_AGE_18_25YO_STIMULATED_VS_UNSTIMULATED_0DY_VACCINATION_INDEPENDENT_UP","79/4231","257/21355",1.86538915085673e-05,4.01089965909882e-05,7.95640197689686e-06
"HOWARD_DENDRITIC_CELL_INACT_MONOV_INFLUENZA_A_INDONESIA_05_2005_H5N1_AGE_18_49YO_1DY_UP","HOWARD_DENDRITIC_CELL_INACT_MONOV_INFLUENZA_A_INDONESIA_05_2005_H5N1_AGE_18_49YO_1DY_UP","54/4231","159/21355",1.87986877802239e-05,4.04033851410599e-05,8.01479968915207e-06
"GAUCHER_PBMC_YF_VAX_STAMARIL_UNKNOWN_AGE_7DY_DN","GAUCHER_PBMC_YF_VAX_STAMARIL_UNKNOWN_AGE_7DY_DN","62/4231","190/21355",1.96321366415441e-05,4.21593349076476e-05,8.3631265829081e-06
"GSE2128_CTRL_VS_MIMETOPE_NEGATIVE_SELECTION_DP_THYMOCYTE_C57BL6_UP","GSE2128_CTRL_VS_MIMETOPE_NEGATIVE_SELECTION_DP_THYMOCYTE_C57BL6_UP","62/4231","190/21355",1.96321366415441e-05,4.21593349076476e-05,8.3631265829081e-06
"GSE13411_NAIVE_VS_SWITCHED_MEMORY_BCELL_DN","GSE13411_NAIVE_VS_SWITCHED_MEMORY_BCELL_DN","64/4231","198/21355",2.03529998277663e-05,4.35431874445452e-05,8.63764073175568e-06
"GSE13485_DAY3_VS_DAY7_YF17D_VACCINE_PBMC_DN","GSE13485_DAY3_VS_DAY7_YF17D_VACCINE_PBMC_DN","64/4231","198/21355",2.03529998277663e-05,4.35431874445452e-05,8.63764073175568e-06
"GSE14000_4H_VS_16H_LPS_DC_TRANSLATED_RNA_DN","GSE14000_4H_VS_16H_LPS_DC_TRANSLATED_RNA_DN","64/4231","198/21355",2.03529998277663e-05,4.35431874445452e-05,8.63764073175568e-06
"GSE1791_CTRL_VS_NEUROMEDINU_IN_T_CELL_LINE_12H_UP","GSE1791_CTRL_VS_NEUROMEDINU_IN_T_CELL_LINE_12H_UP","64/4231","198/21355",2.03529998277663e-05,4.35431874445452e-05,8.63764073175568e-06
"GSE21927_SPLENIC_VS_TUMOR_MONOCYTES_FROM_C26GM_TUMOROUS_MICE_BALBC_DN","GSE21927_SPLENIC_VS_TUMOR_MONOCYTES_FROM_C26GM_TUMOROUS_MICE_BALBC_DN","64/4231","198/21355",2.03529998277663e-05,4.35431874445452e-05,8.63764073175568e-06
"GSE22025_TGFB1_VS_TGFB1_AND_PROGESTERONE_TREATED_CD4_TCELL_UP","GSE22025_TGFB1_VS_TGFB1_AND_PROGESTERONE_TREATED_CD4_TCELL_UP","64/4231","198/21355",2.03529998277663e-05,4.35431874445452e-05,8.63764073175568e-06
"GSE22886_CD4_TCELL_VS_BCELL_NAIVE_UP","GSE22886_CD4_TCELL_VS_BCELL_NAIVE_UP","64/4231","198/21355",2.03529998277663e-05,4.35431874445452e-05,8.63764073175568e-06
"GSE360_CTRL_VS_M_TUBERCULOSIS_MAC_DN","GSE360_CTRL_VS_M_TUBERCULOSIS_MAC_DN","64/4231","198/21355",2.03529998277663e-05,4.35431874445452e-05,8.63764073175568e-06
"GSE360_T_GONDII_VS_M_TUBERCULOSIS_MAC_DN","GSE360_T_GONDII_VS_M_TUBERCULOSIS_MAC_DN","64/4231","198/21355",2.03529998277663e-05,4.35431874445452e-05,8.63764073175568e-06
"GSE40274_CTRL_VS_FOXP3_AND_XBP1_TRANSDUCED_ACTIVATED_CD4_TCELL_DN","GSE40274_CTRL_VS_FOXP3_AND_XBP1_TRANSDUCED_ACTIVATED_CD4_TCELL_DN","53/4231","156/21355",2.20981997989806e-05,4.72571431662807e-05,9.37437630626674e-06
"GSE14415_ACT_VS_CTRL_NATURAL_TREG_UP","GSE14415_ACT_VS_CTRL_NATURAL_TREG_UP","60/4231","183/21355",2.25891110143196e-05,4.82868152874906e-05,9.57863185980982e-06
"GSE17974_0H_VS_24H_IN_VITRO_ACT_CD4_TCELL_UP","GSE17974_0H_VS_24H_IN_VITRO_ACT_CD4_TCELL_UP","62/4231","191/21355",2.35128320843505e-05,5.02194905268254e-05,9.96201569889589e-06
"GSE21678_WT_VS_FOXO1_FOXO3_KO_TREG_DN","GSE21678_WT_VS_FOXO1_FOXO3_KO_TREG_DN","62/4231","191/21355",2.35128320843505e-05,5.02194905268254e-05,9.96201569889589e-06
"GSE17974_IL4_AND_ANTI_IL12_VS_UNTREATED_72H_ACT_CD4_TCELL_DN","GSE17974_IL4_AND_ANTI_IL12_VS_UNTREATED_72H_ACT_CD4_TCELL_DN","63/4231","195/21355",2.3910491747491e-05,5.10263033712068e-05,1.01220627670259e-05
"GSE20500_CTRL_VS_RARA_ANTAGONIST_TREATED_CD4_TCELL_UP","GSE20500_CTRL_VS_RARA_ANTAGONIST_TREATED_CD4_TCELL_UP","63/4231","195/21355",2.3910491747491e-05,5.10263033712068e-05,1.01220627670259e-05
"GSE10325_CD4_TCELL_VS_LUPUS_CD4_TCELL_DN","GSE10325_CD4_TCELL_VS_LUPUS_CD4_TCELL_DN","64/4231","199/21355",2.42660025470451e-05,5.12093573718209e-05,1.01583750993242e-05
"GSE11924_TH1_VS_TH17_CD4_TCELL_DN","GSE11924_TH1_VS_TH17_CD4_TCELL_DN","64/4231","199/21355",2.42660025470451e-05,5.12093573718209e-05,1.01583750993242e-05
"GSE17301_IFNA2_VS_IFNA2_AND_ACD3_ACD28_STIM_CD8_TCELL_DN","GSE17301_IFNA2_VS_IFNA2_AND_ACD3_ACD28_STIM_CD8_TCELL_DN","64/4231","199/21355",2.42660025470451e-05,5.12093573718209e-05,1.01583750993242e-05
"GSE17721_0.5H_VS_24H_LPS_BMDC_UP","GSE17721_0.5H_VS_24H_LPS_BMDC_UP","64/4231","199/21355",2.42660025470451e-05,5.12093573718209e-05,1.01583750993242e-05
"GSE17721_0.5H_VS_8H_CPG_BMDC_DN","GSE17721_0.5H_VS_8H_CPG_BMDC_DN","64/4231","199/21355",2.42660025470451e-05,5.12093573718209e-05,1.01583750993242e-05
"GSE17721_CTRL_VS_GARDIQUIMOD_24H_BMDC_DN","GSE17721_CTRL_VS_GARDIQUIMOD_24H_BMDC_DN","64/4231","199/21355",2.42660025470451e-05,5.12093573718209e-05,1.01583750993242e-05
"GSE17721_CTRL_VS_LPS_12H_BMDC_UP","GSE17721_CTRL_VS_LPS_12H_BMDC_UP","64/4231","199/21355",2.42660025470451e-05,5.12093573718209e-05,1.01583750993242e-05
"GSE17721_CTRL_VS_POLYIC_2H_BMDC_UP","GSE17721_CTRL_VS_POLYIC_2H_BMDC_UP","64/4231","199/21355",2.42660025470451e-05,5.12093573718209e-05,1.01583750993242e-05
"GSE17721_LPS_VS_PAM3CSK4_8H_BMDC_DN","GSE17721_LPS_VS_PAM3CSK4_8H_BMDC_DN","64/4231","199/21355",2.42660025470451e-05,5.12093573718209e-05,1.01583750993242e-05
"GSE17721_POLYIC_VS_CPG_8H_BMDC_DN","GSE17721_POLYIC_VS_CPG_8H_BMDC_DN","64/4231","199/21355",2.42660025470451e-05,5.12093573718209e-05,1.01583750993242e-05
"GSE19941_UNSTIM_VS_LPS_AND_IL10_STIM_IL10_KO_MACROPHAGE_UP","GSE19941_UNSTIM_VS_LPS_AND_IL10_STIM_IL10_KO_MACROPHAGE_UP","64/4231","199/21355",2.42660025470451e-05,5.12093573718209e-05,1.01583750993242e-05
"GSE21379_TFH_VS_NON_TFH_SAP_KO_CD4_TCELL_DN","GSE21379_TFH_VS_NON_TFH_SAP_KO_CD4_TCELL_DN","64/4231","199/21355",2.42660025470451e-05,5.12093573718209e-05,1.01583750993242e-05
"GSE22935_24H_VS_48H_MBOVIS_BCG_STIM_MYD88_KO_MACROPHAGE_UP","GSE22935_24H_VS_48H_MBOVIS_BCG_STIM_MYD88_KO_MACROPHAGE_UP","64/4231","199/21355",2.42660025470451e-05,5.12093573718209e-05,1.01583750993242e-05
"GSE23114_PERITONEAL_CAVITY_B1A_BCELL_VS_SPLEEN_BCELL_IN_SLE2C1_MOUSE_UP","GSE23114_PERITONEAL_CAVITY_B1A_BCELL_VS_SPLEEN_BCELL_IN_SLE2C1_MOUSE_UP","64/4231","199/21355",2.42660025470451e-05,5.12093573718209e-05,1.01583750993242e-05
"GSE23321_CD8_STEM_CELL_MEMORY_VS_EFFECTOR_MEMORY_CD8_TCELL_UP","GSE23321_CD8_STEM_CELL_MEMORY_VS_EFFECTOR_MEMORY_CD8_TCELL_UP","64/4231","199/21355",2.42660025470451e-05,5.12093573718209e-05,1.01583750993242e-05
"GSE2405_S_AUREUS_VS_UNTREATED_NEUTROPHIL_UP","GSE2405_S_AUREUS_VS_UNTREATED_NEUTROPHIL_UP","64/4231","199/21355",2.42660025470451e-05,5.12093573718209e-05,1.01583750993242e-05
"GSE24142_DN2_VS_DN3_THYMOCYTE_ADULT_UP","GSE24142_DN2_VS_DN3_THYMOCYTE_ADULT_UP","64/4231","199/21355",2.42660025470451e-05,5.12093573718209e-05,1.01583750993242e-05
"GSE26727_WT_VS_KLF2_KO_LPS_STIM_MACROPHAGE_UP","GSE26727_WT_VS_KLF2_KO_LPS_STIM_MACROPHAGE_UP","64/4231","199/21355",2.42660025470451e-05,5.12093573718209e-05,1.01583750993242e-05
"GSE27786_LSK_VS_LIN_NEG_CELL_UP","GSE27786_LSK_VS_LIN_NEG_CELL_UP","64/4231","199/21355",2.42660025470451e-05,5.12093573718209e-05,1.01583750993242e-05
"GSE28783_CTRL_ANTI_MIR_VS_UNTREATED_ATHEROSCLEROSIS_MACROPHAGE_DN","GSE28783_CTRL_ANTI_MIR_VS_UNTREATED_ATHEROSCLEROSIS_MACROPHAGE_DN","64/4231","199/21355",2.42660025470451e-05,5.12093573718209e-05,1.01583750993242e-05
"GSE3039_ALPHABETA_CD8_TCELL_VS_B1_BCELL_DN","GSE3039_ALPHABETA_CD8_TCELL_VS_B1_BCELL_DN","64/4231","199/21355",2.42660025470451e-05,5.12093573718209e-05,1.01583750993242e-05
"GSE37534_UNTREATED_VS_PIOGLITAZONE_TREATED_CD4_TCELL_PPARG1_AND_FOXP3_TRASDUCED_DN","GSE37534_UNTREATED_VS_PIOGLITAZONE_TREATED_CD4_TCELL_PPARG1_AND_FOXP3_TRASDUCED_DN","64/4231","199/21355",2.42660025470451e-05,5.12093573718209e-05,1.01583750993242e-05
"GSE3982_EOSINOPHIL_VS_MAST_CELL_UP","GSE3982_EOSINOPHIL_VS_MAST_CELL_UP","64/4231","199/21355",2.42660025470451e-05,5.12093573718209e-05,1.01583750993242e-05
"GSE39820_TGFBETA3_IL6_VS_TGFBETA3_IL6_IL23A_TREATED_CD4_TCELL_UP","GSE39820_TGFBETA3_IL6_VS_TGFBETA3_IL6_IL23A_TREATED_CD4_TCELL_UP","64/4231","199/21355",2.42660025470451e-05,5.12093573718209e-05,1.01583750993242e-05
"GSE40666_WT_VS_STAT1_KO_CD8_TCELL_WITH_IFNA_STIM_90MIN_UP","GSE40666_WT_VS_STAT1_KO_CD8_TCELL_WITH_IFNA_STIM_90MIN_UP","64/4231","199/21355",2.42660025470451e-05,5.12093573718209e-05,1.01583750993242e-05
"GSE6875_WT_VS_FOXP3_KO_TREG_DN","GSE6875_WT_VS_FOXP3_KO_TREG_DN","64/4231","199/21355",2.42660025470451e-05,5.12093573718209e-05,1.01583750993242e-05
"GSE7460_WT_VS_FOXP3_HET_ACT_TCONV_UP","GSE7460_WT_VS_FOXP3_HET_ACT_TCONV_UP","64/4231","199/21355",2.42660025470451e-05,5.12093573718209e-05,1.01583750993242e-05
"GSE14415_TCONV_VS_FOXP3_KO_INDUCED_TREG_UP","GSE14415_TCONV_VS_FOXP3_KO_INDUCED_TREG_UP","57/4231","172/21355",2.52703735885041e-05,5.32850411413707e-05,1.05701274703912e-05
"GSE40274_CTRL_VS_SATB1_TRANSDUCED_ACTIVATED_CD4_TCELL_DN","GSE40274_CTRL_VS_SATB1_TRANSDUCED_ACTIVATED_CD4_TCELL_DN","57/4231","172/21355",2.52703735885041e-05,5.32850411413707e-05,1.05701274703912e-05
"GSE27241_WT_VS_RORGT_KO_TH17_POLARIZED_CD4_TCELL_TREATED_WITH_DIGOXIN_UP","GSE27241_WT_VS_RORGT_KO_TH17_POLARIZED_CD4_TCELL_TREATED_WITH_DIGOXIN_UP","59/4231","180/21355",2.65535907772075e-05,5.59448032568703e-05,1.10977431764044e-05
"GSE6092_B_BURGDOFERI_VS_B_BURGDORFERI_AND_IFNG_STIM_ENDOTHELIAL_CELL_DN","GSE6092_B_BURGDOFERI_VS_B_BURGDORFERI_AND_IFNG_STIM_ENDOTHELIAL_CELL_DN","59/4231","180/21355",2.65535907772075e-05,5.59448032568703e-05,1.10977431764044e-05
"GSE7596_AKT_TRANSD_VS_CTRL_CD4_TCONV_WITH_TGFB_UP","GSE7596_AKT_TRANSD_VS_CTRL_CD4_TCONV_WITH_TGFB_UP","54/4231","161/21355",2.79652705459099e-05,5.87828021965361e-05,1.16607156337873e-05
"GSE17974_0H_VS_1H_IN_VITRO_ACT_CD4_TCELL_UP","GSE17974_0H_VS_1H_IN_VITRO_ACT_CD4_TCELL_UP","62/4231","192/21355",2.80913296922782e-05,5.87828021965361e-05,1.16607156337873e-05
"GSE37533_PPARG1_FOXP3_VS_PPARG2_FOXP3_TRANSDUCED_CD4_TCELL_PIOGLITAZONE_TREATED_UP","GSE37533_PPARG1_FOXP3_VS_PPARG2_FOXP3_TRANSDUCED_CD4_TCELL_PIOGLITAZONE_TREATED_UP","63/4231","196/21355",2.85023194794751e-05,5.87828021965361e-05,1.16607156337873e-05
"GSE46606_UNSTIM_VS_CD40L_IL2_IL5_DAY1_STIMULATED_BCELL_UP","GSE46606_UNSTIM_VS_CD40L_IL2_IL5_DAY1_STIMULATED_BCELL_UP","63/4231","196/21355",2.85023194794751e-05,5.87828021965361e-05,1.16607156337873e-05
"GSE10325_BCELL_VS_LUPUS_BCELL_DN","GSE10325_BCELL_VS_LUPUS_BCELL_DN","64/4231","200/21355",2.88638925338824e-05,5.87828021965361e-05,1.16607156337873e-05
"GSE1112_OT1_VS_HY_CD8AB_THYMOCYTE_RTOC_CULTURE_UP","GSE1112_OT1_VS_HY_CD8AB_THYMOCYTE_RTOC_CULTURE_UP","64/4231","200/21355",2.88638925338824e-05,5.87828021965361e-05,1.16607156337873e-05
"GSE11961_MARGINAL_ZONE_BCELL_VS_MEMORY_BCELL_DAY40_UP","GSE11961_MARGINAL_ZONE_BCELL_VS_MEMORY_BCELL_DAY40_UP","64/4231","200/21355",2.88638925338824e-05,5.87828021965361e-05,1.16607156337873e-05
"GSE11961_MEMORY_BCELL_DAY7_VS_GERMINAL_CENTER_BCELL_DAY40_UP","GSE11961_MEMORY_BCELL_DAY7_VS_GERMINAL_CENTER_BCELL_DAY40_UP","64/4231","200/21355",2.88638925338824e-05,5.87828021965361e-05,1.16607156337873e-05
"GSE12001_MIR223_KO_VS_WT_NEUTROPHIL_DN","GSE12001_MIR223_KO_VS_WT_NEUTROPHIL_DN","64/4231","200/21355",2.88638925338824e-05,5.87828021965361e-05,1.16607156337873e-05
"GSE13306_TREG_VS_TCONV_DN","GSE13306_TREG_VS_TCONV_DN","64/4231","200/21355",2.88638925338824e-05,5.87828021965361e-05,1.16607156337873e-05
"GSE14350_IL2RB_KO_VS_WT_TEFF_DN","GSE14350_IL2RB_KO_VS_WT_TEFF_DN","64/4231","200/21355",2.88638925338824e-05,5.87828021965361e-05,1.16607156337873e-05
"GSE1448_CTRL_VS_ANTI_VALPHA2_DP_THYMOCYTE_UP","GSE1448_CTRL_VS_ANTI_VALPHA2_DP_THYMOCYTE_UP","64/4231","200/21355",2.88638925338824e-05,5.87828021965361e-05,1.16607156337873e-05
"GSE14769_20MIN_VS_360MIN_LPS_BMDM_DN","GSE14769_20MIN_VS_360MIN_LPS_BMDM_DN","64/4231","200/21355",2.88638925338824e-05,5.87828021965361e-05,1.16607156337873e-05
"GSE14908_ATOPIC_VS_NONATOPIC_PATIENT_RESTING_CD4_TCELL_DN","GSE14908_ATOPIC_VS_NONATOPIC_PATIENT_RESTING_CD4_TCELL_DN","64/4231","200/21355",2.88638925338824e-05,5.87828021965361e-05,1.16607156337873e-05
"GSE15330_HSC_VS_GRANULOCYTE_MONOCYTE_PROGENITOR_UP","GSE15330_HSC_VS_GRANULOCYTE_MONOCYTE_PROGENITOR_UP","64/4231","200/21355",2.88638925338824e-05,5.87828021965361e-05,1.16607156337873e-05
"GSE15330_WT_VS_IKAROS_KO_GRANULOCYTE_MONOCYTE_PROGENITOR_UP","GSE15330_WT_VS_IKAROS_KO_GRANULOCYTE_MONOCYTE_PROGENITOR_UP","64/4231","200/21355",2.88638925338824e-05,5.87828021965361e-05,1.16607156337873e-05
"GSE15930_STIM_VS_STIM_AND_IL12_24H_CD8_T_CELL_UP","GSE15930_STIM_VS_STIM_AND_IL12_24H_CD8_T_CELL_UP","64/4231","200/21355",2.88638925338824e-05,5.87828021965361e-05,1.16607156337873e-05
"GSE16451_CTRL_VS_WEST_EQUINE_ENC_VIRUS_IMMATURE_NEURON_CELL_LINE_UP","GSE16451_CTRL_VS_WEST_EQUINE_ENC_VIRUS_IMMATURE_NEURON_CELL_LINE_UP","64/4231","200/21355",2.88638925338824e-05,5.87828021965361e-05,1.16607156337873e-05
"GSE17186_NAIVE_VS_CD21LOW_TRANSITIONAL_BCELL_UP","GSE17186_NAIVE_VS_CD21LOW_TRANSITIONAL_BCELL_UP","64/4231","200/21355",2.88638925338824e-05,5.87828021965361e-05,1.16607156337873e-05
"GSE17301_ACD3_ACD28_VS_ACD3_ACD28_AND_IFNA2_STIM_CD8_TCELL_DN","GSE17301_ACD3_ACD28_VS_ACD3_ACD28_AND_IFNA2_STIM_CD8_TCELL_DN","64/4231","200/21355",2.88638925338824e-05,5.87828021965361e-05,1.16607156337873e-05
"GSE17580_TREG_VS_TEFF_S_MANSONI_INF_DN","GSE17580_TREG_VS_TEFF_S_MANSONI_INF_DN","64/4231","200/21355",2.88638925338824e-05,5.87828021965361e-05,1.16607156337873e-05
"GSE17580_TREG_VS_TEFF_S_MANSONI_INF_UP","GSE17580_TREG_VS_TEFF_S_MANSONI_INF_UP","64/4231","200/21355",2.88638925338824e-05,5.87828021965361e-05,1.16607156337873e-05
"GSE17721_0.5H_VS_12H_GARDIQUIMOD_BMDC_DN","GSE17721_0.5H_VS_12H_GARDIQUIMOD_BMDC_DN","64/4231","200/21355",2.88638925338824e-05,5.87828021965361e-05,1.16607156337873e-05
"GSE17721_0.5H_VS_24H_GARDIQUIMOD_BMDC_UP","GSE17721_0.5H_VS_24H_GARDIQUIMOD_BMDC_UP","64/4231","200/21355",2.88638925338824e-05,5.87828021965361e-05,1.16607156337873e-05
"GSE17721_CTRL_VS_CPG_2H_BMDC_DN","GSE17721_CTRL_VS_CPG_2H_BMDC_DN","64/4231","200/21355",2.88638925338824e-05,5.87828021965361e-05,1.16607156337873e-05
"GSE17721_CTRL_VS_CPG_2H_BMDC_UP","GSE17721_CTRL_VS_CPG_2H_BMDC_UP","64/4231","200/21355",2.88638925338824e-05,5.87828021965361e-05,1.16607156337873e-05
"GSE17721_CTRL_VS_PAM3CSK4_6H_BMDC_UP","GSE17721_CTRL_VS_PAM3CSK4_6H_BMDC_UP","64/4231","200/21355",2.88638925338824e-05,5.87828021965361e-05,1.16607156337873e-05
"GSE17721_LPS_VS_CPG_2H_BMDC_UP","GSE17721_LPS_VS_CPG_2H_BMDC_UP","64/4231","200/21355",2.88638925338824e-05,5.87828021965361e-05,1.16607156337873e-05
"GSE17721_LPS_VS_PAM3CSK4_12H_BMDC_UP","GSE17721_LPS_VS_PAM3CSK4_12H_BMDC_UP","64/4231","200/21355",2.88638925338824e-05,5.87828021965361e-05,1.16607156337873e-05
"GSE17721_LPS_VS_POLYIC_12H_BMDC_UP","GSE17721_LPS_VS_POLYIC_12H_BMDC_UP","64/4231","200/21355",2.88638925338824e-05,5.87828021965361e-05,1.16607156337873e-05
"GSE17721_LPS_VS_POLYIC_8H_BMDC_UP","GSE17721_LPS_VS_POLYIC_8H_BMDC_UP","64/4231","200/21355",2.88638925338824e-05,5.87828021965361e-05,1.16607156337873e-05
"GSE17721_PAM3CSK4_VS_CPG_6H_BMDC_UP","GSE17721_PAM3CSK4_VS_CPG_6H_BMDC_UP","64/4231","200/21355",2.88638925338824e-05,5.87828021965361e-05,1.16607156337873e-05
"GSE17721_PAM3CSK4_VS_GADIQUIMOD_16H_BMDC_DN","GSE17721_PAM3CSK4_VS_GADIQUIMOD_16H_BMDC_DN","64/4231","200/21355",2.88638925338824e-05,5.87828021965361e-05,1.16607156337873e-05
"GSE17721_POLYIC_VS_GARDIQUIMOD_24H_BMDC_UP","GSE17721_POLYIC_VS_GARDIQUIMOD_24H_BMDC_UP","64/4231","200/21355",2.88638925338824e-05,5.87828021965361e-05,1.16607156337873e-05
"GSE1925_CTRL_VS_3H_IFNG_STIM_MACROPHAGE_UP","GSE1925_CTRL_VS_3H_IFNG_STIM_MACROPHAGE_UP","64/4231","200/21355",2.88638925338824e-05,5.87828021965361e-05,1.16607156337873e-05
"GSE19888_ADENOSINE_A3R_INH_PRETREAT_AND_ACT_BY_A3R_VS_A3R_INH_AND_TCELL_MEMBRANES_ACT_MAST_CELL_DN","GSE19888_ADENOSINE_A3R_INH_PRETREAT_AND_ACT_BY_A3R_VS_A3R_INH_AND_TCELL_MEMBRANES_ACT_MAST_CELL_DN","64/4231","200/21355",2.88638925338824e-05,5.87828021965361e-05,1.16607156337873e-05
"GSE20152_SPHK1_KO_VS_WT_HTNFA_OVERXPRESS_ANKLE_DN","GSE20152_SPHK1_KO_VS_WT_HTNFA_OVERXPRESS_ANKLE_DN","64/4231","200/21355",2.88638925338824e-05,5.87828021965361e-05,1.16607156337873e-05
"GSE20198_IL12_IL18_VS_IFNA_TREATED_ACT_CD4_TCELL_DN","GSE20198_IL12_IL18_VS_IFNA_TREATED_ACT_CD4_TCELL_DN","64/4231","200/21355",2.88638925338824e-05,5.87828021965361e-05,1.16607156337873e-05
"GSE20366_CD103_POS_VS_CD103_KLRG1_DP_TREG_DN","GSE20366_CD103_POS_VS_CD103_KLRG1_DP_TREG_DN","64/4231","200/21355",2.88638925338824e-05,5.87828021965361e-05,1.16607156337873e-05
"GSE21379_TFH_VS_NON_TFH_SAP_KO_CD4_TCELL_UP","GSE21379_TFH_VS_NON_TFH_SAP_KO_CD4_TCELL_UP","64/4231","200/21355",2.88638925338824e-05,5.87828021965361e-05,1.16607156337873e-05
"GSE21670_STAT3_KO_VS_WT_CD4_TCELL_IL6_TREATED_DN","GSE21670_STAT3_KO_VS_WT_CD4_TCELL_IL6_TREATED_DN","64/4231","200/21355",2.88638925338824e-05,5.87828021965361e-05,1.16607156337873e-05
"GSE21774_CD56_BRIGHT_VS_DIM_CD62L_POSITIVE_NK_CELL_DN","GSE21774_CD56_BRIGHT_VS_DIM_CD62L_POSITIVE_NK_CELL_DN","64/4231","200/21355",2.88638925338824e-05,5.87828021965361e-05,1.16607156337873e-05
"GSE21927_GMCSF_IL6_VS_GMCSF_GCSF_TREATED_BONE_MARROW_DN","GSE21927_GMCSF_IL6_VS_GMCSF_GCSF_TREATED_BONE_MARROW_DN","64/4231","200/21355",2.88638925338824e-05,5.87828021965361e-05,1.16607156337873e-05
"GSE22103_UNSTIM_VS_GMCSF_AND_IFNG_STIM_NEUTROPHIL_UP","GSE22103_UNSTIM_VS_GMCSF_AND_IFNG_STIM_NEUTROPHIL_UP","64/4231","200/21355",2.88638925338824e-05,5.87828021965361e-05,1.16607156337873e-05
"GSE22886_NAIVE_CD4_TCELL_VS_48H_ACT_TH2_UP","GSE22886_NAIVE_CD4_TCELL_VS_48H_ACT_TH2_UP","64/4231","200/21355",2.88638925338824e-05,5.87828021965361e-05,1.16607156337873e-05
"GSE22935_UNSTIM_VS_24H_MBOVIS_BCG_STIM_MYD88_KO_MACROPHAGE_DN","GSE22935_UNSTIM_VS_24H_MBOVIS_BCG_STIM_MYD88_KO_MACROPHAGE_DN","64/4231","200/21355",2.88638925338824e-05,5.87828021965361e-05,1.16607156337873e-05
"GSE23308_CTRL_VS_CORTICOSTERONE_TREATED_MACROPHAGE_DN","GSE23308_CTRL_VS_CORTICOSTERONE_TREATED_MACROPHAGE_DN","64/4231","200/21355",2.88638925338824e-05,5.87828021965361e-05,1.16607156337873e-05
"GSE23502_WT_VS_HDC_KO_MYELOID_DERIVED_SUPPRESSOR_CELL_BM_UP","GSE23502_WT_VS_HDC_KO_MYELOID_DERIVED_SUPPRESSOR_CELL_BM_UP","64/4231","200/21355",2.88638925338824e-05,5.87828021965361e-05,1.16607156337873e-05
"GSE23505_UNTREATED_VS_4DAY_IL6_IL1_IL23_TREATED_CD4_TCELL_UP","GSE23505_UNTREATED_VS_4DAY_IL6_IL1_IL23_TREATED_CD4_TCELL_UP","64/4231","200/21355",2.88638925338824e-05,5.87828021965361e-05,1.16607156337873e-05
"GSE24574_NAIVE_VS_TCONV_CD4_TCELL_UP","GSE24574_NAIVE_VS_TCONV_CD4_TCELL_UP","64/4231","200/21355",2.88638925338824e-05,5.87828021965361e-05,1.16607156337873e-05
"GSE25088_CTRL_VS_IL4_STIM_MACROPHAGE_DN","GSE25088_CTRL_VS_IL4_STIM_MACROPHAGE_DN","64/4231","200/21355",2.88638925338824e-05,5.87828021965361e-05,1.16607156337873e-05
"GSE25123_CTRL_VS_IL4_STIM_PPARG_KO_MACROPHAGE_UP","GSE25123_CTRL_VS_IL4_STIM_PPARG_KO_MACROPHAGE_UP","64/4231","200/21355",2.88638925338824e-05,5.87828021965361e-05,1.16607156337873e-05
"GSE25123_ROSIGLITAZONE_VS_IL4_AND_ROSIGLITAZONE_STIM_PPARG_KO_MACROPHAGE_DAY10_DN","GSE25123_ROSIGLITAZONE_VS_IL4_AND_ROSIGLITAZONE_STIM_PPARG_KO_MACROPHAGE_DAY10_DN","64/4231","200/21355",2.88638925338824e-05,5.87828021965361e-05,1.16607156337873e-05
"GSE27670_CTRL_VS_LMP1_TRANSDUCED_GC_BCELL_DN","GSE27670_CTRL_VS_LMP1_TRANSDUCED_GC_BCELL_DN","64/4231","200/21355",2.88638925338824e-05,5.87828021965361e-05,1.16607156337873e-05
"GSE27670_CTRL_VS_LMP1_TRANSDUCED_GC_BCELL_UP","GSE27670_CTRL_VS_LMP1_TRANSDUCED_GC_BCELL_UP","64/4231","200/21355",2.88638925338824e-05,5.87828021965361e-05,1.16607156337873e-05
"GSE27786_LSK_VS_CD4_TCELL_DN","GSE27786_LSK_VS_CD4_TCELL_DN","64/4231","200/21355",2.88638925338824e-05,5.87828021965361e-05,1.16607156337873e-05
"GSE27786_LSK_VS_NKCELL_UP","GSE27786_LSK_VS_NKCELL_UP","64/4231","200/21355",2.88638925338824e-05,5.87828021965361e-05,1.16607156337873e-05
"GSE28737_BCL6_HET_VS_BCL6_KO_FOLLICULAR_BCELL_DN","GSE28737_BCL6_HET_VS_BCL6_KO_FOLLICULAR_BCELL_DN","64/4231","200/21355",2.88638925338824e-05,5.87828021965361e-05,1.16607156337873e-05
"GSE28737_WT_VS_BCL6_HET_MARGINAL_ZONE_BCELL_UP","GSE28737_WT_VS_BCL6_HET_MARGINAL_ZONE_BCELL_UP","64/4231","200/21355",2.88638925338824e-05,5.87828021965361e-05,1.16607156337873e-05
"GSE29164_UNTREATED_VS_CD8_TCELL_AND_IL12_TREATED_MELANOMA_DAY7_UP","GSE29164_UNTREATED_VS_CD8_TCELL_AND_IL12_TREATED_MELANOMA_DAY7_UP","64/4231","200/21355",2.88638925338824e-05,5.87828021965361e-05,1.16607156337873e-05
"GSE30083_SP1_VS_SP4_THYMOCYTE_UP","GSE30083_SP1_VS_SP4_THYMOCYTE_UP","64/4231","200/21355",2.88638925338824e-05,5.87828021965361e-05,1.16607156337873e-05
"GSE31082_DN_VS_DP_THYMOCYTE_DN","GSE31082_DN_VS_DP_THYMOCYTE_DN","64/4231","200/21355",2.88638925338824e-05,5.87828021965361e-05,1.16607156337873e-05
"GSE32034_UNTREATED_VS_ROSIGLIZATONE_TREATED_LY6C_HIGH_MONOCYTE_UP","GSE32034_UNTREATED_VS_ROSIGLIZATONE_TREATED_LY6C_HIGH_MONOCYTE_UP","64/4231","200/21355",2.88638925338824e-05,5.87828021965361e-05,1.16607156337873e-05
"GSE339_CD8POS_VS_CD4CD8DN_DC_IN_CULTURE_UP","GSE339_CD8POS_VS_CD4CD8DN_DC_IN_CULTURE_UP","64/4231","200/21355",2.88638925338824e-05,5.87828021965361e-05,1.16607156337873e-05
"GSE34515_CD16_NEG_MONOCYTE_VS_DC_DN","GSE34515_CD16_NEG_MONOCYTE_VS_DC_DN","64/4231","200/21355",2.88638925338824e-05,5.87828021965361e-05,1.16607156337873e-05
"GSE36078_UNTREATED_VS_AD5_T425A_HEXON_INF_MOUSE_LUNG_DC_UP","GSE36078_UNTREATED_VS_AD5_T425A_HEXON_INF_MOUSE_LUNG_DC_UP","64/4231","200/21355",2.88638925338824e-05,5.87828021965361e-05,1.16607156337873e-05
"GSE37301_MULTIPOTENT_PROGENITOR_VS_PRO_BCELL_UP","GSE37301_MULTIPOTENT_PROGENITOR_VS_PRO_BCELL_UP","64/4231","200/21355",2.88638925338824e-05,5.87828021965361e-05,1.16607156337873e-05
"GSE37534_GW1929_VS_PIOGLITAZONE_TREATED_CD4_TCELL_PPARG1_FOXP3_TRANSDUCED_DN","GSE37534_GW1929_VS_PIOGLITAZONE_TREATED_CD4_TCELL_PPARG1_FOXP3_TRANSDUCED_DN","64/4231","200/21355",2.88638925338824e-05,5.87828021965361e-05,1.16607156337873e-05
"GSE42021_CD24HI_TREG_VS_CD24HI_TCONV_THYMUS_UP","GSE42021_CD24HI_TREG_VS_CD24HI_TCONV_THYMUS_UP","64/4231","200/21355",2.88638925338824e-05,5.87828021965361e-05,1.16607156337873e-05
"GSE42724_NAIVE_VS_B1_BCELL_UP","GSE42724_NAIVE_VS_B1_BCELL_UP","64/4231","200/21355",2.88638925338824e-05,5.87828021965361e-05,1.16607156337873e-05
"GSE43863_NAIVE_VS_MEMORY_LY6C_INT_CXCR5POS_CD4_TCELL_D150_LCMV_DN","GSE43863_NAIVE_VS_MEMORY_LY6C_INT_CXCR5POS_CD4_TCELL_D150_LCMV_DN","64/4231","200/21355",2.88638925338824e-05,5.87828021965361e-05,1.16607156337873e-05
"GSE43955_TH0_VS_TGFB_IL6_TH17_ACT_CD4_TCELL_10H_UP","GSE43955_TH0_VS_TGFB_IL6_TH17_ACT_CD4_TCELL_10H_UP","64/4231","200/21355",2.88638925338824e-05,5.87828021965361e-05,1.16607156337873e-05
"GSE43955_TH0_VS_TGFB_IL6_TH17_ACT_CD4_TCELL_4H_DN","GSE43955_TH0_VS_TGFB_IL6_TH17_ACT_CD4_TCELL_4H_DN","64/4231","200/21355",2.88638925338824e-05,5.87828021965361e-05,1.16607156337873e-05
"GSE43956_WT_VS_SGK1_KO_TH17_DIFFERENTIATED_CD4_TCELL_DN","GSE43956_WT_VS_SGK1_KO_TH17_DIFFERENTIATED_CD4_TCELL_DN","64/4231","200/21355",2.88638925338824e-05,5.87828021965361e-05,1.16607156337873e-05
"GSE44649_NAIVE_VS_ACTIVATED_CD8_TCELL_MIR155_KO_DN","GSE44649_NAIVE_VS_ACTIVATED_CD8_TCELL_MIR155_KO_DN","64/4231","200/21355",2.88638925338824e-05,5.87828021965361e-05,1.16607156337873e-05
"GSE5503_LIVER_DC_VS_SPLEEN_DC_ACTIVATED_ALLOGENIC_TCELL_DN","GSE5503_LIVER_DC_VS_SPLEEN_DC_ACTIVATED_ALLOGENIC_TCELL_DN","64/4231","200/21355",2.88638925338824e-05,5.87828021965361e-05,1.16607156337873e-05
"GSE5503_MLN_DC_VS_SPLEEN_DC_ACTIVATED_ALLOGENIC_TCELL_DN","GSE5503_MLN_DC_VS_SPLEEN_DC_ACTIVATED_ALLOGENIC_TCELL_DN","64/4231","200/21355",2.88638925338824e-05,5.87828021965361e-05,1.16607156337873e-05
"GSE557_WT_VS_I_AB_KO_DC_UP","GSE557_WT_VS_I_AB_KO_DC_UP","64/4231","200/21355",2.88638925338824e-05,5.87828021965361e-05,1.16607156337873e-05
"GSE6092_UNSTIM_VS_IFNG_STIM_ENDOTHELIAL_CELL_UP","GSE6092_UNSTIM_VS_IFNG_STIM_ENDOTHELIAL_CELL_UP","64/4231","200/21355",2.88638925338824e-05,5.87828021965361e-05,1.16607156337873e-05
"GSE6875_WT_VS_FOXP3_KO_TREG_UP","GSE6875_WT_VS_FOXP3_KO_TREG_UP","64/4231","200/21355",2.88638925338824e-05,5.87828021965361e-05,1.16607156337873e-05
"GSE7460_CTRL_VS_TGFB_TREATED_ACT_FOXP3_MUT_TCONV_UP","GSE7460_CTRL_VS_TGFB_TREATED_ACT_FOXP3_MUT_TCONV_UP","64/4231","200/21355",2.88638925338824e-05,5.87828021965361e-05,1.16607156337873e-05
"GSE8921_UNSTIM_VS_TLR1_2_STIM_MONOCYTE_12H_DN","GSE8921_UNSTIM_VS_TLR1_2_STIM_MONOCYTE_12H_DN","64/4231","200/21355",2.88638925338824e-05,5.87828021965361e-05,1.16607156337873e-05
"KAECH_NAIVE_VS_DAY8_EFF_CD8_TCELL_UP","KAECH_NAIVE_VS_DAY8_EFF_CD8_TCELL_UP","64/4231","200/21355",2.88638925338824e-05,5.87828021965361e-05,1.16607156337873e-05
"KAECH_NAIVE_VS_MEMORY_CD8_TCELL_UP","KAECH_NAIVE_VS_MEMORY_CD8_TCELL_UP","64/4231","200/21355",2.88638925338824e-05,5.87828021965361e-05,1.16607156337873e-05
"QI_PBMC_ZOSTAVAX_AGE_50_75YO_CORRELATED_WITH_T_CELL_RESPONSES_EXPANSION_AND_CONTRACTION_1D_NOT_INFORMATIVE_OF_LONG_TERM_RESPONSES_POSITIVE","QI_PBMC_ZOSTAVAX_AGE_50_75YO_CORRELATED_WITH_T_CELL_RESPONSES_EXPANSION_AND_CONTRACTION_1D_NOT_INFORMATIVE_OF_LONG_TERM_RESPONSES_POSITIVE","11/4231","16/21355",2.94719058586234e-05,5.99972158186273e-05,1.19016182682288e-05
"GSE32901_NAIVE_VS_TH1_CD4_TCELL_DN","GSE32901_NAIVE_VS_TH1_CD4_TCELL_DN","56/4231","169/21355",2.9714067146822e-05,6.04661803075069e-05,1.19946465238211e-05
"GSE6259_FLT3L_INDUCED_33D1_POS_DC_VS_CD8_TCELL_DN","GSE6259_FLT3L_INDUCED_33D1_POS_DC_VS_CD8_TCELL_DN","51/4231","150/21355",3.05440721201251e-05,6.21305213046673e-05,1.23248010309277e-05
"GSE26928_NAIVE_VS_CENT_MEMORY_CD4_TCELL_DN","GSE26928_NAIVE_VS_CENT_MEMORY_CD4_TCELL_DN","62/4231","193/21355",3.34798721192462e-05,6.80752972960159e-05,1.35040633279158e-05
"GSE1460_CORD_VS_ADULT_BLOOD_NAIVE_CD4_TCELL_UP","GSE1460_CORD_VS_ADULT_BLOOD_NAIVE_CD4_TCELL_UP","63/4231","197/21355",3.38956950159613e-05,6.87843755549556e-05,1.36447228342787e-05
"GSE21063_3H_VS_16H_ANTI_IGM_STIM_BCELL_DN","GSE21063_3H_VS_16H_ANTI_IGM_STIM_BCELL_DN","63/4231","197/21355",3.38956950159613e-05,6.87843755549556e-05,1.36447228342787e-05
"GSE23321_EFFECTOR_MEMORY_VS_NAIVE_CD8_TCELL_DN","GSE23321_EFFECTOR_MEMORY_VS_NAIVE_CD8_TCELL_DN","63/4231","197/21355",3.38956950159613e-05,6.87843755549556e-05,1.36447228342787e-05
"GSE37534_UNTREATED_VS_ROSIGLITAZONE_TREATED_CD4_TCELL_PPARG1_AND_FOXP3_TRASDUCED_UP","GSE37534_UNTREATED_VS_ROSIGLITAZONE_TREATED_CD4_TCELL_PPARG1_AND_FOXP3_TRASDUCED_UP","63/4231","197/21355",3.38956950159613e-05,6.87843755549556e-05,1.36447228342787e-05
"GSE3982_BCELL_VS_TH2_UP","GSE3982_BCELL_VS_TH2_UP","63/4231","197/21355",3.38956950159613e-05,6.87843755549556e-05,1.36447228342787e-05
"NAKAYA_PBMC_FLUARIX_FLUVIRIN_AGE_18_50YO_CORRELATED_WITH_HAI_28DY_RESPONSE_AT_7DY_POSITIVE","NAKAYA_PBMC_FLUARIX_FLUVIRIN_AGE_18_50YO_CORRELATED_WITH_HAI_28DY_RESPONSE_AT_7DY_POSITIVE","54/4231","162/21355",3.39513541090002e-05,6.88700598190483e-05,1.36617199797114e-05
"GSE37301_PRO_BCELL_VS_CD4_TCELL_UP","GSE37301_PRO_BCELL_VS_CD4_TCELL_UP","56/4231","170/21355",3.5858971062281e-05,7.27108724941662e-05,1.44236201058309e-05
"GSE4590_LARGE_PRE_BCELL_VS_VPREB_POS_LARGE_PRE_BCELL_UP","GSE4590_LARGE_PRE_BCELL_VS_VPREB_POS_LARGE_PRE_BCELL_UP","57/4231","174/21355",3.67007669254004e-05,7.43883476708591e-05,1.47563800336879e-05
"GSE7568_IL4_VS_IL4_AND_DEXAMETHASONE_TREATED_MACROPHAGE_DN","GSE7568_IL4_VS_IL4_AND_DEXAMETHASONE_TREATED_MACROPHAGE_DN","51/4231","151/21355",3.73387952918271e-05,7.56516461130063e-05,1.50069799259018e-05
"GSE7219_UNSTIM_VS_LPS_AND_ANTI_CD40_STIM_NIK_NFKB2_KO_DC_UP","GSE7219_UNSTIM_VS_LPS_AND_ANTI_CD40_STIM_NIK_NFKB2_KO_DC_UP","58/4231","178/21355",3.74678923334243e-05,7.58832145796654e-05,1.50529160490291e-05
"GSE22611_UNSTIM_VS_2H_MDP_STIM_MUTANT_NOD2_TRANSDUCED_HEK293T_CELL_DN","GSE22611_UNSTIM_VS_2H_MDP_STIM_MUTANT_NOD2_TRANSDUCED_HEK293T_CELL_DN","60/4231","186/21355",3.87807739157746e-05,7.85111560395974e-05,1.55742195072081e-05
"TSANG_PBMC_FLUVIRIN_PANDEMRIX_ADULT_CORR_WITH_CELL_FREQ_CD27HI_CD38HI_CD20_NEG_PLASMABLASTS_AND_CD38PLUS_OF_IGD_CD27PLUS_MEM_B_CELLS_7DY_POSITIVE","TSANG_PBMC_FLUVIRIN_PANDEMRIX_ADULT_CORR_WITH_CELL_FREQ_CD27HI_CD38HI_CD20_NEG_PLASMABLASTS_AND_CD38PLUS_OF_IGD_CD27PLUS_MEM_B_CELLS_7DY_POSITIVE","31/4231","78/21355",3.96902750705684e-05,8.03207066765629e-05,1.59331791793252e-05
"GSE25088_CTRL_VS_IL4_STIM_MACROPHAGE_UP","GSE25088_CTRL_VS_IL4_STIM_MACROPHAGE_UP","62/4231","194/21355",3.98064379555451e-05,8.05239940647688e-05,1.59735051987939e-05
"GSE15330_HSC_VS_LYMPHOID_PRIMED_MULTIPOTENT_PROGENITOR_IKAROS_KO_UP","GSE15330_HSC_VS_LYMPHOID_PRIMED_MULTIPOTENT_PROGENITOR_IKAROS_KO_UP","63/4231","198/21355",4.02156194371187e-05,8.10638085861857e-05,1.60805879405827e-05
"GSE18791_UNSTIM_VS_NEWCATSLE_VIRUS_DC_10H_UP","GSE18791_UNSTIM_VS_NEWCATSLE_VIRUS_DC_10H_UP","63/4231","198/21355",4.02156194371187e-05,8.10638085861857e-05,1.60805879405827e-05
"GSE22611_UNSTIM_VS_6H_MDP_STIM_MUTANT_NOD2_TRANSDUCED_HEK293T_CELL_UP","GSE22611_UNSTIM_VS_6H_MDP_STIM_MUTANT_NOD2_TRANSDUCED_HEK293T_CELL_UP","63/4231","198/21355",4.02156194371187e-05,8.10638085861857e-05,1.60805879405827e-05
"GSE22886_NAIVE_TCELL_VS_NKCELL_UP","GSE22886_NAIVE_TCELL_VS_NKCELL_UP","63/4231","198/21355",4.02156194371187e-05,8.10638085861857e-05,1.60805879405827e-05
"GSE24142_EARLY_THYMIC_PROGENITOR_VS_DN3_THYMOCYTE_DN","GSE24142_EARLY_THYMIC_PROGENITOR_VS_DN3_THYMOCYTE_DN","63/4231","198/21355",4.02156194371187e-05,8.10638085861857e-05,1.60805879405827e-05
"GSE26030_UNSTIM_VS_RESTIM_TH17_DAY5_POST_POLARIZATION_DN","GSE26030_UNSTIM_VS_RESTIM_TH17_DAY5_POST_POLARIZATION_DN","63/4231","198/21355",4.02156194371187e-05,8.10638085861857e-05,1.60805879405827e-05
"GSE3982_CENT_MEMORY_CD4_TCELL_VS_TH2_UP","GSE3982_CENT_MEMORY_CD4_TCELL_VS_TH2_UP","63/4231","198/21355",4.02156194371187e-05,8.10638085861857e-05,1.60805879405827e-05
"GSE3982_MAC_VS_NEUTROPHIL_UP","GSE3982_MAC_VS_NEUTROPHIL_UP","63/4231","198/21355",4.02156194371187e-05,8.10638085861857e-05,1.60805879405827e-05
"GSE9006_HEALTHY_VS_TYPE_2_DIABETES_PBMC_AT_DX_DN","GSE9006_HEALTHY_VS_TYPE_2_DIABETES_PBMC_AT_DX_DN","63/4231","198/21355",4.02156194371187e-05,8.10638085861857e-05,1.60805879405827e-05
"FRANCO_BLOOD_SANOFI_PASTEUR_SA_INACTIVATED_INFLUENZA_VACCINE_CORRELATED_WITH_ANTIBODY_RESPONSE_AGE_18_40YO_1DY_POSITIVE","FRANCO_BLOOD_SANOFI_PASTEUR_SA_INACTIVATED_INFLUENZA_VACCINE_CORRELATED_WITH_ANTIBODY_RESPONSE_AGE_18_40YO_1DY_POSITIVE","45/4231","129/21355",4.30173122089708e-05,8.66771786097423e-05,1.71941093983225e-05
"FULLER_PBMC_F_TULARENSIS_VACCINE_LVS_AGE_22_54YO_18HR_TO_48HR_EARLY_UP","FULLER_PBMC_F_TULARENSIS_VACCINE_LVS_AGE_22_54YO_18HR_TO_48HR_EARLY_UP","12/4231","19/21355",4.471739910271e-05,9.00673429471479e-05,1.78666146347711e-05
"NAKAYA_MONOCYTE_FLUARIX_FLUVIRIN_AGE_18_50YO_7DY_UP","NAKAYA_MONOCYTE_FLUARIX_FLUVIRIN_AGE_18_50YO_7DY_UP","34/4231","89/21355",4.51992903639947e-05,9.1002184762701e-05,1.80520587471033e-05
"GSE3920_IFNA_VS_IFNG_TREATED_FIBROBLAST_DN","GSE3920_IFNA_VS_IFNG_TREATED_FIBROBLAST_DN","60/4231","187/21355",4.62020130255563e-05,9.29844989277587e-05,1.8445289435533e-05
"GSE11864_CSF1_PAM3CYS_VS_CSF1_IFNG_PAM3CYS_IN_MAC_UP","GSE11864_CSF1_PAM3CYS_VS_CSF1_IFNG_PAM3CYS_IN_MAC_UP","62/4231","195/21355",4.72165782931335e-05,9.44343398605724e-05,1.87328936701055e-05
"GSE18791_UNSTIM_VS_NEWCATSLE_VIRUS_DC_6H_DN","GSE18791_UNSTIM_VS_NEWCATSLE_VIRUS_DC_6H_DN","62/4231","195/21355",4.72165782931335e-05,9.44343398605724e-05,1.87328936701055e-05
"GSE3982_MAST_CELL_VS_MAC_DN","GSE3982_MAST_CELL_VS_MAC_DN","62/4231","195/21355",4.72165782931335e-05,9.44343398605724e-05,1.87328936701055e-05
"GSE10239_NAIVE_VS_KLRG1INT_EFF_CD8_TCELL_UP","GSE10239_NAIVE_VS_KLRG1INT_EFF_CD8_TCELL_UP","63/4231","199/21355",4.76040449082557e-05,9.44343398605724e-05,1.87328936701055e-05
"GSE11057_EFF_MEM_VS_CENT_MEM_CD4_TCELL_UP","GSE11057_EFF_MEM_VS_CENT_MEM_CD4_TCELL_UP","63/4231","199/21355",4.76040449082557e-05,9.44343398605724e-05,1.87328936701055e-05
"GSE11924_TFH_VS_TH2_CD4_TCELL_UP","GSE11924_TFH_VS_TH2_CD4_TCELL_UP","63/4231","199/21355",4.76040449082557e-05,9.44343398605724e-05,1.87328936701055e-05
"GSE11961_MARGINAL_ZONE_BCELL_VS_PLASMA_CELL_DAY7_DN","GSE11961_MARGINAL_ZONE_BCELL_VS_PLASMA_CELL_DAY7_DN","63/4231","199/21355",4.76040449082557e-05,9.44343398605724e-05,1.87328936701055e-05
"GSE11961_MEMORY_BCELL_DAY7_VS_PLASMA_CELL_DAY7_UP","GSE11961_MEMORY_BCELL_DAY7_VS_PLASMA_CELL_DAY7_UP","63/4231","199/21355",4.76040449082557e-05,9.44343398605724e-05,1.87328936701055e-05
"GSE13411_NAIVE_BCELL_VS_PLASMA_CELL_DN","GSE13411_NAIVE_BCELL_VS_PLASMA_CELL_DN","63/4231","199/21355",4.76040449082557e-05,9.44343398605724e-05,1.87328936701055e-05
"GSE14350_TREG_VS_TEFF_UP","GSE14350_TREG_VS_TEFF_UP","63/4231","199/21355",4.76040449082557e-05,9.44343398605724e-05,1.87328936701055e-05
"GSE16755_CTRL_VS_IFNA_TREATED_MAC_DN","GSE16755_CTRL_VS_IFNA_TREATED_MAC_DN","63/4231","199/21355",4.76040449082557e-05,9.44343398605724e-05,1.87328936701055e-05
"GSE17721_0.5H_VS_8H_LPS_BMDC_DN","GSE17721_0.5H_VS_8H_LPS_BMDC_DN","63/4231","199/21355",4.76040449082557e-05,9.44343398605724e-05,1.87328936701055e-05
"GSE17721_12H_VS_24H_CPG_BMDC_UP","GSE17721_12H_VS_24H_CPG_BMDC_UP","63/4231","199/21355",4.76040449082557e-05,9.44343398605724e-05,1.87328936701055e-05
"GSE17721_4_VS_24H_GARDIQUIMOD_BMDC_DN","GSE17721_4_VS_24H_GARDIQUIMOD_BMDC_DN","63/4231","199/21355",4.76040449082557e-05,9.44343398605724e-05,1.87328936701055e-05
"GSE17721_CTRL_VS_POLYIC_8H_BMDC_DN","GSE17721_CTRL_VS_POLYIC_8H_BMDC_DN","63/4231","199/21355",4.76040449082557e-05,9.44343398605724e-05,1.87328936701055e-05
"GSE17721_POLYIC_VS_PAM3CSK4_24H_BMDC_DN","GSE17721_POLYIC_VS_PAM3CSK4_24H_BMDC_DN","63/4231","199/21355",4.76040449082557e-05,9.44343398605724e-05,1.87328936701055e-05
"GSE18791_CTRL_VS_NEWCASTLE_VIRUS_DC_12H_UP","GSE18791_CTRL_VS_NEWCASTLE_VIRUS_DC_12H_UP","63/4231","199/21355",4.76040449082557e-05,9.44343398605724e-05,1.87328936701055e-05
"GSE21927_C26GM_VS_4T1_TUMOR_MONOCYTE_BALBC_DN","GSE21927_C26GM_VS_4T1_TUMOR_MONOCYTE_BALBC_DN","63/4231","199/21355",4.76040449082557e-05,9.44343398605724e-05,1.87328936701055e-05
"GSE22501_PERIPHERAL_BLOOD_VS_CORD_BLOOD_TREG_DN","GSE22501_PERIPHERAL_BLOOD_VS_CORD_BLOOD_TREG_DN","63/4231","199/21355",4.76040449082557e-05,9.44343398605724e-05,1.87328936701055e-05
"GSE22886_NAIVE_CD4_TCELL_VS_12H_ACT_TH1_UP","GSE22886_NAIVE_CD4_TCELL_VS_12H_ACT_TH1_UP","63/4231","199/21355",4.76040449082557e-05,9.44343398605724e-05,1.87328936701055e-05
"GSE23114_WT_VS_SLE2C1_MOUSE_SPLEEN_B1A_BCELL_DN","GSE23114_WT_VS_SLE2C1_MOUSE_SPLEEN_B1A_BCELL_DN","63/4231","199/21355",4.76040449082557e-05,9.44343398605724e-05,1.87328936701055e-05
"GSE23925_LIGHT_ZONE_VS_NAIVE_BCELL_UP","GSE23925_LIGHT_ZONE_VS_NAIVE_BCELL_UP","63/4231","199/21355",4.76040449082557e-05,9.44343398605724e-05,1.87328936701055e-05
"GSE24142_EARLY_THYMIC_PROGENITOR_VS_DN3_THYMOCYTE_FETAL_DN","GSE24142_EARLY_THYMIC_PROGENITOR_VS_DN3_THYMOCYTE_FETAL_DN","63/4231","199/21355",4.76040449082557e-05,9.44343398605724e-05,1.87328936701055e-05
"GSE25088_ROSIGLITAZONE_VS_IL4_AND_ROSIGLITAZONE_STIM_MACROPHAGE_DAY10_UP","GSE25088_ROSIGLITAZONE_VS_IL4_AND_ROSIGLITAZONE_STIM_MACROPHAGE_DAY10_UP","63/4231","199/21355",4.76040449082557e-05,9.44343398605724e-05,1.87328936701055e-05
"GSE2770_IL4_ACT_VS_ACT_CD4_TCELL_48H_DN","GSE2770_IL4_ACT_VS_ACT_CD4_TCELL_48H_DN","63/4231","199/21355",4.76040449082557e-05,9.44343398605724e-05,1.87328936701055e-05
"GSE28737_FOLLICULAR_VS_MARGINAL_ZONE_BCELL_UP","GSE28737_FOLLICULAR_VS_MARGINAL_ZONE_BCELL_UP","63/4231","199/21355",4.76040449082557e-05,9.44343398605724e-05,1.87328936701055e-05
"GSE360_LOW_DOSE_B_MALAYI_VS_M_TUBERCULOSIS_MAC_UP","GSE360_LOW_DOSE_B_MALAYI_VS_M_TUBERCULOSIS_MAC_UP","63/4231","199/21355",4.76040449082557e-05,9.44343398605724e-05,1.87328936701055e-05
"GSE36888_STAT5_AB_KNOCKIN_VS_WT_TCELL_IL2_TREATED_6H_UP","GSE36888_STAT5_AB_KNOCKIN_VS_WT_TCELL_IL2_TREATED_6H_UP","63/4231","199/21355",4.76040449082557e-05,9.44343398605724e-05,1.87328936701055e-05
"GSE369_IFNG_KO_VS_WT_LIVER_UP","GSE369_IFNG_KO_VS_WT_LIVER_UP","63/4231","199/21355",4.76040449082557e-05,9.44343398605724e-05,1.87328936701055e-05
"GSE3982_CTRL_VS_IGE_STIM_MAST_CELL_UP","GSE3982_CTRL_VS_IGE_STIM_MAST_CELL_UP","63/4231","199/21355",4.76040449082557e-05,9.44343398605724e-05,1.87328936701055e-05
"GSE4748_CTRL_VS_LPS_STIM_DC_3H_DN","GSE4748_CTRL_VS_LPS_STIM_DC_3H_DN","63/4231","199/21355",4.76040449082557e-05,9.44343398605724e-05,1.87328936701055e-05
"GSE5503_LIVER_DC_VS_PLN_DC_ACTIVATED_ALLOGENIC_TCELL_UP","GSE5503_LIVER_DC_VS_PLN_DC_ACTIVATED_ALLOGENIC_TCELL_UP","63/4231","199/21355",4.76040449082557e-05,9.44343398605724e-05,1.87328936701055e-05
"GSE5679_RARA_AGONIST_AM580_VS_AM580_AND_ROSIGLITAZONE_TREATED_DC_UP","GSE5679_RARA_AGONIST_AM580_VS_AM580_AND_ROSIGLITAZONE_TREATED_DC_UP","63/4231","199/21355",4.76040449082557e-05,9.44343398605724e-05,1.87328936701055e-05
"GSE7460_CD8_TCELL_VS_CD4_TCELL_ACT_UP","GSE7460_CD8_TCELL_VS_CD4_TCELL_ACT_UP","63/4231","199/21355",4.76040449082557e-05,9.44343398605724e-05,1.87328936701055e-05
"GSE7460_WT_VS_FOXP3_HET_ACT_WITH_TGFB_TCONV_DN","GSE7460_WT_VS_FOXP3_HET_ACT_WITH_TGFB_TCONV_DN","63/4231","199/21355",4.76040449082557e-05,9.44343398605724e-05,1.87328936701055e-05
"GSE8678_IL7R_LOW_VS_HIGH_EFF_CD8_TCELL_UP","GSE8678_IL7R_LOW_VS_HIGH_EFF_CD8_TCELL_UP","63/4231","199/21355",4.76040449082557e-05,9.44343398605724e-05,1.87328936701055e-05
"GSE8921_UNSTIM_VS_TLR1_2_STIM_MONOCYTE_24H_UP","GSE8921_UNSTIM_VS_TLR1_2_STIM_MONOCYTE_24H_UP","63/4231","199/21355",4.76040449082557e-05,9.44343398605724e-05,1.87328936701055e-05
"GSE14415_ACT_VS_CTRL_NATURAL_TREG_DN","GSE14415_ACT_VS_CTRL_NATURAL_TREG_DN","55/4231","168/21355",5.07432172582387e-05,0.000100622720180167,1.99604796381792e-05
"GSE34156_UNTREATED_VS_6H_TLR1_TLR2_LIGAND_TREATED_MONOCYTE_DN","GSE34156_UNTREATED_VS_6H_TLR1_TLR2_LIGAND_TREATED_MONOCYTE_DN","57/4231","176/21355",5.27209086154809e-05,0.000104504012978714,2.07304097865244e-05
"GSE5099_DAY3_VS_DAY7_MCSF_TREATED_MACROPHAGE_UP","GSE5099_DAY3_VS_DAY7_MCSF_TREATED_MACROPHAGE_UP","61/4231","192/21355",5.54385055632433e-05,0.000108139902528963,2.14516594128958e-05
"GSE14000_UNSTIM_VS_4H_LPS_DC_UP","GSE14000_UNSTIM_VS_4H_LPS_DC_UP","62/4231","196/21355",5.58754144606477e-05,0.000108139902528963,2.14516594128958e-05
"GSE18281_MEDULLARY_THYMOCYTE_VS_WHOLE_MEDULLA_THYMUS_UP","GSE18281_MEDULLARY_THYMOCYTE_VS_WHOLE_MEDULLA_THYMUS_UP","62/4231","196/21355",5.58754144606477e-05,0.000108139902528963,2.14516594128958e-05
"GSE2770_TGFB_AND_IL4_ACT_VS_ACT_CD4_TCELL_2H_UP","GSE2770_TGFB_AND_IL4_ACT_VS_ACT_CD4_TCELL_2H_UP","62/4231","196/21355",5.58754144606477e-05,0.000108139902528963,2.14516594128958e-05
"GSE41867_DAY6_VS_DAY15_LCMV_ARMSTRONG_EFFECTOR_CD8_TCELL_UP","GSE41867_DAY6_VS_DAY15_LCMV_ARMSTRONG_EFFECTOR_CD8_TCELL_UP","62/4231","196/21355",5.58754144606477e-05,0.000108139902528963,2.14516594128958e-05
"GOLDRATH_NAIVE_VS_EFF_CD8_TCELL_UP","GOLDRATH_NAIVE_VS_EFF_CD8_TCELL_UP","63/4231","200/21355",5.62217792118001e-05,0.000108139902528963,2.14516594128958e-05
"GSE1112_OT1_VS_HY_CD8AB_THYMOCYTE_RTOC_CULTURE_DN","GSE1112_OT1_VS_HY_CD8AB_THYMOCYTE_RTOC_CULTURE_DN","63/4231","200/21355",5.62217792118001e-05,0.000108139902528963,2.14516594128958e-05
"GSE11961_FOLLICULAR_BCELL_VS_MEMORY_BCELL_DAY40_UP","GSE11961_FOLLICULAR_BCELL_VS_MEMORY_BCELL_DAY40_UP","63/4231","200/21355",5.62217792118001e-05,0.000108139902528963,2.14516594128958e-05
"GSE11961_GERMINAL_CENTER_BCELL_DAY7_VS_MEMORY_BCELL_DAY40_DN","GSE11961_GERMINAL_CENTER_BCELL_DAY7_VS_MEMORY_BCELL_DAY40_DN","63/4231","200/21355",5.62217792118001e-05,0.000108139902528963,2.14516594128958e-05
"GSE13484_12H_VS_3H_YF17D_VACCINE_STIM_PBMC_DN","GSE13484_12H_VS_3H_YF17D_VACCINE_STIM_PBMC_DN","63/4231","200/21355",5.62217792118001e-05,0.000108139902528963,2.14516594128958e-05
"GSE13493_DP_VS_CD8POS_THYMOCYTE_DN","GSE13493_DP_VS_CD8POS_THYMOCYTE_DN","63/4231","200/21355",5.62217792118001e-05,0.000108139902528963,2.14516594128958e-05
"GSE14308_TH1_VS_INDUCED_TREG_UP","GSE14308_TH1_VS_INDUCED_TREG_UP","63/4231","200/21355",5.62217792118001e-05,0.000108139902528963,2.14516594128958e-05
"GSE1432_1H_VS_6H_IFNG_MICROGLIA_DN","GSE1432_1H_VS_6H_IFNG_MICROGLIA_DN","63/4231","200/21355",5.62217792118001e-05,0.000108139902528963,2.14516594128958e-05
"GSE1432_CTRL_VS_IFNG_6H_MICROGLIA_UP","GSE1432_CTRL_VS_IFNG_6H_MICROGLIA_UP","63/4231","200/21355",5.62217792118001e-05,0.000108139902528963,2.14516594128958e-05
"GSE15139_GMCSF_TREATED_VS_UNTREATED_NEUTROPHILS_UP","GSE15139_GMCSF_TREATED_VS_UNTREATED_NEUTROPHILS_UP","63/4231","200/21355",5.62217792118001e-05,0.000108139902528963,2.14516594128958e-05
"GSE15330_HSC_VS_PRO_BCELL_UP","GSE15330_HSC_VS_PRO_BCELL_UP","63/4231","200/21355",5.62217792118001e-05,0.000108139902528963,2.14516594128958e-05
"GSE17721_12H_VS_24H_PAM3CSK4_BMDC_UP","GSE17721_12H_VS_24H_PAM3CSK4_BMDC_UP","63/4231","200/21355",5.62217792118001e-05,0.000108139902528963,2.14516594128958e-05
"GSE17721_CTRL_VS_CPG_6H_BMDC_UP","GSE17721_CTRL_VS_CPG_6H_BMDC_UP","63/4231","200/21355",5.62217792118001e-05,0.000108139902528963,2.14516594128958e-05
"GSE17721_CTRL_VS_PAM3CSK4_0.5H_BMDC_UP","GSE17721_CTRL_VS_PAM3CSK4_0.5H_BMDC_UP","63/4231","200/21355",5.62217792118001e-05,0.000108139902528963,2.14516594128958e-05
"GSE17721_CTRL_VS_POLYIC_12H_BMDC_DN","GSE17721_CTRL_VS_POLYIC_12H_BMDC_DN","63/4231","200/21355",5.62217792118001e-05,0.000108139902528963,2.14516594128958e-05
"GSE17721_CTRL_VS_POLYIC_4H_BMDC_UP","GSE17721_CTRL_VS_POLYIC_4H_BMDC_UP","63/4231","200/21355",5.62217792118001e-05,0.000108139902528963,2.14516594128958e-05
"GSE17721_LPS_VS_CPG_2H_BMDC_DN","GSE17721_LPS_VS_CPG_2H_BMDC_DN","63/4231","200/21355",5.62217792118001e-05,0.000108139902528963,2.14516594128958e-05
"GSE17721_LPS_VS_GARDIQUIMOD_0.5H_BMDC_DN","GSE17721_LPS_VS_GARDIQUIMOD_0.5H_BMDC_DN","63/4231","200/21355",5.62217792118001e-05,0.000108139902528963,2.14516594128958e-05
"GSE17721_LPS_VS_GARDIQUIMOD_6H_BMDC_UP","GSE17721_LPS_VS_GARDIQUIMOD_6H_BMDC_UP","63/4231","200/21355",5.62217792118001e-05,0.000108139902528963,2.14516594128958e-05
"GSE17721_LPS_VS_PAM3CSK4_2H_BMDC_UP","GSE17721_LPS_VS_PAM3CSK4_2H_BMDC_UP","63/4231","200/21355",5.62217792118001e-05,0.000108139902528963,2.14516594128958e-05
"GSE17721_POLYIC_VS_CPG_6H_BMDC_DN","GSE17721_POLYIC_VS_CPG_6H_BMDC_DN","63/4231","200/21355",5.62217792118001e-05,0.000108139902528963,2.14516594128958e-05
"GSE17721_POLYIC_VS_GARDIQUIMOD_8H_BMDC_DN","GSE17721_POLYIC_VS_GARDIQUIMOD_8H_BMDC_DN","63/4231","200/21355",5.62217792118001e-05,0.000108139902528963,2.14516594128958e-05
"GSE18893_CTRL_VS_TNF_TREATED_TREG_24H_UP","GSE18893_CTRL_VS_TNF_TREATED_TREG_24H_UP","63/4231","200/21355",5.62217792118001e-05,0.000108139902528963,2.14516594128958e-05
"GSE19512_NAUTRAL_VS_INDUCED_TREG_DN","GSE19512_NAUTRAL_VS_INDUCED_TREG_DN","63/4231","200/21355",5.62217792118001e-05,0.000108139902528963,2.14516594128958e-05
"GSE19888_NO_PRETREAT_VS_ADENOSINE_A3R_INHIBITOR_PRETREATED_MAST_CELL_TCELL_MEMBRANES_ACT_DN","GSE19888_NO_PRETREAT_VS_ADENOSINE_A3R_INHIBITOR_PRETREATED_MAST_CELL_TCELL_MEMBRANES_ACT_DN","63/4231","200/21355",5.62217792118001e-05,0.000108139902528963,2.14516594128958e-05
"GSE19941_IL10_KO_VS_IL10_KO_AND_NFKBP50_KO_LPS_STIM_MACROPHAGE_DN","GSE19941_IL10_KO_VS_IL10_KO_AND_NFKBP50_KO_LPS_STIM_MACROPHAGE_DN","63/4231","200/21355",5.62217792118001e-05,0.000108139902528963,2.14516594128958e-05
"GSE20366_TREG_VS_NAIVE_CD4_TCELL_HOMEOSTATIC_CONVERSION_UP","GSE20366_TREG_VS_NAIVE_CD4_TCELL_HOMEOSTATIC_CONVERSION_UP","63/4231","200/21355",5.62217792118001e-05,0.000108139902528963,2.14516594128958e-05
"GSE20715_0H_VS_48H_OZONE_TLR4_KO_LUNG_DN","GSE20715_0H_VS_48H_OZONE_TLR4_KO_LUNG_DN","63/4231","200/21355",5.62217792118001e-05,0.000108139902528963,2.14516594128958e-05
"GSE21360_SECONDARY_VS_TERTIARY_MEMORY_CD8_TCELL_UP","GSE21360_SECONDARY_VS_TERTIARY_MEMORY_CD8_TCELL_UP","63/4231","200/21355",5.62217792118001e-05,0.000108139902528963,2.14516594128958e-05
"GSE22432_MULTIPOTENT_VS_COMMON_DC_PROGENITOR_UNTREATED_UP","GSE22432_MULTIPOTENT_VS_COMMON_DC_PROGENITOR_UNTREATED_UP","63/4231","200/21355",5.62217792118001e-05,0.000108139902528963,2.14516594128958e-05
"GSE22432_UNTREATED_VS_TGFB1_TREATED_COMMON_DC_PROGENITOR_DN","GSE22432_UNTREATED_VS_TGFB1_TREATED_COMMON_DC_PROGENITOR_DN","63/4231","200/21355",5.62217792118001e-05,0.000108139902528963,2.14516594128958e-05
"GSE22886_IGM_MEMORY_BCELL_VS_BLOOD_PLASMA_CELL_DN","GSE22886_IGM_MEMORY_BCELL_VS_BLOOD_PLASMA_CELL_DN","63/4231","200/21355",5.62217792118001e-05,0.000108139902528963,2.14516594128958e-05
"GSE22886_NAIVE_BCELL_VS_BLOOD_PLASMA_CELL_UP","GSE22886_NAIVE_BCELL_VS_BLOOD_PLASMA_CELL_UP","63/4231","200/21355",5.62217792118001e-05,0.000108139902528963,2.14516594128958e-05
"GSE22886_NAIVE_CD4_TCELL_VS_48H_ACT_TH1_UP","GSE22886_NAIVE_CD4_TCELL_VS_48H_ACT_TH1_UP","63/4231","200/21355",5.62217792118001e-05,0.000108139902528963,2.14516594128958e-05
"GSE22886_NEUTROPHIL_VS_DC_DN","GSE22886_NEUTROPHIL_VS_DC_DN","63/4231","200/21355",5.62217792118001e-05,0.000108139902528963,2.14516594128958e-05
"GSE2585_AIRE_KO_VS_WT_CD80_LOW_MTEC_DN","GSE2585_AIRE_KO_VS_WT_CD80_LOW_MTEC_DN","63/4231","200/21355",5.62217792118001e-05,0.000108139902528963,2.14516594128958e-05
"GSE26351_UNSTIM_VS_WNT_PATHWAY_STIM_HEMATOPOIETIC_PROGENITORS_UP","GSE26351_UNSTIM_VS_WNT_PATHWAY_STIM_HEMATOPOIETIC_PROGENITORS_UP","63/4231","200/21355",5.62217792118001e-05,0.000108139902528963,2.14516594128958e-05
"GSE26669_CD4_VS_CD8_TCELL_IN_MLR_COSTIM_BLOCK_UP","GSE26669_CD4_VS_CD8_TCELL_IN_MLR_COSTIM_BLOCK_UP","63/4231","200/21355",5.62217792118001e-05,0.000108139902528963,2.14516594128958e-05
"GSE26669_CTRL_VS_COSTIM_BLOCK_MLR_CD4_TCELL_DN","GSE26669_CTRL_VS_COSTIM_BLOCK_MLR_CD4_TCELL_DN","63/4231","200/21355",5.62217792118001e-05,0.000108139902528963,2.14516594128958e-05
"GSE27786_BCELL_VS_ERYTHROBLAST_UP","GSE27786_BCELL_VS_ERYTHROBLAST_UP","63/4231","200/21355",5.62217792118001e-05,0.000108139902528963,2.14516594128958e-05
"GSE27786_ERYTHROBLAST_VS_NEUTROPHIL_DN","GSE27786_ERYTHROBLAST_VS_NEUTROPHIL_DN","63/4231","200/21355",5.62217792118001e-05,0.000108139902528963,2.14516594128958e-05
"GSE27786_LIN_NEG_VS_BCELL_UP","GSE27786_LIN_NEG_VS_BCELL_UP","63/4231","200/21355",5.62217792118001e-05,0.000108139902528963,2.14516594128958e-05
"GSE27786_LSK_VS_ERYTHROBLAST_UP","GSE27786_LSK_VS_ERYTHROBLAST_UP","63/4231","200/21355",5.62217792118001e-05,0.000108139902528963,2.14516594128958e-05
"GSE3039_NKT_CELL_VS_B2_BCELL_UP","GSE3039_NKT_CELL_VS_B2_BCELL_UP","63/4231","200/21355",5.62217792118001e-05,0.000108139902528963,2.14516594128958e-05
"GSE31082_DN_VS_CD4_SP_THYMOCYTE_DN","GSE31082_DN_VS_CD4_SP_THYMOCYTE_DN","63/4231","200/21355",5.62217792118001e-05,0.000108139902528963,2.14516594128958e-05
"GSE32034_LY6C_HIGH_VS_LOW_ROSIGLIZATONE_TREATED_MONOCYTE_UP","GSE32034_LY6C_HIGH_VS_LOW_ROSIGLIZATONE_TREATED_MONOCYTE_UP","63/4231","200/21355",5.62217792118001e-05,0.000108139902528963,2.14516594128958e-05
"GSE32423_CTRL_VS_IL7_IL4_MEMORY_CD8_TCELL_UP","GSE32423_CTRL_VS_IL7_IL4_MEMORY_CD8_TCELL_UP","63/4231","200/21355",5.62217792118001e-05,0.000108139902528963,2.14516594128958e-05
"GSE339_CD4POS_VS_CD4CD8DN_DC_UP","GSE339_CD4POS_VS_CD4CD8DN_DC_UP","63/4231","200/21355",5.62217792118001e-05,0.000108139902528963,2.14516594128958e-05
"GSE38681_WT_VS_LYL1_KO_LYMPHOID_PRIMED_MULTIPOTENT_PROGENITOR_DN","GSE38681_WT_VS_LYL1_KO_LYMPHOID_PRIMED_MULTIPOTENT_PROGENITOR_DN","63/4231","200/21355",5.62217792118001e-05,0.000108139902528963,2.14516594128958e-05
"GSE39152_CD103_NEG_VS_POS_MEMORY_CD8_TCELL_DN","GSE39152_CD103_NEG_VS_POS_MEMORY_CD8_TCELL_DN","63/4231","200/21355",5.62217792118001e-05,0.000108139902528963,2.14516594128958e-05
"GSE3920_UNTREATED_VS_IFNA_TREATED_FIBROBLAST_DN","GSE3920_UNTREATED_VS_IFNA_TREATED_FIBROBLAST_DN","63/4231","200/21355",5.62217792118001e-05,0.000108139902528963,2.14516594128958e-05
"GSE39864_WT_VS_GATA3_KO_TREG_UP","GSE39864_WT_VS_GATA3_KO_TREG_UP","63/4231","200/21355",5.62217792118001e-05,0.000108139902528963,2.14516594128958e-05
"GSE411_100MIN_VS_400MIN_IL6_STIM_SOCS3_KO_MACROPHAGE_DN","GSE411_100MIN_VS_400MIN_IL6_STIM_SOCS3_KO_MACROPHAGE_DN","63/4231","200/21355",5.62217792118001e-05,0.000108139902528963,2.14516594128958e-05
"GSE411_UNSTIM_VS_100MIN_IL6_STIM_MACROPHAGE_DN","GSE411_UNSTIM_VS_100MIN_IL6_STIM_MACROPHAGE_DN","63/4231","200/21355",5.62217792118001e-05,0.000108139902528963,2.14516594128958e-05
"GSE41867_DAY6_VS_DAY8_LCMV_CLONE13_EFFECTOR_CD8_TCELL_DN","GSE41867_DAY6_VS_DAY8_LCMV_CLONE13_EFFECTOR_CD8_TCELL_DN","63/4231","200/21355",5.62217792118001e-05,0.000108139902528963,2.14516594128958e-05
"GSE41867_DAY8_EFFECTOR_VS_DAY30_EXHAUSTED_CD8_TCELL_LCMV_CLONE13_DN","GSE41867_DAY8_EFFECTOR_VS_DAY30_EXHAUSTED_CD8_TCELL_LCMV_CLONE13_DN","63/4231","200/21355",5.62217792118001e-05,0.000108139902528963,2.14516594128958e-05
"GSE41867_NAIVE_VS_EFFECTOR_CD8_TCELL_DN","GSE41867_NAIVE_VS_EFFECTOR_CD8_TCELL_DN","63/4231","200/21355",5.62217792118001e-05,0.000108139902528963,2.14516594128958e-05
"GSE42021_TCONV_PLN_VS_CD24LO_TCONV_THYMUS_DN","GSE42021_TCONV_PLN_VS_CD24LO_TCONV_THYMUS_DN","63/4231","200/21355",5.62217792118001e-05,0.000108139902528963,2.14516594128958e-05
"GSE42088_UNINF_VS_LEISHMANIA_INF_DC_2H_UP","GSE42088_UNINF_VS_LEISHMANIA_INF_DC_2H_UP","63/4231","200/21355",5.62217792118001e-05,0.000108139902528963,2.14516594128958e-05
"GSE43863_TFH_VS_LY6C_INT_CXCR5POS_EFFECTOR_CD4_TCELL_UP","GSE43863_TFH_VS_LY6C_INT_CXCR5POS_EFFECTOR_CD4_TCELL_UP","63/4231","200/21355",5.62217792118001e-05,0.000108139902528963,2.14516594128958e-05
"GSE43955_TH0_VS_TGFB_IL6_TH17_ACT_CD4_TCELL_30H_DN","GSE43955_TH0_VS_TGFB_IL6_TH17_ACT_CD4_TCELL_30H_DN","63/4231","200/21355",5.62217792118001e-05,0.000108139902528963,2.14516594128958e-05
"GSE45365_NK_CELL_VS_CD11B_DC_MCMV_INFECTION_UP","GSE45365_NK_CELL_VS_CD11B_DC_MCMV_INFECTION_UP","63/4231","200/21355",5.62217792118001e-05,0.000108139902528963,2.14516594128958e-05
"GSE46606_DAY1_VS_DAY3_CD40L_IL2_IL5_STIMULATED_IRF4HIGH_BCELL_UP","GSE46606_DAY1_VS_DAY3_CD40L_IL2_IL5_STIMULATED_IRF4HIGH_BCELL_UP","63/4231","200/21355",5.62217792118001e-05,0.000108139902528963,2.14516594128958e-05
"GSE4748_CTRL_VS_LPS_AND_CYANOBACTERIUM_LPSLIKE_STIM_DC_3H_DN","GSE4748_CTRL_VS_LPS_AND_CYANOBACTERIUM_LPSLIKE_STIM_DC_3H_DN","63/4231","200/21355",5.62217792118001e-05,0.000108139902528963,2.14516594128958e-05
"GSE5099_UNSTIM_VS_MCSF_TREATED_MONOCYTE_DAY7_DN","GSE5099_UNSTIM_VS_MCSF_TREATED_MONOCYTE_DAY7_DN","63/4231","200/21355",5.62217792118001e-05,0.000108139902528963,2.14516594128958e-05
"GSE5589_LPS_AND_IL10_VS_LPS_AND_IL6_STIM_MACROPHAGE_45MIN_UP","GSE5589_LPS_AND_IL10_VS_LPS_AND_IL6_STIM_MACROPHAGE_45MIN_UP","63/4231","200/21355",5.62217792118001e-05,0.000108139902528963,2.14516594128958e-05
"GSE5679_PPARG_LIGAND_ROSIGLITAZONE_VS_RARA_AGONIST_AM580_TREATED_DC_UP","GSE5679_PPARG_LIGAND_ROSIGLITAZONE_VS_RARA_AGONIST_AM580_TREATED_DC_UP","63/4231","200/21355",5.62217792118001e-05,0.000108139902528963,2.14516594128958e-05
"GSE6681_DELETED_FOXP3_VS_WT_TREG_DN","GSE6681_DELETED_FOXP3_VS_WT_TREG_DN","63/4231","200/21355",5.62217792118001e-05,0.000108139902528963,2.14516594128958e-05
"GSE7831_UNSTIM_VS_CPG_STIM_PDC_1H_DN","GSE7831_UNSTIM_VS_CPG_STIM_PDC_1H_DN","63/4231","200/21355",5.62217792118001e-05,0.000108139902528963,2.14516594128958e-05
"GSE8685_IL2_STARVED_VS_IL21_ACT_IL2_STARVED_CD4_TCELL_DN","GSE8685_IL2_STARVED_VS_IL21_ACT_IL2_STARVED_CD4_TCELL_DN","63/4231","200/21355",5.62217792118001e-05,0.000108139902528963,2.14516594128958e-05
"GSE9037_CTRL_VS_LPS_1H_STIM_IRAK4_KO_BMDM_DN","GSE9037_CTRL_VS_LPS_1H_STIM_IRAK4_KO_BMDM_DN","63/4231","200/21355",5.62217792118001e-05,0.000108139902528963,2.14516594128958e-05
"GSE9239_CTRL_VS_TNF_INHIBITOR_TREATED_DC_UP","GSE9239_CTRL_VS_TNF_INHIBITOR_TREATED_DC_UP","63/4231","200/21355",5.62217792118001e-05,0.000108139902528963,2.14516594128958e-05
"GSE9601_NFKB_INHIBITOR_VS_PI3K_INHIBITOR_TREATED_HCMV_INF_MONOCYTE_UP","GSE9601_NFKB_INHIBITOR_VS_PI3K_INHIBITOR_TREATED_HCMV_INF_MONOCYTE_UP","63/4231","200/21355",5.62217792118001e-05,0.000108139902528963,2.14516594128958e-05
"GSE9878_CTRL_VS_EBF_TRANSDUCED_PAX5_KO_PRO_BCELL_UP","GSE9878_CTRL_VS_EBF_TRANSDUCED_PAX5_KO_PRO_BCELL_UP","63/4231","200/21355",5.62217792118001e-05,0.000108139902528963,2.14516594128958e-05
"GSE10147_IL3_VS_IL3_AND_CPG_STIM_PDC_DN","GSE10147_IL3_VS_IL3_AND_CPG_STIM_PDC_DN","54/4231","165/21355",5.96748329823171e-05,0.000114652621389564,2.27435842582334e-05
"GSE40274_CTRL_VS_FOXP3_AND_PBX1_TRANSDUCED_ACTIVATED_CD4_TCELL_UP","GSE40274_CTRL_VS_FOXP3_AND_PBX1_TRANSDUCED_ACTIVATED_CD4_TCELL_UP","54/4231","165/21355",5.96748329823171e-05,0.000114652621389564,2.27435842582334e-05
"GSE40274_CTRL_VS_XBP1_TRANSDUCED_ACTIVATED_CD4_TCELL_DN","GSE40274_CTRL_VS_XBP1_TRANSDUCED_ACTIVATED_CD4_TCELL_DN","54/4231","165/21355",5.96748329823171e-05,0.000114652621389564,2.27435842582334e-05
"GSE4984_UNTREATED_VS_LPS_TREATED_DC_DN","GSE4984_UNTREATED_VS_LPS_TREATED_DC_DN","56/4231","173/21355",6.19750093926468e-05,0.000119027312906222,2.36113896682364e-05
"GSE11864_CSF1_PAM3CYS_VS_CSF1_IFNG_PAM3CYS_IN_MAC_DN","GSE11864_CSF1_PAM3CYS_VS_CSF1_IFNG_PAM3CYS_IN_MAC_DN","61/4231","193/21355",6.5586055866909e-05,0.000125915401638118,2.49777764507921e-05
"GSE17974_0H_VS_12H_IN_VITRO_ACT_CD4_TCELL_UP","GSE17974_0H_VS_12H_IN_VITRO_ACT_CD4_TCELL_UP","62/4231","197/21355",6.59698041315408e-05,0.000126368167405934,2.50675913740337e-05
"GSE20727_CTRL_VS_ROS_INH_AND_DNFB_ALLERGEN_TREATED_DC_DN","GSE20727_CTRL_VS_ROS_INH_AND_DNFB_ALLERGEN_TREATED_DC_DN","62/4231","197/21355",6.59698041315408e-05,0.000126368167405934,2.50675913740337e-05
"GSE29949_CD8_POS_DC_SPLEEN_VS_MONOCYTE_BONE_MARROW_UP","GSE29949_CD8_POS_DC_SPLEEN_VS_MONOCYTE_BONE_MARROW_UP","62/4231","197/21355",6.59698041315408e-05,0.000126368167405934,2.50675913740337e-05
"GSE360_T_GONDII_VS_B_MALAYI_LOW_DOSE_DC_UP","GSE360_T_GONDII_VS_B_MALAYI_LOW_DOSE_DC_UP","62/4231","197/21355",6.59698041315408e-05,0.000126368167405934,2.50675913740337e-05
"GSE42021_TREG_PLN_VS_TREG_PRECURSORS_THYMUS_UP","GSE42021_TREG_PLN_VS_TREG_PRECURSORS_THYMUS_UP","62/4231","197/21355",6.59698041315408e-05,0.000126368167405934,2.50675913740337e-05
"GSE42724_MEMORY_VS_B1_BCELL_DN","GSE42724_MEMORY_VS_B1_BCELL_DN","62/4231","197/21355",6.59698041315408e-05,0.000126368167405934,2.50675913740337e-05
"GSE15330_HSC_VS_MEGAKARYOCYTE_ERYTHROID_PROGENITOR_UP","GSE15330_HSC_VS_MEGAKARYOCYTE_ERYTHROID_PROGENITOR_UP","53/4231","162/21355",7.01856922571554e-05,0.000134343487121052,2.66496516333525e-05
"GSE27241_CTRL_VS_DIGOXIN_TREATED_CD4_TCELL_IN_TH17_POLARIZING_CONDITIONS_UP","GSE27241_CTRL_VS_DIGOXIN_TREATED_CD4_TCELL_IN_TH17_POLARIZING_CONDITIONS_UP","53/4231","162/21355",7.01856922571554e-05,0.000134343487121052,2.66496516333525e-05
"GSE21033_3H_VS_12H_POLYIC_STIM_DC_UP","GSE21033_3H_VS_12H_POLYIC_STIM_DC_UP","54/4231","166/21355",7.15994096712884e-05,0.000136998347881681,2.71762950600046e-05
"GSE13946_CTRL_VS_DSS_COLITIS_GD_TCELL_FROM_COLON_DN","GSE13946_CTRL_VS_DSS_COLITIS_GD_TCELL_FROM_COLON_DN","55/4231","170/21355",7.28596762353871e-05,0.000139357724023356,2.76443233477549e-05
"LI_PBMC_MENACTRA_AGE_18_45YO_CORRELATED_WITH_ANTI_DT_ANTIBODY_3DY_POSITIVE","LI_PBMC_MENACTRA_AGE_18_45YO_CORRELATED_WITH_ANTI_DT_ANTIBODY_3DY_POSITIVE","19/4231","40/21355",7.32525243991391e-05,0.000140056859406933,2.77830104908099e-05
"GSE27241_WT_VS_RORGT_KO_TH17_POLARIZED_CD4_TCELL_TREATED_WITH_DIGOXIN_DN","GSE27241_WT_VS_RORGT_KO_TH17_POLARIZED_CD4_TCELL_TREATED_WITH_DIGOXIN_DN","57/4231","178/21355",7.49327871016426e-05,0.000143216057674504,2.84096991012939e-05
"GSE6674_UNSTIM_VS_CPG_STIM_BCELL_UP","GSE6674_UNSTIM_VS_CPG_STIM_BCELL_UP","49/4231","147/21355",7.6488832925975e-05,0.000146135578672586,2.89888430494112e-05
"SCHERER_PBMC_APSV_WETVAX_AGE_18_32YO_2_TO_4DY_UP","SCHERER_PBMC_APSV_WETVAX_AGE_18_32YO_2_TO_4DY_UP","26/4231","63/21355",7.71213132953999e-05,0.000147289065555969,2.92176596765849e-05
"GSE17974_CTRL_VS_ACT_IL4_AND_ANTI_IL12_1H_CD4_TCELL_UP","GSE17974_CTRL_VS_ACT_IL4_AND_ANTI_IL12_1H_CD4_TCELL_UP","61/4231","194/21355",7.74097903976845e-05,0.000147565111780785,2.92724188307777e-05
"GSE17974_CTRL_VS_ACT_IL4_AND_ANTI_IL12_4H_CD4_TCELL_UP","GSE17974_CTRL_VS_ACT_IL4_AND_ANTI_IL12_4H_CD4_TCELL_UP","61/4231","194/21355",7.74097903976845e-05,0.000147565111780785,2.92724188307777e-05
"GSE25087_TREG_VS_TCONV_FETUS_DN","GSE25087_TREG_VS_TCONV_FETUS_DN","61/4231","194/21355",7.74097903976845e-05,0.000147565111780785,2.92724188307777e-05
"GSE43863_NAIVE_VS_TH1_EFF_CD4_TCELL_D6_LCMV_UP","GSE43863_NAIVE_VS_TH1_EFF_CD4_TCELL_D6_LCMV_UP","61/4231","194/21355",7.74097903976845e-05,0.000147565111780785,2.92724188307777e-05
"GSE4748_CYANOBACTERIUM_LPSLIKE_VS_LPS_AND_CYANOBACTERIUM_LPSLIKE_STIM_DC_3H_DN","GSE4748_CYANOBACTERIUM_LPSLIKE_VS_LPS_AND_CYANOBACTERIUM_LPSLIKE_STIM_DC_3H_DN","61/4231","194/21355",7.74097903976845e-05,0.000147565111780785,2.92724188307777e-05
"GSE11057_NAIVE_VS_EFF_MEMORY_CD4_TCELL_UP","GSE11057_NAIVE_VS_EFF_MEMORY_CD4_TCELL_UP","62/4231","198/21355",7.77106824481159e-05,0.000147589832615429,2.92773226906184e-05
"GSE12845_NAIVE_VS_PRE_GC_TONSIL_BCELL_UP","GSE12845_NAIVE_VS_PRE_GC_TONSIL_BCELL_UP","62/4231","198/21355",7.77106824481159e-05,0.000147589832615429,2.92773226906184e-05
"GSE15930_NAIVE_VS_48H_IN_VITRO_STIM_CD8_TCELL_UP","GSE15930_NAIVE_VS_48H_IN_VITRO_STIM_CD8_TCELL_UP","62/4231","198/21355",7.77106824481159e-05,0.000147589832615429,2.92773226906184e-05
"GSE18791_CTRL_VS_NEWCASTLE_VIRUS_DC_4H_UP","GSE18791_CTRL_VS_NEWCASTLE_VIRUS_DC_4H_UP","62/4231","198/21355",7.77106824481159e-05,0.000147589832615429,2.92773226906184e-05
"GSE24634_NAIVE_CD4_TCELL_VS_DAY3_IL4_CONV_TREG_UP","GSE24634_NAIVE_CD4_TCELL_VS_DAY3_IL4_CONV_TREG_UP","62/4231","198/21355",7.77106824481159e-05,0.000147589832615429,2.92773226906184e-05
"GSE2585_THYMIC_DC_VS_THYMIC_MACROPHAGE_DN","GSE2585_THYMIC_DC_VS_THYMIC_MACROPHAGE_DN","62/4231","198/21355",7.77106824481159e-05,0.000147589832615429,2.92773226906184e-05
"GSE29618_LAIV_VS_TIV_FLU_VACCINE_DAY7_BCELL_DN","GSE29618_LAIV_VS_TIV_FLU_VACCINE_DAY7_BCELL_DN","62/4231","198/21355",7.77106824481159e-05,0.000147589832615429,2.92773226906184e-05
"GSE36476_CTRL_VS_TSST_ACT_40H_MEMORY_CD4_TCELL_OLD_UP","GSE36476_CTRL_VS_TSST_ACT_40H_MEMORY_CD4_TCELL_OLD_UP","62/4231","198/21355",7.77106824481159e-05,0.000147589832615429,2.92773226906184e-05
"GSE3982_BASOPHIL_VS_NKCELL_UP","GSE3982_BASOPHIL_VS_NKCELL_UP","62/4231","198/21355",7.77106824481159e-05,0.000147589832615429,2.92773226906184e-05
"GSE6875_TCONV_VS_FOXP3_KO_TREG_UP","GSE6875_TCONV_VS_FOXP3_KO_TREG_UP","62/4231","198/21355",7.77106824481159e-05,0.000147589832615429,2.92773226906184e-05
"GAUCHER_PBMC_YF_VAX_STAMARIL_UNKNOWN_AGE_60DY_DN","GAUCHER_PBMC_YF_VAX_STAMARIL_UNKNOWN_AGE_60DY_DN","17/4231","34/21355",7.7792503017358e-05,0.000147690507580362,2.92972935340226e-05
"GSE27859_MACROPHAGE_VS_CD11C_INT_F480_INT_DC_UP","GSE27859_MACROPHAGE_VS_CD11C_INT_F480_INT_DC_UP","55/4231","171/21355",8.69449409745542e-05,0.000165005467395618,3.27320536181217e-05
"GSE12001_MIR223_KO_VS_WT_NEUTROPHIL_UP","GSE12001_MIR223_KO_VS_WT_NEUTROPHIL_UP","56/4231","175/21355",8.80508462532279e-05,0.0001669806281517,3.31238652883222e-05
"GSE14699_NAIVE_VS_ACT_CD8_TCELL_DN","GSE14699_NAIVE_VS_ACT_CD8_TCELL_DN","56/4231","175/21355",8.80508462532279e-05,0.0001669806281517,3.31238652883222e-05
"HOWARD_MONOCYTE_INACT_MONOV_INFLUENZA_A_INDONESIA_05_2005_H5N1_AGE_18_49YO_1DY_UP","HOWARD_MONOCYTE_INACT_MONOV_INFLUENZA_A_INDONESIA_05_2005_H5N1_AGE_18_49YO_1DY_UP","70/4231","231/21355",8.86687034002284e-05,0.000168090152969516,3.33439611821164e-05
"GSE17974_0H_VS_48H_IN_VITRO_ACT_CD4_TCELL_UP","GSE17974_0H_VS_48H_IN_VITRO_ACT_CD4_TCELL_UP","60/4231","191/21355",9.08358724692785e-05,0.000170683997134568,3.38585007766378e-05
"GSE12845_IGD_POS_BLOOD_VS_NAIVE_TONSIL_BCELL_UP","GSE12845_IGD_POS_BLOOD_VS_NAIVE_TONSIL_BCELL_UP","61/4231","195/21355",9.11544615796059e-05,0.000170683997134568,3.38585007766378e-05
"GSE17974_CTRL_VS_ACT_IL4_AND_ANTI_IL12_24H_CD4_TCELL_UP","GSE17974_CTRL_VS_ACT_IL4_AND_ANTI_IL12_24H_CD4_TCELL_UP","61/4231","195/21355",9.11544615796059e-05,0.000170683997134568,3.38585007766378e-05
"GSE22611_UNSTIM_VS_6H_MDP_STIM_MUTANT_NOD2_TRANSDUCED_HEK293T_CELL_DN","GSE22611_UNSTIM_VS_6H_MDP_STIM_MUTANT_NOD2_TRANSDUCED_HEK293T_CELL_DN","61/4231","195/21355",9.11544615796059e-05,0.000170683997134568,3.38585007766378e-05
"GSE3982_EOSINOPHIL_VS_TH2_UP","GSE3982_EOSINOPHIL_VS_TH2_UP","61/4231","195/21355",9.11544615796059e-05,0.000170683997134568,3.38585007766378e-05
"GSE9988_ANTI_TREM1_AND_LPS_VS_CTRL_TREATED_MONOCYTES_UP","GSE9988_ANTI_TREM1_AND_LPS_VS_CTRL_TREATED_MONOCYTES_UP","61/4231","195/21355",9.11544615796059e-05,0.000170683997134568,3.38585007766378e-05
"GSE10239_MEMORY_VS_DAY4.5_EFF_CD8_TCELL_UP","GSE10239_MEMORY_VS_DAY4.5_EFF_CD8_TCELL_UP","62/4231","199/21355",9.13355841084902e-05,0.000170683997134568,3.38585007766378e-05
"GSE14308_NAIVE_CD4_TCELL_VS_INDUCED_TREG_UP","GSE14308_NAIVE_CD4_TCELL_VS_INDUCED_TREG_UP","62/4231","199/21355",9.13355841084902e-05,0.000170683997134568,3.38585007766378e-05
"GSE14308_TH2_VS_NATURAL_TREG_UP","GSE14308_TH2_VS_NATURAL_TREG_UP","62/4231","199/21355",9.13355841084902e-05,0.000170683997134568,3.38585007766378e-05
"GSE1460_CD4_THYMOCYTE_VS_THYMIC_STROMAL_CELL_DN","GSE1460_CD4_THYMOCYTE_VS_THYMIC_STROMAL_CELL_DN","62/4231","199/21355",9.13355841084902e-05,0.000170683997134568,3.38585007766378e-05
"GSE1460_CORD_VS_ADULT_BLOOD_NAIVE_CD4_TCELL_DN","GSE1460_CORD_VS_ADULT_BLOOD_NAIVE_CD4_TCELL_DN","62/4231","199/21355",9.13355841084902e-05,0.000170683997134568,3.38585007766378e-05
"GSE17322_CD103_POS_VS_CD11B_HIGH_LUNG_DC_DN","GSE17322_CD103_POS_VS_CD11B_HIGH_LUNG_DC_DN","62/4231","199/21355",9.13355841084902e-05,0.000170683997134568,3.38585007766378e-05
"GSE17721_0.5H_VS_8H_GARDIQUIMOD_BMDC_DN","GSE17721_0.5H_VS_8H_GARDIQUIMOD_BMDC_DN","62/4231","199/21355",9.13355841084902e-05,0.000170683997134568,3.38585007766378e-05
"GSE17721_LPS_VS_CPG_12H_BMDC_UP","GSE17721_LPS_VS_CPG_12H_BMDC_UP","62/4231","199/21355",9.13355841084902e-05,0.000170683997134568,3.38585007766378e-05
"GSE17721_LPS_VS_PAM3CSK4_4H_BMDC_DN","GSE17721_LPS_VS_PAM3CSK4_4H_BMDC_DN","62/4231","199/21355",9.13355841084902e-05,0.000170683997134568,3.38585007766378e-05
"GSE17721_PAM3CSK4_VS_GADIQUIMOD_8H_BMDC_UP","GSE17721_PAM3CSK4_VS_GADIQUIMOD_8H_BMDC_UP","62/4231","199/21355",9.13355841084902e-05,0.000170683997134568,3.38585007766378e-05
"GSE18281_SUBCAPSULAR_CORTICAL_REGION_VS_WHOLE_MEDULLA_THYMUS_UP","GSE18281_SUBCAPSULAR_CORTICAL_REGION_VS_WHOLE_MEDULLA_THYMUS_UP","62/4231","199/21355",9.13355841084902e-05,0.000170683997134568,3.38585007766378e-05
"GSE20198_UNTREATED_VS_IFNA_TREATED_ACT_CD4_TCELL_UP","GSE20198_UNTREATED_VS_IFNA_TREATED_ACT_CD4_TCELL_UP","62/4231","199/21355",9.13355841084902e-05,0.000170683997134568,3.38585007766378e-05
"GSE20484_MCSG_VS_CXCL4_MONOCYTE_DERIVED_MACROPHAGE_UP","GSE20484_MCSG_VS_CXCL4_MONOCYTE_DERIVED_MACROPHAGE_UP","62/4231","199/21355",9.13355841084902e-05,0.000170683997134568,3.38585007766378e-05
"GSE21033_CTRL_VS_POLYIC_STIM_DC_3H_DN","GSE21033_CTRL_VS_POLYIC_STIM_DC_3H_DN","62/4231","199/21355",9.13355841084902e-05,0.000170683997134568,3.38585007766378e-05
"GSE2405_HEAT_KILLED_LYSATE_VS_LIVE_A_PHAGOCYTOPHILUM_STIM_NEUTROPHIL_9H_DN","GSE2405_HEAT_KILLED_LYSATE_VS_LIVE_A_PHAGOCYTOPHILUM_STIM_NEUTROPHIL_9H_DN","62/4231","199/21355",9.13355841084902e-05,0.000170683997134568,3.38585007766378e-05
"GSE24142_EARLY_THYMIC_PROGENITOR_VS_DN2_THYMOCYTE_DN","GSE24142_EARLY_THYMIC_PROGENITOR_VS_DN2_THYMOCYTE_DN","62/4231","199/21355",9.13355841084902e-05,0.000170683997134568,3.38585007766378e-05
"GSE24210_IL35_TREATED_VS_UNTREATED_TCONV_CD4_TCELL_UP","GSE24210_IL35_TREATED_VS_UNTREATED_TCONV_CD4_TCELL_UP","62/4231","199/21355",9.13355841084902e-05,0.000170683997134568,3.38585007766378e-05
"GSE24671_BAKIMULC_VS_SENDAI_VIRUS_INFECTED_MOUSE_SPLENOCYTES_DN","GSE24671_BAKIMULC_VS_SENDAI_VIRUS_INFECTED_MOUSE_SPLENOCYTES_DN","62/4231","199/21355",9.13355841084902e-05,0.000170683997134568,3.38585007766378e-05
"GSE24972_MARGINAL_ZONE_BCELL_VS_FOLLICULAR_BCELL_IRF8_KO_DN","GSE24972_MARGINAL_ZONE_BCELL_VS_FOLLICULAR_BCELL_IRF8_KO_DN","62/4231","199/21355",9.13355841084902e-05,0.000170683997134568,3.38585007766378e-05
"GSE26156_DOUBLE_POSITIVE_VS_CD4_SINGLE_POSITIVE_THYMOCYTE_UP","GSE26156_DOUBLE_POSITIVE_VS_CD4_SINGLE_POSITIVE_THYMOCYTE_UP","62/4231","199/21355",9.13355841084902e-05,0.000170683997134568,3.38585007766378e-05
"GSE27786_CD8_TCELL_VS_MONO_MAC_UP","GSE27786_CD8_TCELL_VS_MONO_MAC_UP","62/4231","199/21355",9.13355841084902e-05,0.000170683997134568,3.38585007766378e-05
"GSE29618_MONOCYTE_VS_PDC_DAY7_FLU_VACCINE_DN","GSE29618_MONOCYTE_VS_PDC_DAY7_FLU_VACCINE_DN","62/4231","199/21355",9.13355841084902e-05,0.000170683997134568,3.38585007766378e-05
"GSE29618_PRE_VS_DAY7_FLU_VACCINE_MONOCYTE_DN","GSE29618_PRE_VS_DAY7_FLU_VACCINE_MONOCYTE_DN","62/4231","199/21355",9.13355841084902e-05,0.000170683997134568,3.38585007766378e-05
"GSE29949_MICROGLIA_BRAIN_VS_CD8_POS_DC_SPLEEN_UP","GSE29949_MICROGLIA_BRAIN_VS_CD8_POS_DC_SPLEEN_UP","62/4231","199/21355",9.13355841084902e-05,0.000170683997134568,3.38585007766378e-05
"GSE32986_UNSTIM_VS_GMCSF_AND_CURDLAN_HIGHDOSE_STIM_DC_DN","GSE32986_UNSTIM_VS_GMCSF_AND_CURDLAN_HIGHDOSE_STIM_DC_DN","62/4231","199/21355",9.13355841084902e-05,0.000170683997134568,3.38585007766378e-05
"GSE34179_THPOK_KO_VS_WT_VA14I_NKTCELL_DN","GSE34179_THPOK_KO_VS_WT_VA14I_NKTCELL_DN","62/4231","199/21355",9.13355841084902e-05,0.000170683997134568,3.38585007766378e-05
"GSE360_T_GONDII_VS_M_TUBERCULOSIS_DC_DN","GSE360_T_GONDII_VS_M_TUBERCULOSIS_DC_DN","62/4231","199/21355",9.13355841084902e-05,0.000170683997134568,3.38585007766378e-05
"GSE3982_DC_VS_BASOPHIL_DN","GSE3982_DC_VS_BASOPHIL_DN","62/4231","199/21355",9.13355841084902e-05,0.000170683997134568,3.38585007766378e-05
"GSE411_UNSTIM_VS_400MIN_IL6_STIM_SOCS3_KO_MACROPHAGE_UP","GSE411_UNSTIM_VS_400MIN_IL6_STIM_SOCS3_KO_MACROPHAGE_UP","62/4231","199/21355",9.13355841084902e-05,0.000170683997134568,3.38585007766378e-05
"GSE5463_CTRL_VS_DEXAMETHASONE_TREATED_THYMOCYTE_DN","GSE5463_CTRL_VS_DEXAMETHASONE_TREATED_THYMOCYTE_DN","62/4231","199/21355",9.13355841084902e-05,0.000170683997134568,3.38585007766378e-05
"GSE5589_LPS_VS_LPS_AND_IL6_STIM_IL10_KO_MACROPHAGE_45MIN_DN","GSE5589_LPS_VS_LPS_AND_IL6_STIM_IL10_KO_MACROPHAGE_45MIN_DN","62/4231","199/21355",9.13355841084902e-05,0.000170683997134568,3.38585007766378e-05
"GSE8621_UNSTIM_VS_LPS_STIM_MACROPHAGE_UP","GSE8621_UNSTIM_VS_LPS_STIM_MACROPHAGE_UP","62/4231","199/21355",9.13355841084902e-05,0.000170683997134568,3.38585007766378e-05
"GSE8921_UNSTIM_VS_TLR1_2_STIM_MONOCYTE_3H_UP","GSE8921_UNSTIM_VS_TLR1_2_STIM_MONOCYTE_3H_UP","62/4231","199/21355",9.13355841084902e-05,0.000170683997134568,3.38585007766378e-05
"GSE37301_MULTIPOTENT_PROGENITOR_VS_COMMON_LYMPHOID_PROGENITOR_UP","GSE37301_MULTIPOTENT_PROGENITOR_VS_COMMON_LYMPHOID_PROGENITOR_UP","54/4231","168/21355",0.000102204967250012,0.000190926626138325,3.78740211613902e-05
"GSE4590_LARGE_PRE_BCELL_VS_VPREB_POS_LARGE_PRE_BCELL_DN","GSE4590_LARGE_PRE_BCELL_VS_VPREB_POS_LARGE_PRE_BCELL_DN","57/4231","180/21355",0.000105408001522547,0.000194217470081881,3.8526824260036e-05
"GSE13411_NAIVE_VS_IGM_MEMORY_BCELL_UP","GSE13411_NAIVE_VS_IGM_MEMORY_BCELL_UP","61/4231","196/21355",0.000107095364351877,0.000194217470081881,3.8526824260036e-05
"GSE20727_CTRL_VS_H2O2_TREATED_DC_DN","GSE20727_CTRL_VS_H2O2_TREATED_DC_DN","61/4231","196/21355",0.000107095364351877,0.000194217470081881,3.8526824260036e-05
"GSE22886_IGA_VS_IGM_MEMORY_BCELL_UP","GSE22886_IGA_VS_IGM_MEMORY_BCELL_UP","61/4231","196/21355",0.000107095364351877,0.000194217470081881,3.8526824260036e-05
"GSE23321_CD8_STEM_CELL_MEMORY_VS_CENTRAL_MEMORY_CD8_TCELL_DN","GSE23321_CD8_STEM_CELL_MEMORY_VS_CENTRAL_MEMORY_CD8_TCELL_DN","61/4231","196/21355",0.000107095364351877,0.000194217470081881,3.8526824260036e-05
"GSE25088_CTRL_VS_IL4_AND_ROSIGLITAZONE_STIM_STAT6_KO_MACROPHAGE_DN","GSE25088_CTRL_VS_IL4_AND_ROSIGLITAZONE_STIM_STAT6_KO_MACROPHAGE_DN","61/4231","196/21355",0.000107095364351877,0.000194217470081881,3.8526824260036e-05
"GSE29164_DAY3_VS_DAY7_UNTREATED_MELANOMA_UP","GSE29164_DAY3_VS_DAY7_UNTREATED_MELANOMA_UP","61/4231","196/21355",0.000107095364351877,0.000194217470081881,3.8526824260036e-05
"GSE360_L_DONOVANI_VS_L_MAJOR_DC_DN","GSE360_L_DONOVANI_VS_L_MAJOR_DC_DN","61/4231","196/21355",0.000107095364351877,0.000194217470081881,3.8526824260036e-05
"GSE12392_CD8A_POS_VS_NEG_SPLEEN_DC_UP","GSE12392_CD8A_POS_VS_NEG_SPLEEN_DC_UP","62/4231","200/21355",0.000107111351525844,0.000194217470081881,3.8526824260036e-05
"GSE13484_UNSTIM_VS_YF17D_VACCINE_STIM_PBMC_DN","GSE13484_UNSTIM_VS_YF17D_VACCINE_STIM_PBMC_DN","62/4231","200/21355",0.000107111351525844,0.000194217470081881,3.8526824260036e-05
"GSE1448_ANTI_VALPHA2_VS_VBETA5_DP_THYMOCYTE_UP","GSE1448_ANTI_VALPHA2_VS_VBETA5_DP_THYMOCYTE_UP","62/4231","200/21355",0.000107111351525844,0.000194217470081881,3.8526824260036e-05
"GSE1448_CTRL_VS_ANTI_VBETA5_DP_THYMOCYTE_UP","GSE1448_CTRL_VS_ANTI_VBETA5_DP_THYMOCYTE_UP","62/4231","200/21355",0.000107111351525844,0.000194217470081881,3.8526824260036e-05
"GSE15733_BM_VS_SPLEEN_MEMORY_CD4_TCELL_UP","GSE15733_BM_VS_SPLEEN_MEMORY_CD4_TCELL_UP","62/4231","200/21355",0.000107111351525844,0.000194217470081881,3.8526824260036e-05
"GSE15930_NAIVE_VS_24H_IN_VITRO_STIM_CD8_TCELL_UP","GSE15930_NAIVE_VS_24H_IN_VITRO_STIM_CD8_TCELL_UP","62/4231","200/21355",0.000107111351525844,0.000194217470081881,3.8526824260036e-05
"GSE15930_NAIVE_VS_72H_IN_VITRO_STIM_IL12_CD8_TCELL_UP","GSE15930_NAIVE_VS_72H_IN_VITRO_STIM_IL12_CD8_TCELL_UP","62/4231","200/21355",0.000107111351525844,0.000194217470081881,3.8526824260036e-05
"GSE15930_STIM_VS_STIM_AND_TRICHOSTATINA_24H_CD8_T_CELL_DN","GSE15930_STIM_VS_STIM_AND_TRICHOSTATINA_24H_CD8_T_CELL_DN","62/4231","200/21355",0.000107111351525844,0.000194217470081881,3.8526824260036e-05
"GSE17721_0.5H_VS_12H_POLYIC_BMDC_UP","GSE17721_0.5H_VS_12H_POLYIC_BMDC_UP","62/4231","200/21355",0.000107111351525844,0.000194217470081881,3.8526824260036e-05
"GSE17721_12H_VS_24H_CPG_BMDC_DN","GSE17721_12H_VS_24H_CPG_BMDC_DN","62/4231","200/21355",0.000107111351525844,0.000194217470081881,3.8526824260036e-05
"GSE17721_4_VS_24H_CPG_BMDC_DN","GSE17721_4_VS_24H_CPG_BMDC_DN","62/4231","200/21355",0.000107111351525844,0.000194217470081881,3.8526824260036e-05
"GSE17721_CPG_VS_GARDIQUIMOD_24H_BMDC_UP","GSE17721_CPG_VS_GARDIQUIMOD_24H_BMDC_UP","62/4231","200/21355",0.000107111351525844,0.000194217470081881,3.8526824260036e-05
"GSE17721_CTRL_VS_CPG_6H_BMDC_DN","GSE17721_CTRL_VS_CPG_6H_BMDC_DN","62/4231","200/21355",0.000107111351525844,0.000194217470081881,3.8526824260036e-05
"GSE17721_LPS_VS_CPG_6H_BMDC_DN","GSE17721_LPS_VS_CPG_6H_BMDC_DN","62/4231","200/21355",0.000107111351525844,0.000194217470081881,3.8526824260036e-05
"GSE17721_LPS_VS_GARDIQUIMOD_8H_BMDC_UP","GSE17721_LPS_VS_GARDIQUIMOD_8H_BMDC_UP","62/4231","200/21355",0.000107111351525844,0.000194217470081881,3.8526824260036e-05
"GSE17721_LPS_VS_PAM3CSK4_1H_BMDC_UP","GSE17721_LPS_VS_PAM3CSK4_1H_BMDC_UP","62/4231","200/21355",0.000107111351525844,0.000194217470081881,3.8526824260036e-05
"GSE17721_LPS_VS_PAM3CSK4_24H_BMDC_UP","GSE17721_LPS_VS_PAM3CSK4_24H_BMDC_UP","62/4231","200/21355",0.000107111351525844,0.000194217470081881,3.8526824260036e-05
"GSE17721_POLYIC_VS_CPG_0.5H_BMDC_DN","GSE17721_POLYIC_VS_CPG_0.5H_BMDC_DN","62/4231","200/21355",0.000107111351525844,0.000194217470081881,3.8526824260036e-05
"GSE17721_POLYIC_VS_CPG_4H_BMDC_DN","GSE17721_POLYIC_VS_CPG_4H_BMDC_DN","62/4231","200/21355",0.000107111351525844,0.000194217470081881,3.8526824260036e-05
"GSE17721_POLYIC_VS_GARDIQUIMOD_0.5H_BMDC_DN","GSE17721_POLYIC_VS_GARDIQUIMOD_0.5H_BMDC_DN","62/4231","200/21355",0.000107111351525844,0.000194217470081881,3.8526824260036e-05
"GSE18893_CTRL_VS_TNF_TREATED_TREG_2H_UP","GSE18893_CTRL_VS_TNF_TREATED_TREG_2H_UP","62/4231","200/21355",0.000107111351525844,0.000194217470081881,3.8526824260036e-05
"GSE20715_WT_VS_TLR4_KO_6H_OZONE_LUNG_UP","GSE20715_WT_VS_TLR4_KO_6H_OZONE_LUNG_UP","62/4231","200/21355",0.000107111351525844,0.000194217470081881,3.8526824260036e-05
"GSE21927_BALBC_VS_C57BL6_MONOCYTE_TUMOR_UP","GSE21927_BALBC_VS_C57BL6_MONOCYTE_TUMOR_UP","62/4231","200/21355",0.000107111351525844,0.000194217470081881,3.8526824260036e-05
"GSE2197_CPG_DNA_VS_UNTREATED_IN_DC_UP","GSE2197_CPG_DNA_VS_UNTREATED_IN_DC_UP","62/4231","200/21355",0.000107111351525844,0.000194217470081881,3.8526824260036e-05
"GSE2197_IMMUNOSUPPRESSIVE_DNA_VS_UNTREATED_IN_DC_UP","GSE2197_IMMUNOSUPPRESSIVE_DNA_VS_UNTREATED_IN_DC_UP","62/4231","200/21355",0.000107111351525844,0.000194217470081881,3.8526824260036e-05
"GSE22432_MULTIPOTENT_PROGENITOR_VS_PDC_UP","GSE22432_MULTIPOTENT_PROGENITOR_VS_PDC_UP","62/4231","200/21355",0.000107111351525844,0.000194217470081881,3.8526824260036e-05
"GSE22432_MULTIPOTENT_VS_COMMON_DC_PROGENITOR_DN","GSE22432_MULTIPOTENT_VS_COMMON_DC_PROGENITOR_DN","62/4231","200/21355",0.000107111351525844,0.000194217470081881,3.8526824260036e-05
"GSE24102_GRANULOCYSTIC_MDSC_VS_NEUTROPHIL_DN","GSE24102_GRANULOCYSTIC_MDSC_VS_NEUTROPHIL_DN","62/4231","200/21355",0.000107111351525844,0.000194217470081881,3.8526824260036e-05
"GSE24142_ADULT_VS_FETAL_DN3_THYMOCYTE_DN","GSE24142_ADULT_VS_FETAL_DN3_THYMOCYTE_DN","62/4231","200/21355",0.000107111351525844,0.000194217470081881,3.8526824260036e-05
"GSE25123_WT_VS_PPARG_KO_MACROPHAGE_ROSIGLITAZONE_STIM_UP","GSE25123_WT_VS_PPARG_KO_MACROPHAGE_ROSIGLITAZONE_STIM_UP","62/4231","200/21355",0.000107111351525844,0.000194217470081881,3.8526824260036e-05
"GSE2585_CTEC_VS_MTEC_THYMUS_UP","GSE2585_CTEC_VS_MTEC_THYMUS_UP","62/4231","200/21355",0.000107111351525844,0.000194217470081881,3.8526824260036e-05
"GSE2585_THYMIC_DC_VS_MTEC_DN","GSE2585_THYMIC_DC_VS_MTEC_DN","62/4231","200/21355",0.000107111351525844,0.000194217470081881,3.8526824260036e-05
"GSE2770_TGFB_AND_IL4_ACT_VS_ACT_CD4_TCELL_48H_UP","GSE2770_TGFB_AND_IL4_ACT_VS_ACT_CD4_TCELL_48H_UP","62/4231","200/21355",0.000107111351525844,0.000194217470081881,3.8526824260036e-05
"GSE2770_UNTREATED_VS_ACT_CD4_TCELL_2H_DN","GSE2770_UNTREATED_VS_ACT_CD4_TCELL_2H_DN","62/4231","200/21355",0.000107111351525844,0.000194217470081881,3.8526824260036e-05
"GSE2770_UNTREATED_VS_IL12_TREATED_ACT_CD4_TCELL_48H_DN","GSE2770_UNTREATED_VS_IL12_TREATED_ACT_CD4_TCELL_48H_DN","62/4231","200/21355",0.000107111351525844,0.000194217470081881,3.8526824260036e-05
"GSE2770_UNTREATED_VS_IL12_TREATED_ACT_CD4_TCELL_6H_DN","GSE2770_UNTREATED_VS_IL12_TREATED_ACT_CD4_TCELL_6H_DN","62/4231","200/21355",0.000107111351525844,0.000194217470081881,3.8526824260036e-05
"GSE2770_UNTREATED_VS_IL12_TREATED_ACT_CD4_TCELL_6H_UP","GSE2770_UNTREATED_VS_IL12_TREATED_ACT_CD4_TCELL_6H_UP","62/4231","200/21355",0.000107111351525844,0.000194217470081881,3.8526824260036e-05
"GSE27786_LSK_VS_NEUTROPHIL_DN","GSE27786_LSK_VS_NEUTROPHIL_DN","62/4231","200/21355",0.000107111351525844,0.000194217470081881,3.8526824260036e-05
"GSE2826_WT_VS_BTK_KO_BCELL_DN","GSE2826_WT_VS_BTK_KO_BCELL_DN","62/4231","200/21355",0.000107111351525844,0.000194217470081881,3.8526824260036e-05
"GSE2826_WT_VS_BTK_KO_BCELL_UP","GSE2826_WT_VS_BTK_KO_BCELL_UP","62/4231","200/21355",0.000107111351525844,0.000194217470081881,3.8526824260036e-05
"GSE29164_DAY3_VS_DAY7_CD8_TCELL_TREATED_MELANOMA_DN","GSE29164_DAY3_VS_DAY7_CD8_TCELL_TREATED_MELANOMA_DN","62/4231","200/21355",0.000107111351525844,0.000194217470081881,3.8526824260036e-05
"GSE29618_MONOCYTE_VS_MDC_DAY7_FLU_VACCINE_DN","GSE29618_MONOCYTE_VS_MDC_DAY7_FLU_VACCINE_DN","62/4231","200/21355",0.000107111351525844,0.000194217470081881,3.8526824260036e-05
"GSE30083_SP1_VS_SP3_THYMOCYTE_DN","GSE30083_SP1_VS_SP3_THYMOCYTE_DN","62/4231","200/21355",0.000107111351525844,0.000194217470081881,3.8526824260036e-05
"GSE32423_CTRL_VS_IL7_IL4_MEMORY_CD8_TCELL_DN","GSE32423_CTRL_VS_IL7_IL4_MEMORY_CD8_TCELL_DN","62/4231","200/21355",0.000107111351525844,0.000194217470081881,3.8526824260036e-05
"GSE3337_CTRL_VS_16H_IFNG_IN_CD8POS_DC_UP","GSE3337_CTRL_VS_16H_IFNG_IN_CD8POS_DC_UP","62/4231","200/21355",0.000107111351525844,0.000194217470081881,3.8526824260036e-05
"GSE339_CD4POS_VS_CD8POS_DC_DN","GSE339_CD4POS_VS_CD8POS_DC_DN","62/4231","200/21355",0.000107111351525844,0.000194217470081881,3.8526824260036e-05
"GSE34006_A2AR_KO_VS_A2AR_AGONIST_TREATED_TREG_UP","GSE34006_A2AR_KO_VS_A2AR_AGONIST_TREATED_TREG_UP","62/4231","200/21355",0.000107111351525844,0.000194217470081881,3.8526824260036e-05
"GSE360_HIGH_VS_LOW_DOSE_B_MALAYI_MAC_DN","GSE360_HIGH_VS_LOW_DOSE_B_MALAYI_MAC_DN","62/4231","200/21355",0.000107111351525844,0.000194217470081881,3.8526824260036e-05
"GSE360_L_MAJOR_VS_B_MALAYI_LOW_DOSE_DC_UP","GSE360_L_MAJOR_VS_B_MALAYI_LOW_DOSE_DC_UP","62/4231","200/21355",0.000107111351525844,0.000194217470081881,3.8526824260036e-05
"GSE36392_MAC_VS_NEUTROPHIL_IL25_TREATED_LUNG_UP","GSE36392_MAC_VS_NEUTROPHIL_IL25_TREATED_LUNG_UP","62/4231","200/21355",0.000107111351525844,0.000194217470081881,3.8526824260036e-05
"GSE37301_HEMATOPOIETIC_STEM_CELL_VS_COMMON_LYMPHOID_PROGENITOR_DN","GSE37301_HEMATOPOIETIC_STEM_CELL_VS_COMMON_LYMPHOID_PROGENITOR_DN","62/4231","200/21355",0.000107111351525844,0.000194217470081881,3.8526824260036e-05
"GSE3982_BASOPHIL_VS_TH2_UP","GSE3982_BASOPHIL_VS_TH2_UP","62/4231","200/21355",0.000107111351525844,0.000194217470081881,3.8526824260036e-05
"GSE3982_CTRL_VS_LPS_48H_DC_UP","GSE3982_CTRL_VS_LPS_48H_DC_UP","62/4231","200/21355",0.000107111351525844,0.000194217470081881,3.8526824260036e-05
"GSE3982_MAST_CELL_VS_TH2_DN","GSE3982_MAST_CELL_VS_TH2_DN","62/4231","200/21355",0.000107111351525844,0.000194217470081881,3.8526824260036e-05
"GSE39820_TGFBETA1_IL6_VS_TGFBETA1_IL6_IL23A_TREATED_CD4_TCELL_UP","GSE39820_TGFBETA1_IL6_VS_TGFBETA1_IL6_IL23A_TREATED_CD4_TCELL_UP","62/4231","200/21355",0.000107111351525844,0.000194217470081881,3.8526824260036e-05
"GSE40441_NRP1_POS_INDUCED_TREG_VS_NRP1_NEG_NATURAL_TREG_UP","GSE40441_NRP1_POS_INDUCED_TREG_VS_NRP1_NEG_NATURAL_TREG_UP","62/4231","200/21355",0.000107111351525844,0.000194217470081881,3.8526824260036e-05
"GSE411_100MIN_VS_400MIN_IL6_STIM_SOCS3_KO_MACROPHAGE_UP","GSE411_100MIN_VS_400MIN_IL6_STIM_SOCS3_KO_MACROPHAGE_UP","62/4231","200/21355",0.000107111351525844,0.000194217470081881,3.8526824260036e-05
"GSE41978_WT_VS_ID2_KO_KLRG1_LOW_EFFECTOR_CD8_TCELL_DN","GSE41978_WT_VS_ID2_KO_KLRG1_LOW_EFFECTOR_CD8_TCELL_DN","62/4231","200/21355",0.000107111351525844,0.000194217470081881,3.8526824260036e-05
"GSE42021_TREG_PLN_VS_TREG_PRECURSORS_THYMUS_DN","GSE42021_TREG_PLN_VS_TREG_PRECURSORS_THYMUS_DN","62/4231","200/21355",0.000107111351525844,0.000194217470081881,3.8526824260036e-05
"GSE42088_UNINF_VS_LEISHMANIA_INF_DC_8H_UP","GSE42088_UNINF_VS_LEISHMANIA_INF_DC_8H_UP","62/4231","200/21355",0.000107111351525844,0.000194217470081881,3.8526824260036e-05
"GSE42724_B1_BCELL_VS_PLASMABLAST_DN","GSE42724_B1_BCELL_VS_PLASMABLAST_DN","62/4231","200/21355",0.000107111351525844,0.000194217470081881,3.8526824260036e-05
"GSE43955_TH0_VS_TGFB_IL6_IL23_TH17_ACT_CD4_TCELL_60H_UP","GSE43955_TH0_VS_TGFB_IL6_IL23_TH17_ACT_CD4_TCELL_60H_UP","62/4231","200/21355",0.000107111351525844,0.000194217470081881,3.8526824260036e-05
"GSE43955_TH0_VS_TGFB_IL6_TH17_ACT_CD4_TCELL_20H_UP","GSE43955_TH0_VS_TGFB_IL6_TH17_ACT_CD4_TCELL_20H_UP","62/4231","200/21355",0.000107111351525844,0.000194217470081881,3.8526824260036e-05
"GSE45837_WT_VS_GFI1_KO_PDC_DN","GSE45837_WT_VS_GFI1_KO_PDC_DN","62/4231","200/21355",0.000107111351525844,0.000194217470081881,3.8526824260036e-05
"GSE5503_LIVER_DC_VS_PLN_DC_ACTIVATED_ALLOGENIC_TCELL_DN","GSE5503_LIVER_DC_VS_PLN_DC_ACTIVATED_ALLOGENIC_TCELL_DN","62/4231","200/21355",0.000107111351525844,0.000194217470081881,3.8526824260036e-05
"GSE5542_IFNA_VS_IFNA_AND_IFNG_TREATED_EPITHELIAL_CELLS_24H_UP","GSE5542_IFNA_VS_IFNA_AND_IFNG_TREATED_EPITHELIAL_CELLS_24H_UP","62/4231","200/21355",0.000107111351525844,0.000194217470081881,3.8526824260036e-05
"GSE5542_UNTREATED_VS_IFNG_TREATED_EPITHELIAL_CELLS_6H_DN","GSE5542_UNTREATED_VS_IFNG_TREATED_EPITHELIAL_CELLS_6H_DN","62/4231","200/21355",0.000107111351525844,0.000194217470081881,3.8526824260036e-05
"GSE557_CIITA_KO_VS_I_AB_KO_DC_DN","GSE557_CIITA_KO_VS_I_AB_KO_DC_DN","62/4231","200/21355",0.000107111351525844,0.000194217470081881,3.8526824260036e-05
"GSE5589_LPS_AND_IL10_VS_LPS_AND_IL6_STIM_IL10_KO_MACROPHAGE_45MIN_DN","GSE5589_LPS_AND_IL10_VS_LPS_AND_IL6_STIM_IL10_KO_MACROPHAGE_45MIN_DN","62/4231","200/21355",0.000107111351525844,0.000194217470081881,3.8526824260036e-05
"GSE5589_LPS_VS_LPS_AND_IL10_STIM_MACROPHAGE_45MIN_UP","GSE5589_LPS_VS_LPS_AND_IL10_STIM_MACROPHAGE_45MIN_UP","62/4231","200/21355",0.000107111351525844,0.000194217470081881,3.8526824260036e-05
"GSE7460_CTRL_VS_TGFB_TREATED_ACT_FOXP3_MUT_TCONV_DN","GSE7460_CTRL_VS_TGFB_TREATED_ACT_FOXP3_MUT_TCONV_DN","62/4231","200/21355",0.000107111351525844,0.000194217470081881,3.8526824260036e-05
"GSE7831_1H_VS_4H_CPG_STIM_PDC_UP","GSE7831_1H_VS_4H_CPG_STIM_PDC_UP","62/4231","200/21355",0.000107111351525844,0.000194217470081881,3.8526824260036e-05
"GSE7852_LN_VS_FAT_TREG_UP","GSE7852_LN_VS_FAT_TREG_UP","62/4231","200/21355",0.000107111351525844,0.000194217470081881,3.8526824260036e-05
"GSE9509_LPS_VS_LPS_AND_IL10_STIM_IL10_KO_MACROPHAGE_10MIN_DN","GSE9509_LPS_VS_LPS_AND_IL10_STIM_IL10_KO_MACROPHAGE_10MIN_DN","62/4231","200/21355",0.000107111351525844,0.000194217470081881,3.8526824260036e-05
"KAECH_DAY15_EFF_VS_MEMORY_CD8_TCELL_UP","KAECH_DAY15_EFF_VS_MEMORY_CD8_TCELL_UP","62/4231","200/21355",0.000107111351525844,0.000194217470081881,3.8526824260036e-05
"ZAK_PBMC_MRKAD5_HIV_1_GAG_POL_NEF_AGE_20_50YO_AD5_NAB_TITERS_GT_200_VS_LTE_200_1DY_DN","ZAK_PBMC_MRKAD5_HIV_1_GAG_POL_NEF_AGE_20_50YO_AD5_NAB_TITERS_GT_200_VS_LTE_200_1DY_DN","39/4231","111/21355",0.000113190268476054,0.0002051673678247,4.06989501034273e-05
"GSE3920_UNTREATED_VS_IFNA_TREATED_ENDOTHELIAL_CELL_DN","GSE3920_UNTREATED_VS_IFNA_TREATED_ENDOTHELIAL_CELL_DN","53/4231","165/21355",0.000120153956974489,0.000217712684146777,4.31875583476983e-05
"GSE7509_UNSTIM_VS_FCGRIIB_STIM_DC_UP","GSE7509_UNSTIM_VS_FCGRIIB_STIM_DC_UP","55/4231","173/21355",0.000122815210502921,0.00022245610213356,4.41285078466885e-05
"GAUCHER_PBMC_YF_VAX_STAMARIL_UNKNOWN_AGE_3DY_DN","GAUCHER_PBMC_YF_VAX_STAMARIL_UNKNOWN_AGE_3DY_DN","37/4231","104/21355",0.000124820526724186,0.00022600848463023,4.48331922198086e-05
"GSE37605_FOXP3_FUSION_GFP_VS_IRES_GFP_TREG_C57BL6_UP","GSE37605_FOXP3_FUSION_GFP_VS_IRES_GFP_TREG_C57BL6_UP","58/4231","185/21355",0.000125088034274993,0.000226412875598027,4.49134110577025e-05
"GSE11057_CD4_CENT_MEM_VS_PBMC_UP","GSE11057_CD4_CENT_MEM_VS_PBMC_UP","61/4231","197/21355",0.000125541387685999,0.000226912959548108,4.50126124655465e-05
"GSE1460_INTRATHYMIC_T_PROGENITOR_VS_DP_THYMOCYTE_UP","GSE1460_INTRATHYMIC_T_PROGENITOR_VS_DP_THYMOCYTE_UP","61/4231","197/21355",0.000125541387685999,0.000226912959548108,4.50126124655465e-05
"GSE3982_CTRL_VS_PMA_STIM_EOSINOPHIL_UP","GSE3982_CTRL_VS_PMA_STIM_EOSINOPHIL_UP","61/4231","197/21355",0.000125541387685999,0.000226912959548108,4.50126124655465e-05
"GSE46242_TH1_VS_ANERGIC_TH1_CD4_TCELL_UP","GSE46242_TH1_VS_ANERGIC_TH1_CD4_TCELL_UP","61/4231","197/21355",0.000125541387685999,0.000226912959548108,4.50126124655465e-05
"GSE6259_FLT3L_INDUCED_33D1_POS_DC_VS_CD8_TCELL_UP","GSE6259_FLT3L_INDUCED_33D1_POS_DC_VS_CD8_TCELL_UP","48/4231","146/21355",0.00013153831948137,0.00023766846163606,4.71461761382495e-05
"GAUCHER_PBMC_YF_VAX_STAMARIL_UNKNOWN_AGE_14DY_UP","GAUCHER_PBMC_YF_VAX_STAMARIL_UNKNOWN_AGE_14DY_UP","24/4231","58/21355",0.000136797685181276,0.000247084191063855,4.90139697656291e-05
"FLETCHER_PBMC_BCG_10W_INFANT_BCG_STIMULATED_VS_UNSTIMULATED_10W_UP","FLETCHER_PBMC_BCG_10W_INFANT_BCG_STIMULATED_VS_UNSTIMULATED_10W_UP","43/4231","127/21355",0.000137183580130863,0.000247693917488836,4.91349208974301e-05
"GSE32901_TH1_VS_TH17_NEG_CD4_TCELL_UP","GSE32901_TH1_VS_TH17_NEG_CD4_TCELL_UP","44/4231","131/21355",0.000142206990260932,0.000256673602844204,5.09162166760788e-05
"GSE20727_H2O2_VS_ROS_INHIBITOR_TREATED_DC_DN","GSE20727_H2O2_VS_ROS_INHIBITOR_TREATED_DC_DN","61/4231","198/21355",0.000146838271040093,0.000264288264519493,5.242673337697e-05
"GSE21670_UNTREATED_VS_IL6_TREATED_CD4_TCELL_UP","GSE21670_UNTREATED_VS_IL6_TREATED_CD4_TCELL_UP","61/4231","198/21355",0.000146838271040093,0.000264288264519493,5.242673337697e-05
"GSE22886_NAIVE_VS_IGG_IGA_MEMORY_BCELL_UP","GSE22886_NAIVE_VS_IGG_IGA_MEMORY_BCELL_UP","61/4231","198/21355",0.000146838271040093,0.000264288264519493,5.242673337697e-05
"GSE2585_THYMIC_MACROPHAGE_VS_MTEC_DN","GSE2585_THYMIC_MACROPHAGE_VS_MTEC_DN","61/4231","198/21355",0.000146838271040093,0.000264288264519493,5.242673337697e-05
"GSE360_DC_VS_MAC_DN","GSE360_DC_VS_MAC_DN","61/4231","198/21355",0.000146838271040093,0.000264288264519493,5.242673337697e-05
"GSE3982_BCELL_VS_TH1_UP","GSE3982_BCELL_VS_TH1_UP","61/4231","198/21355",0.000146838271040093,0.000264288264519493,5.242673337697e-05
"GSE3982_NKCELL_VS_TH2_UP","GSE3982_NKCELL_VS_TH2_UP","61/4231","198/21355",0.000146838271040093,0.000264288264519493,5.242673337697e-05
"GSE5542_UNTREATED_VS_IFNA_TREATED_EPITHELIAL_CELLS_6H_DN","GSE5542_UNTREATED_VS_IFNA_TREATED_EPITHELIAL_CELLS_6H_DN","61/4231","198/21355",0.000146838271040093,0.000264288264519493,5.242673337697e-05
"GSE27241_CTRL_VS_DIGOXIN_TREATED_RORGT_KO_CD4_TCELL_IN_TH17_POLARIZING_CONDITIONS_DN","GSE27241_CTRL_VS_DIGOXIN_TREATED_RORGT_KO_CD4_TCELL_IN_TH17_POLARIZING_CONDITIONS_DN","58/4231","186/21355",0.000147133204103637,0.000264648196881417,5.24981329830274e-05
"GSE17974_0.5H_VS_72H_UNTREATED_IN_VITRO_CD4_TCELL_UP","GSE17974_0.5H_VS_72H_UNTREATED_IN_VITRO_CD4_TCELL_UP","60/4231","194/21355",0.000147141506264541,0.000264648196881417,5.24981329830274e-05
"GSE37534_GW1929_VS_ROSIGLITAZONE_TREATED_CD4_TCELL_PPARG1_FOXP3_TRANSDUCED_UP","GSE37534_GW1929_VS_ROSIGLITAZONE_TREATED_CD4_TCELL_PPARG1_FOXP3_TRANSDUCED_UP","53/4231","167/21355",0.000169549897379265,0.000304844887396041,6.04719307605346e-05
"GSE10239_NAIVE_VS_KLRG1HIGH_EFF_CD8_TCELL_UP","GSE10239_NAIVE_VS_KLRG1HIGH_EFF_CD8_TCELL_UP","61/4231","199/21355",0.000171372067437395,0.000305974649141096,6.06960410436574e-05
"GSE13485_DAY1_VS_DAY3_YF17D_VACCINE_PBMC_DN","GSE13485_DAY1_VS_DAY3_YF17D_VACCINE_PBMC_DN","61/4231","199/21355",0.000171372067437395,0.000305974649141096,6.06960410436574e-05
"GSE15735_2H_VS_12H_HDAC_INHIBITOR_TREATED_CD4_TCELL_UP","GSE15735_2H_VS_12H_HDAC_INHIBITOR_TREATED_CD4_TCELL_UP","61/4231","199/21355",0.000171372067437395,0.000305974649141096,6.06960410436574e-05
"GSE17721_0.5H_VS_8H_LPS_BMDC_UP","GSE17721_0.5H_VS_8H_LPS_BMDC_UP","61/4231","199/21355",0.000171372067437395,0.000305974649141096,6.06960410436574e-05
"GSE17721_0.5H_VS_8H_POLYIC_BMDC_DN","GSE17721_0.5H_VS_8H_POLYIC_BMDC_DN","61/4231","199/21355",0.000171372067437395,0.000305974649141096,6.06960410436574e-05
"GSE17721_CTRL_VS_GARDIQUIMOD_0.5H_BMDC_DN","GSE17721_CTRL_VS_GARDIQUIMOD_0.5H_BMDC_DN","61/4231","199/21355",0.000171372067437395,0.000305974649141096,6.06960410436574e-05
"GSE18281_PERIMEDULLARY_CORTICAL_REGION_VS_WHOLE_MEDULLA_THYMUS_UP","GSE18281_PERIMEDULLARY_CORTICAL_REGION_VS_WHOLE_MEDULLA_THYMUS_UP","61/4231","199/21355",0.000171372067437395,0.000305974649141096,6.06960410436574e-05
"GSE21379_WT_VS_SAP_KO_CD4_TCELL_DN","GSE21379_WT_VS_SAP_KO_CD4_TCELL_DN","61/4231","199/21355",0.000171372067437395,0.000305974649141096,6.06960410436574e-05
"GSE2197_IMMUNOSUPPRESSIVE_DNA_VS_UNTREATEDIN_DC_DN","GSE2197_IMMUNOSUPPRESSIVE_DNA_VS_UNTREATEDIN_DC_DN","61/4231","199/21355",0.000171372067437395,0.000305974649141096,6.06960410436574e-05
"GSE22886_NAIVE_CD4_TCELL_VS_48H_ACT_TH1_DN","GSE22886_NAIVE_CD4_TCELL_VS_48H_ACT_TH1_DN","61/4231","199/21355",0.000171372067437395,0.000305974649141096,6.06960410436574e-05
"GSE23505_UNTREATED_VS_4DAY_IL6_IL1_TGFB_TREATED_CD4_TCELL_UP","GSE23505_UNTREATED_VS_4DAY_IL6_IL1_TGFB_TREATED_CD4_TCELL_UP","61/4231","199/21355",0.000171372067437395,0.000305974649141096,6.06960410436574e-05
"GSE24102_GRANULOCYSTIC_MDSC_VS_NEUTROPHIL_UP","GSE24102_GRANULOCYSTIC_MDSC_VS_NEUTROPHIL_UP","61/4231","199/21355",0.000171372067437395,0.000305974649141096,6.06960410436574e-05
"GSE2706_UNSTIM_VS_8H_R848_DC_UP","GSE2706_UNSTIM_VS_8H_R848_DC_UP","61/4231","199/21355",0.000171372067437395,0.000305974649141096,6.06960410436574e-05
"GSE2770_IL12_AND_TGFB_ACT_VS_ACT_CD4_TCELL_6H_UP","GSE2770_IL12_AND_TGFB_ACT_VS_ACT_CD4_TCELL_6H_UP","61/4231","199/21355",0.000171372067437395,0.000305974649141096,6.06960410436574e-05
"GSE36009_WT_VS_NLRP10_KO_DC_LPS_STIM_UP","GSE36009_WT_VS_NLRP10_KO_DC_LPS_STIM_UP","61/4231","199/21355",0.000171372067437395,0.000305974649141096,6.06960410436574e-05
"GSE37534_UNTREATED_VS_GW1929_TREATED_CD4_TCELL_PPARG1_AND_FOXP3_TRASDUCED_UP","GSE37534_UNTREATED_VS_GW1929_TREATED_CD4_TCELL_PPARG1_AND_FOXP3_TRASDUCED_UP","61/4231","199/21355",0.000171372067437395,0.000305974649141096,6.06960410436574e-05
"GSE3982_BASOPHIL_VS_TH2_DN","GSE3982_BASOPHIL_VS_TH2_DN","61/4231","199/21355",0.000171372067437395,0.000305974649141096,6.06960410436574e-05
"GSE41867_DAY15_EFFECTOR_VS_DAY30_MEMORY_CD8_TCELL_LCMV_ARMSTRONG_UP","GSE41867_DAY15_EFFECTOR_VS_DAY30_MEMORY_CD8_TCELL_LCMV_ARMSTRONG_UP","61/4231","199/21355",0.000171372067437395,0.000305974649141096,6.06960410436574e-05
"GSE43955_10H_VS_60H_ACT_CD4_TCELL_UP","GSE43955_10H_VS_60H_ACT_CD4_TCELL_UP","61/4231","199/21355",0.000171372067437395,0.000305974649141096,6.06960410436574e-05
"GSE5542_UNTREATED_VS_IFNA_AND_IFNG_TREATED_EPITHELIAL_CELLS_6H_DN","GSE5542_UNTREATED_VS_IFNA_AND_IFNG_TREATED_EPITHELIAL_CELLS_6H_DN","61/4231","199/21355",0.000171372067437395,0.000305974649141096,6.06960410436574e-05
"GSE11864_CSF1_VS_CSF1_IFNG_PAM3CYS_IN_MAC_UP","GSE11864_CSF1_VS_CSF1_IFNG_PAM3CYS_IN_MAC_UP","60/4231","195/21355",0.000172024637235622,0.00030671244885906,6.08423980117567e-05
"GSE3982_MAC_VS_NEUTROPHIL_DN","GSE3982_MAC_VS_NEUTROPHIL_DN","60/4231","195/21355",0.000172024637235622,0.00030671244885906,6.08423980117567e-05
"GSE40666_STAT1_KO_VS_STAT4_KO_CD8_TCELL_WITH_IFNA_STIM_90MIN_UP","GSE40666_STAT1_KO_VS_STAT4_KO_CD8_TCELL_WITH_IFNA_STIM_90MIN_UP","60/4231","195/21355",0.000172024637235622,0.00030671244885906,6.08423980117567e-05
"GSE46025_WT_VS_FOXO1_KO_KLRG1_LOW_CD8_EFFECTOR_TCELL_UP","GSE46025_WT_VS_FOXO1_KO_KLRG1_LOW_CD8_EFFECTOR_TCELL_UP","60/4231","195/21355",0.000172024637235622,0.00030671244885906,6.08423980117567e-05
"GSE3920_UNTREATED_VS_IFNG_TREATED_FIBROBLAST_DN","GSE3920_UNTREATED_VS_IFNG_TREATED_FIBROBLAST_DN","56/4231","179/21355",0.000172276666230963,0.000307055003859499,6.09103504791416e-05
"GSE21063_CTRL_VS_ANTI_IGM_STIM_BCELL_NFATC1_KO_8H_UP","GSE21063_CTRL_VS_ANTI_IGM_STIM_BCELL_NFATC1_KO_8H_UP","59/4231","191/21355",0.00017245683834561,0.000307269292095793,6.09528587314489e-05
"SOBOLEV_PBMC_PANDEMRIX_AGE_18_64YO_1DY_UP","SOBOLEV_PBMC_PANDEMRIX_AGE_18_64YO_1DY_UP","12/4231","21/21355",0.000175165443196021,0.000311986817867548,6.18886720044461e-05
"HOEK_B_CELL_2011_2012_TIV_ADULT_3DY_UP","HOEK_B_CELL_2011_2012_TIV_ADULT_3DY_UP","18/4231","39/21355",0.000179053930227128,0.000318801822280047,6.32405610864172e-05
"GSE11961_FOLLICULAR_BCELL_VS_PLASMA_CELL_DAY7_DN","GSE11961_FOLLICULAR_BCELL_VS_PLASMA_CELL_DAY7_DN","61/4231","200/21355",0.000199572813269083,0.000347253985341928,6.88846027148084e-05
"GSE13306_TREG_RA_VS_TCONV_RA_UP","GSE13306_TREG_RA_VS_TCONV_RA_UP","61/4231","200/21355",0.000199572813269083,0.000347253985341928,6.88846027148084e-05
"GSE1448_CTRL_VS_ANTI_VALPHA2_DP_THYMOCYTE_DN","GSE1448_CTRL_VS_ANTI_VALPHA2_DP_THYMOCYTE_DN","61/4231","200/21355",0.000199572813269083,0.000347253985341928,6.88846027148084e-05
"GSE14908_RESTING_VS_HDM_STIM_CD4_TCELL_ATOPIC_PATIENT_UP","GSE14908_RESTING_VS_HDM_STIM_CD4_TCELL_ATOPIC_PATIENT_UP","61/4231","200/21355",0.000199572813269083,0.000347253985341928,6.88846027148084e-05
"GSE15324_NAIVE_VS_ACTIVATED_ELF4_KO_CD8_TCELL_DN","GSE15324_NAIVE_VS_ACTIVATED_ELF4_KO_CD8_TCELL_DN","61/4231","200/21355",0.000199572813269083,0.000347253985341928,6.88846027148084e-05
"GSE15930_NAIVE_VS_72H_IN_VITRO_STIM_CD8_TCELL_UP","GSE15930_NAIVE_VS_72H_IN_VITRO_STIM_CD8_TCELL_UP","61/4231","200/21355",0.000199572813269083,0.000347253985341928,6.88846027148084e-05
"GSE15930_STIM_VS_STIM_AND_TRICHOSTATINA_72H_CD8_T_CELL_UP","GSE15930_STIM_VS_STIM_AND_TRICHOSTATINA_72H_CD8_T_CELL_UP","61/4231","200/21355",0.000199572813269083,0.000347253985341928,6.88846027148084e-05
"GSE17721_0.5H_VS_24H_PAM3CSK4_BMDC_UP","GSE17721_0.5H_VS_24H_PAM3CSK4_BMDC_UP","61/4231","200/21355",0.000199572813269083,0.000347253985341928,6.88846027148084e-05
"GSE17721_12H_VS_24H_POLYIC_BMDC_UP","GSE17721_12H_VS_24H_POLYIC_BMDC_UP","61/4231","200/21355",0.000199572813269083,0.000347253985341928,6.88846027148084e-05
"GSE17721_CTRL_VS_LPS_2H_BMDC_UP","GSE17721_CTRL_VS_LPS_2H_BMDC_UP","61/4231","200/21355",0.000199572813269083,0.000347253985341928,6.88846027148084e-05
"GSE17721_CTRL_VS_POLYIC_0.5H_BMDC_UP","GSE17721_CTRL_VS_POLYIC_0.5H_BMDC_UP","61/4231","200/21355",0.000199572813269083,0.000347253985341928,6.88846027148084e-05
"GSE17721_LPS_VS_GARDIQUIMOD_4H_BMDC_UP","GSE17721_LPS_VS_GARDIQUIMOD_4H_BMDC_UP","61/4231","200/21355",0.000199572813269083,0.000347253985341928,6.88846027148084e-05
"GSE17721_LPS_VS_POLYIC_6H_BMDC_UP","GSE17721_LPS_VS_POLYIC_6H_BMDC_UP","61/4231","200/21355",0.000199572813269083,0.000347253985341928,6.88846027148084e-05
"GSE17721_PAM3CSK4_VS_GADIQUIMOD_4H_BMDC_UP","GSE17721_PAM3CSK4_VS_GADIQUIMOD_4H_BMDC_UP","61/4231","200/21355",0.000199572813269083,0.000347253985341928,6.88846027148084e-05
"GSE17721_POLYIC_VS_CPG_24H_BMDC_DN","GSE17721_POLYIC_VS_CPG_24H_BMDC_DN","61/4231","200/21355",0.000199572813269083,0.000347253985341928,6.88846027148084e-05
"GSE17721_POLYIC_VS_CPG_2H_BMDC_DN","GSE17721_POLYIC_VS_CPG_2H_BMDC_DN","61/4231","200/21355",0.000199572813269083,0.000347253985341928,6.88846027148084e-05
"GSE17721_POLYIC_VS_GARDIQUIMOD_1H_BMDC_UP","GSE17721_POLYIC_VS_GARDIQUIMOD_1H_BMDC_UP","61/4231","200/21355",0.000199572813269083,0.000347253985341928,6.88846027148084e-05
"GSE17721_POLYIC_VS_GARDIQUIMOD_2H_BMDC_DN","GSE17721_POLYIC_VS_GARDIQUIMOD_2H_BMDC_DN","61/4231","200/21355",0.000199572813269083,0.000347253985341928,6.88846027148084e-05
"GSE17721_POLYIC_VS_PAM3CSK4_0.5H_BMDC_DN","GSE17721_POLYIC_VS_PAM3CSK4_0.5H_BMDC_DN","61/4231","200/21355",0.000199572813269083,0.000347253985341928,6.88846027148084e-05
"GSE17721_POLYIC_VS_PAM3CSK4_12H_BMDC_UP","GSE17721_POLYIC_VS_PAM3CSK4_12H_BMDC_UP","61/4231","200/21355",0.000199572813269083,0.000347253985341928,6.88846027148084e-05
"GSE18203_CTRL_VS_INTRATUMORAL_CPG_INJ_MC38_TUMOR_UP","GSE18203_CTRL_VS_INTRATUMORAL_CPG_INJ_MC38_TUMOR_UP","61/4231","200/21355",0.000199572813269083,0.000347253985341928,6.88846027148084e-05
"GSE18791_CTRL_VS_NEWCASTLE_VIRUS_DC_10H_DN","GSE18791_CTRL_VS_NEWCASTLE_VIRUS_DC_10H_DN","61/4231","200/21355",0.000199572813269083,0.000347253985341928,6.88846027148084e-05
"GSE1925_3H_VS_24H_IFNG_STIM_IFNG_PRIMED_MACROPHAGE_UP","GSE1925_3H_VS_24H_IFNG_STIM_IFNG_PRIMED_MACROPHAGE_UP","61/4231","200/21355",0.000199572813269083,0.000347253985341928,6.88846027148084e-05
"GSE19772_CTRL_VS_HCMV_INF_MONOCYTES_AND_PI3K_INHIBITION_DN","GSE19772_CTRL_VS_HCMV_INF_MONOCYTES_AND_PI3K_INHIBITION_DN","61/4231","200/21355",0.000199572813269083,0.000347253985341928,6.88846027148084e-05
"GSE19888_NO_PRETREAT_VS_ADENOSINE_A3R_INHIBITOR_PRETREATED_MAST_CELL_TCELL_MEMBRANES_ACT_UP","GSE19888_NO_PRETREAT_VS_ADENOSINE_A3R_INHIBITOR_PRETREATED_MAST_CELL_TCELL_MEMBRANES_ACT_UP","61/4231","200/21355",0.000199572813269083,0.000347253985341928,6.88846027148084e-05
"GSE2128_CTRL_VS_MIMETOPE_NEGATIVE_SELECTION_DP_THYMOCYTE_C57BL6_DN","GSE2128_CTRL_VS_MIMETOPE_NEGATIVE_SELECTION_DP_THYMOCYTE_C57BL6_DN","61/4231","200/21355",0.000199572813269083,0.000347253985341928,6.88846027148084e-05
"GSE21546_WT_VS_SAP1A_KO_AND_ELK1_KO_DP_THYMOCYTES_DN","GSE21546_WT_VS_SAP1A_KO_AND_ELK1_KO_DP_THYMOCYTES_DN","61/4231","200/21355",0.000199572813269083,0.000347253985341928,6.88846027148084e-05
"GSE21670_TGFB_VS_TGFB_AND_IL6_TREATED_CD4_TCELL_DN","GSE21670_TGFB_VS_TGFB_AND_IL6_TREATED_CD4_TCELL_DN","61/4231","200/21355",0.000199572813269083,0.000347253985341928,6.88846027148084e-05
"GSE22033_UNTREATED_VS_ROSIGLITAZONE_TREATED_MEF_UP","GSE22033_UNTREATED_VS_ROSIGLITAZONE_TREATED_MEF_UP","61/4231","200/21355",0.000199572813269083,0.000347253985341928,6.88846027148084e-05
"GSE22432_UNTREATED_VS_TGFB1_TREATED_COMMON_DC_PROGENITOR_UP","GSE22432_UNTREATED_VS_TGFB1_TREATED_COMMON_DC_PROGENITOR_UP","61/4231","200/21355",0.000199572813269083,0.000347253985341928,6.88846027148084e-05
"GSE22601_IMMATURE_CD4_SINGLE_POSITIVE_VS_CD4_SINGLE_POSITIVE_THYMOCYTE_DN","GSE22601_IMMATURE_CD4_SINGLE_POSITIVE_VS_CD4_SINGLE_POSITIVE_THYMOCYTE_DN","61/4231","200/21355",0.000199572813269083,0.000347253985341928,6.88846027148084e-05
"GSE22886_IGM_MEMORY_BCELL_VS_BM_PLASMA_CELL_UP","GSE22886_IGM_MEMORY_BCELL_VS_BM_PLASMA_CELL_UP","61/4231","200/21355",0.000199572813269083,0.000347253985341928,6.88846027148084e-05
"GSE24972_MARGINAL_ZONE_BCELL_VS_FOLLICULAR_BCELL_DN","GSE24972_MARGINAL_ZONE_BCELL_VS_FOLLICULAR_BCELL_DN","61/4231","200/21355",0.000199572813269083,0.000347253985341928,6.88846027148084e-05
"GSE2585_CTEC_VS_MTEC_THYMUS_DN","GSE2585_CTEC_VS_MTEC_THYMUS_DN","61/4231","200/21355",0.000199572813269083,0.000347253985341928,6.88846027148084e-05
"GSE26030_TH1_VS_TH17_RESTIMULATED_DAY5_POST_POLARIZATION_UP","GSE26030_TH1_VS_TH17_RESTIMULATED_DAY5_POST_POLARIZATION_UP","61/4231","200/21355",0.000199572813269083,0.000347253985341928,6.88846027148084e-05
"GSE26669_CD4_VS_CD8_TCELL_IN_MLR_UP","GSE26669_CD4_VS_CD8_TCELL_IN_MLR_UP","61/4231","200/21355",0.000199572813269083,0.000347253985341928,6.88846027148084e-05
"GSE26669_CTRL_VS_COSTIM_BLOCK_MLR_CD4_TCELL_UP","GSE26669_CTRL_VS_COSTIM_BLOCK_MLR_CD4_TCELL_UP","61/4231","200/21355",0.000199572813269083,0.000347253985341928,6.88846027148084e-05
"GSE2770_UNTREATED_VS_TGFB_AND_IL4_TREATED_ACT_CD4_TCELL_2H_UP","GSE2770_UNTREATED_VS_TGFB_AND_IL4_TREATED_ACT_CD4_TCELL_2H_UP","61/4231","200/21355",0.000199572813269083,0.000347253985341928,6.88846027148084e-05
"GSE27786_CD4_TCELL_VS_NEUTROPHIL_UP","GSE27786_CD4_TCELL_VS_NEUTROPHIL_UP","61/4231","200/21355",0.000199572813269083,0.000347253985341928,6.88846027148084e-05
"GSE27786_LIN_NEG_VS_NKTCELL_DN","GSE27786_LIN_NEG_VS_NKTCELL_DN","61/4231","200/21355",0.000199572813269083,0.000347253985341928,6.88846027148084e-05
"GSE27786_LSK_VS_LIN_NEG_CELL_DN","GSE27786_LSK_VS_LIN_NEG_CELL_DN","61/4231","200/21355",0.000199572813269083,0.000347253985341928,6.88846027148084e-05
"GSE27786_NKCELL_VS_ERYTHROBLAST_UP","GSE27786_NKCELL_VS_ERYTHROBLAST_UP","61/4231","200/21355",0.000199572813269083,0.000347253985341928,6.88846027148084e-05
"GSE27786_NKCELL_VS_MONO_MAC_UP","GSE27786_NKCELL_VS_MONO_MAC_UP","61/4231","200/21355",0.000199572813269083,0.000347253985341928,6.88846027148084e-05
"GSE27786_NKTCELL_VS_NEUTROPHIL_UP","GSE27786_NKTCELL_VS_NEUTROPHIL_UP","61/4231","200/21355",0.000199572813269083,0.000347253985341928,6.88846027148084e-05
"GSE28737_BCL6_HET_VS_BCL6_KO_FOLLICULAR_BCELL_UP","GSE28737_BCL6_HET_VS_BCL6_KO_FOLLICULAR_BCELL_UP","61/4231","200/21355",0.000199572813269083,0.000347253985341928,6.88846027148084e-05
"GSE29618_PRE_VS_DAY7_FLU_VACCINE_PDC_DN","GSE29618_PRE_VS_DAY7_FLU_VACCINE_PDC_DN","61/4231","200/21355",0.000199572813269083,0.000347253985341928,6.88846027148084e-05
"GSE32128_INOS_DEPENDENT_VS_INOS_INDEPENDENT_ACTIVATED_TCELL_UP","GSE32128_INOS_DEPENDENT_VS_INOS_INDEPENDENT_ACTIVATED_TCELL_UP","61/4231","200/21355",0.000199572813269083,0.000347253985341928,6.88846027148084e-05
"GSE32423_CTRL_VS_IL4_MEMORY_CD8_TCELL_UP","GSE32423_CTRL_VS_IL4_MEMORY_CD8_TCELL_UP","61/4231","200/21355",0.000199572813269083,0.000347253985341928,6.88846027148084e-05
"GSE32423_MEMORY_VS_NAIVE_CD8_TCELL_DN","GSE32423_MEMORY_VS_NAIVE_CD8_TCELL_DN","61/4231","200/21355",0.000199572813269083,0.000347253985341928,6.88846027148084e-05
"GSE360_CTRL_VS_B_MALAYI_HIGH_DOSE_MAC_UP","GSE360_CTRL_VS_B_MALAYI_HIGH_DOSE_MAC_UP","61/4231","200/21355",0.000199572813269083,0.000347253985341928,6.88846027148084e-05
"GSE360_L_MAJOR_VS_B_MALAYI_HIGH_DOSE_DC_UP","GSE360_L_MAJOR_VS_B_MALAYI_HIGH_DOSE_DC_UP","61/4231","200/21355",0.000199572813269083,0.000347253985341928,6.88846027148084e-05
"GSE36888_UNTREATED_VS_IL2_TREATED_STAT5_AB_KNOCKIN_TCELL_6H_DN","GSE36888_UNTREATED_VS_IL2_TREATED_STAT5_AB_KNOCKIN_TCELL_6H_DN","61/4231","200/21355",0.000199572813269083,0.000347253985341928,6.88846027148084e-05
"GSE37301_LYMPHOID_PRIMED_MPP_VS_COMMON_LYMPHOID_PROGENITOR_UP","GSE37301_LYMPHOID_PRIMED_MPP_VS_COMMON_LYMPHOID_PROGENITOR_UP","61/4231","200/21355",0.000199572813269083,0.000347253985341928,6.88846027148084e-05
"GSE39152_SPLEEN_CD103_NEG_VS_BRAIN_CD103_POS_MEMORY_CD8_TCELL_UP","GSE39152_SPLEEN_CD103_NEG_VS_BRAIN_CD103_POS_MEMORY_CD8_TCELL_UP","61/4231","200/21355",0.000199572813269083,0.000347253985341928,6.88846027148084e-05
"GSE3982_DC_VS_MAC_UP","GSE3982_DC_VS_MAC_UP","61/4231","200/21355",0.000199572813269083,0.000347253985341928,6.88846027148084e-05
"GSE40277_EOS_AND_LEF1_TRANSDUCED_VS_GATA1_AND_SATB1_TRANSDUCED_CD4_TCELL_UP","GSE40277_EOS_AND_LEF1_TRANSDUCED_VS_GATA1_AND_SATB1_TRANSDUCED_CD4_TCELL_UP","61/4231","200/21355",0.000199572813269083,0.000347253985341928,6.88846027148084e-05
"GSE40685_NAIVE_CD4_TCELL_VS_TREG_DN","GSE40685_NAIVE_CD4_TCELL_VS_TREG_DN","61/4231","200/21355",0.000199572813269083,0.000347253985341928,6.88846027148084e-05
"GSE41867_NAIVE_VS_DAY15_LCMV_EFFECTOR_CD8_TCELL_UP","GSE41867_NAIVE_VS_DAY15_LCMV_EFFECTOR_CD8_TCELL_UP","61/4231","200/21355",0.000199572813269083,0.000347253985341928,6.88846027148084e-05
"GSE43955_TH0_VS_TGFB_IL6_TH17_ACT_CD4_TCELL_52H_UP","GSE43955_TH0_VS_TGFB_IL6_TH17_ACT_CD4_TCELL_52H_UP","61/4231","200/21355",0.000199572813269083,0.000347253985341928,6.88846027148084e-05
"GSE43957_UNTREATED_VS_NACL_TREATED_ANTI_CD3_CD28_STIM_CD4_TCELL_DN","GSE43957_UNTREATED_VS_NACL_TREATED_ANTI_CD3_CD28_STIM_CD4_TCELL_DN","61/4231","200/21355",0.000199572813269083,0.000347253985341928,6.88846027148084e-05
"GSE44649_NAIVE_VS_ACTIVATED_CD8_TCELL_UP","GSE44649_NAIVE_VS_ACTIVATED_CD8_TCELL_UP","61/4231","200/21355",0.000199572813269083,0.000347253985341928,6.88846027148084e-05
"GSE5099_MONOCYTE_VS_CLASSICAL_M1_MACROPHAGE_DN","GSE5099_MONOCYTE_VS_CLASSICAL_M1_MACROPHAGE_DN","61/4231","200/21355",0.000199572813269083,0.000347253985341928,6.88846027148084e-05
"GSE5589_LPS_VS_LPS_AND_IL10_STIM_IL10_KO_MACROPHAGE_45MIN_UP","GSE5589_LPS_VS_LPS_AND_IL10_STIM_IL10_KO_MACROPHAGE_45MIN_UP","61/4231","200/21355",0.000199572813269083,0.000347253985341928,6.88846027148084e-05
"GSE5589_UNSTIM_VS_45MIN_LPS_STIM_MACROPHAGE_DN","GSE5589_UNSTIM_VS_45MIN_LPS_STIM_MACROPHAGE_DN","61/4231","200/21355",0.000199572813269083,0.000347253985341928,6.88846027148084e-05
"GSE7219_WT_VS_NIK_NFKB2_KO_LPS_AND_ANTI_CD40_STIM_DC_UP","GSE7219_WT_VS_NIK_NFKB2_KO_LPS_AND_ANTI_CD40_STIM_DC_UP","61/4231","200/21355",0.000199572813269083,0.000347253985341928,6.88846027148084e-05
"GSE7831_CPG_VS_INFLUENZA_STIM_PDC_4H_UP","GSE7831_CPG_VS_INFLUENZA_STIM_PDC_4H_UP","61/4231","200/21355",0.000199572813269083,0.000347253985341928,6.88846027148084e-05
"GSE7852_LN_VS_FAT_TCONV_UP","GSE7852_LN_VS_FAT_TCONV_UP","61/4231","200/21355",0.000199572813269083,0.000347253985341928,6.88846027148084e-05
"GSE17974_IL4_AND_ANTI_IL12_VS_UNTREATED_48H_ACT_CD4_TCELL_UP","GSE17974_IL4_AND_ANTI_IL12_VS_UNTREATED_48H_ACT_CD4_TCELL_UP","60/4231","196/21355",0.000200669904684334,0.000348453228798069,6.91224960508726e-05
"GSE1925_CTRL_VS_24H_IFNG_STIM_MACROPHAGE_UP","GSE1925_CTRL_VS_24H_IFNG_STIM_MACROPHAGE_UP","60/4231","196/21355",0.000200669904684334,0.000348453228798069,6.91224960508726e-05
"GSE22886_IGG_IGA_MEMORY_BCELL_VS_BM_PLASMA_CELL_DN","GSE22886_IGG_IGA_MEMORY_BCELL_VS_BM_PLASMA_CELL_DN","60/4231","196/21355",0.000200669904684334,0.000348453228798069,6.91224960508726e-05
"GSE22886_NAIVE_VS_IGM_MEMORY_BCELL_UP","GSE22886_NAIVE_VS_IGM_MEMORY_BCELL_UP","60/4231","196/21355",0.000200669904684334,0.000348453228798069,6.91224960508726e-05
"GSE2706_2H_VS_8H_R848_AND_LPS_STIM_DC_DN","GSE2706_2H_VS_8H_R848_AND_LPS_STIM_DC_DN","60/4231","196/21355",0.000200669904684334,0.000348453228798069,6.91224960508726e-05
"GSE42021_TREG_PLN_VS_CD24LO_TREG_THYMUS_UP","GSE42021_TREG_PLN_VS_CD24LO_TREG_THYMUS_UP","60/4231","196/21355",0.000200669904684334,0.000348453228798069,6.91224960508726e-05
"GSE27241_WT_CTRL_VS_DIGOXIN_TREATED_RORGT_KO_CD4_TCELL_IN_TH17_POLARIZING_CONDITIONS_DN","GSE27241_WT_CTRL_VS_DIGOXIN_TREATED_RORGT_KO_CD4_TCELL_IN_TH17_POLARIZING_CONDITIONS_DN","57/4231","184/21355",0.000202448683072402,0.000351422942576747,6.97115967162531e-05
"LI_PBMC_MENACTRA_AGE_18_45YO_CORRELATED_WITH_ANTI_DT_ANTIBODY_3DY_NEGATIVE","LI_PBMC_MENACTRA_AGE_18_45YO_CORRELATED_WITH_ANTI_DT_ANTIBODY_3DY_NEGATIVE","14/4231","27/21355",0.000203780062703155,0.000353614286193761,7.01462924745207e-05
"GSE15624_CTRL_VS_6H_HALOFUGINONE_TREATED_CD4_TCELL_UP","GSE15624_CTRL_VS_6H_HALOFUGINONE_TREATED_CD4_TCELL_UP","44/4231","133/21355",0.000209408866549041,0.000363258832463752,7.20594763866325e-05
"GSE14413_UNSTIM_VS_IFNB_STIM_NIH3T3_CELLS_DN","GSE14413_UNSTIM_VS_IFNB_STIM_NIH3T3_CELLS_DN","45/4231","137/21355",0.000214613117918091,0.000372160636822779,7.38253229502443e-05
"FULLER_PBMC_F_TULARENSIS_VACCINE_LVS_AGE_22_54YO_336HR_UP","FULLER_PBMC_F_TULARENSIS_VACCINE_LVS_AGE_22_54YO_336HR_UP","20/4231","46/21355",0.00021857935018465,0.000378910297276469,7.5164249783163e-05
"GSE3565_DUSP1_VS_WT_SPLENOCYTES_POST_LPS_INJECTION_DN","GSE3565_DUSP1_VS_WT_SPLENOCYTES_POST_LPS_INJECTION_DN","50/4231","157/21355",0.000232183165565783,0.000402220651128828,7.9788313241154e-05
"GSE36891_UNSTIM_VS_PAM_TLR2_STIM_PERITONEAL_MACROPHAGE_DN","GSE36891_UNSTIM_VS_PAM_TLR2_STIM_PERITONEAL_MACROPHAGE_DN","50/4231","157/21355",0.000232183165565783,0.000402220651128828,7.9788313241154e-05
"GSE10325_CD4_TCELL_VS_LUPUS_CD4_TCELL_UP","GSE10325_CD4_TCELL_VS_LUPUS_CD4_TCELL_UP","60/4231","197/21355",0.000233572904829591,0.000403673199648174,8.00764545783387e-05
"GSE1740_UNSTIM_VS_IFNA_STIMULATED_MCSF_IFNG_DERIVED_MACROPHAGE_DN","GSE1740_UNSTIM_VS_IFNA_STIMULATED_MCSF_IFNG_DERIVED_MACROPHAGE_DN","60/4231","197/21355",0.000233572904829591,0.000403673199648174,8.00764545783387e-05
"GSE17974_CTRL_VS_ACT_IL4_AND_ANTI_IL12_6H_CD4_TCELL_DN","GSE17974_CTRL_VS_ACT_IL4_AND_ANTI_IL12_6H_CD4_TCELL_DN","60/4231","197/21355",0.000233572904829591,0.000403673199648174,8.00764545783387e-05
"GSE20500_RETINOIC_ACID_VS_RARA_ANTAGONIST_TREATED_CD4_TCELL_UP","GSE20500_RETINOIC_ACID_VS_RARA_ANTAGONIST_TREATED_CD4_TCELL_UP","60/4231","197/21355",0.000233572904829591,0.000403673199648174,8.00764545783387e-05
"GSE21927_SPLEEN_VS_4T1_TUMOR_MONOCYTE_BALBC_DN","GSE21927_SPLEEN_VS_4T1_TUMOR_MONOCYTE_BALBC_DN","60/4231","197/21355",0.000233572904829591,0.000403673199648174,8.00764545783387e-05
"GSE4142_NAIVE_VS_GC_BCELL_DN","GSE4142_NAIVE_VS_GC_BCELL_DN","60/4231","197/21355",0.000233572904829591,0.000403673199648174,8.00764545783387e-05
"GSE45739_NRAS_KO_VS_WT_UNSTIM_CD4_TCELL_DN","GSE45739_NRAS_KO_VS_WT_UNSTIM_CD4_TCELL_DN","60/4231","197/21355",0.000233572904829591,0.000403673199648174,8.00764545783387e-05
"GSE21063_CTRL_VS_ANTI_IGM_STIM_BCELL_3H_DN","GSE21063_CTRL_VS_ANTI_IGM_STIM_BCELL_3H_DN","51/4231","161/21355",0.000234139569544313,0.000404516155538979,8.02436713248565e-05
"GSE21670_IL6_VS_TGFB_AND_IL6_TREATED_CD4_TCELL_UP","GSE21670_IL6_VS_TGFB_AND_IL6_TREATED_CD4_TCELL_UP","59/4231","193/21355",0.000234968688899233,0.00040581182590885,8.05006928204918e-05
"GSE27896_HDAC6_KO_VS_WT_TREG_DN","GSE27896_HDAC6_KO_VS_WT_TREG_DN","52/4231","165/21355",0.000235628411929006,0.000406814159497502,8.06995252427433e-05
"GSE2706_R848_VS_LPS_8H_STIM_DC_DN","GSE2706_R848_VS_LPS_8H_STIM_DC_DN","58/4231","189/21355",0.000236084497099445,0.000407464354253116,8.08285040574388e-05
"FULLER_PBMC_F_TULARENSIS_VACCINE_LVS_AGE_22_54YO_48HR_UP","FULLER_PBMC_F_TULARENSIS_VACCINE_LVS_AGE_22_54YO_48HR_UP","24/4231","60/21355",0.000254478294545535,0.000439062853530937,8.70966828574419e-05
"GSE13411_IGM_MEMORY_BCELL_VS_PLASMA_CELL_UP","GSE13411_IGM_MEMORY_BCELL_VS_PLASMA_CELL_UP","60/4231","198/21355",0.000271283615172848,0.000466800876594837,9.25990608847798e-05
"GSE17721_0.5H_VS_24H_POLYIC_BMDC_UP","GSE17721_0.5H_VS_24H_POLYIC_BMDC_UP","60/4231","198/21355",0.000271283615172848,0.000466800876594837,9.25990608847798e-05
"GSE17974_2.5H_VS_72H_IL4_AND_ANTI_IL12_ACT_CD4_TCELL_UP","GSE17974_2.5H_VS_72H_IL4_AND_ANTI_IL12_ACT_CD4_TCELL_UP","60/4231","198/21355",0.000271283615172848,0.000466800876594837,9.25990608847798e-05
"GSE18791_UNSTIM_VS_NEWCATSLE_VIRUS_DC_6H_UP","GSE18791_UNSTIM_VS_NEWCATSLE_VIRUS_DC_6H_UP","60/4231","198/21355",0.000271283615172848,0.000466800876594837,9.25990608847798e-05
"GSE29618_LAIV_VS_TIV_FLU_VACCINE_DAY7_PDC_UP","GSE29618_LAIV_VS_TIV_FLU_VACCINE_DAY7_PDC_UP","60/4231","198/21355",0.000271283615172848,0.000466800876594837,9.25990608847798e-05
"GSE3982_EOSINOPHIL_VS_BCELL_DN","GSE3982_EOSINOPHIL_VS_BCELL_DN","60/4231","198/21355",0.000271283615172848,0.000466800876594837,9.25990608847798e-05
"GSE45739_NRAS_KO_VS_WT_ACD3_ACD28_STIM_CD4_TCELL_DN","GSE45739_NRAS_KO_VS_WT_ACD3_ACD28_STIM_CD4_TCELL_DN","60/4231","198/21355",0.000271283615172848,0.000466800876594837,9.25990608847798e-05
"GSE7460_FOXP3_MUT_VS_WT_ACT_TCONV_DN","GSE7460_FOXP3_MUT_VS_WT_ACT_TCONV_DN","60/4231","198/21355",0.000271283615172848,0.000466800876594837,9.25990608847798e-05
"GSE25088_WT_VS_STAT6_KO_MACROPHAGE_ROSIGLITAZONE_STIM_UP","GSE25088_WT_VS_STAT6_KO_MACROPHAGE_ROSIGLITAZONE_STIM_UP","59/4231","194/21355",0.000273352420569204,0.000470202854979108,9.32739096679093e-05
"GSE37533_UNTREATED_VS_PIOGLIZATONE_TREATED_CD4_TCELL_FOXP3_TRASDUCED_CD4_TCELL_DN","GSE37533_UNTREATED_VS_PIOGLIZATONE_TREATED_CD4_TCELL_FOXP3_TRASDUCED_CD4_TCELL_DN","51/4231","162/21355",0.000276810171821928,0.000475671787046331,9.43587790391104e-05
"GSE5589_WT_VS_IL10_KO_LPS_STIM_MACROPHAGE_180MIN_UP","GSE5589_WT_VS_IL10_KO_LPS_STIM_MACROPHAGE_180MIN_UP","51/4231","162/21355",0.000276810171821928,0.000475671787046331,9.43587790391104e-05
"GSE6674_UNSTIM_VS_ANTI_IGM_STIM_BCELL_UP","GSE6674_UNSTIM_VS_ANTI_IGM_STIM_BCELL_UP","51/4231","162/21355",0.000276810171821928,0.000475671787046331,9.43587790391104e-05
"GSE10147_IL3_VS_IL3_AND_HIVP17_STIM_PDC_UP","GSE10147_IL3_VS_IL3_AND_HIVP17_STIM_PDC_UP","52/4231","166/21355",0.000277913116551358,0.000477407049410945,9.47030021830857e-05
"GSE24671_CTRL_VS_BAKIMULC_INFECTED_MOUSE_SPLENOCYTES_DN","GSE24671_CTRL_VS_BAKIMULC_INFECTED_MOUSE_SPLENOCYTES_DN","53/4231","170/21355",0.000278519015446624,0.000478127419015203,9.48459015480801e-05
"GSE37533_UNTREATED_VS_PIOGLIZATONE_TREATED_CD4_TCELL_FOXP3_TRASDUCED_CD4_TCELL_UP","GSE37533_UNTREATED_VS_PIOGLIZATONE_TREATED_CD4_TCELL_FOXP3_TRASDUCED_CD4_TCELL_UP","53/4231","170/21355",0.000278519015446624,0.000478127419015203,9.48459015480801e-05
"FULLER_PBMC_F_TULARENSIS_VACCINE_LVS_AGE_22_54YO_18HR_UP","FULLER_PBMC_F_TULARENSIS_VACCINE_LVS_AGE_22_54YO_18HR_UP","23/4231","57/21355",0.000292040888606711,0.000501172278204889,9.94172989600842e-05
"NAKAYA_B_CELL_FLUARIX_FLUVIRIN_AGE_18_50YO_7DY_DN","NAKAYA_B_CELL_FLUARIX_FLUVIRIN_AGE_18_50YO_7DY_DN","83/4231","294/21355",0.000299562005171204,0.000513907241803077,0.000101943527441479
"GSE11961_MEMORY_BCELL_DAY7_VS_GERMINAL_CENTER_BCELL_DAY40_DN","GSE11961_MEMORY_BCELL_DAY7_VS_GERMINAL_CENTER_BCELL_DAY40_DN","60/4231","199/21355",0.000314410901965133,0.000533312469713194,0.000105792932982103
"GSE13493_DP_VS_CD8POS_THYMOCYTE_UP","GSE13493_DP_VS_CD8POS_THYMOCYTE_UP","60/4231","199/21355",0.000314410901965133,0.000533312469713194,0.000105792932982103
"GSE14350_TREG_VS_TEFF_IN_IL2RB_KO_DN","GSE14350_TREG_VS_TEFF_IN_IL2RB_KO_DN","60/4231","199/21355",0.000314410901965133,0.000533312469713194,0.000105792932982103
"GSE14769_40MIN_VS_360MIN_LPS_BMDM_DN","GSE14769_40MIN_VS_360MIN_LPS_BMDM_DN","60/4231","199/21355",0.000314410901965133,0.000533312469713194,0.000105792932982103
"GSE15330_GRANULOCYTE_MONOCYTE_PROGENITOR_VS_PRO_BCELL_UP","GSE15330_GRANULOCYTE_MONOCYTE_PROGENITOR_VS_PRO_BCELL_UP","60/4231","199/21355",0.000314410901965133,0.000533312469713194,0.000105792932982103
"GSE15330_LYMPHOID_MULTIPOTENT_VS_GRANULOCYTE_MONOCYTE_PROGENITOR_UP","GSE15330_LYMPHOID_MULTIPOTENT_VS_GRANULOCYTE_MONOCYTE_PROGENITOR_UP","60/4231","199/21355",0.000314410901965133,0.000533312469713194,0.000105792932982103
"GSE17186_BLOOD_VS_CORD_BLOOD_CD21HIGH_TRANSITIONAL_BCELL_DN","GSE17186_BLOOD_VS_CORD_BLOOD_CD21HIGH_TRANSITIONAL_BCELL_DN","60/4231","199/21355",0.000314410901965133,0.000533312469713194,0.000105792932982103
"GSE17721_CPG_VS_GARDIQUIMOD_8H_BMDC_UP","GSE17721_CPG_VS_GARDIQUIMOD_8H_BMDC_UP","60/4231","199/21355",0.000314410901965133,0.000533312469713194,0.000105792932982103
"GSE17721_CTRL_VS_LPS_8H_BMDC_DN","GSE17721_CTRL_VS_LPS_8H_BMDC_DN","60/4231","199/21355",0.000314410901965133,0.000533312469713194,0.000105792932982103
"GSE17721_LPS_VS_GARDIQUIMOD_24H_BMDC_UP","GSE17721_LPS_VS_GARDIQUIMOD_24H_BMDC_UP","60/4231","199/21355",0.000314410901965133,0.000533312469713194,0.000105792932982103
"GSE17721_LPS_VS_PAM3CSK4_4H_BMDC_UP","GSE17721_LPS_VS_PAM3CSK4_4H_BMDC_UP","60/4231","199/21355",0.000314410901965133,0.000533312469713194,0.000105792932982103
"GSE17721_POLYIC_VS_PAM3CSK4_16H_BMDC_DN","GSE17721_POLYIC_VS_PAM3CSK4_16H_BMDC_DN","60/4231","199/21355",0.000314410901965133,0.000533312469713194,0.000105792932982103
"GSE17974_0H_VS_2H_IN_VITRO_ACT_CD4_TCELL_DN","GSE17974_0H_VS_2H_IN_VITRO_ACT_CD4_TCELL_DN","60/4231","199/21355",0.000314410901965133,0.000533312469713194,0.000105792932982103
"GSE20198_UNTREATED_VS_IFNA_TREATED_ACT_CD4_TCELL_DN","GSE20198_UNTREATED_VS_IFNA_TREATED_ACT_CD4_TCELL_DN","60/4231","199/21355",0.000314410901965133,0.000533312469713194,0.000105792932982103
"GSE20198_UNTREATED_VS_IL12_IL18_TREATED_ACT_CD4_TCELL_UP","GSE20198_UNTREATED_VS_IL12_IL18_TREATED_ACT_CD4_TCELL_UP","60/4231","199/21355",0.000314410901965133,0.000533312469713194,0.000105792932982103
"GSE22886_IGM_MEMORY_BCELL_VS_BM_PLASMA_CELL_DN","GSE22886_IGM_MEMORY_BCELL_VS_BM_PLASMA_CELL_DN","60/4231","199/21355",0.000314410901965133,0.000533312469713194,0.000105792932982103
"GSE22886_NAIVE_TCELL_VS_NEUTROPHIL_UP","GSE22886_NAIVE_TCELL_VS_NEUTROPHIL_UP","60/4231","199/21355",0.000314410901965133,0.000533312469713194,0.000105792932982103
"GSE22886_TH1_VS_TH2_12H_ACT_UP","GSE22886_TH1_VS_TH2_12H_ACT_UP","60/4231","199/21355",0.000314410901965133,0.000533312469713194,0.000105792932982103
"GSE23505_UNTREATED_VS_4DAY_IL6_IL1_TREATED_CD4_TCELL_UP","GSE23505_UNTREATED_VS_4DAY_IL6_IL1_TREATED_CD4_TCELL_UP","60/4231","199/21355",0.000314410901965133,0.000533312469713194,0.000105792932982103
"GSE24142_DN2_VS_DN3_THYMOCYTE_FETAL_DN","GSE24142_DN2_VS_DN3_THYMOCYTE_FETAL_DN","60/4231","199/21355",0.000314410901965133,0.000533312469713194,0.000105792932982103
"GSE25123_CTRL_VS_ROSIGLITAZONE_STIM_PPARG_KO_MACROPHAGE_DN","GSE25123_CTRL_VS_ROSIGLITAZONE_STIM_PPARG_KO_MACROPHAGE_DN","60/4231","199/21355",0.000314410901965133,0.000533312469713194,0.000105792932982103
"GSE2770_IL12_AND_TGFB_ACT_VS_ACT_CD4_TCELL_48H_UP","GSE2770_IL12_AND_TGFB_ACT_VS_ACT_CD4_TCELL_48H_UP","60/4231","199/21355",0.000314410901965133,0.000533312469713194,0.000105792932982103
"GSE27786_CD4_VS_CD8_TCELL_DN","GSE27786_CD4_VS_CD8_TCELL_DN","60/4231","199/21355",0.000314410901965133,0.000533312469713194,0.000105792932982103
"GSE29949_MICROGLIA_BRAIN_VS_MONOCYTE_BONE_MARROW_UP","GSE29949_MICROGLIA_BRAIN_VS_MONOCYTE_BONE_MARROW_UP","60/4231","199/21355",0.000314410901965133,0.000533312469713194,0.000105792932982103
"GSE33374_CD8_ALPHAALPHA_VS_ALPHABETA_CD161_HIGH_TCELL_UP","GSE33374_CD8_ALPHAALPHA_VS_ALPHABETA_CD161_HIGH_TCELL_UP","60/4231","199/21355",0.000314410901965133,0.000533312469713194,0.000105792932982103
"GSE36078_WT_VS_IL1R_KO_LUNG_DC_AFTER_AD5_INF_DN","GSE36078_WT_VS_IL1R_KO_LUNG_DC_AFTER_AD5_INF_DN","60/4231","199/21355",0.000314410901965133,0.000533312469713194,0.000105792932982103
"GSE37301_LYMPHOID_PRIMED_MPP_VS_RAG2_KO_NK_CELL_UP","GSE37301_LYMPHOID_PRIMED_MPP_VS_RAG2_KO_NK_CELL_UP","60/4231","199/21355",0.000314410901965133,0.000533312469713194,0.000105792932982103
"GSE38681_WT_VS_LYL1_KO_LYMPHOID_PRIMED_MULTIPOTENT_PROGENITOR_UP","GSE38681_WT_VS_LYL1_KO_LYMPHOID_PRIMED_MULTIPOTENT_PROGENITOR_UP","60/4231","199/21355",0.000314410901965133,0.000533312469713194,0.000105792932982103
"GSE40685_TREG_VS_FOXP3_KO_TREG_PRECURSOR_UP","GSE40685_TREG_VS_FOXP3_KO_TREG_PRECURSOR_UP","60/4231","199/21355",0.000314410901965133,0.000533312469713194,0.000105792932982103
"GSE4748_CTRL_VS_CYANOBACTERIUM_LPSLIKE_STIM_DC_1H_DN","GSE4748_CTRL_VS_CYANOBACTERIUM_LPSLIKE_STIM_DC_1H_DN","60/4231","199/21355",0.000314410901965133,0.000533312469713194,0.000105792932982103
"GSE557_WT_VS_I_AB_KO_DC_DN","GSE557_WT_VS_I_AB_KO_DC_DN","60/4231","199/21355",0.000314410901965133,0.000533312469713194,0.000105792932982103
"GSE6259_FLT3L_INDUCED_33D1_POS_DC_VS_BCELL_UP","GSE6259_FLT3L_INDUCED_33D1_POS_DC_VS_BCELL_UP","60/4231","199/21355",0.000314410901965133,0.000533312469713194,0.000105792932982103
"GSE7460_CTRL_VS_TGFB_TREATED_ACT_TCONV_UP","GSE7460_CTRL_VS_TGFB_TREATED_ACT_TCONV_UP","60/4231","199/21355",0.000314410901965133,0.000533312469713194,0.000105792932982103
"GSE9006_TYPE_1_VS_TYPE_2_DIABETES_PBMC_AT_DX_DN","GSE9006_TYPE_1_VS_TYPE_2_DIABETES_PBMC_AT_DX_DN","60/4231","199/21355",0.000314410901965133,0.000533312469713194,0.000105792932982103
"GSE10856_CTRL_VS_TNFRSF6B_IN_MACROPHAGE_DN","GSE10856_CTRL_VS_TNFRSF6B_IN_MACROPHAGE_DN","59/4231","195/21355",0.000317310797162452,0.000537697569009828,0.000106662802978314
"GSE2706_2H_VS_8H_R848_STIM_DC_DN","GSE2706_2H_VS_8H_R848_STIM_DC_DN","59/4231","195/21355",0.000317310797162452,0.000537697569009828,0.000106662802978314
"GSE29618_LAIV_VS_TIV_FLU_VACCINE_DAY7_MONOCYTE_DN","GSE29618_LAIV_VS_TIV_FLU_VACCINE_DAY7_MONOCYTE_DN","59/4231","195/21355",0.000317310797162452,0.000537697569009828,0.000106662802978314
"GSE37532_VISCERAL_ADIPOSE_TISSUE_VS_LN_DERIVED_TREG_CD4_TCELL_DN","GSE37532_VISCERAL_ADIPOSE_TISSUE_VS_LN_DERIVED_TREG_CD4_TCELL_DN","49/4231","155/21355",0.000323443408215477,0.000547908430440361,0.000108688326550997
"GSE34156_UNTREATED_VS_6H_NOD2_AND_TLR1_TLR2_LIGAND_TREATED_MONOCYTE_DN","GSE34156_UNTREATED_VS_6H_NOD2_AND_TLR1_TLR2_LIGAND_TREATED_MONOCYTE_DN","50/4231","159/21355",0.000325212910480529,0.000550723944209842,0.000109246838636201
"GSE26030_UNSTIM_VS_RESTIM_TH17_DAY15_POST_POLARIZATION_UP","GSE26030_UNSTIM_VS_RESTIM_TH17_DAY15_POST_POLARIZATION_UP","54/4231","175/21355",0.000326403414937682,0.000552375009894538,0.000109574359726087
"GSE32255_WT_UNSTIM_VS_JMJD2D_KNOCKDOWN_4H_LPS_STIM_DC_UP","GSE32255_WT_UNSTIM_VS_JMJD2D_KNOCKDOWN_4H_LPS_STIM_DC_UP","54/4231","175/21355",0.000326403414937682,0.000552375009894538,0.000109574359726087
"GSE7568_IL4_VS_IL4_AND_TGFB_TREATED_MACROPHAGE_24H_UP","GSE7568_IL4_VS_IL4_AND_TGFB_TREATED_MACROPHAGE_24H_UP","52/4231","167/21355",0.000326912137394388,0.00055305333870747,0.00010970891947993
"NAKAYA_PBMC_IMUVAC_MALE_AGE_14_27YO_1D_POSTBOOST_VS_0DY_PREIMM_TIV_UP","NAKAYA_PBMC_IMUVAC_MALE_AGE_14_27YO_1D_POSTBOOST_VS_0DY_PREIMM_TIV_UP","19/4231","44/21355",0.000347409845230249,0.000587536412619683,0.00011654930993503
"GSE11961_FOLLICULAR_BCELL_VS_MEMORY_BCELL_DAY7_UP","GSE11961_FOLLICULAR_BCELL_VS_MEMORY_BCELL_DAY7_UP","60/4231","200/21355",0.00036362722569201,0.000602246577995878,0.000119467358224124
"GSE11961_MEMORY_BCELL_DAY7_VS_MEMORY_BCELL_DAY40_DN","GSE11961_MEMORY_BCELL_DAY7_VS_MEMORY_BCELL_DAY40_DN","60/4231","200/21355",0.00036362722569201,0.000602246577995878,0.000119467358224124
"GSE12003_MIR223_KO_VS_WT_BM_PROGENITOR_4D_CULTURE_UP","GSE12003_MIR223_KO_VS_WT_BM_PROGENITOR_4D_CULTURE_UP","60/4231","200/21355",0.00036362722569201,0.000602246577995878,0.000119467358224124
"GSE12198_LOW_IL2_STIM_NK_CELL_VS_HIGH_IL2_STIM_NK_CELL_UP","GSE12198_LOW_IL2_STIM_NK_CELL_VS_HIGH_IL2_STIM_NK_CELL_UP","60/4231","200/21355",0.00036362722569201,0.000602246577995878,0.000119467358224124
"GSE13484_UNSTIM_VS_3H_YF17D_VACCINE_STIM_PBMC_DN","GSE13484_UNSTIM_VS_3H_YF17D_VACCINE_STIM_PBMC_DN","60/4231","200/21355",0.00036362722569201,0.000602246577995878,0.000119467358224124
"GSE14308_NAIVE_CD4_TCELL_VS_NATURAL_TREG_DN","GSE14308_NAIVE_CD4_TCELL_VS_NATURAL_TREG_DN","60/4231","200/21355",0.00036362722569201,0.000602246577995878,0.000119467358224124
"GSE14308_TH2_VS_NAIVE_CD4_TCELL_DN","GSE14308_TH2_VS_NAIVE_CD4_TCELL_DN","60/4231","200/21355",0.00036362722569201,0.000602246577995878,0.000119467358224124
"GSE14769_UNSTIM_VS_360MIN_LPS_BMDM_DN","GSE14769_UNSTIM_VS_360MIN_LPS_BMDM_DN","60/4231","200/21355",0.00036362722569201,0.000602246577995878,0.000119467358224124
"GSE15324_NAIVE_VS_ACTIVATED_ELF4_KO_CD8_TCELL_UP","GSE15324_NAIVE_VS_ACTIVATED_ELF4_KO_CD8_TCELL_UP","60/4231","200/21355",0.00036362722569201,0.000602246577995878,0.000119467358224124
"GSE15330_LYMPHOID_MULTIPOTENT_VS_MEGAKARYOCYTE_ERYTHROID_PROGENITOR_DN","GSE15330_LYMPHOID_MULTIPOTENT_VS_MEGAKARYOCYTE_ERYTHROID_PROGENITOR_DN","60/4231","200/21355",0.00036362722569201,0.000602246577995878,0.000119467358224124
"GSE15330_WT_VS_IKAROS_KO_MEGAKARYOCYTE_ERYTHROID_PROGENITOR_DN","GSE15330_WT_VS_IKAROS_KO_MEGAKARYOCYTE_ERYTHROID_PROGENITOR_DN","60/4231","200/21355",0.00036362722569201,0.000602246577995878,0.000119467358224124
"GSE15750_WT_VS_TRAF6KO_DAY10_EFF_CD8_TCELL_UP","GSE15750_WT_VS_TRAF6KO_DAY10_EFF_CD8_TCELL_UP","60/4231","200/21355",0.00036362722569201,0.000602246577995878,0.000119467358224124
"GSE15930_NAIVE_VS_72H_IN_VITRO_STIM_IFNAB_CD8_TCELL_UP","GSE15930_NAIVE_VS_72H_IN_VITRO_STIM_IFNAB_CD8_TCELL_UP","60/4231","200/21355",0.00036362722569201,0.000602246577995878,0.000119467358224124
"GSE16385_ROSIGLITAZONE_IFNG_TNF_VS_IL4_STIM_MACROPHAGE_DN","GSE16385_ROSIGLITAZONE_IFNG_TNF_VS_IL4_STIM_MACROPHAGE_DN","60/4231","200/21355",0.00036362722569201,0.000602246577995878,0.000119467358224124
"GSE16522_ANTI_CD3CD28_STIM_VS_UNSTIM_NAIVE_CD8_TCELL_UP","GSE16522_ANTI_CD3CD28_STIM_VS_UNSTIM_NAIVE_CD8_TCELL_UP","60/4231","200/21355",0.00036362722569201,0.000602246577995878,0.000119467358224124
"GSE17186_NAIVE_VS_CD21HIGH_TRANSITIONAL_BCELL_UP","GSE17186_NAIVE_VS_CD21HIGH_TRANSITIONAL_BCELL_UP","60/4231","200/21355",0.00036362722569201,0.000602246577995878,0.000119467358224124
"GSE17721_CTRL_VS_CPG_4H_BMDC_UP","GSE17721_CTRL_VS_CPG_4H_BMDC_UP","60/4231","200/21355",0.00036362722569201,0.000602246577995878,0.000119467358224124
"GSE17721_LPS_VS_GARDIQUIMOD_2H_BMDC_DN","GSE17721_LPS_VS_GARDIQUIMOD_2H_BMDC_DN","60/4231","200/21355",0.00036362722569201,0.000602246577995878,0.000119467358224124
"GSE17721_PAM3CSK4_VS_CPG_24H_BMDC_UP","GSE17721_PAM3CSK4_VS_CPG_24H_BMDC_UP","60/4231","200/21355",0.00036362722569201,0.000602246577995878,0.000119467358224124
"GSE17721_PAM3CSK4_VS_GADIQUIMOD_24H_BMDC_UP","GSE17721_PAM3CSK4_VS_GADIQUIMOD_24H_BMDC_UP","60/4231","200/21355",0.00036362722569201,0.000602246577995878,0.000119467358224124
"GSE17721_POLYIC_VS_GARDIQUIMOD_16H_BMDC_DN","GSE17721_POLYIC_VS_GARDIQUIMOD_16H_BMDC_DN","60/4231","200/21355",0.00036362722569201,0.000602246577995878,0.000119467358224124
"GSE20366_CD103_POS_VS_NEG_TREG_KLRG1NEG_DN","GSE20366_CD103_POS_VS_NEG_TREG_KLRG1NEG_DN","60/4231","200/21355",0.00036362722569201,0.000602246577995878,0.000119467358224124
"GSE20366_TREG_VS_TCONV_DN","GSE20366_TREG_VS_TCONV_DN","60/4231","200/21355",0.00036362722569201,0.000602246577995878,0.000119467358224124
"GSE20715_0H_VS_24H_OZONE_TLR4_KO_LUNG_DN","GSE20715_0H_VS_24H_OZONE_TLR4_KO_LUNG_DN","60/4231","200/21355",0.00036362722569201,0.000602246577995878,0.000119467358224124
"GSE21546_WT_VS_SAP1A_KO_AND_ELK1_KO_DP_THYMOCYTES_UP","GSE21546_WT_VS_SAP1A_KO_AND_ELK1_KO_DP_THYMOCYTES_UP","60/4231","200/21355",0.00036362722569201,0.000602246577995878,0.000119467358224124
"GSE21670_TGFB_VS_IL6_TREATED_STAT3_KO_CD4_TCELL_DN","GSE21670_TGFB_VS_IL6_TREATED_STAT3_KO_CD4_TCELL_DN","60/4231","200/21355",0.00036362722569201,0.000602246577995878,0.000119467358224124
"GSE2197_CPG_DNA_VS_UNTREATED_IN_DC_DN","GSE2197_CPG_DNA_VS_UNTREATED_IN_DC_DN","60/4231","200/21355",0.00036362722569201,0.000602246577995878,0.000119467358224124
"GSE22103_UNSTIM_VS_LPS_STIM_NEUTROPHIL_DN","GSE22103_UNSTIM_VS_LPS_STIM_NEUTROPHIL_DN","60/4231","200/21355",0.00036362722569201,0.000602246577995878,0.000119467358224124
"GSE22432_MULTIPOTENT_VS_COMMON_DC_PROGENITOR_UNTREATED_DN","GSE22432_MULTIPOTENT_VS_COMMON_DC_PROGENITOR_UNTREATED_DN","60/4231","200/21355",0.00036362722569201,0.000602246577995878,0.000119467358224124
"GSE23925_DARK_ZONE_VS_NAIVE_BCELL_UP","GSE23925_DARK_ZONE_VS_NAIVE_BCELL_UP","60/4231","200/21355",0.00036362722569201,0.000602246577995878,0.000119467358224124
"GSE2405_HEAT_KILLED_LYSATE_VS_LIVE_A_PHAGOCYTOPHILUM_STIM_NEUTROPHIL_24H_DN","GSE2405_HEAT_KILLED_LYSATE_VS_LIVE_A_PHAGOCYTOPHILUM_STIM_NEUTROPHIL_24H_DN","60/4231","200/21355",0.00036362722569201,0.000602246577995878,0.000119467358224124
"GSE24634_NAIVE_CD4_TCELL_VS_DAY5_IL4_CONV_TREG_UP","GSE24634_NAIVE_CD4_TCELL_VS_DAY5_IL4_CONV_TREG_UP","60/4231","200/21355",0.00036362722569201,0.000602246577995878,0.000119467358224124
"GSE24634_NAIVE_CD4_TCELL_VS_DAY7_IL4_CONV_TREG_UP","GSE24634_NAIVE_CD4_TCELL_VS_DAY7_IL4_CONV_TREG_UP","60/4231","200/21355",0.00036362722569201,0.000602246577995878,0.000119467358224124
"GSE26030_TH1_VS_TH17_DAY5_POST_POLARIZATION_UP","GSE26030_TH1_VS_TH17_DAY5_POST_POLARIZATION_UP","60/4231","200/21355",0.00036362722569201,0.000602246577995878,0.000119467358224124
"GSE27786_CD4_TCELL_VS_NKTCELL_UP","GSE27786_CD4_TCELL_VS_NKTCELL_UP","60/4231","200/21355",0.00036362722569201,0.000602246577995878,0.000119467358224124
"GSE27786_CD8_TCELL_VS_NKTCELL_UP","GSE27786_CD8_TCELL_VS_NKTCELL_UP","60/4231","200/21355",0.00036362722569201,0.000602246577995878,0.000119467358224124
"GSE27786_LIN_NEG_VS_MONO_MAC_DN","GSE27786_LIN_NEG_VS_MONO_MAC_DN","60/4231","200/21355",0.00036362722569201,0.000602246577995878,0.000119467358224124
"GSE27786_LSK_VS_CD4_TCELL_UP","GSE27786_LSK_VS_CD4_TCELL_UP","60/4231","200/21355",0.00036362722569201,0.000602246577995878,0.000119467358224124
"GSE27786_NKTCELL_VS_MONO_MAC_UP","GSE27786_NKTCELL_VS_MONO_MAC_UP","60/4231","200/21355",0.00036362722569201,0.000602246577995878,0.000119467358224124
"GSE28737_FOLLICULAR_VS_MARGINAL_ZONE_BCELL_BCL6_HET_DN","GSE28737_FOLLICULAR_VS_MARGINAL_ZONE_BCELL_BCL6_HET_DN","60/4231","200/21355",0.00036362722569201,0.000602246577995878,0.000119467358224124
"GSE3039_ALPHAALPHA_CD8_TCELL_VS_B1_BCELL_UP","GSE3039_ALPHAALPHA_CD8_TCELL_VS_B1_BCELL_UP","60/4231","200/21355",0.00036362722569201,0.000602246577995878,0.000119467358224124
"GSE3039_CD4_TCELL_VS_ALPHAALPHA_CD8_TCELL_DN","GSE3039_CD4_TCELL_VS_ALPHAALPHA_CD8_TCELL_DN","60/4231","200/21355",0.00036362722569201,0.000602246577995878,0.000119467358224124
"GSE32423_MEMORY_VS_NAIVE_CD8_TCELL_IL7_UP","GSE32423_MEMORY_VS_NAIVE_CD8_TCELL_IL7_UP","60/4231","200/21355",0.00036362722569201,0.000602246577995878,0.000119467358224124
"GSE360_CTRL_VS_B_MALAYI_LOW_DOSE_MAC_UP","GSE360_CTRL_VS_B_MALAYI_LOW_DOSE_MAC_UP","60/4231","200/21355",0.00036362722569201,0.000602246577995878,0.000119467358224124
"GSE360_HIGH_VS_LOW_DOSE_B_MALAYI_DC_DN","GSE360_HIGH_VS_LOW_DOSE_B_MALAYI_DC_DN","60/4231","200/21355",0.00036362722569201,0.000602246577995878,0.000119467358224124
"GSE36009_WT_VS_NLRP10_KO_DC_UP","GSE36009_WT_VS_NLRP10_KO_DC_UP","60/4231","200/21355",0.00036362722569201,0.000602246577995878,0.000119467358224124
"GSE36392_TYPE_2_MYELOID_VS_NEUTROPHIL_IL25_TREATED_LUNG_DN","GSE36392_TYPE_2_MYELOID_VS_NEUTROPHIL_IL25_TREATED_LUNG_DN","60/4231","200/21355",0.00036362722569201,0.000602246577995878,0.000119467358224124
"GSE37301_COMMON_LYMPHOID_PROGENITOR_VS_GRAN_MONO_PROGENITOR_UP","GSE37301_COMMON_LYMPHOID_PROGENITOR_VS_GRAN_MONO_PROGENITOR_UP","60/4231","200/21355",0.00036362722569201,0.000602246577995878,0.000119467358224124
"GSE39110_UNTREATED_VS_IL2_TREATED_CD8_TCELL_DAY6_POST_IMMUNIZATION_DN","GSE39110_UNTREATED_VS_IL2_TREATED_CD8_TCELL_DAY6_POST_IMMUNIZATION_DN","60/4231","200/21355",0.00036362722569201,0.000602246577995878,0.000119467358224124
"GSE3994_WT_VS_PAC1_KO_ACTIVATED_MAST_CELL_DN","GSE3994_WT_VS_PAC1_KO_ACTIVATED_MAST_CELL_DN","60/4231","200/21355",0.00036362722569201,0.000602246577995878,0.000119467358224124
"GSE40274_FOXP3_VS_FOXP3_AND_LEF1_TRANSDUCED_ACTIVATED_CD4_TCELL_UP","GSE40274_FOXP3_VS_FOXP3_AND_LEF1_TRANSDUCED_ACTIVATED_CD4_TCELL_UP","60/4231","200/21355",0.00036362722569201,0.000602246577995878,0.000119467358224124
"GSE41176_UNSTIM_VS_ANTI_IGM_STIM_TAK1_KO_BCELL_6H_UP","GSE41176_UNSTIM_VS_ANTI_IGM_STIM_TAK1_KO_BCELL_6H_UP","60/4231","200/21355",0.00036362722569201,0.000602246577995878,0.000119467358224124
"GSE41978_WT_VS_ID2_KO_AND_BIM_KO_KLRG1_LOW_EFFECTOR_CD8_TCELL_DN","GSE41978_WT_VS_ID2_KO_AND_BIM_KO_KLRG1_LOW_EFFECTOR_CD8_TCELL_DN","60/4231","200/21355",0.00036362722569201,0.000602246577995878,0.000119467358224124
"GSE43955_10H_VS_60H_ACT_CD4_TCELL_DN","GSE43955_10H_VS_60H_ACT_CD4_TCELL_DN","60/4231","200/21355",0.00036362722569201,0.000602246577995878,0.000119467358224124
"GSE43955_1H_VS_10H_ACT_CD4_TCELL_WITH_TGFB_IL6_DN","GSE43955_1H_VS_10H_ACT_CD4_TCELL_WITH_TGFB_IL6_DN","60/4231","200/21355",0.00036362722569201,0.000602246577995878,0.000119467358224124
"GSE43955_TGFB_IL6_VS_TGFB_IL6_IL23_TH17_ACT_CD4_TCELL_60H_UP","GSE43955_TGFB_IL6_VS_TGFB_IL6_IL23_TH17_ACT_CD4_TCELL_60H_UP","60/4231","200/21355",0.00036362722569201,0.000602246577995878,0.000119467358224124
"GSE44649_WT_VS_MIR155_KO_NAIVE_CD8_TCELL_DN","GSE44649_WT_VS_MIR155_KO_NAIVE_CD8_TCELL_DN","60/4231","200/21355",0.00036362722569201,0.000602246577995878,0.000119467358224124
"GSE5589_IL6_KO_VS_IL10_KO_LPS_AND_IL10_STIM_MACROPHAGE_45MIN_UP","GSE5589_IL6_KO_VS_IL10_KO_LPS_AND_IL10_STIM_MACROPHAGE_45MIN_UP","60/4231","200/21355",0.00036362722569201,0.000602246577995878,0.000119467358224124
"GSE5589_LPS_AND_IL10_VS_LPS_AND_IL6_STIM_IL10_KO_MACROPHAGE_45MIN_UP","GSE5589_LPS_AND_IL10_VS_LPS_AND_IL6_STIM_IL10_KO_MACROPHAGE_45MIN_UP","60/4231","200/21355",0.00036362722569201,0.000602246577995878,0.000119467358224124
"GSE7460_TCONV_VS_TREG_THYMUS_UP","GSE7460_TCONV_VS_TREG_THYMUS_UP","60/4231","200/21355",0.00036362722569201,0.000602246577995878,0.000119467358224124
"GSE7764_IL15_TREATED_VS_CTRL_NK_CELL_24H_DN","GSE7764_IL15_TREATED_VS_CTRL_NK_CELL_24H_DN","60/4231","200/21355",0.00036362722569201,0.000602246577995878,0.000119467358224124
"GSE7852_THYMUS_VS_FAT_TCONV_UP","GSE7852_THYMUS_VS_FAT_TCONV_UP","60/4231","200/21355",0.00036362722569201,0.000602246577995878,0.000119467358224124
"GSE8921_UNSTIM_VS_TLR1_2_STIM_MONOCYTE_12H_UP","GSE8921_UNSTIM_VS_TLR1_2_STIM_MONOCYTE_12H_UP","60/4231","200/21355",0.00036362722569201,0.000602246577995878,0.000119467358224124
"KAECH_DAY15_EFF_VS_MEMORY_CD8_TCELL_DN","KAECH_DAY15_EFF_VS_MEMORY_CD8_TCELL_DN","60/4231","200/21355",0.00036362722569201,0.000602246577995878,0.000119467358224124
"GSE16385_UNTREATED_VS_12H_IFNG_TNF_TREATED_MACROPHAGE_DN","GSE16385_UNTREATED_VS_12H_IFNG_TNF_TREATED_MACROPHAGE_DN","59/4231","196/21355",0.000367543006331859,0.000607946257004552,0.0001205980007529
"GSE22886_UNSTIM_VS_IL2_STIM_NKCELL_UP","GSE22886_UNSTIM_VS_IL2_STIM_NKCELL_UP","59/4231","196/21355",0.000367543006331859,0.000607946257004552,0.0001205980007529
"GSE43863_NAIVE_VS_LY6C_LOW_CXCR5NEG_CD4_EFF_TCELL_D6_LCMV_DN","GSE43863_NAIVE_VS_LY6C_LOW_CXCR5NEG_CD4_EFF_TCELL_D6_LCMV_DN","59/4231","196/21355",0.000367543006331859,0.000607946257004552,0.0001205980007529
"GSE9960_HEALTHY_VS_GRAM_POS_SEPSIS_PBMC_DN","GSE9960_HEALTHY_VS_GRAM_POS_SEPSIS_PBMC_DN","59/4231","196/21355",0.000367543006331859,0.000607946257004552,0.0001205980007529
"GSE27291_0H_VS_7D_STIM_GAMMADELTA_TCELL_UP","GSE27291_0H_VS_7D_STIM_GAMMADELTA_TCELL_UP","57/4231","188/21355",0.000374333856931021,0.000618979145364004,0.000122786589404199
"GSE38696_LIGHT_ZONE_VS_DARK_ZONE_BCELL_UP","GSE38696_LIGHT_ZONE_VS_DARK_ZONE_BCELL_UP","56/4231","184/21355",0.000377139421946512,0.000623417180553958,0.000123666960267598
"GSE25677_MPL_VS_MPL_AND_R848_STIM_BCELL_UP","GSE25677_MPL_VS_MPL_AND_R848_STIM_BCELL_UP","50/4231","160/21355",0.000383267378812458,0.000633342547966687,0.000125635850532029
"GSE12003_MIR223_KO_VS_WT_BM_PROGENITOR_8D_CULTURE_UP","GSE12003_MIR223_KO_VS_WT_BM_PROGENITOR_8D_CULTURE_UP","41/4231","125/21355",0.000413200677343591,0.000682586745750321,0.000135404397887921
"GSE17974_1H_VS_72H_UNTREATED_IN_VITRO_CD4_TCELL_UP","GSE17974_1H_VS_72H_UNTREATED_IN_VITRO_CD4_TCELL_UP","59/4231","197/21355",0.000424820078713264,0.000699976767433042,0.000138854047957845
"GSE18804_SPLEEN_MACROPHAGE_VS_BRAIN_TUMORAL_MACROPHAGE_DN","GSE18804_SPLEEN_MACROPHAGE_VS_BRAIN_TUMORAL_MACROPHAGE_DN","59/4231","197/21355",0.000424820078713264,0.000699976767433042,0.000138854047957845
"GSE20500_CTRL_VS_RETINOIC_ACID_TREATED_CD4_TCELL_DN","GSE20500_CTRL_VS_RETINOIC_ACID_TREATED_CD4_TCELL_DN","59/4231","197/21355",0.000424820078713264,0.000699976767433042,0.000138854047957845
"GSE21670_STAT3_KO_VS_WT_CD4_TCELL_UP","GSE21670_STAT3_KO_VS_WT_CD4_TCELL_UP","59/4231","197/21355",0.000424820078713264,0.000699976767433042,0.000138854047957845
"GSE2770_TGFB_AND_IL4_ACT_VS_ACT_CD4_TCELL_6H_DN","GSE2770_TGFB_AND_IL4_ACT_VS_ACT_CD4_TCELL_6H_DN","59/4231","197/21355",0.000424820078713264,0.000699976767433042,0.000138854047957845
"GSE36476_YOUNG_VS_OLD_DONOR_MEMORY_CD4_TCELL_40H_TSST_ACT_DN","GSE36476_YOUNG_VS_OLD_DONOR_MEMORY_CD4_TCELL_40H_TSST_ACT_DN","59/4231","197/21355",0.000424820078713264,0.000699976767433042,0.000138854047957845
"GSE3982_DC_VS_NKCELL_DN","GSE3982_DC_VS_NKCELL_DN","59/4231","197/21355",0.000424820078713264,0.000699976767433042,0.000138854047957845
"GSE45365_HEALTHY_VS_MCMV_INFECTION_CD8A_DC_IFNAR_KO_UP","GSE45365_HEALTHY_VS_MCMV_INFECTION_CD8A_DC_IFNAR_KO_UP","59/4231","197/21355",0.000424820078713264,0.000699976767433042,0.000138854047957845
"GSE6259_33D1_POS_VS_DEC205_POS_SPLENIC_DC_UP","GSE6259_33D1_POS_VS_DEC205_POS_SPLENIC_DC_UP","58/4231","193/21355",0.000429619187245749,0.000707656797500549,0.000140377531754632
"GSE17974_CTRL_VS_ACT_IL4_AND_ANTI_IL12_48H_CD4_TCELL_UP","GSE17974_CTRL_VS_ACT_IL4_AND_ANTI_IL12_48H_CD4_TCELL_UP","57/4231","189/21355",0.000434032444131013,0.000714696533445414,0.000141774000720428
"GSE13173_UNTREATED_VS_IL12_TREATED_ACT_CD8_TCELL_DN","GSE13173_UNTREATED_VS_IL12_TREATED_ACT_CD8_TCELL_DN","45/4231","141/21355",0.000440067257823474,0.000724401015929071,0.000143699074149841
"OCONNOR_PBMC_MENVEO_ACWYVAX_AGE_30_70YO_7DY_AFTER_SECOND_DOSE_VS_7DY_AFTER_FIRST_DOSE_UP","OCONNOR_PBMC_MENVEO_ACWYVAX_AGE_30_70YO_7DY_AFTER_SECOND_DOSE_VS_7DY_AFTER_FIRST_DOSE_UP","46/4231","145/21355",0.000444019211087384,0.000730671741904953,0.000144942994985355
"GSE4984_UNTREATED_VS_VEHICLE_CTRL_TREATED_DC_DN","GSE4984_UNTREATED_VS_VEHICLE_CTRL_TREATED_DC_DN","53/4231","173/21355",0.000446982772855246,0.000735312481917841,0.000145863576305036
"GSE37532_VISCERAL_ADIPOSE_TISSUE_VS_LN_DERIVED_TREG_CD4_TCELL_UP","GSE37532_VISCERAL_ADIPOSE_TISSUE_VS_LN_DERIVED_TREG_CD4_TCELL_UP","52/4231","169/21355",0.000448814842321409,0.000737852752321854,0.000146367488498863
"GSE4984_GALECTIN1_VS_LPS_STIM_DC_DN","GSE4984_GALECTIN1_VS_LPS_STIM_DC_DN","52/4231","169/21355",0.000448814842321409,0.000737852752321854,0.000146367488498863
"SCHERER_PBMC_APSV_WETVAX_AGE_18_40YO_JOINT_TO_VACCINIA_AND_YELLOW_FEVER_UP","SCHERER_PBMC_APSV_WETVAX_AGE_18_40YO_JOINT_TO_VACCINIA_AND_YELLOW_FEVER_UP","22/4231","55/21355",0.000453821386137725,0.000745605264532685,0.000147905350542862
"SCHERER_PBMC_YF_VAX_AGE_18_40YO_JOINT_TO_VACCINIA_AND_YELLOW_FEVER_UP","SCHERER_PBMC_YF_VAX_AGE_18_40YO_JOINT_TO_VACCINIA_AND_YELLOW_FEVER_UP","22/4231","55/21355",0.000453821386137725,0.000745605264532685,0.000147905350542862
"GSE12392_WT_VS_IFNAR_KO_CD8A_NEG_SPLEEN_DC_DN","GSE12392_WT_VS_IFNAR_KO_CD8A_NEG_SPLEEN_DC_DN","59/4231","198/21355",0.000489990232302363,0.000802200552788858,0.00015913213010946
"GSE12845_IGD_NEG_BLOOD_VS_NAIVE_TONSIL_BCELL_UP","GSE12845_IGD_NEG_BLOOD_VS_NAIVE_TONSIL_BCELL_UP","59/4231","198/21355",0.000489990232302363,0.000802200552788858,0.00015913213010946
"GSE16385_MONOCYTE_VS_12H_ROSIGLITAZONE_IFNG_TNF_TREATED_MACROPHAGE_UP","GSE16385_MONOCYTE_VS_12H_ROSIGLITAZONE_IFNG_TNF_TREATED_MACROPHAGE_UP","59/4231","198/21355",0.000489990232302363,0.000802200552788858,0.00015913213010946
"GSE20727_CTRL_VS_ROS_INHIBITOR_TREATED_DC_UP","GSE20727_CTRL_VS_ROS_INHIBITOR_TREATED_DC_UP","59/4231","198/21355",0.000489990232302363,0.000802200552788858,0.00015913213010946
"GSE21360_PRIMARY_VS_QUATERNARY_MEMORY_CD8_TCELL_DN","GSE21360_PRIMARY_VS_QUATERNARY_MEMORY_CD8_TCELL_DN","59/4231","198/21355",0.000489990232302363,0.000802200552788858,0.00015913213010946
"GSE22025_UNTREATED_VS_TGFB1_TREATED_CD4_TCELL_DN","GSE22025_UNTREATED_VS_TGFB1_TREATED_CD4_TCELL_DN","59/4231","198/21355",0.000489990232302363,0.000802200552788858,0.00015913213010946
"GSE24574_BCL6_HIGH_TFH_VS_TCONV_CD4_TCELL_DN","GSE24574_BCL6_HIGH_TFH_VS_TCONV_CD4_TCELL_DN","59/4231","198/21355",0.000489990232302363,0.000802200552788858,0.00015913213010946
"GSE29618_PRE_VS_DAY7_FLU_VACCINE_MDC_DN","GSE29618_PRE_VS_DAY7_FLU_VACCINE_MDC_DN","59/4231","198/21355",0.000489990232302363,0.000802200552788858,0.00015913213010946
"GSE360_CTRL_VS_B_MALAYI_HIGH_DOSE_DC_DN","GSE360_CTRL_VS_B_MALAYI_HIGH_DOSE_DC_DN","59/4231","198/21355",0.000489990232302363,0.000802200552788858,0.00015913213010946
"GSE40274_XBP1_VS_FOXP3_AND_XBP1_TRANSDUCED_ACTIVATED_CD4_TCELL_DN","GSE40274_XBP1_VS_FOXP3_AND_XBP1_TRANSDUCED_ACTIVATED_CD4_TCELL_DN","59/4231","198/21355",0.000489990232302363,0.000802200552788858,0.00015913213010946
"GSE8621_LPS_PRIMED_UNSTIM_VS_LPS_PRIMED_AND_LPS_STIM_MACROPHAGE_UP","GSE8621_LPS_PRIMED_UNSTIM_VS_LPS_PRIMED_AND_LPS_STIM_MACROPHAGE_UP","59/4231","198/21355",0.000489990232302363,0.000802200552788858,0.00015913213010946
"GSE17974_IL4_AND_ANTI_IL12_VS_UNTREATED_12H_ACT_CD4_TCELL_UP","GSE17974_IL4_AND_ANTI_IL12_VS_UNTREATED_12H_ACT_CD4_TCELL_UP","58/4231","194/21355",0.000496262367151923,0.000811691414811984,0.000161014827752916
"GSE19772_CTRL_VS_HCMV_INF_MONOCYTES_AND_PI3K_INHIBITION_UP","GSE19772_CTRL_VS_HCMV_INF_MONOCYTES_AND_PI3K_INHIBITION_UP","58/4231","194/21355",0.000496262367151923,0.000811691414811984,0.000161014827752916
"GSE26928_NAIVE_VS_CXCR5_POS_CD4_TCELL_DN","GSE26928_NAIVE_VS_CXCR5_POS_CD4_TCELL_DN","58/4231","194/21355",0.000496262367151923,0.000811691414811984,0.000161014827752916
"GSE21927_SPLENIC_C26GM_TUMOROUS_VS_BONE_MARROW_MONOCYTES_DN","GSE21927_SPLENIC_C26GM_TUMOROUS_VS_BONE_MARROW_MONOCYTES_DN","57/4231","190/21355",0.000502137589498127,0.000821039005986412,0.000162869104828403
"GSE37532_VISCERAL_ADIPOSE_TISSUE_VS_LN_DERIVED_PPARG_KO_TREG_CD4_TCELL_DN","GSE37532_VISCERAL_ADIPOSE_TISSUE_VS_LN_DERIVED_PPARG_KO_TREG_CD4_TCELL_DN","44/4231","138/21355",0.000517889811695707,0.000846525247051083,0.000167924797965243
"GSE37605_TREG_VS_TCONV_NOD_FOXP3_FUSION_GFP_DN","GSE37605_TREG_VS_TCONV_NOD_FOXP3_FUSION_GFP_DN","52/4231","170/21355",0.000523860460944192,0.000856011706343617,0.000169806622241192
"GSE6674_UNSTIM_VS_PL2_3_STIM_BCELL_UP","GSE6674_UNSTIM_VS_PL2_3_STIM_BCELL_UP","47/4231","150/21355",0.000527630186576496,0.000861896856721198,0.000170974056634429
"GSE10325_LUPUS_CD4_TCELL_VS_LUPUS_BCELL_UP","GSE10325_LUPUS_CD4_TCELL_VS_LUPUS_BCELL_UP","59/4231","199/21355",0.000563984378658762,0.000914578906992982,0.000181424569101838
"GSE11057_CD4_EFF_MEM_VS_PBMC_UP","GSE11057_CD4_EFF_MEM_VS_PBMC_UP","59/4231","199/21355",0.000563984378658762,0.000914578906992982,0.000181424569101838
"GSE12845_IGD_POS_BLOOD_VS_PRE_GC_TONSIL_BCELL_UP","GSE12845_IGD_POS_BLOOD_VS_PRE_GC_TONSIL_BCELL_UP","59/4231","199/21355",0.000563984378658762,0.000914578906992982,0.000181424569101838
"GSE13306_LAMINA_PROPRIA_VS_SPLEEN_TREG_UP","GSE13306_LAMINA_PROPRIA_VS_SPLEEN_TREG_UP","59/4231","199/21355",0.000563984378658762,0.000914578906992982,0.000181424569101838
"GSE14308_TH1_VS_NATURAL_TREG_DN","GSE14308_TH1_VS_NATURAL_TREG_DN","59/4231","199/21355",0.000563984378658762,0.000914578906992982,0.000181424569101838
"GSE17721_0.5H_VS_12H_LPS_BMDC_DN","GSE17721_0.5H_VS_12H_LPS_BMDC_DN","59/4231","199/21355",0.000563984378658762,0.000914578906992982,0.000181424569101838
"GSE17721_0.5H_VS_24H_POLYIC_BMDC_DN","GSE17721_0.5H_VS_24H_POLYIC_BMDC_DN","59/4231","199/21355",0.000563984378658762,0.000914578906992982,0.000181424569101838
"GSE17721_CTRL_VS_LPS_6H_BMDC_DN","GSE17721_CTRL_VS_LPS_6H_BMDC_DN","59/4231","199/21355",0.000563984378658762,0.000914578906992982,0.000181424569101838
"GSE17721_LPS_VS_PAM3CSK4_6H_BMDC_UP","GSE17721_LPS_VS_PAM3CSK4_6H_BMDC_UP","59/4231","199/21355",0.000563984378658762,0.000914578906992982,0.000181424569101838
"GSE18791_CTRL_VS_NEWCASTLE_VIRUS_DC_6H_UP","GSE18791_CTRL_VS_NEWCASTLE_VIRUS_DC_6H_UP","59/4231","199/21355",0.000563984378658762,0.000914578906992982,0.000181424569101838
"GSE19888_CTRL_VS_A3R_ACTIVATION_MAST_CELL_UP","GSE19888_CTRL_VS_A3R_ACTIVATION_MAST_CELL_UP","59/4231","199/21355",0.000563984378658762,0.000914578906992982,0.000181424569101838
"GSE21379_TFH_VS_NON_TFH_CD4_TCELL_UP","GSE21379_TFH_VS_NON_TFH_CD4_TCELL_UP","59/4231","199/21355",0.000563984378658762,0.000914578906992982,0.000181424569101838
"GSE21546_UNSTIM_VS_ANTI_CD3_STIM_DP_THYMOCYTES_UP","GSE21546_UNSTIM_VS_ANTI_CD3_STIM_DP_THYMOCYTES_UP","59/4231","199/21355",0.000563984378658762,0.000914578906992982,0.000181424569101838
"GSE24142_DN2_VS_DN3_THYMOCYTE_ADULT_DN","GSE24142_DN2_VS_DN3_THYMOCYTE_ADULT_DN","59/4231","199/21355",0.000563984378658762,0.000914578906992982,0.000181424569101838
"GSE26351_UNSTIM_VS_BMP_PATHWAY_STIM_HEMATOPOIETIC_PROGENITORS_DN","GSE26351_UNSTIM_VS_BMP_PATHWAY_STIM_HEMATOPOIETIC_PROGENITORS_DN","59/4231","199/21355",0.000563984378658762,0.000914578906992982,0.000181424569101838
"GSE27786_LIN_NEG_VS_ERYTHROBLAST_DN","GSE27786_LIN_NEG_VS_ERYTHROBLAST_DN","59/4231","199/21355",0.000563984378658762,0.000914578906992982,0.000181424569101838
"GSE28783_ANTI_MIR33_VS_UNTREATED_ATHEROSCLEROSIS_MACROPHAGE_DN","GSE28783_ANTI_MIR33_VS_UNTREATED_ATHEROSCLEROSIS_MACROPHAGE_DN","59/4231","199/21355",0.000563984378658762,0.000914578906992982,0.000181424569101838
"GSE29618_PDC_VS_MDC_DAY7_FLU_VACCINE_UP","GSE29618_PDC_VS_MDC_DAY7_FLU_VACCINE_UP","59/4231","199/21355",0.000563984378658762,0.000914578906992982,0.000181424569101838
"GSE36888_UNTREATED_VS_IL2_TREATED_STAT5_AB_KNOCKIN_TCELL_17H_DN","GSE36888_UNTREATED_VS_IL2_TREATED_STAT5_AB_KNOCKIN_TCELL_17H_DN","59/4231","199/21355",0.000563984378658762,0.000914578906992982,0.000181424569101838
"GSE4142_NAIVE_BCELL_VS_PLASMA_CELL_UP","GSE4142_NAIVE_BCELL_VS_PLASMA_CELL_UP","59/4231","199/21355",0.000563984378658762,0.000914578906992982,0.000181424569101838
"GSE43955_1H_VS_60H_ACT_CD4_TCELL_DN","GSE43955_1H_VS_60H_ACT_CD4_TCELL_DN","59/4231","199/21355",0.000563984378658762,0.000914578906992982,0.000181424569101838
"GSE5455_HEALTHY_VS_TUMOR_BEARING_MOUSE_SPLEEN_MONOCYTE_DN","GSE5455_HEALTHY_VS_TUMOR_BEARING_MOUSE_SPLEEN_MONOCYTE_DN","59/4231","199/21355",0.000563984378658762,0.000914578906992982,0.000181424569101838
"GSE5542_UNTREATED_VS_IFNA_AND_IFNG_TREATED_EPITHELIAL_CELLS_24H_UP","GSE5542_UNTREATED_VS_IFNA_AND_IFNG_TREATED_EPITHELIAL_CELLS_24H_UP","59/4231","199/21355",0.000563984378658762,0.000914578906992982,0.000181424569101838
"GSE1460_DP_THYMOCYTE_VS_THYMIC_STROMAL_CELL_UP","GSE1460_DP_THYMOCYTE_VS_THYMIC_STROMAL_CELL_UP","58/4231","195/21355",0.000572022885833591,0.000927027920576347,0.000183894073819075
"GSE25088_CTRL_VS_IL4_AND_ROSIGLITAZONE_STIM_MACROPHAGE_UP","GSE25088_CTRL_VS_IL4_AND_ROSIGLITAZONE_STIM_MACROPHAGE_UP","58/4231","195/21355",0.000572022885833591,0.000927027920576347,0.000183894073819075
"GSE13547_CTRL_VS_ANTI_IGM_STIM_BCELL_12H_DN","GSE13547_CTRL_VS_ANTI_IGM_STIM_BCELL_12H_DN","54/4231","179/21355",0.000599637533743664,0.000971473450685848,0.000192710711822603
"GSE13887_RESTING_VS_ACT_CD4_TCELL_DN","GSE13887_RESTING_VS_ACT_CD4_TCELL_DN","42/4231","131/21355",0.000603160640968041,0.000976872494661035,0.000193781717527273
"GSE6092_IFNG_VS_IFNG_AND_B_BURGDORFERI_INF_ENDOTHELIAL_CELL_DN","GSE6092_IFNG_VS_IFNG_AND_B_BURGDORFERI_INF_ENDOTHELIAL_CELL_DN","53/4231","175/21355",0.000605124681027464,0.000979743877115218,0.000194351312256053
"GSE15624_CTRL_VS_3H_HALOFUGINONE_TREATED_CD4_TCELL_DN","GSE15624_CTRL_VS_3H_HALOFUGINONE_TREATED_CD4_TCELL_DN","52/4231","171/21355",0.000609920394879861,0.000987196698501474,0.000195829724778205
"GSE10240_CTRL_VS_IL22_STIM_PRIMARY_BRONCHIAL_EPITHELIAL_CELLS_DN","GSE10240_CTRL_VS_IL22_STIM_PRIMARY_BRONCHIAL_EPITHELIAL_CELLS_DN","59/4231","200/21355",0.000647821768907268,0.00102936589814589,0.000204194808224107
"GSE10240_IL22_VS_IL22_AND_IL17_STIM_PRIMARY_BRONCHIAL_EPITHELIAL_CELLS_DN","GSE10240_IL22_VS_IL22_AND_IL17_STIM_PRIMARY_BRONCHIAL_EPITHELIAL_CELLS_DN","59/4231","200/21355",0.000647821768907268,0.00102936589814589,0.000204194808224107
"GSE11961_FOLLICULAR_BCELL_VS_GERMINAL_CENTER_BCELL_DAY7_UP","GSE11961_FOLLICULAR_BCELL_VS_GERMINAL_CENTER_BCELL_DAY7_UP","59/4231","200/21355",0.000647821768907268,0.00102936589814589,0.000204194808224107
"GSE11961_MEMORY_BCELL_DAY7_VS_PLASMA_CELL_DAY7_DN","GSE11961_MEMORY_BCELL_DAY7_VS_PLASMA_CELL_DAY7_DN","59/4231","200/21355",0.000647821768907268,0.00102936589814589,0.000204194808224107
"GSE12198_NK_VS_NK_ACT_EXPANSION_SYSTEM_DERIVED_NK_CELL_DN","GSE12198_NK_VS_NK_ACT_EXPANSION_SYSTEM_DERIVED_NK_CELL_DN","59/4231","200/21355",0.000647821768907268,0.00102936589814589,0.000204194808224107
"GSE12198_NK_VS_NK_ACT_EXPANSION_SYSTEM_DERIVED_NK_CELL_UP","GSE12198_NK_VS_NK_ACT_EXPANSION_SYSTEM_DERIVED_NK_CELL_UP","59/4231","200/21355",0.000647821768907268,0.00102936589814589,0.000204194808224107
"GSE13229_IMM_VS_INTMATURE_NKCELL_DN","GSE13229_IMM_VS_INTMATURE_NKCELL_DN","59/4231","200/21355",0.000647821768907268,0.00102936589814589,0.000204194808224107
"GSE14308_TH1_VS_INDUCED_TREG_DN","GSE14308_TH1_VS_INDUCED_TREG_DN","59/4231","200/21355",0.000647821768907268,0.00102936589814589,0.000204194808224107
"GSE14308_TH1_VS_TH17_DN","GSE14308_TH1_VS_TH17_DN","59/4231","200/21355",0.000647821768907268,0.00102936589814589,0.000204194808224107
"GSE14308_TH17_VS_INDUCED_TREG_UP","GSE14308_TH17_VS_INDUCED_TREG_UP","59/4231","200/21355",0.000647821768907268,0.00102936589814589,0.000204194808224107
"GSE1460_INTRATHYMIC_T_PROGENITOR_VS_THYMIC_STROMAL_CELL_DN","GSE1460_INTRATHYMIC_T_PROGENITOR_VS_THYMIC_STROMAL_CELL_DN","59/4231","200/21355",0.000647821768907268,0.00102936589814589,0.000204194808224107
"GSE15330_HSC_VS_LYMPHOID_PRIMED_MULTIPOTENT_PROGENITOR_UP","GSE15330_HSC_VS_LYMPHOID_PRIMED_MULTIPOTENT_PROGENITOR_UP","59/4231","200/21355",0.000647821768907268,0.00102936589814589,0.000204194808224107
"GSE15330_LYMPHOID_MULTIPOTENT_VS_MEGAKARYOCYTE_ERYTHROID_PROGENITOR_UP","GSE15330_LYMPHOID_MULTIPOTENT_VS_MEGAKARYOCYTE_ERYTHROID_PROGENITOR_UP","59/4231","200/21355",0.000647821768907268,0.00102936589814589,0.000204194808224107
"GSE16385_MONOCYTE_VS_12H_IFNG_TNF_TREATED_MACROPHAGE_UP","GSE16385_MONOCYTE_VS_12H_IFNG_TNF_TREATED_MACROPHAGE_UP","59/4231","200/21355",0.000647821768907268,0.00102936589814589,0.000204194808224107
"GSE16385_MONOCYTE_VS_12H_ROSIGLITAZONE_TREATED_MACROPHAGE_DN","GSE16385_MONOCYTE_VS_12H_ROSIGLITAZONE_TREATED_MACROPHAGE_DN","59/4231","200/21355",0.000647821768907268,0.00102936589814589,0.000204194808224107
"GSE17721_0.5H_VS_4H_GARDIQUIMOD_BMDC_DN","GSE17721_0.5H_VS_4H_GARDIQUIMOD_BMDC_DN","59/4231","200/21355",0.000647821768907268,0.00102936589814589,0.000204194808224107
"GSE17721_0.5H_VS_4H_PAM3CSK4_BMDC_DN","GSE17721_0.5H_VS_4H_PAM3CSK4_BMDC_DN","59/4231","200/21355",0.000647821768907268,0.00102936589814589,0.000204194808224107
"GSE17721_0.5H_VS_8H_POLYIC_BMDC_UP","GSE17721_0.5H_VS_8H_POLYIC_BMDC_UP","59/4231","200/21355",0.000647821768907268,0.00102936589814589,0.000204194808224107
"GSE17721_12H_VS_24H_LPS_BMDC_DN","GSE17721_12H_VS_24H_LPS_BMDC_DN","59/4231","200/21355",0.000647821768907268,0.00102936589814589,0.000204194808224107
"GSE17721_CPG_VS_GARDIQUIMOD_2H_BMDC_DN","GSE17721_CPG_VS_GARDIQUIMOD_2H_BMDC_DN","59/4231","200/21355",0.000647821768907268,0.00102936589814589,0.000204194808224107
"GSE17721_PAM3CSK4_VS_GADIQUIMOD_0.5H_BMDC_DN","GSE17721_PAM3CSK4_VS_GADIQUIMOD_0.5H_BMDC_DN","59/4231","200/21355",0.000647821768907268,0.00102936589814589,0.000204194808224107
"GSE17721_POLYIC_VS_PAM3CSK4_1H_BMDC_DN","GSE17721_POLYIC_VS_PAM3CSK4_1H_BMDC_DN","59/4231","200/21355",0.000647821768907268,0.00102936589814589,0.000204194808224107
"GSE21360_NAIVE_VS_QUATERNARY_MEMORY_CD8_TCELL_UP","GSE21360_NAIVE_VS_QUATERNARY_MEMORY_CD8_TCELL_UP","59/4231","200/21355",0.000647821768907268,0.00102936589814589,0.000204194808224107
"GSE21927_SPLEEN_C57BL6_VS_4T1_TUMOR_BALBC_MONOCYTES_UP","GSE21927_SPLEEN_C57BL6_VS_4T1_TUMOR_BALBC_MONOCYTES_UP","59/4231","200/21355",0.000647821768907268,0.00102936589814589,0.000204194808224107
"GSE22589_HIV_VS_HIV_AND_SIV_INFECTED_DC_DN","GSE22589_HIV_VS_HIV_AND_SIV_INFECTED_DC_DN","59/4231","200/21355",0.000647821768907268,0.00102936589814589,0.000204194808224107
"GSE23505_UNTREATED_VS_4DAY_IL6_IL1_TGFB_TREATED_CD4_TCELL_DN","GSE23505_UNTREATED_VS_4DAY_IL6_IL1_TGFB_TREATED_CD4_TCELL_DN","59/4231","200/21355",0.000647821768907268,0.00102936589814589,0.000204194808224107
"GSE2405_S_AUREUS_VS_A_PHAGOCYTOPHILUM_NEUTROPHIL_UP","GSE2405_S_AUREUS_VS_A_PHAGOCYTOPHILUM_NEUTROPHIL_UP","59/4231","200/21355",0.000647821768907268,0.00102936589814589,0.000204194808224107
"GSE25890_CTRL_VS_IL33_IL7_TREATED_NUOCYTES_DN","GSE25890_CTRL_VS_IL33_IL7_TREATED_NUOCYTES_DN","59/4231","200/21355",0.000647821768907268,0.00102936589814589,0.000204194808224107
"GSE27786_BCELL_VS_MONO_MAC_UP","GSE27786_BCELL_VS_MONO_MAC_UP","59/4231","200/21355",0.000647821768907268,0.00102936589814589,0.000204194808224107
"GSE27786_CD4_TCELL_VS_ERYTHTROBLAST_DN","GSE27786_CD4_TCELL_VS_ERYTHTROBLAST_DN","59/4231","200/21355",0.000647821768907268,0.00102936589814589,0.000204194808224107
"GSE27786_ERYTHROBLAST_VS_MONO_MAC_UP","GSE27786_ERYTHROBLAST_VS_MONO_MAC_UP","59/4231","200/21355",0.000647821768907268,0.00102936589814589,0.000204194808224107
"GSE27786_LSK_VS_NEUTROPHIL_UP","GSE27786_LSK_VS_NEUTROPHIL_UP","59/4231","200/21355",0.000647821768907268,0.00102936589814589,0.000204194808224107
"GSE27786_NKCELL_VS_NEUTROPHIL_UP","GSE27786_NKCELL_VS_NEUTROPHIL_UP","59/4231","200/21355",0.000647821768907268,0.00102936589814589,0.000204194808224107
"GSE29164_DAY3_VS_DAY7_CD8_TCELL_TREATED_MELANOMA_UP","GSE29164_DAY3_VS_DAY7_CD8_TCELL_TREATED_MELANOMA_UP","59/4231","200/21355",0.000647821768907268,0.00102936589814589,0.000204194808224107
"GSE29164_UNTREATED_VS_CD8_TCELL_AND_IL12_TREATED_MELANOMA_DAY7_DN","GSE29164_UNTREATED_VS_CD8_TCELL_AND_IL12_TREATED_MELANOMA_DAY7_DN","59/4231","200/21355",0.000647821768907268,0.00102936589814589,0.000204194808224107
"GSE29618_PRE_VS_DAY7_POST_TIV_FLU_VACCINE_PDC_DN","GSE29618_PRE_VS_DAY7_POST_TIV_FLU_VACCINE_PDC_DN","59/4231","200/21355",0.000647821768907268,0.00102936589814589,0.000204194808224107
"GSE30083_SP2_VS_SP3_THYMOCYTE_DN","GSE30083_SP2_VS_SP3_THYMOCYTE_DN","59/4231","200/21355",0.000647821768907268,0.00102936589814589,0.000204194808224107
"GSE3039_NKT_CELL_VS_ALPHABETA_CD8_TCELL_DN","GSE3039_NKT_CELL_VS_ALPHABETA_CD8_TCELL_DN","59/4231","200/21355",0.000647821768907268,0.00102936589814589,0.000204194808224107
"GSE32423_MEMORY_VS_NAIVE_CD8_TCELL_IL7_IL4_DN","GSE32423_MEMORY_VS_NAIVE_CD8_TCELL_IL7_IL4_DN","59/4231","200/21355",0.000647821768907268,0.00102936589814589,0.000204194808224107
"GSE32423_MEMORY_VS_NAIVE_CD8_TCELL_UP","GSE32423_MEMORY_VS_NAIVE_CD8_TCELL_UP","59/4231","200/21355",0.000647821768907268,0.00102936589814589,0.000204194808224107
"GSE339_CD8POS_VS_CD4CD8DN_DC_DN","GSE339_CD8POS_VS_CD4CD8DN_DC_DN","59/4231","200/21355",0.000647821768907268,0.00102936589814589,0.000204194808224107
"GSE34006_WT_VS_A2AR_KO_TREG_DN","GSE34006_WT_VS_A2AR_KO_TREG_DN","59/4231","200/21355",0.000647821768907268,0.00102936589814589,0.000204194808224107
"GSE360_T_GONDII_VS_M_TUBERCULOSIS_DC_UP","GSE360_T_GONDII_VS_M_TUBERCULOSIS_DC_UP","59/4231","200/21355",0.000647821768907268,0.00102936589814589,0.000204194808224107
"GSE3691_IFN_PRODUCING_KILLER_DC_VS_CONVENTIONAL_DC_SPLEEN_UP","GSE3691_IFN_PRODUCING_KILLER_DC_VS_CONVENTIONAL_DC_SPLEEN_UP","59/4231","200/21355",0.000647821768907268,0.00102936589814589,0.000204194808224107
"GSE40184_HEALTHY_VS_HCV_INFECTED_DONOR_PBMC_DN","GSE40184_HEALTHY_VS_HCV_INFECTED_DONOR_PBMC_DN","59/4231","200/21355",0.000647821768907268,0.00102936589814589,0.000204194808224107
"GSE411_100MIN_VS_400MIN_IL6_STIM_MACROPHAGE_UP","GSE411_100MIN_VS_400MIN_IL6_STIM_MACROPHAGE_UP","59/4231","200/21355",0.000647821768907268,0.00102936589814589,0.000204194808224107
"GSE411_WT_VS_SOCS3_KO_MACROPHAGE_IL6_STIM_400MIN_DN","GSE411_WT_VS_SOCS3_KO_MACROPHAGE_IL6_STIM_400MIN_DN","59/4231","200/21355",0.000647821768907268,0.00102936589814589,0.000204194808224107
"GSE41176_WT_VS_TAK1_KO_ANTI_IGM_STIM_BCELL_6H_UP","GSE41176_WT_VS_TAK1_KO_ANTI_IGM_STIM_BCELL_6H_UP","59/4231","200/21355",0.000647821768907268,0.00102936589814589,0.000204194808224107
"GSE43955_10H_VS_30H_ACT_CD4_TCELL_UP","GSE43955_10H_VS_30H_ACT_CD4_TCELL_UP","59/4231","200/21355",0.000647821768907268,0.00102936589814589,0.000204194808224107
"GSE43955_TH0_VS_TGFB_IL6_TH17_ACT_CD4_TCELL_1H_DN","GSE43955_TH0_VS_TGFB_IL6_TH17_ACT_CD4_TCELL_1H_DN","59/4231","200/21355",0.000647821768907268,0.00102936589814589,0.000204194808224107
"GSE5589_WT_VS_IL6_KO_LPS_STIM_MACROPHAGE_45MIN_DN","GSE5589_WT_VS_IL6_KO_LPS_STIM_MACROPHAGE_45MIN_DN","59/4231","200/21355",0.000647821768907268,0.00102936589814589,0.000204194808224107
"GSE7460_TREG_VS_TCONV_ACT_WITH_TGFB_DN","GSE7460_TREG_VS_TCONV_ACT_WITH_TGFB_DN","59/4231","200/21355",0.000647821768907268,0.00102936589814589,0.000204194808224107
"GSE7831_UNSTIM_VS_INFLUENZA_STIM_PDC_1H_DN","GSE7831_UNSTIM_VS_INFLUENZA_STIM_PDC_1H_DN","59/4231","200/21355",0.000647821768907268,0.00102936589814589,0.000204194808224107
"GSE7852_TREG_VS_TCONV_DN","GSE7852_TREG_VS_TCONV_DN","59/4231","200/21355",0.000647821768907268,0.00102936589814589,0.000204194808224107
"GSE8515_CTRL_VS_IL6_4H_STIM_MAC_UP","GSE8515_CTRL_VS_IL6_4H_STIM_MAC_UP","59/4231","200/21355",0.000647821768907268,0.00102936589814589,0.000204194808224107
"GSE8685_IL2_ACT_IL2_STARVED_VS_IL15_ACT_IL2_STARVED_CD4_TCELL_DN","GSE8685_IL2_ACT_IL2_STARVED_VS_IL15_ACT_IL2_STARVED_CD4_TCELL_DN","59/4231","200/21355",0.000647821768907268,0.00102936589814589,0.000204194808224107
"GSE9006_TYPE_1_VS_TYPE_2_DIABETES_PBMC_AT_DX_UP","GSE9006_TYPE_1_VS_TYPE_2_DIABETES_PBMC_AT_DX_UP","59/4231","200/21355",0.000647821768907268,0.00102936589814589,0.000204194808224107
"GSE9037_CTRL_VS_LPS_1H_STIM_IRAK4_KO_BMDM_UP","GSE9037_CTRL_VS_LPS_1H_STIM_IRAK4_KO_BMDM_UP","59/4231","200/21355",0.000647821768907268,0.00102936589814589,0.000204194808224107
"GSE9037_WT_VS_IRAK4_KO_LPS_4H_STIM_BMDM_UP","GSE9037_WT_VS_IRAK4_KO_LPS_4H_STIM_BMDM_UP","59/4231","200/21355",0.000647821768907268,0.00102936589814589,0.000204194808224107
"GSE22611_MUTANT_NOD2_VS_CTRL_TRANSDUCED_HEK293T_CELL_DN","GSE22611_MUTANT_NOD2_VS_CTRL_TRANSDUCED_HEK293T_CELL_DN","58/4231","196/21355",0.00065796370475461,0.00104483331802111,0.000207263072716674
"GSE2770_UNTREATED_VS_ACT_CD4_TCELL_48H_DN","GSE2770_UNTREATED_VS_ACT_CD4_TCELL_48H_DN","58/4231","196/21355",0.00065796370475461,0.00104483331802111,0.000207263072716674
"GSE21927_UNTREATED_VS_GMCSF_GCSF_TREATED_BONE_MARROW_DN","GSE21927_UNTREATED_VS_GMCSF_GCSF_TREATED_BONE_MARROW_DN","57/4231","192/21355",0.000667709418099613,0.00105965277931227,0.000210202801982802
"GSE6259_BCELL_VS_CD4_TCELL_UP","GSE6259_BCELL_VS_CD4_TCELL_UP","57/4231","192/21355",0.000667709418099613,0.00105965277931227,0.000210202801982802
"GSE10422_WT_VS_BAFF_TRANSGENIC_LN_BCELL_UP","GSE10422_WT_VS_BAFF_TRANSGENIC_LN_BCELL_UP","54/4231","180/21355",0.000693981083727577,0.00110100496291785,0.000218405814357895
"GSE7568_IL4_TGFB_DEXAMETHASONE_VS_IL4_TGFB_TREATED_MACROPHAGE_UP","GSE7568_IL4_TGFB_DEXAMETHASONE_VS_IL4_TGFB_TREATED_MACROPHAGE_UP","52/4231","172/21355",0.000708363327122174,0.0011234747570632,0.000222863136399173
"GSE3565_DUSP1_VS_WT_SPLENOCYTES_POST_LPS_INJECTION_UP","GSE3565_DUSP1_VS_WT_SPLENOCYTES_POST_LPS_INJECTION_UP","50/4231","164/21355",0.000719541160005857,0.00114084998026292,0.000226309850901284
"GSE1925_3H_VS_24H_IFNG_STIM_MACROPHAGE_DN","GSE1925_3H_VS_24H_IFNG_STIM_MACROPHAGE_DN","58/4231","197/21355",0.000755246656627982,0.00119487480304785,0.000237026728493382
"GSE22611_NOD2_VS_CTRL_TRANSDUCED_HEK293T_CELL_UP","GSE22611_NOD2_VS_CTRL_TRANSDUCED_HEK293T_CELL_UP","58/4231","197/21355",0.000755246656627982,0.00119487480304785,0.000237026728493382
"GSE24574_BCL6_HIGH_TFH_VS_TCONV_CD4_TCELL_UP","GSE24574_BCL6_HIGH_TFH_VS_TCONV_CD4_TCELL_UP","58/4231","197/21355",0.000755246656627982,0.00119487480304785,0.000237026728493382
"GSE360_L_DONOVANI_VS_T_GONDII_DC_DN","GSE360_L_DONOVANI_VS_T_GONDII_DC_DN","58/4231","197/21355",0.000755246656627982,0.00119487480304785,0.000237026728493382
"GSE42021_TREG_PLN_VS_CD24LO_TREG_THYMUS_DN","GSE42021_TREG_PLN_VS_CD24LO_TREG_THYMUS_DN","58/4231","197/21355",0.000755246656627982,0.00119487480304785,0.000237026728493382
"GSE45365_CD8A_DC_VS_CD11B_DC_DN","GSE45365_CD8A_DC_VS_CD11B_DC_DN","58/4231","197/21355",0.000755246656627982,0.00119487480304785,0.000237026728493382
"GSE7509_DC_VS_MONOCYTE_WITH_FCGRIIB_STIM_DN","GSE7509_DC_VS_MONOCYTE_WITH_FCGRIIB_STIM_DN","58/4231","197/21355",0.000755246656627982,0.00119487480304785,0.000237026728493382
"THAKAR_PBMC_INACTIVATED_INFLUENZA_AGE_21_30YO_NONRESPONDER_28DY_DN","THAKAR_PBMC_INACTIVATED_INFLUENZA_AGE_21_30YO_NONRESPONDER_28DY_DN","24/4231","64/21355",0.000777100155021,0.00122906985332849,0.000243809983841987
"GSE26928_EFF_MEMORY_VS_CXCR5_POS_CD4_TCELL_UP","GSE26928_EFF_MEMORY_VS_CXCR5_POS_CD4_TCELL_UP","56/4231","189/21355",0.000779305140380168,0.00123217709734384,0.000244426366312946
"GSE40493_BCL6_KO_VS_WT_TREG_UP","GSE40493_BCL6_KO_VS_WT_TREG_UP","53/4231","177/21355",0.000811376731998439,0.00128249063466667,0.000254407038028626
"GSE32255_WT_UNSTIM_VS_JMJD2D_KNOCKDOWN_4H_LPS_STIM_DC_DN","GSE32255_WT_UNSTIM_VS_JMJD2D_KNOCKDOWN_4H_LPS_STIM_DC_DN","52/4231","173/21355",0.000820692160360847,0.00129681504747525,0.000257248564770127
"GSE40274_CTRL_VS_FOXP3_AND_LEF1_TRANSDUCED_ACTIVATED_CD4_TCELL_UP","GSE40274_CTRL_VS_FOXP3_AND_LEF1_TRANSDUCED_ACTIVATED_CD4_TCELL_UP","50/4231","165/21355",0.000836739245715623,0.00132176436780841,0.000262197749204863
"GSE4590_PRE_BCELL_VS_VPREB_POS_LARGE_PRE_BCELL_DN","GSE4590_PRE_BCELL_VS_VPREB_POS_LARGE_PRE_BCELL_DN","48/4231","157/21355",0.000848686088152203,0.00134022331727301,0.000265859441954479
"GSE12839_CTRL_VS_IL12_TREATED_PBMC_UP","GSE12839_CTRL_VS_IL12_TREATED_PBMC_UP","46/4231","149/21355",0.000855664567156546,0.00135082740106081,0.000267962968853265
"GSE17721_LPS_VS_CPG_0.5H_BMDC_UP","GSE17721_LPS_VS_CPG_0.5H_BMDC_UP","58/4231","198/21355",0.000865138603848597,0.00136284587686783,0.000270347068003023
"GSE23321_CD8_STEM_CELL_MEMORY_VS_NAIVE_CD8_TCELL_UP","GSE23321_CD8_STEM_CELL_MEMORY_VS_NAIVE_CD8_TCELL_UP","58/4231","198/21355",0.000865138603848597,0.00136284587686783,0.000270347068003023
"GSE24634_IL4_VS_CTRL_TREATED_NAIVE_CD4_TCELL_DAY10_UP","GSE24634_IL4_VS_CTRL_TREATED_NAIVE_CD4_TCELL_DAY10_UP","58/4231","198/21355",0.000865138603848597,0.00136284587686783,0.000270347068003023
"GSE28726_NAIVE_CD4_TCELL_VS_NAIVE_VA24NEG_NKTCELL_DN","GSE28726_NAIVE_CD4_TCELL_VS_NAIVE_VA24NEG_NKTCELL_DN","58/4231","198/21355",0.000865138603848597,0.00136284587686783,0.000270347068003023
"GSE29618_PRE_VS_DAY7_POST_TIV_FLU_VACCINE_MDC_DN","GSE29618_PRE_VS_DAY7_POST_TIV_FLU_VACCINE_MDC_DN","58/4231","198/21355",0.000865138603848597,0.00136284587686783,0.000270347068003023
"GSE37301_COMMON_LYMPHOID_PROGENITOR_VS_RAG2_KO_NK_CELL_DN","GSE37301_COMMON_LYMPHOID_PROGENITOR_VS_RAG2_KO_NK_CELL_DN","58/4231","198/21355",0.000865138603848597,0.00136284587686783,0.000270347068003023
"GSE3982_EOSINOPHIL_VS_BASOPHIL_DN","GSE3982_EOSINOPHIL_VS_BASOPHIL_DN","58/4231","198/21355",0.000865138603848597,0.00136284587686783,0.000270347068003023
"GSE19401_RETINOIC_ACID_VS_RETINOIC_ACID_AND_PAM2CSK4_STIM_FOLLICULAR_DC_UP","GSE19401_RETINOIC_ACID_VS_RETINOIC_ACID_AND_PAM2CSK4_STIM_FOLLICULAR_DC_UP","57/4231","194/21355",0.000880346779184233,0.00138467554160736,0.000274677407888105
"GSE21927_SPLEEN_VS_TUMOR_MONOCYTE_BALBC_DN","GSE21927_SPLEEN_VS_TUMOR_MONOCYTE_BALBC_DN","57/4231","194/21355",0.000880346779184233,0.00138467554160736,0.000274677407888105
"GSE2706_2H_VS_8H_LPS_STIM_DC_DN","GSE2706_2H_VS_8H_LPS_STIM_DC_DN","57/4231","194/21355",0.000880346779184233,0.00138467554160736,0.000274677407888105
"GSE2770_TGFB_AND_IL4_VS_IL4_TREATED_ACT_CD4_TCELL_6H_UP","GSE2770_TGFB_AND_IL4_VS_IL4_TREATED_ACT_CD4_TCELL_6H_UP","57/4231","194/21355",0.000880346779184233,0.00138467554160736,0.000274677407888105
"GSE29618_BCELL_VS_MDC_UP","GSE29618_BCELL_VS_MDC_UP","57/4231","194/21355",0.000880346779184233,0.00138467554160736,0.000274677407888105
"HOFT_CD4_POSITIVE_ALPHA_BETA_MEMORY_T_CELL_BCG_VACCINE_AGE_18_45YO_56D_TOP_100_DEG_AFTER_IN_VITRO_RE_STIMULATION_DN","HOFT_CD4_POSITIVE_ALPHA_BETA_MEMORY_T_CELL_BCG_VACCINE_AGE_18_45YO_56D_TOP_100_DEG_AFTER_IN_VITRO_RE_STIMULATION_DN","19/4231","47/21355",0.000934098218138132,0.0014687691614037,0.000291359017992068
"GSE7348_UNSTIM_VS_TOLERIZED_AND_LPS_STIM_MACROPHAGE_UP","GSE7348_UNSTIM_VS_TOLERIZED_AND_LPS_STIM_MACROPHAGE_UP","49/4231","162/21355",0.000980009358717482,0.00154048695884263,0.000305585642286379
"GSE16266_LPS_VS_HEATSHOCK_AND_LPS_STIM_MEF_UP","GSE16266_LPS_VS_HEATSHOCK_AND_LPS_STIM_MEF_UP","58/4231","199/21355",0.000989017646834487,0.00154375897005895,0.000306234709546162
"GSE17580_UNINFECTED_VS_S_MANSONI_INF_TREG_UP","GSE17580_UNINFECTED_VS_S_MANSONI_INF_TREG_UP","58/4231","199/21355",0.000989017646834487,0.00154375897005895,0.000306234709546162
"GSE17721_CTRL_VS_CPG_12H_BMDC_DN","GSE17721_CTRL_VS_CPG_12H_BMDC_DN","58/4231","199/21355",0.000989017646834487,0.00154375897005895,0.000306234709546162
"GSE17721_CTRL_VS_CPG_24H_BMDC_DN","GSE17721_CTRL_VS_CPG_24H_BMDC_DN","58/4231","199/21355",0.000989017646834487,0.00154375897005895,0.000306234709546162
"GSE17721_POLYIC_VS_CPG_0.5H_BMDC_UP","GSE17721_POLYIC_VS_CPG_0.5H_BMDC_UP","58/4231","199/21355",0.000989017646834487,0.00154375897005895,0.000306234709546162
"GSE20198_IL12_VS_IFNA_TREATED_ACT_CD4_TCELL_UP","GSE20198_IL12_VS_IFNA_TREATED_ACT_CD4_TCELL_UP","58/4231","199/21355",0.000989017646834487,0.00154375897005895,0.000306234709546162
"GSE20198_UNTREATED_VS_IL12_IL18_TREATED_ACT_CD4_TCELL_DN","GSE20198_UNTREATED_VS_IL12_IL18_TREATED_ACT_CD4_TCELL_DN","58/4231","199/21355",0.000989017646834487,0.00154375897005895,0.000306234709546162
"GSE20715_WT_VS_TLR4_KO_LUNG_DN","GSE20715_WT_VS_TLR4_KO_LUNG_DN","58/4231","199/21355",0.000989017646834487,0.00154375897005895,0.000306234709546162
"GSE21063_CTRL_VS_ANTI_IGM_STIM_BCELL_NFATC1_KO_16H_DN","GSE21063_CTRL_VS_ANTI_IGM_STIM_BCELL_NFATC1_KO_16H_DN","58/4231","199/21355",0.000989017646834487,0.00154375897005895,0.000306234709546162
"GSE21546_WT_VS_SAP1A_KO_AND_ELK1_KO_ANTI_CD3_STIM_DP_THYMOCYTES_UP","GSE21546_WT_VS_SAP1A_KO_AND_ELK1_KO_ANTI_CD3_STIM_DP_THYMOCYTES_UP","58/4231","199/21355",0.000989017646834487,0.00154375897005895,0.000306234709546162
"GSE21670_UNTREATED_VS_TGFB_TREATED_CD4_TCELL_DN","GSE21670_UNTREATED_VS_TGFB_TREATED_CD4_TCELL_DN","58/4231","199/21355",0.000989017646834487,0.00154375897005895,0.000306234709546162
"GSE2770_IL4_ACT_VS_ACT_CD4_TCELL_48H_UP","GSE2770_IL4_ACT_VS_ACT_CD4_TCELL_48H_UP","58/4231","199/21355",0.000989017646834487,0.00154375897005895,0.000306234709546162
"GSE2770_TGFB_AND_IL4_VS_IL4_TREATED_ACT_CD4_TCELL_2H_UP","GSE2770_TGFB_AND_IL4_VS_IL4_TREATED_ACT_CD4_TCELL_2H_UP","58/4231","199/21355",0.000989017646834487,0.00154375897005895,0.000306234709546162
"GSE3982_NEUTROPHIL_VS_NKCELL_DN","GSE3982_NEUTROPHIL_VS_NKCELL_DN","58/4231","199/21355",0.000989017646834487,0.00154375897005895,0.000306234709546162
"GSE40274_FOXP3_VS_FOXP3_AND_PBX1_TRANSDUCED_ACTIVATED_CD4_TCELL_DN","GSE40274_FOXP3_VS_FOXP3_AND_PBX1_TRANSDUCED_ACTIVATED_CD4_TCELL_DN","58/4231","199/21355",0.000989017646834487,0.00154375897005895,0.000306234709546162
"GSE41867_NAIVE_VS_DAY30_LCMV_ARMSTRONG_MEMORY_CD8_TCELL_DN","GSE41867_NAIVE_VS_DAY30_LCMV_ARMSTRONG_MEMORY_CD8_TCELL_DN","58/4231","199/21355",0.000989017646834487,0.00154375897005895,0.000306234709546162
"GSE42021_TCONV_PLN_VS_CD24INT_TCONV_THYMUS_UP","GSE42021_TCONV_PLN_VS_CD24INT_TCONV_THYMUS_UP","58/4231","199/21355",0.000989017646834487,0.00154375897005895,0.000306234709546162
"GSE42724_B1_BCELL_VS_PLASMABLAST_UP","GSE42724_B1_BCELL_VS_PLASMABLAST_UP","58/4231","199/21355",0.000989017646834487,0.00154375897005895,0.000306234709546162
"GSE43863_TFH_VS_LY6C_INT_CXCR5POS_EFFECTOR_CD4_TCELL_DN","GSE43863_TFH_VS_LY6C_INT_CXCR5POS_EFFECTOR_CD4_TCELL_DN","58/4231","199/21355",0.000989017646834487,0.00154375897005895,0.000306234709546162
"GSE45881_CXCR6HI_VS_CXCR1LO_COLONIC_LAMINA_PROPRIA_DN","GSE45881_CXCR6HI_VS_CXCR1LO_COLONIC_LAMINA_PROPRIA_DN","58/4231","199/21355",0.000989017646834487,0.00154375897005895,0.000306234709546162
"GSE6259_DEC205_POS_DC_VS_CD4_TCELL_UP","GSE6259_DEC205_POS_DC_VS_CD4_TCELL_UP","58/4231","199/21355",0.000989017646834487,0.00154375897005895,0.000306234709546162
"GSE7548_NAIVE_VS_DAY28_PCC_IMMUNIZATION_CD4_TCELL_UP","GSE7548_NAIVE_VS_DAY28_PCC_IMMUNIZATION_CD4_TCELL_UP","58/4231","199/21355",0.000989017646834487,0.00154375897005895,0.000306234709546162
"GSE8621_UNSTIM_VS_LPS_PRIMED_UNSTIM_MACROPHAGE_UP","GSE8621_UNSTIM_VS_LPS_PRIMED_UNSTIM_MACROPHAGE_UP","58/4231","199/21355",0.000989017646834487,0.00154375897005895,0.000306234709546162
"GSE11057_NAIVE_VS_MEMORY_CD4_TCELL_UP","GSE11057_NAIVE_VS_MEMORY_CD4_TCELL_UP","57/4231","195/21355",0.00100769795252472,0.00157148150430232,0.000311734015063769
"GSE46606_IRF4_KO_VS_WT_CD40L_IL2_IL5_1DAY_STIMULATED_BCELL_DN","GSE46606_IRF4_KO_VS_WT_CD40L_IL2_IL5_1DAY_STIMULATED_BCELL_DN","57/4231","195/21355",0.00100769795252472,0.00157148150430232,0.000311734015063769
"GSE46606_UNSTIM_VS_CD40L_IL2_IL5_3DAY_STIMULATED_IRF4_KO_BCELL_DN","GSE46606_UNSTIM_VS_CD40L_IL2_IL5_3DAY_STIMULATED_IRF4_KO_BCELL_DN","57/4231","195/21355",0.00100769795252472,0.00157148150430232,0.000311734015063769
"GSE29617_CTRL_VS_TIV_FLU_VACCINE_PBMC_2008_UP","GSE29617_CTRL_VS_TIV_FLU_VACCINE_PBMC_2008_UP","56/4231","191/21355",0.00102600046434082,0.00159953722025883,0.00031729941367436
"GSE11864_UNTREATED_VS_CSF1_IFNG_IN_MAC_DN","GSE11864_UNTREATED_VS_CSF1_IFNG_IN_MAC_DN","58/4231","200/21355",0.00112837934345264,0.00173383468661218,0.000343939936190601
"GSE11961_PLASMA_CELL_DAY7_VS_GERMINAL_CENTER_BCELL_DAY40_UP","GSE11961_PLASMA_CELL_DAY7_VS_GERMINAL_CENTER_BCELL_DAY40_UP","58/4231","200/21355",0.00112837934345264,0.00173383468661218,0.000343939936190601
"GSE14308_TH1_VS_NATURAL_TREG_UP","GSE14308_TH1_VS_NATURAL_TREG_UP","58/4231","200/21355",0.00112837934345264,0.00173383468661218,0.000343939936190601
"GSE14308_TH17_VS_NATURAL_TREG_UP","GSE14308_TH17_VS_NATURAL_TREG_UP","58/4231","200/21355",0.00112837934345264,0.00173383468661218,0.000343939936190601
"GSE14699_NAIVE_VS_DELETIONAL_TOLERANCE_CD8_TCELL_DN","GSE14699_NAIVE_VS_DELETIONAL_TOLERANCE_CD8_TCELL_DN","58/4231","200/21355",0.00112837934345264,0.00173383468661218,0.000343939936190601
"GSE16385_MONOCYTE_VS_12H_ROSIGLITAZONE_IL4_TREATED_MACROPHAGE_UP","GSE16385_MONOCYTE_VS_12H_ROSIGLITAZONE_IL4_TREATED_MACROPHAGE_UP","58/4231","200/21355",0.00112837934345264,0.00173383468661218,0.000343939936190601
"GSE16385_MONOCYTE_VS_MACROPHAGE_UP","GSE16385_MONOCYTE_VS_MACROPHAGE_UP","58/4231","200/21355",0.00112837934345264,0.00173383468661218,0.000343939936190601
"GSE17721_0.5H_VS_4H_POLYIC_BMDC_UP","GSE17721_0.5H_VS_4H_POLYIC_BMDC_UP","58/4231","200/21355",0.00112837934345264,0.00173383468661218,0.000343939936190601
"GSE17721_0.5H_VS_8H_PAM3CSK4_BMDC_DN","GSE17721_0.5H_VS_8H_PAM3CSK4_BMDC_DN","58/4231","200/21355",0.00112837934345264,0.00173383468661218,0.000343939936190601
"GSE17721_CPG_VS_GARDIQUIMOD_1H_BMDC_UP","GSE17721_CPG_VS_GARDIQUIMOD_1H_BMDC_UP","58/4231","200/21355",0.00112837934345264,0.00173383468661218,0.000343939936190601
"GSE17721_CTRL_VS_CPG_4H_BMDC_DN","GSE17721_CTRL_VS_CPG_4H_BMDC_DN","58/4231","200/21355",0.00112837934345264,0.00173383468661218,0.000343939936190601
"GSE17721_CTRL_VS_LPS_0.5H_BMDC_UP","GSE17721_CTRL_VS_LPS_0.5H_BMDC_UP","58/4231","200/21355",0.00112837934345264,0.00173383468661218,0.000343939936190601
"GSE17721_CTRL_VS_PAM3CSK4_24H_BMDC_DN","GSE17721_CTRL_VS_PAM3CSK4_24H_BMDC_DN","58/4231","200/21355",0.00112837934345264,0.00173383468661218,0.000343939936190601
"GSE17721_LPS_VS_POLYIC_16H_BMDC_DN","GSE17721_LPS_VS_POLYIC_16H_BMDC_DN","58/4231","200/21355",0.00112837934345264,0.00173383468661218,0.000343939936190601
"GSE17721_PAM3CSK4_VS_GADIQUIMOD_16H_BMDC_UP","GSE17721_PAM3CSK4_VS_GADIQUIMOD_16H_BMDC_UP","58/4231","200/21355",0.00112837934345264,0.00173383468661218,0.000343939936190601
"GSE17721_POLYIC_VS_CPG_1H_BMDC_DN","GSE17721_POLYIC_VS_CPG_1H_BMDC_DN","58/4231","200/21355",0.00112837934345264,0.00173383468661218,0.000343939936190601
"GSE19888_ADENOSINE_A3R_INH_VS_INH_PRETREAT_AND_ACT_WITH_TCELL_MEMBRANES_MAST_CELL_UP","GSE19888_ADENOSINE_A3R_INH_VS_INH_PRETREAT_AND_ACT_WITH_TCELL_MEMBRANES_MAST_CELL_UP","58/4231","200/21355",0.00112837934345264,0.00173383468661218,0.000343939936190601
"GSE21670_TGFB_VS_TGFB_AND_IL6_TREATED_STAT3_KO_CD4_TCELL_UP","GSE21670_TGFB_VS_TGFB_AND_IL6_TREATED_STAT3_KO_CD4_TCELL_UP","58/4231","200/21355",0.00112837934345264,0.00173383468661218,0.000343939936190601
"GSE23925_LIGHT_ZONE_VS_DARK_ZONE_BCELL_DN","GSE23925_LIGHT_ZONE_VS_DARK_ZONE_BCELL_DN","58/4231","200/21355",0.00112837934345264,0.00173383468661218,0.000343939936190601
"GSE2405_0H_VS_1.5H_A_PHAGOCYTOPHILUM_STIM_NEUTROPHIL_UP","GSE2405_0H_VS_1.5H_A_PHAGOCYTOPHILUM_STIM_NEUTROPHIL_UP","58/4231","200/21355",0.00112837934345264,0.00173383468661218,0.000343939936190601
"GSE25123_CTRL_VS_IL4_AND_ROSIGLITAZONE_STIM_PPARG_KO_MACROPHAGE_DN","GSE25123_CTRL_VS_IL4_AND_ROSIGLITAZONE_STIM_PPARG_KO_MACROPHAGE_DN","58/4231","200/21355",0.00112837934345264,0.00173383468661218,0.000343939936190601
"GSE26351_WNT_VS_BMP_PATHWAY_STIM_HEMATOPOIETIC_PROGENITORS_DN","GSE26351_WNT_VS_BMP_PATHWAY_STIM_HEMATOPOIETIC_PROGENITORS_DN","58/4231","200/21355",0.00112837934345264,0.00173383468661218,0.000343939936190601
"GSE26488_WT_VS_VP16_TRANSGENIC_HDAC7_KO_DOUBLE_POSITIVE_THYMOCYTE_UP","GSE26488_WT_VS_VP16_TRANSGENIC_HDAC7_KO_DOUBLE_POSITIVE_THYMOCYTE_UP","58/4231","200/21355",0.00112837934345264,0.00173383468661218,0.000343939936190601
"GSE26890_CXCR1_NEG_VS_POS_EFFECTOR_CD8_TCELL_UP","GSE26890_CXCR1_NEG_VS_POS_EFFECTOR_CD8_TCELL_UP","58/4231","200/21355",0.00112837934345264,0.00173383468661218,0.000343939936190601
"GSE27092_WT_VS_HDAC7_PHOSPHO_DEFICIENT_CD8_TCELL_DN","GSE27092_WT_VS_HDAC7_PHOSPHO_DEFICIENT_CD8_TCELL_DN","58/4231","200/21355",0.00112837934345264,0.00173383468661218,0.000343939936190601
"GSE2770_UNTREATED_VS_IL4_TREATED_ACT_CD4_TCELL_48H_UP","GSE2770_UNTREATED_VS_IL4_TREATED_ACT_CD4_TCELL_48H_UP","58/4231","200/21355",0.00112837934345264,0.00173383468661218,0.000343939936190601
"GSE2770_UNTREATED_VS_TGFB_AND_IL12_TREATED_ACT_CD4_TCELL_48H_DN","GSE2770_UNTREATED_VS_TGFB_AND_IL12_TREATED_ACT_CD4_TCELL_48H_DN","58/4231","200/21355",0.00112837934345264,0.00173383468661218,0.000343939936190601
"GSE27786_BCELL_VS_NKCELL_UP","GSE27786_BCELL_VS_NKCELL_UP","58/4231","200/21355",0.00112837934345264,0.00173383468661218,0.000343939936190601
"GSE32423_CTRL_VS_IL4_MEMORY_CD8_TCELL_DN","GSE32423_CTRL_VS_IL4_MEMORY_CD8_TCELL_DN","58/4231","200/21355",0.00112837934345264,0.00173383468661218,0.000343939936190601
"GSE33425_CD8_ALPHAALPHA_VS_ALPHABETA_CD161_HIGH_TCELL_UP","GSE33425_CD8_ALPHAALPHA_VS_ALPHABETA_CD161_HIGH_TCELL_UP","58/4231","200/21355",0.00112837934345264,0.00173383468661218,0.000343939936190601
"GSE36078_UNTREATED_VS_AD5_INF_IL1R_KO_MOUSE_LUNG_DC_UP","GSE36078_UNTREATED_VS_AD5_INF_IL1R_KO_MOUSE_LUNG_DC_UP","58/4231","200/21355",0.00112837934345264,0.00173383468661218,0.000343939936190601
"GSE37532_WT_VS_PPARG_KO_LN_TCONV_UP","GSE37532_WT_VS_PPARG_KO_LN_TCONV_UP","58/4231","200/21355",0.00112837934345264,0.00173383468661218,0.000343939936190601
"GSE3982_CTRL_VS_LPS_4H_MAC_UP","GSE3982_CTRL_VS_LPS_4H_MAC_UP","58/4231","200/21355",0.00112837934345264,0.00173383468661218,0.000343939936190601
"GSE411_WT_VS_SOCS3_KO_MACROPHAGE_IL6_STIM_100MIN_DN","GSE411_WT_VS_SOCS3_KO_MACROPHAGE_IL6_STIM_100MIN_DN","58/4231","200/21355",0.00112837934345264,0.00173383468661218,0.000343939936190601
"GSE41867_DAY8_VS_DAY15_LCMV_CLONE13_EFFECTOR_CD8_TCELL_DN","GSE41867_DAY8_VS_DAY15_LCMV_CLONE13_EFFECTOR_CD8_TCELL_DN","58/4231","200/21355",0.00112837934345264,0.00173383468661218,0.000343939936190601
"GSE42021_CD24HI_VS_CD24INT_TCONV_THYMUS_UP","GSE42021_CD24HI_VS_CD24INT_TCONV_THYMUS_UP","58/4231","200/21355",0.00112837934345264,0.00173383468661218,0.000343939936190601
"GSE42021_CD24LO_TREG_VS_CD24LO_TCONV_THYMUS_UP","GSE42021_CD24LO_TREG_VS_CD24LO_TCONV_THYMUS_UP","58/4231","200/21355",0.00112837934345264,0.00173383468661218,0.000343939936190601
"GSE42021_TCONV_PLN_VS_CD24LO_TCONV_THYMUS_UP","GSE42021_TCONV_PLN_VS_CD24LO_TCONV_THYMUS_UP","58/4231","200/21355",0.00112837934345264,0.00173383468661218,0.000343939936190601
"GSE43955_TH0_VS_TGFB_IL6_TH17_ACT_CD4_TCELL_60H_DN","GSE43955_TH0_VS_TGFB_IL6_TH17_ACT_CD4_TCELL_60H_DN","58/4231","200/21355",0.00112837934345264,0.00173383468661218,0.000343939936190601
"GSE46606_DAY1_VS_DAY3_CD40L_IL2_IL5_STIMULATED_IRF4_KO_BCELL_DN","GSE46606_DAY1_VS_DAY3_CD40L_IL2_IL5_STIMULATED_IRF4_KO_BCELL_DN","58/4231","200/21355",0.00112837934345264,0.00173383468661218,0.000343939936190601
"GSE5099_MONOCYTE_VS_CLASSICAL_M1_MACROPHAGE_UP","GSE5099_MONOCYTE_VS_CLASSICAL_M1_MACROPHAGE_UP","58/4231","200/21355",0.00112837934345264,0.00173383468661218,0.000343939936190601
"GSE5589_IL6_KO_VS_IL10_KO_LPS_STIM_MACROPHAGE_180MIN_UP","GSE5589_IL6_KO_VS_IL10_KO_LPS_STIM_MACROPHAGE_180MIN_UP","58/4231","200/21355",0.00112837934345264,0.00173383468661218,0.000343939936190601
"GSE5589_LPS_VS_LPS_AND_IL10_STIM_MACROPHAGE_45MIN_DN","GSE5589_LPS_VS_LPS_AND_IL10_STIM_MACROPHAGE_45MIN_DN","58/4231","200/21355",0.00112837934345264,0.00173383468661218,0.000343939936190601
"GSE6092_UNSTIM_VS_IFNG_STIM_AND_B_BURGDORFERI_INF_ENDOTHELIAL_CELL_UP","GSE6092_UNSTIM_VS_IFNG_STIM_AND_B_BURGDORFERI_INF_ENDOTHELIAL_CELL_UP","58/4231","200/21355",0.00112837934345264,0.00173383468661218,0.000343939936190601
"GSE7831_1H_VS_4H_INFLUENZA_STIM_PDC_UP","GSE7831_1H_VS_4H_INFLUENZA_STIM_PDC_UP","58/4231","200/21355",0.00112837934345264,0.00173383468661218,0.000343939936190601
"GSE7831_UNSTIM_VS_INFLUENZA_STIM_PDC_4H_DN","GSE7831_UNSTIM_VS_INFLUENZA_STIM_PDC_4H_DN","58/4231","200/21355",0.00112837934345264,0.00173383468661218,0.000343939936190601
"GSE9601_NFKB_INHIBITOR_VS_PI3K_INHIBITOR_TREATED_HCMV_INF_MONOCYTE_DN","GSE9601_NFKB_INHIBITOR_VS_PI3K_INHIBITOR_TREATED_HCMV_INF_MONOCYTE_DN","58/4231","200/21355",0.00112837934345264,0.00173383468661218,0.000343939936190601
"GSE9650_NAIVE_VS_MEMORY_CD8_TCELL_UP","GSE9650_NAIVE_VS_MEMORY_CD8_TCELL_UP","58/4231","200/21355",0.00112837934345264,0.00173383468661218,0.000343939936190601
"GSE6259_FLT3L_INDUCED_DEC205_POS_DC_VS_CD4_TCELL_UP","GSE6259_FLT3L_INDUCED_DEC205_POS_DC_VS_CD4_TCELL_UP","49/4231","163/21355",0.00113597108754328,0.0017449768638738,0.000346150204427806
"GSE37605_NOD_VS_C57BL6_IRES_GFP_TREG_UP","GSE37605_NOD_VS_C57BL6_IRES_GFP_TREG_UP","48/4231","159/21355",0.00114777568039243,0.00176258182675002,0.000349642492276839
"GSE12845_IGD_POS_BLOOD_VS_DARKZONE_GC_TONSIL_BCELL_UP","GSE12845_IGD_POS_BLOOD_VS_DARKZONE_GC_TONSIL_BCELL_UP","57/4231","196/21355",0.00115111415484771,0.00176400931472328,0.000349925662365791
"GSE13485_CTRL_VS_DAY1_YF17D_VACCINE_PBMC_UP","GSE13485_CTRL_VS_DAY1_YF17D_VACCINE_PBMC_UP","57/4231","196/21355",0.00115111415484771,0.00176400931472328,0.000349925662365791
"GSE21927_SPLEEN_VS_BONE_MARROW_MONOCYTE_BALBC_UP","GSE21927_SPLEEN_VS_BONE_MARROW_MONOCYTE_BALBC_UP","57/4231","196/21355",0.00115111415484771,0.00176400931472328,0.000349925662365791
"GSE3982_DC_VS_EFF_MEMORY_CD4_TCELL_DN","GSE3982_DC_VS_EFF_MEMORY_CD4_TCELL_DN","57/4231","196/21355",0.00115111415484771,0.00176400931472328,0.000349925662365791
"GSE41867_DAY6_VS_DAY15_LCMV_ARMSTRONG_EFFECTOR_CD8_TCELL_DN","GSE41867_DAY6_VS_DAY15_LCMV_ARMSTRONG_EFFECTOR_CD8_TCELL_DN","57/4231","196/21355",0.00115111415484771,0.00176400931472328,0.000349925662365791
"GSE45365_HEALTHY_VS_MCMV_INFECTION_BCELL_IFNAR_KO_DN","GSE45365_HEALTHY_VS_MCMV_INFECTION_BCELL_IFNAR_KO_DN","57/4231","196/21355",0.00115111415484771,0.00176400931472328,0.000349925662365791
"GSE46606_IRF4_KO_VS_WT_CD40L_IL2_IL5_3DAY_STIMULATED_BCELL_UP","GSE46606_IRF4_KO_VS_WT_CD40L_IL2_IL5_3DAY_STIMULATED_BCELL_UP","57/4231","196/21355",0.00115111415484771,0.00176400931472328,0.000349925662365791
"GSE10500_ARTHRITIC_SYNOVIAL_FLUID_VS_HEALTHY_MACROPHAGE_UP","GSE10500_ARTHRITIC_SYNOVIAL_FLUID_VS_HEALTHY_MACROPHAGE_UP","47/4231","155/21355",0.00115821127165922,0.0017738246126457,0.000351872718199426
"GSE4984_UNTREATED_VS_VEHICLE_CTRL_TREATED_DC_UP","GSE4984_UNTREATED_VS_VEHICLE_CTRL_TREATED_DC_UP","47/4231","155/21355",0.00115821127165922,0.0017738246126457,0.000351872718199426
"QI_PBMC_ZOSTAVAX_AGE_50_75YO_CORRELATED_WITH_T_CELL_RESPONSES_1D_INFORMATIVE_OF_LONG_TERM_RESPONSES_NEGATIVE","QI_PBMC_ZOSTAVAX_AGE_50_75YO_CORRELATED_WITH_T_CELL_RESPONSES_1D_INFORMATIVE_OF_LONG_TERM_RESPONSES_NEGATIVE","8/4231","13/21355",0.00116245670133296,0.00177979481811014,0.000353057024928517
"GSE18791_UNSTIM_VS_NEWCATSLE_VIRUS_DC_18H_DN","GSE18791_UNSTIM_VS_NEWCATSLE_VIRUS_DC_18H_DN","56/4231","192/21355",0.0011735320716166,0.00179621540731761,0.000356314369153914
"GSE11057_PBMC_VS_MEM_CD4_TCELL_DN","GSE11057_PBMC_VS_MEM_CD4_TCELL_DN","57/4231","197/21355",0.00131228877912289,0.00200321390166287,0.000397376558926902
"GSE11864_CSF1_VS_CSF1_IFNG_PAM3CYS_IN_MAC_DN","GSE11864_CSF1_VS_CSF1_IFNG_PAM3CYS_IN_MAC_DN","57/4231","197/21355",0.00131228877912289,0.00200321390166287,0.000397376558926902
"GSE22611_MUTANT_NOD2_VS_CTRL_TRANSDUCED_HEK293T_CELL_UP","GSE22611_MUTANT_NOD2_VS_CTRL_TRANSDUCED_HEK293T_CELL_UP","57/4231","197/21355",0.00131228877912289,0.00200321390166287,0.000397376558926902
"GSE28130_ACTIVATED_VS_INDUCEED_TREG_UP","GSE28130_ACTIVATED_VS_INDUCEED_TREG_UP","57/4231","197/21355",0.00131228877912289,0.00200321390166287,0.000397376558926902
"GSE360_CTRL_VS_B_MALAYI_HIGH_DOSE_DC_UP","GSE360_CTRL_VS_B_MALAYI_HIGH_DOSE_DC_UP","57/4231","197/21355",0.00131228877912289,0.00200321390166287,0.000397376558926902
"GSE369_SOCS3_KO_VS_WT_LIVER_POST_IL6_INJECTION_UP","GSE369_SOCS3_KO_VS_WT_LIVER_POST_IL6_INJECTION_UP","57/4231","197/21355",0.00131228877912289,0.00200321390166287,0.000397376558926902
"GSE3982_EOSINOPHIL_VS_MAC_UP","GSE3982_EOSINOPHIL_VS_MAC_UP","57/4231","197/21355",0.00131228877912289,0.00200321390166287,0.000397376558926902
"GSE3982_MAST_CELL_VS_BASOPHIL_UP","GSE3982_MAST_CELL_VS_BASOPHIL_UP","57/4231","197/21355",0.00131228877912289,0.00200321390166287,0.000397376558926902
"GSE9509_LPS_VS_LPS_AND_IL10_STIM_IL10_KO_MACROPHAGE_30MIN_UP","GSE9509_LPS_VS_LPS_AND_IL10_STIM_IL10_KO_MACROPHAGE_30MIN_UP","57/4231","197/21355",0.00131228877912289,0.00200321390166287,0.000397376558926902
"GSE15624_CTRL_VS_3H_HALOFUGINONE_TREATED_CD4_TCELL_UP","GSE15624_CTRL_VS_3H_HALOFUGINONE_TREATED_CD4_TCELL_UP","48/4231","160/21355",0.00132951437549693,0.00202830080023728,0.00040235303468986
"GSE4590_PRE_BCELL_VS_LARGE_PRE_BCELL_UP","GSE4590_PRE_BCELL_VS_LARGE_PRE_BCELL_UP","48/4231","160/21355",0.00132951437549693,0.00202830080023728,0.00040235303468986
"GSE18281_SUBCAPSULAR_VS_CENTRAL_CORTICAL_REGION_OF_THYMUS_UP","GSE18281_SUBCAPSULAR_VS_CENTRAL_CORTICAL_REGION_OF_THYMUS_UP","56/4231","193/21355",0.00133950251560007,0.0020429306441434,0.000405255149648341
"GSE6092_CTRL_VS_BORRELIA_BIRGDOFERI_INF_ENDOTHELIAL_CELL_UP","GSE6092_CTRL_VS_BORRELIA_BIRGDOFERI_INF_ENDOTHELIAL_CELL_UP","47/4231","156/21355",0.00134421776336437,0.00204951227097137,0.00040656074373336
"GSE4984_UNTREATED_VS_LPS_TREATED_DC_UP","GSE4984_UNTREATED_VS_LPS_TREATED_DC_UP","46/4231","152/21355",0.0013573428925333,0.00206890861347776,0.000410408386680805
"BUCASAS_PBMC_FLUARIX_FLUVIRIN_CAUCASIAN_MALE_AGE_18_40YO_HIGH_RESPONDERS_1DY_TOP_FUNCTIONAL_NETWORK_POSITIVE","BUCASAS_PBMC_FLUARIX_FLUVIRIN_CAUCASIAN_MALE_AGE_18_40YO_HIGH_RESPONDERS_1DY_TOP_FUNCTIONAL_NETWORK_POSITIVE","10/4231","19/21355",0.00145634186296664,0.00221848689140178,0.000440080156291788
"LI_PBMC_MENACTRA_AGE_18_45YO_CORRELATED_WITH_ANTI_POLYSACCHARIDE_ANTIBODY_3DY_NEGATIVE","LI_PBMC_MENACTRA_AGE_18_45YO_CORRELATED_WITH_ANTI_POLYSACCHARIDE_ANTIBODY_3DY_NEGATIVE","10/4231","19/21355",0.00145634186296664,0.00221848689140178,0.000440080156291788
"GSE40274_SATB1_VS_FOXP3_AND_SATB1_TRANSDUCED_ACTIVATED_CD4_TCELL_UP","GSE40274_SATB1_VS_FOXP3_AND_SATB1_TRANSDUCED_ACTIVATED_CD4_TCELL_UP","50/4231","169/21355",0.00149222301066594,0.002268341014608,0.000449969694254539
"GSE7218_UNSTIM_VS_ANTIGEN_STIM_THROUGH_IGG_BCELL_DN","GSE7218_UNSTIM_VS_ANTIGEN_STIM_THROUGH_IGG_BCELL_DN","50/4231","169/21355",0.00149222301066594,0.002268341014608,0.000449969694254539
"GSE15330_HSC_VS_LYMPHOID_PRIMED_MULTIPOTENT_PROGENITOR_IKAROS_KO_DN","GSE15330_HSC_VS_LYMPHOID_PRIMED_MULTIPOTENT_PROGENITOR_IKAROS_KO_DN","57/4231","198/21355",0.0014930516159359,0.002268341014608,0.000449969694254539
"GSE18791_CTRL_VS_NEWCASTLE_VIRUS_DC_18H_UP","GSE18791_CTRL_VS_NEWCASTLE_VIRUS_DC_18H_UP","57/4231","198/21355",0.0014930516159359,0.002268341014608,0.000449969694254539
"GSE21546_UNSTIM_VS_ANTI_CD3_STIM_SAP1A_KO_DP_THYMOCYTES_UP","GSE21546_UNSTIM_VS_ANTI_CD3_STIM_SAP1A_KO_DP_THYMOCYTES_UP","57/4231","198/21355",0.0014930516159359,0.002268341014608,0.000449969694254539
"GSE22229_RENAL_TRANSPLANT_VS_HEALTHY_PBMC_DN","GSE22229_RENAL_TRANSPLANT_VS_HEALTHY_PBMC_DN","57/4231","198/21355",0.0014930516159359,0.002268341014608,0.000449969694254539
"GSE22611_UNSTIM_VS_6H_MDP_STIM_NOD2_TRANSDUCED_HEK293T_CELL_DN","GSE22611_UNSTIM_VS_6H_MDP_STIM_NOD2_TRANSDUCED_HEK293T_CELL_DN","57/4231","198/21355",0.0014930516159359,0.002268341014608,0.000449969694254539
"GSE22886_NAIVE_CD8_TCELL_VS_NKCELL_UP","GSE22886_NAIVE_CD8_TCELL_VS_NKCELL_UP","57/4231","198/21355",0.0014930516159359,0.002268341014608,0.000449969694254539
"GSE27786_NKCELL_VS_NKTCELL_DN","GSE27786_NKCELL_VS_NKTCELL_DN","57/4231","198/21355",0.0014930516159359,0.002268341014608,0.000449969694254539
"GSE12366_NAIVE_VS_MEMORY_BCELL_UP","GSE12366_NAIVE_VS_MEMORY_BCELL_UP","56/4231","194/21355",0.00152582658255142,0.0023167615705446,0.000459574856181302
"GSE16385_IL4_VS_ROSIGLITAZONE_STIM_MACROPHAGE_UP","GSE16385_IL4_VS_ROSIGLITAZONE_STIM_MACROPHAGE_UP","56/4231","194/21355",0.00152582658255142,0.0023167615705446,0.000459574856181302
"GSE16385_IFNG_TNF_VS_UNSTIM_MACROPHAGE_ROSIGLITAZONE_TREATED_UP","GSE16385_IFNG_TNF_VS_UNSTIM_MACROPHAGE_ROSIGLITAZONE_TREATED_UP","55/4231","190/21355",0.00155838799837767,0.00236550100079477,0.000469243273049211
"GSE21063_CTRL_VS_ANTI_IGM_STIM_BCELL_8H_UP","GSE21063_CTRL_VS_ANTI_IGM_STIM_BCELL_8H_UP","46/4231","153/21355",0.00157422585455929,0.00238883414164325,0.000473871856752445
"GSE11864_UNTREATED_VS_CSF1_IFNG_PAM3CYS_IN_MAC_DN","GSE11864_UNTREATED_VS_CSF1_IFNG_PAM3CYS_IN_MAC_DN","57/4231","199/21355",0.0016953751105752,0.00255602729906131,0.000507037881367071
"GSE11924_TH2_VS_TH17_CD4_TCELL_UP","GSE11924_TH2_VS_TH17_CD4_TCELL_UP","57/4231","199/21355",0.0016953751105752,0.00255602729906131,0.000507037881367071
"GSE12845_IGD_POS_VS_NEG_BLOOD_BCELL_UP","GSE12845_IGD_POS_VS_NEG_BLOOD_BCELL_UP","57/4231","199/21355",0.0016953751105752,0.00255602729906131,0.000507037881367071
"GSE17721_LPS_VS_GARDIQUIMOD_16H_BMDC_UP","GSE17721_LPS_VS_GARDIQUIMOD_16H_BMDC_UP","57/4231","199/21355",0.0016953751105752,0.00255602729906131,0.000507037881367071
"GSE17721_POLYIC_VS_GARDIQUIMOD_6H_BMDC_DN","GSE17721_POLYIC_VS_GARDIQUIMOD_6H_BMDC_DN","57/4231","199/21355",0.0016953751105752,0.00255602729906131,0.000507037881367071
"GSE17974_0H_VS_4H_IN_VITRO_ACT_CD4_TCELL_DN","GSE17974_0H_VS_4H_IN_VITRO_ACT_CD4_TCELL_DN","57/4231","199/21355",0.0016953751105752,0.00255602729906131,0.000507037881367071
"GSE18791_CTRL_VS_NEWCASTLE_VIRUS_DC_8H_UP","GSE18791_CTRL_VS_NEWCASTLE_VIRUS_DC_8H_UP","57/4231","199/21355",0.0016953751105752,0.00255602729906131,0.000507037881367071
"GSE20366_EX_VIVO_VS_DEC205_CONVERSION_UP","GSE20366_EX_VIVO_VS_DEC205_CONVERSION_UP","57/4231","199/21355",0.0016953751105752,0.00255602729906131,0.000507037881367071
"GSE20715_0H_VS_24H_OZONE_TLR4_KO_LUNG_UP","GSE20715_0H_VS_24H_OZONE_TLR4_KO_LUNG_UP","57/4231","199/21355",0.0016953751105752,0.00255602729906131,0.000507037881367071
"GSE22935_UNSTIM_VS_48H_MBOVIS_BCG_STIM_MACROPHAGE_DN","GSE22935_UNSTIM_VS_48H_MBOVIS_BCG_STIM_MACROPHAGE_DN","57/4231","199/21355",0.0016953751105752,0.00255602729906131,0.000507037881367071
"GSE2585_THYMIC_DC_VS_MTEC_UP","GSE2585_THYMIC_DC_VS_MTEC_UP","57/4231","199/21355",0.0016953751105752,0.00255602729906131,0.000507037881367071
"GSE27786_BCELL_VS_CD8_TCELL_DN","GSE27786_BCELL_VS_CD8_TCELL_DN","57/4231","199/21355",0.0016953751105752,0.00255602729906131,0.000507037881367071
"GSE33292_DN3_THYMOCYTE_VS_TCELL_LYMPHOMA_FROM_TCF1_KO_DN","GSE33292_DN3_THYMOCYTE_VS_TCELL_LYMPHOMA_FROM_TCF1_KO_DN","57/4231","199/21355",0.0016953751105752,0.00255602729906131,0.000507037881367071
"GSE360_CTRL_VS_L_MAJOR_DC_DN","GSE360_CTRL_VS_L_MAJOR_DC_DN","57/4231","199/21355",0.0016953751105752,0.00255602729906131,0.000507037881367071
"GSE36888_UNTREATED_VS_IL2_TREATED_TCELL_2H_DN","GSE36888_UNTREATED_VS_IL2_TREATED_TCELL_2H_DN","57/4231","199/21355",0.0016953751105752,0.00255602729906131,0.000507037881367071
"GSE37605_C57BL6_VS_NOD_FOXP3_IRES_GFP_TREG_DN","GSE37605_C57BL6_VS_NOD_FOXP3_IRES_GFP_TREG_DN","57/4231","199/21355",0.0016953751105752,0.00255602729906131,0.000507037881367071
"GSE3982_MAC_VS_TH2_DN","GSE3982_MAC_VS_TH2_DN","57/4231","199/21355",0.0016953751105752,0.00255602729906131,0.000507037881367071
"GSE39820_TGFBETA1_VS_TGFBETA3_IN_IL6_IL23A_TREATED_CD4_TCELL_DN","GSE39820_TGFBETA1_VS_TGFBETA3_IN_IL6_IL23A_TREATED_CD4_TCELL_DN","57/4231","199/21355",0.0016953751105752,0.00255602729906131,0.000507037881367071
"GSE45739_UNSTIM_VS_ACD3_ACD28_STIM_NRAS_KO_CD4_TCELL_DN","GSE45739_UNSTIM_VS_ACD3_ACD28_STIM_NRAS_KO_CD4_TCELL_DN","57/4231","199/21355",0.0016953751105752,0.00255602729906131,0.000507037881367071
"GSE45739_UNSTIM_VS_ACD3_ACD28_STIM_WT_CD4_TCELL_DN","GSE45739_UNSTIM_VS_ACD3_ACD28_STIM_WT_CD4_TCELL_DN","57/4231","199/21355",0.0016953751105752,0.00255602729906131,0.000507037881367071
"GSE4984_GALECTIN1_VS_VEHICLE_CTRL_TREATED_DC_DN","GSE4984_GALECTIN1_VS_VEHICLE_CTRL_TREATED_DC_DN","57/4231","199/21355",0.0016953751105752,0.00255602729906131,0.000507037881367071
"GSE5099_UNSTIM_VS_MCSF_TREATED_MONOCYTE_DAY3_UP","GSE5099_UNSTIM_VS_MCSF_TREATED_MONOCYTE_DAY3_UP","57/4231","199/21355",0.0016953751105752,0.00255602729906131,0.000507037881367071
"GSE3982_MAC_VS_NEUTROPHIL_LPS_STIM_DN","GSE3982_MAC_VS_NEUTROPHIL_LPS_STIM_DN","56/4231","195/21355",0.00173456905220245,0.00261434900370178,0.000518607129304868
"GSE29614_DAY3_VS_DAY7_TIV_FLU_VACCINE_PBMC_DN","GSE29614_DAY3_VS_DAY7_TIV_FLU_VACCINE_PBMC_DN","55/4231","191/21355",0.00177369178052491,0.00267095889158951,0.000529836804993217
"GSE29615_CTRL_VS_DAY3_LAIV_IFLU_VACCINE_PBMC_UP","GSE29615_CTRL_VS_DAY3_LAIV_IFLU_VACCINE_PBMC_UP","55/4231","191/21355",0.00177369178052491,0.00267095889158951,0.000529836804993217
"GSE45365_WT_VS_IFNAR_KO_CD11B_DC_DN","GSE45365_WT_VS_IFNAR_KO_CD11B_DC_DN","55/4231","191/21355",0.00177369178052491,0.00267095889158951,0.000529836804993217
"ZAK_PBMC_MRKAD5_HIV_1_GAG_POL_NEF_AGE_20_50YO_1DY_ADDNL_EXON_LVL_UP","ZAK_PBMC_MRKAD5_HIV_1_GAG_POL_NEF_AGE_20_50YO_1DY_ADDNL_EXON_LVL_UP","31/4231","94/21355",0.00179013980165583,0.00269493586587012,0.000534593105618527
"GSE13485_CTRL_VS_DAY7_YF17D_VACCINE_PBMC_UP","GSE13485_CTRL_VS_DAY7_YF17D_VACCINE_PBMC_UP","54/4231","187/21355",0.00181263537254343,0.00272719956549974,0.000540993239885979
"GSE6259_CD4_TCELL_VS_CD8_TCELL_UP","GSE6259_CD4_TCELL_VS_CD8_TCELL_UP","54/4231","187/21355",0.00181263537254343,0.00272719956549974,0.000540993239885979
"GSE32901_NAIVE_VS_TH17_ENRICHED_CD4_TCELL_UP","GSE32901_NAIVE_VS_TH17_ENRICHED_CD4_TCELL_UP","46/4231","154/21355",0.00182082937939001,0.00273872400198157,0.000543279336697168
"MATSUMIYA_BLOOD_MODIFIED_VACCINIA_ANKARA_VACCINE_AGE_4_6MO_VACCINATED_VS_CANDIN_PLACEBO_BCG_PRIMED_1DY_DN","MATSUMIYA_BLOOD_MODIFIED_VACCINIA_ANKARA_VACCINE_AGE_4_6MO_VACCINATED_VS_CANDIN_PLACEBO_BCG_PRIMED_1DY_DN","7/4231","11/21355",0.00184913033711632,0.00278047583105258,0.000551561626547179
"GSE3720_UNSTIM_VS_LPS_STIM_VD1_GAMMADELTA_TCELL_DN","GSE3720_UNSTIM_VS_LPS_STIM_VD1_GAMMADELTA_TCELL_DN","44/4231","146/21355",0.00186413112589938,0.00280221001506165,0.0005558730259666
"GSE11961_MARGINAL_ZONE_BCELL_VS_PLASMA_CELL_DAY7_UP","GSE11961_MARGINAL_ZONE_BCELL_VS_PLASMA_CELL_DAY7_UP","57/4231","200/21355",0.00192138041635133,0.0028366924004081,0.000562713279831248
"GSE12198_CTRL_VS_LOW_IL2_STIM_NK_CELL_UP","GSE12198_CTRL_VS_LOW_IL2_STIM_NK_CELL_UP","57/4231","200/21355",0.00192138041635133,0.0028366924004081,0.000562713279831248
"GSE14026_TH1_VS_TH17_UP","GSE14026_TH1_VS_TH17_UP","57/4231","200/21355",0.00192138041635133,0.0028366924004081,0.000562713279831248
"GSE14308_INDUCED_VS_NATURAL_TREG_DN","GSE14308_INDUCED_VS_NATURAL_TREG_DN","57/4231","200/21355",0.00192138041635133,0.0028366924004081,0.000562713279831248
"GSE1460_DP_VS_CD4_THYMOCYTE_UP","GSE1460_DP_VS_CD4_THYMOCYTE_UP","57/4231","200/21355",0.00192138041635133,0.0028366924004081,0.000562713279831248
"GSE14769_UNSTIM_VS_20MIN_LPS_BMDM_DN","GSE14769_UNSTIM_VS_20MIN_LPS_BMDM_DN","57/4231","200/21355",0.00192138041635133,0.0028366924004081,0.000562713279831248
"GSE15330_LYMPHOID_MULTIPOTENT_VS_PRO_BCELL_UP","GSE15330_LYMPHOID_MULTIPOTENT_VS_PRO_BCELL_UP","57/4231","200/21355",0.00192138041635133,0.0028366924004081,0.000562713279831248
"GSE16266_CTRL_VS_HEATSHOCK_AND_LPS_STIM_MEF_DN","GSE16266_CTRL_VS_HEATSHOCK_AND_LPS_STIM_MEF_DN","57/4231","200/21355",0.00192138041635133,0.0028366924004081,0.000562713279831248
"GSE16385_MONOCYTE_VS_12H_IFNG_TNF_TREATED_MACROPHAGE_DN","GSE16385_MONOCYTE_VS_12H_IFNG_TNF_TREATED_MACROPHAGE_DN","57/4231","200/21355",0.00192138041635133,0.0028366924004081,0.000562713279831248
"GSE16450_IMMATURE_VS_MATURE_NEURON_CELL_LINE_6H_IFNA_STIM_DN","GSE16450_IMMATURE_VS_MATURE_NEURON_CELL_LINE_6H_IFNA_STIM_DN","57/4231","200/21355",0.00192138041635133,0.0028366924004081,0.000562713279831248
"GSE16451_CTRL_VS_WEST_EQUINE_ENC_VIRUS_MATURE_NEURON_CELL_LINE_DN","GSE16451_CTRL_VS_WEST_EQUINE_ENC_VIRUS_MATURE_NEURON_CELL_LINE_DN","57/4231","200/21355",0.00192138041635133,0.0028366924004081,0.000562713279831248
"GSE17301_CTRL_VS_48H_IFNA2_STIM_CD8_TCELL_UP","GSE17301_CTRL_VS_48H_IFNA2_STIM_CD8_TCELL_UP","57/4231","200/21355",0.00192138041635133,0.0028366924004081,0.000562713279831248
"GSE17301_IFNA2_VS_IFNA2_AND_ACD3_ACD28_STIM_CD8_TCELL_UP","GSE17301_IFNA2_VS_IFNA2_AND_ACD3_ACD28_STIM_CD8_TCELL_UP","57/4231","200/21355",0.00192138041635133,0.0028366924004081,0.000562713279831248
"GSE17721_0.5H_VS_4H_LPS_BMDC_DN","GSE17721_0.5H_VS_4H_LPS_BMDC_DN","57/4231","200/21355",0.00192138041635133,0.0028366924004081,0.000562713279831248
"GSE17721_CPG_VS_GARDIQUIMOD_24H_BMDC_DN","GSE17721_CPG_VS_GARDIQUIMOD_24H_BMDC_DN","57/4231","200/21355",0.00192138041635133,0.0028366924004081,0.000562713279831248
"GSE17721_CTRL_VS_CPG_8H_BMDC_DN","GSE17721_CTRL_VS_CPG_8H_BMDC_DN","57/4231","200/21355",0.00192138041635133,0.0028366924004081,0.000562713279831248
"GSE17721_CTRL_VS_GARDIQUIMOD_8H_BMDC_DN","GSE17721_CTRL_VS_GARDIQUIMOD_8H_BMDC_DN","57/4231","200/21355",0.00192138041635133,0.0028366924004081,0.000562713279831248
"GSE17721_LPS_VS_CPG_16H_BMDC_DN","GSE17721_LPS_VS_CPG_16H_BMDC_DN","57/4231","200/21355",0.00192138041635133,0.0028366924004081,0.000562713279831248
"GSE17721_LPS_VS_CPG_1H_BMDC_UP","GSE17721_LPS_VS_CPG_1H_BMDC_UP","57/4231","200/21355",0.00192138041635133,0.0028366924004081,0.000562713279831248
"GSE17721_LPS_VS_POLYIC_0.5H_BMDC_UP","GSE17721_LPS_VS_POLYIC_0.5H_BMDC_UP","57/4231","200/21355",0.00192138041635133,0.0028366924004081,0.000562713279831248
"GSE17721_LPS_VS_POLYIC_1H_BMDC_UP","GSE17721_LPS_VS_POLYIC_1H_BMDC_UP","57/4231","200/21355",0.00192138041635133,0.0028366924004081,0.000562713279831248
"GSE17721_PAM3CSK4_VS_CPG_12H_BMDC_UP","GSE17721_PAM3CSK4_VS_CPG_12H_BMDC_UP","57/4231","200/21355",0.00192138041635133,0.0028366924004081,0.000562713279831248
"GSE17721_PAM3CSK4_VS_GADIQUIMOD_4H_BMDC_DN","GSE17721_PAM3CSK4_VS_GADIQUIMOD_4H_BMDC_DN","57/4231","200/21355",0.00192138041635133,0.0028366924004081,0.000562713279831248
"GSE17721_POLYIC_VS_CPG_16H_BMDC_UP","GSE17721_POLYIC_VS_CPG_16H_BMDC_UP","57/4231","200/21355",0.00192138041635133,0.0028366924004081,0.000562713279831248
"GSE18893_CTRL_VS_TNF_TREATED_TREG_2H_DN","GSE18893_CTRL_VS_TNF_TREATED_TREG_2H_DN","57/4231","200/21355",0.00192138041635133,0.0028366924004081,0.000562713279831248
"GSE1925_CTRL_VS_3H_IFNG_STIM_IFNG_PRIMED_MACROPHAGE_DN","GSE1925_CTRL_VS_3H_IFNG_STIM_IFNG_PRIMED_MACROPHAGE_DN","57/4231","200/21355",0.00192138041635133,0.0028366924004081,0.000562713279831248
"GSE20366_CD103_POS_VS_CD103_KLRG1_DP_TREG_UP","GSE20366_CD103_POS_VS_CD103_KLRG1_DP_TREG_UP","57/4231","200/21355",0.00192138041635133,0.0028366924004081,0.000562713279831248
"GSE20366_EX_VIVO_VS_DEC205_CONVERSION_DN","GSE20366_EX_VIVO_VS_DEC205_CONVERSION_DN","57/4231","200/21355",0.00192138041635133,0.0028366924004081,0.000562713279831248
"GSE20715_0H_VS_6H_OZONE_TLR4_KO_LUNG_DN","GSE20715_0H_VS_6H_OZONE_TLR4_KO_LUNG_DN","57/4231","200/21355",0.00192138041635133,0.0028366924004081,0.000562713279831248
"GSE21063_CTRL_VS_ANTI_IGM_STIM_BCELL_NFATC1_KO_16H_UP","GSE21063_CTRL_VS_ANTI_IGM_STIM_BCELL_NFATC1_KO_16H_UP","57/4231","200/21355",0.00192138041635133,0.0028366924004081,0.000562713279831248
"GSE22589_HEALTHY_VS_HIV_AND_SIV_INFECTED_DC_UP","GSE22589_HEALTHY_VS_HIV_AND_SIV_INFECTED_DC_UP","57/4231","200/21355",0.00192138041635133,0.0028366924004081,0.000562713279831248
"GSE22589_HEALTHY_VS_HIV_INFECTED_DC_DN","GSE22589_HEALTHY_VS_HIV_INFECTED_DC_DN","57/4231","200/21355",0.00192138041635133,0.0028366924004081,0.000562713279831248
"GSE22886_NAIVE_CD4_TCELL_VS_NEUTROPHIL_UP","GSE22886_NAIVE_CD4_TCELL_VS_NEUTROPHIL_UP","57/4231","200/21355",0.00192138041635133,0.0028366924004081,0.000562713279831248
"GSE23308_CTRL_VS_CORTICOSTERONE_TREATED_MACROPHAGE_UP","GSE23308_CTRL_VS_CORTICOSTERONE_TREATED_MACROPHAGE_UP","57/4231","200/21355",0.00192138041635133,0.0028366924004081,0.000562713279831248
"GSE23308_WT_VS_MINERALCORTICOID_REC_KO_MACROPHAGE_DN","GSE23308_WT_VS_MINERALCORTICOID_REC_KO_MACROPHAGE_DN","57/4231","200/21355",0.00192138041635133,0.0028366924004081,0.000562713279831248
"GSE2770_UNTREATED_VS_TGFB_AND_IL12_TREATED_ACT_CD4_TCELL_48H_UP","GSE2770_UNTREATED_VS_TGFB_AND_IL12_TREATED_ACT_CD4_TCELL_48H_UP","57/4231","200/21355",0.00192138041635133,0.0028366924004081,0.000562713279831248
"GSE27786_BCELL_VS_NEUTROPHIL_UP","GSE27786_BCELL_VS_NEUTROPHIL_UP","57/4231","200/21355",0.00192138041635133,0.0028366924004081,0.000562713279831248
"GSE27786_CD4_TCELL_VS_ERYTHTROBLAST_UP","GSE27786_CD4_TCELL_VS_ERYTHTROBLAST_UP","57/4231","200/21355",0.00192138041635133,0.0028366924004081,0.000562713279831248
"GSE27786_CD4_VS_CD8_TCELL_UP","GSE27786_CD4_VS_CD8_TCELL_UP","57/4231","200/21355",0.00192138041635133,0.0028366924004081,0.000562713279831248
"GSE27786_LIN_NEG_VS_BCELL_DN","GSE27786_LIN_NEG_VS_BCELL_DN","57/4231","200/21355",0.00192138041635133,0.0028366924004081,0.000562713279831248
"GSE27786_LSK_VS_MONO_MAC_UP","GSE27786_LSK_VS_MONO_MAC_UP","57/4231","200/21355",0.00192138041635133,0.0028366924004081,0.000562713279831248
"GSE339_CD4POS_VS_CD8POS_DC_IN_CULTURE_UP","GSE339_CD4POS_VS_CD8POS_DC_IN_CULTURE_UP","57/4231","200/21355",0.00192138041635133,0.0028366924004081,0.000562713279831248
"GSE360_DC_VS_MAC_B_MALAYI_LOW_DOSE_DN","GSE360_DC_VS_MAC_B_MALAYI_LOW_DOSE_DN","57/4231","200/21355",0.00192138041635133,0.0028366924004081,0.000562713279831248
"GSE360_DC_VS_MAC_L_DONOVANI_UP","GSE360_DC_VS_MAC_L_DONOVANI_UP","57/4231","200/21355",0.00192138041635133,0.0028366924004081,0.000562713279831248
"GSE36078_WT_VS_IL1R_KO_LUNG_DC_DN","GSE36078_WT_VS_IL1R_KO_LUNG_DC_DN","57/4231","200/21355",0.00192138041635133,0.0028366924004081,0.000562713279831248
"GSE369_IFNG_KO_VS_WT_LIVER_DN","GSE369_IFNG_KO_VS_WT_LIVER_DN","57/4231","200/21355",0.00192138041635133,0.0028366924004081,0.000562713279831248
"GSE3720_VD1_VS_VD2_GAMMADELTA_TCELL_DN","GSE3720_VD1_VS_VD2_GAMMADELTA_TCELL_DN","57/4231","200/21355",0.00192138041635133,0.0028366924004081,0.000562713279831248
"GSE3982_DC_VS_MAC_LPS_STIM_UP","GSE3982_DC_VS_MAC_LPS_STIM_UP","57/4231","200/21355",0.00192138041635133,0.0028366924004081,0.000562713279831248
"GSE4142_GC_BCELL_VS_MEMORY_BCELL_UP","GSE4142_GC_BCELL_VS_MEMORY_BCELL_UP","57/4231","200/21355",0.00192138041635133,0.0028366924004081,0.000562713279831248
"GSE41867_NAIVE_VS_DAY8_LCMV_EFFECTOR_CD8_TCELL_UP","GSE41867_NAIVE_VS_DAY8_LCMV_EFFECTOR_CD8_TCELL_UP","57/4231","200/21355",0.00192138041635133,0.0028366924004081,0.000562713279831248
"GSE41978_WT_VS_BIM_KO_KLRG1_LOW_EFFECTOR_CD8_TCELL_UP","GSE41978_WT_VS_BIM_KO_KLRG1_LOW_EFFECTOR_CD8_TCELL_UP","57/4231","200/21355",0.00192138041635133,0.0028366924004081,0.000562713279831248
"GSE43863_TH1_VS_LY6C_INT_CXCR5POS_EFFECTOR_CD4_TCELL_DN","GSE43863_TH1_VS_LY6C_INT_CXCR5POS_EFFECTOR_CD4_TCELL_DN","57/4231","200/21355",0.00192138041635133,0.0028366924004081,0.000562713279831248
"GSE43863_TH1_VS_LY6C_INT_CXCR5POS_MEMORY_CD4_TCELL_DN","GSE43863_TH1_VS_LY6C_INT_CXCR5POS_MEMORY_CD4_TCELL_DN","57/4231","200/21355",0.00192138041635133,0.0028366924004081,0.000562713279831248
"GSE43955_10H_VS_30H_ACT_CD4_TCELL_DN","GSE43955_10H_VS_30H_ACT_CD4_TCELL_DN","57/4231","200/21355",0.00192138041635133,0.0028366924004081,0.000562713279831248
"GSE43955_1H_VS_20H_ACT_CD4_TCELL_WITH_TGFB_IL6_DN","GSE43955_1H_VS_20H_ACT_CD4_TCELL_WITH_TGFB_IL6_DN","57/4231","200/21355",0.00192138041635133,0.0028366924004081,0.000562713279831248
"GSE45365_HEALTHY_VS_MCMV_INFECTION_BCELL_IFNAR_KO_UP","GSE45365_HEALTHY_VS_MCMV_INFECTION_BCELL_IFNAR_KO_UP","57/4231","200/21355",0.00192138041635133,0.0028366924004081,0.000562713279831248
"GSE5455_EX_VIVO_VS_POST_24H_INCUBATION_MONOCYTES_FROM_TUMOR_BEARING_MOUSE_UP","GSE5455_EX_VIVO_VS_POST_24H_INCUBATION_MONOCYTES_FROM_TUMOR_BEARING_MOUSE_UP","57/4231","200/21355",0.00192138041635133,0.0028366924004081,0.000562713279831248
"GSE5503_LIVER_DC_VS_MLN_DC_ACTIVATED_ALLOGENIC_TCELL_DN","GSE5503_LIVER_DC_VS_MLN_DC_ACTIVATED_ALLOGENIC_TCELL_DN","57/4231","200/21355",0.00192138041635133,0.0028366924004081,0.000562713279831248
"GSE5542_IFNG_VS_IFNA_AND_IFNG_TREATED_EPITHELIAL_CELLS_6H_UP","GSE5542_IFNG_VS_IFNA_AND_IFNG_TREATED_EPITHELIAL_CELLS_6H_UP","57/4231","200/21355",0.00192138041635133,0.0028366924004081,0.000562713279831248
"GSE5589_UNSTIM_VS_45MIN_LPS_AND_IL10_STIM_MACROPHAGE_DN","GSE5589_UNSTIM_VS_45MIN_LPS_AND_IL10_STIM_MACROPHAGE_DN","57/4231","200/21355",0.00192138041635133,0.0028366924004081,0.000562713279831248
"GSE6875_TCONV_VS_FOXP3_KO_TREG_DN","GSE6875_TCONV_VS_FOXP3_KO_TREG_DN","57/4231","200/21355",0.00192138041635133,0.0028366924004081,0.000562713279831248
"GSE9037_WT_VS_IRAK4_KO_BMDM_DN","GSE9037_WT_VS_IRAK4_KO_BMDM_DN","57/4231","200/21355",0.00192138041635133,0.0028366924004081,0.000562713279831248
"GSE37605_FOXP3_FUSION_GFP_VS_IRES_GFP_TREG_NOD_DN","GSE37605_FOXP3_FUSION_GFP_VS_IRES_GFP_TREG_NOD_DN","50/4231","171/21355",0.00196403193071748,0.00289799299851981,0.000574873449405535
"GSE6269_HEALTHY_VS_STAPH_AUREUS_INF_PBMC_UP","GSE6269_HEALTHY_VS_STAPH_AUREUS_INF_PBMC_UP","50/4231","171/21355",0.00196403193071748,0.00289799299851981,0.000574873449405535
"GSE11864_CSF1_VS_CSF1_IFNG_IN_MAC_DN","GSE11864_CSF1_VS_CSF1_IFNG_IN_MAC_DN","56/4231","196/21355",0.00196795101114435,0.00289960243838055,0.000575192713201143
"GSE17301_CTRL_VS_48H_IFNA2_STIM_CD8_TCELL_DN","GSE17301_CTRL_VS_48H_IFNA2_STIM_CD8_TCELL_DN","56/4231","196/21355",0.00196795101114435,0.00289960243838055,0.000575192713201143
"GSE18791_CTRL_VS_NEWCASTLE_VIRUS_DC_8H_DN","GSE18791_CTRL_VS_NEWCASTLE_VIRUS_DC_8H_DN","56/4231","196/21355",0.00196795101114435,0.00289960243838055,0.000575192713201143
"GSE22886_NAIVE_CD4_TCELL_VS_NKCELL_UP","GSE22886_NAIVE_CD4_TCELL_VS_NKCELL_UP","56/4231","196/21355",0.00196795101114435,0.00289960243838055,0.000575192713201143
"GSE29618_PRE_VS_DAY7_POST_TIV_FLU_VACCINE_BCELL_DN","GSE29618_PRE_VS_DAY7_POST_TIV_FLU_VACCINE_BCELL_DN","56/4231","196/21355",0.00196795101114435,0.00289960243838055,0.000575192713201143
"GSE21033_3H_VS_24H_POLYIC_STIM_DC_UP","GSE21033_3H_VS_24H_POLYIC_STIM_DC_UP","49/4231","167/21355",0.00200001847108307,0.00294431208580465,0.000584061744026797
"GSE27241_WT_VS_RORGT_KO_TH17_POLARIZED_CD4_TCELL_DN","GSE27241_WT_VS_RORGT_KO_TH17_POLARIZED_CD4_TCELL_DN","49/4231","167/21355",0.00200001847108307,0.00294431208580465,0.000584061744026797
"GSE37605_C57BL6_VS_NOD_FOXP3_FUSION_GFP_TCONV_UP","GSE37605_C57BL6_VS_NOD_FOXP3_FUSION_GFP_TCONV_UP","49/4231","167/21355",0.00200001847108307,0.00294431208580465,0.000584061744026797
"GSE11386_NAIVE_VS_MEMORY_BCELL_DN","GSE11386_NAIVE_VS_MEMORY_BCELL_DN","47/4231","159/21355",0.0020684576549228,0.00304331628562981,0.000603701158576175
"GSE40274_FOXP3_VS_FOXP3_AND_XBP1_TRANSDUCED_ACTIVATED_CD4_TCELL_DN","GSE40274_FOXP3_VS_FOXP3_AND_XBP1_TRANSDUCED_ACTIVATED_CD4_TCELL_DN","47/4231","159/21355",0.0020684576549228,0.00304331628562981,0.000603701158576175
"GSE10325_BCELL_VS_MYELOID_UP","GSE10325_BCELL_VS_MYELOID_UP","56/4231","197/21355",0.00222835586925217,0.00326919066565159,0.000648507748530594
"GSE11864_UNTREATED_VS_CSF1_IN_MAC_DN","GSE11864_UNTREATED_VS_CSF1_IN_MAC_DN","56/4231","197/21355",0.00222835586925217,0.00326919066565159,0.000648507748530594
"GSE14308_TH2_VS_INDUCED_TREG_UP","GSE14308_TH2_VS_INDUCED_TREG_UP","56/4231","197/21355",0.00222835586925217,0.00326919066565159,0.000648507748530594
"GSE21546_WT_VS_SAP1A_KO_DP_THYMOCYTES_UP","GSE21546_WT_VS_SAP1A_KO_DP_THYMOCYTES_UP","56/4231","197/21355",0.00222835586925217,0.00326919066565159,0.000648507748530594
"GSE22313_HEALTHY_VS_SLE_MOUSE_CD4_TCELL_UP","GSE22313_HEALTHY_VS_SLE_MOUSE_CD4_TCELL_UP","56/4231","197/21355",0.00222835586925217,0.00326919066565159,0.000648507748530594
"GSE25123_WT_VS_PPARG_KO_MACROPHAGE_IL4_AND_ROSIGLITAZONE_STIM_DN","GSE25123_WT_VS_PPARG_KO_MACROPHAGE_IL4_AND_ROSIGLITAZONE_STIM_DN","56/4231","197/21355",0.00222835586925217,0.00326919066565159,0.000648507748530594
"GSE26290_WT_VS_PDK1_KO_ANTI_CD3_AND_IL2_STIM_CD8_TCELL_DN","GSE26290_WT_VS_PDK1_KO_ANTI_CD3_AND_IL2_STIM_CD8_TCELL_DN","56/4231","197/21355",0.00222835586925217,0.00326919066565159,0.000648507748530594
"GSE32986_GMCSF_VS_GMCSF_AND_CURDLAN_LOWDOSE_STIM_DC_DN","GSE32986_GMCSF_VS_GMCSF_AND_CURDLAN_LOWDOSE_STIM_DC_DN","56/4231","197/21355",0.00222835586925217,0.00326919066565159,0.000648507748530594
"GSE3982_DC_VS_BCELL_DN","GSE3982_DC_VS_BCELL_DN","56/4231","197/21355",0.00222835586925217,0.00326919066565159,0.000648507748530594
"GSE43863_NAIVE_VS_TFH_CD4_EFF_TCELL_D6_LCMV_UP","GSE43863_NAIVE_VS_TFH_CD4_EFF_TCELL_D6_LCMV_UP","56/4231","197/21355",0.00222835586925217,0.00326919066565159,0.000648507748530594
"ERWIN_COHEN_BLOOD_TC_83_AGE_23_48YO_VACCINATED_VS_CONTROL_2DY_UP","ERWIN_COHEN_BLOOD_TC_83_AGE_23_48YO_VACCINATED_VS_CONTROL_2DY_UP","37/4231","119/21355",0.00226888265705066,0.0033276945636743,0.000660113138080246
"LI_PBMC_MENOMUNE_A_C_Y_W_135_AGE_18_45YO_CORRELATED_WITH_ANTIBODY_RESPONSE_3DY_POSITIVE","LI_PBMC_MENOMUNE_A_C_Y_W_135_AGE_18_45YO_CORRELATED_WITH_ANTIBODY_RESPONSE_3DY_POSITIVE","17/4231","43/21355",0.00227273898167431,0.00333239703091033,0.0006610459641989
"GSE4984_GALECTIN1_VS_VEHICLE_CTRL_TREATED_DC_UP","GSE4984_GALECTIN1_VS_VEHICLE_CTRL_TREATED_DC_UP","55/4231","193/21355",0.00228370507901588,0.00334751851159149,0.000664045604903254
"GSE13547_WT_VS_ZFX_KO_BCELL_ANTI_IGM_STIM_2H_DN","GSE13547_WT_VS_ZFX_KO_BCELL_ANTI_IGM_STIM_2H_DN","47/4231","160/21355",0.00237580574459552,0.00348053165098503,0.000690431356110549
"GSE8685_IL15_ACT_IL2_STARVED_VS_IL21_ACT_IL2_STARVED_CD4_TCELL_DN","GSE8685_IL15_ACT_IL2_STARVED_VS_IL21_ACT_IL2_STARVED_CD4_TCELL_DN","47/4231","160/21355",0.00237580574459552,0.00348053165098503,0.000690431356110549
"OVSYANNIKOVA_PBMC_FLUARIX_AGE_55_64YO_RESPONDERS_VS_NONRESPONDERS_0DY_DN","OVSYANNIKOVA_PBMC_FLUARIX_AGE_55_64YO_RESPONDERS_VS_NONRESPONDERS_0DY_DN","9/4231","17/21355",0.00240029170107952,0.00351539864563818,0.000697347904734683
"ZAK_PBMC_MRKAD5_HIV_1_GAG_POL_NEF_AGE_20_50YO_CORRELATED_WITH_CD8_T_CELL_RESPONSE_3DY_POSITIVE","ZAK_PBMC_MRKAD5_HIV_1_GAG_POL_NEF_AGE_20_50YO_CORRELATED_WITH_CD8_T_CELL_RESPONSE_3DY_POSITIVE","28/4231","84/21355",0.00243811057728114,0.00356976715771012,0.000708132959802036
"GSE14699_NAIVE_VS_DELETIONAL_TOLERANCE_CD8_TCELL_UP","GSE14699_NAIVE_VS_DELETIONAL_TOLERANCE_CD8_TCELL_UP","45/4231","152/21355",0.00245590224366487,0.00359479009166936,0.000713096746935664
"GSE33292_DN3_THYMOCYTE_VS_TCF1_KO_TCELL_LYMPHOMA_DN","GSE33292_DN3_THYMOCYTE_VS_TCF1_KO_TCELL_LYMPHOMA_DN","44/4231","148/21355",0.00249306501519116,0.00364814480955464,0.000723680696147562
"GSE11973_MIR223_KOVS_WT_BONE_MARROW_NEUTROPHIL_DN","GSE11973_MIR223_KOVS_WT_BONE_MARROW_NEUTROPHIL_DN","51/4231","177/21355",0.0025060282178628,0.00366502158195855,0.00072702853320984
"GSE6269_HEALTHY_VS_STAPH_AUREUS_INF_PBMC_DN","GSE6269_HEALTHY_VS_STAPH_AUREUS_INF_PBMC_DN","51/4231","177/21355",0.0025060282178628,0.00366502158195855,0.00072702853320984
"GSE11864_UNTREATED_VS_CSF1_PAM3CYS_IN_MAC_DN","GSE11864_UNTREATED_VS_CSF1_PAM3CYS_IN_MAC_DN","56/4231","198/21355",0.00251833501140504,0.00367463286890471,0.0007289351194862
"GSE13738_TCR_VS_BYSTANDER_ACTIVATED_CD4_TCELL_UP","GSE13738_TCR_VS_BYSTANDER_ACTIVATED_CD4_TCELL_UP","56/4231","198/21355",0.00251833501140504,0.00367463286890471,0.0007289351194862
"GSE17721_LPS_VS_CPG_4H_BMDC_DN","GSE17721_LPS_VS_CPG_4H_BMDC_DN","56/4231","198/21355",0.00251833501140504,0.00367463286890471,0.0007289351194862
"GSE17974_1.5H_VS_72H_IL4_AND_ANTI_IL12_ACT_CD4_TCELL_UP","GSE17974_1.5H_VS_72H_IL4_AND_ANTI_IL12_ACT_CD4_TCELL_UP","56/4231","198/21355",0.00251833501140504,0.00367463286890471,0.0007289351194862
"GSE19941_LPS_VS_LPS_AND_IL10_STIM_IL10_KO_NFKBP50_KO_MACROPHAGE_UP","GSE19941_LPS_VS_LPS_AND_IL10_STIM_IL10_KO_NFKBP50_KO_MACROPHAGE_UP","56/4231","198/21355",0.00251833501140504,0.00367463286890471,0.0007289351194862
"GSE21379_WT_VS_SAP_KO_TFH_CD4_TCELL_DN","GSE21379_WT_VS_SAP_KO_TFH_CD4_TCELL_DN","56/4231","198/21355",0.00251833501140504,0.00367463286890471,0.0007289351194862
"GSE35543_IN_VITRO_ITREG_VS_CONVERTED_EX_ITREG_DN","GSE35543_IN_VITRO_ITREG_VS_CONVERTED_EX_ITREG_DN","56/4231","198/21355",0.00251833501140504,0.00367463286890471,0.0007289351194862
"GSE3982_EFF_MEMORY_VS_CENT_MEMORY_CD4_TCELL_DN","GSE3982_EFF_MEMORY_VS_CENT_MEMORY_CD4_TCELL_DN","56/4231","198/21355",0.00251833501140504,0.00367463286890471,0.0007289351194862
"GSE1791_CTRL_VS_NEUROMEDINU_IN_T_CELL_LINE_0.8H_DN","GSE1791_CTRL_VS_NEUROMEDINU_IN_T_CELL_LINE_0.8H_DN","55/4231","194/21355",0.00258358505963132,0.00376571673163369,0.000747003380651404
"GSE21927_UNTREATED_VS_GMCSF_IL6_TREATED_BONE_MARROW_UP","GSE21927_UNTREATED_VS_GMCSF_IL6_TREATED_BONE_MARROW_UP","55/4231","194/21355",0.00258358505963132,0.00376571673163369,0.000747003380651404
"GSE34156_UNTREATED_VS_24H_NOD2_AND_TLR1_TLR2_LIGAND_TREATED_MONOCYTE_UP","GSE34156_UNTREATED_VS_24H_NOD2_AND_TLR1_TLR2_LIGAND_TREATED_MONOCYTE_UP","55/4231","194/21355",0.00258358505963132,0.00376571673163369,0.000747003380651404
"SCHERER_PBMC_YF_VAX_AGE_18_40YO_4_TO_7DY_DN","SCHERER_PBMC_YF_VAX_AGE_18_40YO_4_TO_7DY_DN","67/4231","245/21355",0.00258369600958948,0.00376571673163369,0.000747003380651404
"HARALAMBIEVA_PBMC_FLUARIX_AGE_50_74YO_CORR_WITH_28D_MEM_B_CELL_RESPONSE_AT_0DY_POSITIVE","HARALAMBIEVA_PBMC_FLUARIX_AGE_50_74YO_CORR_WITH_28D_MEM_B_CELL_RESPONSE_AT_0DY_POSITIVE","123/4231","492/21355",0.00260906125641941,0.00380160545776177,0.000754122609646973
"GSE21033_1H_VS_24H_POLYIC_STIM_DC_UP","GSE21033_1H_VS_24H_POLYIC_STIM_DC_UP","47/4231","161/21355",0.00272201770974271,0.00396506472865619,0.000786547945023693
"GSE10239_KLRG1INT_VS_KLRG1HIGH_EFF_CD8_TCELL_DN","GSE10239_KLRG1INT_VS_KLRG1HIGH_EFF_CD8_TCELL_DN","56/4231","199/21355",0.00284061301452725,0.00412142154329654,0.000817564369637649
"GSE11961_UNSTIM_VS_ANTI_IGM_AND_CD40_STIM_6H_FOLLICULAR_BCELL_DN","GSE11961_UNSTIM_VS_ANTI_IGM_AND_CD40_STIM_6H_FOLLICULAR_BCELL_DN","56/4231","199/21355",0.00284061301452725,0.00412142154329654,0.000817564369637649
"GSE16385_UNTREATED_VS_12H_IL4_TREATED_MACROPHAGE_UP","GSE16385_UNTREATED_VS_12H_IL4_TREATED_MACROPHAGE_UP","56/4231","199/21355",0.00284061301452725,0.00412142154329654,0.000817564369637649
"GSE17721_CTRL_VS_PAM3CSK4_12H_BMDC_DN","GSE17721_CTRL_VS_PAM3CSK4_12H_BMDC_DN","56/4231","199/21355",0.00284061301452725,0.00412142154329654,0.000817564369637649
"GSE17721_LPS_VS_POLYIC_24H_BMDC_UP","GSE17721_LPS_VS_POLYIC_24H_BMDC_UP","56/4231","199/21355",0.00284061301452725,0.00412142154329654,0.000817564369637649
"GSE20366_TREG_VS_NAIVE_CD4_TCELL_DN","GSE20366_TREG_VS_NAIVE_CD4_TCELL_DN","56/4231","199/21355",0.00284061301452725,0.00412142154329654,0.000817564369637649
"GSE22025_PROGESTERONE_VS_TGFB1_AND_PROGESTERONE_TREATED_CD4_TCELL_UP","GSE22025_PROGESTERONE_VS_TGFB1_AND_PROGESTERONE_TREATED_CD4_TCELL_UP","56/4231","199/21355",0.00284061301452725,0.00412142154329654,0.000817564369637649
"GSE2770_IL12_VS_TGFB_AND_IL12_TREATED_ACT_CD4_TCELL_6H_DN","GSE2770_IL12_VS_TGFB_AND_IL12_TREATED_ACT_CD4_TCELL_6H_DN","56/4231","199/21355",0.00284061301452725,0.00412142154329654,0.000817564369637649
"GSE27786_BCELL_VS_NEUTROPHIL_DN","GSE27786_BCELL_VS_NEUTROPHIL_DN","56/4231","199/21355",0.00284061301452725,0.00412142154329654,0.000817564369637649
"GSE29949_MICROGLIA_VS_DC_BRAIN_DN","GSE29949_MICROGLIA_VS_DC_BRAIN_DN","56/4231","199/21355",0.00284061301452725,0.00412142154329654,0.000817564369637649
"GSE36009_WT_VS_NLRP10_KO_DC_LPS_STIM_DN","GSE36009_WT_VS_NLRP10_KO_DC_LPS_STIM_DN","56/4231","199/21355",0.00284061301452725,0.00412142154329654,0.000817564369637649
"GSE36392_TYPE_2_MYELOID_VS_EOSINOPHIL_IL25_TREATED_LUNG_UP","GSE36392_TYPE_2_MYELOID_VS_EOSINOPHIL_IL25_TREATED_LUNG_UP","56/4231","199/21355",0.00284061301452725,0.00412142154329654,0.000817564369637649
"GSE43260_BTLA_POS_VS_NEG_INTRATUMORAL_CD8_TCELL_DN","GSE43260_BTLA_POS_VS_NEG_INTRATUMORAL_CD8_TCELL_DN","56/4231","199/21355",0.00284061301452725,0.00412142154329654,0.000817564369637649
"GSE43863_TFH_VS_LY6C_INT_CXCR5POS_MEMORY_CD4_TCELL_UP","GSE43863_TFH_VS_LY6C_INT_CXCR5POS_MEMORY_CD4_TCELL_UP","56/4231","199/21355",0.00284061301452725,0.00412142154329654,0.000817564369637649
"GSE38697_LIGHT_ZONE_VS_DARK_ZONE_BCELL_UP","GSE38697_LIGHT_ZONE_VS_DARK_ZONE_BCELL_UP","50/4231","174/21355",0.00291465929996882,0.00422568130447143,0.000838246327313675
"GSE7348_LPS_VS_TOLERIZED_AND_LPS_STIM_MACROPHAGE_DN","GSE7348_LPS_VS_TOLERIZED_AND_LPS_STIM_MACROPHAGE_DN","50/4231","174/21355",0.00291465929996882,0.00422568130447143,0.000838246327313675
"GSE11864_CSF1_IFNG_VS_CSF1_IFNG_PAM3CYS_IN_MAC_DN","GSE11864_CSF1_IFNG_VS_CSF1_IFNG_PAM3CYS_IN_MAC_DN","55/4231","195/21355",0.00291712706254979,0.00422568130447143,0.000838246327313675
"GSE37416_0H_VS_48H_F_TULARENSIS_LVS_NEUTROPHIL_DN","GSE37416_0H_VS_48H_F_TULARENSIS_LVS_NEUTROPHIL_DN","55/4231","195/21355",0.00291712706254979,0.00422568130447143,0.000838246327313675
"GSE41867_NAIVE_VS_DAY15_LCMV_CONE13_EFFECTOR_CD8_TCELL_DN","GSE41867_NAIVE_VS_DAY15_LCMV_CONE13_EFFECTOR_CD8_TCELL_DN","55/4231","195/21355",0.00291712706254979,0.00422568130447143,0.000838246327313675
"NAKAYA_PBMC_FLUARIX_FLUVIRIN_AGE_18_50YO_CORRELATED_WITH_HAI_28DY_RESPONSE_AT_3DY_NEGATIVE","NAKAYA_PBMC_FLUARIX_FLUVIRIN_AGE_18_50YO_CORRELATED_WITH_HAI_28DY_RESPONSE_AT_3DY_NEGATIVE","94/4231","364/21355",0.00291741828648544,0.00422568130447143,0.000838246327313675
"GSE21033_1H_VS_12H_POLYIC_STIM_DC_DN","GSE21033_1H_VS_12H_POLYIC_STIM_DC_DN","42/4231","141/21355",0.00295991448422331,0.00428602306387816,0.000850216292524448
"GSE45365_WT_VS_IFNAR_KO_CD11B_DC_MCMV_INFECTION_DN","GSE45365_WT_VS_IFNAR_KO_CD11B_DC_MCMV_INFECTION_DN","54/4231","191/21355",0.00299448535878096,0.00433485793536041,0.000859903642022744
"GSE15330_LYMPHOID_MULTIPOTENT_VS_MEGAKARYOCYTE_ERYTHROID_PROGENITOR_IKAROS_KO_UP","GSE15330_LYMPHOID_MULTIPOTENT_VS_MEGAKARYOCYTE_ERYTHROID_PROGENITOR_IKAROS_KO_UP","48/4231","166/21355",0.00304625860617765,0.00440856059154902,0.000874524001773488
"GSE12505_WT_VS_E2_2_HET_PDC_DN","GSE12505_WT_VS_E2_2_HET_PDC_DN","46/4231","158/21355",0.00317475096403578,0.0045817276211438,0.00090887506048112
"GSE11961_MARGINAL_ZONE_BCELL_VS_MEMORY_BCELL_DAY7_UP","GSE11961_MARGINAL_ZONE_BCELL_VS_MEMORY_BCELL_DAY7_UP","56/4231","200/21355",0.00319809235826229,0.0045817276211438,0.00090887506048112
"GSE15324_ELF4_KO_VS_WT_NAIVE_CD8_TCELL_UP","GSE15324_ELF4_KO_VS_WT_NAIVE_CD8_TCELL_UP","56/4231","200/21355",0.00319809235826229,0.0045817276211438,0.00090887506048112
"GSE15324_NAIVE_VS_ACTIVATED_CD8_TCELL_DN","GSE15324_NAIVE_VS_ACTIVATED_CD8_TCELL_DN","56/4231","200/21355",0.00319809235826229,0.0045817276211438,0.00090887506048112
"GSE15930_STIM_VS_STIM_AND_IFNAB_24H_CD8_T_CELL_UP","GSE15930_STIM_VS_STIM_AND_IFNAB_24H_CD8_T_CELL_UP","56/4231","200/21355",0.00319809235826229,0.0045817276211438,0.00090887506048112
"GSE16385_ROSIGLITAZONE_IFNG_TNF_VS_IL4_STIM_MACROPHAGE_UP","GSE16385_ROSIGLITAZONE_IFNG_TNF_VS_IL4_STIM_MACROPHAGE_UP","56/4231","200/21355",0.00319809235826229,0.0045817276211438,0.00090887506048112
"GSE17721_0.5H_VS_24H_GARDIQUIMOD_BMDC_DN","GSE17721_0.5H_VS_24H_GARDIQUIMOD_BMDC_DN","56/4231","200/21355",0.00319809235826229,0.0045817276211438,0.00090887506048112
"GSE17721_4_VS_24H_CPG_BMDC_UP","GSE17721_4_VS_24H_CPG_BMDC_UP","56/4231","200/21355",0.00319809235826229,0.0045817276211438,0.00090887506048112
"GSE17721_CTRL_VS_LPS_1H_BMDC_UP","GSE17721_CTRL_VS_LPS_1H_BMDC_UP","56/4231","200/21355",0.00319809235826229,0.0045817276211438,0.00090887506048112
"GSE17721_CTRL_VS_POLYIC_24H_BMDC_DN","GSE17721_CTRL_VS_POLYIC_24H_BMDC_DN","56/4231","200/21355",0.00319809235826229,0.0045817276211438,0.00090887506048112
"GSE17721_PAM3CSK4_VS_CPG_6H_BMDC_DN","GSE17721_PAM3CSK4_VS_CPG_6H_BMDC_DN","56/4231","200/21355",0.00319809235826229,0.0045817276211438,0.00090887506048112
"GSE17721_POLYIC_VS_CPG_1H_BMDC_UP","GSE17721_POLYIC_VS_CPG_1H_BMDC_UP","56/4231","200/21355",0.00319809235826229,0.0045817276211438,0.00090887506048112
"GSE17721_POLYIC_VS_PAM3CSK4_8H_BMDC_DN","GSE17721_POLYIC_VS_PAM3CSK4_8H_BMDC_DN","56/4231","200/21355",0.00319809235826229,0.0045817276211438,0.00090887506048112
"GSE18893_CTRL_VS_TNF_TREATED_TREG_24H_DN","GSE18893_CTRL_VS_TNF_TREATED_TREG_24H_DN","56/4231","200/21355",0.00319809235826229,0.0045817276211438,0.00090887506048112
"GSE20366_TREG_VS_NAIVE_CD4_TCELL_DEC205_CONVERSION_UP","GSE20366_TREG_VS_NAIVE_CD4_TCELL_DEC205_CONVERSION_UP","56/4231","200/21355",0.00319809235826229,0.0045817276211438,0.00090887506048112
"GSE20715_0H_VS_24H_OZONE_LUNG_DN","GSE20715_0H_VS_24H_OZONE_LUNG_DN","56/4231","200/21355",0.00319809235826229,0.0045817276211438,0.00090887506048112
"GSE21774_CD56_BRIGHT_VS_DIM_CD62L_POSITIVE_NK_CELL_UP","GSE21774_CD56_BRIGHT_VS_DIM_CD62L_POSITIVE_NK_CELL_UP","56/4231","200/21355",0.00319809235826229,0.0045817276211438,0.00090887506048112
"GSE22886_IGG_IGA_MEMORY_BCELL_VS_BM_PLASMA_CELL_UP","GSE22886_IGG_IGA_MEMORY_BCELL_VS_BM_PLASMA_CELL_UP","56/4231","200/21355",0.00319809235826229,0.0045817276211438,0.00090887506048112
"GSE22935_UNSTIM_VS_12H_MBOVIS_BCG_STIM_MYD88_KO_MACROPHAGE_UP","GSE22935_UNSTIM_VS_12H_MBOVIS_BCG_STIM_MYD88_KO_MACROPHAGE_UP","56/4231","200/21355",0.00319809235826229,0.0045817276211438,0.00090887506048112
"GSE22935_UNSTIM_VS_24H_MBOVIS_BCG_STIM_MACROPHAGE_DN","GSE22935_UNSTIM_VS_24H_MBOVIS_BCG_STIM_MACROPHAGE_DN","56/4231","200/21355",0.00319809235826229,0.0045817276211438,0.00090887506048112
"GSE25123_CTRL_VS_ROSIGLITAZONE_STIM_MACROPHAGE_DN","GSE25123_CTRL_VS_ROSIGLITAZONE_STIM_MACROPHAGE_DN","56/4231","200/21355",0.00319809235826229,0.0045817276211438,0.00090887506048112
"GSE2585_CTEC_VS_THYMIC_DC_UP","GSE2585_CTEC_VS_THYMIC_DC_UP","56/4231","200/21355",0.00319809235826229,0.0045817276211438,0.00090887506048112
"GSE2585_CTEC_VS_THYMIC_MACROPHAGE_UP","GSE2585_CTEC_VS_THYMIC_MACROPHAGE_UP","56/4231","200/21355",0.00319809235826229,0.0045817276211438,0.00090887506048112
"GSE27786_CD4_TCELL_VS_NEUTROPHIL_DN","GSE27786_CD4_TCELL_VS_NEUTROPHIL_DN","56/4231","200/21355",0.00319809235826229,0.0045817276211438,0.00090887506048112
"GSE27786_LIN_NEG_VS_MONO_MAC_UP","GSE27786_LIN_NEG_VS_MONO_MAC_UP","56/4231","200/21355",0.00319809235826229,0.0045817276211438,0.00090887506048112
"GSE3203_HEALTHY_VS_INFLUENZA_INFECTED_LN_BCELL_UP","GSE3203_HEALTHY_VS_INFLUENZA_INFECTED_LN_BCELL_UP","56/4231","200/21355",0.00319809235826229,0.0045817276211438,0.00090887506048112
"GSE360_L_DONOVANI_VS_L_MAJOR_MAC_DN","GSE360_L_DONOVANI_VS_L_MAJOR_MAC_DN","56/4231","200/21355",0.00319809235826229,0.0045817276211438,0.00090887506048112
"GSE3720_VD1_VS_VD2_GAMMADELTA_TCELL_WITH_LPS_STIM_UP","GSE3720_VD1_VS_VD2_GAMMADELTA_TCELL_WITH_LPS_STIM_UP","56/4231","200/21355",0.00319809235826229,0.0045817276211438,0.00090887506048112
"GSE39820_TGFBETA3_IL6_VS_TGFBETA3_IL6_IL23A_TREATED_CD4_TCELL_DN","GSE39820_TGFBETA3_IL6_VS_TGFBETA3_IL6_IL23A_TREATED_CD4_TCELL_DN","56/4231","200/21355",0.00319809235826229,0.0045817276211438,0.00090887506048112
"GSE41867_DAY8_EFFECTOR_VS_DAY30_MEMORY_CD8_TCELL_LCMV_ARMSTRONG_UP","GSE41867_DAY8_EFFECTOR_VS_DAY30_MEMORY_CD8_TCELL_LCMV_ARMSTRONG_UP","56/4231","200/21355",0.00319809235826229,0.0045817276211438,0.00090887506048112
"GSE41867_LCMV_ARMSTRONG_VS_CLONE13_DAY6_EFFECTOR_CD8_TCELL_DN","GSE41867_LCMV_ARMSTRONG_VS_CLONE13_DAY6_EFFECTOR_CD8_TCELL_DN","56/4231","200/21355",0.00319809235826229,0.0045817276211438,0.00090887506048112
"GSE42021_CD24HI_VS_CD24INT_TCONV_THYMUS_DN","GSE42021_CD24HI_VS_CD24INT_TCONV_THYMUS_DN","56/4231","200/21355",0.00319809235826229,0.0045817276211438,0.00090887506048112
"GSE5503_LIVER_DC_VS_SPLEEN_DC_ACTIVATED_ALLOGENIC_TCELL_UP","GSE5503_LIVER_DC_VS_SPLEEN_DC_ACTIVATED_ALLOGENIC_TCELL_UP","56/4231","200/21355",0.00319809235826229,0.0045817276211438,0.00090887506048112
"GSE5542_IFNG_VS_IFNA_AND_IFNG_TREATED_EPITHELIAL_CELLS_24H_DN","GSE5542_IFNG_VS_IFNA_AND_IFNG_TREATED_EPITHELIAL_CELLS_24H_DN","56/4231","200/21355",0.00319809235826229,0.0045817276211438,0.00090887506048112
"GSE7460_CD8_TCELL_VS_CD4_TCELL_ACT_DN","GSE7460_CD8_TCELL_VS_CD4_TCELL_ACT_DN","56/4231","200/21355",0.00319809235826229,0.0045817276211438,0.00090887506048112
"GSE8921_UNSTIM_VS_TLR1_2_STIM_MONOCYTE_6H_UP","GSE8921_UNSTIM_VS_TLR1_2_STIM_MONOCYTE_6H_UP","56/4231","200/21355",0.00319809235826229,0.0045817276211438,0.00090887506048112
"GSE13485_DAY1_VS_DAY21_YF17D_VACCINE_PBMC_DN","GSE13485_DAY1_VS_DAY21_YF17D_VACCINE_PBMC_DN","55/4231","196/21355",0.00328737304004837,0.00470043910830905,0.00093242379995206
"GSE15215_CD2_POS_VS_NEG_PDC_UP","GSE15215_CD2_POS_VS_NEG_PDC_UP","55/4231","196/21355",0.00328737304004837,0.00470043910830905,0.00093242379995206
"GSE25088_WT_VS_STAT6_KO_MACROPHAGE_UP","GSE25088_WT_VS_STAT6_KO_MACROPHAGE_UP","55/4231","196/21355",0.00328737304004837,0.00470043910830905,0.00093242379995206
"GSE29618_BCELL_VS_MONOCYTE_DAY7_FLU_VACCINE_UP","GSE29618_BCELL_VS_MONOCYTE_DAY7_FLU_VACCINE_UP","55/4231","196/21355",0.00328737304004837,0.00470043910830905,0.00093242379995206
"GSE3982_BASOPHIL_VS_EFF_MEMORY_CD4_TCELL_DN","GSE3982_BASOPHIL_VS_EFF_MEMORY_CD4_TCELL_DN","55/4231","196/21355",0.00328737304004837,0.00470043910830905,0.00093242379995206
"GSE3982_MEMORY_CD4_TCELL_VS_TH2_UP","GSE3982_MEMORY_CD4_TCELL_VS_TH2_UP","55/4231","196/21355",0.00328737304004837,0.00470043910830905,0.00093242379995206
"NAKAYA_PLASMACYTOID_DENDRITIC_CELL_FLUARIX_FLUVIRIN_AGE_18_50YO_7DY_DN","NAKAYA_PLASMACYTOID_DENDRITIC_CELL_FLUARIX_FLUVIRIN_AGE_18_50YO_7DY_DN","55/4231","196/21355",0.00328737304004837,0.00470043910830905,0.00093242379995206
"GSE37301_HEMATOPOIETIC_STEM_CELL_VS_LYMPHOID_PRIMED_MPP_DN","GSE37301_HEMATOPOIETIC_STEM_CELL_VS_LYMPHOID_PRIMED_MPP_DN","49/4231","171/21355",0.00338906079682124,0.00484448567889171,0.000960998247491507
"QUEREC_MODEL_PBMC_YF_17D_VACCINE_AGE_18_45YO_3DY_PREDICTIVE","QUEREC_MODEL_PBMC_YF_17D_VACCINE_AGE_18_45YO_3DY_PREDICTIVE","18/4231","48/21355",0.0033914517161101,0.00484655185301934,0.000961408113439572
"HOEK_NEUTROPHIL_2011_2012_TIV_ADULT_1DY_DN","HOEK_NEUTROPHIL_2011_2012_TIV_ADULT_1DY_DN","22/4231","63/21355",0.00359173185935604,0.00513133152482137,0.00101789971722641
"GSE19941_LPS_VS_LPS_AND_IL10_STIM_IL10_KO_MACROPHAGE_DN","GSE19941_LPS_VS_LPS_AND_IL10_STIM_IL10_KO_MACROPHAGE_DN","46/4231","159/21355",0.00362510045270126,0.00517756057970093,0.0010270701521636
"GSE29618_LAIV_VS_TIV_FLU_VACCINE_DAY7_MDC_UP","GSE29618_LAIV_VS_TIV_FLU_VACCINE_DAY7_MDC_UP","55/4231","197/21355",0.00369755574704696,0.00527663439848627,0.00104672337699196
"GSE3982_MAST_CELL_VS_BCELL_DN","GSE3982_MAST_CELL_VS_BCELL_DN","55/4231","197/21355",0.00369755574704696,0.00527663439848627,0.00104672337699196
"GSE5542_UNTREATED_VS_IFNA_TREATED_EPITHELIAL_CELLS_24H_DN","GSE5542_UNTREATED_VS_IFNA_TREATED_EPITHELIAL_CELLS_24H_DN","55/4231","197/21355",0.00369755574704696,0.00527663439848627,0.00104672337699196
"GSE6269_STAPH_AUREUS_VS_STREP_PNEUMO_INF_PBMC_UP","GSE6269_STAPH_AUREUS_VS_STREP_PNEUMO_INF_PBMC_UP","50/4231","176/21355",0.00374999613957053,0.0053499805765206,0.00106127302234612
"GSE1112_HY_CD8AB_VS_HY_CD8AA_THYMOCYTE_RTOC_CULTURE_UP","GSE1112_HY_CD8AB_VS_HY_CD8AA_THYMOCYTE_RTOC_CULTURE_UP","54/4231","193/21355",0.00380299168418323,0.00542256894940841,0.00107567234226513
"GSE18791_CTRL_VS_NEWCASTLE_VIRUS_DC_18H_DN","GSE18791_CTRL_VS_NEWCASTLE_VIRUS_DC_18H_DN","54/4231","193/21355",0.00380299168418323,0.00542256894940841,0.00107567234226513
"GSE27241_WT_CTRL_VS_DIGOXIN_TREATED_RORGT_KO_CD4_TCELL_IN_TH17_POLARIZING_CONDITIONS_UP","GSE27241_WT_CTRL_VS_DIGOXIN_TREATED_RORGT_KO_CD4_TCELL_IN_TH17_POLARIZING_CONDITIONS_UP","49/4231","172/21355",0.00384468488276023,0.00548049352308925,0.0010871628115293
"GSE22045_TREG_VS_TCONV_UP","GSE22045_TREG_VS_TCONV_UP","53/4231","189/21355",0.00391006182230292,0.00557213703117175,0.00110534208926872
"GSE7509_UNSTIM_VS_FCGRIIB_STIM_MONOCYTE_UP","GSE7509_UNSTIM_VS_FCGRIIB_STIM_MONOCYTE_UP","48/4231","168/21355",0.00393962581608275,0.00561270759678716,0.00111339005246656
"GSE13522_CTRL_VS_T_CRUZI_G_STRAIN_INF_SKIN_UP","GSE13522_CTRL_VS_T_CRUZI_G_STRAIN_INF_SKIN_UP","55/4231","198/21355",0.00415110218383225,0.00589270279543731,0.00116893256266145
"GSE17186_MEMORY_VS_CD21HIGH_TRANSITIONAL_BCELL_UP","GSE17186_MEMORY_VS_CD21HIGH_TRANSITIONAL_BCELL_UP","55/4231","198/21355",0.00415110218383225,0.00589270279543731,0.00116893256266145
"GSE17974_2H_VS_72H_UNTREATED_IN_VITRO_CD4_TCELL_UP","GSE17974_2H_VS_72H_UNTREATED_IN_VITRO_CD4_TCELL_UP","55/4231","198/21355",0.00415110218383225,0.00589270279543731,0.00116893256266145
"GSE18804_SPLEEN_MACROPHAGE_VS_TUMORAL_MACROPHAGE_DN","GSE18804_SPLEEN_MACROPHAGE_VS_TUMORAL_MACROPHAGE_DN","55/4231","198/21355",0.00415110218383225,0.00589270279543731,0.00116893256266145
"GSE22501_PERIPHERAL_BLOOD_VS_CORD_BLOOD_TREG_UP","GSE22501_PERIPHERAL_BLOOD_VS_CORD_BLOOD_TREG_UP","55/4231","198/21355",0.00415110218383225,0.00589270279543731,0.00116893256266145
"GSE22886_CD8_TCELL_VS_BCELL_NAIVE_DN","GSE22886_CD8_TCELL_VS_BCELL_NAIVE_DN","55/4231","198/21355",0.00415110218383225,0.00589270279543731,0.00116893256266145
"GSE24574_BCL6_HIGH_TFH_VS_NAIVE_CD4_TCELL_UP","GSE24574_BCL6_HIGH_TFH_VS_NAIVE_CD4_TCELL_UP","55/4231","198/21355",0.00415110218383225,0.00589270279543731,0.00116893256266145
"GSE2770_IL12_AND_TGFB_VS_IL4_TREATED_ACT_CD4_TCELL_2H_UP","GSE2770_IL12_AND_TGFB_VS_IL4_TREATED_ACT_CD4_TCELL_2H_UP","55/4231","198/21355",0.00415110218383225,0.00589270279543731,0.00116893256266145
"GSE2770_TGFB_AND_IL4_VS_TGFB_AND_IL12_TREATED_ACT_CD4_TCELL_48H_UP","GSE2770_TGFB_AND_IL4_VS_TGFB_AND_IL12_TREATED_ACT_CD4_TCELL_48H_UP","55/4231","198/21355",0.00415110218383225,0.00589270279543731,0.00116893256266145
"GSE3982_CENT_MEMORY_CD4_TCELL_VS_NKCELL_UP","GSE3982_CENT_MEMORY_CD4_TCELL_VS_NKCELL_UP","55/4231","198/21355",0.00415110218383225,0.00589270279543731,0.00116893256266145
"GSE3982_NEUTROPHIL_VS_BCELL_DN","GSE3982_NEUTROPHIL_VS_BCELL_DN","55/4231","198/21355",0.00415110218383225,0.00589270279543731,0.00116893256266145
"GSE6259_BCELL_VS_CD4_TCELL_DN","GSE6259_BCELL_VS_CD4_TCELL_DN","55/4231","198/21355",0.00415110218383225,0.00589270279543731,0.00116893256266145
"GSE8685_IL2_STARVED_VS_IL15_ACT_IL2_STARVED_CD4_TCELL_UP","GSE8685_IL2_STARVED_VS_IL15_ACT_IL2_STARVED_CD4_TCELL_UP","55/4231","198/21355",0.00415110218383225,0.00589270279543731,0.00116893256266145
"GSE10463_CD40L_AND_VA347_VS_CD40L_IN_DC_UP","GSE10463_CD40L_AND_VA347_VS_CD40L_IN_DC_UP","54/4231","194/21355",0.00427333423936751,0.00605950520359554,0.00120202107453709
"GSE14000_TRANSLATED_RNA_VS_MRNA_4H_LPS_DC_DN","GSE14000_TRANSLATED_RNA_VS_MRNA_4H_LPS_DC_DN","54/4231","194/21355",0.00427333423936751,0.00605950520359554,0.00120202107453709
"GSE29617_CTRL_VS_DAY7_TIV_FLU_VACCINE_PBMC_2008_DN","GSE29617_CTRL_VS_DAY7_TIV_FLU_VACCINE_PBMC_2008_DN","54/4231","194/21355",0.00427333423936751,0.00605950520359554,0.00120202107453709
"GSE36476_YOUNG_VS_OLD_DONOR_MEMORY_CD4_TCELL_UP","GSE36476_YOUNG_VS_OLD_DONOR_MEMORY_CD4_TCELL_UP","54/4231","194/21355",0.00427333423936751,0.00605950520359554,0.00120202107453709
"GSE21063_CTRL_VS_ANTI_IGM_STIM_BCELL_3H_UP","GSE21063_CTRL_VS_ANTI_IGM_STIM_BCELL_3H_UP","53/4231","190/21355",0.00439778650458221,0.00622908362047207,0.00123566026190033
"GSE26495_PD1HIGH_VS_PD1LOW_CD8_TCELL_DN","GSE26495_PD1HIGH_VS_PD1LOW_CD8_TCELL_DN","53/4231","190/21355",0.00439778650458221,0.00622908362047207,0.00123566026190033
"GSE26928_EFF_MEM_VS_CENTR_MEM_CD4_TCELL_UP","GSE26928_EFF_MEM_VS_CENTR_MEM_CD4_TCELL_UP","53/4231","190/21355",0.00439778650458221,0.00622908362047207,0.00123566026190033
"GSE2706_R848_VS_R848_AND_LPS_2H_STIM_DC_DN","GSE2706_R848_VS_R848_AND_LPS_2H_STIM_DC_DN","53/4231","190/21355",0.00439778650458221,0.00622908362047207,0.00123566026190033
"GSE10094_LCMV_VS_LISTERIA_IND_EFF_CD4_TCELL_UP","GSE10094_LCMV_VS_LISTERIA_IND_EFF_CD4_TCELL_UP","55/4231","199/21355",0.00465163624155292,0.00655242851723009,0.00129980203044218
"GSE11961_PLASMA_CELL_DAY7_VS_GERMINAL_CENTER_BCELL_DAY40_DN","GSE11961_PLASMA_CELL_DAY7_VS_GERMINAL_CENTER_BCELL_DAY40_DN","55/4231","199/21355",0.00465163624155292,0.00655242851723009,0.00129980203044218
"GSE14308_TH17_VS_NAIVE_CD4_TCELL_DN","GSE14308_TH17_VS_NAIVE_CD4_TCELL_DN","55/4231","199/21355",0.00465163624155292,0.00655242851723009,0.00129980203044218
"GSE14308_TH2_VS_NATURAL_TREG_DN","GSE14308_TH2_VS_NATURAL_TREG_DN","55/4231","199/21355",0.00465163624155292,0.00655242851723009,0.00129980203044218
"GSE17721_CTRL_VS_POLYIC_24H_BMDC_UP","GSE17721_CTRL_VS_POLYIC_24H_BMDC_UP","55/4231","199/21355",0.00465163624155292,0.00655242851723009,0.00129980203044218
"GSE18791_CTRL_VS_NEWCASTLE_VIRUS_DC_10H_UP","GSE18791_CTRL_VS_NEWCASTLE_VIRUS_DC_10H_UP","55/4231","199/21355",0.00465163624155292,0.00655242851723009,0.00129980203044218
"GSE19888_ADENOSINE_A3R_INH_VS_ACT_IN_MAST_CELL_DN","GSE19888_ADENOSINE_A3R_INH_VS_ACT_IN_MAST_CELL_DN","55/4231","199/21355",0.00465163624155292,0.00655242851723009,0.00129980203044218
"GSE19888_CTRL_VS_A3R_ACT_TREATED_MAST_CELL_PRETREATED_WITH_A3R_INH_DN","GSE19888_CTRL_VS_A3R_ACT_TREATED_MAST_CELL_PRETREATED_WITH_A3R_INH_DN","55/4231","199/21355",0.00465163624155292,0.00655242851723009,0.00129980203044218
"GSE22611_NOD2_VS_MUTANT_NOD2_TRANSDUCED_HEK293T_CELL_UP","GSE22611_NOD2_VS_MUTANT_NOD2_TRANSDUCED_HEK293T_CELL_UP","55/4231","199/21355",0.00465163624155292,0.00655242851723009,0.00129980203044218
"GSE22886_NAIVE_CD4_TCELL_VS_12H_ACT_TH2_UP","GSE22886_NAIVE_CD4_TCELL_VS_12H_ACT_TH2_UP","55/4231","199/21355",0.00465163624155292,0.00655242851723009,0.00129980203044218
"GSE2770_UNTREATED_VS_TGFB_AND_IL12_TREATED_ACT_CD4_TCELL_2H_DN","GSE2770_UNTREATED_VS_TGFB_AND_IL12_TREATED_ACT_CD4_TCELL_2H_DN","55/4231","199/21355",0.00465163624155292,0.00655242851723009,0.00129980203044218
"GSE30153_LUPUS_VS_HEALTHY_DONOR_BCELL_UP","GSE30153_LUPUS_VS_HEALTHY_DONOR_BCELL_UP","55/4231","199/21355",0.00465163624155292,0.00655242851723009,0.00129980203044218
"GSE33513_TCF7_KO_VS_HET_EARLY_THYMIC_PROGENITOR_DN","GSE33513_TCF7_KO_VS_HET_EARLY_THYMIC_PROGENITOR_DN","55/4231","199/21355",0.00465163624155292,0.00655242851723009,0.00129980203044218
"GSE36888_UNTREATED_VS_IL2_TREATED_TCELL_6H_DN","GSE36888_UNTREATED_VS_IL2_TREATED_TCELL_6H_DN","55/4231","199/21355",0.00465163624155292,0.00655242851723009,0.00129980203044218
"GSE3982_MAST_CELL_VS_MAC_UP","GSE3982_MAST_CELL_VS_MAC_UP","55/4231","199/21355",0.00465163624155292,0.00655242851723009,0.00129980203044218
"GSE40225_WT_VS_RIP_B7X_DIABETIC_MOUSE_PANCREATIC_CD8_TCELL_UP","GSE40225_WT_VS_RIP_B7X_DIABETIC_MOUSE_PANCREATIC_CD8_TCELL_UP","55/4231","199/21355",0.00465163624155292,0.00655242851723009,0.00129980203044218
"GSE43955_10H_VS_30H_ACT_CD4_TCELL_WITH_TGFB_IL6_DN","GSE43955_10H_VS_30H_ACT_CD4_TCELL_WITH_TGFB_IL6_DN","55/4231","199/21355",0.00465163624155292,0.00655242851723009,0.00129980203044218
"GSE5589_WT_VS_IL6_KO_LPS_AND_IL6_STIM_MACROPHAGE_45MIN_DN","GSE5589_WT_VS_IL6_KO_LPS_AND_IL6_STIM_MACROPHAGE_45MIN_DN","55/4231","199/21355",0.00465163624155292,0.00655242851723009,0.00129980203044218
"GSE7852_TREG_VS_TCONV_THYMUS_DN","GSE7852_TREG_VS_TCONV_THYMUS_DN","55/4231","199/21355",0.00465163624155292,0.00655242851723009,0.00129980203044218
"GSE8621_UNSTIM_VS_LPS_PRIMED_AND_LPS_STIM_MACROPHAGE_DN","GSE8621_UNSTIM_VS_LPS_PRIMED_AND_LPS_STIM_MACROPHAGE_DN","55/4231","199/21355",0.00465163624155292,0.00655242851723009,0.00129980203044218
"GSE20484_MCSG_VS_CXCL4_MONOCYTE_DERIVED_MACROPHAGE_DN","GSE20484_MCSG_VS_CXCL4_MONOCYTE_DERIVED_MACROPHAGE_DN","54/4231","195/21355",0.00479273273261683,0.00674376831935051,0.00133775801312044
"GSE2770_TGFB_AND_IL4_VS_TGFB_AND_IL12_TREATED_ACT_CD4_TCELL_2H_DN","GSE2770_TGFB_AND_IL4_VS_TGFB_AND_IL12_TREATED_ACT_CD4_TCELL_2H_DN","54/4231","195/21355",0.00479273273261683,0.00674376831935051,0.00133775801312044
"GSE45365_CTRL_VS_MCMV_INFECTION_NK_CELL_DN","GSE45365_CTRL_VS_MCMV_INFECTION_NK_CELL_DN","54/4231","195/21355",0.00479273273261683,0.00674376831935051,0.00133775801312044
"GSE46606_UNSTIM_VS_CD40L_IL2_IL5_1DAY_STIMULATED_IRF4_KO_BCELL_DN","GSE46606_UNSTIM_VS_CD40L_IL2_IL5_1DAY_STIMULATED_IRF4_KO_BCELL_DN","54/4231","195/21355",0.00479273273261683,0.00674376831935051,0.00133775801312044
"GSE3720_UNSTIM_VS_LPS_STIM_VD2_GAMMADELTA_TCELL_DN","GSE3720_UNSTIM_VS_LPS_STIM_VD2_GAMMADELTA_TCELL_DN","44/4231","153/21355",0.0049189109696631,0.00691751375322169,0.00137222380960062
"GSE40274_EOS_VS_FOXP3_AND_EOS_TRANSDUCED_ACTIVATED_CD4_TCELL_UP","GSE40274_EOS_VS_FOXP3_AND_EOS_TRANSDUCED_ACTIVATED_CD4_TCELL_UP","44/4231","153/21355",0.0049189109696631,0.00691751375322169,0.00137222380960062
"GSE14415_INDUCED_VS_NATURAL_TREG_UP","GSE14415_INDUCED_VS_NATURAL_TREG_UP","43/4231","149/21355",0.00503122041561042,0.00707351504399864,0.00140316970912021
"GSE3920_IFNA_VS_IFNG_TREATED_ENDOTHELIAL_CELL_UP","GSE3920_IFNA_VS_IFNG_TREATED_ENDOTHELIAL_CELL_UP","48/4231","170/21355",0.00504878443216134,0.00709626240725502,0.00140768209240987
"GSE13306_RA_VS_UNTREATED_TCONV_UP","GSE13306_RA_VS_UNTREATED_TCONV_UP","55/4231","200/21355",0.00520298047314587,0.00723169140600481,0.00143454707645248
"GSE13306_RA_VS_UNTREATED_TREG_DN","GSE13306_RA_VS_UNTREATED_TREG_DN","55/4231","200/21355",0.00520298047314587,0.00723169140600481,0.00143454707645248
"GSE14026_TH1_VS_TH17_DN","GSE14026_TH1_VS_TH17_DN","55/4231","200/21355",0.00520298047314587,0.00723169140600481,0.00143454707645248
"GSE14308_TH17_VS_NATURAL_TREG_DN","GSE14308_TH17_VS_NATURAL_TREG_DN","55/4231","200/21355",0.00520298047314587,0.00723169140600481,0.00143454707645248
"GSE14908_RESTING_VS_HDM_STIM_CD4_TCELL_NONATOPIC_PATIENT_UP","GSE14908_RESTING_VS_HDM_STIM_CD4_TCELL_NONATOPIC_PATIENT_UP","55/4231","200/21355",0.00520298047314587,0.00723169140600481,0.00143454707645248
"GSE15330_WT_VS_IKAROS_KO_MEGAKARYOCYTE_ERYTHROID_PROGENITOR_UP","GSE15330_WT_VS_IKAROS_KO_MEGAKARYOCYTE_ERYTHROID_PROGENITOR_UP","55/4231","200/21355",0.00520298047314587,0.00723169140600481,0.00143454707645248
"GSE17580_UNINFECTED_VS_S_MANSONI_INF_TEFF_UP","GSE17580_UNINFECTED_VS_S_MANSONI_INF_TEFF_UP","55/4231","200/21355",0.00520298047314587,0.00723169140600481,0.00143454707645248
"GSE17721_0.5H_VS_12H_PAM3CSK4_BMDC_DN","GSE17721_0.5H_VS_12H_PAM3CSK4_BMDC_DN","55/4231","200/21355",0.00520298047314587,0.00723169140600481,0.00143454707645248
"GSE17721_LPS_VS_CPG_4H_BMDC_UP","GSE17721_LPS_VS_CPG_4H_BMDC_UP","55/4231","200/21355",0.00520298047314587,0.00723169140600481,0.00143454707645248
"GSE17721_PAM3CSK4_VS_CPG_16H_BMDC_UP","GSE17721_PAM3CSK4_VS_CPG_16H_BMDC_UP","55/4231","200/21355",0.00520298047314587,0.00723169140600481,0.00143454707645248
"GSE17721_PAM3CSK4_VS_GADIQUIMOD_24H_BMDC_DN","GSE17721_PAM3CSK4_VS_GADIQUIMOD_24H_BMDC_DN","55/4231","200/21355",0.00520298047314587,0.00723169140600481,0.00143454707645248
"GSE17721_POLYIC_VS_GARDIQUIMOD_12H_BMDC_UP","GSE17721_POLYIC_VS_GARDIQUIMOD_12H_BMDC_UP","55/4231","200/21355",0.00520298047314587,0.00723169140600481,0.00143454707645248
"GSE18281_CORTICAL_THYMOCYTE_VS_WHOLE_CORTEX_THYMUS_DN","GSE18281_CORTICAL_THYMOCYTE_VS_WHOLE_CORTEX_THYMUS_DN","55/4231","200/21355",0.00520298047314587,0.00723169140600481,0.00143454707645248
"GSE18893_TCONV_VS_TREG_2H_CULTURE_UP","GSE18893_TCONV_VS_TREG_2H_CULTURE_UP","55/4231","200/21355",0.00520298047314587,0.00723169140600481,0.00143454707645248
"GSE19923_WT_VS_HEB_KO_DP_THYMOCYTE_UP","GSE19923_WT_VS_HEB_KO_DP_THYMOCYTE_UP","55/4231","200/21355",0.00520298047314587,0.00723169140600481,0.00143454707645248
"GSE2128_C57BL6_VS_NOD_CD4CD8_DP_THYMOCYTE_DN","GSE2128_C57BL6_VS_NOD_CD4CD8_DP_THYMOCYTE_DN","55/4231","200/21355",0.00520298047314587,0.00723169140600481,0.00143454707645248
"GSE2128_C57BL6_VS_NOD_THYMOCYTE_DN","GSE2128_C57BL6_VS_NOD_THYMOCYTE_DN","55/4231","200/21355",0.00520298047314587,0.00723169140600481,0.00143454707645248
"GSE21546_WT_VS_SAP1A_KO_ANTI_CD3_STIM_DP_THYMOCYTES_DN","GSE21546_WT_VS_SAP1A_KO_ANTI_CD3_STIM_DP_THYMOCYTES_DN","55/4231","200/21355",0.00520298047314587,0.00723169140600481,0.00143454707645248
"GSE22025_UNTREATED_VS_TGFB1_AND_PROGESTERONE_TREATED_CD4_TCELL_UP","GSE22025_UNTREATED_VS_TGFB1_AND_PROGESTERONE_TREATED_CD4_TCELL_UP","55/4231","200/21355",0.00520298047314587,0.00723169140600481,0.00143454707645248
"GSE23321_CENTRAL_VS_EFFECTOR_MEMORY_CD8_TCELL_DN","GSE23321_CENTRAL_VS_EFFECTOR_MEMORY_CD8_TCELL_DN","55/4231","200/21355",0.00520298047314587,0.00723169140600481,0.00143454707645248
"GSE2405_0H_VS_3H_A_PHAGOCYTOPHILUM_STIM_NEUTROPHIL_UP","GSE2405_0H_VS_3H_A_PHAGOCYTOPHILUM_STIM_NEUTROPHIL_UP","55/4231","200/21355",0.00520298047314587,0.00723169140600481,0.00143454707645248
"GSE2405_S_AUREUS_VS_A_PHAGOCYTOPHILUM_NEUTROPHIL_DN","GSE2405_S_AUREUS_VS_A_PHAGOCYTOPHILUM_NEUTROPHIL_DN","55/4231","200/21355",0.00520298047314587,0.00723169140600481,0.00143454707645248
"GSE24142_ADULT_VS_FETAL_EARLY_THYMIC_PROGENITOR_DN","GSE24142_ADULT_VS_FETAL_EARLY_THYMIC_PROGENITOR_DN","55/4231","200/21355",0.00520298047314587,0.00723169140600481,0.00143454707645248
"GSE24142_EARLY_THYMIC_PROGENITOR_VS_DN3_THYMOCYTE_ADULT_DN","GSE24142_EARLY_THYMIC_PROGENITOR_VS_DN3_THYMOCYTE_ADULT_DN","55/4231","200/21355",0.00520298047314587,0.00723169140600481,0.00143454707645248
"GSE24210_IL35_TREATED_VS_RESTING_TREG_UP","GSE24210_IL35_TREATED_VS_RESTING_TREG_UP","55/4231","200/21355",0.00520298047314587,0.00723169140600481,0.00143454707645248
"GSE25123_CTRL_VS_IL4_AND_ROSIGLITAZONE_STIM_PPARG_KO_MACROPHAGE_UP","GSE25123_CTRL_VS_IL4_AND_ROSIGLITAZONE_STIM_PPARG_KO_MACROPHAGE_UP","55/4231","200/21355",0.00520298047314587,0.00723169140600481,0.00143454707645248
"GSE25123_WT_VS_PPARG_KO_MACROPHAGE_IL4_STIM_UP","GSE25123_WT_VS_PPARG_KO_MACROPHAGE_IL4_STIM_UP","55/4231","200/21355",0.00520298047314587,0.00723169140600481,0.00143454707645248
"GSE2585_CTEC_VS_THYMIC_DC_DN","GSE2585_CTEC_VS_THYMIC_DC_DN","55/4231","200/21355",0.00520298047314587,0.00723169140600481,0.00143454707645248
"GSE2770_TGFB_AND_IL4_VS_TGFB_AND_IL12_TREATED_ACT_CD4_TCELL_6H_DN","GSE2770_TGFB_AND_IL4_VS_TGFB_AND_IL12_TREATED_ACT_CD4_TCELL_6H_DN","55/4231","200/21355",0.00520298047314587,0.00723169140600481,0.00143454707645248
"GSE360_CTRL_VS_B_MALAYI_HIGH_DOSE_MAC_DN","GSE360_CTRL_VS_B_MALAYI_HIGH_DOSE_MAC_DN","55/4231","200/21355",0.00520298047314587,0.00723169140600481,0.00143454707645248
"GSE369_PRE_VS_POST_IL6_INJECTION_IFNG_KO_LIVER_DN","GSE369_PRE_VS_POST_IL6_INJECTION_IFNG_KO_LIVER_DN","55/4231","200/21355",0.00520298047314587,0.00723169140600481,0.00143454707645248
"GSE3691_IFN_PRODUCING_KILLER_DC_VS_CONVENTIONAL_DC_SPLEEN_DN","GSE3691_IFN_PRODUCING_KILLER_DC_VS_CONVENTIONAL_DC_SPLEEN_DN","55/4231","200/21355",0.00520298047314587,0.00723169140600481,0.00143454707645248
"GSE37533_PPARG1_FOXP3_VS_FOXP3_TRANSDUCED_CD4_TCELL_UP","GSE37533_PPARG1_FOXP3_VS_FOXP3_TRANSDUCED_CD4_TCELL_UP","55/4231","200/21355",0.00520298047314587,0.00723169140600481,0.00143454707645248
"GSE40274_FOXP3_VS_FOXP3_AND_LEF1_TRANSDUCED_ACTIVATED_CD4_TCELL_DN","GSE40274_FOXP3_VS_FOXP3_AND_LEF1_TRANSDUCED_ACTIVATED_CD4_TCELL_DN","55/4231","200/21355",0.00520298047314587,0.00723169140600481,0.00143454707645248
"GSE4142_GC_BCELL_VS_MEMORY_BCELL_DN","GSE4142_GC_BCELL_VS_MEMORY_BCELL_DN","55/4231","200/21355",0.00520298047314587,0.00723169140600481,0.00143454707645248
"GSE41867_DAY6_VS_DAY8_LCMV_ARMSTRONG_EFFECTOR_CD8_TCELL_UP","GSE41867_DAY6_VS_DAY8_LCMV_ARMSTRONG_EFFECTOR_CD8_TCELL_UP","55/4231","200/21355",0.00520298047314587,0.00723169140600481,0.00143454707645248
"GSE43955_TH0_VS_TGFB_IL6_TH17_ACT_CD4_TCELL_30H_UP","GSE43955_TH0_VS_TGFB_IL6_TH17_ACT_CD4_TCELL_30H_UP","55/4231","200/21355",0.00520298047314587,0.00723169140600481,0.00143454707645248
"GSE43955_TH0_VS_TGFB_IL6_TH17_ACT_CD4_TCELL_42H_DN","GSE43955_TH0_VS_TGFB_IL6_TH17_ACT_CD4_TCELL_42H_DN","55/4231","200/21355",0.00520298047314587,0.00723169140600481,0.00143454707645248
"GSE43955_TH0_VS_TGFB_IL6_TH17_ACT_CD4_TCELL_60H_UP","GSE43955_TH0_VS_TGFB_IL6_TH17_ACT_CD4_TCELL_60H_UP","55/4231","200/21355",0.00520298047314587,0.00723169140600481,0.00143454707645248
"GSE5542_IFNA_VS_IFNA_AND_IFNG_TREATED_EPITHELIAL_CELLS_6H_UP","GSE5542_IFNA_VS_IFNA_AND_IFNG_TREATED_EPITHELIAL_CELLS_6H_UP","55/4231","200/21355",0.00520298047314587,0.00723169140600481,0.00143454707645248
"GSE9037_CTRL_VS_LPS_1H_STIM_BMDM_DN","GSE9037_CTRL_VS_LPS_1H_STIM_BMDM_DN","55/4231","200/21355",0.00520298047314587,0.00723169140600481,0.00143454707645248
"GSE13547_CTRL_VS_ANTI_IGM_STIM_ZFX_KO_BCELL_12H_DN","GSE13547_CTRL_VS_ANTI_IGM_STIM_ZFX_KO_BCELL_12H_DN","46/4231","162/21355",0.00531904243088943,0.00739100338865255,0.0014661497162943
"GSE14000_TRANSLATED_RNA_VS_MRNA_16H_LPS_DC_DN","GSE14000_TRANSLATED_RNA_VS_MRNA_16H_LPS_DC_DN","54/4231","196/21355",0.00536519346077666,0.00745311156637972,0.00147847008504072
"LI_PBMC_MENACTRA_AGE_18_45YO_ANTI_POLYSACCHARIDE_ANTIBODY_CORRELATION_PROFILE_3DY_UP","LI_PBMC_MENACTRA_AGE_18_45YO_ANTI_POLYSACCHARIDE_ANTIBODY_CORRELATION_PROFILE_3DY_UP","13/4231","32/21355",0.00553677817403112,0.0076893863235122,0.00152533979270033
"GSE6259_DEC205_POS_DC_VS_CD8_TCELL_DN","GSE6259_DEC205_POS_DC_VS_CD8_TCELL_DN","44/4231","154/21355",0.00559162817066796,0.00776345774724918,0.00154003330468873
"GSE2935_UV_INACTIVATED_VS_LIVE_SENDAI_VIRUS_INF_MACROPHAGE_UP","GSE2935_UV_INACTIVATED_VS_LIVE_SENDAI_VIRUS_INF_MACROPHAGE_UP","48/4231","171/21355",0.00569648146058672,0.00790689519820404,0.00156848692146644
"GSE21063_CTRL_VS_ANTI_IGM_STIM_BCELL_NFATC1_KO_3H_DN","GSE21063_CTRL_VS_ANTI_IGM_STIM_BCELL_NFATC1_KO_3H_DN","52/4231","188/21355",0.00570066733872595,0.00791056328595268,0.00156921455823363
"GSE19401_UNSTIM_VS_PAM2CSK4_STIM_FOLLICULAR_DC_UP","GSE19401_UNSTIM_VS_PAM2CSK4_STIM_FOLLICULAR_DC_UP","54/4231","197/21355",0.00599493077924809,0.00830540950660154,0.00164754000931825
"GSE3982_BCELL_VS_NKCELL_UP","GSE3982_BCELL_VS_NKCELL_UP","54/4231","197/21355",0.00599493077924809,0.00830540950660154,0.00164754000931825
"GSE3982_EOSINOPHIL_VS_NKCELL_DN","GSE3982_EOSINOPHIL_VS_NKCELL_DN","54/4231","197/21355",0.00599493077924809,0.00830540950660154,0.00164754000931825
"GSE45365_CD8A_DC_VS_CD11B_DC_UP","GSE45365_CD8A_DC_VS_CD11B_DC_UP","54/4231","197/21355",0.00599493077924809,0.00830540950660154,0.00164754000931825
"GSE4984_LPS_VS_VEHICLE_CTRL_TREATED_DC_UP","GSE4984_LPS_VS_VEHICLE_CTRL_TREATED_DC_UP","54/4231","197/21355",0.00599493077924809,0.00830540950660154,0.00164754000931825
"GSE7460_TREG_VS_TCONV_ACT_DN","GSE7460_TREG_VS_TCONV_ACT_DN","54/4231","197/21355",0.00599493077924809,0.00830540950660154,0.00164754000931825
"GSE40274_CTRL_VS_FOXP3_AND_SATB1_TRANSDUCED_ACTIVATED_CD4_TCELL_DN","GSE40274_CTRL_VS_FOXP3_AND_SATB1_TRANSDUCED_ACTIVATED_CD4_TCELL_DN","46/4231","163/21355",0.00601572447193025,0.00833196531832328,0.00165280787266162
"GSE37301_CD4_TCELL_VS_GRANULOCYTE_MONOCYTE_PROGENITOR_DN","GSE37301_CD4_TCELL_VS_GRANULOCYTE_MONOCYTE_PROGENITOR_DN","50/4231","180/21355",0.0060503595439119,0.00837540994385428,0.00166142596171494
"GSE40274_FOXP3_VS_FOXP3_AND_SATB1_TRANSDUCED_ACTIVATED_CD4_TCELL_DN","GSE40274_FOXP3_VS_FOXP3_AND_SATB1_TRANSDUCED_ACTIVATED_CD4_TCELL_DN","50/4231","180/21355",0.0060503595439119,0.00837540994385428,0.00166142596171494
"GSE21033_CTRL_VS_POLYIC_STIM_DC_24H_DN","GSE21033_CTRL_VS_POLYIC_STIM_DC_24H_DN","45/4231","159/21355",0.00617764051757581,0.00854929408560842,0.00169591927360982
"GSE1460_NAIVE_CD4_TCELL_ADULT_BLOOD_VS_THYMIC_STROMAL_CELL_UP","GSE1460_NAIVE_CD4_TCELL_ADULT_BLOOD_VS_THYMIC_STROMAL_CELL_UP","53/4231","193/21355",0.00618532513387452,0.00855761852530116,0.00169757058862782
"GSE12963_UNINF_VS_ENV_AND_NEF_AND_VPR_DEFICIENT_HIV1_INF_CD4_TCELL_DN","GSE12963_UNINF_VS_ENV_AND_NEF_AND_VPR_DEFICIENT_HIV1_INF_CD4_TCELL_DN","39/4231","134/21355",0.0062600138959541,0.00865861609030241,0.00171760542604927
"PATEL_SKIN_OF_BODY_ZOSTAVAX_AGE_70_93YO_VZV_CHALLENGE_6HR_TOP_30_DEG_UP","PATEL_SKIN_OF_BODY_ZOSTAVAX_AGE_70_93YO_VZV_CHALLENGE_6HR_TOP_30_DEG_UP","12/4231","29/21355",0.00638473047183351,0.00882873709161548,0.00175135224562099
"GSE13229_MATURE_VS_INTMATURE_NKCELL_DN","GSE13229_MATURE_VS_INTMATURE_NKCELL_DN","54/4231","198/21355",0.00668636650252894,0.00922096171427586,0.00182915765159876
"GSE13411_IGM_MEMORY_BCELL_VS_PLASMA_CELL_DN","GSE13411_IGM_MEMORY_BCELL_VS_PLASMA_CELL_DN","54/4231","198/21355",0.00668636650252894,0.00922096171427586,0.00182915765159876
"GSE18791_CTRL_VS_NEWCASTLE_VIRUS_DC_12H_DN","GSE18791_CTRL_VS_NEWCASTLE_VIRUS_DC_12H_DN","54/4231","198/21355",0.00668636650252894,0.00922096171427586,0.00182915765159876
"GSE20152_SPHK1_KO_VS_WT_HTNFA_OVERXPRESS_ANKLE_UP","GSE20152_SPHK1_KO_VS_WT_HTNFA_OVERXPRESS_ANKLE_UP","54/4231","198/21355",0.00668636650252894,0.00922096171427586,0.00182915765159876
"GSE22025_PROGESTERONE_VS_TGFB1_AND_PROGESTERONE_TREATED_CD4_TCELL_DN","GSE22025_PROGESTERONE_VS_TGFB1_AND_PROGESTERONE_TREATED_CD4_TCELL_DN","54/4231","198/21355",0.00668636650252894,0.00922096171427586,0.00182915765159876
"GSE22886_IGM_MEMORY_BCELL_VS_BLOOD_PLASMA_CELL_UP","GSE22886_IGM_MEMORY_BCELL_VS_BLOOD_PLASMA_CELL_UP","54/4231","198/21355",0.00668636650252894,0.00922096171427586,0.00182915765159876
"GSE33162_UNTREATED_VS_4H_LPS_STIM_HDAC3_HET_MACROPHAGE_UP","GSE33162_UNTREATED_VS_4H_LPS_STIM_HDAC3_HET_MACROPHAGE_UP","54/4231","198/21355",0.00668636650252894,0.00922096171427586,0.00182915765159876
"GSE36009_UNSTIM_VS_LPS_STIM_NLRP10_KO_DC_DN","GSE36009_UNSTIM_VS_LPS_STIM_NLRP10_KO_DC_DN","54/4231","198/21355",0.00668636650252894,0.00922096171427586,0.00182915765159876
"GSE36476_CTRL_VS_TSST_ACT_72H_MEMORY_CD4_TCELL_OLD_UP","GSE36476_CTRL_VS_TSST_ACT_72H_MEMORY_CD4_TCELL_OLD_UP","54/4231","198/21355",0.00668636650252894,0.00922096171427586,0.00182915765159876
"GSE3720_VD1_VS_VD2_GAMMADELTA_TCELL_UP","GSE3720_VD1_VS_VD2_GAMMADELTA_TCELL_UP","54/4231","198/21355",0.00668636650252894,0.00922096171427586,0.00182915765159876
"GSE37605_C57BL6_VS_NOD_FOXP3_IRES_GFP_TCONV_UP","GSE37605_C57BL6_VS_NOD_FOXP3_IRES_GFP_TCONV_UP","41/4231","143/21355",0.00683154809551327,0.00941864323227569,0.00186837163734487
"GSE4590_SMALL_VS_VPREB_POS_LARGE_PRE_BCELL_DN","GSE4590_SMALL_VS_VPREB_POS_LARGE_PRE_BCELL_DN","45/4231","160/21355",0.00697920348378693,0.00961962814140678,0.0019082409151691
"HOFT_CD4_POSITIVE_ALPHA_BETA_MEMORY_T_CELL_BCG_VACCINE_AGE_18_45YO_7DY_UP","HOFT_CD4_POSITIVE_ALPHA_BETA_MEMORY_T_CELL_BCG_VACCINE_AGE_18_45YO_7DY_UP","15/4231","40/21355",0.00719032687261649,0.00990796116909465,0.00196543739641979
"GSE14415_FOXP3_KO_NATURAL_TREG_VS_TCONV_DN","GSE14415_FOXP3_KO_NATURAL_TREG_VS_TCONV_DN","48/4231","173/21355",0.00720488212496521,0.00992534957607409,0.00196888672618181
"GSE10211_UV_INACT_SENDAI_VS_LIVE_SENDAI_VIRUS_TRACHEAL_EPITHELIAL_CELLS_UP","GSE10211_UV_INACT_SENDAI_VS_LIVE_SENDAI_VIRUS_TRACHEAL_EPITHELIAL_CELLS_UP","43/4231","152/21355",0.00736743259467257,0.010146550102174,0.00201276616602667
"GSE17721_0.5H_VS_24H_LPS_BMDC_DN","GSE17721_0.5H_VS_24H_LPS_BMDC_DN","54/4231","199/21355",0.00744412811696145,0.0102219664418817,0.00202772646833639
"GSE17721_LPS_VS_GARDIQUIMOD_0.5H_BMDC_UP","GSE17721_LPS_VS_GARDIQUIMOD_0.5H_BMDC_UP","54/4231","199/21355",0.00744412811696145,0.0102219664418817,0.00202772646833639
"GSE18804_SPLEEN_MACROPHAGE_VS_TUMORAL_MACROPHAGE_UP","GSE18804_SPLEEN_MACROPHAGE_VS_TUMORAL_MACROPHAGE_UP","54/4231","199/21355",0.00744412811696145,0.0102219664418817,0.00202772646833639
"GSE19888_ADENOSINE_A3R_ACT_VS_A3R_ACT_WITH_A3R_INH_PRETREATMENT_IN_MAST_CELL_DN","GSE19888_ADENOSINE_A3R_ACT_VS_A3R_ACT_WITH_A3R_INH_PRETREATMENT_IN_MAST_CELL_DN","54/4231","199/21355",0.00744412811696145,0.0102219664418817,0.00202772646833639
"GSE22025_UNTREATED_VS_TGFB1_TREATED_CD4_TCELL_UP","GSE22025_UNTREATED_VS_TGFB1_TREATED_CD4_TCELL_UP","54/4231","199/21355",0.00744412811696145,0.0102219664418817,0.00202772646833639
"GSE25123_CTRL_VS_IL4_STIM_PPARG_KO_MACROPHAGE_DN","GSE25123_CTRL_VS_IL4_STIM_PPARG_KO_MACROPHAGE_DN","54/4231","199/21355",0.00744412811696145,0.0102219664418817,0.00202772646833639
"GSE3039_ALPHABETA_CD8_TCELL_VS_B2_BCELL_UP","GSE3039_ALPHABETA_CD8_TCELL_VS_B2_BCELL_UP","54/4231","199/21355",0.00744412811696145,0.0102219664418817,0.00202772646833639
"GSE33162_UNTREATED_VS_4H_LPS_STIM_HDAC3_HET_MACROPHAGE_DN","GSE33162_UNTREATED_VS_4H_LPS_STIM_HDAC3_HET_MACROPHAGE_DN","54/4231","199/21355",0.00744412811696145,0.0102219664418817,0.00202772646833639
"GSE369_SOCS3_KO_VS_WT_LIVER_UP","GSE369_SOCS3_KO_VS_WT_LIVER_UP","54/4231","199/21355",0.00744412811696145,0.0102219664418817,0.00202772646833639
"GSE40184_HEALTHY_VS_HCV_INFECTED_DONOR_PBMC_UP","GSE40184_HEALTHY_VS_HCV_INFECTED_DONOR_PBMC_UP","54/4231","199/21355",0.00744412811696145,0.0102219664418817,0.00202772646833639
"GSE42021_TCONV_PLN_VS_CD24HI_TCONV_THYMUS_DN","GSE42021_TCONV_PLN_VS_CD24HI_TCONV_THYMUS_DN","54/4231","199/21355",0.00744412811696145,0.0102219664418817,0.00202772646833639
"THAKAR_PBMC_INACTIVATED_INFLUENZA_AGE_21_30YO_NONRESPONDER_7DY_UP","THAKAR_PBMC_INACTIVATED_INFLUENZA_AGE_21_30YO_NONRESPONDER_7DY_UP","37/4231","127/21355",0.00746790698347046,0.0102518723077851,0.00203365888028429
"GSE2706_UNSTIM_VS_2H_R848_DC_UP","GSE2706_UNSTIM_VS_2H_R848_DC_UP","53/4231","195/21355",0.00769203120266514,0.0105510708977419,0.00209301075779179
"GSE45365_CD8A_DC_VS_CD11B_DC_IFNAR_KO_UP","GSE45365_CD8A_DC_VS_CD11B_DC_IFNAR_KO_UP","53/4231","195/21355",0.00769203120266514,0.0105510708977419,0.00209301075779179
"GSE45365_WT_VS_IFNAR_KO_BCELL_UP","GSE45365_WT_VS_IFNAR_KO_BCELL_UP","53/4231","195/21355",0.00769203120266514,0.0105510708977419,0.00209301075779179
"THAKAR_PBMC_INACTIVATED_INFLUENZA_AGE_21_30YO_NONRESPONDER_28DY_UP","THAKAR_PBMC_INACTIVATED_INFLUENZA_AGE_21_30YO_NONRESPONDER_28DY_UP","48/4231","174/21355",0.0080770994053089,0.0110763005756055,0.00219720031131998
"GSE13522_CTRL_VS_T_CRUZI_Y_STRAIN_INF_SKIN_IFNG_KO_UP","GSE13522_CTRL_VS_T_CRUZI_Y_STRAIN_INF_SKIN_IFNG_KO_UP","44/4231","157/21355",0.00809402767948735,0.0110965461045874,0.00220121640697197
"GSE10240_CTRL_VS_IL17_STIM_PRIMARY_BRONCHIAL_EPITHELIAL_CELLS_UP","GSE10240_CTRL_VS_IL17_STIM_PRIMARY_BRONCHIAL_EPITHELIAL_CELLS_UP","54/4231","200/21355",0.0082730457386465,0.0112278613863654,0.00222726535499701
"GSE11924_TFH_VS_TH1_CD4_TCELL_DN","GSE11924_TFH_VS_TH1_CD4_TCELL_DN","54/4231","200/21355",0.0082730457386465,0.0112278613863654,0.00222726535499701
"GSE11961_FOLLICULAR_BCELL_VS_MEMORY_BCELL_DAY7_DN","GSE11961_FOLLICULAR_BCELL_VS_MEMORY_BCELL_DAY7_DN","54/4231","200/21355",0.0082730457386465,0.0112278613863654,0.00222726535499701
"GSE11961_GERMINAL_CENTER_BCELL_DAY7_VS_MEMORY_BCELL_DAY40_UP","GSE11961_GERMINAL_CENTER_BCELL_DAY7_VS_MEMORY_BCELL_DAY40_UP","54/4231","200/21355",0.0082730457386465,0.0112278613863654,0.00222726535499701
"GSE11961_MEMORY_BCELL_DAY40_VS_GERMINAL_CENTER_BCELL_DAY40_DN","GSE11961_MEMORY_BCELL_DAY40_VS_GERMINAL_CENTER_BCELL_DAY40_DN","54/4231","200/21355",0.0082730457386465,0.0112278613863654,0.00222726535499701
"GSE14308_TH1_VS_NAIVE_CD4_TCELL_DN","GSE14308_TH1_VS_NAIVE_CD4_TCELL_DN","54/4231","200/21355",0.0082730457386465,0.0112278613863654,0.00222726535499701
"GSE14908_ATOPIC_VS_NONATOPIC_PATIENT_HDM_STIM_CD4_TCELL_UP","GSE14908_ATOPIC_VS_NONATOPIC_PATIENT_HDM_STIM_CD4_TCELL_UP","54/4231","200/21355",0.0082730457386465,0.0112278613863654,0.00222726535499701
"GSE15324_NAIVE_VS_ACTIVATED_CD8_TCELL_UP","GSE15324_NAIVE_VS_ACTIVATED_CD8_TCELL_UP","54/4231","200/21355",0.0082730457386465,0.0112278613863654,0.00222726535499701
"GSE15330_HSC_VS_GRANULOCYTE_MONOCYTE_PROGENITOR_DN","GSE15330_HSC_VS_GRANULOCYTE_MONOCYTE_PROGENITOR_DN","54/4231","200/21355",0.0082730457386465,0.0112278613863654,0.00222726535499701
"GSE16385_ROSIGLITAZONE_IL4_VS_IFNG_TNF_STIM_MACROPHAGE_UP","GSE16385_ROSIGLITAZONE_IL4_VS_IFNG_TNF_STIM_MACROPHAGE_UP","54/4231","200/21355",0.0082730457386465,0.0112278613863654,0.00222726535499701
"GSE17721_CTRL_VS_GARDIQUIMOD_4H_BMDC_DN","GSE17721_CTRL_VS_GARDIQUIMOD_4H_BMDC_DN","54/4231","200/21355",0.0082730457386465,0.0112278613863654,0.00222726535499701
"GSE17721_CTRL_VS_LPS_4H_BMDC_DN","GSE17721_CTRL_VS_LPS_4H_BMDC_DN","54/4231","200/21355",0.0082730457386465,0.0112278613863654,0.00222726535499701
"GSE17721_LPS_VS_GARDIQUIMOD_2H_BMDC_UP","GSE17721_LPS_VS_GARDIQUIMOD_2H_BMDC_UP","54/4231","200/21355",0.0082730457386465,0.0112278613863654,0.00222726535499701
"GSE17721_LPS_VS_PAM3CSK4_0.5H_BMDC_UP","GSE17721_LPS_VS_PAM3CSK4_0.5H_BMDC_UP","54/4231","200/21355",0.0082730457386465,0.0112278613863654,0.00222726535499701
"GSE17721_PAM3CSK4_VS_CPG_2H_BMDC_DN","GSE17721_PAM3CSK4_VS_CPG_2H_BMDC_DN","54/4231","200/21355",0.0082730457386465,0.0112278613863654,0.00222726535499701
"GSE20198_UNTREATED_VS_IL12_TREATED_ACT_CD4_TCELL_UP","GSE20198_UNTREATED_VS_IL12_TREATED_ACT_CD4_TCELL_UP","54/4231","200/21355",0.0082730457386465,0.0112278613863654,0.00222726535499701
"GSE21380_TFH_VS_GERMINAL_CENTER_TFH_CD4_TCELL_DN","GSE21380_TFH_VS_GERMINAL_CENTER_TFH_CD4_TCELL_DN","54/4231","200/21355",0.0082730457386465,0.0112278613863654,0.00222726535499701
"GSE22589_SIV_VS_HIV_AND_SIV_INFECTED_DC_UP","GSE22589_SIV_VS_HIV_AND_SIV_INFECTED_DC_UP","54/4231","200/21355",0.0082730457386465,0.0112278613863654,0.00222726535499701
"GSE2770_UNTREATED_VS_TGFB_AND_IL12_TREATED_ACT_CD4_TCELL_6H_UP","GSE2770_UNTREATED_VS_TGFB_AND_IL12_TREATED_ACT_CD4_TCELL_6H_UP","54/4231","200/21355",0.0082730457386465,0.0112278613863654,0.00222726535499701
"GSE27786_LIN_NEG_VS_NKCELL_UP","GSE27786_LIN_NEG_VS_NKCELL_UP","54/4231","200/21355",0.0082730457386465,0.0112278613863654,0.00222726535499701
"GSE27786_LSK_VS_CD8_TCELL_DN","GSE27786_LSK_VS_CD8_TCELL_DN","54/4231","200/21355",0.0082730457386465,0.0112278613863654,0.00222726535499701
"GSE29164_UNTREATED_VS_CD8_TCELL_TREATED_MELANOMA_DAY3_UP","GSE29164_UNTREATED_VS_CD8_TCELL_TREATED_MELANOMA_DAY3_UP","54/4231","200/21355",0.0082730457386465,0.0112278613863654,0.00222726535499701
"GSE30962_PRIMARY_VS_SECONDARY_ACUTE_LCMV_INF_CD8_TCELL_DN","GSE30962_PRIMARY_VS_SECONDARY_ACUTE_LCMV_INF_CD8_TCELL_DN","54/4231","200/21355",0.0082730457386465,0.0112278613863654,0.00222726535499701
"GSE3203_UNTREATED_VS_IFNB_TREATED_LN_BCELL_DN","GSE3203_UNTREATED_VS_IFNB_TREATED_LN_BCELL_DN","54/4231","200/21355",0.0082730457386465,0.0112278613863654,0.00222726535499701
"GSE3982_DC_VS_CENT_MEMORY_CD4_TCELL_DN","GSE3982_DC_VS_CENT_MEMORY_CD4_TCELL_DN","54/4231","200/21355",0.0082730457386465,0.0112278613863654,0.00222726535499701
"GSE39820_TGFBETA1_VS_TGFBETA3_IN_IL6_IL23A_TREATED_CD4_TCELL_UP","GSE39820_TGFBETA1_VS_TGFBETA3_IN_IL6_IL23A_TREATED_CD4_TCELL_UP","54/4231","200/21355",0.0082730457386465,0.0112278613863654,0.00222726535499701
"GSE41176_UNSTIM_VS_ANTI_IGM_STIM_BCELL_6H_DN","GSE41176_UNSTIM_VS_ANTI_IGM_STIM_BCELL_6H_DN","54/4231","200/21355",0.0082730457386465,0.0112278613863654,0.00222726535499701
"GSE41867_DAY6_VS_DAY8_LCMV_ARMSTRONG_EFFECTOR_CD8_TCELL_DN","GSE41867_DAY6_VS_DAY8_LCMV_ARMSTRONG_EFFECTOR_CD8_TCELL_DN","54/4231","200/21355",0.0082730457386465,0.0112278613863654,0.00222726535499701
"GSE41978_WT_VS_ID2_KO_AND_BIM_KO_KLRG1_LOW_EFFECTOR_CD8_TCELL_UP","GSE41978_WT_VS_ID2_KO_AND_BIM_KO_KLRG1_LOW_EFFECTOR_CD8_TCELL_UP","54/4231","200/21355",0.0082730457386465,0.0112278613863654,0.00222726535499701
"GSE43700_UNTREATED_VS_IL10_TREATED_PBMC_DN","GSE43700_UNTREATED_VS_IL10_TREATED_PBMC_DN","54/4231","200/21355",0.0082730457386465,0.0112278613863654,0.00222726535499701
"GSE43955_1H_VS_20H_ACT_CD4_TCELL_DN","GSE43955_1H_VS_20H_ACT_CD4_TCELL_DN","54/4231","200/21355",0.0082730457386465,0.0112278613863654,0.00222726535499701
"GSE4535_BM_DERIVED_DC_VS_FOLLICULAR_DC_DN","GSE4535_BM_DERIVED_DC_VS_FOLLICULAR_DC_DN","54/4231","200/21355",0.0082730457386465,0.0112278613863654,0.00222726535499701
"GSE45365_CTRL_VS_MCMV_INFECTION_NK_CELL_UP","GSE45365_CTRL_VS_MCMV_INFECTION_NK_CELL_UP","54/4231","200/21355",0.0082730457386465,0.0112278613863654,0.00222726535499701
"GSE46606_IRF4HIGH_VS_WT_CD40L_IL2_IL5_DAY1_STIMULATED_BCELL_DN","GSE46606_IRF4HIGH_VS_WT_CD40L_IL2_IL5_DAY1_STIMULATED_BCELL_DN","54/4231","200/21355",0.0082730457386465,0.0112278613863654,0.00222726535499701
"GSE4748_CTRL_VS_CYANOBACTERIUM_LPSLIKE_STIM_DC_1H_UP","GSE4748_CTRL_VS_CYANOBACTERIUM_LPSLIKE_STIM_DC_1H_UP","54/4231","200/21355",0.0082730457386465,0.0112278613863654,0.00222726535499701
"GSE5503_MLN_DC_VS_PLN_DC_ACTIVATED_ALLOGENIC_TCELL_DN","GSE5503_MLN_DC_VS_PLN_DC_ACTIVATED_ALLOGENIC_TCELL_DN","54/4231","200/21355",0.0082730457386465,0.0112278613863654,0.00222726535499701
"GSE557_WT_VS_CIITA_KO_DC_UP","GSE557_WT_VS_CIITA_KO_DC_UP","54/4231","200/21355",0.0082730457386465,0.0112278613863654,0.00222726535499701
"GSE8835_HEALTHY_VS_CLL_CD8_TCELL_DN","GSE8835_HEALTHY_VS_CLL_CD8_TCELL_DN","54/4231","200/21355",0.0082730457386465,0.0112278613863654,0.00222726535499701
"GSE36891_POLYIC_TLR3_VS_PAM_TLR2_STIM_PERITONEAL_MACROPHAGE_UP","GSE36891_POLYIC_TLR3_VS_PAM_TLR2_STIM_PERITONEAL_MACROPHAGE_UP","43/4231","153/21355",0.0083245819571763,0.0112948139524843,0.00224054670269212
"GSE18804_SPLEEN_MACROPHAGE_VS_BRAIN_TUMORAL_MACROPHAGE_UP","GSE18804_SPLEEN_MACROPHAGE_VS_BRAIN_TUMORAL_MACROPHAGE_UP","53/4231","196/21355",0.00855442561049799,0.0116005253120139,0.00230119051510472
"GSE45365_CD8A_DC_VS_CD11B_DC_IFNAR_KO_DN","GSE45365_CD8A_DC_VS_CD11B_DC_IFNAR_KO_DN","53/4231","196/21355",0.00855442561049799,0.0116005253120139,0.00230119051510472
"GSE36891_UNSTIM_VS_POLYIC_TLR3_STIM_PERITONEAL_MACROPHAGE_UP","GSE36891_UNSTIM_VS_POLYIC_TLR3_STIM_PERITONEAL_MACROPHAGE_UP","42/4231","149/21355",0.00855769056439925,0.0116018835845307,0.00230145995495753
"GSE32901_TH1_VS_TH17_NEG_CD4_TCELL_DN","GSE32901_TH1_VS_TH17_NEG_CD4_TCELL_DN","36/4231","124/21355",0.00873118574628338,0.0118339656624666,0.00234749796290176
"GSE11864_CSF1_VS_CSF1_PAM3CYS_IN_MAC_DN","GSE11864_CSF1_VS_CSF1_PAM3CYS_IN_MAC_DN","52/4231","192/21355",0.00884414380086649,0.0119803817098986,0.00237654244240138
"GSE29618_BCELL_VS_MDC_DAY7_FLU_VACCINE_UP","GSE29618_BCELL_VS_MDC_DAY7_FLU_VACCINE_UP","52/4231","192/21355",0.00884414380086649,0.0119803817098986,0.00237654244240138
"GSE37605_C57BL6_VS_NOD_FOXP3_IRES_GFP_TCONV_DN","GSE37605_C57BL6_VS_NOD_FOXP3_IRES_GFP_TCONV_DN","45/4231","162/21355",0.00884622410689935,0.0119803817098986,0.00237654244240138
"GSE37301_MULTIPOTENT_PROGENITOR_VS_LYMPHOID_PRIMED_MPP_UP","GSE37301_MULTIPOTENT_PROGENITOR_VS_LYMPHOID_PRIMED_MPP_UP","44/4231","158/21355",0.00911251349616967,0.012337755990852,0.00244743460319179
"GSE11057_NAIVE_CD4_VS_PBMC_CD4_TCELL_UP","GSE11057_NAIVE_CD4_VS_PBMC_CD4_TCELL_UP","53/4231","197/21355",0.00949646190255529,0.012837253088739,0.00254651959745403
"GSE22886_NAIVE_CD4_TCELL_VS_DC_UP","GSE22886_NAIVE_CD4_TCELL_VS_DC_UP","53/4231","197/21355",0.00949646190255529,0.012837253088739,0.00254651959745403
"GSE3982_EOSINOPHIL_VS_EFF_MEMORY_CD4_TCELL_DN","GSE3982_EOSINOPHIL_VS_EFF_MEMORY_CD4_TCELL_DN","53/4231","197/21355",0.00949646190255529,0.012837253088739,0.00254651959745403
"GSE3982_MAC_VS_BCELL_DN","GSE3982_MAC_VS_BCELL_DN","53/4231","197/21355",0.00949646190255529,0.012837253088739,0.00254651959745403
"GSE40685_NAIVE_CD4_TCELL_VS_TREG_UP","GSE40685_NAIVE_CD4_TCELL_VS_TREG_UP","53/4231","197/21355",0.00949646190255529,0.012837253088739,0.00254651959745403
"QI_PBMC_ZOSTAVAX_AGE_50_75YO_CORRELATED_WITH_CONTRACTION_OF_VZV_SPECIFIC_T_CELLS_PEAK_TO_28DYAT_1DY_NEGATIVE","QI_PBMC_ZOSTAVAX_AGE_50_75YO_CORRELATED_WITH_CONTRACTION_OF_VZV_SPECIFIC_T_CELLS_PEAK_TO_28DYAT_1DY_NEGATIVE","53/4231","197/21355",0.00949646190255529,0.012837253088739,0.00254651959745403
"GSE37605_TREG_VS_TCONV_NOD_FOXP3_FUSION_GFP_UP","GSE37605_TREG_VS_TCONV_NOD_FOXP3_FUSION_GFP_UP","42/4231","150/21355",0.00965819041678272,0.0130524345047267,0.0025892050293788
"FULLER_PBMC_F_TULARENSIS_VACCINE_LVS_AGE_22_54YO_192HR_UP","FULLER_PBMC_F_TULARENSIS_VACCINE_LVS_AGE_22_54YO_192HR_UP","16/4231","45/21355",0.00998532739714316,0.013490982666778,0.00267619961313994
"GSE21033_1H_VS_12H_POLYIC_STIM_DC_UP","GSE21033_1H_VS_12H_POLYIC_STIM_DC_UP","48/4231","176/21355",0.010088300343372,0.0136265158261199,0.0027030852594681
"GSE40274_SATB1_VS_FOXP3_AND_SATB1_TRANSDUCED_ACTIVATED_CD4_TCELL_DN","GSE40274_SATB1_VS_FOXP3_AND_SATB1_TRANSDUCED_ACTIVATED_CD4_TCELL_DN","35/4231","121/21355",0.0102067124183744,0.0137828260949914,0.00273409245082072
"GSE25123_IL4_VS_IL4_AND_ROSIGLITAZONE_STIM_PPARG_KO_MACROPHAGE_DAY10_UP","GSE25123_IL4_VS_IL4_AND_ROSIGLITAZONE_STIM_PPARG_KO_MACROPHAGE_DAY10_UP","40/4231","142/21355",0.0102184441194015,0.0137950341206353,0.00273651415087864
"GSE14415_ACT_TCONV_VS_ACT_NATURAL_TREG_UP","GSE14415_ACT_TCONV_VS_ACT_NATURAL_TREG_UP","47/4231","172/21355",0.0104209441538092,0.014064707670465,0.00279000916066066
"GSE13493_CD4INTCD8POS_VS_CD8POS_THYMOCYTE_DN","GSE13493_CD4INTCD8POS_VS_CD8POS_THYMOCYTE_DN","53/4231","198/21355",0.0105236002211855,0.0141771287079624,0.00281231006671698
"GSE19374_UNINF_VS_LISTERIA_INFECTED_MACROPHAGE_DN","GSE19374_UNINF_VS_LISTERIA_INFECTED_MACROPHAGE_DN","53/4231","198/21355",0.0105236002211855,0.0141771287079624,0.00281231006671698
"GSE22601_DOUBLE_NEGATIVE_VS_IMMATURE_CD4_SP_THYMOCYTE_DN","GSE22601_DOUBLE_NEGATIVE_VS_IMMATURE_CD4_SP_THYMOCYTE_DN","53/4231","198/21355",0.0105236002211855,0.0141771287079624,0.00281231006671698
"GSE22886_IGG_IGA_MEMORY_BCELL_VS_BLOOD_PLASMA_CELL_DN","GSE22886_IGG_IGA_MEMORY_BCELL_VS_BLOOD_PLASMA_CELL_DN","53/4231","198/21355",0.0105236002211855,0.0141771287079624,0.00281231006671698
"GSE27786_LSK_VS_NKTCELL_DN","GSE27786_LSK_VS_NKTCELL_DN","53/4231","198/21355",0.0105236002211855,0.0141771287079624,0.00281231006671698
"GSE360_CTRL_VS_B_MALAYI_LOW_DOSE_DC_UP","GSE360_CTRL_VS_B_MALAYI_LOW_DOSE_DC_UP","53/4231","198/21355",0.0105236002211855,0.0141771287079624,0.00281231006671698
"GSE3982_MAC_VS_NKCELL_DN","GSE3982_MAC_VS_NKCELL_DN","53/4231","198/21355",0.0105236002211855,0.0141771287079624,0.00281231006671698
"GSE6259_33D1_POS_DC_VS_BCELL_UP","GSE6259_33D1_POS_DC_VS_BCELL_UP","43/4231","155/21355",0.0105514610139869,0.0142109272616124,0.00281901466922348
"SCHERER_PBMC_APSV_WETVAX_AGE_18_32YO_2_TO_4DY_DN","SCHERER_PBMC_APSV_WETVAX_AGE_18_32YO_2_TO_4DY_DN","14/4231","38/21355",0.0110193604588425,0.0148372055981157,0.00294324919559311
"HOWARD_DENDRITIC_CELL_INACT_MONOV_INFLUENZA_A_INDONESIA_05_2005_H5N1_AGE_18_49YO_3DY_UP","HOWARD_DENDRITIC_CELL_INACT_MONOV_INFLUENZA_A_INDONESIA_05_2005_H5N1_AGE_18_49YO_3DY_UP","6/4231","11/21355",0.011099425873775,0.0149410864046667,0.0029638559802263
"GSE2770_IL12_VS_IL4_TREATED_ACT_CD4_TCELL_2H_UP","GSE2770_IL12_VS_IL4_TREATED_ACT_CD4_TCELL_2H_UP","41/4231","147/21355",0.0112010473687487,0.0150739219774759,0.00299020650763738
"GSE11961_MARGINAL_ZONE_BCELL_VS_GERMINAL_CENTER_BCELL_DAY7_UP","GSE11961_MARGINAL_ZONE_BCELL_VS_GERMINAL_CENTER_BCELL_DAY7_UP","53/4231","199/21355",0.0116414907795683,0.0155807524115058,0.00309074621219265
"GSE14308_TH2_VS_TH17_DN","GSE14308_TH2_VS_TH17_DN","53/4231","199/21355",0.0116414907795683,0.0155807524115058,0.00309074621219265
"GSE17721_LPS_VS_PAM3CSK4_0.5H_BMDC_DN","GSE17721_LPS_VS_PAM3CSK4_0.5H_BMDC_DN","53/4231","199/21355",0.0116414907795683,0.0155807524115058,0.00309074621219265
"GSE17721_POLYIC_VS_PAM3CSK4_1H_BMDC_UP","GSE17721_POLYIC_VS_PAM3CSK4_1H_BMDC_UP","53/4231","199/21355",0.0116414907795683,0.0155807524115058,0.00309074621219265
"GSE19941_UNSTIM_VS_LPS_STIM_IL10_KO_MACROPHAGE_UP","GSE19941_UNSTIM_VS_LPS_STIM_IL10_KO_MACROPHAGE_UP","53/4231","199/21355",0.0116414907795683,0.0155807524115058,0.00309074621219265
"GSE21033_CTRL_VS_POLYIC_STIM_DC_6H_UP","GSE21033_CTRL_VS_POLYIC_STIM_DC_6H_UP","53/4231","199/21355",0.0116414907795683,0.0155807524115058,0.00309074621219265
"GSE21670_STAT3_KO_VS_WT_CD4_TCELL_TGFB_TREATED_DN","GSE21670_STAT3_KO_VS_WT_CD4_TCELL_TGFB_TREATED_DN","53/4231","199/21355",0.0116414907795683,0.0155807524115058,0.00309074621219265
"GSE21670_TGFB_VS_IL6_TREATED_STAT3_KO_CD4_TCELL_UP","GSE21670_TGFB_VS_IL6_TREATED_STAT3_KO_CD4_TCELL_UP","53/4231","199/21355",0.0116414907795683,0.0155807524115058,0.00309074621219265
"GSE22886_IGG_IGA_MEMORY_BCELL_VS_BLOOD_PLASMA_CELL_UP","GSE22886_IGG_IGA_MEMORY_BCELL_VS_BLOOD_PLASMA_CELL_UP","53/4231","199/21355",0.0116414907795683,0.0155807524115058,0.00309074621219265
"GSE25088_WT_VS_STAT6_KO_MACROPHAGE_IL4_STIM_UP","GSE25088_WT_VS_STAT6_KO_MACROPHAGE_IL4_STIM_UP","53/4231","199/21355",0.0116414907795683,0.0155807524115058,0.00309074621219265
"GSE25123_IL4_VS_IL4_AND_ROSIGLITAZONE_STIM_MACROPHAGE_DAY10_DN","GSE25123_IL4_VS_IL4_AND_ROSIGLITAZONE_STIM_MACROPHAGE_DAY10_DN","53/4231","199/21355",0.0116414907795683,0.0155807524115058,0.00309074621219265
"GSE30083_SP1_VS_SP3_THYMOCYTE_UP","GSE30083_SP1_VS_SP3_THYMOCYTE_UP","53/4231","199/21355",0.0116414907795683,0.0155807524115058,0.00309074621219265
"GSE32423_IL7_VS_IL7_IL4_MEMORY_CD8_TCELL_DN","GSE32423_IL7_VS_IL7_IL4_MEMORY_CD8_TCELL_DN","53/4231","199/21355",0.0116414907795683,0.0155807524115058,0.00309074621219265
"GSE35435_RESTING_VS_IL4_TREATED_MACROPHAGE_DN","GSE35435_RESTING_VS_IL4_TREATED_MACROPHAGE_DN","53/4231","199/21355",0.0116414907795683,0.0155807524115058,0.00309074621219265
"GSE360_DC_VS_MAC_L_MAJOR_DN","GSE360_DC_VS_MAC_L_MAJOR_DN","53/4231","199/21355",0.0116414907795683,0.0155807524115058,0.00309074621219265
"GSE39820_CTRL_VS_IL1B_IL6_CD4_TCELL_DN","GSE39820_CTRL_VS_IL1B_IL6_CD4_TCELL_DN","53/4231","199/21355",0.0116414907795683,0.0155807524115058,0.00309074621219265
"GSE4142_NAIVE_VS_MEMORY_BCELL_UP","GSE4142_NAIVE_VS_MEMORY_BCELL_UP","53/4231","199/21355",0.0116414907795683,0.0155807524115058,0.00309074621219265
"GSE41867_NAIVE_VS_DAY30_LCMV_ARMSTRONG_MEMORY_CD8_TCELL_UP","GSE41867_NAIVE_VS_DAY30_LCMV_ARMSTRONG_MEMORY_CD8_TCELL_UP","53/4231","199/21355",0.0116414907795683,0.0155807524115058,0.00309074621219265
"GSE5589_WT_VS_IL10_KO_LPS_STIM_MACROPHAGE_45MIN_DN","GSE5589_WT_VS_IL10_KO_LPS_STIM_MACROPHAGE_45MIN_DN","53/4231","199/21355",0.0116414907795683,0.0155807524115058,0.00309074621219265
"GSE7460_CTRL_VS_TGFB_TREATED_ACT_TREG_DN","GSE7460_CTRL_VS_TGFB_TREATED_ACT_TREG_DN","53/4231","199/21355",0.0116414907795683,0.0155807524115058,0.00309074621219265
"GSE7460_WT_VS_FOXP3_HET_ACT_TCONV_DN","GSE7460_WT_VS_FOXP3_HET_ACT_TCONV_DN","53/4231","199/21355",0.0116414907795683,0.0155807524115058,0.00309074621219265
"SCHERER_PBMC_APSV_WETVAX_AGE_18_40YO_5_TO_7DY_UP","SCHERER_PBMC_APSV_WETVAX_AGE_18_40YO_5_TO_7DY_UP","10/4231","24/21355",0.0117713280346621,0.0157504117738652,0.00312440145667163
"GSE32901_TH1_VS_TH17_ENRICHED_CD4_TCELL_DN","GSE32901_TH1_VS_TH17_ENRICHED_CD4_TCELL_DN","43/4231","156/21355",0.0118372739381209,0.0158345162335094,0.00314108521707088
"GSE3982_NKCELL_VS_TH1_UP","GSE3982_NKCELL_VS_TH1_UP","52/4231","195/21355",0.0120586896543862,0.0161222856464224,0.00319816989433519
"GSE40685_NAIVE_CD4_TCELL_VS_FOXP3_KO_TREG_PRECURSOR_DN","GSE40685_NAIVE_CD4_TCELL_VS_FOXP3_KO_TREG_PRECURSOR_DN","52/4231","195/21355",0.0120586896543862,0.0161222856464224,0.00319816989433519
"GSE14415_NATURAL_TREG_VS_FOXP3_KO_NATURAL_TREG_UP","GSE14415_NATURAL_TREG_VS_FOXP3_KO_NATURAL_TREG_UP","42/4231","152/21355",0.0122121301198972,0.0163189204886843,0.00323717625152864
"GSE6259_FLT3L_INDUCED_DEC205_POS_DC_VS_BCELL_UP","GSE6259_FLT3L_INDUCED_DEC205_POS_DC_VS_BCELL_UP","42/4231","152/21355",0.0122121301198972,0.0163189204886843,0.00323717625152864
"GSE24671_CTRL_VS_SENDAI_VIRUS_INFECTED_MOUSE_SPLENOCYTES_UP","GSE24671_CTRL_VS_SENDAI_VIRUS_INFECTED_MOUSE_SPLENOCYTES_UP","44/4231","161/21355",0.01282592176658,0.0170151490556977,0.00337528677080805
"GSE14000_4H_VS_16H_LPS_DC_DN","GSE14000_4H_VS_16H_LPS_DC_DN","53/4231","200/21355",0.0128559641616694,0.0170151490556977,0.00337528677080805
"GSE15750_WT_VS_TRAF6KO_DAY6_EFF_CD8_TCELL_UP","GSE15750_WT_VS_TRAF6KO_DAY6_EFF_CD8_TCELL_UP","53/4231","200/21355",0.0128559641616694,0.0170151490556977,0.00337528677080805
"GSE17186_MEMORY_VS_NAIVE_BCELL_UP","GSE17186_MEMORY_VS_NAIVE_BCELL_UP","53/4231","200/21355",0.0128559641616694,0.0170151490556977,0.00337528677080805
"GSE17721_CTRL_VS_CPG_1H_BMDC_UP","GSE17721_CTRL_VS_CPG_1H_BMDC_UP","53/4231","200/21355",0.0128559641616694,0.0170151490556977,0.00337528677080805
"GSE17721_CTRL_VS_CPG_24H_BMDC_UP","GSE17721_CTRL_VS_CPG_24H_BMDC_UP","53/4231","200/21355",0.0128559641616694,0.0170151490556977,0.00337528677080805
"GSE17721_CTRL_VS_PAM3CSK4_8H_BMDC_DN","GSE17721_CTRL_VS_PAM3CSK4_8H_BMDC_DN","53/4231","200/21355",0.0128559641616694,0.0170151490556977,0.00337528677080805
"GSE17721_CTRL_VS_POLYIC_2H_BMDC_DN","GSE17721_CTRL_VS_POLYIC_2H_BMDC_DN","53/4231","200/21355",0.0128559641616694,0.0170151490556977,0.00337528677080805
"GSE17721_LPS_VS_CPG_0.5H_BMDC_DN","GSE17721_LPS_VS_CPG_0.5H_BMDC_DN","53/4231","200/21355",0.0128559641616694,0.0170151490556977,0.00337528677080805
"GSE17721_LPS_VS_GARDIQUIMOD_1H_BMDC_DN","GSE17721_LPS_VS_GARDIQUIMOD_1H_BMDC_DN","53/4231","200/21355",0.0128559641616694,0.0170151490556977,0.00337528677080805
"GSE17721_LPS_VS_POLYIC_4H_BMDC_UP","GSE17721_LPS_VS_POLYIC_4H_BMDC_UP","53/4231","200/21355",0.0128559641616694,0.0170151490556977,0.00337528677080805
"GSE17721_PAM3CSK4_VS_GADIQUIMOD_2H_BMDC_DN","GSE17721_PAM3CSK4_VS_GADIQUIMOD_2H_BMDC_DN","53/4231","200/21355",0.0128559641616694,0.0170151490556977,0.00337528677080805
"GSE17721_POLYIC_VS_GARDIQUIMOD_4H_BMDC_DN","GSE17721_POLYIC_VS_GARDIQUIMOD_4H_BMDC_DN","53/4231","200/21355",0.0128559641616694,0.0170151490556977,0.00337528677080805
"GSE1925_CTRL_VS_IFNG_PRIMED_MACROPHAGE_24H_IFNG_STIM_UP","GSE1925_CTRL_VS_IFNG_PRIMED_MACROPHAGE_24H_IFNG_STIM_UP","53/4231","200/21355",0.0128559641616694,0.0170151490556977,0.00337528677080805
"GSE19772_HCMV_INFL_VS_HCMV_INF_MONOCYTES_AND_PI3K_INHIBITION_UP","GSE19772_HCMV_INFL_VS_HCMV_INF_MONOCYTES_AND_PI3K_INHIBITION_UP","53/4231","200/21355",0.0128559641616694,0.0170151490556977,0.00337528677080805
"GSE20715_WT_VS_TLR4_KO_48H_OZONE_LUNG_UP","GSE20715_WT_VS_TLR4_KO_48H_OZONE_LUNG_UP","53/4231","200/21355",0.0128559641616694,0.0170151490556977,0.00337528677080805
"GSE21379_WT_VS_SAP_KO_TFH_CD4_TCELL_UP","GSE21379_WT_VS_SAP_KO_TFH_CD4_TCELL_UP","53/4231","200/21355",0.0128559641616694,0.0170151490556977,0.00337528677080805
"GSE21380_TFH_VS_GERMINAL_CENTER_TFH_CD4_TCELL_UP","GSE21380_TFH_VS_GERMINAL_CENTER_TFH_CD4_TCELL_UP","53/4231","200/21355",0.0128559641616694,0.0170151490556977,0.00337528677080805
"GSE22886_NAIVE_CD4_TCELL_VS_12H_ACT_TH2_DN","GSE22886_NAIVE_CD4_TCELL_VS_12H_ACT_TH2_DN","53/4231","200/21355",0.0128559641616694,0.0170151490556977,0.00337528677080805
"GSE22886_NAIVE_CD8_TCELL_VS_NEUTROPHIL_UP","GSE22886_NAIVE_CD8_TCELL_VS_NEUTROPHIL_UP","53/4231","200/21355",0.0128559641616694,0.0170151490556977,0.00337528677080805
"GSE22935_WT_VS_MYD88_KO_MACROPHAGE_DN","GSE22935_WT_VS_MYD88_KO_MACROPHAGE_DN","53/4231","200/21355",0.0128559641616694,0.0170151490556977,0.00337528677080805
"GSE23505_IL6_IL1_VS_IL6_IL1_TGFB_TREATED_CD4_TCELL_DN","GSE23505_IL6_IL1_VS_IL6_IL1_TGFB_TREATED_CD4_TCELL_DN","53/4231","200/21355",0.0128559641616694,0.0170151490556977,0.00337528677080805
"GSE23925_LIGHT_ZONE_VS_NAIVE_BCELL_DN","GSE23925_LIGHT_ZONE_VS_NAIVE_BCELL_DN","53/4231","200/21355",0.0128559641616694,0.0170151490556977,0.00337528677080805
"GSE26488_WT_VS_HDAC7_DELTAP_TG_OT2_THYMOCYTE_WITH_PEPTIDE_INJECTION_UP","GSE26488_WT_VS_HDAC7_DELTAP_TG_OT2_THYMOCYTE_WITH_PEPTIDE_INJECTION_UP","53/4231","200/21355",0.0128559641616694,0.0170151490556977,0.00337528677080805
"GSE26912_TUMORICIDAL_VS_CTRL_MACROPHAGE_UP","GSE26912_TUMORICIDAL_VS_CTRL_MACROPHAGE_UP","53/4231","200/21355",0.0128559641616694,0.0170151490556977,0.00337528677080805
"GSE27092_WT_VS_HDAC7_PHOSPHO_DEFICIENT_CD8_TCELL_UP","GSE27092_WT_VS_HDAC7_PHOSPHO_DEFICIENT_CD8_TCELL_UP","53/4231","200/21355",0.0128559641616694,0.0170151490556977,0.00337528677080805
"GSE30083_SP3_VS_SP4_THYMOCYTE_UP","GSE30083_SP3_VS_SP4_THYMOCYTE_UP","53/4231","200/21355",0.0128559641616694,0.0170151490556977,0.00337528677080805
"GSE30971_2H_VS_4H_LPS_STIM_MACROPHAGE_WBP7_KO_UP","GSE30971_2H_VS_4H_LPS_STIM_MACROPHAGE_WBP7_KO_UP","53/4231","200/21355",0.0128559641616694,0.0170151490556977,0.00337528677080805
"GSE32128_INOS_DEPENDENT_VS_INOS_INDEPENDENT_ACTIVATED_TCELL_DN","GSE32128_INOS_DEPENDENT_VS_INOS_INDEPENDENT_ACTIVATED_TCELL_DN","53/4231","200/21355",0.0128559641616694,0.0170151490556977,0.00337528677080805
"GSE32533_WT_VS_MIR17_KO_ACT_CD4_TCELL_UP","GSE32533_WT_VS_MIR17_KO_ACT_CD4_TCELL_UP","53/4231","200/21355",0.0128559641616694,0.0170151490556977,0.00337528677080805
"GSE360_L_DONOVANI_VS_L_MAJOR_MAC_UP","GSE360_L_DONOVANI_VS_L_MAJOR_MAC_UP","53/4231","200/21355",0.0128559641616694,0.0170151490556977,0.00337528677080805
"GSE360_L_MAJOR_VS_B_MALAYI_HIGH_DOSE_MAC_UP","GSE360_L_MAJOR_VS_B_MALAYI_HIGH_DOSE_MAC_UP","53/4231","200/21355",0.0128559641616694,0.0170151490556977,0.00337528677080805
"GSE42724_NAIVE_VS_MEMORY_BCELL_UP","GSE42724_NAIVE_VS_MEMORY_BCELL_UP","53/4231","200/21355",0.0128559641616694,0.0170151490556977,0.00337528677080805
"GSE5542_IFNG_VS_IFNA_AND_IFNG_TREATED_EPITHELIAL_CELLS_6H_DN","GSE5542_IFNG_VS_IFNA_AND_IFNG_TREATED_EPITHELIAL_CELLS_6H_DN","53/4231","200/21355",0.0128559641616694,0.0170151490556977,0.00337528677080805
"GSE5542_IFNG_VS_IFNA_TREATED_EPITHELIAL_CELLS_6H_DN","GSE5542_IFNG_VS_IFNA_TREATED_EPITHELIAL_CELLS_6H_DN","53/4231","200/21355",0.0128559641616694,0.0170151490556977,0.00337528677080805
"GSE7460_TREG_VS_TCONV_ACT_UP","GSE7460_TREG_VS_TCONV_ACT_UP","53/4231","200/21355",0.0128559641616694,0.0170151490556977,0.00337528677080805
"GSE9037_CTRL_VS_LPS_4H_STIM_BMDM_DN","GSE9037_CTRL_VS_LPS_4H_STIM_BMDM_DN","53/4231","200/21355",0.0128559641616694,0.0170151490556977,0.00337528677080805
"GSE21927_GMCSF_IL6_VS_GMCSF_GCSF_TREATED_BONE_MARROW_UP","GSE21927_GMCSF_IL6_VS_GMCSF_GCSF_TREATED_BONE_MARROW_UP","50/4231","187/21355",0.0129355866691728,0.0171161118394888,0.00339531470869791
"GSE14415_INDUCED_TREG_VS_FOXP3_KO_INDUCED_TREG_IL2_CULTURE_DN","GSE14415_INDUCED_TREG_VS_FOXP3_KO_INDUCED_TREG_IL2_CULTURE_DN","40/4231","144/21355",0.0129849552834394,0.017177001492364,0.00340739335926722
"KENNEDY_PBMC_DRYVAX_AGE_18_40YO_STIMULATED_VS_UNSTIMULATED_1_TO_48MO_TOP_DEG_DN","KENNEDY_PBMC_DRYVAX_AGE_18_40YO_STIMULATED_VS_UNSTIMULATED_1_TO_48MO_TOP_DEG_DN","13/4231","35/21355",0.0130605303872887,0.0172725177412905,0.00342634087070798
"GSE22886_CD4_TCELL_VS_BCELL_NAIVE_DN","GSE22886_CD4_TCELL_VS_BCELL_NAIVE_DN","52/4231","196/21355",0.0133241183369015,0.0176074840409788,0.00349278797124783
"GSE27859_MACROPHAGE_VS_DC_DN","GSE27859_MACROPHAGE_VS_DC_DN","52/4231","196/21355",0.0133241183369015,0.0176074840409788,0.00349278797124783
"GSE9960_HEALTHY_VS_GRAM_NEG_AND_POS_SEPSIS_PBMC_DN","GSE9960_HEALTHY_VS_GRAM_NEG_AND_POS_SEPSIS_PBMC_DN","52/4231","196/21355",0.0133241183369015,0.0176074840409788,0.00349278797124783
"GSE7218_IGM_VS_IGG_SIGNAL_THGOUGH_ANTIGEN_BCELL_DN","GSE7218_IGM_VS_IGG_SIGNAL_THGOUGH_ANTIGEN_BCELL_DN","46/4231","170/21355",0.0133779726506104,0.017674094795626,0.00350600151396898
"THAKAR_PBMC_INACTIVATED_INFLUENZA_AGE_70PLS_NONRESPONDER_2DY_UP","THAKAR_PBMC_INACTIVATED_INFLUENZA_AGE_70PLS_NONRESPONDER_2DY_UP","32/4231","111/21355",0.014282234064943,0.0188638834879922,0.00374201931318161
"GSE1791_CTRL_VS_NEUROMEDINU_IN_T_CELL_LINE_0.8H_UP","GSE1791_CTRL_VS_NEUROMEDINU_IN_T_CELL_LINE_0.8H_UP","52/4231","197/21355",0.0146967951271497,0.0193864569793539,0.0038456819602965
"GSE28449_WT_VS_LRF_KO_GERMINAL_CENTER_BCELL_DN","GSE28449_WT_VS_LRF_KO_GERMINAL_CENTER_BCELL_DN","52/4231","197/21355",0.0146967951271497,0.0193864569793539,0.0038456819602965
"GSE29618_PRE_VS_DAY7_POST_LAIV_FLU_VACCINE_MONOCYTE_UP","GSE29618_PRE_VS_DAY7_POST_LAIV_FLU_VACCINE_MONOCYTE_UP","52/4231","197/21355",0.0146967951271497,0.0193864569793539,0.0038456819602965
"GSE42021_CD24INT_VS_CD24LOW_TREG_THYMUS_UP","GSE42021_CD24INT_VS_CD24LOW_TREG_THYMUS_UP","52/4231","197/21355",0.0146967951271497,0.0193864569793539,0.0038456819602965
"GSE46606_IRF4_KO_VS_WT_CD40L_IL2_IL5_1DAY_STIMULATED_BCELL_UP","GSE46606_IRF4_KO_VS_WT_CD40L_IL2_IL5_1DAY_STIMULATED_BCELL_UP","52/4231","197/21355",0.0146967951271497,0.0193864569793539,0.0038456819602965
"GSE13547_WT_VS_ZFX_KO_BCELL_ANTI_IGM_STIM_12H_DN","GSE13547_WT_VS_ZFX_KO_BCELL_ANTI_IGM_STIM_12H_DN","43/4231","158/21355",0.0147959612583041,0.0195122452817255,0.00387063452412814
"GSE37605_FOXP3_FUSION_GFP_VS_IRES_GFP_TREG_C57BL6_DN","GSE37605_FOXP3_FUSION_GFP_VS_IRES_GFP_TREG_C57BL6_DN","47/4231","176/21355",0.0159197157566659,0.0209888022038758,0.00416353839639897
"GSE6259_FLT3L_INDUCED_VS_WT_SPLENIC_DC_33D1_POS_DN","GSE6259_FLT3L_INDUCED_VS_WT_SPLENIC_DC_33D1_POS_DN","44/4231","163/21355",0.0159309347695037,0.0209981927561008,0.00416540119563698
"GSE11961_MEMORY_BCELL_DAY40_VS_GERMINAL_CENTER_BCELL_DAY40_UP","GSE11961_MEMORY_BCELL_DAY40_VS_GERMINAL_CENTER_BCELL_DAY40_UP","52/4231","198/21355",0.016183138518315,0.021265000780539,0.00421832777255285
"GSE15324_ELF4_KO_VS_WT_NAIVE_CD8_TCELL_DN","GSE15324_ELF4_KO_VS_WT_NAIVE_CD8_TCELL_DN","52/4231","198/21355",0.016183138518315,0.021265000780539,0.00421832777255285
"GSE22025_UNTREATED_VS_PROGESTERONE_TREATED_CD4_TCELL_UP","GSE22025_UNTREATED_VS_PROGESTERONE_TREATED_CD4_TCELL_UP","52/4231","198/21355",0.016183138518315,0.021265000780539,0.00421832777255285
"GSE22886_TCELL_VS_BCELL_NAIVE_DN","GSE22886_TCELL_VS_BCELL_NAIVE_DN","52/4231","198/21355",0.016183138518315,0.021265000780539,0.00421832777255285
"GSE24492_LYVE_NEG_VS_POS_MACROPHAGE_UP","GSE24492_LYVE_NEG_VS_POS_MACROPHAGE_UP","52/4231","198/21355",0.016183138518315,0.021265000780539,0.00421832777255285
"GSE28737_WT_VS_BCL6_KO_MARGINAL_ZONE_BCELL_DN","GSE28737_WT_VS_BCL6_KO_MARGINAL_ZONE_BCELL_DN","52/4231","198/21355",0.016183138518315,0.021265000780539,0.00421832777255285
"GSE32986_GMCSF_VS_GMCSF_AND_CURDLAN_HIGHDOSE_STIM_DC_DN","GSE32986_GMCSF_VS_GMCSF_AND_CURDLAN_HIGHDOSE_STIM_DC_DN","52/4231","198/21355",0.016183138518315,0.021265000780539,0.00421832777255285
"GSE360_L_MAJOR_VS_M_TUBERCULOSIS_MAC_DN","GSE360_L_MAJOR_VS_M_TUBERCULOSIS_MAC_DN","52/4231","198/21355",0.016183138518315,0.021265000780539,0.00421832777255285
"GSE360_L_MAJOR_VS_T_GONDII_DC_DN","GSE360_L_MAJOR_VS_T_GONDII_DC_DN","52/4231","198/21355",0.016183138518315,0.021265000780539,0.00421832777255285
"GSE3982_CTRL_VS_LPS_1H_NEUTROPHIL_DN","GSE3982_CTRL_VS_LPS_1H_NEUTROPHIL_DN","52/4231","198/21355",0.016183138518315,0.021265000780539,0.00421832777255285
"GSE3982_CTRL_VS_LPS_1H_NEUTROPHIL_UP","GSE3982_CTRL_VS_LPS_1H_NEUTROPHIL_UP","52/4231","198/21355",0.016183138518315,0.021265000780539,0.00421832777255285
"GSE3982_MAC_VS_CENT_MEMORY_CD4_TCELL_DN","GSE3982_MAC_VS_CENT_MEMORY_CD4_TCELL_DN","52/4231","198/21355",0.016183138518315,0.021265000780539,0.00421832777255285
"GSE9509_10MIN_VS_30MIN_LPS_AND_IL10_STIM_IL10_KO_MACROPHAGE_DN","GSE9509_10MIN_VS_30MIN_LPS_AND_IL10_STIM_IL10_KO_MACROPHAGE_DN","43/4231","159/21355",0.0164865061989529,0.0216446445702967,0.00429363752487968
"GSE14415_INDUCED_TREG_VS_FOXP3_KO_INDUCED_TREG_UP","GSE14415_INDUCED_TREG_VS_FOXP3_KO_INDUCED_TREG_UP","46/4231","172/21355",0.0164931115164216,0.0216446445702967,0.00429363752487968
"GSE37301_MULTIPOTENT_PROGENITOR_VS_CD4_TCELL_UP","GSE37301_MULTIPOTENT_PROGENITOR_VS_CD4_TCELL_UP","46/4231","172/21355",0.0164931115164216,0.0216446445702967,0.00429363752487968
"GSE12707_AT16L1_HYPOMORPH_VS_WT_THYMUS_UP","GSE12707_AT16L1_HYPOMORPH_VS_WT_THYMUS_UP","36/4231","129/21355",0.0164931684923095,0.0216446445702967,0.00429363752487968
"GSE9946_MATURE_STIMULATORY_VS_LISTERIA_INF_MATURE_DC_UP","GSE9946_MATURE_STIMULATORY_VS_LISTERIA_INF_MATURE_DC_UP","36/4231","129/21355",0.0164931684923095,0.0216446445702967,0.00429363752487968
"ANDERSON_BLOOD_CN54GP140_ADJUVANTED_WITH_GLA_AF_AGE_18_45YO_6HR_DN","ANDERSON_BLOOD_CN54GP140_ADJUVANTED_WITH_GLA_AF_AGE_18_45YO_6HR_DN","20/4231","63/21355",0.0167789000686363,0.0220139856032326,0.00436690352439015
"GSE22886_NAIVE_CD4_TCELL_VS_MEMORY_TCELL_UP","GSE22886_NAIVE_CD4_TCELL_VS_MEMORY_TCELL_UP","51/4231","194/21355",0.0167891666667419,0.0220161852989816,0.00436733987695674
"GSE24574_BCL6_LOW_TFH_VS_TCONV_CD4_TCELL_UP","GSE24574_BCL6_LOW_TFH_VS_TCONV_CD4_TCELL_UP","51/4231","194/21355",0.0167891666667419,0.0220161852989816,0.00436733987695674
"GSE6566_STRONG_VS_WEAK_DC_STIMULATED_CD4_TCELL_DN","GSE6566_STRONG_VS_WEAK_DC_STIMULATED_CD4_TCELL_DN","50/4231","190/21355",0.0174176567015266,0.0228345033892648,0.00452966923507194
"GSE11961_MEMORY_BCELL_DAY7_VS_MEMORY_BCELL_DAY40_UP","GSE11961_MEMORY_BCELL_DAY7_VS_MEMORY_BCELL_DAY40_UP","52/4231","199/21355",0.0177897077864431,0.0231976703417215,0.00460171048526664
"GSE14000_TRANSLATED_RNA_VS_MRNA_4H_LPS_DC_UP","GSE14000_TRANSLATED_RNA_VS_MRNA_4H_LPS_DC_UP","52/4231","199/21355",0.0177897077864431,0.0231976703417215,0.00460171048526664
"GSE1460_INTRATHYMIC_T_PROGENITOR_VS_NAIVE_CD4_TCELL_CORD_BLOOD_DN","GSE1460_INTRATHYMIC_T_PROGENITOR_VS_NAIVE_CD4_TCELL_CORD_BLOOD_DN","52/4231","199/21355",0.0177897077864431,0.0231976703417215,0.00460171048526664
"GSE15330_HSC_VS_MEGAKARYOCYTE_ERYTHROID_PROGENITOR_IKAROS_KO_DN","GSE15330_HSC_VS_MEGAKARYOCYTE_ERYTHROID_PROGENITOR_IKAROS_KO_DN","52/4231","199/21355",0.0177897077864431,0.0231976703417215,0.00460171048526664
"GSE15659_CD45RA_NEG_CD4_TCELL_VS_NONSUPPRESSIVE_TCELL_DN","GSE15659_CD45RA_NEG_CD4_TCELL_VS_NONSUPPRESSIVE_TCELL_DN","52/4231","199/21355",0.0177897077864431,0.0231976703417215,0.00460171048526664
"GSE15930_STIM_VS_STIM_AND_IFNAB_24H_CD8_T_CELL_DN","GSE15930_STIM_VS_STIM_AND_IFNAB_24H_CD8_T_CELL_DN","52/4231","199/21355",0.0177897077864431,0.0231976703417215,0.00460171048526664
"GSE17721_CTRL_VS_LPS_1H_BMDC_DN","GSE17721_CTRL_VS_LPS_1H_BMDC_DN","52/4231","199/21355",0.0177897077864431,0.0231976703417215,0.00460171048526664
"GSE17721_LPS_VS_CPG_24H_BMDC_UP","GSE17721_LPS_VS_CPG_24H_BMDC_UP","52/4231","199/21355",0.0177897077864431,0.0231976703417215,0.00460171048526664
"GSE17721_POLYIC_VS_PAM3CSK4_24H_BMDC_UP","GSE17721_POLYIC_VS_PAM3CSK4_24H_BMDC_UP","52/4231","199/21355",0.0177897077864431,0.0231976703417215,0.00460171048526664
"GSE19888_ADENOSINE_A3R_INH_PRETREAT_AND_ACT_BY_A3R_VS_TCELL_MEMBRANES_ACT_MAST_CELL_DN","GSE19888_ADENOSINE_A3R_INH_PRETREAT_AND_ACT_BY_A3R_VS_TCELL_MEMBRANES_ACT_MAST_CELL_DN","52/4231","199/21355",0.0177897077864431,0.0231976703417215,0.00460171048526664
"GSE21927_SPLEEN_C57BL6_VS_EL4_TUMOR_BALBC_MONOCYTES_UP","GSE21927_SPLEEN_C57BL6_VS_EL4_TUMOR_BALBC_MONOCYTES_UP","52/4231","199/21355",0.0177897077864431,0.0231976703417215,0.00460171048526664
"GSE22432_MULTIPOTENT_PROGENITOR_VS_CDC_UP","GSE22432_MULTIPOTENT_PROGENITOR_VS_CDC_UP","52/4231","199/21355",0.0177897077864431,0.0231976703417215,0.00460171048526664
"GSE29618_PRE_VS_DAY7_POST_LAIV_FLU_VACCINE_BCELL_DN","GSE29618_PRE_VS_DAY7_POST_LAIV_FLU_VACCINE_BCELL_DN","52/4231","199/21355",0.0177897077864431,0.0231976703417215,0.00460171048526664
"GSE32423_IL7_VS_IL7_IL4_NAIVE_CD8_TCELL_UP","GSE32423_IL7_VS_IL7_IL4_NAIVE_CD8_TCELL_UP","52/4231","199/21355",0.0177897077864431,0.0231976703417215,0.00460171048526664
"GSE35435_RESTING_VS_IL4_TREATED_MACROPHAGE_UP","GSE35435_RESTING_VS_IL4_TREATED_MACROPHAGE_UP","52/4231","199/21355",0.0177897077864431,0.0231976703417215,0.00460171048526664
"GSE360_L_MAJOR_VS_M_TUBERCULOSIS_DC_DN","GSE360_L_MAJOR_VS_M_TUBERCULOSIS_DC_DN","52/4231","199/21355",0.0177897077864431,0.0231976703417215,0.00460171048526664
"GSE36476_YOUNG_VS_OLD_DONOR_MEMORY_CD4_TCELL_72H_TSST_ACT_UP","GSE36476_YOUNG_VS_OLD_DONOR_MEMORY_CD4_TCELL_72H_TSST_ACT_UP","52/4231","199/21355",0.0177897077864431,0.0231976703417215,0.00460171048526664
"GSE40274_FOXP3_VS_FOXP3_AND_GATA1_TRANSDUCED_ACTIVATED_CD4_TCELL_DN","GSE40274_FOXP3_VS_FOXP3_AND_GATA1_TRANSDUCED_ACTIVATED_CD4_TCELL_DN","52/4231","199/21355",0.0177897077864431,0.0231976703417215,0.00460171048526664
"GSE41867_NAIVE_VS_DAY8_LCMV_ARMSTRONG_EFFECTOR_CD8_TCELL_DN","GSE41867_NAIVE_VS_DAY8_LCMV_ARMSTRONG_EFFECTOR_CD8_TCELL_DN","52/4231","199/21355",0.0177897077864431,0.0231976703417215,0.00460171048526664
"GSE7460_CTRL_VS_FOXP3_OVEREXPR_TCONV_1_UP","GSE7460_CTRL_VS_FOXP3_OVEREXPR_TCONV_1_UP","52/4231","199/21355",0.0177897077864431,0.0231976703417215,0.00460171048526664
"GSE7460_FOXP3_MUT_VS_HET_ACT_TCONV_DN","GSE7460_FOXP3_MUT_VS_HET_ACT_TCONV_DN","52/4231","199/21355",0.0177897077864431,0.0231976703417215,0.00460171048526664
"GSE18281_PERIMEDULLARY_CORTICAL_REGION_VS_WHOLE_CORTEX_THYMUS_DN","GSE18281_PERIMEDULLARY_CORTICAL_REGION_VS_WHOLE_CORTEX_THYMUS_DN","51/4231","195/21355",0.018464543941951,0.0240409581525123,0.00476899307458917
"GSE22033_WT_VS_PPARG_KO_MEF_UP","GSE22033_WT_VS_PPARG_KO_MEF_UP","51/4231","195/21355",0.018464543941951,0.0240409581525123,0.00476899307458917
"GSE25846_IL10_POS_VS_NEG_CD8_TCELL_DAY7_POST_CORONAVIRUS_BRAIN_DN","GSE25846_IL10_POS_VS_NEG_CD8_TCELL_DAY7_POST_CORONAVIRUS_BRAIN_DN","51/4231","195/21355",0.018464543941951,0.0240409581525123,0.00476899307458917
"GSE26488_WT_VS_HDAC7_KO_DOUBLE_POSITIVE_THYMOCYTE_UP","GSE26488_WT_VS_HDAC7_KO_DOUBLE_POSITIVE_THYMOCYTE_UP","51/4231","195/21355",0.018464543941951,0.0240409581525123,0.00476899307458917
"GSE29164_CD8_TCELL_VS_CD8_TCELL_AND_IL12_TREATED_MELANOMA_DAY7_DN","GSE29164_CD8_TCELL_VS_CD8_TCELL_AND_IL12_TREATED_MELANOMA_DAY7_DN","51/4231","195/21355",0.018464543941951,0.0240409581525123,0.00476899307458917
"GSE9960_HEALTHY_VS_SEPSIS_PBMC_UP","GSE9960_HEALTHY_VS_SEPSIS_PBMC_UP","51/4231","195/21355",0.018464543941951,0.0240409581525123,0.00476899307458917
"GSE4590_PRE_BCELL_VS_LARGE_PRE_BCELL_DN","GSE4590_PRE_BCELL_VS_LARGE_PRE_BCELL_DN","42/4231","156/21355",0.0189825171812458,0.0247028136763305,0.00490028503015284
"GSE6269_E_COLI_VS_STAPH_AUREUS_INF_PBMC_UP","GSE6269_E_COLI_VS_STAPH_AUREUS_INF_PBMC_UP","42/4231","156/21355",0.0189825171812458,0.0247028136763305,0.00490028503015284
"GSE13887_HEALTHY_VS_LUPUS_RESTING_CD4_TCELL_DN","GSE13887_HEALTHY_VS_LUPUS_RESTING_CD4_TCELL_DN","35/4231","126/21355",0.0191559220311419,0.0249150845518321,0.00494239309958926
"GSE17974_CTRL_VS_ACT_IL4_AND_ANTI_IL12_0.5H_CD4_TCELL_DN","GSE17974_CTRL_VS_ACT_IL4_AND_ANTI_IL12_0.5H_CD4_TCELL_DN","50/4231","191/21355",0.0191650757682158,0.0249150845518321,0.00494239309958926
"GSE17974_IL4_AND_ANTI_IL12_VS_UNTREATED_0.5H_ACT_CD4_TCELL_UP","GSE17974_IL4_AND_ANTI_IL12_VS_UNTREATED_0.5H_ACT_CD4_TCELL_UP","50/4231","191/21355",0.0191650757682158,0.0249150845518321,0.00494239309958926
"GSE34156_NOD2_LIGAND_VS_TLR1_TLR2_LIGAND_24H_TREATED_MONOCYTE_UP","GSE34156_NOD2_LIGAND_VS_TLR1_TLR2_LIGAND_24H_TREATED_MONOCYTE_UP","50/4231","191/21355",0.0191650757682158,0.0249150845518321,0.00494239309958926
"HOEK_B_CELL_2011_2012_TIV_ADULT_7DY_UP","HOEK_B_CELL_2011_2012_TIV_ADULT_7DY_UP","16/4231","48/21355",0.0192120574857001,0.0249698292778141,0.00495325278402539
"GSE37319_WT_VS_RC3H1_KO_CD44LOW_CD8_TCELL_DN","GSE37319_WT_VS_RC3H1_KO_CD44LOW_CD8_TCELL_DN","38/4231","139/21355",0.0195169003267113,0.0252016740684832,0.00499924372141092
"GSE11924_TH2_VS_TH17_CD4_TCELL_DN","GSE11924_TH2_VS_TH17_CD4_TCELL_DN","52/4231","200/21355",0.0195231852762284,0.0252016740684832,0.00499924372141092
"GSE11961_FOLLICULAR_BCELL_VS_PLASMA_CELL_DAY7_UP","GSE11961_FOLLICULAR_BCELL_VS_PLASMA_CELL_DAY7_UP","52/4231","200/21355",0.0195231852762284,0.0252016740684832,0.00499924372141092
"GSE11961_MARGINAL_ZONE_BCELL_VS_GERMINAL_CENTER_BCELL_DAY40_DN","GSE11961_MARGINAL_ZONE_BCELL_VS_GERMINAL_CENTER_BCELL_DAY40_DN","52/4231","200/21355",0.0195231852762284,0.0252016740684832,0.00499924372141092
"GSE12198_LOW_IL2_STIM_NK_CELL_VS_HIGH_IL2_STIM_NK_CELL_DN","GSE12198_LOW_IL2_STIM_NK_CELL_VS_HIGH_IL2_STIM_NK_CELL_DN","52/4231","200/21355",0.0195231852762284,0.0252016740684832,0.00499924372141092
"GSE13306_TREG_VS_TCONV_LAMINA_PROPRIA_DN","GSE13306_TREG_VS_TCONV_LAMINA_PROPRIA_DN","52/4231","200/21355",0.0195231852762284,0.0252016740684832,0.00499924372141092
"GSE13306_TREG_VS_TCONV_LAMINA_PROPRIA_UP","GSE13306_TREG_VS_TCONV_LAMINA_PROPRIA_UP","52/4231","200/21355",0.0195231852762284,0.0252016740684832,0.00499924372141092
"GSE14308_TH2_VS_INDUCED_TREG_DN","GSE14308_TH2_VS_INDUCED_TREG_DN","52/4231","200/21355",0.0195231852762284,0.0252016740684832,0.00499924372141092
"GSE17721_CTRL_VS_PAM3CSK4_2H_BMDC_DN","GSE17721_CTRL_VS_PAM3CSK4_2H_BMDC_DN","52/4231","200/21355",0.0195231852762284,0.0252016740684832,0.00499924372141092
"GSE17721_PAM3CSK4_VS_CPG_1H_BMDC_UP","GSE17721_PAM3CSK4_VS_CPG_1H_BMDC_UP","52/4231","200/21355",0.0195231852762284,0.0252016740684832,0.00499924372141092
"GSE20366_EX_VIVO_VS_HOMEOSTATIC_CONVERSION_NAIVE_CD4_TCELL_UP","GSE20366_EX_VIVO_VS_HOMEOSTATIC_CONVERSION_NAIVE_CD4_TCELL_UP","52/4231","200/21355",0.0195231852762284,0.0252016740684832,0.00499924372141092
"GSE21379_WT_VS_SAP_KO_CD4_TCELL_UP","GSE21379_WT_VS_SAP_KO_CD4_TCELL_UP","52/4231","200/21355",0.0195231852762284,0.0252016740684832,0.00499924372141092
"GSE21546_ELK1_KO_VS_SAP1A_KO_AND_ELK1_KO_ANTI_CD3_STIM_DP_THYMOCYTES_DN","GSE21546_ELK1_KO_VS_SAP1A_KO_AND_ELK1_KO_ANTI_CD3_STIM_DP_THYMOCYTES_DN","52/4231","200/21355",0.0195231852762284,0.0252016740684832,0.00499924372141092
"GSE24972_MARGINAL_ZONE_BCELL_VS_FOLLICULAR_BCELL_IRF8_KO_UP","GSE24972_MARGINAL_ZONE_BCELL_VS_FOLLICULAR_BCELL_IRF8_KO_UP","52/4231","200/21355",0.0195231852762284,0.0252016740684832,0.00499924372141092
"GSE2770_IL12_ACT_VS_ACT_CD4_TCELL_48H_UP","GSE2770_IL12_ACT_VS_ACT_CD4_TCELL_48H_UP","52/4231","200/21355",0.0195231852762284,0.0252016740684832,0.00499924372141092
"GSE2770_UNTREATED_VS_ACT_CD4_TCELL_6H_DN","GSE2770_UNTREATED_VS_ACT_CD4_TCELL_6H_DN","52/4231","200/21355",0.0195231852762284,0.0252016740684832,0.00499924372141092
"GSE27786_LIN_NEG_VS_CD4_TCELL_DN","GSE27786_LIN_NEG_VS_CD4_TCELL_DN","52/4231","200/21355",0.0195231852762284,0.0252016740684832,0.00499924372141092
"GSE29949_CD8_NEG_DC_SPLEEN_VS_CD8_POS_DC_SPLEEN_DN","GSE29949_CD8_NEG_DC_SPLEEN_VS_CD8_POS_DC_SPLEEN_DN","52/4231","200/21355",0.0195231852762284,0.0252016740684832,0.00499924372141092
"GSE30083_SP2_VS_SP4_THYMOCYTE_UP","GSE30083_SP2_VS_SP4_THYMOCYTE_UP","52/4231","200/21355",0.0195231852762284,0.0252016740684832,0.00499924372141092
"GSE34156_TLR1_TLR2_LIGAND_VS_NOD2_AND_TLR1_TLR2_LIGAND_6H_TREATED_MONOCYTE_UP","GSE34156_TLR1_TLR2_LIGAND_VS_NOD2_AND_TLR1_TLR2_LIGAND_6H_TREATED_MONOCYTE_UP","52/4231","200/21355",0.0195231852762284,0.0252016740684832,0.00499924372141092
"GSE37301_HEMATOPOIETIC_STEM_CELL_VS_MULTIPOTENT_PROGENITOR_UP","GSE37301_HEMATOPOIETIC_STEM_CELL_VS_MULTIPOTENT_PROGENITOR_UP","52/4231","200/21355",0.0195231852762284,0.0252016740684832,0.00499924372141092
"GSE37301_RAG2_KO_VS_RAG2_AND_ETS1_KO_NK_CELL_DN","GSE37301_RAG2_KO_VS_RAG2_AND_ETS1_KO_NK_CELL_DN","52/4231","200/21355",0.0195231852762284,0.0252016740684832,0.00499924372141092
"GSE3982_NEUTROPHIL_VS_BASOPHIL_DN","GSE3982_NEUTROPHIL_VS_BASOPHIL_DN","52/4231","200/21355",0.0195231852762284,0.0252016740684832,0.00499924372141092
"GSE4142_PLASMA_CELL_VS_GC_BCELL_UP","GSE4142_PLASMA_CELL_VS_GC_BCELL_UP","52/4231","200/21355",0.0195231852762284,0.0252016740684832,0.00499924372141092
"GSE43955_10H_VS_60H_ACT_CD4_TCELL_WITH_TGFB_IL6_DN","GSE43955_10H_VS_60H_ACT_CD4_TCELL_WITH_TGFB_IL6_DN","52/4231","200/21355",0.0195231852762284,0.0252016740684832,0.00499924372141092
"GSE46143_CTRL_VS_LMP2A_TRANSDUCED_CD10_POS_GC_BCELL_UP","GSE46143_CTRL_VS_LMP2A_TRANSDUCED_CD10_POS_GC_BCELL_UP","52/4231","200/21355",0.0195231852762284,0.0252016740684832,0.00499924372141092
"GSE5589_IL6_KO_VS_IL10_KO_LPS_AND_IL10_STIM_MACROPHAGE_180MIN_DN","GSE5589_IL6_KO_VS_IL10_KO_LPS_AND_IL10_STIM_MACROPHAGE_180MIN_DN","52/4231","200/21355",0.0195231852762284,0.0252016740684832,0.00499924372141092
"GSE9601_UNTREATED_VS_NFKB_INHIBITOR_TREATED_HCMV_INF_MONOCYTE_UP","GSE9601_UNTREATED_VS_NFKB_INHIBITOR_TREATED_HCMV_INF_MONOCYTE_UP","44/4231","165/21355",0.019619445961749,0.0253195568982692,0.00502262808052407
"GSE12484_HEALTHY_VS_PERIDONTITIS_NEUTROPHILS_DN","GSE12484_HEALTHY_VS_PERIDONTITIS_NEUTROPHILS_DN","41/4231","152/21355",0.0196557705231637,0.0253600502647212,0.00503066072976173
"FULLER_PBMC_F_TULARENSIS_VACCINE_LVS_AGE_22_54YO_192HR_DN","FULLER_PBMC_F_TULARENSIS_VACCINE_LVS_AGE_22_54YO_192HR_DN","12/4231","33/21355",0.0200412313009901,0.0258508685578448,0.00512802411378075
"GSE28130_ACTIVATED_VS_INDUCEED_TREG_DN","GSE28130_ACTIVATED_VS_INDUCEED_TREG_DN","51/4231","196/21355",0.0202725557064859,0.0261360967181706,0.00518460468401603
"GSE360_DC_VS_MAC_M_TUBERCULOSIS_UP","GSE360_DC_VS_MAC_M_TUBERCULOSIS_UP","51/4231","196/21355",0.0202725557064859,0.0261360967181706,0.00518460468401603
"GSE40274_CTRL_VS_LEF1_TRANSDUCED_ACTIVATED_CD4_TCELL_DN","GSE40274_CTRL_VS_LEF1_TRANSDUCED_ACTIVATED_CD4_TCELL_DN","45/4231","170/21355",0.0209247474557202,0.0269701421820522,0.00535005387351632
"GSE3920_UNTREATED_VS_IFNG_TREATED_FIBROBLAST_UP","GSE3920_UNTREATED_VS_IFNG_TREATED_FIBROBLAST_UP","44/4231","166/21355",0.0217048318106021,0.0279685690953108,0.00554811133048652
"GSE13522_CTRL_VS_T_CRUZI_Y_STRAIN_INF_SKIN_IFNG_KO_DN","GSE13522_CTRL_VS_T_CRUZI_Y_STRAIN_INF_SKIN_IFNG_KO_DN","38/4231","140/21355",0.0218024230130061,0.0280872632230885,0.00557165662638428
"SCHERER_PBMC_YF_VAX_AGE_18_40YO_ANYD_DN","SCHERER_PBMC_YF_VAX_AGE_18_40YO_ANYD_DN","8/4231","19/21355",0.0220062816897608,0.0283427638044508,0.00562234015136445
"GSE1460_CD4_THYMOCYTE_VS_NAIVE_CD4_TCELL_CORD_BLOOD_DN","GSE1460_CD4_THYMOCYTE_VS_NAIVE_CD4_TCELL_CORD_BLOOD_DN","51/4231","197/21355",0.0222202528951582,0.0285896125352864,0.00567130741300012
"GSE17974_0H_VS_1H_IN_VITRO_ACT_CD4_TCELL_DN","GSE17974_0H_VS_1H_IN_VITRO_ACT_CD4_TCELL_DN","51/4231","197/21355",0.0222202528951582,0.0285896125352864,0.00567130741300012
"GSE17974_IL4_AND_ANTI_IL12_VS_UNTREATED_2H_ACT_CD4_TCELL_UP","GSE17974_IL4_AND_ANTI_IL12_VS_UNTREATED_2H_ACT_CD4_TCELL_UP","51/4231","197/21355",0.0222202528951582,0.0285896125352864,0.00567130741300012
"GSE42088_UNINF_VS_LEISHMANIA_INF_DC_8H_DN","GSE42088_UNINF_VS_LEISHMANIA_INF_DC_8H_DN","51/4231","197/21355",0.0222202528951582,0.0285896125352864,0.00567130741300012
"GSE16385_IFNG_TNF_VS_IL4_STIM_MACROPHAGE_ROSIGLITAZONE_TREATED_UP","GSE16385_IFNG_TNF_VS_IL4_STIM_MACROPHAGE_ROSIGLITAZONE_TREATED_UP","50/4231","193/21355",0.0230832052691843,0.0296756033913048,0.00588673488633806
"GSE26495_NAIVE_VS_PD1HIGH_CD8_TCELL_UP","GSE26495_NAIVE_VS_PD1HIGH_CD8_TCELL_UP","50/4231","193/21355",0.0230832052691843,0.0296756033913048,0.00588673488633806
"GSE14415_FOXP3_KO_NATURAL_TREG_VS_TCONV_UP","GSE14415_FOXP3_KO_NATURAL_TREG_VS_TCONV_UP","45/4231","171/21355",0.0230874573399383,0.0296756033913048,0.00588673488633806
"GSE6269_FLU_VS_STREP_PNEUMO_INF_PBMC_UP","GSE6269_FLU_VS_STREP_PNEUMO_INF_PBMC_UP","45/4231","171/21355",0.0230874573399383,0.0296756033913048,0.00588673488633806
"GSE11884_WT_VS_FURIN_KO_NAIVE_CD4_TCELL_DN","GSE11884_WT_VS_FURIN_KO_NAIVE_CD4_TCELL_DN","35/4231","128/21355",0.0241415666576222,0.0310227301797371,0.00615396376647967
"GSE36078_UNTREATED_VS_AD5_T425A_HEXON_INF_IL1R_KO_MOUSE_LUNG_DC_DN","GSE36078_UNTREATED_VS_AD5_T425A_HEXON_INF_IL1R_KO_MOUSE_LUNG_DC_DN","51/4231","198/21355",0.0243147619646752,0.0312296341345339,0.00619500720248881
"GSE37301_HEMATOPOIETIC_STEM_CELL_VS_PRO_BCELL_UP","GSE37301_HEMATOPOIETIC_STEM_CELL_VS_PRO_BCELL_UP","51/4231","198/21355",0.0243147619646752,0.0312296341345339,0.00619500720248881
"GSE37301_CD4_TCELL_VS_RAG2_KO_NK_CELL_UP","GSE37301_CD4_TCELL_VS_RAG2_KO_NK_CELL_UP","43/4231","163/21355",0.0248717034803729,0.0319369619339658,0.00633531947105796
"GSE21927_UNTREATED_VS_GMCSF_IL6_TREATED_BONE_MARROW_DN","GSE21927_UNTREATED_VS_GMCSF_IL6_TREATED_BONE_MARROW_DN","48/4231","185/21355",0.024913768715173,0.0319829647968887,0.00634444503640769
"GSE34217_MIR17_92_OVEREXPRESS_VS_WT_ACT_CD8_TCELL_DN","GSE34217_MIR17_92_OVEREXPRESS_VS_WT_ACT_CD8_TCELL_DN","37/4231","137/21355",0.025165851407006,0.0322984863075394,0.00640703488368546
"GSE15659_NAIVE_CD4_TCELL_VS_RESTING_TREG_UP","GSE15659_NAIVE_CD4_TCELL_VS_RESTING_TREG_UP","50/4231","194/21355",0.0252686353394765,0.0323979551651217,0.00642676647216616
"GSE21927_SPLEEN_VS_C26GM_TUMOR_MONOCYTE_BALBC_DN","GSE21927_SPLEEN_VS_C26GM_TUMOR_MONOCYTE_BALBC_DN","50/4231","194/21355",0.0252686353394765,0.0323979551651217,0.00642676647216616
"GSE22886_NAIVE_VS_MEMORY_TCELL_UP","GSE22886_NAIVE_VS_MEMORY_TCELL_UP","50/4231","194/21355",0.0252686353394765,0.0323979551651217,0.00642676647216616
"GSE25502_WT_VS_KLF13_KO_THYMIC_MEMORY_LIKE_CD8_TCELL_UP","GSE25502_WT_VS_KLF13_KO_THYMIC_MEMORY_LIKE_CD8_TCELL_UP","50/4231","194/21355",0.0252686353394765,0.0323979551651217,0.00642676647216616
"GSE37532_VISCERAL_ADIPOSE_TISSUE_VS_LN_DERIVED_PPARG_KO_TCONV_CD4_TCELL_DN","GSE37532_VISCERAL_ADIPOSE_TISSUE_VS_LN_DERIVED_PPARG_KO_TCONV_CD4_TCELL_DN","29/4231","103/21355",0.0259460945498861,0.0332582347243601,0.00659741970629236
"GSE19888_ADENOSINE_A3R_ACT_VS_TCELL_MEMBRANES_ACT_IN_MAST_CELL_DN","GSE19888_ADENOSINE_A3R_ACT_VS_TCELL_MEMBRANES_ACT_IN_MAST_CELL_DN","49/4231","190/21355",0.0262613019780631,0.033645447123107,0.00667423083987133
"GSE37416_12H_VS_48H_F_TULARENSIS_LVS_NEUTROPHIL_DN","GSE37416_12H_VS_48H_F_TULARENSIS_LVS_NEUTROPHIL_DN","49/4231","190/21355",0.0262613019780631,0.033645447123107,0.00667423083987133
"GSE1460_DP_THYMOCYTE_VS_NAIVE_CD4_TCELL_CORD_BLOOD_DN","GSE1460_DP_THYMOCYTE_VS_NAIVE_CD4_TCELL_CORD_BLOOD_DN","51/4231","199/21355",0.0265632603639308,0.0338546177587045,0.00671572391623889
"GSE17721_CPG_VS_GARDIQUIMOD_6H_BMDC_UP","GSE17721_CPG_VS_GARDIQUIMOD_6H_BMDC_UP","51/4231","199/21355",0.0265632603639308,0.0338546177587045,0.00671572391623889
"GSE19888_ADENOSINE_A3R_ACT_VS_TCELL_MEMBRANES_ACT_AND_A3R_INH_PRETREAT_IN_MAST_CELL_DN","GSE19888_ADENOSINE_A3R_ACT_VS_TCELL_MEMBRANES_ACT_AND_A3R_INH_PRETREAT_IN_MAST_CELL_DN","51/4231","199/21355",0.0265632603639308,0.0338546177587045,0.00671572391623889
"GSE21546_WT_VS_ELK1_KO_DP_THYMOCYTES_DN","GSE21546_WT_VS_ELK1_KO_DP_THYMOCYTES_DN","51/4231","199/21355",0.0265632603639308,0.0338546177587045,0.00671572391623889
"GSE2585_CD80_HIGH_VS_LOW_AIRE_KO_MTEC_DN","GSE2585_CD80_HIGH_VS_LOW_AIRE_KO_MTEC_DN","51/4231","199/21355",0.0265632603639308,0.0338546177587045,0.00671572391623889
"GSE26669_CD4_VS_CD8_TCELL_IN_MLR_COSTIM_BLOCK_DN","GSE26669_CD4_VS_CD8_TCELL_IN_MLR_COSTIM_BLOCK_DN","51/4231","199/21355",0.0265632603639308,0.0338546177587045,0.00671572391623889
"GSE2770_IL12_VS_IL4_TREATED_ACT_CD4_TCELL_48H_DN","GSE2770_IL12_VS_IL4_TREATED_ACT_CD4_TCELL_48H_DN","51/4231","199/21355",0.0265632603639308,0.0338546177587045,0.00671572391623889
"GSE27786_CD8_TCELL_VS_NEUTROPHIL_UP","GSE27786_CD8_TCELL_VS_NEUTROPHIL_UP","51/4231","199/21355",0.0265632603639308,0.0338546177587045,0.00671572391623889
"GSE28449_WT_VS_LRF_KO_GERMINAL_CENTER_BCELL_UP","GSE28449_WT_VS_LRF_KO_GERMINAL_CENTER_BCELL_UP","51/4231","199/21355",0.0265632603639308,0.0338546177587045,0.00671572391623889
"GSE28783_ANTI_MIR33_VS_CTRL_ATHEROSCLEROSIS_MACROPHAGE_UP","GSE28783_ANTI_MIR33_VS_CTRL_ATHEROSCLEROSIS_MACROPHAGE_UP","51/4231","199/21355",0.0265632603639308,0.0338546177587045,0.00671572391623889
"GSE29618_PRE_VS_DAY7_POST_TIV_FLU_VACCINE_MDC_UP","GSE29618_PRE_VS_DAY7_POST_TIV_FLU_VACCINE_MDC_UP","51/4231","199/21355",0.0265632603639308,0.0338546177587045,0.00671572391623889
"GSE360_CTRL_VS_L_DONOVANI_MAC_DN","GSE360_CTRL_VS_L_DONOVANI_MAC_DN","51/4231","199/21355",0.0265632603639308,0.0338546177587045,0.00671572391623889
"GSE360_L_MAJOR_VS_B_MALAYI_LOW_DOSE_MAC_DN","GSE360_L_MAJOR_VS_B_MALAYI_LOW_DOSE_MAC_DN","51/4231","199/21355",0.0265632603639308,0.0338546177587045,0.00671572391623889
"GSE3691_IFN_PRODUCING_KILLER_DC_VS_PLASMACYTOID_DC_SPLEEN_DN","GSE3691_IFN_PRODUCING_KILLER_DC_VS_PLASMACYTOID_DC_SPLEEN_DN","51/4231","199/21355",0.0265632603639308,0.0338546177587045,0.00671572391623889
"GSE3982_NEUTROPHIL_VS_EFF_MEMORY_CD4_TCELL_DN","GSE3982_NEUTROPHIL_VS_EFF_MEMORY_CD4_TCELL_DN","51/4231","199/21355",0.0265632603639308,0.0338546177587045,0.00671572391623889
"GSE40277_GATA1_AND_SATB1_TRANSDUCED_VS_CTRL_CD4_TCELL_DN","GSE40277_GATA1_AND_SATB1_TRANSDUCED_VS_CTRL_CD4_TCELL_DN","51/4231","199/21355",0.0265632603639308,0.0338546177587045,0.00671572391623889
"GSE40666_UNTREATED_VS_IFNA_STIM_STAT4_KO_EFFECTOR_CD8_TCELL_90MIN_DN","GSE40666_UNTREATED_VS_IFNA_STIM_STAT4_KO_EFFECTOR_CD8_TCELL_90MIN_DN","51/4231","199/21355",0.0265632603639308,0.0338546177587045,0.00671572391623889
"GSE42021_TREG_VS_TCONV_PLN_DN","GSE42021_TREG_VS_TCONV_PLN_DN","51/4231","199/21355",0.0265632603639308,0.0338546177587045,0.00671572391623889
"GSE44649_WT_VS_MIR155_KO_ACTIVATED_CD8_TCELL_DN","GSE44649_WT_VS_MIR155_KO_ACTIVATED_CD8_TCELL_DN","51/4231","199/21355",0.0265632603639308,0.0338546177587045,0.00671572391623889
"GSE4811_CLASSSICALY_ACTIVATED_VS_TYPE_2_ACTIVATED_MACROPHAGE_UP","GSE4811_CLASSSICALY_ACTIVATED_VS_TYPE_2_ACTIVATED_MACROPHAGE_UP","51/4231","199/21355",0.0265632603639308,0.0338546177587045,0.00671572391623889
"GSE9960_GRAM_NEG_VS_GRAM_NEG_AND_POS_SEPSIS_PBMC_DN","GSE9960_GRAM_NEG_VS_GRAM_NEG_AND_POS_SEPSIS_PBMC_DN","51/4231","199/21355",0.0265632603639308,0.0338546177587045,0.00671572391623889
"GSE4590_PRE_BCELL_VS_SMALL_PRE_BCELL_UP","GSE4590_PRE_BCELL_VS_SMALL_PRE_BCELL_UP","41/4231","155/21355",0.0267921749098934,0.0341293957723941,0.00677023149601263
"GSE5589_WT_VS_IL10_KO_LPS_AND_IL10_STIM_MACROPHAGE_180MIN_UP","GSE5589_WT_VS_IL10_KO_LPS_AND_IL10_STIM_MACROPHAGE_180MIN_UP","41/4231","155/21355",0.0267921749098934,0.0341293957723941,0.00677023149601263
"GSE7596_AKT_TRANSD_VS_CTRL_CD4_TCONV_WITH_TGFB_DN","GSE7596_AKT_TRANSD_VS_CTRL_CD4_TCONV_WITH_TGFB_DN","35/4231","129/21355",0.0269893744851319,0.0343720580399469,0.0068183682909807
"HARALAMBIEVA_PBMC_M_M_R_II_AGE_13_16YO_STIMULATED_VS_UNSTIMULATED_3_TO_7YR_POST_TOP_DEG_UP","HARALAMBIEVA_PBMC_M_M_R_II_AGE_13_16YO_STIMULATED_VS_UNSTIMULATED_3_TO_7YR_POST_TOP_DEG_UP","14/4231","42/21355",0.0274963167996968,0.0350002781016255,0.00694298799642077
"HOWARD_T_CELL_INACT_MONOV_INFLUENZA_A_INDONESIA_05_2005_H5N1_AGE_18_49YO_1DY_UP","HOWARD_T_CELL_INACT_MONOV_INFLUENZA_A_INDONESIA_05_2005_H5N1_AGE_18_49YO_1DY_UP","14/4231","42/21355",0.0274963167996968,0.0350002781016255,0.00694298799642077
"GSE16385_IL4_VS_ROSIGLITAZONE_STIM_MACROPHAGE_DN","GSE16385_IL4_VS_ROSIGLITAZONE_STIM_MACROPHAGE_DN","50/4231","195/21355",0.0276148737524165,0.0351075999144065,0.0069642773717717
"GSE18791_CTRL_VS_NEWCASTLE_VIRUS_DC_16H_DN","GSE18791_CTRL_VS_NEWCASTLE_VIRUS_DC_16H_DN","50/4231","195/21355",0.0276148737524165,0.0351075999144065,0.0069642773717717
"GSE2585_THYMIC_DC_VS_THYMIC_MACROPHAGE_UP","GSE2585_THYMIC_DC_VS_THYMIC_MACROPHAGE_UP","50/4231","195/21355",0.0276148737524165,0.0351075999144065,0.0069642773717717
"GSE29949_MICROGLIA_BRAIN_VS_CD8_NEG_DC_SPLEEN_UP","GSE29949_MICROGLIA_BRAIN_VS_CD8_NEG_DC_SPLEEN_UP","50/4231","195/21355",0.0276148737524165,0.0351075999144065,0.0069642773717717
"GSE46242_CTRL_VS_EGR2_DELETED_TH1_CD4_TCELL_DN","GSE46242_CTRL_VS_EGR2_DELETED_TH1_CD4_TCELL_DN","50/4231","195/21355",0.0276148737524165,0.0351075999144065,0.0069642773717717
"GARCIA_PINERES_PBMC_HPV_16_L1_VLP_AGE_18_25YO_7MO_CORRELATED_WITH_ANTIBODY_RESPONSE_NEGATIVE","GARCIA_PINERES_PBMC_HPV_16_L1_VLP_AGE_18_25YO_7MO_CORRELATED_WITH_ANTIBODY_RESPONSE_NEGATIVE","6/4231","13/21355",0.0287195556625236,0.0365029611520198,0.00724107449593427
"GSE11961_FOLLICULAR_BCELL_VS_GERMINAL_CENTER_BCELL_DAY7_DN","GSE11961_FOLLICULAR_BCELL_VS_GERMINAL_CENTER_BCELL_DAY7_DN","51/4231","200/21355",0.0289729504946209,0.0365711263815382,0.00725459639907302
"GSE11961_FOLLICULAR_BCELL_VS_MARGINAL_ZONE_BCELL_UP","GSE11961_FOLLICULAR_BCELL_VS_MARGINAL_ZONE_BCELL_UP","51/4231","200/21355",0.0289729504946209,0.0365711263815382,0.00725459639907302
"GSE13306_TREG_VS_TCONV_SPLEEN_UP","GSE13306_TREG_VS_TCONV_SPLEEN_UP","51/4231","200/21355",0.0289729504946209,0.0365711263815382,0.00725459639907302
"GSE14350_IL2RB_KO_VS_WT_TEFF_UP","GSE14350_IL2RB_KO_VS_WT_TEFF_UP","51/4231","200/21355",0.0289729504946209,0.0365711263815382,0.00725459639907302
"GSE16450_CTRL_VS_IFNA_6H_STIM_IMMATURE_NEURON_CELL_LINE_UP","GSE16450_CTRL_VS_IFNA_6H_STIM_IMMATURE_NEURON_CELL_LINE_UP","51/4231","200/21355",0.0289729504946209,0.0365711263815382,0.00725459639907302
"GSE17721_CTRL_VS_LPS_24H_BMDC_DN","GSE17721_CTRL_VS_LPS_24H_BMDC_DN","51/4231","200/21355",0.0289729504946209,0.0365711263815382,0.00725459639907302
"GSE18804_SPLEEN_MACROPHAGE_VS_COLON_TUMORAL_MACROPHAGE_DN","GSE18804_SPLEEN_MACROPHAGE_VS_COLON_TUMORAL_MACROPHAGE_DN","51/4231","200/21355",0.0289729504946209,0.0365711263815382,0.00725459639907302
"GSE19941_IL10_KO_VS_IL10_KO_AND_NFKBP50_KO_LPS_STIM_MACROPHAGE_UP","GSE19941_IL10_KO_VS_IL10_KO_AND_NFKBP50_KO_LPS_STIM_MACROPHAGE_UP","51/4231","200/21355",0.0289729504946209,0.0365711263815382,0.00725459639907302
"GSE20715_0H_VS_48H_OZONE_TLR4_KO_LUNG_UP","GSE20715_0H_VS_48H_OZONE_TLR4_KO_LUNG_UP","51/4231","200/21355",0.0289729504946209,0.0365711263815382,0.00725459639907302
"GSE22229_UNTREATED_VS_IMMUNOSUPP_THERAPY_RENAL_TRANSPLANT_PATIENT_PBMC_UP","GSE22229_UNTREATED_VS_IMMUNOSUPP_THERAPY_RENAL_TRANSPLANT_PATIENT_PBMC_UP","51/4231","200/21355",0.0289729504946209,0.0365711263815382,0.00725459639907302
"GSE24210_RESTING_TREG_VS_TCONV_DN","GSE24210_RESTING_TREG_VS_TCONV_DN","51/4231","200/21355",0.0289729504946209,0.0365711263815382,0.00725459639907302
"GSE25890_CTRL_VS_IL33_IL7_TREATED_NUOCYTES_UP","GSE25890_CTRL_VS_IL33_IL7_TREATED_NUOCYTES_UP","51/4231","200/21355",0.0289729504946209,0.0365711263815382,0.00725459639907302
"GSE26488_HDAC7_KO_VS_VP16_TRANSGENIC_HDAC7_KO_DOUBLE_POSITIVE_THYMOCYTE_DN","GSE26488_HDAC7_KO_VS_VP16_TRANSGENIC_HDAC7_KO_DOUBLE_POSITIVE_THYMOCYTE_DN","51/4231","200/21355",0.0289729504946209,0.0365711263815382,0.00725459639907302
"GSE2826_XID_VS_BTK_KO_BCELL_UP","GSE2826_XID_VS_BTK_KO_BCELL_UP","51/4231","200/21355",0.0289729504946209,0.0365711263815382,0.00725459639907302
"GSE3039_ALPHAALPHA_VS_ALPHABETA_CD8_TCELL_DN","GSE3039_ALPHAALPHA_VS_ALPHABETA_CD8_TCELL_DN","51/4231","200/21355",0.0289729504946209,0.0365711263815382,0.00725459639907302
"GSE360_CTRL_VS_B_MALAYI_LOW_DOSE_DC_DN","GSE360_CTRL_VS_B_MALAYI_LOW_DOSE_DC_DN","51/4231","200/21355",0.0289729504946209,0.0365711263815382,0.00725459639907302
"GSE36078_WT_VS_IL1R_KO_LUNG_DC_UP","GSE36078_WT_VS_IL1R_KO_LUNG_DC_UP","51/4231","200/21355",0.0289729504946209,0.0365711263815382,0.00725459639907302
"GSE38304_MYC_NEG_VS_POS_GC_BCELL_UP","GSE38304_MYC_NEG_VS_POS_GC_BCELL_UP","51/4231","200/21355",0.0289729504946209,0.0365711263815382,0.00725459639907302
"GSE3982_BASOPHIL_VS_CENT_MEMORY_CD4_TCELL_DN","GSE3982_BASOPHIL_VS_CENT_MEMORY_CD4_TCELL_DN","51/4231","200/21355",0.0289729504946209,0.0365711263815382,0.00725459639907302
"GSE41176_UNSTIM_VS_ANTI_IGM_STIM_TAK1_KO_BCELL_1H_UP","GSE41176_UNSTIM_VS_ANTI_IGM_STIM_TAK1_KO_BCELL_1H_UP","51/4231","200/21355",0.0289729504946209,0.0365711263815382,0.00725459639907302
"GSE41867_NAIVE_VS_DAY6_LCMV_ARMSTRONG_EFFECTOR_CD8_TCELL_UP","GSE41867_NAIVE_VS_DAY6_LCMV_ARMSTRONG_EFFECTOR_CD8_TCELL_UP","51/4231","200/21355",0.0289729504946209,0.0365711263815382,0.00725459639907302
"GSE45739_UNSTIM_VS_ACD3_ACD28_STIM_WT_CD4_TCELL_UP","GSE45739_UNSTIM_VS_ACD3_ACD28_STIM_WT_CD4_TCELL_UP","51/4231","200/21355",0.0289729504946209,0.0365711263815382,0.00725459639907302
"GSE45881_CXCR6HI_VS_CXCR1LO_COLONIC_LAMINA_PROPRIA_UP","GSE45881_CXCR6HI_VS_CXCR1LO_COLONIC_LAMINA_PROPRIA_UP","51/4231","200/21355",0.0289729504946209,0.0365711263815382,0.00725459639907302
"GSE5542_IFNG_VS_IFNA_TREATED_EPITHELIAL_CELLS_24H_DN","GSE5542_IFNG_VS_IFNA_TREATED_EPITHELIAL_CELLS_24H_DN","51/4231","200/21355",0.0289729504946209,0.0365711263815382,0.00725459639907302
"GSE5589_IL6_KO_VS_IL10_KO_LPS_STIM_MACROPHAGE_180MIN_DN","GSE5589_IL6_KO_VS_IL10_KO_LPS_STIM_MACROPHAGE_180MIN_DN","51/4231","200/21355",0.0289729504946209,0.0365711263815382,0.00725459639907302
"GSE5679_PPARG_LIGAND_ROSIGLITAZONE_VS_ROSIGLITAZONE_AND_RARA_AGONIST_AM580_TREATED_DC_DN","GSE5679_PPARG_LIGAND_ROSIGLITAZONE_VS_ROSIGLITAZONE_AND_RARA_AGONIST_AM580_TREATED_DC_DN","51/4231","200/21355",0.0289729504946209,0.0365711263815382,0.00725459639907302
"GSE7460_FOXP3_MUT_VS_HET_ACT_TCONV_UP","GSE7460_FOXP3_MUT_VS_HET_ACT_TCONV_UP","51/4231","200/21355",0.0289729504946209,0.0365711263815382,0.00725459639907302
"GSE8921_UNSTIM_0H_VS_TLR1_2_STIM_MONOCYTE_6H_UP","GSE8921_UNSTIM_0H_VS_TLR1_2_STIM_MONOCYTE_6H_UP","51/4231","200/21355",0.0289729504946209,0.0365711263815382,0.00725459639907302
"GSE13762_CTRL_VS_125_VITAMIND_DAY12_DC_DN","GSE13762_CTRL_VS_125_VITAMIND_DAY12_DC_DN","36/4231","134/21355",0.0290293345517335,0.0366332764431772,0.00726692507631049
"GSE32255_WT_VS_JMJD2D_KNOCKDOWN_4H_LPS_STIM_DC_DN","GSE32255_WT_VS_JMJD2D_KNOCKDOWN_4H_LPS_STIM_DC_DN","41/4231","156/21355",0.0295764876653246,0.0373145645514285,0.00740207186411482
"GSE25087_FETAL_VS_ADULT_TCONV_DN","GSE25087_FETAL_VS_ADULT_TCONV_DN","48/4231","187/21355",0.029850568875875,0.0376510866283798,0.00746882758342708
"GSE22611_UNSTIM_VS_6H_MDP_STIM_NOD2_TRANSDUCED_HEK293T_CELL_UP","GSE22611_UNSTIM_VS_6H_MDP_STIM_NOD2_TRANSDUCED_HEK293T_CELL_UP","50/4231","196/21355",0.0301293662338994,0.0379747064949517,0.00753302389759601
"GSE29949_CD8_NEG_DC_SPLEEN_VS_MONOCYTE_BONE_MARROW_DN","GSE29949_CD8_NEG_DC_SPLEEN_VS_MONOCYTE_BONE_MARROW_DN","50/4231","196/21355",0.0301293662338994,0.0379747064949517,0.00753302389759601
"GSE36476_YOUNG_VS_OLD_DONOR_MEMORY_CD4_TCELL_16H_TSST_ACT_DN","GSE36476_YOUNG_VS_OLD_DONOR_MEMORY_CD4_TCELL_16H_TSST_ACT_DN","50/4231","196/21355",0.0301293662338994,0.0379747064949517,0.00753302389759601
"GARCIA_PINERES_PBMC_HPV_16_L1_VLP_AGE_18_25YO_12MO_CORRELATED_WITH_ANTIBODY_RESPONSE_NEGATIVE","GARCIA_PINERES_PBMC_HPV_16_L1_VLP_AGE_18_25YO_12MO_CORRELATED_WITH_ANTIBODY_RESPONSE_NEGATIVE","8/4231","20/21355",0.0304485197176199,0.0383675300079941,0.00761094810516506
"GSE1925_CTRL_VS_IFNG_PRIMED_MACROPHAGE_3H_IFNG_STIM_UP","GSE1925_CTRL_VS_IFNG_PRIMED_MACROPHAGE_3H_IFNG_STIM_UP","45/4231","174/21355",0.0306542995217752,0.0386173357946965,0.00766050195652233
"GSE26928_CENTR_MEMORY_VS_CXCR5_POS_CD4_TCELL_DN","GSE26928_CENTR_MEMORY_VS_CXCR5_POS_CD4_TCELL_DN","49/4231","192/21355",0.0313343609068965,0.0394546632298579,0.00782660218905533
"GSE2770_IL12_ACT_VS_ACT_CD4_TCELL_6H_DN","GSE2770_IL12_ACT_VS_ACT_CD4_TCELL_6H_DN","49/4231","192/21355",0.0313343609068965,0.0394546632298579,0.00782660218905533
"NAKAYA_PBMC_FLUMIST_AGE_18_50YO_7DY_IFN_SUBSET_DN","NAKAYA_PBMC_FLUMIST_AGE_18_50YO_7DY_IFN_SUBSET_DN","5/4231","10/21355",0.0315385872503693,0.0397020624374737,0.00787567864849983
"GSE11057_EFF_MEM_VS_CENT_MEM_CD4_TCELL_DN","GSE11057_EFF_MEM_VS_CENT_MEM_CD4_TCELL_DN","48/4231","188/21355",0.0325901536634789,0.0410157445811423,0.00813627313086709
"GSE18281_MEDULLARY_THYMOCYTE_VS_WHOLE_MEDULLA_THYMUS_DN","GSE18281_MEDULLARY_THYMOCYTE_VS_WHOLE_MEDULLA_THYMUS_DN","50/4231","197/21355",0.0328195408389137,0.0412537926288062,0.00818349460529946
"GSE20152_SPHK1_KO_VS_HTNFA_OVEREXPRESS_ANKLE_DN","GSE20152_SPHK1_KO_VS_HTNFA_OVEREXPRESS_ANKLE_DN","50/4231","197/21355",0.0328195408389137,0.0412537926288062,0.00818349460529946
"GSE25088_CTRL_VS_IL4_AND_ROSIGLITAZONE_STIM_STAT6_KO_MACROPHAGE_UP","GSE25088_CTRL_VS_IL4_AND_ROSIGLITAZONE_STIM_STAT6_KO_MACROPHAGE_UP","50/4231","197/21355",0.0328195408389137,0.0412537926288062,0.00818349460529946
"GSE25088_CTRL_VS_IL4_STIM_STAT6_KO_MACROPHAGE_UP","GSE25088_CTRL_VS_IL4_STIM_STAT6_KO_MACROPHAGE_UP","50/4231","197/21355",0.0328195408389137,0.0412537926288062,0.00818349460529946
"GSE3982_MAC_VS_BASOPHIL_DN","GSE3982_MAC_VS_BASOPHIL_DN","50/4231","197/21355",0.0328195408389137,0.0412537926288062,0.00818349460529946
"GSE37605_NOD_VS_C57BL6_IRES_GFP_TREG_DN","GSE37605_NOD_VS_C57BL6_IRES_GFP_TREG_DN","40/4231","153/21355",0.0338589046336168,0.0425498272007649,0.00844058834752425
"GSE1460_NAIVE_CD4_TCELL_CORD_BLOOD_VS_THYMIC_STROMAL_CELL_UP","GSE1460_NAIVE_CD4_TCELL_CORD_BLOOD_VS_THYMIC_STROMAL_CELL_UP","49/4231","193/21355",0.0341420458113958,0.0428531162657235,0.00850075165055114
"GSE1740_UNSTIM_VS_IFNA_STIMULATED_MCSF_DERIVED_MACROPHAGE_DN","GSE1740_UNSTIM_VS_IFNA_STIMULATED_MCSF_DERIVED_MACROPHAGE_DN","49/4231","193/21355",0.0341420458113958,0.0428531162657235,0.00850075165055114
"GSE18281_CORTEX_VS_MEDULLA_THYMUS_UP","GSE18281_CORTEX_VS_MEDULLA_THYMUS_UP","49/4231","193/21355",0.0341420458113958,0.0428531162657235,0.00850075165055114
"GSE23114_PERITONEAL_CAVITY_B1A_BCELL_VS_SPLEEN_BCELL_IN_SLE2C1_MOUSE_DN","GSE23114_PERITONEAL_CAVITY_B1A_BCELL_VS_SPLEEN_BCELL_IN_SLE2C1_MOUSE_DN","49/4231","193/21355",0.0341420458113958,0.0428531162657235,0.00850075165055114
"GSE45365_WT_VS_IFNAR_KO_CD11B_DC_MCMV_INFECTION_UP","GSE45365_WT_VS_IFNAR_KO_CD11B_DC_MCMV_INFECTION_UP","49/4231","193/21355",0.0341420458113958,0.0428531162657235,0.00850075165055114
"GSE37301_CD4_TCELL_VS_GRANULOCYTE_MONOCYTE_PROGENITOR_UP","GSE37301_CD4_TCELL_VS_GRANULOCYTE_MONOCYTE_PROGENITOR_UP","42/4231","162/21355",0.0344457701490858,0.0432237497635774,0.00857427403569332
"GSE18791_CTRL_VS_NEWCASTLE_VIRUS_DC_4H_DN","GSE18791_CTRL_VS_NEWCASTLE_VIRUS_DC_4H_DN","48/4231","189/21355",0.0355210749423665,0.0445621708650443,0.00883977597298248
"GSE10239_NAIVE_VS_MEMORY_CD8_TCELL_DN","GSE10239_NAIVE_VS_MEMORY_CD8_TCELL_DN","50/4231","198/21355",0.0356927769450752,0.0447337835257838,0.00887381869230284
"GSE22886_TH1_VS_TH2_48H_ACT_UP","GSE22886_TH1_VS_TH2_48H_ACT_UP","50/4231","198/21355",0.0356927769450752,0.0447337835257838,0.00887381869230284
"GSE2405_0H_VS_9H_A_PHAGOCYTOPHILUM_STIM_NEUTROPHIL_UP","GSE2405_0H_VS_9H_A_PHAGOCYTOPHILUM_STIM_NEUTROPHIL_UP","50/4231","198/21355",0.0356927769450752,0.0447337835257838,0.00887381869230284
"GSE360_CTRL_VS_T_GONDII_DC_DN","GSE360_CTRL_VS_T_GONDII_DC_DN","50/4231","198/21355",0.0356927769450752,0.0447337835257838,0.00887381869230284
"GSE6269_HEALTHY_VS_E_COLI_INF_PBMC_UP","GSE6269_HEALTHY_VS_E_COLI_INF_PBMC_UP","45/4231","176/21355",0.0366862824552687,0.0459677056626026,0.00911859122124035
"ERWIN_COHEN_BLOOD_VACCINE_TC_83_AGE_23_48YO_VACCINATED_VS_CONTROL_7DY_UP","ERWIN_COHEN_BLOOD_VACCINE_TC_83_AGE_23_48YO_VACCINATED_VS_CONTROL_7DY_UP","21/4231","72/21355",0.0367811529908961,0.0460753153058,0.00913993769336978
"GSE25677_MPL_VS_MPL_AND_R848_STIM_BCELL_DN","GSE25677_MPL_VS_MPL_AND_R848_STIM_BCELL_DN","35/4231","132/21355",0.0371151399131877,0.0464823374529685,0.00922067847702479
"GSE22886_NAIVE_CD8_TCELL_VS_MEMORY_TCELL_UP","GSE22886_NAIVE_CD8_TCELL_VS_MEMORY_TCELL_UP","49/4231","194/21355",0.0371406465915618,0.0465029199873829,0.0092247614242791
"GSE3920_UNTREATED_VS_IFNG_TREATED_ENDOTHELIAL_CELL_UP","GSE3920_UNTREATED_VS_IFNG_TREATED_ENDOTHELIAL_CELL_UP","40/4231","154/21355",0.0372418397027146,0.0466182345094298,0.00924763630944599
"GSE10325_CD4_TCELL_VS_MYELOID_UP","GSE10325_CD4_TCELL_VS_MYELOID_UP","50/4231","199/21355",0.0387563731132443,0.0483370239850341,0.00958859173450992
"GSE11961_GERMINAL_CENTER_BCELL_DAY7_VS_GERMINAL_CENTER_BCELL_DAY40_DN","GSE11961_GERMINAL_CENTER_BCELL_DAY7_VS_GERMINAL_CENTER_BCELL_DAY40_DN","50/4231","199/21355",0.0387563731132443,0.0483370239850341,0.00958859173450992
"GSE15659_RESTING_TREG_VS_NONSUPPRESSIVE_TCELL_DN","GSE15659_RESTING_TREG_VS_NONSUPPRESSIVE_TCELL_DN","50/4231","199/21355",0.0387563731132443,0.0483370239850341,0.00958859173450992
"GSE17721_CTRL_VS_GARDIQUIMOD_6H_BMDC_DN","GSE17721_CTRL_VS_GARDIQUIMOD_6H_BMDC_DN","50/4231","199/21355",0.0387563731132443,0.0483370239850341,0.00958859173450992
"GSE17721_PAM3CSK4_VS_CPG_2H_BMDC_UP","GSE17721_PAM3CSK4_VS_CPG_2H_BMDC_UP","50/4231","199/21355",0.0387563731132443,0.0483370239850341,0.00958859173450992
"GSE18281_SUBCAPSULAR_VS_PERIMEDULLARY_CORTICAL_REGION_OF_THYMUS_DN","GSE18281_SUBCAPSULAR_VS_PERIMEDULLARY_CORTICAL_REGION_OF_THYMUS_DN","50/4231","199/21355",0.0387563731132443,0.0483370239850341,0.00958859173450992
"GSE22025_TGFB1_VS_TGFB1_AND_PROGESTERONE_TREATED_CD4_TCELL_DN","GSE22025_TGFB1_VS_TGFB1_AND_PROGESTERONE_TREATED_CD4_TCELL_DN","50/4231","199/21355",0.0387563731132443,0.0483370239850341,0.00958859173450992
"GSE22589_HEALTHY_VS_SIV_INFECTED_DC_DN","GSE22589_HEALTHY_VS_SIV_INFECTED_DC_DN","50/4231","199/21355",0.0387563731132443,0.0483370239850341,0.00958859173450992
"GSE22589_HIV_VS_HIV_AND_SIV_INFECTED_DC_UP","GSE22589_HIV_VS_HIV_AND_SIV_INFECTED_DC_UP","50/4231","199/21355",0.0387563731132443,0.0483370239850341,0.00958859173450992
"GSE22886_CD8_VS_CD4_NAIVE_TCELL_UP","GSE22886_CD8_VS_CD4_NAIVE_TCELL_UP","50/4231","199/21355",0.0387563731132443,0.0483370239850341,0.00958859173450992
"GSE27786_LIN_NEG_VS_NEUTROPHIL_UP","GSE27786_LIN_NEG_VS_NEUTROPHIL_UP","50/4231","199/21355",0.0387563731132443,0.0483370239850341,0.00958859173450992
"GSE28726_NAIVE_VS_ACTIVATED_NKTCELL_UP","GSE28726_NAIVE_VS_ACTIVATED_NKTCELL_UP","50/4231","199/21355",0.0387563731132443,0.0483370239850341,0.00958859173450992
"GSE29949_CD8_NEG_DC_SPLEEN_VS_CD8_POS_DC_SPLEEN_UP","GSE29949_CD8_NEG_DC_SPLEEN_VS_CD8_POS_DC_SPLEEN_UP","50/4231","199/21355",0.0387563731132443,0.0483370239850341,0.00958859173450992
"GSE33513_TCF7_KO_VS_HET_EARLY_THYMIC_PROGENITOR_UP","GSE33513_TCF7_KO_VS_HET_EARLY_THYMIC_PROGENITOR_UP","50/4231","199/21355",0.0387563731132443,0.0483370239850341,0.00958859173450992
"GSE3982_BCELL_VS_BASOPHIL_UP","GSE3982_BCELL_VS_BASOPHIL_UP","50/4231","199/21355",0.0387563731132443,0.0483370239850341,0.00958859173450992
"NAKAYA_PBMC_FLUAD_MALE_AGE_14_27YO_1D_POSTBOOST_VS_0D_PREIMM_MF59_ADJUVANTED_1DY_ATIV_UP","NAKAYA_PBMC_FLUAD_MALE_AGE_14_27YO_1D_POSTBOOST_VS_0D_PREIMM_MF59_ADJUVANTED_1DY_ATIV_UP","13/4231","40/21355",0.0402630204657123,0.0502039024342596,0.0099589234966209
"GSE37301_PRO_BCELL_VS_GRANULOCYTE_MONOCYTE_PROGENITOR_UP","GSE37301_PRO_BCELL_VS_GRANULOCYTE_MONOCYTE_PROGENITOR_UP","38/4231","146/21355",0.0402750090773785,0.0502066382613429,0.00995946620129726
"GSE22886_IL2_VS_IL15_STIM_NKCELL_DN","GSE22886_IL2_VS_IL15_STIM_NKCELL_DN","49/4231","195/21355",0.0403376525444253,0.0502236596897557,0.00996284273370106
"GSE25088_CTRL_VS_IL4_AND_ROSIGLITAZONE_STIM_MACROPHAGE_DN","GSE25088_CTRL_VS_IL4_AND_ROSIGLITAZONE_STIM_MACROPHAGE_DN","49/4231","195/21355",0.0403376525444253,0.0502236596897557,0.00996284273370106
"GSE25846_IL10_POS_VS_NEG_CD8_TCELL_DAY7_POST_CORONAVIRUS_BRAIN_UP","GSE25846_IL10_POS_VS_NEG_CD8_TCELL_DAY7_POST_CORONAVIRUS_BRAIN_UP","49/4231","195/21355",0.0403376525444253,0.0502236596897557,0.00996284273370106
"GSE26495_NAIVE_VS_PD1LOW_CD8_TCELL_UP","GSE26495_NAIVE_VS_PD1LOW_CD8_TCELL_UP","49/4231","195/21355",0.0403376525444253,0.0502236596897557,0.00996284273370106
"GSE45365_WT_VS_IFNAR_KO_CD11B_DC_UP","GSE45365_WT_VS_IFNAR_KO_CD11B_DC_UP","49/4231","195/21355",0.0403376525444253,0.0502236596897557,0.00996284273370106
"GSE40274_CTRL_VS_FOXP3_AND_IRF4_TRANSDUCED_ACTIVATED_CD4_TCELL_DN","GSE40274_CTRL_VS_FOXP3_AND_IRF4_TRANSDUCED_ACTIVATED_CD4_TCELL_DN","42/4231","164/21355",0.0413313922616035,0.0514484499108741,0.0102058037690011
"GSE22045_TREG_VS_TCONV_DN","GSE22045_TREG_VS_TCONV_DN","48/4231","191/21355",0.0419880249579217,0.0519743669625592,0.010310129676537
"GSE2706_UNSTIM_VS_2H_LPS_AND_R848_DC_UP","GSE2706_UNSTIM_VS_2H_LPS_AND_R848_DC_UP","48/4231","191/21355",0.0419880249579217,0.0519743669625592,0.010310129676537
"GSE11924_TH1_VS_TH2_CD4_TCELL_UP","GSE11924_TH1_VS_TH2_CD4_TCELL_UP","50/4231","200/21355",0.0420175139861189,0.0519743669625592,0.010310129676537
"GSE16266_CTRL_VS_LPS_STIM_MEF_DN","GSE16266_CTRL_VS_LPS_STIM_MEF_DN","50/4231","200/21355",0.0420175139861189,0.0519743669625592,0.010310129676537
"GSE17721_CTRL_VS_CPG_1H_BMDC_DN","GSE17721_CTRL_VS_CPG_1H_BMDC_DN","50/4231","200/21355",0.0420175139861189,0.0519743669625592,0.010310129676537
"GSE17721_POLYIC_VS_PAM3CSK4_2H_BMDC_DN","GSE17721_POLYIC_VS_PAM3CSK4_2H_BMDC_DN","50/4231","200/21355",0.0420175139861189,0.0519743669625592,0.010310129676537
"GSE18893_TCONV_VS_TREG_2H_TNF_STIM_UP","GSE18893_TCONV_VS_TREG_2H_TNF_STIM_UP","50/4231","200/21355",0.0420175139861189,0.0519743669625592,0.010310129676537
"GSE21670_IL6_VS_TGFB_AND_IL6_TREATED_CD4_TCELL_DN","GSE21670_IL6_VS_TGFB_AND_IL6_TREATED_CD4_TCELL_DN","50/4231","200/21355",0.0420175139861189,0.0519743669625592,0.010310129676537
"GSE21774_CD62L_POS_CD56_BRIGHT_VS_CD62L_NEG_CD56_DIM_NK_CELL_DN","GSE21774_CD62L_POS_CD56_BRIGHT_VS_CD62L_NEG_CD56_DIM_NK_CELL_DN","50/4231","200/21355",0.0420175139861189,0.0519743669625592,0.010310129676537
"GSE23505_IL6_IL1_VS_IL6_IL1_TGFB_TREATED_CD4_TCELL_UP","GSE23505_IL6_IL1_VS_IL6_IL1_TGFB_TREATED_CD4_TCELL_UP","50/4231","200/21355",0.0420175139861189,0.0519743669625592,0.010310129676537
"GSE2585_CD80_HIGH_VS_LOW_AIRE_KO_MTEC_UP","GSE2585_CD80_HIGH_VS_LOW_AIRE_KO_MTEC_UP","50/4231","200/21355",0.0420175139861189,0.0519743669625592,0.010310129676537
"GSE2770_IL12_VS_IL4_TREATED_ACT_CD4_TCELL_6H_UP","GSE2770_IL12_VS_IL4_TREATED_ACT_CD4_TCELL_6H_UP","50/4231","200/21355",0.0420175139861189,0.0519743669625592,0.010310129676537
"GSE27786_NKCELL_VS_ERYTHROBLAST_DN","GSE27786_NKCELL_VS_ERYTHROBLAST_DN","50/4231","200/21355",0.0420175139861189,0.0519743669625592,0.010310129676537
"GSE28737_WT_VS_BCL6_HET_FOLLICULAR_BCELL_UP","GSE28737_WT_VS_BCL6_HET_FOLLICULAR_BCELL_UP","50/4231","200/21355",0.0420175139861189,0.0519743669625592,0.010310129676537
"GSE34156_NOD2_LIGAND_VS_NOD2_AND_TLR1_TLR2_LIGAND_6H_TREATED_MONOCYTE_DN","GSE34156_NOD2_LIGAND_VS_NOD2_AND_TLR1_TLR2_LIGAND_6H_TREATED_MONOCYTE_DN","50/4231","200/21355",0.0420175139861189,0.0519743669625592,0.010310129676537
"GSE34156_TLR1_TLR2_LIGAND_VS_NOD2_AND_TLR1_TLR2_LIGAND_24H_TREATED_MONOCYTE_DN","GSE34156_TLR1_TLR2_LIGAND_VS_NOD2_AND_TLR1_TLR2_LIGAND_24H_TREATED_MONOCYTE_DN","50/4231","200/21355",0.0420175139861189,0.0519743669625592,0.010310129676537
"GSE360_CTRL_VS_B_MALAYI_LOW_DOSE_MAC_DN","GSE360_CTRL_VS_B_MALAYI_LOW_DOSE_MAC_DN","50/4231","200/21355",0.0420175139861189,0.0519743669625592,0.010310129676537
"GSE36392_MAC_VS_NEUTROPHIL_IL25_TREATED_LUNG_DN","GSE36392_MAC_VS_NEUTROPHIL_IL25_TREATED_LUNG_DN","50/4231","200/21355",0.0420175139861189,0.0519743669625592,0.010310129676537
"GSE39820_TGFBETA1_IL6_VS_TGFBETA1_IL6_IL23A_TREATED_CD4_TCELL_DN","GSE39820_TGFBETA1_IL6_VS_TGFBETA1_IL6_IL23A_TREATED_CD4_TCELL_DN","50/4231","200/21355",0.0420175139861189,0.0519743669625592,0.010310129676537
"GSE41978_ID2_KO_VS_ID2_KO_AND_BIM_KO_KLRG1_LOW_EFFECTOR_CD8_TCELL_DN","GSE41978_ID2_KO_VS_ID2_KO_AND_BIM_KO_KLRG1_LOW_EFFECTOR_CD8_TCELL_DN","50/4231","200/21355",0.0420175139861189,0.0519743669625592,0.010310129676537
"GSE43955_1H_VS_10H_ACT_CD4_TCELL_DN","GSE43955_1H_VS_10H_ACT_CD4_TCELL_DN","50/4231","200/21355",0.0420175139861189,0.0519743669625592,0.010310129676537
"GSE43955_TGFB_IL6_VS_TGFB_IL6_IL23_TH17_ACT_CD4_TCELL_52H_UP","GSE43955_TGFB_IL6_VS_TGFB_IL6_IL23_TH17_ACT_CD4_TCELL_52H_UP","50/4231","200/21355",0.0420175139861189,0.0519743669625592,0.010310129676537
"GSE43955_TH0_VS_TGFB_IL6_TH17_ACT_CD4_TCELL_10H_DN","GSE43955_TH0_VS_TGFB_IL6_TH17_ACT_CD4_TCELL_10H_DN","50/4231","200/21355",0.0420175139861189,0.0519743669625592,0.010310129676537
"GSE43956_WT_VS_SGK1_KO_TH17_DIFFERENTIATED_CD4_TCELL_UP","GSE43956_WT_VS_SGK1_KO_TH17_DIFFERENTIATED_CD4_TCELL_UP","50/4231","200/21355",0.0420175139861189,0.0519743669625592,0.010310129676537
"GSE4748_CTRL_VS_LPS_STIM_DC_3H_UP","GSE4748_CTRL_VS_LPS_STIM_DC_3H_UP","50/4231","200/21355",0.0420175139861189,0.0519743669625592,0.010310129676537
"GSE7460_CTRL_VS_FOXP3_OVEREXPR_TCONV_1_DN","GSE7460_CTRL_VS_FOXP3_OVEREXPR_TCONV_1_DN","50/4231","200/21355",0.0420175139861189,0.0519743669625592,0.010310129676537
"GSE27291_6H_VS_7D_STIM_GAMMADELTA_TCELL_DN","GSE27291_6H_VS_7D_STIM_GAMMADELTA_TCELL_DN","47/4231","187/21355",0.0437108773806547,0.0540559607848579,0.0107230544218684
"GSE17974_IL4_AND_ANTI_IL12_VS_UNTREATED_48H_ACT_CD4_TCELL_DN","GSE17974_IL4_AND_ANTI_IL12_VS_UNTREATED_48H_ACT_CD4_TCELL_DN","49/4231","196/21355",0.0437404146479339,0.0540664011298068,0.0107251254679741
"GSE34156_UNTREATED_VS_24H_TLR1_TLR2_LIGAND_TREATED_MONOCYTE_DN","GSE34156_UNTREATED_VS_24H_TLR1_TLR2_LIGAND_TREATED_MONOCYTE_DN","49/4231","196/21355",0.0437404146479339,0.0540664011298068,0.0107251254679741
"GSE15624_3H_VS_6H_HALOFUGINONE_TREATED_CD4_TCELL_DN","GSE15624_3H_VS_6H_HALOFUGINONE_TREATED_CD4_TCELL_DN","38/4231","147/21355",0.044255233761366,0.0546895680474354,0.010848742783708
"GSE12366_PLASMA_CELL_VS_MEMORY_BCELL_UP","GSE12366_PLASMA_CELL_VS_MEMORY_BCELL_UP","48/4231","192/21355",0.0455392463082636,0.0562491991749782,0.0111581260453475
"GSE25087_FETAL_VS_ADULT_TREG_DN","GSE25087_FETAL_VS_ADULT_TREG_DN","48/4231","192/21355",0.0455392463082636,0.0562491991749782,0.0111581260453475
"GSE25677_R848_VS_MPL_AND_R848_STIM_BCELL_UP","GSE25677_R848_VS_MPL_AND_R848_STIM_BCELL_UP","37/4231","143/21355",0.0460542855336077,0.0568716616827928,0.0112816036276522
"LI_PBMC_MENOMUNE_A_C_Y_W_135_AGE_18_45YO_3DY_UP","LI_PBMC_MENOMUNE_A_C_Y_W_135_AGE_18_45YO_3DY_UP","10/4231","29/21355",0.0464351547552457,0.0573281799796218,0.0113721629382333
"GSE32901_NAIVE_VS_TH1_CD4_TCELL_UP","GSE32901_NAIVE_VS_TH1_CD4_TCELL_UP","34/4231","130/21355",0.0471388625773652,0.058182954387569,0.0115417241181986
"GSE20151_CTRL_VS_FUSOBACT_NUCLEATUM_NEUTROPHIL_UP","GSE20151_CTRL_VS_FUSOBACT_NUCLEATUM_NEUTROPHIL_UP","49/4231","197/21355",0.0473561093549747,0.0584089067742061,0.011586546182287
"GSE22601_DOUBLE_NEGATIVE_VS_DOUBLE_POSITIVE_THYMOCYTE_UP","GSE22601_DOUBLE_NEGATIVE_VS_DOUBLE_POSITIVE_THYMOCYTE_UP","49/4231","197/21355",0.0473561093549747,0.0584089067742061,0.011586546182287
"GSE37301_COMMON_LYMPHOID_PROGENITOR_VS_GRAN_MONO_PROGENITOR_DN","GSE37301_COMMON_LYMPHOID_PROGENITOR_VS_GRAN_MONO_PROGENITOR_DN","49/4231","197/21355",0.0473561093549747,0.0584089067742061,0.011586546182287
"GSE40274_CTRL_VS_HELIOS_TRANSDUCED_ACTIVATED_CD4_TCELL_DN","GSE40274_CTRL_VS_HELIOS_TRANSDUCED_ACTIVATED_CD4_TCELL_DN","45/4231","179/21355",0.0473885766518819,0.0584348914884644,0.0115917007573067
"GSE13762_CTRL_VS_125_VITAMIND_DAY12_DC_UP","GSE13762_CTRL_VS_125_VITAMIND_DAY12_DC_UP","38/4231","148/21355",0.0485226448072462,0.0598189219052295,0.0118662501920964
"GSE25146_UNSTIM_VS_HELIOBACTER_PYLORI_LPS_STIM_AGS_CELL_DN","GSE25146_UNSTIM_VS_HELIOBACTER_PYLORI_LPS_STIM_AGS_CELL_DN","42/4231","166/21355",0.0492108100350404,0.060652707920081,0.0120316479148199
"GSE6269_FLU_VS_STAPH_AUREUS_INF_PBMC_UP","GSE6269_FLU_VS_STAPH_AUREUS_INF_PBMC_UP","46/4231","184/21355",0.0493800339333316,0.0608466475822736,0.0120701196304652
"GSE2124_CTRL_VS_LYMPHOTOXIN_BETA_TREATED_MLN_DN","GSE2124_CTRL_VS_LYMPHOTOXIN_BETA_TREATED_MLN_DN","49/4231","198/21355",0.0511917018924583,0.0629730414928585,0.0124919313473317
"GSE22611_UNSTIM_VS_2H_MDP_STIM_NOD2_TRANSDUCED_HEK293T_CELL_DN","GSE22611_UNSTIM_VS_2H_MDP_STIM_NOD2_TRANSDUCED_HEK293T_CELL_DN","49/4231","198/21355",0.0511917018924583,0.0629730414928585,0.0124919313473317
"GSE29618_PRE_VS_DAY7_POST_TIV_FLU_VACCINE_MONOCYTE_UP","GSE29618_PRE_VS_DAY7_POST_TIV_FLU_VACCINE_MONOCYTE_UP","49/4231","198/21355",0.0511917018924583,0.0629730414928585,0.0124919313473317
"GSE36476_YOUNG_VS_OLD_DONOR_MEMORY_CD4_TCELL_72H_TSST_ACT_DN","GSE36476_YOUNG_VS_OLD_DONOR_MEMORY_CD4_TCELL_72H_TSST_ACT_DN","49/4231","198/21355",0.0511917018924583,0.0629730414928585,0.0124919313473317
"GSE3982_CENT_MEMORY_CD4_TCELL_VS_TH1_UP","GSE3982_CENT_MEMORY_CD4_TCELL_VS_TH1_UP","49/4231","198/21355",0.0511917018924583,0.0629730414928585,0.0124919313473317
"GSE41867_NAIVE_VS_DAY15_LCMV_ARMSTRONG_EFFECTOR_CD8_TCELL_DN","GSE41867_NAIVE_VS_DAY15_LCMV_ARMSTRONG_EFFECTOR_CD8_TCELL_DN","49/4231","198/21355",0.0511917018924583,0.0629730414928585,0.0124919313473317
"GSE6875_TCONV_VS_TREG_UP","GSE6875_TCONV_VS_TREG_UP","49/4231","198/21355",0.0511917018924583,0.0629730414928585,0.0124919313473317
"GSE12505_WT_VS_E2_2_HET_PDC_UP","GSE12505_WT_VS_E2_2_HET_PDC_UP","34/4231","131/21355",0.0519325387565908,0.0638690483844252,0.0126696717948446
"GSE12366_GC_BCELL_VS_PLASMA_CELL_DN","GSE12366_GC_BCELL_VS_PLASMA_CELL_DN","48/4231","194/21355",0.0533136905716117,0.0655204933757089,0.012997268127592
"GSE23114_WT_VS_SLE2C1_MOUSE_PERITONEAL_CAVITY_B1A_BCELL_UP","GSE23114_WT_VS_SLE2C1_MOUSE_PERITONEAL_CAVITY_B1A_BCELL_UP","48/4231","194/21355",0.0533136905716117,0.0655204933757089,0.012997268127592
"GSE34156_UNTREATED_VS_24H_TLR1_TLR2_LIGAND_TREATED_MONOCYTE_UP","GSE34156_UNTREATED_VS_24H_TLR1_TLR2_LIGAND_TREATED_MONOCYTE_UP","48/4231","194/21355",0.0533136905716117,0.0655204933757089,0.012997268127592
"GSE3920_IFNB_VS_IFNG_TREATED_ENDOTHELIAL_CELL_UP","GSE3920_IFNB_VS_IFNG_TREATED_ENDOTHELIAL_CELL_UP","42/4231","167/21355",0.0535456328732424,0.0657897684823204,0.0130506840983883
"GSE13522_CTRL_VS_T_CRUZI_BRAZIL_STRAIN_INF_SKIN_DN","GSE13522_CTRL_VS_T_CRUZI_BRAZIL_STRAIN_INF_SKIN_DN","49/4231","199/21355",0.0552539092936682,0.0677911773670041,0.0134477025969826
"GSE21670_UNTREATED_VS_TGFB_TREATED_STAT3_KO_CD4_TCELL_UP","GSE21670_UNTREATED_VS_TGFB_TREATED_STAT3_KO_CD4_TCELL_UP","49/4231","199/21355",0.0552539092936682,0.0677911773670041,0.0134477025969826
"GSE22527_ANTI_CD3_INVIVO_VS_UNTREATED_MOUSE_TREG_UP","GSE22527_ANTI_CD3_INVIVO_VS_UNTREATED_MOUSE_TREG_UP","49/4231","199/21355",0.0552539092936682,0.0677911773670041,0.0134477025969826
"GSE29617_CTRL_VS_DAY3_TIV_FLU_VACCINE_PBMC_2008_DN","GSE29617_CTRL_VS_DAY3_TIV_FLU_VACCINE_PBMC_2008_DN","49/4231","199/21355",0.0552539092936682,0.0677911773670041,0.0134477025969826
"GSE36527_CD62L_HIGH_CD69_NEG_VS_CD62L_LOW_CD69_POS_TREG_KLRG1_NEG_UP","GSE36527_CD62L_HIGH_CD69_NEG_VS_CD62L_LOW_CD69_POS_TREG_KLRG1_NEG_UP","49/4231","199/21355",0.0552539092936682,0.0677911773670041,0.0134477025969826
"GSE5589_WT_VS_IL6_KO_LPS_AND_IL6_STIM_MACROPHAGE_45MIN_UP","GSE5589_WT_VS_IL6_KO_LPS_AND_IL6_STIM_MACROPHAGE_45MIN_UP","49/4231","199/21355",0.0552539092936682,0.0677911773670041,0.0134477025969826
"GSE21927_SPLEEN_VS_4T1_TUMOR_MONOCYTE_BALBC_UP","GSE21927_SPLEEN_VS_4T1_TUMOR_MONOCYTE_BALBC_UP","47/4231","190/21355",0.0555309646619591,0.0680984987696656,0.0135086657928614
"GSE26928_NAIVE_VS_EFF_MEMORY_CD4_TCELL_UP","GSE26928_NAIVE_VS_EFF_MEMORY_CD4_TCELL_UP","47/4231","190/21355",0.0555309646619591,0.0680984987696656,0.0135086657928614
"QUEREC_PBMC_YF_17D_VACCINE_AGE_18_45YO_3DY_UP","QUEREC_PBMC_YF_17D_VACCINE_AGE_18_45YO_3DY_UP","14/4231","46/21355",0.0573606145691144,0.0703085868678337,0.0139470798846597
"QUEREC_PBMC_YF_17D_VACCINE_AGE_18_45YO_7DY_UP","QUEREC_PBMC_YF_17D_VACCINE_AGE_18_45YO_7DY_UP","14/4231","46/21355",0.0573606145691144,0.0703085868678337,0.0139470798846597
"GSE2770_IL12_AND_TGFB_VS_IL4_TREATED_ACT_CD4_TCELL_48H_DN","GSE2770_IL12_AND_TGFB_VS_IL4_TREATED_ACT_CD4_TCELL_48H_DN","48/4231","195/21355",0.0575507642131418,0.0705079391387583,0.0139866252968439
"GSE37416_CTRL_VS_3H_F_TULARENSIS_LVS_NEUTROPHIL_DN","GSE37416_CTRL_VS_3H_F_TULARENSIS_LVS_NEUTROPHIL_DN","48/4231","195/21355",0.0575507642131418,0.0705079391387583,0.0139866252968439
"HARALAMBIEVA_PBMC_TIV_AGE_50_74YO_CORRELATED_WITH_MEMORY_B_CELL_RESPONSE_3DY_POSITIVE","HARALAMBIEVA_PBMC_TIV_AGE_50_74YO_CORRELATED_WITH_MEMORY_B_CELL_RESPONSE_3DY_POSITIVE","6/4231","15/21355",0.0586010686491445,0.071777557442178,0.014238478856838
"HOWARD_NEUTROPHIL_INACT_MONOV_INFLUENZA_A_INDONESIA_05_2005_H5N1_AGE_18_49YO_3DY_UP","HOWARD_NEUTROPHIL_INACT_MONOV_INFLUENZA_A_INDONESIA_05_2005_H5N1_AGE_18_49YO_3DY_UP","31/4231","119/21355",0.058615417636442,0.0717779815586244,0.0142385629886094
"GSE10239_KLRG1INT_VS_KLRG1HIGH_EFF_CD8_TCELL_UP","GSE10239_KLRG1INT_VS_KLRG1HIGH_EFF_CD8_TCELL_UP","49/4231","200/21355",0.0595491634000912,0.0724712753059989,0.0143760913291568
"GSE13306_LAMINA_PROPRIA_VS_SPLEEN_TREG_DN","GSE13306_LAMINA_PROPRIA_VS_SPLEEN_TREG_DN","49/4231","200/21355",0.0595491634000912,0.0724712753059989,0.0143760913291568
"GSE13522_CTRL_VS_T_CRUZI_Y_STRAIN_INF_SKIN_129_MOUSE_DN","GSE13522_CTRL_VS_T_CRUZI_Y_STRAIN_INF_SKIN_129_MOUSE_DN","49/4231","200/21355",0.0595491634000912,0.0724712753059989,0.0143760913291568
"GSE17721_CPG_VS_GARDIQUIMOD_12H_BMDC_UP","GSE17721_CPG_VS_GARDIQUIMOD_12H_BMDC_UP","49/4231","200/21355",0.0595491634000912,0.0724712753059989,0.0143760913291568
"GSE17721_CTRL_VS_GARDIQUIMOD_1H_BMDC_UP","GSE17721_CTRL_VS_GARDIQUIMOD_1H_BMDC_UP","49/4231","200/21355",0.0595491634000912,0.0724712753059989,0.0143760913291568
"GSE17721_LPS_VS_POLYIC_2H_BMDC_UP","GSE17721_LPS_VS_POLYIC_2H_BMDC_UP","49/4231","200/21355",0.0595491634000912,0.0724712753059989,0.0143760913291568
"GSE17721_PAM3CSK4_VS_GADIQUIMOD_0.5H_BMDC_UP","GSE17721_PAM3CSK4_VS_GADIQUIMOD_0.5H_BMDC_UP","49/4231","200/21355",0.0595491634000912,0.0724712753059989,0.0143760913291568
"GSE17721_PAM3CSK4_VS_GADIQUIMOD_1H_BMDC_UP","GSE17721_PAM3CSK4_VS_GADIQUIMOD_1H_BMDC_UP","49/4231","200/21355",0.0595491634000912,0.0724712753059989,0.0143760913291568
"GSE17721_PAM3CSK4_VS_GADIQUIMOD_2H_BMDC_UP","GSE17721_PAM3CSK4_VS_GADIQUIMOD_2H_BMDC_UP","49/4231","200/21355",0.0595491634000912,0.0724712753059989,0.0143760913291568
"GSE18893_CTRL_VS_TNF_TREATED_TCONV_24H_UP","GSE18893_CTRL_VS_TNF_TREATED_TCONV_24H_UP","49/4231","200/21355",0.0595491634000912,0.0724712753059989,0.0143760913291568
"GSE19888_ADENOSINE_A3R_INH_VS_TCELL_MEMBRANES_ACT_MAST_CELL_UP","GSE19888_ADENOSINE_A3R_INH_VS_TCELL_MEMBRANES_ACT_MAST_CELL_UP","49/4231","200/21355",0.0595491634000912,0.0724712753059989,0.0143760913291568
"GSE19888_CTRL_VS_TCELL_MEMBRANES_ACT_MAST_CELL_PRETREAT_A3R_INH_UP","GSE19888_CTRL_VS_TCELL_MEMBRANES_ACT_MAST_CELL_PRETREAT_A3R_INH_UP","49/4231","200/21355",0.0595491634000912,0.0724712753059989,0.0143760913291568
"GSE20715_0H_VS_6H_OZONE_TLR4_KO_LUNG_UP","GSE20715_0H_VS_6H_OZONE_TLR4_KO_LUNG_UP","49/4231","200/21355",0.0595491634000912,0.0724712753059989,0.0143760913291568
"GSE22443_NAIVE_VS_ACT_AND_IL12_TREATED_CD8_TCELL_DN","GSE22443_NAIVE_VS_ACT_AND_IL12_TREATED_CD8_TCELL_DN","49/4231","200/21355",0.0595491634000912,0.0724712753059989,0.0143760913291568
"GSE24142_EARLY_THYMIC_PROGENITOR_VS_DN2_THYMOCYTE_FETAL_DN","GSE24142_EARLY_THYMIC_PROGENITOR_VS_DN2_THYMOCYTE_FETAL_DN","49/4231","200/21355",0.0595491634000912,0.0724712753059989,0.0143760913291568
"GSE25088_CTRL_VS_ROSIGLITAZONE_STIM_MACROPHAGE_UP","GSE25088_CTRL_VS_ROSIGLITAZONE_STIM_MACROPHAGE_UP","49/4231","200/21355",0.0595491634000912,0.0724712753059989,0.0143760913291568
"GSE27786_ERYTHROBLAST_VS_NEUTROPHIL_UP","GSE27786_ERYTHROBLAST_VS_NEUTROPHIL_UP","49/4231","200/21355",0.0595491634000912,0.0724712753059989,0.0143760913291568
"GSE3203_HEALTHY_VS_INFLUENZA_INFECTED_LN_BCELL_DN","GSE3203_HEALTHY_VS_INFLUENZA_INFECTED_LN_BCELL_DN","49/4231","200/21355",0.0595491634000912,0.0724712753059989,0.0143760913291568
"GSE3203_UNTREATED_VS_IFNB_TREATED_LN_BCELL_UP","GSE3203_UNTREATED_VS_IFNB_TREATED_LN_BCELL_UP","49/4231","200/21355",0.0595491634000912,0.0724712753059989,0.0143760913291568
"GSE339_CD4POS_VS_CD4CD8DN_DC_IN_CULTURE_DN","GSE339_CD4POS_VS_CD4CD8DN_DC_IN_CULTURE_DN","49/4231","200/21355",0.0595491634000912,0.0724712753059989,0.0143760913291568
"GSE339_CD4POS_VS_CD4CD8DN_DC_IN_CULTURE_UP","GSE339_CD4POS_VS_CD4CD8DN_DC_IN_CULTURE_UP","49/4231","200/21355",0.0595491634000912,0.0724712753059989,0.0143760913291568
"GSE360_L_DONOVANI_VS_T_GONDII_DC_UP","GSE360_L_DONOVANI_VS_T_GONDII_DC_UP","49/4231","200/21355",0.0595491634000912,0.0724712753059989,0.0143760913291568
"GSE36527_CD62L_HIGH_CD69_NEG_VS_CD62L_LOW_CD69_POS_TREG_KLRG1_NEG_DN","GSE36527_CD62L_HIGH_CD69_NEG_VS_CD62L_LOW_CD69_POS_TREG_KLRG1_NEG_DN","49/4231","200/21355",0.0595491634000912,0.0724712753059989,0.0143760913291568
"GSE4142_PLASMA_CELL_VS_GC_BCELL_DN","GSE4142_PLASMA_CELL_VS_GC_BCELL_DN","49/4231","200/21355",0.0595491634000912,0.0724712753059989,0.0143760913291568
"GSE7460_CTRL_VS_TGFB_TREATED_ACT_CD8_TCELL_DN","GSE7460_CTRL_VS_TGFB_TREATED_ACT_CD8_TCELL_DN","49/4231","200/21355",0.0595491634000912,0.0724712753059989,0.0143760913291568
"GSE9037_WT_VS_IRAK4_KO_LPS_1H_STIM_BMDM_DN","GSE9037_WT_VS_IRAK4_KO_LPS_1H_STIM_BMDM_DN","49/4231","200/21355",0.0595491634000912,0.0724712753059989,0.0143760913291568
"GSE12003_4D_VS_8D_CULTURE_BM_PROGENITOR_DN","GSE12003_4D_VS_8D_CULTURE_BM_PROGENITOR_DN","35/4231","137/21355",0.0600388233991859,0.0730498477911765,0.0144908624692027
"GSE5589_WT_VS_IL10_KO_LPS_STIM_MACROPHAGE_180MIN_DN","GSE5589_WT_VS_IL10_KO_LPS_STIM_MACROPHAGE_180MIN_DN","39/4231","155/21355",0.0605823808416899,0.0736937076873523,0.0146185846409393
"GSE14413_UNSTIM_VS_IFNB_STIM_L929_CELLS_UP","GSE14413_UNSTIM_VS_IFNB_STIM_L929_CELLS_UP","32/4231","124/21355",0.0619479965740035,0.0753369941727976,0.014944562574886
"GSE29617_CTRL_VS_DAY3_TIV_FLU_VACCINE_PBMC_2008_UP","GSE29617_CTRL_VS_DAY3_TIV_FLU_VACCINE_PBMC_2008_UP","48/4231","196/21355",0.0620297965045608,0.0754185808544542,0.0149607468849011
"SCHERER_PBMC_APSV_WETVAX_AGE_18_32YO_5_TO_7DY_DN","SCHERER_PBMC_APSV_WETVAX_AGE_18_32YO_5_TO_7DY_DN","46/4231","187/21355",0.0624606567231619,0.075924431198228,0.0150610921694331
"GSE4590_SMALL_VS_VPREB_POS_LARGE_PRE_BCELL_UP","GSE4590_SMALL_VS_VPREB_POS_LARGE_PRE_BCELL_UP","42/4231","169/21355",0.0630470789078373,0.076619091152578,0.015198891523788
"GSE40274_CTRL_VS_FOXP3_AND_IRF4_TRANSDUCED_ACTIVATED_CD4_TCELL_UP","GSE40274_CTRL_VS_FOXP3_AND_IRF4_TRANSDUCED_ACTIVATED_CD4_TCELL_UP","40/4231","160/21355",0.0631687776955297,0.076748792241594,0.0152246202651867
"GSE26928_NAIVE_VS_CENT_MEMORY_CD4_TCELL_UP","GSE26928_NAIVE_VS_CENT_MEMORY_CD4_TCELL_UP","47/4231","192/21355",0.0646227001843274,0.0784966732570764,0.0155713465647444
"DHIMAN_PBMC_ATTENUVAX_AGE_15_25YO_SUBQ_7_OR_14DY_DN","DHIMAN_PBMC_ATTENUVAX_AGE_15_25YO_SUBQ_7_OR_14DY_DN","7/4231","19/21355",0.0646491771827537,0.0785102303337587,0.015574035875395
"GSE37301_PRO_BCELL_VS_CD4_TCELL_DN","GSE37301_PRO_BCELL_VS_CD4_TCELL_DN","41/4231","165/21355",0.0657178694993886,0.0797891518365386,0.0158277349064822
"GSE24574_BCL6_HIGH_TFH_VS_TFH_CD4_TCELL_UP","GSE24574_BCL6_HIGH_TFH_VS_TFH_CD4_TCELL_UP","48/4231","197/21355",0.066756890351408,0.0810314515608139,0.0160741692933335
"GSE13887_HEALTHY_VS_LUPUS_RESTING_CD4_TCELL_UP","GSE13887_HEALTHY_VS_LUPUS_RESTING_CD4_TCELL_UP","30/4231","116/21355",0.067279174930759,0.0816460820774314,0.0161960932473867
"GSE14000_TRANSLATED_RNA_VS_MRNA_16H_LPS_DC_UP","GSE14000_TRANSLATED_RNA_VS_MRNA_16H_LPS_DC_UP","46/4231","188/21355",0.0673336995829645,0.081692909837225,0.0162053824471239
"GSE17974_IL4_AND_ANTI_IL12_VS_UNTREATED_4H_ACT_CD4_TCELL_UP","GSE17974_IL4_AND_ANTI_IL12_VS_UNTREATED_4H_ACT_CD4_TCELL_UP","47/4231","193/21355",0.0695514509563844,0.0843436805305007,0.0167312145291217
"GSE46242_TH1_VS_ANERGIC_TH1_CD4_TCELL_DN","GSE46242_TH1_VS_ANERGIC_TH1_CD4_TCELL_DN","47/4231","193/21355",0.0695514509563844,0.0843436805305007,0.0167312145291217
"LI_PBMC_MENACTRA_AGE_18_45YO_ANTI_DT_ANTIBODY_CORRELATION_PROFILE_3DY_UP","LI_PBMC_MENACTRA_AGE_18_45YO_ANTI_DT_ANTIBODY_CORRELATION_PROFILE_3DY_UP","9/4231","27/21355",0.0699436860995857,0.0847992750582962,0.0168215905920928
"GAUCHER_PBMC_YF_VAX_STAMARIL_UNKNOWN_AGE_14DY_DN","GAUCHER_PBMC_YF_VAX_STAMARIL_UNKNOWN_AGE_14DY_DN","5/4231","12/21355",0.0700373480922929,0.0848927515538173,0.0168401334786512
"GSE7509_UNSTIM_VS_FCGRIIB_STIM_MONOCYTE_DN","GSE7509_UNSTIM_VS_FCGRIIB_STIM_MONOCYTE_DN","41/4231","166/21355",0.0711321850036949,0.0861994279737446,0.0170993382390368
"NAKAYA_MYELOID_DENDRITIC_CELL_FLUMIST_AGE_18_50YO_7DY_DN","NAKAYA_MYELOID_DENDRITIC_CELL_FLUMIST_AGE_18_50YO_7DY_DN","63/4231","267/21355",0.0711848946865578,0.0862429142432748,0.0171079645889898
"GSE13522_CTRL_VS_T_CRUZI_Y_STRAIN_INF_SKIN_BALBC_MOUSE_DN","GSE13522_CTRL_VS_T_CRUZI_Y_STRAIN_INF_SKIN_BALBC_MOUSE_DN","35/4231","139/21355",0.0715947396762412,0.0867189592581314,0.0172023974050465
"GSE15330_LYMPHOID_MULTIPOTENT_VS_GRANULOCYTE_MONOCYTE_PROGENITOR_IKAROS_KO_UP","GSE15330_LYMPHOID_MULTIPOTENT_VS_GRANULOCYTE_MONOCYTE_PROGENITOR_IKAROS_KO_UP","48/4231","198/21355",0.0717377506582713,0.0867282334609195,0.0172042371241038
"GSE15659_RESTING_VS_ACTIVATED_TREG_DN","GSE15659_RESTING_VS_ACTIVATED_TREG_DN","48/4231","198/21355",0.0717377506582713,0.0867282334609195,0.0172042371241038
"GSE19923_WT_VS_E2A_KO_DP_THYMOCYTE_DN","GSE19923_WT_VS_E2A_KO_DP_THYMOCYTE_DN","48/4231","198/21355",0.0717377506582713,0.0867282334609195,0.0172042371241038
"GSE22886_NAIVE_TCELL_VS_MONOCYTE_UP","GSE22886_NAIVE_TCELL_VS_MONOCYTE_UP","48/4231","198/21355",0.0717377506582713,0.0867282334609195,0.0172042371241038
"GSE2405_0H_VS_6H_A_PHAGOCYTOPHILUM_STIM_NEUTROPHIL_DN","GSE2405_0H_VS_6H_A_PHAGOCYTOPHILUM_STIM_NEUTROPHIL_DN","48/4231","198/21355",0.0717377506582713,0.0867282334609195,0.0172042371241038
"GSE30153_LUPUS_VS_HEALTHY_DONOR_BCELL_DN","GSE30153_LUPUS_VS_HEALTHY_DONOR_BCELL_DN","48/4231","198/21355",0.0717377506582713,0.0867282334609195,0.0172042371241038
"GSE360_T_GONDII_VS_B_MALAYI_HIGH_DOSE_DC_UP","GSE360_T_GONDII_VS_B_MALAYI_HIGH_DOSE_DC_UP","48/4231","198/21355",0.0717377506582713,0.0867282334609195,0.0172042371241038
"GSE37533_PPARG2_FOXP3_VS_FOXP3_TRANSDUCED_CD4_TCELL_PIOGLITAZONE_TREATED_DN","GSE37533_PPARG2_FOXP3_VS_FOXP3_TRANSDUCED_CD4_TCELL_PIOGLITAZONE_TREATED_DN","48/4231","198/21355",0.0717377506582713,0.0867282334609195,0.0172042371241038
"GSE5099_CLASSICAL_M1_VS_ALTERNATIVE_M2_MACROPHAGE_DN","GSE5099_CLASSICAL_M1_VS_ALTERNATIVE_M2_MACROPHAGE_DN","46/4231","189/21355",0.0724735628953614,0.0875971429855276,0.0173766022802266
"GSE45837_WT_VS_GFI1_KO_PDC_UP","GSE45837_WT_VS_GFI1_KO_PDC_UP","47/4231","194/21355",0.0747431158413116,0.0902977166633428,0.0179123137558349
"GSE9006_TYPE_1_DIABETES_AT_DX_VS_4MONTH_POST_DX_PBMC_DN","GSE9006_TYPE_1_DIABETES_AT_DX_VS_4MONTH_POST_DX_PBMC_DN","47/4231","194/21355",0.0747431158413116,0.0902977166633428,0.0179123137558349
"GSE12198_CTRL_VS_HIGH_IL2_STIM_NK_CELL_UP","GSE12198_CTRL_VS_HIGH_IL2_STIM_NK_CELL_UP","48/4231","199/21355",0.0769776472509931,0.0926261548846457,0.0183742049034987
"GSE12845_IGD_NEG_BLOOD_VS_PRE_GC_TONSIL_BCELL_UP","GSE12845_IGD_NEG_BLOOD_VS_PRE_GC_TONSIL_BCELL_UP","48/4231","199/21355",0.0769776472509931,0.0926261548846457,0.0183742049034987
"GSE16450_CTRL_VS_IFNA_6H_STIM_MATURE_NEURON_CELL_LINE_UP","GSE16450_CTRL_VS_IFNA_6H_STIM_MATURE_NEURON_CELL_LINE_UP","48/4231","199/21355",0.0769776472509931,0.0926261548846457,0.0183742049034987
"GSE20366_EX_VIVO_VS_DEC205_CONVERSION_NAIVE_CD4_TCELL_DN","GSE20366_EX_VIVO_VS_DEC205_CONVERSION_NAIVE_CD4_TCELL_DN","48/4231","199/21355",0.0769776472509931,0.0926261548846457,0.0183742049034987
"GSE21546_ELK1_KO_VS_SAP1A_KO_AND_ELK1_KO_ANTI_CD3_STIM_DP_THYMOCYTES_UP","GSE21546_ELK1_KO_VS_SAP1A_KO_AND_ELK1_KO_ANTI_CD3_STIM_DP_THYMOCYTES_UP","48/4231","199/21355",0.0769776472509931,0.0926261548846457,0.0183742049034987
"GSE22886_NAIVE_CD8_TCELL_VS_DC_UP","GSE22886_NAIVE_CD8_TCELL_VS_DC_UP","48/4231","199/21355",0.0769776472509931,0.0926261548846457,0.0183742049034987
"GSE22886_NEUTROPHIL_VS_DC_UP","GSE22886_NEUTROPHIL_VS_DC_UP","48/4231","199/21355",0.0769776472509931,0.0926261548846457,0.0183742049034987
"GSE28783_CTRL_ANTI_MIR_VS_UNTREATED_ATHEROSCLEROSIS_MACROPHAGE_UP","GSE28783_CTRL_ANTI_MIR_VS_UNTREATED_ATHEROSCLEROSIS_MACROPHAGE_UP","48/4231","199/21355",0.0769776472509931,0.0926261548846457,0.0183742049034987
"GSE30083_SP2_VS_SP3_THYMOCYTE_UP","GSE30083_SP2_VS_SP3_THYMOCYTE_UP","48/4231","199/21355",0.0769776472509931,0.0926261548846457,0.0183742049034987
"GSE369_SOCS3_KO_VS_IFNG_KO_LIVER_UP","GSE369_SOCS3_KO_VS_IFNG_KO_LIVER_UP","48/4231","199/21355",0.0769776472509931,0.0926261548846457,0.0183742049034987
"GSE3982_EOSINOPHIL_VS_NEUTROPHIL_UP","GSE3982_EOSINOPHIL_VS_NEUTROPHIL_UP","48/4231","199/21355",0.0769776472509931,0.0926261548846457,0.0183742049034987
"GSE39820_IL1B_IL6_VS_IL1B_IL6_IL23A_TREATED_CD4_TCELL_UP","GSE39820_IL1B_IL6_VS_IL1B_IL6_IL23A_TREATED_CD4_TCELL_UP","48/4231","199/21355",0.0769776472509931,0.0926261548846457,0.0183742049034987
"GSE39820_TGFBETA1_VS_TGFBETA3_IN_IL6_TREATED_CD4_TCELL_DN","GSE39820_TGFBETA1_VS_TGFBETA3_IN_IL6_TREATED_CD4_TCELL_DN","48/4231","199/21355",0.0769776472509931,0.0926261548846457,0.0183742049034987
"GSE39916_B_CELL_SPLEEN_VS_PLASMA_CELL_BONE_MARROW_UP","GSE39916_B_CELL_SPLEEN_VS_PLASMA_CELL_BONE_MARROW_UP","48/4231","199/21355",0.0769776472509931,0.0926261548846457,0.0183742049034987
"GSE40441_NRP1_POS_INDUCED_TREG_VS_NRP1_NEG_NATURAL_TREG_DN","GSE40441_NRP1_POS_INDUCED_TREG_VS_NRP1_NEG_NATURAL_TREG_DN","48/4231","199/21355",0.0769776472509931,0.0926261548846457,0.0183742049034987
"GSE41978_ID2_KO_AND_BIM_KO_VS_BIM_KO_KLRG1_LOW_EFFECTOR_CD8_TCELL_UP","GSE41978_ID2_KO_AND_BIM_KO_VS_BIM_KO_KLRG1_LOW_EFFECTOR_CD8_TCELL_UP","48/4231","199/21355",0.0769776472509931,0.0926261548846457,0.0183742049034987
"GSE5589_WT_VS_IL6_KO_LPS_AND_IL10_STIM_MACROPHAGE_45MIN_DN","GSE5589_WT_VS_IL6_KO_LPS_AND_IL10_STIM_MACROPHAGE_45MIN_DN","48/4231","199/21355",0.0769776472509931,0.0926261548846457,0.0183742049034987
"GSE21546_UNSTIM_VS_ANTI_CD3_STIM_ELK1_KO_DP_THYMOCYTES_UP","GSE21546_UNSTIM_VS_ANTI_CD3_STIM_ELK1_KO_DP_THYMOCYTES_UP","46/4231","190/21355",0.0778857817754762,0.0936969062147596,0.0185866093195593
"HARALAMBIEVA_PBMC_FLUARIX_AGE_50_74YO_CORR_WITH_28D_MEM_B_CELL_RESPONSE_AT_28DY_LATE_GENE_EXPR_INDIVID_GENE_MODELS_PRED_PEAK_B_CELL_ELISPOT_RESP_POSITIVE","HARALAMBIEVA_PBMC_FLUARIX_AGE_50_74YO_CORR_WITH_28D_MEM_B_CELL_RESPONSE_AT_28DY_LATE_GENE_EXPR_INDIVID_GENE_MODELS_PRED_PEAK_B_CELL_ELISPOT_RESP_POSITIVE","6/4231","16/21355",0.0785551453692518,0.0944578173030224,0.0187375508788467
"HOFT_CD4_POSITIVE_ALPHA_BETA_MEMORY_T_CELL_BCG_VACCINE_AGE_18_45YO_ID_7DY_TOP_100_DEG_EX_VIVO_DN","HOFT_CD4_POSITIVE_ALPHA_BETA_MEMORY_T_CELL_BCG_VACCINE_AGE_18_45YO_ID_7DY_TOP_100_DEG_EX_VIVO_DN","6/4231","16/21355",0.0785551453692518,0.0944578173030224,0.0187375508788467
"GSE30971_2H_VS_4H_LPS_STIM_MACROPHAGE_WBP7_HET_UP","GSE30971_2H_VS_4H_LPS_STIM_MACROPHAGE_WBP7_HET_UP","47/4231","195/21355",0.0802028491286352,0.0963712622206714,0.019117120008454
"GSE37301_COMMON_LYMPHOID_PROGENITOR_VS_RAG2_KO_NK_CELL_UP","GSE37301_COMMON_LYMPHOID_PROGENITOR_VS_RAG2_KO_NK_CELL_UP","47/4231","195/21355",0.0802028491286352,0.0963712622206714,0.019117120008454
"GSE3982_EFF_MEMORY_VS_CENT_MEMORY_CD4_TCELL_UP","GSE3982_EFF_MEMORY_VS_CENT_MEMORY_CD4_TCELL_UP","47/4231","195/21355",0.0802028491286352,0.0963712622206714,0.019117120008454
"GSE11818_WT_VS_DICER_KO_TREG_DN","GSE11818_WT_VS_DICER_KO_TREG_DN","38/4231","154/21355",0.0806944623297379,0.0969392580038051,0.0192297930533043
"GSE13229_IMM_VS_MATURE_NKCELL_UP","GSE13229_IMM_VS_MATURE_NKCELL_UP","48/4231","200/21355",0.0824813789933832,0.0986466515912464,0.0195684878816239
"GSE14769_UNSTIM_VS_60MIN_LPS_BMDM_UP","GSE14769_UNSTIM_VS_60MIN_LPS_BMDM_UP","48/4231","200/21355",0.0824813789933832,0.0986466515912464,0.0195684878816239
"GSE15324_ELF4_KO_VS_WT_ACTIVATED_CD8_TCELL_UP","GSE15324_ELF4_KO_VS_WT_ACTIVATED_CD8_TCELL_UP","48/4231","200/21355",0.0824813789933832,0.0986466515912464,0.0195684878816239
"GSE15330_WT_VS_IKAROS_KO_LYMPHOID_MULTIPOTENT_PROGENITOR_DN","GSE15330_WT_VS_IKAROS_KO_LYMPHOID_MULTIPOTENT_PROGENITOR_DN","48/4231","200/21355",0.0824813789933832,0.0986466515912464,0.0195684878816239
"GSE16385_IFNG_TNF_VS_UNSTIM_MACROPHAGE_ROSIGLITAZONE_TREATED_DN","GSE16385_IFNG_TNF_VS_UNSTIM_MACROPHAGE_ROSIGLITAZONE_TREATED_DN","48/4231","200/21355",0.0824813789933832,0.0986466515912464,0.0195684878816239
"GSE17721_CTRL_VS_LPS_2H_BMDC_DN","GSE17721_CTRL_VS_LPS_2H_BMDC_DN","48/4231","200/21355",0.0824813789933832,0.0986466515912464,0.0195684878816239
"GSE17721_LPS_VS_PAM3CSK4_2H_BMDC_DN","GSE17721_LPS_VS_PAM3CSK4_2H_BMDC_DN","48/4231","200/21355",0.0824813789933832,0.0986466515912464,0.0195684878816239
"GSE24210_IL35_TREATED_VS_UNTREATED_TCONV_CD4_TCELL_DN","GSE24210_IL35_TREATED_VS_UNTREATED_TCONV_CD4_TCELL_DN","48/4231","200/21355",0.0824813789933832,0.0986466515912464,0.0195684878816239
"GSE2770_TGFB_AND_IL4_VS_IL4_TREATED_ACT_CD4_TCELL_2H_DN","GSE2770_TGFB_AND_IL4_VS_IL4_TREATED_ACT_CD4_TCELL_2H_DN","48/4231","200/21355",0.0824813789933832,0.0986466515912464,0.0195684878816239
"GSE29949_MICROGLIA_BRAIN_VS_CD8_POS_DC_SPLEEN_DN","GSE29949_MICROGLIA_BRAIN_VS_CD8_POS_DC_SPLEEN_DN","48/4231","200/21355",0.0824813789933832,0.0986466515912464,0.0195684878816239
"GSE34179_THPOK_KO_VS_WT_VA14I_NKTCELL_UP","GSE34179_THPOK_KO_VS_WT_VA14I_NKTCELL_UP","48/4231","200/21355",0.0824813789933832,0.0986466515912464,0.0195684878816239
"GSE3691_CONVENTIONAL_VS_PLASMACYTOID_DC_SPLEEN_DN","GSE3691_CONVENTIONAL_VS_PLASMACYTOID_DC_SPLEEN_DN","48/4231","200/21355",0.0824813789933832,0.0986466515912464,0.0195684878816239
"GSE3982_CTRL_VS_PMA_STIM_EOSINOPHIL_DN","GSE3982_CTRL_VS_PMA_STIM_EOSINOPHIL_DN","48/4231","200/21355",0.0824813789933832,0.0986466515912464,0.0195684878816239
"GSE41978_ID2_KO_VS_BIM_KO_KLRG1_LOW_EFFECTOR_CD8_TCELL_DN","GSE41978_ID2_KO_VS_BIM_KO_KLRG1_LOW_EFFECTOR_CD8_TCELL_DN","48/4231","200/21355",0.0824813789933832,0.0986466515912464,0.0195684878816239
"GSE42021_CD24HI_VS_CD24LOW_TREG_THYMUS_DN","GSE42021_CD24HI_VS_CD24LOW_TREG_THYMUS_DN","48/4231","200/21355",0.0824813789933832,0.0986466515912464,0.0195684878816239
"GSE42021_CD24INT_VS_CD24LOW_TCONV_THYMUS_DN","GSE42021_CD24INT_VS_CD24LOW_TCONV_THYMUS_DN","48/4231","200/21355",0.0824813789933832,0.0986466515912464,0.0195684878816239
"GSE43955_1H_VS_42H_ACT_CD4_TCELL_DN","GSE43955_1H_VS_42H_ACT_CD4_TCELL_DN","48/4231","200/21355",0.0824813789933832,0.0986466515912464,0.0195684878816239
"GSE7460_CTRL_VS_FOXP3_OVEREXPR_TCONV_DN","GSE7460_CTRL_VS_FOXP3_OVEREXPR_TCONV_DN","48/4231","200/21355",0.0824813789933832,0.0986466515912464,0.0195684878816239
"GSE9316_CD4_TCELL_BALBC_VS_TH17_ENRI_CD4_TCELL_SKG_PMA_IONO_STIM_FR4NEG_UP","GSE9316_CD4_TCELL_BALBC_VS_TH17_ENRI_CD4_TCELL_SKG_PMA_IONO_STIM_FR4NEG_UP","48/4231","200/21355",0.0824813789933832,0.0986466515912464,0.0195684878816239
"GSE45365_HEALTHY_VS_MCMV_INFECTION_CD8_TCELL_IFNAR_KO_UP","GSE45365_HEALTHY_VS_MCMV_INFECTION_CD8_TCELL_IFNAR_KO_UP","46/4231","191/21355",0.0835753638118653,0.0999317272917242,0.0198234077178893
"GSE45365_NK_CELL_VS_CD8_TCELL_UP","GSE45365_NK_CELL_VS_CD8_TCELL_UP","39/4231","159/21355",0.0836056552930554,0.0999446336362411,0.0198259679431195
"GSE40274_FOXP3_VS_FOXP3_AND_XBP1_TRANSDUCED_ACTIVATED_CD4_TCELL_UP","GSE40274_FOXP3_VS_FOXP3_AND_XBP1_TRANSDUCED_ACTIVATED_CD4_TCELL_UP","37/4231","150/21355",0.0841934485134482,0.100623832380493,0.0199607002648123
"FRANCO_BLOOD_SANOFI_PASTEUR_SA_INACTIVATED_INFLUENZA_VACCINE_CORRELATED_WITH_ANTIBODY_RESPONSE_AGE_18_40YO_14DY_POSITIVE","FRANCO_BLOOD_SANOFI_PASTEUR_SA_INACTIVATED_INFLUENZA_VACCINE_CORRELATED_WITH_ANTIBODY_RESPONSE_AGE_18_40YO_14DY_POSITIVE","8/4231","24/21355",0.0851383744711039,0.101729442316755,0.0201800195654733
"QIU_PBMC_HEPTATITIS_B_SURFACE_ANTIGEN_AGE_UNDER50_NON_RESPONDERS_VS_RESPONDERS_7DY_UP","QIU_PBMC_HEPTATITIS_B_SURFACE_ANTIGEN_AGE_UNDER50_NON_RESPONDERS_VS_RESPONDERS_7DY_UP","10/4231","32/21355",0.0851840998215283,0.101760357885144,0.020186152271608
"FRANCO_BLOOD_SANOFI_PASTEUR_SA_INACTIVATED_INFLUENZA_VACCINE_CORRELATED_WITH_ANTIBODY_RESPONSE_AGE_18_40YO_14DY_NEGATIVE","FRANCO_BLOOD_SANOFI_PASTEUR_SA_INACTIVATED_INFLUENZA_VACCINE_CORRELATED_WITH_ANTIBODY_RESPONSE_AGE_18_40YO_14DY_NEGATIVE","9/4231","28/21355",0.0856661432396487,0.102312360262451,0.0202956527123904
"GSE11057_NAIVE_VS_CENT_MEMORY_CD4_TCELL_UP","GSE11057_NAIVE_VS_CENT_MEMORY_CD4_TCELL_UP","47/4231","196/21355",0.0859352885469674,0.10256211620297,0.0203451966757847
"GSE17974_CTRL_VS_ACT_IL4_AND_ANTI_IL12_1H_CD4_TCELL_DN","GSE17974_CTRL_VS_ACT_IL4_AND_ANTI_IL12_1H_CD4_TCELL_DN","47/4231","196/21355",0.0859352885469674,0.10256211620297,0.0203451966757847
"GSE2706_R848_VS_R848_AND_LPS_8H_STIM_DC_DN","GSE2706_R848_VS_R848_AND_LPS_8H_STIM_DC_DN","47/4231","196/21355",0.0859352885469674,0.10256211620297,0.0203451966757847
"GSE37534_GW1929_VS_ROSIGLITAZONE_TREATED_CD4_TCELL_PPARG1_FOXP3_TRANSDUCED_DN","GSE37534_GW1929_VS_ROSIGLITAZONE_TREATED_CD4_TCELL_PPARG1_FOXP3_TRANSDUCED_DN","40/4231","164/21355",0.0864566361089786,0.103160315804149,0.0204638612372031
"GSE29614_CTRL_VS_TIV_FLU_VACCINE_PBMC_2007_DN","GSE29614_CTRL_VS_TIV_FLU_VACCINE_PBMC_2007_DN","45/4231","187/21355",0.0871029336596889,0.103907292981049,0.0206120387333291
"GSE32255_WT_VS_JMJD2D_KNOCKDOWN_4H_LPS_STIM_DC_UP","GSE32255_WT_VS_JMJD2D_KNOCKDOWN_4H_LPS_STIM_DC_UP","38/4231","155/21355",0.0872265913600441,0.104030597327033,0.0206364985559508
"GSE3720_LPS_VS_PMA_STIM_VD2_GAMMADELTA_TCELL_UP","GSE3720_LPS_VS_PMA_STIM_VD2_GAMMADELTA_TCELL_UP","34/4231","137/21355",0.0883367338974329,0.105320807923929,0.0208924369990996
"PATEL_SKIN_OF_BODY_ZOSTAVAX_AGE_70_93YO_VZV_CHALLENGE_6HR_DN","PATEL_SKIN_OF_BODY_ZOSTAVAX_AGE_70_93YO_VZV_CHALLENGE_6HR_DN","28/4231","110/21355",0.0883494877239356,0.105320807923929,0.0208924369990996
"GSE3720_LPS_VS_PMA_STIM_VD1_GAMMADELTA_TCELL_UP","GSE3720_LPS_VS_PMA_STIM_VD1_GAMMADELTA_TCELL_UP","35/4231","142/21355",0.0917146469577982,0.109306970543054,0.0216831701223052
"GSE21546_ELK1_KO_VS_SAP1A_KO_AND_ELK1_KO_DP_THYMOCYTES_UP","GSE21546_ELK1_KO_VS_SAP1A_KO_AND_ELK1_KO_DP_THYMOCYTES_UP","47/4231","197/21355",0.0919445199815764,0.109453694710999,0.0217122757235199
"GSE25123_WT_VS_PPARG_KO_MACROPHAGE_IL4_AND_ROSIGLITAZONE_STIM_UP","GSE25123_WT_VS_PPARG_KO_MACROPHAGE_IL4_AND_ROSIGLITAZONE_STIM_UP","47/4231","197/21355",0.0919445199815764,0.109453694710999,0.0217122757235199
"GSE26290_CTRL_VS_AKT_INHIBITOR_TREATED_ANTI_CD3_AND_IL2_STIM_CD8_TCELL_UP","GSE26290_CTRL_VS_AKT_INHIBITOR_TREATED_ANTI_CD3_AND_IL2_STIM_CD8_TCELL_UP","47/4231","197/21355",0.0919445199815764,0.109453694710999,0.0217122757235199
"GSE42088_2H_VS_24H_LEISHMANIA_INF_DC_DN","GSE42088_2H_VS_24H_LEISHMANIA_INF_DC_DN","47/4231","197/21355",0.0919445199815764,0.109453694710999,0.0217122757235199
"GSE9006_TYPE_1_DIABETES_AT_DX_VS_1MONTH_POST_DX_PBMC_DN","GSE9006_TYPE_1_DIABETES_AT_DX_VS_1MONTH_POST_DX_PBMC_DN","47/4231","197/21355",0.0919445199815764,0.109453694710999,0.0217122757235199
"GSE13522_CTRL_VS_T_CRUZI_BRAZIL_STRAIN_INF_SKIN_UP","GSE13522_CTRL_VS_T_CRUZI_BRAZIL_STRAIN_INF_SKIN_UP","36/4231","147/21355",0.0950079843789213,0.113074280920908,0.0224304896337756
"GSE21927_BALBC_VS_C57BL6_MONOCYTE_TUMOR_DN","GSE21927_BALBC_VS_C57BL6_MONOCYTE_TUMOR_DN","46/4231","193/21355",0.0958037836433208,0.113968483396533,0.0226078721401834
"GSE37416_CTRL_VS_48H_F_TULARENSIS_LVS_NEUTROPHIL_UP","GSE37416_CTRL_VS_48H_F_TULARENSIS_LVS_NEUTROPHIL_UP","46/4231","193/21355",0.0958037836433208,0.113968483396533,0.0226078721401834
"GSE1460_CD4_THYMOCYTE_VS_THYMIC_STROMAL_CELL_UP","GSE1460_CD4_THYMOCYTE_VS_THYMIC_STROMAL_CELL_UP","47/4231","198/21355",0.0982340442080353,0.116751150153116,0.0231598683795532
"GSE21033_CTRL_VS_POLYIC_STIM_DC_1H_DN","GSE21033_CTRL_VS_POLYIC_STIM_DC_1H_DN","47/4231","198/21355",0.0982340442080353,0.116751150153116,0.0231598683795532
"GSE32034_UNTREATED_VS_ROSIGLIZATONE_TREATED_LY6C_LOW_MONOCYTE_DN","GSE32034_UNTREATED_VS_ROSIGLIZATONE_TREATED_LY6C_LOW_MONOCYTE_DN","47/4231","198/21355",0.0982340442080353,0.116751150153116,0.0231598683795532
"GSE37534_GW1929_VS_PIOGLITAZONE_TREATED_CD4_TCELL_PPARG1_FOXP3_TRANSDUCED_UP","GSE37534_GW1929_VS_PIOGLITAZONE_TREATED_CD4_TCELL_PPARG1_FOXP3_TRANSDUCED_UP","47/4231","198/21355",0.0982340442080353,0.116751150153116,0.0231598683795532
"SOBOLEV_PBMC_PANDEMRIX_AGE_18_64YO_7DY_DN","SOBOLEV_PBMC_PANDEMRIX_AGE_18_64YO_7DY_DN","10/4231","33/21355",0.101457565701914,0.120554353682895,0.0239143079979622
"GSE13411_SWITCHED_MEMORY_BCELL_VS_PLASMA_CELL_DN","GSE13411_SWITCHED_MEMORY_BCELL_VS_PLASMA_CELL_DN","46/4231","194/21355",0.10234966687908,0.121586185961105,0.0241189920607896
"HOEK_MYELOID_DENDRITIC_CELL_2011_2012_TIV_ADULT_1DY_UP","HOEK_MYELOID_DENDRITIC_CELL_2011_2012_TIV_ADULT_1DY_UP","9/4231","29/21355",0.10332008805763,0.122682133746447,0.0243363946853128
"PATEL_SKIN_OF_BODY_ZOSTAVAX_AGE_70_93YO_VZV_CHALLENGED_POST_VACCINATION_VS_UNCHALLENGED_72HR_TOP_30_DEG_UP","PATEL_SKIN_OF_BODY_ZOSTAVAX_AGE_70_93YO_VZV_CHALLENGED_POST_VACCINATION_VS_UNCHALLENGED_72HR_TOP_30_DEG_UP","9/4231","29/21355",0.10332008805763,0.122682133746447,0.0243363946853128
"FRANCO_BLOOD_SANOFI_PASTEUR_SA_INACTIVATED_INFLUENZA_VACCINE_CORRELATED_WITH_ANTIBODY_RESPONSE_AGE_18_40YO_1DY_NEGATIVE","FRANCO_BLOOD_SANOFI_PASTEUR_SA_INACTIVATED_INFLUENZA_VACCINE_CORRELATED_WITH_ANTIBODY_RESPONSE_AGE_18_40YO_1DY_NEGATIVE","7/4231","21/21355",0.104164497577156,0.123656140477189,0.0245296079226574
"OVSYANNIKOVA_PBMC_FLUARIX_AGE_50_74YO_COMMON_WITH_BOTH_HAI_AND_VNA_28DY_VS_3DY_USED_IN_HAI_AND_VNA_RESPONSE_MODELS_UP","OVSYANNIKOVA_PBMC_FLUARIX_AGE_50_74YO_COMMON_WITH_BOTH_HAI_AND_VNA_28DY_VS_3DY_USED_IN_HAI_AND_VNA_RESPONSE_MODELS_UP","8/4231","25/21355",0.104383797825671,0.123887785981568,0.0245755593277192
"GSE14308_NAIVE_CD4_TCELL_VS_NATURAL_TREG_UP","GSE14308_NAIVE_CD4_TCELL_VS_NATURAL_TREG_UP","47/4231","199/21355",0.1048067458987,0.124131095073183,0.0246238244328592
"GSE15930_STIM_VS_STIM_AND_TRICHOSTATINA_72H_CD8_T_CELL_DN","GSE15930_STIM_VS_STIM_AND_TRICHOSTATINA_72H_CD8_T_CELL_DN","47/4231","199/21355",0.1048067458987,0.124131095073183,0.0246238244328592
"GSE17721_CTRL_VS_PAM3CSK4_4H_BMDC_DN","GSE17721_CTRL_VS_PAM3CSK4_4H_BMDC_DN","47/4231","199/21355",0.1048067458987,0.124131095073183,0.0246238244328592
"GSE21670_IL6_VS_TGFB_AND_IL6_TREATED_STAT3_KO_CD4_TCELL_DN","GSE21670_IL6_VS_TGFB_AND_IL6_TREATED_STAT3_KO_CD4_TCELL_DN","47/4231","199/21355",0.1048067458987,0.124131095073183,0.0246238244328592
"GSE22886_NAIVE_BCELL_VS_NEUTROPHIL_UP","GSE22886_NAIVE_BCELL_VS_NEUTROPHIL_UP","47/4231","199/21355",0.1048067458987,0.124131095073183,0.0246238244328592
"GSE23925_LIGHT_ZONE_VS_DARK_ZONE_BCELL_UP","GSE23925_LIGHT_ZONE_VS_DARK_ZONE_BCELL_UP","47/4231","199/21355",0.1048067458987,0.124131095073183,0.0246238244328592
"GSE33162_HDAC3_KO_VS_HDAC3_KO_MACROPHAGE_UP","GSE33162_HDAC3_KO_VS_HDAC3_KO_MACROPHAGE_UP","47/4231","199/21355",0.1048067458987,0.124131095073183,0.0246238244328592
"GSE40274_LEF1_VS_FOXP3_AND_LEF1_TRANSDUCED_ACTIVATED_CD4_TCELL_DN","GSE40274_LEF1_VS_FOXP3_AND_LEF1_TRANSDUCED_ACTIVATED_CD4_TCELL_DN","47/4231","199/21355",0.1048067458987,0.124131095073183,0.0246238244328592
"GSE5542_IFNA_VS_IFNA_AND_IFNG_TREATED_EPITHELIAL_CELLS_6H_DN","GSE5542_IFNA_VS_IFNA_AND_IFNG_TREATED_EPITHELIAL_CELLS_6H_DN","47/4231","199/21355",0.1048067458987,0.124131095073183,0.0246238244328592
"GSE3720_UNSTIM_VS_LPS_STIM_VD2_GAMMADELTA_TCELL_UP","GSE3720_UNSTIM_VS_LPS_STIM_VD2_GAMMADELTA_TCELL_UP","40/4231","167/21355",0.107374961918523,0.127143463800958,0.0252213865395662
"GSE15659_CD45RA_NEG_CD4_TCELL_VS_RESTING_TREG_UP","GSE15659_CD45RA_NEG_CD4_TCELL_VS_RESTING_TREG_UP","46/4231","195/21355",0.109186939473177,0.129229335428194,0.0256351598709644
"GSE3982_BCELL_VS_EFF_MEMORY_CD4_TCELL_DN","GSE3982_BCELL_VS_EFF_MEMORY_CD4_TCELL_DN","46/4231","195/21355",0.109186939473177,0.129229335428194,0.0256351598709644
"GSE11367_CTRL_VS_IL17_TREATED_SMOOTH_MUSCLE_CELL_DN","GSE11367_CTRL_VS_IL17_TREATED_SMOOTH_MUSCLE_CELL_DN","29/4231","117/21355",0.109911738083499,0.130057148988,0.0257993728407105
"GSE5589_WT_VS_IL6_KO_LPS_AND_IL10_STIM_MACROPHAGE_180MIN_DN","GSE5589_WT_VS_IL6_KO_LPS_AND_IL10_STIM_MACROPHAGE_180MIN_DN","36/4231","149/21355",0.110433755061148,0.130644686924404,0.025915922452918
"GSE10239_MEMORY_VS_KLRG1INT_EFF_CD8_TCELL_UP","GSE10239_MEMORY_VS_KLRG1INT_EFF_CD8_TCELL_UP","47/4231","200/21355",0.111664865144123,0.131463963878911,0.0260784420204587
"GSE13229_IMM_VS_INTMATURE_NKCELL_UP","GSE13229_IMM_VS_INTMATURE_NKCELL_UP","47/4231","200/21355",0.111664865144123,0.131463963878911,0.0260784420204587
"GSE13493_CD4INTCD8POS_VS_CD8POS_THYMOCYTE_UP","GSE13493_CD4INTCD8POS_VS_CD8POS_THYMOCYTE_UP","47/4231","200/21355",0.111664865144123,0.131463963878911,0.0260784420204587
"GSE14308_TH17_VS_INDUCED_TREG_DN","GSE14308_TH17_VS_INDUCED_TREG_DN","47/4231","200/21355",0.111664865144123,0.131463963878911,0.0260784420204587
"GSE16385_UNTREATED_VS_12H_ROSIGLITAZONE_IFNG_TNF_TREATED_MACROPHAGE_DN","GSE16385_UNTREATED_VS_12H_ROSIGLITAZONE_IFNG_TNF_TREATED_MACROPHAGE_DN","47/4231","200/21355",0.111664865144123,0.131463963878911,0.0260784420204587
"GSE17721_CPG_VS_GARDIQUIMOD_2H_BMDC_UP","GSE17721_CPG_VS_GARDIQUIMOD_2H_BMDC_UP","47/4231","200/21355",0.111664865144123,0.131463963878911,0.0260784420204587
"GSE17721_LPS_VS_CPG_16H_BMDC_UP","GSE17721_LPS_VS_CPG_16H_BMDC_UP","47/4231","200/21355",0.111664865144123,0.131463963878911,0.0260784420204587
"GSE18893_CTRL_VS_TNF_TREATED_TCONV_2H_DN","GSE18893_CTRL_VS_TNF_TREATED_TCONV_2H_DN","47/4231","200/21355",0.111664865144123,0.131463963878911,0.0260784420204587
"GSE19888_ADENOSINE_A3R_INH_VS_ACT_WITH_INHIBITOR_PRETREATMENT_IN_MAST_CELL_UP","GSE19888_ADENOSINE_A3R_INH_VS_ACT_WITH_INHIBITOR_PRETREATMENT_IN_MAST_CELL_UP","47/4231","200/21355",0.111664865144123,0.131463963878911,0.0260784420204587
"GSE20366_EX_VIVO_VS_HOMEOSTATIC_CONVERSION_NAIVE_CD4_TCELL_DN","GSE20366_EX_VIVO_VS_HOMEOSTATIC_CONVERSION_NAIVE_CD4_TCELL_DN","47/4231","200/21355",0.111664865144123,0.131463963878911,0.0260784420204587
"GSE21546_WT_VS_ELK1_KO_ANTI_CD3_STIM_DP_THYMOCYTES_UP","GSE21546_WT_VS_ELK1_KO_ANTI_CD3_STIM_DP_THYMOCYTES_UP","47/4231","200/21355",0.111664865144123,0.131463963878911,0.0260784420204587
"GSE22935_24H_VS_48H_MBOVIS_BCG_STIM_MACROPHAGE_UP","GSE22935_24H_VS_48H_MBOVIS_BCG_STIM_MACROPHAGE_UP","47/4231","200/21355",0.111664865144123,0.131463963878911,0.0260784420204587
"GSE23505_UNTREATED_VS_4DAY_IL6_IL1_TREATED_CD4_TCELL_DN","GSE23505_UNTREATED_VS_4DAY_IL6_IL1_TREATED_CD4_TCELL_DN","47/4231","200/21355",0.111664865144123,0.131463963878911,0.0260784420204587
"GSE27786_CD4_TCELL_VS_MONO_MAC_UP","GSE27786_CD4_TCELL_VS_MONO_MAC_UP","47/4231","200/21355",0.111664865144123,0.131463963878911,0.0260784420204587
"GSE2826_WT_VS_XID_BCELL_DN","GSE2826_WT_VS_XID_BCELL_DN","47/4231","200/21355",0.111664865144123,0.131463963878911,0.0260784420204587
"GSE29164_DAY3_VS_DAY7_CD8_TCELL_AND_IL12_TREATED_MELANOMA_DN","GSE29164_DAY3_VS_DAY7_CD8_TCELL_AND_IL12_TREATED_MELANOMA_DN","47/4231","200/21355",0.111664865144123,0.131463963878911,0.0260784420204587
"GSE30083_SP1_VS_SP2_THYMOCYTE_UP","GSE30083_SP1_VS_SP2_THYMOCYTE_UP","47/4231","200/21355",0.111664865144123,0.131463963878911,0.0260784420204587
"GSE30971_2H_VS_4H_LPS_STIM_MACROPHAGE_WBP7_KO_DN","GSE30971_2H_VS_4H_LPS_STIM_MACROPHAGE_WBP7_KO_DN","47/4231","200/21355",0.111664865144123,0.131463963878911,0.0260784420204587
"GSE42724_MEMORY_VS_B1_BCELL_UP","GSE42724_MEMORY_VS_B1_BCELL_UP","47/4231","200/21355",0.111664865144123,0.131463963878911,0.0260784420204587
"GSE7460_TCONV_VS_TREG_LN_UP","GSE7460_TCONV_VS_TREG_LN_UP","47/4231","200/21355",0.111664865144123,0.131463963878911,0.0260784420204587
"GSE9037_WT_VS_IRAK4_KO_LPS_1H_STIM_BMDM_UP","GSE9037_WT_VS_IRAK4_KO_LPS_1H_STIM_BMDM_UP","47/4231","200/21355",0.111664865144123,0.131463963878911,0.0260784420204587
"GSE6269_E_COLI_VS_STREP_PNEUMO_INF_PBMC_UP","GSE6269_E_COLI_VS_STREP_PNEUMO_INF_PBMC_UP","40/4231","168/21355",0.115025980583072,0.135389937191464,0.0268572354204478
"GSE20152_HTNFA_OVERXPRESS_ANKLE_VS_CTRL_SPHK1_KO_ANKLE_UP","GSE20152_HTNFA_OVERXPRESS_ANKLE_VS_CTRL_SPHK1_KO_ANKLE_UP","46/4231","196/21355",0.116317445757215,0.136753033704469,0.0271276322070183
"GSE22886_CD8_VS_CD4_NAIVE_TCELL_DN","GSE22886_CD8_VS_CD4_NAIVE_TCELL_DN","46/4231","196/21355",0.116317445757215,0.136753033704469,0.0271276322070183
"GSE26023_PHD3_KO_VS_WT_NEUTROPHIL_HYPOXIA_DN","GSE26023_PHD3_KO_VS_WT_NEUTROPHIL_HYPOXIA_DN","46/4231","196/21355",0.116317445757215,0.136753033704469,0.0271276322070183
"GSE37301_HEMATOPOIETIC_STEM_CELL_VS_COMMON_LYMPHOID_PROGENITOR_UP","GSE37301_HEMATOPOIETIC_STEM_CELL_VS_COMMON_LYMPHOID_PROGENITOR_UP","46/4231","196/21355",0.116317445757215,0.136753033704469,0.0271276322070183
"GSE9006_HEALTHY_VS_TYPE_1_DIABETES_PBMC_1MONTH_POST_DX_DN","GSE9006_HEALTHY_VS_TYPE_1_DIABETES_PBMC_1MONTH_POST_DX_DN","46/4231","196/21355",0.116317445757215,0.136753033704469,0.0271276322070183
"QI_PBMC_ZOSTAVAX_AGE_50_75YO_CORRELATED_WITH_EXPANSION_OF_VZV_SPECIFIC_T_CELLS_TO_PEAK_AT_1DY_NEGATIVE","QI_PBMC_ZOSTAVAX_AGE_50_75YO_CORRELATED_WITH_EXPANSION_OF_VZV_SPECIFIC_T_CELLS_TO_PEAK_AT_1DY_NEGATIVE","33/4231","136/21355",0.116811184671841,0.137302025367544,0.0272365354138956
"MATSUMIYA_PBMC_MODIFIED_VACCINIA_ANKARA_VACCINE_AGE_4_6MO_BCG_PRIMED_28DY_UP","MATSUMIYA_PBMC_MODIFIED_VACCINIA_ANKARA_VACCINE_AGE_4_6MO_BCG_PRIMED_28DY_UP","4/4231","10/21355",0.117547951571678,0.138136359412292,0.0274020418490409
"GSE26488_WT_VS_HDAC7_KO_DOUBLE_POSITIVE_THYMOCYTE_DN","GSE26488_WT_VS_HDAC7_KO_DOUBLE_POSITIVE_THYMOCYTE_DN","45/4231","192/21355",0.121180191547786,0.142372143450367,0.0282422922506631
"GSE5542_UNTREATED_VS_IFNG_TREATED_EPITHELIAL_CELLS_6H_UP","GSE5542_UNTREATED_VS_IFNG_TREATED_EPITHELIAL_CELLS_6H_UP","46/4231","197/21355",0.123742310563039,0.145349010986741,0.0288328120034482
"FRANCO_BLOOD_SANOFI_PASTEUR_SA_INACTIVATED_INFLUENZA_VACCINE_CORRELATED_WITH_ANTIBODY_RESPONSE_AGE_18_40YO_0DY_NEGATIVE","FRANCO_BLOOD_SANOFI_PASTEUR_SA_INACTIVATED_INFLUENZA_VACCINE_CORRELATED_WITH_ANTIBODY_RESPONSE_AGE_18_40YO_0DY_NEGATIVE","5/4231","14/21355",0.125775701431458,0.147635961881762,0.0292864733305506
"HARALAMBIEVA_PBMC_M_M_R_II_AGE_11_22YO_VACCINATED_VS_UNVACCINATED_LOW_ANTIBODY_RESPONDERS_TO_TREATMENT_7YR_UP","HARALAMBIEVA_PBMC_M_M_R_II_AGE_11_22YO_VACCINATED_VS_UNVACCINATED_LOW_ANTIBODY_RESPONDERS_TO_TREATMENT_7YR_UP","5/4231","14/21355",0.125775701431458,0.147635961881762,0.0292864733305506
"HOEK_T_CELL_2011_2012_TIV_ADULT_3DY_DN","HOEK_T_CELL_2011_2012_TIV_ADULT_3DY_DN","5/4231","14/21355",0.125775701431458,0.147635961881762,0.0292864733305506
"FRANCO_BLOOD_SANOFI_PASTEUR_SA_INACTIVATED_INFLUENZA_VACCINE_CORRELATED_WITH_ANTIBODY_RESPONSE_AGE_18_40YO_3DY_POSITIVE","FRANCO_BLOOD_SANOFI_PASTEUR_SA_INACTIVATED_INFLUENZA_VACCINE_CORRELATED_WITH_ANTIBODY_RESPONSE_AGE_18_40YO_3DY_POSITIVE","6/4231","18/21355",0.128279654837474,0.150535553864134,0.0298616639695985
"GSE14415_NATURAL_TREG_VS_FOXP3_KO_NATURAL_TREG_DN","GSE14415_NATURAL_TREG_VS_FOXP3_KO_NATURAL_TREG_DN","39/4231","165/21355",0.128334055869346,0.150535553864134,0.0298616639695985
"GSE37534_PIOGLITAZONE_VS_ROSIGLITAZONE_TREATED_CD4_TCELL_PPARG1_FOXP3_TRANSDUCED_DN","GSE37534_PIOGLITAZONE_VS_ROSIGLITAZONE_TREATED_CD4_TCELL_PPARG1_FOXP3_TRANSDUCED_DN","39/4231","165/21355",0.128334055869346,0.150535553864134,0.0298616639695985
"GSE46025_WT_VS_FOXO1_KO_KLRG1_LOW_CD8_EFFECTOR_TCELL_DN","GSE46025_WT_VS_FOXO1_KO_KLRG1_LOW_CD8_EFFECTOR_TCELL_DN","45/4231","193/21355",0.128895991248468,0.151160112363223,0.0299855573326639
"GSE2770_UNTREATED_VS_ACT_CD4_TCELL_48H_UP","GSE2770_UNTREATED_VS_ACT_CD4_TCELL_48H_UP","46/4231","198/21355",0.131461917486263,0.154133986512943,0.0305754832888069
"GSE9960_HEALTHY_VS_SEPSIS_PBMC_DN","GSE9960_HEALTHY_VS_SEPSIS_PBMC_DN","43/4231","184/21355",0.131580029769144,0.154237190166164,0.0305959557468661
"GSE21927_BALBC_VS_C57BL6_MONOCYTE_SPLEEN_DN","GSE21927_BALBC_VS_C57BL6_MONOCYTE_SPLEEN_DN","44/4231","189/21355",0.13428224905104,0.157368726254145,0.0312171570243556
"GSE12003_4D_VS_8D_CULTURE_MIR223_KO_BM_PROGENITOR_UP","GSE12003_4D_VS_8D_CULTURE_MIR223_KO_BM_PROGENITOR_UP","36/4231","152/21355",0.136443585648531,0.159865101722142,0.0317123618012587
"GSE12366_PLASMA_CELL_VS_NAIVE_BCELL_UP","GSE12366_PLASMA_CELL_VS_NAIVE_BCELL_UP","45/4231","194/21355",0.136913337534524,0.160305566058011,0.03179973649548
"GSE41867_NAIVE_VS_DAY8_LCMV_CLONE13_EFFECTOR_CD8_TCELL_DN","GSE41867_NAIVE_VS_DAY8_LCMV_CLONE13_EFFECTOR_CD8_TCELL_DN","45/4231","194/21355",0.136913337534524,0.160305566058011,0.03179973649548
"GSE4748_CYANOBACTERIUM_LPSLIKE_VS_LPS_AND_CYANOBACTERIUM_LPSLIKE_STIM_DC_3H_UP","GSE4748_CYANOBACTERIUM_LPSLIKE_VS_LPS_AND_CYANOBACTERIUM_LPSLIKE_STIM_DC_3H_UP","45/4231","194/21355",0.136913337534524,0.160305566058011,0.03179973649548
"GSE6269_STAPH_AUREUS_VS_STREP_PNEUMO_INF_PBMC_DN","GSE6269_STAPH_AUREUS_VS_STREP_PNEUMO_INF_PBMC_DN","42/4231","180/21355",0.137140765154917,0.160535182047066,0.0318452853065828
"GSE10422_WT_VS_BAFF_TRANSGENIC_LN_BCELL_DN","GSE10422_WT_VS_BAFF_TRANSGENIC_LN_BCELL_DN","31/4231","129/21355",0.137493528326285,0.160911375844872,0.0319199106856985
"GSE10240_IL17_VS_IL17_AND_IL22_STIM_PRIMARY_BRONCHIAL_EPITHELIAL_CELLS_DN","GSE10240_IL17_VS_IL17_AND_IL22_STIM_PRIMARY_BRONCHIAL_EPITHELIAL_CELLS_DN","46/4231","199/21355",0.139475890643309,0.162711291633501,0.0322769590976778
"GSE15930_STIM_VS_STIM_AND_IFNAB_72H_CD8_T_CELL_UP","GSE15930_STIM_VS_STIM_AND_IFNAB_72H_CD8_T_CELL_UP","46/4231","199/21355",0.139475890643309,0.162711291633501,0.0322769590976778
"GSE16450_IMMATURE_VS_MATURE_NEURON_CELL_LINE_6H_IFNA_STIM_UP","GSE16450_IMMATURE_VS_MATURE_NEURON_CELL_LINE_6H_IFNA_STIM_UP","46/4231","199/21355",0.139475890643309,0.162711291633501,0.0322769590976778
"GSE20198_UNTREATED_VS_IL12_TREATED_ACT_CD4_TCELL_DN","GSE20198_UNTREATED_VS_IL12_TREATED_ACT_CD4_TCELL_DN","46/4231","199/21355",0.139475890643309,0.162711291633501,0.0322769590976778
"GSE20366_CD103_KLRG1_DP_VS_DN_TREG_UP","GSE20366_CD103_KLRG1_DP_VS_DN_TREG_UP","46/4231","199/21355",0.139475890643309,0.162711291633501,0.0322769590976778
"GSE22886_NAIVE_TCELL_VS_DC_UP","GSE22886_NAIVE_TCELL_VS_DC_UP","46/4231","199/21355",0.139475890643309,0.162711291633501,0.0322769590976778
"GSE24634_IL4_VS_CTRL_TREATED_NAIVE_CD4_TCELL_DAY5_DN","GSE24634_IL4_VS_CTRL_TREATED_NAIVE_CD4_TCELL_DAY5_DN","46/4231","199/21355",0.139475890643309,0.162711291633501,0.0322769590976778
"GSE2770_TGFB_AND_IL4_VS_TGFB_AND_IL12_TREATED_ACT_CD4_TCELL_6H_UP","GSE2770_TGFB_AND_IL4_VS_TGFB_AND_IL12_TREATED_ACT_CD4_TCELL_6H_UP","46/4231","199/21355",0.139475890643309,0.162711291633501,0.0322769590976778
"GSE29618_PRE_VS_DAY7_POST_TIV_FLU_VACCINE_MONOCYTE_DN","GSE29618_PRE_VS_DAY7_POST_TIV_FLU_VACCINE_MONOCYTE_DN","46/4231","199/21355",0.139475890643309,0.162711291633501,0.0322769590976778
"GSE32034_UNTREATED_VS_ROSIGLIZATONE_TREATED_LY6C_HIGH_MONOCYTE_DN","GSE32034_UNTREATED_VS_ROSIGLIZATONE_TREATED_LY6C_HIGH_MONOCYTE_DN","46/4231","199/21355",0.139475890643309,0.162711291633501,0.0322769590976778
"GSE32986_UNSTIM_VS_GMCSF_STIM_DC_UP","GSE32986_UNSTIM_VS_GMCSF_STIM_DC_UP","46/4231","199/21355",0.139475890643309,0.162711291633501,0.0322769590976778
"GSE3982_DC_VS_NEUTROPHIL_LPS_STIM_UP","GSE3982_DC_VS_NEUTROPHIL_LPS_STIM_UP","46/4231","199/21355",0.139475890643309,0.162711291633501,0.0322769590976778
"GSE5589_WT_VS_IL10_KO_LPS_AND_IL6_STIM_MACROPHAGE_45MIN_UP","GSE5589_WT_VS_IL10_KO_LPS_AND_IL6_STIM_MACROPHAGE_45MIN_UP","46/4231","199/21355",0.139475890643309,0.162711291633501,0.0322769590976778
"GSE8515_CTRL_VS_IL1_4H_STIM_MAC_UP","GSE8515_CTRL_VS_IL1_4H_STIM_MAC_UP","46/4231","199/21355",0.139475890643309,0.162711291633501,0.0322769590976778
"GSE17974_0H_VS_0.5H_IN_VITRO_ACT_CD4_TCELL_DN","GSE17974_0H_VS_0.5H_IN_VITRO_ACT_CD4_TCELL_DN","44/4231","190/21355",0.142608841216502,0.166252654099565,0.032979457432733
"GSE45365_NK_CELL_VS_CD8_TCELL_DN","GSE45365_NK_CELL_VS_CD8_TCELL_DN","44/4231","190/21355",0.142608841216502,0.166252654099565,0.032979457432733
"GSE9960_GRAM_NEG_VS_GRAM_NEG_AND_POS_SEPSIS_PBMC_UP","GSE9960_GRAM_NEG_VS_GRAM_NEG_AND_POS_SEPSIS_PBMC_UP","44/4231","190/21355",0.142608841216502,0.166252654099565,0.032979457432733
"GSE32901_NAIVE_VS_TH17_NEG_CD4_TCELL_DN","GSE32901_NAIVE_VS_TH17_NEG_CD4_TCELL_DN","30/4231","125/21355",0.143783897358173,0.167584415156434,0.0332436382202425
"OVSYANNIKOVA_PBMC_FLUARIX_AGE_55_64YO_RESPONDERS_VS_NONRESPONDERS_0DY_UP","OVSYANNIKOVA_PBMC_FLUARIX_AGE_55_64YO_RESPONDERS_VS_NONRESPONDERS_0DY_UP","9/4231","31/21355",0.144256959235399,0.168097561500489,0.0333454308087711
"GSE22611_UNSTIM_VS_2H_MDP_STIM_NOD2_TRANSDUCED_HEK293T_CELL_UP","GSE22611_UNSTIM_VS_2H_MDP_STIM_NOD2_TRANSDUCED_HEK293T_CELL_UP","45/4231","195/21355",0.145231256952928,0.169117542739825,0.033547763986831
"GSE26928_NAIVE_VS_CXCR5_POS_CD4_TCELL_UP","GSE26928_NAIVE_VS_CXCR5_POS_CD4_TCELL_UP","45/4231","195/21355",0.145231256952928,0.169117542739825,0.033547763986831
"GSE29618_BCELL_VS_MONOCYTE_UP","GSE29618_BCELL_VS_MONOCYTE_UP","45/4231","195/21355",0.145231256952928,0.169117542739825,0.033547763986831
"GSE13306_RA_VS_UNTREATED_TCONV_DN","GSE13306_RA_VS_UNTREATED_TCONV_DN","46/4231","200/21355",0.14778308007813,0.171310734617932,0.0339828263837449
"GSE14308_INDUCED_VS_NATURAL_TREG_UP","GSE14308_INDUCED_VS_NATURAL_TREG_UP","46/4231","200/21355",0.14778308007813,0.171310734617932,0.0339828263837449
"GSE15659_NAIVE_CD4_TCELL_VS_NONSUPPRESSIVE_TCELL_DN","GSE15659_NAIVE_CD4_TCELL_VS_NONSUPPRESSIVE_TCELL_DN","46/4231","200/21355",0.14778308007813,0.171310734617932,0.0339828263837449
"GSE16385_MONOCYTE_VS_12H_IL4_TREATED_MACROPHAGE_UP","GSE16385_MONOCYTE_VS_12H_IL4_TREATED_MACROPHAGE_UP","46/4231","200/21355",0.14778308007813,0.171310734617932,0.0339828263837449
"GSE16385_MONOCYTE_VS_12H_ROSIGLITAZONE_TREATED_MACROPHAGE_UP","GSE16385_MONOCYTE_VS_12H_ROSIGLITAZONE_TREATED_MACROPHAGE_UP","46/4231","200/21355",0.14778308007813,0.171310734617932,0.0339828263837449
"GSE16522_MEMORY_VS_NAIVE_CD8_TCELL_DN","GSE16522_MEMORY_VS_NAIVE_CD8_TCELL_DN","46/4231","200/21355",0.14778308007813,0.171310734617932,0.0339828263837449
"GSE17721_LPS_VS_GARDIQUIMOD_1H_BMDC_UP","GSE17721_LPS_VS_GARDIQUIMOD_1H_BMDC_UP","46/4231","200/21355",0.14778308007813,0.171310734617932,0.0339828263837449
"GSE27670_CTRL_VS_BLIMP1_TRANSDUCED_GC_BCELL_DN","GSE27670_CTRL_VS_BLIMP1_TRANSDUCED_GC_BCELL_DN","46/4231","200/21355",0.14778308007813,0.171310734617932,0.0339828263837449
"GSE27786_NKCELL_VS_NEUTROPHIL_DN","GSE27786_NKCELL_VS_NEUTROPHIL_DN","46/4231","200/21355",0.14778308007813,0.171310734617932,0.0339828263837449
"GSE3203_WT_VS_IFNAR1_KO_INFLUENZA_INFECTED_LN_BCELL_DN","GSE3203_WT_VS_IFNAR1_KO_INFLUENZA_INFECTED_LN_BCELL_DN","46/4231","200/21355",0.14778308007813,0.171310734617932,0.0339828263837449
"GSE32423_IL7_VS_IL4_MEMORY_CD8_TCELL_DN","GSE32423_IL7_VS_IL4_MEMORY_CD8_TCELL_DN","46/4231","200/21355",0.14778308007813,0.171310734617932,0.0339828263837449
"GSE369_PRE_VS_POST_IL6_INJECTION_IFNG_WT_LIVER_UP","GSE369_PRE_VS_POST_IL6_INJECTION_IFNG_WT_LIVER_UP","46/4231","200/21355",0.14778308007813,0.171310734617932,0.0339828263837449
"GSE4142_PLASMA_CELL_VS_MEMORY_BCELL_DN","GSE4142_PLASMA_CELL_VS_MEMORY_BCELL_DN","46/4231","200/21355",0.14778308007813,0.171310734617932,0.0339828263837449
"GSE41978_ID2_KO_VS_ID2_KO_AND_BIM_KO_KLRG1_LOW_EFFECTOR_CD8_TCELL_UP","GSE41978_ID2_KO_VS_ID2_KO_AND_BIM_KO_KLRG1_LOW_EFFECTOR_CD8_TCELL_UP","46/4231","200/21355",0.14778308007813,0.171310734617932,0.0339828263837449
"GSE41978_WT_VS_BIM_KO_KLRG1_LOW_EFFECTOR_CD8_TCELL_DN","GSE41978_WT_VS_BIM_KO_KLRG1_LOW_EFFECTOR_CD8_TCELL_DN","46/4231","200/21355",0.14778308007813,0.171310734617932,0.0339828263837449
"GSE43700_UNTREATED_VS_IL10_TREATED_PBMC_UP","GSE43700_UNTREATED_VS_IL10_TREATED_PBMC_UP","46/4231","200/21355",0.14778308007813,0.171310734617932,0.0339828263837449
"GSE43863_TFH_VS_LY6C_INT_CXCR5POS_MEMORY_CD4_TCELL_DN","GSE43863_TFH_VS_LY6C_INT_CXCR5POS_MEMORY_CD4_TCELL_DN","46/4231","200/21355",0.14778308007813,0.171310734617932,0.0339828263837449
"GSE43955_TGFB_IL6_VS_TGFB_IL6_IL23_TH17_ACT_CD4_TCELL_60H_DN","GSE43955_TGFB_IL6_VS_TGFB_IL6_IL23_TH17_ACT_CD4_TCELL_60H_DN","46/4231","200/21355",0.14778308007813,0.171310734617932,0.0339828263837449
"GSE43955_TH0_VS_TGFB_IL6_TH17_ACT_CD4_TCELL_52H_DN","GSE43955_TH0_VS_TGFB_IL6_TH17_ACT_CD4_TCELL_52H_DN","46/4231","200/21355",0.14778308007813,0.171310734617932,0.0339828263837449
"GSE9650_NAIVE_VS_EXHAUSTED_CD8_TCELL_DN","GSE9650_NAIVE_VS_EXHAUSTED_CD8_TCELL_DN","46/4231","200/21355",0.14778308007813,0.171310734617932,0.0339828263837449
"GSE37533_UNTREATED_VS_PIOGLIZATONE_TREATED_CD4_TCELL_PPARG2_AND_FOXP3_TRASDUCED_UP","GSE37533_UNTREATED_VS_PIOGLIZATONE_TREATED_CD4_TCELL_PPARG2_AND_FOXP3_TRASDUCED_UP","34/4231","144/21355",0.148810123093049,0.172462285999314,0.0342112590663363
"GSE6269_FLU_VS_STREP_PNEUMO_INF_PBMC_DN","GSE6269_FLU_VS_STREP_PNEUMO_INF_PBMC_DN","40/4231","172/21355",0.149048703187211,0.172699740627858,0.0342583628245089
"GSE25123_ROSIGLITAZONE_VS_IL4_AND_ROSIGLITAZONE_STIM_MACROPHAGE_DAY10_DN","GSE25123_ROSIGLITAZONE_VS_IL4_AND_ROSIGLITAZONE_STIM_MACROPHAGE_DAY10_DN","29/4231","121/21355",0.150413889532706,0.174242168981841,0.0345643335803969
"GSE13485_PRE_VS_POST_YF17D_VACCINATION_PBMC_UP","GSE13485_PRE_VS_POST_YF17D_VACCINATION_PBMC_UP","44/4231","191/21355",0.151242041497156,0.175082814976157,0.0347310921138813
"GSE23114_PERITONEAL_CAVITY_B1A_BCELL_VS_SPLEEN_BCELL_UP","GSE23114_PERITONEAL_CAVITY_B1A_BCELL_VS_SPLEEN_BCELL_UP","44/4231","191/21355",0.151242041497156,0.175082814976157,0.0347310921138813
"GSE29617_DAY3_VS_DAY7_TIV_FLU_VACCINE_PBMC_2008_DN","GSE29617_DAY3_VS_DAY7_TIV_FLU_VACCINE_PBMC_2008_DN","44/4231","191/21355",0.151242041497156,0.175082814976157,0.0347310921138813
"GSE6269_HEALTHY_VS_FLU_INF_PBMC_UP","GSE6269_HEALTHY_VS_FLU_INF_PBMC_UP","41/4231","177/21355",0.151959340813642,0.175873466021839,0.034887933173932
"GSE37319_WT_VS_RC3H1_KO_CD44LOW_CD8_TCELL_UP","GSE37319_WT_VS_RC3H1_KO_CD44LOW_CD8_TCELL_UP","35/4231","149/21355",0.15231213100695,0.176241982740774,0.0349610356546784
"HOEK_NEUTROPHIL_2011_2012_TIV_ADULT_7DY_DN","HOEK_NEUTROPHIL_2011_2012_TIV_ADULT_7DY_DN","11/4231","40/21355",0.153109991227303,0.17712521214876,0.0351362414390419
"GSE21033_CTRL_VS_POLYIC_STIM_DC_1H_UP","GSE21033_CTRL_VS_POLYIC_STIM_DC_1H_UP","45/4231","196/21355",0.153847955653638,0.177858507144913,0.0352817048076856
"GSE34156_NOD2_LIGAND_VS_TLR1_TLR2_LIGAND_24H_TREATED_MONOCYTE_DN","GSE34156_NOD2_LIGAND_VS_TLR1_TLR2_LIGAND_24H_TREATED_MONOCYTE_DN","45/4231","196/21355",0.153847955653638,0.177858507144913,0.0352817048076856
"GSE360_L_MAJOR_VS_M_TUBERCULOSIS_MAC_UP","GSE360_L_MAJOR_VS_M_TUBERCULOSIS_MAC_UP","45/4231","196/21355",0.153847955653638,0.177858507144913,0.0352817048076856
"GSE7509_FCGRIIB_VS_TNFA_IL1B_IL6_PGE_STIM_DC_DN","GSE7509_FCGRIIB_VS_TNFA_IL1B_IL6_PGE_STIM_DC_DN","36/4231","154/21355",0.155690606987887,0.179948151391186,0.0356962265116713
"ZAK_PBMC_MRKAD5_HIV_1_GAG_POL_NEF_AGE_20_50YO_3DY_DN","ZAK_PBMC_MRKAD5_HIV_1_GAG_POL_NEF_AGE_20_50YO_3DY_DN","4/4231","11/21355",0.156963225766428,0.181378154932081,0.0359798956125408
"GSE10500_ARTHRITIC_SYNOVIAL_FLUID_VS_HEALTHY_MACROPHAGE_DN","GSE10500_ARTHRITIC_SYNOVIAL_FLUID_VS_HEALTHY_MACROPHAGE_DN","34/4231","145/21355",0.159068689059583,0.18372827853074,0.0364460884778723
"GSE45365_NK_CELL_VS_BCELL_DN","GSE45365_NK_CELL_VS_BCELL_DN","34/4231","145/21355",0.159068689059583,0.18372827853074,0.0364460884778723
"GSE21546_WT_VS_SAP1A_KO_DP_THYMOCYTES_DN","GSE21546_WT_VS_SAP1A_KO_DP_THYMOCYTES_DN","44/4231","192/21355",0.160179348238861,0.184969438853886,0.0366922968422807
"GSE4590_PRE_BCELL_VS_SMALL_PRE_BCELL_DN","GSE4590_PRE_BCELL_VS_SMALL_PRE_BCELL_DN","29/4231","122/21355",0.161735440794611,0.1867242949354,0.0370404067822651
"GSE40274_CTRL_VS_EOS_TRANSDUCED_ACTIVATED_CD4_TCELL_DN","GSE40274_CTRL_VS_EOS_TRANSDUCED_ACTIVATED_CD4_TCELL_DN","35/4231","150/21355",0.162535772027061,0.187563792753425,0.037206937552582
"GSE9601_UNTREATED_VS_PI3K_INHIBITOR_TREATED_HCMV_INF_MONOCYTE_DN","GSE9601_UNTREATED_VS_PI3K_INHIBITOR_TREATED_HCMV_INF_MONOCYTE_DN","35/4231","150/21355",0.162535772027061,0.187563792753425,0.037206937552582
"GSE23321_CENTRAL_MEMORY_VS_NAIVE_CD8_TCELL_DN","GSE23321_CENTRAL_MEMORY_VS_NAIVE_CD8_TCELL_DN","45/4231","197/21355",0.162760811108092,0.187696719401592,0.0372333061465671
"GSE2770_IL12_VS_TGFB_AND_IL12_TREATED_ACT_CD4_TCELL_6H_UP","GSE2770_IL12_VS_TGFB_AND_IL12_TREATED_ACT_CD4_TCELL_6H_UP","45/4231","197/21355",0.162760811108092,0.187696719401592,0.0372333061465671
"GSE28726_NAIVE_VS_ACTIVATED_VA24NEG_NKTCELL_DN","GSE28726_NAIVE_VS_ACTIVATED_VA24NEG_NKTCELL_DN","45/4231","197/21355",0.162760811108092,0.187696719401592,0.0372333061465671
"GSE5099_DAY3_VS_DAY7_MCSF_TREATED_MACROPHAGE_DN","GSE5099_DAY3_VS_DAY7_MCSF_TREATED_MACROPHAGE_DN","42/4231","183/21355",0.164081372310956,0.189177038791264,0.0375269563776745
"GSE13522_WT_VS_IFNG_KO_SKING_T_CRUZI_Y_STRAIN_INF_DN","GSE13522_WT_VS_IFNG_KO_SKING_T_CRUZI_Y_STRAIN_INF_DN","30/4231","127/21355",0.165873970141772,0.191200803001287,0.037928409491189
"GSE14413_UNSTIM_VS_IFNB_STIM_NIH3T3_CELLS_UP","GSE14413_UNSTIM_VS_IFNB_STIM_NIH3T3_CELLS_UP","33/4231","141/21355",0.16616757257144,0.19149617288696,0.0379870018705061
"GSE6269_HEALTHY_VS_STAPH_PNEUMO_INF_PBMC_UP","GSE6269_HEALTHY_VS_STAPH_PNEUMO_INF_PBMC_UP","43/4231","188/21355",0.166790264983468,0.192170577276974,0.0381207831385008
"GSE40274_CTRL_VS_FOXP3_AND_EOS_TRANSDUCED_ACTIVATED_CD4_TCELL_DN","GSE40274_CTRL_VS_FOXP3_AND_EOS_TRANSDUCED_ACTIVATED_CD4_TCELL_DN","37/4231","160/21355",0.169097660552949,0.194785305167285,0.0386394654273563
"GSE21927_EL4_VS_MCA203_TUMOR_MONOCYTES_DN","GSE21927_EL4_VS_MCA203_TUMOR_MONOCYTES_DN","44/4231","193/21355",0.169417386544749,0.195109755881461,0.038703826556357
"GSE15659_CD45RA_NEG_CD4_TCELL_VS_ACTIVATED_TREG_DN","GSE15659_CD45RA_NEG_CD4_TCELL_VS_ACTIVATED_TREG_DN","45/4231","198/21355",0.171966368055688,0.197778685809615,0.0392332608768689
"GSE24081_CONTROLLER_VS_PROGRESSOR_HIV_SPECIFIC_CD8_TCELL_UP","GSE24081_CONTROLLER_VS_PROGRESSOR_HIV_SPECIFIC_CD8_TCELL_UP","45/4231","198/21355",0.171966368055688,0.197778685809615,0.0392332608768689
"GSE26023_PHD3_KO_VS_WT_NEUTROPHIL_HYPOXIA_UP","GSE26023_PHD3_KO_VS_WT_NEUTROPHIL_HYPOXIA_UP","45/4231","198/21355",0.171966368055688,0.197778685809615,0.0392332608768689
"GSE28783_ANTI_MIR33_VS_CTRL_ATHEROSCLEROSIS_MACROPHAGE_DN","GSE28783_ANTI_MIR33_VS_CTRL_ATHEROSCLEROSIS_MACROPHAGE_DN","45/4231","198/21355",0.171966368055688,0.197778685809615,0.0392332608768689
"GSE3982_MAST_CELL_VS_CENT_MEMORY_CD4_TCELL_DN","GSE3982_MAST_CELL_VS_CENT_MEMORY_CD4_TCELL_DN","45/4231","198/21355",0.171966368055688,0.197778685809615,0.0392332608768689
"GSE7548_NAIVE_VS_DAY28_PCC_IMMUNIZATION_CD4_TCELL_DN","GSE7548_NAIVE_VS_DAY28_PCC_IMMUNIZATION_CD4_TCELL_DN","45/4231","198/21355",0.171966368055688,0.197778685809615,0.0392332608768689
"GSE40666_STAT1_KO_VS_STAT4_KO_CD8_TCELL_WITH_IFNA_STIM_90MIN_DN","GSE40666_STAT1_KO_VS_STAT4_KO_CD8_TCELL_WITH_IFNA_STIM_90MIN_DN","42/4231","184/21355",0.173694445457127,0.199721338585292,0.0396186239549443
"HOWARD_DENDRITIC_CELL_INACT_MONOV_INFLUENZA_A_INDONESIA_05_2005_H5N1_AGE_18_49YO_1DY_DN","HOWARD_DENDRITIC_CELL_INACT_MONOV_INFLUENZA_A_INDONESIA_05_2005_H5N1_AGE_18_49YO_1DY_DN","11/4231","41/21355",0.173895809314735,0.199908032865515,0.0396556584077228
"GSE21927_SPLEEN_MONOCYTE_VS_GMCSF_GCSF_BONE_MARROW_UP","GSE21927_SPLEEN_MONOCYTE_VS_GMCSF_GCSF_BONE_MARROW_UP","43/4231","189/21355",0.176364543648498,0.202700594336817,0.0402096174567971
"GSE21927_SPLENIC_VS_TUMOR_MONOCYTES_FROM_C26GM_TUMOROUS_MICE_BALBC_UP","GSE21927_SPLENIC_VS_TUMOR_MONOCYTES_FROM_C26GM_TUMOROUS_MICE_BALBC_UP","44/4231","194/21355",0.178951907587749,0.205582133190228,0.0407812269055097
"GSE26928_EFF_MEMORY_VS_CXCR5_POS_CD4_TCELL_DN","GSE26928_EFF_MEMORY_VS_CXCR5_POS_CD4_TCELL_DN","44/4231","194/21355",0.178951907587749,0.205582133190228,0.0407812269055097
"GSE10325_LUPUS_CD4_TCELL_VS_LUPUS_MYELOID_UP","GSE10325_LUPUS_CD4_TCELL_VS_LUPUS_MYELOID_UP","45/4231","199/21355",0.181460338728136,0.208019819107182,0.0412647894649645
"GSE17721_CPG_VS_GARDIQUIMOD_0.5H_BMDC_UP","GSE17721_CPG_VS_GARDIQUIMOD_0.5H_BMDC_UP","45/4231","199/21355",0.181460338728136,0.208019819107182,0.0412647894649645
"GSE17721_CTRL_VS_POLYIC_1H_BMDC_DN","GSE17721_CTRL_VS_POLYIC_1H_BMDC_DN","45/4231","199/21355",0.181460338728136,0.208019819107182,0.0412647894649645
"GSE17721_CTRL_VS_POLYIC_6H_BMDC_DN","GSE17721_CTRL_VS_POLYIC_6H_BMDC_DN","45/4231","199/21355",0.181460338728136,0.208019819107182,0.0412647894649645
"GSE17721_LPS_VS_POLYIC_0.5H_BMDC_DN","GSE17721_LPS_VS_POLYIC_0.5H_BMDC_DN","45/4231","199/21355",0.181460338728136,0.208019819107182,0.0412647894649645
"GSE19941_UNSTIM_VS_LPS_STIM_IL10_KO_NFKBP50_KO_MACROPHAGE_DN","GSE19941_UNSTIM_VS_LPS_STIM_IL10_KO_NFKBP50_KO_MACROPHAGE_DN","45/4231","199/21355",0.181460338728136,0.208019819107182,0.0412647894649645
"GSE27786_CD8_TCELL_VS_NKCELL_UP","GSE27786_CD8_TCELL_VS_NKCELL_UP","45/4231","199/21355",0.181460338728136,0.208019819107182,0.0412647894649645
"GSE32986_GMCSF_AND_CURDLAN_LOWDOSE_VS_GMCSF_AND_CURDLAN_HIGHDOSE_STIM_DC_DN","GSE32986_GMCSF_AND_CURDLAN_LOWDOSE_VS_GMCSF_AND_CURDLAN_HIGHDOSE_STIM_DC_DN","45/4231","199/21355",0.181460338728136,0.208019819107182,0.0412647894649645
"GSE3982_MEMORY_CD4_TCELL_VS_BCELL_UP","GSE3982_MEMORY_CD4_TCELL_VS_BCELL_UP","45/4231","199/21355",0.181460338728136,0.208019819107182,0.0412647894649645
"GSE9946_IMMATURE_VS_LISTERIA_INF_MATURE_DC_DN","GSE9946_IMMATURE_VS_LISTERIA_INF_MATURE_DC_DN","31/4231","133/21355",0.181479639299126,0.208019819107182,0.0412647894649645
"GSE45365_WT_VS_IFNAR_KO_BCELL_MCMV_INFECTION_UP","GSE45365_WT_VS_IFNAR_KO_BCELL_MCMV_INFECTION_UP","42/4231","185/21355",0.183616268951318,0.210421863323151,0.0417412817976803
"GSE37605_TREG_VS_TCONV_C57BL6_FOXP3_IRES_GFP_DN","GSE37605_TREG_VS_TCONV_C57BL6_FOXP3_IRES_GFP_DN","35/4231","152/21355",0.184117569690046,0.210949186909069,0.0418458867187221
"GSE13522_CTRL_VS_T_CRUZI_G_STRAIN_INF_SKIN_DN","GSE13522_CTRL_VS_T_CRUZI_G_STRAIN_INF_SKIN_DN","32/4231","138/21355",0.185200737554263,0.212142788983945,0.0420826609767523
"GSE37301_HEMATOPOIETIC_STEM_CELL_VS_PRO_BCELL_DN","GSE37301_HEMATOPOIETIC_STEM_CELL_VS_PRO_BCELL_DN","39/4231","171/21355",0.185598410837433,0.212550816343316,0.0421636011638588
"GSE13738_RESTING_VS_TCR_ACTIVATED_CD4_TCELL_UP","GSE13738_RESTING_VS_TCR_ACTIVATED_CD4_TCELL_UP","44/4231","195/21355",0.188777792540941,0.216047100818232,0.0428571573999245
"GSE14000_TRANSLATED_RNA_VS_MRNA_DC_DN","GSE14000_TRANSLATED_RNA_VS_MRNA_DC_DN","44/4231","195/21355",0.188777792540941,0.216047100818232,0.0428571573999245
"GSE9960_HEALTHY_VS_GRAM_POS_SEPSIS_PBMC_UP","GSE9960_HEALTHY_VS_GRAM_POS_SEPSIS_PBMC_UP","44/4231","195/21355",0.188777792540941,0.216047100818232,0.0428571573999245
"SCHERER_PBMC_APSV_WETVAX_AGE_18_40YO_5_TO_7DY_DN","SCHERER_PBMC_APSV_WETVAX_AGE_18_40YO_5_TO_7DY_DN","6/4231","20/21355",0.189611561222633,0.21695287116679,0.0430368346196109
"GSE11961_FOLLICULAR_BCELL_VS_MARGINAL_ZONE_BCELL_DN","GSE11961_FOLLICULAR_BCELL_VS_MARGINAL_ZONE_BCELL_DN","45/4231","200/21355",0.19123760736846,0.218131725716672,0.0432706834183431
"GSE13306_TREG_RA_VS_TCONV_RA_DN","GSE13306_TREG_RA_VS_TCONV_RA_DN","45/4231","200/21355",0.19123760736846,0.218131725716672,0.0432706834183431
"GSE16385_UNTREATED_VS_12H_ROSIGLITAZONE_IL4_TREATED_MACROPHAGE_DN","GSE16385_UNTREATED_VS_12H_ROSIGLITAZONE_IL4_TREATED_MACROPHAGE_DN","45/4231","200/21355",0.19123760736846,0.218131725716672,0.0432706834183431
"GSE18148_CBFB_KO_VS_WT_TREG_DN","GSE18148_CBFB_KO_VS_WT_TREG_DN","45/4231","200/21355",0.19123760736846,0.218131725716672,0.0432706834183431
"GSE20366_TREG_VS_NAIVE_CD4_TCELL_DEC205_CONVERSION_DN","GSE20366_TREG_VS_NAIVE_CD4_TCELL_DEC205_CONVERSION_DN","45/4231","200/21355",0.19123760736846,0.218131725716672,0.0432706834183431
"GSE21063_WT_VS_NFATC1_KO_BCELL_UP","GSE21063_WT_VS_NFATC1_KO_BCELL_UP","45/4231","200/21355",0.19123760736846,0.218131725716672,0.0432706834183431
"GSE25123_CTRL_VS_IL4_AND_ROSIGLITAZONE_STIM_MACROPHAGE_DN","GSE25123_CTRL_VS_IL4_AND_ROSIGLITAZONE_STIM_MACROPHAGE_DN","45/4231","200/21355",0.19123760736846,0.218131725716672,0.0432706834183431
"GSE27786_BCELL_VS_ERYTHROBLAST_DN","GSE27786_BCELL_VS_ERYTHROBLAST_DN","45/4231","200/21355",0.19123760736846,0.218131725716672,0.0432706834183431
"GSE28737_WT_VS_BCL6_KO_FOLLICULAR_BCELL_UP","GSE28737_WT_VS_BCL6_KO_FOLLICULAR_BCELL_UP","45/4231","200/21355",0.19123760736846,0.218131725716672,0.0432706834183431
"GSE360_CTRL_VS_L_DONOVANI_DC_DN","GSE360_CTRL_VS_L_DONOVANI_DC_DN","45/4231","200/21355",0.19123760736846,0.218131725716672,0.0432706834183431
"GSE40274_FOXP3_VS_FOXP3_AND_GATA1_TRANSDUCED_ACTIVATED_CD4_TCELL_UP","GSE40274_FOXP3_VS_FOXP3_AND_GATA1_TRANSDUCED_ACTIVATED_CD4_TCELL_UP","45/4231","200/21355",0.19123760736846,0.218131725716672,0.0432706834183431
"GSE41978_KLRG1_HIGH_VS_LOW_EFFECTOR_CD8_TCELL_UP","GSE41978_KLRG1_HIGH_VS_LOW_EFFECTOR_CD8_TCELL_UP","45/4231","200/21355",0.19123760736846,0.218131725716672,0.0432706834183431
"GSE43955_1H_VS_42H_ACT_CD4_TCELL_WITH_TGFB_IL6_DN","GSE43955_1H_VS_42H_ACT_CD4_TCELL_WITH_TGFB_IL6_DN","45/4231","200/21355",0.19123760736846,0.218131725716672,0.0432706834183431
"GSE43957_UNTREATED_VS_NACL_TREATED_ANTI_CD3_CD28_STIM_CD4_TCELL_UP","GSE43957_UNTREATED_VS_NACL_TREATED_ANTI_CD3_CD28_STIM_CD4_TCELL_UP","45/4231","200/21355",0.19123760736846,0.218131725716672,0.0432706834183431
"WEINBERGER_BLOOD_TWINRIX_AGE_20_40_AND_60_84YO_CORRELATED_WITH_ANTI_HBS_CONC_PRIMARY_VACC_1DY_SIGNIFICANT","WEINBERGER_BLOOD_TWINRIX_AGE_20_40_AND_60_84YO_CORRELATED_WITH_ANTI_HBS_CONC_PRIMARY_VACC_1DY_SIGNIFICANT","9/4231","33/21355",0.192090498560309,0.2190558166007,0.0434539948736629
"ANDERSON_BLOOD_CN54GP140_ADJUVANTED_WITH_GLA_AF_AGE_18_45YO_7DY_UP","ANDERSON_BLOOD_CN54GP140_ADJUVANTED_WITH_GLA_AF_AGE_18_45YO_7DY_UP","11/4231","42/21355",0.195943749559749,0.223400280303219,0.0443158040070045
"GSE15659_NAIVE_CD4_TCELL_VS_NONSUPPRESSIVE_TCELL_UP","GSE15659_NAIVE_CD4_TCELL_VS_NONSUPPRESSIVE_TCELL_UP","44/4231","196/21355",0.198889061113581,0.226506404636351,0.044931964367151
"GSE19401_PLN_VS_PEYERS_PATCH_FOLLICULAR_DC_UP","GSE19401_PLN_VS_PEYERS_PATCH_FOLLICULAR_DC_UP","44/4231","196/21355",0.198889061113581,0.226506404636351,0.044931964367151
"GSE29618_PRE_VS_DAY7_FLU_VACCINE_BCELL_DN","GSE29618_PRE_VS_DAY7_FLU_VACCINE_BCELL_DN","44/4231","196/21355",0.198889061113581,0.226506404636351,0.044931964367151
"GSE34156_NOD2_LIGAND_VS_NOD2_AND_TLR1_TLR2_LIGAND_24H_TREATED_MONOCYTE_DN","GSE34156_NOD2_LIGAND_VS_NOD2_AND_TLR1_TLR2_LIGAND_24H_TREATED_MONOCYTE_DN","44/4231","196/21355",0.198889061113581,0.226506404636351,0.044931964367151
"GSE3982_MAC_VS_EFF_MEMORY_CD4_TCELL_DN","GSE3982_MAC_VS_EFF_MEMORY_CD4_TCELL_DN","44/4231","196/21355",0.198889061113581,0.226506404636351,0.044931964367151
"GSE8685_IL2_ACT_IL2_STARVED_VS_IL21_ACT_IL2_STARVED_CD4_TCELL_DN","GSE8685_IL2_ACT_IL2_STARVED_VS_IL21_ACT_IL2_STARVED_CD4_TCELL_DN","33/4231","144/21355",0.200643006064978,0.228453142845197,0.0453181378705999
"GSE6092_CTRL_VS_BORRELIA_BIRGDOFERI_INF_ENDOTHELIAL_CELL_DN","GSE6092_CTRL_VS_BORRELIA_BIRGDOFERI_INF_ENDOTHELIAL_CELL_DN","34/4231","149/21355",0.203968678891741,0.23218819631336,0.0460590585947196
"GSE13547_CTRL_VS_ANTI_IGM_STIM_BCELL_2H_DN","GSE13547_CTRL_VS_ANTI_IGM_STIM_BCELL_2H_DN","38/4231","168/21355",0.204547047627808,0.232794885910334,0.0461794073124387
"GSE9946_MATURE_STIMULATORY_VS_PROSTAGLANDINE2_TREATED_MATURE_DC_UP","GSE9946_MATURE_STIMULATORY_VS_PROSTAGLANDINE2_TREATED_MATURE_DC_UP","31/4231","135/21355",0.20600376366325,0.234400730863001,0.0464979579878963
"GSE15659_NONSUPPRESSIVE_TCELL_VS_ACTIVATED_TREG_DN","GSE15659_NONSUPPRESSIVE_TCELL_VS_ACTIVATED_TREG_DN","44/4231","197/21355",0.209278884644572,0.237916070678216,0.0471952942224689
"GSE22886_NAIVE_CD4_TCELL_VS_MONOCYTE_UP","GSE22886_NAIVE_CD4_TCELL_VS_MONOCYTE_UP","44/4231","197/21355",0.209278884644572,0.237916070678216,0.0471952942224689
"GSE24972_WT_VS_IRF8_KO_SPLEEN_FOLLICULAR_BCELL_UP","GSE24972_WT_VS_IRF8_KO_SPLEEN_FOLLICULAR_BCELL_UP","44/4231","197/21355",0.209278884644572,0.237916070678216,0.0471952942224689
"GSE45365_CD8A_DC_VS_CD11B_DC_IFNAR_KO_MCMV_INFECTION_UP","GSE45365_CD8A_DC_VS_CD11B_DC_IFNAR_KO_MCMV_INFECTION_UP","44/4231","197/21355",0.209278884644572,0.237916070678216,0.0471952942224689
"GSE7459_UNTREATED_VS_IL6_TREATED_ACT_CD4_TCELL_DN","GSE7459_UNTREATED_VS_IL6_TREATED_ACT_CD4_TCELL_DN","33/4231","145/21355",0.21289258161121,0.241970592758107,0.0479995877783707
"GSE1791_CTRL_VS_NEUROMEDINU_IN_T_CELL_LINE_3H_UP","GSE1791_CTRL_VS_NEUROMEDINU_IN_T_CELL_LINE_3H_UP","42/4231","188/21355",0.21516905622307,0.244503786787732,0.0485020962352813
"GSE16385_UNTREATED_VS_12H_ROSIGLITAZONE_TREATED_MACROPHAGE_DN","GSE16385_UNTREATED_VS_12H_ROSIGLITAZONE_TREATED_MACROPHAGE_DN","43/4231","193/21355",0.217595403333658,0.247151348878425,0.0490272918283587
"GSE16450_CTRL_VS_IFNA_12H_STIM_IMMATURE_NEURON_CELL_LINE_DN","GSE16450_CTRL_VS_IFNA_12H_STIM_IMMATURE_NEURON_CELL_LINE_DN","43/4231","193/21355",0.217595403333658,0.247151348878425,0.0490272918283587
"ERWIN_COHEN_PBMC_TC_83_AGE_18_45YO_RESPONDERS_PREVIOUSLY_IMMUNIZED_24HR_DEG_CANONICAL_PATHWAY_MEMBERS_UP","ERWIN_COHEN_PBMC_TC_83_AGE_18_45YO_RESPONDERS_PREVIOUSLY_IMMUNIZED_24HR_DEG_CANONICAL_PATHWAY_MEMBERS_UP","9/4231","34/21355",0.218257665555727,0.247848647239401,0.0491656145621416
"GSE19941_UNSTIM_VS_LPS_AND_IL10_STIM_IL10_KO_NFKBP50_KO_MACROPHAGE_UP","GSE19941_UNSTIM_VS_LPS_AND_IL10_STIM_IL10_KO_NFKBP50_KO_MACROPHAGE_UP","39/4231","174/21355",0.218692506229695,0.248287438966426,0.0492526574617672
"GSE34217_MIR17_92_OVEREXPRESS_VS_WT_ACT_CD8_TCELL_UP","GSE34217_MIR17_92_OVEREXPRESS_VS_WT_ACT_CD8_TCELL_UP","31/4231","136/21355",0.218856888474439,0.248419045686442,0.0492787642222526
"GSE13306_TREG_VS_TCONV_UP","GSE13306_TREG_VS_TCONV_UP","44/4231","198/21355",0.219939603669967,0.249261642363973,0.0494459097118094
"GSE1432_CTRL_VS_IFNG_1H_MICROGLIA_DN","GSE1432_CTRL_VS_IFNG_1H_MICROGLIA_DN","44/4231","198/21355",0.219939603669967,0.249261642363973,0.0494459097118094
"GSE18281_SUBCAPSULAR_CORTICAL_REGION_VS_WHOLE_CORTEX_THYMUS_DN","GSE18281_SUBCAPSULAR_CORTICAL_REGION_VS_WHOLE_CORTEX_THYMUS_DN","44/4231","198/21355",0.219939603669967,0.249261642363973,0.0494459097118094
"GSE34205_HEALTHY_VS_FLU_INF_INFANT_PBMC_UP","GSE34205_HEALTHY_VS_FLU_INF_INFANT_PBMC_UP","44/4231","198/21355",0.219939603669967,0.249261642363973,0.0494459097118094
"GSE3982_EFF_MEMORY_CD4_TCELL_VS_NKCELL_UP","GSE3982_EFF_MEMORY_CD4_TCELL_VS_NKCELL_UP","44/4231","198/21355",0.219939603669967,0.249261642363973,0.0494459097118094
"GSE3982_EFF_MEMORY_CD4_TCELL_VS_TH1_UP","GSE3982_EFF_MEMORY_CD4_TCELL_VS_TH1_UP","44/4231","198/21355",0.219939603669967,0.249261642363973,0.0494459097118094
"GSE43863_DAY6_EFF_VS_DAY150_MEM_TFH_CD4_TCELL_DN","GSE43863_DAY6_EFF_VS_DAY150_MEM_TFH_CD4_TCELL_DN","44/4231","198/21355",0.219939603669967,0.249261642363973,0.0494459097118094
"FULLER_PBMC_F_TULARENSIS_VACCINE_LVS_AGE_22_54YO_18HR_DN","FULLER_PBMC_F_TULARENSIS_VACCINE_LVS_AGE_22_54YO_18HR_DN","6/4231","21/21355",0.223790386680824,0.253457693797151,0.0502782783760904
"GARCIA_PINERES_PBMC_HPV_16_L1_VLP_AGE_18_25YO_12MO_CORRELATED_WITH_ANTIBODY_RESPONSE_POSITIVE","GARCIA_PINERES_PBMC_HPV_16_L1_VLP_AGE_18_25YO_12MO_CORRELATED_WITH_ANTIBODY_RESPONSE_POSITIVE","6/4231","21/21355",0.223790386680824,0.253457693797151,0.0502782783760904
"HOWARD_NK_CELL_INACT_MONOV_INFLUENZA_A_INDONESIA_05_2005_H5N1_AGE_18_49YO_1DY_UP","HOWARD_NK_CELL_INACT_MONOV_INFLUENZA_A_INDONESIA_05_2005_H5N1_AGE_18_49YO_1DY_UP","6/4231","21/21355",0.223790386680824,0.253457693797151,0.0502782783760904
"GSE37563_WT_VS_CTLA4_KO_CD4_TCELL_D4_POST_IMMUNIZATION_UP","GSE37563_WT_VS_CTLA4_KO_CD4_TCELL_D4_POST_IMMUNIZATION_UP","37/4231","165/21355",0.224989219578936,0.254759164913104,0.0505364505628804
"GSE2770_IL12_VS_TGFB_AND_IL12_TREATED_ACT_CD4_TCELL_2H_UP","GSE2770_IL12_VS_TGFB_AND_IL12_TREATED_ACT_CD4_TCELL_2H_UP","29/4231","127/21355",0.225064444027251,0.254788060972546,0.050542182660016
"GSE21033_3H_VS_12H_POLYIC_STIM_DC_DN","GSE21033_3H_VS_12H_POLYIC_STIM_DC_DN","33/4231","146/21355",0.225499975010931,0.255224745397667,0.0506288075351965
"GSE21546_UNSTIM_VS_ANTI_CD3_STIM_SAP1A_KO_AND_ELK1_KO_DP_THYMOCYTES_UP","GSE21546_UNSTIM_VS_ANTI_CD3_STIM_SAP1A_KO_AND_ELK1_KO_DP_THYMOCYTES_UP","42/4231","189/21355",0.226256059815805,0.255967460299231,0.0507761395258552
"GSE45365_HEALTHY_VS_MCMV_INFECTION_CD11B_DC_UP","GSE45365_HEALTHY_VS_MCMV_INFECTION_CD11B_DC_UP","42/4231","189/21355",0.226256059815805,0.255967460299231,0.0507761395258552
"GSE45365_NK_CELL_VS_CD8A_DC_MCMV_INFECTION_DN","GSE45365_NK_CELL_VS_CD8A_DC_MCMV_INFECTION_DN","43/4231","194/21355",0.228599842519579,0.258561957801272,0.0512908087225145
"GSE15930_STIM_VS_STIM_AND_TRICHOSTATINA_24H_CD8_T_CELL_UP","GSE15930_STIM_VS_STIM_AND_TRICHOSTATINA_24H_CD8_T_CELL_UP","44/4231","199/21355",0.230862749847003,0.260776213247188,0.0517300494890411
"GSE18893_TCONV_VS_TREG_24H_TNF_STIM_DN","GSE18893_TCONV_VS_TREG_24H_TNF_STIM_DN","44/4231","199/21355",0.230862749847003,0.260776213247188,0.0517300494890411
"GSE21360_PRIMARY_VS_SECONDARY_MEMORY_CD8_TCELL_DN","GSE21360_PRIMARY_VS_SECONDARY_MEMORY_CD8_TCELL_DN","44/4231","199/21355",0.230862749847003,0.260776213247188,0.0517300494890411
"GSE22611_MUTANT_NOD2_TRANSDUCED_VS_CTRL_HEK293T_STIMULATED_WITH_MDP_6H_DN","GSE22611_MUTANT_NOD2_TRANSDUCED_VS_CTRL_HEK293T_STIMULATED_WITH_MDP_6H_DN","44/4231","199/21355",0.230862749847003,0.260776213247188,0.0517300494890411
"GSE2405_HEAT_KILLED_VS_LIVE_A_PHAGOCYTOPHILUM_STIM_NEUTROPHIL_24H_UP","GSE2405_HEAT_KILLED_VS_LIVE_A_PHAGOCYTOPHILUM_STIM_NEUTROPHIL_24H_UP","44/4231","199/21355",0.230862749847003,0.260776213247188,0.0517300494890411
"GSE36527_CD62L_HIGH_VS_CD62L_LOW_TREG_CD69_NEG_KLRG1_NEG_DN","GSE36527_CD62L_HIGH_VS_CD62L_LOW_TREG_CD69_NEG_KLRG1_NEG_DN","44/4231","199/21355",0.230862749847003,0.260776213247188,0.0517300494890411
"GSE40274_IRF4_VS_FOXP3_AND_IRF4_TRANSDUCED_ACTIVATED_CD4_TCELL_DN","GSE40274_IRF4_VS_FOXP3_AND_IRF4_TRANSDUCED_ACTIVATED_CD4_TCELL_DN","27/4231","118/21355",0.231531449100885,0.261473938773108,0.0518684569593245
"GSE9946_IMMATURE_VS_MATURE_STIMULATORY_DC_UP","GSE9946_IMMATURE_VS_MATURE_STIMULATORY_DC_UP","31/4231","137/21355",0.23208356990092,0.262039731126016,0.0519806929108018
"GSE17974_IL4_AND_ANTI_IL12_VS_UNTREATED_72H_ACT_CD4_TCELL_UP","GSE17974_IL4_AND_ANTI_IL12_VS_UNTREATED_72H_ACT_CD4_TCELL_UP","41/4231","185/21355",0.235275742034799,0.265585433532345,0.0526840521576782
"HOEK_T_CELL_2011_2012_TIV_ADULT_3DY_UP","HOEK_T_CELL_2011_2012_TIV_ADULT_3DY_UP","5/4231","17/21355",0.235369377326728,0.265632635001499,0.052693415489958
"GSE37532_VISCERAL_ADIPOSE_TISSUE_VS_LN_DERIVED_TCONV_CD4_TCELL_UP","GSE37532_VISCERAL_ADIPOSE_TISSUE_VS_LN_DERIVED_TCONV_CD4_TCELL_UP","29/4231","128/21355",0.238970954602597,0.269637929406321,0.0534879437761065
"GSE27291_0H_VS_6H_STIM_GAMMADELTA_TCELL_UP","GSE27291_0H_VS_6H_STIM_GAMMADELTA_TCELL_UP","43/4231","195/21355",0.239865290868799,0.270587473810181,0.0536763044336684
"GSE12198_CTRL_VS_LOW_IL2_STIM_NK_CELL_DN","GSE12198_CTRL_VS_LOW_IL2_STIM_NK_CELL_DN","44/4231","200/21355",0.242039072084541,0.272201027535181,0.053996384294512
"GSE14350_TREG_VS_TEFF_DN","GSE14350_TREG_VS_TEFF_DN","44/4231","200/21355",0.242039072084541,0.272201027535181,0.053996384294512
"GSE16385_ROSIGLITAZONE_IL4_VS_ROSIGLITAZONE_ALONE_STIM_MACROPHAGE_UP","GSE16385_ROSIGLITAZONE_IL4_VS_ROSIGLITAZONE_ALONE_STIM_MACROPHAGE_UP","44/4231","200/21355",0.242039072084541,0.272201027535181,0.053996384294512
"GSE17721_CTRL_VS_LPS_0.5H_BMDC_DN","GSE17721_CTRL_VS_LPS_0.5H_BMDC_DN","44/4231","200/21355",0.242039072084541,0.272201027535181,0.053996384294512
"GSE18893_CTRL_VS_TNF_TREATED_TCONV_24H_DN","GSE18893_CTRL_VS_TNF_TREATED_TCONV_24H_DN","44/4231","200/21355",0.242039072084541,0.272201027535181,0.053996384294512
"GSE20366_TREG_VS_TCONV_UP","GSE20366_TREG_VS_TCONV_UP","44/4231","200/21355",0.242039072084541,0.272201027535181,0.053996384294512
"GSE22589_SIV_VS_HIV_AND_SIV_INFECTED_DC_DN","GSE22589_SIV_VS_HIV_AND_SIV_INFECTED_DC_DN","44/4231","200/21355",0.242039072084541,0.272201027535181,0.053996384294512
"GSE27786_CD4_TCELL_VS_NKCELL_UP","GSE27786_CD4_TCELL_VS_NKCELL_UP","44/4231","200/21355",0.242039072084541,0.272201027535181,0.053996384294512
"GSE28237_FOLLICULAR_VS_EARLY_GC_BCELL_UP","GSE28237_FOLLICULAR_VS_EARLY_GC_BCELL_UP","44/4231","200/21355",0.242039072084541,0.272201027535181,0.053996384294512
"GSE29164_UNTREATED_VS_CD8_TCELL_TREATED_MELANOMA_DAY7_DN","GSE29164_UNTREATED_VS_CD8_TCELL_TREATED_MELANOMA_DAY7_DN","44/4231","200/21355",0.242039072084541,0.272201027535181,0.053996384294512
"GSE29618_LAIV_VS_TIV_FLU_VACCINE_DAY7_PDC_DN","GSE29618_LAIV_VS_TIV_FLU_VACCINE_DAY7_PDC_DN","44/4231","200/21355",0.242039072084541,0.272201027535181,0.053996384294512
"GSE39152_SPLEEN_CD103_NEG_VS_BRAIN_CD103_POS_MEMORY_CD8_TCELL_DN","GSE39152_SPLEEN_CD103_NEG_VS_BRAIN_CD103_POS_MEMORY_CD8_TCELL_DN","44/4231","200/21355",0.242039072084541,0.272201027535181,0.053996384294512
"GSE41176_UNSTIM_VS_ANTI_IGM_STIM_TAK1_KO_BCELL_1H_DN","GSE41176_UNSTIM_VS_ANTI_IGM_STIM_TAK1_KO_BCELL_1H_DN","44/4231","200/21355",0.242039072084541,0.272201027535181,0.053996384294512
"GSE46606_DAY1_VS_DAY3_CD40L_IL2_IL5_STIMULATED_IRF4_KO_BCELL_UP","GSE46606_DAY1_VS_DAY3_CD40L_IL2_IL5_STIMULATED_IRF4_KO_BCELL_UP","44/4231","200/21355",0.242039072084541,0.272201027535181,0.053996384294512
"GSE5589_WT_VS_IL6_KO_LPS_STIM_MACROPHAGE_180MIN_UP","GSE5589_WT_VS_IL6_KO_LPS_STIM_MACROPHAGE_180MIN_UP","31/4231","138/21355",0.245666446562101,0.276219830023542,0.0547935921725654
"HOEK_PBMC_INACTIVATED_INFLUENZA_ADULT_1DY_DN","HOEK_PBMC_INACTIVATED_INFLUENZA_ADULT_1DY_DN","4/4231","13/21355",0.246899585155761,0.277545454716761,0.0550565556926282
"GSE34156_UNTREATED_VS_24H_NOD2_LIGAND_TREATED_MONOCYTE_UP","GSE34156_UNTREATED_VS_24H_NOD2_LIGAND_TREATED_MONOCYTE_UP","42/4231","191/21355",0.249227392780989,0.280100770751008,0.0555634524807429
"GSE15659_CD45RA_NEG_CD4_TCELL_VS_NONSUPPRESSIVE_TCELL_UP","GSE15659_CD45RA_NEG_CD4_TCELL_VS_NONSUPPRESSIVE_TCELL_UP","43/4231","196/21355",0.251381486159481,0.282459775987177,0.05603140719215
"HOEK_PBMC_INACTIVATED_INFLUENZA_ADULT_7DY_DN","HOEK_PBMC_INACTIVATED_INFLUENZA_ADULT_7DY_DN","6/4231","22/21355",0.259766047656403,0.291753014962033,0.057874902448472
"THAKAR_PBMC_INACTIVATED_INFLUENZA_AGE_21_30YO_VS_70PLS_0DY_UP","THAKAR_PBMC_INACTIVATED_INFLUENZA_AGE_21_30YO_VS_70PLS_0DY_UP","6/4231","22/21355",0.259766047656403,0.291753014962033,0.057874902448472
"GSE21927_SPLEEN_VS_TUMOR_MONOCYTE_BALBC_UP","GSE21927_SPLEEN_VS_TUMOR_MONOCYTE_BALBC_UP","42/4231","192/21355",0.261089859267373,0.293175601008665,0.0581571001446434
"GSE2585_AIRE_KO_VS_WT_CD80_LOW_MTEC_UP","GSE2585_AIRE_KO_VS_WT_CD80_LOW_MTEC_UP","43/4231","197/21355",0.263137407361696,0.295280724635739,0.0585746924858049
"GSE29618_PRE_VS_DAY7_POST_LAIV_FLU_VACCINE_MDC_UP","GSE29618_PRE_VS_DAY7_POST_LAIV_FLU_VACCINE_MDC_UP","43/4231","197/21355",0.263137407361696,0.295280724635739,0.0585746924858049
"GSE43863_NAIVE_VS_LY6C_INT_CXCR5POS_CD4_EFF_TCELL_D6_LCMV_UP","GSE43863_NAIVE_VS_LY6C_INT_CXCR5POS_CD4_EFF_TCELL_D6_LCMV_UP","43/4231","197/21355",0.263137407361696,0.295280724635739,0.0585746924858049
"GSE10147_IL3_AND_HIVP17_VS_IL3_AND_CPG_STIM_PDC_UP","GSE10147_IL3_AND_HIVP17_VS_IL3_AND_CPG_STIM_PDC_UP","34/4231","154/21355",0.267976380930846,0.300644983289892,0.0596387978434062
"GSE3720_UNSTIM_VS_PMA_STIM_VD1_GAMMADELTA_TCELL_DN","GSE3720_UNSTIM_VS_PMA_STIM_VD1_GAMMADELTA_TCELL_DN","30/4231","135/21355",0.270927188679539,0.303822526618096,0.0602691255545681
"GSE40274_FOXP3_VS_FOXP3_AND_SATB1_TRANSDUCED_ACTIVATED_CD4_TCELL_UP","GSE40274_FOXP3_VS_FOXP3_AND_SATB1_TRANSDUCED_ACTIVATED_CD4_TCELL_UP","30/4231","135/21355",0.270927188679539,0.303822526618096,0.0602691255545681
"GSE19888_ADENOSINE_A3R_ACT_VS_TCELL_MEMBRANES_ACT_AND_A3R_INH_PRETREAT_IN_MAST_CELL_UP","GSE19888_ADENOSINE_A3R_ACT_VS_TCELL_MEMBRANES_ACT_AND_A3R_INH_PRETREAT_IN_MAST_CELL_UP","42/4231","193/21355",0.273187654957546,0.306290446043827,0.0607586855203272
"GSE1566_WT_VS_EZH2_KO_LN_TCELL_UP","GSE1566_WT_VS_EZH2_KO_LN_TCELL_UP","43/4231","198/21355",0.275121314192305,0.308054140792869,0.0611085487824531
"GSE22886_NAIVE_BCELL_VS_DC_UP","GSE22886_NAIVE_BCELL_VS_DC_UP","43/4231","198/21355",0.275121314192305,0.308054140792869,0.0611085487824531
"GSE24634_NAIVE_CD4_TCELL_VS_DAY10_IL4_CONV_TREG_UP","GSE24634_NAIVE_CD4_TCELL_VS_DAY10_IL4_CONV_TREG_UP","43/4231","198/21355",0.275121314192305,0.308054140792869,0.0611085487824531
"GSE29617_CTRL_VS_TIV_FLU_VACCINE_PBMC_2008_DN","GSE29617_CTRL_VS_TIV_FLU_VACCINE_PBMC_2008_DN","43/4231","198/21355",0.275121314192305,0.308054140792869,0.0611085487824531
"GSE360_DC_VS_MAC_T_GONDII_UP","GSE360_DC_VS_MAC_T_GONDII_UP","43/4231","198/21355",0.275121314192305,0.308054140792869,0.0611085487824531
"GSE5542_UNTREATED_VS_IFNA_AND_IFNG_TREATED_EPITHELIAL_CELLS_6H_UP","GSE5542_UNTREATED_VS_IFNA_AND_IFNG_TREATED_EPITHELIAL_CELLS_6H_UP","43/4231","198/21355",0.275121314192305,0.308054140792869,0.0611085487824531
"ERWIN_COHEN_PBMC_TC_83_AGE_18_45YO_NON_RESPONDERS_PREVIOUSLY_IMMUNIZED_24HR_DEG_CANONICAL_PATHWAY_MEMBERS_UP","ERWIN_COHEN_PBMC_TC_83_AGE_18_45YO_NON_RESPONDERS_PREVIOUSLY_IMMUNIZED_24HR_DEG_CANONICAL_PATHWAY_MEMBERS_UP","5/4231","18/21355",0.276557732130288,0.309594875496802,0.0614141835698114
"GSE40274_CTRL_VS_FOXP3_AND_GATA1_TRANSDUCED_ACTIVATED_CD4_TCELL_DN","GSE40274_CTRL_VS_FOXP3_AND_GATA1_TRANSDUCED_ACTIVATED_CD4_TCELL_DN","33/4231","150/21355",0.279191478808482,0.312406793357843,0.0619719823364224
"GSE9946_IMMATURE_VS_PROSTAGLANDINE2_TREATED_MATURE_DC_UP","GSE9946_IMMATURE_VS_PROSTAGLANDINE2_TREATED_MATURE_DC_UP","33/4231","150/21355",0.279191478808482,0.312406793357843,0.0619719823364224
"GSE26488_HDAC7_KO_VS_VP16_TRANSGENIC_HDAC7_KO_DOUBLE_POSITIVE_THYMOCYTE_UP","GSE26488_HDAC7_KO_VS_VP16_TRANSGENIC_HDAC7_KO_DOUBLE_POSITIVE_THYMOCYTE_UP","41/4231","189/21355",0.283622936128195,0.317157759727995,0.0629144292045184
"GSE35543_IN_VIVO_NTREG_VS_IN_VITRO_ITREG_DN","GSE35543_IN_VIVO_NTREG_VS_IN_VITRO_ITREG_DN","41/4231","189/21355",0.283622936128195,0.317157759727995,0.0629144292045184
"GSE46606_DAY1_VS_DAY3_CD40L_IL2_IL5_STIMULATED_BCELL_UP","GSE46606_DAY1_VS_DAY3_CD40L_IL2_IL5_STIMULATED_BCELL_UP","41/4231","189/21355",0.283622936128195,0.317157759727995,0.0629144292045184
"GSE13738_RESTING_VS_BYSTANDER_ACTIVATED_CD4_TCELL_UP","GSE13738_RESTING_VS_BYSTANDER_ACTIVATED_CD4_TCELL_UP","42/4231","194/21355",0.285507971552247,0.318917816992116,0.0632635709005449
"GSE17974_0H_VS_0.5H_IN_VITRO_ACT_CD4_TCELL_UP","GSE17974_0H_VS_0.5H_IN_VITRO_ACT_CD4_TCELL_UP","42/4231","194/21355",0.285507971552247,0.318917816992116,0.0632635709005449
"GSE18804_BRAIN_VS_COLON_TUMORAL_MACROPHAGE_UP","GSE18804_BRAIN_VS_COLON_TUMORAL_MACROPHAGE_UP","42/4231","194/21355",0.285507971552247,0.318917816992116,0.0632635709005449
"GSE23114_WT_VS_SLE2C1_MOUSE_PERITONEAL_CAVITY_B1A_BCELL_DN","GSE23114_WT_VS_SLE2C1_MOUSE_PERITONEAL_CAVITY_B1A_BCELL_DN","42/4231","194/21355",0.285507971552247,0.318917816992116,0.0632635709005449
"GSE37301_LYMPHOID_PRIMED_MPP_VS_RAG2_KO_NK_CELL_DN","GSE37301_LYMPHOID_PRIMED_MPP_VS_RAG2_KO_NK_CELL_DN","42/4231","194/21355",0.285507971552247,0.318917816992116,0.0632635709005449
"GARCIA_PINERES_PBMC_HPV_16_L1_VLP_AGE_18_25YO_STIMULATED_VS_UNSTIMULATED_0DY_VACCINATION_INDEPENDENT_DN","GARCIA_PINERES_PBMC_HPV_16_L1_VLP_AGE_18_25YO_STIMULATED_VS_UNSTIMULATED_0DY_VACCINATION_INDEPENDENT_DN","30/4231","136/21355",0.285664066096077,0.319022658563941,0.0632843682717143
"GSE22886_NAIVE_CD8_TCELL_VS_MONOCYTE_UP","GSE22886_NAIVE_CD8_TCELL_VS_MONOCYTE_UP","43/4231","199/21355",0.287320790261843,0.320523693336716,0.063582127803205
"GSE22935_WT_VS_MYD88_KO_MACROPHAGE_48H_MBOVIS_BCG_STIM_UP","GSE22935_WT_VS_MYD88_KO_MACROPHAGE_48H_MBOVIS_BCG_STIM_UP","43/4231","199/21355",0.287320790261843,0.320523693336716,0.063582127803205
"GSE36078_UNTREATED_VS_AD5_T425A_HEXON_INF_IL1R_KO_MOUSE_LUNG_DC_UP","GSE36078_UNTREATED_VS_AD5_T425A_HEXON_INF_IL1R_KO_MOUSE_LUNG_DC_UP","43/4231","199/21355",0.287320790261843,0.320523693336716,0.063582127803205
"GSE7460_CTRL_VS_FOXP3_OVEREXPR_TCONV_UP","GSE7460_CTRL_VS_FOXP3_OVEREXPR_TCONV_UP","43/4231","199/21355",0.287320790261843,0.320523693336716,0.063582127803205
"GSE7852_TREG_VS_TCONV_LN_DN","GSE7852_TREG_VS_TCONV_LN_DN","43/4231","199/21355",0.287320790261843,0.320523693336716,0.063582127803205
"GSE14413_UNSTIM_VS_IFNB_STIM_RAW264_CELLS_UP","GSE14413_UNSTIM_VS_IFNB_STIM_RAW264_CELLS_UP","32/4231","146/21355",0.290911952574318,0.32445924040382,0.0643628203441875
"ERWIN_COHEN_BLOOD_VACCINE_TC_83_AGE_23_48YO_VACCINATED_VS_CONTROL_2DY_DN","ERWIN_COHEN_BLOOD_VACCINE_TC_83_AGE_23_48YO_VACCINATED_VS_CONTROL_2DY_DN","8/4231","32/21355",0.292180254994462,0.325732054611051,0.0646153078740529
"FULLER_PBMC_F_TULARENSIS_VACCINE_LVS_AGE_22_54YO_336HR_DN","FULLER_PBMC_F_TULARENSIS_VACCINE_LVS_AGE_22_54YO_336HR_DN","8/4231","32/21355",0.292180254994462,0.325732054611051,0.0646153078740529
"GSE21927_EL4_VS_MCA203_TUMOR_MONOCYTES_UP","GSE21927_EL4_VS_MCA203_TUMOR_MONOCYTES_UP","40/4231","185/21355",0.294457226120167,0.328127769802603,0.0650905447213001
"GSE21927_SPLENIC_C26GM_TUMOROUS_VS_4T1_TUMOR_MONOCYTES_UP","GSE21927_SPLENIC_C26GM_TUMOROUS_VS_4T1_TUMOR_MONOCYTES_UP","40/4231","185/21355",0.294457226120167,0.328127769802603,0.0650905447213001
"HARALAMBIEVA_PBMC_FLUARIX_AGE_50_74YO_CORR_WITH_28D_MEM_B_CELL_RESPONSE_AT_28DY_LEUK_MIGR_MAPK_ACT_CYTOK_SIG_DIAB_OF_THE_YNG_POSITIVE","HARALAMBIEVA_PBMC_FLUARIX_AGE_50_74YO_CORR_WITH_28D_MEM_B_CELL_RESPONSE_AT_28DY_LEUK_MIGR_MAPK_ACT_CYTOK_SIG_DIAB_OF_THE_YNG_POSITIVE","4/4231","14/21355",0.295349138645482,0.329050137947564,0.0652735144377162
"GSE17974_IL4_AND_ANTI_IL12_VS_UNTREATED_2H_ACT_CD4_TCELL_DN","GSE17974_IL4_AND_ANTI_IL12_VS_UNTREATED_2H_ACT_CD4_TCELL_DN","41/4231","190/21355",0.296283567552229,0.32994776608141,0.0654515764902646
"GSE17974_IL4_AND_ANTI_IL12_VS_UNTREATED_6H_ACT_CD4_TCELL_UP","GSE17974_IL4_AND_ANTI_IL12_VS_UNTREATED_6H_ACT_CD4_TCELL_UP","41/4231","190/21355",0.296283567552229,0.32994776608141,0.0654515764902646
"GSE16385_ROSIGLITAZONE_IL4_VS_IFNG_TNF_STIM_MACROPHAGE_DN","GSE16385_ROSIGLITAZONE_IL4_VS_IFNG_TNF_STIM_MACROPHAGE_DN","42/4231","195/21355",0.298037334877115,0.331756651157457,0.0658104041353889
"GSE1740_MCSF_VS_MCSF_AND_IFNG_DAY2_DERIVED_MACROPHAGE_UP","GSE1740_MCSF_VS_MCSF_AND_IFNG_DAY2_DERIVED_MACROPHAGE_UP","42/4231","195/21355",0.298037334877115,0.331756651157457,0.0658104041353889
"GSE17721_POLYIC_VS_GARDIQUIMOD_0.5H_BMDC_UP","GSE17721_POLYIC_VS_GARDIQUIMOD_0.5H_BMDC_UP","43/4231","200/21355",0.299722789507856,0.333270936880102,0.0661107922513047
"GSE29618_PRE_VS_DAY7_POST_TIV_FLU_VACCINE_PDC_UP","GSE29618_PRE_VS_DAY7_POST_TIV_FLU_VACCINE_PDC_UP","43/4231","200/21355",0.299722789507856,0.333270936880102,0.0661107922513047
"GSE360_L_DONOVANI_VS_L_MAJOR_DC_UP","GSE360_L_DONOVANI_VS_L_MAJOR_DC_UP","43/4231","200/21355",0.299722789507856,0.333270936880102,0.0661107922513047
"GSE41867_NAIVE_VS_DAY8_LCMV_ARMSTRONG_EFFECTOR_CD8_TCELL_UP","GSE41867_NAIVE_VS_DAY8_LCMV_ARMSTRONG_EFFECTOR_CD8_TCELL_UP","43/4231","200/21355",0.299722789507856,0.333270936880102,0.0661107922513047
"GSE42021_CD24INT_TREG_VS_CD24INT_TCONV_THYMUS_DN","GSE42021_CD24INT_TREG_VS_CD24INT_TCONV_THYMUS_DN","43/4231","200/21355",0.299722789507856,0.333270936880102,0.0661107922513047
"DHIMAN_PBMC_ATTENUVAX_AGE_15_25YO_SUBQ_7_OR_14DY_UP","DHIMAN_PBMC_ATTENUVAX_AGE_15_25YO_SUBQ_7_OR_14DY_UP","12/4231","51/21355",0.302520530193801,0.33630887828528,0.0667134271974825
"ANDERSON_BLOOD_CN54GP140_ADJUVANTED_WITH_GLA_AF_AGE_18_45YO_6HR_UP","ANDERSON_BLOOD_CN54GP140_ADJUVANTED_WITH_GLA_AF_AGE_18_45YO_6HR_UP","9/4231","37/21355",0.303645476763406,0.337486277946491,0.0669469873906628
"GSE21927_SPLEEN_VS_C26GM_TUMOR_MONOCYTE_BALBC_UP","GSE21927_SPLEEN_VS_C26GM_TUMOR_MONOCYTE_BALBC_UP","40/4231","186/21355",0.307461444007788,0.341653449378696,0.0677736271433189
"GSE19374_UNINF_VS_LISTERIA_INFECTED_MACROPHAGE_UP","GSE19374_UNINF_VS_LISTERIA_INFECTED_MACROPHAGE_UP","42/4231","196/21355",0.310761657254651,0.34494678542385,0.0684269245989362
"GSE22886_UNSTIM_VS_IL15_STIM_NKCELL_UP","GSE22886_UNSTIM_VS_IL15_STIM_NKCELL_UP","42/4231","196/21355",0.310761657254651,0.34494678542385,0.0684269245989362
"GSE2585_CD80_HIGH_VS_LOW_MTEC_DN","GSE2585_CD80_HIGH_VS_LOW_MTEC_DN","42/4231","196/21355",0.310761657254651,0.34494678542385,0.0684269245989362
"GSE2770_TGFB_AND_IL4_VS_IL12_TREATED_ACT_CD4_TCELL_2H_UP","GSE2770_TGFB_AND_IL4_VS_IL12_TREATED_ACT_CD4_TCELL_2H_UP","42/4231","196/21355",0.310761657254651,0.34494678542385,0.0684269245989362
"GSE37301_LYMPHOID_PRIMED_MPP_VS_PRO_BCELL_DN","GSE37301_LYMPHOID_PRIMED_MPP_VS_PRO_BCELL_DN","42/4231","196/21355",0.310761657254651,0.34494678542385,0.0684269245989362
"GSE32901_TH17_EMRICHED_VS_TH17_NEG_CD4_TCELL_UP","GSE32901_TH17_EMRICHED_VS_TH17_NEG_CD4_TCELL_UP","28/4231","128/21355",0.311074375601393,0.345219149022027,0.0684809532322891
"HOFT_CD4_POSITIVE_ALPHA_BETA_MEMORY_T_CELL_BCG_VACCINE_AGE_18_45YO_ID_7DY_TOP_100_DEG_EX_VIVO_UP","HOFT_CD4_POSITIVE_ALPHA_BETA_MEMORY_T_CELL_BCG_VACCINE_AGE_18_45YO_ID_7DY_TOP_100_DEG_EX_VIVO_UP","7/4231","28/21355",0.312351319878846,0.346561226341767,0.0687471804518033
"GSE13522_CTRL_VS_T_CRUZI_Y_STRAIN_INF_SKIN_BALBC_MOUSE_UP","GSE13522_CTRL_VS_T_CRUZI_Y_STRAIN_INF_SKIN_BALBC_MOUSE_UP","30/4231","138/21355",0.315970020834049,0.350424562266408,0.0695135485038811
"GSE38696_LIGHT_ZONE_VS_DARK_ZONE_BCELL_DN","GSE38696_LIGHT_ZONE_VS_DARK_ZONE_BCELL_DN","30/4231","138/21355",0.315970020834049,0.350424562266408,0.0695135485038811
"HARALAMBIEVA_PBMC_FLUARIX_AGE_50_74YO_CORR_WITH_28D_MEM_B_CELL_RESPONSE_AT_28DY_LATE_GENE_EXPR_INDIVID_GENE_MODELS_PRED_PEAK_B_CELL_ELISPOT_RESP_NEGATIVE","HARALAMBIEVA_PBMC_FLUARIX_AGE_50_74YO_CORR_WITH_28D_MEM_B_CELL_RESPONSE_AT_28DY_LATE_GENE_EXPR_INDIVID_GENE_MODELS_PRED_PEAK_B_CELL_ELISPOT_RESP_NEGATIVE","3/4231","10/21355",0.316535422642384,0.350672266363704,0.069562685444142
"HOEK_NEUTROPHIL_2011_2012_TIV_ADULT_3DY_DN","HOEK_NEUTROPHIL_2011_2012_TIV_ADULT_3DY_DN","3/4231","10/21355",0.316535422642384,0.350672266363704,0.069562685444142
"HOEK_NEUTROPHIL_2011_2012_TIV_ADULT_3DY_UP","HOEK_NEUTROPHIL_2011_2012_TIV_ADULT_3DY_UP","3/4231","10/21355",0.316535422642384,0.350672266363704,0.069562685444142
"MATSUMIYA_PBMC_MODIFIED_VACCINIA_ANKARA_VACCINE_AGE_4_6MO_VACCINATED_VS_CANDIN_PLACEBO_BCG_PRIMED_28DY_UP","MATSUMIYA_PBMC_MODIFIED_VACCINIA_ANKARA_VACCINE_AGE_4_6MO_VACCINATED_VS_CANDIN_PLACEBO_BCG_PRIMED_28DY_UP","3/4231","10/21355",0.316535422642384,0.350672266363704,0.069562685444142
"RECHTIEN_PBMC_RVSV_ZEBOV_AGE_18_55YO_1DY_UP","RECHTIEN_PBMC_RVSV_ZEBOV_AGE_18_55YO_1DY_UP","3/4231","10/21355",0.316535422642384,0.350672266363704,0.069562685444142
"GSE40274_FOXP3_VS_FOXP3_AND_HELIOS_TRANSDUCED_ACTIVATED_CD4_TCELL_DN","GSE40274_FOXP3_VS_FOXP3_AND_HELIOS_TRANSDUCED_ACTIVATED_CD4_TCELL_DN","31/4231","143/21355",0.318217765274121,0.352459867068959,0.069917290919074
"LI_PBMC_MENACTRA_AGE_18_45YO_ANTI_DT_ANTIBODY_CORRELATION_PROFILE_3DY_DN","LI_PBMC_MENACTRA_AGE_18_45YO_ANTI_DT_ANTIBODY_CORRELATION_PROFILE_3DY_DN","5/4231","19/21355",0.319025648033536,0.353278347768397,0.0700796525338873
"GSE35543_IN_VIVO_NTREG_VS_CONVERTED_EX_ITREG_UP","GSE35543_IN_VIVO_NTREG_VS_CONVERTED_EX_ITREG_UP","41/4231","192/21355",0.322193833060003,0.356709630294941,0.0707603143653434
"GSE18791_CTRL_VS_NEWCASTLE_VIRUS_DC_2H_UP","GSE18791_CTRL_VS_NEWCASTLE_VIRUS_DC_2H_UP","42/4231","197/21355",0.323666292709517,0.357798882128312,0.0709763887171591
"GSE19512_NAUTRAL_VS_INDUCED_TREG_UP","GSE19512_NAUTRAL_VS_INDUCED_TREG_UP","42/4231","197/21355",0.323666292709517,0.357798882128312,0.0709763887171591
"GSE22025_UNTREATED_VS_TGFB1_AND_PROGESTERONE_TREATED_CD4_TCELL_DN","GSE22025_UNTREATED_VS_TGFB1_AND_PROGESTERONE_TREATED_CD4_TCELL_DN","42/4231","197/21355",0.323666292709517,0.357798882128312,0.0709763887171591
"GSE22886_NAIVE_BCELL_VS_MONOCYTE_UP","GSE22886_NAIVE_BCELL_VS_MONOCYTE_UP","42/4231","197/21355",0.323666292709517,0.357798882128312,0.0709763887171591
"GSE360_CTRL_VS_L_MAJOR_MAC_DN","GSE360_CTRL_VS_L_MAJOR_MAC_DN","42/4231","197/21355",0.323666292709517,0.357798882128312,0.0709763887171591
"GSE360_L_MAJOR_VS_B_MALAYI_LOW_DOSE_MAC_UP","GSE360_L_MAJOR_VS_B_MALAYI_LOW_DOSE_MAC_UP","42/4231","197/21355",0.323666292709517,0.357798882128312,0.0709763887171591
"GSE3982_BCELL_VS_NKCELL_DN","GSE3982_BCELL_VS_NKCELL_DN","42/4231","197/21355",0.323666292709517,0.357798882128312,0.0709763887171591
"FULLER_PBMC_F_TULARENSIS_VACCINE_LVS_AGE_22_54YO_18HR_TO_48HR_EARLY_DN","FULLER_PBMC_F_TULARENSIS_VACCINE_LVS_AGE_22_54YO_18HR_TO_48HR_EARLY_DN","9/4231","38/21355",0.333743442177325,0.368859181673344,0.0731704149118941
"GSE43863_NAIVE_VS_MEMORY_TH1_CD4_TCELL_D150_LCMV_UP","GSE43863_NAIVE_VS_MEMORY_TH1_CD4_TCELL_D150_LCMV_UP","40/4231","188/21355",0.334031109580561,0.369097535613269,0.0732176970660241
"GSE45365_WT_VS_IFNAR_KO_CD8A_DC_MCMV_INFECTION_DN","GSE45365_WT_VS_IFNAR_KO_CD8A_DC_MCMV_INFECTION_DN","41/4231","193/21355",0.335412604785008,0.370544183648266,0.0735046679270232
"GSE15659_NAIVE_CD4_TCELL_VS_ACTIVATED_TREG_DN","GSE15659_NAIVE_CD4_TCELL_VS_ACTIVATED_TREG_DN","42/4231","198/21355",0.336736094617996,0.37176593172773,0.0737470254941756
"GSE1925_3H_VS_24H_IFNG_STIM_MACROPHAGE_UP","GSE1925_3H_VS_24H_IFNG_STIM_MACROPHAGE_UP","42/4231","198/21355",0.336736094617996,0.37176593172773,0.0737470254941756
"GSE32423_MEMORY_VS_NAIVE_CD8_TCELL_IL7_IL4_UP","GSE32423_MEMORY_VS_NAIVE_CD8_TCELL_IL7_IL4_UP","42/4231","198/21355",0.336736094617996,0.37176593172773,0.0737470254941756
"GSE12707_AT16L1_HYPOMORPH_VS_WT_THYMUS_DN","GSE12707_AT16L1_HYPOMORPH_VS_WT_THYMUS_DN","28/4231","130/21355",0.343365648582447,0.378921919189155,0.075166555216281
"GSE2770_UNTREATED_VS_TGFB_AND_IL4_TREATED_ACT_CD4_TCELL_4H_DN","GSE2770_UNTREATED_VS_TGFB_AND_IL4_TREATED_ACT_CD4_TCELL_4H_DN","28/4231","130/21355",0.343365648582447,0.378921919189155,0.075166555216281
"HARALAMBIEVA_PBMC_TIV_AGE_50_74YO_CORRELATED_WITH_MEMORY_B_CELL_RESPONSE_3DY_NEGATIVE","HARALAMBIEVA_PBMC_TIV_AGE_50_74YO_CORRELATED_WITH_MEMORY_B_CELL_RESPONSE_3DY_NEGATIVE","4/4231","15/21355",0.344798637126524,0.380421397742265,0.0754640060412404
"GSE12963_UNINF_VS_ENV_AND_NEF_AND_VPR_DEFICIENT_HIV1_INF_CD4_TCELL_UP","GSE12963_UNINF_VS_ENV_AND_NEF_AND_VPR_DEFICIENT_HIV1_INF_CD4_TCELL_UP","29/4231","135/21355",0.345348068922026,0.380945599589909,0.0755679917045921
"GSE1112_OT1_CD8AB_VS_HY_CD8AA_THYMOCYTE_RTOC_CULTURE_DN","GSE1112_OT1_CD8AB_VS_HY_CD8AA_THYMOCYTE_RTOC_CULTURE_DN","41/4231","194/21355",0.348785741795095,0.38440673241059,0.0762545749242521
"GSE34205_HEALTHY_VS_RSV_INF_INFANT_PBMC_UP","GSE34205_HEALTHY_VS_RSV_INF_INFANT_PBMC_UP","41/4231","194/21355",0.348785741795095,0.38440673241059,0.0762545749242521
"GSE45365_HEALTHY_VS_MCMV_INFECTION_CD11B_DC_IFNAR_KO_UP","GSE45365_HEALTHY_VS_MCMV_INFECTION_CD11B_DC_IFNAR_KO_UP","41/4231","194/21355",0.348785741795095,0.38440673241059,0.0762545749242521
"GSE9509_10MIN_VS_30MIN_LPS_STIM_IL10_KO_MACROPHAGE_DN","GSE9509_10MIN_VS_30MIN_LPS_STIM_IL10_KO_MACROPHAGE_DN","41/4231","194/21355",0.348785741795095,0.38440673241059,0.0762545749242521
"GSE1925_CTRL_VS_3H_IFNG_STIM_MACROPHAGE_DN","GSE1925_CTRL_VS_3H_IFNG_STIM_MACROPHAGE_DN","42/4231","199/21355",0.349955475401171,0.385281736878523,0.0764281491312921
"GSE21063_CTRL_VS_ANTI_IGM_STIM_BCELL_8H_DN","GSE21063_CTRL_VS_ANTI_IGM_STIM_BCELL_8H_DN","42/4231","199/21355",0.349955475401171,0.385281736878523,0.0764281491312921
"GSE22282_HYPOXIA_VS_NORMOXIA_MYELOID_DC_DN","GSE22282_HYPOXIA_VS_NORMOXIA_MYELOID_DC_DN","42/4231","199/21355",0.349955475401171,0.385281736878523,0.0764281491312921
"GSE24972_MARGINAL_ZONE_BCELL_VS_FOLLICULAR_BCELL_UP","GSE24972_MARGINAL_ZONE_BCELL_VS_FOLLICULAR_BCELL_UP","42/4231","199/21355",0.349955475401171,0.385281736878523,0.0764281491312921
"GSE2770_IL12_AND_TGFB_VS_IL4_TREATED_ACT_CD4_TCELL_6H_DN","GSE2770_IL12_AND_TGFB_VS_IL4_TREATED_ACT_CD4_TCELL_6H_DN","42/4231","199/21355",0.349955475401171,0.385281736878523,0.0764281491312921
"GSE25147_UNSTIM_VS_HELIOBACTER_PYLORI_LPS_STIM_MKN45_CELL_UP","GSE25147_UNSTIM_VS_HELIOBACTER_PYLORI_LPS_STIM_MKN45_CELL_UP","36/4231","170/21355",0.35646958152491,0.392369137834805,0.0778340733820198
"GSE4748_LPS_VS_LPS_AND_CYANOBACTERIUM_LPSLIKE_STIM_DC_3H_DN","GSE4748_LPS_VS_LPS_AND_CYANOBACTERIUM_LPSLIKE_STIM_DC_3H_DN","40/4231","190/21355",0.361238155161179,0.397532585520868,0.0788583439663959
"GSE2706_LPS_VS_R848_AND_LPS_8H_STIM_DC_DN","GSE2706_LPS_VS_R848_AND_LPS_8H_STIM_DC_DN","41/4231","195/21355",0.362296681299232,0.398611888461014,0.0790724447611433
"GSE11961_FOLLICULAR_BCELL_VS_MEMORY_BCELL_DAY40_DN","GSE11961_FOLLICULAR_BCELL_VS_MEMORY_BCELL_DAY40_DN","42/4231","200/21355",0.363308467853825,0.398954414357049,0.0791403914551018
"GSE12392_WT_VS_IFNB_KO_CD8A_POS_SPLEEN_DC_DN","GSE12392_WT_VS_IFNB_KO_CD8A_POS_SPLEEN_DC_DN","42/4231","200/21355",0.363308467853825,0.398954414357049,0.0791403914551018
"GSE15930_STIM_VS_STIM_AND_IL12_72H_CD8_T_CELL_DN","GSE15930_STIM_VS_STIM_AND_IL12_72H_CD8_T_CELL_DN","42/4231","200/21355",0.363308467853825,0.398954414357049,0.0791403914551018
"GSE16450_CTRL_VS_IFNA_12H_STIM_MATURE_NEURON_CELL_LINE_UP","GSE16450_CTRL_VS_IFNA_12H_STIM_MATURE_NEURON_CELL_LINE_UP","42/4231","200/21355",0.363308467853825,0.398954414357049,0.0791403914551018
"GSE17721_CPG_VS_GARDIQUIMOD_16H_BMDC_UP","GSE17721_CPG_VS_GARDIQUIMOD_16H_BMDC_UP","42/4231","200/21355",0.363308467853825,0.398954414357049,0.0791403914551018
"GSE19888_ADENOSINE_A3R_INH_VS_TCELL_MEMBRANES_ACT_MAST_CELL_DN","GSE19888_ADENOSINE_A3R_INH_VS_TCELL_MEMBRANES_ACT_MAST_CELL_DN","42/4231","200/21355",0.363308467853825,0.398954414357049,0.0791403914551018
"GSE19923_WT_VS_E2A_KO_DP_THYMOCYTE_UP","GSE19923_WT_VS_E2A_KO_DP_THYMOCYTE_UP","42/4231","200/21355",0.363308467853825,0.398954414357049,0.0791403914551018
"GSE43955_1H_VS_60H_ACT_CD4_TCELL_WITH_TGFB_IL6_DN","GSE43955_1H_VS_60H_ACT_CD4_TCELL_WITH_TGFB_IL6_DN","42/4231","200/21355",0.363308467853825,0.398954414357049,0.0791403914551018
"GSE46606_UNSTIM_VS_CD40L_IL2_IL5_1DAY_STIMULATED_IRF4MID_SORTED_BCELL_DN","GSE46606_UNSTIM_VS_CD40L_IL2_IL5_1DAY_STIMULATED_IRF4MID_SORTED_BCELL_DN","42/4231","200/21355",0.363308467853825,0.398954414357049,0.0791403914551018
"GSE5589_WT_VS_IL6_KO_LPS_AND_IL10_STIM_MACROPHAGE_180MIN_UP","GSE5589_WT_VS_IL6_KO_LPS_AND_IL10_STIM_MACROPHAGE_180MIN_UP","22/4231","102/21355",0.365603332675379,0.401388452194045,0.0796232303467251
"GSE7568_CTRL_VS_3H_TGFB_TREATED_MACROPHAGES_WITH_IL4_AND_DEXAMETHASONE_UP","GSE7568_CTRL_VS_3H_TGFB_TREATED_MACROPHAGES_WITH_IL4_AND_DEXAMETHASONE_UP","33/4231","156/21355",0.367391532866978,0.403265309952062,0.0799955416994254
"HARALAMBIEVA_PBMC_TIV_AGE_50_74YO_CORRELATED_WITH_MEMORY_B_CELL_RESPONSE_28DY_NEGATIVE","HARALAMBIEVA_PBMC_TIV_AGE_50_74YO_CORRELATED_WITH_MEMORY_B_CELL_RESPONSE_28DY_NEGATIVE","6/4231","25/21355",0.374115202039987,0.410557594874112,0.0814421086819295
"GSE29615_DAY3_VS_DAY7_LAIV_FLU_VACCINE_PBMC_DN","GSE29615_DAY3_VS_DAY7_LAIV_FLU_VACCINE_PBMC_DN","40/4231","191/21355",0.375037510526691,0.411393597038267,0.0816079460211031
"GSE45365_CD8A_DC_VS_CD11B_DC_IFNAR_KO_MCMV_INFECTION_DN","GSE45365_CD8A_DC_VS_CD11B_DC_IFNAR_KO_MCMV_INFECTION_DN","40/4231","191/21355",0.375037510526691,0.411393597038267,0.0816079460211031
"GSE23321_EFFECTOR_MEMORY_VS_NAIVE_CD8_TCELL_UP","GSE23321_EFFECTOR_MEMORY_VS_NAIVE_CD8_TCELL_UP","41/4231","196/21355",0.375928526369089,0.412194572442342,0.0817668351190633
"GSE29618_PRE_VS_DAY7_FLU_VACCINE_BCELL_UP","GSE29618_PRE_VS_DAY7_FLU_VACCINE_BCELL_UP","41/4231","196/21355",0.375928526369089,0.412194572442342,0.0817668351190633
"HOEK_B_CELL_2011_2012_TIV_ADULT_1DY_UP","HOEK_B_CELL_2011_2012_TIV_ADULT_1DY_UP","3/4231","11/21355",0.376374996470868,0.412595857978971,0.0818464379340998
"HOEK_NK_CELL_2011_2012_TIV_1D_VS_0DY_ADULT_1D_DN","HOEK_NK_CELL_2011_2012_TIV_1D_VS_0DY_ADULT_1D_DN","12/4231","54/21355",0.380071816769516,0.416559361291541,0.0826326761417806
"GSE10147_IL3_VS_IL3_AND_CPG_STIM_PDC_UP","GSE10147_IL3_VS_IL3_AND_CPG_STIM_PDC_UP","31/4231","147/21355",0.38042730305958,0.41685027738778,0.0826903850250725
"KANNAN_BLOOD_2012_2013_TIV_AGE_65PLS_REVACCINATED_IN_6_9_MO_VS_REVACCINATED_IN_12_13_MO_UP","KANNAN_BLOOD_2012_2013_TIV_AGE_65PLS_REVACCINATED_IN_6_9_MO_VS_REVACCINATED_IN_12_13_MO_UP","47/4231","226/21355",0.380499892293684,0.41685027738778,0.0826903850250725
"GSE13547_CTRL_VS_ANTI_IGM_STIM_ZFX_KO_BCELL_12H_UP","GSE13547_CTRL_VS_ANTI_IGM_STIM_ZFX_KO_BCELL_12H_UP","32/4231","152/21355",0.38159865414706,0.417964679734579,0.0829114484718984
"GSE2770_IL12_VS_TGFB_AND_IL12_TREATED_ACT_CD4_TCELL_2H_DN","GSE2770_IL12_VS_TGFB_AND_IL12_TREATED_ACT_CD4_TCELL_2H_DN","34/4231","162/21355",0.383746234880694,0.420227130954591,0.0833602498104882
"GSE13887_RESTING_VS_NO_TREATED_CD4_TCELL_DN","GSE13887_RESTING_VS_NO_TREATED_CD4_TCELL_DN","24/4231","113/21355",0.387885139015211,0.424668778853476,0.0842413373251859
"GSE6566_STRONG_VS_WEAK_DC_STIMULATED_CD4_TCELL_UP","GSE6566_STRONG_VS_WEAK_DC_STIMULATED_CD4_TCELL_UP","40/4231","192/21355",0.388943741438977,0.425736839337219,0.084453207959372
"GSE2405_HEAT_KILLED_VS_LIVE_A_PHAGOCYTOPHILUM_STIM_NEUTROPHIL_24H_DN","GSE2405_HEAT_KILLED_VS_LIVE_A_PHAGOCYTOPHILUM_STIM_NEUTROPHIL_24H_DN","41/4231","197/21355",0.389664113420643,0.42643429662558,0.0845915622195023
"GSE21063_WT_VS_NFATC1_KO_16H_ANTI_IGM_STIM_BCELL_DN","GSE21063_WT_VS_NFATC1_KO_16H_ANTI_IGM_STIM_BCELL_DN","39/4231","188/21355",0.402361313962586,0.440141719029495,0.0873106968771161
"GSE21927_SPLEEN_VS_TUMOR_MONOCYTE_C57BL6_DN","GSE21927_SPLEEN_VS_TUMOR_MONOCYTE_C57BL6_DN","39/4231","188/21355",0.402361313962586,0.440141719029495,0.0873106968771161
"GSE18791_UNSTIM_VS_NEWCATSLE_VIRUS_DC_1H_DN","GSE18791_UNSTIM_VS_NEWCATSLE_VIRUS_DC_1H_DN","40/4231","193/21355",0.402938809845244,0.440585396601263,0.0873987089793664
"GSE25088_CTRL_VS_ROSIGLITAZONE_STIM_STAT6_KO_MACROPHAGE_UP","GSE25088_CTRL_VS_ROSIGLITAZONE_STIM_STAT6_KO_MACROPHAGE_UP","40/4231","193/21355",0.402938809845244,0.440585396601263,0.0873987089793664
"GSE20152_HTNFA_OVERXPRESS_ANKLE_VS_CTRL_SPHK1_KO_ANKLE_DN","GSE20152_HTNFA_OVERXPRESS_ANKLE_VS_CTRL_SPHK1_KO_ANKLE_DN","41/4231","198/21355",0.403486080114328,0.440995660269946,0.0874800927820538
"GSE41176_WT_VS_TAK1_KO_ANTI_IGM_STIM_BCELL_3H_UP","GSE41176_WT_VS_TAK1_KO_ANTI_IGM_STIM_BCELL_3H_UP","41/4231","198/21355",0.403486080114328,0.440995660269946,0.0874800927820538
"GSE9946_LISTERIA_INF_MATURE_VS_PROSTAGLANDINE2_TREATED_MATURE_DC_UP","GSE9946_LISTERIA_INF_MATURE_VS_PROSTAGLANDINE2_TREATED_MATURE_DC_UP","28/4231","134/21355",0.410078449618412,0.448105336334253,0.0888904357350326
"GSE2770_UNTREATED_VS_TGFB_AND_IL4_TREATED_ACT_CD4_TCELL_48H_UP","GSE2770_UNTREATED_VS_TGFB_AND_IL4_TREATED_ACT_CD4_TCELL_48H_UP","32/4231","154/21355",0.413018329809479,0.451125497251947,0.0894895435746311
"GSE40274_FOXP3_VS_FOXP3_AND_HELIOS_TRANSDUCED_ACTIVATED_CD4_TCELL_UP","GSE40274_FOXP3_VS_FOXP3_AND_HELIOS_TRANSDUCED_ACTIVATED_CD4_TCELL_UP","32/4231","154/21355",0.413018329809479,0.451125497251947,0.0894895435746311
"GSE21927_BALBC_VS_C57BL6_MONOCYTE_SPLEEN_UP","GSE21927_BALBC_VS_C57BL6_MONOCYTE_SPLEEN_UP","39/4231","189/21355",0.416608744256915,0.454853338245143,0.0902290335636298
"GSE25088_CTRL_VS_IL4_STIM_STAT6_KO_MACROPHAGE_DN","GSE25088_CTRL_VS_IL4_STIM_STAT6_KO_MACROPHAGE_DN","39/4231","189/21355",0.416608744256915,0.454853338245143,0.0902290335636298
"GSE29615_CTRL_VS_DAY7_LAIV_FLU_VACCINE_PBMC_UP","GSE29615_CTRL_VS_DAY7_LAIV_FLU_VACCINE_PBMC_UP","40/4231","194/21355",0.417004541806322,0.455188518164226,0.0902955230397442
"GSE10239_MEMORY_VS_KLRG1HIGH_EFF_CD8_TCELL_UP","GSE10239_MEMORY_VS_KLRG1HIGH_EFF_CD8_TCELL_UP","41/4231","199/21355",0.417376933236096,0.455304141257338,0.0903184591360018
"GSE15930_STIM_VS_STIM_AND_IL12_24H_CD8_T_CELL_DN","GSE15930_STIM_VS_STIM_AND_IL12_24H_CD8_T_CELL_DN","41/4231","199/21355",0.417376933236096,0.455304141257338,0.0903184591360018
"GSE2770_UNTREATED_VS_TGFB_AND_IL12_TREATED_ACT_CD4_TCELL_2H_UP","GSE2770_UNTREATED_VS_TGFB_AND_IL12_TREATED_ACT_CD4_TCELL_2H_UP","41/4231","199/21355",0.417376933236096,0.455304141257338,0.0903184591360018
"GSE13522_CTRL_VS_T_CRUZI_Y_STRAIN_INF_SKIN_129_MOUSE_UP","GSE13522_CTRL_VS_T_CRUZI_Y_STRAIN_INF_SKIN_129_MOUSE_UP","28/4231","135/21355",0.427017240828681,0.465721356699536,0.0923849170527449
"GSE41867_DAY15_EFFECTOR_VS_DAY30_MEMORY_CD8_TCELL_LCMV_ARMSTRONG_DN","GSE41867_DAY15_EFFECTOR_VS_DAY30_MEMORY_CD8_TCELL_LCMV_ARMSTRONG_DN","39/4231","190/21355",0.430909757334622,0.468817173303619,0.0929990326737368
"GSE5099_MONOCYTE_VS_ALTERNATIVE_M2_MACROPHAGE_DN","GSE5099_MONOCYTE_VS_ALTERNATIVE_M2_MACROPHAGE_DN","39/4231","190/21355",0.430909757334622,0.468817173303619,0.0929990326737368
"GSE25087_TREG_VS_TCONV_ADULT_DN","GSE25087_TREG_VS_TCONV_ADULT_DN","40/4231","195/21355",0.431122699356538,0.468817173303619,0.0929990326737368
"GSE16385_MONOCYTE_VS_MACROPHAGE_DN","GSE16385_MONOCYTE_VS_MACROPHAGE_DN","41/4231","200/21355",0.431319116133412,0.468817173303619,0.0929990326737368
"GSE17721_POLYIC_VS_PAM3CSK4_0.5H_BMDC_UP","GSE17721_POLYIC_VS_PAM3CSK4_0.5H_BMDC_UP","41/4231","200/21355",0.431319116133412,0.468817173303619,0.0929990326737368
"GSE19888_CTRL_VS_T_CELL_MEMBRANES_ACT_MAST_CELL_DN","GSE19888_CTRL_VS_T_CELL_MEMBRANES_ACT_MAST_CELL_DN","41/4231","200/21355",0.431319116133412,0.468817173303619,0.0929990326737368
"GSE19941_IL10_KO_VS_IL10_KO_AND_NFKBP50_KO_UNSTIM_MACROPHAGE_UP","GSE19941_IL10_KO_VS_IL10_KO_AND_NFKBP50_KO_UNSTIM_MACROPHAGE_UP","41/4231","200/21355",0.431319116133412,0.468817173303619,0.0929990326737368
"GSE21063_CTRL_VS_ANTI_IGM_STIM_BCELL_16H_DN","GSE21063_CTRL_VS_ANTI_IGM_STIM_BCELL_16H_DN","41/4231","200/21355",0.431319116133412,0.468817173303619,0.0929990326737368
"GSE2770_UNTREATED_VS_TGFB_AND_IL12_TREATED_ACT_CD4_TCELL_6H_DN","GSE2770_UNTREATED_VS_TGFB_AND_IL12_TREATED_ACT_CD4_TCELL_6H_DN","41/4231","200/21355",0.431319116133412,0.468817173303619,0.0929990326737368
"GSE28737_BCL6_HET_VS_BCL6_KO_MARGINAL_ZONE_BCELL_UP","GSE28737_BCL6_HET_VS_BCL6_KO_MARGINAL_ZONE_BCELL_UP","41/4231","200/21355",0.431319116133412,0.468817173303619,0.0929990326737368
"GSE33162_HDAC3_KO_VS_HDAC3_KO_4H_LPS_STIM_MACROPHAGE_DN","GSE33162_HDAC3_KO_VS_HDAC3_KO_4H_LPS_STIM_MACROPHAGE_DN","41/4231","200/21355",0.431319116133412,0.468817173303619,0.0929990326737368
"GSE36392_TYPE_2_MYELOID_VS_MAC_IL25_TREATED_LUNG_UP","GSE36392_TYPE_2_MYELOID_VS_MAC_IL25_TREATED_LUNG_UP","41/4231","200/21355",0.431319116133412,0.468817173303619,0.0929990326737368
"GSE5589_WT_VS_IL10_KO_LPS_AND_IL6_STIM_MACROPHAGE_45MIN_DN","GSE5589_WT_VS_IL10_KO_LPS_AND_IL6_STIM_MACROPHAGE_45MIN_DN","41/4231","200/21355",0.431319116133412,0.468817173303619,0.0929990326737368
"GSE7852_THYMUS_VS_FAT_TREG_UP","GSE7852_THYMUS_VS_FAT_TREG_UP","41/4231","200/21355",0.431319116133412,0.468817173303619,0.0929990326737368
"GSE8835_HEALTHY_VS_CLL_CD4_TCELL_DN","GSE8835_HEALTHY_VS_CLL_CD4_TCELL_DN","41/4231","200/21355",0.431319116133412,0.468817173303619,0.0929990326737368
"GSE9650_EFFECTOR_VS_EXHAUSTED_CD8_TCELL_DN","GSE9650_EFFECTOR_VS_EXHAUSTED_CD8_TCELL_DN","41/4231","200/21355",0.431319116133412,0.468817173303619,0.0929990326737368
"GSE6090_UNSTIM_VS_DC_SIGN_STIM_DC_DN","GSE6090_UNSTIM_VS_DC_SIGN_STIM_DC_DN","30/4231","146/21355",0.444390078413562,0.482922099204563,0.095797019905047
"GSE4984_UNTREATED_VS_GALECTIN1_TREATED_DC_DN","GSE4984_UNTREATED_VS_GALECTIN1_TREATED_DC_DN","39/4231","191/21355",0.445245399607709,0.483576252860168,0.0959267840447917
"GSE26559_TCF1_KO_VS_WT_LIN_NEG_CELL_DN","GSE26559_TCF1_KO_VS_WT_LIN_NEG_CELL_DN","40/4231","196/21355",0.445275051404603,0.483576252860168,0.0959267840447917
"GSE29618_PRE_VS_DAY7_FLU_VACCINE_MDC_UP","GSE29618_PRE_VS_DAY7_FLU_VACCINE_MDC_UP","40/4231","196/21355",0.445275051404603,0.483576252860168,0.0959267840447917
"SOBOLEV_PBMC_PANDEMRIX_AGE_18_64YO_RESPONDERS_VS_NONRESPONDERS_7DY_UP","SOBOLEV_PBMC_PANDEMRIX_AGE_18_64YO_RESPONDERS_VS_NONRESPONDERS_7DY_UP","5/4231","22/21355",0.448240413282978,0.486693573075311,0.0965451653265604
"HOEK_MYELOID_DENDRITIC_CELL_2011_2012_TIV_ADULT_7DY_UP","HOEK_MYELOID_DENDRITIC_CELL_2011_2012_TIV_ADULT_7DY_UP","6/4231","27/21355",0.451532499811827,0.490060468777351,0.0972130547752266
"RICHERT_PBMC_HIV_LIPO_5_AGE_37_48YO_STIMULATED_VS_UNSTIMULATED_14W_TOP_FUNCTIONAL_NETWORK_UP","RICHERT_PBMC_HIV_LIPO_5_AGE_37_48YO_STIMULATED_VS_UNSTIMULATED_14W_TOP_FUNCTIONAL_NETWORK_UP","6/4231","27/21355",0.451532499811827,0.490060468777351,0.0972130547752266
"HOWARD_MONOCYTE_INACT_MONOV_INFLUENZA_A_INDONESIA_05_2005_H5N1_AGE_18_49YO_1DY_DN","HOWARD_MONOCYTE_INACT_MONOV_INFLUENZA_A_INDONESIA_05_2005_H5N1_AGE_18_49YO_1DY_DN","8/4231","37/21355",0.45558211581004,0.494246333469262,0.0980434027006402
"QUEREC_MODEL_PBMC_YF_17D_VACCINE_AGE_18_45_7DY_PREDICTIVE","QUEREC_MODEL_PBMC_YF_17D_VACCINE_AGE_18_45_7DY_PREDICTIVE","8/4231","37/21355",0.45558211581004,0.494246333469262,0.0980434027006402
"GSE22611_NOD2_TRANSD_VS_CTRL_TRANSD_HEK293_MDP_STIM_6H_UP","GSE22611_NOD2_TRANSD_VS_CTRL_TRANSD_HEK293_MDP_STIM_6H_UP","40/4231","197/21355",0.459443443247649,0.498119096888208,0.0988116408801383
"GSE22886_TH1_VS_TH2_12H_ACT_DN","GSE22886_TH1_VS_TH2_12H_ACT_DN","40/4231","197/21355",0.459443443247649,0.498119096888208,0.0988116408801383
"GSE29618_PRE_VS_DAY7_FLU_VACCINE_MONOCYTE_UP","GSE29618_PRE_VS_DAY7_FLU_VACCINE_MONOCYTE_UP","40/4231","197/21355",0.459443443247649,0.498119096888208,0.0988116408801383
"GSE18791_CTRL_VS_NEWCASTLE_VIRUS_DC_14H_DN","GSE18791_CTRL_VS_NEWCASTLE_VIRUS_DC_14H_DN","39/4231","192/21355",0.459596802670326,0.498179997988601,0.0988237218015459
"GSE2706_R848_VS_R848_AND_LPS_2H_STIM_DC_UP","GSE2706_R848_VS_R848_AND_LPS_2H_STIM_DC_UP","38/4231","187/21355",0.459747108366645,0.49823756395083,0.0988351411332323
"GSE7218_UNSTIM_VS_ANTIGEN_STIM_THROUGH_IGM_BCELL_UP","GSE7218_UNSTIM_VS_ANTIGEN_STIM_THROUGH_IGM_BCELL_UP","26/4231","127/21355",0.461141482792572,0.499643043921946,0.0991139455055958
"GSE15659_NAIVE_CD4_TCELL_VS_RESTING_TREG_DN","GSE15659_NAIVE_CD4_TCELL_VS_RESTING_TREG_DN","40/4231","198/21355",0.473609864294059,0.512502462396316,0.101664862039723
"GSE19401_PAM2CSK4_VS_RETINOIC_ACID_AND_PAM2CSK4_STIM_FOLLICULAR_DC_UP","GSE19401_PAM2CSK4_VS_RETINOIC_ACID_AND_PAM2CSK4_STIM_FOLLICULAR_DC_UP","40/4231","198/21355",0.473609864294059,0.512502462396316,0.101664862039723
"GSE22342_CD11C_HIGH_VS_LOW_DECIDUAL_MACROPHAGES_UP","GSE22342_CD11C_HIGH_VS_LOW_DECIDUAL_MACROPHAGES_UP","40/4231","198/21355",0.473609864294059,0.512502462396316,0.101664862039723
"GSE37301_COMMON_LYMPHOID_PROGENITOR_VS_PRO_BCELL_UP","GSE37301_COMMON_LYMPHOID_PROGENITOR_VS_PRO_BCELL_UP","40/4231","198/21355",0.473609864294059,0.512502462396316,0.101664862039723
"GSE3982_BCELL_VS_CENT_MEMORY_CD4_TCELL_DN","GSE3982_BCELL_VS_CENT_MEMORY_CD4_TCELL_DN","40/4231","198/21355",0.473609864294059,0.512502462396316,0.101664862039723
"GSE41176_UNSTIM_VS_ANTI_IGM_STIM_BCELL_24H_UP","GSE41176_UNSTIM_VS_ANTI_IGM_STIM_BCELL_24H_UP","40/4231","198/21355",0.473609864294059,0.512502462396316,0.101664862039723
"GSE17721_CTRL_VS_POLYIC_0.5H_BMDC_DN","GSE17721_CTRL_VS_POLYIC_0.5H_BMDC_DN","40/4231","199/21355",0.487756513616817,0.527699427775391,0.104679476606573
"GSE37336_LY6C_POS_VS_NEG_NAIVE_CD4_TCELL_UP","GSE37336_LY6C_POS_VS_NEG_NAIVE_CD4_TCELL_UP","39/4231","194/21355",0.488272273657498,0.528034530541843,0.104745950777958
"GSE9509_LPS_VS_LPS_AND_IL10_STIM_IL10_KO_MACROPHAGE_20MIN_UP","GSE9509_LPS_VS_LPS_AND_IL10_STIM_IL10_KO_MACROPHAGE_20MIN_UP","39/4231","194/21355",0.488272273657498,0.528034530541843,0.104745950777958
"FULLER_PBMC_F_TULARENSIS_VACCINE_LVS_AGE_22_54YO_48HR_DN","FULLER_PBMC_F_TULARENSIS_VACCINE_LVS_AGE_22_54YO_48HR_DN","4/4231","18/21355",0.490926769657521,0.530681278208447,0.105270984814128
"OVSYANNIKOVA_PBMC_FLUARIX_AGE_50_74YO_COMMON_WITH_BOTH_HAI_AND_VNA_28DY_VS_3DY_USED_IN_HAI_AND_VNA_RESPONSE_MODELS_DN","OVSYANNIKOVA_PBMC_FLUARIX_AGE_50_74YO_COMMON_WITH_BOTH_HAI_AND_VNA_28DY_VS_3DY_USED_IN_HAI_AND_VNA_RESPONSE_MODELS_DN","4/4231","18/21355",0.490926769657521,0.530681278208447,0.105270984814128
"GAUCHER_PBMC_YF_VAX_STAMARIL_UNKNOWN_AGE_28DY_DN","GAUCHER_PBMC_YF_VAX_STAMARIL_UNKNOWN_AGE_28DY_DN","3/4231","13/21355",0.491462113674594,0.531147964304442,0.105363561106042
"GSE10147_IL3_VS_IL3_AND_HIVP17_STIM_PDC_DN","GSE10147_IL3_VS_IL3_AND_HIVP17_STIM_PDC_DN","29/4231","144/21355",0.494182292178691,0.5339752170548,0.105924401847123
"GSE12963_ENV_NEF_VS_ENV_NEF_AND_VPR_DEFICIENT_HIV1_INF_CD4_TCELL_UP","GSE12963_ENV_NEF_VS_ENV_NEF_AND_VPR_DEFICIENT_HIV1_INF_CD4_TCELL_UP","27/4231","134/21355",0.495582276514968,0.535375078907424,0.106202091756078
"GSE17721_CTRL_VS_PAM3CSK4_0.5H_BMDC_DN","GSE17721_CTRL_VS_PAM3CSK4_0.5H_BMDC_DN","40/4231","200/21355",0.501865862987669,0.541023010236549,0.107322469123048
"GSE21063_3H_VS_16H_ANTI_IGM_STIM_BCELL_UP","GSE21063_3H_VS_16H_ANTI_IGM_STIM_BCELL_UP","40/4231","200/21355",0.501865862987669,0.541023010236549,0.107322469123048
"GSE27786_NKTCELL_VS_ERYTHROBLAST_DN","GSE27786_NKTCELL_VS_ERYTHROBLAST_DN","40/4231","200/21355",0.501865862987669,0.541023010236549,0.107322469123048
"GSE28737_FOLLICULAR_VS_MARGINAL_ZONE_BCELL_DN","GSE28737_FOLLICULAR_VS_MARGINAL_ZONE_BCELL_DN","40/4231","200/21355",0.501865862987669,0.541023010236549,0.107322469123048
"GSE31622_WT_VS_KLF3_KO_BCELL_UP","GSE31622_WT_VS_KLF3_KO_BCELL_UP","40/4231","200/21355",0.501865862987669,0.541023010236549,0.107322469123048
"GSE3203_WT_VS_IFNAR1_KO_INFLUENZA_INFECTED_LN_BCELL_UP","GSE3203_WT_VS_IFNAR1_KO_INFLUENZA_INFECTED_LN_BCELL_UP","40/4231","200/21355",0.501865862987669,0.541023010236549,0.107322469123048
"GSE360_DC_VS_MAC_L_MAJOR_UP","GSE360_DC_VS_MAC_L_MAJOR_UP","40/4231","200/21355",0.501865862987669,0.541023010236549,0.107322469123048
"GSE3994_WT_VS_PAC1_KO_ACTIVATED_MAST_CELL_UP","GSE3994_WT_VS_PAC1_KO_ACTIVATED_MAST_CELL_UP","40/4231","200/21355",0.501865862987669,0.541023010236549,0.107322469123048
"GSE46606_DAY1_VS_DAY3_CD40L_IL2_IL5_STIMULATED_IRF4MID_BCELL_UP","GSE46606_DAY1_VS_DAY3_CD40L_IL2_IL5_STIMULATED_IRF4MID_BCELL_UP","40/4231","200/21355",0.501865862987669,0.541023010236549,0.107322469123048
"GSE9650_EXHAUSTED_VS_MEMORY_CD8_TCELL_UP","GSE9650_EXHAUSTED_VS_MEMORY_CD8_TCELL_UP","40/4231","200/21355",0.501865862987669,0.541023010236549,0.107322469123048
"GSE3982_MAST_CELL_VS_EFF_MEMORY_CD4_TCELL_DN","GSE3982_MAST_CELL_VS_EFF_MEMORY_CD4_TCELL_DN","39/4231","195/21355",0.502559667232739,0.541429351457549,0.107403074831713
"GSE45365_NK_CELL_VS_CD8A_DC_MCMV_INFECTION_UP","GSE45365_NK_CELL_VS_CD8A_DC_MCMV_INFECTION_UP","39/4231","195/21355",0.502559667232739,0.541429351457549,0.107403074831713
"GSE9006_1MONTH_VS_4MONTH_POST_TYPE_1_DIABETES_DX_PBMC_DN","GSE9006_1MONTH_VS_4MONTH_POST_TYPE_1_DIABETES_DX_PBMC_DN","39/4231","195/21355",0.502559667232739,0.541429351457549,0.107403074831713
"GSE18791_CTRL_VS_NEWCASTLE_VIRUS_DC_1H_DN","GSE18791_CTRL_VS_NEWCASTLE_VIRUS_DC_1H_DN","37/4231","185/21355",0.504003247207444,0.542870486485681,0.107688952080245
"GSE27291_0H_VS_6H_STIM_GAMMADELTA_TCELL_DN","GSE27291_0H_VS_6H_STIM_GAMMADELTA_TCELL_DN","39/4231","196/21355",0.516789603648644,0.556409054463968,0.110374591168284
"GSE42021_CD24INT_VS_CD24LOW_TREG_THYMUS_DN","GSE42021_CD24INT_VS_CD24LOW_TREG_THYMUS_DN","39/4231","196/21355",0.516789603648644,0.556409054463968,0.110374591168284
"GSE3982_BASOPHIL_VS_NKCELL_DN","GSE3982_BASOPHIL_VS_NKCELL_DN","39/4231","197/21355",0.530944668557752,0.571409273782707,0.113350177315665
"GSE9006_HEALTHY_VS_TYPE_1_DIABETES_PBMC_4MONTH_POST_DX_DN","GSE9006_HEALTHY_VS_TYPE_1_DIABETES_PBMC_4MONTH_POST_DX_DN","39/4231","197/21355",0.530944668557752,0.571409273782707,0.113350177315665
"GSE17974_CTRL_VS_ACT_IL4_AND_ANTI_IL12_0.5H_CD4_TCELL_UP","GSE17974_CTRL_VS_ACT_IL4_AND_ANTI_IL12_0.5H_CD4_TCELL_UP","38/4231","192/21355",0.532016622630204,0.572442738791441,0.113555185262446
"LI_PBMC_MENOMUNE_A_C_Y_W_135_AGE_18_45YO_3DY_DN","LI_PBMC_MENOMUNE_A_C_Y_W_135_AGE_18_45YO_3DY_DN","4/4231","19/21355",0.536767068757251,0.577311790694434,0.11452105669976
"NAKAYA_PBMC_FLUAD_IMUVAC_MALE_AGE_14_27YO_CORRELATED_WITH_HAI_RESPONSE_MF59_ADJUVANTED_AND_NON_1DY_GENES_IN_BTM_M75_POSITIVE","NAKAYA_PBMC_FLUAD_IMUVAC_MALE_AGE_14_27YO_CORRELATED_WITH_HAI_RESPONSE_MF59_ADJUVANTED_AND_NON_1DY_GENES_IN_BTM_M75_POSITIVE","4/4231","19/21355",0.536767068757251,0.577311790694434,0.11452105669976
"GSE21033_CTRL_VS_POLYIC_STIM_DC_6H_DN","GSE21033_CTRL_VS_POLYIC_STIM_DC_6H_DN","31/4231","157/21355",0.540596511759783,0.581186602198122,0.115289701156824
"GSE4590_PRE_BCELL_VS_VPREB_POS_LARGE_PRE_BCELL_UP","GSE4590_PRE_BCELL_VS_VPREB_POS_LARGE_PRE_BCELL_UP","31/4231","157/21355",0.540596511759783,0.581186602198122,0.115289701156824
"GSE9946_IMMATURE_VS_PROSTAGLANDINE2_TREATED_MATURE_DC_DN","GSE9946_IMMATURE_VS_PROSTAGLANDINE2_TREATED_MATURE_DC_DN","29/4231","147/21355",0.543483968218039,0.584168341599008,0.115881187338982
"HOWARD_B_CELL_INACT_MONOV_INFLUENZA_A_INDONESIA_05_2005_H5N1_AGE_18_49YO_1DY_UP","HOWARD_B_CELL_INACT_MONOV_INFLUENZA_A_INDONESIA_05_2005_H5N1_AGE_18_49YO_1DY_UP","3/4231","14/21355",0.544947470500715,0.585083522563885,0.116062731338011
"GSE11961_PLASMA_CELL_DAY7_VS_MEMORY_BCELL_DAY40_DN","GSE11961_PLASMA_CELL_DAY7_VS_MEMORY_BCELL_DAY40_DN","39/4231","198/21355",0.545007922433752,0.585083522563885,0.116062731338011
"GSE1566_WT_VS_EZH2_KO_LN_TCELL_DN","GSE1566_WT_VS_EZH2_KO_LN_TCELL_DN","39/4231","198/21355",0.545007922433752,0.585083522563885,0.116062731338011
"GSE22601_DOUBLE_NEGATIVE_VS_CD8_SINGLE_POSITIVE_THYMOCYTE_DN","GSE22601_DOUBLE_NEGATIVE_VS_CD8_SINGLE_POSITIVE_THYMOCYTE_DN","39/4231","198/21355",0.545007922433752,0.585083522563885,0.116062731338011
"GSE32423_CTRL_VS_IL7_MEMORY_CD8_TCELL_DN","GSE32423_CTRL_VS_IL7_MEMORY_CD8_TCELL_DN","39/4231","198/21355",0.545007922433752,0.585083522563885,0.116062731338011
"GSE5589_WT_VS_IL6_KO_LPS_STIM_MACROPHAGE_180MIN_DN","GSE5589_WT_VS_IL6_KO_LPS_STIM_MACROPHAGE_180MIN_DN","28/4231","142/21355",0.54502025365637,0.585083522563885,0.116062731338011
"ANDERSON_BLOOD_CN54GP140_ADJUVANTED_WITH_GLA_AF_AGE_18_45YO_1DY_UP","ANDERSON_BLOOD_CN54GP140_ADJUVANTED_WITH_GLA_AF_AGE_18_45YO_1DY_UP","17/4231","86/21355",0.547414262151562,0.587530466454964,0.116548130397251
"ANDERSON_BLOOD_CN54GP140_ADJUVANTED_WITH_GLA_AF_AGE_18_45YO_3DY_UP","ANDERSON_BLOOD_CN54GP140_ADJUVANTED_WITH_GLA_AF_AGE_18_45YO_3DY_UP","8/4231","40/21355",0.551221306660472,0.591492656048059,0.117334108003044
"GSE21063_WT_VS_NFATC1_KO_3H_ANTI_IGM_STIM_BCELL_UP","GSE21063_WT_VS_NFATC1_KO_3H_ANTI_IGM_STIM_BCELL_UP","39/4231","199/21355",0.55896295333288,0.599548880264562,0.118932217248612
"GSE3982_MAST_CELL_VS_NKCELL_DN","GSE3982_MAST_CELL_VS_NKCELL_DN","39/4231","199/21355",0.55896295333288,0.599548880264562,0.118932217248612
"GSE17974_IL4_AND_ANTI_IL12_VS_UNTREATED_24H_ACT_CD4_TCELL_DN","GSE17974_IL4_AND_ANTI_IL12_VS_UNTREATED_24H_ACT_CD4_TCELL_DN","38/4231","194/21355",0.560377099664094,0.600814267491769,0.119183231492094
"GSE29615_CTRL_VS_DAY3_LAIV_IFLU_VACCINE_PBMC_DN","GSE29615_CTRL_VS_DAY3_LAIV_IFLU_VACCINE_PBMC_DN","38/4231","194/21355",0.560377099664094,0.600814267491769,0.119183231492094
"SOBOLEV_PBMC_PANDEMRIX_AGE_18_64YO_CORRELATED_WITH_AGE_1DY_POSITIVE","SOBOLEV_PBMC_PANDEMRIX_AGE_18_64YO_CORRELATED_WITH_AGE_1DY_POSITIVE","6/4231","30/21355",0.56245185010459,0.60291262727648,0.119599482093164
"GSE12003_MIR223_KO_VS_WT_BM_PROGENITOR_4D_CULTURE_DN","GSE12003_MIR223_KO_VS_WT_BM_PROGENITOR_4D_CULTURE_DN","39/4231","200/21355",0.572793925528303,0.612973207152,0.121595194387505
"GSE15659_NAIVE_VS_PTPRC_NEG_CD4_TCELL_DN","GSE15659_NAIVE_VS_PTPRC_NEG_CD4_TCELL_DN","39/4231","200/21355",0.572793925528303,0.612973207152,0.121595194387505
"GSE18148_CBFB_KO_VS_WT_TREG_UP","GSE18148_CBFB_KO_VS_WT_TREG_UP","39/4231","200/21355",0.572793925528303,0.612973207152,0.121595194387505
"GSE21670_TGFB_VS_IL6_TREATED_CD4_TCELL_UP","GSE21670_TGFB_VS_IL6_TREATED_CD4_TCELL_UP","39/4231","200/21355",0.572793925528303,0.612973207152,0.121595194387505
"GSE22935_UNSTIM_VS_48H_MBOVIS_BCG_STIM_MACROPHAGE_UP","GSE22935_UNSTIM_VS_48H_MBOVIS_BCG_STIM_MACROPHAGE_UP","39/4231","200/21355",0.572793925528303,0.612973207152,0.121595194387505
"GSE24492_LYVE_NEG_VS_POS_MACROPHAGE_DN","GSE24492_LYVE_NEG_VS_POS_MACROPHAGE_DN","39/4231","200/21355",0.572793925528303,0.612973207152,0.121595194387505
"GSE3982_NEUTROPHIL_VS_CENT_MEMORY_CD4_TCELL_DN","GSE3982_NEUTROPHIL_VS_CENT_MEMORY_CD4_TCELL_DN","39/4231","200/21355",0.572793925528303,0.612973207152,0.121595194387505
"GSE46606_IRF4HIGH_VS_IRF4MID_CD40L_IL2_IL5_DAY1_STIMULATED_BCELL_DN","GSE46606_IRF4HIGH_VS_IRF4MID_CD40L_IL2_IL5_DAY1_STIMULATED_BCELL_DN","39/4231","200/21355",0.572793925528303,0.612973207152,0.121595194387505
"GSE45365_BCELL_VS_CD8_TCELL_DN","GSE45365_BCELL_VS_CD8_TCELL_DN","37/4231","190/21355",0.576000709780737,0.616276276004187,0.122250422535278
"HOEK_NEUTROPHIL_2011_2012_TIV_ADULT_7DY_UP","HOEK_NEUTROPHIL_2011_2012_TIV_ADULT_7DY_UP","4/4231","20/21355",0.580417916703938,0.620872754804755,0.123162223779985
"HOFT_CD4_POSITIVE_ALPHA_BETA_MEMORY_T_CELL_BCG_VACCINE_AGE_18_45YO_ID_56D_TOP_100_DEG_AFTER_IN_VITRO_RE_STIMULATION_DN","HOFT_CD4_POSITIVE_ALPHA_BETA_MEMORY_T_CELL_BCG_VACCINE_AGE_18_45YO_ID_56D_TOP_100_DEG_AFTER_IN_VITRO_RE_STIMULATION_DN","8/4231","41/21355",0.581558417644242,0.621962956153638,0.123378486486727
"ZAK_PBMC_MRKAD5_HIV_1_GAG_POL_NEF_AGE_20_50YO_AD5_NAB_TITERS_GTE_200_VS_LTE_200_1DY_UP","ZAK_PBMC_MRKAD5_HIV_1_GAG_POL_NEF_AGE_20_50YO_AD5_NAB_TITERS_GTE_200_VS_LTE_200_1DY_UP","33/4231","170/21355",0.583114987829154,0.62349758606847,0.123682910270066
"GSE29618_LAIV_VS_TIV_FLU_VACCINE_DAY7_MDC_DN","GSE29618_LAIV_VS_TIV_FLU_VACCINE_DAY7_MDC_DN","38/4231","196/21355",0.588219848917376,0.628562631967995,0.124687660940321
"GSE34156_NOD2_LIGAND_VS_NOD2_AND_TLR1_TLR2_LIGAND_6H_TREATED_MONOCYTE_UP","GSE34156_NOD2_LIGAND_VS_NOD2_AND_TLR1_TLR2_LIGAND_6H_TREATED_MONOCYTE_UP","38/4231","196/21355",0.588219848917376,0.628562631967995,0.124687660940321
"GSE37301_LYMPHOID_PRIMED_MPP_VS_CD4_TCELL_UP","GSE37301_LYMPHOID_PRIMED_MPP_VS_CD4_TCELL_UP","38/4231","196/21355",0.588219848917376,0.628562631967995,0.124687660940321
"GSE17974_IL4_AND_ANTI_IL12_VS_UNTREATED_12H_ACT_CD4_TCELL_DN","GSE17974_IL4_AND_ANTI_IL12_VS_UNTREATED_12H_ACT_CD4_TCELL_DN","37/4231","191/21355",0.590011979463536,0.630346270681551,0.125041480476904
"MATSUMIYA_BLOOD_MODIFIED_VACCINIA_ANKARA_VACCINE_AGE_4_6MO_VACCINATED_VS_CANDIN_PLACEBO_BCG_PRIMED_1DY_UP","MATSUMIYA_BLOOD_MODIFIED_VACCINIA_ANKARA_VACCINE_AGE_4_6MO_VACCINATED_VS_CANDIN_PLACEBO_BCG_PRIMED_1DY_UP","3/4231","15/21355",0.594984678844263,0.635526456294164,0.126069071355558
"GSE360_L_MAJOR_VS_T_GONDII_MAC_UP","GSE360_L_MAJOR_VS_T_GONDII_MAC_UP","38/4231","197/21355",0.601908256802066,0.642787859243206,0.127509512296227
"GSE21927_HEALTHY_VS_TUMOROUS_BALBC_MOUSE_MONOCYTE_UP","GSE21927_HEALTHY_VS_TUMOROUS_BALBC_MOUSE_MONOCYTE_UP","37/4231","192/21355",0.60385603238504,0.64459933819361,0.127868854486935
"GSE2770_TGFB_AND_IL4_VS_TGFB_AND_IL12_TREATED_ACT_CD4_TCELL_2H_UP","GSE2770_TGFB_AND_IL4_VS_TGFB_AND_IL12_TREATED_ACT_CD4_TCELL_2H_UP","37/4231","192/21355",0.60385603238504,0.64459933819361,0.127868854486935
"GSE2706_R848_VS_LPS_2H_STIM_DC_DN","GSE2706_R848_VS_LPS_2H_STIM_DC_DN","36/4231","187/21355",0.605870796814851,0.646615387148226,0.128268777129019
"GSE11818_WT_VS_DICER_KO_TREG_UP","GSE11818_WT_VS_DICER_KO_TREG_UP","28/4231","146/21355",0.609491444985364,0.650344118858238,0.129008443809076
"GSE15659_CD45RA_NEG_CD4_TCELL_VS_RESTING_TREG_DN","GSE15659_CD45RA_NEG_CD4_TCELL_VS_RESTING_TREG_DN","38/4231","198/21355",0.61542208621454,0.656399004148093,0.130209548433591
"GSE29949_MICROGLIA_BRAIN_VS_CD8_NEG_DC_SPLEEN_DN","GSE29949_MICROGLIA_BRAIN_VS_CD8_NEG_DC_SPLEEN_DN","38/4231","198/21355",0.61542208621454,0.656399004148093,0.130209548433591
"HARALAMBIEVA_PBMC_M_M_R_II_AGE_11_22YO_VACCINATED_VS_UNVACCINATED_HIGH_ANTIBODY_RESPONDERS_TO_TREATMENT_7YR_DN","HARALAMBIEVA_PBMC_M_M_R_II_AGE_11_22YO_VACCINATED_VS_UNVACCINATED_HIGH_ANTIBODY_RESPONDERS_TO_TREATMENT_7YR_DN","2/4231","10/21355",0.618563255077707,0.659200674746014,0.130765314455644
"KAZMIN_PBMC_P_FALCIPARUM_RTSS_AS01_UNKN_AGE_IMM_WITH_ARR_VS_IMM_BY_RRR_PRIMARY_IMMUNIZ_WITH_RECOMB_ADENOVIRUS_35_1DY_UP","KAZMIN_PBMC_P_FALCIPARUM_RTSS_AS01_UNKN_AGE_IMM_WITH_ARR_VS_IMM_BY_RRR_PRIMARY_IMMUNIZ_WITH_RECOMB_ADENOVIRUS_35_1DY_UP","2/4231","10/21355",0.618563255077707,0.659200674746014,0.130765314455644
"SCHERER_PBMC_YF_VAX_AGE_18_40YO_ANYD_UP","SCHERER_PBMC_YF_VAX_AGE_18_40YO_ANYD_UP","2/4231","10/21355",0.618563255077707,0.659200674746014,0.130765314455644
"SOBOLEV_PBMC_PANDEMRIX_AGE_18_64YO_HIGH_VS_LOW_RESPONDERS_MEDIUM_HIGH_ADVERSE_EVENTS_SCORE_1DY_TRANSIENT_UP","SOBOLEV_PBMC_PANDEMRIX_AGE_18_64YO_HIGH_VS_LOW_RESPONDERS_MEDIUM_HIGH_ADVERSE_EVENTS_SCORE_1DY_TRANSIENT_UP","2/4231","10/21355",0.618563255077707,0.659200674746014,0.130765314455644
"GSE29615_DAY3_VS_DAY7_LAIV_FLU_VACCINE_PBMC_UP","GSE29615_DAY3_VS_DAY7_LAIV_FLU_VACCINE_PBMC_UP","36/4231","188/21355",0.619686177070614,0.660260100532939,0.130975472229258
"GSE14769_UNSTIM_VS_40MIN_LPS_BMDM_UP","GSE14769_UNSTIM_VS_40MIN_LPS_BMDM_UP","38/4231","199/21355",0.628747844285989,0.669497600708346,0.132807910607278
"GSE21360_PRIMARY_VS_SECONDARY_MEMORY_CD8_TCELL_UP","GSE21360_PRIMARY_VS_SECONDARY_MEMORY_CD8_TCELL_UP","38/4231","199/21355",0.628747844285989,0.669497600708346,0.132807910607278
"GSE23502_WT_VS_HDC_KO_MYELOID_DERIVED_SUPPRESSOR_CELL_COLON_TUMOR_DN","GSE23502_WT_VS_HDC_KO_MYELOID_DERIVED_SUPPRESSOR_CELL_COLON_TUMOR_DN","38/4231","199/21355",0.628747844285989,0.669497600708346,0.132807910607278
"GSE19772_CTRL_VS_HCMV_INF_MONOCYTES_DN","GSE19772_CTRL_VS_HCMV_INF_MONOCYTES_DN","37/4231","194/21355",0.630984546352929,0.671739726813108,0.133252680062727
"GSE5589_WT_VS_IL10_KO_LPS_AND_IL10_STIM_MACROPHAGE_180MIN_DN","GSE5589_WT_VS_IL10_KO_LPS_AND_IL10_STIM_MACROPHAGE_180MIN_DN","23/4231","122/21355",0.640902769605484,0.681915060188305,0.135271155952503
"GSE10094_LCMV_VS_LISTERIA_IND_EFF_CD4_TCELL_DN","GSE10094_LCMV_VS_LISTERIA_IND_EFF_CD4_TCELL_DN","38/4231","200/21355",0.641872837574828,0.681915060188305,0.135271155952503
"GSE11924_TH1_VS_TH17_CD4_TCELL_UP","GSE11924_TH1_VS_TH17_CD4_TCELL_UP","38/4231","200/21355",0.641872837574828,0.681915060188305,0.135271155952503
"GSE19888_ADENOSINE_A3R_INH_VS_ACT_WITH_INHIBITOR_PRETREATMENT_IN_MAST_CELL_DN","GSE19888_ADENOSINE_A3R_INH_VS_ACT_WITH_INHIBITOR_PRETREATMENT_IN_MAST_CELL_DN","38/4231","200/21355",0.641872837574828,0.681915060188305,0.135271155952503
"GSE21379_TFH_VS_NON_TFH_CD4_TCELL_DN","GSE21379_TFH_VS_NON_TFH_CD4_TCELL_DN","38/4231","200/21355",0.641872837574828,0.681915060188305,0.135271155952503
"GSE21380_NON_TFH_VS_GERMINAL_CENTER_TFH_CD4_TCELL_UP","GSE21380_NON_TFH_VS_GERMINAL_CENTER_TFH_CD4_TCELL_UP","38/4231","200/21355",0.641872837574828,0.681915060188305,0.135271155952503
"GSE21670_UNTREATED_VS_TGFB_TREATED_CD4_TCELL_UP","GSE21670_UNTREATED_VS_TGFB_TREATED_CD4_TCELL_UP","38/4231","200/21355",0.641872837574828,0.681915060188305,0.135271155952503
"GSE3203_INFLUENZA_INF_VS_IFNB_TREATED_LN_BCELL_UP","GSE3203_INFLUENZA_INF_VS_IFNB_TREATED_LN_BCELL_UP","38/4231","200/21355",0.641872837574828,0.681915060188305,0.135271155952503
"GSE36078_UNTREATED_VS_AD5_INF_MOUSE_LUNG_DC_UP","GSE36078_UNTREATED_VS_AD5_INF_MOUSE_LUNG_DC_UP","38/4231","200/21355",0.641872837574828,0.681915060188305,0.135271155952503
"GSE5589_LPS_VS_LPS_AND_IL10_STIM_IL10_KO_MACROPHAGE_180MIN_UP","GSE5589_LPS_VS_LPS_AND_IL10_STIM_IL10_KO_MACROPHAGE_180MIN_UP","38/4231","200/21355",0.641872837574828,0.681915060188305,0.135271155952503
"GSE15659_RESTING_TREG_VS_NONSUPPRESSIVE_TCELL_UP","GSE15659_RESTING_TREG_VS_NONSUPPRESSIVE_TCELL_UP","37/4231","195/21355",0.644242119029578,0.684290323693663,0.135742335808793
"GSE26928_CENTR_MEMORY_VS_CXCR5_POS_CD4_TCELL_UP","GSE26928_CENTR_MEMORY_VS_CXCR5_POS_CD4_TCELL_UP","36/4231","190/21355",0.646691656821601,0.686607587586481,0.136202010310397
"GSE5099_MONOCYTE_VS_ALTERNATIVE_M2_MACROPHAGE_UP","GSE5099_MONOCYTE_VS_ALTERNATIVE_M2_MACROPHAGE_UP","36/4231","190/21355",0.646691656821601,0.686607587586481,0.136202010310397
"HOEK_NEUTROPHIL_2011_2012_TIV_ADULT_1DY_UP","HOEK_NEUTROPHIL_2011_2012_TIV_ADULT_1DY_UP","7/4231","38/21355",0.649246652689137,0.689177540212159,0.136711810551974
"GSE1925_CTRL_VS_IFNG_PRIMED_MACROPHAGE_3H_IFNG_STIM_DN","GSE1925_CTRL_VS_IFNG_PRIMED_MACROPHAGE_3H_IFNG_STIM_DN","24/4231","128/21355",0.653557859043374,0.693610266140028,0.137591128219658
"FRANCO_BLOOD_SANOFI_PASTEUR_SA_INACTIVATED_INFLUENZA_VACCINE_CORRELATED_WITH_ANTIBODY_RESPONSE_AGE_18_40YO_0DY_POSITIVE","FRANCO_BLOOD_SANOFI_PASTEUR_SA_INACTIVATED_INFLUENZA_VACCINE_CORRELATED_WITH_ANTIBODY_RESPONSE_AGE_18_40YO_0DY_POSITIVE","4/4231","22/21355",0.660121112279759,0.700430722737745,0.138944098848936
"GSE16385_IFNG_TNF_VS_ROSIGLITAZONE_STIM_MACROPHAGE_UP","GSE16385_IFNG_TNF_VS_ROSIGLITAZONE_STIM_MACROPHAGE_UP","35/4231","186/21355",0.662522004390446,0.702687315229759,0.139391737994527
"GSE25123_WT_VS_PPARG_KO_MACROPHAGE_ROSIGLITAZONE_STIM_DN","GSE25123_WT_VS_PPARG_KO_MACROPHAGE_ROSIGLITAZONE_STIM_DN","35/4231","186/21355",0.662522004390446,0.702687315229759,0.139391737994527
"HARALAMBIEVA_PBMC_FLUARIX_AGE_50_74YO_CORR_WITH_28D_MEM_B_CELL_RESPONSE_AT_28DY_LEUK_MIGR_MAPK_ACT_CYTOK_SIG_DIAB_OF_THE_YNG_NEGATIVE","HARALAMBIEVA_PBMC_FLUARIX_AGE_50_74YO_CORR_WITH_28D_MEM_B_CELL_RESPONSE_AT_28DY_LEUK_MIGR_MAPK_ACT_CYTOK_SIG_DIAB_OF_THE_YNG_NEGATIVE","2/4231","11/21355",0.672382868101449,0.712828713168596,0.14140348212844
"HARALAMBIEVA_PBMC_M_M_R_II_AGE_11_22YO_VACCINATED_VS_UNVACCINATED_LOW_ANTIBODY_RESPONDERS_TO_TREATMENT_7YR_DN","HARALAMBIEVA_PBMC_M_M_R_II_AGE_11_22YO_VACCINATED_VS_UNVACCINATED_LOW_ANTIBODY_RESPONDERS_TO_TREATMENT_7YR_DN","2/4231","11/21355",0.672382868101449,0.712828713168596,0.14140348212844
"GSE1791_CTRL_VS_NEUROMEDINU_IN_T_CELL_LINE_12H_DN","GSE1791_CTRL_VS_NEUROMEDINU_IN_T_CELL_LINE_12H_DN","36/4231","192/21355",0.672779031273833,0.712828713168596,0.14140348212844
"GSE26495_PD1HIGH_VS_PD1LOW_CD8_TCELL_UP","GSE26495_PD1HIGH_VS_PD1LOW_CD8_TCELL_UP","36/4231","192/21355",0.672779031273833,0.712828713168596,0.14140348212844
"GSE40666_UNTREATED_VS_IFNA_STIM_STAT1_KO_CD8_TCELL_90MIN_UP","GSE40666_UNTREATED_VS_IFNA_STIM_STAT1_KO_CD8_TCELL_90MIN_UP","36/4231","192/21355",0.672779031273833,0.712828713168596,0.14140348212844
"GSE2706_R848_VS_LPS_8H_STIM_DC_UP","GSE2706_R848_VS_LPS_8H_STIM_DC_UP","35/4231","187/21355",0.675566690345353,0.715634398576209,0.141960044566322
"GSE37605_TREG_VS_TCONV_C57BL6_FOXP3_FUSION_GFP_UP","GSE37605_TREG_VS_TCONV_C57BL6_FOXP3_FUSION_GFP_UP","25/4231","135/21355",0.680778784398336,0.721006621658238,0.143025729823574
"GSE41176_WT_VS_TAK1_KO_ANTI_IGM_STIM_BCELL_1H_UP","GSE41176_WT_VS_TAK1_KO_ANTI_IGM_STIM_BCELL_1H_UP","37/4231","198/21355",0.682645038889224,0.722833808995283,0.143388188079234
"HARALAMBIEVA_PBMC_DRYVAX_AGE_18_40YO_STIMULATED_VS_UNSTIMULATED_9_TO_34MO_UP","HARALAMBIEVA_PBMC_DRYVAX_AGE_18_40YO_STIMULATED_VS_UNSTIMULATED_9_TO_34MO_UP","3/4231","17/21355",0.683707923451854,0.723809751262744,0.143581785268047
"GSE3400_UNTREATED_VS_IFNB_TREATED_MEF_DN","GSE3400_UNTREATED_VS_IFNB_TREATED_MEF_DN","36/4231","193/21355",0.68545030981074,0.725354725039194,0.143888260958141
"GSE43863_NAIVE_VS_LY6C_LOW_CXCR5NEG_CD4_EFF_TCELL_D6_LCMV_UP","GSE43863_NAIVE_VS_LY6C_LOW_CXCR5NEG_CD4_EFF_TCELL_D6_LCMV_UP","36/4231","193/21355",0.68545030981074,0.725354725039194,0.143888260958141
"GSE13522_WT_VS_IFNAR_KO_SKING_T_CRUZI_Y_STRAIN_INF_DN","GSE13522_WT_VS_IFNAR_KO_SKING_T_CRUZI_Y_STRAIN_INF_DN","37/4231","199/21355",0.694954891977618,0.73450284046954,0.145702968128134
"GSE16385_UNTREATED_VS_12H_IL4_TREATED_MACROPHAGE_DN","GSE16385_UNTREATED_VS_12H_IL4_TREATED_MACROPHAGE_DN","37/4231","199/21355",0.694954891977618,0.73450284046954,0.145702968128134
"GSE22601_DOUBLE_NEGATIVE_VS_CD8_SINGLE_POSITIVE_THYMOCYTE_UP","GSE22601_DOUBLE_NEGATIVE_VS_CD8_SINGLE_POSITIVE_THYMOCYTE_UP","37/4231","199/21355",0.694954891977618,0.73450284046954,0.145702968128134
"GSE28237_FOLLICULAR_VS_LATE_GC_BCELL_UP","GSE28237_FOLLICULAR_VS_LATE_GC_BCELL_UP","37/4231","199/21355",0.694954891977618,0.73450284046954,0.145702968128134
"GSE28737_WT_VS_BCL6_KO_MARGINAL_ZONE_BCELL_UP","GSE28737_WT_VS_BCL6_KO_MARGINAL_ZONE_BCELL_UP","37/4231","199/21355",0.694954891977618,0.73450284046954,0.145702968128134
"GSE8921_UNSTIM_0H_VS_TLR1_2_STIM_MONOCYTE_24H_UP","GSE8921_UNSTIM_0H_VS_TLR1_2_STIM_MONOCYTE_24H_UP","37/4231","199/21355",0.694954891977618,0.73450284046954,0.145702968128134
"HOEK_NK_CELL_2011_2012_TIV_ADULT_3DY_UP","HOEK_NK_CELL_2011_2012_TIV_ADULT_3DY_UP","4/4231","23/21355",0.695889084677738,0.735187025568443,0.145838689590553
"SCHERER_PBMC_YF_VAX_OR_APSV_WETVAX_AGE_18_40YO_JOINT_TO_VACCINIA_AND_YELLOW_FEVER_DN","SCHERER_PBMC_YF_VAX_OR_APSV_WETVAX_AGE_18_40YO_JOINT_TO_VACCINIA_AND_YELLOW_FEVER_DN","4/4231","23/21355",0.695889084677738,0.735187025568443,0.145838689590553
"GSE1740_UNSTIM_VS_IFNA_STIMULATED_MCSF_IFNG_DERIVED_MACROPHAGE_UP","GSE1740_UNSTIM_VS_IFNA_STIMULATED_MCSF_IFNG_DERIVED_MACROPHAGE_UP","36/4231","194/21355",0.697860230598596,0.736965707055707,0.146191525764588
"GSE20727_CTRL_VS_DNFB_ALLERGEN_TREATED_DC_DN","GSE20727_CTRL_VS_DNFB_ALLERGEN_TREATED_DC_DN","36/4231","194/21355",0.697860230598596,0.736965707055707,0.146191525764588
"GSE17721_PAM3CSK4_VS_CPG_0.5H_BMDC_DN","GSE17721_PAM3CSK4_VS_CPG_0.5H_BMDC_DN","37/4231","200/21355",0.707004192670275,0.745087066535327,0.147802555860346
"GSE20366_CD103_POS_VS_NEG_TREG_KLRG1NEG_UP","GSE20366_CD103_POS_VS_NEG_TREG_KLRG1NEG_UP","37/4231","200/21355",0.707004192670275,0.745087066535327,0.147802555860346
"GSE26488_CTRL_VS_PEPTIDE_INJECTION_HDAC7_DELTAP_TG_OT2_THYMOCYTE_UP","GSE26488_CTRL_VS_PEPTIDE_INJECTION_HDAC7_DELTAP_TG_OT2_THYMOCYTE_UP","37/4231","200/21355",0.707004192670275,0.745087066535327,0.147802555860346
"GSE27786_CD8_TCELL_VS_ERYTHROBLAST_DN","GSE27786_CD8_TCELL_VS_ERYTHROBLAST_DN","37/4231","200/21355",0.707004192670275,0.745087066535327,0.147802555860346
"GSE27786_LSK_VS_ERYTHROBLAST_DN","GSE27786_LSK_VS_ERYTHROBLAST_DN","37/4231","200/21355",0.707004192670275,0.745087066535327,0.147802555860346
"GSE30083_SP1_VS_SP2_THYMOCYTE_DN","GSE30083_SP1_VS_SP2_THYMOCYTE_DN","37/4231","200/21355",0.707004192670275,0.745087066535327,0.147802555860346
"GSE37533_PPARG2_FOXP3_VS_FOXP3_TRANSDUCED_CD4_TCELL_PIOGLITAZONE_TREATED_UP","GSE37533_PPARG2_FOXP3_VS_FOXP3_TRANSDUCED_CD4_TCELL_PIOGLITAZONE_TREATED_UP","37/4231","200/21355",0.707004192670275,0.745087066535327,0.147802555860346
"GSE6092_UNSTIM_VS_IFNG_STIM_AND_B_BURGDORFERI_INF_ENDOTHELIAL_CELL_DN","GSE6092_UNSTIM_VS_IFNG_STIM_AND_B_BURGDORFERI_INF_ENDOTHELIAL_CELL_DN","37/4231","200/21355",0.707004192670275,0.745087066535327,0.147802555860346
"GSE8921_UNSTIM_0H_VS_TLR1_2_STIM_MONOCYTE_3H_UP","GSE8921_UNSTIM_0H_VS_TLR1_2_STIM_MONOCYTE_3H_UP","37/4231","200/21355",0.707004192670275,0.745087066535327,0.147802555860346
"GSE9650_GP33_VS_GP276_LCMV_SPECIFIC_EXHAUSTED_CD8_TCELL_UP","GSE9650_GP33_VS_GP276_LCMV_SPECIFIC_EXHAUSTED_CD8_TCELL_UP","37/4231","200/21355",0.707004192670275,0.745087066535327,0.147802555860346
"GSE17974_IL4_AND_ANTI_IL12_VS_UNTREATED_1H_ACT_CD4_TCELL_UP","GSE17974_IL4_AND_ANTI_IL12_VS_UNTREATED_1H_ACT_CD4_TCELL_UP","34/4231","185/21355",0.716290222678562,0.754718125683517,0.149713064338723
"GSE2770_IL12_VS_IL4_TREATED_ACT_CD4_TCELL_2H_DN","GSE2770_IL12_VS_IL4_TREATED_ACT_CD4_TCELL_2H_DN","29/4231","159/21355",0.721247775419991,0.759785469955379,0.150718270935971
"GSE19401_PAM2CSK4_VS_RETINOIC_ACID_STIM_FOLLICULAR_DC_DN","GSE19401_PAM2CSK4_VS_RETINOIC_ACID_STIM_FOLLICULAR_DC_DN","36/4231","196/21355",0.721862502692251,0.75996450786619,0.150753786598505
"GSE22601_DOUBLE_POSITIVE_VS_CD4_SINGLE_POSITIVE_THYMOCYTE_UP","GSE22601_DOUBLE_POSITIVE_VS_CD4_SINGLE_POSITIVE_THYMOCYTE_UP","36/4231","196/21355",0.721862502692251,0.75996450786619,0.150753786598505
"GSE36476_YOUNG_VS_OLD_DONOR_MEMORY_CD4_TCELL_16H_TSST_ACT_UP","GSE36476_YOUNG_VS_OLD_DONOR_MEMORY_CD4_TCELL_16H_TSST_ACT_UP","36/4231","196/21355",0.721862502692251,0.75996450786619,0.150753786598505
"GSE7459_UNTREATED_VS_IL6_TREATED_ACT_CD4_TCELL_UP","GSE7459_UNTREATED_VS_IL6_TREATED_ACT_CD4_TCELL_UP","25/4231","138/21355",0.724094246607769,0.762157517066001,0.151188812757615
"GSE29615_CTRL_VS_LAIV_FLU_VACCINE_PBMC_UP","GSE29615_CTRL_VS_LAIV_FLU_VACCINE_PBMC_UP","35/4231","191/21355",0.725037973353121,0.762994180128946,0.151354781198957
"GSE21546_UNSTIM_VS_ANTI_CD3_STIM_ELK1_KO_DP_THYMOCYTES_DN","GSE21546_UNSTIM_VS_ANTI_CD3_STIM_ELK1_KO_DP_THYMOCYTES_DN","34/4231","186/21355",0.728317324137746,0.766287890708145,0.152008152950709
"HOFT_CD4_POSITIVE_ALPHA_BETA_MEMORY_T_CELL_BCG_VACCINE_AGE_18_45YO_56D_TOP_100_DEG_AFTER_IN_VITRO_RE_STIMULATION_UP","HOFT_CD4_POSITIVE_ALPHA_BETA_MEMORY_T_CELL_BCG_VACCINE_AGE_18_45YO_56D_TOP_100_DEG_AFTER_IN_VITRO_RE_STIMULATION_UP","4/4231","24/21355",0.728871591852291,0.766713683528595,0.152092617263614
"GSE22611_NOD2_VS_MUTANT_NOD2_TRANSDUCED_HEK293T_CELL_DN","GSE22611_NOD2_VS_MUTANT_NOD2_TRANSDUCED_HEK293T_CELL_DN","36/4231","197/21355",0.733440489233146,0.771361499345323,0.153014602207032
"GSE36095_WT_VS_HDAC9_KO_TREG_DN","GSE36095_WT_VS_HDAC9_KO_TREG_DN","22/4231","123/21355",0.738144166033763,0.776149127197758,0.153964321595382
"GSE360_L_MAJOR_VS_T_GONDII_DC_UP","GSE360_L_MAJOR_VS_T_GONDII_DC_UP","36/4231","198/21355",0.74472836708735,0.782751201494722,0.155273971834795
"GSE46606_UNSTIM_VS_CD40L_IL2_IL5_1DAY_STIMULATED_IRF4HIGH_SORTED_BCELL_UP","GSE46606_UNSTIM_VS_CD40L_IL2_IL5_1DAY_STIMULATED_IRF4HIGH_SORTED_BCELL_UP","36/4231","198/21355",0.74472836708735,0.782751201494722,0.155273971834795
"GSE15659_NAIVE_VS_PTPRC_NEG_CD4_TCELL_UP","GSE15659_NAIVE_VS_PTPRC_NEG_CD4_TCELL_UP","35/4231","193/21355",0.748038189627852,0.786068831494951,0.155932088470362
"GSE35543_IN_VIVO_NTREG_VS_CONVERTED_EX_ITREG_DN","GSE35543_IN_VIVO_NTREG_VS_CONVERTED_EX_ITREG_DN","36/4231","199/21355",0.755721281835512,0.793979768536347,0.15750137717028
"HOEK_PBMC_INACTIVATED_INFLUENZA_ADULT_3DY_DN","HOEK_PBMC_INACTIVATED_INFLUENZA_ADULT_3DY_DN","3/4231","19/21355",0.757044857733247,0.795044445962021,0.157712576708896
"QIU_PBMC_HEPTATITIS_B_SURFACE_ANTIGEN_AGE_UNDER50_NON_RESPONDERS_VS_RESPONDERS_0DY_UP","QIU_PBMC_HEPTATITIS_B_SURFACE_ANTIGEN_AGE_UNDER50_NON_RESPONDERS_VS_RESPONDERS_0DY_UP","3/4231","19/21355",0.757044857733247,0.795044445962021,0.157712576708896
"GSE8515_IL1_VS_IL6_4H_STIM_MAC_DN","GSE8515_IL1_VS_IL6_4H_STIM_MAC_DN","35/4231","194/21355",0.759083652307248,0.797022286302121,0.158104919926864
"HOEK_T_CELL_2011_2012_TIV_ADULT_1DY_UP","HOEK_T_CELL_2011_2012_TIV_ADULT_1DY_UP","2/4231","13/21355",0.761380412417343,0.799106468888472,0.15851835820405
"LI_PBMC_MENACTRA_AGE_18_45YO_7DY_UP","LI_PBMC_MENACTRA_AGE_18_45YO_7DY_UP","2/4231","13/21355",0.761380412417343,0.799106468888472,0.15851835820405
"GSE13485_CTRL_VS_DAY3_YF17D_VACCINE_PBMC_UP","GSE13485_CTRL_VS_DAY3_YF17D_VACCINE_PBMC_UP","34/4231","189/21355",0.762548909748177,0.800002202399571,0.158696044421214
"GSE17974_IL4_AND_ANTI_IL12_VS_UNTREATED_1H_ACT_CD4_TCELL_DN","GSE17974_IL4_AND_ANTI_IL12_VS_UNTREATED_1H_ACT_CD4_TCELL_DN","34/4231","189/21355",0.762548909748177,0.800002202399571,0.158696044421214
"GSE6259_DEC205_POS_DC_VS_BCELL_UP","GSE6259_DEC205_POS_DC_VS_BCELL_UP","28/4231","157/21355",0.762702060695806,0.800002202399571,0.158696044421214
"GSE15750_WT_VS_TRAF6KO_DAY10_EFF_CD8_TCELL_DN","GSE15750_WT_VS_TRAF6KO_DAY10_EFF_CD8_TCELL_DN","36/4231","200/21355",0.766415277018125,0.802419262662359,0.159175515479771
"GSE16385_UNTREATED_VS_12H_ROSIGLITAZONE_IFNG_TNF_TREATED_MACROPHAGE_UP","GSE16385_UNTREATED_VS_12H_ROSIGLITAZONE_IFNG_TNF_TREATED_MACROPHAGE_UP","36/4231","200/21355",0.766415277018125,0.802419262662359,0.159175515479771
"GSE17721_CTRL_VS_CPG_0.5H_BMDC_DN","GSE17721_CTRL_VS_CPG_0.5H_BMDC_DN","36/4231","200/21355",0.766415277018125,0.802419262662359,0.159175515479771
"GSE19825_NAIVE_VS_DAY3_EFF_CD8_TCELL_UP","GSE19825_NAIVE_VS_DAY3_EFF_CD8_TCELL_UP","36/4231","200/21355",0.766415277018125,0.802419262662359,0.159175515479771
"GSE27670_CTRL_VS_BLIMP1_TRANSDUCED_GC_BCELL_UP","GSE27670_CTRL_VS_BLIMP1_TRANSDUCED_GC_BCELL_UP","36/4231","200/21355",0.766415277018125,0.802419262662359,0.159175515479771
"GSE28237_EARLY_VS_LATE_GC_BCELL_UP","GSE28237_EARLY_VS_LATE_GC_BCELL_UP","36/4231","200/21355",0.766415277018125,0.802419262662359,0.159175515479771
"GSE41978_WT_VS_ID2_KO_KLRG1_LOW_EFFECTOR_CD8_TCELL_UP","GSE41978_WT_VS_ID2_KO_KLRG1_LOW_EFFECTOR_CD8_TCELL_UP","36/4231","200/21355",0.766415277018125,0.802419262662359,0.159175515479771
"GSE43863_TH1_VS_TFH_EFFECTOR_CD4_TCELL_UP","GSE43863_TH1_VS_TFH_EFFECTOR_CD4_TCELL_UP","36/4231","200/21355",0.766415277018125,0.802419262662359,0.159175515479771
"GSE7568_CTRL_VS_24H_TGFB_TREATED_MACROPHAGES_WITH_IL4_AND_DEXAMETHASONE_DN","GSE7568_CTRL_VS_24H_TGFB_TREATED_MACROPHAGES_WITH_IL4_AND_DEXAMETHASONE_DN","36/4231","200/21355",0.766415277018125,0.802419262662359,0.159175515479771
"GSE18791_CTRL_VS_NEWCASTLE_VIRUS_DC_2H_DN","GSE18791_CTRL_VS_NEWCASTLE_VIRUS_DC_2H_DN","32/4231","179/21355",0.769810519006277,0.805655514972156,0.159817489262809
"GSE19198_CTRL_VS_IL21_TREATED_TCELL_1H_UP","GSE19198_CTRL_VS_IL21_TREATED_TCELL_1H_UP","35/4231","195/21355",0.769820661789625,0.805655514972156,0.159817489262809
"GSE18281_CORTICAL_VS_MEDULLARY_THYMOCYTE_DN","GSE18281_CORTICAL_VS_MEDULLARY_THYMOCYTE_DN","35/4231","196/21355",0.780246348549924,0.816233220952431,0.161915783608856
"GSE2706_UNSTIM_VS_2H_LPS_DC_UP","GSE2706_UNSTIM_VS_2H_LPS_DC_UP","35/4231","196/21355",0.780246348549924,0.816233220952431,0.161915783608856
"GSE9946_MATURE_STIMULATORY_VS_LISTERIA_INF_MATURE_DC_DN","GSE9946_MATURE_STIMULATORY_VS_LISTERIA_INF_MATURE_DC_DN","23/4231","132/21355",0.785881501729024,0.82196053414874,0.163051907917877
"GSE14386_UNTREATED_VS_IFNA_TREATED_ACT_PBMC_MS_PATIENT_UP","GSE14386_UNTREATED_VS_IFNA_TREATED_ACT_PBMC_MS_PATIENT_UP","25/4231","143/21355",0.787955266327205,0.823961382128367,0.16344881515001
"VOIGT_PBMC_FLUARIX_AGE_50_74YO_FEMALES_VS_MALES_0DY_TO_28D_UP","VOIGT_PBMC_FLUARIX_AGE_50_74YO_FEMALES_VS_MALES_0DY_TO_28D_UP","3/4231","20/21355",0.788214317914889,0.82406416349821,0.163469203839923
"HOEK_MONOCYTE_2011_2012_TIV_ADULT_7DY_DN","HOEK_MONOCYTE_2011_2012_TIV_ADULT_7DY_DN","2/4231","14/21355",0.797452569403447,0.833552583760618,0.165351417112503
"GSE29618_LAIV_VS_TIV_FLU_VACCINE_DAY7_BCELL_UP","GSE29618_LAIV_VS_TIV_FLU_VACCINE_DAY7_BCELL_UP","35/4231","198/21355",0.800156655296802,0.836038119659888,0.165844471649476
"GSE7460_TREG_VS_TCONV_ACT_WITH_TGFB_UP","GSE7460_TREG_VS_TCONV_ACT_WITH_TGFB_UP","35/4231","198/21355",0.800156655296802,0.836038119659888,0.165844471649476
"GSE18791_UNSTIM_VS_NEWCATSLE_VIRUS_DC_2H_DN","GSE18791_UNSTIM_VS_NEWCATSLE_VIRUS_DC_2H_DN","32/4231","182/21355",0.801354869733857,0.837119433922102,0.166058971429195
"GSE15659_TREG_VS_TCONV_UP","GSE15659_TREG_VS_TCONV_UP","34/4231","193/21355",0.803731323109238,0.839430880655655,0.16651749198377
"GSE9946_IMMATURE_VS_LISTERIA_INF_MATURE_DC_UP","GSE9946_IMMATURE_VS_LISTERIA_INF_MATURE_DC_UP","24/4231","139/21355",0.80430863697414,0.839862716058146,0.16660315496071
"GSE3982_EFF_MEMORY_CD4_TCELL_VS_TH2_UP","GSE3982_EFF_MEMORY_CD4_TCELL_VS_TH2_UP","35/4231","199/21355",0.8096398142672,0.845257370251256,0.167673289866463
"ERWIN_COHEN_PBMC_TC_83_AGE_18_45YO_NAIVE_NOT_PREVIOUSLY_IMMUNIZED_24HR_DEG_CANONICAL_PATHWAY_MEMBERS_UP","ERWIN_COHEN_PBMC_TC_83_AGE_18_45YO_NAIVE_NOT_PREVIOUSLY_IMMUNIZED_24HR_DEG_CANONICAL_PATHWAY_MEMBERS_UP","6/4231","39/21355",0.812678710905758,0.848257192446124,0.168268363123592
"GSE25147_UNSTIM_VS_HELIOBACTER_PYLORI_LPS_STIM_MKN45_CELL_DN","GSE25147_UNSTIM_VS_HELIOBACTER_PYLORI_LPS_STIM_MKN45_CELL_DN","29/4231","167/21355",0.813366625466768,0.848802386429694,0.168376512986649
"GSE14413_UNSTIM_VS_IFNB_STIM_L929_CELLS_DN","GSE14413_UNSTIM_VS_IFNB_STIM_L929_CELLS_DN","20/4231","118/21355",0.814385821344907,0.849693002282515,0.168553184016451
"GARCIA_PINERES_PBMC_HPV_16_L1_VLP_AGE_18_25YO_7MO_CORRELATED_WITH_ANTIBODY_RESPONSE_POSITIVE","GARCIA_PINERES_PBMC_HPV_16_L1_VLP_AGE_18_25YO_7MO_CORRELATED_WITH_ANTIBODY_RESPONSE_POSITIVE","3/4231","21/21355",0.815983812763071,0.850840729093471,0.168780858020883
"SOBOLEV_PBMC_PANDEMRIX_AGE_18_64YO_HIGH_VS_LOW_RESPONDERS_MEDIUM_HIGH_ADVERSE_EVENTS_SCORE_1DY_CORRELATED_WITH_TRANSITIONAL_B_CELLS_UP","SOBOLEV_PBMC_PANDEMRIX_AGE_18_64YO_HIGH_VS_LOW_RESPONDERS_MEDIUM_HIGH_ADVERSE_EVENTS_SCORE_1DY_CORRELATED_WITH_TRANSITIONAL_B_CELLS_UP","3/4231","21/21355",0.815983812763071,0.850840729093471,0.168780858020883
"SOBOLEV_T_CELL_PANDEMRIX_AGE_18_64YO_7DY_DN","SOBOLEV_T_CELL_PANDEMRIX_AGE_18_64YO_7DY_DN","3/4231","21/21355",0.815983812763071,0.850840729093471,0.168780858020883
"GSE13229_MATURE_VS_INTMATURE_NKCELL_UP","GSE13229_MATURE_VS_INTMATURE_NKCELL_UP","35/4231","200/21355",0.818808655501852,0.853265535292233,0.169261865636958
"GSE22443_NAIVE_VS_ACT_AND_IL2_TREATED_CD8_TCELL_DN","GSE22443_NAIVE_VS_ACT_AND_IL2_TREATED_CD8_TCELL_DN","35/4231","200/21355",0.818808655501852,0.853265535292233,0.169261865636958
"GSE22935_UNSTIM_VS_48H_MBOVIS_BCG_STIM_MYD88_KO_MACROPHAGE_UP","GSE22935_UNSTIM_VS_48H_MBOVIS_BCG_STIM_MYD88_KO_MACROPHAGE_UP","35/4231","200/21355",0.818808655501852,0.853265535292233,0.169261865636958
"GSE12963_UNINF_VS_ENV_AND_NEF_DEFICIENT_HIV1_INF_CD4_TCELL_UP","GSE12963_UNINF_VS_ENV_AND_NEF_DEFICIENT_HIV1_INF_CD4_TCELL_UP","24/4231","141/21355",0.825949278865615,0.860463553154455,0.170689732909051
"GSE2706_LPS_VS_R848_AND_LPS_2H_STIM_DC_UP","GSE2706_LPS_VS_R848_AND_LPS_2H_STIM_DC_UP","33/4231","190/21355",0.826051725531227,0.860463553154455,0.170689732909051
"QIU_PBMC_HEPTATITIS_B_SURFACE_ANTIGEN_AGE_UNDER50_NON_RESPONDERS_VS_RESPONDERS_3DY_UP","QIU_PBMC_HEPTATITIS_B_SURFACE_ANTIGEN_AGE_UNDER50_NON_RESPONDERS_VS_RESPONDERS_3DY_UP","2/4231","15/21355",0.828601475643322,0.862944161752878,0.171181810019771
"GSE18281_SUBCAPSULAR_CORTICAL_REGION_VS_WHOLE_MEDULLA_THYMUS_DN","GSE18281_SUBCAPSULAR_CORTICAL_REGION_VS_WHOLE_MEDULLA_THYMUS_DN","34/4231","196/21355",0.831227474405444,0.86534837139939,0.171658731907882
"GSE37301_HEMATOPOIETIC_STEM_CELL_VS_CD4_TCELL_DN","GSE37301_HEMATOPOIETIC_STEM_CELL_VS_CD4_TCELL_DN","25/4231","147/21355",0.831247635733631,0.86534837139939,0.171658731907882
"MATSUMIYA_PBMC_MODIFIED_VACCINIA_ANKARA_VACCINE_AGE_18_55YO_VACCINATED_VS_CONTROL_TREATED_IN_VITRO_WITH_WILD_TYPE_MVA_6HR_UP","MATSUMIYA_PBMC_MODIFIED_VACCINIA_ANKARA_VACCINE_AGE_18_55YO_VACCINATED_VS_CONTROL_TREATED_IN_VITRO_WITH_WILD_TYPE_MVA_6HR_UP","5/4231","34/21355",0.831797190877606,0.865744649835251,0.171737341466795
"GSE21927_SPLEEN_VS_TUMOR_MONOCYTE_C57BL6_UP","GSE21927_SPLEEN_VS_TUMOR_MONOCYTE_C57BL6_UP","33/4231","191/21355",0.83487953228475,0.868776387026315,0.172338745686063
"GSE7218_UNSTIM_VS_ANTIGEN_STIM_THROUGH_IGM_BCELL_DN","GSE7218_UNSTIM_VS_ANTIGEN_STIM_THROUGH_IGM_BCELL_DN","20/4231","120/21355",0.836880357275862,0.870681695026602,0.172716700699365
"GSE24814_STAT5_KO_VS_WT_PRE_BCELL_UP","GSE24814_STAT5_KO_VS_WT_PRE_BCELL_UP","34/4231","197/21355",0.839752244102681,0.873492289624664,0.173274236970948
"GSE13522_WT_VS_IFNG_KO_SKIN_DN","GSE13522_WT_VS_IFNG_KO_SKIN_DN","21/4231","126/21355",0.841688053686187,0.875328253843659,0.173638436292374
"GSE13485_DAY3_VS_DAY7_YF17D_VACCINE_PBMC_UP","GSE13485_DAY3_VS_DAY7_YF17D_VACCINE_PBMC_UP","32/4231","187/21355",0.847096822919591,0.880774505940329,0.174718806648943
"GSE2128_C57BL6_VS_NOD_THYMOCYTE_MIMETOPE_NEGATIVE_SELECTION_UP","GSE2128_C57BL6_VS_NOD_THYMOCYTE_MIMETOPE_NEGATIVE_SELECTION_UP","34/4231","198/21355",0.847961085684387,0.881136940040172,0.174790702523524
"GSE36476_YOUNG_VS_OLD_DONOR_MEMORY_CD4_TCELL_DN","GSE36476_YOUNG_VS_OLD_DONOR_MEMORY_CD4_TCELL_DN","34/4231","198/21355",0.847961085684387,0.881136940040172,0.174790702523524
"GSE8835_CD4_VS_CD8_TCELL_DN","GSE8835_CD4_VS_CD8_TCELL_DN","34/4231","198/21355",0.847961085684387,0.881136940040172,0.174790702523524
"GSE29949_CD8_NEG_DC_SPLEEN_VS_DC_BRAIN_UP","GSE29949_CD8_NEG_DC_SPLEEN_VS_DC_BRAIN_UP","33/4231","193/21355",0.851558199483998,0.88469544599817,0.175496601604664
"GSE12507_PDC_CELL_LINE_VS_IMMATUE_T_CELL_LINE_DN","GSE12507_PDC_CELL_LINE_VS_IMMATUE_T_CELL_LINE_DN","24/4231","144/21355",0.855084863419772,0.888179333310993,0.176187698621767
"HOEK_PBMC_INACTIVATED_INFLUENZA_ADULT_3DY_UP","HOEK_PBMC_INACTIVATED_INFLUENZA_ADULT_3DY_UP","2/4231","16/21355",0.855361530604017,0.888286711077024,0.176208999096537
"GSE45365_NK_CELL_VS_CD8A_DC_DN","GSE45365_NK_CELL_VS_CD8A_DC_DN","34/4231","199/21355",0.855857590097626,0.888621836508088,0.17627547776389
"GSE1112_OT1_CD8AB_VS_HY_CD8AA_THYMOCYTE_RTOC_CULTURE_UP","GSE1112_OT1_CD8AB_VS_HY_CD8AA_THYMOCYTE_RTOC_CULTURE_UP","31/4231","183/21355",0.859005125225591,0.891709249069741,0.176887926279107
"SOBOLEV_T_CELL_PANDEMRIX_AGE_18_64YO_1DY_UP","SOBOLEV_T_CELL_PANDEMRIX_AGE_18_64YO_1DY_UP","3/4231","23/21355",0.862299407063631,0.894947714235305,0.177530339025259
"GSE19825_NAIVE_VS_IL2RAHIGH_DAY3_EFF_CD8_TCELL_UP","GSE19825_NAIVE_VS_IL2RAHIGH_DAY3_EFF_CD8_TCELL_UP","34/4231","200/21355",0.86344592609917,0.895412465544072,0.177622531514379
"GSE22443_NAIVE_VS_ACT_AND_IL2_TREATED_CD8_TCELL_UP","GSE22443_NAIVE_VS_ACT_AND_IL2_TREATED_CD8_TCELL_UP","34/4231","200/21355",0.86344592609917,0.895412465544072,0.177622531514379
"GSE22935_UNSTIM_VS_48H_MBOVIS_BCG_STIM_MYD88_KO_MACROPHAGE_DN","GSE22935_UNSTIM_VS_48H_MBOVIS_BCG_STIM_MYD88_KO_MACROPHAGE_DN","34/4231","200/21355",0.86344592609917,0.895412465544072,0.177622531514379
"GSE23321_CD8_STEM_CELL_MEMORY_VS_CENTRAL_MEMORY_CD8_TCELL_UP","GSE23321_CD8_STEM_CELL_MEMORY_VS_CENTRAL_MEMORY_CD8_TCELL_UP","34/4231","200/21355",0.86344592609917,0.895412465544072,0.177622531514379
"GSE13762_CTRL_VS_125_VITAMIND_DAY5_DC_DN","GSE13762_CTRL_VS_125_VITAMIND_DAY5_DC_DN","22/4231","134/21355",0.86506363717193,0.896820898069094,0.177901921583413
"HOFT_CD4_POSITIVE_ALPHA_BETA_MEMORY_T_CELL_BCG_VACCINE_AGE_18_45YO_ID_56D_TOP_100_DEG_AFTER_IN_VITRO_RE_STIMULATION_UP","HOFT_CD4_POSITIVE_ALPHA_BETA_MEMORY_T_CELL_BCG_VACCINE_AGE_18_45YO_ID_56D_TOP_100_DEG_AFTER_IN_VITRO_RE_STIMULATION_UP","6/4231","42/21355",0.865328943006191,0.896820898069094,0.177901921583413
"PATEL_SKIN_OF_BODY_ZOSTAVAX_AGE_70_93YO_VZV_CHALLENGE_3DY_DN","PATEL_SKIN_OF_BODY_ZOSTAVAX_AGE_70_93YO_VZV_CHALLENGE_3DY_DN","6/4231","42/21355",0.865328943006191,0.896820898069094,0.177901921583413
"GSE25088_CTRL_VS_ROSIGLITAZONE_STIM_MACROPHAGE_DN","GSE25088_CTRL_VS_ROSIGLITAZONE_STIM_MACROPHAGE_DN","31/4231","184/21355",0.866772303233772,0.898135198378071,0.178162638690929
"GSE8515_CTRL_VS_IL6_4H_STIM_MAC_DN","GSE8515_CTRL_VS_IL6_4H_STIM_MAC_DN","33/4231","195/21355",0.866960261556134,0.898148403544209,0.178165258193257
"GSE11884_WT_VS_FURIN_KO_NAIVE_CD4_TCELL_UP","GSE11884_WT_VS_FURIN_KO_NAIVE_CD4_TCELL_UP","23/4231","140/21355",0.868772030874199,0.899843489646624,0.17850151159181
"GSE26928_EFF_MEM_VS_CENTR_MEM_CD4_TCELL_DN","GSE26928_EFF_MEM_VS_CENTR_MEM_CD4_TCELL_DN","32/4231","190/21355",0.870548160381979,0.901500983862228,0.178830307906218
"GSE22611_NOD2_TRANSD_VS_CTRL_TRANSD_HEK293_MDP_STIM_2H_UP","GSE22611_NOD2_TRANSD_VS_CTRL_TRANSD_HEK293_MDP_STIM_2H_UP","33/4231","196/21355",0.874194506807501,0.904563621722627,0.179437841876103
"GSE29949_CD8_POS_DC_SPLEEN_VS_DC_BRAIN_DN","GSE29949_CD8_POS_DC_SPLEEN_VS_DC_BRAIN_DN","33/4231","196/21355",0.874194506807501,0.904563621722627,0.179437841876103
"GSE1740_UNSTIM_VS_IFNA_STIMULATED_MCSF_DERIVED_MACROPHAGE_UP","GSE1740_UNSTIM_VS_IFNA_STIMULATED_MCSF_DERIVED_MACROPHAGE_UP","31/4231","185/21355",0.874211506440479,0.904563621722627,0.179437841876103
"GSE21927_SPLENIC_C26GM_TUMOROUS_VS_BONE_MARROW_MONOCYTES_UP","GSE21927_SPLENIC_C26GM_TUMOROUS_VS_BONE_MARROW_MONOCYTES_UP","31/4231","185/21355",0.874211506440479,0.904563621722627,0.179437841876103
"GSE13411_NAIVE_VS_MEMORY_BCELL_UP","GSE13411_NAIVE_VS_MEMORY_BCELL_UP","32/4231","192/21355",0.884595993230975,0.915123927608875,0.181532684574034
"GSE21670_UNTREATED_VS_TGFB_IL6_TREATED_CD4_TCELL_DN","GSE21670_UNTREATED_VS_TGFB_IL6_TREATED_CD4_TCELL_DN","33/4231","198/21355",0.887757737392556,0.918024240846125,0.182108018288058
"GSE32423_CTRL_VS_IL7_MEMORY_CD8_TCELL_UP","GSE32423_CTRL_VS_IL7_MEMORY_CD8_TCELL_UP","33/4231","198/21355",0.887757737392556,0.918024240846125,0.182108018288058
"GSE9946_IMMATURE_VS_MATURE_STIMULATORY_DC_DN","GSE9946_IMMATURE_VS_MATURE_STIMULATORY_DC_DN","22/4231","137/21355",0.889825746783394,0.919977163778071,0.182495418651994
"MATSUMIYA_PBMC_MODIFIED_VACCINIA_ANKARA_VACCINE_AGE_18_55YO_LOW_VS_HIGH_RESPONDERS_2DY_GO_T_CELL_ACTIV_AND_CO_STIM_UP","MATSUMIYA_PBMC_MODIFIED_VACCINIA_ANKARA_VACCINE_AGE_18_55YO_LOW_VS_HIGH_RESPONDERS_2DY_GO_T_CELL_ACTIV_AND_CO_STIM_UP","1/4231","10/21355",0.890142366186873,0.920118929032852,0.182523540556037
"GSE15659_NAIVE_CD4_TCELL_VS_ACTIVATED_TREG_UP","GSE15659_NAIVE_CD4_TCELL_VS_ACTIVATED_TREG_UP","32/4231","193/21355",0.891162511242797,0.920802062614508,0.182659053429496
"GSE45365_HEALTHY_VS_MCMV_INFECTION_CD8_TCELL_IFNAR_KO_DN","GSE45365_HEALTHY_VS_MCMV_INFECTION_CD8_TCELL_IFNAR_KO_DN","32/4231","193/21355",0.891162511242797,0.920802062614508,0.182659053429496
"GSE19888_CTRL_VS_A3R_ACT_TREATED_MAST_CELL_PRETREATED_WITH_A3R_INH_UP","GSE19888_CTRL_VS_A3R_ACT_TREATED_MAST_CELL_PRETREATED_WITH_A3R_INH_UP","33/4231","199/21355",0.894099332939139,0.922906399646803,0.183076489734237
"GSE22935_24H_VS_48H_MBOVIS_BCG_STIM_MYD88_KO_MACROPHAGE_DN","GSE22935_24H_VS_48H_MBOVIS_BCG_STIM_MYD88_KO_MACROPHAGE_DN","33/4231","199/21355",0.894099332939139,0.922906399646803,0.183076489734237
"GSE5455_HEALTHY_VS_TUMOR_BEARING_MOUSE_SPLEEN_MONOCYTE_24H_INCUBATION_UP","GSE5455_HEALTHY_VS_TUMOR_BEARING_MOUSE_SPLEEN_MONOCYTE_24H_INCUBATION_UP","33/4231","199/21355",0.894099332939139,0.922906399646803,0.183076489734237
"GSE5589_LPS_VS_LPS_AND_IL6_STIM_IL10_KO_MACROPHAGE_45MIN_UP","GSE5589_LPS_VS_LPS_AND_IL6_STIM_IL10_KO_MACROPHAGE_45MIN_UP","33/4231","199/21355",0.894099332939139,0.922906399646803,0.183076489734237
"GSE6681_DELETED_FOXP3_VS_WT_TREG_UP","GSE6681_DELETED_FOXP3_VS_WT_TREG_UP","33/4231","199/21355",0.894099332939139,0.922906399646803,0.183076489734237
"GSE10325_BCELL_VS_LUPUS_BCELL_UP","GSE10325_BCELL_VS_LUPUS_BCELL_UP","32/4231","194/21355",0.897433317548201,0.925974876359113,0.18368518195431
"GSE22342_CD11C_HIGH_VS_LOW_DECIDUAL_MACROPHAGES_DN","GSE22342_CD11C_HIGH_VS_LOW_DECIDUAL_MACROPHAGES_DN","32/4231","194/21355",0.897433317548201,0.925974876359113,0.18368518195431
"HOEK_NK_CELL_2011_2012_TIV_ADULT_7DY_UP","HOEK_NK_CELL_2011_2012_TIV_ADULT_7DY_UP","2/4231","18/21355",0.897746743726004,0.926055918085032,0.183701258161723
"GSE3720_LPS_VS_PMA_STIM_VD2_GAMMADELTA_TCELL_DN","GSE3720_LPS_VS_PMA_STIM_VD2_GAMMADELTA_TCELL_DN","25/4231","155/21355",0.897873178478855,0.926055918085032,0.183701258161723
"GSE32533_WT_VS_MIR17_OVEREXPRESS_ACT_CD4_TCELL_DN","GSE32533_WT_VS_MIR17_OVEREXPRESS_ACT_CD4_TCELL_DN","33/4231","200/21355",0.900156592973384,0.928037549392913,0.184094353392109
"GSE36392_EOSINOPHIL_VS_MAC_IL25_TREATED_LUNG_UP","GSE36392_EOSINOPHIL_VS_MAC_IL25_TREATED_LUNG_UP","33/4231","200/21355",0.900156592973384,0.928037549392913,0.184094353392109
"GSE15659_NONSUPPRESSIVE_TCELL_VS_ACTIVATED_TREG_UP","GSE15659_NONSUPPRESSIVE_TCELL_VS_ACTIVATED_TREG_UP","32/4231","195/21355",0.903415757988361,0.931210371093573,0.184723744476332
"SOBOLEV_PBMC_PANDEMRIX_AGE_18_64YO_MEDIUM_HIGH_ADVERSE_EVENT_SUBJECTS_1DY_UP","SOBOLEV_PBMC_PANDEMRIX_AGE_18_64YO_MEDIUM_HIGH_ADVERSE_EVENT_SUBJECTS_1DY_UP","5/4231","39/21355",0.909142209606645,0.936924601215051,0.185857273502216
"HOEK_MONOCYTE_2011_2012_TIV_ADULT_1DY_UP","HOEK_MONOCYTE_2011_2012_TIV_ADULT_1DY_UP","1/4231","11/21355",0.911918315995416,0.93940781507084,0.186349867416562
"QIU_PBMC_HEPTATITIS_B_SURFACE_ANTIGEN_AGE_UNDER50_NON_RESPONDERS_VS_RESPONDERS_28DY_DN","QIU_PBMC_HEPTATITIS_B_SURFACE_ANTIGEN_AGE_UNDER50_NON_RESPONDERS_VS_RESPONDERS_28DY_DN","1/4231","11/21355",0.911918315995416,0.93940781507084,0.186349867416562
"GSE1740_MCSF_VS_MCSF_AND_IFNG_DAY2_DERIVED_MACROPHAGE_WITH_IFNA_STIM_DN","GSE1740_MCSF_VS_MCSF_AND_IFNG_DAY2_DERIVED_MACROPHAGE_WITH_IFNA_STIM_DN","31/4231","191/21355",0.912341184860629,0.939654593850831,0.186398820802083
"GSE22886_NEUTROPHIL_VS_MONOCYTE_UP","GSE22886_NEUTROPHIL_VS_MONOCYTE_UP","32/4231","197/21355",0.914546314685516,0.941736522514655,0.186811811969763
"HOEK_MYELOID_DENDRITIC_CELL_2011_2012_TIV_ADULT_3DY_DN","HOEK_MYELOID_DENDRITIC_CELL_2011_2012_TIV_ADULT_3DY_DN","4/4231","33/21355",0.915480520674046,0.94245041764644,0.18695342699683
"GSE9988_LPS_VS_LOW_LPS_MONOCYTE_DN","GSE9988_LPS_VS_LOW_LPS_MONOCYTE_DN","30/4231","186/21355",0.915607311720498,0.94245041764644,0.18695342699683
"GSE43863_NAIVE_VS_TFH_CD4_EFF_TCELL_D6_LCMV_DN","GSE43863_NAIVE_VS_TFH_CD4_EFF_TCELL_D6_LCMV_DN","31/4231","192/21355",0.917683426727208,0.944397760570904,0.187339720457419
"HOFT_PBMC_TICE_BCG_RBCG_AG85A_AG85B_AGE_18_40YO_CORRELATED_WITH_WHOLE_BLOOD_BACTERICIDAL_ACTIVITY_NEGATIVE","HOFT_PBMC_TICE_BCG_RBCG_AG85A_AG85B_AGE_18_40YO_CORRELATED_WITH_WHOLE_BLOOD_BACTERICIDAL_ACTIVITY_NEGATIVE","5/4231","40/21355",0.920190658744771,0.946787899784363,0.187813851200627
"GSE30971_2H_VS_4H_LPS_STIM_MACROPHAGE_WBP7_HET_DN","GSE30971_2H_VS_4H_LPS_STIM_MACROPHAGE_WBP7_HET_DN","31/4231","193/21355",0.922758416727312,0.949239342593659,0.188300142708067
"GSE4142_PLASMA_CELL_VS_MEMORY_BCELL_UP","GSE4142_PLASMA_CELL_VS_MEMORY_BCELL_UP","32/4231","199/21355",0.924617883376026,0.950961330294043,0.188641732563412
"GSE37605_C57BL6_VS_NOD_FOXP3_IRES_GFP_TREG_UP","GSE37605_C57BL6_VS_NOD_FOXP3_IRES_GFP_TREG_UP","20/4231","131/21355",0.925843283067675,0.952030625678014,0.18885384816415
"GSE11367_CTRL_VS_IL17_TREATED_SMOOTH_MUSCLE_CELL_UP","GSE11367_CTRL_VS_IL17_TREATED_SMOOTH_MUSCLE_CELL_UP","21/4231","137/21355",0.927145779336601,0.953178753485643,0.189081601714096
"GSE34205_RSV_VS_FLU_INF_INFANT_PBMC_UP","GSE34205_RSV_VS_FLU_INF_INFANT_PBMC_UP","31/4231","194/21355",0.927574846632542,0.953428647250533,0.189131173017643
"GSE15750_WT_VS_TRAF6KO_DAY6_EFF_CD8_TCELL_DN","GSE15750_WT_VS_TRAF6KO_DAY6_EFF_CD8_TCELL_DN","32/4231","200/21355",0.929277176786053,0.954795511766949,0.189402317261201
"GSE4142_NAIVE_VS_MEMORY_BCELL_DN","GSE4142_NAIVE_VS_MEMORY_BCELL_DN","32/4231","200/21355",0.929277176786053,0.954795511766949,0.189402317261201
"GSE34156_TLR1_TLR2_LIGAND_VS_NOD2_AND_TLR1_TLR2_LIGAND_6H_TREATED_MONOCYTE_DN","GSE34156_TLR1_TLR2_LIGAND_VS_NOD2_AND_TLR1_TLR2_LIGAND_6H_TREATED_MONOCYTE_DN","29/4231","184/21355",0.933566514982679,0.959010411984211,0.190238424949534
"GSE40274_EOS_VS_FOXP3_AND_EOS_TRANSDUCED_ACTIVATED_CD4_TCELL_DN","GSE40274_EOS_VS_FOXP3_AND_EOS_TRANSDUCED_ACTIVATED_CD4_TCELL_DN","18/4231","121/21355",0.934876417417384,0.960126243218694,0.190459771844109
"GSE16385_IFNG_TNF_VS_IL4_STIM_MACROPHAGE_DN","GSE16385_IFNG_TNF_VS_IL4_STIM_MACROPHAGE_DN","30/4231","190/21355",0.935027351960148,0.960126243218694,0.190459771844109
"HOWARD_PBMC_INACT_MONOV_INFLUENZA_A_INDONESIA_05_2005_H5N1_AGE_19_39YO_AS03_ADJUVANT_VS_BUFFER_1DY_DN","HOWARD_PBMC_INACT_MONOV_INFLUENZA_A_INDONESIA_05_2005_H5N1_AGE_19_39YO_AS03_ADJUVANT_VS_BUFFER_1DY_DN","4/4231","35/21355",0.936449699338659,0.961219669852277,0.190676674348995
"GSE22611_MUTANT_NOD2_TRANSDUCED_VS_CTRL_HEK293T_STIMULATED_WITH_MDP_6H_UP","GSE22611_MUTANT_NOD2_TRANSDUCED_VS_CTRL_HEK293T_STIMULATED_WITH_MDP_6H_UP","31/4231","196/21355",0.936467232002004,0.961219669852277,0.190676674348995
"HOEK_PBMC_INACTIVATED_INFLUENZA_ADULT_7DY_UP","HOEK_PBMC_INACTIVATED_INFLUENZA_ADULT_7DY_UP","6/4231","49/21355",0.942015805654229,0.966376350157212,0.191699602491297
"KAZMIN_PBMC_P_FALCIPARUM_RTSS_AS01_AGE_UNKNOWN_CORRELATED_WITH_PROTECTION_56DY_NEGATIVE","KAZMIN_PBMC_P_FALCIPARUM_RTSS_AS01_AGE_UNKNOWN_CORRELATED_WITH_PROTECTION_56DY_NEGATIVE","6/4231","49/21355",0.942015805654229,0.966376350157212,0.191699602491297
"GSE26488_CTRL_VS_PEPTIDE_INJECTION_OT2_THYMOCYTE_UP","GSE26488_CTRL_VS_PEPTIDE_INJECTION_OT2_THYMOCYTE_UP","29/4231","186/21355",0.942056695617555,0.966376350157212,0.191699602491297
"HOEK_PBMC_INACTIVATED_INFLUENZA_ADULT_1DY_UP","HOEK_PBMC_INACTIVATED_INFLUENZA_ADULT_1DY_UP","1/4231","13/21355",0.943378515111774,0.967538669160255,0.191930171141714
"GSE25502_WT_VS_KLF13_KO_THYMIC_MEMORY_LIKE_CD8_TCELL_DN","GSE25502_WT_VS_KLF13_KO_THYMIC_MEMORY_LIKE_CD8_TCELL_DN","29/4231","187/21355",0.945947695234519,0.969979573069043,0.192414372052631
"GSE22443_IL2_VS_IL12_TREATED_ACT_CD8_TCELL_UP","GSE22443_IL2_VS_IL12_TREATED_ACT_CD8_TCELL_UP","31/4231","199/21355",0.948087409895677,0.971979212625048,0.192811039570363
"KENNEDY_PBMC_DRYVAX_AGE_18_50YO_STIMULATED_VS_UNSTIMULATED_1_TO_48MO_TOP_DEG_UP","KENNEDY_PBMC_DRYVAX_AGE_18_50YO_STIMULATED_VS_UNSTIMULATED_1_TO_48MO_TOP_DEG_UP","2/4231","22/21355",0.950087109596503,0.973834537850765,0.193179079525194
"GSE43863_NAIVE_VS_MEMORY_TH1_CD4_TCELL_D150_LCMV_DN","GSE43863_NAIVE_VS_MEMORY_TH1_CD4_TCELL_D150_LCMV_DN","28/4231","184/21355",0.955560337824335,0.979248758833975,0.1942530958855
"GSE2124_CTRL_VS_LYMPHOTOXIN_BETA_TREATED_MLN_UP","GSE2124_CTRL_VS_LYMPHOTOXIN_BETA_TREATED_MLN_UP","30/4231","197/21355",0.960054137477533,0.983657307357552,0.195127617493356
"GSE15659_TREG_VS_TCONV_DN","GSE15659_TREG_VS_TCONV_DN","28/4231","186/21355",0.961654261853938,0.985099869357171,0.195413777809522
"GSE41176_UNSTIM_VS_ANTI_IGM_STIM_TAK1_KO_BCELL_3H_UP","GSE41176_UNSTIM_VS_ANTI_IGM_STIM_TAK1_KO_BCELL_3H_UP","30/4231","198/21355",0.962843920419832,0.986121465748663,0.195616431384522
"QIU_PBMC_HEPTATITIS_B_SURFACE_ANTIGEN_AGE_UNDER50_NON_RESPONDERS_VS_RESPONDERS_35DY_UP","QIU_PBMC_HEPTATITIS_B_SURFACE_ANTIGEN_AGE_UNDER50_NON_RESPONDERS_VS_RESPONDERS_35DY_UP","1/4231","15/21355",0.963603738731086,0.986702509935187,0.195731692834752
"GSE9946_LISTERIA_INF_MATURE_VS_PROSTAGLANDINE2_TREATED_MATURE_DC_DN","GSE9946_LISTERIA_INF_MATURE_VS_PROSTAGLANDINE2_TREATED_MATURE_DC_DN","17/4231","122/21355",0.964399819562597,0.987144156456103,0.195819302038441
"GSE43863_NAIVE_VS_TH1_EFF_CD4_TCELL_D6_LCMV_DN","GSE43863_NAIVE_VS_TH1_EFF_CD4_TCELL_D6_LCMV_DN","28/4231","187/21355",0.964420198113961,0.987144156456103,0.195819302038441
"GSE23502_BM_VS_COLON_TUMOR_HDC_KO_MYELOID_DERIVED_SUPPRESSOR_CELL_UP","GSE23502_BM_VS_COLON_TUMOR_HDC_KO_MYELOID_DERIVED_SUPPRESSOR_CELL_UP","30/4231","199/21355",0.965463419329445,0.987620332764466,0.195913760899126
"GSE24210_IL35_TREATED_VS_RESTING_TREG_DN","GSE24210_IL35_TREATED_VS_RESTING_TREG_DN","30/4231","199/21355",0.965463419329445,0.987620332764466,0.195913760899126
"GSE29618_PRE_VS_DAY7_FLU_VACCINE_PDC_UP","GSE29618_PRE_VS_DAY7_FLU_VACCINE_PDC_UP","30/4231","199/21355",0.965463419329445,0.987620332764466,0.195913760899126
"GSE4811_CLASSSICALY_ACTIVATED_VS_TYPE_2_ACTIVATED_MACROPHAGE_DN","GSE4811_CLASSSICALY_ACTIVATED_VS_TYPE_2_ACTIVATED_MACROPHAGE_DN","30/4231","200/21355",0.967920880207874,0.989739164561254,0.196334072523188
"GSE8621_LPS_STIM_VS_LPS_PRIMED_AND_LPS_STIM_MACROPHAGE_UP","GSE8621_LPS_STIM_VS_LPS_PRIMED_AND_LPS_STIM_MACROPHAGE_UP","30/4231","200/21355",0.967920880207874,0.989739164561254,0.196334072523188
"GSE19923_E2A_KO_VS_HEB_AND_E2A_KO_DP_THYMOCYTE_DN","GSE19923_E2A_KO_VS_HEB_AND_E2A_KO_DP_THYMOCYTE_DN","28/4231","189/21355",0.969435614112369,0.990892713447658,0.196562901449871
"GSE37416_CTRL_VS_0H_F_TULARENSIS_LVS_NEUTROPHIL_UP","GSE37416_CTRL_VS_0H_F_TULARENSIS_LVS_NEUTROPHIL_UP","28/4231","189/21355",0.969435614112369,0.990892713447658,0.196562901449871
"GSE13762_CTRL_VS_125_VITAMIND_DAY5_DC_UP","GSE13762_CTRL_VS_125_VITAMIND_DAY5_DC_UP","19/4231","136/21355",0.970148010846773,0.991423186523237,0.196668131133632
"HOEK_MONOCYTE_2011_2012_TIV_ADULT_1DY_DN","HOEK_MONOCYTE_2011_2012_TIV_ADULT_1DY_DN","1/4231","16/21355",0.970819885939557,0.991912046108465,0.196765105969727
"GSE20727_ROS_INH_VS_ROS_INH_AND_DNFB_ALLERGEN_TREATED_DC_DN","GSE20727_ROS_INH_VS_ROS_INH_AND_DNFB_ALLERGEN_TREATED_DC_DN","29/4231","196/21355",0.97203345385196,0.992954062264876,0.196971810203477
"GSE13887_ACT_CD4_VS_NO_TREATED_CD4_TCELL_DN","GSE13887_ACT_CD4_VS_NO_TREATED_CD4_TCELL_DN","19/4231","137/21355",0.972715826393788,0.993340018930134,0.197048372237819
"GSE6269_FLU_VS_E_COLI_INF_PBMC_DN","GSE6269_FLU_VS_E_COLI_INF_PBMC_DN","23/4231","161/21355",0.972798848035363,0.993340018930134,0.197048372237819
"GSE37605_TREG_VS_TCONV_C57BL6_FOXP3_IRES_GFP_UP","GSE37605_TREG_VS_TCONV_C57BL6_FOXP3_IRES_GFP_UP","17/4231","126/21355",0.975501852508482,0.995785185617335,0.197533418753998
"GSE17974_IL4_AND_ANTI_IL12_VS_UNTREATED_24H_ACT_CD4_TCELL_UP","GSE17974_IL4_AND_ANTI_IL12_VS_UNTREATED_24H_ACT_CD4_TCELL_UP","27/4231","186/21355",0.97558197467231,0.995785185617335,0.197533418753998
"GSE22601_IMMATURE_CD4_SINGLE_POSITIVE_VS_DOUBLE_POSITIVE_THYMOCYTE_UP","GSE22601_IMMATURE_CD4_SINGLE_POSITIVE_VS_DOUBLE_POSITIVE_THYMOCYTE_UP","29/4231","198/21355",0.9760330537922,0.996047269308942,0.197585408167328
"QIU_PBMC_HEPTATITIS_B_SURFACE_ANTIGEN_AGE_UNDER50_NON_RESPONDERS_VS_RESPONDERS_28DY_UP","QIU_PBMC_HEPTATITIS_B_SURFACE_ANTIGEN_AGE_UNDER50_NON_RESPONDERS_VS_RESPONDERS_28DY_UP","1/4231","17/21355",0.97660558642176,0.996433167993221,0.197661958700013
"GSE2706_LPS_VS_R848_AND_LPS_2H_STIM_DC_DN","GSE2706_LPS_VS_R848_AND_LPS_2H_STIM_DC_DN","26/4231","181/21355",0.977315055214203,0.996958601597613,0.197766188706346
"GSE16385_UNTREATED_VS_12H_IFNG_TNF_TREATED_MACROPHAGE_UP","GSE16385_UNTREATED_VS_12H_IFNG_TNF_TREATED_MACROPHAGE_UP","28/4231","193/21355",0.977640190567322,0.997091845771606,0.197792620287774
"GSE16385_UNTREATED_VS_12H_ROSIGLITAZONE_TREATED_MACROPHAGE_UP","GSE16385_UNTREATED_VS_12H_ROSIGLITAZONE_TREATED_MACROPHAGE_UP","27/4231","188/21355",0.979218764074252,0.998212210369797,0.198014866463483
"GSE11961_MARGINAL_ZONE_BCELL_VS_MEMORY_BCELL_DAY7_DN","GSE11961_MARGINAL_ZONE_BCELL_VS_MEMORY_BCELL_DAY7_DN","29/4231","200/21355",0.979517639126039,0.998212210369797,0.198014866463483
"GSE21670_TGFB_VS_IL6_TREATED_CD4_TCELL_DN","GSE21670_TGFB_VS_IL6_TREATED_CD4_TCELL_DN","29/4231","200/21355",0.979517639126039,0.998212210369797,0.198014866463483
"GSE8921_UNSTIM_0H_VS_TLR1_2_STIM_MONOCYTE_3H_DN","GSE8921_UNSTIM_0H_VS_TLR1_2_STIM_MONOCYTE_3H_DN","29/4231","200/21355",0.979517639126039,0.998212210369797,0.198014866463483
"GSE34156_UNTREATED_VS_6H_NOD2_AND_TLR1_TLR2_LIGAND_TREATED_MONOCYTE_UP","GSE34156_UNTREATED_VS_6H_NOD2_AND_TLR1_TLR2_LIGAND_TREATED_MONOCYTE_UP","27/4231","189/21355",0.980849289067899,0.999270762456872,0.198224850921687
"GSE13547_WT_VS_ZFX_KO_BCELL_ANTI_IGM_STIM_12H_UP","GSE13547_WT_VS_ZFX_KO_BCELL_ANTI_IGM_STIM_12H_UP","20/4231","147/21355",0.980946249840613,0.999270762456872,0.198224850921687
"GSE6674_UNSTIM_VS_ANTI_IGM_STIM_BCELL_DN","GSE6674_UNSTIM_VS_ANTI_IGM_STIM_BCELL_DN","18/4231","135/21355",0.981369238585268,0.999503023442894,0.19827092441954
"GSE10325_MYELOID_VS_LUPUS_MYELOID_UP","GSE10325_MYELOID_VS_LUPUS_MYELOID_UP","28/4231","196/21355",0.982443592159956,0.999999996004275,0.198369508622734
"GSE38697_LIGHT_ZONE_VS_DARK_ZONE_BCELL_DN","GSE38697_LIGHT_ZONE_VS_DARK_ZONE_BCELL_DN","17/4231","130/21355",0.983393764209697,0.999999996004275,0.198369508622734
"GSE34156_NOD2_LIGAND_VS_NOD2_AND_TLR1_TLR2_LIGAND_24H_TREATED_MONOCYTE_UP","GSE34156_NOD2_LIGAND_VS_NOD2_AND_TLR1_TLR2_LIGAND_24H_TREATED_MONOCYTE_UP","27/4231","191/21355",0.983771023955541,0.999999996004275,0.198369508622734
"GSE45365_BCELL_VS_CD8_TCELL_UP","GSE45365_BCELL_VS_CD8_TCELL_UP","27/4231","191/21355",0.983771023955541,0.999999996004275,0.198369508622734
"GSE15659_CD45RA_NEG_CD4_TCELL_VS_ACTIVATED_TREG_UP","GSE15659_CD45RA_NEG_CD4_TCELL_VS_ACTIVATED_TREG_UP","28/4231","197/21355",0.98382574507996,0.999999996004275,0.198369508622734
"GSE41867_NAIVE_VS_DAY15_LCMV_CONE13_EFFECTOR_CD8_TCELL_UP","GSE41867_NAIVE_VS_DAY15_LCMV_CONE13_EFFECTOR_CD8_TCELL_UP","26/4231","186/21355",0.985064225705335,0.999999996004275,0.198369508622734
"GSE16386_IL4_VS_IL4_AND_ROSIGLITAZONE_STIM_MACROPHAGE_6H_DN","GSE16386_IL4_VS_IL4_AND_ROSIGLITAZONE_STIM_MACROPHAGE_6H_DN","28/4231","198/21355",0.985109247174415,0.999999996004275,0.198369508622734
"GSE2405_0H_VS_3H_A_PHAGOCYTOPHILUM_STIM_NEUTROPHIL_DN","GSE2405_0H_VS_3H_A_PHAGOCYTOPHILUM_STIM_NEUTROPHIL_DN","28/4231","198/21355",0.985109247174415,0.999999996004275,0.198369508622734
"GSE17974_IL4_AND_ANTI_IL12_VS_UNTREATED_4H_ACT_CD4_TCELL_DN","GSE17974_IL4_AND_ANTI_IL12_VS_UNTREATED_4H_ACT_CD4_TCELL_DN","26/4231","187/21355",0.986291345160048,0.999999996004275,0.198369508622734
"GSE6259_FLT3L_INDUCED_DEC205_POS_DC_VS_CD4_TCELL_DN","GSE6259_FLT3L_INDUCED_DEC205_POS_DC_VS_CD4_TCELL_DN","17/4231","132/21355",0.986401546020712,0.999999996004275,0.198369508622734
"GSE12484_HEALTHY_VS_PERIDONTITIS_NEUTROPHILS_UP","GSE12484_HEALTHY_VS_PERIDONTITIS_NEUTROPHILS_UP","18/4231","139/21355",0.987394532325572,0.999999996004275,0.198369508622734
"GSE19825_NAIVE_VS_IL2RALOW_DAY3_EFF_CD8_TCELL_UP","GSE19825_NAIVE_VS_IL2RALOW_DAY3_EFF_CD8_TCELL_UP","28/4231","200/21355",0.987404303364,0.999999996004275,0.198369508622734
"GSE37336_LY6C_POS_VS_NEG_NAIVE_CD4_TCELL_DN","GSE37336_LY6C_POS_VS_NEG_NAIVE_CD4_TCELL_DN","26/4231","189/21355",0.988475568583351,0.999999996004275,0.198369508622734
"GSE41867_DAY8_VS_DAY15_LCMV_ARMSTRONG_EFFECTOR_CD8_TCELL_DN","GSE41867_DAY8_VS_DAY15_LCMV_ARMSTRONG_EFFECTOR_CD8_TCELL_DN","25/4231","184/21355",0.989508695058782,0.999999996004275,0.198369508622734
"GSE18281_PERIMEDULLARY_CORTICAL_REGION_VS_WHOLE_MEDULLA_THYMUS_DN","GSE18281_PERIMEDULLARY_CORTICAL_REGION_VS_WHOLE_MEDULLA_THYMUS_DN","27/4231","197/21355",0.990285387638113,0.999999996004275,0.198369508622734
"GSE41867_DAY8_VS_DAY15_LCMV_ARMSTRONG_EFFECTOR_CD8_TCELL_UP","GSE41867_DAY8_VS_DAY15_LCMV_ARMSTRONG_EFFECTOR_CD8_TCELL_UP","26/4231","191/21355",0.990338403746663,0.999999996004275,0.198369508622734
"GSE41867_LCMV_ARMSTRONG_VS_CLONE13_DAY15_EFFECTOR_CD8_TCELL_DN","GSE41867_LCMV_ARMSTRONG_VS_CLONE13_DAY15_EFFECTOR_CD8_TCELL_DN","25/4231","185/21355",0.990410249012579,0.999999996004275,0.198369508622734
"GSE17974_IL4_AND_ANTI_IL12_VS_UNTREATED_0.5H_ACT_CD4_TCELL_DN","GSE17974_IL4_AND_ANTI_IL12_VS_UNTREATED_0.5H_ACT_CD4_TCELL_DN","25/4231","186/21355",0.991240376855319,0.999999996004275,0.198369508622734
"GSE14413_UNSTIM_VS_IFNB_STIM_RAW264_CELLS_DN","GSE14413_UNSTIM_VS_IFNB_STIM_RAW264_CELLS_DN","15/4231","124/21355",0.991688683424087,0.999999996004275,0.198369508622734
"GSE14769_UNSTIM_VS_20MIN_LPS_BMDM_UP","GSE14769_UNSTIM_VS_20MIN_LPS_BMDM_UP","27/4231","199/21355",0.991856554197175,0.999999996004275,0.198369508622734
"GSE46606_UNSTIM_VS_CD40L_IL2_IL5_3DAY_STIMULATED_IRF4HIGH_SORTED_BCELL_DN","GSE46606_UNSTIM_VS_CD40L_IL2_IL5_3DAY_STIMULATED_IRF4HIGH_SORTED_BCELL_DN","27/4231","199/21355",0.991856554197175,0.999999996004275,0.198369508622734
"GSE2585_CD80_HIGH_VS_LOW_MTEC_UP","GSE2585_CD80_HIGH_VS_LOW_MTEC_UP","27/4231","200/21355",0.992551414153798,0.999999996004275,0.198369508622734
"GSE41176_UNSTIM_VS_ANTI_IGM_STIM_TAK1_KO_BCELL_6H_DN","GSE41176_UNSTIM_VS_ANTI_IGM_STIM_TAK1_KO_BCELL_6H_DN","27/4231","200/21355",0.992551414153798,0.999999996004275,0.198369508622734
"GSE13522_WT_VS_IFNG_KO_SKIN_UP","GSE13522_WT_VS_IFNG_KO_SKIN_UP","17/4231","138/21355",0.992685114388416,0.999999996004275,0.198369508622734
"GSE12839_CTRL_VS_IL12_TREATED_PBMC_DN","GSE12839_CTRL_VS_IL12_TREATED_PBMC_DN","15/4231","126/21355",0.993334549510531,0.999999996004275,0.198369508622734
"GSE29615_CTRL_VS_LAIV_FLU_VACCINE_PBMC_DN","GSE29615_CTRL_VS_LAIV_FLU_VACCINE_PBMC_DN","25/4231","189/21355",0.993351127451636,0.999999996004275,0.198369508622734
"GSE37416_CTRL_VS_0H_F_TULARENSIS_LVS_NEUTROPHIL_DN","GSE37416_CTRL_VS_0H_F_TULARENSIS_LVS_NEUTROPHIL_DN","25/4231","189/21355",0.993351127451636,0.999999996004275,0.198369508622734
"GSE13887_RESTING_VS_NO_TREATED_CD4_TCELL_UP","GSE13887_RESTING_VS_NO_TREATED_CD4_TCELL_UP","17/4231","139/21355",0.993422326643075,0.999999996004275,0.198369508622734
"GSE10463_CD40L_AND_VA347_VS_CD40L_IN_DC_DN","GSE10463_CD40L_AND_VA347_VS_CD40L_IN_DC_DN","24/4231","183/21355",0.993453837989474,0.999999996004275,0.198369508622734
"GSE29614_CTRL_VS_DAY3_TIV_FLU_VACCINE_PBMC_UP","GSE29614_CTRL_VS_DAY3_TIV_FLU_VACCINE_PBMC_UP","25/4231","190/21355",0.993943053599676,0.999999996004275,0.198369508622734
"GSE15659_RESTING_VS_ACTIVATED_TREG_UP","GSE15659_RESTING_VS_ACTIVATED_TREG_UP","25/4231","192/21355",0.994983417621368,0.999999996004275,0.198369508622734
"GSE13173_UNTREATED_VS_IL12_TREATED_ACT_CD8_TCELL_UP","GSE13173_UNTREATED_VS_IL12_TREATED_ACT_CD8_TCELL_UP","15/4231","129/21355",0.99524293967854,0.999999996004275,0.198369508622734
"GSE24972_WT_VS_IRF8_KO_MARGINAL_ZONE_SPLEEN_BCELL_DN","GSE24972_WT_VS_IRF8_KO_MARGINAL_ZONE_SPLEEN_BCELL_DN","26/4231","199/21355",0.995352501222695,0.999999996004275,0.198369508622734
"GSE41176_WT_VS_TAK1_KO_UNSTIM_BCELL_DN","GSE41176_WT_VS_TAK1_KO_UNSTIM_BCELL_DN","26/4231","199/21355",0.995352501222695,0.999999996004275,0.198369508622734
"GSE13411_IGM_VS_SWITCHED_MEMORY_BCELL_UP","GSE13411_IGM_VS_SWITCHED_MEMORY_BCELL_UP","25/4231","193/21355",0.995438984891297,0.999999996004275,0.198369508622734
"GSE32034_UNTREATED_VS_ROSIGLIZATONE_TREATED_LY6C_LOW_MONOCYTE_UP","GSE32034_UNTREATED_VS_ROSIGLIZATONE_TREATED_LY6C_LOW_MONOCYTE_UP","25/4231","193/21355",0.995438984891297,0.999999996004275,0.198369508622734
"GSE9988_LPS_VS_LOW_LPS_MONOCYTE_UP","GSE9988_LPS_VS_LOW_LPS_MONOCYTE_UP","25/4231","193/21355",0.995438984891297,0.999999996004275,0.198369508622734
"GSE19198_1H_VS_6H_IL21_TREATED_TCELL_UP","GSE19198_1H_VS_6H_IL21_TREATED_TCELL_UP","24/4231","187/21355",0.995536792074017,0.999999996004275,0.198369508622734
"GSE40666_STAT1_KO_VS_STAT4_KO_CD8_TCELL_DN","GSE40666_STAT1_KO_VS_STAT4_KO_CD8_TCELL_DN","23/4231","182/21355",0.996057047056625,0.999999996004275,0.198369508622734
"GSE2706_R848_VS_LPS_2H_STIM_DC_UP","GSE2706_R848_VS_LPS_2H_STIM_DC_UP","24/4231","189/21355",0.996329189930698,0.999999996004275,0.198369508622734
"GSE29614_CTRL_VS_TIV_FLU_VACCINE_PBMC_2007_UP","GSE29614_CTRL_VS_TIV_FLU_VACCINE_PBMC_2007_UP","24/4231","189/21355",0.996329189930698,0.999999996004275,0.198369508622734
"GSE21546_UNSTIM_VS_ANTI_CD3_STIM_SAP1A_KO_DP_THYMOCYTES_DN","GSE21546_UNSTIM_VS_ANTI_CD3_STIM_SAP1A_KO_DP_THYMOCYTES_DN","23/4231","183/21355",0.996431258360028,0.999999996004275,0.198369508622734
"ZAK_PBMC_MRKAD5_HIV_1_GAG_POL_NEF_AGE_20_50YO_CORRELATED_WITH_CD8_T_CELL_RESPONSE_3DY_NEGATIVE","ZAK_PBMC_MRKAD5_HIV_1_GAG_POL_NEF_AGE_20_50YO_CORRELATED_WITH_CD8_T_CELL_RESPONSE_3DY_NEGATIVE","10/4231","98/21355",0.99658185305014,0.999999996004275,0.198369508622734
"GSE20727_DNFB_ALLERGEN_VS_ROS_INH_AND_DNFB_ALLERGEN_TREATED_DC_UP","GSE20727_DNFB_ALLERGEN_VS_ROS_INH_AND_DNFB_ALLERGEN_TREATED_DC_UP","25/4231","196/21355",0.996585258306621,0.999999996004275,0.198369508622734
"GSE19888_CTRL_VS_A3R_ACTIVATION_MAST_CELL_DN","GSE19888_CTRL_VS_A3R_ACTIVATION_MAST_CELL_DN","25/4231","199/21355",0.997457806108393,0.999999996004275,0.198369508622734
"GSE45365_NK_CELL_VS_CD11B_DC_UP","GSE45365_NK_CELL_VS_CD11B_DC_UP","25/4231","199/21355",0.997457806108393,0.999999996004275,0.198369508622734
"GSE13522_WT_VS_IFNG_KO_SKING_T_CRUZI_Y_STRAIN_INF_UP","GSE13522_WT_VS_IFNG_KO_SKING_T_CRUZI_Y_STRAIN_INF_UP","14/4231","129/21355",0.99782418606052,0.999999996004275,0.198369508622734
"GSE13887_ACT_CD4_VS_NO_TREATED_CD4_TCELL_UP","GSE13887_ACT_CD4_VS_NO_TREATED_CD4_TCELL_UP","14/4231","129/21355",0.99782418606052,0.999999996004275,0.198369508622734
"GSE9946_MATURE_STIMULATORY_VS_PROSTAGLANDINE2_TREATED_MATURE_DC_DN","GSE9946_MATURE_STIMULATORY_VS_PROSTAGLANDINE2_TREATED_MATURE_DC_DN","15/4231","137/21355",0.998131090739532,0.999999996004275,0.198369508622734
"GSE29618_PRE_VS_DAY7_POST_LAIV_FLU_VACCINE_PDC_UP","GSE29618_PRE_VS_DAY7_POST_LAIV_FLU_VACCINE_PDC_UP","24/4231","196/21355",0.99818445146594,0.999999996004275,0.198369508622734
"GSE41867_DAY6_VS_DAY15_LCMV_CLONE13_EFFECTOR_CD8_TCELL_DN","GSE41867_DAY6_VS_DAY15_LCMV_CLONE13_EFFECTOR_CD8_TCELL_DN","23/4231","190/21355",0.998255911089552,0.999999996004275,0.198369508622734
"GSE40666_WT_VS_STAT4_KO_CD8_TCELL_UP","GSE40666_WT_VS_STAT4_KO_CD8_TCELL_UP","22/4231","186/21355",0.998653262183071,0.999999996004275,0.198369508622734
"GSE29614_CTRL_VS_DAY7_TIV_FLU_VACCINE_PBMC_UP","GSE29614_CTRL_VS_DAY7_TIV_FLU_VACCINE_PBMC_UP","22/4231","187/21355",0.99879095737738,0.999999996004275,0.198369508622734
"GSE40666_UNTREATED_VS_IFNA_STIM_CD8_TCELL_90MIN_UP","GSE40666_UNTREATED_VS_IFNA_STIM_CD8_TCELL_90MIN_UP","22/4231","187/21355",0.99879095737738,0.999999996004275,0.198369508622734
"GSE34156_UNTREATED_VS_24H_NOD2_AND_TLR1_TLR2_LIGAND_TREATED_MONOCYTE_DN","GSE34156_UNTREATED_VS_24H_NOD2_AND_TLR1_TLR2_LIGAND_TREATED_MONOCYTE_DN","21/4231","181/21355",0.998856374985159,0.999999996004275,0.198369508622734
"GSE36476_YOUNG_VS_OLD_DONOR_MEMORY_CD4_TCELL_40H_TSST_ACT_UP","GSE36476_YOUNG_VS_OLD_DONOR_MEMORY_CD4_TCELL_40H_TSST_ACT_UP","23/4231","195/21355",0.99897331395634,0.999999996004275,0.198369508622734
"GSE18281_CORTICAL_THYMOCYTE_VS_WHOLE_CORTEX_THYMUS_UP","GSE18281_CORTICAL_THYMOCYTE_VS_WHOLE_CORTEX_THYMUS_UP","23/4231","196/21355",0.999078191628475,0.999999996004275,0.198369508622734
"GSE13887_RESTING_VS_ACT_CD4_TCELL_UP","GSE13887_RESTING_VS_ACT_CD4_TCELL_UP","10/4231","108/21355",0.999121301974845,0.999999996004275,0.198369508622734
"GSE7509_UNSTIM_VS_TNFA_IL1B_IL6_PGE_STIM_DC_DN","GSE7509_UNSTIM_VS_TNFA_IL1B_IL6_PGE_STIM_DC_DN","10/4231","108/21355",0.999121301974845,0.999999996004275,0.198369508622734
"GSE35543_IN_VIVO_NTREG_VS_IN_VITRO_ITREG_UP","GSE35543_IN_VIVO_NTREG_VS_IN_VITRO_ITREG_UP","23/4231","199/21355",0.999335109822258,0.999999996004275,0.198369508622734
"GSE41176_WT_VS_TAK1_KO_ANTI_IGM_STIM_BCELL_1H_DN","GSE41176_WT_VS_TAK1_KO_ANTI_IGM_STIM_BCELL_1H_DN","23/4231","200/21355",0.999404391841673,0.999999996004275,0.198369508622734
"GSE37532_VISCERAL_ADIPOSE_TISSUE_VS_LN_DERIVED_TCONV_CD4_TCELL_DN","GSE37532_VISCERAL_ADIPOSE_TISSUE_VS_LN_DERIVED_TCONV_CD4_TCELL_DN","10/4231","111/21355",0.999424092390682,0.999999996004275,0.198369508622734
"GSE13485_DAY3_VS_DAY21_YF17D_VACCINE_PBMC_DN","GSE13485_DAY3_VS_DAY21_YF17D_VACCINE_PBMC_DN","21/4231","189/21355",0.999535175221741,0.999999996004275,0.198369508622734
"GSE21927_HEALTHY_VS_TUMOROUS_BALBC_MOUSE_MONOCYTE_DN","GSE21927_HEALTHY_VS_TUMOROUS_BALBC_MOUSE_MONOCYTE_DN","21/4231","189/21355",0.999535175221741,0.999999996004275,0.198369508622734
"GSE22886_IL2_VS_IL15_STIM_NKCELL_UP","GSE22886_IL2_VS_IL15_STIM_NKCELL_UP","22/4231","196/21355",0.999553971714371,0.999999996004275,0.198369508622734
"GSE19888_ADENOSINE_A3R_INH_VS_INH_PRETREAT_AND_ACT_WITH_TCELL_MEMBRANES_MAST_CELL_DN","GSE19888_ADENOSINE_A3R_INH_VS_INH_PRETREAT_AND_ACT_WITH_TCELL_MEMBRANES_MAST_CELL_DN","22/4231","197/21355",0.999601886048435,0.999999996004275,0.198369508622734
"GSE37532_TREG_VS_TCONV_CD4_TCELL_FROM_VISCERAL_ADIPOSE_TISSUE_UP","GSE37532_TREG_VS_TCONV_CD4_TCELL_FROM_VISCERAL_ADIPOSE_TISSUE_UP","13/4231","136/21355",0.999634251345636,0.999999996004275,0.198369508622734
"GSE13485_CTRL_VS_DAY21_YF17D_VACCINE_PBMC_DN","GSE13485_CTRL_VS_DAY21_YF17D_VACCINE_PBMC_DN","20/4231","186/21355",0.999698377175912,0.999999996004275,0.198369508622734
"GSE6259_33D1_POS_DC_VS_CD8_TCELL_UP","GSE6259_33D1_POS_DC_VS_CD8_TCELL_UP","14/4231","145/21355",0.999715352195295,0.999999996004275,0.198369508622734
"GSE41176_UNSTIM_VS_ANTI_IGM_STIM_TAK1_KO_BCELL_3H_DN","GSE41176_UNSTIM_VS_ANTI_IGM_STIM_TAK1_KO_BCELL_3H_DN","22/4231","200/21355",0.999717824636307,0.999999996004275,0.198369508622734
"GSE21546_UNSTIM_VS_ANTI_CD3_STIM_SAP1A_KO_AND_ELK1_KO_DP_THYMOCYTES_DN","GSE21546_UNSTIM_VS_ANTI_CD3_STIM_SAP1A_KO_AND_ELK1_KO_DP_THYMOCYTES_DN","20/4231","187/21355",0.999732218788411,0.999999996004275,0.198369508622734
"GSE16385_IFNG_TNF_VS_ROSIGLITAZONE_STIM_MACROPHAGE_DN","GSE16385_IFNG_TNF_VS_ROSIGLITAZONE_STIM_MACROPHAGE_DN","20/4231","188/21355",0.999762394155803,0.999999996004275,0.198369508622734
"GSE29615_CTRL_VS_DAY7_LAIV_FLU_VACCINE_PBMC_DN","GSE29615_CTRL_VS_DAY7_LAIV_FLU_VACCINE_PBMC_DN","20/4231","189/21355",0.999789283970485,0.999999996004275,0.198369508622734
"GSE18791_UNSTIM_VS_NEWCATSLE_VIRUS_DC_2H_UP","GSE18791_UNSTIM_VS_NEWCATSLE_VIRUS_DC_2H_UP","19/4231","185/21355",0.999851086851881,0.999999996004275,0.198369508622734
"GSE13485_DAY1_VS_DAY3_YF17D_VACCINE_PBMC_UP","GSE13485_DAY1_VS_DAY3_YF17D_VACCINE_PBMC_UP","19/4231","186/21355",0.999868461006632,0.999999996004275,0.198369508622734
"GSE37605_C57BL6_VS_NOD_FOXP3_FUSION_GFP_TREG_UP","GSE37605_C57BL6_VS_NOD_FOXP3_FUSION_GFP_TREG_UP","10/4231","122/21355",0.999883829485131,0.999999996004275,0.198369508622734
"GSE18791_UNSTIM_VS_NEWCATSLE_VIRUS_DC_1H_UP","GSE18791_UNSTIM_VS_NEWCATSLE_VIRUS_DC_1H_UP","19/4231","188/21355",0.999897526327544,0.999999996004275,0.198369508622734
"GSE29618_PRE_VS_DAY7_POST_TIV_FLU_VACCINE_BCELL_UP","GSE29618_PRE_VS_DAY7_POST_TIV_FLU_VACCINE_BCELL_UP","20/4231","197/21355",0.999920900519708,0.999999996004275,0.198369508622734
"GSE40493_BCL6_KO_VS_WT_TREG_DN","GSE40493_BCL6_KO_VS_WT_TREG_DN","9/4231","117/21355",0.999923339410713,0.999999996004275,0.198369508622734
"GSE13485_DAY7_VS_DAY21_YF17D_VACCINE_PBMC_DN","GSE13485_DAY7_VS_DAY21_YF17D_VACCINE_PBMC_DN","19/4231","191/21355",0.999929810928437,0.999999996004275,0.198369508622734
"NAKAYA_PBMC_FLUAD_MALE_AGE_14_27YO_1D_POSTBOOST_VS_0D_PREIMM_MF59_ADJUVANTED_1DY_GENES_IN_BTM_M40_AND_M53_DN","NAKAYA_PBMC_FLUAD_MALE_AGE_14_27YO_1D_POSTBOOST_VS_0D_PREIMM_MF59_ADJUVANTED_1DY_GENES_IN_BTM_M40_AND_M53_DN","2/4231","56/21355",0.999937655684416,0.999999996004275,0.198369508622734
"GSE43863_NAIVE_VS_LY6C_INT_CXCR5POS_CD4_EFF_TCELL_D6_LCMV_DN","GSE43863_NAIVE_VS_LY6C_INT_CXCR5POS_CD4_EFF_TCELL_D6_LCMV_DN","19/4231","193/21355",0.999945598205609,0.999999996004275,0.198369508622734
"GSE41867_DAY6_VS_DAY15_LCMV_CLONE13_EFFECTOR_CD8_TCELL_UP","GSE41867_DAY6_VS_DAY15_LCMV_CLONE13_EFFECTOR_CD8_TCELL_UP","18/4231","189/21355",0.999963432186592,0.999999996004275,0.198369508622734
"GSE13411_NAIVE_VS_SWITCHED_MEMORY_BCELL_UP","GSE13411_NAIVE_VS_SWITCHED_MEMORY_BCELL_UP","19/4231","198/21355",0.999971472534402,0.999999996004275,0.198369508622734
"GSE29614_DAY3_VS_DAY7_TIV_FLU_VACCINE_PBMC_UP","GSE29614_DAY3_VS_DAY7_TIV_FLU_VACCINE_PBMC_UP","17/4231","187/21355",0.999981720867708,0.999999996004275,0.198369508622734
"GSE9960_HEALTHY_VS_GRAM_NEG_AND_POS_SEPSIS_PBMC_UP","GSE9960_HEALTHY_VS_GRAM_NEG_AND_POS_SEPSIS_PBMC_UP","17/4231","187/21355",0.999981720867708,0.999999996004275,0.198369508622734
"GSE29614_CTRL_VS_DAY3_TIV_FLU_VACCINE_PBMC_DN","GSE29614_CTRL_VS_DAY3_TIV_FLU_VACCINE_PBMC_DN","16/4231","184/21355",0.999989944799948,0.999999996004275,0.198369508622734
"GSE37532_WT_VS_PPARG_KO_LN_TREG_DN","GSE37532_WT_VS_PPARG_KO_LN_TREG_DN","8/4231","123/21355",0.999992032981347,0.999999996004275,0.198369508622734
"GSE46606_UNSTIM_VS_CD40L_IL2_IL5_3DAY_STIMULATED_IRF4_KO_BCELL_UP","GSE46606_UNSTIM_VS_CD40L_IL2_IL5_3DAY_STIMULATED_IRF4_KO_BCELL_UP","15/4231","184/21355",0.999996559769759,0.999999996004275,0.198369508622734
"GSE13485_CTRL_VS_DAY1_YF17D_VACCINE_PBMC_DN","GSE13485_CTRL_VS_DAY1_YF17D_VACCINE_PBMC_DN","14/4231","183/21355",0.999998727950566,0.999999996004275,0.198369508622734
"GSE22611_NOD2_TRANSD_VS_CTRL_TRANSD_HEK293_MDP_STIM_2H_DN","GSE22611_NOD2_TRANSD_VS_CTRL_TRANSD_HEK293_MDP_STIM_2H_DN","8/4231","134/21355",0.999998748565976,0.999999996004275,0.198369508622734
"GSE18791_CTRL_VS_NEWCASTLE_VIRUS_DC_1H_UP","GSE18791_CTRL_VS_NEWCASTLE_VIRUS_DC_1H_UP","10/4231","182/21355",0.999999993272674,0.999999996004275,0.198369508622734
"GSE13485_DAY1_VS_DAY7_YF17D_VACCINE_PBMC_UP","GSE13485_DAY1_VS_DAY7_YF17D_VACCINE_PBMC_UP","10/4231","185/21355",0.999999996004275,0.999999996004275,0.198369508622734
