"ID","Description","GeneRatio","BgRatio","pvalue","p.adjust","qvalue"
"GSE10325_LUPUS_CD4_TCELL_VS_LUPUS_MYELOID_DN","GSE10325_LUPUS_CD4_TCELL_VS_LUPUS_MYELOID_DN","87/2154","200/21355",7.85893581306768e-35,2.60742759575998e-31,7.77287030718488e-32
"NAKAYA_PBMC_FLUARIX_FLUVIRIN_AGE_18_50YO_CORRELATED_WITH_HAI_28DY_RESPONSE_AT_3DY_POSITIVE","NAKAYA_PBMC_FLUARIX_FLUVIRIN_AGE_18_50YO_CORRELATED_WITH_HAI_28DY_RESPONSE_AT_3DY_POSITIVE","134/2154","426/21355",1.01992082760023e-34,2.60742759575998e-31,7.77287030718488e-32
"GSE10325_LUPUS_BCELL_VS_LUPUS_MYELOID_DN","GSE10325_LUPUS_BCELL_VS_LUPUS_MYELOID_DN","86/2154","200/21355",5.55457788887257e-34,9.46685224860182e-31,2.82211536248684e-31
"GSE22886_NAIVE_CD4_TCELL_VS_MONOCYTE_DN","GSE22886_NAIVE_CD4_TCELL_VS_MONOCYTE_DN","80/2154","200/21355",4.47007188042406e-29,4.57109550492164e-26,1.36266612270611e-26
"GSE22886_NAIVE_CD8_TCELL_VS_MONOCYTE_DN","GSE22886_NAIVE_CD8_TCELL_VS_MONOCYTE_DN","80/2154","200/21355",4.47007188042406e-29,4.57109550492164e-26,1.36266612270611e-26
"GSE22886_NAIVE_TCELL_VS_MONOCYTE_DN","GSE22886_NAIVE_TCELL_VS_MONOCYTE_DN","79/2154","200/21355",2.72884045308421e-28,2.32542687276993e-25,6.93221223871216e-26
"GSE29618_MONOCYTE_VS_MDC_DAY7_FLU_VACCINE_UP","GSE29618_MONOCYTE_VS_MDC_DAY7_FLU_VACCINE_UP","77/2154","200/21355",9.54151650278132e-27,6.9693962683887e-24,2.07761141293644e-24
"GSE29618_BCELL_VS_MONOCYTE_DAY7_FLU_VACCINE_DN","GSE29618_BCELL_VS_MONOCYTE_DAY7_FLU_VACCINE_DN","75/2154","200/21355",3.06249615208359e-25,1.73983809173371e-22,5.18654319089712e-23
"GSE29618_MONOCYTE_VS_MDC_UP","GSE29618_MONOCYTE_VS_MDC_UP","75/2154","200/21355",3.06249615208359e-25,1.73983809173371e-22,5.18654319089712e-23
"GSE24634_TREG_VS_TCONV_POST_DAY10_IL4_CONVERSION_DN","GSE24634_TREG_VS_TCONV_POST_DAY10_IL4_CONVERSION_DN","74/2154","200/21355",1.67978862899734e-24,7.80796296369401e-22,2.32759228209392e-22
"GSE29618_BCELL_VS_MONOCYTE_DN","GSE29618_BCELL_VS_MONOCYTE_DN","74/2154","200/21355",1.67978862899734e-24,7.80796296369401e-22,2.32759228209392e-22
"GSE29618_MONOCYTE_VS_PDC_DAY7_FLU_VACCINE_UP","GSE29618_MONOCYTE_VS_PDC_DAY7_FLU_VACCINE_UP","72/2154","200/21355",4.73455237742551e-23,2.01731385881472e-20,6.01371214255451e-21
"GSE22886_NAIVE_BCELL_VS_MONOCYTE_DN","GSE22886_NAIVE_BCELL_VS_MONOCYTE_DN","71/2154","200/21355",2.43233569403817e-22,8.8832374311551e-20,2.64813690599042e-20
"GSE42088_2H_VS_24H_LEISHMANIA_INF_DC_UP","GSE42088_2H_VS_24H_LEISHMANIA_INF_DC_UP","71/2154","200/21355",2.43233569403817e-22,8.8832374311551e-20,2.64813690599042e-20
"GSE6269_E_COLI_VS_STAPH_AUREUS_INF_PBMC_DN","GSE6269_E_COLI_VS_STAPH_AUREUS_INF_PBMC_DN","65/2154","175/21355",8.62539560512364e-22,2.81100074783621e-19,8.37973191733524e-20
"GSE29618_MONOCYTE_VS_PDC_UP","GSE29618_MONOCYTE_VS_PDC_UP","70/2154","199/21355",8.79640367013092e-22,2.81100074783621e-19,8.37973191733524e-20
"GSE10325_BCELL_VS_MYELOID_DN","GSE10325_BCELL_VS_MYELOID_DN","70/2154","200/21355",1.22232095034114e-21,3.67631001123192e-19,1.09592615238017e-19
"FLETCHER_PBMC_BCG_10W_INFANT_BCG_STIMULATED_VS_UNSTIMULATED_10W_DN","FLETCHER_PBMC_BCG_10W_INFANT_BCG_STIMULATED_VS_UNSTIMULATED_10W_DN","81/2154","256/21355",1.30510049699319e-21,3.70721046729232e-19,1.10513773078722e-19
"GSE6269_HEALTHY_VS_STAPH_PNEUMO_INF_PBMC_DN","GSE6269_HEALTHY_VS_STAPH_PNEUMO_INF_PBMC_DN","63/2154","170/21355",4.20855237746607e-21,1.13254359505179e-18,3.37616833383428e-19
"GSE29618_PDC_VS_MDC_DN","GSE29618_PDC_VS_MDC_DN","69/2154","200/21355",6.0076918509212e-21,1.53586642168801e-18,4.57849357901784e-19
"GSE29618_PDC_VS_MDC_DAY7_FLU_VACCINE_DN","GSE29618_PDC_VS_MDC_DAY7_FLU_VACCINE_DN","68/2154","200/21355",2.88756375789715e-20,7.03053023529912e-18,2.09583575009277e-18
"SCHERER_PBMC_APSV_WETVAX_AGE_18_32YO_5_TO_7DY_UP","SCHERER_PBMC_APSV_WETVAX_AGE_18_32YO_5_TO_7DY_UP","84/2154","285/21355",3.83051933145579e-20,8.90247515533339e-18,2.65387176648229e-18
"GSE24634_TREG_VS_TCONV_POST_DAY7_IL4_CONVERSION_DN","GSE24634_TREG_VS_TCONV_POST_DAY7_IL4_CONVERSION_DN","67/2154","198/21355",7.33808315695951e-20,1.63128779050148e-17,4.8629493873123e-18
"HOEK_NK_CELL_2011_2012_TIV_3D_VS_0DY_ADULT_3D_DN","HOEK_NK_CELL_2011_2012_TIV_3D_VS_0DY_ADULT_3D_DN","78/2154","258/21355",1.58637883176297e-19,3.37964790283503e-17,1.00748971420736e-17
"FLETCHER_PBMC_BCG_10W_INFANT_PPD_STIMULATED_VS_UNSTIMULATED_10W_DN","FLETCHER_PBMC_BCG_10W_INFANT_PPD_STIMULATED_VS_UNSTIMULATED_10W_DN","63/2154","181/21355",1.80095288392369e-19,3.68330883820073e-17,1.09801253723011e-17
"QI_PBMC_ZOSTAVAX_AGE_50_75YO_CORRELATED_WITH_EXPANSION_OF_VZV_SPECIFIC_T_CELLS_TO_PEAK_AT_1DY_POSITIVE","QI_PBMC_ZOSTAVAX_AGE_50_75YO_CORRELATED_WITH_EXPANSION_OF_VZV_SPECIFIC_T_CELLS_TO_PEAK_AT_1DY_POSITIVE","76/2154","248/21355",1.92312049197095e-19,3.78189041363365e-17,1.12740019124451e-17
"GSE10325_CD4_TCELL_VS_MYELOID_DN","GSE10325_CD4_TCELL_VS_MYELOID_DN","66/2154","200/21355",6.23496676034091e-19,1.13854946591511e-16,3.3940721311931e-17
"GSE21670_STAT3_KO_VS_WT_CD4_TCELL_TGFB_IL6_TREATED_DN","GSE21670_STAT3_KO_VS_WT_CD4_TCELL_TGFB_IL6_TREATED_DN","66/2154","200/21355",6.23496676034091e-19,1.13854946591511e-16,3.3940721311931e-17
"GSE6269_FLU_VS_STAPH_AUREUS_INF_PBMC_DN","GSE6269_FLU_VS_STAPH_AUREUS_INF_PBMC_DN","59/2154","167/21355",1.11043353256656e-18,1.95780919034925e-16,5.83632579004131e-17
"HARALAMBIEVA_PBMC_FLUARIX_AGE_50_74YO_CORR_WITH_28D_MEM_B_CELL_RESPONSE_AT_0DY_NEGATIVE","HARALAMBIEVA_PBMC_FLUARIX_AGE_50_74YO_CORR_WITH_28D_MEM_B_CELL_RESPONSE_AT_0DY_NEGATIVE","106/2154","435/21355",3.13577544201441e-18,5.34440661167322e-16,1.5931939789603e-16
"GSE24634_TEFF_VS_TCONV_DAY3_IN_CULTURE_DN","GSE24634_TEFF_VS_TCONV_DAY3_IN_CULTURE_DN","64/2154","200/21355",1.22903693185137e-17,1.96377057267376e-15,5.85409696487098e-16
"GSE34156_UNTREATED_VS_24H_NOD2_LIGAND_TREATED_MONOCYTE_DN","GSE34156_UNTREATED_VS_24H_NOD2_LIGAND_TREATED_MONOCYTE_DN","64/2154","200/21355",1.22903693185137e-17,1.96377057267376e-15,5.85409696487098e-16
"GSE25088_IL4_VS_IL4_AND_ROSIGLITAZONE_STIM_STAT6_KO_MACROPHAGE_DAY10_UP","GSE25088_IL4_VS_IL4_AND_ROSIGLITAZONE_STIM_STAT6_KO_MACROPHAGE_DAY10_UP","63/2154","198/21355",3.02521652007475e-17,4.68725214155824e-15,1.39729298917647e-15
"GSE21546_SAP1A_KO_VS_SAP1A_KO_AND_ELK1_KO_ANTI_CD3_STIM_DP_THYMOCYTES_DN","GSE21546_SAP1A_KO_VS_SAP1A_KO_AND_ELK1_KO_ANTI_CD3_STIM_DP_THYMOCYTES_DN","63/2154","200/21355",5.27124417207857e-17,7.40796574950887e-15,2.20835113905501e-15
"GSE22886_DC_VS_MONOCYTE_DN","GSE22886_DC_VS_MONOCYTE_DN","63/2154","200/21355",5.27124417207857e-17,7.40796574950887e-15,2.20835113905501e-15
"GSE29618_BCELL_VS_MDC_DN","GSE29618_BCELL_VS_MDC_DN","63/2154","200/21355",5.27124417207857e-17,7.40796574950887e-15,2.20835113905501e-15
"HOWARD_PBMC_INACT_MONOV_INFLUENZA_A_INDONESIA_05_2005_H5N1_AGE_19_39YO_AS03_ADJUVANT_VS_BUFFER_1DY_UP","HOWARD_PBMC_INACT_MONOV_INFLUENZA_A_INDONESIA_05_2005_H5N1_AGE_19_39YO_AS03_ADJUVANT_VS_BUFFER_1DY_UP","94/2154","377/21355",5.36074188796847e-17,7.40796574950887e-15,2.20835113905501e-15
"GSE34156_TLR1_TLR2_LIGAND_VS_NOD2_AND_TLR1_TLR2_LIGAND_24H_TREATED_MONOCYTE_UP","GSE34156_TLR1_TLR2_LIGAND_VS_NOD2_AND_TLR1_TLR2_LIGAND_24H_TREATED_MONOCYTE_UP","62/2154","197/21355",9.78230324322796e-17,1.31623464427959e-14,3.92376041445819e-15
"GSE29618_BCELL_VS_MDC_DAY7_FLU_VACCINE_DN","GSE29618_BCELL_VS_MDC_DAY7_FLU_VACCINE_DN","62/2154","200/21355",2.20876193423078e-16,2.75448774871268e-14,8.21126387873214e-15
"GSE3982_EOSINOPHIL_VS_CENT_MEMORY_CD4_TCELL_UP","GSE3982_EOSINOPHIL_VS_CENT_MEMORY_CD4_TCELL_UP","62/2154","200/21355",2.20876193423078e-16,2.75448774871268e-14,8.21126387873214e-15
"GSE43863_TH1_VS_TFH_MEMORY_CD4_TCELL_DN","GSE43863_TH1_VS_TFH_MEMORY_CD4_TCELL_DN","62/2154","200/21355",2.20876193423078e-16,2.75448774871268e-14,8.21126387873214e-15
"GSE39556_CD8A_DC_VS_NK_CELL_MOUSE_3H_POST_POLYIC_INJ_DN","GSE39556_CD8A_DC_VS_NK_CELL_MOUSE_3H_POST_POLYIC_INJ_DN","61/2154","199/21355",6.95682087162805e-16,8.46910121824625e-14,2.52468085767354e-14
"GSE22886_DAY0_VS_DAY1_MONOCYTE_IN_CULTURE_UP","GSE22886_DAY0_VS_DAY1_MONOCYTE_IN_CULTURE_UP","61/2154","200/21355",9.04050141250013e-16,1.05054735732075e-13,3.13173350366033e-14
"GSE24634_TEFF_VS_TCONV_DAY10_IN_CULTURE_DN","GSE24634_TEFF_VS_TCONV_DAY10_IN_CULTURE_DN","61/2154","200/21355",9.04050141250013e-16,1.05054735732075e-13,3.13173350366033e-14
"GSE11057_NAIVE_CD4_VS_PBMC_CD4_TCELL_DN","GSE11057_NAIVE_CD4_VS_PBMC_CD4_TCELL_DN","60/2154","197/21355",1.67159349526765e-15,1.85801250897902e-13,5.53882695914774e-14
"GSE34156_UNTREATED_VS_6H_TLR1_TLR2_LIGAND_TREATED_MONOCYTE_UP","GSE34156_UNTREATED_VS_6H_TLR1_TLR2_LIGAND_TREATED_MONOCYTE_UP","60/2154","197/21355",1.67159349526765e-15,1.85801250897902e-13,5.53882695914774e-14
"GSE22886_DAY0_VS_DAY7_MONOCYTE_IN_CULTURE_UP","GSE22886_DAY0_VS_DAY7_MONOCYTE_IN_CULTURE_UP","60/2154","199/21355",2.80085618089215e-15,3.04697396870246e-13,9.08317973109033e-14
"GSE22886_NAIVE_CD8_TCELL_VS_DC_DN","GSE22886_NAIVE_CD8_TCELL_VS_DC_DN","60/2154","200/21355",3.61377305502453e-15,3.77086155721233e-13,1.12411243473158e-13
"GSE24142_EARLY_THYMIC_PROGENITOR_VS_DN3_THYMOCYTE_UP","GSE24142_EARLY_THYMIC_PROGENITOR_VS_DN3_THYMOCYTE_UP","60/2154","200/21355",3.61377305502453e-15,3.77086155721233e-13,1.12411243473158e-13
"GSE11057_PBMC_VS_MEM_CD4_TCELL_UP","GSE11057_PBMC_VS_MEM_CD4_TCELL_UP","59/2154","197/21355",6.66606137662799e-15,6.6830532977841e-13,1.99225116065167e-13
"GSE34156_NOD2_LIGAND_VS_TLR1_TLR2_LIGAND_6H_TREATED_MONOCYTE_DN","GSE34156_NOD2_LIGAND_VS_TLR1_TLR2_LIGAND_6H_TREATED_MONOCYTE_DN","59/2154","197/21355",6.66606137662799e-15,6.6830532977841e-13,1.99225116065167e-13
"GSE24634_TEFF_VS_TCONV_DAY7_IN_CULTURE_DN","GSE24634_TEFF_VS_TCONV_DAY7_IN_CULTURE_DN","59/2154","200/21355",1.41048162601134e-14,1.3868831834223e-12,4.13436719527209e-13
"NAKAYA_MONOCYTE_FLUMIST_AGE_18_50YO_7DY_UP","NAKAYA_MONOCYTE_FLUMIST_AGE_18_50YO_7DY_UP","104/2154","478/21355",2.33141862664912e-14,2.24915913925603e-12,6.70485436224017e-13
"GSE29618_BCELL_VS_PDC_DAY7_FLU_VACCINE_DN","GSE29618_BCELL_VS_PDC_DAY7_FLU_VACCINE_DN","58/2154","198/21355",3.31434031121208e-14,3.1381892613384e-12,9.35509701878185e-13
"GSE2706_2H_VS_8H_R848_STIM_DC_UP","GSE2706_2H_VS_8H_R848_STIM_DC_UP","57/2154","194/21355",4.77108850488371e-14,4.43537736826735e-12,1.32220787656873e-12
"GSE17301_ACD3_ACD28_VS_ACD3_ACD28_AND_IFNA5_STIM_CD8_TCELL_DN","GSE17301_ACD3_ACD28_VS_ACD3_ACD28_AND_IFNA5_STIM_CD8_TCELL_DN","58/2154","200/21355",5.37430195643634e-14,4.90692962558197e-12,1.46277993099997e-12
"GSE36888_UNTREATED_VS_IL2_TREATED_TCELL_6H_UP","GSE36888_UNTREATED_VS_IL2_TREATED_TCELL_6H_UP","57/2154","195/21355",6.08906683497161e-14,5.46199977670348e-12,1.6282490816323e-12
"GSE36888_STAT5_AB_KNOCKIN_VS_WT_TCELL_IL2_TREATED_17H_DN","GSE36888_STAT5_AB_KNOCKIN_VS_WT_TCELL_IL2_TREATED_17H_DN","57/2154","197/21355",9.85569151188568e-14,8.68830184487439e-12,2.59002564595471e-12
"GSE24634_TREG_VS_TCONV_POST_DAY5_IL4_CONVERSION_DN","GSE24634_TREG_VS_TCONV_POST_DAY5_IL4_CONVERSION_DN","57/2154","198/21355",1.25000675291796e-13,1.08326856401178e-11,3.22927703519216e-12
"GSE360_LOW_DOSE_B_MALAYI_VS_M_TUBERCULOSIS_DC_DN","GSE360_LOW_DOSE_B_MALAYI_VS_M_TUBERCULOSIS_DC_DN","57/2154","199/21355",1.58218322313506e-13,1.34828380331493e-11,4.01930053877118e-12
"GSE15930_STIM_VS_STIM_AND_IFNAB_48H_CD8_T_CELL_UP","GSE15930_STIM_VS_STIM_AND_IFNAB_48H_CD8_T_CELL_UP","57/2154","200/21355",1.99862324108621e-13,1.59671259869903e-11,4.75987903469215e-12
"GSE24142_EARLY_THYMIC_PROGENITOR_VS_DN2_THYMOCYTE_UP","GSE24142_EARLY_THYMIC_PROGENITOR_VS_DN2_THYMOCYTE_UP","57/2154","200/21355",1.99862324108621e-13,1.59671259869903e-11,4.75987903469215e-12
"GSE33425_CD161_INT_VS_NEG_CD8_TCELL_UP","GSE33425_CD161_INT_VS_NEG_CD8_TCELL_UP","57/2154","200/21355",1.99862324108621e-13,1.59671259869903e-11,4.75987903469215e-12
"GSE360_DC_VS_MAC_L_DONOVANI_DN","GSE360_DC_VS_MAC_L_DONOVANI_DN","57/2154","200/21355",1.99862324108621e-13,1.59671259869903e-11,4.75987903469215e-12
"NAKAYA_MYELOID_DENDRITIC_CELL_FLUMIST_AGE_18_50YO_7DY_UP","NAKAYA_MYELOID_DENDRITIC_CELL_FLUMIST_AGE_18_50YO_7DY_UP","86/2154","378/21355",3.18264597253787e-13,2.50351828578248e-11,7.46311152750582e-12
"GSE25123_CTRL_VS_ROSIGLITAZONE_STIM_PPARG_KO_MACROPHAGE_UP","GSE25123_CTRL_VS_ROSIGLITAZONE_STIM_PPARG_KO_MACROPHAGE_UP","56/2154","197/21355",3.65238077053557e-13,2.82948831511339e-11,8.43484426752075e-12
"GSE37416_12H_VS_24H_F_TULARENSIS_LVS_NEUTROPHIL_UP","GSE37416_12H_VS_24H_F_TULARENSIS_LVS_NEUTROPHIL_UP","56/2154","199/21355",5.78151831358987e-13,4.41207509513209e-11,1.31526135397928e-11
"QI_PBMC_ZOSTAVAX_AGE_50_75YO_CORRELATED_WITH_CONTRACTION_OF_VZV_SPECIFIC_T_CELLS_PEAK_TO_28DY_AT_1DYPOSITIVE","QI_PBMC_ZOSTAVAX_AGE_50_75YO_CORRELATED_WITH_CONTRACTION_OF_VZV_SPECIFIC_T_CELLS_PEAK_TO_28DY_AT_1DYPOSITIVE","72/2154","294/21355",6.35889304267079e-13,4.78132648929055e-11,1.42533701637574e-11
"GSE11057_CD4_EFF_MEM_VS_PBMC_DN","GSE11057_CD4_EFF_MEM_VS_PBMC_DN","55/2154","194/21355",6.67042908827575e-13,4.87931179834004e-11,1.45454692043941e-11
"GSE22196_HEALTHY_VS_OBESE_MOUSE_SKIN_GAMMADELTA_TCELL_DN","GSE22196_HEALTHY_VS_OBESE_MOUSE_SKIN_GAMMADELTA_TCELL_DN","56/2154","200/21355",7.25264417511916e-13,4.87931179834004e-11,1.45454692043941e-11
"GSE22886_NAIVE_CD4_TCELL_VS_DC_DN","GSE22886_NAIVE_CD4_TCELL_VS_DC_DN","56/2154","200/21355",7.25264417511916e-13,4.87931179834004e-11,1.45454692043941e-11
"GSE24634_TREG_VS_TCONV_POST_DAY3_IL4_CONVERSION_DN","GSE24634_TREG_VS_TCONV_POST_DAY3_IL4_CONVERSION_DN","56/2154","200/21355",7.25264417511916e-13,4.87931179834004e-11,1.45454692043941e-11
"GSE30971_WBP7_HET_VS_KO_MACROPHAGE_2H_LPS_STIM_UP","GSE30971_WBP7_HET_VS_KO_MACROPHAGE_2H_LPS_STIM_UP","56/2154","200/21355",7.25264417511916e-13,4.87931179834004e-11,1.45454692043941e-11
"GSE3982_NEUTROPHIL_VS_CENT_MEMORY_CD4_TCELL_UP","GSE3982_NEUTROPHIL_VS_CENT_MEMORY_CD4_TCELL_UP","56/2154","200/21355",7.25264417511916e-13,4.87931179834004e-11,1.45454692043941e-11
"GSE5542_UNTREATED_VS_IFNA_TREATED_EPITHELIAL_CELLS_24H_UP","GSE5542_UNTREATED_VS_IFNA_TREATED_EPITHELIAL_CELLS_24H_UP","56/2154","200/21355",7.25264417511916e-13,4.87931179834004e-11,1.45454692043941e-11
"GSE9650_EXHAUSTED_VS_MEMORY_CD8_TCELL_DN","GSE9650_EXHAUSTED_VS_MEMORY_CD8_TCELL_DN","56/2154","200/21355",7.25264417511916e-13,4.87931179834004e-11,1.45454692043941e-11
"GSE11057_CD4_CENT_MEM_VS_PBMC_DN","GSE11057_CD4_CENT_MEM_VS_PBMC_DN","55/2154","195/21355",8.39173452691531e-13,5.57232969300233e-11,1.66113897402233e-11
"GSE30971_CTRL_VS_LPS_STIM_MACROPHAGE_WBP7_KO_4H_DN","GSE30971_CTRL_VS_LPS_STIM_MACROPHAGE_WBP7_KO_4H_DN","55/2154","196/21355",1.05361229683583e-12,6.81913882749568e-11,2.03281892847206e-11
"GSE3982_EOSINOPHIL_VS_NEUTROPHIL_DN","GSE3982_EOSINOPHIL_VS_NEUTROPHIL_DN","55/2154","196/21355",1.05361229683583e-12,6.81913882749568e-11,2.03281892847206e-11
"GSE26290_CTRL_VS_AKT_INHIBITOR_TREATED_ANTI_CD3_AND_IL2_STIM_CD8_TCELL_DN","GSE26290_CTRL_VS_AKT_INHIBITOR_TREATED_ANTI_CD3_AND_IL2_STIM_CD8_TCELL_DN","55/2154","197/21355",1.32023611435712e-12,8.43795906588497e-11,2.51539722840673e-11
"HOWARD_NEUTROPHIL_INACT_MONOV_INFLUENZA_A_INDONESIA_05_2005_H5N1_AGE_18_49YO_1DY_UP","HOWARD_NEUTROPHIL_INACT_MONOV_INFLUENZA_A_INDONESIA_05_2005_H5N1_AGE_18_49YO_1DY_UP","87/2154","394/21355",1.34485818306474e-12,8.48920974075314e-11,2.53067530744347e-11
"GSE9988_LPS_VS_LPS_AND_ANTI_TREM1_MONOCYTE_UP","GSE9988_LPS_VS_LPS_AND_ANTI_TREM1_MONOCYTE_UP","55/2154","198/21355",1.65110400926084e-12,1.02952375601838e-10,3.06906111092388e-11
"GSE15930_NAIVE_VS_48H_IN_VITRO_STIM_IL12_CD8_TCELL_UP","GSE15930_NAIVE_VS_48H_IN_VITRO_STIM_IL12_CD8_TCELL_UP","55/2154","199/21355",2.06091213276501e-12,1.26957153431657e-10,3.78465538141248e-11
"GSE12392_WT_VS_IFNB_KO_CD8A_NEG_SPLEEN_DC_DN","GSE12392_WT_VS_IFNB_KO_CD8A_NEG_SPLEEN_DC_DN","55/2154","200/21355",2.56753712820584e-12,1.41159326199102e-10,4.20802915862145e-11
"GSE21670_UNTREATED_VS_IL6_TREATED_STAT3_KO_CD4_TCELL_UP","GSE21670_UNTREATED_VS_IL6_TREATED_STAT3_KO_CD4_TCELL_UP","55/2154","200/21355",2.56753712820584e-12,1.41159326199102e-10,4.20802915862145e-11
"GSE21670_UNTREATED_VS_TGFB_IL6_TREATED_STAT3_KO_CD4_TCELL_UP","GSE21670_UNTREATED_VS_TGFB_IL6_TREATED_STAT3_KO_CD4_TCELL_UP","55/2154","200/21355",2.56753712820584e-12,1.41159326199102e-10,4.20802915862145e-11
"GSE22935_WT_VS_MYD88_KO_MACROPHAGE_UP","GSE22935_WT_VS_MYD88_KO_MACROPHAGE_UP","55/2154","200/21355",2.56753712820584e-12,1.41159326199102e-10,4.20802915862145e-11
"GSE24634_NAIVE_CD4_TCELL_VS_DAY10_IL4_CONV_TREG_DN","GSE24634_NAIVE_CD4_TCELL_VS_DAY10_IL4_CONV_TREG_DN","55/2154","200/21355",2.56753712820584e-12,1.41159326199102e-10,4.20802915862145e-11
"GSE360_DC_VS_MAC_B_MALAYI_HIGH_DOSE_DN","GSE360_DC_VS_MAC_B_MALAYI_HIGH_DOSE_DN","55/2154","200/21355",2.56753712820584e-12,1.41159326199102e-10,4.20802915862145e-11
"GSE36888_UNTREATED_VS_IL2_TREATED_TCELL_17H_DN","GSE36888_UNTREATED_VS_IL2_TREATED_TCELL_17H_DN","55/2154","200/21355",2.56753712820584e-12,1.41159326199102e-10,4.20802915862145e-11
"GSE3982_DC_VS_BCELL_UP","GSE3982_DC_VS_BCELL_UP","55/2154","200/21355",2.56753712820584e-12,1.41159326199102e-10,4.20802915862145e-11
"GSE3982_EOSINOPHIL_VS_EFF_MEMORY_CD4_TCELL_UP","GSE3982_EOSINOPHIL_VS_EFF_MEMORY_CD4_TCELL_UP","55/2154","200/21355",2.56753712820584e-12,1.41159326199102e-10,4.20802915862145e-11
"KAECH_NAIVE_VS_DAY15_EFF_CD8_TCELL_DN","KAECH_NAIVE_VS_DAY15_EFF_CD8_TCELL_DN","55/2154","200/21355",2.56753712820584e-12,1.41159326199102e-10,4.20802915862145e-11
"HARALAMBIEVA_PBMC_FLUARIX_AGE_50_74YO_CORR_WITH_28D_MEM_B_CELL_RESPONSE_AT_3DY_POSITIVE","HARALAMBIEVA_PBMC_FLUARIX_AGE_50_74YO_CORR_WITH_28D_MEM_B_CELL_RESPONSE_AT_3DY_POSITIVE","82/2154","368/21355",3.61257431476816e-12,1.965009837384e-10,5.85779127411455e-11
"GSE6269_E_COLI_VS_STREP_PNEUMO_INF_PBMC_DN","GSE6269_E_COLI_VS_STREP_PNEUMO_INF_PBMC_DN","49/2154","169/21355",4.83136940606786e-12,2.60029387086579e-10,7.75160432131442e-11
"GSE12366_PLASMA_CELL_VS_NAIVE_BCELL_DN","GSE12366_PLASMA_CELL_VS_NAIVE_BCELL_DN","54/2154","199/21355",7.16479708683456e-12,3.62708985197872e-10,1.08125338006633e-10
"GSE20727_ROS_INH_VS_ROS_INH_AND_DNFB_ALLERGEN_TREATED_DC_UP","GSE20727_ROS_INH_VS_ROS_INH_AND_DNFB_ALLERGEN_TREATED_DC_UP","54/2154","199/21355",7.16479708683456e-12,3.62708985197872e-10,1.08125338006633e-10
"GSE36826_NORMAL_VS_STAPH_AUREUS_INF_IL1R_KO_SKIN_DN","GSE36826_NORMAL_VS_STAPH_AUREUS_INF_IL1R_KO_SKIN_DN","54/2154","199/21355",7.16479708683456e-12,3.62708985197872e-10,1.08125338006633e-10
"GSE36826_NORMAL_VS_STAPH_AUREUS_INF_IL1R_KO_SKIN_UP","GSE36826_NORMAL_VS_STAPH_AUREUS_INF_IL1R_KO_SKIN_UP","54/2154","199/21355",7.16479708683456e-12,3.62708985197872e-10,1.08125338006633e-10
"GSE41176_UNSTIM_VS_ANTI_IGM_STIM_TAK1_KO_BCELL_24H_DN","GSE41176_UNSTIM_VS_ANTI_IGM_STIM_TAK1_KO_BCELL_24H_DN","54/2154","199/21355",7.16479708683456e-12,3.62708985197872e-10,1.08125338006633e-10
"GSE41176_WT_VS_TAK1_KO_ANTI_IGM_STIM_BCELL_6H_DN","GSE41176_WT_VS_TAK1_KO_ANTI_IGM_STIM_BCELL_6H_DN","54/2154","199/21355",7.16479708683456e-12,3.62708985197872e-10,1.08125338006633e-10
"GSE4748_LPS_VS_LPS_AND_CYANOBACTERIUM_LPSLIKE_STIM_DC_3H_UP","GSE4748_LPS_VS_LPS_AND_CYANOBACTERIUM_LPSLIKE_STIM_DC_3H_UP","53/2154","194/21355",8.42809981601551e-12,4.15848898129012e-10,1.23966608230992e-10
"GOLDRATH_EFF_VS_MEMORY_CD8_TCELL_UP","GOLDRATH_EFF_VS_MEMORY_CD8_TCELL_UP","54/2154","200/21355",8.86515350988897e-12,4.15848898129012e-10,1.23966608230992e-10
"GSE12392_WT_VS_IFNAR_KO_CD8A_NEG_SPLEEN_DC_UP","GSE12392_WT_VS_IFNAR_KO_CD8A_NEG_SPLEEN_DC_UP","54/2154","200/21355",8.86515350988897e-12,4.15848898129012e-10,1.23966608230992e-10
"GSE15767_MED_VS_SCS_MAC_LN_UP","GSE15767_MED_VS_SCS_MAC_LN_UP","54/2154","200/21355",8.86515350988897e-12,4.15848898129012e-10,1.23966608230992e-10
"GSE22313_HEALTHY_VS_SLE_MOUSE_CD4_TCELL_DN","GSE22313_HEALTHY_VS_SLE_MOUSE_CD4_TCELL_DN","54/2154","200/21355",8.86515350988897e-12,4.15848898129012e-10,1.23966608230992e-10
"GSE3982_DC_VS_CENT_MEMORY_CD4_TCELL_UP","GSE3982_DC_VS_CENT_MEMORY_CD4_TCELL_UP","54/2154","200/21355",8.86515350988897e-12,4.15848898129012e-10,1.23966608230992e-10
"GSE7852_THYMUS_VS_FAT_TCONV_DN","GSE7852_THYMUS_VS_FAT_TCONV_DN","54/2154","200/21355",8.86515350988897e-12,4.15848898129012e-10,1.23966608230992e-10
"GSE9650_NAIVE_VS_EXHAUSTED_CD8_TCELL_UP","GSE9650_NAIVE_VS_EXHAUSTED_CD8_TCELL_UP","54/2154","200/21355",8.86515350988897e-12,4.15848898129012e-10,1.23966608230992e-10
"GSE37416_0H_VS_48H_F_TULARENSIS_LVS_NEUTROPHIL_UP","GSE37416_0H_VS_48H_F_TULARENSIS_LVS_NEUTROPHIL_UP","53/2154","197/21355",1.59932718302011e-11,7.36699088899264e-10,2.19613633097499e-10
"GSE9988_ANTI_TREM1_VS_VEHICLE_TREATED_MONOCYTES_DN","GSE9988_ANTI_TREM1_VS_VEHICLE_TREATED_MONOCYTES_DN","53/2154","197/21355",1.59932718302011e-11,7.36699088899264e-10,2.19613633097499e-10
"GSE14699_DELETIONAL_TOLERANCE_VS_ACTIVATED_CD8_TCELL_UP","GSE14699_DELETIONAL_TOLERANCE_VS_ACTIVATED_CD8_TCELL_UP","50/2154","180/21355",1.67837449900593e-11,7.59427328621e-10,2.26389033494232e-10
"GSE6092_IFNG_VS_IFNG_AND_B_BURGDORFERI_INF_ENDOTHELIAL_CELL_UP","GSE6092_IFNG_VS_IFNG_AND_B_BURGDORFERI_INF_ENDOTHELIAL_CELL_UP","50/2154","180/21355",1.67837449900593e-11,7.59427328621e-10,2.26389033494232e-10
"GSE25088_ROSIGLITAZONE_VS_IL4_AND_ROSIGLITAZONE_STIM_STAT6_KO_MACROPHAGE_DAY10_UP","GSE25088_ROSIGLITAZONE_VS_IL4_AND_ROSIGLITAZONE_STIM_STAT6_KO_MACROPHAGE_DAY10_UP","53/2154","198/21355",1.9726463369166e-11,8.84749186022332e-10,2.63748097493559e-10
"GSE21774_CD62L_POS_CD56_DIM_VS_CD62L_NEG_CD56_DIM_NK_CELL_UP","GSE21774_CD62L_POS_CD56_DIM_VS_CD62L_NEG_CD56_DIM_NK_CELL_UP","53/2154","199/21355",2.42865203072729e-11,1.07049119250936e-09,3.19118706033858e-10
"GSE9650_NAIVE_VS_EFF_CD8_TCELL_DN","GSE9650_NAIVE_VS_EFF_CD8_TCELL_DN","53/2154","199/21355",2.42865203072729e-11,1.07049119250936e-09,3.19118706033858e-10
"PATEL_SKIN_OF_BODY_ZOSTAVAX_AGE_70_93YO_VZV_CHALLENGE_6HR_UP","PATEL_SKIN_OF_BODY_ZOSTAVAX_AGE_70_93YO_VZV_CHALLENGE_6HR_UP","68/2154","291/21355",2.71448163786876e-11,1.18625167644641e-09,3.53627477429957e-10
"GSE15330_WT_VS_IKAROS_KO_GRANULOCYTE_MONOCYTE_PROGENITOR_DN","GSE15330_WT_VS_IKAROS_KO_GRANULOCYTE_MONOCYTE_PROGENITOR_DN","53/2154","200/21355",2.98466049349007e-11,1.19223196118865e-09,3.5541022981691e-10
"GSE23568_ID3_TRANSDUCED_VS_ID3_KO_CD8_TCELL_UP","GSE23568_ID3_TRANSDUCED_VS_ID3_KO_CD8_TCELL_UP","53/2154","200/21355",2.98466049349007e-11,1.19223196118865e-09,3.5541022981691e-10
"GSE24574_BCL6_HIGH_TFH_VS_TFH_CD4_TCELL_DN","GSE24574_BCL6_HIGH_TFH_VS_TFH_CD4_TCELL_DN","53/2154","200/21355",2.98466049349007e-11,1.19223196118865e-09,3.5541022981691e-10
"GSE26030_UNSTIM_VS_RESTIM_TH1_DAY15_POST_POLARIZATION_DN","GSE26030_UNSTIM_VS_RESTIM_TH1_DAY15_POST_POLARIZATION_DN","53/2154","200/21355",2.98466049349007e-11,1.19223196118865e-09,3.5541022981691e-10
"GSE34205_HEALTHY_VS_FLU_INF_INFANT_PBMC_DN","GSE34205_HEALTHY_VS_FLU_INF_INFANT_PBMC_DN","53/2154","200/21355",2.98466049349007e-11,1.19223196118865e-09,3.5541022981691e-10
"GSE36888_UNTREATED_VS_IL2_TREATED_STAT5_AB_KNOCKIN_TCELL_2H_UP","GSE36888_UNTREATED_VS_IL2_TREATED_STAT5_AB_KNOCKIN_TCELL_2H_UP","53/2154","200/21355",2.98466049349007e-11,1.19223196118865e-09,3.5541022981691e-10
"GSE39556_UNTREATED_VS_3H_POLYIC_INJ_MOUSE_NK_CELL_DN","GSE39556_UNTREATED_VS_3H_POLYIC_INJ_MOUSE_NK_CELL_DN","53/2154","200/21355",2.98466049349007e-11,1.19223196118865e-09,3.5541022981691e-10
"GSE3982_DC_VS_NKCELL_UP","GSE3982_DC_VS_NKCELL_UP","53/2154","200/21355",2.98466049349007e-11,1.19223196118865e-09,3.5541022981691e-10
"GSE3982_DC_VS_TH2_UP","GSE3982_DC_VS_TH2_UP","53/2154","200/21355",2.98466049349007e-11,1.19223196118865e-09,3.5541022981691e-10
"GSE3982_MAST_CELL_VS_BCELL_UP","GSE3982_MAST_CELL_VS_BCELL_UP","53/2154","200/21355",2.98466049349007e-11,1.19223196118865e-09,3.5541022981691e-10
"GSE42088_UNINF_VS_LEISHMANIA_INF_DC_2H_DN","GSE42088_UNINF_VS_LEISHMANIA_INF_DC_2H_DN","53/2154","200/21355",2.98466049349007e-11,1.19223196118865e-09,3.5541022981691e-10
"GSE37416_0H_VS_24H_F_TULARENSIS_LVS_NEUTROPHIL_UP","GSE37416_0H_VS_24H_F_TULARENSIS_LVS_NEUTROPHIL_UP","52/2154","196/21355",4.365147420528e-11,1.73015494272556e-09,5.15767724596046e-10
"GSE9988_ANTI_TREM1_AND_LPS_VS_VEHICLE_TREATED_MONOCYTES_DN","GSE9988_ANTI_TREM1_AND_LPS_VS_VEHICLE_TREATED_MONOCYTES_DN","52/2154","197/21355",5.3570277815653e-11,2.10696023439564e-09,6.28095241109842e-10
"GSE9988_LPS_VS_VEHICLE_TREATED_MONOCYTE_DN","GSE9988_LPS_VS_VEHICLE_TREATED_MONOCYTE_DN","52/2154","198/21355",6.56242391253604e-11,2.56134911945014e-09,7.63550809590373e-10
"GSE11057_NAIVE_VS_CENT_MEMORY_CD4_TCELL_DN","GSE11057_NAIVE_VS_CENT_MEMORY_CD4_TCELL_DN","52/2154","199/21355",8.0247105646045e-11,2.99491570195787e-09,8.92799146949468e-10
"GSE37533_UNTREATED_VS_PIOGLIZATONE_TREATED_CD4_TCELL_PPARG1_AND_FOXP3_TRASDUCED_UP","GSE37533_UNTREATED_VS_PIOGLIZATONE_TREATED_CD4_TCELL_PPARG1_AND_FOXP3_TRASDUCED_UP","52/2154","199/21355",8.0247105646045e-11,2.99491570195787e-09,8.92799146949468e-10
"GSE3982_MAST_CELL_VS_DC_DN","GSE3982_MAST_CELL_VS_DC_DN","52/2154","199/21355",8.0247105646045e-11,2.99491570195787e-09,8.92799146949468e-10
"GSE41176_UNSTIM_VS_ANTI_IGM_STIM_BCELL_1H_DN","GSE41176_UNSTIM_VS_ANTI_IGM_STIM_BCELL_1H_DN","52/2154","199/21355",8.0247105646045e-11,2.99491570195787e-09,8.92799146949468e-10
"GSE7764_IL15_NK_CELL_24H_VS_SPLENOCYTE_DN","GSE7764_IL15_NK_CELL_24H_VS_SPLENOCYTE_DN","52/2154","199/21355",8.0247105646045e-11,2.99491570195787e-09,8.92799146949468e-10
"GSE9988_LOW_LPS_VS_VEHICLE_TREATED_MONOCYTE_DN","GSE9988_LOW_LPS_VS_VEHICLE_TREATED_MONOCYTE_DN","52/2154","199/21355",8.0247105646045e-11,2.99491570195787e-09,8.92799146949468e-10
"GAUCHER_PBMC_YF_VAX_STAMARIL_UNKNOWN_AGE_7DY_UP","GAUCHER_PBMC_YF_VAX_STAMARIL_UNKNOWN_AGE_7DY_UP","67/2154","292/21355",8.87640862249162e-11,3.28877371643476e-09,9.80399670889997e-10
"GSE19198_1H_VS_24H_IL21_TREATED_TCELL_UP","GSE19198_1H_VS_24H_IL21_TREATED_TCELL_UP","52/2154","200/21355",9.79553896796907e-11,3.31686031412092e-09,9.88772424232779e-10
"GSE22886_DAY0_VS_DAY1_MONOCYTE_IN_CULTURE_DN","GSE22886_DAY0_VS_DAY1_MONOCYTE_IN_CULTURE_DN","52/2154","200/21355",9.79553896796907e-11,3.31686031412092e-09,9.88772424232779e-10
"GSE27786_CD8_TCELL_VS_NKTCELL_DN","GSE27786_CD8_TCELL_VS_NKTCELL_DN","52/2154","200/21355",9.79553896796907e-11,3.31686031412092e-09,9.88772424232779e-10
"GSE27786_NKCELL_VS_NKTCELL_UP","GSE27786_NKCELL_VS_NKTCELL_UP","52/2154","200/21355",9.79553896796907e-11,3.31686031412092e-09,9.88772424232779e-10
"GSE32986_UNSTIM_VS_CURDLAN_LOWDOSE_STIM_DC_DN","GSE32986_UNSTIM_VS_CURDLAN_LOWDOSE_STIM_DC_DN","52/2154","200/21355",9.79553896796907e-11,3.31686031412092e-09,9.88772424232779e-10
"GSE35685_CD34POS_CD10NEG_CD62LPOS_VS_CD34POS_CD10POS_BONE_MARROW_UP","GSE35685_CD34POS_CD10NEG_CD62LPOS_VS_CD34POS_CD10POS_BONE_MARROW_UP","52/2154","200/21355",9.79553896796907e-11,3.31686031412092e-09,9.88772424232779e-10
"GSE360_CTRL_VS_T_GONDII_MAC_UP","GSE360_CTRL_VS_T_GONDII_MAC_UP","52/2154","200/21355",9.79553896796907e-11,3.31686031412092e-09,9.88772424232779e-10
"GSE36826_WT_VS_IL1R_KO_SKIN_STAPH_AUREUS_INF_DN","GSE36826_WT_VS_IL1R_KO_SKIN_STAPH_AUREUS_INF_DN","52/2154","200/21355",9.79553896796907e-11,3.31686031412092e-09,9.88772424232779e-10
"GSE3982_MAC_VS_CENT_MEMORY_CD4_TCELL_UP","GSE3982_MAC_VS_CENT_MEMORY_CD4_TCELL_UP","52/2154","200/21355",9.79553896796907e-11,3.31686031412092e-09,9.88772424232779e-10
"GSE46606_IRF4MID_VS_WT_CD40L_IL2_IL5_DAY3_STIMULATED_BCELL_DN","GSE46606_IRF4MID_VS_WT_CD40L_IL2_IL5_DAY3_STIMULATED_BCELL_DN","52/2154","200/21355",9.79553896796907e-11,3.31686031412092e-09,9.88772424232779e-10
"GSE5589_UNSTIM_VS_180MIN_LPS_STIM_MACROPHAGE_DN","GSE5589_UNSTIM_VS_180MIN_LPS_STIM_MACROPHAGE_DN","52/2154","200/21355",9.79553896796907e-11,3.31686031412092e-09,9.88772424232779e-10
"GSE7831_UNSTIM_VS_CPG_STIM_PDC_1H_UP","GSE7831_UNSTIM_VS_CPG_STIM_PDC_1H_UP","52/2154","200/21355",9.79553896796907e-11,3.31686031412092e-09,9.88772424232779e-10
"GSE9006_HEALTHY_VS_TYPE_1_DIABETES_PBMC_4MONTH_POST_DX_UP","GSE9006_HEALTHY_VS_TYPE_1_DIABETES_PBMC_4MONTH_POST_DX_UP","52/2154","200/21355",9.79553896796907e-11,3.31686031412092e-09,9.88772424232779e-10
"NAKAYA_B_CELL_FLUARIX_FLUVIRIN_AGE_18_50YO_7DY_UP","NAKAYA_B_CELL_FLUARIX_FLUVIRIN_AGE_18_50YO_7DY_UP","78/2154","367/21355",1.37406558567772e-10,4.62210351287511e-09,1.37787186153832e-09
"GSE9988_LOW_LPS_VS_ANTI_TREM1_AND_LPS_MONOCYTE_UP","GSE9988_LOW_LPS_VS_ANTI_TREM1_AND_LPS_MONOCYTE_UP","51/2154","196/21355",1.43447939061145e-10,4.79378635568389e-09,1.42905136402159e-09
"GSE3982_DC_VS_NEUTROPHIL_DN","GSE3982_DC_VS_NEUTROPHIL_DN","51/2154","197/21355",1.74843560455117e-10,5.80503327666892e-09,1.73050906041702e-09
"GSE37301_HEMATOPOIETIC_STEM_CELL_VS_CD4_TCELL_UP","GSE37301_HEMATOPOIETIC_STEM_CELL_VS_CD4_TCELL_UP","47/2154","174/21355",1.91493611484519e-10,6.31681829367966e-09,1.88307469901246e-09
"GSE29618_BCELL_VS_PDC_DN","GSE29618_BCELL_VS_PDC_DN","51/2154","198/21355",2.12735978059323e-10,6.9281468523396e-09,2.06531475849748e-09
"GSE37416_0H_VS_6H_F_TULARENSIS_LVS_NEUTROPHIL_UP","GSE37416_0H_VS_6H_F_TULARENSIS_LVS_NEUTROPHIL_UP","51/2154","198/21355",2.12735978059323e-10,6.9281468523396e-09,2.06531475849748e-09
"GSE24634_IL4_VS_CTRL_TREATED_NAIVE_CD4_TCELL_DAY10_DN","GSE24634_IL4_VS_CTRL_TREATED_NAIVE_CD4_TCELL_DAY10_DN","51/2154","199/21355",2.5839092733687e-10,8.20591808368583e-09,2.44622466677861e-09
"GSE29618_PDC_VS_MDC_DAY7_FLU_VACCINE_UP","GSE29618_PDC_VS_MDC_DAY7_FLU_VACCINE_UP","51/2154","199/21355",2.5839092733687e-10,8.20591808368583e-09,2.44622466677861e-09
"GSE360_DC_VS_MAC_T_GONDII_DN","GSE360_DC_VS_MAC_T_GONDII_DN","51/2154","199/21355",2.5839092733687e-10,8.20591808368583e-09,2.44622466677861e-09
"GSE39820_TGFBETA3_IL6_VS_TGFBETA3_IL6_IL23A_TREATED_CD4_TCELL_UP","GSE39820_TGFBETA3_IL6_VS_TGFBETA3_IL6_IL23A_TREATED_CD4_TCELL_UP","51/2154","199/21355",2.5839092733687e-10,8.20591808368583e-09,2.44622466677861e-09
"ZAK_PBMC_MRKAD5_HIV_1_GAG_POL_NEF_AGE_20_50YO_3DY_UP","ZAK_PBMC_MRKAD5_HIV_1_GAG_POL_NEF_AGE_20_50YO_3DY_UP","39/2154","131/21355",2.99092607952257e-10,9.20648850635009e-09,2.74449964634933e-09
"GSE14000_UNSTIM_VS_16H_LPS_DC_DN","GSE14000_UNSTIM_VS_16H_LPS_DC_DN","51/2154","200/21355",3.13305104655763e-10,9.20648850635009e-09,2.74449964634933e-09
"GSE15930_STIM_VS_STIM_AND_TRICHOSTATINA_48H_CD8_T_CELL_UP","GSE15930_STIM_VS_STIM_AND_TRICHOSTATINA_48H_CD8_T_CELL_UP","51/2154","200/21355",3.13305104655763e-10,9.20648850635009e-09,2.74449964634933e-09
"GSE17301_CTRL_VS_48H_ACD3_ACD28_STIM_CD8_TCELL_DN","GSE17301_CTRL_VS_48H_ACD3_ACD28_STIM_CD8_TCELL_DN","51/2154","200/21355",3.13305104655763e-10,9.20648850635009e-09,2.74449964634933e-09
"GSE17721_CTRL_VS_PAM3CSK4_24H_BMDC_UP","GSE17721_CTRL_VS_PAM3CSK4_24H_BMDC_UP","51/2154","200/21355",3.13305104655763e-10,9.20648850635009e-09,2.74449964634933e-09
"GSE21380_NON_TFH_VS_TFH_CD4_TCELL_UP","GSE21380_NON_TFH_VS_TFH_CD4_TCELL_UP","51/2154","200/21355",3.13305104655763e-10,9.20648850635009e-09,2.74449964634933e-09
"GSE22601_IMMATURE_CD4_SINGLE_POSITIVE_VS_DOUBLE_POSITIVE_THYMOCYTE_DN","GSE22601_IMMATURE_CD4_SINGLE_POSITIVE_VS_DOUBLE_POSITIVE_THYMOCYTE_DN","51/2154","200/21355",3.13305104655763e-10,9.20648850635009e-09,2.74449964634933e-09
"GSE23568_CTRL_TRANSDUCED_VS_WT_CD8_TCELL_UP","GSE23568_CTRL_TRANSDUCED_VS_WT_CD8_TCELL_UP","51/2154","200/21355",3.13305104655763e-10,9.20648850635009e-09,2.74449964634933e-09
"GSE24142_EARLY_THYMIC_PROGENITOR_VS_DN3_THYMOCYTE_FETAL_UP","GSE24142_EARLY_THYMIC_PROGENITOR_VS_DN3_THYMOCYTE_FETAL_UP","51/2154","200/21355",3.13305104655763e-10,9.20648850635009e-09,2.74449964634933e-09
"GSE26343_WT_VS_NFAT5_KO_MACROPHAGE_LPS_STIM_DN","GSE26343_WT_VS_NFAT5_KO_MACROPHAGE_LPS_STIM_DN","51/2154","200/21355",3.13305104655763e-10,9.20648850635009e-09,2.74449964634933e-09
"GSE2770_UNTREATED_VS_IL12_TREATED_ACT_CD4_TCELL_2H_UP","GSE2770_UNTREATED_VS_IL12_TREATED_ACT_CD4_TCELL_2H_UP","51/2154","200/21355",3.13305104655763e-10,9.20648850635009e-09,2.74449964634933e-09
"GSE32986_UNSTIM_VS_GMCSF_AND_CURDLAN_HIGHDOSE_STIM_DC_UP","GSE32986_UNSTIM_VS_GMCSF_AND_CURDLAN_HIGHDOSE_STIM_DC_UP","51/2154","200/21355",3.13305104655763e-10,9.20648850635009e-09,2.74449964634933e-09
"KAECH_DAY8_EFF_VS_MEMORY_CD8_TCELL_UP","KAECH_DAY8_EFF_VS_MEMORY_CD8_TCELL_UP","51/2154","200/21355",3.13305104655763e-10,9.20648850635009e-09,2.74449964634933e-09
"GAUCHER_PBMC_YF_VAX_STAMARIL_UNKNOWN_AGE_7DY_DN","GAUCHER_PBMC_YF_VAX_STAMARIL_UNKNOWN_AGE_7DY_DN","49/2154","190/21355",4.56605187580169e-10,1.32648995687353e-08,3.95433200727323e-09
"GSE2128_CTRL_VS_MIMETOPE_NEGATIVE_SELECTION_DP_THYMOCYTE_C57BL6_UP","GSE2128_CTRL_VS_MIMETOPE_NEGATIVE_SELECTION_DP_THYMOCYTE_C57BL6_UP","49/2154","190/21355",4.56605187580169e-10,1.32648995687353e-08,3.95433200727323e-09
"GSE4984_UNTREATED_VS_GALECTIN1_TREATED_DC_UP","GSE4984_UNTREATED_VS_GALECTIN1_TREATED_DC_UP","49/2154","191/21355",5.54822348246614e-10,1.57904461309685e-08,4.70720989791601e-09
"GSE13485_DAY7_VS_DAY21_YF17D_VACCINE_PBMC_UP","GSE13485_DAY7_VS_DAY21_YF17D_VACCINE_PBMC_UP","50/2154","197/21355",5.5589288159091e-10,1.57904461309685e-08,4.70720989791601e-09
"GSE37416_0H_VS_12H_F_TULARENSIS_LVS_NEUTROPHIL_UP","GSE37416_0H_VS_12H_F_TULARENSIS_LVS_NEUTROPHIL_UP","50/2154","197/21355",5.5589288159091e-10,1.57904461309685e-08,4.70720989791601e-09
"GSE44732_UNSTIM_VS_IL27_STIM_IMATURE_DC_DN","GSE44732_UNSTIM_VS_IL27_STIM_IMATURE_DC_DN","50/2154","197/21355",5.5589288159091e-10,1.57904461309685e-08,4.70720989791601e-09
"GSE11057_NAIVE_VS_MEMORY_CD4_TCELL_DN","GSE11057_NAIVE_VS_MEMORY_CD4_TCELL_DN","50/2154","198/21355",6.71824267919147e-10,1.8668681966688e-08,5.56522620106936e-09
"GSE29618_PDC_VS_MDC_UP","GSE29618_PDC_VS_MDC_UP","50/2154","198/21355",6.71824267919147e-10,1.8668681966688e-08,5.56522620106936e-09
"GSE36888_STAT5_AB_KNOCKIN_VS_WT_TCELL_IL2_TREATED_2H_DN","GSE36888_STAT5_AB_KNOCKIN_VS_WT_TCELL_IL2_TREATED_2H_DN","50/2154","198/21355",6.71824267919147e-10,1.8668681966688e-08,5.56522620106936e-09
"GSE5542_UNTREATED_VS_IFNG_TREATED_EPITHELIAL_CELLS_24H_UP","GSE5542_UNTREATED_VS_IFNG_TREATED_EPITHELIAL_CELLS_24H_UP","50/2154","198/21355",6.71824267919147e-10,1.8668681966688e-08,5.56522620106936e-09
"GSE15735_CTRL_VS_HDAC_INHIBITOR_TREATED_CD4_TCELL_2H_UP","GSE15735_CTRL_VS_HDAC_INHIBITOR_TREATED_CD4_TCELL_2H_UP","50/2154","199/21355",8.10560288248771e-10,2.17629855399075e-08,6.48765336279785e-09
"GSE21670_UNTREATED_VS_TGFB_TREATED_STAT3_KO_CD4_TCELL_DN","GSE21670_UNTREATED_VS_TGFB_TREATED_STAT3_KO_CD4_TCELL_DN","50/2154","199/21355",8.10560288248771e-10,2.17629855399075e-08,6.48765336279785e-09
"GSE26030_TH1_VS_TH17_RESTIMULATED_DAY15_POST_POLARIZATION_UP","GSE26030_TH1_VS_TH17_RESTIMULATED_DAY15_POST_POLARIZATION_UP","50/2154","199/21355",8.10560288248771e-10,2.17629855399075e-08,6.48765336279785e-09
"GSE3982_DC_VS_EFF_MEMORY_CD4_TCELL_UP","GSE3982_DC_VS_EFF_MEMORY_CD4_TCELL_UP","50/2154","199/21355",8.10560288248771e-10,2.17629855399075e-08,6.48765336279785e-09
"GSE3982_NEUTROPHIL_VS_NKCELL_UP","GSE3982_NEUTROPHIL_VS_NKCELL_UP","50/2154","199/21355",8.10560288248771e-10,2.17629855399075e-08,6.48765336279785e-09
"GSE5589_IL6_KO_VS_IL10_KO_LPS_AND_IL10_STIM_MACROPHAGE_45MIN_DN","GSE5589_IL6_KO_VS_IL10_KO_LPS_AND_IL10_STIM_MACROPHAGE_45MIN_DN","50/2154","199/21355",8.10560288248771e-10,2.17629855399075e-08,6.48765336279785e-09
"GSE27859_MACROPHAGE_VS_CD11C_INT_F480_HI_MACROPHAGE_DN","GSE27859_MACROPHAGE_VS_CD11C_INT_F480_HI_MACROPHAGE_DN","48/2154","187/21355",8.12972860966623e-10,2.17629855399075e-08,6.48765336279785e-09
"GSE6259_33D1_POS_DC_VS_CD4_TCELL_DN","GSE6259_33D1_POS_DC_VS_CD4_TCELL_DN","46/2154","176/21355",9.65223231007772e-10,2.37708730399344e-08,7.08621453299124e-09
"GOLDRATH_NAIVE_VS_MEMORY_CD8_TCELL_DN","GOLDRATH_NAIVE_VS_MEMORY_CD8_TCELL_DN","50/2154","200/21355",9.76312016113088e-10,2.37708730399344e-08,7.08621453299124e-09
"GSE13484_12H_UNSTIM_VS_YF17D_VACCINE_STIM_PBMC_UP","GSE13484_12H_UNSTIM_VS_YF17D_VACCINE_STIM_PBMC_UP","50/2154","200/21355",9.76312016113088e-10,2.37708730399344e-08,7.08621453299124e-09
"GSE17721_CTRL_VS_GARDIQUIMOD_6H_BMDC_UP","GSE17721_CTRL_VS_GARDIQUIMOD_6H_BMDC_UP","50/2154","200/21355",9.76312016113088e-10,2.37708730399344e-08,7.08621453299124e-09
"GSE22601_DOUBLE_NEGATIVE_VS_CD4_SINGLE_POSITIVE_THYMOCYTE_UP","GSE22601_DOUBLE_NEGATIVE_VS_CD4_SINGLE_POSITIVE_THYMOCYTE_UP","50/2154","200/21355",9.76312016113088e-10,2.37708730399344e-08,7.08621453299124e-09
"GSE2405_HEAT_KILLED_LYSATE_VS_LIVE_A_PHAGOCYTOPHILUM_STIM_NEUTROPHIL_24H_UP","GSE2405_HEAT_KILLED_LYSATE_VS_LIVE_A_PHAGOCYTOPHILUM_STIM_NEUTROPHIL_24H_UP","50/2154","200/21355",9.76312016113088e-10,2.37708730399344e-08,7.08621453299124e-09
"GSE26030_UNSTIM_VS_RESTIM_TH1_DAY5_POST_POLARIZATION_DN","GSE26030_UNSTIM_VS_RESTIM_TH1_DAY5_POST_POLARIZATION_DN","50/2154","200/21355",9.76312016113088e-10,2.37708730399344e-08,7.08621453299124e-09
"GSE26030_UNSTIM_VS_RESTIM_TH17_DAY15_POST_POLARIZATION_DN","GSE26030_UNSTIM_VS_RESTIM_TH17_DAY15_POST_POLARIZATION_DN","50/2154","200/21355",9.76312016113088e-10,2.37708730399344e-08,7.08621453299124e-09
"GSE29164_UNTREATED_VS_CD8_TCELL_TREATED_MELANOMA_DAY3_DN","GSE29164_UNTREATED_VS_CD8_TCELL_TREATED_MELANOMA_DAY3_DN","50/2154","200/21355",9.76312016113088e-10,2.37708730399344e-08,7.08621453299124e-09
"GSE30083_SP2_VS_SP4_THYMOCYTE_DN","GSE30083_SP2_VS_SP4_THYMOCYTE_DN","50/2154","200/21355",9.76312016113088e-10,2.37708730399344e-08,7.08621453299124e-09
"GSE36078_WT_VS_IL1R_KO_LUNG_DC_AFTER_AD5_INF_UP","GSE36078_WT_VS_IL1R_KO_LUNG_DC_AFTER_AD5_INF_UP","50/2154","200/21355",9.76312016113088e-10,2.37708730399344e-08,7.08621453299124e-09
"GSE36826_NORMAL_VS_STAPH_AUREUS_INF_SKIN_DN","GSE36826_NORMAL_VS_STAPH_AUREUS_INF_SKIN_DN","50/2154","200/21355",9.76312016113088e-10,2.37708730399344e-08,7.08621453299124e-09
"GSE39556_UNTREATED_VS_3H_POLYIC_INJ_MOUSE_CD8A_DC_DN","GSE39556_UNTREATED_VS_3H_POLYIC_INJ_MOUSE_CD8A_DC_DN","50/2154","200/21355",9.76312016113088e-10,2.37708730399344e-08,7.08621453299124e-09
"GSE41176_WT_VS_TAK1_KO_ANTI_IGM_STIM_BCELL_24H_DN","GSE41176_WT_VS_TAK1_KO_ANTI_IGM_STIM_BCELL_24H_DN","50/2154","200/21355",9.76312016113088e-10,2.37708730399344e-08,7.08621453299124e-09
"GSE5503_MLN_DC_VS_SPLEEN_DC_ACTIVATED_ALLOGENIC_TCELL_UP","GSE5503_MLN_DC_VS_SPLEEN_DC_ACTIVATED_ALLOGENIC_TCELL_UP","50/2154","200/21355",9.76312016113088e-10,2.37708730399344e-08,7.08621453299124e-09
"GSE5589_WT_VS_IL10_KO_LPS_AND_IL10_STIM_MACROPHAGE_45MIN_UP","GSE5589_WT_VS_IL10_KO_LPS_AND_IL10_STIM_MACROPHAGE_45MIN_UP","50/2154","200/21355",9.76312016113088e-10,2.37708730399344e-08,7.08621453299124e-09
"GSE7509_DC_VS_MONOCYTE_UP","GSE7509_DC_VS_MONOCYTE_UP","50/2154","200/21355",9.76312016113088e-10,2.37708730399344e-08,7.08621453299124e-09
"GSE7852_LN_VS_THYMUS_TCONV_DN","GSE7852_LN_VS_THYMUS_TCONV_DN","50/2154","200/21355",9.76312016113088e-10,2.37708730399344e-08,7.08621453299124e-09
"GSE9650_NAIVE_VS_MEMORY_CD8_TCELL_DN","GSE9650_NAIVE_VS_MEMORY_CD8_TCELL_DN","50/2154","200/21355",9.76312016113088e-10,2.37708730399344e-08,7.08621453299124e-09
"GAUCHER_PBMC_YF_VAX_STAMARIL_UNKNOWN_AGE_3DY_UP","GAUCHER_PBMC_YF_VAX_STAMARIL_UNKNOWN_AGE_3DY_UP","53/2154","219/21355",1.09131110449864e-09,2.64448989445572e-08,7.88335484816181e-09
"GSE40274_CTRL_VS_LEF1_TRANSDUCED_ACTIVATED_CD4_TCELL_UP","GSE40274_CTRL_VS_LEF1_TRANSDUCED_ACTIVATED_CD4_TCELL_UP","45/2154","172/21355",1.41301837001968e-09,3.40387405479791e-08,1.01471164963352e-08
"GSE12366_GC_VS_NAIVE_BCELL_DN","GSE12366_GC_VS_NAIVE_BCELL_DN","49/2154","196/21355",1.43131805550861e-09,3.40387405479791e-08,1.01471164963352e-08
"GSE2770_IL12_AND_TGFB_ACT_VS_ACT_CD4_TCELL_2H_DN","GSE2770_IL12_AND_TGFB_ACT_VS_ACT_CD4_TCELL_2H_DN","49/2154","196/21355",1.43131805550861e-09,3.40387405479791e-08,1.01471164963352e-08
"GSE2770_TGFB_AND_IL4_VS_TGFB_AND_IL12_TREATED_ACT_CD4_TCELL_48H_DN","GSE2770_TGFB_AND_IL4_VS_TGFB_AND_IL12_TREATED_ACT_CD4_TCELL_48H_DN","49/2154","196/21355",1.43131805550861e-09,3.40387405479791e-08,1.01471164963352e-08
"GSE13411_PLASMA_CELL_VS_MEMORY_BCELL_DN","GSE13411_PLASMA_CELL_VS_MEMORY_BCELL_DN","49/2154","197/21355",1.7211547684949e-09,4.01838553941297e-08,1.19790055504956e-08
"GSE20727_CTRL_VS_ROS_INH_AND_DNFB_ALLERGEN_TREATED_DC_UP","GSE20727_CTRL_VS_ROS_INH_AND_DNFB_ALLERGEN_TREATED_DC_UP","49/2154","197/21355",1.7211547684949e-09,4.01838553941297e-08,1.19790055504956e-08
"GSE22886_NAIVE_VS_IGM_MEMORY_BCELL_DN","GSE22886_NAIVE_VS_IGM_MEMORY_BCELL_DN","49/2154","197/21355",1.7211547684949e-09,4.01838553941297e-08,1.19790055504956e-08
"GSE6259_33D1_POS_VS_DEC205_POS_SPLENIC_DC_DN","GSE6259_33D1_POS_VS_DEC205_POS_SPLENIC_DC_DN","49/2154","197/21355",1.7211547684949e-09,4.01838553941297e-08,1.19790055504956e-08
"GSE17974_0H_VS_6H_IN_VITRO_ACT_CD4_TCELL_UP","GSE17974_0H_VS_6H_IN_VITRO_ACT_CD4_TCELL_UP","48/2154","191/21355",1.74202934670617e-09,4.04863456804939e-08,1.20691793972753e-08
"GSE3982_MAST_CELL_VS_TH2_UP","GSE3982_MAST_CELL_VS_TH2_UP","49/2154","198/21355",2.06623661096612e-09,4.78039266600441e-08,1.42505863904689e-08
"GSE7219_UNSTIM_VS_LPS_AND_ANTI_CD40_STIM_DC_DN","GSE7219_UNSTIM_VS_LPS_AND_ANTI_CD40_STIM_DC_DN","45/2154","174/21355",2.10276109896928e-09,4.84298085541888e-08,1.44371648710646e-08
"GSE17721_CTRL_VS_LPS_24H_BMDC_UP","GSE17721_CTRL_VS_LPS_24H_BMDC_UP","49/2154","199/21355",2.47642420972044e-09,5.553489905395e-08,1.65552274038559e-08
"GSE19198_CTRL_VS_IL21_TREATED_TCELL_1H_DN","GSE19198_CTRL_VS_IL21_TREATED_TCELL_1H_DN","49/2154","199/21355",2.47642420972044e-09,5.553489905395e-08,1.65552274038559e-08
"GSE24634_TREG_VS_TCONV_POST_DAY10_IL4_CONVERSION_UP","GSE24634_TREG_VS_TCONV_POST_DAY10_IL4_CONVERSION_UP","49/2154","199/21355",2.47642420972044e-09,5.553489905395e-08,1.65552274038559e-08
"GSE360_HIGH_DOSE_B_MALAYI_VS_M_TUBERCULOSIS_MAC_UP","GSE360_HIGH_DOSE_B_MALAYI_VS_M_TUBERCULOSIS_MAC_UP","49/2154","199/21355",2.47642420972044e-09,5.553489905395e-08,1.65552274038559e-08
"GSE37416_12H_VS_48H_F_TULARENSIS_LVS_NEUTROPHIL_UP","GSE37416_12H_VS_48H_F_TULARENSIS_LVS_NEUTROPHIL_UP","49/2154","199/21355",2.47642420972044e-09,5.553489905395e-08,1.65552274038559e-08
"GSE3982_NEUTROPHIL_VS_EFF_MEMORY_CD4_TCELL_UP","GSE3982_NEUTROPHIL_VS_EFF_MEMORY_CD4_TCELL_UP","49/2154","199/21355",2.47642420972044e-09,5.553489905395e-08,1.65552274038559e-08
"GSE3920_UNTREATED_VS_IFNA_TREATED_ENDOTHELIAL_CELL_UP","GSE3920_UNTREATED_VS_IFNA_TREATED_ENDOTHELIAL_CELL_UP","45/2154","175/21355",2.55747567938685e-09,5.70413865514048e-08,1.70043187594952e-08
"GSE3565_CTRL_VS_LPS_INJECTED_DUSP1_KO_SPLENOCYTES_UP","GSE3565_CTRL_VS_LPS_INJECTED_DUSP1_KO_SPLENOCYTES_UP","46/2154","181/21355",2.56591412220284e-09,5.70413865514048e-08,1.70043187594952e-08
"GSE10325_MYELOID_VS_LUPUS_MYELOID_DN","GSE10325_MYELOID_VS_LUPUS_MYELOID_DN","49/2154","200/21355",2.96321558380492e-09,5.80495068199026e-08,1.73048443853581e-08
"GSE13306_RA_VS_UNTREATED_MEM_CD4_TCELL_DN","GSE13306_RA_VS_UNTREATED_MEM_CD4_TCELL_DN","49/2154","200/21355",2.96321558380492e-09,5.80495068199026e-08,1.73048443853581e-08
"GSE13522_CTRL_VS_T_CRUZI_Y_STRAIN_INF_SKIN_IFNAR_KO_DN","GSE13522_CTRL_VS_T_CRUZI_Y_STRAIN_INF_SKIN_IFNAR_KO_DN","49/2154","200/21355",2.96321558380492e-09,5.80495068199026e-08,1.73048443853581e-08
"GSE1460_DP_VS_CD4_THYMOCYTE_DN","GSE1460_DP_VS_CD4_THYMOCYTE_DN","49/2154","200/21355",2.96321558380492e-09,5.80495068199026e-08,1.73048443853581e-08
"GSE15330_MEGAKARYOCYTE_ERYTHROID_PROGENITOR_VS_PRO_BCELL_UP","GSE15330_MEGAKARYOCYTE_ERYTHROID_PROGENITOR_VS_PRO_BCELL_UP","49/2154","200/21355",2.96321558380492e-09,5.80495068199026e-08,1.73048443853581e-08
"GSE16450_IMMATURE_VS_MATURE_NEURON_CELL_LINE_12H_IFNA_STIM_UP","GSE16450_IMMATURE_VS_MATURE_NEURON_CELL_LINE_12H_IFNA_STIM_UP","49/2154","200/21355",2.96321558380492e-09,5.80495068199026e-08,1.73048443853581e-08
"GSE16451_CTRL_VS_WEST_EQUINE_ENC_VIRUS_IMMATURE_NEURON_CELL_LINE_DN","GSE16451_CTRL_VS_WEST_EQUINE_ENC_VIRUS_IMMATURE_NEURON_CELL_LINE_DN","49/2154","200/21355",2.96321558380492e-09,5.80495068199026e-08,1.73048443853581e-08
"GSE17721_0.5H_VS_4H_CPG_BMDC_UP","GSE17721_0.5H_VS_4H_CPG_BMDC_UP","49/2154","200/21355",2.96321558380492e-09,5.80495068199026e-08,1.73048443853581e-08
"GSE19198_CTRL_VS_IL21_TREATED_TCELL_24H_DN","GSE19198_CTRL_VS_IL21_TREATED_TCELL_24H_DN","49/2154","200/21355",2.96321558380492e-09,5.80495068199026e-08,1.73048443853581e-08
"GSE19888_ADENOSINE_A3R_INH_PRETREAT_AND_ACT_BY_A3R_VS_TCELL_MEMBRANES_ACT_MAST_CELL_UP","GSE19888_ADENOSINE_A3R_INH_PRETREAT_AND_ACT_BY_A3R_VS_TCELL_MEMBRANES_ACT_MAST_CELL_UP","49/2154","200/21355",2.96321558380492e-09,5.80495068199026e-08,1.73048443853581e-08
"GSE20366_CD103_KLRG1_DP_VS_DN_TREG_DN","GSE20366_CD103_KLRG1_DP_VS_DN_TREG_DN","49/2154","200/21355",2.96321558380492e-09,5.80495068199026e-08,1.73048443853581e-08
"GSE21927_SPLEEN_C57BL6_VS_4T1_TUMOR_BALBC_MONOCYTES_UP","GSE21927_SPLEEN_C57BL6_VS_4T1_TUMOR_BALBC_MONOCYTES_UP","49/2154","200/21355",2.96321558380492e-09,5.80495068199026e-08,1.73048443853581e-08
"GSE22103_LPS_VS_GMCSF_AND_IFNG_STIM_NEUTROPHIL_DN","GSE22103_LPS_VS_GMCSF_AND_IFNG_STIM_NEUTROPHIL_DN","49/2154","200/21355",2.96321558380492e-09,5.80495068199026e-08,1.73048443853581e-08
"GSE22432_PDC_VS_TGFB1_TREATEDCOMMON_DC_PROGENITOR_DN","GSE22432_PDC_VS_TGFB1_TREATEDCOMMON_DC_PROGENITOR_DN","49/2154","200/21355",2.96321558380492e-09,5.80495068199026e-08,1.73048443853581e-08
"GSE23568_ID3_KO_VS_WT_CD8_TCELL_DN","GSE23568_ID3_KO_VS_WT_CD8_TCELL_DN","49/2154","200/21355",2.96321558380492e-09,5.80495068199026e-08,1.73048443853581e-08
"GSE24142_DN2_VS_DN3_THYMOCYTE_FETAL_UP","GSE24142_DN2_VS_DN3_THYMOCYTE_FETAL_UP","49/2154","200/21355",2.96321558380492e-09,5.80495068199026e-08,1.73048443853581e-08
"GSE24142_EARLY_THYMIC_PROGENITOR_VS_DN2_THYMOCYTE_FETAL_UP","GSE24142_EARLY_THYMIC_PROGENITOR_VS_DN2_THYMOCYTE_FETAL_UP","49/2154","200/21355",2.96321558380492e-09,5.80495068199026e-08,1.73048443853581e-08
"GSE24292_WT_VS_PPARG_KO_MACROPHAGE_UP","GSE24292_WT_VS_PPARG_KO_MACROPHAGE_UP","49/2154","200/21355",2.96321558380492e-09,5.80495068199026e-08,1.73048443853581e-08
"GSE25123_CTRL_VS_IL4_STIM_MACROPHAGE_UP","GSE25123_CTRL_VS_IL4_STIM_MACROPHAGE_UP","49/2154","200/21355",2.96321558380492e-09,5.80495068199026e-08,1.73048443853581e-08
"GSE29164_UNTREATED_VS_CD8_TCELL_TREATED_MELANOMA_DAY7_UP","GSE29164_UNTREATED_VS_CD8_TCELL_TREATED_MELANOMA_DAY7_UP","49/2154","200/21355",2.96321558380492e-09,5.80495068199026e-08,1.73048443853581e-08
"GSE33424_CD161_HIGH_VS_INT_CD8_TCELL_UP","GSE33424_CD161_HIGH_VS_INT_CD8_TCELL_UP","49/2154","200/21355",2.96321558380492e-09,5.80495068199026e-08,1.73048443853581e-08
"GSE34392_ST2_KO_VS_WT_DAY8_LCMV_EFFECTOR_CD8_TCELL_UP","GSE34392_ST2_KO_VS_WT_DAY8_LCMV_EFFECTOR_CD8_TCELL_UP","49/2154","200/21355",2.96321558380492e-09,5.80495068199026e-08,1.73048443853581e-08
"GSE35685_CD34POS_CD38NEG_VS_CD34POS_CD10NEG_CD62LPOS_BONE_MARROW_UP","GSE35685_CD34POS_CD38NEG_VS_CD34POS_CD10NEG_CD62LPOS_BONE_MARROW_UP","49/2154","200/21355",2.96321558380492e-09,5.80495068199026e-08,1.73048443853581e-08
"GSE360_L_DONOVANI_VS_B_MALAYI_LOW_DOSE_DC_DN","GSE360_L_DONOVANI_VS_B_MALAYI_LOW_DOSE_DC_DN","49/2154","200/21355",2.96321558380492e-09,5.80495068199026e-08,1.73048443853581e-08
"GSE39556_CD8A_DC_VS_NK_CELL_UP","GSE39556_CD8A_DC_VS_NK_CELL_UP","49/2154","200/21355",2.96321558380492e-09,5.80495068199026e-08,1.73048443853581e-08
"GSE3982_DC_VS_TH1_UP","GSE3982_DC_VS_TH1_UP","49/2154","200/21355",2.96321558380492e-09,5.80495068199026e-08,1.73048443853581e-08
"GSE40274_LEF1_VS_FOXP3_AND_LEF1_TRANSDUCED_ACTIVATED_CD4_TCELL_UP","GSE40274_LEF1_VS_FOXP3_AND_LEF1_TRANSDUCED_ACTIVATED_CD4_TCELL_UP","49/2154","200/21355",2.96321558380492e-09,5.80495068199026e-08,1.73048443853581e-08
"GSE41176_WT_VS_TAK1_KO_ANTI_IGM_STIM_BCELL_24H_UP","GSE41176_WT_VS_TAK1_KO_ANTI_IGM_STIM_BCELL_24H_UP","49/2154","200/21355",2.96321558380492e-09,5.80495068199026e-08,1.73048443853581e-08
"GSE42088_UNINF_VS_LEISHMANIA_INF_DC_24H_UP","GSE42088_UNINF_VS_LEISHMANIA_INF_DC_24H_UP","49/2154","200/21355",2.96321558380492e-09,5.80495068199026e-08,1.73048443853581e-08
"GSE5679_CTRL_VS_PPARG_LIGAND_ROSIGLITAZONE_AND_RARA_AGONIST_AM580_TREATED_DC_UP","GSE5679_CTRL_VS_PPARG_LIGAND_ROSIGLITAZONE_AND_RARA_AGONIST_AM580_TREATED_DC_UP","49/2154","200/21355",2.96321558380492e-09,5.80495068199026e-08,1.73048443853581e-08
"KAECH_NAIVE_VS_MEMORY_CD8_TCELL_DN","KAECH_NAIVE_VS_MEMORY_CD8_TCELL_DN","49/2154","200/21355",2.96321558380492e-09,5.80495068199026e-08,1.73048443853581e-08
"GSE21360_SECONDARY_VS_QUATERNARY_MEMORY_CD8_TCELL_DN","GSE21360_SECONDARY_VS_QUATERNARY_MEMORY_CD8_TCELL_DN","43/2154","164/21355",3.02786766324506e-09,5.90896464205037e-08,1.76149151320966e-08
"GSE21360_NAIVE_VS_PRIMARY_MEMORY_CD8_TCELL_DN","GSE21360_NAIVE_VS_PRIMARY_MEMORY_CD8_TCELL_DN","46/2154","182/21355",3.10235866647892e-09,6.03131553677062e-08,1.79796491857574e-08
"GSE40274_CTRL_VS_XBP1_TRANSDUCED_ACTIVATED_CD4_TCELL_UP","GSE40274_CTRL_VS_XBP1_TRANSDUCED_ACTIVATED_CD4_TCELL_UP","44/2154","171/21355",3.74734326668418e-09,7.25763868278645e-08,2.16353789878736e-08
"GSE14000_UNSTIM_VS_16H_LPS_DC_TRANSLATED_RNA_UP","GSE14000_UNSTIM_VS_16H_LPS_DC_TRANSLATED_RNA_UP","48/2154","197/21355",5.18803113269525e-09,9.97233202310933e-08,2.97280137718351e-08
"GSE1460_DP_THYMOCYTE_VS_NAIVE_CD4_TCELL_ADULT_BLOOD_DN","GSE1460_DP_THYMOCYTE_VS_NAIVE_CD4_TCELL_ADULT_BLOOD_DN","48/2154","197/21355",5.18803113269525e-09,9.97233202310933e-08,2.97280137718351e-08
"GSE13738_RESTING_VS_BYSTANDER_ACTIVATED_CD4_TCELL_DN","GSE13738_RESTING_VS_BYSTANDER_ACTIVATED_CD4_TCELL_DN","48/2154","198/21355",6.18700537964861e-09,1.18037904873669e-07,3.51876818135554e-08
"GSE2770_UNTREATED_VS_ACT_CD4_TCELL_2H_UP","GSE2770_UNTREATED_VS_ACT_CD4_TCELL_2H_UP","48/2154","198/21355",6.18700537964861e-09,1.18037904873669e-07,3.51876818135554e-08
"GSE6259_BCELL_VS_CD8_TCELL_UP","GSE6259_BCELL_VS_CD8_TCELL_UP","47/2154","192/21355",6.36622451979127e-09,1.21005598400345e-07,3.60723658957455e-08
"GSE21360_PRIMARY_VS_QUATERNARY_MEMORY_CD8_TCELL_UP","GSE21360_PRIMARY_VS_QUATERNARY_MEMORY_CD8_TCELL_UP","44/2154","174/21355",6.6673627709239e-09,1.26260095732348e-07,3.76387574748452e-08
"GSE19401_UNSTIM_VS_RETINOIC_ACID_AND_PAM2CSK4_STIM_FOLLICULAR_DC_DN","GSE19401_UNSTIM_VS_RETINOIC_ACID_AND_PAM2CSK4_STIM_FOLLICULAR_DC_DN","48/2154","199/21355",7.36652787075161e-09,1.36963843647829e-07,4.08295975381754e-08
"GSE2405_0H_VS_12H_A_PHAGOCYTOPHILUM_STIM_NEUTROPHIL_UP","GSE2405_0H_VS_12H_A_PHAGOCYTOPHILUM_STIM_NEUTROPHIL_UP","48/2154","199/21355",7.36652787075161e-09,1.36963843647829e-07,4.08295975381754e-08
"GSE31082_DP_VS_CD4_SP_THYMOCYTE_DN","GSE31082_DP_VS_CD4_SP_THYMOCYTE_DN","48/2154","199/21355",7.36652787075161e-09,1.36963843647829e-07,4.08295975381754e-08
"GSE360_L_DONOVANI_VS_B_MALAYI_LOW_DOSE_MAC_UP","GSE360_L_DONOVANI_VS_B_MALAYI_LOW_DOSE_MAC_UP","48/2154","199/21355",7.36652787075161e-09,1.36963843647829e-07,4.08295975381754e-08
"GSE7548_NAIVE_VS_DAY7_PCC_IMMUNIZATION_CD4_TCELL_DN","GSE7548_NAIVE_VS_DAY7_PCC_IMMUNIZATION_CD4_TCELL_DN","48/2154","199/21355",7.36652787075161e-09,1.36963843647829e-07,4.08295975381754e-08
"GSE25677_MPL_VS_R848_STIM_BCELL_DN","GSE25677_MPL_VS_R848_STIM_BCELL_DN","45/2154","181/21355",7.9517257772539e-09,1.47308601083693e-07,4.39134207683587e-08
"GOLDRATH_NAIVE_VS_MEMORY_CD8_TCELL_UP","GOLDRATH_NAIVE_VS_MEMORY_CD8_TCELL_UP","48/2154","200/21355",8.75704754031363e-09,1.48260874415972e-07,4.41972981469994e-08
"GSE1432_1H_VS_24H_IFNG_MICROGLIA_UP","GSE1432_1H_VS_24H_IFNG_MICROGLIA_UP","48/2154","200/21355",8.75704754031363e-09,1.48260874415972e-07,4.41972981469994e-08
"GSE14699_NAIVE_VS_DELETIONAL_TOLERANCE_CD8_TCELL_DN","GSE14699_NAIVE_VS_DELETIONAL_TOLERANCE_CD8_TCELL_DN","48/2154","200/21355",8.75704754031363e-09,1.48260874415972e-07,4.41972981469994e-08
"GSE17301_CTRL_VS_48H_ACD3_ACD28_IFNA5_STIM_CD8_TCELL_DN","GSE17301_CTRL_VS_48H_ACD3_ACD28_IFNA5_STIM_CD8_TCELL_DN","48/2154","200/21355",8.75704754031363e-09,1.48260874415972e-07,4.41972981469994e-08
"GSE17721_CTRL_VS_CPG_8H_BMDC_UP","GSE17721_CTRL_VS_CPG_8H_BMDC_UP","48/2154","200/21355",8.75704754031363e-09,1.48260874415972e-07,4.41972981469994e-08
"GSE17721_CTRL_VS_GARDIQUIMOD_24H_BMDC_UP","GSE17721_CTRL_VS_GARDIQUIMOD_24H_BMDC_UP","48/2154","200/21355",8.75704754031363e-09,1.48260874415972e-07,4.41972981469994e-08
"GSE17721_LPS_VS_PAM3CSK4_24H_BMDC_DN","GSE17721_LPS_VS_PAM3CSK4_24H_BMDC_DN","48/2154","200/21355",8.75704754031363e-09,1.48260874415972e-07,4.41972981469994e-08
"GSE19772_HCMV_INFL_VS_HCMV_INF_MONOCYTES_AND_PI3K_INHIBITION_DN","GSE19772_HCMV_INFL_VS_HCMV_INF_MONOCYTES_AND_PI3K_INHIBITION_DN","48/2154","200/21355",8.75704754031363e-09,1.48260874415972e-07,4.41972981469994e-08
"GSE20715_0H_VS_24H_OZONE_LUNG_UP","GSE20715_0H_VS_24H_OZONE_LUNG_UP","48/2154","200/21355",8.75704754031363e-09,1.48260874415972e-07,4.41972981469994e-08
"GSE22140_GERMFREE_VS_SPF_ARTHRITIC_MOUSE_CD4_TCELL_UP","GSE22140_GERMFREE_VS_SPF_ARTHRITIC_MOUSE_CD4_TCELL_UP","48/2154","200/21355",8.75704754031363e-09,1.48260874415972e-07,4.41972981469994e-08
"GSE22886_NAIVE_BCELL_VS_NEUTROPHIL_DN","GSE22886_NAIVE_BCELL_VS_NEUTROPHIL_DN","48/2154","200/21355",8.75704754031363e-09,1.48260874415972e-07,4.41972981469994e-08
"GSE23505_IL6_IL1_VS_IL6_IL1_IL23_TREATED_CD4_TCELL_DN","GSE23505_IL6_IL1_VS_IL6_IL1_IL23_TREATED_CD4_TCELL_DN","48/2154","200/21355",8.75704754031363e-09,1.48260874415972e-07,4.41972981469994e-08
"GSE24142_EARLY_THYMIC_PROGENITOR_VS_DN2_THYMOCYTE_ADULT_UP","GSE24142_EARLY_THYMIC_PROGENITOR_VS_DN2_THYMOCYTE_ADULT_UP","48/2154","200/21355",8.75704754031363e-09,1.48260874415972e-07,4.41972981469994e-08
"GSE24210_CTRL_VS_IL35_TREATED_TCONV_CD4_TCELL_UP","GSE24210_CTRL_VS_IL35_TREATED_TCONV_CD4_TCELL_UP","48/2154","200/21355",8.75704754031363e-09,1.48260874415972e-07,4.41972981469994e-08
"GSE24634_IL4_VS_CTRL_TREATED_NAIVE_CD4_TCELL_DAY5_UP","GSE24634_IL4_VS_CTRL_TREATED_NAIVE_CD4_TCELL_DAY5_UP","48/2154","200/21355",8.75704754031363e-09,1.48260874415972e-07,4.41972981469994e-08
"GSE29164_CD8_TCELL_VS_CD8_TCELL_AND_IL12_TREATED_MELANOMA_DAY3_DN","GSE29164_CD8_TCELL_VS_CD8_TCELL_AND_IL12_TREATED_MELANOMA_DAY3_DN","48/2154","200/21355",8.75704754031363e-09,1.48260874415972e-07,4.41972981469994e-08
"GSE3039_CD4_TCELL_VS_B1_BCELL_DN","GSE3039_CD4_TCELL_VS_B1_BCELL_DN","48/2154","200/21355",8.75704754031363e-09,1.48260874415972e-07,4.41972981469994e-08
"GSE32164_RESTING_DIFFERENTIATED_VS_ALTERNATIVELY_ACT_M2_MACROPHAGE_DN","GSE32164_RESTING_DIFFERENTIATED_VS_ALTERNATIVELY_ACT_M2_MACROPHAGE_DN","48/2154","200/21355",8.75704754031363e-09,1.48260874415972e-07,4.41972981469994e-08
"GSE33425_CD161_HIGH_VS_INT_CD8_TCELL_DN","GSE33425_CD161_HIGH_VS_INT_CD8_TCELL_DN","48/2154","200/21355",8.75704754031363e-09,1.48260874415972e-07,4.41972981469994e-08
"GSE360_CTRL_VS_L_DONOVANI_MAC_UP","GSE360_CTRL_VS_L_DONOVANI_MAC_UP","48/2154","200/21355",8.75704754031363e-09,1.48260874415972e-07,4.41972981469994e-08
"GSE369_PRE_VS_POST_IL6_INJECTION_SOCS3_KO_LIVER_DN","GSE369_PRE_VS_POST_IL6_INJECTION_SOCS3_KO_LIVER_DN","48/2154","200/21355",8.75704754031363e-09,1.48260874415972e-07,4.41972981469994e-08
"GSE40273_EOS_KO_VS_WT_TREG_UP","GSE40273_EOS_KO_VS_WT_TREG_UP","48/2154","200/21355",8.75704754031363e-09,1.48260874415972e-07,4.41972981469994e-08
"GSE5589_LPS_VS_LPS_AND_IL10_STIM_IL6_KO_MACROPHAGE_180MIN_UP","GSE5589_LPS_VS_LPS_AND_IL10_STIM_IL6_KO_MACROPHAGE_180MIN_UP","48/2154","200/21355",8.75704754031363e-09,1.48260874415972e-07,4.41972981469994e-08
"GSE9650_EFFECTOR_VS_EXHAUSTED_CD8_TCELL_UP","GSE9650_EFFECTOR_VS_EXHAUSTED_CD8_TCELL_UP","48/2154","200/21355",8.75704754031363e-09,1.48260874415972e-07,4.41972981469994e-08
"GSE9988_LPS_VS_CTRL_TREATED_MONOCYTE_DN","GSE9988_LPS_VS_CTRL_TREATED_MONOCYTE_DN","48/2154","200/21355",8.75704754031363e-09,1.48260874415972e-07,4.41972981469994e-08
"KAECH_NAIVE_VS_DAY8_EFF_CD8_TCELL_DN","KAECH_NAIVE_VS_DAY8_EFF_CD8_TCELL_DN","48/2154","200/21355",8.75704754031363e-09,1.48260874415972e-07,4.41972981469994e-08
"GSE26488_CTRL_VS_PEPTIDE_INJECTION_OT2_THYMOCYTE_DN","GSE26488_CTRL_VS_PEPTIDE_INJECTION_OT2_THYMOCYTE_DN","45/2154","183/21355",1.14360600559326e-08,1.92978795597305e-07,5.75279310786535e-08
"GSE10325_LUPUS_CD4_TCELL_VS_LUPUS_BCELL_DN","GSE10325_LUPUS_CD4_TCELL_VS_LUPUS_BCELL_DN","47/2154","196/21355",1.28262025833246e-08,2.15724913843878e-07,6.43086611518492e-08
"THAKAR_PBMC_INACTIVATED_INFLUENZA_AGE_70PLS_NONRESPONDER_2DY_DN","THAKAR_PBMC_INACTIVATED_INFLUENZA_AGE_70PLS_NONRESPONDER_2DY_DN","39/2154","148/21355",1.38986189580902e-08,2.32995536828574e-07,6.94571190726991e-08
"NAKAYA_B_CELL_FLUMIST_AGE_18_50YO_7DY_DN","NAKAYA_B_CELL_FLUMIST_AGE_18_50YO_7DY_DN","77/2154","399/21355",1.71043715440002e-08,2.85799515374094e-07,8.51982455992854e-08
"GSE1791_CTRL_VS_NEUROMEDINU_IN_T_CELL_LINE_6H_UP","GSE1791_CTRL_VS_NEUROMEDINU_IN_T_CELL_LINE_6H_UP","47/2154","198/21355",1.80309338771646e-08,2.94543657872022e-07,8.78049176194195e-08
"GSE20727_CTRL_VS_H2O2_TREATED_DC_UP","GSE20727_CTRL_VS_H2O2_TREATED_DC_UP","47/2154","198/21355",1.80309338771646e-08,2.94543657872022e-07,8.78049176194195e-08
"GSE2770_IL4_ACT_VS_ACT_CD4_TCELL_6H_UP","GSE2770_IL4_ACT_VS_ACT_CD4_TCELL_6H_UP","47/2154","198/21355",1.80309338771646e-08,2.94543657872022e-07,8.78049176194195e-08
"GSE2770_TGFB_AND_IL4_VS_IL4_TREATED_ACT_CD4_TCELL_48H_DN","GSE2770_TGFB_AND_IL4_VS_IL4_TREATED_ACT_CD4_TCELL_48H_DN","47/2154","198/21355",1.80309338771646e-08,2.94543657872022e-07,8.78049176194195e-08
"GSE36826_NORMAL_VS_STAPH_AUREUS_INF_SKIN_UP","GSE36826_NORMAL_VS_STAPH_AUREUS_INF_SKIN_UP","47/2154","198/21355",1.80309338771646e-08,2.94543657872022e-07,8.78049176194195e-08
"GSE42724_NAIVE_BCELL_VS_PLASMABLAST_DN","GSE42724_NAIVE_BCELL_VS_PLASMABLAST_DN","47/2154","198/21355",1.80309338771646e-08,2.94543657872022e-07,8.78049176194195e-08
"GSE4984_LPS_VS_VEHICLE_CTRL_TREATED_DC_DN","GSE4984_LPS_VS_VEHICLE_CTRL_TREATED_DC_DN","47/2154","198/21355",1.80309338771646e-08,2.94543657872022e-07,8.78049176194195e-08
"GSE17974_0H_VS_4H_IN_VITRO_ACT_CD4_TCELL_UP","GSE17974_0H_VS_4H_IN_VITRO_ACT_CD4_TCELL_UP","46/2154","192/21355",1.87860109463151e-08,3.05900872511175e-07,9.11905593371245e-08
"GSE15930_NAIVE_VS_72H_IN_VITRO_STIM_TRICHOSTATINA_CD8_TCELL_DN","GSE15930_NAIVE_VS_72H_IN_VITRO_STIM_TRICHOSTATINA_CD8_TCELL_DN","47/2154","199/21355",2.13284804712528e-08,3.39727478658927e-07,1.01274437522132e-07
"GSE17721_LPS_VS_POLYIC_6H_BMDC_DN","GSE17721_LPS_VS_POLYIC_6H_BMDC_DN","47/2154","199/21355",2.13284804712528e-08,3.39727478658927e-07,1.01274437522132e-07
"GSE22140_HEALTHY_VS_ARTHRITIC_MOUSE_CD4_TCELL_UP","GSE22140_HEALTHY_VS_ARTHRITIC_MOUSE_CD4_TCELL_UP","47/2154","199/21355",2.13284804712528e-08,3.39727478658927e-07,1.01274437522132e-07
"GSE25087_TREG_VS_TCONV_ADULT_UP","GSE25087_TREG_VS_TCONV_ADULT_UP","47/2154","199/21355",2.13284804712528e-08,3.39727478658927e-07,1.01274437522132e-07
"GSE30971_CTRL_VS_LPS_STIM_MACROPHAGE_WBP7_HET_2H_DN","GSE30971_CTRL_VS_LPS_STIM_MACROPHAGE_WBP7_HET_2H_DN","47/2154","199/21355",2.13284804712528e-08,3.39727478658927e-07,1.01274437522132e-07
"GSE360_T_GONDII_VS_M_TUBERCULOSIS_MAC_UP","GSE360_T_GONDII_VS_M_TUBERCULOSIS_MAC_UP","47/2154","199/21355",2.13284804712528e-08,3.39727478658927e-07,1.01274437522132e-07
"GSE3982_MAC_VS_NKCELL_UP","GSE3982_MAC_VS_NKCELL_UP","47/2154","199/21355",2.13284804712528e-08,3.39727478658927e-07,1.01274437522132e-07
"NAKAYA_PBMC_FLUARIX_FLUVIRIN_AGE_18_50YO_7DY_DN","NAKAYA_PBMC_FLUARIX_FLUVIRIN_AGE_18_50YO_7DY_DN","59/2154","277/21355",2.18238209312428e-08,3.46537877085231e-07,1.03304650893886e-07
"GSE15330_HSC_VS_LYMPHOID_PRIMED_MULTIPOTENT_PROGENITOR_DN","GSE15330_HSC_VS_LYMPHOID_PRIMED_MULTIPOTENT_PROGENITOR_DN","44/2154","181/21355",2.39361671380301e-08,3.57772136500411e-07,1.06653639052692e-07
"GSE35825_UNTREATED_VS_IFNG_STIM_MACROPHAGE_DN","GSE35825_UNTREATED_VS_IFNG_STIM_MACROPHAGE_DN","44/2154","181/21355",2.39361671380301e-08,3.57772136500411e-07,1.06653639052692e-07
"GSE36095_WT_VS_HDAC9_KO_TREG_UP","GSE36095_WT_VS_HDAC9_KO_TREG_UP","44/2154","181/21355",2.39361671380301e-08,3.57772136500411e-07,1.06653639052692e-07
"GSE26488_WT_VS_VP16_TRANSGENIC_HDAC7_KO_DOUBLE_POSITIVE_THYMOCYTE_DN","GSE26488_WT_VS_VP16_TRANSGENIC_HDAC7_KO_DOUBLE_POSITIVE_THYMOCYTE_DN","42/2154","169/21355",2.50678134712845e-08,3.57772136500411e-07,1.06653639052692e-07
"GSE15930_NAIVE_VS_72H_IN_VITRO_STIM_IL12_CD8_TCELL_DN","GSE15930_NAIVE_VS_72H_IN_VITRO_STIM_IL12_CD8_TCELL_DN","47/2154","200/21355",2.51902932016718e-08,3.57772136500411e-07,1.06653639052692e-07
"GSE17721_CTRL_VS_GARDIQUIMOD_4H_BMDC_UP","GSE17721_CTRL_VS_GARDIQUIMOD_4H_BMDC_UP","47/2154","200/21355",2.51902932016718e-08,3.57772136500411e-07,1.06653639052692e-07
"GSE17721_PAM3CSK4_VS_GADIQUIMOD_16H_BMDC_UP","GSE17721_PAM3CSK4_VS_GADIQUIMOD_16H_BMDC_UP","47/2154","200/21355",2.51902932016718e-08,3.57772136500411e-07,1.06653639052692e-07
"GSE19888_CTRL_VS_TCELL_MEMBRANES_ACT_MAST_CELL_PRETREAT_A3R_INH_DN","GSE19888_CTRL_VS_TCELL_MEMBRANES_ACT_MAST_CELL_PRETREAT_A3R_INH_DN","47/2154","200/21355",2.51902932016718e-08,3.57772136500411e-07,1.06653639052692e-07
"GSE19923_HEB_KO_VS_HEB_AND_E2A_KO_DP_THYMOCYTE_UP","GSE19923_HEB_KO_VS_HEB_AND_E2A_KO_DP_THYMOCYTE_UP","47/2154","200/21355",2.51902932016718e-08,3.57772136500411e-07,1.06653639052692e-07
"GSE22140_HEALTHY_VS_ARTHRITIC_GERMFREE_MOUSE_CD4_TCELL_DN","GSE22140_HEALTHY_VS_ARTHRITIC_GERMFREE_MOUSE_CD4_TCELL_DN","47/2154","200/21355",2.51902932016718e-08,3.57772136500411e-07,1.06653639052692e-07
"GSE22886_NAIVE_BCELL_VS_DC_DN","GSE22886_NAIVE_BCELL_VS_DC_DN","47/2154","200/21355",2.51902932016718e-08,3.57772136500411e-07,1.06653639052692e-07
"GSE22886_NAIVE_TCELL_VS_DC_DN","GSE22886_NAIVE_TCELL_VS_DC_DN","47/2154","200/21355",2.51902932016718e-08,3.57772136500411e-07,1.06653639052692e-07
"GSE23502_WT_VS_HDC_KO_MYELOID_DERIVED_SUPPRESSOR_CELL_BM_DN","GSE23502_WT_VS_HDC_KO_MYELOID_DERIVED_SUPPRESSOR_CELL_BM_DN","47/2154","200/21355",2.51902932016718e-08,3.57772136500411e-07,1.06653639052692e-07
"GSE23568_CTRL_TRANSDUCED_VS_WT_CD8_TCELL_DN","GSE23568_CTRL_TRANSDUCED_VS_WT_CD8_TCELL_DN","47/2154","200/21355",2.51902932016718e-08,3.57772136500411e-07,1.06653639052692e-07
"GSE24142_ADULT_VS_FETAL_EARLY_THYMIC_PROGENITOR_UP","GSE24142_ADULT_VS_FETAL_EARLY_THYMIC_PROGENITOR_UP","47/2154","200/21355",2.51902932016718e-08,3.57772136500411e-07,1.06653639052692e-07
"GSE24634_IL4_VS_CTRL_TREATED_NAIVE_CD4_TCELL_DAY3_DN","GSE24634_IL4_VS_CTRL_TREATED_NAIVE_CD4_TCELL_DAY3_DN","47/2154","200/21355",2.51902932016718e-08,3.57772136500411e-07,1.06653639052692e-07
"GSE2826_XID_VS_BTK_KO_BCELL_DN","GSE2826_XID_VS_BTK_KO_BCELL_DN","47/2154","200/21355",2.51902932016718e-08,3.57772136500411e-07,1.06653639052692e-07
"GSE30083_SP3_VS_SP4_THYMOCYTE_DN","GSE30083_SP3_VS_SP4_THYMOCYTE_DN","47/2154","200/21355",2.51902932016718e-08,3.57772136500411e-07,1.06653639052692e-07
"GSE32164_RESTING_DIFFERENTIATED_VS_CMYC_INHIBITED_MACROPHAGE_DN","GSE32164_RESTING_DIFFERENTIATED_VS_CMYC_INHIBITED_MACROPHAGE_DN","47/2154","200/21355",2.51902932016718e-08,3.57772136500411e-07,1.06653639052692e-07
"GSE33162_HDAC3_KO_VS_HDAC3_KO_MACROPHAGE_DN","GSE33162_HDAC3_KO_VS_HDAC3_KO_MACROPHAGE_DN","47/2154","200/21355",2.51902932016718e-08,3.57772136500411e-07,1.06653639052692e-07
"GSE34006_UNTREATED_VS_A2AR_AGONIST_TREATED_TREG_DN","GSE34006_UNTREATED_VS_A2AR_AGONIST_TREATED_TREG_DN","47/2154","200/21355",2.51902932016718e-08,3.57772136500411e-07,1.06653639052692e-07
"GSE36392_TYPE_2_MYELOID_VS_NEUTROPHIL_IL25_TREATED_LUNG_UP","GSE36392_TYPE_2_MYELOID_VS_NEUTROPHIL_IL25_TREATED_LUNG_UP","47/2154","200/21355",2.51902932016718e-08,3.57772136500411e-07,1.06653639052692e-07
"GSE37533_PPARG1_FOXP3_VS_PPARG2_FOXP3_TRANSDUCED_CD4_TCELL_DN","GSE37533_PPARG1_FOXP3_VS_PPARG2_FOXP3_TRANSDUCED_CD4_TCELL_DN","47/2154","200/21355",2.51902932016718e-08,3.57772136500411e-07,1.06653639052692e-07
"GSE37533_UNTREATED_VS_PIOGLIZATONE_TREATED_CD4_TCELL_PPARG1_AND_FOXP3_TRASDUCED_DN","GSE37533_UNTREATED_VS_PIOGLIZATONE_TREATED_CD4_TCELL_PPARG1_AND_FOXP3_TRASDUCED_DN","47/2154","200/21355",2.51902932016718e-08,3.57772136500411e-07,1.06653639052692e-07
"GSE39556_UNTREATED_VS_3H_POLYIC_INJ_MOUSE_CD8A_DC_UP","GSE39556_UNTREATED_VS_3H_POLYIC_INJ_MOUSE_CD8A_DC_UP","47/2154","200/21355",2.51902932016718e-08,3.57772136500411e-07,1.06653639052692e-07
"GSE3982_DC_VS_BASOPHIL_UP","GSE3982_DC_VS_BASOPHIL_UP","47/2154","200/21355",2.51902932016718e-08,3.57772136500411e-07,1.06653639052692e-07
"GSE39820_TGFBETA1_IL6_VS_TGFBETA1_IL6_IL23A_TREATED_CD4_TCELL_UP","GSE39820_TGFBETA1_IL6_VS_TGFBETA1_IL6_IL23A_TREATED_CD4_TCELL_UP","47/2154","200/21355",2.51902932016718e-08,3.57772136500411e-07,1.06653639052692e-07
"GSE40274_CTRL_VS_FOXP3_TRANSDUCED_ACTIVATED_CD4_TCELL_DN","GSE40274_CTRL_VS_FOXP3_TRANSDUCED_ACTIVATED_CD4_TCELL_DN","47/2154","200/21355",2.51902932016718e-08,3.57772136500411e-07,1.06653639052692e-07
"GSE40666_WT_VS_STAT1_KO_CD8_TCELL_DN","GSE40666_WT_VS_STAT1_KO_CD8_TCELL_DN","47/2154","200/21355",2.51902932016718e-08,3.57772136500411e-07,1.06653639052692e-07
"GSE40666_WT_VS_STAT4_KO_CD8_TCELL_WITH_IFNA_STIM_90MIN_DN","GSE40666_WT_VS_STAT4_KO_CD8_TCELL_WITH_IFNA_STIM_90MIN_DN","47/2154","200/21355",2.51902932016718e-08,3.57772136500411e-07,1.06653639052692e-07
"GSE41867_NAIVE_VS_DAY6_LCMV_EFFECTOR_CD8_TCELL_DN","GSE41867_NAIVE_VS_DAY6_LCMV_EFFECTOR_CD8_TCELL_DN","47/2154","200/21355",2.51902932016718e-08,3.57772136500411e-07,1.06653639052692e-07
"GSE41867_NAIVE_VS_DAY8_LCMV_EFFECTOR_CD8_TCELL_DN","GSE41867_NAIVE_VS_DAY8_LCMV_EFFECTOR_CD8_TCELL_DN","47/2154","200/21355",2.51902932016718e-08,3.57772136500411e-07,1.06653639052692e-07
"GSE43863_DAY6_EFF_VS_DAY150_MEM_LY6C_INT_CXCR5POS_CD4_TCELL_DN","GSE43863_DAY6_EFF_VS_DAY150_MEM_LY6C_INT_CXCR5POS_CD4_TCELL_DN","47/2154","200/21355",2.51902932016718e-08,3.57772136500411e-07,1.06653639052692e-07
"GSE43863_DAY6_EFF_VS_DAY150_MEM_TH1_CD4_TCELL_UP","GSE43863_DAY6_EFF_VS_DAY150_MEM_TH1_CD4_TCELL_UP","47/2154","200/21355",2.51902932016718e-08,3.57772136500411e-07,1.06653639052692e-07
"GSE5589_UNSTIM_VS_45MIN_LPS_AND_IL6_STIM_MACROPHAGE_UP","GSE5589_UNSTIM_VS_45MIN_LPS_AND_IL6_STIM_MACROPHAGE_UP","47/2154","200/21355",2.51902932016718e-08,3.57772136500411e-07,1.06653639052692e-07
"GSE9509_10MIN_VS_30MIN_LPS_STIM_IL10_KO_MACROPHAGE_UP","GSE9509_10MIN_VS_30MIN_LPS_STIM_IL10_KO_MACROPHAGE_UP","47/2154","200/21355",2.51902932016718e-08,3.57772136500411e-07,1.06653639052692e-07
"GSE9988_LOW_LPS_VS_CTRL_TREATED_MONOCYTE_DN","GSE9988_LOW_LPS_VS_CTRL_TREATED_MONOCYTE_DN","47/2154","200/21355",2.51902932016718e-08,3.57772136500411e-07,1.06653639052692e-07
"KAECH_DAY8_EFF_VS_DAY15_EFF_CD8_TCELL_UP","KAECH_DAY8_EFF_VS_DAY15_EFF_CD8_TCELL_UP","47/2154","200/21355",2.51902932016718e-08,3.57772136500411e-07,1.06653639052692e-07
"GSE5099_CLASSICAL_M1_VS_ALTERNATIVE_M2_MACROPHAGE_UP","GSE5099_CLASSICAL_M1_VS_ALTERNATIVE_M2_MACROPHAGE_UP","46/2154","194/21355",2.63941184246632e-08,3.73831378131034e-07,1.11440978215228e-07
"GSE37416_CTRL_VS_12H_F_TULARENSIS_LVS_NEUTROPHIL_UP","GSE37416_CTRL_VS_12H_F_TULARENSIS_LVS_NEUTROPHIL_UP","46/2154","195/21355",3.12108676034173e-08,4.40831950431693e-07,1.3141417938281e-07
"GSE21360_TERTIARY_VS_QUATERNARY_MEMORY_CD8_TCELL_UP","GSE21360_TERTIARY_VS_QUATERNARY_MEMORY_CD8_TCELL_UP","44/2154","183/21355",3.39341694815017e-08,4.77976332118231e-07,1.42487102825038e-07
"GSE21360_NAIVE_VS_SECONDARY_MEMORY_CD8_TCELL_DN","GSE21360_NAIVE_VS_SECONDARY_MEMORY_CD8_TCELL_DN","43/2154","177/21355",3.50832807809949e-08,4.92804435805568e-07,1.46907433692541e-07
"GSE14000_4H_VS_16H_LPS_DC_TRANSLATED_RNA_UP","GSE14000_4H_VS_16H_LPS_DC_TRANSLATED_RNA_UP","46/2154","196/21355",3.68488315429124e-08,5.14776163057134e-07,1.53457313989466e-07
"GSE22886_NAIVE_VS_IGG_IGA_MEMORY_BCELL_DN","GSE22886_NAIVE_VS_IGG_IGA_MEMORY_BCELL_DN","46/2154","196/21355",3.68488315429124e-08,5.14776163057134e-07,1.53457313989466e-07
"GSE21033_CTRL_VS_POLYIC_STIM_DC_12H_UP","GSE21033_CTRL_VS_POLYIC_STIM_DC_12H_UP","40/2154","159/21355",3.72072827351736e-08,5.183674022478e-07,1.54527880110516e-07
"GSE15330_MEGAKARYOCYTE_ERYTHROID_VS_GRANULOCYTE_MONOCYTE_PROGENITOR_UP","GSE15330_MEGAKARYOCYTE_ERYTHROID_VS_GRANULOCYTE_MONOCYTE_PROGENITOR_UP","43/2154","178/21355",4.18006792256773e-08,5.80779545871978e-07,1.73133248051432e-07
"GSE11057_NAIVE_VS_EFF_MEMORY_CD4_TCELL_DN","GSE11057_NAIVE_VS_EFF_MEMORY_CD4_TCELL_DN","46/2154","197/21355",4.34379005559322e-08,6.0026482579049e-07,1.78941906130839e-07
"GSE9988_ANTI_TREM1_AND_LPS_VS_CTRL_TREATED_MONOCYTES_DN","GSE9988_ANTI_TREM1_AND_LPS_VS_CTRL_TREATED_MONOCYTES_DN","46/2154","197/21355",4.34379005559322e-08,6.0026482579049e-07,1.78941906130839e-07
"GSE14000_UNSTIM_VS_4H_LPS_DC_DN","GSE14000_UNSTIM_VS_4H_LPS_DC_DN","46/2154","198/21355",5.11268509981914e-08,6.98961468325541e-07,2.08363862216102e-07
"GSE2706_LPS_VS_R848_AND_LPS_8H_STIM_DC_UP","GSE2706_LPS_VS_R848_AND_LPS_8H_STIM_DC_UP","46/2154","198/21355",5.11268509981914e-08,6.98961468325541e-07,2.08363862216102e-07
"GSE2706_UNSTIM_VS_8H_LPS_DC_DN","GSE2706_UNSTIM_VS_8H_LPS_DC_DN","46/2154","198/21355",5.11268509981914e-08,6.98961468325541e-07,2.08363862216102e-07
"GSE45382_UNTREATED_VS_TGFB_TREATED_MACROPHAGES_UP","GSE45382_UNTREATED_VS_TGFB_TREATED_MACROPHAGES_UP","46/2154","198/21355",5.11268509981914e-08,6.98961468325541e-07,2.08363862216102e-07
"GSE17721_CTRL_VS_CPG_0.5H_BMDC_UP","GSE17721_CTRL_VS_CPG_0.5H_BMDC_UP","46/2154","199/21355",6.0085838215441e-08,7.97971144923506e-07,2.37879135299955e-07
"GSE19198_6H_VS_24H_IL21_TREATED_TCELL_UP","GSE19198_6H_VS_24H_IL21_TREATED_TCELL_UP","46/2154","199/21355",6.0085838215441e-08,7.97971144923506e-07,2.37879135299955e-07
"GSE2128_C57BL6_VS_NOD_THYMOCYTE_MIMETOPE_NEGATIVE_SELECTION_DN","GSE2128_C57BL6_VS_NOD_THYMOCYTE_MIMETOPE_NEGATIVE_SELECTION_DN","46/2154","199/21355",6.0085838215441e-08,7.97971144923506e-07,2.37879135299955e-07
"GSE22229_RENAL_TRANSPLANT_IMMUNOSUPP_THERAPY_VS_HEALTHY_PBMC_DN","GSE22229_RENAL_TRANSPLANT_IMMUNOSUPP_THERAPY_VS_HEALTHY_PBMC_DN","46/2154","199/21355",6.0085838215441e-08,7.97971144923506e-07,2.37879135299955e-07
"GSE22886_NAIVE_CD8_TCELL_VS_DC_UP","GSE22886_NAIVE_CD8_TCELL_VS_DC_UP","46/2154","199/21355",6.0085838215441e-08,7.97971144923506e-07,2.37879135299955e-07
"GSE25123_WT_VS_PPARG_KO_MACROPHAGE_UP","GSE25123_WT_VS_PPARG_KO_MACROPHAGE_UP","46/2154","199/21355",6.0085838215441e-08,7.97971144923506e-07,2.37879135299955e-07
"GSE2770_IL4_ACT_VS_ACT_CD4_TCELL_6H_DN","GSE2770_IL4_ACT_VS_ACT_CD4_TCELL_6H_DN","46/2154","199/21355",6.0085838215441e-08,7.97971144923506e-07,2.37879135299955e-07
"GSE37416_0H_VS_12H_F_TULARENSIS_LVS_NEUTROPHIL_DN","GSE37416_0H_VS_12H_F_TULARENSIS_LVS_NEUTROPHIL_DN","46/2154","199/21355",6.0085838215441e-08,7.97971144923506e-07,2.37879135299955e-07
"GSE3982_MAST_CELL_VS_CENT_MEMORY_CD4_TCELL_UP","GSE3982_MAST_CELL_VS_CENT_MEMORY_CD4_TCELL_UP","46/2154","199/21355",6.0085838215441e-08,7.97971144923506e-07,2.37879135299955e-07
"GSE40274_FOXP3_VS_FOXP3_AND_GATA1_TRANSDUCED_ACTIVATED_CD4_TCELL_DN","GSE40274_FOXP3_VS_FOXP3_AND_GATA1_TRANSDUCED_ACTIVATED_CD4_TCELL_DN","46/2154","199/21355",6.0085838215441e-08,7.97971144923506e-07,2.37879135299955e-07
"GSE41867_MEMORY_VS_EXHAUSTED_CD8_TCELL_DAY30_LCMV_UP","GSE41867_MEMORY_VS_EXHAUSTED_CD8_TCELL_DAY30_LCMV_UP","46/2154","199/21355",6.0085838215441e-08,7.97971144923506e-07,2.37879135299955e-07
"GSE21360_NAIVE_VS_PRIMARY_MEMORY_CD8_TCELL_UP","GSE21360_NAIVE_VS_PRIMARY_MEMORY_CD8_TCELL_UP","42/2154","174/21355",6.12579709739425e-08,8.11430066294736e-07,2.41891306163809e-07
"THAKAR_PBMC_INACTIVATED_INFLUENZA_AGE_21_30YO_NONRESPONDER_7DY_DN","THAKAR_PBMC_INACTIVATED_INFLUENZA_AGE_21_30YO_NONRESPONDER_7DY_DN","24/2154","72/21355",7.03124370082029e-08,8.34521879188653e-07,2.48775089516953e-07
"GOLDRATH_NAIVE_VS_EFF_CD8_TCELL_DN","GOLDRATH_NAIVE_VS_EFF_CD8_TCELL_DN","46/2154","200/21355",7.05091828299429e-08,8.34521879188653e-07,2.48775089516953e-07
"GSE14769_UNSTIM_VS_120MIN_LPS_BMDM_DN","GSE14769_UNSTIM_VS_120MIN_LPS_BMDM_DN","46/2154","200/21355",7.05091828299429e-08,8.34521879188653e-07,2.48775089516953e-07
"GSE14769_UNSTIM_VS_360MIN_LPS_BMDM_UP","GSE14769_UNSTIM_VS_360MIN_LPS_BMDM_UP","46/2154","200/21355",7.05091828299429e-08,8.34521879188653e-07,2.48775089516953e-07
"GSE15735_2H_VS_12H_HDAC_INHIBITOR_TREATED_CD4_TCELL_DN","GSE15735_2H_VS_12H_HDAC_INHIBITOR_TREATED_CD4_TCELL_DN","46/2154","200/21355",7.05091828299429e-08,8.34521879188653e-07,2.48775089516953e-07
"GSE15735_CTRL_VS_HDAC_INHIBITOR_TREATED_CD4_TCELL_12H_DN","GSE15735_CTRL_VS_HDAC_INHIBITOR_TREATED_CD4_TCELL_12H_DN","46/2154","200/21355",7.05091828299429e-08,8.34521879188653e-07,2.48775089516953e-07
"GSE17186_BLOOD_VS_CORD_BLOOD_CD21LOW_TRANSITIONAL_BCELL_UP","GSE17186_BLOOD_VS_CORD_BLOOD_CD21LOW_TRANSITIONAL_BCELL_UP","46/2154","200/21355",7.05091828299429e-08,8.34521879188653e-07,2.48775089516953e-07
"GSE17186_CD21LOW_VS_CD21HIGH_TRANSITIONAL_BCELL_UP","GSE17186_CD21LOW_VS_CD21HIGH_TRANSITIONAL_BCELL_UP","46/2154","200/21355",7.05091828299429e-08,8.34521879188653e-07,2.48775089516953e-07
"GSE17721_0.5H_VS_12H_CPG_BMDC_UP","GSE17721_0.5H_VS_12H_CPG_BMDC_UP","46/2154","200/21355",7.05091828299429e-08,8.34521879188653e-07,2.48775089516953e-07
"GSE17721_CTRL_VS_GARDIQUIMOD_12H_BMDC_UP","GSE17721_CTRL_VS_GARDIQUIMOD_12H_BMDC_UP","46/2154","200/21355",7.05091828299429e-08,8.34521879188653e-07,2.48775089516953e-07
"GSE17721_CTRL_VS_PAM3CSK4_6H_BMDC_UP","GSE17721_CTRL_VS_PAM3CSK4_6H_BMDC_UP","46/2154","200/21355",7.05091828299429e-08,8.34521879188653e-07,2.48775089516953e-07
"GSE17721_PAM3CSK4_VS_GADIQUIMOD_24H_BMDC_UP","GSE17721_PAM3CSK4_VS_GADIQUIMOD_24H_BMDC_UP","46/2154","200/21355",7.05091828299429e-08,8.34521879188653e-07,2.48775089516953e-07
"GSE18281_SUBCAPSULAR_VS_PERIMEDULLARY_CORTICAL_REGION_OF_THYMUS_UP","GSE18281_SUBCAPSULAR_VS_PERIMEDULLARY_CORTICAL_REGION_OF_THYMUS_UP","46/2154","200/21355",7.05091828299429e-08,8.34521879188653e-07,2.48775089516953e-07
"GSE19923_E2A_KO_VS_E2A_AND_HEB_KO_DP_THYMOCYTE_DN","GSE19923_E2A_KO_VS_E2A_AND_HEB_KO_DP_THYMOCYTE_DN","46/2154","200/21355",7.05091828299429e-08,8.34521879188653e-07,2.48775089516953e-07
"GSE21670_UNTREATED_VS_IL6_TREATED_CD4_TCELL_DN","GSE21670_UNTREATED_VS_IL6_TREATED_CD4_TCELL_DN","46/2154","200/21355",7.05091828299429e-08,8.34521879188653e-07,2.48775089516953e-07
"GSE22601_IMMATURE_CD4_SINGLE_POSITIVE_VS_CD8_SINGLE_POSITIVE_THYMOCYTE_UP","GSE22601_IMMATURE_CD4_SINGLE_POSITIVE_VS_CD8_SINGLE_POSITIVE_THYMOCYTE_UP","46/2154","200/21355",7.05091828299429e-08,8.34521879188653e-07,2.48775089516953e-07
"GSE22886_DAY0_VS_DAY7_MONOCYTE_IN_CULTURE_DN","GSE22886_DAY0_VS_DAY7_MONOCYTE_IN_CULTURE_DN","46/2154","200/21355",7.05091828299429e-08,8.34521879188653e-07,2.48775089516953e-07
"GSE22886_IGM_MEMORY_BCELL_VS_BM_PLASMA_CELL_UP","GSE22886_IGM_MEMORY_BCELL_VS_BM_PLASMA_CELL_UP","46/2154","200/21355",7.05091828299429e-08,8.34521879188653e-07,2.48775089516953e-07
"GSE22935_UNSTIM_VS_24H_MBOVIS_BCG_STIM_MYD88_KO_MACROPHAGE_UP","GSE22935_UNSTIM_VS_24H_MBOVIS_BCG_STIM_MYD88_KO_MACROPHAGE_UP","46/2154","200/21355",7.05091828299429e-08,8.34521879188653e-07,2.48775089516953e-07
"GSE26030_UNSTIM_VS_RESTIM_TH1_DAY15_POST_POLARIZATION_UP","GSE26030_UNSTIM_VS_RESTIM_TH1_DAY15_POST_POLARIZATION_UP","46/2154","200/21355",7.05091828299429e-08,8.34521879188653e-07,2.48775089516953e-07
"GSE26669_CTRL_VS_COSTIM_BLOCK_MLR_CD8_TCELL_DN","GSE26669_CTRL_VS_COSTIM_BLOCK_MLR_CD8_TCELL_DN","46/2154","200/21355",7.05091828299429e-08,8.34521879188653e-07,2.48775089516953e-07
"GSE2770_UNTREATED_VS_IL4_TREATED_ACT_CD4_TCELL_48H_UP","GSE2770_UNTREATED_VS_IL4_TREATED_ACT_CD4_TCELL_48H_UP","46/2154","200/21355",7.05091828299429e-08,8.34521879188653e-07,2.48775089516953e-07
"GSE27786_BCELL_VS_CD8_TCELL_UP","GSE27786_BCELL_VS_CD8_TCELL_UP","46/2154","200/21355",7.05091828299429e-08,8.34521879188653e-07,2.48775089516953e-07
"GSE27786_BCELL_VS_NKCELL_DN","GSE27786_BCELL_VS_NKCELL_DN","46/2154","200/21355",7.05091828299429e-08,8.34521879188653e-07,2.48775089516953e-07
"GSE27786_BCELL_VS_NKTCELL_DN","GSE27786_BCELL_VS_NKTCELL_DN","46/2154","200/21355",7.05091828299429e-08,8.34521879188653e-07,2.48775089516953e-07
"GSE28726_ACT_CD4_TCELL_VS_ACT_VA24NEG_NKTCELL_DN","GSE28726_ACT_CD4_TCELL_VS_ACT_VA24NEG_NKTCELL_DN","46/2154","200/21355",7.05091828299429e-08,8.34521879188653e-07,2.48775089516953e-07
"GSE3039_CD4_TCELL_VS_B2_BCELL_UP","GSE3039_CD4_TCELL_VS_B2_BCELL_UP","46/2154","200/21355",7.05091828299429e-08,8.34521879188653e-07,2.48775089516953e-07
"GSE31082_CD4_VS_CD8_SP_THYMOCYTE_UP","GSE31082_CD4_VS_CD8_SP_THYMOCYTE_UP","46/2154","200/21355",7.05091828299429e-08,8.34521879188653e-07,2.48775089516953e-07
"GSE32034_LY6C_HIGH_VS_LOW_MONOCYTE_UP","GSE32034_LY6C_HIGH_VS_LOW_MONOCYTE_UP","46/2154","200/21355",7.05091828299429e-08,8.34521879188653e-07,2.48775089516953e-07
"GSE33424_CD161_INT_VS_NEG_CD8_TCELL_DN","GSE33424_CD161_INT_VS_NEG_CD8_TCELL_DN","46/2154","200/21355",7.05091828299429e-08,8.34521879188653e-07,2.48775089516953e-07
"GSE33425_CD161_HIGH_VS_NEG_CD8_TCELL_DN","GSE33425_CD161_HIGH_VS_NEG_CD8_TCELL_DN","46/2154","200/21355",7.05091828299429e-08,8.34521879188653e-07,2.48775089516953e-07
"GSE33425_CD161_INT_VS_NEG_CD8_TCELL_DN","GSE33425_CD161_INT_VS_NEG_CD8_TCELL_DN","46/2154","200/21355",7.05091828299429e-08,8.34521879188653e-07,2.48775089516953e-07
"GSE37533_PPARG1_FOXP3_VS_FOXP3_TRANSDUCED_CD4_TCELL_PIOGLITAZONE_TREATED_UP","GSE37533_PPARG1_FOXP3_VS_FOXP3_TRANSDUCED_CD4_TCELL_PIOGLITAZONE_TREATED_UP","46/2154","200/21355",7.05091828299429e-08,8.34521879188653e-07,2.48775089516953e-07
"GSE39820_CTRL_VS_TGFBETA1_IL6_CD4_TCELL_DN","GSE39820_CTRL_VS_TGFBETA1_IL6_CD4_TCELL_DN","46/2154","200/21355",7.05091828299429e-08,8.34521879188653e-07,2.48775089516953e-07
"GSE39916_B_CELL_SPLEEN_VS_PLASMA_CELL_BONE_MARROW_DN","GSE39916_B_CELL_SPLEEN_VS_PLASMA_CELL_BONE_MARROW_DN","46/2154","200/21355",7.05091828299429e-08,8.34521879188653e-07,2.48775089516953e-07
"GSE40068_CXCR5POS_BCL6POS_TFH_VS_CXCR5NEG_BCL6NEG_CD4_TCELL_DN","GSE40068_CXCR5POS_BCL6POS_TFH_VS_CXCR5NEG_BCL6NEG_CD4_TCELL_DN","46/2154","200/21355",7.05091828299429e-08,8.34521879188653e-07,2.48775089516953e-07
"GSE40184_HEALTHY_VS_HCV_INFECTED_DONOR_PBMC_DN","GSE40184_HEALTHY_VS_HCV_INFECTED_DONOR_PBMC_DN","46/2154","200/21355",7.05091828299429e-08,8.34521879188653e-07,2.48775089516953e-07
"GSE40274_FOXP3_VS_FOXP3_AND_EOS_TRANSDUCED_ACTIVATED_CD4_TCELL_UP","GSE40274_FOXP3_VS_FOXP3_AND_EOS_TRANSDUCED_ACTIVATED_CD4_TCELL_UP","46/2154","200/21355",7.05091828299429e-08,8.34521879188653e-07,2.48775089516953e-07
"GSE40274_XBP1_VS_FOXP3_AND_XBP1_TRANSDUCED_ACTIVATED_CD4_TCELL_UP","GSE40274_XBP1_VS_FOXP3_AND_XBP1_TRANSDUCED_ACTIVATED_CD4_TCELL_UP","46/2154","200/21355",7.05091828299429e-08,8.34521879188653e-07,2.48775089516953e-07
"GSE40443_INDUCED_VS_TOTAL_TREG_DN","GSE40443_INDUCED_VS_TOTAL_TREG_DN","46/2154","200/21355",7.05091828299429e-08,8.34521879188653e-07,2.48775089516953e-07
"GSE40666_UNTREATED_VS_IFNA_STIM_EFFECTOR_CD8_TCELL_90MIN_UP","GSE40666_UNTREATED_VS_IFNA_STIM_EFFECTOR_CD8_TCELL_90MIN_UP","46/2154","200/21355",7.05091828299429e-08,8.34521879188653e-07,2.48775089516953e-07
"GSE40666_UNTREATED_VS_IFNA_STIM_STAT4_KO_EFFECTOR_CD8_TCELL_90MIN_UP","GSE40666_UNTREATED_VS_IFNA_STIM_STAT4_KO_EFFECTOR_CD8_TCELL_90MIN_UP","46/2154","200/21355",7.05091828299429e-08,8.34521879188653e-07,2.48775089516953e-07
"GSE43955_TGFB_IL6_VS_TGFB_IL6_IL23_TH17_ACT_CD4_TCELL_52H_DN","GSE43955_TGFB_IL6_VS_TGFB_IL6_IL23_TH17_ACT_CD4_TCELL_52H_DN","46/2154","200/21355",7.05091828299429e-08,8.34521879188653e-07,2.48775089516953e-07
"GSE46606_IRF4_KO_VS_WT_UNSTIM_BCELL_DN","GSE46606_IRF4_KO_VS_WT_UNSTIM_BCELL_DN","46/2154","200/21355",7.05091828299429e-08,8.34521879188653e-07,2.48775089516953e-07
"GSE7219_WT_VS_NIK_NFKB2_KO_LPS_AND_ANTI_CD40_STIM_DC_DN","GSE7219_WT_VS_NIK_NFKB2_KO_LPS_AND_ANTI_CD40_STIM_DC_DN","46/2154","200/21355",7.05091828299429e-08,8.34521879188653e-07,2.48775089516953e-07
"GSE8621_LPS_STIM_VS_LPS_PRIMED_AND_LPS_STIM_MACROPHAGE_DN","GSE8621_LPS_STIM_VS_LPS_PRIMED_AND_LPS_STIM_MACROPHAGE_DN","46/2154","200/21355",7.05091828299429e-08,8.34521879188653e-07,2.48775089516953e-07
"GAUCHER_PBMC_YF_VAX_STAMARIL_UNKNOWN_AGE_3DY_DN","GAUCHER_PBMC_YF_VAX_STAMARIL_UNKNOWN_AGE_3DY_DN","30/2154","104/21355",7.18057899749921e-08,8.47905321344422e-07,2.52764759654281e-07
"GSE19888_ADENOSINE_A3R_INH_PRETREAT_AND_ACT_BY_A3R_VS_A3R_INH_AND_TCELL_MEMBRANES_ACT_MAST_CELL_UP","GSE19888_ADENOSINE_A3R_INH_PRETREAT_AND_ACT_BY_A3R_VS_A3R_INH_AND_TCELL_MEMBRANES_ACT_MAST_CELL_UP","45/2154","194/21355",7.47237672495198e-08,8.78304878038609e-07,2.61827017488941e-07
"GSE36888_UNTREATED_VS_IL2_TREATED_STAT5_AB_KNOCKIN_TCELL_6H_UP","GSE36888_UNTREATED_VS_IL2_TREATED_STAT5_AB_KNOCKIN_TCELL_6H_UP","45/2154","194/21355",7.47237672495198e-08,8.78304878038609e-07,2.61827017488941e-07
"HOWARD_NEUTROPHIL_INACT_MONOV_INFLUENZA_A_INDONESIA_05_2005_H5N1_AGE_18_49YO_1DY_DN","HOWARD_NEUTROPHIL_INACT_MONOV_INFLUENZA_A_INDONESIA_05_2005_H5N1_AGE_18_49YO_1DY_DN","31/2154","110/21355",7.89329978097295e-08,9.256523344063e-07,2.75941527833144e-07
"GSE37301_PRO_BCELL_VS_RAG2_KO_NK_CELL_UP","GSE37301_PRO_BCELL_VS_RAG2_KO_NK_CELL_UP","43/2154","182/21355",8.27800388213601e-08,9.68545397010559e-07,2.88728161419558e-07
"GSE37605_TREG_VS_TCONV_C57BL6_FOXP3_FUSION_GFP_DN","GSE37605_TREG_VS_TCONV_C57BL6_FOXP3_FUSION_GFP_DN","42/2154","177/21355",1.02441739238139e-07,1.19367211939125e-06,3.55839548082498e-07
"GAUCHER_PBMC_YF_VAX_STAMARIL_UNKNOWN_AGE_10DY_UP","GAUCHER_PBMC_YF_VAX_STAMARIL_UNKNOWN_AGE_10DY_UP","45/2154","196/21355",1.02955095765996e-07,1.19367211939125e-06,3.55839548082498e-07
"GSE22886_IGG_IGA_MEMORY_BCELL_VS_BM_PLASMA_CELL_DN","GSE22886_IGG_IGA_MEMORY_BCELL_VS_BM_PLASMA_CELL_DN","45/2154","196/21355",1.02955095765996e-07,1.19367211939125e-06,3.55839548082498e-07
"GSE29618_BCELL_VS_PDC_UP","GSE29618_BCELL_VS_PDC_UP","45/2154","196/21355",1.02955095765996e-07,1.19367211939125e-06,3.55839548082498e-07
"GSE3565_CTRL_VS_LPS_INJECTED_DUSP1_KO_SPLENOCYTES_DN","GSE3565_CTRL_VS_LPS_INJECTED_DUSP1_KO_SPLENOCYTES_DN","41/2154","171/21355",1.06724921120219e-07,1.23458036580923e-06,3.68034498171176e-07
"NAKAYA_MONOCYTE_FLUARIX_FLUVIRIN_AGE_18_50YO_7DY_DN","NAKAYA_MONOCYTE_FLUARIX_FLUVIRIN_AGE_18_50YO_7DY_DN","28/2154","95/21355",1.17474798897796e-07,1.35586601978427e-06,4.04190350015466e-07
"GSE25088_IL4_VS_IL4_AND_ROSIGLITAZONE_STIM_STAT6_KO_MACROPHAGE_DAY10_DN","GSE25088_IL4_VS_IL4_AND_ROSIGLITAZONE_STIM_STAT6_KO_MACROPHAGE_DAY10_DN","45/2154","197/21355",1.20575318032134e-07,1.38539685640067e-06,4.12993638108881e-07
"GSE3982_MAST_CELL_VS_NEUTROPHIL_DN","GSE3982_MAST_CELL_VS_NEUTROPHIL_DN","45/2154","197/21355",1.20575318032134e-07,1.38539685640067e-06,4.12993638108881e-07
"GSE6259_FLT3L_INDUCED_VS_WT_SPLENIC_DC_33D1_POS_UP","GSE6259_FLT3L_INDUCED_VS_WT_SPLENIC_DC_33D1_POS_UP","42/2154","178/21355",1.21169125418459e-07,1.3890980678578e-06,4.14096987505141e-07
"GSE16266_CTRL_VS_LPS_STIM_MEF_UP","GSE16266_CTRL_VS_LPS_STIM_MEF_UP","45/2154","198/21355",1.41001337748e-07,1.60565665903235e-06,4.78654171982428e-07
"GSE19198_6H_VS_24H_IL21_TREATED_TCELL_DN","GSE19198_6H_VS_24H_IL21_TREATED_TCELL_DN","45/2154","198/21355",1.41001337748e-07,1.60565665903235e-06,4.78654171982428e-07
"GSE42021_TCONV_PLN_VS_TREG_PRECURSORS_THYMUS_UP","GSE42021_TCONV_PLN_VS_TREG_PRECURSORS_THYMUS_UP","45/2154","198/21355",1.41001337748e-07,1.60565665903235e-06,4.78654171982428e-07
"GSE25677_MPL_VS_R848_STIM_BCELL_UP","GSE25677_MPL_VS_R848_STIM_BCELL_UP","41/2154","173/21355",1.50004068771531e-07,1.70437956361964e-06,5.08083956915035e-07
"GSE10325_CD4_TCELL_VS_LUPUS_CD4_TCELL_DN","GSE10325_CD4_TCELL_VS_LUPUS_CD4_TCELL_DN","45/2154","199/21355",1.64645477221799e-07,1.7873297771445e-06,5.32811824823255e-07
"GSE16385_ROSIGLITAZONE_IL4_VS_IL4_ALONE_STIM_MACROPHAGE_12H_DN","GSE16385_ROSIGLITAZONE_IL4_VS_IL4_ALONE_STIM_MACROPHAGE_12H_DN","45/2154","199/21355",1.64645477221799e-07,1.7873297771445e-06,5.32811824823255e-07
"GSE16522_MEMORY_VS_NAIVE_ANTI_CD3CD28_STIM_CD8_TCELL_UP","GSE16522_MEMORY_VS_NAIVE_ANTI_CD3CD28_STIM_CD8_TCELL_UP","45/2154","199/21355",1.64645477221799e-07,1.7873297771445e-06,5.32811824823255e-07
"GSE17721_LPS_VS_POLYIC_8H_BMDC_DN","GSE17721_LPS_VS_POLYIC_8H_BMDC_DN","45/2154","199/21355",1.64645477221799e-07,1.7873297771445e-06,5.32811824823255e-07
"GSE19401_NAIVE_VS_IMMUNIZED_MOUSE_PLN_FOLLICULAR_DC_UP","GSE19401_NAIVE_VS_IMMUNIZED_MOUSE_PLN_FOLLICULAR_DC_UP","45/2154","199/21355",1.64645477221799e-07,1.7873297771445e-06,5.32811824823255e-07
"GSE19923_E2A_KO_VS_HEB_AND_E2A_KO_DP_THYMOCYTE_UP","GSE19923_E2A_KO_VS_HEB_AND_E2A_KO_DP_THYMOCYTE_UP","45/2154","199/21355",1.64645477221799e-07,1.7873297771445e-06,5.32811824823255e-07
"GSE22140_HEALTHY_VS_ARTHRITIC_MOUSE_CD4_TCELL_DN","GSE22140_HEALTHY_VS_ARTHRITIC_MOUSE_CD4_TCELL_DN","45/2154","199/21355",1.64645477221799e-07,1.7873297771445e-06,5.32811824823255e-07
"GSE24142_DN2_VS_DN3_THYMOCYTE_DN","GSE24142_DN2_VS_DN3_THYMOCYTE_DN","45/2154","199/21355",1.64645477221799e-07,1.7873297771445e-06,5.32811824823255e-07
"GSE24671_CTRL_VS_SENDAI_VIRUS_INFECTED_MOUSE_SPLENOCYTES_DN","GSE24671_CTRL_VS_SENDAI_VIRUS_INFECTED_MOUSE_SPLENOCYTES_DN","45/2154","199/21355",1.64645477221799e-07,1.7873297771445e-06,5.32811824823255e-07
"GSE25085_FETAL_BM_VS_ADULT_BM_SP4_THYMIC_IMPLANT_DN","GSE25085_FETAL_BM_VS_ADULT_BM_SP4_THYMIC_IMPLANT_DN","45/2154","199/21355",1.64645477221799e-07,1.7873297771445e-06,5.32811824823255e-07
"GSE25123_WT_VS_PPARG_KO_MACROPHAGE_DN","GSE25123_WT_VS_PPARG_KO_MACROPHAGE_DN","45/2154","199/21355",1.64645477221799e-07,1.7873297771445e-06,5.32811824823255e-07
"GSE29618_MONOCYTE_VS_PDC_DAY7_FLU_VACCINE_DN","GSE29618_MONOCYTE_VS_PDC_DAY7_FLU_VACCINE_DN","45/2154","199/21355",1.64645477221799e-07,1.7873297771445e-06,5.32811824823255e-07
"GSE29949_MICROGLIA_BRAIN_VS_CD8_POS_DC_SPLEEN_UP","GSE29949_MICROGLIA_BRAIN_VS_CD8_POS_DC_SPLEEN_UP","45/2154","199/21355",1.64645477221799e-07,1.7873297771445e-06,5.32811824823255e-07
"GSE34515_CD16_NEG_MONOCYTE_VS_DC_UP","GSE34515_CD16_NEG_MONOCYTE_VS_DC_UP","45/2154","199/21355",1.64645477221799e-07,1.7873297771445e-06,5.32811824823255e-07
"GSE35685_CD34POS_CD38NEG_VS_CD34POS_CD10POS_BONE_MARROW_UP","GSE35685_CD34POS_CD38NEG_VS_CD34POS_CD10POS_BONE_MARROW_UP","45/2154","199/21355",1.64645477221799e-07,1.7873297771445e-06,5.32811824823255e-07
"GSE360_CTRL_VS_L_DONOVANI_DC_UP","GSE360_CTRL_VS_L_DONOVANI_DC_UP","45/2154","199/21355",1.64645477221799e-07,1.7873297771445e-06,5.32811824823255e-07
"GSE360_CTRL_VS_L_DONOVANI_MAC_DN","GSE360_CTRL_VS_L_DONOVANI_MAC_DN","45/2154","199/21355",1.64645477221799e-07,1.7873297771445e-06,5.32811824823255e-07
"GSE369_PRE_VS_POST_IL6_INJECTION_SOCS3_KO_LIVER_UP","GSE369_PRE_VS_POST_IL6_INJECTION_SOCS3_KO_LIVER_UP","45/2154","199/21355",1.64645477221799e-07,1.7873297771445e-06,5.32811824823255e-07
"GSE45365_NK_CELL_VS_CD11B_DC_DN","GSE45365_NK_CELL_VS_CD11B_DC_DN","45/2154","199/21355",1.64645477221799e-07,1.7873297771445e-06,5.32811824823255e-07
"GSE45365_WT_VS_IFNAR_KO_CD8A_DC_MCMV_INFECTION_UP","GSE45365_WT_VS_IFNAR_KO_CD8A_DC_MCMV_INFECTION_UP","45/2154","199/21355",1.64645477221799e-07,1.7873297771445e-06,5.32811824823255e-07
"GSE46606_IRF4HIGH_VS_WT_CD40L_IL2_IL5_DAY3_STIMULATED_BCELL_UP","GSE46606_IRF4HIGH_VS_WT_CD40L_IL2_IL5_DAY3_STIMULATED_BCELL_UP","45/2154","199/21355",1.64645477221799e-07,1.7873297771445e-06,5.32811824823255e-07
"GSE7218_UNSTIM_VS_ANTIGEN_STIM_THROUGH_IGG_BCELL_UP","GSE7218_UNSTIM_VS_ANTIGEN_STIM_THROUGH_IGG_BCELL_UP","43/2154","187/21355",1.87278421530578e-07,1.85903420913473e-06,5.54187269772012e-07
"GSE1448_CTRL_VS_ANTI_VBETA5_DP_THYMOCYTE_UP","GSE1448_CTRL_VS_ANTI_VBETA5_DP_THYMOCYTE_UP","45/2154","200/21355",1.91975369142017e-07,1.85903420913473e-06,5.54187269772012e-07
"GSE15930_NAIVE_VS_72H_IN_VITRO_STIM_CD8_TCELL_DN","GSE15930_NAIVE_VS_72H_IN_VITRO_STIM_CD8_TCELL_DN","45/2154","200/21355",1.91975369142017e-07,1.85903420913473e-06,5.54187269772012e-07
"GSE15930_NAIVE_VS_72H_IN_VITRO_STIM_IFNAB_CD8_TCELL_DN","GSE15930_NAIVE_VS_72H_IN_VITRO_STIM_IFNAB_CD8_TCELL_DN","45/2154","200/21355",1.91975369142017e-07,1.85903420913473e-06,5.54187269772012e-07
"GSE15930_STIM_VS_STIM_AND_IL12_48H_CD8_T_CELL_UP","GSE15930_STIM_VS_STIM_AND_IL12_48H_CD8_T_CELL_UP","45/2154","200/21355",1.91975369142017e-07,1.85903420913473e-06,5.54187269772012e-07
"GSE17186_BLOOD_VS_CORD_BLOOD_CD21LOW_TRANSITIONAL_BCELL_DN","GSE17186_BLOOD_VS_CORD_BLOOD_CD21LOW_TRANSITIONAL_BCELL_DN","45/2154","200/21355",1.91975369142017e-07,1.85903420913473e-06,5.54187269772012e-07
"GSE17186_MEMORY_VS_CD21HIGH_TRANSITIONAL_BCELL_DN","GSE17186_MEMORY_VS_CD21HIGH_TRANSITIONAL_BCELL_DN","45/2154","200/21355",1.91975369142017e-07,1.85903420913473e-06,5.54187269772012e-07
"GSE17186_MEMORY_VS_NAIVE_BCELL_DN","GSE17186_MEMORY_VS_NAIVE_BCELL_DN","45/2154","200/21355",1.91975369142017e-07,1.85903420913473e-06,5.54187269772012e-07
"GSE17721_0.5H_VS_24H_CPG_BMDC_UP","GSE17721_0.5H_VS_24H_CPG_BMDC_UP","45/2154","200/21355",1.91975369142017e-07,1.85903420913473e-06,5.54187269772012e-07
"GSE17721_ALL_VS_24H_PAM3CSK4_BMDC_DN","GSE17721_ALL_VS_24H_PAM3CSK4_BMDC_DN","45/2154","200/21355",1.91975369142017e-07,1.85903420913473e-06,5.54187269772012e-07
"GSE17721_ALL_VS_24H_PAM3CSK4_BMDC_UP","GSE17721_ALL_VS_24H_PAM3CSK4_BMDC_UP","45/2154","200/21355",1.91975369142017e-07,1.85903420913473e-06,5.54187269772012e-07
"GSE17721_CPG_VS_GARDIQUIMOD_8H_BMDC_DN","GSE17721_CPG_VS_GARDIQUIMOD_8H_BMDC_DN","45/2154","200/21355",1.91975369142017e-07,1.85903420913473e-06,5.54187269772012e-07
"GSE17721_POLYIC_VS_CPG_4H_BMDC_DN","GSE17721_POLYIC_VS_CPG_4H_BMDC_DN","45/2154","200/21355",1.91975369142017e-07,1.85903420913473e-06,5.54187269772012e-07
"GSE18893_TCONV_VS_TREG_24H_CULTURE_UP","GSE18893_TCONV_VS_TREG_24H_CULTURE_UP","45/2154","200/21355",1.91975369142017e-07,1.85903420913473e-06,5.54187269772012e-07
"GSE19198_CTRL_VS_IL21_TREATED_TCELL_6H_UP","GSE19198_CTRL_VS_IL21_TREATED_TCELL_6H_UP","45/2154","200/21355",1.91975369142017e-07,1.85903420913473e-06,5.54187269772012e-07
"GSE1925_3H_VS_24H_IFNG_STIM_IFNG_PRIMED_MACROPHAGE_DN","GSE1925_3H_VS_24H_IFNG_STIM_IFNG_PRIMED_MACROPHAGE_DN","45/2154","200/21355",1.91975369142017e-07,1.85903420913473e-06,5.54187269772012e-07
"GSE1925_CTRL_VS_IFNG_PRIMED_MACROPHAGE_24H_IFNG_STIM_DN","GSE1925_CTRL_VS_IFNG_PRIMED_MACROPHAGE_24H_IFNG_STIM_DN","45/2154","200/21355",1.91975369142017e-07,1.85903420913473e-06,5.54187269772012e-07
"GSE19401_UNSTIM_VS_RETINOIC_ACID_STIM_FOLLICULAR_DC_UP","GSE19401_UNSTIM_VS_RETINOIC_ACID_STIM_FOLLICULAR_DC_UP","45/2154","200/21355",1.91975369142017e-07,1.85903420913473e-06,5.54187269772012e-07
"GSE20715_0H_VS_48H_OZONE_LUNG_UP","GSE20715_0H_VS_48H_OZONE_LUNG_UP","45/2154","200/21355",1.91975369142017e-07,1.85903420913473e-06,5.54187269772012e-07
"GSE21670_UNTREATED_VS_TGFB_IL6_TREATED_STAT3_KO_CD4_TCELL_DN","GSE21670_UNTREATED_VS_TGFB_IL6_TREATED_STAT3_KO_CD4_TCELL_DN","45/2154","200/21355",1.91975369142017e-07,1.85903420913473e-06,5.54187269772012e-07
"GSE21774_CD62L_POS_CD56_BRIGHT_VS_CD62L_NEG_CD56_DIM_NK_CELL_UP","GSE21774_CD62L_POS_CD56_BRIGHT_VS_CD62L_NEG_CD56_DIM_NK_CELL_UP","45/2154","200/21355",1.91975369142017e-07,1.85903420913473e-06,5.54187269772012e-07
"GSE22140_GERMFREE_VS_SPF_MOUSE_CD4_TCELL_DN","GSE22140_GERMFREE_VS_SPF_MOUSE_CD4_TCELL_DN","45/2154","200/21355",1.91975369142017e-07,1.85903420913473e-06,5.54187269772012e-07
"GSE22886_UNSTIM_VS_IL2_STIM_NKCELL_DN","GSE22886_UNSTIM_VS_IL2_STIM_NKCELL_DN","45/2154","200/21355",1.91975369142017e-07,1.85903420913473e-06,5.54187269772012e-07
"GSE23502_BM_VS_COLON_TUMOR_MYELOID_DERIVED_SUPPRESSOR_CELL_UP","GSE23502_BM_VS_COLON_TUMOR_MYELOID_DERIVED_SUPPRESSOR_CELL_UP","45/2154","200/21355",1.91975369142017e-07,1.85903420913473e-06,5.54187269772012e-07
"GSE23568_ID3_TRANSDUCED_VS_ID3_KO_CD8_TCELL_DN","GSE23568_ID3_TRANSDUCED_VS_ID3_KO_CD8_TCELL_DN","45/2154","200/21355",1.91975369142017e-07,1.85903420913473e-06,5.54187269772012e-07
"GSE25123_IL4_VS_IL4_AND_ROSIGLITAZONE_STIM_MACROPHAGE_DAY10_UP","GSE25123_IL4_VS_IL4_AND_ROSIGLITAZONE_STIM_MACROPHAGE_DAY10_UP","45/2154","200/21355",1.91975369142017e-07,1.85903420913473e-06,5.54187269772012e-07
"GSE25123_WT_VS_PPARG_KO_MACROPHAGE_IL4_STIM_DN","GSE25123_WT_VS_PPARG_KO_MACROPHAGE_IL4_STIM_DN","45/2154","200/21355",1.91975369142017e-07,1.85903420913473e-06,5.54187269772012e-07
"GSE26030_UNSTIM_VS_RESTIM_TH1_DAY5_POST_POLARIZATION_UP","GSE26030_UNSTIM_VS_RESTIM_TH1_DAY5_POST_POLARIZATION_UP","45/2154","200/21355",1.91975369142017e-07,1.85903420913473e-06,5.54187269772012e-07
"GSE27670_BLIMP1_VS_LMP1_TRANSDUCED_GC_BCELL_UP","GSE27670_BLIMP1_VS_LMP1_TRANSDUCED_GC_BCELL_UP","45/2154","200/21355",1.91975369142017e-07,1.85903420913473e-06,5.54187269772012e-07
"GSE2770_UNTREATED_VS_TGFB_AND_IL4_TREATED_ACT_CD4_TCELL_2H_UP","GSE2770_UNTREATED_VS_TGFB_AND_IL4_TREATED_ACT_CD4_TCELL_2H_UP","45/2154","200/21355",1.91975369142017e-07,1.85903420913473e-06,5.54187269772012e-07
"GSE27786_LSK_VS_BCELL_UP","GSE27786_LSK_VS_BCELL_UP","45/2154","200/21355",1.91975369142017e-07,1.85903420913473e-06,5.54187269772012e-07
"GSE29164_UNTREATED_VS_CD8_TCELL_AND_IL12_TREATED_MELANOMA_DAY3_DN","GSE29164_UNTREATED_VS_CD8_TCELL_AND_IL12_TREATED_MELANOMA_DAY3_DN","45/2154","200/21355",1.91975369142017e-07,1.85903420913473e-06,5.54187269772012e-07
"GSE3039_CD4_TCELL_VS_ALPHABETA_CD8_TCELL_UP","GSE3039_CD4_TCELL_VS_ALPHABETA_CD8_TCELL_UP","45/2154","200/21355",1.91975369142017e-07,1.85903420913473e-06,5.54187269772012e-07
"GSE32164_ALTERNATIVELY_ACT_M2_VS_CMYC_INHIBITED_MACROPHAGE_DN","GSE32164_ALTERNATIVELY_ACT_M2_VS_CMYC_INHIBITED_MACROPHAGE_DN","45/2154","200/21355",1.91975369142017e-07,1.85903420913473e-06,5.54187269772012e-07
"GSE32164_RESTING_DIFFERENTIATED_VS_CMYC_INHIBITED_MACROPHAGE_UP","GSE32164_RESTING_DIFFERENTIATED_VS_CMYC_INHIBITED_MACROPHAGE_UP","45/2154","200/21355",1.91975369142017e-07,1.85903420913473e-06,5.54187269772012e-07
"GSE32986_GMCSF_VS_GMCSF_AND_CURDLAN_LOWDOSE_STIM_DC_UP","GSE32986_GMCSF_VS_GMCSF_AND_CURDLAN_LOWDOSE_STIM_DC_UP","45/2154","200/21355",1.91975369142017e-07,1.85903420913473e-06,5.54187269772012e-07
"GSE3337_CTRL_VS_4H_IFNG_IN_CD8POS_DC_UP","GSE3337_CTRL_VS_4H_IFNG_IN_CD8POS_DC_UP","45/2154","200/21355",1.91975369142017e-07,1.85903420913473e-06,5.54187269772012e-07
"GSE33424_CD161_HIGH_VS_NEG_CD8_TCELL_UP","GSE33424_CD161_HIGH_VS_NEG_CD8_TCELL_UP","45/2154","200/21355",1.91975369142017e-07,1.85903420913473e-06,5.54187269772012e-07
"GSE339_EX_VIVO_VS_IN_CULTURE_CD4POS_DC_DN","GSE339_EX_VIVO_VS_IN_CULTURE_CD4POS_DC_DN","45/2154","200/21355",1.91975369142017e-07,1.85903420913473e-06,5.54187269772012e-07
"GSE34515_CD16_POS_MONOCYTE_VS_DC_DN","GSE34515_CD16_POS_MONOCYTE_VS_DC_DN","45/2154","200/21355",1.91975369142017e-07,1.85903420913473e-06,5.54187269772012e-07
"GSE360_L_DONOVANI_VS_B_MALAYI_HIGH_DOSE_MAC_DN","GSE360_L_DONOVANI_VS_B_MALAYI_HIGH_DOSE_MAC_DN","45/2154","200/21355",1.91975369142017e-07,1.85903420913473e-06,5.54187269772012e-07
"GSE360_LOW_DOSE_B_MALAYI_VS_M_TUBERCULOSIS_DC_UP","GSE360_LOW_DOSE_B_MALAYI_VS_M_TUBERCULOSIS_DC_UP","45/2154","200/21355",1.91975369142017e-07,1.85903420913473e-06,5.54187269772012e-07
"GSE39110_UNTREATED_VS_IL2_TREATED_CD8_TCELL_DAY3_POST_IMMUNIZATION_UP","GSE39110_UNTREATED_VS_IL2_TREATED_CD8_TCELL_DAY3_POST_IMMUNIZATION_UP","45/2154","200/21355",1.91975369142017e-07,1.85903420913473e-06,5.54187269772012e-07
"GSE39152_CD103_NEG_VS_POS_MEMORY_CD8_TCELL_UP","GSE39152_CD103_NEG_VS_POS_MEMORY_CD8_TCELL_UP","45/2154","200/21355",1.91975369142017e-07,1.85903420913473e-06,5.54187269772012e-07
"GSE3982_BASOPHIL_VS_CENT_MEMORY_CD4_TCELL_UP","GSE3982_BASOPHIL_VS_CENT_MEMORY_CD4_TCELL_UP","45/2154","200/21355",1.91975369142017e-07,1.85903420913473e-06,5.54187269772012e-07
"GSE411_UNSTIM_VS_100MIN_IL6_STIM_SOCS3_KO_MACROPHAGE_DN","GSE411_UNSTIM_VS_100MIN_IL6_STIM_SOCS3_KO_MACROPHAGE_DN","45/2154","200/21355",1.91975369142017e-07,1.85903420913473e-06,5.54187269772012e-07
"GSE411_WT_VS_SOCS3_KO_MACROPHAGE_IL6_STIM_100MIN_UP","GSE411_WT_VS_SOCS3_KO_MACROPHAGE_IL6_STIM_100MIN_UP","45/2154","200/21355",1.91975369142017e-07,1.85903420913473e-06,5.54187269772012e-07
"GSE41176_UNSTIM_VS_ANTI_IGM_STIM_BCELL_6H_UP","GSE41176_UNSTIM_VS_ANTI_IGM_STIM_BCELL_6H_UP","45/2154","200/21355",1.91975369142017e-07,1.85903420913473e-06,5.54187269772012e-07
"GSE41867_NAIVE_VS_DAY6_LCMV_EFFECTOR_CD8_TCELL_UP","GSE41867_NAIVE_VS_DAY6_LCMV_EFFECTOR_CD8_TCELL_UP","45/2154","200/21355",1.91975369142017e-07,1.85903420913473e-06,5.54187269772012e-07
"GSE42021_CD24INT_TREG_VS_CD24INT_TCONV_THYMUS_UP","GSE42021_CD24INT_TREG_VS_CD24INT_TCONV_THYMUS_UP","45/2154","200/21355",1.91975369142017e-07,1.85903420913473e-06,5.54187269772012e-07
"GSE42021_TCONV_PLN_VS_TREG_PRECURSORS_THYMUS_DN","GSE42021_TCONV_PLN_VS_TREG_PRECURSORS_THYMUS_DN","45/2154","200/21355",1.91975369142017e-07,1.85903420913473e-06,5.54187269772012e-07
"GSE43863_NAIVE_VS_MEMORY_TFH_CD4_TCELL_D150_LCMV_UP","GSE43863_NAIVE_VS_MEMORY_TFH_CD4_TCELL_D150_LCMV_UP","45/2154","200/21355",1.91975369142017e-07,1.85903420913473e-06,5.54187269772012e-07
"GSE43955_1H_VS_60H_ACT_CD4_TCELL_WITH_TGFB_IL6_UP","GSE43955_1H_VS_60H_ACT_CD4_TCELL_WITH_TGFB_IL6_UP","45/2154","200/21355",1.91975369142017e-07,1.85903420913473e-06,5.54187269772012e-07
"GSE45365_NK_CELL_VS_CD11B_DC_MCMV_INFECTION_DN","GSE45365_NK_CELL_VS_CD11B_DC_MCMV_INFECTION_DN","45/2154","200/21355",1.91975369142017e-07,1.85903420913473e-06,5.54187269772012e-07
"GSE6259_FLT3L_INDUCED_33D1_POS_DC_VS_BCELL_DN","GSE6259_FLT3L_INDUCED_33D1_POS_DC_VS_BCELL_DN","45/2154","200/21355",1.91975369142017e-07,1.85903420913473e-06,5.54187269772012e-07
"GSE7852_TREG_VS_TCONV_FAT_UP","GSE7852_TREG_VS_TCONV_FAT_UP","45/2154","200/21355",1.91975369142017e-07,1.85903420913473e-06,5.54187269772012e-07
"GSE8685_IL2_ACT_IL2_STARVED_VS_IL15_ACT_IL2_STARVED_CD4_TCELL_UP","GSE8685_IL2_ACT_IL2_STARVED_VS_IL15_ACT_IL2_STARVED_CD4_TCELL_UP","45/2154","200/21355",1.91975369142017e-07,1.85903420913473e-06,5.54187269772012e-07
"GSE21033_CTRL_VS_POLYIC_STIM_DC_24H_UP","GSE21033_CTRL_VS_POLYIC_STIM_DC_24H_UP","38/2154","156/21355",1.99193377736121e-07,1.9252849534306e-06,5.73936943511897e-07
"GSE26928_NAIVE_VS_EFF_MEMORY_CD4_TCELL_DN","GSE26928_NAIVE_VS_EFF_MEMORY_CD4_TCELL_DN","44/2154","194/21355",2.05639852947789e-07,1.98384258136235e-06,5.91393261307642e-07
"GSE3920_UNTREATED_VS_IFNB_TREATED_ENDOTHELIAL_CELL_DN","GSE3920_UNTREATED_VS_IFNB_TREATED_ENDOTHELIAL_CELL_DN","41/2154","175/21355",2.09342341654922e-07,2.01196878361206e-06,5.99777820966219e-07
"GSE7568_IL4_TGFB_DEXAMETHASONE_VS_IL4_TGFB_TREATED_MACROPHAGE_DN","GSE7568_IL4_TGFB_DEXAMETHASONE_VS_IL4_TGFB_TREATED_MACROPHAGE_DN","41/2154","175/21355",2.09342341654922e-07,2.01196878361206e-06,5.99777820966219e-07
"GSE10325_CD4_TCELL_VS_BCELL_DN","GSE10325_CD4_TCELL_VS_BCELL_DN","44/2154","195/21355",2.39983809870935e-07,2.29782250912002e-06,6.84992226873868e-07
"GSE37416_CTRL_VS_3H_F_TULARENSIS_LVS_NEUTROPHIL_UP","GSE37416_CTRL_VS_3H_F_TULARENSIS_LVS_NEUTROPHIL_UP","44/2154","195/21355",2.39983809870935e-07,2.29782250912002e-06,6.84992226873868e-07
"GSE37301_HEMATOPOIETIC_STEM_CELL_VS_GRAN_MONO_PROGENITOR_DN","GSE37301_HEMATOPOIETIC_STEM_CELL_VS_GRAN_MONO_PROGENITOR_DN","41/2154","176/21355",2.46662657085002e-07,2.35735731901984e-06,7.02739847435481e-07
"GSE11864_UNTREATED_VS_CSF1_IN_MAC_UP","GSE11864_UNTREATED_VS_CSF1_IN_MAC_UP","44/2154","196/21355",2.79650016585521e-07,2.65278392356544e-06,7.90807975814539e-07
"GSE13411_NAIVE_BCELL_VS_PLASMA_CELL_UP","GSE13411_NAIVE_BCELL_VS_PLASMA_CELL_UP","44/2154","196/21355",2.79650016585521e-07,2.65278392356544e-06,7.90807975814539e-07
"GSE2706_UNSTIM_VS_8H_LPS_AND_R848_DC_DN","GSE2706_UNSTIM_VS_8H_LPS_AND_R848_DC_DN","44/2154","196/21355",2.79650016585521e-07,2.65278392356544e-06,7.90807975814539e-07
"GSE2770_TGFB_AND_IL4_ACT_VS_ACT_CD4_TCELL_2H_UP","GSE2770_TGFB_AND_IL4_ACT_VS_ACT_CD4_TCELL_2H_UP","44/2154","196/21355",2.79650016585521e-07,2.65278392356544e-06,7.90807975814539e-07
"GSE27859_DC_VS_CD11C_INT_F480_HI_MACROPHAGE_DN","GSE27859_DC_VS_CD11C_INT_F480_HI_MACROPHAGE_DN","38/2154","158/21355",2.82721734286122e-07,2.67695597667582e-06,7.98013784105858e-07
"GSE22611_NOD2_TRANSDUCED_VS_CTRL_HEK293T_STIMULATED_WITH_MDP_2H_UP","GSE22611_NOD2_TRANSDUCED_VS_CTRL_HEK293T_STIMULATED_WITH_MDP_2H_UP","41/2154","177/21355",2.90141022024127e-07,2.7421276258953e-06,8.17441774279473e-07
"GSE32901_NAIVE_VS_TH17_NEG_CD4_TCELL_UP","GSE32901_NAIVE_VS_TH17_NEG_CD4_TCELL_UP","40/2154","171/21355",3.06302296440905e-07,2.88952701421097e-06,8.61382259169607e-07
"GSE37301_HEMATOPOIETIC_STEM_CELL_VS_MULTIPOTENT_PROGENITOR_DN","GSE37301_HEMATOPOIETIC_STEM_CELL_VS_MULTIPOTENT_PROGENITOR_DN","39/2154","165/21355",3.2165876819878e-07,3.02880530718299e-06,9.0290180547026e-07
"GSE14000_4H_VS_16H_LPS_DC_UP","GSE14000_4H_VS_16H_LPS_DC_UP","44/2154","197/21355",3.25396988718524e-07,3.03604891116389e-06,9.05061159555173e-07
"GSE22886_NAIVE_CD8_TCELL_VS_NKCELL_DN","GSE22886_NAIVE_CD8_TCELL_VS_NKCELL_DN","44/2154","197/21355",3.25396988718524e-07,3.03604891116389e-06,9.05061159555173e-07
"GSE42021_TREG_PLN_VS_CD24LO_TREG_THYMUS_DN","GSE42021_TREG_PLN_VS_CD24LO_TREG_THYMUS_DN","44/2154","197/21355",3.25396988718524e-07,3.03604891116389e-06,9.05061159555173e-07
"GSE7509_DC_VS_MONOCYTE_WITH_FCGRIIB_STIM_DN","GSE7509_DC_VS_MONOCYTE_WITH_FCGRIIB_STIM_DN","44/2154","197/21355",3.25396988718524e-07,3.03604891116389e-06,9.05061159555173e-07
"GSE9509_LPS_VS_LPS_AND_IL10_STIM_IL10_KO_MACROPHAGE_20MIN_DN","GSE9509_LPS_VS_LPS_AND_IL10_STIM_IL10_KO_MACROPHAGE_20MIN_DN","44/2154","197/21355",3.25396988718524e-07,3.03604891116389e-06,9.05061159555173e-07
"GSE13484_12H_UNSTIM_VS_YF17D_VACCINE_STIM_PBMC_DN","GSE13484_12H_UNSTIM_VS_YF17D_VACCINE_STIM_PBMC_DN","44/2154","198/21355",3.78081460424392e-07,3.48940524756303e-06,1.04020892018719e-06
"GSE22886_CD8_TCELL_VS_BCELL_NAIVE_UP","GSE22886_CD8_TCELL_VS_BCELL_NAIVE_UP","44/2154","198/21355",3.78081460424392e-07,3.48940524756303e-06,1.04020892018719e-06
"GSE2770_IL12_ACT_VS_ACT_CD4_TCELL_48H_DN","GSE2770_IL12_ACT_VS_ACT_CD4_TCELL_48H_DN","44/2154","198/21355",3.78081460424392e-07,3.48940524756303e-06,1.04020892018719e-06
"GSE36476_CTRL_VS_TSST_ACT_40H_MEMORY_CD4_TCELL_YOUNG_UP","GSE36476_CTRL_VS_TSST_ACT_40H_MEMORY_CD4_TCELL_YOUNG_UP","44/2154","198/21355",3.78081460424392e-07,3.48940524756303e-06,1.04020892018719e-06
"GSE3982_CENT_MEMORY_CD4_TCELL_VS_NKCELL_DN","GSE3982_CENT_MEMORY_CD4_TCELL_VS_NKCELL_DN","44/2154","198/21355",3.78081460424392e-07,3.48940524756303e-06,1.04020892018719e-06
"GSE39820_CTRL_VS_TGFBETA3_IL6_IL23A_CD4_TCELL_DN","GSE39820_CTRL_VS_TGFBETA3_IL6_IL23A_CD4_TCELL_DN","44/2154","198/21355",3.78081460424392e-07,3.48940524756303e-06,1.04020892018719e-06
"GSE1112_HY_CD8AB_VS_HY_CD8AA_THYMOCYTE_RTOC_CULTURE_DN","GSE1112_HY_CD8AB_VS_HY_CD8AA_THYMOCYTE_RTOC_CULTURE_DN","43/2154","192/21355",4.07285229740855e-07,3.75216104444142e-06,1.11853771961073e-06
"GSE13306_TREG_VS_TCONV_SPLEEN_DN","GSE13306_TREG_VS_TCONV_SPLEEN_DN","44/2154","199/21355",4.38669739527062e-07,3.86710065207218e-06,1.15280178372992e-06
"GSE13485_CTRL_VS_DAY3_YF17D_VACCINE_PBMC_DN","GSE13485_CTRL_VS_DAY3_YF17D_VACCINE_PBMC_DN","44/2154","199/21355",4.38669739527062e-07,3.86710065207218e-06,1.15280178372992e-06
"GSE15930_NAIVE_VS_24H_IN_VITRO_STIM_INFAB_CD8_TCELL_DN","GSE15930_NAIVE_VS_24H_IN_VITRO_STIM_INFAB_CD8_TCELL_DN","44/2154","199/21355",4.38669739527062e-07,3.86710065207218e-06,1.15280178372992e-06
"GSE16385_IFNG_TNF_VS_IL4_STIM_MACROPHAGE_ROSIGLITAZONE_TREATED_DN","GSE16385_IFNG_TNF_VS_IL4_STIM_MACROPHAGE_ROSIGLITAZONE_TREATED_DN","44/2154","199/21355",4.38669739527062e-07,3.86710065207218e-06,1.15280178372992e-06
"GSE17721_LPS_VS_POLYIC_24H_BMDC_DN","GSE17721_LPS_VS_POLYIC_24H_BMDC_DN","44/2154","199/21355",4.38669739527062e-07,3.86710065207218e-06,1.15280178372992e-06
"GSE22886_NAIVE_BCELL_VS_NEUTROPHIL_UP","GSE22886_NAIVE_BCELL_VS_NEUTROPHIL_UP","44/2154","199/21355",4.38669739527062e-07,3.86710065207218e-06,1.15280178372992e-06
"GSE23568_ID3_KO_VS_WT_CD8_TCELL_UP","GSE23568_ID3_KO_VS_WT_CD8_TCELL_UP","44/2154","199/21355",4.38669739527062e-07,3.86710065207218e-06,1.15280178372992e-06
"GSE2405_HEAT_KILLED_LYSATE_VS_LIVE_A_PHAGOCYTOPHILUM_STIM_NEUTROPHIL_9H_UP","GSE2405_HEAT_KILLED_LYSATE_VS_LIVE_A_PHAGOCYTOPHILUM_STIM_NEUTROPHIL_9H_UP","44/2154","199/21355",4.38669739527062e-07,3.86710065207218e-06,1.15280178372992e-06
"GSE24634_TEFF_VS_TCONV_DAY5_IN_CULTURE_DN","GSE24634_TEFF_VS_TCONV_DAY5_IN_CULTURE_DN","44/2154","199/21355",4.38669739527062e-07,3.86710065207218e-06,1.15280178372992e-06
"GSE25088_WT_VS_STAT6_KO_MACROPHAGE_DN","GSE25088_WT_VS_STAT6_KO_MACROPHAGE_DN","44/2154","199/21355",4.38669739527062e-07,3.86710065207218e-06,1.15280178372992e-06
"GSE26156_DOUBLE_POSITIVE_VS_CD4_SINGLE_POSITIVE_THYMOCYTE_UP","GSE26156_DOUBLE_POSITIVE_VS_CD4_SINGLE_POSITIVE_THYMOCYTE_UP","44/2154","199/21355",4.38669739527062e-07,3.86710065207218e-06,1.15280178372992e-06
"GSE27670_BLIMP1_VS_LMP1_TRANSDUCED_GC_BCELL_DN","GSE27670_BLIMP1_VS_LMP1_TRANSDUCED_GC_BCELL_DN","44/2154","199/21355",4.38669739527062e-07,3.86710065207218e-06,1.15280178372992e-06
"GSE30971_CTRL_VS_LPS_STIM_MACROPHAGE_WBP7_HET_4H_DN","GSE30971_CTRL_VS_LPS_STIM_MACROPHAGE_WBP7_HET_4H_DN","44/2154","199/21355",4.38669739527062e-07,3.86710065207218e-06,1.15280178372992e-06
"GSE30971_CTRL_VS_LPS_STIM_MACROPHAGE_WBP7_KO_2H_DN","GSE30971_CTRL_VS_LPS_STIM_MACROPHAGE_WBP7_KO_2H_DN","44/2154","199/21355",4.38669739527062e-07,3.86710065207218e-06,1.15280178372992e-06
"GSE33292_WT_VS_TCF1_KO_DN3_THYMOCYTE_UP","GSE33292_WT_VS_TCF1_KO_DN3_THYMOCYTE_UP","44/2154","199/21355",4.38669739527062e-07,3.86710065207218e-06,1.15280178372992e-06
"GSE360_T_GONDII_VS_B_MALAYI_HIGH_DOSE_MAC_DN","GSE360_T_GONDII_VS_B_MALAYI_HIGH_DOSE_MAC_DN","44/2154","199/21355",4.38669739527062e-07,3.86710065207218e-06,1.15280178372992e-06
"GSE39382_IL3_VS_IL3_IL33_TREATED_MAST_CELL_DN","GSE39382_IL3_VS_IL3_IL33_TREATED_MAST_CELL_DN","44/2154","199/21355",4.38669739527062e-07,3.86710065207218e-06,1.15280178372992e-06
"GSE39820_CTRL_VS_TGFBETA1_IL6_IL23A_CD4_TCELL_DN","GSE39820_CTRL_VS_TGFBETA1_IL6_IL23A_CD4_TCELL_DN","44/2154","199/21355",4.38669739527062e-07,3.86710065207218e-06,1.15280178372992e-06
"GSE40277_EOS_AND_LEF1_TRANSDUCED_VS_GATA1_AND_SATB1_TRANSDUCED_CD4_TCELL_DN","GSE40277_EOS_AND_LEF1_TRANSDUCED_VS_GATA1_AND_SATB1_TRANSDUCED_CD4_TCELL_DN","44/2154","199/21355",4.38669739527062e-07,3.86710065207218e-06,1.15280178372992e-06
"GSE43260_BTLA_POS_VS_NEG_INTRATUMORAL_CD8_TCELL_DN","GSE43260_BTLA_POS_VS_NEG_INTRATUMORAL_CD8_TCELL_DN","44/2154","199/21355",4.38669739527062e-07,3.86710065207218e-06,1.15280178372992e-06
"GSE43863_TFH_VS_LY6C_LOW_CXCR5NEG_EFFECTOR_CD4_TCELL_DN","GSE43863_TFH_VS_LY6C_LOW_CXCR5NEG_EFFECTOR_CD4_TCELL_DN","44/2154","199/21355",4.38669739527062e-07,3.86710065207218e-06,1.15280178372992e-06
"GSE45365_NK_CELL_VS_BCELL_MCMV_INFECTION_DN","GSE45365_NK_CELL_VS_BCELL_MCMV_INFECTION_DN","44/2154","199/21355",4.38669739527062e-07,3.86710065207218e-06,1.15280178372992e-06
"GSE45365_WT_VS_IFNAR_KO_CD8A_DC_DN","GSE45365_WT_VS_IFNAR_KO_CD8A_DC_DN","44/2154","199/21355",4.38669739527062e-07,3.86710065207218e-06,1.15280178372992e-06
"GSE45739_UNSTIM_VS_ACD3_ACD28_STIM_WT_CD4_TCELL_DN","GSE45739_UNSTIM_VS_ACD3_ACD28_STIM_WT_CD4_TCELL_DN","44/2154","199/21355",4.38669739527062e-07,3.86710065207218e-06,1.15280178372992e-06
"GSE8685_IL2_STARVED_VS_IL2_ACT_IL2_STARVED_CD4_TCELL_UP","GSE8685_IL2_STARVED_VS_IL2_ACT_IL2_STARVED_CD4_TCELL_UP","44/2154","199/21355",4.38669739527062e-07,3.86710065207218e-06,1.15280178372992e-06
"GARCIA_PINERES_PBMC_HPV_16_L1_VLP_AGE_18_25YO_2MO_DN","GARCIA_PINERES_PBMC_HPV_16_L1_VLP_AGE_18_25YO_2MO_DN","57/2154","287/21355",4.51095885167078e-07,3.96979907204694e-06,1.18341668941377e-06
"GSE2770_IL12_ACT_VS_ACT_CD4_TCELL_2H_UP","GSE2770_IL12_ACT_VS_ACT_CD4_TCELL_2H_UP","43/2154","193/21355",4.73602032742534e-07,4.14463044303107e-06,1.23553478368019e-06
"GSE10239_NAIVE_VS_KLRG1HIGH_EFF_CD8_TCELL_DN","GSE10239_NAIVE_VS_KLRG1HIGH_EFF_CD8_TCELL_DN","44/2154","200/21355",5.08250202968997e-07,4.14463044303107e-06,1.23553478368019e-06
"GSE10239_NAIVE_VS_MEMORY_CD8_TCELL_UP","GSE10239_NAIVE_VS_MEMORY_CD8_TCELL_UP","44/2154","200/21355",5.08250202968997e-07,4.14463044303107e-06,1.23553478368019e-06
"GSE10240_CTRL_VS_IL22_STIM_PRIMARY_BRONCHIAL_EPITHELIAL_CELLS_UP","GSE10240_CTRL_VS_IL22_STIM_PRIMARY_BRONCHIAL_EPITHELIAL_CELLS_UP","44/2154","200/21355",5.08250202968997e-07,4.14463044303107e-06,1.23553478368019e-06
"GSE1448_CTRL_VS_ANTI_VBETA5_DP_THYMOCYTE_DN","GSE1448_CTRL_VS_ANTI_VBETA5_DP_THYMOCYTE_DN","44/2154","200/21355",5.08250202968997e-07,4.14463044303107e-06,1.23553478368019e-06
"GSE16385_MONOCYTE_VS_12H_ROSIGLITAZONE_IFNG_TNF_TREATED_MACROPHAGE_DN","GSE16385_MONOCYTE_VS_12H_ROSIGLITAZONE_IFNG_TNF_TREATED_MACROPHAGE_DN","44/2154","200/21355",5.08250202968997e-07,4.14463044303107e-06,1.23553478368019e-06
"GSE17721_0.5H_VS_24H_GARDIQUIMOD_BMDC_UP","GSE17721_0.5H_VS_24H_GARDIQUIMOD_BMDC_UP","44/2154","200/21355",5.08250202968997e-07,4.14463044303107e-06,1.23553478368019e-06
"GSE17721_0.5H_VS_4H_LPS_BMDC_UP","GSE17721_0.5H_VS_4H_LPS_BMDC_UP","44/2154","200/21355",5.08250202968997e-07,4.14463044303107e-06,1.23553478368019e-06
"GSE17721_0.5H_VS_8H_CPG_BMDC_UP","GSE17721_0.5H_VS_8H_CPG_BMDC_UP","44/2154","200/21355",5.08250202968997e-07,4.14463044303107e-06,1.23553478368019e-06
"GSE17721_CPG_VS_GARDIQUIMOD_0.5H_BMDC_DN","GSE17721_CPG_VS_GARDIQUIMOD_0.5H_BMDC_DN","44/2154","200/21355",5.08250202968997e-07,4.14463044303107e-06,1.23553478368019e-06
"GSE17721_CTRL_VS_CPG_12H_BMDC_UP","GSE17721_CTRL_VS_CPG_12H_BMDC_UP","44/2154","200/21355",5.08250202968997e-07,4.14463044303107e-06,1.23553478368019e-06
"GSE17721_LPS_VS_GARDIQUIMOD_8H_BMDC_DN","GSE17721_LPS_VS_GARDIQUIMOD_8H_BMDC_DN","44/2154","200/21355",5.08250202968997e-07,4.14463044303107e-06,1.23553478368019e-06
"GSE1925_CTRL_VS_3H_IFNG_STIM_MACROPHAGE_UP","GSE1925_CTRL_VS_3H_IFNG_STIM_MACROPHAGE_UP","44/2154","200/21355",5.08250202968997e-07,4.14463044303107e-06,1.23553478368019e-06
"GSE20715_WT_VS_TLR4_KO_24H_OZONE_LUNG_UP","GSE20715_WT_VS_TLR4_KO_24H_OZONE_LUNG_UP","44/2154","200/21355",5.08250202968997e-07,4.14463044303107e-06,1.23553478368019e-06
"GSE21670_STAT3_KO_VS_WT_CD4_TCELL_IL6_TREATED_UP","GSE21670_STAT3_KO_VS_WT_CD4_TCELL_IL6_TREATED_UP","44/2154","200/21355",5.08250202968997e-07,4.14463044303107e-06,1.23553478368019e-06
"GSE22103_LPS_VS_GMCSF_AND_IFNG_STIM_NEUTROPHIL_UP","GSE22103_LPS_VS_GMCSF_AND_IFNG_STIM_NEUTROPHIL_UP","44/2154","200/21355",5.08250202968997e-07,4.14463044303107e-06,1.23553478368019e-06
"GSE22432_CDC_VS_COMMON_DC_PROGENITOR_UP","GSE22432_CDC_VS_COMMON_DC_PROGENITOR_UP","44/2154","200/21355",5.08250202968997e-07,4.14463044303107e-06,1.23553478368019e-06
"GSE22935_WT_VS_MYD88_KO_MACROPHAGE_48H_MBOVIS_BCG_STIM_DN","GSE22935_WT_VS_MYD88_KO_MACROPHAGE_48H_MBOVIS_BCG_STIM_DN","44/2154","200/21355",5.08250202968997e-07,4.14463044303107e-06,1.23553478368019e-06
"GSE23984_CTRL_VS_HYPOCALEMIC_VITAMIND_ANALOG_TCELL_DN","GSE23984_CTRL_VS_HYPOCALEMIC_VITAMIND_ANALOG_TCELL_DN","44/2154","200/21355",5.08250202968997e-07,4.14463044303107e-06,1.23553478368019e-06
"GSE23984_CTRL_VS_HYPOCALEMIC_VITAMIND_ANALOG_TCELL_UP","GSE23984_CTRL_VS_HYPOCALEMIC_VITAMIND_ANALOG_TCELL_UP","44/2154","200/21355",5.08250202968997e-07,4.14463044303107e-06,1.23553478368019e-06
"GSE24634_NAIVE_CD4_TCELL_VS_DAY7_IL4_CONV_TREG_DN","GSE24634_NAIVE_CD4_TCELL_VS_DAY7_IL4_CONV_TREG_DN","44/2154","200/21355",5.08250202968997e-07,4.14463044303107e-06,1.23553478368019e-06
"GSE2585_AIRE_KO_VS_WT_CD80_LOW_MTEC_DN","GSE2585_AIRE_KO_VS_WT_CD80_LOW_MTEC_DN","44/2154","200/21355",5.08250202968997e-07,4.14463044303107e-06,1.23553478368019e-06
"GSE2770_UNTREATED_VS_TGFB_AND_IL4_TREATED_ACT_CD4_TCELL_4H_UP","GSE2770_UNTREATED_VS_TGFB_AND_IL4_TREATED_ACT_CD4_TCELL_4H_UP","44/2154","200/21355",5.08250202968997e-07,4.14463044303107e-06,1.23553478368019e-06
"GSE32164_ALTERNATIVELY_ACT_M2_VS_CMYC_INHIBITED_MACROPHAGE_UP","GSE32164_ALTERNATIVELY_ACT_M2_VS_CMYC_INHIBITED_MACROPHAGE_UP","44/2154","200/21355",5.08250202968997e-07,4.14463044303107e-06,1.23553478368019e-06
"GSE33425_CD8_ALPHAALPHA_VS_ALPHABETA_CD161_HIGH_TCELL_DN","GSE33425_CD8_ALPHAALPHA_VS_ALPHABETA_CD161_HIGH_TCELL_DN","44/2154","200/21355",5.08250202968997e-07,4.14463044303107e-06,1.23553478368019e-06
"GSE339_EX_VIVO_VS_IN_CULTURE_CD4POS_DC_UP","GSE339_EX_VIVO_VS_IN_CULTURE_CD4POS_DC_UP","44/2154","200/21355",5.08250202968997e-07,4.14463044303107e-06,1.23553478368019e-06
"GSE360_HIGH_DOSE_B_MALAYI_VS_M_TUBERCULOSIS_DC_DN","GSE360_HIGH_DOSE_B_MALAYI_VS_M_TUBERCULOSIS_DC_DN","44/2154","200/21355",5.08250202968997e-07,4.14463044303107e-06,1.23553478368019e-06
"GSE39110_UNTREATED_VS_IL2_TREATED_CD8_TCELL_DAY6_POST_IMMUNIZATION_UP","GSE39110_UNTREATED_VS_IL2_TREATED_CD8_TCELL_DAY6_POST_IMMUNIZATION_UP","44/2154","200/21355",5.08250202968997e-07,4.14463044303107e-06,1.23553478368019e-06
"GSE411_WT_VS_SOCS3_KO_MACROPHAGE_IL6_STIM_400MIN_UP","GSE411_WT_VS_SOCS3_KO_MACROPHAGE_IL6_STIM_400MIN_UP","44/2154","200/21355",5.08250202968997e-07,4.14463044303107e-06,1.23553478368019e-06
"GSE41176_UNSTIM_VS_ANTI_IGM_STIM_BCELL_24H_DN","GSE41176_UNSTIM_VS_ANTI_IGM_STIM_BCELL_24H_DN","44/2154","200/21355",5.08250202968997e-07,4.14463044303107e-06,1.23553478368019e-06
"GSE41176_WT_VS_TAK1_KO_ANTI_IGM_STIM_BCELL_3H_DN","GSE41176_WT_VS_TAK1_KO_ANTI_IGM_STIM_BCELL_3H_DN","44/2154","200/21355",5.08250202968997e-07,4.14463044303107e-06,1.23553478368019e-06
"GSE42021_TREG_VS_TCONV_PLN_UP","GSE42021_TREG_VS_TCONV_PLN_UP","44/2154","200/21355",5.08250202968997e-07,4.14463044303107e-06,1.23553478368019e-06
"GSE43955_10H_VS_30H_ACT_CD4_TCELL_UP","GSE43955_10H_VS_30H_ACT_CD4_TCELL_UP","44/2154","200/21355",5.08250202968997e-07,4.14463044303107e-06,1.23553478368019e-06
"GSE43955_10H_VS_60H_ACT_CD4_TCELL_WITH_TGFB_IL6_UP","GSE43955_10H_VS_60H_ACT_CD4_TCELL_WITH_TGFB_IL6_UP","44/2154","200/21355",5.08250202968997e-07,4.14463044303107e-06,1.23553478368019e-06
"GSE43955_TH0_VS_TGFB_IL6_IL23_TH17_ACT_CD4_TCELL_52H_DN","GSE43955_TH0_VS_TGFB_IL6_IL23_TH17_ACT_CD4_TCELL_52H_DN","44/2154","200/21355",5.08250202968997e-07,4.14463044303107e-06,1.23553478368019e-06
"GSE45365_HEALTHY_VS_MCMV_INFECTION_CD8A_DC_DN","GSE45365_HEALTHY_VS_MCMV_INFECTION_CD8A_DC_DN","44/2154","200/21355",5.08250202968997e-07,4.14463044303107e-06,1.23553478368019e-06
"GSE5589_LPS_AND_IL10_VS_LPS_AND_IL6_STIM_MACROPHAGE_45MIN_DN","GSE5589_LPS_AND_IL10_VS_LPS_AND_IL6_STIM_MACROPHAGE_45MIN_DN","44/2154","200/21355",5.08250202968997e-07,4.14463044303107e-06,1.23553478368019e-06
"GSE5589_LPS_VS_LPS_AND_IL6_STIM_IL6_KO_MACROPHAGE_45MIN_DN","GSE5589_LPS_VS_LPS_AND_IL6_STIM_IL6_KO_MACROPHAGE_45MIN_DN","44/2154","200/21355",5.08250202968997e-07,4.14463044303107e-06,1.23553478368019e-06
"GSE7852_LN_VS_FAT_TCONV_DN","GSE7852_LN_VS_FAT_TCONV_DN","44/2154","200/21355",5.08250202968997e-07,4.14463044303107e-06,1.23553478368019e-06
"GSE8921_UNSTIM_0H_VS_TLR1_2_STIM_MONOCYTE_12H_DN","GSE8921_UNSTIM_0H_VS_TLR1_2_STIM_MONOCYTE_12H_DN","44/2154","200/21355",5.08250202968997e-07,4.14463044303107e-06,1.23553478368019e-06
"GSE8921_UNSTIM_VS_TLR1_2_STIM_MONOCYTE_3H_DN","GSE8921_UNSTIM_VS_TLR1_2_STIM_MONOCYTE_3H_DN","44/2154","200/21355",5.08250202968997e-07,4.14463044303107e-06,1.23553478368019e-06
"GSE9037_CTRL_VS_LPS_1H_STIM_BMDM_UP","GSE9037_CTRL_VS_LPS_1H_STIM_BMDM_UP","44/2154","200/21355",5.08250202968997e-07,4.14463044303107e-06,1.23553478368019e-06
"GSE9316_IL6_KO_VS_IFNG_KO_INVIVO_EXPANDED_CD4_TCELL_UP","GSE9316_IL6_KO_VS_IFNG_KO_INVIVO_EXPANDED_CD4_TCELL_UP","44/2154","200/21355",5.08250202968997e-07,4.14463044303107e-06,1.23553478368019e-06
"GSE9960_GRAM_POS_VS_GRAM_NEG_AND_POS_SEPSIS_PBMC_UP","GSE9960_GRAM_POS_VS_GRAM_NEG_AND_POS_SEPSIS_PBMC_UP","44/2154","200/21355",5.08250202968997e-07,4.14463044303107e-06,1.23553478368019e-06
"KAECH_DAY15_EFF_VS_MEMORY_CD8_TCELL_DN","KAECH_DAY15_EFF_VS_MEMORY_CD8_TCELL_DN","44/2154","200/21355",5.08250202968997e-07,4.14463044303107e-06,1.23553478368019e-06
"KAECH_NAIVE_VS_DAY15_EFF_CD8_TCELL_UP","KAECH_NAIVE_VS_DAY15_EFF_CD8_TCELL_UP","44/2154","200/21355",5.08250202968997e-07,4.14463044303107e-06,1.23553478368019e-06
"GSE10856_CTRL_VS_TNFRSF6B_IN_MACROPHAGE_UP","GSE10856_CTRL_VS_TNFRSF6B_IN_MACROPHAGE_UP","42/2154","187/21355",5.09586832042148e-07,4.14891317234316e-06,1.23681148641809e-06
"NAKAYA_MYELOID_DENDRITIC_CELL_FLUARIX_FLUVIRIN_AGE_18_50YO_7DY_DN","NAKAYA_MYELOID_DENDRITIC_CELL_FLUARIX_FLUVIRIN_AGE_18_50YO_7DY_DN","54/2154","269/21355",6.31756770066929e-07,5.13381747285517e-06,1.53041631768233e-06
"GSE12845_IGD_POS_BLOOD_VS_NAIVE_TONSIL_BCELL_UP","GSE12845_IGD_POS_BLOOD_VS_NAIVE_TONSIL_BCELL_UP","43/2154","195/21355",6.37585389255433e-07,5.13381747285517e-06,1.53041631768233e-06
"GSE16450_CTRL_VS_IFNA_6H_STIM_IMMATURE_NEURON_CELL_LINE_DN","GSE16450_CTRL_VS_IFNA_6H_STIM_IMMATURE_NEURON_CELL_LINE_DN","43/2154","195/21355",6.37585389255433e-07,5.13381747285517e-06,1.53041631768233e-06
"GSE17322_CD103_POS_VS_CD11B_HIGH_LUNG_DC_UP","GSE17322_CD103_POS_VS_CD11B_HIGH_LUNG_DC_UP","43/2154","195/21355",6.37585389255433e-07,5.13381747285517e-06,1.53041631768233e-06
"GSE1791_CTRL_VS_NEUROMEDINU_IN_T_CELL_LINE_3H_DN","GSE1791_CTRL_VS_NEUROMEDINU_IN_T_CELL_LINE_3H_DN","43/2154","195/21355",6.37585389255433e-07,5.13381747285517e-06,1.53041631768233e-06
"GSE17974_CTRL_VS_ACT_IL4_AND_ANTI_IL12_24H_CD4_TCELL_UP","GSE17974_CTRL_VS_ACT_IL4_AND_ANTI_IL12_24H_CD4_TCELL_UP","43/2154","195/21355",6.37585389255433e-07,5.13381747285517e-06,1.53041631768233e-06
"GSE34205_RSV_VS_FLU_INF_INFANT_PBMC_DN","GSE34205_RSV_VS_FLU_INF_INFANT_PBMC_DN","43/2154","195/21355",6.37585389255433e-07,5.13381747285517e-06,1.53041631768233e-06
"GSE6259_FLT3L_INDUCED_33D1_POS_DC_VS_CD4_TCELL_UP","GSE6259_FLT3L_INDUCED_33D1_POS_DC_VS_CD4_TCELL_UP","39/2154","171/21355",8.5160504697683e-07,6.81818268258761e-06,2.03253389695757e-06
"GSE12845_NAIVE_VS_DARKZONE_GC_TONSIL_BCELL_UP","GSE12845_NAIVE_VS_DARKZONE_GC_TONSIL_BCELL_UP","43/2154","197/21355",8.534396473413e-07,6.81818268258761e-06,2.03253389695757e-06
"GSE17974_0H_VS_12H_IN_VITRO_ACT_CD4_TCELL_UP","GSE17974_0H_VS_12H_IN_VITRO_ACT_CD4_TCELL_UP","43/2154","197/21355",8.534396473413e-07,6.81818268258761e-06,2.03253389695757e-06
"GSE28408_LY6G_POS_VS_NEG_DC_UP","GSE28408_LY6G_POS_VS_NEG_DC_UP","43/2154","197/21355",8.534396473413e-07,6.81818268258761e-06,2.03253389695757e-06
"GSE37416_CTRL_VS_6H_F_TULARENSIS_LVS_NEUTROPHIL_UP","GSE37416_CTRL_VS_6H_F_TULARENSIS_LVS_NEUTROPHIL_UP","43/2154","197/21355",8.534396473413e-07,6.81818268258761e-06,2.03253389695757e-06
"NAKAYA_PBMC_FLUMIST_AGE_18_50YO_3DY_IFN_SUBSET_UP","NAKAYA_PBMC_FLUMIST_AGE_18_50YO_3DY_IFN_SUBSET_UP","14/2154","32/21355",8.79492577876235e-07,7.0153596734496e-06,2.09131333075752e-06
"GSE40274_CTRL_VS_FOXP3_AND_PBX1_TRANSDUCED_ACTIVATED_CD4_TCELL_UP","GSE40274_CTRL_VS_FOXP3_AND_PBX1_TRANSDUCED_ACTIVATED_CD4_TCELL_UP","38/2154","165/21355",9.06188241638142e-07,7.21704124532059e-06,2.15143560238077e-06
"HOWARD_MONOCYTE_INACT_MONOV_INFLUENZA_A_INDONESIA_05_2005_H5N1_AGE_18_49YO_1DY_UP","HOWARD_MONOCYTE_INACT_MONOV_INFLUENZA_A_INDONESIA_05_2005_H5N1_AGE_18_49YO_1DY_UP","48/2154","231/21355",9.28603437101326e-07,7.38405812425984e-06,2.20122415801378e-06
"GSE13485_DAY1_VS_DAY7_YF17D_VACCINE_PBMC_DN","GSE13485_DAY1_VS_DAY7_YF17D_VACCINE_PBMC_DN","43/2154","198/21355",9.85313208873091e-07,7.75062528764325e-06,2.31049963797285e-06
"GSE13485_PRE_VS_POST_YF17D_VACCINATION_PBMC_DN","GSE13485_PRE_VS_POST_YF17D_VACCINATION_PBMC_DN","43/2154","198/21355",9.85313208873091e-07,7.75062528764325e-06,2.31049963797285e-06
"GSE36888_STAT5_AB_KNOCKIN_VS_WT_TCELL_IL2_TREATED_2H_UP","GSE36888_STAT5_AB_KNOCKIN_VS_WT_TCELL_IL2_TREATED_2H_UP","43/2154","198/21355",9.85313208873091e-07,7.75062528764325e-06,2.31049963797285e-06
"GSE37416_0H_VS_3H_F_TULARENSIS_LVS_NEUTROPHIL_UP","GSE37416_0H_VS_3H_F_TULARENSIS_LVS_NEUTROPHIL_UP","43/2154","198/21355",9.85313208873091e-07,7.75062528764325e-06,2.31049963797285e-06
"GSE37416_0H_VS_6H_F_TULARENSIS_LVS_NEUTROPHIL_DN","GSE37416_0H_VS_6H_F_TULARENSIS_LVS_NEUTROPHIL_DN","43/2154","198/21355",9.85313208873091e-07,7.75062528764325e-06,2.31049963797285e-06
"GSE44649_WT_VS_MIR155_KO_NAIVE_CD8_TCELL_UP","GSE44649_WT_VS_MIR155_KO_NAIVE_CD8_TCELL_UP","43/2154","198/21355",9.85313208873091e-07,7.75062528764325e-06,2.31049963797285e-06
"GSE45365_NK_CELL_VS_CD8_TCELL_MCMV_INFECTION_UP","GSE45365_NK_CELL_VS_CD8_TCELL_MCMV_INFECTION_UP","43/2154","198/21355",9.85313208873091e-07,7.75062528764325e-06,2.31049963797285e-06
"GSE27241_WT_CTRL_VS_DIGOXIN_TREATED_RORGT_KO_CD4_TCELL_IN_TH17_POLARIZING_CONDITIONS_UP","GSE27241_WT_CTRL_VS_DIGOXIN_TREATED_RORGT_KO_CD4_TCELL_IN_TH17_POLARIZING_CONDITIONS_UP","39/2154","172/21355",9.95541436708057e-07,7.81905278938294e-06,2.33089821384634e-06
"NAKAYA_PLASMACYTOID_DENDRITIC_CELL_FLUARIX_FLUVIRIN_AGE_18_50YO_7DY_UP","NAKAYA_PLASMACYTOID_DENDRITIC_CELL_FLUARIX_FLUVIRIN_AGE_18_50YO_7DY_UP","46/2154","219/21355",1.13261337777759e-06,8.61768518121796e-06,2.56897447011305e-06
"GSE11057_EFF_MEM_VS_CENT_MEM_CD4_TCELL_UP","GSE11057_EFF_MEM_VS_CENT_MEM_CD4_TCELL_UP","43/2154","199/21355",1.13599057542361e-06,8.61768518121796e-06,2.56897447011305e-06
"GSE15139_GMCSF_TREATED_VS_UNTREATED_NEUTROPHILS_DN","GSE15139_GMCSF_TREATED_VS_UNTREATED_NEUTROPHILS_DN","43/2154","199/21355",1.13599057542361e-06,8.61768518121796e-06,2.56897447011305e-06
"GSE15930_NAIVE_VS_24H_IN_VITRO_STIM_CD8_TCELL_DN","GSE15930_NAIVE_VS_24H_IN_VITRO_STIM_CD8_TCELL_DN","43/2154","199/21355",1.13599057542361e-06,8.61768518121796e-06,2.56897447011305e-06
"GSE17721_0.5H_VS_24H_POLYIC_BMDC_DN","GSE17721_0.5H_VS_24H_POLYIC_BMDC_DN","43/2154","199/21355",1.13599057542361e-06,8.61768518121796e-06,2.56897447011305e-06
"GSE1791_CTRL_VS_NEUROMEDINU_IN_T_CELL_LINE_6H_DN","GSE1791_CTRL_VS_NEUROMEDINU_IN_T_CELL_LINE_6H_DN","43/2154","199/21355",1.13599057542361e-06,8.61768518121796e-06,2.56897447011305e-06
"GSE22140_GERMFREE_VS_SPF_MOUSE_CD4_TCELL_UP","GSE22140_GERMFREE_VS_SPF_MOUSE_CD4_TCELL_UP","43/2154","199/21355",1.13599057542361e-06,8.61768518121796e-06,2.56897447011305e-06
"GSE22886_NAIVE_TCELL_VS_DC_UP","GSE22886_NAIVE_TCELL_VS_DC_UP","43/2154","199/21355",1.13599057542361e-06,8.61768518121796e-06,2.56897447011305e-06
"GSE22886_NAIVE_VS_MEMORY_TCELL_DN","GSE22886_NAIVE_VS_MEMORY_TCELL_DN","43/2154","199/21355",1.13599057542361e-06,8.61768518121796e-06,2.56897447011305e-06
"GSE26495_NAIVE_VS_PD1HIGH_CD8_TCELL_DN","GSE26495_NAIVE_VS_PD1HIGH_CD8_TCELL_DN","43/2154","199/21355",1.13599057542361e-06,8.61768518121796e-06,2.56897447011305e-06
"GSE37533_PPARG1_FOXP3_VS_PPARG2_FOXP3_TRANSDUCED_CD4_TCELL_PIOGLITAZONE_TREATED_DN","GSE37533_PPARG1_FOXP3_VS_PPARG2_FOXP3_TRANSDUCED_CD4_TCELL_PIOGLITAZONE_TREATED_DN","43/2154","199/21355",1.13599057542361e-06,8.61768518121796e-06,2.56897447011305e-06
"GSE39110_DAY3_VS_DAY6_POST_IMMUNIZATION_CD8_TCELL_WITH_IL2_TREATMENT_DN","GSE39110_DAY3_VS_DAY6_POST_IMMUNIZATION_CD8_TCELL_WITH_IL2_TREATMENT_DN","43/2154","199/21355",1.13599057542361e-06,8.61768518121796e-06,2.56897447011305e-06
"GSE39556_CD8A_DC_VS_NK_CELL_DN","GSE39556_CD8A_DC_VS_NK_CELL_DN","43/2154","199/21355",1.13599057542361e-06,8.61768518121796e-06,2.56897447011305e-06
"GSE40225_WT_VS_RIP_B7X_DIABETIC_MOUSE_PANCREATIC_CD8_TCELL_UP","GSE40225_WT_VS_RIP_B7X_DIABETIC_MOUSE_PANCREATIC_CD8_TCELL_UP","43/2154","199/21355",1.13599057542361e-06,8.61768518121796e-06,2.56897447011305e-06
"GSE40273_GATA1_KO_VS_WT_TREG_DN","GSE40273_GATA1_KO_VS_WT_TREG_DN","43/2154","199/21355",1.13599057542361e-06,8.61768518121796e-06,2.56897447011305e-06
"GSE40443_INDUCED_VS_TOTAL_TREG_UP","GSE40443_INDUCED_VS_TOTAL_TREG_UP","43/2154","199/21355",1.13599057542361e-06,8.61768518121796e-06,2.56897447011305e-06
"GSE41867_DAY8_EFFECTOR_VS_DAY30_EXHAUSTED_CD8_TCELL_LCMV_CLONE13_UP","GSE41867_DAY8_EFFECTOR_VS_DAY30_EXHAUSTED_CD8_TCELL_LCMV_CLONE13_UP","43/2154","199/21355",1.13599057542361e-06,8.61768518121796e-06,2.56897447011305e-06
"GSE43863_DAY6_EFF_VS_DAY150_MEM_TH1_CD4_TCELL_DN","GSE43863_DAY6_EFF_VS_DAY150_MEM_TH1_CD4_TCELL_DN","43/2154","199/21355",1.13599057542361e-06,8.61768518121796e-06,2.56897447011305e-06
"GSE45365_NK_CELL_VS_BCELL_MCMV_INFECTION_UP","GSE45365_NK_CELL_VS_BCELL_MCMV_INFECTION_UP","43/2154","199/21355",1.13599057542361e-06,8.61768518121796e-06,2.56897447011305e-06
"GSE46242_TH1_VS_ANERGIC_TH1_CD4_TCELL_WITH_EGR2_DELETED_UP","GSE46242_TH1_VS_ANERGIC_TH1_CD4_TCELL_WITH_EGR2_DELETED_UP","43/2154","199/21355",1.13599057542361e-06,8.61768518121796e-06,2.56897447011305e-06
"GSE557_WT_VS_CIITA_KO_DC_DN","GSE557_WT_VS_CIITA_KO_DC_DN","43/2154","199/21355",1.13599057542361e-06,8.61768518121796e-06,2.56897447011305e-06
"GSE9650_EFFECTOR_VS_MEMORY_CD8_TCELL_UP","GSE9650_EFFECTOR_VS_MEMORY_CD8_TCELL_UP","43/2154","199/21355",1.13599057542361e-06,8.61768518121796e-06,2.56897447011305e-06
"KAECH_DAY8_EFF_VS_MEMORY_CD8_TCELL_DN","KAECH_DAY8_EFF_VS_MEMORY_CD8_TCELL_DN","43/2154","199/21355",1.13599057542361e-06,8.61768518121796e-06,2.56897447011305e-06
"NAKAYA_MYELOID_DENDRITIC_CELL_FLUMIST_AGE_18_50YO_7DY_DN","NAKAYA_MYELOID_DENDRITIC_CELL_FLUMIST_AGE_18_50YO_7DY_DN","53/2154","267/21355",1.14565793971327e-06,8.67814673445032e-06,2.58699835743442e-06
"FRANCO_BLOOD_SANOFI_PASTEUR_SA_INACTIVATED_INFLUENZA_VACCINE_CORRELATED_WITH_ANTIBODY_RESPONSE_AGE_18_40YO_1DY_POSITIVE","FRANCO_BLOOD_SANOFI_PASTEUR_SA_INACTIVATED_INFLUENZA_VACCINE_CORRELATED_WITH_ANTIBODY_RESPONSE_AGE_18_40YO_1DY_POSITIVE","32/2154","129/21355",1.15987495922943e-06,8.77284122269238e-06,2.61522725157927e-06
"GSE32255_WT_UNSTIM_VS_JMJD2D_KNOCKDOWN_4H_LPS_STIM_DC_DN","GSE32255_WT_UNSTIM_VS_JMJD2D_KNOCKDOWN_4H_LPS_STIM_DC_DN","39/2154","173/21355",1.16184897339649e-06,8.77479143423379e-06,2.61580861926164e-06
"GSE17974_CTRL_VS_ACT_IL4_AND_ANTI_IL12_2H_CD4_TCELL_UP","GSE17974_CTRL_VS_ACT_IL4_AND_ANTI_IL12_2H_CD4_TCELL_UP","42/2154","193/21355",1.23819061172075e-06,9.11088860491854e-06,2.7160008440656e-06
"GSE9509_LPS_VS_LPS_AND_IL10_STIM_IL10_KO_MACROPHAGE_30MIN_DN","GSE9509_LPS_VS_LPS_AND_IL10_STIM_IL10_KO_MACROPHAGE_30MIN_DN","42/2154","193/21355",1.23819061172075e-06,9.11088860491854e-06,2.7160008440656e-06
"GSE10422_WT_VS_BAFF_TRANSGENIC_LN_BCELL_UP","GSE10422_WT_VS_BAFF_TRANSGENIC_LN_BCELL_UP","40/2154","180/21355",1.25665058030747e-06,9.11088860491854e-06,2.7160008440656e-06
"GSE14415_NATURAL_TREG_VS_TCONV_DN","GSE14415_NATURAL_TREG_VS_TCONV_DN","40/2154","180/21355",1.25665058030747e-06,9.11088860491854e-06,2.7160008440656e-06
"GSE37301_CD4_TCELL_VS_GRANULOCYTE_MONOCYTE_PROGENITOR_DN","GSE37301_CD4_TCELL_VS_GRANULOCYTE_MONOCYTE_PROGENITOR_DN","40/2154","180/21355",1.25665058030747e-06,9.11088860491854e-06,2.7160008440656e-06
"GSE11961_MEMORY_BCELL_DAY7_VS_PLASMA_CELL_DAY7_DN","GSE11961_MEMORY_BCELL_DAY7_VS_PLASMA_CELL_DAY7_DN","43/2154","200/21355",1.30791946724236e-06,9.11088860491854e-06,2.7160008440656e-06
"GSE12392_WT_VS_IFNB_KO_CD8A_NEG_SPLEEN_DC_UP","GSE12392_WT_VS_IFNB_KO_CD8A_NEG_SPLEEN_DC_UP","43/2154","200/21355",1.30791946724236e-06,9.11088860491854e-06,2.7160008440656e-06
"GSE14769_40MIN_VS_360MIN_LPS_BMDM_UP","GSE14769_40MIN_VS_360MIN_LPS_BMDM_UP","43/2154","200/21355",1.30791946724236e-06,9.11088860491854e-06,2.7160008440656e-06
"GSE16697_CD4_TCELL_VS_TFH_CD4_TCELL_UP","GSE16697_CD4_TCELL_VS_TFH_CD4_TCELL_UP","43/2154","200/21355",1.30791946724236e-06,9.11088860491854e-06,2.7160008440656e-06
"GSE17186_CD21LOW_VS_CD21HIGH_TRANSITIONAL_BCELL_CORD_BLOOD_UP","GSE17186_CD21LOW_VS_CD21HIGH_TRANSITIONAL_BCELL_CORD_BLOOD_UP","43/2154","200/21355",1.30791946724236e-06,9.11088860491854e-06,2.7160008440656e-06
"GSE18893_TCONV_VS_TREG_2H_CULTURE_DN","GSE18893_TCONV_VS_TREG_2H_CULTURE_DN","43/2154","200/21355",1.30791946724236e-06,9.11088860491854e-06,2.7160008440656e-06
"GSE1925_CTRL_VS_24H_IFNG_STIM_IFNG_PRIMED_MACROPHAGE_DN","GSE1925_CTRL_VS_24H_IFNG_STIM_IFNG_PRIMED_MACROPHAGE_DN","43/2154","200/21355",1.30791946724236e-06,9.11088860491854e-06,2.7160008440656e-06
"GSE19401_UNSTIM_VS_PAM2CSK4_STIM_FOLLICULAR_DC_DN","GSE19401_UNSTIM_VS_PAM2CSK4_STIM_FOLLICULAR_DC_DN","43/2154","200/21355",1.30791946724236e-06,9.11088860491854e-06,2.7160008440656e-06
"GSE21546_SAP1A_KO_VS_SAP1A_KO_AND_ELK1_KO_DP_THYMOCYTES_UP","GSE21546_SAP1A_KO_VS_SAP1A_KO_AND_ELK1_KO_DP_THYMOCYTES_UP","43/2154","200/21355",1.30791946724236e-06,9.11088860491854e-06,2.7160008440656e-06
"GSE21546_WT_VS_SAP1A_KO_AND_ELK1_KO_DP_THYMOCYTES_DN","GSE21546_WT_VS_SAP1A_KO_AND_ELK1_KO_DP_THYMOCYTES_DN","43/2154","200/21355",1.30791946724236e-06,9.11088860491854e-06,2.7160008440656e-06
"GSE22886_NAIVE_CD4_TCELL_VS_48H_ACT_TH2_UP","GSE22886_NAIVE_CD4_TCELL_VS_48H_ACT_TH2_UP","43/2154","200/21355",1.30791946724236e-06,9.11088860491854e-06,2.7160008440656e-06
"GSE22886_TH1_VS_TH2_48H_ACT_DN","GSE22886_TH1_VS_TH2_48H_ACT_DN","43/2154","200/21355",1.30791946724236e-06,9.11088860491854e-06,2.7160008440656e-06
"GSE23308_CTRL_VS_CORTICOSTERONE_TREATED_MACROPHAGE_MINERALCORTICOID_REC_KO_DN","GSE23308_CTRL_VS_CORTICOSTERONE_TREATED_MACROPHAGE_MINERALCORTICOID_REC_KO_DN","43/2154","200/21355",1.30791946724236e-06,9.11088860491854e-06,2.7160008440656e-06
"GSE2405_0H_VS_9H_A_PHAGOCYTOPHILUM_STIM_NEUTROPHIL_DN","GSE2405_0H_VS_9H_A_PHAGOCYTOPHILUM_STIM_NEUTROPHIL_DN","43/2154","200/21355",1.30791946724236e-06,9.11088860491854e-06,2.7160008440656e-06
"GSE24634_IL4_VS_CTRL_TREATED_NAIVE_CD4_TCELL_DAY3_UP","GSE24634_IL4_VS_CTRL_TREATED_NAIVE_CD4_TCELL_DAY3_UP","43/2154","200/21355",1.30791946724236e-06,9.11088860491854e-06,2.7160008440656e-06
"GSE24634_IL4_VS_CTRL_TREATED_NAIVE_CD4_TCELL_DAY7_DN","GSE24634_IL4_VS_CTRL_TREATED_NAIVE_CD4_TCELL_DAY7_DN","43/2154","200/21355",1.30791946724236e-06,9.11088860491854e-06,2.7160008440656e-06
"GSE24634_NAIVE_CD4_TCELL_VS_DAY5_IL4_CONV_TREG_UP","GSE24634_NAIVE_CD4_TCELL_VS_DAY5_IL4_CONV_TREG_UP","43/2154","200/21355",1.30791946724236e-06,9.11088860491854e-06,2.7160008440656e-06
"GSE25123_CTRL_VS_IL4_AND_ROSIGLITAZONE_STIM_MACROPHAGE_UP","GSE25123_CTRL_VS_IL4_AND_ROSIGLITAZONE_STIM_MACROPHAGE_UP","43/2154","200/21355",1.30791946724236e-06,9.11088860491854e-06,2.7160008440656e-06
"GSE26727_WT_VS_KLF2_KO_LPS_STIM_MACROPHAGE_DN","GSE26727_WT_VS_KLF2_KO_LPS_STIM_MACROPHAGE_DN","43/2154","200/21355",1.30791946724236e-06,9.11088860491854e-06,2.7160008440656e-06
"GSE29164_CD8_TCELL_VS_CD8_TCELL_AND_IL12_TREATED_MELANOMA_DAY7_UP","GSE29164_CD8_TCELL_VS_CD8_TCELL_AND_IL12_TREATED_MELANOMA_DAY7_UP","43/2154","200/21355",1.30791946724236e-06,9.11088860491854e-06,2.7160008440656e-06
"GSE3039_ALPHAALPHA_CD8_TCELL_VS_B1_BCELL_DN","GSE3039_ALPHAALPHA_CD8_TCELL_VS_B1_BCELL_DN","43/2154","200/21355",1.30791946724236e-06,9.11088860491854e-06,2.7160008440656e-06
"GSE3039_ALPHABETA_CD8_TCELL_VS_B1_BCELL_UP","GSE3039_ALPHABETA_CD8_TCELL_VS_B1_BCELL_UP","43/2154","200/21355",1.30791946724236e-06,9.11088860491854e-06,2.7160008440656e-06
"GSE31082_DN_VS_CD4_SP_THYMOCYTE_DN","GSE31082_DN_VS_CD4_SP_THYMOCYTE_DN","43/2154","200/21355",1.30791946724236e-06,9.11088860491854e-06,2.7160008440656e-06
"GSE31082_DN_VS_CD8_SP_THYMOCYTE_DN","GSE31082_DN_VS_CD8_SP_THYMOCYTE_DN","43/2154","200/21355",1.30791946724236e-06,9.11088860491854e-06,2.7160008440656e-06
"GSE32986_CURDLAN_HIGHDOSE_VS_GMCSF_AND_CURDLAN_HIGHDOSE_STIM_DC_DN","GSE32986_CURDLAN_HIGHDOSE_VS_GMCSF_AND_CURDLAN_HIGHDOSE_STIM_DC_DN","43/2154","200/21355",1.30791946724236e-06,9.11088860491854e-06,2.7160008440656e-06
"GSE33292_WT_VS_TCF1_KO_DN3_THYMOCYTE_DN","GSE33292_WT_VS_TCF1_KO_DN3_THYMOCYTE_DN","43/2154","200/21355",1.30791946724236e-06,9.11088860491854e-06,2.7160008440656e-06
"GSE3337_4H_VS_16H_IFNG_IN_CD8POS_DC_DN","GSE3337_4H_VS_16H_IFNG_IN_CD8POS_DC_DN","43/2154","200/21355",1.30791946724236e-06,9.11088860491854e-06,2.7160008440656e-06
"GSE34156_NOD2_LIGAND_VS_TLR1_TLR2_LIGAND_6H_TREATED_MONOCYTE_UP","GSE34156_NOD2_LIGAND_VS_TLR1_TLR2_LIGAND_6H_TREATED_MONOCYTE_UP","43/2154","200/21355",1.30791946724236e-06,9.11088860491854e-06,2.7160008440656e-06
"GSE35685_CD34POS_CD10NEG_CD62LPOS_VS_CD34POS_CD10POS_BONE_MARROW_DN","GSE35685_CD34POS_CD10NEG_CD62LPOS_VS_CD34POS_CD10POS_BONE_MARROW_DN","43/2154","200/21355",1.30791946724236e-06,9.11088860491854e-06,2.7160008440656e-06
"GSE360_DC_VS_MAC_B_MALAYI_LOW_DOSE_DN","GSE360_DC_VS_MAC_B_MALAYI_LOW_DOSE_DN","43/2154","200/21355",1.30791946724236e-06,9.11088860491854e-06,2.7160008440656e-06
"GSE360_HIGH_DOSE_B_MALAYI_VS_M_TUBERCULOSIS_DC_UP","GSE360_HIGH_DOSE_B_MALAYI_VS_M_TUBERCULOSIS_DC_UP","43/2154","200/21355",1.30791946724236e-06,9.11088860491854e-06,2.7160008440656e-06
"GSE360_L_DONOVANI_VS_T_GONDII_MAC_DN","GSE360_L_DONOVANI_VS_T_GONDII_MAC_DN","43/2154","200/21355",1.30791946724236e-06,9.11088860491854e-06,2.7160008440656e-06
"GSE37301_MULTIPOTENT_PROGENITOR_VS_COMMON_LYMPHOID_PROGENITOR_DN","GSE37301_MULTIPOTENT_PROGENITOR_VS_COMMON_LYMPHOID_PROGENITOR_DN","43/2154","200/21355",1.30791946724236e-06,9.11088860491854e-06,2.7160008440656e-06
"GSE37533_PPARG1_FOXP3_VS_FOXP3_TRANSDUCED_CD4_TCELL_DN","GSE37533_PPARG1_FOXP3_VS_FOXP3_TRANSDUCED_CD4_TCELL_DN","43/2154","200/21355",1.30791946724236e-06,9.11088860491854e-06,2.7160008440656e-06
"GSE41867_DAY6_EFFECTOR_VS_DAY30_EXHAUSTED_CD8_TCELL_LCMV_CLONE13_UP","GSE41867_DAY6_EFFECTOR_VS_DAY30_EXHAUSTED_CD8_TCELL_LCMV_CLONE13_UP","43/2154","200/21355",1.30791946724236e-06,9.11088860491854e-06,2.7160008440656e-06
"GSE41867_NAIVE_VS_DAY6_LCMV_ARMSTRONG_EFFECTOR_CD8_TCELL_DN","GSE41867_NAIVE_VS_DAY6_LCMV_ARMSTRONG_EFFECTOR_CD8_TCELL_DN","43/2154","200/21355",1.30791946724236e-06,9.11088860491854e-06,2.7160008440656e-06
"GSE42021_CD24HI_VS_CD24LOW_TCONV_THYMUS_UP","GSE42021_CD24HI_VS_CD24LOW_TCONV_THYMUS_UP","43/2154","200/21355",1.30791946724236e-06,9.11088860491854e-06,2.7160008440656e-06
"GSE42021_CD24INT_VS_CD24LOW_TCONV_THYMUS_DN","GSE42021_CD24INT_VS_CD24LOW_TCONV_THYMUS_DN","43/2154","200/21355",1.30791946724236e-06,9.11088860491854e-06,2.7160008440656e-06
"GSE42088_UNINF_VS_LEISHMANIA_INF_DC_4H_UP","GSE42088_UNINF_VS_LEISHMANIA_INF_DC_4H_UP","43/2154","200/21355",1.30791946724236e-06,9.11088860491854e-06,2.7160008440656e-06
"GSE43863_NAIVE_VS_MEMORY_LY6C_INT_CXCR5POS_CD4_TCELL_D150_LCMV_UP","GSE43863_NAIVE_VS_MEMORY_LY6C_INT_CXCR5POS_CD4_TCELL_D150_LCMV_UP","43/2154","200/21355",1.30791946724236e-06,9.11088860491854e-06,2.7160008440656e-06
"GSE43863_TH1_VS_TFH_MEMORY_CD4_TCELL_UP","GSE43863_TH1_VS_TFH_MEMORY_CD4_TCELL_UP","43/2154","200/21355",1.30791946724236e-06,9.11088860491854e-06,2.7160008440656e-06
"GSE43955_TH0_VS_TGFB_IL6_IL23_TH17_ACT_CD4_TCELL_60H_DN","GSE43955_TH0_VS_TGFB_IL6_IL23_TH17_ACT_CD4_TCELL_60H_DN","43/2154","200/21355",1.30791946724236e-06,9.11088860491854e-06,2.7160008440656e-06
"GSE43955_TH0_VS_TGFB_IL6_TH17_ACT_CD4_TCELL_42H_DN","GSE43955_TH0_VS_TGFB_IL6_TH17_ACT_CD4_TCELL_42H_DN","43/2154","200/21355",1.30791946724236e-06,9.11088860491854e-06,2.7160008440656e-06
"GSE46606_IRF4_KO_VS_WT_UNSTIM_BCELL_UP","GSE46606_IRF4_KO_VS_WT_UNSTIM_BCELL_UP","43/2154","200/21355",1.30791946724236e-06,9.11088860491854e-06,2.7160008440656e-06
"GSE46606_UNSTIM_VS_CD40L_IL2_IL5_1DAY_STIMULATED_IRF4_KO_BCELL_UP","GSE46606_UNSTIM_VS_CD40L_IL2_IL5_1DAY_STIMULATED_IRF4_KO_BCELL_UP","43/2154","200/21355",1.30791946724236e-06,9.11088860491854e-06,2.7160008440656e-06
"GSE5589_LPS_VS_LPS_AND_IL10_STIM_IL10_KO_MACROPHAGE_45MIN_UP","GSE5589_LPS_VS_LPS_AND_IL10_STIM_IL10_KO_MACROPHAGE_45MIN_UP","43/2154","200/21355",1.30791946724236e-06,9.11088860491854e-06,2.7160008440656e-06
"GSE5679_CTRL_VS_PPARG_LIGAND_ROSIGLITAZONE_AND_RARA_AGONIST_AM580_TREATED_DC_DN","GSE5679_CTRL_VS_PPARG_LIGAND_ROSIGLITAZONE_AND_RARA_AGONIST_AM580_TREATED_DC_DN","43/2154","200/21355",1.30791946724236e-06,9.11088860491854e-06,2.7160008440656e-06
"GSE5679_PPARG_LIGAND_ROSIGLITAZONE_VS_RARA_AGONIST_AM580_TREATED_DC_DN","GSE5679_PPARG_LIGAND_ROSIGLITAZONE_VS_RARA_AGONIST_AM580_TREATED_DC_DN","43/2154","200/21355",1.30791946724236e-06,9.11088860491854e-06,2.7160008440656e-06
"GSE7509_DC_VS_MONOCYTE_WITH_FCGRIIB_STIM_UP","GSE7509_DC_VS_MONOCYTE_WITH_FCGRIIB_STIM_UP","43/2154","200/21355",1.30791946724236e-06,9.11088860491854e-06,2.7160008440656e-06
"GSE7852_LN_VS_THYMUS_TREG_DN","GSE7852_LN_VS_THYMUS_TREG_DN","43/2154","200/21355",1.30791946724236e-06,9.11088860491854e-06,2.7160008440656e-06
"GSE9037_WT_VS_IRAK4_KO_LPS_4H_STIM_BMDM_DN","GSE9037_WT_VS_IRAK4_KO_LPS_4H_STIM_BMDM_DN","43/2154","200/21355",1.30791946724236e-06,9.11088860491854e-06,2.7160008440656e-06
"KAECH_DAY8_EFF_VS_DAY15_EFF_CD8_TCELL_DN","KAECH_DAY8_EFF_VS_DAY15_EFF_CD8_TCELL_DN","43/2154","200/21355",1.30791946724236e-06,9.11088860491854e-06,2.7160008440656e-06
"GSE9601_UNTREATED_VS_NFKB_INHIBITOR_TREATED_HCMV_INF_MONOCYTE_DN","GSE9601_UNTREATED_VS_NFKB_INHIBITOR_TREATED_HCMV_INF_MONOCYTE_DN","39/2154","174/21355",1.35368919544129e-06,9.41688823985212e-06,2.80722084496812e-06
"GSE17974_IL4_AND_ANTI_IL12_VS_UNTREATED_12H_ACT_CD4_TCELL_UP","GSE17974_IL4_AND_ANTI_IL12_VS_UNTREATED_12H_ACT_CD4_TCELL_UP","42/2154","194/21355",1.42837364897984e-06,9.89603586346061e-06,2.95005711556527e-06
"GSE18893_TCONV_VS_TREG_2H_TNF_STIM_DN","GSE18893_TCONV_VS_TREG_2H_TNF_STIM_DN","42/2154","194/21355",1.42837364897984e-06,9.89603586346061e-06,2.95005711556527e-06
"GSE34205_HEALTHY_VS_RSV_INF_INFANT_PBMC_UP","GSE34205_HEALTHY_VS_RSV_INF_INFANT_PBMC_UP","42/2154","194/21355",1.42837364897984e-06,9.89603586346061e-06,2.95005711556527e-06
"GSE26030_UNSTIM_VS_RESTIM_TH17_DAY5_POST_POLARIZATION_UP","GSE26030_UNSTIM_VS_RESTIM_TH17_DAY5_POST_POLARIZATION_UP","40/2154","181/21355",1.45817371963316e-06,1.00751922006545e-05,3.00346450359718e-06
"GSE37301_MULTIPOTENT_PROGENITOR_VS_LYMPHOID_PRIMED_MPP_DN","GSE37301_MULTIPOTENT_PROGENITOR_VS_LYMPHOID_PRIMED_MPP_DN","40/2154","181/21355",1.45817371963316e-06,1.00751922006545e-05,3.00346450359718e-06
"GSE13547_CTRL_VS_ANTI_IGM_STIM_ZFX_KO_BCELL_12H_DN","GSE13547_CTRL_VS_ANTI_IGM_STIM_ZFX_KO_BCELL_12H_DN","37/2154","162/21355",1.55192024166888e-06,1.07084591034453e-05,3.19224449170614e-06
"GSE26030_UNSTIM_VS_RESTIM_TH17_DAY15_POST_POLARIZATION_UP","GSE26030_UNSTIM_VS_RESTIM_TH17_DAY15_POST_POLARIZATION_UP","39/2154","175/21355",1.57462349115794e-06,1.0850471577211e-05,3.23457911079116e-06
"GSE16755_CTRL_VS_IFNA_TREATED_MAC_UP","GSE16755_CTRL_VS_IFNA_TREATED_MAC_UP","42/2154","195/21355",1.64545277910027e-06,1.12928859859593e-05,3.36646502880564e-06
"GSE26290_WT_VS_PDK1_KO_ANTI_CD3_AND_IL2_STIM_CD8_TCELL_UP","GSE26290_WT_VS_PDK1_KO_ANTI_CD3_AND_IL2_STIM_CD8_TCELL_UP","42/2154","195/21355",1.64545277910027e-06,1.12928859859593e-05,3.36646502880564e-06
"GSE37416_CTRL_VS_24H_F_TULARENSIS_LVS_NEUTROPHIL_UP","GSE37416_CTRL_VS_24H_F_TULARENSIS_LVS_NEUTROPHIL_UP","42/2154","195/21355",1.64545277910027e-06,1.12928859859593e-05,3.36646502880564e-06
"GSE40274_CTRL_VS_FOXP3_AND_EOS_TRANSDUCED_ACTIVATED_CD4_TCELL_UP","GSE40274_CTRL_VS_FOXP3_AND_EOS_TRANSDUCED_ACTIVATED_CD4_TCELL_UP","38/2154","169/21355",1.69405413305945e-06,1.16108562765857e-05,3.46125354123053e-06
"ERWIN_COHEN_BLOOD_TC_83_AGE_23_48YO_VACCINATED_VS_CONTROL_2DY_UP","ERWIN_COHEN_BLOOD_TC_83_AGE_23_48YO_VACCINATED_VS_CONTROL_2DY_UP","30/2154","119/21355",1.72572393366596e-06,1.18120836316386e-05,3.52124040857931e-06
"GSE1925_CTRL_VS_24H_IFNG_STIM_MACROPHAGE_UP","GSE1925_CTRL_VS_24H_IFNG_STIM_MACROPHAGE_UP","42/2154","196/21355",1.89289037200839e-06,1.29216935541774e-05,3.85202060103738e-06
"GSE29618_BCELL_VS_MONOCYTE_DAY7_FLU_VACCINE_UP","GSE29618_BCELL_VS_MONOCYTE_DAY7_FLU_VACCINE_UP","42/2154","196/21355",1.89289037200839e-06,1.29216935541774e-05,3.85202060103738e-06
"GSE7218_IGM_VS_IGG_SIGNAL_THGOUGH_ANTIGEN_BCELL_DN","GSE7218_IGM_VS_IGG_SIGNAL_THGOUGH_ANTIGEN_BCELL_DN","38/2154","170/21355",1.97238006065378e-06,1.3446372333497e-05,4.00842993379182e-06
"GSE7219_UNSTIM_VS_LPS_AND_ANTI_CD40_STIM_NIK_NFKB2_KO_DC_DN","GSE7219_UNSTIM_VS_LPS_AND_ANTI_CD40_STIM_NIK_NFKB2_KO_DC_DN","41/2154","190/21355",2.06987411586181e-06,1.40922321629846e-05,4.20096393547957e-06
"GSE12366_GC_VS_MEMORY_BCELL_DN","GSE12366_GC_VS_MEMORY_BCELL_DN","42/2154","197/21355",2.17454798772463e-06,1.47264422003127e-05,4.39002507664729e-06
"GSE21546_WT_VS_SAP1A_KO_DP_THYMOCYTES_UP","GSE21546_WT_VS_SAP1A_KO_DP_THYMOCYTES_UP","42/2154","197/21355",2.17454798772463e-06,1.47264422003127e-05,4.39002507664729e-06
"GSE26030_TH1_VS_TH17_DAY5_POST_POLARIZATION_DN","GSE26030_TH1_VS_TH17_DAY5_POST_POLARIZATION_DN","42/2154","197/21355",2.17454798772463e-06,1.47264422003127e-05,4.39002507664729e-06
"GSE3982_MEMORY_CD4_TCELL_VS_BCELL_DN","GSE3982_MEMORY_CD4_TCELL_VS_BCELL_DN","42/2154","197/21355",2.17454798772463e-06,1.47264422003127e-05,4.39002507664729e-06
"GSE15624_3H_VS_6H_HALOFUGINONE_TREATED_CD4_TCELL_UP","GSE15624_3H_VS_6H_HALOFUGINONE_TREATED_CD4_TCELL_UP","38/2154","171/21355",2.29260149313291e-06,1.5505385495223e-05,4.62223191597946e-06
"GSE17974_0H_VS_48H_IN_VITRO_ACT_CD4_TCELL_UP","GSE17974_0H_VS_48H_IN_VITRO_ACT_CD4_TCELL_UP","41/2154","191/21355",2.38241274768701e-06,1.60915143711013e-05,4.7969598256981e-06
"GSE13946_CTRL_VS_DSS_COLITIS_GD_TCELL_FROM_COLON_UP","GSE13946_CTRL_VS_DSS_COLITIS_GD_TCELL_FROM_COLON_UP","39/2154","178/21355",2.45455900616629e-06,1.65569395758948e-05,4.93570537554338e-06
"GSE10325_CD4_TCELL_VS_BCELL_UP","GSE10325_CD4_TCELL_VS_BCELL_UP","42/2154","198/21355",2.49472658203081e-06,1.65871742703817e-05,4.94471848714066e-06
"GSE15930_NAIVE_VS_48H_IN_VITRO_STIM_IFNAB_CD8_TCELL_UP","GSE15930_NAIVE_VS_48H_IN_VITRO_STIM_IFNAB_CD8_TCELL_UP","42/2154","198/21355",2.49472658203081e-06,1.65871742703817e-05,4.94471848714066e-06
"GSE21360_PRIMARY_VS_QUATERNARY_MEMORY_CD8_TCELL_DN","GSE21360_PRIMARY_VS_QUATERNARY_MEMORY_CD8_TCELL_DN","42/2154","198/21355",2.49472658203081e-06,1.65871742703817e-05,4.94471848714066e-06
"GSE21379_WT_VS_SAP_KO_TFH_CD4_TCELL_DN","GSE21379_WT_VS_SAP_KO_TFH_CD4_TCELL_DN","42/2154","198/21355",2.49472658203081e-06,1.65871742703817e-05,4.94471848714066e-06
"GSE2706_UNSTIM_VS_8H_LPS_AND_R848_DC_UP","GSE2706_UNSTIM_VS_8H_LPS_AND_R848_DC_UP","42/2154","198/21355",2.49472658203081e-06,1.65871742703817e-05,4.94471848714066e-06
"GSE2770_TGFB_AND_IL4_VS_IL4_TREATED_ACT_CD4_TCELL_48H_UP","GSE2770_TGFB_AND_IL4_VS_IL4_TREATED_ACT_CD4_TCELL_48H_UP","42/2154","198/21355",2.49472658203081e-06,1.65871742703817e-05,4.94471848714066e-06
"GSE29618_LAIV_VS_TIV_FLU_VACCINE_DAY7_BCELL_DN","GSE29618_LAIV_VS_TIV_FLU_VACCINE_DAY7_BCELL_DN","42/2154","198/21355",2.49472658203081e-06,1.65871742703817e-05,4.94471848714066e-06
"GSE29949_CD8_POS_DC_SPLEEN_VS_DC_BRAIN_UP","GSE29949_CD8_POS_DC_SPLEEN_VS_DC_BRAIN_UP","42/2154","198/21355",2.49472658203081e-06,1.65871742703817e-05,4.94471848714066e-06
"GSE37416_CTRL_VS_12H_F_TULARENSIS_LVS_NEUTROPHIL_DN","GSE37416_CTRL_VS_12H_F_TULARENSIS_LVS_NEUTROPHIL_DN","42/2154","198/21355",2.49472658203081e-06,1.65871742703817e-05,4.94471848714066e-06
"GSE3982_BCELL_VS_CENT_MEMORY_CD4_TCELL_UP","GSE3982_BCELL_VS_CENT_MEMORY_CD4_TCELL_UP","42/2154","198/21355",2.49472658203081e-06,1.65871742703817e-05,4.94471848714066e-06
"GSE9988_ANTI_TREM1_VS_LPS_MONOCYTE_DN","GSE9988_ANTI_TREM1_VS_LPS_MONOCYTE_DN","42/2154","198/21355",2.49472658203081e-06,1.65871742703817e-05,4.94471848714066e-06
"GSE37532_WT_VS_PPARG_KO_LN_TCONV_DN","GSE37532_WT_VS_PPARG_KO_LN_TCONV_DN","40/2154","185/21355",2.60348005926836e-06,1.72877838221288e-05,5.15357365115597e-06
"GSE14415_ACT_TCONV_VS_ACT_NATURAL_TREG_UP","GSE14415_ACT_TCONV_VS_ACT_NATURAL_TREG_UP","38/2154","172/21355",2.6604244942086e-06,1.76201430555551e-05,5.25265157842112e-06
"GSE14415_INDUCED_TREG_VS_FOXP3_KO_INDUCED_TREG_UP","GSE14415_INDUCED_TREG_VS_FOXP3_KO_INDUCED_TREG_UP","38/2154","172/21355",2.6604244942086e-06,1.76201430555551e-05,5.25265157842112e-06
"GSE41867_NAIVE_VS_DAY30_LCMV_CLONE13_EXHAUSTED_CD8_TCELL_UP","GSE41867_NAIVE_VS_DAY30_LCMV_CLONE13_EXHAUSTED_CD8_TCELL_UP","41/2154","192/21355",2.73827354770421e-06,1.81122802709077e-05,5.39936011040471e-06
"GSE37301_PRO_BCELL_VS_RAG2_KO_NK_CELL_DN","GSE37301_PRO_BCELL_VS_RAG2_KO_NK_CELL_DN","39/2154","179/21355",2.83711446001911e-06,1.82675352998477e-05,5.44564240052282e-06
"GSE10239_NAIVE_VS_DAY4.5_EFF_CD8_TCELL_UP","GSE10239_NAIVE_VS_DAY4.5_EFF_CD8_TCELL_UP","42/2154","199/21355",2.85821009972192e-06,1.82675352998477e-05,5.44564240052282e-06
"GSE1460_CORD_VS_ADULT_BLOOD_NAIVE_CD4_TCELL_DN","GSE1460_CORD_VS_ADULT_BLOOD_NAIVE_CD4_TCELL_DN","42/2154","199/21355",2.85821009972192e-06,1.82675352998477e-05,5.44564240052282e-06
"GSE15735_2H_VS_12H_HDAC_INHIBITOR_TREATED_CD4_TCELL_UP","GSE15735_2H_VS_12H_HDAC_INHIBITOR_TREATED_CD4_TCELL_UP","42/2154","199/21355",2.85821009972192e-06,1.82675352998477e-05,5.44564240052282e-06
"GSE17186_NAIVE_VS_CD21HIGH_TRANSITIONAL_BCELL_CORD_BLOOD_DN","GSE17186_NAIVE_VS_CD21HIGH_TRANSITIONAL_BCELL_CORD_BLOOD_DN","42/2154","199/21355",2.85821009972192e-06,1.82675352998477e-05,5.44564240052282e-06
"GSE1925_CTRL_VS_24H_IFNG_STIM_IFNG_PRIMED_MACROPHAGE_UP","GSE1925_CTRL_VS_24H_IFNG_STIM_IFNG_PRIMED_MACROPHAGE_UP","42/2154","199/21355",2.85821009972192e-06,1.82675352998477e-05,5.44564240052282e-06
"GSE20727_H2O2_VS_ROS_INHIBITOR_TREATED_DC_UP","GSE20727_H2O2_VS_ROS_INHIBITOR_TREATED_DC_UP","42/2154","199/21355",2.85821009972192e-06,1.82675352998477e-05,5.44564240052282e-06
"GSE27786_NEUTROPHIL_VS_MONO_MAC_UP","GSE27786_NEUTROPHIL_VS_MONO_MAC_UP","42/2154","199/21355",2.85821009972192e-06,1.82675352998477e-05,5.44564240052282e-06
"GSE29949_DC_BRAIN_VS_MONOCYTE_BONE_MARROW_UP","GSE29949_DC_BRAIN_VS_MONOCYTE_BONE_MARROW_UP","42/2154","199/21355",2.85821009972192e-06,1.82675352998477e-05,5.44564240052282e-06
"GSE29949_MICROGLIA_VS_DC_BRAIN_UP","GSE29949_MICROGLIA_VS_DC_BRAIN_UP","42/2154","199/21355",2.85821009972192e-06,1.82675352998477e-05,5.44564240052282e-06
"GSE31082_CD4_VS_CD8_SP_THYMOCYTE_DN","GSE31082_CD4_VS_CD8_SP_THYMOCYTE_DN","42/2154","199/21355",2.85821009972192e-06,1.82675352998477e-05,5.44564240052282e-06
"GSE33162_UNTREATED_VS_4H_LPS_STIM_HDAC3_HET_MACROPHAGE_DN","GSE33162_UNTREATED_VS_4H_LPS_STIM_HDAC3_HET_MACROPHAGE_DN","42/2154","199/21355",2.85821009972192e-06,1.82675352998477e-05,5.44564240052282e-06
"GSE34515_CD16_NEG_VS_POS_MONOCYTE_DN","GSE34515_CD16_NEG_VS_POS_MONOCYTE_DN","42/2154","199/21355",2.85821009972192e-06,1.82675352998477e-05,5.44564240052282e-06
"GSE360_L_DONOVANI_VS_M_TUBERCULOSIS_DC_DN","GSE360_L_DONOVANI_VS_M_TUBERCULOSIS_DC_DN","42/2154","199/21355",2.85821009972192e-06,1.82675352998477e-05,5.44564240052282e-06
"GSE360_LOW_DOSE_B_MALAYI_VS_M_TUBERCULOSIS_MAC_DN","GSE360_LOW_DOSE_B_MALAYI_VS_M_TUBERCULOSIS_MAC_DN","42/2154","199/21355",2.85821009972192e-06,1.82675352998477e-05,5.44564240052282e-06
"GSE360_T_GONDII_VS_B_MALAYI_HIGH_DOSE_MAC_UP","GSE360_T_GONDII_VS_B_MALAYI_HIGH_DOSE_MAC_UP","42/2154","199/21355",2.85821009972192e-06,1.82675352998477e-05,5.44564240052282e-06
"GSE360_T_GONDII_VS_B_MALAYI_LOW_DOSE_MAC_DN","GSE360_T_GONDII_VS_B_MALAYI_LOW_DOSE_MAC_DN","42/2154","199/21355",2.85821009972192e-06,1.82675352998477e-05,5.44564240052282e-06
"GSE3982_BASOPHIL_VS_TH1_UP","GSE3982_BASOPHIL_VS_TH1_UP","42/2154","199/21355",2.85821009972192e-06,1.82675352998477e-05,5.44564240052282e-06
"GSE3982_EFF_MEMORY_CD4_TCELL_VS_TH1_DN","GSE3982_EFF_MEMORY_CD4_TCELL_VS_TH1_DN","42/2154","199/21355",2.85821009972192e-06,1.82675352998477e-05,5.44564240052282e-06
"GSE3982_EOSINOPHIL_VS_DC_UP","GSE3982_EOSINOPHIL_VS_DC_UP","42/2154","199/21355",2.85821009972192e-06,1.82675352998477e-05,5.44564240052282e-06
"GSE3982_MAC_VS_TH1_UP","GSE3982_MAC_VS_TH1_UP","42/2154","199/21355",2.85821009972192e-06,1.82675352998477e-05,5.44564240052282e-06
"GSE3982_MAST_CELL_VS_EFF_MEMORY_CD4_TCELL_UP","GSE3982_MAST_CELL_VS_EFF_MEMORY_CD4_TCELL_UP","42/2154","199/21355",2.85821009972192e-06,1.82675352998477e-05,5.44564240052282e-06
"GSE3982_MAST_CELL_VS_NKCELL_UP","GSE3982_MAST_CELL_VS_NKCELL_UP","42/2154","199/21355",2.85821009972192e-06,1.82675352998477e-05,5.44564240052282e-06
"GSE40685_TREG_VS_FOXP3_KO_TREG_PRECURSOR_UP","GSE40685_TREG_VS_FOXP3_KO_TREG_PRECURSOR_UP","42/2154","199/21355",2.85821009972192e-06,1.82675352998477e-05,5.44564240052282e-06
"GSE41978_ID2_KO_AND_BIM_KO_VS_BIM_KO_KLRG1_LOW_EFFECTOR_CD8_TCELL_DN","GSE41978_ID2_KO_AND_BIM_KO_VS_BIM_KO_KLRG1_LOW_EFFECTOR_CD8_TCELL_DN","42/2154","199/21355",2.85821009972192e-06,1.82675352998477e-05,5.44564240052282e-06
"GSE43863_LY6C_INT_CXCR5POS_VS_LY6C_LOW_CXCR5NEG_EFFECTOR_CD4_TCELL_UP","GSE43863_LY6C_INT_CXCR5POS_VS_LY6C_LOW_CXCR5NEG_EFFECTOR_CD4_TCELL_UP","42/2154","199/21355",2.85821009972192e-06,1.82675352998477e-05,5.44564240052282e-06
"GSE6092_UNSTIM_VS_IFNG_STIM_ENDOTHELIAL_CELL_DN","GSE6092_UNSTIM_VS_IFNG_STIM_ENDOTHELIAL_CELL_DN","42/2154","199/21355",2.85821009972192e-06,1.82675352998477e-05,5.44564240052282e-06
"GSE32255_UNSTIM_VS_4H_LPS_STIM_DC_UP","GSE32255_UNSTIM_VS_4H_LPS_STIM_DC_UP","40/2154","186/21355",2.99828718031738e-06,1.90445429346269e-05,5.6772722100198e-06
"GSE8685_IL15_ACT_IL2_STARVED_VS_IL21_ACT_IL2_STARVED_CD4_TCELL_DN","GSE8685_IL15_ACT_IL2_STARVED_VS_IL21_ACT_IL2_STARVED_CD4_TCELL_DN","36/2154","160/21355",3.09117354764522e-06,1.90445429346269e-05,5.6772722100198e-06
"GSE11973_MIR223_KOVS_WT_BONE_MARROW_NEUTROPHIL_UP","GSE11973_MIR223_KOVS_WT_BONE_MARROW_NEUTROPHIL_UP","42/2154","200/21355",3.27031267291265e-06,1.90445429346269e-05,5.6772722100198e-06
"GSE12392_IFNAR_KO_VS_IFNB_KO_CD8_NEG_SPLEEN_DC_DN","GSE12392_IFNAR_KO_VS_IFNB_KO_CD8_NEG_SPLEEN_DC_DN","42/2154","200/21355",3.27031267291265e-06,1.90445429346269e-05,5.6772722100198e-06
"GSE13522_WT_VS_IFNAR_KO_SKING_T_CRUZI_Y_STRAIN_INF_UP","GSE13522_WT_VS_IFNAR_KO_SKING_T_CRUZI_Y_STRAIN_INF_UP","42/2154","200/21355",3.27031267291265e-06,1.90445429346269e-05,5.6772722100198e-06
"GSE1448_ANTI_VALPHA2_VS_VBETA5_DP_THYMOCYTE_DN","GSE1448_ANTI_VALPHA2_VS_VBETA5_DP_THYMOCYTE_DN","42/2154","200/21355",3.27031267291265e-06,1.90445429346269e-05,5.6772722100198e-06
"GSE15330_HSC_VS_MEGAKARYOCYTE_ERYTHROID_PROGENITOR_IKAROS_KO_UP","GSE15330_HSC_VS_MEGAKARYOCYTE_ERYTHROID_PROGENITOR_IKAROS_KO_UP","42/2154","200/21355",3.27031267291265e-06,1.90445429346269e-05,5.6772722100198e-06
"GSE15330_LYMPHOID_MULTIPOTENT_VS_GRANULOCYTE_MONOCYTE_PROGENITOR_IKAROS_KO_DN","GSE15330_LYMPHOID_MULTIPOTENT_VS_GRANULOCYTE_MONOCYTE_PROGENITOR_IKAROS_KO_DN","42/2154","200/21355",3.27031267291265e-06,1.90445429346269e-05,5.6772722100198e-06
"GSE15330_WT_VS_IKAROS_KO_LYMPHOID_MULTIPOTENT_PROGENITOR_UP","GSE15330_WT_VS_IKAROS_KO_LYMPHOID_MULTIPOTENT_PROGENITOR_UP","42/2154","200/21355",3.27031267291265e-06,1.90445429346269e-05,5.6772722100198e-06
"GSE16697_CD4_TCELL_VS_TFH_CD4_TCELL_DN","GSE16697_CD4_TCELL_VS_TFH_CD4_TCELL_DN","42/2154","200/21355",3.27031267291265e-06,1.90445429346269e-05,5.6772722100198e-06
"GSE17186_MEMORY_VS_CD21LOW_TRANSITIONAL_BCELL_UP","GSE17186_MEMORY_VS_CD21LOW_TRANSITIONAL_BCELL_UP","42/2154","200/21355",3.27031267291265e-06,1.90445429346269e-05,5.6772722100198e-06
"GSE17721_CTRL_VS_PAM3CSK4_8H_BMDC_UP","GSE17721_CTRL_VS_PAM3CSK4_8H_BMDC_UP","42/2154","200/21355",3.27031267291265e-06,1.90445429346269e-05,5.6772722100198e-06
"GSE17721_LPS_VS_CPG_8H_BMDC_DN","GSE17721_LPS_VS_CPG_8H_BMDC_DN","42/2154","200/21355",3.27031267291265e-06,1.90445429346269e-05,5.6772722100198e-06
"GSE17721_LPS_VS_GARDIQUIMOD_24H_BMDC_DN","GSE17721_LPS_VS_GARDIQUIMOD_24H_BMDC_DN","42/2154","200/21355",3.27031267291265e-06,1.90445429346269e-05,5.6772722100198e-06
"GSE17721_LPS_VS_POLYIC_12H_BMDC_DN","GSE17721_LPS_VS_POLYIC_12H_BMDC_DN","42/2154","200/21355",3.27031267291265e-06,1.90445429346269e-05,5.6772722100198e-06
"GSE17721_POLYIC_VS_GARDIQUIMOD_4H_BMDC_DN","GSE17721_POLYIC_VS_GARDIQUIMOD_4H_BMDC_DN","42/2154","200/21355",3.27031267291265e-06,1.90445429346269e-05,5.6772722100198e-06
"GSE19198_1H_VS_24H_IL21_TREATED_TCELL_DN","GSE19198_1H_VS_24H_IL21_TREATED_TCELL_DN","42/2154","200/21355",3.27031267291265e-06,1.90445429346269e-05,5.6772722100198e-06
"GSE1925_CTRL_VS_IFNG_PRIMED_MACROPHAGE_DN","GSE1925_CTRL_VS_IFNG_PRIMED_MACROPHAGE_DN","42/2154","200/21355",3.27031267291265e-06,1.90445429346269e-05,5.6772722100198e-06
"GSE19401_PAM2CSK4_VS_RETINOIC_ACID_STIM_FOLLICULAR_DC_UP","GSE19401_PAM2CSK4_VS_RETINOIC_ACID_STIM_FOLLICULAR_DC_UP","42/2154","200/21355",3.27031267291265e-06,1.90445429346269e-05,5.6772722100198e-06
"GSE19401_UNSTIM_VS_RETINOIC_ACID_AND_PAM2CSK4_STIM_FOLLICULAR_DC_UP","GSE19401_UNSTIM_VS_RETINOIC_ACID_AND_PAM2CSK4_STIM_FOLLICULAR_DC_UP","42/2154","200/21355",3.27031267291265e-06,1.90445429346269e-05,5.6772722100198e-06
"GSE21380_NON_TFH_VS_TFH_CD4_TCELL_DN","GSE21380_NON_TFH_VS_TFH_CD4_TCELL_DN","42/2154","200/21355",3.27031267291265e-06,1.90445429346269e-05,5.6772722100198e-06
"GSE21546_SAP1A_KO_VS_SAP1A_KO_AND_ELK1_KO_ANTI_CD3_STIM_DP_THYMOCYTES_UP","GSE21546_SAP1A_KO_VS_SAP1A_KO_AND_ELK1_KO_ANTI_CD3_STIM_DP_THYMOCYTES_UP","42/2154","200/21355",3.27031267291265e-06,1.90445429346269e-05,5.6772722100198e-06
"GSE21774_CD56_BRIGHT_VS_DIM_CD62L_POSITIVE_NK_CELL_UP","GSE21774_CD56_BRIGHT_VS_DIM_CD62L_POSITIVE_NK_CELL_UP","42/2154","200/21355",3.27031267291265e-06,1.90445429346269e-05,5.6772722100198e-06
"GSE22025_UNTREATED_VS_PROGESTERONE_TREATED_CD4_TCELL_DN","GSE22025_UNTREATED_VS_PROGESTERONE_TREATED_CD4_TCELL_DN","42/2154","200/21355",3.27031267291265e-06,1.90445429346269e-05,5.6772722100198e-06
"GSE22589_HEALTHY_VS_HIV_INFECTED_DC_UP","GSE22589_HEALTHY_VS_HIV_INFECTED_DC_UP","42/2154","200/21355",3.27031267291265e-06,1.90445429346269e-05,5.6772722100198e-06
"GSE22601_DOUBLE_POSITIVE_VS_CD8_SINGLE_POSITIVE_THYMOCYTE_UP","GSE22601_DOUBLE_POSITIVE_VS_CD8_SINGLE_POSITIVE_THYMOCYTE_UP","42/2154","200/21355",3.27031267291265e-06,1.90445429346269e-05,5.6772722100198e-06
"GSE22886_NAIVE_BCELL_VS_BM_PLASMA_CELL_UP","GSE22886_NAIVE_BCELL_VS_BM_PLASMA_CELL_UP","42/2154","200/21355",3.27031267291265e-06,1.90445429346269e-05,5.6772722100198e-06
"GSE22886_UNSTIM_VS_IL15_STIM_NKCELL_DN","GSE22886_UNSTIM_VS_IL15_STIM_NKCELL_DN","42/2154","200/21355",3.27031267291265e-06,1.90445429346269e-05,5.6772722100198e-06
"GSE22935_UNSTIM_VS_12H_MBOVIS_BCG_STIM_MACROPHAGE_UP","GSE22935_UNSTIM_VS_12H_MBOVIS_BCG_STIM_MACROPHAGE_UP","42/2154","200/21355",3.27031267291265e-06,1.90445429346269e-05,5.6772722100198e-06
"GSE24210_RESTING_TREG_VS_TCONV_UP","GSE24210_RESTING_TREG_VS_TCONV_UP","42/2154","200/21355",3.27031267291265e-06,1.90445429346269e-05,5.6772722100198e-06
"GSE24726_WT_VS_E2_2_KO_PDC_DAY6_POST_DELETION_DN","GSE24726_WT_VS_E2_2_KO_PDC_DAY6_POST_DELETION_DN","42/2154","200/21355",3.27031267291265e-06,1.90445429346269e-05,5.6772722100198e-06
"GSE2585_AIRE_KO_VS_WT_CD80_HIGH_MTEC_UP","GSE2585_AIRE_KO_VS_WT_CD80_HIGH_MTEC_UP","42/2154","200/21355",3.27031267291265e-06,1.90445429346269e-05,5.6772722100198e-06
"GSE2585_CTEC_VS_MTEC_THYMUS_DN","GSE2585_CTEC_VS_MTEC_THYMUS_DN","42/2154","200/21355",3.27031267291265e-06,1.90445429346269e-05,5.6772722100198e-06
"GSE26912_TUMORICIDAL_VS_CTRL_MACROPHAGE_DN","GSE26912_TUMORICIDAL_VS_CTRL_MACROPHAGE_DN","42/2154","200/21355",3.27031267291265e-06,1.90445429346269e-05,5.6772722100198e-06
"GSE26912_TUMORICIDAL_VS_CTRL_MACROPHAGE_UP","GSE26912_TUMORICIDAL_VS_CTRL_MACROPHAGE_UP","42/2154","200/21355",3.27031267291265e-06,1.90445429346269e-05,5.6772722100198e-06
"GSE2770_TGFB_AND_IL4_ACT_VS_ACT_CD4_TCELL_48H_UP","GSE2770_TGFB_AND_IL4_ACT_VS_ACT_CD4_TCELL_48H_UP","42/2154","200/21355",3.27031267291265e-06,1.90445429346269e-05,5.6772722100198e-06
"GSE2770_TGFB_AND_IL4_VS_IL12_TREATED_ACT_CD4_TCELL_6H_UP","GSE2770_TGFB_AND_IL4_VS_IL12_TREATED_ACT_CD4_TCELL_6H_UP","42/2154","200/21355",3.27031267291265e-06,1.90445429346269e-05,5.6772722100198e-06
"GSE2770_UNTREATED_VS_IL12_TREATED_ACT_CD4_TCELL_2H_DN","GSE2770_UNTREATED_VS_IL12_TREATED_ACT_CD4_TCELL_2H_DN","42/2154","200/21355",3.27031267291265e-06,1.90445429346269e-05,5.6772722100198e-06
"GSE28408_LY6G_POS_VS_NEG_DC_DN","GSE28408_LY6G_POS_VS_NEG_DC_DN","42/2154","200/21355",3.27031267291265e-06,1.90445429346269e-05,5.6772722100198e-06
"GSE28726_NAIVE_VS_ACTIVATED_CD4_TCELL_UP","GSE28726_NAIVE_VS_ACTIVATED_CD4_TCELL_UP","42/2154","200/21355",3.27031267291265e-06,1.90445429346269e-05,5.6772722100198e-06
"GSE29618_MONOCYTE_VS_MDC_DN","GSE29618_MONOCYTE_VS_MDC_DN","42/2154","200/21355",3.27031267291265e-06,1.90445429346269e-05,5.6772722100198e-06
"GSE29949_MICROGLIA_BRAIN_VS_MONOCYTE_BONE_MARROW_DN","GSE29949_MICROGLIA_BRAIN_VS_MONOCYTE_BONE_MARROW_DN","42/2154","200/21355",3.27031267291265e-06,1.90445429346269e-05,5.6772722100198e-06
"GSE3039_ALPHAALPHA_CD8_TCELL_VS_B1_BCELL_UP","GSE3039_ALPHAALPHA_CD8_TCELL_VS_B1_BCELL_UP","42/2154","200/21355",3.27031267291265e-06,1.90445429346269e-05,5.6772722100198e-06
"GSE3039_ALPHAALPHA_CD8_TCELL_VS_B2_BCELL_UP","GSE3039_ALPHAALPHA_CD8_TCELL_VS_B2_BCELL_UP","42/2154","200/21355",3.27031267291265e-06,1.90445429346269e-05,5.6772722100198e-06
"GSE32423_IL7_VS_IL4_MEMORY_CD8_TCELL_UP","GSE32423_IL7_VS_IL4_MEMORY_CD8_TCELL_UP","42/2154","200/21355",3.27031267291265e-06,1.90445429346269e-05,5.6772722100198e-06
"GSE32986_CURDLAN_LOWDOSE_VS_CURDLAN_HIGHDOSE_STIM_DC_UP","GSE32986_CURDLAN_LOWDOSE_VS_CURDLAN_HIGHDOSE_STIM_DC_UP","42/2154","200/21355",3.27031267291265e-06,1.90445429346269e-05,5.6772722100198e-06
"GSE33162_UNTREATED_VS_4H_LPS_STIM_HDAC3_KO_MACROPHAGE_UP","GSE33162_UNTREATED_VS_4H_LPS_STIM_HDAC3_KO_MACROPHAGE_UP","42/2154","200/21355",3.27031267291265e-06,1.90445429346269e-05,5.6772722100198e-06
"GSE33374_CD8_ALPHAALPHA_VS_ALPHABETA_CD161_HIGH_TCELL_DN","GSE33374_CD8_ALPHAALPHA_VS_ALPHABETA_CD161_HIGH_TCELL_DN","42/2154","200/21355",3.27031267291265e-06,1.90445429346269e-05,5.6772722100198e-06
"GSE33425_CD8_ALPHAALPHA_VS_ALPHABETA_CD161_HIGH_TCELL_UP","GSE33425_CD8_ALPHAALPHA_VS_ALPHABETA_CD161_HIGH_TCELL_UP","42/2154","200/21355",3.27031267291265e-06,1.90445429346269e-05,5.6772722100198e-06
"GSE36392_EOSINOPHIL_VS_NEUTROPHIL_IL25_TREATED_LUNG_UP","GSE36392_EOSINOPHIL_VS_NEUTROPHIL_IL25_TREATED_LUNG_UP","42/2154","200/21355",3.27031267291265e-06,1.90445429346269e-05,5.6772722100198e-06
"GSE38304_MYC_NEG_VS_POS_GC_BCELL_DN","GSE38304_MYC_NEG_VS_POS_GC_BCELL_DN","42/2154","200/21355",3.27031267291265e-06,1.90445429346269e-05,5.6772722100198e-06
"GSE39110_DAY3_VS_DAY6_POST_IMMUNIZATION_CD8_TCELL_UP","GSE39110_DAY3_VS_DAY6_POST_IMMUNIZATION_CD8_TCELL_UP","42/2154","200/21355",3.27031267291265e-06,1.90445429346269e-05,5.6772722100198e-06
"GSE3982_BASOPHIL_VS_TH2_UP","GSE3982_BASOPHIL_VS_TH2_UP","42/2154","200/21355",3.27031267291265e-06,1.90445429346269e-05,5.6772722100198e-06
"GSE40274_FOXP3_VS_FOXP3_AND_LEF1_TRANSDUCED_ACTIVATED_CD4_TCELL_DN","GSE40274_FOXP3_VS_FOXP3_AND_LEF1_TRANSDUCED_ACTIVATED_CD4_TCELL_DN","42/2154","200/21355",3.27031267291265e-06,1.90445429346269e-05,5.6772722100198e-06
"GSE40666_NAIVE_VS_EFFECTOR_CD8_TCELL_DN","GSE40666_NAIVE_VS_EFFECTOR_CD8_TCELL_DN","42/2154","200/21355",3.27031267291265e-06,1.90445429346269e-05,5.6772722100198e-06
"GSE40666_WT_VS_STAT1_KO_CD8_TCELL_UP","GSE40666_WT_VS_STAT1_KO_CD8_TCELL_UP","42/2154","200/21355",3.27031267291265e-06,1.90445429346269e-05,5.6772722100198e-06
"GSE411_100MIN_VS_400MIN_IL6_STIM_MACROPHAGE_UP","GSE411_100MIN_VS_400MIN_IL6_STIM_MACROPHAGE_UP","42/2154","200/21355",3.27031267291265e-06,1.90445429346269e-05,5.6772722100198e-06
"GSE411_100MIN_VS_400MIN_IL6_STIM_SOCS3_KO_MACROPHAGE_DN","GSE411_100MIN_VS_400MIN_IL6_STIM_SOCS3_KO_MACROPHAGE_DN","42/2154","200/21355",3.27031267291265e-06,1.90445429346269e-05,5.6772722100198e-06
"GSE41867_DAY6_EFFECTOR_VS_DAY30_MEMORY_CD8_TCELL_LCMV_ARMSTRONG_DN","GSE41867_DAY6_EFFECTOR_VS_DAY30_MEMORY_CD8_TCELL_LCMV_ARMSTRONG_DN","42/2154","200/21355",3.27031267291265e-06,1.90445429346269e-05,5.6772722100198e-06
"GSE41867_LCMV_ARMSTRONG_VS_CLONE13_DAY8_EFFECTOR_CD8_TCELL_DN","GSE41867_LCMV_ARMSTRONG_VS_CLONE13_DAY8_EFFECTOR_CD8_TCELL_DN","42/2154","200/21355",3.27031267291265e-06,1.90445429346269e-05,5.6772722100198e-06
"GSE43863_LY6C_INT_CXCR5POS_VS_LY6C_LOW_CXCR5NEG_EFFECTOR_CD4_TCELL_DN","GSE43863_LY6C_INT_CXCR5POS_VS_LY6C_LOW_CXCR5NEG_EFFECTOR_CD4_TCELL_DN","42/2154","200/21355",3.27031267291265e-06,1.90445429346269e-05,5.6772722100198e-06
"GSE46606_IRF4HIGH_VS_IRF4MID_CD40L_IL2_IL5_DAY1_STIMULATED_BCELL_UP","GSE46606_IRF4HIGH_VS_IRF4MID_CD40L_IL2_IL5_DAY1_STIMULATED_BCELL_UP","42/2154","200/21355",3.27031267291265e-06,1.90445429346269e-05,5.6772722100198e-06
"GSE46606_IRF4HIGH_VS_WT_CD40L_IL2_IL5_DAY3_STIMULATED_BCELL_DN","GSE46606_IRF4HIGH_VS_WT_CD40L_IL2_IL5_DAY3_STIMULATED_BCELL_DN","42/2154","200/21355",3.27031267291265e-06,1.90445429346269e-05,5.6772722100198e-06
"GSE46606_IRF4MID_VS_WT_CD40L_IL2_IL5_DAY3_STIMULATED_BCELL_UP","GSE46606_IRF4MID_VS_WT_CD40L_IL2_IL5_DAY3_STIMULATED_BCELL_UP","42/2154","200/21355",3.27031267291265e-06,1.90445429346269e-05,5.6772722100198e-06
"GSE4748_CTRL_VS_CYANOBACTERIUM_LPSLIKE_STIM_DC_3H_UP","GSE4748_CTRL_VS_CYANOBACTERIUM_LPSLIKE_STIM_DC_3H_UP","42/2154","200/21355",3.27031267291265e-06,1.90445429346269e-05,5.6772722100198e-06
"GSE5463_CTRL_VS_DEXAMETHASONE_TREATED_THYMOCYTE_UP","GSE5463_CTRL_VS_DEXAMETHASONE_TREATED_THYMOCYTE_UP","42/2154","200/21355",3.27031267291265e-06,1.90445429346269e-05,5.6772722100198e-06
"GSE5542_UNTREATED_VS_IFNG_TREATED_EPITHELIAL_CELLS_6H_DN","GSE5542_UNTREATED_VS_IFNG_TREATED_EPITHELIAL_CELLS_6H_DN","42/2154","200/21355",3.27031267291265e-06,1.90445429346269e-05,5.6772722100198e-06
"GSE5589_LPS_VS_LPS_AND_IL10_STIM_MACROPHAGE_180MIN_UP","GSE5589_LPS_VS_LPS_AND_IL10_STIM_MACROPHAGE_180MIN_UP","42/2154","200/21355",3.27031267291265e-06,1.90445429346269e-05,5.6772722100198e-06
"GSE5589_LPS_VS_LPS_AND_IL10_STIM_MACROPHAGE_45MIN_DN","GSE5589_LPS_VS_LPS_AND_IL10_STIM_MACROPHAGE_45MIN_DN","42/2154","200/21355",3.27031267291265e-06,1.90445429346269e-05,5.6772722100198e-06
"GSE5589_LPS_VS_LPS_AND_IL6_STIM_IL6_KO_MACROPHAGE_45MIN_UP","GSE5589_LPS_VS_LPS_AND_IL6_STIM_IL6_KO_MACROPHAGE_45MIN_UP","42/2154","200/21355",3.27031267291265e-06,1.90445429346269e-05,5.6772722100198e-06
"GSE5589_LPS_VS_LPS_AND_IL6_STIM_MACROPHAGE_45MIN_UP","GSE5589_LPS_VS_LPS_AND_IL6_STIM_MACROPHAGE_45MIN_UP","42/2154","200/21355",3.27031267291265e-06,1.90445429346269e-05,5.6772722100198e-06
"GSE6674_PL2_3_VS_ANTI_IGM_AND_CPG_STIM_BCELL_DN","GSE6674_PL2_3_VS_ANTI_IGM_AND_CPG_STIM_BCELL_DN","42/2154","200/21355",3.27031267291265e-06,1.90445429346269e-05,5.6772722100198e-06
"GSE6674_PL2_3_VS_ANTI_IGM_AND_CPG_STIM_BCELL_UP","GSE6674_PL2_3_VS_ANTI_IGM_AND_CPG_STIM_BCELL_UP","42/2154","200/21355",3.27031267291265e-06,1.90445429346269e-05,5.6772722100198e-06
"GSE7460_FOXP3_MUT_VS_WT_ACT_WITH_TGFB_TCONV_DN","GSE7460_FOXP3_MUT_VS_WT_ACT_WITH_TGFB_TCONV_DN","42/2154","200/21355",3.27031267291265e-06,1.90445429346269e-05,5.6772722100198e-06
"GSE7509_DC_VS_MONOCYTE_DN","GSE7509_DC_VS_MONOCYTE_DN","42/2154","200/21355",3.27031267291265e-06,1.90445429346269e-05,5.6772722100198e-06
"GSE7831_UNSTIM_VS_INFLUENZA_STIM_PDC_1H_UP","GSE7831_UNSTIM_VS_INFLUENZA_STIM_PDC_1H_UP","42/2154","200/21355",3.27031267291265e-06,1.90445429346269e-05,5.6772722100198e-06
"GSE9650_EFFECTOR_VS_MEMORY_CD8_TCELL_DN","GSE9650_EFFECTOR_VS_MEMORY_CD8_TCELL_DN","42/2154","200/21355",3.27031267291265e-06,1.90445429346269e-05,5.6772722100198e-06
"GSE9988_ANTI_TREM1_VS_CTRL_TREATED_MONOCYTES_DN","GSE9988_ANTI_TREM1_VS_CTRL_TREATED_MONOCYTES_DN","42/2154","200/21355",3.27031267291265e-06,1.90445429346269e-05,5.6772722100198e-06
"GSE21033_1H_VS_24H_POLYIC_STIM_DC_UP","GSE21033_1H_VS_24H_POLYIC_STIM_DC_UP","36/2154","161/21355",3.59996792729144e-06,2.0930470683672e-05,6.23947657672537e-06
"GSE2770_TGFB_AND_IL4_ACT_VS_ACT_CD4_TCELL_2H_DN","GSE2770_TGFB_AND_IL4_ACT_VS_ACT_CD4_TCELL_2H_DN","41/2154","194/21355",3.60234973628619e-06,2.0930470683672e-05,6.23947657672537e-06
"LI_PBMC_MENACTRA_AGE_18_45YO_CORRELATED_WITH_ANTI_POLYSACCHARIDE_ANTIBODY_3DY_POSITIVE","LI_PBMC_MENACTRA_AGE_18_45YO_CORRELATED_WITH_ANTI_POLYSACCHARIDE_ANTIBODY_3DY_POSITIVE","19/2154","60/21355",3.8160764344682e-06,2.21471042104834e-05,6.60216103364592e-06
"GSE15330_HSC_VS_MEGAKARYOCYTE_ERYTHROID_PROGENITOR_DN","GSE15330_HSC_VS_MEGAKARYOCYTE_ERYTHROID_PROGENITOR_DN","37/2154","168/21355",3.86960379573878e-06,2.24322950199687e-05,6.68717782101654e-06
"GSE37301_PRO_BCELL_VS_GRANULOCYTE_MONOCYTE_PROGENITOR_DN","GSE37301_PRO_BCELL_VS_GRANULOCYTE_MONOCYTE_PROGENITOR_DN","38/2154","175/21355",4.11736237623096e-06,2.37684853868794e-05,7.08550276183545e-06
"GSE6092_IFNG_VS_IFNG_AND_B_BURGDORFERI_INF_ENDOTHELIAL_CELL_DN","GSE6092_IFNG_VS_IFNG_AND_B_BURGDORFERI_INF_ENDOTHELIAL_CELL_DN","38/2154","175/21355",4.11736237623096e-06,2.37684853868794e-05,7.08550276183545e-06
"GSE19888_CTRL_VS_A3R_INHIBITOR_TREATED_MAST_CELL_DN","GSE19888_CTRL_VS_A3R_INHIBITOR_TREATED_MAST_CELL_DN","41/2154","195/21355",4.12334178332917e-06,2.37684853868794e-05,7.08550276183545e-06
"GSE25088_CTRL_VS_IL4_AND_ROSIGLITAZONE_STIM_MACROPHAGE_DN","GSE25088_CTRL_VS_IL4_AND_ROSIGLITAZONE_STIM_MACROPHAGE_DN","41/2154","195/21355",4.12334178332917e-06,2.37684853868794e-05,7.08550276183545e-06
"GSE25123_IL4_VS_IL4_AND_ROSIGLITAZONE_STIM_PPARG_KO_MACROPHAGE_DAY10_DN","GSE25123_IL4_VS_IL4_AND_ROSIGLITAZONE_STIM_PPARG_KO_MACROPHAGE_DAY10_DN","41/2154","195/21355",4.12334178332917e-06,2.37684853868794e-05,7.08550276183545e-06
"GSE6269_HEALTHY_VS_FLU_INF_PBMC_DN","GSE6269_HEALTHY_VS_FLU_INF_PBMC_DN","36/2154","162/21355",4.18512440889787e-06,2.40974561967284e-05,7.1835705833145e-06
"GSE21360_SECONDARY_VS_QUATERNARY_MEMORY_CD8_TCELL_UP","GSE21360_SECONDARY_VS_QUATERNARY_MEMORY_CD8_TCELL_UP","39/2154","182/21355",4.34131773499745e-06,2.49686811912733e-05,7.44328705260353e-06
"GAUCHER_PBMC_YF_VAX_STAMARIL_UNKNOWN_AGE_10DY_DN","GAUCHER_PBMC_YF_VAX_STAMARIL_UNKNOWN_AGE_10DY_DN","27/2154","106/21355",4.52983201245345e-06,2.60236304266005e-05,7.7577726245211e-06
"SCHERER_PBMC_YF_VAX_AGE_18_40YO_4_TO_7DY_DN","SCHERER_PBMC_YF_VAX_AGE_18_40YO_4_TO_7DY_DN","48/2154","245/21355",5.23437347167207e-06,3.00374316056782e-05,8.95430655913658e-06
"GSE14000_UNSTIM_VS_16H_LPS_DC_UP","GSE14000_UNSTIM_VS_16H_LPS_DC_UP","41/2154","197/21355",5.38057671386292e-06,3.07384231709286e-05,9.163275603262e-06
"GSE2128_C57BL6_VS_NOD_CD4CD8_DP_THYMOCYTE_UP","GSE2128_C57BL6_VS_NOD_CD4CD8_DP_THYMOCYTE_UP","41/2154","197/21355",5.38057671386292e-06,3.07384231709286e-05,9.163275603262e-06
"GSE29949_CD8_POS_DC_SPLEEN_VS_MONOCYTE_BONE_MARROW_UP","GSE29949_CD8_POS_DC_SPLEEN_VS_MONOCYTE_BONE_MARROW_UP","41/2154","197/21355",5.38057671386292e-06,3.07384231709286e-05,9.163275603262e-06
"GSE42724_MEMORY_VS_B1_BCELL_DN","GSE42724_MEMORY_VS_B1_BCELL_DN","41/2154","197/21355",5.38057671386292e-06,3.07384231709286e-05,9.163275603262e-06
"GSE6259_33D1_POS_DC_VS_CD4_TCELL_UP","GSE6259_33D1_POS_DC_VS_CD4_TCELL_UP","39/2154","184/21355",5.72220153618552e-06,3.26535897929872e-05,9.73419622227048e-06
"GSE10240_CTRL_VS_IL17_STIM_PRIMARY_BRONCHIAL_EPITHELIAL_CELLS_DN","GSE10240_CTRL_VS_IL17_STIM_PRIMARY_BRONCHIAL_EPITHELIAL_CELLS_DN","41/2154","198/21355",6.13420636612481e-06,3.44661507142815e-05,1.02745295756492e-05
"GSE13485_DAY3_VS_DAY7_YF17D_VACCINE_PBMC_DN","GSE13485_DAY3_VS_DAY7_YF17D_VACCINE_PBMC_DN","41/2154","198/21355",6.13420636612481e-06,3.44661507142815e-05,1.02745295756492e-05
"GSE14000_4H_VS_16H_LPS_DC_TRANSLATED_RNA_DN","GSE14000_4H_VS_16H_LPS_DC_TRANSLATED_RNA_DN","41/2154","198/21355",6.13420636612481e-06,3.44661507142815e-05,1.02745295756492e-05
"GSE22611_NOD2_VS_CTRL_TRANSDUCED_HEK293T_CELL_DN","GSE22611_NOD2_VS_CTRL_TRANSDUCED_HEK293T_CELL_DN","41/2154","198/21355",6.13420636612481e-06,3.44661507142815e-05,1.02745295756492e-05
"GSE22886_DAY1_VS_DAY7_MONOCYTE_IN_CULTURE_UP","GSE22886_DAY1_VS_DAY7_MONOCYTE_IN_CULTURE_UP","41/2154","198/21355",6.13420636612481e-06,3.44661507142815e-05,1.02745295756492e-05
"GSE24142_EARLY_THYMIC_PROGENITOR_VS_DN3_THYMOCYTE_DN","GSE24142_EARLY_THYMIC_PROGENITOR_VS_DN3_THYMOCYTE_DN","41/2154","198/21355",6.13420636612481e-06,3.44661507142815e-05,1.02745295756492e-05
"GSE24634_NAIVE_CD4_TCELL_VS_DAY3_IL4_CONV_TREG_UP","GSE24634_NAIVE_CD4_TCELL_VS_DAY3_IL4_CONV_TREG_UP","41/2154","198/21355",6.13420636612481e-06,3.44661507142815e-05,1.02745295756492e-05
"GSE25087_TREG_VS_TCONV_FETUS_UP","GSE25087_TREG_VS_TCONV_FETUS_UP","41/2154","198/21355",6.13420636612481e-06,3.44661507142815e-05,1.02745295756492e-05
"GSE26559_TCF1_KO_VS_WT_LIN_NEG_CELL_UP","GSE26559_TCF1_KO_VS_WT_LIN_NEG_CELL_UP","41/2154","198/21355",6.13420636612481e-06,3.44661507142815e-05,1.02745295756492e-05
"GSE2770_IL12_AND_TGFB_ACT_VS_ACT_CD4_TCELL_6H_DN","GSE2770_IL12_AND_TGFB_ACT_VS_ACT_CD4_TCELL_6H_DN","41/2154","198/21355",6.13420636612481e-06,3.44661507142815e-05,1.02745295756492e-05
"GSE2770_TGFB_AND_IL4_ACT_VS_ACT_CD4_TCELL_48H_DN","GSE2770_TGFB_AND_IL4_ACT_VS_ACT_CD4_TCELL_48H_DN","41/2154","198/21355",6.13420636612481e-06,3.44661507142815e-05,1.02745295756492e-05
"GSE6259_BCELL_VS_CD8_TCELL_DN","GSE6259_BCELL_VS_CD8_TCELL_DN","41/2154","198/21355",6.13420636612481e-06,3.44661507142815e-05,1.02745295756492e-05
"GSE9988_ANTI_TREM1_VS_CTRL_TREATED_MONOCYTES_UP","GSE9988_ANTI_TREM1_VS_CTRL_TREATED_MONOCYTES_UP","41/2154","198/21355",6.13420636612481e-06,3.44661507142815e-05,1.02745295756492e-05
"GSE9988_ANTI_TREM1_VS_LOW_LPS_MONOCYTE_DN","GSE9988_ANTI_TREM1_VS_LOW_LPS_MONOCYTE_DN","41/2154","198/21355",6.13420636612481e-06,3.44661507142815e-05,1.02745295756492e-05
"GSE15330_LYMPHOID_MULTIPOTENT_VS_MEGAKARYOCYTE_ERYTHROID_PROGENITOR_IKAROS_KO_DN","GSE15330_LYMPHOID_MULTIPOTENT_VS_MEGAKARYOCYTE_ERYTHROID_PROGENITOR_IKAROS_KO_DN","38/2154","178/21355",6.28318700533545e-06,3.51872236125741e-05,1.0489484964231e-05
"GSE3565_CTRL_VS_LPS_INJECTED_SPLENOCYTES_UP","GSE3565_CTRL_VS_LPS_INJECTED_SPLENOCYTES_UP","38/2154","178/21355",6.28318700533545e-06,3.51872236125741e-05,1.0489484964231e-05
"GSE6259_33D1_POS_VS_DEC205_POS_FLT3L_INDUCED_SPLENIC_DC_DN","GSE6259_33D1_POS_VS_DEC205_POS_FLT3L_INDUCED_SPLENIC_DC_DN","38/2154","178/21355",6.28318700533545e-06,3.51872236125741e-05,1.0489484964231e-05
"GSE8685_IL15_ACT_IL2_STARVED_VS_IL21_ACT_IL2_STARVED_CD4_TCELL_UP","GSE8685_IL15_ACT_IL2_STARVED_VS_IL21_ACT_IL2_STARVED_CD4_TCELL_UP","36/2154","165/21355",6.50806858357151e-06,3.64067337722113e-05,1.08530269595895e-05
"GSE11924_TH1_VS_TH2_CD4_TCELL_DN","GSE11924_TH1_VS_TH2_CD4_TCELL_DN","41/2154","199/21355",6.98430666310279e-06,3.79497980536074e-05,1.13130220349828e-05
"GSE11961_MEMORY_BCELL_DAY7_VS_GERMINAL_CENTER_BCELL_DAY40_DN","GSE11961_MEMORY_BCELL_DAY7_VS_GERMINAL_CENTER_BCELL_DAY40_DN","41/2154","199/21355",6.98430666310279e-06,3.79497980536074e-05,1.13130220349828e-05
"GSE12366_PLASMA_CELL_VS_MEMORY_BCELL_DN","GSE12366_PLASMA_CELL_VS_MEMORY_BCELL_DN","41/2154","199/21355",6.98430666310279e-06,3.79497980536074e-05,1.13130220349828e-05
"GSE15330_MEGAKARYOCYTE_ERYTHROID_VS_GRANULOCYTE_MONOCYTE_PROGENITOR_IKAROS_KO_DN","GSE15330_MEGAKARYOCYTE_ERYTHROID_VS_GRANULOCYTE_MONOCYTE_PROGENITOR_IKAROS_KO_DN","41/2154","199/21355",6.98430666310279e-06,3.79497980536074e-05,1.13130220349828e-05
"GSE16755_CTRL_VS_IFNA_TREATED_MAC_DN","GSE16755_CTRL_VS_IFNA_TREATED_MAC_DN","41/2154","199/21355",6.98430666310279e-06,3.79497980536074e-05,1.13130220349828e-05
"GSE17301_IFNA2_VS_IFNA2_AND_ACD3_ACD28_STIM_CD8_TCELL_DN","GSE17301_IFNA2_VS_IFNA2_AND_ACD3_ACD28_STIM_CD8_TCELL_DN","41/2154","199/21355",6.98430666310279e-06,3.79497980536074e-05,1.13130220349828e-05
"GSE17721_12H_VS_24H_GARDIQUIMOD_BMDC_UP","GSE17721_12H_VS_24H_GARDIQUIMOD_BMDC_UP","41/2154","199/21355",6.98430666310279e-06,3.79497980536074e-05,1.13130220349828e-05
"GSE20727_CTRL_VS_ROS_INHIBITOR_TREATED_DC_DN","GSE20727_CTRL_VS_ROS_INHIBITOR_TREATED_DC_DN","41/2154","199/21355",6.98430666310279e-06,3.79497980536074e-05,1.13130220349828e-05
"GSE20754_WT_VS_TCF1_KO_MEMORY_CD8_TCELL_DN","GSE20754_WT_VS_TCF1_KO_MEMORY_CD8_TCELL_DN","41/2154","199/21355",6.98430666310279e-06,3.79497980536074e-05,1.13130220349828e-05
"GSE21670_STAT3_KO_VS_WT_CD4_TCELL_DN","GSE21670_STAT3_KO_VS_WT_CD4_TCELL_DN","41/2154","199/21355",6.98430666310279e-06,3.79497980536074e-05,1.13130220349828e-05
"GSE22886_TCELL_VS_BCELL_NAIVE_UP","GSE22886_TCELL_VS_BCELL_NAIVE_UP","41/2154","199/21355",6.98430666310279e-06,3.79497980536074e-05,1.13130220349828e-05
"GSE23321_CD8_STEM_CELL_MEMORY_VS_EFFECTOR_MEMORY_CD8_TCELL_DN","GSE23321_CD8_STEM_CELL_MEMORY_VS_EFFECTOR_MEMORY_CD8_TCELL_DN","41/2154","199/21355",6.98430666310279e-06,3.79497980536074e-05,1.13130220349828e-05
"GSE23505_UNTREATED_VS_4DAY_IL6_IL1_IL23_TREATED_CD4_TCELL_DN","GSE23505_UNTREATED_VS_4DAY_IL6_IL1_IL23_TREATED_CD4_TCELL_DN","41/2154","199/21355",6.98430666310279e-06,3.79497980536074e-05,1.13130220349828e-05
"GSE25088_WT_VS_STAT6_KO_MACROPHAGE_ROSIGLITAZONE_STIM_DN","GSE25088_WT_VS_STAT6_KO_MACROPHAGE_ROSIGLITAZONE_STIM_DN","41/2154","199/21355",6.98430666310279e-06,3.79497980536074e-05,1.13130220349828e-05
"GSE26030_TH1_VS_TH17_RESTIMULATED_DAY15_POST_POLARIZATION_DN","GSE26030_TH1_VS_TH17_RESTIMULATED_DAY15_POST_POLARIZATION_DN","41/2154","199/21355",6.98430666310279e-06,3.79497980536074e-05,1.13130220349828e-05
"GSE26495_NAIVE_VS_PD1LOW_CD8_TCELL_DN","GSE26495_NAIVE_VS_PD1LOW_CD8_TCELL_DN","41/2154","199/21355",6.98430666310279e-06,3.79497980536074e-05,1.13130220349828e-05
"GSE2770_IL12_AND_TGFB_ACT_VS_ACT_CD4_TCELL_6H_UP","GSE2770_IL12_AND_TGFB_ACT_VS_ACT_CD4_TCELL_6H_UP","41/2154","199/21355",6.98430666310279e-06,3.79497980536074e-05,1.13130220349828e-05
"GSE2770_IL12_VS_TGFB_AND_IL12_TREATED_ACT_CD4_TCELL_6H_DN","GSE2770_IL12_VS_TGFB_AND_IL12_TREATED_ACT_CD4_TCELL_6H_DN","41/2154","199/21355",6.98430666310279e-06,3.79497980536074e-05,1.13130220349828e-05
"GSE28726_ACT_CD4_TCELL_VS_ACT_NKTCELL_DN","GSE28726_ACT_CD4_TCELL_VS_ACT_NKTCELL_DN","41/2154","199/21355",6.98430666310279e-06,3.79497980536074e-05,1.13130220349828e-05
"GSE360_CTRL_VS_L_MAJOR_DC_UP","GSE360_CTRL_VS_L_MAJOR_DC_UP","41/2154","199/21355",6.98430666310279e-06,3.79497980536074e-05,1.13130220349828e-05
"GSE360_HIGH_DOSE_B_MALAYI_VS_M_TUBERCULOSIS_MAC_DN","GSE360_HIGH_DOSE_B_MALAYI_VS_M_TUBERCULOSIS_MAC_DN","41/2154","199/21355",6.98430666310279e-06,3.79497980536074e-05,1.13130220349828e-05
"GSE360_L_DONOVANI_VS_B_MALAYI_LOW_DOSE_MAC_DN","GSE360_L_DONOVANI_VS_B_MALAYI_LOW_DOSE_MAC_DN","41/2154","199/21355",6.98430666310279e-06,3.79497980536074e-05,1.13130220349828e-05
"GSE360_T_GONDII_VS_B_MALAYI_LOW_DOSE_DC_DN","GSE360_T_GONDII_VS_B_MALAYI_LOW_DOSE_DC_DN","41/2154","199/21355",6.98430666310279e-06,3.79497980536074e-05,1.13130220349828e-05
"GSE3982_MAC_VS_TH2_UP","GSE3982_MAC_VS_TH2_UP","41/2154","199/21355",6.98430666310279e-06,3.79497980536074e-05,1.13130220349828e-05
"GSE40685_TREG_VS_FOXP3_KO_TREG_PRECURSOR_DN","GSE40685_TREG_VS_FOXP3_KO_TREG_PRECURSOR_DN","41/2154","199/21355",6.98430666310279e-06,3.79497980536074e-05,1.13130220349828e-05
"GSE41867_DAY15_EFFECTOR_VS_DAY30_EXHAUSTED_CD8_TCELL_LCMV_CLONE13_UP","GSE41867_DAY15_EFFECTOR_VS_DAY30_EXHAUSTED_CD8_TCELL_LCMV_CLONE13_UP","41/2154","199/21355",6.98430666310279e-06,3.79497980536074e-05,1.13130220349828e-05
"GSE45739_UNSTIM_VS_ACD3_ACD28_STIM_NRAS_KO_CD4_TCELL_DN","GSE45739_UNSTIM_VS_ACD3_ACD28_STIM_NRAS_KO_CD4_TCELL_DN","41/2154","199/21355",6.98430666310279e-06,3.79497980536074e-05,1.13130220349828e-05
"GSE3565_DUSP1_VS_WT_SPLENOCYTES_DN","GSE3565_DUSP1_VS_WT_SPLENOCYTES_DN","38/2154","179/21355",7.21191577641355e-06,3.91449313851407e-05,1.16692971776141e-05
"GSE27241_CTRL_VS_DIGOXIN_TREATED_RORGT_KO_CD4_TCELL_IN_TH17_POLARIZING_CONDITIONS_DN","GSE27241_CTRL_VS_DIGOXIN_TREATED_RORGT_KO_CD4_TCELL_IN_TH17_POLARIZING_CONDITIONS_DN","39/2154","186/21355",7.49897788209318e-06,3.98503066709141e-05,1.18795730304556e-05
"GSE13485_DAY3_VS_DAY21_YF17D_VACCINE_PBMC_UP","GSE13485_DAY3_VS_DAY21_YF17D_VACCINE_PBMC_UP","40/2154","193/21355",7.7421681216978e-06,3.98503066709141e-05,1.18795730304556e-05
"GSE10239_NAIVE_VS_DAY4.5_EFF_CD8_TCELL_DN","GSE10239_NAIVE_VS_DAY4.5_EFF_CD8_TCELL_DN","41/2154","200/21355",7.94200322661089e-06,3.98503066709141e-05,1.18795730304556e-05
"GSE11961_FOLLICULAR_BCELL_VS_MEMORY_BCELL_DAY7_UP","GSE11961_FOLLICULAR_BCELL_VS_MEMORY_BCELL_DAY7_UP","41/2154","200/21355",7.94200322661089e-06,3.98503066709141e-05,1.18795730304556e-05
"GSE12392_CD8A_POS_VS_NEG_SPLEEN_DC_DN","GSE12392_CD8A_POS_VS_NEG_SPLEEN_DC_DN","41/2154","200/21355",7.94200322661089e-06,3.98503066709141e-05,1.18795730304556e-05
"GSE13306_RA_VS_UNTREATED_MEM_CD4_TCELL_UP","GSE13306_RA_VS_UNTREATED_MEM_CD4_TCELL_UP","41/2154","200/21355",7.94200322661089e-06,3.98503066709141e-05,1.18795730304556e-05
"GSE14308_TH1_VS_TH17_UP","GSE14308_TH1_VS_TH17_UP","41/2154","200/21355",7.94200322661089e-06,3.98503066709141e-05,1.18795730304556e-05
"GSE1432_6H_VS_24H_IFNG_MICROGLIA_UP","GSE1432_6H_VS_24H_IFNG_MICROGLIA_UP","41/2154","200/21355",7.94200322661089e-06,3.98503066709141e-05,1.18795730304556e-05
"GSE1432_CTRL_VS_IFNG_24H_MICROGLIA_UP","GSE1432_CTRL_VS_IFNG_24H_MICROGLIA_UP","41/2154","200/21355",7.94200322661089e-06,3.98503066709141e-05,1.18795730304556e-05
"GSE1460_INTRATHYMIC_T_PROGENITOR_VS_THYMIC_STROMAL_CELL_DN","GSE1460_INTRATHYMIC_T_PROGENITOR_VS_THYMIC_STROMAL_CELL_DN","41/2154","200/21355",7.94200322661089e-06,3.98503066709141e-05,1.18795730304556e-05
"GSE15930_STIM_VS_STIM_AND_IL12_48H_CD8_T_CELL_DN","GSE15930_STIM_VS_STIM_AND_IL12_48H_CD8_T_CELL_DN","41/2154","200/21355",7.94200322661089e-06,3.98503066709141e-05,1.18795730304556e-05
"GSE15930_STIM_VS_STIM_AND_TRICHOSTATINA_48H_CD8_T_CELL_DN","GSE15930_STIM_VS_STIM_AND_TRICHOSTATINA_48H_CD8_T_CELL_DN","41/2154","200/21355",7.94200322661089e-06,3.98503066709141e-05,1.18795730304556e-05
"GSE16385_MONOCYTE_VS_12H_ROSIGLITAZONE_IL4_TREATED_MACROPHAGE_DN","GSE16385_MONOCYTE_VS_12H_ROSIGLITAZONE_IL4_TREATED_MACROPHAGE_DN","41/2154","200/21355",7.94200322661089e-06,3.98503066709141e-05,1.18795730304556e-05
"GSE16450_CTRL_VS_IFNA_6H_STIM_IMMATURE_NEURON_CELL_LINE_UP","GSE16450_CTRL_VS_IFNA_6H_STIM_IMMATURE_NEURON_CELL_LINE_UP","41/2154","200/21355",7.94200322661089e-06,3.98503066709141e-05,1.18795730304556e-05
"GSE17186_BLOOD_VS_CORD_BLOOD_CD21HIGH_TRANSITIONAL_BCELL_UP","GSE17186_BLOOD_VS_CORD_BLOOD_CD21HIGH_TRANSITIONAL_BCELL_UP","41/2154","200/21355",7.94200322661089e-06,3.98503066709141e-05,1.18795730304556e-05
"GSE17186_NAIVE_VS_CD21LOW_TRANSITIONAL_BCELL_UP","GSE17186_NAIVE_VS_CD21LOW_TRANSITIONAL_BCELL_UP","41/2154","200/21355",7.94200322661089e-06,3.98503066709141e-05,1.18795730304556e-05
"GSE17301_ACD3_ACD28_VS_ACD3_ACD28_AND_IFNA2_STIM_CD8_TCELL_DN","GSE17301_ACD3_ACD28_VS_ACD3_ACD28_AND_IFNA2_STIM_CD8_TCELL_DN","41/2154","200/21355",7.94200322661089e-06,3.98503066709141e-05,1.18795730304556e-05
"GSE17301_IFNA2_VS_IFNA2_AND_ACD3_ACD28_STIM_CD8_TCELL_UP","GSE17301_IFNA2_VS_IFNA2_AND_ACD3_ACD28_STIM_CD8_TCELL_UP","41/2154","200/21355",7.94200322661089e-06,3.98503066709141e-05,1.18795730304556e-05
"GSE17721_PAM3CSK4_VS_GADIQUIMOD_12H_BMDC_DN","GSE17721_PAM3CSK4_VS_GADIQUIMOD_12H_BMDC_DN","41/2154","200/21355",7.94200322661089e-06,3.98503066709141e-05,1.18795730304556e-05
"GSE17721_POLYIC_VS_CPG_6H_BMDC_UP","GSE17721_POLYIC_VS_CPG_6H_BMDC_UP","41/2154","200/21355",7.94200322661089e-06,3.98503066709141e-05,1.18795730304556e-05
"GSE17812_WT_VS_THPOK_KO_MEMORY_CD8_TCELL_DN","GSE17812_WT_VS_THPOK_KO_MEMORY_CD8_TCELL_DN","41/2154","200/21355",7.94200322661089e-06,3.98503066709141e-05,1.18795730304556e-05
"GSE18203_CTRL_VS_INTRATUMORAL_CPG_INJ_MC38_TUMOR_DN","GSE18203_CTRL_VS_INTRATUMORAL_CPG_INJ_MC38_TUMOR_DN","41/2154","200/21355",7.94200322661089e-06,3.98503066709141e-05,1.18795730304556e-05
"GSE18893_TCONV_VS_TREG_24H_CULTURE_DN","GSE18893_TCONV_VS_TREG_24H_CULTURE_DN","41/2154","200/21355",7.94200322661089e-06,3.98503066709141e-05,1.18795730304556e-05
"GSE19401_PAM2CSK4_VS_RETINOIC_ACID_AND_PAM2CSK4_STIM_FOLLICULAR_DC_DN","GSE19401_PAM2CSK4_VS_RETINOIC_ACID_AND_PAM2CSK4_STIM_FOLLICULAR_DC_DN","41/2154","200/21355",7.94200322661089e-06,3.98503066709141e-05,1.18795730304556e-05
"GSE19772_CTRL_VS_HCMV_INF_MONOCYTES_UP","GSE19772_CTRL_VS_HCMV_INF_MONOCYTES_UP","41/2154","200/21355",7.94200322661089e-06,3.98503066709141e-05,1.18795730304556e-05
"GSE21360_NAIVE_VS_QUATERNARY_MEMORY_CD8_TCELL_DN","GSE21360_NAIVE_VS_QUATERNARY_MEMORY_CD8_TCELL_DN","41/2154","200/21355",7.94200322661089e-06,3.98503066709141e-05,1.18795730304556e-05
"GSE21360_PRIMARY_VS_TERTIARY_MEMORY_CD8_TCELL_UP","GSE21360_PRIMARY_VS_TERTIARY_MEMORY_CD8_TCELL_UP","41/2154","200/21355",7.94200322661089e-06,3.98503066709141e-05,1.18795730304556e-05
"GSE22432_MULTIPOTENT_PROGENITOR_VS_CDC_DN","GSE22432_MULTIPOTENT_PROGENITOR_VS_CDC_DN","41/2154","200/21355",7.94200322661089e-06,3.98503066709141e-05,1.18795730304556e-05
"GSE22601_IMMATURE_CD4_SINGLE_POSITIVE_VS_CD4_SINGLE_POSITIVE_THYMOCYTE_DN","GSE22601_IMMATURE_CD4_SINGLE_POSITIVE_VS_CD4_SINGLE_POSITIVE_THYMOCYTE_DN","41/2154","200/21355",7.94200322661089e-06,3.98503066709141e-05,1.18795730304556e-05
"GSE22886_NAIVE_CD4_TCELL_VS_NEUTROPHIL_UP","GSE22886_NAIVE_CD4_TCELL_VS_NEUTROPHIL_UP","41/2154","200/21355",7.94200322661089e-06,3.98503066709141e-05,1.18795730304556e-05
"GSE23308_CTRL_VS_CORTICOSTERONE_TREATED_MACROPHAGE_MINERALCORTICOID_REC_KO_UP","GSE23308_CTRL_VS_CORTICOSTERONE_TREATED_MACROPHAGE_MINERALCORTICOID_REC_KO_UP","41/2154","200/21355",7.94200322661089e-06,3.98503066709141e-05,1.18795730304556e-05
"GSE24142_EARLY_THYMIC_PROGENITOR_VS_DN3_THYMOCYTE_ADULT_UP","GSE24142_EARLY_THYMIC_PROGENITOR_VS_DN3_THYMOCYTE_ADULT_UP","41/2154","200/21355",7.94200322661089e-06,3.98503066709141e-05,1.18795730304556e-05
"GSE24292_WT_VS_PPARG_KO_MACROPHAGE_DN","GSE24292_WT_VS_PPARG_KO_MACROPHAGE_DN","41/2154","200/21355",7.94200322661089e-06,3.98503066709141e-05,1.18795730304556e-05
"GSE24634_TREG_VS_TCONV_POST_DAY7_IL4_CONVERSION_UP","GSE24634_TREG_VS_TCONV_POST_DAY7_IL4_CONVERSION_UP","41/2154","200/21355",7.94200322661089e-06,3.98503066709141e-05,1.18795730304556e-05
"GSE24671_CTRL_VS_BAKIMULC_INFECTED_MOUSE_SPLENOCYTES_UP","GSE24671_CTRL_VS_BAKIMULC_INFECTED_MOUSE_SPLENOCYTES_UP","41/2154","200/21355",7.94200322661089e-06,3.98503066709141e-05,1.18795730304556e-05
"GSE24972_WT_VS_IRF8_KO_SPLEEN_FOLLICULAR_BCELL_DN","GSE24972_WT_VS_IRF8_KO_SPLEEN_FOLLICULAR_BCELL_DN","41/2154","200/21355",7.94200322661089e-06,3.98503066709141e-05,1.18795730304556e-05
"GSE26030_TH1_VS_TH17_DAY15_POST_POLARIZATION_DN","GSE26030_TH1_VS_TH17_DAY15_POST_POLARIZATION_DN","41/2154","200/21355",7.94200322661089e-06,3.98503066709141e-05,1.18795730304556e-05
"GSE2770_IL12_AND_TGFB_VS_IL4_TREATED_ACT_CD4_TCELL_48H_UP","GSE2770_IL12_AND_TGFB_VS_IL4_TREATED_ACT_CD4_TCELL_48H_UP","41/2154","200/21355",7.94200322661089e-06,3.98503066709141e-05,1.18795730304556e-05
"GSE2770_IL12_VS_TGFB_AND_IL12_TREATED_ACT_CD4_TCELL_48H_UP","GSE2770_IL12_VS_TGFB_AND_IL12_TREATED_ACT_CD4_TCELL_48H_UP","41/2154","200/21355",7.94200322661089e-06,3.98503066709141e-05,1.18795730304556e-05
"GSE27786_LIN_NEG_VS_CD8_TCELL_UP","GSE27786_LIN_NEG_VS_CD8_TCELL_UP","41/2154","200/21355",7.94200322661089e-06,3.98503066709141e-05,1.18795730304556e-05
"GSE30962_ACUTE_VS_CHRONIC_LCMV_PRIMARY_INF_CD8_TCELL_DN","GSE30962_ACUTE_VS_CHRONIC_LCMV_PRIMARY_INF_CD8_TCELL_DN","41/2154","200/21355",7.94200322661089e-06,3.98503066709141e-05,1.18795730304556e-05
"GSE32986_GMCSF_VS_GMCSF_AND_CURDLAN_HIGHDOSE_STIM_DC_UP","GSE32986_GMCSF_VS_GMCSF_AND_CURDLAN_HIGHDOSE_STIM_DC_UP","41/2154","200/21355",7.94200322661089e-06,3.98503066709141e-05,1.18795730304556e-05
"GSE33424_CD161_INT_VS_NEG_CD8_TCELL_UP","GSE33424_CD161_INT_VS_NEG_CD8_TCELL_UP","41/2154","200/21355",7.94200322661089e-06,3.98503066709141e-05,1.18795730304556e-05
"GSE339_CD4POS_VS_CD8POS_DC_DN","GSE339_CD4POS_VS_CD8POS_DC_DN","41/2154","200/21355",7.94200322661089e-06,3.98503066709141e-05,1.18795730304556e-05
"GSE339_CD8POS_VS_CD4CD8DN_DC_IN_CULTURE_UP","GSE339_CD8POS_VS_CD4CD8DN_DC_IN_CULTURE_UP","41/2154","200/21355",7.94200322661089e-06,3.98503066709141e-05,1.18795730304556e-05
"GSE34205_HEALTHY_VS_RSV_INF_INFANT_PBMC_DN","GSE34205_HEALTHY_VS_RSV_INF_INFANT_PBMC_DN","41/2154","200/21355",7.94200322661089e-06,3.98503066709141e-05,1.18795730304556e-05
"GSE35543_IN_VITRO_ITREG_VS_CONVERTED_EX_ITREG_UP","GSE35543_IN_VITRO_ITREG_VS_CONVERTED_EX_ITREG_UP","41/2154","200/21355",7.94200322661089e-06,3.98503066709141e-05,1.18795730304556e-05
"GSE35825_IFNA_VS_IFNG_STIM_MACROPHAGE_DN","GSE35825_IFNA_VS_IFNG_STIM_MACROPHAGE_DN","41/2154","200/21355",7.94200322661089e-06,3.98503066709141e-05,1.18795730304556e-05
"GSE35825_UNTREATED_VS_IFNG_STIM_MACROPHAGE_UP","GSE35825_UNTREATED_VS_IFNG_STIM_MACROPHAGE_UP","41/2154","200/21355",7.94200322661089e-06,3.98503066709141e-05,1.18795730304556e-05
"GSE360_CTRL_VS_M_TUBERCULOSIS_DC_UP","GSE360_CTRL_VS_M_TUBERCULOSIS_DC_UP","41/2154","200/21355",7.94200322661089e-06,3.98503066709141e-05,1.18795730304556e-05
"GSE360_DC_VS_MAC_M_TUBERCULOSIS_DN","GSE360_DC_VS_MAC_M_TUBERCULOSIS_DN","41/2154","200/21355",7.94200322661089e-06,3.98503066709141e-05,1.18795730304556e-05
"GSE37416_CTRL_VS_24H_F_TULARENSIS_LVS_NEUTROPHIL_DN","GSE37416_CTRL_VS_24H_F_TULARENSIS_LVS_NEUTROPHIL_DN","41/2154","200/21355",7.94200322661089e-06,3.98503066709141e-05,1.18795730304556e-05
"GSE3920_UNTREATED_VS_IFNB_TREATED_ENDOTHELIAL_CELL_UP","GSE3920_UNTREATED_VS_IFNB_TREATED_ENDOTHELIAL_CELL_UP","41/2154","200/21355",7.94200322661089e-06,3.98503066709141e-05,1.18795730304556e-05
"GSE3982_DC_VS_MAC_DN","GSE3982_DC_VS_MAC_DN","41/2154","200/21355",7.94200322661089e-06,3.98503066709141e-05,1.18795730304556e-05
"GSE3982_NEUTROPHIL_VS_BCELL_UP","GSE3982_NEUTROPHIL_VS_BCELL_UP","41/2154","200/21355",7.94200322661089e-06,3.98503066709141e-05,1.18795730304556e-05
"GSE40068_CXCR5NEG_BCL6NEG_CD4_TCELL_VS_CXCR5POS_BCL6NEG_TFH_DN","GSE40068_CXCR5NEG_BCL6NEG_CD4_TCELL_VS_CXCR5POS_BCL6NEG_TFH_DN","41/2154","200/21355",7.94200322661089e-06,3.98503066709141e-05,1.18795730304556e-05
"GSE40274_GATA1_VS_FOXP3_AND_GATA1_TRANSDUCED_ACTIVATED_CD4_TCELL_UP","GSE40274_GATA1_VS_FOXP3_AND_GATA1_TRANSDUCED_ACTIVATED_CD4_TCELL_UP","41/2154","200/21355",7.94200322661089e-06,3.98503066709141e-05,1.18795730304556e-05
"GSE40274_HELIOS_VS_FOXP3_AND_HELIOS_TRANSDUCED_ACTIVATED_CD4_TCELL_UP","GSE40274_HELIOS_VS_FOXP3_AND_HELIOS_TRANSDUCED_ACTIVATED_CD4_TCELL_UP","41/2154","200/21355",7.94200322661089e-06,3.98503066709141e-05,1.18795730304556e-05
"GSE40655_FOXO1_KO_VS_WT_NTREG_UP","GSE40655_FOXO1_KO_VS_WT_NTREG_UP","41/2154","200/21355",7.94200322661089e-06,3.98503066709141e-05,1.18795730304556e-05
"GSE411_UNSTIM_VS_100MIN_IL6_STIM_MACROPHAGE_DN","GSE411_UNSTIM_VS_100MIN_IL6_STIM_MACROPHAGE_DN","41/2154","200/21355",7.94200322661089e-06,3.98503066709141e-05,1.18795730304556e-05
"GSE41867_DAY6_EFFECTOR_VS_DAY30_MEMORY_CD8_TCELL_LCMV_ARMSTRONG_UP","GSE41867_DAY6_EFFECTOR_VS_DAY30_MEMORY_CD8_TCELL_LCMV_ARMSTRONG_UP","41/2154","200/21355",7.94200322661089e-06,3.98503066709141e-05,1.18795730304556e-05
"GSE41978_KLRG1_HIGH_VS_LOW_EFFECTOR_CD8_TCELL_DN","GSE41978_KLRG1_HIGH_VS_LOW_EFFECTOR_CD8_TCELL_DN","41/2154","200/21355",7.94200322661089e-06,3.98503066709141e-05,1.18795730304556e-05
"GSE42021_CD24HI_VS_CD24INT_TREG_THYMUS_DN","GSE42021_CD24HI_VS_CD24INT_TREG_THYMUS_DN","41/2154","200/21355",7.94200322661089e-06,3.98503066709141e-05,1.18795730304556e-05
"GSE43260_BTLA_POS_VS_NEG_INTRATUMORAL_CD8_TCELL_UP","GSE43260_BTLA_POS_VS_NEG_INTRATUMORAL_CD8_TCELL_UP","41/2154","200/21355",7.94200322661089e-06,3.98503066709141e-05,1.18795730304556e-05
"GSE43863_TH1_VS_LY6C_INT_CXCR5POS_EFFECTOR_CD4_TCELL_DN","GSE43863_TH1_VS_LY6C_INT_CXCR5POS_EFFECTOR_CD4_TCELL_DN","41/2154","200/21355",7.94200322661089e-06,3.98503066709141e-05,1.18795730304556e-05
"GSE43863_TH1_VS_TFH_EFFECTOR_CD4_TCELL_DN","GSE43863_TH1_VS_TFH_EFFECTOR_CD4_TCELL_DN","41/2154","200/21355",7.94200322661089e-06,3.98503066709141e-05,1.18795730304556e-05
"GSE45365_NK_CELL_VS_CD8A_DC_UP","GSE45365_NK_CELL_VS_CD8A_DC_UP","41/2154","200/21355",7.94200322661089e-06,3.98503066709141e-05,1.18795730304556e-05
"GSE46606_DAY1_VS_DAY3_CD40L_IL2_IL5_STIMULATED_IRF4HIGH_BCELL_DN","GSE46606_DAY1_VS_DAY3_CD40L_IL2_IL5_STIMULATED_IRF4HIGH_BCELL_DN","41/2154","200/21355",7.94200322661089e-06,3.98503066709141e-05,1.18795730304556e-05
"GSE5503_PLN_DC_VS_SPLEEN_DC_ACTIVATED_ALLOGENIC_TCELL_DN","GSE5503_PLN_DC_VS_SPLEEN_DC_ACTIVATED_ALLOGENIC_TCELL_DN","41/2154","200/21355",7.94200322661089e-06,3.98503066709141e-05,1.18795730304556e-05
"GSE5589_LPS_AND_IL10_VS_LPS_AND_IL6_STIM_MACROPHAGE_45MIN_UP","GSE5589_LPS_AND_IL10_VS_LPS_AND_IL6_STIM_MACROPHAGE_45MIN_UP","41/2154","200/21355",7.94200322661089e-06,3.98503066709141e-05,1.18795730304556e-05
"GSE5960_TH1_VS_ANERGIC_TH1_DN","GSE5960_TH1_VS_ANERGIC_TH1_DN","41/2154","200/21355",7.94200322661089e-06,3.98503066709141e-05,1.18795730304556e-05
"GSE6875_WT_VS_FOXP3_KO_TREG_UP","GSE6875_WT_VS_FOXP3_KO_TREG_UP","41/2154","200/21355",7.94200322661089e-06,3.98503066709141e-05,1.18795730304556e-05
"GSE7831_UNSTIM_VS_CPG_STIM_PDC_4H_UP","GSE7831_UNSTIM_VS_CPG_STIM_PDC_4H_UP","41/2154","200/21355",7.94200322661089e-06,3.98503066709141e-05,1.18795730304556e-05
"GSE7852_THYMUS_VS_FAT_TCONV_UP","GSE7852_THYMUS_VS_FAT_TCONV_UP","41/2154","200/21355",7.94200322661089e-06,3.98503066709141e-05,1.18795730304556e-05
"GSE7852_TREG_VS_TCONV_UP","GSE7852_TREG_VS_TCONV_UP","41/2154","200/21355",7.94200322661089e-06,3.98503066709141e-05,1.18795730304556e-05
"GSE9239_CTRL_VS_TNF_INHIBITOR_TREATED_DC_UP","GSE9239_CTRL_VS_TNF_INHIBITOR_TREATED_DC_UP","41/2154","200/21355",7.94200322661089e-06,3.98503066709141e-05,1.18795730304556e-05
"GSE9650_NAIVE_VS_EFF_CD8_TCELL_UP","GSE9650_NAIVE_VS_EFF_CD8_TCELL_UP","41/2154","200/21355",7.94200322661089e-06,3.98503066709141e-05,1.18795730304556e-05
"GSE25088_CTRL_VS_IL4_STIM_MACROPHAGE_UP","GSE25088_CTRL_VS_IL4_STIM_MACROPHAGE_UP","40/2154","194/21355",8.81744562440211e-06,4.41563168242586e-05,1.3163215901989e-05
"GSE2706_UNSTIM_VS_2H_R848_DC_DN","GSE2706_UNSTIM_VS_2H_R848_DC_DN","40/2154","194/21355",8.81744562440211e-06,4.41563168242586e-05,1.3163215901989e-05
"GSE40274_CTRL_VS_FOXP3_AND_GATA1_TRANSDUCED_ACTIVATED_CD4_TCELL_UP","GSE40274_CTRL_VS_FOXP3_AND_GATA1_TRANSDUCED_ACTIVATED_CD4_TCELL_UP","32/2154","141/21355",8.83402647930883e-06,4.41960639811214e-05,1.31750647255528e-05
"GARCIA_PINERES_PBMC_HPV_16_L1_VLP_AGE_18_25YO_STIMULATED_VS_UNSTIMULATED_0DY_VACCINATION_INDEPENDENT_UP","GARCIA_PINERES_PBMC_HPV_16_L1_VLP_AGE_18_25YO_STIMULATED_VS_UNSTIMULATED_0DY_VACCINATION_INDEPENDENT_UP","49/2154","257/21355",9.15047166190492e-06,4.57344688243596e-05,1.36336707994426e-05
"GSE11864_UNTREATED_VS_CSF1_IFNG_IN_MAC_UP","GSE11864_UNTREATED_VS_CSF1_IFNG_IN_MAC_UP","40/2154","195/21355",1.00288272608079e-05,4.98807332534153e-05,1.48696926824185e-05
"GSE17974_CTRL_VS_ACT_IL4_AND_ANTI_IL12_72H_CD4_TCELL_UP","GSE17974_CTRL_VS_ACT_IL4_AND_ANTI_IL12_72H_CD4_TCELL_UP","40/2154","195/21355",1.00288272608079e-05,4.98807332534153e-05,1.48696926824185e-05
"GSE3982_MAST_CELL_VS_MAC_DN","GSE3982_MAST_CELL_VS_MAC_DN","40/2154","195/21355",1.00288272608079e-05,4.98807332534153e-05,1.48696926824185e-05
"GSE41087_WT_VS_FOXP3_MUT_ANTI_CD3_CD28_STIM_CD4_TCELL_UP","GSE41087_WT_VS_FOXP3_MUT_ANTI_CD3_CD28_STIM_CD4_TCELL_UP","40/2154","195/21355",1.00288272608079e-05,4.98807332534153e-05,1.48696926824185e-05
"GSE46468_LUNG_INNATE_LYMPHOID_CELL_VS_SPLEEN_CD4_TCELL_UP","GSE46468_LUNG_INNATE_LYMPHOID_CELL_VS_SPLEEN_CD4_TCELL_UP","40/2154","195/21355",1.00288272608079e-05,4.98807332534153e-05,1.48696926824185e-05
"GSE3565_CTRL_VS_LPS_INJECTED_SPLENOCYTES_DN","GSE3565_CTRL_VS_LPS_INJECTED_SPLENOCYTES_DN","37/2154","175/21355",1.04225707856948e-05,5.17887312218245e-05,1.54384762904056e-05
"GSE19941_LPS_VS_LPS_AND_IL10_STIM_IL10_KO_MACROPHAGE_UP","GSE19941_LPS_VS_LPS_AND_IL10_STIM_IL10_KO_MACROPHAGE_UP","38/2154","182/21355",1.08101218620578e-05,5.36622845443706e-05,1.59969917795194e-05
"GSE17974_2.5H_VS_72H_IL4_AND_ANTI_IL12_ACT_CD4_TCELL_DN","GSE17974_2.5H_VS_72H_IL4_AND_ANTI_IL12_ACT_CD4_TCELL_DN","40/2154","196/21355",1.13917747234136e-05,5.64400621713312e-05,1.6825060995005e-05
"GSE37416_CTRL_VS_6H_F_TULARENSIS_LVS_NEUTROPHIL_DN","GSE37416_CTRL_VS_6H_F_TULARENSIS_LVS_NEUTROPHIL_DN","40/2154","196/21355",1.13917747234136e-05,5.64400621713312e-05,1.6825060995005e-05
"GSE7218_UNSTIM_VS_ANTIGEN_STIM_THROUGH_IGG_BCELL_DN","GSE7218_UNSTIM_VS_ANTIGEN_STIM_THROUGH_IGG_BCELL_DN","36/2154","169/21355",1.14558562786034e-05,5.67026071176175e-05,1.69033269388268e-05
"GSE40274_CTRL_VS_FOXP3_AND_XBP1_TRANSDUCED_ACTIVATED_CD4_TCELL_DN","GSE40274_CTRL_VS_FOXP3_AND_XBP1_TRANSDUCED_ACTIVATED_CD4_TCELL_DN","34/2154","156/21355",1.18890617168614e-05,5.87899154335711e-05,1.75255638460912e-05
"GSE21360_NAIVE_VS_SECONDARY_MEMORY_CD8_TCELL_UP","GSE21360_NAIVE_VS_SECONDARY_MEMORY_CD8_TCELL_UP","38/2154","183/21355",1.23359714751718e-05,6.09408909686508e-05,1.81667802654959e-05
"GSE27291_0H_VS_7D_STIM_GAMMADELTA_TCELL_DN","GSE27291_0H_VS_7D_STIM_GAMMADELTA_TCELL_DN","39/2154","190/21355",1.26652910421779e-05,6.25073678558452e-05,1.86337547541898e-05
"GSE6259_FLT3L_INDUCED_33D1_POS_DC_VS_CD8_TCELL_DN","GSE6259_FLT3L_INDUCED_33D1_POS_DC_VS_CD8_TCELL_DN","33/2154","150/21355",1.2917507231412e-05,6.34743347599444e-05,1.89220123590846e-05
"GSE1460_CORD_VS_ADULT_BLOOD_NAIVE_CD4_TCELL_UP","GSE1460_CORD_VS_ADULT_BLOOD_NAIVE_CD4_TCELL_UP","40/2154","197/21355",1.29232901398596e-05,6.34743347599444e-05,1.89220123590846e-05
"GSE2585_THYMIC_MACROPHAGE_VS_MTEC_UP","GSE2585_THYMIC_MACROPHAGE_VS_MTEC_UP","40/2154","197/21355",1.29232901398596e-05,6.34743347599444e-05,1.89220123590846e-05
"GSE36888_UNTREATED_VS_IL2_TREATED_TCELL_2H_UP","GSE36888_UNTREATED_VS_IL2_TREATED_TCELL_2H_UP","40/2154","197/21355",1.29232901398596e-05,6.34743347599444e-05,1.89220123590846e-05
"GSE42724_NAIVE_BCELL_VS_PLASMABLAST_UP","GSE42724_NAIVE_BCELL_VS_PLASMABLAST_UP","40/2154","197/21355",1.29232901398596e-05,6.34743347599444e-05,1.89220123590846e-05
"GSE6259_FLT3L_INDUCED_DEC205_POS_DC_VS_BCELL_DN","GSE6259_FLT3L_INDUCED_DEC205_POS_DC_VS_BCELL_DN","36/2154","170/21355",1.31427499109185e-05,6.44902881905241e-05,1.9224873089211e-05
"SCHERER_PBMC_YF_VAX_AGE_18_40YO_4_TO_7DY_UP","SCHERER_PBMC_YF_VAX_AGE_18_40YO_4_TO_7DY_UP","62/2154","356/21355",1.35210952695578e-05,6.62831832341795e-05,1.97593439474388e-05
"GSE13485_DAY1_VS_DAY21_YF17D_VACCINE_PBMC_UP","GSE13485_DAY1_VS_DAY21_YF17D_VACCINE_PBMC_UP","39/2154","191/21355",1.43895606451276e-05,7.03616341846534e-05,2.0975150297874e-05
"MATSUMIYA_PBMC_MODIFIED_VACCINIA_ANKARA_VACCINE_AGE_18_55YO_VACCINATED_VS_CONTROL_TREATED_IN_VITRO_WITH_MVA85A_6HR_UP","MATSUMIYA_PBMC_MODIFIED_VACCINIA_ANKARA_VACCINE_AGE_18_55YO_VACCINATED_VS_CONTROL_TREATED_IN_VITRO_WITH_MVA85A_6HR_UP","24/2154","94/21355",1.4431891275626e-05,7.03616341846534e-05,2.0975150297874e-05
"GSE6269_FLU_VS_E_COLI_INF_PBMC_UP","GSE6269_FLU_VS_E_COLI_INF_PBMC_UP","35/2154","164/21355",1.4438373137252e-05,7.03616341846534e-05,2.0975150297874e-05
"GSE11864_UNTREATED_VS_CSF1_IFNG_PAM3CYS_IN_MAC_UP","GSE11864_UNTREATED_VS_CSF1_IFNG_PAM3CYS_IN_MAC_UP","40/2154","198/21355",1.46420455256153e-05,7.03616341846534e-05,2.0975150297874e-05
"GSE13411_IGM_VS_SWITCHED_MEMORY_BCELL_DN","GSE13411_IGM_VS_SWITCHED_MEMORY_BCELL_DN","40/2154","198/21355",1.46420455256153e-05,7.03616341846534e-05,2.0975150297874e-05
"GSE17301_ACD3_ACD28_VS_ACD3_ACD28_AND_IFNA5_STIM_CD8_TCELL_UP","GSE17301_ACD3_ACD28_VS_ACD3_ACD28_AND_IFNA5_STIM_CD8_TCELL_UP","40/2154","198/21355",1.46420455256153e-05,7.03616341846534e-05,2.0975150297874e-05
"GSE17974_1.5H_VS_72H_IL4_AND_ANTI_IL12_ACT_CD4_TCELL_UP","GSE17974_1.5H_VS_72H_IL4_AND_ANTI_IL12_ACT_CD4_TCELL_UP","40/2154","198/21355",1.46420455256153e-05,7.03616341846534e-05,2.0975150297874e-05
"GSE17974_CTRL_VS_ACT_IL4_AND_ANTI_IL12_72H_CD4_TCELL_DN","GSE17974_CTRL_VS_ACT_IL4_AND_ANTI_IL12_72H_CD4_TCELL_DN","40/2154","198/21355",1.46420455256153e-05,7.03616341846534e-05,2.0975150297874e-05
"GSE22886_CD4_TCELL_VS_BCELL_NAIVE_UP","GSE22886_CD4_TCELL_VS_BCELL_NAIVE_UP","40/2154","198/21355",1.46420455256153e-05,7.03616341846534e-05,2.0975150297874e-05
"GSE22886_NAIVE_TCELL_VS_NKCELL_DN","GSE22886_NAIVE_TCELL_VS_NKCELL_DN","40/2154","198/21355",1.46420455256153e-05,7.03616341846534e-05,2.0975150297874e-05
"GSE22886_UNSTIM_VS_STIM_MEMORY_TCELL_UP","GSE22886_UNSTIM_VS_STIM_MEMORY_TCELL_UP","40/2154","198/21355",1.46420455256153e-05,7.03616341846534e-05,2.0975150297874e-05
"GSE24081_CONTROLLER_VS_PROGRESSOR_HIV_SPECIFIC_CD8_TCELL_UP","GSE24081_CONTROLLER_VS_PROGRESSOR_HIV_SPECIFIC_CD8_TCELL_UP","40/2154","198/21355",1.46420455256153e-05,7.03616341846534e-05,2.0975150297874e-05
"GSE2706_2H_VS_8H_R848_AND_LPS_STIM_DC_UP","GSE2706_2H_VS_8H_R848_AND_LPS_STIM_DC_UP","40/2154","198/21355",1.46420455256153e-05,7.03616341846534e-05,2.0975150297874e-05
"GSE2770_UNTREATED_VS_TGFB_AND_IL4_TREATED_ACT_CD4_TCELL_48H_DN","GSE2770_UNTREATED_VS_TGFB_AND_IL4_TREATED_ACT_CD4_TCELL_48H_DN","40/2154","198/21355",1.46420455256153e-05,7.03616341846534e-05,2.0975150297874e-05
"GSE29949_CD8_NEG_DC_SPLEEN_VS_MONOCYTE_BONE_MARROW_UP","GSE29949_CD8_NEG_DC_SPLEEN_VS_MONOCYTE_BONE_MARROW_UP","40/2154","198/21355",1.46420455256153e-05,7.03616341846534e-05,2.0975150297874e-05
"GSE30971_WBP7_HET_VS_KO_MACROPHAGE_2H_LPS_STIM_DN","GSE30971_WBP7_HET_VS_KO_MACROPHAGE_2H_LPS_STIM_DN","40/2154","198/21355",1.46420455256153e-05,7.03616341846534e-05,2.0975150297874e-05
"GSE34205_HEALTHY_VS_FLU_INF_INFANT_PBMC_UP","GSE34205_HEALTHY_VS_FLU_INF_INFANT_PBMC_UP","40/2154","198/21355",1.46420455256153e-05,7.03616341846534e-05,2.0975150297874e-05
"GSE360_CTRL_VS_M_TUBERCULOSIS_MAC_DN","GSE360_CTRL_VS_M_TUBERCULOSIS_MAC_DN","40/2154","198/21355",1.46420455256153e-05,7.03616341846534e-05,2.0975150297874e-05
"GSE40666_UNTREATED_VS_IFNA_STIM_STAT1_KO_CD8_TCELL_90MIN_DN","GSE40666_UNTREATED_VS_IFNA_STIM_STAT1_KO_CD8_TCELL_90MIN_DN","40/2154","198/21355",1.46420455256153e-05,7.03616341846534e-05,2.0975150297874e-05
"GSE44955_MCSF_VS_MCSF_AND_IL27_STIM_MACROPHAGE_UP","GSE44955_MCSF_VS_MCSF_AND_IL27_STIM_MACROPHAGE_UP","40/2154","198/21355",1.46420455256153e-05,7.03616341846534e-05,2.0975150297874e-05
"GSE8685_IL2_STARVED_VS_IL2_ACT_IL2_STARVED_CD4_TCELL_DN","GSE8685_IL2_STARVED_VS_IL2_ACT_IL2_STARVED_CD4_TCELL_DN","40/2154","198/21355",1.46420455256153e-05,7.03616341846534e-05,2.0975150297874e-05
"GSE27859_MACROPHAGE_VS_CD11C_INT_F480_INT_DC_UP","GSE27859_MACROPHAGE_VS_CD11C_INT_F480_INT_DC_UP","36/2154","171/21355",1.50546128295977e-05,7.22762773687634e-05,2.15459148774475e-05
"GSE14415_ACT_TCONV_VS_ACT_NATURAL_TREG_DN","GSE14415_ACT_TCONV_VS_ACT_NATURAL_TREG_DN","37/2154","178/21355",1.55735456189973e-05,7.46274964854106e-05,2.22468248964713e-05
"GSE14415_INDUCED_TREG_VS_FAILED_INDUCED_TREG_DN","GSE14415_INDUCED_TREG_VS_FAILED_INDUCED_TREG_DN","37/2154","178/21355",1.55735456189973e-05,7.46274964854106e-05,2.22468248964713e-05
"GSE37301_MULTIPOTENT_PROGENITOR_VS_LYMPHOID_PRIMED_MPP_UP","GSE37301_MULTIPOTENT_PROGENITOR_VS_LYMPHOID_PRIMED_MPP_UP","34/2154","158/21355",1.58173842312524e-05,7.5724986492878e-05,2.25739920824498e-05
"GSE12845_IGD_NEG_BLOOD_VS_PRE_GC_TONSIL_BCELL_UP","GSE12845_IGD_NEG_BLOOD_VS_PRE_GC_TONSIL_BCELL_UP","40/2154","199/21355",1.6568520711153e-05,7.69435480437107e-05,2.29372512928435e-05
"GSE15930_NAIVE_VS_24H_IN_VITRO_STIM_IL12_CD8_TCELL_DN","GSE15930_NAIVE_VS_24H_IN_VITRO_STIM_IL12_CD8_TCELL_DN","40/2154","199/21355",1.6568520711153e-05,7.69435480437107e-05,2.29372512928435e-05
"GSE17186_BLOOD_VS_CORD_BLOOD_CD21HIGH_TRANSITIONAL_BCELL_DN","GSE17186_BLOOD_VS_CORD_BLOOD_CD21HIGH_TRANSITIONAL_BCELL_DN","40/2154","199/21355",1.6568520711153e-05,7.69435480437107e-05,2.29372512928435e-05
"GSE17721_0.5H_VS_12H_LPS_BMDC_DN","GSE17721_0.5H_VS_12H_LPS_BMDC_DN","40/2154","199/21355",1.6568520711153e-05,7.69435480437107e-05,2.29372512928435e-05
"GSE17721_CTRL_VS_POLYIC_8H_BMDC_UP","GSE17721_CTRL_VS_POLYIC_8H_BMDC_UP","40/2154","199/21355",1.6568520711153e-05,7.69435480437107e-05,2.29372512928435e-05
"GSE20198_IL12_VS_IFNA_TREATED_ACT_CD4_TCELL_DN","GSE20198_IL12_VS_IFNA_TREATED_ACT_CD4_TCELL_DN","40/2154","199/21355",1.6568520711153e-05,7.69435480437107e-05,2.29372512928435e-05
"GSE21546_SAP1A_KO_VS_SAP1A_KO_AND_ELK1_KO_DP_THYMOCYTES_DN","GSE21546_SAP1A_KO_VS_SAP1A_KO_AND_ELK1_KO_DP_THYMOCYTES_DN","40/2154","199/21355",1.6568520711153e-05,7.69435480437107e-05,2.29372512928435e-05
"GSE21546_WT_VS_ELK1_KO_DP_THYMOCYTES_UP","GSE21546_WT_VS_ELK1_KO_DP_THYMOCYTES_UP","40/2154","199/21355",1.6568520711153e-05,7.69435480437107e-05,2.29372512928435e-05
"GSE21670_TGFB_VS_IL6_TREATED_STAT3_KO_CD4_TCELL_UP","GSE21670_TGFB_VS_IL6_TREATED_STAT3_KO_CD4_TCELL_UP","40/2154","199/21355",1.6568520711153e-05,7.69435480437107e-05,2.29372512928435e-05
"GSE21774_CD62L_POS_CD56_DIM_VS_CD62L_NEG_CD56_DIM_NK_CELL_DN","GSE21774_CD62L_POS_CD56_DIM_VS_CD62L_NEG_CD56_DIM_NK_CELL_DN","40/2154","199/21355",1.6568520711153e-05,7.69435480437107e-05,2.29372512928435e-05
"GSE22140_GERMFREE_VS_SPF_ARTHRITIC_MOUSE_CD4_TCELL_DN","GSE22140_GERMFREE_VS_SPF_ARTHRITIC_MOUSE_CD4_TCELL_DN","40/2154","199/21355",1.6568520711153e-05,7.69435480437107e-05,2.29372512928435e-05
"GSE22886_NEUTROPHIL_VS_MONOCYTE_DN","GSE22886_NEUTROPHIL_VS_MONOCYTE_DN","40/2154","199/21355",1.6568520711153e-05,7.69435480437107e-05,2.29372512928435e-05
"GSE23505_UNTREATED_VS_4DAY_IL6_IL1_TGFB_TREATED_CD4_TCELL_UP","GSE23505_UNTREATED_VS_4DAY_IL6_IL1_TGFB_TREATED_CD4_TCELL_UP","40/2154","199/21355",1.6568520711153e-05,7.69435480437107e-05,2.29372512928435e-05
"GSE2405_0H_VS_6H_A_PHAGOCYTOPHILUM_STIM_NEUTROPHIL_UP","GSE2405_0H_VS_6H_A_PHAGOCYTOPHILUM_STIM_NEUTROPHIL_UP","40/2154","199/21355",1.6568520711153e-05,7.69435480437107e-05,2.29372512928435e-05
"GSE24574_BCL6_HIGH_VS_LOW_TFH_CD4_TCELL_UP","GSE24574_BCL6_HIGH_VS_LOW_TFH_CD4_TCELL_UP","40/2154","199/21355",1.6568520711153e-05,7.69435480437107e-05,2.29372512928435e-05
"GSE25123_CTRL_VS_IL4_STIM_MACROPHAGE_DN","GSE25123_CTRL_VS_IL4_STIM_MACROPHAGE_DN","40/2154","199/21355",1.6568520711153e-05,7.69435480437107e-05,2.29372512928435e-05
"GSE28737_FOLLICULAR_VS_MARGINAL_ZONE_BCELL_UP","GSE28737_FOLLICULAR_VS_MARGINAL_ZONE_BCELL_UP","40/2154","199/21355",1.6568520711153e-05,7.69435480437107e-05,2.29372512928435e-05
"GSE32986_UNSTIM_VS_GMCSF_AND_CURDLAN_LOWDOSE_STIM_DC_UP","GSE32986_UNSTIM_VS_GMCSF_AND_CURDLAN_LOWDOSE_STIM_DC_UP","40/2154","199/21355",1.6568520711153e-05,7.69435480437107e-05,2.29372512928435e-05
"GSE33425_CD161_HIGH_VS_NEG_CD8_TCELL_UP","GSE33425_CD161_HIGH_VS_NEG_CD8_TCELL_UP","40/2154","199/21355",1.6568520711153e-05,7.69435480437107e-05,2.29372512928435e-05
"GSE360_L_DONOVANI_VS_B_MALAYI_HIGH_DOSE_MAC_UP","GSE360_L_DONOVANI_VS_B_MALAYI_HIGH_DOSE_MAC_UP","40/2154","199/21355",1.6568520711153e-05,7.69435480437107e-05,2.29372512928435e-05
"GSE36888_UNTREATED_VS_IL2_TREATED_TCELL_17H_UP","GSE36888_UNTREATED_VS_IL2_TREATED_TCELL_17H_UP","40/2154","199/21355",1.6568520711153e-05,7.69435480437107e-05,2.29372512928435e-05
"GSE37301_MULTIPOTENT_PROGENITOR_VS_GRAN_MONO_PROGENITOR_UP","GSE37301_MULTIPOTENT_PROGENITOR_VS_GRAN_MONO_PROGENITOR_UP","40/2154","199/21355",1.6568520711153e-05,7.69435480437107e-05,2.29372512928435e-05
"GSE37416_0H_VS_24H_F_TULARENSIS_LVS_NEUTROPHIL_DN","GSE37416_0H_VS_24H_F_TULARENSIS_LVS_NEUTROPHIL_DN","40/2154","199/21355",1.6568520711153e-05,7.69435480437107e-05,2.29372512928435e-05
"GSE3982_DC_VS_BASOPHIL_DN","GSE3982_DC_VS_BASOPHIL_DN","40/2154","199/21355",1.6568520711153e-05,7.69435480437107e-05,2.29372512928435e-05
"GSE3982_MEMORY_CD4_TCELL_VS_TH1_DN","GSE3982_MEMORY_CD4_TCELL_VS_TH1_DN","40/2154","199/21355",1.6568520711153e-05,7.69435480437107e-05,2.29372512928435e-05
"GSE40068_BCL6_POS_VS_NEG_CXCR5_POS_TFH_DN","GSE40068_BCL6_POS_VS_NEG_CXCR5_POS_TFH_DN","40/2154","199/21355",1.6568520711153e-05,7.69435480437107e-05,2.29372512928435e-05
"GSE40273_XBP1_KO_VS_WT_TREG_DN","GSE40273_XBP1_KO_VS_WT_TREG_DN","40/2154","199/21355",1.6568520711153e-05,7.69435480437107e-05,2.29372512928435e-05
"GSE40277_EOS_AND_LEF1_TRANSDUCED_VS_CTRL_CD4_TCELL_DN","GSE40277_EOS_AND_LEF1_TRANSDUCED_VS_CTRL_CD4_TCELL_DN","40/2154","199/21355",1.6568520711153e-05,7.69435480437107e-05,2.29372512928435e-05
"GSE40666_WT_VS_STAT4_KO_CD8_TCELL_DN","GSE40666_WT_VS_STAT4_KO_CD8_TCELL_DN","40/2154","199/21355",1.6568520711153e-05,7.69435480437107e-05,2.29372512928435e-05
"GSE41176_UNSTIM_VS_ANTI_IGM_STIM_BCELL_3H_UP","GSE41176_UNSTIM_VS_ANTI_IGM_STIM_BCELL_3H_UP","40/2154","199/21355",1.6568520711153e-05,7.69435480437107e-05,2.29372512928435e-05
"GSE42088_UNINF_VS_LEISHMANIA_INF_DC_4H_DN","GSE42088_UNINF_VS_LEISHMANIA_INF_DC_4H_DN","40/2154","199/21355",1.6568520711153e-05,7.69435480437107e-05,2.29372512928435e-05
"GSE44649_WT_VS_MIR155_KO_ACTIVATED_CD8_TCELL_UP","GSE44649_WT_VS_MIR155_KO_ACTIVATED_CD8_TCELL_UP","40/2154","199/21355",1.6568520711153e-05,7.69435480437107e-05,2.29372512928435e-05
"GSE46606_IRF4MID_VS_WT_CD40L_IL2_IL5_DAY1_STIMULATED_BCELL_UP","GSE46606_IRF4MID_VS_WT_CD40L_IL2_IL5_DAY1_STIMULATED_BCELL_UP","40/2154","199/21355",1.6568520711153e-05,7.69435480437107e-05,2.29372512928435e-05
"GSE2935_UV_INACTIVATED_VS_LIVE_SENDAI_VIRUS_INF_MACROPHAGE_DN","GSE2935_UV_INACTIVATED_VS_LIVE_SENDAI_VIRUS_INF_MACROPHAGE_DN","37/2154","179/21355",1.7752280155445e-05,8.09997397383593e-05,2.41464220492952e-05
"GSE4984_GALECTIN1_VS_LPS_STIM_DC_UP","GSE4984_GALECTIN1_VS_LPS_STIM_DC_UP","34/2154","159/21355",1.81974703629237e-05,8.09997397383593e-05,2.41464220492952e-05
"GSE10273_LOW_IL7_VS_HIGH_IL7_AND_IRF4_IN_IRF4_8_NULL_PRE_BCELL_DN","GSE10273_LOW_IL7_VS_HIGH_IL7_AND_IRF4_IN_IRF4_8_NULL_PRE_BCELL_DN","40/2154","200/21355",1.87251500822884e-05,8.09997397383593e-05,2.41464220492952e-05
"GSE11961_GERMINAL_CENTER_BCELL_DAY7_VS_PLASMA_CELL_DAY7_DN","GSE11961_GERMINAL_CENTER_BCELL_DAY7_VS_PLASMA_CELL_DAY7_DN","40/2154","200/21355",1.87251500822884e-05,8.09997397383593e-05,2.41464220492952e-05
"GSE11961_MEMORY_BCELL_DAY7_VS_MEMORY_BCELL_DAY40_DN","GSE11961_MEMORY_BCELL_DAY7_VS_MEMORY_BCELL_DAY40_DN","40/2154","200/21355",1.87251500822884e-05,8.09997397383593e-05,2.41464220492952e-05
"GSE12845_NAIVE_VS_DARKZONE_GC_TONSIL_BCELL_DN","GSE12845_NAIVE_VS_DARKZONE_GC_TONSIL_BCELL_DN","40/2154","200/21355",1.87251500822884e-05,8.09997397383593e-05,2.41464220492952e-05
"GSE13484_UNSTIM_VS_12H_YF17D_VACCINE_STIM_PBMC_DN","GSE13484_UNSTIM_VS_12H_YF17D_VACCINE_STIM_PBMC_DN","40/2154","200/21355",1.87251500822884e-05,8.09997397383593e-05,2.41464220492952e-05
"GSE13484_UNSTIM_VS_YF17D_VACCINE_STIM_PBMC_UP","GSE13484_UNSTIM_VS_YF17D_VACCINE_STIM_PBMC_UP","40/2154","200/21355",1.87251500822884e-05,8.09997397383593e-05,2.41464220492952e-05
"GSE13485_CTRL_VS_DAY7_YF17D_VACCINE_PBMC_DN","GSE13485_CTRL_VS_DAY7_YF17D_VACCINE_PBMC_DN","40/2154","200/21355",1.87251500822884e-05,8.09997397383593e-05,2.41464220492952e-05
"GSE13522_CTRL_VS_T_CRUZI_Y_STRAIN_INF_SKIN_IFNAR_KO_UP","GSE13522_CTRL_VS_T_CRUZI_Y_STRAIN_INF_SKIN_IFNAR_KO_UP","40/2154","200/21355",1.87251500822884e-05,8.09997397383593e-05,2.41464220492952e-05
"GSE1432_CTRL_VS_IFNG_24H_MICROGLIA_DN","GSE1432_CTRL_VS_IFNG_24H_MICROGLIA_DN","40/2154","200/21355",1.87251500822884e-05,8.09997397383593e-05,2.41464220492952e-05
"GSE15324_ELF4_KO_VS_WT_ACTIVATED_CD8_TCELL_UP","GSE15324_ELF4_KO_VS_WT_ACTIVATED_CD8_TCELL_UP","40/2154","200/21355",1.87251500822884e-05,8.09997397383593e-05,2.41464220492952e-05
"GSE15735_CTRL_VS_HDAC_INHIBITOR_TREATED_CD4_TCELL_12H_UP","GSE15735_CTRL_VS_HDAC_INHIBITOR_TREATED_CD4_TCELL_12H_UP","40/2154","200/21355",1.87251500822884e-05,8.09997397383593e-05,2.41464220492952e-05
"GSE15930_NAIVE_VS_72H_IN_VITRO_STIM_IL12_CD8_TCELL_UP","GSE15930_NAIVE_VS_72H_IN_VITRO_STIM_IL12_CD8_TCELL_UP","40/2154","200/21355",1.87251500822884e-05,8.09997397383593e-05,2.41464220492952e-05
"GSE15930_NAIVE_VS_72H_IN_VITRO_STIM_TRICHOSTATINA_CD8_TCELL_UP","GSE15930_NAIVE_VS_72H_IN_VITRO_STIM_TRICHOSTATINA_CD8_TCELL_UP","40/2154","200/21355",1.87251500822884e-05,8.09997397383593e-05,2.41464220492952e-05
"GSE15930_STIM_VS_STIM_AND_IFNAB_48H_CD8_T_CELL_DN","GSE15930_STIM_VS_STIM_AND_IFNAB_48H_CD8_T_CELL_DN","40/2154","200/21355",1.87251500822884e-05,8.09997397383593e-05,2.41464220492952e-05
"GSE17186_BLOOD_VS_CORD_BLOOD_NAIVE_BCELL_DN","GSE17186_BLOOD_VS_CORD_BLOOD_NAIVE_BCELL_DN","40/2154","200/21355",1.87251500822884e-05,8.09997397383593e-05,2.41464220492952e-05
"GSE17186_NAIVE_VS_CD21HIGH_TRANSITIONAL_BCELL_DN","GSE17186_NAIVE_VS_CD21HIGH_TRANSITIONAL_BCELL_DN","40/2154","200/21355",1.87251500822884e-05,8.09997397383593e-05,2.41464220492952e-05
"GSE17186_NAIVE_VS_CD21LOW_TRANSITIONAL_BCELL_CORD_BLOOD_UP","GSE17186_NAIVE_VS_CD21LOW_TRANSITIONAL_BCELL_CORD_BLOOD_UP","40/2154","200/21355",1.87251500822884e-05,8.09997397383593e-05,2.41464220492952e-05
"GSE17186_NAIVE_VS_CD21LOW_TRANSITIONAL_BCELL_DN","GSE17186_NAIVE_VS_CD21LOW_TRANSITIONAL_BCELL_DN","40/2154","200/21355",1.87251500822884e-05,8.09997397383593e-05,2.41464220492952e-05
"GSE17721_CPG_VS_GARDIQUIMOD_4H_BMDC_DN","GSE17721_CPG_VS_GARDIQUIMOD_4H_BMDC_DN","40/2154","200/21355",1.87251500822884e-05,8.09997397383593e-05,2.41464220492952e-05
"GSE17721_CTRL_VS_LPS_8H_BMDC_UP","GSE17721_CTRL_VS_LPS_8H_BMDC_UP","40/2154","200/21355",1.87251500822884e-05,8.09997397383593e-05,2.41464220492952e-05
"GSE17721_CTRL_VS_POLYIC_12H_BMDC_UP","GSE17721_CTRL_VS_POLYIC_12H_BMDC_UP","40/2154","200/21355",1.87251500822884e-05,8.09997397383593e-05,2.41464220492952e-05
"GSE17721_LPS_VS_CPG_16H_BMDC_DN","GSE17721_LPS_VS_CPG_16H_BMDC_DN","40/2154","200/21355",1.87251500822884e-05,8.09997397383593e-05,2.41464220492952e-05
"GSE17721_LPS_VS_GARDIQUIMOD_6H_BMDC_UP","GSE17721_LPS_VS_GARDIQUIMOD_6H_BMDC_UP","40/2154","200/21355",1.87251500822884e-05,8.09997397383593e-05,2.41464220492952e-05
"GSE17721_LPS_VS_POLYIC_16H_BMDC_DN","GSE17721_LPS_VS_POLYIC_16H_BMDC_DN","40/2154","200/21355",1.87251500822884e-05,8.09997397383593e-05,2.41464220492952e-05
"GSE17721_POLYIC_VS_PAM3CSK4_4H_BMDC_DN","GSE17721_POLYIC_VS_PAM3CSK4_4H_BMDC_DN","40/2154","200/21355",1.87251500822884e-05,8.09997397383593e-05,2.41464220492952e-05
"GSE18281_SUBCAPSULAR_VS_CENTRAL_CORTICAL_REGION_OF_THYMUS_DN","GSE18281_SUBCAPSULAR_VS_CENTRAL_CORTICAL_REGION_OF_THYMUS_DN","40/2154","200/21355",1.87251500822884e-05,8.09997397383593e-05,2.41464220492952e-05
"GSE20715_0H_VS_24H_OZONE_TLR4_KO_LUNG_DN","GSE20715_0H_VS_24H_OZONE_TLR4_KO_LUNG_DN","40/2154","200/21355",1.87251500822884e-05,8.09997397383593e-05,2.41464220492952e-05
"GSE2128_CTRL_VS_MIMETOPE_NEGATIVE_SELECTION_DP_THYMOCYTE_NOD_UP","GSE2128_CTRL_VS_MIMETOPE_NEGATIVE_SELECTION_DP_THYMOCYTE_NOD_UP","40/2154","200/21355",1.87251500822884e-05,8.09997397383593e-05,2.41464220492952e-05
"GSE21360_PRIMARY_VS_TERTIARY_MEMORY_CD8_TCELL_DN","GSE21360_PRIMARY_VS_TERTIARY_MEMORY_CD8_TCELL_DN","40/2154","200/21355",1.87251500822884e-05,8.09997397383593e-05,2.41464220492952e-05
"GSE22601_DOUBLE_NEGATIVE_VS_CD4_SINGLE_POSITIVE_THYMOCYTE_DN","GSE22601_DOUBLE_NEGATIVE_VS_CD4_SINGLE_POSITIVE_THYMOCYTE_DN","40/2154","200/21355",1.87251500822884e-05,8.09997397383593e-05,2.41464220492952e-05
"GSE22601_IMMATURE_CD4_SINGLE_POSITIVE_VS_CD4_SINGLE_POSITIVE_THYMOCYTE_UP","GSE22601_IMMATURE_CD4_SINGLE_POSITIVE_VS_CD4_SINGLE_POSITIVE_THYMOCYTE_UP","40/2154","200/21355",1.87251500822884e-05,8.09997397383593e-05,2.41464220492952e-05
"GSE22601_IMMATURE_CD4_SINGLE_POSITIVE_VS_CD8_SINGLE_POSITIVE_THYMOCYTE_DN","GSE22601_IMMATURE_CD4_SINGLE_POSITIVE_VS_CD8_SINGLE_POSITIVE_THYMOCYTE_DN","40/2154","200/21355",1.87251500822884e-05,8.09997397383593e-05,2.41464220492952e-05
"GSE23114_PERITONEAL_CAVITY_B1A_BCELL_VS_SPLEEN_BCELL_DN","GSE23114_PERITONEAL_CAVITY_B1A_BCELL_VS_SPLEEN_BCELL_DN","40/2154","200/21355",1.87251500822884e-05,8.09997397383593e-05,2.41464220492952e-05
"GSE2405_0H_VS_24H_A_PHAGOCYTOPHILUM_STIM_NEUTROPHIL_UP","GSE2405_0H_VS_24H_A_PHAGOCYTOPHILUM_STIM_NEUTROPHIL_UP","40/2154","200/21355",1.87251500822884e-05,8.09997397383593e-05,2.41464220492952e-05
"GSE24102_GRANULOCYSTIC_MDSC_VS_NEUTROPHIL_DN","GSE24102_GRANULOCYSTIC_MDSC_VS_NEUTROPHIL_DN","40/2154","200/21355",1.87251500822884e-05,8.09997397383593e-05,2.41464220492952e-05
"GSE24726_WT_VS_E2_2_KO_PDC_DN","GSE24726_WT_VS_E2_2_KO_PDC_DN","40/2154","200/21355",1.87251500822884e-05,8.09997397383593e-05,2.41464220492952e-05
"GSE25085_FETAL_LIVER_VS_FETAL_BM_SP4_THYMIC_IMPLANT_DN","GSE25085_FETAL_LIVER_VS_FETAL_BM_SP4_THYMIC_IMPLANT_DN","40/2154","200/21355",1.87251500822884e-05,8.09997397383593e-05,2.41464220492952e-05
"GSE25085_FETAL_LIVER_VS_FETAL_BM_SP4_THYMIC_IMPLANT_UP","GSE25085_FETAL_LIVER_VS_FETAL_BM_SP4_THYMIC_IMPLANT_UP","40/2154","200/21355",1.87251500822884e-05,8.09997397383593e-05,2.41464220492952e-05
"GSE26030_TH1_VS_TH17_DAY5_POST_POLARIZATION_UP","GSE26030_TH1_VS_TH17_DAY5_POST_POLARIZATION_UP","40/2154","200/21355",1.87251500822884e-05,8.09997397383593e-05,2.41464220492952e-05
"GSE26343_WT_VS_NFAT5_KO_MACROPHAGE_DN","GSE26343_WT_VS_NFAT5_KO_MACROPHAGE_DN","40/2154","200/21355",1.87251500822884e-05,8.09997397383593e-05,2.41464220492952e-05
"GSE26488_CTRL_VS_PEPTIDE_INJECTION_HDAC7_DELTAP_TG_OT2_THYMOCYTE_DN","GSE26488_CTRL_VS_PEPTIDE_INJECTION_HDAC7_DELTAP_TG_OT2_THYMOCYTE_DN","40/2154","200/21355",1.87251500822884e-05,8.09997397383593e-05,2.41464220492952e-05
"GSE26669_CD4_VS_CD8_TCELL_IN_MLR_COSTIM_BLOCK_UP","GSE26669_CD4_VS_CD8_TCELL_IN_MLR_COSTIM_BLOCK_UP","40/2154","200/21355",1.87251500822884e-05,8.09997397383593e-05,2.41464220492952e-05
"GSE26669_CTRL_VS_COSTIM_BLOCK_MLR_CD4_TCELL_UP","GSE26669_CTRL_VS_COSTIM_BLOCK_MLR_CD4_TCELL_UP","40/2154","200/21355",1.87251500822884e-05,8.09997397383593e-05,2.41464220492952e-05
"GSE26890_CXCR1_NEG_VS_POS_EFFECTOR_CD8_TCELL_UP","GSE26890_CXCR1_NEG_VS_POS_EFFECTOR_CD8_TCELL_UP","40/2154","200/21355",1.87251500822884e-05,8.09997397383593e-05,2.41464220492952e-05
"GSE27786_BCELL_VS_CD4_TCELL_UP","GSE27786_BCELL_VS_CD4_TCELL_UP","40/2154","200/21355",1.87251500822884e-05,8.09997397383593e-05,2.41464220492952e-05
"GSE27786_CD4_TCELL_VS_MONO_MAC_DN","GSE27786_CD4_TCELL_VS_MONO_MAC_DN","40/2154","200/21355",1.87251500822884e-05,8.09997397383593e-05,2.41464220492952e-05
"GSE27786_LSK_VS_ERYTHROBLAST_UP","GSE27786_LSK_VS_ERYTHROBLAST_UP","40/2154","200/21355",1.87251500822884e-05,8.09997397383593e-05,2.41464220492952e-05
"GSE28237_FOLLICULAR_VS_EARLY_GC_BCELL_DN","GSE28237_FOLLICULAR_VS_EARLY_GC_BCELL_DN","40/2154","200/21355",1.87251500822884e-05,8.09997397383593e-05,2.41464220492952e-05
"GSE29618_PRE_VS_DAY7_POST_LAIV_FLU_VACCINE_MONOCYTE_DN","GSE29618_PRE_VS_DAY7_POST_LAIV_FLU_VACCINE_MONOCYTE_DN","40/2154","200/21355",1.87251500822884e-05,8.09997397383593e-05,2.41464220492952e-05
"GSE3039_ALPHAALPHA_VS_ALPHABETA_CD8_TCELL_UP","GSE3039_ALPHAALPHA_VS_ALPHABETA_CD8_TCELL_UP","40/2154","200/21355",1.87251500822884e-05,8.09997397383593e-05,2.41464220492952e-05
"GSE3039_CD4_TCELL_VS_ALPHABETA_CD8_TCELL_DN","GSE3039_CD4_TCELL_VS_ALPHABETA_CD8_TCELL_DN","40/2154","200/21355",1.87251500822884e-05,8.09997397383593e-05,2.41464220492952e-05
"GSE3039_CD4_TCELL_VS_B2_BCELL_DN","GSE3039_CD4_TCELL_VS_B2_BCELL_DN","40/2154","200/21355",1.87251500822884e-05,8.09997397383593e-05,2.41464220492952e-05
"GSE33424_CD161_HIGH_VS_INT_CD8_TCELL_DN","GSE33424_CD161_HIGH_VS_INT_CD8_TCELL_DN","40/2154","200/21355",1.87251500822884e-05,8.09997397383593e-05,2.41464220492952e-05
"GSE34515_CD16_NEG_MONOCYTE_VS_DC_DN","GSE34515_CD16_NEG_MONOCYTE_VS_DC_DN","40/2154","200/21355",1.87251500822884e-05,8.09997397383593e-05,2.41464220492952e-05
"GSE35685_CD34POS_CD38NEG_VS_CD34POS_CD10POS_BONE_MARROW_DN","GSE35685_CD34POS_CD38NEG_VS_CD34POS_CD10POS_BONE_MARROW_DN","40/2154","200/21355",1.87251500822884e-05,8.09997397383593e-05,2.41464220492952e-05
"GSE360_DC_VS_MAC_B_MALAYI_HIGH_DOSE_UP","GSE360_DC_VS_MAC_B_MALAYI_HIGH_DOSE_UP","40/2154","200/21355",1.87251500822884e-05,8.09997397383593e-05,2.41464220492952e-05
"GSE36392_TYPE_2_MYELOID_VS_NEUTROPHIL_IL25_TREATED_LUNG_DN","GSE36392_TYPE_2_MYELOID_VS_NEUTROPHIL_IL25_TREATED_LUNG_DN","40/2154","200/21355",1.87251500822884e-05,8.09997397383593e-05,2.41464220492952e-05
"GSE369_PRE_VS_POST_IL6_INJECTION_IFNG_KO_LIVER_UP","GSE369_PRE_VS_POST_IL6_INJECTION_IFNG_KO_LIVER_UP","40/2154","200/21355",1.87251500822884e-05,8.09997397383593e-05,2.41464220492952e-05
"GSE37301_MULTIPOTENT_PROGENITOR_VS_GRAN_MONO_PROGENITOR_DN","GSE37301_MULTIPOTENT_PROGENITOR_VS_GRAN_MONO_PROGENITOR_DN","40/2154","200/21355",1.87251500822884e-05,8.09997397383593e-05,2.41464220492952e-05
"GSE37301_MULTIPOTENT_PROGENITOR_VS_RAG2_KO_NK_CELL_UP","GSE37301_MULTIPOTENT_PROGENITOR_VS_RAG2_KO_NK_CELL_UP","40/2154","200/21355",1.87251500822884e-05,8.09997397383593e-05,2.41464220492952e-05
"GSE3982_MAC_VS_BASOPHIL_UP","GSE3982_MAC_VS_BASOPHIL_UP","40/2154","200/21355",1.87251500822884e-05,8.09997397383593e-05,2.41464220492952e-05
"GSE40274_FOXP3_VS_FOXP3_AND_IRF4_TRANSDUCED_ACTIVATED_CD4_TCELL_UP","GSE40274_FOXP3_VS_FOXP3_AND_IRF4_TRANSDUCED_ACTIVATED_CD4_TCELL_UP","40/2154","200/21355",1.87251500822884e-05,8.09997397383593e-05,2.41464220492952e-05
"GSE40277_GATA1_AND_SATB1_TRANSDUCED_VS_CTRL_CD4_TCELL_UP","GSE40277_GATA1_AND_SATB1_TRANSDUCED_VS_CTRL_CD4_TCELL_UP","40/2154","200/21355",1.87251500822884e-05,8.09997397383593e-05,2.41464220492952e-05
"GSE41867_DAY8_VS_DAY15_LCMV_CLONE13_EFFECTOR_CD8_TCELL_UP","GSE41867_DAY8_VS_DAY15_LCMV_CLONE13_EFFECTOR_CD8_TCELL_UP","40/2154","200/21355",1.87251500822884e-05,8.09997397383593e-05,2.41464220492952e-05
"GSE41867_LCMV_ARMSTRONG_VS_CLONE13_DAY6_EFFECTOR_CD8_TCELL_UP","GSE41867_LCMV_ARMSTRONG_VS_CLONE13_DAY6_EFFECTOR_CD8_TCELL_UP","40/2154","200/21355",1.87251500822884e-05,8.09997397383593e-05,2.41464220492952e-05
"GSE42021_TREG_PLN_VS_TREG_PRECURSORS_THYMUS_DN","GSE42021_TREG_PLN_VS_TREG_PRECURSORS_THYMUS_DN","40/2154","200/21355",1.87251500822884e-05,8.09997397383593e-05,2.41464220492952e-05
"GSE43955_1H_VS_10H_ACT_CD4_TCELL_UP","GSE43955_1H_VS_10H_ACT_CD4_TCELL_UP","40/2154","200/21355",1.87251500822884e-05,8.09997397383593e-05,2.41464220492952e-05
"GSE43955_1H_VS_20H_ACT_CD4_TCELL_WITH_TGFB_IL6_UP","GSE43955_1H_VS_20H_ACT_CD4_TCELL_WITH_TGFB_IL6_UP","40/2154","200/21355",1.87251500822884e-05,8.09997397383593e-05,2.41464220492952e-05
"GSE43955_TH0_VS_TGFB_IL6_TH17_ACT_CD4_TCELL_42H_UP","GSE43955_TH0_VS_TGFB_IL6_TH17_ACT_CD4_TCELL_42H_UP","40/2154","200/21355",1.87251500822884e-05,8.09997397383593e-05,2.41464220492952e-05
"GSE4535_BM_DERIVED_DC_VS_FOLLICULAR_DC_UP","GSE4535_BM_DERIVED_DC_VS_FOLLICULAR_DC_UP","40/2154","200/21355",1.87251500822884e-05,8.09997397383593e-05,2.41464220492952e-05
"GSE5589_WT_VS_IL10_KO_LPS_STIM_MACROPHAGE_45MIN_UP","GSE5589_WT_VS_IL10_KO_LPS_STIM_MACROPHAGE_45MIN_UP","40/2154","200/21355",1.87251500822884e-05,8.09997397383593e-05,2.41464220492952e-05
"GSE5679_RARA_AGONIST_AM580_VS_AM580_AND_ROSIGLITAZONE_TREATED_DC_DN","GSE5679_RARA_AGONIST_AM580_VS_AM580_AND_ROSIGLITAZONE_TREATED_DC_DN","40/2154","200/21355",1.87251500822884e-05,8.09997397383593e-05,2.41464220492952e-05
"GSE7460_CD8_TCELL_VS_TREG_ACT_UP","GSE7460_CD8_TCELL_VS_TREG_ACT_UP","40/2154","200/21355",1.87251500822884e-05,8.09997397383593e-05,2.41464220492952e-05
"GSE7460_FOXP3_MUT_VS_WT_ACT_TCONV_UP","GSE7460_FOXP3_MUT_VS_WT_ACT_TCONV_UP","40/2154","200/21355",1.87251500822884e-05,8.09997397383593e-05,2.41464220492952e-05
"GSE8384_CTRL_VS_B_ABORTUS_4H_MAC_CELL_LINE_DN","GSE8384_CTRL_VS_B_ABORTUS_4H_MAC_CELL_LINE_DN","40/2154","200/21355",1.87251500822884e-05,8.09997397383593e-05,2.41464220492952e-05
"GSE8621_UNSTIM_VS_LPS_PRIMED_UNSTIM_MACROPHAGE_DN","GSE8621_UNSTIM_VS_LPS_PRIMED_UNSTIM_MACROPHAGE_DN","40/2154","200/21355",1.87251500822884e-05,8.09997397383593e-05,2.41464220492952e-05
"GSE9006_TYPE_1_DIABETES_AT_DX_VS_1MONTH_POST_DX_PBMC_UP","GSE9006_TYPE_1_DIABETES_AT_DX_VS_1MONTH_POST_DX_PBMC_UP","40/2154","200/21355",1.87251500822884e-05,8.09997397383593e-05,2.41464220492952e-05
"GSE9316_CD4_TCELL_BALBC_VS_TH17_ENRI_CD4_TCELL_SKG_PMA_IONO_STIM_FR4NEG_DN","GSE9316_CD4_TCELL_BALBC_VS_TH17_ENRI_CD4_TCELL_SKG_PMA_IONO_STIM_FR4NEG_DN","40/2154","200/21355",1.87251500822884e-05,8.09997397383593e-05,2.41464220492952e-05
"GSE9316_IL6_KO_VS_IFNG_KO_INVIVO_EXPANDED_CD4_TCELL_DN","GSE9316_IL6_KO_VS_IFNG_KO_INVIVO_EXPANDED_CD4_TCELL_DN","40/2154","200/21355",1.87251500822884e-05,8.09997397383593e-05,2.41464220492952e-05
"GSE3720_UNSTIM_VS_LPS_STIM_VD1_GAMMADELTA_TCELL_DN","GSE3720_UNSTIM_VS_LPS_STIM_VD1_GAMMADELTA_TCELL_DN","32/2154","146/21355",1.88000471052668e-05,8.11863520686055e-05,2.42020521056421e-05
"GSE6259_FLT3L_INDUCED_DEC205_POS_DC_VS_CD8_TCELL_UP","GSE6259_FLT3L_INDUCED_DEC205_POS_DC_VS_CD8_TCELL_UP","32/2154","146/21355",1.88000471052668e-05,8.11863520686055e-05,2.42020521056421e-05
"GSE15330_LYMPHOID_MULTIPOTENT_VS_MEGAKARYOCYTE_ERYTHROID_PROGENITOR_IKAROS_KO_UP","GSE15330_LYMPHOID_MULTIPOTENT_VS_MEGAKARYOCYTE_ERYTHROID_PROGENITOR_IKAROS_KO_UP","35/2154","166/21355",1.89937580049195e-05,8.18845570650534e-05,2.44101904598593e-05
"GSE40274_CTRL_VS_IRF4_TRANSDUCED_ACTIVATED_CD4_TCELL_DN","GSE40274_CTRL_VS_IRF4_TRANSDUCED_ACTIVATED_CD4_TCELL_DN","35/2154","166/21355",1.89937580049195e-05,8.18845570650534e-05,2.44101904598593e-05
"GSE7219_UNSTIM_VS_LPS_AND_ANTI_CD40_STIM_DC_UP","GSE7219_UNSTIM_VS_LPS_AND_ANTI_CD40_STIM_DC_UP","36/2154","173/21355",1.96628404087505e-05,8.46976436478021e-05,2.52487854492712e-05
"GSE4590_LARGE_PRE_BCELL_VS_VPREB_POS_LARGE_PRE_BCELL_DN","GSE4590_LARGE_PRE_BCELL_VS_VPREB_POS_LARGE_PRE_BCELL_DN","37/2154","180/21355",2.0206861860918e-05,8.69677480596579e-05,2.59255147745962e-05
"GSE17974_CTRL_VS_ACT_IL4_AND_ANTI_IL12_4H_CD4_TCELL_UP","GSE17974_CTRL_VS_ACT_IL4_AND_ANTI_IL12_4H_CD4_TCELL_UP","39/2154","194/21355",2.0937562318485e-05,8.97349171285951e-05,2.67504215265949e-05
"GSE2706_UNSTIM_VS_2H_LPS_DC_DN","GSE2706_UNSTIM_VS_2H_LPS_DC_DN","39/2154","194/21355",2.0937562318485e-05,8.97349171285951e-05,2.67504215265949e-05
"GSE3400_UNTREATED_VS_IFNB_TREATED_MEF_UP","GSE3400_UNTREATED_VS_IFNB_TREATED_MEF_UP","39/2154","194/21355",2.0937562318485e-05,8.97349171285951e-05,2.67504215265949e-05
"GSE4748_CYANOBACTERIUM_LPSLIKE_VS_LPS_AND_CYANOBACTERIUM_LPSLIKE_STIM_DC_3H_DN","GSE4748_CYANOBACTERIUM_LPSLIKE_VS_LPS_AND_CYANOBACTERIUM_LPSLIKE_STIM_DC_3H_DN","39/2154","194/21355",2.0937562318485e-05,8.97349171285951e-05,2.67504215265949e-05
"GSE9988_ANTI_TREM1_VS_VEHICLE_TREATED_MONOCYTES_UP","GSE9988_ANTI_TREM1_VS_VEHICLE_TREATED_MONOCYTES_UP","39/2154","194/21355",2.0937562318485e-05,8.97349171285951e-05,2.67504215265949e-05
"GSE21360_SECONDARY_VS_TERTIARY_MEMORY_CD8_TCELL_DN","GSE21360_SECONDARY_VS_TERTIARY_MEMORY_CD8_TCELL_DN","35/2154","167/21355",2.17330864368648e-05,9.29885112566439e-05,2.77203339886194e-05
"GSE3920_IFNA_VS_IFNG_TREATED_ENDOTHELIAL_CELL_DN","GSE3920_IFNA_VS_IFNG_TREATED_ENDOTHELIAL_CELL_DN","35/2154","167/21355",2.17330864368648e-05,9.29885112566439e-05,2.77203339886194e-05
"NAKAYA_MYELOID_DENDRITIC_CELL_FLUARIX_FLUVIRIN_AGE_18_50YO_7DY_UP","NAKAYA_MYELOID_DENDRITIC_CELL_FLUARIX_FLUVIRIN_AGE_18_50YO_7DY_UP","67/2154","400/21355",2.28475904124872e-05,9.76753593470292e-05,2.91175065281477e-05
"GSE16450_IMMATURE_VS_MATURE_NEURON_CELL_LINE_UP","GSE16450_IMMATURE_VS_MATURE_NEURON_CELL_LINE_UP","39/2154","195/21355",2.36647460829044e-05,0.000100999872055,3.01085601687423e-05
"GSE37416_0H_VS_48H_F_TULARENSIS_LVS_NEUTROPHIL_DN","GSE37416_0H_VS_48H_F_TULARENSIS_LVS_NEUTROPHIL_DN","39/2154","195/21355",2.36647460829044e-05,0.000100999872055,3.01085601687423e-05
"GSE29617_DAY3_VS_DAY7_TIV_FLU_VACCINE_PBMC_2008_UP","GSE29617_DAY3_VS_DAY7_TIV_FLU_VACCINE_PBMC_2008_UP","38/2154","189/21355",2.64627073546274e-05,0.000112847224940959,3.36403145160445e-05
"QUEREC_PBMC_YF_17D_VACCINE_AGE_18_45YO_3DY_UP","QUEREC_PBMC_YF_17D_VACCINE_AGE_18_45YO_3DY_UP","15/2154","46/21355",2.66794095613909e-05,0.000113443396402748,3.38180361701709e-05
"QUEREC_PBMC_YF_17D_VACCINE_AGE_18_45YO_7DY_UP","QUEREC_PBMC_YF_17D_VACCINE_AGE_18_45YO_7DY_UP","15/2154","46/21355",2.66794095613909e-05,0.000113443396402748,3.38180361701709e-05
"GSE17974_0.5H_VS_72H_IL4_AND_ANTI_IL12_ACT_CD4_TCELL_UP","GSE17974_0.5H_VS_72H_IL4_AND_ANTI_IL12_ACT_CD4_TCELL_UP","39/2154","196/21355",2.67134459747524e-05,0.000113443396402748,3.38180361701709e-05
"GSE2706_2H_VS_8H_R848_AND_LPS_STIM_DC_DN","GSE2706_2H_VS_8H_R848_AND_LPS_STIM_DC_DN","39/2154","196/21355",2.67134459747524e-05,0.000113443396402748,3.38180361701709e-05
"GSE46606_IRF4_KO_VS_WT_CD40L_IL2_IL5_3DAY_STIMULATED_BCELL_UP","GSE46606_IRF4_KO_VS_WT_CD40L_IL2_IL5_3DAY_STIMULATED_BCELL_UP","39/2154","196/21355",2.67134459747524e-05,0.000113443396402748,3.38180361701709e-05
"GSE3720_LPS_VS_PMA_STIM_VD1_GAMMADELTA_TCELL_UP","GSE3720_LPS_VS_PMA_STIM_VD1_GAMMADELTA_TCELL_UP","31/2154","142/21355",2.73553837187614e-05,0.000116073092907906,3.46019616726503e-05
"PATEL_SKIN_OF_BODY_ZOSTAVAX_AGE_70_93YO_VZV_CHALLENGE_3DY_UP","PATEL_SKIN_OF_BODY_ZOSTAVAX_AGE_70_93YO_VZV_CHALLENGE_3DY_UP","26/2154","110/21355",2.82040966636983e-05,0.00011957507980223,3.56459212438117e-05
"GSE34156_UNTREATED_VS_6H_NOD2_LIGAND_TREATED_MONOCYTE_DN","GSE34156_UNTREATED_VS_6H_NOD2_LIGAND_TREATED_MONOCYTE_DN","36/2154","176/21355",2.90246242324835e-05,0.00012285008584494,3.66222167032381e-05
"GSE9601_UNTREATED_VS_PI3K_INHIBITOR_TREATED_HCMV_INF_MONOCYTE_UP","GSE9601_UNTREATED_VS_PI3K_INHIBITOR_TREATED_HCMV_INF_MONOCYTE_UP","36/2154","176/21355",2.90246242324835e-05,0.00012285008584494,3.66222167032381e-05
"GSE37563_WT_VS_CTLA4_KO_CD4_TCELL_D4_POST_IMMUNIZATION_DN","GSE37563_WT_VS_CTLA4_KO_CD4_TCELL_D4_POST_IMMUNIZATION_DN","37/2154","183/21355",2.95515194903665e-05,0.000124976773493998,3.72561927839891e-05
"GSE13485_CTRL_VS_DAY21_YF17D_VACCINE_PBMC_UP","GSE13485_CTRL_VS_DAY21_YF17D_VACCINE_PBMC_UP","38/2154","190/21355",2.99120614327399e-05,0.000126397000087272,3.76795693385015e-05
"GSE12845_IGD_NEG_BLOOD_VS_NAIVE_TONSIL_BCELL_DN","GSE12845_IGD_NEG_BLOOD_VS_NAIVE_TONSIL_BCELL_DN","39/2154","197/21355",3.01173451998209e-05,0.000126636501650234,3.77509659360636e-05
"GSE21063_WT_VS_NFATC1_KO_16H_ANTI_IGM_STIM_BCELL_UP","GSE21063_WT_VS_NFATC1_KO_16H_ANTI_IGM_STIM_BCELL_UP","39/2154","197/21355",3.01173451998209e-05,0.000126636501650234,3.77509659360636e-05
"GSE2706_UNSTIM_VS_8H_LPS_DC_UP","GSE2706_UNSTIM_VS_8H_LPS_DC_UP","39/2154","197/21355",3.01173451998209e-05,0.000126636501650234,3.77509659360636e-05
"GSE29618_MONOCYTE_VS_PDC_DN","GSE29618_MONOCYTE_VS_PDC_DN","39/2154","197/21355",3.01173451998209e-05,0.000126636501650234,3.77509659360636e-05
"GSE3982_MEMORY_CD4_TCELL_VS_TH1_UP","GSE3982_MEMORY_CD4_TCELL_VS_TH1_UP","39/2154","197/21355",3.01173451998209e-05,0.000126636501650234,3.77509659360636e-05
"GSE9006_1MONTH_VS_4MONTH_POST_TYPE_1_DIABETES_DX_PBMC_UP","GSE9006_1MONTH_VS_4MONTH_POST_TYPE_1_DIABETES_DX_PBMC_UP","39/2154","197/21355",3.01173451998209e-05,0.000126636501650234,3.77509659360636e-05
"GSE3565_DUSP1_VS_WT_SPLENOCYTES_UP","GSE3565_DUSP1_VS_WT_SPLENOCYTES_UP","34/2154","163/21355",3.13556186874603e-05,0.000131734821979445,3.92708003800913e-05
"THAKAR_PBMC_INACTIVATED_INFLUENZA_AGE_21_30YO_RESPONDERS_28DY_UP","THAKAR_PBMC_INACTIVATED_INFLUENZA_AGE_21_30YO_RESPONDERS_28DY_UP","72/2154","443/21355",3.22958889385689e-05,0.000135573793220774,4.0415216647695e-05
"GSE13522_WT_VS_IFNAR_KO_SKIN_DN","GSE13522_WT_VS_IFNAR_KO_SKIN_DN","36/2154","177/21355",3.29519996978041e-05,0.00013821458117709,4.12024485664871e-05
"GSE11864_UNTREATED_VS_CSF1_PAM3CYS_IN_MAC_UP","GSE11864_UNTREATED_VS_CSF1_PAM3CYS_IN_MAC_UP","39/2154","198/21355",3.3913173421796e-05,0.000140063049843007,4.17534861956981e-05
"GSE15930_NAIVE_VS_48H_IN_VITRO_STIM_CD8_TCELL_UP","GSE15930_NAIVE_VS_48H_IN_VITRO_STIM_CD8_TCELL_UP","39/2154","198/21355",3.3913173421796e-05,0.000140063049843007,4.17534861956981e-05
"GSE16450_IMMATURE_VS_MATURE_NEURON_CELL_LINE_DN","GSE16450_IMMATURE_VS_MATURE_NEURON_CELL_LINE_DN","39/2154","198/21355",3.3913173421796e-05,0.000140063049843007,4.17534861956981e-05
"GSE17721_CTRL_VS_GARDIQUIMOD_12H_BMDC_DN","GSE17721_CTRL_VS_GARDIQUIMOD_12H_BMDC_DN","39/2154","198/21355",3.3913173421796e-05,0.000140063049843007,4.17534861956981e-05
"GSE17721_CTRL_VS_POLYIC_6H_BMDC_UP","GSE17721_CTRL_VS_POLYIC_6H_BMDC_UP","39/2154","198/21355",3.3913173421796e-05,0.000140063049843007,4.17534861956981e-05
"GSE18791_CTRL_VS_NEWCASTLE_VIRUS_DC_18H_UP","GSE18791_CTRL_VS_NEWCASTLE_VIRUS_DC_18H_UP","39/2154","198/21355",3.3913173421796e-05,0.000140063049843007,4.17534861956981e-05
"GSE25088_WT_VS_STAT6_KO_MACROPHAGE_IL4_STIM_DN","GSE25088_WT_VS_STAT6_KO_MACROPHAGE_IL4_STIM_DN","39/2154","198/21355",3.3913173421796e-05,0.000140063049843007,4.17534861956981e-05
"GSE2770_IL12_AND_TGFB_VS_IL4_TREATED_ACT_CD4_TCELL_2H_UP","GSE2770_IL12_AND_TGFB_VS_IL4_TREATED_ACT_CD4_TCELL_2H_UP","39/2154","198/21355",3.3913173421796e-05,0.000140063049843007,4.17534861956981e-05
"GSE2770_TGFB_AND_IL4_VS_IL12_TREATED_ACT_CD4_TCELL_48H_UP","GSE2770_TGFB_AND_IL4_VS_IL12_TREATED_ACT_CD4_TCELL_48H_UP","39/2154","198/21355",3.3913173421796e-05,0.000140063049843007,4.17534861956981e-05
"GSE360_CTRL_VS_M_TUBERCULOSIS_MAC_UP","GSE360_CTRL_VS_M_TUBERCULOSIS_MAC_UP","39/2154","198/21355",3.3913173421796e-05,0.000140063049843007,4.17534861956981e-05
"GSE36476_CTRL_VS_TSST_ACT_16H_MEMORY_CD4_TCELL_YOUNG_UP","GSE36476_CTRL_VS_TSST_ACT_16H_MEMORY_CD4_TCELL_YOUNG_UP","39/2154","198/21355",3.3913173421796e-05,0.000140063049843007,4.17534861956981e-05
"GSE36826_WT_VS_IL1R_KO_SKIN_DN","GSE36826_WT_VS_IL1R_KO_SKIN_DN","39/2154","198/21355",3.3913173421796e-05,0.000140063049843007,4.17534861956981e-05
"GSE37301_COMMON_LYMPHOID_PROGENITOR_VS_RAG2_KO_NK_CELL_DN","GSE37301_COMMON_LYMPHOID_PROGENITOR_VS_RAG2_KO_NK_CELL_DN","39/2154","198/21355",3.3913173421796e-05,0.000140063049843007,4.17534861956981e-05
"GSE3982_BASOPHIL_VS_NKCELL_UP","GSE3982_BASOPHIL_VS_NKCELL_UP","39/2154","198/21355",3.3913173421796e-05,0.000140063049843007,4.17534861956981e-05
"GSE3982_CTRL_VS_LPS_4H_MAC_DN","GSE3982_CTRL_VS_LPS_4H_MAC_DN","39/2154","198/21355",3.3913173421796e-05,0.000140063049843007,4.17534861956981e-05
"GSE3982_EOSINOPHIL_VS_BCELL_DN","GSE3982_EOSINOPHIL_VS_BCELL_DN","39/2154","198/21355",3.3913173421796e-05,0.000140063049843007,4.17534861956981e-05
"GSE45739_NRAS_KO_VS_WT_ACD3_ACD28_STIM_CD4_TCELL_DN","GSE45739_NRAS_KO_VS_WT_ACD3_ACD28_STIM_CD4_TCELL_DN","39/2154","198/21355",3.3913173421796e-05,0.000140063049843007,4.17534861956981e-05
"GSE7460_FOXP3_MUT_VS_WT_ACT_TCONV_DN","GSE7460_FOXP3_MUT_VS_WT_ACT_TCONV_DN","39/2154","198/21355",3.3913173421796e-05,0.000140063049843007,4.17534861956981e-05
"GSE9988_ANTI_TREM1_VS_LPS_MONOCYTE_UP","GSE9988_ANTI_TREM1_VS_LPS_MONOCYTE_UP","39/2154","198/21355",3.3913173421796e-05,0.000140063049843007,4.17534861956981e-05
"GSE27241_WT_VS_RORGT_KO_TH17_POLARIZED_CD4_TCELL_TREATED_WITH_DIGOXIN_DN","GSE27241_WT_VS_RORGT_KO_TH17_POLARIZED_CD4_TCELL_TREATED_WITH_DIGOXIN_DN","36/2154","178/21355",3.73578049572202e-05,0.000153192920640092,4.56675654599428e-05
"GSE21927_UNTREATED_VS_GMCSF_IL6_TREATED_BONE_MARROW_DN","GSE21927_UNTREATED_VS_GMCSF_IL6_TREATED_BONE_MARROW_DN","37/2154","185/21355",3.78150921729873e-05,0.000153192920640092,4.56675654599428e-05
"GSE13306_LAMINA_PROPRIA_VS_SPLEEN_TREG_UP","GSE13306_LAMINA_PROPRIA_VS_SPLEEN_TREG_UP","39/2154","199/21355",3.81409325200151e-05,0.000153192920640092,4.56675654599428e-05
"GSE1460_INTRATHYMIC_T_PROGENITOR_VS_NAIVE_CD4_TCELL_ADULT_BLOOD_UP","GSE1460_INTRATHYMIC_T_PROGENITOR_VS_NAIVE_CD4_TCELL_ADULT_BLOOD_UP","39/2154","199/21355",3.81409325200151e-05,0.000153192920640092,4.56675654599428e-05
"GSE1460_INTRATHYMIC_T_PROGENITOR_VS_NAIVE_CD4_TCELL_CORD_BLOOD_DN","GSE1460_INTRATHYMIC_T_PROGENITOR_VS_NAIVE_CD4_TCELL_CORD_BLOOD_DN","39/2154","199/21355",3.81409325200151e-05,0.000153192920640092,4.56675654599428e-05
"GSE15330_WT_VS_IKAROS_KO_HSC_DN","GSE15330_WT_VS_IKAROS_KO_HSC_DN","39/2154","199/21355",3.81409325200151e-05,0.000153192920640092,4.56675654599428e-05
"GSE17721_CTRL_VS_LPS_12H_BMDC_UP","GSE17721_CTRL_VS_LPS_12H_BMDC_UP","39/2154","199/21355",3.81409325200151e-05,0.000153192920640092,4.56675654599428e-05
"GSE17721_PAM3CSK4_VS_CPG_16H_BMDC_DN","GSE17721_PAM3CSK4_VS_CPG_16H_BMDC_DN","39/2154","199/21355",3.81409325200151e-05,0.000153192920640092,4.56675654599428e-05
"GSE19825_NAIVE_VS_DAY3_EFF_CD8_TCELL_DN","GSE19825_NAIVE_VS_DAY3_EFF_CD8_TCELL_DN","39/2154","199/21355",3.81409325200151e-05,0.000153192920640092,4.56675654599428e-05
"GSE19941_IL10_KO_VS_IL10_KO_AND_NFKBP50_KO_LPS_AND_IL10_STIM_MACROPHAGE_UP","GSE19941_IL10_KO_VS_IL10_KO_AND_NFKBP50_KO_LPS_AND_IL10_STIM_MACROPHAGE_UP","39/2154","199/21355",3.81409325200151e-05,0.000153192920640092,4.56675654599428e-05
"GSE19941_LPS_VS_LPS_AND_IL10_STIM_IL10_KO_NFKBP50_KO_MACROPHAGE_DN","GSE19941_LPS_VS_LPS_AND_IL10_STIM_IL10_KO_NFKBP50_KO_MACROPHAGE_DN","39/2154","199/21355",3.81409325200151e-05,0.000153192920640092,4.56675654599428e-05
"GSE19941_UNSTIM_VS_LPS_STIM_IL10_KO_NFKBP50_KO_MACROPHAGE_UP","GSE19941_UNSTIM_VS_LPS_STIM_IL10_KO_NFKBP50_KO_MACROPHAGE_UP","39/2154","199/21355",3.81409325200151e-05,0.000153192920640092,4.56675654599428e-05
"GSE22025_UNTREATED_VS_TGFB1_TREATED_CD4_TCELL_UP","GSE22025_UNTREATED_VS_TGFB1_TREATED_CD4_TCELL_UP","39/2154","199/21355",3.81409325200151e-05,0.000153192920640092,4.56675654599428e-05
"GSE22886_TH1_VS_TH2_12H_ACT_UP","GSE22886_TH1_VS_TH2_12H_ACT_UP","39/2154","199/21355",3.81409325200151e-05,0.000153192920640092,4.56675654599428e-05
"GSE24142_DN2_VS_DN3_THYMOCYTE_ADULT_UP","GSE24142_DN2_VS_DN3_THYMOCYTE_ADULT_UP","39/2154","199/21355",3.81409325200151e-05,0.000153192920640092,4.56675654599428e-05
"GSE24142_EARLY_THYMIC_PROGENITOR_VS_DN3_THYMOCYTE_FETAL_DN","GSE24142_EARLY_THYMIC_PROGENITOR_VS_DN3_THYMOCYTE_FETAL_DN","39/2154","199/21355",3.81409325200151e-05,0.000153192920640092,4.56675654599428e-05
"GSE26488_WT_VS_HDAC7_DELTAP_TG_OT2_THYMOCYTE_WITH_PEPTIDE_INJECTION_DN","GSE26488_WT_VS_HDAC7_DELTAP_TG_OT2_THYMOCYTE_WITH_PEPTIDE_INJECTION_DN","39/2154","199/21355",3.81409325200151e-05,0.000153192920640092,4.56675654599428e-05
"GSE2706_UNSTIM_VS_8H_R848_DC_UP","GSE2706_UNSTIM_VS_8H_R848_DC_UP","39/2154","199/21355",3.81409325200151e-05,0.000153192920640092,4.56675654599428e-05
"GSE2770_IL4_ACT_VS_ACT_CD4_TCELL_48H_DN","GSE2770_IL4_ACT_VS_ACT_CD4_TCELL_48H_DN","39/2154","199/21355",3.81409325200151e-05,0.000153192920640092,4.56675654599428e-05
"GSE360_CTRL_VS_L_MAJOR_DC_DN","GSE360_CTRL_VS_L_MAJOR_DC_DN","39/2154","199/21355",3.81409325200151e-05,0.000153192920640092,4.56675654599428e-05
"GSE360_L_MAJOR_VS_B_MALAYI_HIGH_DOSE_MAC_DN","GSE360_L_MAJOR_VS_B_MALAYI_HIGH_DOSE_MAC_DN","39/2154","199/21355",3.81409325200151e-05,0.000153192920640092,4.56675654599428e-05
"GSE36078_WT_VS_IL1R_KO_LUNG_DC_AFTER_AD5_T425A_HEXON_INF_DN","GSE36078_WT_VS_IL1R_KO_LUNG_DC_AFTER_AD5_T425A_HEXON_INF_DN","39/2154","199/21355",3.81409325200151e-05,0.000153192920640092,4.56675654599428e-05
"GSE37532_TREG_VS_TCONV_PPARG_KO_CD4_TCELL_FROM_VISCERAL_ADIPOSE_TISSUE_DN","GSE37532_TREG_VS_TCONV_PPARG_KO_CD4_TCELL_FROM_VISCERAL_ADIPOSE_TISSUE_DN","39/2154","199/21355",3.81409325200151e-05,0.000153192920640092,4.56675654599428e-05
"GSE37532_WT_VS_PPARG_KO_VISCERAL_ADIPOSE_TISSUE_TCONV_UP","GSE37532_WT_VS_PPARG_KO_VISCERAL_ADIPOSE_TISSUE_TCONV_UP","39/2154","199/21355",3.81409325200151e-05,0.000153192920640092,4.56675654599428e-05
"GSE3982_DC_VS_MAC_LPS_STIM_DN","GSE3982_DC_VS_MAC_LPS_STIM_DN","39/2154","199/21355",3.81409325200151e-05,0.000153192920640092,4.56675654599428e-05
"GSE39916_B_CELL_SPLEEN_VS_PLASMA_CELL_BONE_MARROW_UP","GSE39916_B_CELL_SPLEEN_VS_PLASMA_CELL_BONE_MARROW_UP","39/2154","199/21355",3.81409325200151e-05,0.000153192920640092,4.56675654599428e-05
"GSE41176_UNSTIM_VS_ANTI_IGM_STIM_TAK1_KO_BCELL_24H_UP","GSE41176_UNSTIM_VS_ANTI_IGM_STIM_TAK1_KO_BCELL_24H_UP","39/2154","199/21355",3.81409325200151e-05,0.000153192920640092,4.56675654599428e-05
"GSE42021_CD24HI_VS_CD24LOW_TCONV_THYMUS_DN","GSE42021_CD24HI_VS_CD24LOW_TCONV_THYMUS_DN","39/2154","199/21355",3.81409325200151e-05,0.000153192920640092,4.56675654599428e-05
"GSE42021_TCONV_PLN_VS_CD24HI_TCONV_THYMUS_DN","GSE42021_TCONV_PLN_VS_CD24HI_TCONV_THYMUS_DN","39/2154","199/21355",3.81409325200151e-05,0.000153192920640092,4.56675654599428e-05
"GSE6674_ANTI_IGM_VS_ANTI_IGM_AND_CPG_STIM_BCELL_UP","GSE6674_ANTI_IGM_VS_ANTI_IGM_AND_CPG_STIM_BCELL_UP","39/2154","199/21355",3.81409325200151e-05,0.000153192920640092,4.56675654599428e-05
"GSE8621_UNSTIM_VS_LPS_STIM_MACROPHAGE_UP","GSE8621_UNSTIM_VS_LPS_STIM_MACROPHAGE_UP","39/2154","199/21355",3.81409325200151e-05,0.000153192920640092,4.56675654599428e-05
"GSE8678_IL7R_LOW_VS_HIGH_EFF_CD8_TCELL_DN","GSE8678_IL7R_LOW_VS_HIGH_EFF_CD8_TCELL_DN","39/2154","199/21355",3.81409325200151e-05,0.000153192920640092,4.56675654599428e-05
"GSE9509_LPS_VS_LPS_AND_IL10_STIM_IL10_KO_MACROPHAGE_10MIN_UP","GSE9509_LPS_VS_LPS_AND_IL10_STIM_IL10_KO_MACROPHAGE_10MIN_UP","39/2154","199/21355",3.81409325200151e-05,0.000153192920640092,4.56675654599428e-05
"GSE9960_GRAM_NEG_VS_GRAM_POS_SEPSIS_PBMC_DN","GSE9960_GRAM_NEG_VS_GRAM_POS_SEPSIS_PBMC_DN","39/2154","199/21355",3.81409325200151e-05,0.000153192920640092,4.56675654599428e-05
"GSE9960_HEALTHY_VS_GRAM_NEG_SEPSIS_PBMC_DN","GSE9960_HEALTHY_VS_GRAM_NEG_SEPSIS_PBMC_DN","39/2154","199/21355",3.81409325200151e-05,0.000153192920640092,4.56675654599428e-05
"GSE6259_DEC205_POS_DC_VS_BCELL_DN","GSE6259_DEC205_POS_DC_VS_BCELL_DN","35/2154","172/21355",4.16569238674503e-05,0.000160107227115806,4.77287543338831e-05
"GSE10239_NAIVE_VS_KLRG1INT_EFF_CD8_TCELL_DN","GSE10239_NAIVE_VS_KLRG1INT_EFF_CD8_TCELL_DN","39/2154","200/21355",4.28441344769797e-05,0.000160107227115806,4.77287543338831e-05
"GSE12003_MIR223_KO_VS_WT_BM_PROGENITOR_4D_CULTURE_UP","GSE12003_MIR223_KO_VS_WT_BM_PROGENITOR_4D_CULTURE_UP","39/2154","200/21355",4.28441344769797e-05,0.000160107227115806,4.77287543338831e-05
"GSE13484_UNSTIM_VS_YF17D_VACCINE_STIM_PBMC_DN","GSE13484_UNSTIM_VS_YF17D_VACCINE_STIM_PBMC_DN","39/2154","200/21355",4.28441344769797e-05,0.000160107227115806,4.77287543338831e-05
"GSE13738_RESTING_VS_TCR_ACTIVATED_CD4_TCELL_DN","GSE13738_RESTING_VS_TCR_ACTIVATED_CD4_TCELL_DN","39/2154","200/21355",4.28441344769797e-05,0.000160107227115806,4.77287543338831e-05
"GSE14308_TH17_VS_NATURAL_TREG_DN","GSE14308_TH17_VS_NATURAL_TREG_DN","39/2154","200/21355",4.28441344769797e-05,0.000160107227115806,4.77287543338831e-05
"GSE1460_CD4_THYMOCYTE_VS_NAIVE_CD4_TCELL_ADULT_BLOOD_DN","GSE1460_CD4_THYMOCYTE_VS_NAIVE_CD4_TCELL_ADULT_BLOOD_DN","39/2154","200/21355",4.28441344769797e-05,0.000160107227115806,4.77287543338831e-05
"GSE1460_NAIVE_CD4_TCELL_ADULT_BLOOD_VS_THYMIC_STROMAL_CELL_DN","GSE1460_NAIVE_CD4_TCELL_ADULT_BLOOD_VS_THYMIC_STROMAL_CELL_DN","39/2154","200/21355",4.28441344769797e-05,0.000160107227115806,4.77287543338831e-05
"GSE15330_MEGAKARYOCYTE_ERYTHROID_VS_GRANULOCYTE_MONOCYTE_PROGENITOR_DN","GSE15330_MEGAKARYOCYTE_ERYTHROID_VS_GRANULOCYTE_MONOCYTE_PROGENITOR_DN","39/2154","200/21355",4.28441344769797e-05,0.000160107227115806,4.77287543338831e-05
"GSE15930_NAIVE_VS_24H_IN_VITRO_STIM_CD8_TCELL_UP","GSE15930_NAIVE_VS_24H_IN_VITRO_STIM_CD8_TCELL_UP","39/2154","200/21355",4.28441344769797e-05,0.000160107227115806,4.77287543338831e-05
"GSE15930_NAIVE_VS_24H_IN_VITRO_STIM_INFAB_CD8_TCELL_UP","GSE15930_NAIVE_VS_24H_IN_VITRO_STIM_INFAB_CD8_TCELL_UP","39/2154","200/21355",4.28441344769797e-05,0.000160107227115806,4.77287543338831e-05
"GSE16451_CTRL_VS_WEST_EQUINE_ENC_VIRUS_IMMATURE_NEURON_CELL_LINE_UP","GSE16451_CTRL_VS_WEST_EQUINE_ENC_VIRUS_IMMATURE_NEURON_CELL_LINE_UP","39/2154","200/21355",4.28441344769797e-05,0.000160107227115806,4.77287543338831e-05
"GSE16451_CTRL_VS_WEST_EQUINE_ENC_VIRUS_MATURE_NEURON_CELL_LINE_DN","GSE16451_CTRL_VS_WEST_EQUINE_ENC_VIRUS_MATURE_NEURON_CELL_LINE_DN","39/2154","200/21355",4.28441344769797e-05,0.000160107227115806,4.77287543338831e-05
"GSE17186_CD21LOW_VS_CD21HIGH_TRANSITIONAL_BCELL_CORD_BLOOD_DN","GSE17186_CD21LOW_VS_CD21HIGH_TRANSITIONAL_BCELL_CORD_BLOOD_DN","39/2154","200/21355",4.28441344769797e-05,0.000160107227115806,4.77287543338831e-05
"GSE17580_TREG_VS_TEFF_S_MANSONI_INF_DN","GSE17580_TREG_VS_TEFF_S_MANSONI_INF_DN","39/2154","200/21355",4.28441344769797e-05,0.000160107227115806,4.77287543338831e-05
"GSE17580_UNINFECTED_VS_S_MANSONI_INF_TEFF_UP","GSE17580_UNINFECTED_VS_S_MANSONI_INF_TEFF_UP","39/2154","200/21355",4.28441344769797e-05,0.000160107227115806,4.77287543338831e-05
"GSE17721_0.5H_VS_8H_PAM3CSK4_BMDC_UP","GSE17721_0.5H_VS_8H_PAM3CSK4_BMDC_UP","39/2154","200/21355",4.28441344769797e-05,0.000160107227115806,4.77287543338831e-05
"GSE17721_LPS_VS_GARDIQUIMOD_16H_BMDC_DN","GSE17721_LPS_VS_GARDIQUIMOD_16H_BMDC_DN","39/2154","200/21355",4.28441344769797e-05,0.000160107227115806,4.77287543338831e-05
"GSE17721_PAM3CSK4_VS_CPG_6H_BMDC_UP","GSE17721_PAM3CSK4_VS_CPG_6H_BMDC_UP","39/2154","200/21355",4.28441344769797e-05,0.000160107227115806,4.77287543338831e-05
"GSE17721_PAM3CSK4_VS_GADIQUIMOD_1H_BMDC_DN","GSE17721_PAM3CSK4_VS_GADIQUIMOD_1H_BMDC_DN","39/2154","200/21355",4.28441344769797e-05,0.000160107227115806,4.77287543338831e-05
"GSE17721_PAM3CSK4_VS_GADIQUIMOD_4H_BMDC_DN","GSE17721_PAM3CSK4_VS_GADIQUIMOD_4H_BMDC_DN","39/2154","200/21355",4.28441344769797e-05,0.000160107227115806,4.77287543338831e-05
"GSE19401_NAIVE_VS_IMMUNIZED_MOUSE_PLN_FOLLICULAR_DC_DN","GSE19401_NAIVE_VS_IMMUNIZED_MOUSE_PLN_FOLLICULAR_DC_DN","39/2154","200/21355",4.28441344769797e-05,0.000160107227115806,4.77287543338831e-05
"GSE19888_ADENOSINE_A3R_ACT_VS_TCELL_MEMBRANES_ACT_IN_MAST_CELL_UP","GSE19888_ADENOSINE_A3R_ACT_VS_TCELL_MEMBRANES_ACT_IN_MAST_CELL_UP","39/2154","200/21355",4.28441344769797e-05,0.000160107227115806,4.77287543338831e-05
"GSE19923_WT_VS_HEB_AND_E2A_KO_DP_THYMOCYTE_DN","GSE19923_WT_VS_HEB_AND_E2A_KO_DP_THYMOCYTE_DN","39/2154","200/21355",4.28441344769797e-05,0.000160107227115806,4.77287543338831e-05
"GSE20198_IL12_VS_IL12_IL18_TREATED_ACT_CD4_TCELL_DN","GSE20198_IL12_VS_IL12_IL18_TREATED_ACT_CD4_TCELL_DN","39/2154","200/21355",4.28441344769797e-05,0.000160107227115806,4.77287543338831e-05
"GSE21379_TFH_VS_NON_TFH_SAP_KO_CD4_TCELL_UP","GSE21379_TFH_VS_NON_TFH_SAP_KO_CD4_TCELL_UP","39/2154","200/21355",4.28441344769797e-05,0.000160107227115806,4.77287543338831e-05
"GSE21546_WT_VS_SAP1A_KO_AND_ELK1_KO_DP_THYMOCYTES_UP","GSE21546_WT_VS_SAP1A_KO_AND_ELK1_KO_DP_THYMOCYTES_UP","39/2154","200/21355",4.28441344769797e-05,0.000160107227115806,4.77287543338831e-05
"GSE21774_CD62L_POS_CD56_BRIGHT_VS_CD62L_NEG_CD56_DIM_NK_CELL_DN","GSE21774_CD62L_POS_CD56_BRIGHT_VS_CD62L_NEG_CD56_DIM_NK_CELL_DN","39/2154","200/21355",4.28441344769797e-05,0.000160107227115806,4.77287543338831e-05
"GSE22886_CTRL_VS_LPS_24H_DC_DN","GSE22886_CTRL_VS_LPS_24H_DC_DN","39/2154","200/21355",4.28441344769797e-05,0.000160107227115806,4.77287543338831e-05
"GSE22886_DAY1_VS_DAY7_MONOCYTE_IN_CULTURE_DN","GSE22886_DAY1_VS_DAY7_MONOCYTE_IN_CULTURE_DN","39/2154","200/21355",4.28441344769797e-05,0.000160107227115806,4.77287543338831e-05
"GSE22886_IGG_IGA_MEMORY_BCELL_VS_BM_PLASMA_CELL_UP","GSE22886_IGG_IGA_MEMORY_BCELL_VS_BM_PLASMA_CELL_UP","39/2154","200/21355",4.28441344769797e-05,0.000160107227115806,4.77287543338831e-05
"GSE23308_CTRL_VS_CORTICOSTERONE_TREATED_MACROPHAGE_DN","GSE23308_CTRL_VS_CORTICOSTERONE_TREATED_MACROPHAGE_DN","39/2154","200/21355",4.28441344769797e-05,0.000160107227115806,4.77287543338831e-05
"GSE23321_CENTRAL_VS_EFFECTOR_MEMORY_CD8_TCELL_UP","GSE23321_CENTRAL_VS_EFFECTOR_MEMORY_CD8_TCELL_UP","39/2154","200/21355",4.28441344769797e-05,0.000160107227115806,4.77287543338831e-05
"GSE2405_S_AUREUS_VS_A_PHAGOCYTOPHILUM_NEUTROPHIL_UP","GSE2405_S_AUREUS_VS_A_PHAGOCYTOPHILUM_NEUTROPHIL_UP","39/2154","200/21355",4.28441344769797e-05,0.000160107227115806,4.77287543338831e-05
"GSE24574_BCL6_HIGH_TFH_VS_NAIVE_CD4_TCELL_DN","GSE24574_BCL6_HIGH_TFH_VS_NAIVE_CD4_TCELL_DN","39/2154","200/21355",4.28441344769797e-05,0.000160107227115806,4.77287543338831e-05
"GSE25088_IL4_VS_IL4_AND_ROSIGLITAZONE_STIM_MACROPHAGE_DAY10_UP","GSE25088_IL4_VS_IL4_AND_ROSIGLITAZONE_STIM_MACROPHAGE_DAY10_UP","39/2154","200/21355",4.28441344769797e-05,0.000160107227115806,4.77287543338831e-05
"GSE26343_WT_VS_NFAT5_KO_MACROPHAGE_UP","GSE26343_WT_VS_NFAT5_KO_MACROPHAGE_UP","39/2154","200/21355",4.28441344769797e-05,0.000160107227115806,4.77287543338831e-05
"GSE28726_NAIVE_CD4_TCELL_VS_NAIVE_NKTCELL_DN","GSE28726_NAIVE_CD4_TCELL_VS_NAIVE_NKTCELL_DN","39/2154","200/21355",4.28441344769797e-05,0.000160107227115806,4.77287543338831e-05
"GSE28726_NAIVE_CD4_TCELL_VS_NAIVE_VA24NEG_NKTCELL_UP","GSE28726_NAIVE_CD4_TCELL_VS_NAIVE_VA24NEG_NKTCELL_UP","39/2154","200/21355",4.28441344769797e-05,0.000160107227115806,4.77287543338831e-05
"GSE28726_NAIVE_VS_ACTIVATED_NKTCELL_DN","GSE28726_NAIVE_VS_ACTIVATED_NKTCELL_DN","39/2154","200/21355",4.28441344769797e-05,0.000160107227115806,4.77287543338831e-05
"GSE28737_WT_VS_BCL6_KO_FOLLICULAR_BCELL_DN","GSE28737_WT_VS_BCL6_KO_FOLLICULAR_BCELL_DN","39/2154","200/21355",4.28441344769797e-05,0.000160107227115806,4.77287543338831e-05
"GSE29164_UNTREATED_VS_CD8_TCELL_AND_IL12_TREATED_MELANOMA_DAY7_DN","GSE29164_UNTREATED_VS_CD8_TCELL_AND_IL12_TREATED_MELANOMA_DAY7_DN","39/2154","200/21355",4.28441344769797e-05,0.000160107227115806,4.77287543338831e-05
"GSE29949_CD8_NEG_DC_SPLEEN_VS_DC_BRAIN_DN","GSE29949_CD8_NEG_DC_SPLEEN_VS_DC_BRAIN_DN","39/2154","200/21355",4.28441344769797e-05,0.000160107227115806,4.77287543338831e-05
"GSE30962_ACUTE_VS_CHRONIC_LCMV_PRIMARY_INF_CD8_TCELL_UP","GSE30962_ACUTE_VS_CHRONIC_LCMV_PRIMARY_INF_CD8_TCELL_UP","39/2154","200/21355",4.28441344769797e-05,0.000160107227115806,4.77287543338831e-05
"GSE30962_ACUTE_VS_CHRONIC_LCMV_SECONDARY_INF_CD8_TCELL_DN","GSE30962_ACUTE_VS_CHRONIC_LCMV_SECONDARY_INF_CD8_TCELL_DN","39/2154","200/21355",4.28441344769797e-05,0.000160107227115806,4.77287543338831e-05
"GSE30971_2H_VS_4H_LPS_STIM_MACROPHAGE_WBP7_KO_DN","GSE30971_2H_VS_4H_LPS_STIM_MACROPHAGE_WBP7_KO_DN","39/2154","200/21355",4.28441344769797e-05,0.000160107227115806,4.77287543338831e-05
"GSE31622_WT_VS_KLF3_KO_BCELL_DN","GSE31622_WT_VS_KLF3_KO_BCELL_DN","39/2154","200/21355",4.28441344769797e-05,0.000160107227115806,4.77287543338831e-05
"GSE32164_RESTING_DIFFERENTIATED_VS_ALTERNATIVELY_ACT_M2_MACROPHAGE_UP","GSE32164_RESTING_DIFFERENTIATED_VS_ALTERNATIVELY_ACT_M2_MACROPHAGE_UP","39/2154","200/21355",4.28441344769797e-05,0.000160107227115806,4.77287543338831e-05
"GSE32423_IL7_VS_IL7_IL4_MEMORY_CD8_TCELL_UP","GSE32423_IL7_VS_IL7_IL4_MEMORY_CD8_TCELL_UP","39/2154","200/21355",4.28441344769797e-05,0.000160107227115806,4.77287543338831e-05
"GSE32533_MIR17_KO_VS_MIR17_OVEREXPRESS_ACT_CD4_TCELL_UP","GSE32533_MIR17_KO_VS_MIR17_OVEREXPRESS_ACT_CD4_TCELL_UP","39/2154","200/21355",4.28441344769797e-05,0.000160107227115806,4.77287543338831e-05
"GSE33162_HDAC3_KO_VS_HDAC3_KO_4H_LPS_STIM_MACROPHAGE_UP","GSE33162_HDAC3_KO_VS_HDAC3_KO_4H_LPS_STIM_MACROPHAGE_UP","39/2154","200/21355",4.28441344769797e-05,0.000160107227115806,4.77287543338831e-05
"GSE33425_CD161_HIGH_VS_INT_CD8_TCELL_UP","GSE33425_CD161_HIGH_VS_INT_CD8_TCELL_UP","39/2154","200/21355",4.28441344769797e-05,0.000160107227115806,4.77287543338831e-05
"GSE339_CD8POS_VS_CD4CD8DN_DC_UP","GSE339_CD8POS_VS_CD4CD8DN_DC_UP","39/2154","200/21355",4.28441344769797e-05,0.000160107227115806,4.77287543338831e-05
"GSE360_CTRL_VS_B_MALAYI_HIGH_DOSE_MAC_DN","GSE360_CTRL_VS_B_MALAYI_HIGH_DOSE_MAC_DN","39/2154","200/21355",4.28441344769797e-05,0.000160107227115806,4.77287543338831e-05
"GSE360_CTRL_VS_M_TUBERCULOSIS_DC_DN","GSE360_CTRL_VS_M_TUBERCULOSIS_DC_DN","39/2154","200/21355",4.28441344769797e-05,0.000160107227115806,4.77287543338831e-05
"GSE36392_TYPE_2_MYELOID_VS_EOSINOPHIL_IL25_TREATED_LUNG_DN","GSE36392_TYPE_2_MYELOID_VS_EOSINOPHIL_IL25_TREATED_LUNG_DN","39/2154","200/21355",4.28441344769797e-05,0.000160107227115806,4.77287543338831e-05
"GSE36476_CTRL_VS_TSST_ACT_40H_MEMORY_CD4_TCELL_OLD_DN","GSE36476_CTRL_VS_TSST_ACT_40H_MEMORY_CD4_TCELL_OLD_DN","39/2154","200/21355",4.28441344769797e-05,0.000160107227115806,4.77287543338831e-05
"GSE36476_CTRL_VS_TSST_ACT_40H_MEMORY_CD4_TCELL_YOUNG_DN","GSE36476_CTRL_VS_TSST_ACT_40H_MEMORY_CD4_TCELL_YOUNG_DN","39/2154","200/21355",4.28441344769797e-05,0.000160107227115806,4.77287543338831e-05
"GSE36527_CD69_NEG_VS_POS_TREG_CD62L_LOS_KLRG1_NEG_DN","GSE36527_CD69_NEG_VS_POS_TREG_CD62L_LOS_KLRG1_NEG_DN","39/2154","200/21355",4.28441344769797e-05,0.000160107227115806,4.77287543338831e-05
"GSE369_PRE_VS_POST_IL6_INJECTION_IFNG_WT_LIVER_DN","GSE369_PRE_VS_POST_IL6_INJECTION_IFNG_WT_LIVER_DN","39/2154","200/21355",4.28441344769797e-05,0.000160107227115806,4.77287543338831e-05
"GSE37301_RAG2_KO_VS_RAG2_AND_ETS1_KO_NK_CELL_UP","GSE37301_RAG2_KO_VS_RAG2_AND_ETS1_KO_NK_CELL_UP","39/2154","200/21355",4.28441344769797e-05,0.000160107227115806,4.77287543338831e-05
"GSE38304_MYC_NEG_VS_POS_GC_BCELL_UP","GSE38304_MYC_NEG_VS_POS_GC_BCELL_UP","39/2154","200/21355",4.28441344769797e-05,0.000160107227115806,4.77287543338831e-05
"GSE39152_BRAIN_VS_SPLEEN_CD103_NEG_MEMORY_CD8_TCELL_UP","GSE39152_BRAIN_VS_SPLEEN_CD103_NEG_MEMORY_CD8_TCELL_UP","39/2154","200/21355",4.28441344769797e-05,0.000160107227115806,4.77287543338831e-05
"GSE39382_IL3_VS_IL3_IL33_TREATED_MAST_CELL_UP","GSE39382_IL3_VS_IL3_IL33_TREATED_MAST_CELL_UP","39/2154","200/21355",4.28441344769797e-05,0.000160107227115806,4.77287543338831e-05
"GSE3982_BCELL_VS_BASOPHIL_DN","GSE3982_BCELL_VS_BASOPHIL_DN","39/2154","200/21355",4.28441344769797e-05,0.000160107227115806,4.77287543338831e-05
"GSE3982_CTRL_VS_LPS_48H_DC_DN","GSE3982_CTRL_VS_LPS_48H_DC_DN","39/2154","200/21355",4.28441344769797e-05,0.000160107227115806,4.77287543338831e-05
"GSE3982_DC_VS_NEUTROPHIL_UP","GSE3982_DC_VS_NEUTROPHIL_UP","39/2154","200/21355",4.28441344769797e-05,0.000160107227115806,4.77287543338831e-05
"GSE3982_EOSINOPHIL_VS_DC_DN","GSE3982_EOSINOPHIL_VS_DC_DN","39/2154","200/21355",4.28441344769797e-05,0.000160107227115806,4.77287543338831e-05
"GSE39820_CTRL_VS_TGFBETA3_IL6_CD4_TCELL_DN","GSE39820_CTRL_VS_TGFBETA3_IL6_CD4_TCELL_DN","39/2154","200/21355",4.28441344769797e-05,0.000160107227115806,4.77287543338831e-05
"GSE40068_BCL6_POS_VS_NEG_CXCR5_POS_TFH_UP","GSE40068_BCL6_POS_VS_NEG_CXCR5_POS_TFH_UP","39/2154","200/21355",4.28441344769797e-05,0.000160107227115806,4.77287543338831e-05
"GSE42021_CD24HI_TREG_VS_CD24HI_TCONV_THYMUS_UP","GSE42021_CD24HI_TREG_VS_CD24HI_TCONV_THYMUS_UP","39/2154","200/21355",4.28441344769797e-05,0.000160107227115806,4.77287543338831e-05
"GSE42724_MEMORY_BCELL_VS_PLASMABLAST_DN","GSE42724_MEMORY_BCELL_VS_PLASMABLAST_DN","39/2154","200/21355",4.28441344769797e-05,0.000160107227115806,4.77287543338831e-05
"GSE42724_NAIVE_VS_MEMORY_BCELL_DN","GSE42724_NAIVE_VS_MEMORY_BCELL_DN","39/2154","200/21355",4.28441344769797e-05,0.000160107227115806,4.77287543338831e-05
"GSE43955_TH0_VS_TGFB_IL6_TH17_ACT_CD4_TCELL_1H_UP","GSE43955_TH0_VS_TGFB_IL6_TH17_ACT_CD4_TCELL_1H_UP","39/2154","200/21355",4.28441344769797e-05,0.000160107227115806,4.77287543338831e-05
"GSE43955_TH0_VS_TGFB_IL6_TH17_ACT_CD4_TCELL_4H_DN","GSE43955_TH0_VS_TGFB_IL6_TH17_ACT_CD4_TCELL_4H_DN","39/2154","200/21355",4.28441344769797e-05,0.000160107227115806,4.77287543338831e-05
"GSE43955_TH0_VS_TGFB_IL6_TH17_ACT_CD4_TCELL_4H_UP","GSE43955_TH0_VS_TGFB_IL6_TH17_ACT_CD4_TCELL_4H_UP","39/2154","200/21355",4.28441344769797e-05,0.000160107227115806,4.77287543338831e-05
"GSE43957_UNTREATED_VS_NACL_TREATED_ANTI_CD3_CD28_STIM_CD4_TCELL_DN","GSE43957_UNTREATED_VS_NACL_TREATED_ANTI_CD3_CD28_STIM_CD4_TCELL_DN","39/2154","200/21355",4.28441344769797e-05,0.000160107227115806,4.77287543338831e-05
"GSE46606_UNSTIM_VS_CD40L_IL2_IL5_1DAY_STIMULATED_IRF4MID_SORTED_BCELL_UP","GSE46606_UNSTIM_VS_CD40L_IL2_IL5_1DAY_STIMULATED_IRF4MID_SORTED_BCELL_UP","39/2154","200/21355",4.28441344769797e-05,0.000160107227115806,4.77287543338831e-05
"GSE46606_UNSTIM_VS_CD40L_IL2_IL5_3DAY_STIMULATED_IRF4MID_SORTED_BCELL_DN","GSE46606_UNSTIM_VS_CD40L_IL2_IL5_3DAY_STIMULATED_IRF4MID_SORTED_BCELL_DN","39/2154","200/21355",4.28441344769797e-05,0.000160107227115806,4.77287543338831e-05
"GSE5142_HTERT_TRANSDUCED_VS_CTRL_CD8_TCELL_LATE_PASSAGE_CLONE_UP","GSE5142_HTERT_TRANSDUCED_VS_CTRL_CD8_TCELL_LATE_PASSAGE_CLONE_UP","39/2154","200/21355",4.28441344769797e-05,0.000160107227115806,4.77287543338831e-05
"GSE557_CIITA_KO_VS_I_AB_KO_DC_UP","GSE557_CIITA_KO_VS_I_AB_KO_DC_UP","39/2154","200/21355",4.28441344769797e-05,0.000160107227115806,4.77287543338831e-05
"GSE5589_LPS_AND_IL10_VS_LPS_AND_IL6_STIM_IL6_KO_MACROPHAGE_45MIN_UP","GSE5589_LPS_AND_IL10_VS_LPS_AND_IL6_STIM_IL6_KO_MACROPHAGE_45MIN_UP","39/2154","200/21355",4.28441344769797e-05,0.000160107227115806,4.77287543338831e-05
"GSE7460_CTRL_VS_TGFB_TREATED_ACT_CD8_TCELL_DN","GSE7460_CTRL_VS_TGFB_TREATED_ACT_CD8_TCELL_DN","39/2154","200/21355",4.28441344769797e-05,0.000160107227115806,4.77287543338831e-05
"GSE7460_CTRL_VS_TGFB_TREATED_ACT_FOXP3_HET_TCONV_DN","GSE7460_CTRL_VS_TGFB_TREATED_ACT_FOXP3_HET_TCONV_DN","39/2154","200/21355",4.28441344769797e-05,0.000160107227115806,4.77287543338831e-05
"GSE7460_TCONV_VS_TREG_THYMUS_DN","GSE7460_TCONV_VS_TREG_THYMUS_DN","39/2154","200/21355",4.28441344769797e-05,0.000160107227115806,4.77287543338831e-05
"GSE7460_TCONV_VS_TREG_THYMUS_UP","GSE7460_TCONV_VS_TREG_THYMUS_UP","39/2154","200/21355",4.28441344769797e-05,0.000160107227115806,4.77287543338831e-05
"GSE7548_NAIVE_VS_DAY7_PCC_IMMUNIZATION_CD4_TCELL_UP","GSE7548_NAIVE_VS_DAY7_PCC_IMMUNIZATION_CD4_TCELL_UP","39/2154","200/21355",4.28441344769797e-05,0.000160107227115806,4.77287543338831e-05
"GSE7764_NKCELL_VS_SPLENOCYTE_DN","GSE7764_NKCELL_VS_SPLENOCYTE_DN","39/2154","200/21355",4.28441344769797e-05,0.000160107227115806,4.77287543338831e-05
"GSE7831_UNSTIM_VS_CPG_STIM_PDC_4H_DN","GSE7831_UNSTIM_VS_CPG_STIM_PDC_4H_DN","39/2154","200/21355",4.28441344769797e-05,0.000160107227115806,4.77287543338831e-05
"GSE7852_TREG_VS_TCONV_DN","GSE7852_TREG_VS_TCONV_DN","39/2154","200/21355",4.28441344769797e-05,0.000160107227115806,4.77287543338831e-05
"GSE8835_CD4_VS_CD8_TCELL_CLL_PATIENT_UP","GSE8835_CD4_VS_CD8_TCELL_CLL_PATIENT_UP","39/2154","200/21355",4.28441344769797e-05,0.000160107227115806,4.77287543338831e-05
"GSE8835_HEALTHY_VS_CLL_CD8_TCELL_UP","GSE8835_HEALTHY_VS_CLL_CD8_TCELL_UP","39/2154","200/21355",4.28441344769797e-05,0.000160107227115806,4.77287543338831e-05
"GSE8868_SPLEEN_VS_INTESTINE_CD11B_POS_CD11C_NEG_DC_DN","GSE8868_SPLEEN_VS_INTESTINE_CD11B_POS_CD11C_NEG_DC_DN","39/2154","200/21355",4.28441344769797e-05,0.000160107227115806,4.77287543338831e-05
"GSE9037_CTRL_VS_LPS_4H_STIM_BMDM_UP","GSE9037_CTRL_VS_LPS_4H_STIM_BMDM_UP","39/2154","200/21355",4.28441344769797e-05,0.000160107227115806,4.77287543338831e-05
"GSE17974_0H_VS_72H_IN_VITRO_ACT_CD4_TCELL_UP","GSE17974_0H_VS_72H_IN_VITRO_ACT_CD4_TCELL_UP","38/2154","193/21355",4.28685300061683e-05,0.000160107227115806,4.77287543338831e-05
"GSE4984_GALECTIN1_VS_VEHICLE_CTRL_TREATED_DC_UP","GSE4984_GALECTIN1_VS_VEHICLE_CTRL_TREATED_DC_UP","38/2154","193/21355",4.28685300061683e-05,0.000160107227115806,4.77287543338831e-05
"GSE10147_IL3_AND_HIVP17_VS_IL3_AND_CPG_STIM_PDC_DN","GSE10147_IL3_AND_HIVP17_VS_IL3_AND_CPG_STIM_PDC_DN","32/2154","152/21355",4.37318888243776e-05,0.000163212516466454,4.86544564100643e-05
"GSE34156_UNTREATED_VS_6H_NOD2_AND_TLR1_TLR2_LIGAND_TREATED_MONOCYTE_DN","GSE34156_UNTREATED_VS_6H_NOD2_AND_TLR1_TLR2_LIGAND_TREATED_MONOCYTE_DN","33/2154","159/21355",4.52100399227837e-05,0.000168606078865932,5.02623039718921e-05
"GSE40274_CTRL_VS_FOXP3_AND_SATB1_TRANSDUCED_ACTIVATED_CD4_TCELL_UP","GSE40274_CTRL_VS_FOXP3_AND_SATB1_TRANSDUCED_ACTIVATED_CD4_TCELL_UP","34/2154","166/21355",4.63728288277908e-05,0.000172816526090739,5.15174590629439e-05
"GSE40274_IRF4_VS_FOXP3_AND_IRF4_TRANSDUCED_ACTIVATED_CD4_TCELL_UP","GSE40274_IRF4_VS_FOXP3_AND_IRF4_TRANSDUCED_ACTIVATED_CD4_TCELL_UP","36/2154","180/21355",4.78151114731132e-05,0.000178061664211236,5.30810606149177e-05
"GSE13547_CTRL_VS_ANTI_IGM_STIM_BCELL_12H_UP","GSE13547_CTRL_VS_ANTI_IGM_STIM_BCELL_12H_UP","37/2154","187/21355",4.81330948443299e-05,0.000179115366767874,5.33951745457671e-05
"GSE21927_SPLEEN_VS_BONE_MARROW_MONOCYTE_BALBC_DN","GSE21927_SPLEEN_VS_BONE_MARROW_MONOCYTE_BALBC_DN","38/2154","194/21355",4.82106888018859e-05,0.000179143351630845,5.34035169714893e-05
"GSE43863_NAIVE_VS_TH1_EFF_CD4_TCELL_D6_LCMV_UP","GSE43863_NAIVE_VS_TH1_EFF_CD4_TCELL_D6_LCMV_UP","38/2154","194/21355",4.82106888018859e-05,0.000179143351630845,5.34035169714893e-05
"GSE21033_3H_VS_24H_POLYIC_STIM_DC_UP","GSE21033_3H_VS_24H_POLYIC_STIM_DC_UP","34/2154","167/21355",5.26717103412607e-05,0.000195294021011506,5.82181111973937e-05
"GSE3920_IFNB_VS_IFNG_TREATED_ENDOTHELIAL_CELL_UP","GSE3920_IFNB_VS_IFNG_TREATED_ENDOTHELIAL_CELL_UP","34/2154","167/21355",5.26717103412607e-05,0.000195294021011506,5.82181111973937e-05
"GSE7568_CTRL_VS_3H_TGFB_TREATED_MACROPHAGES_WITH_IL4_AND_DEXAMETHASONE_DN","GSE7568_CTRL_VS_3H_TGFB_TREATED_MACROPHAGES_WITH_IL4_AND_DEXAMETHASONE_DN","34/2154","167/21355",5.26717103412607e-05,0.000195294021011506,5.82181111973937e-05
"GSE22611_UNSTIM_VS_6H_MDP_STIM_MUTANT_NOD2_TRANSDUCED_HEK293T_CELL_DN","GSE22611_UNSTIM_VS_6H_MDP_STIM_MUTANT_NOD2_TRANSDUCED_HEK293T_CELL_DN","38/2154","195/21355",5.41517450013843e-05,0.000200345783062285,5.97240663889135e-05
"GSE30971_CTRL_VS_LPS_STIM_MACROPHAGE_WBP7_HET_2H_UP","GSE30971_CTRL_VS_LPS_STIM_MACROPHAGE_WBP7_HET_2H_UP","38/2154","195/21355",5.41517450013843e-05,0.000200345783062285,5.97240663889135e-05
"GSE3982_EOSINOPHIL_VS_TH1_UP","GSE3982_EOSINOPHIL_VS_TH1_UP","38/2154","195/21355",5.41517450013843e-05,0.000200345783062285,5.97240663889135e-05
"GSE24671_CTRL_VS_SENDAI_VIRUS_INFECTED_MOUSE_SPLENOCYTES_UP","GSE24671_CTRL_VS_SENDAI_VIRUS_INFECTED_MOUSE_SPLENOCYTES_UP","33/2154","161/21355",5.86323604977952e-05,0.000216765914118024,6.46189884696179e-05
"GSE27859_MACROPHAGE_VS_DC_UP","GSE27859_MACROPHAGE_VS_DC_UP","34/2154","168/21355",5.97363544867453e-05,0.000220687847175382,6.57881360638935e-05
"GSE15271_CXCR4_POS_VS_NEG_GC_BCELL_UP","GSE15271_CXCR4_POS_VS_NEG_GC_BCELL_UP","35/2154","175/21355",6.04719240474259e-05,0.000222922096362285,6.64541767697588e-05
"GSE27859_MACROPHAGE_VS_CD11C_INT_F480_HI_MACROPHAGE_UP","GSE27859_MACROPHAGE_VS_CD11C_INT_F480_HI_MACROPHAGE_UP","35/2154","175/21355",6.04719240474259e-05,0.000222922096362285,6.64541767697588e-05
"GSE4590_SMALL_VS_LARGE_PRE_BCELL_UP","GSE4590_SMALL_VS_LARGE_PRE_BCELL_UP","35/2154","175/21355",6.04719240474259e-05,0.000222922096362285,6.64541767697588e-05
"GSE19401_UNSTIM_VS_RETINOIC_ACID_STIM_FOLLICULAR_DC_DN","GSE19401_UNSTIM_VS_RETINOIC_ACID_STIM_FOLLICULAR_DC_DN","38/2154","196/21355",6.07508295774099e-05,0.000223145827319897,6.6520872072058e-05
"GSE27241_CTRL_VS_DIGOXIN_TREATED_CD4_TCELL_IN_TH17_POLARIZING_CONDITIONS_DN","GSE27241_CTRL_VS_DIGOXIN_TREATED_CD4_TCELL_IN_TH17_POLARIZING_CONDITIONS_DN","38/2154","196/21355",6.07508295774099e-05,0.000223145827319897,6.6520872072058e-05
"GSE30971_CTRL_VS_LPS_STIM_MACROPHAGE_WBP7_KO_4H_UP","GSE30971_CTRL_VS_LPS_STIM_MACROPHAGE_WBP7_KO_4H_UP","38/2154","196/21355",6.07508295774099e-05,0.000223145827319897,6.6520872072058e-05
"GSE9960_HEALTHY_VS_GRAM_NEG_AND_POS_SEPSIS_PBMC_DN","GSE9960_HEALTHY_VS_GRAM_NEG_AND_POS_SEPSIS_PBMC_DN","38/2154","196/21355",6.07508295774099e-05,0.000223145827319897,6.6520872072058e-05
"GSE9988_LOW_LPS_VS_ANTI_TREM1_AND_LPS_MONOCYTE_DN","GSE9988_LOW_LPS_VS_ANTI_TREM1_AND_LPS_MONOCYTE_DN","38/2154","196/21355",6.07508295774099e-05,0.000223145827319897,6.6520872072058e-05
"GSE6259_CD4_TCELL_VS_CD8_TCELL_DN","GSE6259_CD4_TCELL_VS_CD8_TCELL_DN","36/2154","182/21355",6.0866668576504e-05,0.000223410822994734,6.65998685901521e-05
"NAKAYA_PBMC_FLUARIX_FLUVIRIN_AGE_18_50YO_CORRELATED_WITH_HAI_28DY_RESPONSE_AT_7DY_POSITIVE","NAKAYA_PBMC_FLUARIX_FLUVIRIN_AGE_18_50YO_CORRELATED_WITH_HAI_28DY_RESPONSE_AT_7DY_POSITIVE","33/2154","162/21355",6.66131777789893e-05,0.000244327961251056,7.28353707045054e-05
"ERWIN_COHEN_BLOOD_VACCINE_TC_83_AGE_23_48YO_VACCINATED_VS_CONTROL_7DY_UP","ERWIN_COHEN_BLOOD_VACCINE_TC_83_AGE_23_48YO_VACCINATED_VS_CONTROL_7DY_UP","19/2154","72/21355",6.73996494097031e-05,0.000247035417513844,7.36424767743823e-05
"GSE10325_BCELL_VS_MYELOID_UP","GSE10325_BCELL_VS_MYELOID_UP","38/2154","197/21355",6.80720396802306e-05,0.000248077219447626,7.39530430708436e-05
"GSE11864_CSF1_IFNG_VS_CSF1_IFNG_PAM3CYS_IN_MAC_UP","GSE11864_CSF1_IFNG_VS_CSF1_IFNG_PAM3CYS_IN_MAC_UP","38/2154","197/21355",6.80720396802306e-05,0.000248077219447626,7.39530430708436e-05
"GSE11864_CSF1_VS_CSF1_PAM3CYS_IN_MAC_UP","GSE11864_CSF1_VS_CSF1_PAM3CYS_IN_MAC_UP","38/2154","197/21355",6.80720396802306e-05,0.000248077219447626,7.39530430708436e-05
"GSE20500_CTRL_VS_RETINOIC_ACID_TREATED_CD4_TCELL_DN","GSE20500_CTRL_VS_RETINOIC_ACID_TREATED_CD4_TCELL_DN","38/2154","197/21355",6.80720396802306e-05,0.000248077219447626,7.39530430708436e-05
"GSE30971_WBP7_HET_VS_KO_MACROPHAGE_4H_LPS_STIM_DN","GSE30971_WBP7_HET_VS_KO_MACROPHAGE_4H_LPS_STIM_DN","38/2154","197/21355",6.80720396802306e-05,0.000248077219447626,7.39530430708436e-05
"GSE3982_CTRL_VS_PMA_STIM_EOSINOPHIL_UP","GSE3982_CTRL_VS_PMA_STIM_EOSINOPHIL_UP","38/2154","197/21355",6.80720396802306e-05,0.000248077219447626,7.39530430708436e-05
"GSE3982_EFF_MEMORY_CD4_TCELL_VS_NKCELL_DN","GSE3982_EFF_MEMORY_CD4_TCELL_VS_NKCELL_DN","38/2154","197/21355",6.80720396802306e-05,0.000248077219447626,7.39530430708436e-05
"GSE41176_UNSTIM_VS_ANTI_IGM_STIM_BCELL_3H_DN","GSE41176_UNSTIM_VS_ANTI_IGM_STIM_BCELL_3H_DN","38/2154","197/21355",6.80720396802306e-05,0.000248077219447626,7.39530430708436e-05
"GSE37301_HEMATOPOIETIC_STEM_CELL_VS_RAG2_KO_NK_CELL_DN","GSE37301_HEMATOPOIETIC_STEM_CELL_VS_RAG2_KO_NK_CELL_DN","36/2154","183/21355",6.8535684679232e-05,0.000249588999832559,7.44037122623542e-05
"SCHERER_PBMC_APSV_WETVAX_AGE_18_40YO_JOINT_TO_VACCINIA_AND_YELLOW_FEVER_UP","SCHERER_PBMC_APSV_WETVAX_AGE_18_40YO_JOINT_TO_VACCINIA_AND_YELLOW_FEVER_UP","16/2154","55/21355",7.02145756295362e-05,0.00025533934935549,7.61179198259852e-05
"SCHERER_PBMC_YF_VAX_AGE_18_40YO_JOINT_TO_VACCINIA_AND_YELLOW_FEVER_UP","SCHERER_PBMC_YF_VAX_AGE_18_40YO_JOINT_TO_VACCINIA_AND_YELLOW_FEVER_UP","16/2154","55/21355",7.02145756295362e-05,0.00025533934935549,7.61179198259852e-05
"GSE11057_NAIVE_VS_EFF_MEMORY_CD4_TCELL_UP","GSE11057_NAIVE_VS_EFF_MEMORY_CD4_TCELL_UP","38/2154","198/21355",7.61847704166084e-05,0.000274705734231396,8.18911347065912e-05
"GSE19198_CTRL_VS_IL21_TREATED_TCELL_6H_DN","GSE19198_CTRL_VS_IL21_TREATED_TCELL_6H_DN","38/2154","198/21355",7.61847704166084e-05,0.000274705734231396,8.18911347065912e-05
"GSE19941_LPS_VS_LPS_AND_IL10_STIM_IL10_KO_NFKBP50_KO_MACROPHAGE_UP","GSE19941_LPS_VS_LPS_AND_IL10_STIM_IL10_KO_NFKBP50_KO_MACROPHAGE_UP","38/2154","198/21355",7.61847704166084e-05,0.000274705734231396,8.18911347065912e-05
"GSE22611_UNSTIM_VS_6H_MDP_STIM_MUTANT_NOD2_TRANSDUCED_HEK293T_CELL_UP","GSE22611_UNSTIM_VS_6H_MDP_STIM_MUTANT_NOD2_TRANSDUCED_HEK293T_CELL_UP","38/2154","198/21355",7.61847704166084e-05,0.000274705734231396,8.18911347065912e-05
"GSE22886_NAIVE_BCELL_VS_BM_PLASMA_CELL_DN","GSE22886_NAIVE_BCELL_VS_BM_PLASMA_CELL_DN","38/2154","198/21355",7.61847704166084e-05,0.000274705734231396,8.18911347065912e-05
"GSE22886_NAIVE_VS_IGG_IGA_MEMORY_BCELL_UP","GSE22886_NAIVE_VS_IGG_IGA_MEMORY_BCELL_UP","38/2154","198/21355",7.61847704166084e-05,0.000274705734231396,8.18911347065912e-05
"GSE26343_UNSTIM_VS_LPS_STIM_NFAT5_KO_MACROPHAGE_UP","GSE26343_UNSTIM_VS_LPS_STIM_NFAT5_KO_MACROPHAGE_UP","38/2154","198/21355",7.61847704166084e-05,0.000274705734231396,8.18911347065912e-05
"GSE2770_TGFB_AND_IL4_VS_IL12_TREATED_ACT_CD4_TCELL_48H_DN","GSE2770_TGFB_AND_IL4_VS_IL12_TREATED_ACT_CD4_TCELL_48H_DN","38/2154","198/21355",7.61847704166084e-05,0.000274705734231396,8.18911347065912e-05
"GSE29618_LAIV_VS_TIV_FLU_VACCINE_DAY7_MONOCYTE_UP","GSE29618_LAIV_VS_TIV_FLU_VACCINE_DAY7_MONOCYTE_UP","38/2154","198/21355",7.61847704166084e-05,0.000274705734231396,8.18911347065912e-05
"GSE360_DC_VS_MAC_DN","GSE360_DC_VS_MAC_DN","38/2154","198/21355",7.61847704166084e-05,0.000274705734231396,8.18911347065912e-05
"GSE37533_PPARG2_FOXP3_VS_FOXP3_TRANSDUCED_CD4_TCELL_DN","GSE37533_PPARG2_FOXP3_VS_FOXP3_TRANSDUCED_CD4_TCELL_DN","38/2154","198/21355",7.61847704166084e-05,0.000274705734231396,8.18911347065912e-05
"GSE9988_ANTI_TREM1_VS_LOW_LPS_MONOCYTE_UP","GSE9988_ANTI_TREM1_VS_LOW_LPS_MONOCYTE_UP","38/2154","198/21355",7.61847704166084e-05,0.000274705734231396,8.18911347065912e-05
"GSE21360_TERTIARY_VS_QUATERNARY_MEMORY_CD8_TCELL_DN","GSE21360_TERTIARY_VS_QUATERNARY_MEMORY_CD8_TCELL_DN","35/2154","177/21355",7.69851020026228e-05,0.000277395931317414,8.26930957307205e-05
"NAKAYA_B_CELL_FLUARIX_FLUVIRIN_AGE_18_50YO_7DY_DN","NAKAYA_B_CELL_FLUARIX_FLUVIRIN_AGE_18_50YO_7DY_DN","51/2154","294/21355",8.3904276850935e-05,0.000297231293976809,8.86061152024086e-05
"GSE4590_PRE_BCELL_VS_VPREB_POS_LARGE_PRE_BCELL_DN","GSE4590_PRE_BCELL_VS_VPREB_POS_LARGE_PRE_BCELL_DN","32/2154","157/21355",8.42643232559955e-05,0.000297231293976809,8.86061152024086e-05
"GSE13484_3H_UNSTIM_VS_YF17D_VACCINE_STIM_PBMC_UP","GSE13484_3H_UNSTIM_VS_YF17D_VACCINE_STIM_PBMC_UP","38/2154","199/21355",8.51640613487239e-05,0.000297231293976809,8.86061152024086e-05
"GSE14350_TREG_VS_TEFF_UP","GSE14350_TREG_VS_TEFF_UP","38/2154","199/21355",8.51640613487239e-05,0.000297231293976809,8.86061152024086e-05
"GSE15750_DAY6_VS_DAY10_TRAF6KO_EFF_CD8_TCELL_DN","GSE15750_DAY6_VS_DAY10_TRAF6KO_EFF_CD8_TCELL_DN","38/2154","199/21355",8.51640613487239e-05,0.000297231293976809,8.86061152024086e-05
"GSE17721_CTRL_VS_PAM3CSK4_1H_BMDC_UP","GSE17721_CTRL_VS_PAM3CSK4_1H_BMDC_UP","38/2154","199/21355",8.51640613487239e-05,0.000297231293976809,8.86061152024086e-05
"GSE17721_LPS_VS_GARDIQUIMOD_4H_BMDC_DN","GSE17721_LPS_VS_GARDIQUIMOD_4H_BMDC_DN","38/2154","199/21355",8.51640613487239e-05,0.000297231293976809,8.86061152024086e-05
"GSE17721_LPS_VS_GARDIQUIMOD_6H_BMDC_DN","GSE17721_LPS_VS_GARDIQUIMOD_6H_BMDC_DN","38/2154","199/21355",8.51640613487239e-05,0.000297231293976809,8.86061152024086e-05
"GSE17721_LPS_VS_PAM3CSK4_6H_BMDC_DN","GSE17721_LPS_VS_PAM3CSK4_6H_BMDC_DN","38/2154","199/21355",8.51640613487239e-05,0.000297231293976809,8.86061152024086e-05
"GSE17721_POLYIC_VS_CPG_8H_BMDC_UP","GSE17721_POLYIC_VS_CPG_8H_BMDC_UP","38/2154","199/21355",8.51640613487239e-05,0.000297231293976809,8.86061152024086e-05
"GSE17721_POLYIC_VS_PAM3CSK4_24H_BMDC_DN","GSE17721_POLYIC_VS_PAM3CSK4_24H_BMDC_DN","38/2154","199/21355",8.51640613487239e-05,0.000297231293976809,8.86061152024086e-05
"GSE17974_0H_VS_2H_IN_VITRO_ACT_CD4_TCELL_UP","GSE17974_0H_VS_2H_IN_VITRO_ACT_CD4_TCELL_UP","38/2154","199/21355",8.51640613487239e-05,0.000297231293976809,8.86061152024086e-05
"GSE17974_1H_VS_72H_UNTREATED_IN_VITRO_CD4_TCELL_DN","GSE17974_1H_VS_72H_UNTREATED_IN_VITRO_CD4_TCELL_DN","38/2154","199/21355",8.51640613487239e-05,0.000297231293976809,8.86061152024086e-05
"GSE18281_CORTICAL_VS_MEDULLARY_THYMOCYTE_UP","GSE18281_CORTICAL_VS_MEDULLARY_THYMOCYTE_UP","38/2154","199/21355",8.51640613487239e-05,0.000297231293976809,8.86061152024086e-05
"GSE18804_SPLEEN_MACROPHAGE_VS_TUMORAL_MACROPHAGE_UP","GSE18804_SPLEEN_MACROPHAGE_VS_TUMORAL_MACROPHAGE_UP","38/2154","199/21355",8.51640613487239e-05,0.000297231293976809,8.86061152024086e-05
"GSE19888_ADENOSINE_A3R_ACT_VS_TCELL_MEMBRANES_ACT_AND_A3R_INH_PRETREAT_IN_MAST_CELL_DN","GSE19888_ADENOSINE_A3R_ACT_VS_TCELL_MEMBRANES_ACT_AND_A3R_INH_PRETREAT_IN_MAST_CELL_DN","38/2154","199/21355",8.51640613487239e-05,0.000297231293976809,8.86061152024086e-05
"GSE20151_CTRL_VS_FUSOBACT_NUCLEATUM_NEUTROPHIL_DN","GSE20151_CTRL_VS_FUSOBACT_NUCLEATUM_NEUTROPHIL_DN","38/2154","199/21355",8.51640613487239e-05,0.000297231293976809,8.86061152024086e-05
"GSE20198_IL12_VS_IFNA_TREATED_ACT_CD4_TCELL_UP","GSE20198_IL12_VS_IFNA_TREATED_ACT_CD4_TCELL_UP","38/2154","199/21355",8.51640613487239e-05,0.000297231293976809,8.86061152024086e-05
"GSE20727_DNFB_ALLERGEN_VS_ROS_INH_AND_DNFB_ALLERGEN_TREATED_DC_DN","GSE20727_DNFB_ALLERGEN_VS_ROS_INH_AND_DNFB_ALLERGEN_TREATED_DC_DN","38/2154","199/21355",8.51640613487239e-05,0.000297231293976809,8.86061152024086e-05
"GSE2197_IMMUNOSUPPRESSIVE_DNA_VS_UNTREATEDIN_DC_DN","GSE2197_IMMUNOSUPPRESSIVE_DNA_VS_UNTREATEDIN_DC_DN","38/2154","199/21355",8.51640613487239e-05,0.000297231293976809,8.86061152024086e-05
"GSE22886_NAIVE_CD4_TCELL_VS_12H_ACT_TH2_UP","GSE22886_NAIVE_CD4_TCELL_VS_12H_ACT_TH2_UP","38/2154","199/21355",8.51640613487239e-05,0.000297231293976809,8.86061152024086e-05
"GSE23321_CENTRAL_MEMORY_VS_NAIVE_CD8_TCELL_UP","GSE23321_CENTRAL_MEMORY_VS_NAIVE_CD8_TCELL_UP","38/2154","199/21355",8.51640613487239e-05,0.000297231293976809,8.86061152024086e-05
"GSE28737_FOLLICULAR_VS_MARGINAL_ZONE_BCELL_BCL6_HET_UP","GSE28737_FOLLICULAR_VS_MARGINAL_ZONE_BCELL_BCL6_HET_UP","38/2154","199/21355",8.51640613487239e-05,0.000297231293976809,8.86061152024086e-05
"GSE30971_WBP7_HET_VS_KO_MACROPHAGE_DN","GSE30971_WBP7_HET_VS_KO_MACROPHAGE_DN","38/2154","199/21355",8.51640613487239e-05,0.000297231293976809,8.86061152024086e-05
"GSE36888_UNTREATED_VS_IL2_TREATED_STAT5_AB_KNOCKIN_TCELL_17H_DN","GSE36888_UNTREATED_VS_IL2_TREATED_STAT5_AB_KNOCKIN_TCELL_17H_DN","38/2154","199/21355",8.51640613487239e-05,0.000297231293976809,8.86061152024086e-05
"GSE369_IFNG_KO_VS_WT_LIVER_UP","GSE369_IFNG_KO_VS_WT_LIVER_UP","38/2154","199/21355",8.51640613487239e-05,0.000297231293976809,8.86061152024086e-05
"GSE369_SOCS3_KO_VS_IFNG_KO_LIVER_DN","GSE369_SOCS3_KO_VS_IFNG_KO_LIVER_DN","38/2154","199/21355",8.51640613487239e-05,0.000297231293976809,8.86061152024086e-05
"GSE3982_DC_VS_TH1_DN","GSE3982_DC_VS_TH1_DN","38/2154","199/21355",8.51640613487239e-05,0.000297231293976809,8.86061152024086e-05
"GSE3982_EOSINOPHIL_VS_BCELL_UP","GSE3982_EOSINOPHIL_VS_BCELL_UP","38/2154","199/21355",8.51640613487239e-05,0.000297231293976809,8.86061152024086e-05
"GSE3982_EOSINOPHIL_VS_MAST_CELL_UP","GSE3982_EOSINOPHIL_VS_MAST_CELL_UP","38/2154","199/21355",8.51640613487239e-05,0.000297231293976809,8.86061152024086e-05
"GSE3982_MAST_CELL_VS_BASOPHIL_DN","GSE3982_MAST_CELL_VS_BASOPHIL_DN","38/2154","199/21355",8.51640613487239e-05,0.000297231293976809,8.86061152024086e-05
"GSE42021_TREG_VS_TCONV_PLN_DN","GSE42021_TREG_VS_TCONV_PLN_DN","38/2154","199/21355",8.51640613487239e-05,0.000297231293976809,8.86061152024086e-05
"GSE42724_NAIVE_VS_B1_BCELL_DN","GSE42724_NAIVE_VS_B1_BCELL_DN","38/2154","199/21355",8.51640613487239e-05,0.000297231293976809,8.86061152024086e-05
"GSE44955_MCSF_VS_MCSF_AND_IL27_STIM_MACROPHAGE_DN","GSE44955_MCSF_VS_MCSF_AND_IL27_STIM_MACROPHAGE_DN","38/2154","199/21355",8.51640613487239e-05,0.000297231293976809,8.86061152024086e-05
"GSE45365_HEALTHY_VS_MCMV_INFECTION_CD8A_DC_IFNAR_KO_DN","GSE45365_HEALTHY_VS_MCMV_INFECTION_CD8A_DC_IFNAR_KO_DN","38/2154","199/21355",8.51640613487239e-05,0.000297231293976809,8.86061152024086e-05
"GSE5463_CTRL_VS_DEXAMETHASONE_TREATED_THYMOCYTE_DN","GSE5463_CTRL_VS_DEXAMETHASONE_TREATED_THYMOCYTE_DN","38/2154","199/21355",8.51640613487239e-05,0.000297231293976809,8.86061152024086e-05
"GSE5542_UNTREATED_VS_IFNA_TREATED_EPITHELIAL_CELLS_6H_UP","GSE5542_UNTREATED_VS_IFNA_TREATED_EPITHELIAL_CELLS_6H_UP","38/2154","199/21355",8.51640613487239e-05,0.000297231293976809,8.86061152024086e-05
"GSE5589_UNSTIM_VS_180MIN_LPS_AND_IL10_STIM_MACROPHAGE_DN","GSE5589_UNSTIM_VS_180MIN_LPS_AND_IL10_STIM_MACROPHAGE_DN","38/2154","199/21355",8.51640613487239e-05,0.000297231293976809,8.86061152024086e-05
"GSE6674_CPG_VS_CPG_AND_ANTI_IGM_STIM_BCELL_UP","GSE6674_CPG_VS_CPG_AND_ANTI_IGM_STIM_BCELL_UP","38/2154","199/21355",8.51640613487239e-05,0.000297231293976809,8.86061152024086e-05
"GSE7460_CD8_TCELL_VS_CD4_TCELL_ACT_UP","GSE7460_CD8_TCELL_VS_CD4_TCELL_ACT_UP","38/2154","199/21355",8.51640613487239e-05,0.000297231293976809,8.86061152024086e-05
"GSE7831_1H_VS_4H_INFLUENZA_STIM_PDC_DN","GSE7831_1H_VS_4H_INFLUENZA_STIM_PDC_DN","38/2154","199/21355",8.51640613487239e-05,0.000297231293976809,8.86061152024086e-05
"GSE7852_THYMUS_VS_FAT_TREG_DN","GSE7852_THYMUS_VS_FAT_TREG_DN","38/2154","199/21355",8.51640613487239e-05,0.000297231293976809,8.86061152024086e-05
"GSE8678_IL7R_LOW_VS_HIGH_EFF_CD8_TCELL_UP","GSE8678_IL7R_LOW_VS_HIGH_EFF_CD8_TCELL_UP","38/2154","199/21355",8.51640613487239e-05,0.000297231293976809,8.86061152024086e-05
"GSE9006_TYPE_1_VS_TYPE_2_DIABETES_PBMC_AT_DX_DN","GSE9006_TYPE_1_VS_TYPE_2_DIABETES_PBMC_AT_DX_DN","38/2154","199/21355",8.51640613487239e-05,0.000297231293976809,8.86061152024086e-05
"GSE9037_CTRL_VS_LPS_4H_STIM_IRAK4_KO_BMDM_UP","GSE9037_CTRL_VS_LPS_4H_STIM_IRAK4_KO_BMDM_UP","38/2154","199/21355",8.51640613487239e-05,0.000297231293976809,8.86061152024086e-05
"GSE9960_HEALTHY_VS_GRAM_NEG_SEPSIS_PBMC_UP","GSE9960_HEALTHY_VS_GRAM_NEG_SEPSIS_PBMC_UP","38/2154","199/21355",8.51640613487239e-05,0.000297231293976809,8.86061152024086e-05
"GSE37605_FOXP3_FUSION_GFP_VS_IRES_GFP_TREG_C57BL6_UP","GSE37605_FOXP3_FUSION_GFP_VS_IRES_GFP_TREG_C57BL6_UP","36/2154","185/21355",8.65540318825815e-05,0.000301876374499072,8.99908366238084e-05
"GOLDRATH_EFF_VS_MEMORY_CD8_TCELL_DN","GOLDRATH_EFF_VS_MEMORY_CD8_TCELL_DN","38/2154","200/21355",9.50909577754287e-05,0.000311467051316955,9.28498647013188e-05
"GOLDRATH_NAIVE_VS_EFF_CD8_TCELL_UP","GOLDRATH_NAIVE_VS_EFF_CD8_TCELL_UP","38/2154","200/21355",9.50909577754287e-05,0.000311467051316955,9.28498647013188e-05
"GSE13484_12H_VS_3H_YF17D_VACCINE_STIM_PBMC_UP","GSE13484_12H_VS_3H_YF17D_VACCINE_STIM_PBMC_UP","38/2154","200/21355",9.50909577754287e-05,0.000311467051316955,9.28498647013188e-05
"GSE14308_TH2_VS_TH17_UP","GSE14308_TH2_VS_TH17_UP","38/2154","200/21355",9.50909577754287e-05,0.000311467051316955,9.28498647013188e-05
"GSE1460_DP_THYMOCYTE_VS_THYMIC_STROMAL_CELL_DN","GSE1460_DP_THYMOCYTE_VS_THYMIC_STROMAL_CELL_DN","38/2154","200/21355",9.50909577754287e-05,0.000311467051316955,9.28498647013188e-05
"GSE14908_RESTING_VS_HDM_STIM_CD4_TCELL_NONATOPIC_PATIENT_DN","GSE14908_RESTING_VS_HDM_STIM_CD4_TCELL_NONATOPIC_PATIENT_DN","38/2154","200/21355",9.50909577754287e-05,0.000311467051316955,9.28498647013188e-05
"GSE15215_CD2_POS_VS_NEG_PDC_DN","GSE15215_CD2_POS_VS_NEG_PDC_DN","38/2154","200/21355",9.50909577754287e-05,0.000311467051316955,9.28498647013188e-05
"GSE15930_NAIVE_VS_24H_IN_VITRO_STIM_IL12_CD8_TCELL_UP","GSE15930_NAIVE_VS_24H_IN_VITRO_STIM_IL12_CD8_TCELL_UP","38/2154","200/21355",9.50909577754287e-05,0.000311467051316955,9.28498647013188e-05
"GSE16522_ANTI_CD3CD28_STIM_VS_UNSTIM_MEMORY_CD8_TCELL_UP","GSE16522_ANTI_CD3CD28_STIM_VS_UNSTIM_MEMORY_CD8_TCELL_UP","38/2154","200/21355",9.50909577754287e-05,0.000311467051316955,9.28498647013188e-05
"GSE16522_MEMORY_VS_NAIVE_CD8_TCELL_DN","GSE16522_MEMORY_VS_NAIVE_CD8_TCELL_DN","38/2154","200/21355",9.50909577754287e-05,0.000311467051316955,9.28498647013188e-05
"GSE17721_0.5H_VS_12H_GARDIQUIMOD_BMDC_UP","GSE17721_0.5H_VS_12H_GARDIQUIMOD_BMDC_UP","38/2154","200/21355",9.50909577754287e-05,0.000311467051316955,9.28498647013188e-05
"GSE17721_12H_VS_24H_CPG_BMDC_DN","GSE17721_12H_VS_24H_CPG_BMDC_DN","38/2154","200/21355",9.50909577754287e-05,0.000311467051316955,9.28498647013188e-05
"GSE17721_4_VS_24H_CPG_BMDC_DN","GSE17721_4_VS_24H_CPG_BMDC_DN","38/2154","200/21355",9.50909577754287e-05,0.000311467051316955,9.28498647013188e-05
"GSE17721_CTRL_VS_GARDIQUIMOD_8H_BMDC_UP","GSE17721_CTRL_VS_GARDIQUIMOD_8H_BMDC_UP","38/2154","200/21355",9.50909577754287e-05,0.000311467051316955,9.28498647013188e-05
"GSE17721_CTRL_VS_POLYIC_4H_BMDC_UP","GSE17721_CTRL_VS_POLYIC_4H_BMDC_UP","38/2154","200/21355",9.50909577754287e-05,0.000311467051316955,9.28498647013188e-05
"GSE17721_LPS_VS_PAM3CSK4_16H_BMDC_DN","GSE17721_LPS_VS_PAM3CSK4_16H_BMDC_DN","38/2154","200/21355",9.50909577754287e-05,0.000311467051316955,9.28498647013188e-05
"GSE17721_POLYIC_VS_GARDIQUIMOD_4H_BMDC_UP","GSE17721_POLYIC_VS_GARDIQUIMOD_4H_BMDC_UP","38/2154","200/21355",9.50909577754287e-05,0.000311467051316955,9.28498647013188e-05
"GSE17721_POLYIC_VS_GARDIQUIMOD_6H_BMDC_UP","GSE17721_POLYIC_VS_GARDIQUIMOD_6H_BMDC_UP","38/2154","200/21355",9.50909577754287e-05,0.000311467051316955,9.28498647013188e-05
"GSE17721_POLYIC_VS_PAM3CSK4_4H_BMDC_UP","GSE17721_POLYIC_VS_PAM3CSK4_4H_BMDC_UP","38/2154","200/21355",9.50909577754287e-05,0.000311467051316955,9.28498647013188e-05
"GSE18203_CTRL_VS_INTRATUMORAL_CPG_INJ_MC38_TUMOR_UP","GSE18203_CTRL_VS_INTRATUMORAL_CPG_INJ_MC38_TUMOR_UP","38/2154","200/21355",9.50909577754287e-05,0.000311467051316955,9.28498647013188e-05
"GSE20366_TREG_VS_TCONV_DN","GSE20366_TREG_VS_TCONV_DN","38/2154","200/21355",9.50909577754287e-05,0.000311467051316955,9.28498647013188e-05
"GSE20715_WT_VS_TLR4_KO_24H_OZONE_LUNG_DN","GSE20715_WT_VS_TLR4_KO_24H_OZONE_LUNG_DN","38/2154","200/21355",9.50909577754287e-05,0.000311467051316955,9.28498647013188e-05
"GSE21546_WT_VS_SAP1A_KO_ANTI_CD3_STIM_DP_THYMOCYTES_UP","GSE21546_WT_VS_SAP1A_KO_ANTI_CD3_STIM_DP_THYMOCYTES_UP","38/2154","200/21355",9.50909577754287e-05,0.000311467051316955,9.28498647013188e-05
"GSE22443_NAIVE_VS_ACT_AND_IL12_TREATED_CD8_TCELL_UP","GSE22443_NAIVE_VS_ACT_AND_IL12_TREATED_CD8_TCELL_UP","38/2154","200/21355",9.50909577754287e-05,0.000311467051316955,9.28498647013188e-05
"GSE23398_WT_VS_IL2_KO_CD4_TCELL_SCURFY_MOUSE_DN","GSE23398_WT_VS_IL2_KO_CD4_TCELL_SCURFY_MOUSE_DN","38/2154","200/21355",9.50909577754287e-05,0.000311467051316955,9.28498647013188e-05
"GSE23505_IL6_IL1_IL23_VS_IL6_IL1_TGFB_TREATED_CD4_TCELL_UP","GSE23505_IL6_IL1_IL23_VS_IL6_IL1_TGFB_TREATED_CD4_TCELL_UP","38/2154","200/21355",9.50909577754287e-05,0.000311467051316955,9.28498647013188e-05
"GSE24142_DN2_VS_DN3_THYMOCYTE_UP","GSE24142_DN2_VS_DN3_THYMOCYTE_UP","38/2154","200/21355",9.50909577754287e-05,0.000311467051316955,9.28498647013188e-05
"GSE24726_WT_VS_E2_2_KO_PDC_DAY4_POST_DELETION_UP","GSE24726_WT_VS_E2_2_KO_PDC_DAY4_POST_DELETION_UP","38/2154","200/21355",9.50909577754287e-05,0.000311467051316955,9.28498647013188e-05
"GSE24726_WT_VS_E2_2_KO_PDC_DAY6_POST_DELETION_UP","GSE24726_WT_VS_E2_2_KO_PDC_DAY6_POST_DELETION_UP","38/2154","200/21355",9.50909577754287e-05,0.000311467051316955,9.28498647013188e-05
"GSE24814_STAT5_KO_VS_WT_PRE_BCELL_DN","GSE24814_STAT5_KO_VS_WT_PRE_BCELL_DN","38/2154","200/21355",9.50909577754287e-05,0.000311467051316955,9.28498647013188e-05
"GSE25085_FETAL_BM_VS_ADULT_BM_SP4_THYMIC_IMPLANT_UP","GSE25085_FETAL_BM_VS_ADULT_BM_SP4_THYMIC_IMPLANT_UP","38/2154","200/21355",9.50909577754287e-05,0.000311467051316955,9.28498647013188e-05
"GSE25085_FETAL_LIVER_VS_ADULT_BM_SP4_THYMIC_IMPLANT_UP","GSE25085_FETAL_LIVER_VS_ADULT_BM_SP4_THYMIC_IMPLANT_UP","38/2154","200/21355",9.50909577754287e-05,0.000311467051316955,9.28498647013188e-05
"GSE26343_UNSTIM_VS_LPS_STIM_MACROPHAGE_DN","GSE26343_UNSTIM_VS_LPS_STIM_MACROPHAGE_DN","38/2154","200/21355",9.50909577754287e-05,0.000311467051316955,9.28498647013188e-05
"GSE26351_UNSTIM_VS_WNT_PATHWAY_STIM_HEMATOPOIETIC_PROGENITORS_DN","GSE26351_UNSTIM_VS_WNT_PATHWAY_STIM_HEMATOPOIETIC_PROGENITORS_DN","38/2154","200/21355",9.50909577754287e-05,0.000311467051316955,9.28498647013188e-05
"GSE26351_UNSTIM_VS_WNT_PATHWAY_STIM_HEMATOPOIETIC_PROGENITORS_UP","GSE26351_UNSTIM_VS_WNT_PATHWAY_STIM_HEMATOPOIETIC_PROGENITORS_UP","38/2154","200/21355",9.50909577754287e-05,0.000311467051316955,9.28498647013188e-05
"GSE2770_IL12_ACT_VS_ACT_CD4_TCELL_2H_DN","GSE2770_IL12_ACT_VS_ACT_CD4_TCELL_2H_DN","38/2154","200/21355",9.50909577754287e-05,0.000311467051316955,9.28498647013188e-05
"GSE27786_CD4_TCELL_VS_NKCELL_DN","GSE27786_CD4_TCELL_VS_NKCELL_DN","38/2154","200/21355",9.50909577754287e-05,0.000311467051316955,9.28498647013188e-05
"GSE27786_CD8_TCELL_VS_NKCELL_DN","GSE27786_CD8_TCELL_VS_NKCELL_DN","38/2154","200/21355",9.50909577754287e-05,0.000311467051316955,9.28498647013188e-05
"GSE27786_LIN_NEG_VS_NKTCELL_UP","GSE27786_LIN_NEG_VS_NKTCELL_UP","38/2154","200/21355",9.50909577754287e-05,0.000311467051316955,9.28498647013188e-05
"GSE28737_BCL6_HET_VS_BCL6_KO_FOLLICULAR_BCELL_DN","GSE28737_BCL6_HET_VS_BCL6_KO_FOLLICULAR_BCELL_DN","38/2154","200/21355",9.50909577754287e-05,0.000311467051316955,9.28498647013188e-05
"GSE28737_BCL6_HET_VS_BCL6_KO_FOLLICULAR_BCELL_UP","GSE28737_BCL6_HET_VS_BCL6_KO_FOLLICULAR_BCELL_UP","38/2154","200/21355",9.50909577754287e-05,0.000311467051316955,9.28498647013188e-05
"GSE28737_BCL6_HET_VS_BCL6_KO_MARGINAL_ZONE_BCELL_DN","GSE28737_BCL6_HET_VS_BCL6_KO_MARGINAL_ZONE_BCELL_DN","38/2154","200/21355",9.50909577754287e-05,0.000311467051316955,9.28498647013188e-05
"GSE29164_UNTREATED_VS_CD8_TCELL_AND_IL12_TREATED_MELANOMA_DAY7_UP","GSE29164_UNTREATED_VS_CD8_TCELL_AND_IL12_TREATED_MELANOMA_DAY7_UP","38/2154","200/21355",9.50909577754287e-05,0.000311467051316955,9.28498647013188e-05
"GSE29618_MONOCYTE_VS_MDC_DAY7_FLU_VACCINE_DN","GSE29618_MONOCYTE_VS_MDC_DAY7_FLU_VACCINE_DN","38/2154","200/21355",9.50909577754287e-05,0.000311467051316955,9.28498647013188e-05
"GSE30083_SP1_VS_SP3_THYMOCYTE_DN","GSE30083_SP1_VS_SP3_THYMOCYTE_DN","38/2154","200/21355",9.50909577754287e-05,0.000311467051316955,9.28498647013188e-05
"GSE30083_SP1_VS_SP4_THYMOCYTE_DN","GSE30083_SP1_VS_SP4_THYMOCYTE_DN","38/2154","200/21355",9.50909577754287e-05,0.000311467051316955,9.28498647013188e-05
"GSE3039_CD4_TCELL_VS_NKT_CELL_DN","GSE3039_CD4_TCELL_VS_NKT_CELL_DN","38/2154","200/21355",9.50909577754287e-05,0.000311467051316955,9.28498647013188e-05
"GSE30962_ACUTE_VS_CHRONIC_LCMV_SECONDARY_INF_CD8_TCELL_UP","GSE30962_ACUTE_VS_CHRONIC_LCMV_SECONDARY_INF_CD8_TCELL_UP","38/2154","200/21355",9.50909577754287e-05,0.000311467051316955,9.28498647013188e-05
"GSE30971_CTRL_VS_LPS_STIM_MACROPHAGE_WBP7_HET_4H_UP","GSE30971_CTRL_VS_LPS_STIM_MACROPHAGE_WBP7_HET_4H_UP","38/2154","200/21355",9.50909577754287e-05,0.000311467051316955,9.28498647013188e-05
"GSE3203_INFLUENZA_INF_VS_IFNB_TREATED_LN_BCELL_DN","GSE3203_INFLUENZA_INF_VS_IFNB_TREATED_LN_BCELL_DN","38/2154","200/21355",9.50909577754287e-05,0.000311467051316955,9.28498647013188e-05
"GSE3337_CTRL_VS_16H_IFNG_IN_CD8POS_DC_UP","GSE3337_CTRL_VS_16H_IFNG_IN_CD8POS_DC_UP","38/2154","200/21355",9.50909577754287e-05,0.000311467051316955,9.28498647013188e-05
"GSE339_CD8POS_VS_CD4CD8DN_DC_DN","GSE339_CD8POS_VS_CD4CD8DN_DC_DN","38/2154","200/21355",9.50909577754287e-05,0.000311467051316955,9.28498647013188e-05
"GSE339_EX_VIVO_VS_IN_CULTURE_CD8POS_DC_DN","GSE339_EX_VIVO_VS_IN_CULTURE_CD8POS_DC_DN","38/2154","200/21355",9.50909577754287e-05,0.000311467051316955,9.28498647013188e-05
"GSE34006_A2AR_KO_VS_A2AR_AGONIST_TREATED_TREG_UP","GSE34006_A2AR_KO_VS_A2AR_AGONIST_TREATED_TREG_UP","38/2154","200/21355",9.50909577754287e-05,0.000311467051316955,9.28498647013188e-05
"GSE360_CTRL_VS_L_MAJOR_MAC_UP","GSE360_CTRL_VS_L_MAJOR_MAC_UP","38/2154","200/21355",9.50909577754287e-05,0.000311467051316955,9.28498647013188e-05
"GSE360_HIGH_VS_LOW_DOSE_B_MALAYI_MAC_UP","GSE360_HIGH_VS_LOW_DOSE_B_MALAYI_MAC_UP","38/2154","200/21355",9.50909577754287e-05,0.000311467051316955,9.28498647013188e-05
"GSE36078_UNTREATED_VS_AD5_T425A_HEXON_INF_MOUSE_LUNG_DC_DN","GSE36078_UNTREATED_VS_AD5_T425A_HEXON_INF_MOUSE_LUNG_DC_DN","38/2154","200/21355",9.50909577754287e-05,0.000311467051316955,9.28498647013188e-05
"GSE36078_WT_VS_IL1R_KO_LUNG_DC_DN","GSE36078_WT_VS_IL1R_KO_LUNG_DC_DN","38/2154","200/21355",9.50909577754287e-05,0.000311467051316955,9.28498647013188e-05
"GSE36527_CD69_NEG_VS_POS_TREG_CD62L_LOS_KLRG1_NEG_UP","GSE36527_CD69_NEG_VS_POS_TREG_CD62L_LOS_KLRG1_NEG_UP","38/2154","200/21355",9.50909577754287e-05,0.000311467051316955,9.28498647013188e-05
"GSE36826_WT_VS_IL1R_KO_SKIN_STAPH_AUREUS_INF_UP","GSE36826_WT_VS_IL1R_KO_SKIN_STAPH_AUREUS_INF_UP","38/2154","200/21355",9.50909577754287e-05,0.000311467051316955,9.28498647013188e-05
"GSE36891_UNSTIM_VS_PAM_TLR2_STIM_PERITONEAL_MACROPHAGE_UP","GSE36891_UNSTIM_VS_PAM_TLR2_STIM_PERITONEAL_MACROPHAGE_UP","38/2154","200/21355",9.50909577754287e-05,0.000311467051316955,9.28498647013188e-05
"GSE3720_UNSTIM_VS_LPS_STIM_VD1_GAMMADELTA_TCELL_UP","GSE3720_UNSTIM_VS_LPS_STIM_VD1_GAMMADELTA_TCELL_UP","38/2154","200/21355",9.50909577754287e-05,0.000311467051316955,9.28498647013188e-05
"GSE3720_VD1_VS_VD2_GAMMADELTA_TCELL_WITH_LPS_STIM_UP","GSE3720_VD1_VS_VD2_GAMMADELTA_TCELL_WITH_LPS_STIM_UP","38/2154","200/21355",9.50909577754287e-05,0.000311467051316955,9.28498647013188e-05
"GSE37301_LYMPHOID_PRIMED_MPP_VS_PRO_BCELL_UP","GSE37301_LYMPHOID_PRIMED_MPP_VS_PRO_BCELL_UP","38/2154","200/21355",9.50909577754287e-05,0.000311467051316955,9.28498647013188e-05
"GSE37532_WT_VS_PPARG_KO_VISCERAL_ADIPOSE_TISSUE_TCONV_DN","GSE37532_WT_VS_PPARG_KO_VISCERAL_ADIPOSE_TISSUE_TCONV_DN","38/2154","200/21355",9.50909577754287e-05,0.000311467051316955,9.28498647013188e-05
"GSE3982_MAC_VS_BCELL_UP","GSE3982_MAC_VS_BCELL_UP","38/2154","200/21355",9.50909577754287e-05,0.000311467051316955,9.28498647013188e-05
"GSE39820_CTRL_VS_IL1B_IL6_IL23A_CD4_TCELL_DN","GSE39820_CTRL_VS_IL1B_IL6_IL23A_CD4_TCELL_DN","38/2154","200/21355",9.50909577754287e-05,0.000311467051316955,9.28498647013188e-05
"GSE40273_GATA1_KO_VS_WT_TREG_UP","GSE40273_GATA1_KO_VS_WT_TREG_UP","38/2154","200/21355",9.50909577754287e-05,0.000311467051316955,9.28498647013188e-05
"GSE40274_FOXP3_VS_FOXP3_AND_LEF1_TRANSDUCED_ACTIVATED_CD4_TCELL_UP","GSE40274_FOXP3_VS_FOXP3_AND_LEF1_TRANSDUCED_ACTIVATED_CD4_TCELL_UP","38/2154","200/21355",9.50909577754287e-05,0.000311467051316955,9.28498647013188e-05
"GSE40666_WT_VS_STAT1_KO_CD8_TCELL_WITH_IFNA_STIM_90MIN_DN","GSE40666_WT_VS_STAT1_KO_CD8_TCELL_WITH_IFNA_STIM_90MIN_DN","38/2154","200/21355",9.50909577754287e-05,0.000311467051316955,9.28498647013188e-05
"GSE411_UNSTIM_VS_100MIN_IL6_STIM_MACROPHAGE_UP","GSE411_UNSTIM_VS_100MIN_IL6_STIM_MACROPHAGE_UP","38/2154","200/21355",9.50909577754287e-05,0.000311467051316955,9.28498647013188e-05
"GSE411_WT_VS_SOCS3_KO_MACROPHAGE_DN","GSE411_WT_VS_SOCS3_KO_MACROPHAGE_DN","38/2154","200/21355",9.50909577754287e-05,0.000311467051316955,9.28498647013188e-05
"GSE411_WT_VS_SOCS3_KO_MACROPHAGE_IL6_STIM_100MIN_DN","GSE411_WT_VS_SOCS3_KO_MACROPHAGE_IL6_STIM_100MIN_DN","38/2154","200/21355",9.50909577754287e-05,0.000311467051316955,9.28498647013188e-05
"GSE41867_DAY6_EFFECTOR_VS_DAY30_EXHAUSTED_CD8_TCELL_LCMV_CLONE13_DN","GSE41867_DAY6_EFFECTOR_VS_DAY30_EXHAUSTED_CD8_TCELL_LCMV_CLONE13_DN","38/2154","200/21355",9.50909577754287e-05,0.000311467051316955,9.28498647013188e-05
"GSE41867_LCMV_ARMSTRONG_VS_CLONE13_DAY15_EFFECTOR_CD8_TCELL_UP","GSE41867_LCMV_ARMSTRONG_VS_CLONE13_DAY15_EFFECTOR_CD8_TCELL_UP","38/2154","200/21355",9.50909577754287e-05,0.000311467051316955,9.28498647013188e-05
"GSE41867_NAIVE_VS_DAY30_LCMV_CLONE13_EXHAUSTED_CD8_TCELL_DN","GSE41867_NAIVE_VS_DAY30_LCMV_CLONE13_EXHAUSTED_CD8_TCELL_DN","38/2154","200/21355",9.50909577754287e-05,0.000311467051316955,9.28498647013188e-05
"GSE41867_NAIVE_VS_DAY8_LCMV_CLONE13_EFFECTOR_CD8_TCELL_UP","GSE41867_NAIVE_VS_DAY8_LCMV_CLONE13_EFFECTOR_CD8_TCELL_UP","38/2154","200/21355",9.50909577754287e-05,0.000311467051316955,9.28498647013188e-05
"GSE41978_ID2_KO_VS_ID2_KO_AND_BIM_KO_KLRG1_LOW_EFFECTOR_CD8_TCELL_DN","GSE41978_ID2_KO_VS_ID2_KO_AND_BIM_KO_KLRG1_LOW_EFFECTOR_CD8_TCELL_DN","38/2154","200/21355",9.50909577754287e-05,0.000311467051316955,9.28498647013188e-05
"GSE42021_TREG_PLN_VS_CD24INT_TREG_THYMUS_DN","GSE42021_TREG_PLN_VS_CD24INT_TREG_THYMUS_DN","38/2154","200/21355",9.50909577754287e-05,0.000311467051316955,9.28498647013188e-05
"GSE42021_TREG_PLN_VS_CD24INT_TREG_THYMUS_UP","GSE42021_TREG_PLN_VS_CD24INT_TREG_THYMUS_UP","38/2154","200/21355",9.50909577754287e-05,0.000311467051316955,9.28498647013188e-05
"GSE45739_NRAS_KO_VS_WT_ACD3_ACD28_STIM_CD4_TCELL_UP","GSE45739_NRAS_KO_VS_WT_ACD3_ACD28_STIM_CD4_TCELL_UP","38/2154","200/21355",9.50909577754287e-05,0.000311467051316955,9.28498647013188e-05
"GSE46606_UNSTIM_VS_CD40L_IL2_IL5_3DAY_STIMULATED_IRF4MID_SORTED_BCELL_UP","GSE46606_UNSTIM_VS_CD40L_IL2_IL5_3DAY_STIMULATED_IRF4MID_SORTED_BCELL_UP","38/2154","200/21355",9.50909577754287e-05,0.000311467051316955,9.28498647013188e-05
"GSE5589_IL6_KO_VS_IL10_KO_LPS_AND_IL10_STIM_MACROPHAGE_180MIN_UP","GSE5589_IL6_KO_VS_IL10_KO_LPS_AND_IL10_STIM_MACROPHAGE_180MIN_UP","38/2154","200/21355",9.50909577754287e-05,0.000311467051316955,9.28498647013188e-05
"GSE5589_LPS_VS_LPS_AND_IL10_STIM_IL10_KO_MACROPHAGE_180MIN_DN","GSE5589_LPS_VS_LPS_AND_IL10_STIM_IL10_KO_MACROPHAGE_180MIN_DN","38/2154","200/21355",9.50909577754287e-05,0.000311467051316955,9.28498647013188e-05
"GSE5589_WT_VS_IL6_KO_LPS_STIM_MACROPHAGE_45MIN_DN","GSE5589_WT_VS_IL6_KO_LPS_STIM_MACROPHAGE_45MIN_DN","38/2154","200/21355",9.50909577754287e-05,0.000311467051316955,9.28498647013188e-05
"GSE6092_UNSTIM_VS_IFNG_STIM_ENDOTHELIAL_CELL_UP","GSE6092_UNSTIM_VS_IFNG_STIM_ENDOTHELIAL_CELL_UP","38/2154","200/21355",9.50909577754287e-05,0.000311467051316955,9.28498647013188e-05
"GSE7460_CTRL_VS_TGFB_TREATED_ACT_FOXP3_MUT_TCONV_UP","GSE7460_CTRL_VS_TGFB_TREATED_ACT_FOXP3_MUT_TCONV_UP","38/2154","200/21355",9.50909577754287e-05,0.000311467051316955,9.28498647013188e-05
"GSE7831_1H_VS_4H_CPG_STIM_PDC_UP","GSE7831_1H_VS_4H_CPG_STIM_PDC_UP","38/2154","200/21355",9.50909577754287e-05,0.000311467051316955,9.28498647013188e-05
"GSE7852_LN_VS_FAT_TREG_DN","GSE7852_LN_VS_FAT_TREG_DN","38/2154","200/21355",9.50909577754287e-05,0.000311467051316955,9.28498647013188e-05
"GSE7852_TREG_VS_TCONV_FAT_DN","GSE7852_TREG_VS_TCONV_FAT_DN","38/2154","200/21355",9.50909577754287e-05,0.000311467051316955,9.28498647013188e-05
"GSE7852_TREG_VS_TCONV_LN_UP","GSE7852_TREG_VS_TCONV_LN_UP","38/2154","200/21355",9.50909577754287e-05,0.000311467051316955,9.28498647013188e-05
"GSE8921_UNSTIM_VS_TLR1_2_STIM_MONOCYTE_12H_UP","GSE8921_UNSTIM_VS_TLR1_2_STIM_MONOCYTE_12H_UP","38/2154","200/21355",9.50909577754287e-05,0.000311467051316955,9.28498647013188e-05
"GSE9006_HEALTHY_VS_TYPE_1_DIABETES_PBMC_1MONTH_POST_DX_UP","GSE9006_HEALTHY_VS_TYPE_1_DIABETES_PBMC_1MONTH_POST_DX_UP","38/2154","200/21355",9.50909577754287e-05,0.000311467051316955,9.28498647013188e-05
"GSE9006_TYPE_1_DIABETES_AT_DX_VS_4MONTH_POST_DX_PBMC_UP","GSE9006_TYPE_1_DIABETES_AT_DX_VS_4MONTH_POST_DX_PBMC_UP","38/2154","200/21355",9.50909577754287e-05,0.000311467051316955,9.28498647013188e-05
"KAECH_NAIVE_VS_DAY8_EFF_CD8_TCELL_UP","KAECH_NAIVE_VS_DAY8_EFF_CD8_TCELL_UP","38/2154","200/21355",9.50909577754287e-05,0.000311467051316955,9.28498647013188e-05
"GSE1112_HY_CD8AB_VS_HY_CD8AA_THYMOCYTE_RTOC_CULTURE_UP","GSE1112_HY_CD8AB_VS_HY_CD8AA_THYMOCYTE_RTOC_CULTURE_UP","37/2154","193/21355",9.62699303061103e-05,0.00031512685893415,9.39408714086177e-05
"GSE40274_CTRL_VS_FOXP3_AND_LEF1_TRANSDUCED_ACTIVATED_CD4_TCELL_UP","GSE40274_CTRL_VS_FOXP3_AND_LEF1_TRANSDUCED_ACTIVATED_CD4_TCELL_UP","33/2154","165/21355",9.67898038047144e-05,0.000316625890501283,9.43877401146422e-05
"GSE22611_UNSTIM_VS_2H_MDP_STIM_MUTANT_NOD2_TRANSDUCED_HEK293T_CELL_DN","GSE22611_UNSTIM_VS_2H_MDP_STIM_MUTANT_NOD2_TRANSDUCED_HEK293T_CELL_DN","36/2154","186/21355",9.70810903163722e-05,0.000317375712779803,9.46112658353123e-05
"GSE12366_NAIVE_VS_MEMORY_BCELL_UP","GSE12366_NAIVE_VS_MEMORY_BCELL_UP","37/2154","194/21355",0.000107595993590545,0.000350853517365088,0.000104591164553645
"GSE25087_TREG_VS_TCONV_FETUS_DN","GSE25087_TREG_VS_TCONV_FETUS_DN","37/2154","194/21355",0.000107595993590545,0.000350853517365088,0.000104591164553645
"GSE29618_BCELL_VS_PDC_DAY7_FLU_VACCINE_UP","GSE29618_BCELL_VS_PDC_DAY7_FLU_VACCINE_UP","37/2154","194/21355",0.000107595993590545,0.000350853517365088,0.000104591164553645
"GSE9988_LPS_VS_LPS_AND_ANTI_TREM1_MONOCYTE_DN","GSE9988_LPS_VS_LPS_AND_ANTI_TREM1_MONOCYTE_DN","37/2154","194/21355",0.000107595993590545,0.000350853517365088,0.000104591164553645
"HOWARD_DENDRITIC_CELL_INACT_MONOV_INFLUENZA_A_INDONESIA_05_2005_H5N1_AGE_18_49YO_1DY_UP","HOWARD_DENDRITIC_CELL_INACT_MONOV_INFLUENZA_A_INDONESIA_05_2005_H5N1_AGE_18_49YO_1DY_UP","32/2154","159/21355",0.000108305089251127,0.000352940676444241,0.000105213356972683
"GSE13485_CTRL_VS_DAY7_YF17D_VACCINE_PBMC_UP","GSE13485_CTRL_VS_DAY7_YF17D_VACCINE_PBMC_UP","36/2154","187/21355",0.000108750811091163,0.000353942009617515,0.000105511859331973
"SCHERER_PBMC_APSV_WETVAX_AGE_18_32YO_5_TO_7DY_DN","SCHERER_PBMC_APSV_WETVAX_AGE_18_32YO_5_TO_7DY_DN","36/2154","187/21355",0.000108750811091163,0.000353942009617515,0.000105511859331973
"GSE27241_WT_VS_RORGT_KO_TH17_POLARIZED_CD4_TCELL_TREATED_WITH_DIGOXIN_UP","GSE27241_WT_VS_RORGT_KO_TH17_POLARIZED_CD4_TCELL_TREATED_WITH_DIGOXIN_UP","35/2154","180/21355",0.000109459982550706,0.000356023467418421,0.000106132352171837
"KANNAN_BLOOD_2012_2013_TIV_AGE_65PLS_REVACCINATED_IN_6_9_MO_VS_REVACCINATED_IN_12_13_MOS_DN","KANNAN_BLOOD_2012_2013_TIV_AGE_65PLS_REVACCINATED_IN_6_9_MO_VS_REVACCINATED_IN_12_13_MOS_DN","57/2154","343/21355",0.000112112530629319,0.000364419179343743,0.000108635155319205
"GSE17974_IL4_AND_ANTI_IL12_VS_UNTREATED_72H_ACT_CD4_TCELL_DN","GSE17974_IL4_AND_ANTI_IL12_VS_UNTREATED_72H_ACT_CD4_TCELL_DN","37/2154","195/21355",0.00012011141889307,0.000389923609396995,0.000116238151750821
"GSE9988_ANTI_TREM1_AND_LPS_VS_VEHICLE_TREATED_MONOCYTES_UP","GSE9988_ANTI_TREM1_AND_LPS_VS_VEHICLE_TREATED_MONOCYTES_UP","37/2154","195/21355",0.00012011141889307,0.000389923609396995,0.000116238151750821
"GSE21063_CTRL_VS_ANTI_IGM_STIM_BCELL_NFATC1_KO_3H_DN","GSE21063_CTRL_VS_ANTI_IGM_STIM_BCELL_NFATC1_KO_3H_DN","36/2154","188/21355",0.000121671141990981,0.000394736388959319,0.00011767286508345
"GSE4590_PRE_BCELL_VS_LARGE_PRE_BCELL_UP","GSE4590_PRE_BCELL_VS_LARGE_PRE_BCELL_UP","32/2154","160/21355",0.000122499689304072,0.000396920729665222,0.000118324027824892
"GSE4590_SMALL_VS_LARGE_PRE_BCELL_DN","GSE4590_SMALL_VS_LARGE_PRE_BCELL_DN","32/2154","160/21355",0.000122499689304072,0.000396920729665222,0.000118324027824892
"GSE7568_IL4_VS_IL4_AND_TGFB_TREATED_MACROPHAGE_24H_UP","GSE7568_IL4_VS_IL4_AND_TGFB_TREATED_MACROPHAGE_24H_UP","33/2154","167/21355",0.000123244874016191,0.000399031429190293,0.000118953237767001
"GSE1925_CTRL_VS_IFNG_PRIMED_MACROPHAGE_3H_IFNG_STIM_UP","GSE1925_CTRL_VS_IFNG_PRIMED_MACROPHAGE_3H_IFNG_STIM_UP","34/2154","174/21355",0.000123307189149357,0.000399031429190293,0.000118953237767001
"ZAK_PBMC_MRKAD5_HIV_1_GAG_POL_NEF_AGE_20_50YO_1DY_ADDNL_EXON_LVL_UP","ZAK_PBMC_MRKAD5_HIV_1_GAG_POL_NEF_AGE_20_50YO_1DY_ADDNL_EXON_LVL_UP","22/2154","94/21355",0.000132126596217752,0.0004273012564588,0.000127380612752291
"GSE11864_CSF1_IFNG_VS_CSF1_PAM3CYS_IN_MAC_DN","GSE11864_CSF1_IFNG_VS_CSF1_PAM3CYS_IN_MAC_DN","37/2154","196/21355",0.000133924889362752,0.000430665383214939,0.000128383475536091
"GSE12845_PRE_GC_VS_DARKZONE_GC_TONSIL_BCELL_UP","GSE12845_PRE_GC_VS_DARKZONE_GC_TONSIL_BCELL_UP","37/2154","196/21355",0.000133924889362752,0.000430665383214939,0.000128383475536091
"GSE17974_0.5H_VS_72H_IL4_AND_ANTI_IL12_ACT_CD4_TCELL_DN","GSE17974_0.5H_VS_72H_IL4_AND_ANTI_IL12_ACT_CD4_TCELL_DN","37/2154","196/21355",0.000133924889362752,0.000430665383214939,0.000128383475536091
"GSE18804_SPLEEN_MACROPHAGE_VS_BRAIN_TUMORAL_MACROPHAGE_UP","GSE18804_SPLEEN_MACROPHAGE_VS_BRAIN_TUMORAL_MACROPHAGE_UP","37/2154","196/21355",0.000133924889362752,0.000430665383214939,0.000128383475536091
"GSE21927_SPLEEN_VS_BONE_MARROW_MONOCYTE_BALBC_UP","GSE21927_SPLEEN_VS_BONE_MARROW_MONOCYTE_BALBC_UP","37/2154","196/21355",0.000133924889362752,0.000430665383214939,0.000128383475536091
"GSE30971_CTRL_VS_LPS_STIM_MACROPHAGE_WBP7_KO_2H_UP","GSE30971_CTRL_VS_LPS_STIM_MACROPHAGE_WBP7_KO_2H_UP","37/2154","196/21355",0.000133924889362752,0.000430665383214939,0.000128383475536091
"GSE360_L_DONOVANI_VS_L_MAJOR_DC_DN","GSE360_L_DONOVANI_VS_L_MAJOR_DC_DN","37/2154","196/21355",0.000133924889362752,0.000430665383214939,0.000128383475536091
"GSE3982_MEMORY_CD4_TCELL_VS_TH2_UP","GSE3982_MEMORY_CD4_TCELL_VS_TH2_UP","37/2154","196/21355",0.000133924889362752,0.000430665383214939,0.000128383475536091
"GSE3982_NEUTROPHIL_VS_BASOPHIL_UP","GSE3982_NEUTROPHIL_VS_BASOPHIL_UP","37/2154","196/21355",0.000133924889362752,0.000430665383214939,0.000128383475536091
"GSE14699_NAIVE_VS_ACT_CD8_TCELL_DN","GSE14699_NAIVE_VS_ACT_CD8_TCELL_DN","34/2154","175/21355",0.000138458955202305,0.000444128380143907,0.000132396861343815
"GSE15271_CXCR4_POS_VS_NEG_GC_BCELL_DN","GSE15271_CXCR4_POS_VS_NEG_GC_BCELL_DN","34/2154","175/21355",0.000138458955202305,0.000444128380143907,0.000132396861343815
"GSE3920_IFNA_VS_IFNG_TREATED_FIBROBLAST_UP","GSE3920_IFNA_VS_IFNG_TREATED_FIBROBLAST_UP","34/2154","175/21355",0.000138458955202305,0.000444128380143907,0.000132396861343815
"GSE8685_IL2_ACT_IL2_STARVED_VS_IL21_ACT_IL2_STARVED_CD4_TCELL_UP","GSE8685_IL2_ACT_IL2_STARVED_VS_IL21_ACT_IL2_STARVED_CD4_TCELL_UP","34/2154","175/21355",0.000138458955202305,0.000444128380143907,0.000132396861343815
"GSE12003_4D_VS_8D_CULTURE_MIR223_KO_BM_PROGENITOR_DN","GSE12003_4D_VS_8D_CULTURE_MIR223_KO_BM_PROGENITOR_DN","33/2154","168/21355",0.000138769178790056,0.000444844395707558,0.000132610309115988
"GSE10325_CD4_TCELL_VS_LUPUS_CD4_TCELL_UP","GSE10325_CD4_TCELL_VS_LUPUS_CD4_TCELL_UP","37/2154","197/21355",0.000149153360851836,0.000475746184675881,0.000141822284869461
"GSE1460_CD4_THYMOCYTE_VS_NAIVE_CD4_TCELL_CORD_BLOOD_DN","GSE1460_CD4_THYMOCYTE_VS_NAIVE_CD4_TCELL_CORD_BLOOD_DN","37/2154","197/21355",0.000149153360851836,0.000475746184675881,0.000141822284869461
"GSE22886_NAIVE_CD8_TCELL_VS_NEUTROPHIL_DN","GSE22886_NAIVE_CD8_TCELL_VS_NEUTROPHIL_DN","37/2154","197/21355",0.000149153360851836,0.000475746184675881,0.000141822284869461
"GSE36826_WT_VS_IL1R_KO_SKIN_UP","GSE36826_WT_VS_IL1R_KO_SKIN_UP","37/2154","197/21355",0.000149153360851836,0.000475746184675881,0.000141822284869461
"GSE369_SOCS3_KO_VS_WT_LIVER_POST_IL6_INJECTION_UP","GSE369_SOCS3_KO_VS_WT_LIVER_POST_IL6_INJECTION_UP","37/2154","197/21355",0.000149153360851836,0.000475746184675881,0.000141822284869461
"GSE37416_0H_VS_3H_F_TULARENSIS_LVS_NEUTROPHIL_DN","GSE37416_0H_VS_3H_F_TULARENSIS_LVS_NEUTROPHIL_DN","37/2154","197/21355",0.000149153360851836,0.000475746184675881,0.000141822284869461
"GSE3982_DC_VS_BCELL_DN","GSE3982_DC_VS_BCELL_DN","37/2154","197/21355",0.000149153360851836,0.000475746184675881,0.000141822284869461
"GSE8515_CTRL_VS_IL1_4H_STIM_MAC_DN","GSE8515_CTRL_VS_IL1_4H_STIM_MAC_DN","37/2154","197/21355",0.000149153360851836,0.000475746184675881,0.000141822284869461
"GSE37301_CD4_TCELL_VS_GRANULOCYTE_MONOCYTE_PROGENITOR_UP","GSE37301_CD4_TCELL_VS_GRANULOCYTE_MONOCYTE_PROGENITOR_UP","32/2154","162/21355",0.000155999257110111,0.000497271946137156,0.000148239220564012
"GSE13411_IGM_MEMORY_BCELL_VS_PLASMA_CELL_UP","GSE13411_IGM_MEMORY_BCELL_VS_PLASMA_CELL_UP","37/2154","198/21355",0.000165922540020181,0.00052758827557412,0.00015727666794267
"GSE21927_SPLENIC_VS_TUMOR_MONOCYTES_FROM_C26GM_TUMOROUS_MICE_BALBC_DN","GSE21927_SPLENIC_VS_TUMOR_MONOCYTES_FROM_C26GM_TUMOROUS_MICE_BALBC_DN","37/2154","198/21355",0.000165922540020181,0.00052758827557412,0.00015727666794267
"GSE22611_UNSTIM_VS_6H_MDP_STIM_NOD2_TRANSDUCED_HEK293T_CELL_DN","GSE22611_UNSTIM_VS_6H_MDP_STIM_NOD2_TRANSDUCED_HEK293T_CELL_DN","37/2154","198/21355",0.000165922540020181,0.00052758827557412,0.00015727666794267
"GSE29618_LAIV_VS_TIV_FLU_VACCINE_DAY7_PDC_UP","GSE29618_LAIV_VS_TIV_FLU_VACCINE_DAY7_PDC_UP","37/2154","198/21355",0.000165922540020181,0.00052758827557412,0.00015727666794267
"GSE21063_CTRL_VS_ANTI_IGM_STIM_BCELL_NFATC1_KO_8H_UP","GSE21063_CTRL_VS_ANTI_IGM_STIM_BCELL_NFATC1_KO_8H_UP","36/2154","191/21355",0.000169145881969339,0.000537169499695174,0.000160132878124618
"GSE2706_UNSTIM_VS_2H_LPS_AND_R848_DC_DN","GSE2706_UNSTIM_VS_2H_LPS_AND_R848_DC_DN","36/2154","191/21355",0.000169145881969339,0.000537169499695174,0.000160132878124618
"GAUCHER_PBMC_YF_VAX_STAMARIL_UNKNOWN_AGE_28DY_UP","GAUCHER_PBMC_YF_VAX_STAMARIL_UNKNOWN_AGE_28DY_UP","10/2154","27/21355",0.000179292896391123,0.000569040707168101,0.000169633842317192
"GSE11961_GERMINAL_CENTER_BCELL_DAY7_VS_GERMINAL_CENTER_BCELL_DAY40_UP","GSE11961_GERMINAL_CENTER_BCELL_DAY7_VS_GERMINAL_CENTER_BCELL_DAY40_UP","37/2154","199/21355",0.000184367377741438,0.00057235604273951,0.000170622160208099
"GSE11961_MEMORY_BCELL_DAY7_VS_MEMORY_BCELL_DAY40_UP","GSE11961_MEMORY_BCELL_DAY7_VS_MEMORY_BCELL_DAY40_UP","37/2154","199/21355",0.000184367377741438,0.00057235604273951,0.000170622160208099
"GSE13485_DAY1_VS_DAY3_YF17D_VACCINE_PBMC_DN","GSE13485_DAY1_VS_DAY3_YF17D_VACCINE_PBMC_DN","37/2154","199/21355",0.000184367377741438,0.00057235604273951,0.000170622160208099
"GSE1460_CD4_THYMOCYTE_VS_NAIVE_CD4_TCELL_ADULT_BLOOD_UP","GSE1460_CD4_THYMOCYTE_VS_NAIVE_CD4_TCELL_ADULT_BLOOD_UP","37/2154","199/21355",0.000184367377741438,0.00057235604273951,0.000170622160208099
"GSE1460_CD4_THYMOCYTE_VS_THYMIC_STROMAL_CELL_DN","GSE1460_CD4_THYMOCYTE_VS_THYMIC_STROMAL_CELL_DN","37/2154","199/21355",0.000184367377741438,0.00057235604273951,0.000170622160208099
"GSE14699_NAIVE_VS_ACT_CD8_TCELL_UP","GSE14699_NAIVE_VS_ACT_CD8_TCELL_UP","37/2154","199/21355",0.000184367377741438,0.00057235604273951,0.000170622160208099
"GSE17721_0.5H_VS_8H_LPS_BMDC_UP","GSE17721_0.5H_VS_8H_LPS_BMDC_UP","37/2154","199/21355",0.000184367377741438,0.00057235604273951,0.000170622160208099
"GSE17721_4_VS_24H_GARDIQUIMOD_BMDC_DN","GSE17721_4_VS_24H_GARDIQUIMOD_BMDC_DN","37/2154","199/21355",0.000184367377741438,0.00057235604273951,0.000170622160208099
"GSE17721_POLYIC_VS_PAM3CSK4_16H_BMDC_DN","GSE17721_POLYIC_VS_PAM3CSK4_16H_BMDC_DN","37/2154","199/21355",0.000184367377741438,0.00057235604273951,0.000170622160208099
"GSE17974_CTRL_VS_ACT_IL4_AND_ANTI_IL12_12H_CD4_TCELL_DN","GSE17974_CTRL_VS_ACT_IL4_AND_ANTI_IL12_12H_CD4_TCELL_DN","37/2154","199/21355",0.000184367377741438,0.00057235604273951,0.000170622160208099
"GSE18281_PERIMEDULLARY_CORTICAL_REGION_VS_WHOLE_MEDULLA_THYMUS_UP","GSE18281_PERIMEDULLARY_CORTICAL_REGION_VS_WHOLE_MEDULLA_THYMUS_UP","37/2154","199/21355",0.000184367377741438,0.00057235604273951,0.000170622160208099
"GSE19923_WT_VS_HEB_KO_DP_THYMOCYTE_DN","GSE19923_WT_VS_HEB_KO_DP_THYMOCYTE_DN","37/2154","199/21355",0.000184367377741438,0.00057235604273951,0.000170622160208099
"GSE20484_MCSG_VS_CXCL4_MONOCYTE_DERIVED_MACROPHAGE_UP","GSE20484_MCSG_VS_CXCL4_MONOCYTE_DERIVED_MACROPHAGE_UP","37/2154","199/21355",0.000184367377741438,0.00057235604273951,0.000170622160208099
"GSE21546_UNSTIM_VS_ANTI_CD3_STIM_DP_THYMOCYTES_DN","GSE21546_UNSTIM_VS_ANTI_CD3_STIM_DP_THYMOCYTES_DN","37/2154","199/21355",0.000184367377741438,0.00057235604273951,0.000170622160208099
"GSE22229_RENAL_TRANSPLANT_VS_HEALTHY_PBMC_UP","GSE22229_RENAL_TRANSPLANT_VS_HEALTHY_PBMC_UP","37/2154","199/21355",0.000184367377741438,0.00057235604273951,0.000170622160208099
"GSE22589_HEALTHY_VS_SIV_INFECTED_DC_UP","GSE22589_HEALTHY_VS_SIV_INFECTED_DC_UP","37/2154","199/21355",0.000184367377741438,0.00057235604273951,0.000170622160208099
"GSE22886_NAIVE_CD8_TCELL_VS_MEMORY_TCELL_DN","GSE22886_NAIVE_CD8_TCELL_VS_MEMORY_TCELL_DN","37/2154","199/21355",0.000184367377741438,0.00057235604273951,0.000170622160208099
"GSE23114_PERITONEAL_CAVITY_B1A_BCELL_VS_SPLEEN_BCELL_IN_SLE2C1_MOUSE_UP","GSE23114_PERITONEAL_CAVITY_B1A_BCELL_VS_SPLEEN_BCELL_IN_SLE2C1_MOUSE_UP","37/2154","199/21355",0.000184367377741438,0.00057235604273951,0.000170622160208099
"GSE23308_WT_VS_MINERALCORTICOID_REC_KO_MACROPHAGE_CORTICOSTERONE_TREATED_UP","GSE23308_WT_VS_MINERALCORTICOID_REC_KO_MACROPHAGE_CORTICOSTERONE_TREATED_UP","37/2154","199/21355",0.000184367377741438,0.00057235604273951,0.000170622160208099
"GSE29164_DAY3_VS_DAY7_UNTREATED_MELANOMA_DN","GSE29164_DAY3_VS_DAY7_UNTREATED_MELANOMA_DN","37/2154","199/21355",0.000184367377741438,0.00057235604273951,0.000170622160208099
"GSE3039_NKT_CELL_VS_B1_BCELL_UP","GSE3039_NKT_CELL_VS_B1_BCELL_UP","37/2154","199/21355",0.000184367377741438,0.00057235604273951,0.000170622160208099
"GSE32986_GMCSF_AND_CURDLAN_LOWDOSE_VS_GMCSF_AND_CURDLAN_HIGHDOSE_STIM_DC_UP","GSE32986_GMCSF_AND_CURDLAN_LOWDOSE_VS_GMCSF_AND_CURDLAN_HIGHDOSE_STIM_DC_UP","37/2154","199/21355",0.000184367377741438,0.00057235604273951,0.000170622160208099
"GSE35435_RESTING_VS_IL4_TREATED_MACROPHAGE_UP","GSE35435_RESTING_VS_IL4_TREATED_MACROPHAGE_UP","37/2154","199/21355",0.000184367377741438,0.00057235604273951,0.000170622160208099
"GSE360_L_DONOVANI_VS_T_GONDII_MAC_UP","GSE360_L_DONOVANI_VS_T_GONDII_MAC_UP","37/2154","199/21355",0.000184367377741438,0.00057235604273951,0.000170622160208099
"GSE360_L_MAJOR_VS_B_MALAYI_LOW_DOSE_MAC_DN","GSE360_L_MAJOR_VS_B_MALAYI_LOW_DOSE_MAC_DN","37/2154","199/21355",0.000184367377741438,0.00057235604273951,0.000170622160208099
"GSE360_LOW_DOSE_B_MALAYI_VS_M_TUBERCULOSIS_MAC_UP","GSE360_LOW_DOSE_B_MALAYI_VS_M_TUBERCULOSIS_MAC_UP","37/2154","199/21355",0.000184367377741438,0.00057235604273951,0.000170622160208099
"GSE36392_EOSINOPHIL_VS_NEUTROPHIL_IL25_TREATED_LUNG_DN","GSE36392_EOSINOPHIL_VS_NEUTROPHIL_IL25_TREATED_LUNG_DN","37/2154","199/21355",0.000184367377741438,0.00057235604273951,0.000170622160208099
"GSE36527_CD62L_HIGH_CD69_NEG_VS_CD62L_LOW_CD69_POS_TREG_KLRG1_NEG_UP","GSE36527_CD62L_HIGH_CD69_NEG_VS_CD62L_LOW_CD69_POS_TREG_KLRG1_NEG_UP","37/2154","199/21355",0.000184367377741438,0.00057235604273951,0.000170622160208099
"GSE37534_UNTREATED_VS_GW1929_TREATED_CD4_TCELL_PPARG1_AND_FOXP3_TRASDUCED_UP","GSE37534_UNTREATED_VS_GW1929_TREATED_CD4_TCELL_PPARG1_AND_FOXP3_TRASDUCED_UP","37/2154","199/21355",0.000184367377741438,0.00057235604273951,0.000170622160208099
"GSE3982_MAST_CELL_VS_TH1_UP","GSE3982_MAST_CELL_VS_TH1_UP","37/2154","199/21355",0.000184367377741438,0.00057235604273951,0.000170622160208099
"GSE40274_FOXP3_VS_FOXP3_AND_PBX1_TRANSDUCED_ACTIVATED_CD4_TCELL_DN","GSE40274_FOXP3_VS_FOXP3_AND_PBX1_TRANSDUCED_ACTIVATED_CD4_TCELL_DN","37/2154","199/21355",0.000184367377741438,0.00057235604273951,0.000170622160208099
"GSE46606_IRF4HIGH_VS_IRF4MID_CD40L_IL2_IL5_DAY3_STIMULATED_BCELL_DN","GSE46606_IRF4HIGH_VS_IRF4MID_CD40L_IL2_IL5_DAY3_STIMULATED_BCELL_DN","37/2154","199/21355",0.000184367377741438,0.00057235604273951,0.000170622160208099
"GSE5679_RARA_AGONIST_AM580_VS_AM580_AND_ROSIGLITAZONE_TREATED_DC_UP","GSE5679_RARA_AGONIST_AM580_VS_AM580_AND_ROSIGLITAZONE_TREATED_DC_UP","37/2154","199/21355",0.000184367377741438,0.00057235604273951,0.000170622160208099
"GSE6875_WT_VS_FOXP3_KO_TREG_DN","GSE6875_WT_VS_FOXP3_KO_TREG_DN","37/2154","199/21355",0.000184367377741438,0.00057235604273951,0.000170622160208099
"GSE7831_1H_VS_4H_CPG_STIM_PDC_DN","GSE7831_1H_VS_4H_CPG_STIM_PDC_DN","37/2154","199/21355",0.000184367377741438,0.00057235604273951,0.000170622160208099
"GSE7852_LN_VS_THYMUS_TREG_UP","GSE7852_LN_VS_THYMUS_TREG_UP","37/2154","199/21355",0.000184367377741438,0.00057235604273951,0.000170622160208099
"GSE21927_UNTREATED_VS_GMCSF_GCSF_TREATED_BONE_MARROW_DN","GSE21927_UNTREATED_VS_GMCSF_GCSF_TREATED_BONE_MARROW_DN","36/2154","192/21355",0.000188325926387953,0.000584290328653886,0.000174179829720079
"GSE21927_SPLENIC_C26GM_TUMOROUS_VS_4T1_TUMOR_MONOCYTES_UP","GSE21927_SPLENIC_C26GM_TUMOROUS_VS_4T1_TUMOR_MONOCYTES_UP","35/2154","185/21355",0.000191725257481132,0.000593132861717934,0.000176815832453409
"GSE10273_HIGH_VS_LOW_IL7_TREATED_IRF4_8_NULL_PRE_BCELL_UP","GSE10273_HIGH_VS_LOW_IL7_TREATED_IRF4_8_NULL_PRE_BCELL_UP","37/2154","200/21355",0.000204632577365624,0.000593132861717934,0.000176815832453409
"GSE1112_OT1_VS_HY_CD8AB_THYMOCYTE_RTOC_CULTURE_UP","GSE1112_OT1_VS_HY_CD8AB_THYMOCYTE_RTOC_CULTURE_UP","37/2154","200/21355",0.000204632577365624,0.000593132861717934,0.000176815832453409
"GSE11961_FOLLICULAR_BCELL_VS_GERMINAL_CENTER_BCELL_DAY40_DN","GSE11961_FOLLICULAR_BCELL_VS_GERMINAL_CENTER_BCELL_DAY40_DN","37/2154","200/21355",0.000204632577365624,0.000593132861717934,0.000176815832453409
"GSE11961_GERMINAL_CENTER_BCELL_DAY7_VS_MEMORY_BCELL_DAY40_UP","GSE11961_GERMINAL_CENTER_BCELL_DAY7_VS_MEMORY_BCELL_DAY40_UP","37/2154","200/21355",0.000204632577365624,0.000593132861717934,0.000176815832453409
"GSE11961_MARGINAL_ZONE_BCELL_VS_PLASMA_CELL_DAY7_UP","GSE11961_MARGINAL_ZONE_BCELL_VS_PLASMA_CELL_DAY7_UP","37/2154","200/21355",0.000204632577365624,0.000593132861717934,0.000176815832453409
"GSE11961_MEMORY_BCELL_DAY7_VS_GERMINAL_CENTER_BCELL_DAY7_UP","GSE11961_MEMORY_BCELL_DAY7_VS_GERMINAL_CENTER_BCELL_DAY7_UP","37/2154","200/21355",0.000204632577365624,0.000593132861717934,0.000176815832453409
"GSE12392_CD8A_POS_VS_NEG_SPLEEN_IFNB_KO_DC_DN","GSE12392_CD8A_POS_VS_NEG_SPLEEN_IFNB_KO_DC_DN","37/2154","200/21355",0.000204632577365624,0.000593132861717934,0.000176815832453409
"GSE12392_WT_VS_IFNB_KO_CD8A_POS_SPLEEN_DC_UP","GSE12392_WT_VS_IFNB_KO_CD8A_POS_SPLEEN_DC_UP","37/2154","200/21355",0.000204632577365624,0.000593132861717934,0.000176815832453409
"GSE13306_TREG_VS_TCONV_DN","GSE13306_TREG_VS_TCONV_DN","37/2154","200/21355",0.000204632577365624,0.000593132861717934,0.000176815832453409
"GSE14308_TH1_VS_TH17_DN","GSE14308_TH1_VS_TH17_DN","37/2154","200/21355",0.000204632577365624,0.000593132861717934,0.000176815832453409
"GSE1448_ANTI_VALPHA2_VS_VBETA5_DP_THYMOCYTE_UP","GSE1448_ANTI_VALPHA2_VS_VBETA5_DP_THYMOCYTE_UP","37/2154","200/21355",0.000204632577365624,0.000593132861717934,0.000176815832453409
"GSE14769_UNSTIM_VS_80MIN_LPS_BMDM_UP","GSE14769_UNSTIM_VS_80MIN_LPS_BMDM_UP","37/2154","200/21355",0.000204632577365624,0.000593132861717934,0.000176815832453409
"GSE15330_LYMPHOID_MULTIPOTENT_VS_PRO_BCELL_DN","GSE15330_LYMPHOID_MULTIPOTENT_VS_PRO_BCELL_DN","37/2154","200/21355",0.000204632577365624,0.000593132861717934,0.000176815832453409
"GSE15930_NAIVE_VS_72H_IN_VITRO_STIM_CD8_TCELL_UP","GSE15930_NAIVE_VS_72H_IN_VITRO_STIM_CD8_TCELL_UP","37/2154","200/21355",0.000204632577365624,0.000593132861717934,0.000176815832453409
"GSE15930_NAIVE_VS_72H_IN_VITRO_STIM_IFNAB_CD8_TCELL_UP","GSE15930_NAIVE_VS_72H_IN_VITRO_STIM_IFNAB_CD8_TCELL_UP","37/2154","200/21355",0.000204632577365624,0.000593132861717934,0.000176815832453409
"GSE16385_IFNG_TNF_VS_IL4_STIM_MACROPHAGE_UP","GSE16385_IFNG_TNF_VS_IL4_STIM_MACROPHAGE_UP","37/2154","200/21355",0.000204632577365624,0.000593132861717934,0.000176815832453409
"GSE16385_MONOCYTE_VS_12H_ROSIGLITAZONE_TREATED_MACROPHAGE_DN","GSE16385_MONOCYTE_VS_12H_ROSIGLITAZONE_TREATED_MACROPHAGE_DN","37/2154","200/21355",0.000204632577365624,0.000593132861717934,0.000176815832453409
"GSE16385_UNTREATED_VS_12H_ROSIGLITAZONE_IL4_TREATED_MACROPHAGE_UP","GSE16385_UNTREATED_VS_12H_ROSIGLITAZONE_IL4_TREATED_MACROPHAGE_UP","37/2154","200/21355",0.000204632577365624,0.000593132861717934,0.000176815832453409
"GSE16522_MEMORY_VS_NAIVE_ANTI_CD3CD28_STIM_CD8_TCELL_DN","GSE16522_MEMORY_VS_NAIVE_ANTI_CD3CD28_STIM_CD8_TCELL_DN","37/2154","200/21355",0.000204632577365624,0.000593132861717934,0.000176815832453409
"GSE17186_BLOOD_VS_CORD_BLOOD_NAIVE_BCELL_UP","GSE17186_BLOOD_VS_CORD_BLOOD_NAIVE_BCELL_UP","37/2154","200/21355",0.000204632577365624,0.000593132861717934,0.000176815832453409
"GSE17301_CTRL_VS_48H_IFNA2_STIM_CD8_TCELL_UP","GSE17301_CTRL_VS_48H_IFNA2_STIM_CD8_TCELL_UP","37/2154","200/21355",0.000204632577365624,0.000593132861717934,0.000176815832453409
"GSE17721_0.5H_VS_12H_PAM3CSK4_BMDC_UP","GSE17721_0.5H_VS_12H_PAM3CSK4_BMDC_UP","37/2154","200/21355",0.000204632577365624,0.000593132861717934,0.000176815832453409
"GSE17721_12H_VS_24H_POLYIC_BMDC_DN","GSE17721_12H_VS_24H_POLYIC_BMDC_DN","37/2154","200/21355",0.000204632577365624,0.000593132861717934,0.000176815832453409
"GSE17721_4_VS_24H_GARDIQUIMOD_BMDC_UP","GSE17721_4_VS_24H_GARDIQUIMOD_BMDC_UP","37/2154","200/21355",0.000204632577365624,0.000593132861717934,0.000176815832453409
"GSE17721_4H_VS_24H_POLYIC_BMDC_DN","GSE17721_4H_VS_24H_POLYIC_BMDC_DN","37/2154","200/21355",0.000204632577365624,0.000593132861717934,0.000176815832453409
"GSE17721_CTRL_VS_LPS_4H_BMDC_UP","GSE17721_CTRL_VS_LPS_4H_BMDC_UP","37/2154","200/21355",0.000204632577365624,0.000593132861717934,0.000176815832453409
"GSE17721_CTRL_VS_PAM3CSK4_12H_BMDC_UP","GSE17721_CTRL_VS_PAM3CSK4_12H_BMDC_UP","37/2154","200/21355",0.000204632577365624,0.000593132861717934,0.000176815832453409
"GSE17721_CTRL_VS_PAM3CSK4_8H_BMDC_DN","GSE17721_CTRL_VS_PAM3CSK4_8H_BMDC_DN","37/2154","200/21355",0.000204632577365624,0.000593132861717934,0.000176815832453409
"GSE17721_LPS_VS_CPG_8H_BMDC_UP","GSE17721_LPS_VS_CPG_8H_BMDC_UP","37/2154","200/21355",0.000204632577365624,0.000593132861717934,0.000176815832453409
"GSE17721_LPS_VS_POLYIC_2H_BMDC_DN","GSE17721_LPS_VS_POLYIC_2H_BMDC_DN","37/2154","200/21355",0.000204632577365624,0.000593132861717934,0.000176815832453409
"GSE17721_PAM3CSK4_VS_CPG_12H_BMDC_DN","GSE17721_PAM3CSK4_VS_CPG_12H_BMDC_DN","37/2154","200/21355",0.000204632577365624,0.000593132861717934,0.000176815832453409
"GSE17721_POLYIC_VS_GARDIQUIMOD_8H_BMDC_UP","GSE17721_POLYIC_VS_GARDIQUIMOD_8H_BMDC_UP","37/2154","200/21355",0.000204632577365624,0.000593132861717934,0.000176815832453409
"GSE18281_PERIMEDULLARY_CORTICAL_REGION_VS_WHOLE_CORTEX_THYMUS_UP","GSE18281_PERIMEDULLARY_CORTICAL_REGION_VS_WHOLE_CORTEX_THYMUS_UP","37/2154","200/21355",0.000204632577365624,0.000593132861717934,0.000176815832453409
"GSE18804_SPLEEN_MACROPHAGE_VS_COLON_TUMORAL_MACROPHAGE_UP","GSE18804_SPLEEN_MACROPHAGE_VS_COLON_TUMORAL_MACROPHAGE_UP","37/2154","200/21355",0.000204632577365624,0.000593132861717934,0.000176815832453409
"GSE18893_CTRL_VS_TNF_TREATED_TREG_2H_UP","GSE18893_CTRL_VS_TNF_TREATED_TREG_2H_UP","37/2154","200/21355",0.000204632577365624,0.000593132861717934,0.000176815832453409
"GSE19825_CD24LOW_VS_IL2RA_HIGH_DAY3_EFF_CD8_TCELL_UP","GSE19825_CD24LOW_VS_IL2RA_HIGH_DAY3_EFF_CD8_TCELL_UP","37/2154","200/21355",0.000204632577365624,0.000593132861717934,0.000176815832453409
"GSE19923_HEB_KO_VS_HEB_AND_E2A_KO_DP_THYMOCYTE_DN","GSE19923_HEB_KO_VS_HEB_AND_E2A_KO_DP_THYMOCYTE_DN","37/2154","200/21355",0.000204632577365624,0.000593132861717934,0.000176815832453409
"GSE19941_IL10_KO_VS_IL10_KO_AND_NFKBP50_KO_UNSTIM_MACROPHAGE_DN","GSE19941_IL10_KO_VS_IL10_KO_AND_NFKBP50_KO_UNSTIM_MACROPHAGE_DN","37/2154","200/21355",0.000204632577365624,0.000593132861717934,0.000176815832453409
"GSE20152_SPHK1_KO_VS_WT_HTNFA_OVERXPRESS_ANKLE_DN","GSE20152_SPHK1_KO_VS_WT_HTNFA_OVERXPRESS_ANKLE_DN","37/2154","200/21355",0.000204632577365624,0.000593132861717934,0.000176815832453409
"GSE20715_0H_VS_48H_OZONE_TLR4_KO_LUNG_UP","GSE20715_0H_VS_48H_OZONE_TLR4_KO_LUNG_UP","37/2154","200/21355",0.000204632577365624,0.000593132861717934,0.000176815832453409
"GSE20715_0H_VS_6H_OZONE_LUNG_UP","GSE20715_0H_VS_6H_OZONE_LUNG_UP","37/2154","200/21355",0.000204632577365624,0.000593132861717934,0.000176815832453409
"GSE21063_CTRL_VS_ANTI_IGM_STIM_BCELL_NFATC1_KO_3H_UP","GSE21063_CTRL_VS_ANTI_IGM_STIM_BCELL_NFATC1_KO_3H_UP","37/2154","200/21355",0.000204632577365624,0.000593132861717934,0.000176815832453409
"GSE2128_C57BL6_VS_NOD_THYMOCYTE_DN","GSE2128_C57BL6_VS_NOD_THYMOCYTE_DN","37/2154","200/21355",0.000204632577365624,0.000593132861717934,0.000176815832453409
"GSE21670_TGFB_VS_IL6_TREATED_STAT3_KO_CD4_TCELL_DN","GSE21670_TGFB_VS_IL6_TREATED_STAT3_KO_CD4_TCELL_DN","37/2154","200/21355",0.000204632577365624,0.000593132861717934,0.000176815832453409
"GSE22886_NAIVE_CD8_TCELL_VS_NEUTROPHIL_UP","GSE22886_NAIVE_CD8_TCELL_VS_NEUTROPHIL_UP","37/2154","200/21355",0.000204632577365624,0.000593132861717934,0.000176815832453409
"GSE22919_RESTING_VS_IL2_IL12_IL15_STIM_NK_CELL_DN","GSE22919_RESTING_VS_IL2_IL12_IL15_STIM_NK_CELL_DN","37/2154","200/21355",0.000204632577365624,0.000593132861717934,0.000176815832453409
"GSE22935_UNSTIM_VS_12H_MBOVIS_BCG_STIM_MYD88_KO_MACROPHAGE_DN","GSE22935_UNSTIM_VS_12H_MBOVIS_BCG_STIM_MYD88_KO_MACROPHAGE_DN","37/2154","200/21355",0.000204632577365624,0.000593132861717934,0.000176815832453409
"GSE22935_UNSTIM_VS_24H_MBOVIS_BCG_STIM_MACROPHAGE_UP","GSE22935_UNSTIM_VS_24H_MBOVIS_BCG_STIM_MACROPHAGE_UP","37/2154","200/21355",0.000204632577365624,0.000593132861717934,0.000176815832453409
"GSE23114_WT_VS_SLE2C1_MOUSE_SPLEEN_B1A_BCELL_UP","GSE23114_WT_VS_SLE2C1_MOUSE_SPLEEN_B1A_BCELL_UP","37/2154","200/21355",0.000204632577365624,0.000593132861717934,0.000176815832453409
"GSE23502_WT_VS_HDC_KO_MYELOID_DERIVED_SUPPRESSOR_CELL_COLON_TUMOR_UP","GSE23502_WT_VS_HDC_KO_MYELOID_DERIVED_SUPPRESSOR_CELL_COLON_TUMOR_UP","37/2154","200/21355",0.000204632577365624,0.000593132861717934,0.000176815832453409
"GSE2405_0H_VS_24H_A_PHAGOCYTOPHILUM_STIM_NEUTROPHIL_DN","GSE2405_0H_VS_24H_A_PHAGOCYTOPHILUM_STIM_NEUTROPHIL_DN","37/2154","200/21355",0.000204632577365624,0.000593132861717934,0.000176815832453409
"GSE24142_ADULT_VS_FETAL_DN3_THYMOCYTE_UP","GSE24142_ADULT_VS_FETAL_DN3_THYMOCYTE_UP","37/2154","200/21355",0.000204632577365624,0.000593132861717934,0.000176815832453409
"GSE24634_NAIVE_CD4_TCELL_VS_DAY7_IL4_CONV_TREG_UP","GSE24634_NAIVE_CD4_TCELL_VS_DAY7_IL4_CONV_TREG_UP","37/2154","200/21355",0.000204632577365624,0.000593132861717934,0.000176815832453409
"GSE24972_WT_VS_IRF8_KO_MARGINAL_ZONE_SPLEEN_BCELL_UP","GSE24972_WT_VS_IRF8_KO_MARGINAL_ZONE_SPLEEN_BCELL_UP","37/2154","200/21355",0.000204632577365624,0.000593132861717934,0.000176815832453409
"GSE25088_IL4_VS_IL4_AND_ROSIGLITAZONE_STIM_MACROPHAGE_DAY10_DN","GSE25088_IL4_VS_IL4_AND_ROSIGLITAZONE_STIM_MACROPHAGE_DAY10_DN","37/2154","200/21355",0.000204632577365624,0.000593132861717934,0.000176815832453409
"GSE27670_CTRL_VS_LMP1_TRANSDUCED_GC_BCELL_DN","GSE27670_CTRL_VS_LMP1_TRANSDUCED_GC_BCELL_DN","37/2154","200/21355",0.000204632577365624,0.000593132861717934,0.000176815832453409
"GSE27786_LIN_NEG_VS_NEUTROPHIL_DN","GSE27786_LIN_NEG_VS_NEUTROPHIL_DN","37/2154","200/21355",0.000204632577365624,0.000593132861717934,0.000176815832453409
"GSE27786_LSK_VS_CD4_TCELL_DN","GSE27786_LSK_VS_CD4_TCELL_DN","37/2154","200/21355",0.000204632577365624,0.000593132861717934,0.000176815832453409
"GSE27786_NKCELL_VS_ERYTHROBLAST_UP","GSE27786_NKCELL_VS_ERYTHROBLAST_UP","37/2154","200/21355",0.000204632577365624,0.000593132861717934,0.000176815832453409
"GSE27786_NKCELL_VS_MONO_MAC_DN","GSE27786_NKCELL_VS_MONO_MAC_DN","37/2154","200/21355",0.000204632577365624,0.000593132861717934,0.000176815832453409
"GSE27859_CD11C_INT_F480_HI_MACROPHAGE_VS_CD11C_ING_F480_INT_DC_DN","GSE27859_CD11C_INT_F480_HI_MACROPHAGE_VS_CD11C_ING_F480_INT_DC_DN","37/2154","200/21355",0.000204632577365624,0.000593132861717934,0.000176815832453409
"GSE27859_DC_VS_CD11C_INT_F480_INT_DC_UP","GSE27859_DC_VS_CD11C_INT_F480_INT_DC_UP","37/2154","200/21355",0.000204632577365624,0.000593132861717934,0.000176815832453409
"GSE28726_NAIVE_CD4_TCELL_VS_NAIVE_NKTCELL_UP","GSE28726_NAIVE_CD4_TCELL_VS_NAIVE_NKTCELL_UP","37/2154","200/21355",0.000204632577365624,0.000593132861717934,0.000176815832453409
"GSE29164_CD8_TCELL_VS_CD8_TCELL_AND_IL12_TREATED_MELANOMA_DAY3_UP","GSE29164_CD8_TCELL_VS_CD8_TCELL_AND_IL12_TREATED_MELANOMA_DAY3_UP","37/2154","200/21355",0.000204632577365624,0.000593132861717934,0.000176815832453409
"GSE3039_CD4_TCELL_VS_B1_BCELL_UP","GSE3039_CD4_TCELL_VS_B1_BCELL_UP","37/2154","200/21355",0.000204632577365624,0.000593132861717934,0.000176815832453409
"GSE30971_WBP7_HET_VS_KO_MACROPHAGE_UP","GSE30971_WBP7_HET_VS_KO_MACROPHAGE_UP","37/2154","200/21355",0.000204632577365624,0.000593132861717934,0.000176815832453409
"GSE32034_LY6C_HIGH_VS_LOW_ROSIGLIZATONE_TREATED_MONOCYTE_DN","GSE32034_LY6C_HIGH_VS_LOW_ROSIGLIZATONE_TREATED_MONOCYTE_DN","37/2154","200/21355",0.000204632577365624,0.000593132861717934,0.000176815832453409
"GSE32423_CTRL_VS_IL4_MEMORY_CD8_TCELL_DN","GSE32423_CTRL_VS_IL4_MEMORY_CD8_TCELL_DN","37/2154","200/21355",0.000204632577365624,0.000593132861717934,0.000176815832453409
"GSE32423_MEMORY_VS_NAIVE_CD8_TCELL_DN","GSE32423_MEMORY_VS_NAIVE_CD8_TCELL_DN","37/2154","200/21355",0.000204632577365624,0.000593132861717934,0.000176815832453409
"GSE32533_WT_VS_MIR17_KO_ACT_CD4_TCELL_UP","GSE32533_WT_VS_MIR17_KO_ACT_CD4_TCELL_UP","37/2154","200/21355",0.000204632577365624,0.000593132861717934,0.000176815832453409
"GSE32986_UNSTIM_VS_CURDLAN_HIGHDOSE_STIM_DC_DN","GSE32986_UNSTIM_VS_CURDLAN_HIGHDOSE_STIM_DC_DN","37/2154","200/21355",0.000204632577365624,0.000593132861717934,0.000176815832453409
"GSE3337_CTRL_VS_16H_IFNG_IN_CD8POS_DC_DN","GSE3337_CTRL_VS_16H_IFNG_IN_CD8POS_DC_DN","37/2154","200/21355",0.000204632577365624,0.000593132861717934,0.000176815832453409
"GSE339_EX_VIVO_VS_IN_CULTURE_CD4CD8DN_DC_UP","GSE339_EX_VIVO_VS_IN_CULTURE_CD4CD8DN_DC_UP","37/2154","200/21355",0.000204632577365624,0.000593132861717934,0.000176815832453409
"GSE34392_ST2_KO_VS_WT_DAY8_LCMV_EFFECTOR_CD8_TCELL_DN","GSE34392_ST2_KO_VS_WT_DAY8_LCMV_EFFECTOR_CD8_TCELL_DN","37/2154","200/21355",0.000204632577365624,0.000593132861717934,0.000176815832453409
"GSE360_HIGH_VS_LOW_DOSE_B_MALAYI_DC_DN","GSE360_HIGH_VS_LOW_DOSE_B_MALAYI_DC_DN","37/2154","200/21355",0.000204632577365624,0.000593132861717934,0.000176815832453409
"GSE360_L_MAJOR_VS_B_MALAYI_LOW_DOSE_DC_DN","GSE360_L_MAJOR_VS_B_MALAYI_LOW_DOSE_DC_DN","37/2154","200/21355",0.000204632577365624,0.000593132861717934,0.000176815832453409
"GSE360_T_GONDII_VS_B_MALAYI_HIGH_DOSE_DC_DN","GSE360_T_GONDII_VS_B_MALAYI_HIGH_DOSE_DC_DN","37/2154","200/21355",0.000204632577365624,0.000593132861717934,0.000176815832453409
"GSE36078_UNTREATED_VS_AD5_INF_IL1R_KO_MOUSE_LUNG_DC_UP","GSE36078_UNTREATED_VS_AD5_INF_IL1R_KO_MOUSE_LUNG_DC_UP","37/2154","200/21355",0.000204632577365624,0.000593132861717934,0.000176815832453409
"GSE36078_UNTREATED_VS_AD5_INF_MOUSE_LUNG_DC_DN","GSE36078_UNTREATED_VS_AD5_INF_MOUSE_LUNG_DC_DN","37/2154","200/21355",0.000204632577365624,0.000593132861717934,0.000176815832453409
"GSE36476_CTRL_VS_TSST_ACT_72H_MEMORY_CD4_TCELL_YOUNG_DN","GSE36476_CTRL_VS_TSST_ACT_72H_MEMORY_CD4_TCELL_YOUNG_DN","37/2154","200/21355",0.000204632577365624,0.000593132861717934,0.000176815832453409
"GSE3691_CONVENTIONAL_VS_PLASMACYTOID_DC_SPLEEN_UP","GSE3691_CONVENTIONAL_VS_PLASMACYTOID_DC_SPLEEN_UP","37/2154","200/21355",0.000204632577365624,0.000593132861717934,0.000176815832453409
"GSE3691_IFN_PRODUCING_KILLER_DC_VS_CONVENTIONAL_DC_SPLEEN_UP","GSE3691_IFN_PRODUCING_KILLER_DC_VS_CONVENTIONAL_DC_SPLEEN_UP","37/2154","200/21355",0.000204632577365624,0.000593132861717934,0.000176815832453409
"GSE3720_VD1_VS_VD2_GAMMADELTA_TCELL_WITH_LPS_STIM_DN","GSE3720_VD1_VS_VD2_GAMMADELTA_TCELL_WITH_LPS_STIM_DN","37/2154","200/21355",0.000204632577365624,0.000593132861717934,0.000176815832453409
"GSE3720_VD1_VS_VD2_GAMMADELTA_TCELL_WITH_PMA_STIM_DN","GSE3720_VD1_VS_VD2_GAMMADELTA_TCELL_WITH_PMA_STIM_DN","37/2154","200/21355",0.000204632577365624,0.000593132861717934,0.000176815832453409
"GSE39110_DAY3_VS_DAY6_POST_IMMUNIZATION_CD8_TCELL_DN","GSE39110_DAY3_VS_DAY6_POST_IMMUNIZATION_CD8_TCELL_DN","37/2154","200/21355",0.000204632577365624,0.000593132861717934,0.000176815832453409
"GSE39110_UNTREATED_VS_IL2_TREATED_CD8_TCELL_DAY6_POST_IMMUNIZATION_DN","GSE39110_UNTREATED_VS_IL2_TREATED_CD8_TCELL_DAY6_POST_IMMUNIZATION_DN","37/2154","200/21355",0.000204632577365624,0.000593132861717934,0.000176815832453409
"GSE3982_CENT_MEMORY_CD4_TCELL_VS_TH1_DN","GSE3982_CENT_MEMORY_CD4_TCELL_VS_TH1_DN","37/2154","200/21355",0.000204632577365624,0.000593132861717934,0.000176815832453409
"GSE40274_FOXP3_VS_FOXP3_AND_PBX1_TRANSDUCED_ACTIVATED_CD4_TCELL_UP","GSE40274_FOXP3_VS_FOXP3_AND_PBX1_TRANSDUCED_ACTIVATED_CD4_TCELL_UP","37/2154","200/21355",0.000204632577365624,0.000593132861717934,0.000176815832453409
"GSE40655_FOXO1_KO_VS_WT_NTREG_DN","GSE40655_FOXO1_KO_VS_WT_NTREG_DN","37/2154","200/21355",0.000204632577365624,0.000593132861717934,0.000176815832453409
"GSE41087_WT_VS_FOXP3_MUT_ANTI_CD3_CD28_STIM_CD4_TCELL_DN","GSE41087_WT_VS_FOXP3_MUT_ANTI_CD3_CD28_STIM_CD4_TCELL_DN","37/2154","200/21355",0.000204632577365624,0.000593132861717934,0.000176815832453409
"GSE41867_DAY8_EFFECTOR_VS_DAY30_EXHAUSTED_CD8_TCELL_LCMV_CLONE13_DN","GSE41867_DAY8_EFFECTOR_VS_DAY30_EXHAUSTED_CD8_TCELL_LCMV_CLONE13_DN","37/2154","200/21355",0.000204632577365624,0.000593132861717934,0.000176815832453409
"GSE41867_MEMORY_VS_EXHAUSTED_CD8_TCELL_DAY30_LCMV_DN","GSE41867_MEMORY_VS_EXHAUSTED_CD8_TCELL_DAY30_LCMV_DN","37/2154","200/21355",0.000204632577365624,0.000593132861717934,0.000176815832453409
"GSE42021_CD24HI_VS_CD24INT_TCONV_THYMUS_UP","GSE42021_CD24HI_VS_CD24INT_TCONV_THYMUS_UP","37/2154","200/21355",0.000204632577365624,0.000593132861717934,0.000176815832453409
"GSE42088_UNINF_VS_LEISHMANIA_INF_DC_8H_UP","GSE42088_UNINF_VS_LEISHMANIA_INF_DC_8H_UP","37/2154","200/21355",0.000204632577365624,0.000593132861717934,0.000176815832453409
"GSE42724_NAIVE_VS_B1_BCELL_UP","GSE42724_NAIVE_VS_B1_BCELL_UP","37/2154","200/21355",0.000204632577365624,0.000593132861717934,0.000176815832453409
"GSE43863_DAY6_EFF_VS_DAY150_MEM_LY6C_INT_CXCR5POS_CD4_TCELL_UP","GSE43863_DAY6_EFF_VS_DAY150_MEM_LY6C_INT_CXCR5POS_CD4_TCELL_UP","37/2154","200/21355",0.000204632577365624,0.000593132861717934,0.000176815832453409
"GSE43863_TH1_VS_LY6C_INT_CXCR5POS_MEMORY_CD4_TCELL_UP","GSE43863_TH1_VS_LY6C_INT_CXCR5POS_MEMORY_CD4_TCELL_UP","37/2154","200/21355",0.000204632577365624,0.000593132861717934,0.000176815832453409
"GSE43955_1H_VS_20H_ACT_CD4_TCELL_UP","GSE43955_1H_VS_20H_ACT_CD4_TCELL_UP","37/2154","200/21355",0.000204632577365624,0.000593132861717934,0.000176815832453409
"GSE43955_1H_VS_42H_ACT_CD4_TCELL_UP","GSE43955_1H_VS_42H_ACT_CD4_TCELL_UP","37/2154","200/21355",0.000204632577365624,0.000593132861717934,0.000176815832453409
"GSE43955_1H_VS_60H_ACT_CD4_TCELL_UP","GSE43955_1H_VS_60H_ACT_CD4_TCELL_UP","37/2154","200/21355",0.000204632577365624,0.000593132861717934,0.000176815832453409
"GSE43955_TH0_VS_TGFB_IL6_IL23_TH17_ACT_CD4_TCELL_60H_UP","GSE43955_TH0_VS_TGFB_IL6_IL23_TH17_ACT_CD4_TCELL_60H_UP","37/2154","200/21355",0.000204632577365624,0.000593132861717934,0.000176815832453409
"GSE43955_TH0_VS_TGFB_IL6_TH17_ACT_CD4_TCELL_10H_UP","GSE43955_TH0_VS_TGFB_IL6_TH17_ACT_CD4_TCELL_10H_UP","37/2154","200/21355",0.000204632577365624,0.000593132861717934,0.000176815832453409
"GSE45365_NK_CELL_VS_CD8_TCELL_MCMV_INFECTION_DN","GSE45365_NK_CELL_VS_CD8_TCELL_MCMV_INFECTION_DN","37/2154","200/21355",0.000204632577365624,0.000593132861717934,0.000176815832453409
"GSE46606_IRF4HIGH_VS_WT_CD40L_IL2_IL5_DAY1_STIMULATED_BCELL_UP","GSE46606_IRF4HIGH_VS_WT_CD40L_IL2_IL5_DAY1_STIMULATED_BCELL_UP","37/2154","200/21355",0.000204632577365624,0.000593132861717934,0.000176815832453409
"GSE4748_CTRL_VS_LPS_AND_CYANOBACTERIUM_LPSLIKE_STIM_DC_3H_DN","GSE4748_CTRL_VS_LPS_AND_CYANOBACTERIUM_LPSLIKE_STIM_DC_3H_DN","37/2154","200/21355",0.000204632577365624,0.000593132861717934,0.000176815832453409
"GSE5099_UNSTIM_VS_MCSF_TREATED_MONOCYTE_DAY3_DN","GSE5099_UNSTIM_VS_MCSF_TREATED_MONOCYTE_DAY3_DN","37/2154","200/21355",0.000204632577365624,0.000593132861717934,0.000176815832453409
"GSE5589_IL6_KO_VS_IL10_KO_LPS_AND_IL10_STIM_MACROPHAGE_45MIN_UP","GSE5589_IL6_KO_VS_IL10_KO_LPS_AND_IL10_STIM_MACROPHAGE_45MIN_UP","37/2154","200/21355",0.000204632577365624,0.000593132861717934,0.000176815832453409
"GSE5589_IL6_KO_VS_IL10_KO_LPS_STIM_MACROPHAGE_45MIN_UP","GSE5589_IL6_KO_VS_IL10_KO_LPS_STIM_MACROPHAGE_45MIN_UP","37/2154","200/21355",0.000204632577365624,0.000593132861717934,0.000176815832453409
"GSE5589_LPS_AND_IL10_VS_LPS_AND_IL6_STIM_IL6_KO_MACROPHAGE_45MIN_DN","GSE5589_LPS_AND_IL10_VS_LPS_AND_IL6_STIM_IL6_KO_MACROPHAGE_45MIN_DN","37/2154","200/21355",0.000204632577365624,0.000593132861717934,0.000176815832453409
"GSE5589_LPS_VS_LPS_AND_IL10_STIM_IL10_KO_MACROPHAGE_45MIN_DN","GSE5589_LPS_VS_LPS_AND_IL10_STIM_IL10_KO_MACROPHAGE_45MIN_DN","37/2154","200/21355",0.000204632577365624,0.000593132861717934,0.000176815832453409
"GSE5589_LPS_VS_LPS_AND_IL10_STIM_IL6_KO_MACROPHAGE_45MIN_UP","GSE5589_LPS_VS_LPS_AND_IL10_STIM_IL6_KO_MACROPHAGE_45MIN_UP","37/2154","200/21355",0.000204632577365624,0.000593132861717934,0.000176815832453409
"GSE5589_LPS_VS_LPS_AND_IL10_STIM_MACROPHAGE_45MIN_UP","GSE5589_LPS_VS_LPS_AND_IL10_STIM_MACROPHAGE_45MIN_UP","37/2154","200/21355",0.000204632577365624,0.000593132861717934,0.000176815832453409
"GSE6674_CPG_VS_CPG_AND_ANTI_IGM_STIM_BCELL_DN","GSE6674_CPG_VS_CPG_AND_ANTI_IGM_STIM_BCELL_DN","37/2154","200/21355",0.000204632577365624,0.000593132861717934,0.000176815832453409
"GSE6674_UNSTIM_VS_ANTI_IGM_AND_CPG_STIM_BCELL_UP","GSE6674_UNSTIM_VS_ANTI_IGM_AND_CPG_STIM_BCELL_UP","37/2154","200/21355",0.000204632577365624,0.000593132861717934,0.000176815832453409
"GSE7548_DAY7_VS_DAY28_PCC_IMMUNIZATION_CD4_TCELL_UP","GSE7548_DAY7_VS_DAY28_PCC_IMMUNIZATION_CD4_TCELL_UP","37/2154","200/21355",0.000204632577365624,0.000593132861717934,0.000176815832453409
"GSE6259_33D1_POS_VS_DEC205_POS_SPLENIC_DC_UP","GSE6259_33D1_POS_VS_DEC205_POS_SPLENIC_DC_UP","36/2154","193/21355",0.000209434307655127,0.000606706864045702,0.000180862309518189
"GSE37301_HEMATOPOIETIC_STEM_CELL_VS_LYMPHOID_PRIMED_MPP_UP","GSE37301_HEMATOPOIETIC_STEM_CELL_VS_LYMPHOID_PRIMED_MPP_UP","34/2154","179/21355",0.000217202810679403,0.000628855023218453,0.000187464785041292
"MATSUMIYA_PBMC_MODIFIED_VACCINIA_ANKARA_VACCINE_AGE_18_55YO_2DY_UP","MATSUMIYA_PBMC_MODIFIED_VACCINIA_ANKARA_VACCINE_AGE_18_55YO_2DY_UP","17/2154","66/21355",0.00022041346428814,0.000637789497965626,0.00019012819604398
"GSE37533_UNTREATED_VS_PIOGLIZATONE_TREATED_CD4_TCELL_PPARG2_AND_FOXP3_TRASDUCED_DN","GSE37533_UNTREATED_VS_PIOGLIZATONE_TREATED_CD4_TCELL_PPARG2_AND_FOXP3_TRASDUCED_DN","31/2154","158/21355",0.000222393077556638,0.000643153736169167,0.000191727301918321
"GSE16385_IL4_VS_ROSIGLITAZONE_STIM_MACROPHAGE_UP","GSE16385_IL4_VS_ROSIGLITAZONE_STIM_MACROPHAGE_UP","36/2154","194/21355",0.000232637974150854,0.000671641988612827,0.000200219790525981
"GSE17974_CTRL_VS_ACT_IL4_AND_ANTI_IL12_12H_CD4_TCELL_UP","GSE17974_CTRL_VS_ACT_IL4_AND_ANTI_IL12_12H_CD4_TCELL_UP","36/2154","194/21355",0.000232637974150854,0.000671641988612827,0.000200219790525981
"GSE29618_BCELL_VS_MDC_UP","GSE29618_BCELL_VS_MDC_UP","36/2154","194/21355",0.000232637974150854,0.000671641988612827,0.000200219790525981
"GSE14415_FOXP3_KO_NATURAL_TREG_VS_TCONV_DN","GSE14415_FOXP3_KO_NATURAL_TREG_VS_TCONV_DN","33/2154","173/21355",0.000245920864937226,0.000709589944934557,0.000211532263531604
"GSE10147_IL3_VS_IL3_AND_HIVP17_STIM_PDC_UP","GSE10147_IL3_VS_IL3_AND_HIVP17_STIM_PDC_UP","32/2154","166/21355",0.000248551501728908,0.000715968353994313,0.000213433698741858
"GSE25677_R848_VS_MPL_AND_R848_STIM_BCELL_DN","GSE25677_R848_VS_MPL_AND_R848_STIM_BCELL_DN","32/2154","166/21355",0.000248551501728908,0.000715968353994313,0.000213433698741858
"GSE40274_CTRL_VS_HELIOS_TRANSDUCED_ACTIVATED_CD4_TCELL_UP","GSE40274_CTRL_VS_HELIOS_TRANSDUCED_ACTIVATED_CD4_TCELL_UP","32/2154","166/21355",0.000248551501728908,0.000715968353994313,0.000213433698741858
"GSE14699_NAIVE_VS_DELETIONAL_TOLERANCE_CD8_TCELL_UP","GSE14699_NAIVE_VS_DELETIONAL_TOLERANCE_CD8_TCELL_UP","30/2154","152/21355",0.000250165891189926,0.000720212951381809,0.000214699034164896
"NAKAYA_PBMC_FLUMIST_AGE_18_50YO_7DY_IFN_SUBSET_UP","NAKAYA_PBMC_FLUMIST_AGE_18_50YO_7DY_IFN_SUBSET_UP","11/2154","33/21355",0.000252900202763417,0.000727675147287197,0.000216923551580978
"GSE29618_BCELL_VS_MONOCYTE_UP","GSE29618_BCELL_VS_MONOCYTE_UP","36/2154","195/21355",0.000258115684775257,0.000741846821953846,0.00022114819771875
"GSE3982_MAC_VS_NEUTROPHIL_DN","GSE3982_MAC_VS_NEUTROPHIL_DN","36/2154","195/21355",0.000258115684775257,0.000741846821953846,0.00022114819771875
"GSE14415_INDUCED_TREG_VS_FOXP3_KO_INDUCED_TREG_DN","GSE14415_INDUCED_TREG_VS_FOXP3_KO_INDUCED_TREG_DN","34/2154","181/21355",0.000269941059804393,0.000775398111674079,0.000231150002718368
"GSE4590_LARGE_PRE_BCELL_VS_VPREB_POS_LARGE_PRE_BCELL_UP","GSE4590_LARGE_PRE_BCELL_VS_VPREB_POS_LARGE_PRE_BCELL_UP","33/2154","174/21355",0.000274617682674814,0.000787946246642157,0.000234890663661841
"GSE7348_LPS_VS_TOLERIZED_AND_LPS_STIM_MACROPHAGE_DN","GSE7348_LPS_VS_TOLERIZED_AND_LPS_STIM_MACROPHAGE_DN","33/2154","174/21355",0.000274617682674814,0.000787946246642157,0.000234890663661841
"GSE12003_MIR223_KO_VS_WT_BM_PROGENITOR_8D_CULTURE_DN","GSE12003_MIR223_KO_VS_WT_BM_PROGENITOR_8D_CULTURE_DN","29/2154","146/21355",0.00028105179133071,0.000805955024718969,0.000240259169257531
"GSE37605_NOD_VS_C57BL6_IRES_GFP_TREG_DN","GSE37605_NOD_VS_C57BL6_IRES_GFP_TREG_DN","30/2154","153/21355",0.000281669932769698,0.000807274868975036,0.000240652621342059
"GARCIA_PINERES_PBMC_HPV_16_L1_VLP_AGE_18_25YO_2MO_UP","GARCIA_PINERES_PBMC_HPV_16_L1_VLP_AGE_18_25YO_2MO_UP","53/2154","324/21355",0.000285454570939465,0.000817104855904093,0.000243582988944409
"GSE29618_PRE_VS_DAY7_POST_LAIV_FLU_VACCINE_MDC_DN","GSE29618_PRE_VS_DAY7_POST_LAIV_FLU_VACCINE_MDC_DN","36/2154","196/21355",0.000286058613743072,0.000817104855904093,0.000243582988944409
"GSE37416_12H_VS_24H_F_TULARENSIS_LVS_NEUTROPHIL_DN","GSE37416_12H_VS_24H_F_TULARENSIS_LVS_NEUTROPHIL_DN","36/2154","196/21355",0.000286058613743072,0.000817104855904093,0.000243582988944409
"GSE46242_CTRL_VS_EGR2_DELETED_ANERGIC_TH1_CD4_TCELL_UP","GSE46242_CTRL_VS_EGR2_DELETED_ANERGIC_TH1_CD4_TCELL_UP","36/2154","196/21355",0.000286058613743072,0.000817104855904093,0.000243582988944409
"GSE46606_UNSTIM_VS_CD40L_IL2_IL5_DAY1_STIMULATED_BCELL_UP","GSE46606_UNSTIM_VS_CD40L_IL2_IL5_DAY1_STIMULATED_BCELL_UP","36/2154","196/21355",0.000286058613743072,0.000817104855904093,0.000243582988944409
"GSE9988_LPS_VS_VEHICLE_TREATED_MONOCYTE_UP","GSE9988_LPS_VS_VEHICLE_TREATED_MONOCYTE_UP","36/2154","196/21355",0.000286058613743072,0.000817104855904093,0.000243582988944409
"GSE17974_CTRL_VS_ACT_IL4_AND_ANTI_IL12_48H_CD4_TCELL_UP","GSE17974_CTRL_VS_ACT_IL4_AND_ANTI_IL12_48H_CD4_TCELL_UP","35/2154","189/21355",0.000293578936728929,0.000837650169361056,0.000249707648251579
"GSE2706_R848_VS_R848_AND_LPS_8H_STIM_DC_UP","GSE2706_R848_VS_R848_AND_LPS_8H_STIM_DC_UP","35/2154","189/21355",0.000293578936728929,0.000837650169361056,0.000249707648251579
"GSE7348_LPS_VS_TOLERIZED_AND_LPS_STIM_MACROPHAGE_UP","GSE7348_LPS_VS_TOLERIZED_AND_LPS_STIM_MACROPHAGE_UP","34/2154","182/21355",0.00030036778754549,0.000856542385789231,0.000255339511178483
"GAUCHER_PBMC_YF_VAX_STAMARIL_UNKNOWN_AGE_60DY_UP","GAUCHER_PBMC_YF_VAX_STAMARIL_UNKNOWN_AGE_60DY_UP","14/2154","50/21355",0.000305773954608653,0.00087147281489077,0.000259790345756809
"GSE3720_UNSTIM_VS_PMA_STIM_VD2_GAMMADELTA_TCELL_UP","GSE3720_UNSTIM_VS_PMA_STIM_VD2_GAMMADELTA_TCELL_UP","33/2154","175/21355",0.000306260203848004,0.000872372380097405,0.000260058510583146
"GSE32901_NAIVE_VS_TH17_ENRICHED_CD4_TCELL_UP","GSE32901_NAIVE_VS_TH17_ENRICHED_CD4_TCELL_UP","30/2154","154/21355",0.000316647695862884,0.000895541295114129,0.000266965278459501
"GSE11057_CD4_CENT_MEM_VS_PBMC_UP","GSE11057_CD4_CENT_MEM_VS_PBMC_UP","36/2154","197/21355",0.000316670968426823,0.000895541295114129,0.000266965278459501
"GSE1460_INTRATHYMIC_T_PROGENITOR_VS_DP_THYMOCYTE_UP","GSE1460_INTRATHYMIC_T_PROGENITOR_VS_DP_THYMOCYTE_UP","36/2154","197/21355",0.000316670968426823,0.000895541295114129,0.000266965278459501
"GSE16450_CTRL_VS_IFNA_12H_STIM_IMMATURE_NEURON_CELL_LINE_UP","GSE16450_CTRL_VS_IFNA_12H_STIM_IMMATURE_NEURON_CELL_LINE_UP","36/2154","197/21355",0.000316670968426823,0.000895541295114129,0.000266965278459501
"GSE2770_IL12_AND_TGFB_ACT_VS_ACT_CD4_TCELL_2H_UP","GSE2770_IL12_AND_TGFB_ACT_VS_ACT_CD4_TCELL_2H_UP","36/2154","197/21355",0.000316670968426823,0.000895541295114129,0.000266965278459501
"GSE29618_LAIV_VS_TIV_FLU_VACCINE_DAY7_MDC_UP","GSE29618_LAIV_VS_TIV_FLU_VACCINE_DAY7_MDC_UP","36/2154","197/21355",0.000316670968426823,0.000895541295114129,0.000266965278459501
"GSE3982_EOSINOPHIL_VS_NKCELL_UP","GSE3982_EOSINOPHIL_VS_NKCELL_UP","36/2154","197/21355",0.000316670968426823,0.000895541295114129,0.000266965278459501
"GSE43863_NAIVE_VS_TFH_CD4_EFF_TCELL_D6_LCMV_UP","GSE43863_NAIVE_VS_TFH_CD4_EFF_TCELL_D6_LCMV_UP","36/2154","197/21355",0.000316670968426823,0.000895541295114129,0.000266965278459501
"GSE45365_CD8A_DC_VS_CD11B_DC_UP","GSE45365_CD8A_DC_VS_CD11B_DC_UP","36/2154","197/21355",0.000316670968426823,0.000895541295114129,0.000266965278459501
"GSE45365_WT_VS_IFNAR_KO_CD8A_DC_UP","GSE45365_WT_VS_IFNAR_KO_CD8A_DC_UP","36/2154","197/21355",0.000316670968426823,0.000895541295114129,0.000266965278459501
"GSE45739_NRAS_KO_VS_WT_UNSTIM_CD4_TCELL_DN","GSE45739_NRAS_KO_VS_WT_UNSTIM_CD4_TCELL_DN","36/2154","197/21355",0.000316670968426823,0.000895541295114129,0.000266965278459501
"GSE46242_CTRL_VS_EGR2_DELETED_ANERGIC_TH1_CD4_TCELL_DN","GSE46242_CTRL_VS_EGR2_DELETED_ANERGIC_TH1_CD4_TCELL_DN","36/2154","197/21355",0.000316670968426823,0.000895541295114129,0.000266965278459501
"GSE9509_LPS_VS_LPS_AND_IL10_STIM_IL10_KO_MACROPHAGE_30MIN_UP","GSE9509_LPS_VS_LPS_AND_IL10_STIM_IL10_KO_MACROPHAGE_30MIN_UP","36/2154","197/21355",0.000316670968426823,0.000895541295114129,0.000266965278459501
"GSE6092_B_BURGDOFERI_VS_B_BURGDORFERI_AND_IFNG_STIM_ENDOTHELIAL_CELL_UP","GSE6092_B_BURGDOFERI_VS_B_BURGDORFERI_AND_IFNG_STIM_ENDOTHELIAL_CELL_UP","33/2154","176/21355",0.000341105747516973,0.000964109279742554,0.000287405732975227
"GSE40274_CTRL_VS_SATB1_TRANSDUCED_ACTIVATED_CD4_TCELL_UP","GSE40274_CTRL_VS_SATB1_TRANSDUCED_ACTIVATED_CD4_TCELL_UP","32/2154","169/21355",0.00034728914508559,0.000980502152856224,0.000292292529328916
"SCHERER_PBMC_APSV_WETVAX_AGE_18_32YO_50_TO_60DY_UP","SCHERER_PBMC_APSV_WETVAX_AGE_18_32YO_50_TO_60DY_UP","32/2154","169/21355",0.00034728914508559,0.000980502152856224,0.000292292529328916
"GSE13493_CD4INTCD8POS_VS_CD8POS_THYMOCYTE_DN","GSE13493_CD4INTCD8POS_VS_CD8POS_THYMOCYTE_DN","36/2154","198/21355",0.000350170619183858,0.000980516087561374,0.000292296683333272
"GSE13738_TCR_VS_BYSTANDER_ACTIVATED_CD4_TCELL_UP","GSE13738_TCR_VS_BYSTANDER_ACTIVATED_CD4_TCELL_UP","36/2154","198/21355",0.000350170619183858,0.000980516087561374,0.000292296683333272
"GSE17721_0.5H_VS_12H_LPS_BMDC_UP","GSE17721_0.5H_VS_12H_LPS_BMDC_UP","36/2154","198/21355",0.000350170619183858,0.000980516087561374,0.000292296683333272
"GSE17721_0.5H_VS_24H_POLYIC_BMDC_UP","GSE17721_0.5H_VS_24H_POLYIC_BMDC_UP","36/2154","198/21355",0.000350170619183858,0.000980516087561374,0.000292296683333272
"GSE20727_CTRL_VS_ROS_INHIBITOR_TREATED_DC_UP","GSE20727_CTRL_VS_ROS_INHIBITOR_TREATED_DC_UP","36/2154","198/21355",0.000350170619183858,0.000980516087561374,0.000292296683333272
"GSE22025_UNTREATED_VS_PROGESTERONE_TREATED_CD4_TCELL_UP","GSE22025_UNTREATED_VS_PROGESTERONE_TREATED_CD4_TCELL_UP","36/2154","198/21355",0.000350170619183858,0.000980516087561374,0.000292296683333272
"GSE24634_IL4_VS_CTRL_TREATED_NAIVE_CD4_TCELL_DAY7_UP","GSE24634_IL4_VS_CTRL_TREATED_NAIVE_CD4_TCELL_DAY7_UP","36/2154","198/21355",0.000350170619183858,0.000980516087561374,0.000292296683333272
"GSE25087_FETAL_VS_ADULT_TREG_UP","GSE25087_FETAL_VS_ADULT_TREG_UP","36/2154","198/21355",0.000350170619183858,0.000980516087561374,0.000292296683333272
"GSE2585_THYMIC_MACROPHAGE_VS_MTEC_DN","GSE2585_THYMIC_MACROPHAGE_VS_MTEC_DN","36/2154","198/21355",0.000350170619183858,0.000980516087561374,0.000292296683333272
"GSE2770_IL12_AND_TGFB_VS_IL4_TREATED_ACT_CD4_TCELL_2H_DN","GSE2770_IL12_AND_TGFB_VS_IL4_TREATED_ACT_CD4_TCELL_2H_DN","36/2154","198/21355",0.000350170619183858,0.000980516087561374,0.000292296683333272
"GSE29618_PRE_VS_DAY7_FLU_VACCINE_MDC_DN","GSE29618_PRE_VS_DAY7_FLU_VACCINE_MDC_DN","36/2154","198/21355",0.000350170619183858,0.000980516087561374,0.000292296683333272
"GSE36476_CTRL_VS_TSST_ACT_16H_MEMORY_CD4_TCELL_OLD_UP","GSE36476_CTRL_VS_TSST_ACT_16H_MEMORY_CD4_TCELL_OLD_UP","36/2154","198/21355",0.000350170619183858,0.000980516087561374,0.000292296683333272
"GSE36476_YOUNG_VS_OLD_DONOR_MEMORY_CD4_TCELL_72H_TSST_ACT_DN","GSE36476_YOUNG_VS_OLD_DONOR_MEMORY_CD4_TCELL_72H_TSST_ACT_DN","36/2154","198/21355",0.000350170619183858,0.000980516087561374,0.000292296683333272
"GSE3982_CTRL_VS_LPS_1H_NEUTROPHIL_UP","GSE3982_CTRL_VS_LPS_1H_NEUTROPHIL_UP","36/2154","198/21355",0.000350170619183858,0.000980516087561374,0.000292296683333272
"GSE3982_EOSINOPHIL_VS_MAST_CELL_DN","GSE3982_EOSINOPHIL_VS_MAST_CELL_DN","36/2154","198/21355",0.000350170619183858,0.000980516087561374,0.000292296683333272
"GSE15330_HSC_VS_MEGAKARYOCYTE_ERYTHROID_PROGENITOR_UP","GSE15330_HSC_VS_MEGAKARYOCYTE_ERYTHROID_PROGENITOR_UP","31/2154","162/21355",0.000352141909217574,0.000984418579458424,0.000293460035421742
"GSE27241_CTRL_VS_DIGOXIN_TREATED_CD4_TCELL_IN_TH17_POLARIZING_CONDITIONS_UP","GSE27241_CTRL_VS_DIGOXIN_TREATED_CD4_TCELL_IN_TH17_POLARIZING_CONDITIONS_UP","31/2154","162/21355",0.000352141909217574,0.000984418579458424,0.000293460035421742
"GSE37301_HEMATOPOIETIC_STEM_CELL_VS_GRAN_MONO_PROGENITOR_UP","GSE37301_HEMATOPOIETIC_STEM_CELL_VS_GRAN_MONO_PROGENITOR_UP","31/2154","162/21355",0.000352141909217574,0.000984418579458424,0.000293460035421742
"GSE10325_LUPUS_CD4_TCELL_VS_LUPUS_BCELL_UP","GSE10325_LUPUS_CD4_TCELL_VS_LUPUS_BCELL_UP","36/2154","199/21355",0.000386789739993224,0.00105811968035818,0.000315430697223516
"GSE11961_MEMORY_BCELL_DAY7_VS_PLASMA_CELL_DAY7_UP","GSE11961_MEMORY_BCELL_DAY7_VS_PLASMA_CELL_DAY7_UP","36/2154","199/21355",0.000386789739993224,0.00105811968035818,0.000315430697223516
"GSE12845_IGD_NEG_BLOOD_VS_DARKZONE_GC_TONSIL_BCELL_DN","GSE12845_IGD_NEG_BLOOD_VS_DARKZONE_GC_TONSIL_BCELL_DN","36/2154","199/21355",0.000386789739993224,0.00105811968035818,0.000315430697223516
"GSE12845_IGD_POS_BLOOD_VS_DARKZONE_GC_TONSIL_BCELL_DN","GSE12845_IGD_POS_BLOOD_VS_DARKZONE_GC_TONSIL_BCELL_DN","36/2154","199/21355",0.000386789739993224,0.00105811968035818,0.000315430697223516
"GSE12845_IGD_POS_BLOOD_VS_NAIVE_TONSIL_BCELL_DN","GSE12845_IGD_POS_BLOOD_VS_NAIVE_TONSIL_BCELL_DN","36/2154","199/21355",0.000386789739993224,0.00105811968035818,0.000315430697223516
"GSE1460_INTRATHYMIC_T_PROGENITOR_VS_CD4_THYMOCYTE_DN","GSE1460_INTRATHYMIC_T_PROGENITOR_VS_CD4_THYMOCYTE_DN","36/2154","199/21355",0.000386789739993224,0.00105811968035818,0.000315430697223516
"GSE14769_40MIN_VS_360MIN_LPS_BMDM_DN","GSE14769_40MIN_VS_360MIN_LPS_BMDM_DN","36/2154","199/21355",0.000386789739993224,0.00105811968035818,0.000315430697223516
"GSE17301_ACD3_ACD28_VS_ACD3_ACD28_AND_IFNA2_STIM_CD8_TCELL_UP","GSE17301_ACD3_ACD28_VS_ACD3_ACD28_AND_IFNA2_STIM_CD8_TCELL_UP","36/2154","199/21355",0.000386789739993224,0.00105811968035818,0.000315430697223516
"GSE17721_0.5H_VS_8H_CPG_BMDC_DN","GSE17721_0.5H_VS_8H_CPG_BMDC_DN","36/2154","199/21355",0.000386789739993224,0.00105811968035818,0.000315430697223516
"GSE17721_CTRL_VS_LPS_12H_BMDC_DN","GSE17721_CTRL_VS_LPS_12H_BMDC_DN","36/2154","199/21355",0.000386789739993224,0.00105811968035818,0.000315430697223516
"GSE21546_UNSTIM_VS_ANTI_CD3_STIM_DP_THYMOCYTES_UP","GSE21546_UNSTIM_VS_ANTI_CD3_STIM_DP_THYMOCYTES_UP","36/2154","199/21355",0.000386789739993224,0.00105811968035818,0.000315430697223516
"GSE21927_C26GM_VS_4T1_TUMOR_MONOCYTE_BALBC_DN","GSE21927_C26GM_VS_4T1_TUMOR_MONOCYTE_BALBC_DN","36/2154","199/21355",0.000386789739993224,0.00105811968035818,0.000315430697223516
"GSE22229_RENAL_TRANSPLANT_IMMUNOSUPP_THERAPY_VS_HEALTHY_PBMC_UP","GSE22229_RENAL_TRANSPLANT_IMMUNOSUPP_THERAPY_VS_HEALTHY_PBMC_UP","36/2154","199/21355",0.000386789739993224,0.00105811968035818,0.000315430697223516
"GSE23114_WT_VS_SLE2C1_MOUSE_SPLEEN_B1A_BCELL_DN","GSE23114_WT_VS_SLE2C1_MOUSE_SPLEEN_B1A_BCELL_DN","36/2154","199/21355",0.000386789739993224,0.00105811968035818,0.000315430697223516
"GSE23568_CTRL_VS_ID3_TRANSDUCED_CD8_TCELL_DN","GSE23568_CTRL_VS_ID3_TRANSDUCED_CD8_TCELL_DN","36/2154","199/21355",0.000386789739993224,0.00105811968035818,0.000315430697223516
"GSE24142_DN2_VS_DN3_THYMOCYTE_ADULT_DN","GSE24142_DN2_VS_DN3_THYMOCYTE_ADULT_DN","36/2154","199/21355",0.000386789739993224,0.00105811968035818,0.000315430697223516
"GSE24634_IL4_VS_CTRL_TREATED_NAIVE_CD4_TCELL_DAY5_DN","GSE24634_IL4_VS_CTRL_TREATED_NAIVE_CD4_TCELL_DAY5_DN","36/2154","199/21355",0.000386789739993224,0.00105811968035818,0.000315430697223516
"GSE2770_IL12_AND_TGFB_ACT_VS_ACT_CD4_TCELL_48H_UP","GSE2770_IL12_AND_TGFB_ACT_VS_ACT_CD4_TCELL_48H_UP","36/2154","199/21355",0.000386789739993224,0.00105811968035818,0.000315430697223516
"GSE28726_NAIVE_VS_ACTIVATED_CD4_TCELL_DN","GSE28726_NAIVE_VS_ACTIVATED_CD4_TCELL_DN","36/2154","199/21355",0.000386789739993224,0.00105811968035818,0.000315430697223516
"GSE3039_B2_VS_B1_BCELL_UP","GSE3039_B2_VS_B1_BCELL_UP","36/2154","199/21355",0.000386789739993224,0.00105811968035818,0.000315430697223516
"GSE360_L_MAJOR_VS_T_GONDII_MAC_DN","GSE360_L_MAJOR_VS_T_GONDII_MAC_DN","36/2154","199/21355",0.000386789739993224,0.00105811968035818,0.000315430697223516
"GSE360_T_GONDII_VS_M_TUBERCULOSIS_DC_DN","GSE360_T_GONDII_VS_M_TUBERCULOSIS_DC_DN","36/2154","199/21355",0.000386789739993224,0.00105811968035818,0.000315430697223516
"GSE36009_UNSTIM_VS_LPS_STIM_NLRP10_KO_DC_UP","GSE36009_UNSTIM_VS_LPS_STIM_NLRP10_KO_DC_UP","36/2154","199/21355",0.000386789739993224,0.00105811968035818,0.000315430697223516
"GSE36888_STAT5_AB_KNOCKIN_VS_WT_TCELL_IL2_TREATED_17H_UP","GSE36888_STAT5_AB_KNOCKIN_VS_WT_TCELL_IL2_TREATED_17H_UP","36/2154","199/21355",0.000386789739993224,0.00105811968035818,0.000315430697223516
"GSE37533_PPARG1_FOXP3_VS_FOXP3_TRANSDUCED_CD4_TCELL_PIOGLITAZONE_TREATED_DN","GSE37533_PPARG1_FOXP3_VS_FOXP3_TRANSDUCED_CD4_TCELL_PIOGLITAZONE_TREATED_DN","36/2154","199/21355",0.000386789739993224,0.00105811968035818,0.000315430697223516
"GSE37534_UNTREATED_VS_GW1929_TREATED_CD4_TCELL_PPARG1_AND_FOXP3_TRASDUCED_DN","GSE37534_UNTREATED_VS_GW1929_TREATED_CD4_TCELL_PPARG1_AND_FOXP3_TRASDUCED_DN","36/2154","199/21355",0.000386789739993224,0.00105811968035818,0.000315430697223516
"GSE39022_LN_VS_SPLEEN_DC_UP","GSE39022_LN_VS_SPLEEN_DC_UP","36/2154","199/21355",0.000386789739993224,0.00105811968035818,0.000315430697223516
"GSE3982_EOSINOPHIL_VS_MAC_DN","GSE3982_EOSINOPHIL_VS_MAC_DN","36/2154","199/21355",0.000386789739993224,0.00105811968035818,0.000315430697223516
"GSE40666_UNTREATED_VS_IFNA_STIM_STAT4_KO_EFFECTOR_CD8_TCELL_90MIN_DN","GSE40666_UNTREATED_VS_IFNA_STIM_STAT4_KO_EFFECTOR_CD8_TCELL_90MIN_DN","36/2154","199/21355",0.000386789739993224,0.00105811968035818,0.000315430697223516
"GSE42088_UNINF_VS_LEISHMANIA_INF_DC_24H_DN","GSE42088_UNINF_VS_LEISHMANIA_INF_DC_24H_DN","36/2154","199/21355",0.000386789739993224,0.00105811968035818,0.000315430697223516
"GSE42724_MEMORY_BCELL_VS_PLASMABLAST_UP","GSE42724_MEMORY_BCELL_VS_PLASMABLAST_UP","36/2154","199/21355",0.000386789739993224,0.00105811968035818,0.000315430697223516
"GSE43863_DAY6_EFF_VS_DAY150_MEM_TFH_CD4_TCELL_UP","GSE43863_DAY6_EFF_VS_DAY150_MEM_TFH_CD4_TCELL_UP","36/2154","199/21355",0.000386789739993224,0.00105811968035818,0.000315430697223516
"GSE43863_TFH_VS_LY6C_LOW_CXCR5NEG_EFFECTOR_CD4_TCELL_UP","GSE43863_TFH_VS_LY6C_LOW_CXCR5NEG_EFFECTOR_CD4_TCELL_UP","36/2154","199/21355",0.000386789739993224,0.00105811968035818,0.000315430697223516
"GSE43955_10H_VS_60H_ACT_CD4_TCELL_UP","GSE43955_10H_VS_60H_ACT_CD4_TCELL_UP","36/2154","199/21355",0.000386789739993224,0.00105811968035818,0.000315430697223516
"GSE46242_CTRL_VS_EGR2_DELETED_TH1_CD4_TCELL_UP","GSE46242_CTRL_VS_EGR2_DELETED_TH1_CD4_TCELL_UP","36/2154","199/21355",0.000386789739993224,0.00105811968035818,0.000315430697223516
"GSE46606_DAY1_VS_DAY3_CD40L_IL2_IL5_STIMULATED_BCELL_DN","GSE46606_DAY1_VS_DAY3_CD40L_IL2_IL5_STIMULATED_BCELL_DN","36/2154","199/21355",0.000386789739993224,0.00105811968035818,0.000315430697223516
"GSE7852_TREG_VS_TCONV_THYMUS_DN","GSE7852_TREG_VS_TCONV_THYMUS_DN","36/2154","199/21355",0.000386789739993224,0.00105811968035818,0.000315430697223516
"GSE8384_CTRL_VS_B_ABORTUS_4H_MAC_CELL_LINE_UP","GSE8384_CTRL_VS_B_ABORTUS_4H_MAC_CELL_LINE_UP","36/2154","199/21355",0.000386789739993224,0.00105811968035818,0.000315430697223516
"GSE8621_UNSTIM_VS_LPS_PRIMED_AND_LPS_STIM_MACROPHAGE_DN","GSE8621_UNSTIM_VS_LPS_PRIMED_AND_LPS_STIM_MACROPHAGE_DN","36/2154","199/21355",0.000386789739993224,0.00105811968035818,0.000315430697223516
"GSE8868_SPLEEN_VS_INTESTINE_CD11B_POS_CD11C_NEG_DC_UP","GSE8868_SPLEEN_VS_INTESTINE_CD11B_POS_CD11C_NEG_DC_UP","36/2154","199/21355",0.000386789739993224,0.00105811968035818,0.000315430697223516
"GSE13946_CTRL_VS_DSS_COLITIS_GD_TCELL_FROM_COLON_DN","GSE13946_CTRL_VS_DSS_COLITIS_GD_TCELL_FROM_COLON_DN","32/2154","170/21355",0.000387197716008244,0.00105811968035818,0.000315430697223516
"GSE7348_UNSTIM_VS_LPS_STIM_MACROPHAGE_DN","GSE7348_UNSTIM_VS_LPS_STIM_MACROPHAGE_DN","32/2154","170/21355",0.000387197716008244,0.00105811968035818,0.000315430697223516
"GSE35825_IFNA_VS_IFNG_STIM_MACROPHAGE_UP","GSE35825_IFNA_VS_IFNG_STIM_MACROPHAGE_UP","31/2154","163/21355",0.000393591291320001,0.00107501723959357,0.000320467943000091
"GSE12366_PLASMA_CELL_VS_MEMORY_BCELL_UP","GSE12366_PLASMA_CELL_VS_MEMORY_BCELL_UP","35/2154","192/21355",0.000399140779034105,0.00108901110096125,0.000324639582116151
"GSE25087_FETAL_VS_ADULT_TREG_DN","GSE25087_FETAL_VS_ADULT_TREG_DN","35/2154","192/21355",0.000399140779034105,0.00108901110096125,0.000324639582116151
"GSE6259_33D1_POS_DC_VS_CD8_TCELL_DN","GSE6259_33D1_POS_DC_VS_CD8_TCELL_DN","27/2154","135/21355",0.000399743400973456,0.00109007360489455,0.000324956319780808
"LI_PBMC_MENACTRA_AGE_18_45YO_CORRELATED_WITH_ANTI_DT_ANTIBODY_3DY_POSITIVE","LI_PBMC_MENACTRA_AGE_18_45YO_CORRELATED_WITH_ANTI_DT_ANTIBODY_3DY_POSITIVE","12/2154","40/21355",0.000406104505284893,0.00109929618131884,0.00032770561531487
"GSE7509_FCGRIIB_VS_TNFA_IL1B_IL6_PGE_STIM_DC_UP","GSE7509_FCGRIIB_VS_TNFA_IL1B_IL6_PGE_STIM_DC_UP","34/2154","185/21355",0.000410788720122418,0.00109929618131884,0.00032770561531487
"GSE27859_CD11C_INT_F480_HI_MACROPHAGE_VS_CD11C_ING_F480_INT_DC_UP","GSE27859_CD11C_INT_F480_HI_MACROPHAGE_VS_CD11C_ING_F480_INT_DC_UP","33/2154","178/21355",0.000421525933185156,0.00109929618131884,0.00032770561531487
"GSE7219_UNSTIM_VS_LPS_AND_ANTI_CD40_STIM_NIK_NFKB2_KO_DC_UP","GSE7219_UNSTIM_VS_LPS_AND_ANTI_CD40_STIM_NIK_NFKB2_KO_DC_UP","33/2154","178/21355",0.000421525933185156,0.00109929618131884,0.00032770561531487
"GSE10240_IL22_VS_IL22_AND_IL17_STIM_PRIMARY_BRONCHIAL_EPITHELIAL_CELLS_UP","GSE10240_IL22_VS_IL22_AND_IL17_STIM_PRIMARY_BRONCHIAL_EPITHELIAL_CELLS_UP","36/2154","200/21355",0.000426775458618796,0.00109929618131884,0.00032770561531487
"GSE10325_BCELL_VS_LUPUS_BCELL_DN","GSE10325_BCELL_VS_LUPUS_BCELL_DN","36/2154","200/21355",0.000426775458618796,0.00109929618131884,0.00032770561531487
"GSE11961_GERMINAL_CENTER_BCELL_DAY7_VS_PLASMA_CELL_DAY7_UP","GSE11961_GERMINAL_CENTER_BCELL_DAY7_VS_PLASMA_CELL_DAY7_UP","36/2154","200/21355",0.000426775458618796,0.00109929618131884,0.00032770561531487
"GSE11961_MARGINAL_ZONE_BCELL_VS_GERMINAL_CENTER_BCELL_DAY7_DN","GSE11961_MARGINAL_ZONE_BCELL_VS_GERMINAL_CENTER_BCELL_DAY7_DN","36/2154","200/21355",0.000426775458618796,0.00109929618131884,0.00032770561531487
"GSE13411_SWITCHED_MEMORY_BCELL_VS_PLASMA_CELL_UP","GSE13411_SWITCHED_MEMORY_BCELL_VS_PLASMA_CELL_UP","36/2154","200/21355",0.000426775458618796,0.00109929618131884,0.00032770561531487
"GSE14350_IL2RB_KO_VS_WT_TREG_DN","GSE14350_IL2RB_KO_VS_WT_TREG_DN","36/2154","200/21355",0.000426775458618796,0.00109929618131884,0.00032770561531487
"GSE14769_UNSTIM_VS_360MIN_LPS_BMDM_DN","GSE14769_UNSTIM_VS_360MIN_LPS_BMDM_DN","36/2154","200/21355",0.000426775458618796,0.00109929618131884,0.00032770561531487
"GSE15330_LYMPHOID_MULTIPOTENT_VS_PRO_BCELL_UP","GSE15330_LYMPHOID_MULTIPOTENT_VS_PRO_BCELL_UP","36/2154","200/21355",0.000426775458618796,0.00109929618131884,0.00032770561531487
"GSE16266_CTRL_VS_HEATSHOCK_AND_LPS_STIM_MEF_DN","GSE16266_CTRL_VS_HEATSHOCK_AND_LPS_STIM_MEF_DN","36/2154","200/21355",0.000426775458618796,0.00109929618131884,0.00032770561531487
"GSE16266_CTRL_VS_LPS_STIM_MEF_DN","GSE16266_CTRL_VS_LPS_STIM_MEF_DN","36/2154","200/21355",0.000426775458618796,0.00109929618131884,0.00032770561531487
"GSE16451_IMMATURE_VS_MATURE_NEURON_CELL_LINE_WEST_EQUINE_ENC_VIRUS_UP","GSE16451_IMMATURE_VS_MATURE_NEURON_CELL_LINE_WEST_EQUINE_ENC_VIRUS_UP","36/2154","200/21355",0.000426775458618796,0.00109929618131884,0.00032770561531487
"GSE17186_CD21LOW_VS_CD21HIGH_TRANSITIONAL_BCELL_DN","GSE17186_CD21LOW_VS_CD21HIGH_TRANSITIONAL_BCELL_DN","36/2154","200/21355",0.000426775458618796,0.00109929618131884,0.00032770561531487
"GSE17186_NAIVE_VS_CD21HIGH_TRANSITIONAL_BCELL_CORD_BLOOD_UP","GSE17186_NAIVE_VS_CD21HIGH_TRANSITIONAL_BCELL_CORD_BLOOD_UP","36/2154","200/21355",0.000426775458618796,0.00109929618131884,0.00032770561531487
"GSE17186_NAIVE_VS_CD21LOW_TRANSITIONAL_BCELL_CORD_BLOOD_DN","GSE17186_NAIVE_VS_CD21LOW_TRANSITIONAL_BCELL_CORD_BLOOD_DN","36/2154","200/21355",0.000426775458618796,0.00109929618131884,0.00032770561531487
"GSE17301_IFNA2_VS_IFNA5_STIM_ACD3_ACD28_ACT_CD8_TCELL_DN","GSE17301_IFNA2_VS_IFNA5_STIM_ACD3_ACD28_ACT_CD8_TCELL_DN","36/2154","200/21355",0.000426775458618796,0.00109929618131884,0.00032770561531487
"GSE17580_TREG_VS_TEFF_DN","GSE17580_TREG_VS_TEFF_DN","36/2154","200/21355",0.000426775458618796,0.00109929618131884,0.00032770561531487
"GSE17580_TREG_VS_TEFF_S_MANSONI_INF_UP","GSE17580_TREG_VS_TEFF_S_MANSONI_INF_UP","36/2154","200/21355",0.000426775458618796,0.00109929618131884,0.00032770561531487
"GSE17721_12H_VS_24H_GARDIQUIMOD_BMDC_DN","GSE17721_12H_VS_24H_GARDIQUIMOD_BMDC_DN","36/2154","200/21355",0.000426775458618796,0.00109929618131884,0.00032770561531487
"GSE17721_CTRL_VS_GARDIQUIMOD_0.5H_BMDC_UP","GSE17721_CTRL_VS_GARDIQUIMOD_0.5H_BMDC_UP","36/2154","200/21355",0.000426775458618796,0.00109929618131884,0.00032770561531487
"GSE17721_CTRL_VS_GARDIQUIMOD_8H_BMDC_DN","GSE17721_CTRL_VS_GARDIQUIMOD_8H_BMDC_DN","36/2154","200/21355",0.000426775458618796,0.00109929618131884,0.00032770561531487
"GSE17721_CTRL_VS_PAM3CSK4_6H_BMDC_DN","GSE17721_CTRL_VS_PAM3CSK4_6H_BMDC_DN","36/2154","200/21355",0.000426775458618796,0.00109929618131884,0.00032770561531487
"GSE17721_LPS_VS_CPG_12H_BMDC_DN","GSE17721_LPS_VS_CPG_12H_BMDC_DN","36/2154","200/21355",0.000426775458618796,0.00109929618131884,0.00032770561531487
"GSE17721_LPS_VS_POLYIC_16H_BMDC_UP","GSE17721_LPS_VS_POLYIC_16H_BMDC_UP","36/2154","200/21355",0.000426775458618796,0.00109929618131884,0.00032770561531487
"GSE17721_PAM3CSK4_VS_GADIQUIMOD_6H_BMDC_UP","GSE17721_PAM3CSK4_VS_GADIQUIMOD_6H_BMDC_UP","36/2154","200/21355",0.000426775458618796,0.00109929618131884,0.00032770561531487
"GSE17721_POLYIC_VS_CPG_16H_BMDC_DN","GSE17721_POLYIC_VS_CPG_16H_BMDC_DN","36/2154","200/21355",0.000426775458618796,0.00109929618131884,0.00032770561531487
"GSE17721_POLYIC_VS_CPG_6H_BMDC_DN","GSE17721_POLYIC_VS_CPG_6H_BMDC_DN","36/2154","200/21355",0.000426775458618796,0.00109929618131884,0.00032770561531487
"GSE17721_POLYIC_VS_GARDIQUIMOD_8H_BMDC_DN","GSE17721_POLYIC_VS_GARDIQUIMOD_8H_BMDC_DN","36/2154","200/21355",0.000426775458618796,0.00109929618131884,0.00032770561531487
"GSE18281_SUBCAPSULAR_CORTICAL_REGION_VS_WHOLE_CORTEX_THYMUS_UP","GSE18281_SUBCAPSULAR_CORTICAL_REGION_VS_WHOLE_CORTEX_THYMUS_UP","36/2154","200/21355",0.000426775458618796,0.00109929618131884,0.00032770561531487
"GSE19198_1H_VS_6H_IL21_TREATED_TCELL_DN","GSE19198_1H_VS_6H_IL21_TREATED_TCELL_DN","36/2154","200/21355",0.000426775458618796,0.00109929618131884,0.00032770561531487
"GSE19825_CD24LOW_VS_IL2RA_HIGH_DAY3_EFF_CD8_TCELL_DN","GSE19825_CD24LOW_VS_IL2RA_HIGH_DAY3_EFF_CD8_TCELL_DN","36/2154","200/21355",0.000426775458618796,0.00109929618131884,0.00032770561531487
"GSE19888_CTRL_VS_T_CELL_MEMBRANES_ACT_MAST_CELL_UP","GSE19888_CTRL_VS_T_CELL_MEMBRANES_ACT_MAST_CELL_UP","36/2154","200/21355",0.000426775458618796,0.00109929618131884,0.00032770561531487
"GSE19923_E2A_KO_VS_E2A_AND_HEB_KO_DP_THYMOCYTE_UP","GSE19923_E2A_KO_VS_E2A_AND_HEB_KO_DP_THYMOCYTE_UP","36/2154","200/21355",0.000426775458618796,0.00109929618131884,0.00032770561531487
"GSE20366_TREG_VS_NAIVE_CD4_TCELL_HOMEOSTATIC_CONVERSION_UP","GSE20366_TREG_VS_NAIVE_CD4_TCELL_HOMEOSTATIC_CONVERSION_UP","36/2154","200/21355",0.000426775458618796,0.00109929618131884,0.00032770561531487
"GSE20715_0H_VS_48H_OZONE_TLR4_KO_LUNG_DN","GSE20715_0H_VS_48H_OZONE_TLR4_KO_LUNG_DN","36/2154","200/21355",0.000426775458618796,0.00109929618131884,0.00032770561531487
"GSE21670_TGFB_VS_TGFB_AND_IL6_TREATED_CD4_TCELL_UP","GSE21670_TGFB_VS_TGFB_AND_IL6_TREATED_CD4_TCELL_UP","36/2154","200/21355",0.000426775458618796,0.00109929618131884,0.00032770561531487
"GSE21927_SPLEEN_C57BL6_VS_4T1_TUMOR_BALBC_MONOCYTES_DN","GSE21927_SPLEEN_C57BL6_VS_4T1_TUMOR_BALBC_MONOCYTES_DN","36/2154","200/21355",0.000426775458618796,0.00109929618131884,0.00032770561531487
"GSE2197_CPG_DNA_VS_UNTREATED_IN_DC_UP","GSE2197_CPG_DNA_VS_UNTREATED_IN_DC_UP","36/2154","200/21355",0.000426775458618796,0.00109929618131884,0.00032770561531487
"GSE22432_UNTREATED_VS_TGFB1_TREATED_COMMON_DC_PROGENITOR_DN","GSE22432_UNTREATED_VS_TGFB1_TREATED_COMMON_DC_PROGENITOR_DN","36/2154","200/21355",0.000426775458618796,0.00109929618131884,0.00032770561531487
"GSE22886_NAIVE_CD4_TCELL_VS_48H_ACT_TH1_UP","GSE22886_NAIVE_CD4_TCELL_VS_48H_ACT_TH1_UP","36/2154","200/21355",0.000426775458618796,0.00109929618131884,0.00032770561531487
"GSE23308_WT_VS_MINERALCORTICOID_REC_KO_MACROPHAGE_UP","GSE23308_WT_VS_MINERALCORTICOID_REC_KO_MACROPHAGE_UP","36/2154","200/21355",0.000426775458618796,0.00109929618131884,0.00032770561531487
"GSE23505_UNTREATED_VS_4DAY_IL6_IL1_IL23_TREATED_CD4_TCELL_UP","GSE23505_UNTREATED_VS_4DAY_IL6_IL1_IL23_TREATED_CD4_TCELL_UP","36/2154","200/21355",0.000426775458618796,0.00109929618131884,0.00032770561531487
"GSE24142_ADULT_VS_FETAL_DN2_THYMOCYTE_UP","GSE24142_ADULT_VS_FETAL_DN2_THYMOCYTE_UP","36/2154","200/21355",0.000426775458618796,0.00109929618131884,0.00032770561531487
"GSE24574_BCL6_LOW_TFH_VS_TCONV_CD4_TCELL_DN","GSE24574_BCL6_LOW_TFH_VS_TCONV_CD4_TCELL_DN","36/2154","200/21355",0.000426775458618796,0.00109929618131884,0.00032770561531487
"GSE24574_NAIVE_VS_TCONV_CD4_TCELL_UP","GSE24574_NAIVE_VS_TCONV_CD4_TCELL_UP","36/2154","200/21355",0.000426775458618796,0.00109929618131884,0.00032770561531487
"GSE25088_CTRL_VS_ROSIGLITAZONE_STIM_STAT6_KO_MACROPHAGE_DN","GSE25088_CTRL_VS_ROSIGLITAZONE_STIM_STAT6_KO_MACROPHAGE_DN","36/2154","200/21355",0.000426775458618796,0.00109929618131884,0.00032770561531487
"GSE25123_CTRL_VS_IL4_AND_ROSIGLITAZONE_STIM_PPARG_KO_MACROPHAGE_UP","GSE25123_CTRL_VS_IL4_AND_ROSIGLITAZONE_STIM_PPARG_KO_MACROPHAGE_UP","36/2154","200/21355",0.000426775458618796,0.00109929618131884,0.00032770561531487
"GSE25890_CTRL_VS_IL33_IL7_TREATED_NUOCYTES_DN","GSE25890_CTRL_VS_IL33_IL7_TREATED_NUOCYTES_DN","36/2154","200/21355",0.000426775458618796,0.00109929618131884,0.00032770561531487
"GSE26030_TH1_VS_TH17_RESTIMULATED_DAY5_POST_POLARIZATION_DN","GSE26030_TH1_VS_TH17_RESTIMULATED_DAY5_POST_POLARIZATION_DN","36/2154","200/21355",0.000426775458618796,0.00109929618131884,0.00032770561531487
"GSE27670_CTRL_VS_BLIMP1_TRANSDUCED_GC_BCELL_DN","GSE27670_CTRL_VS_BLIMP1_TRANSDUCED_GC_BCELL_DN","36/2154","200/21355",0.000426775458618796,0.00109929618131884,0.00032770561531487
"GSE27786_CD4_TCELL_VS_NEUTROPHIL_DN","GSE27786_CD4_TCELL_VS_NEUTROPHIL_DN","36/2154","200/21355",0.000426775458618796,0.00109929618131884,0.00032770561531487
"GSE27786_LIN_NEG_VS_CD8_TCELL_DN","GSE27786_LIN_NEG_VS_CD8_TCELL_DN","36/2154","200/21355",0.000426775458618796,0.00109929618131884,0.00032770561531487
"GSE27786_LSK_VS_CD8_TCELL_DN","GSE27786_LSK_VS_CD8_TCELL_DN","36/2154","200/21355",0.000426775458618796,0.00109929618131884,0.00032770561531487
"GSE27786_NKCELL_VS_NEUTROPHIL_UP","GSE27786_NKCELL_VS_NEUTROPHIL_UP","36/2154","200/21355",0.000426775458618796,0.00109929618131884,0.00032770561531487
"GSE27786_NKTCELL_VS_NEUTROPHIL_DN","GSE27786_NKTCELL_VS_NEUTROPHIL_DN","36/2154","200/21355",0.000426775458618796,0.00109929618131884,0.00032770561531487
"GSE28237_EARLY_VS_LATE_GC_BCELL_DN","GSE28237_EARLY_VS_LATE_GC_BCELL_DN","36/2154","200/21355",0.000426775458618796,0.00109929618131884,0.00032770561531487
"GSE28726_ACT_CD4_TCELL_VS_ACT_VA24NEG_NKTCELL_UP","GSE28726_ACT_CD4_TCELL_VS_ACT_VA24NEG_NKTCELL_UP","36/2154","200/21355",0.000426775458618796,0.00109929618131884,0.00032770561531487
"GSE28737_WT_VS_BCL6_HET_FOLLICULAR_BCELL_DN","GSE28737_WT_VS_BCL6_HET_FOLLICULAR_BCELL_DN","36/2154","200/21355",0.000426775458618796,0.00109929618131884,0.00032770561531487
"GSE28737_WT_VS_BCL6_HET_MARGINAL_ZONE_BCELL_DN","GSE28737_WT_VS_BCL6_HET_MARGINAL_ZONE_BCELL_DN","36/2154","200/21355",0.000426775458618796,0.00109929618131884,0.00032770561531487
"GSE29164_DAY3_VS_DAY7_CD8_TCELL_TREATED_MELANOMA_UP","GSE29164_DAY3_VS_DAY7_CD8_TCELL_TREATED_MELANOMA_UP","36/2154","200/21355",0.000426775458618796,0.00109929618131884,0.00032770561531487
"GSE29164_UNTREATED_VS_CD8_TCELL_TREATED_MELANOMA_DAY3_UP","GSE29164_UNTREATED_VS_CD8_TCELL_TREATED_MELANOMA_DAY3_UP","36/2154","200/21355",0.000426775458618796,0.00109929618131884,0.00032770561531487
"GSE29618_PRE_VS_DAY7_FLU_VACCINE_PDC_DN","GSE29618_PRE_VS_DAY7_FLU_VACCINE_PDC_DN","36/2154","200/21355",0.000426775458618796,0.00109929618131884,0.00032770561531487
"GSE3039_CD4_TCELL_VS_ALPHAALPHA_CD8_TCELL_UP","GSE3039_CD4_TCELL_VS_ALPHAALPHA_CD8_TCELL_UP","36/2154","200/21355",0.000426775458618796,0.00109929618131884,0.00032770561531487
"GSE3039_NKT_CELL_VS_B1_BCELL_DN","GSE3039_NKT_CELL_VS_B1_BCELL_DN","36/2154","200/21355",0.000426775458618796,0.00109929618131884,0.00032770561531487
"GSE31082_DN_VS_DP_THYMOCYTE_DN","GSE31082_DN_VS_DP_THYMOCYTE_DN","36/2154","200/21355",0.000426775458618796,0.00109929618131884,0.00032770561531487
"GSE32128_INOS_DEPENDENT_VS_INOS_INDEPENDENT_ACTIVATED_TCELL_UP","GSE32128_INOS_DEPENDENT_VS_INOS_INDEPENDENT_ACTIVATED_TCELL_UP","36/2154","200/21355",0.000426775458618796,0.00109929618131884,0.00032770561531487
"GSE32986_CURDLAN_LOWDOSE_VS_GMCSF_AND_CURDLAN_LOWDOSE_STIM_DC_UP","GSE32986_CURDLAN_LOWDOSE_VS_GMCSF_AND_CURDLAN_LOWDOSE_STIM_DC_UP","36/2154","200/21355",0.000426775458618796,0.00109929618131884,0.00032770561531487
"GSE33292_DN3_THYMOCYTE_VS_TCF1_KO_TCELL_LYMPHOMA_UP","GSE33292_DN3_THYMOCYTE_VS_TCF1_KO_TCELL_LYMPHOMA_UP","36/2154","200/21355",0.000426775458618796,0.00109929618131884,0.00032770561531487
"GSE339_CD4POS_VS_CD8POS_DC_IN_CULTURE_DN","GSE339_CD4POS_VS_CD8POS_DC_IN_CULTURE_DN","36/2154","200/21355",0.000426775458618796,0.00109929618131884,0.00032770561531487
"GSE339_EX_VIVO_VS_IN_CULTURE_CD4CD8DN_DC_DN","GSE339_EX_VIVO_VS_IN_CULTURE_CD4CD8DN_DC_DN","36/2154","200/21355",0.000426775458618796,0.00109929618131884,0.00032770561531487
"GSE34515_CD16_POS_MONOCYTE_VS_DC_UP","GSE34515_CD16_POS_MONOCYTE_VS_DC_UP","36/2154","200/21355",0.000426775458618796,0.00109929618131884,0.00032770561531487
"GSE360_CTRL_VS_B_MALAYI_HIGH_DOSE_MAC_UP","GSE360_CTRL_VS_B_MALAYI_HIGH_DOSE_MAC_UP","36/2154","200/21355",0.000426775458618796,0.00109929618131884,0.00032770561531487
"GSE360_CTRL_VS_B_MALAYI_LOW_DOSE_DC_DN","GSE360_CTRL_VS_B_MALAYI_LOW_DOSE_DC_DN","36/2154","200/21355",0.000426775458618796,0.00109929618131884,0.00032770561531487
"GSE360_L_MAJOR_VS_B_MALAYI_HIGH_DOSE_DC_UP","GSE360_L_MAJOR_VS_B_MALAYI_HIGH_DOSE_DC_UP","36/2154","200/21355",0.000426775458618796,0.00109929618131884,0.00032770561531487
"GSE36476_CTRL_VS_TSST_ACT_72H_MEMORY_CD4_TCELL_OLD_DN","GSE36476_CTRL_VS_TSST_ACT_72H_MEMORY_CD4_TCELL_OLD_DN","36/2154","200/21355",0.000426775458618796,0.00109929618131884,0.00032770561531487
"GSE36891_UNSTIM_VS_POLYIC_TLR3_STIM_PERITONEAL_MACROPHAGE_DN","GSE36891_UNSTIM_VS_POLYIC_TLR3_STIM_PERITONEAL_MACROPHAGE_DN","36/2154","200/21355",0.000426775458618796,0.00109929618131884,0.00032770561531487
"GSE37301_GRANULOCYTE_MONOCYTE_PROGENITOR_VS_RAG2_KO_NK_CELL_DN","GSE37301_GRANULOCYTE_MONOCYTE_PROGENITOR_VS_RAG2_KO_NK_CELL_DN","36/2154","200/21355",0.000426775458618796,0.00109929618131884,0.00032770561531487
"GSE37301_HEMATOPOIETIC_STEM_CELL_VS_COMMON_LYMPHOID_PROGENITOR_DN","GSE37301_HEMATOPOIETIC_STEM_CELL_VS_COMMON_LYMPHOID_PROGENITOR_DN","36/2154","200/21355",0.000426775458618796,0.00109929618131884,0.00032770561531487
"GSE37301_LYMPHOID_PRIMED_MPP_VS_GRAN_MONO_PROGENITOR_UP","GSE37301_LYMPHOID_PRIMED_MPP_VS_GRAN_MONO_PROGENITOR_UP","36/2154","200/21355",0.000426775458618796,0.00109929618131884,0.00032770561531487
"GSE39556_UNTREATED_VS_3H_POLYIC_INJ_MOUSE_NK_CELL_UP","GSE39556_UNTREATED_VS_3H_POLYIC_INJ_MOUSE_NK_CELL_UP","36/2154","200/21355",0.000426775458618796,0.00109929618131884,0.00032770561531487
"GSE3982_EFF_MEMORY_CD4_TCELL_VS_TH2_DN","GSE3982_EFF_MEMORY_CD4_TCELL_VS_TH2_DN","36/2154","200/21355",0.000426775458618796,0.00109929618131884,0.00032770561531487
"GSE3982_MAC_VS_EFF_MEMORY_CD4_TCELL_UP","GSE3982_MAC_VS_EFF_MEMORY_CD4_TCELL_UP","36/2154","200/21355",0.000426775458618796,0.00109929618131884,0.00032770561531487
"GSE3982_NKCELL_VS_TH1_DN","GSE3982_NKCELL_VS_TH1_DN","36/2154","200/21355",0.000426775458618796,0.00109929618131884,0.00032770561531487
"GSE39820_CTRL_VS_IL1B_IL6_IL23A_CD4_TCELL_UP","GSE39820_CTRL_VS_IL1B_IL6_IL23A_CD4_TCELL_UP","36/2154","200/21355",0.000426775458618796,0.00109929618131884,0.00032770561531487
"GSE39820_TGFBETA1_VS_TGFBETA3_IN_IL6_TREATED_CD4_TCELL_UP","GSE39820_TGFBETA1_VS_TGFBETA3_IN_IL6_TREATED_CD4_TCELL_UP","36/2154","200/21355",0.000426775458618796,0.00109929618131884,0.00032770561531487
"GSE3994_WT_VS_PAC1_KO_ACTIVATED_MAST_CELL_DN","GSE3994_WT_VS_PAC1_KO_ACTIVATED_MAST_CELL_DN","36/2154","200/21355",0.000426775458618796,0.00109929618131884,0.00032770561531487
"GSE40274_GATA1_VS_FOXP3_AND_GATA1_TRANSDUCED_ACTIVATED_CD4_TCELL_DN","GSE40274_GATA1_VS_FOXP3_AND_GATA1_TRANSDUCED_ACTIVATED_CD4_TCELL_DN","36/2154","200/21355",0.000426775458618796,0.00109929618131884,0.00032770561531487
"GSE41867_DAY6_VS_DAY8_LCMV_ARMSTRONG_EFFECTOR_CD8_TCELL_UP","GSE41867_DAY6_VS_DAY8_LCMV_ARMSTRONG_EFFECTOR_CD8_TCELL_UP","36/2154","200/21355",0.000426775458618796,0.00109929618131884,0.00032770561531487
"GSE41978_WT_VS_ID2_KO_KLRG1_LOW_EFFECTOR_CD8_TCELL_DN","GSE41978_WT_VS_ID2_KO_KLRG1_LOW_EFFECTOR_CD8_TCELL_DN","36/2154","200/21355",0.000426775458618796,0.00109929618131884,0.00032770561531487
"GSE42021_CD24HI_VS_CD24INT_TREG_THYMUS_UP","GSE42021_CD24HI_VS_CD24INT_TREG_THYMUS_UP","36/2154","200/21355",0.000426775458618796,0.00109929618131884,0.00032770561531487
"GSE42021_CD24LO_TREG_VS_CD24LO_TCONV_THYMUS_DN","GSE42021_CD24LO_TREG_VS_CD24LO_TCONV_THYMUS_DN","36/2154","200/21355",0.000426775458618796,0.00109929618131884,0.00032770561531487
"GSE42021_CD24LO_TREG_VS_CD24LO_TCONV_THYMUS_UP","GSE42021_CD24LO_TREG_VS_CD24LO_TCONV_THYMUS_UP","36/2154","200/21355",0.000426775458618796,0.00109929618131884,0.00032770561531487
"GSE42021_TREG_PLN_VS_CD24HI_TREG_THYMUS_DN","GSE42021_TREG_PLN_VS_CD24HI_TREG_THYMUS_DN","36/2154","200/21355",0.000426775458618796,0.00109929618131884,0.00032770561531487
"GSE43863_TH1_VS_LY6C_LOW_CXCR5NEG_EFFECTOR_CD4_TCELL_DN","GSE43863_TH1_VS_LY6C_LOW_CXCR5NEG_EFFECTOR_CD4_TCELL_DN","36/2154","200/21355",0.000426775458618796,0.00109929618131884,0.00032770561531487
"GSE5542_IFNG_VS_IFNA_AND_IFNG_TREATED_EPITHELIAL_CELLS_24H_UP","GSE5542_IFNG_VS_IFNA_AND_IFNG_TREATED_EPITHELIAL_CELLS_24H_UP","36/2154","200/21355",0.000426775458618796,0.00109929618131884,0.00032770561531487
"GSE5589_UNSTIM_VS_180MIN_LPS_AND_IL10_STIM_MACROPHAGE_UP","GSE5589_UNSTIM_VS_180MIN_LPS_AND_IL10_STIM_MACROPHAGE_UP","36/2154","200/21355",0.000426775458618796,0.00109929618131884,0.00032770561531487
"GSE5589_UNSTIM_VS_45MIN_LPS_AND_IL10_STIM_MACROPHAGE_UP","GSE5589_UNSTIM_VS_45MIN_LPS_AND_IL10_STIM_MACROPHAGE_UP","36/2154","200/21355",0.000426775458618796,0.00109929618131884,0.00032770561531487
"GSE5679_CTRL_VS_RARA_AGONIST_AM580_TREATED_DC_DN","GSE5679_CTRL_VS_RARA_AGONIST_AM580_TREATED_DC_DN","36/2154","200/21355",0.000426775458618796,0.00109929618131884,0.00032770561531487
"GSE7460_TCONV_VS_TREG_LN_DN","GSE7460_TCONV_VS_TREG_LN_DN","36/2154","200/21355",0.000426775458618796,0.00109929618131884,0.00032770561531487
"GSE7764_NKCELL_VS_SPLENOCYTE_UP","GSE7764_NKCELL_VS_SPLENOCYTE_UP","36/2154","200/21355",0.000426775458618796,0.00109929618131884,0.00032770561531487
"GSE7831_CPG_VS_INFLUENZA_STIM_PDC_1H_UP","GSE7831_CPG_VS_INFLUENZA_STIM_PDC_1H_UP","36/2154","200/21355",0.000426775458618796,0.00109929618131884,0.00032770561531487
"GSE9037_CTRL_VS_LPS_1H_STIM_IRAK4_KO_BMDM_DN","GSE9037_CTRL_VS_LPS_1H_STIM_IRAK4_KO_BMDM_DN","36/2154","200/21355",0.000426775458618796,0.00109929618131884,0.00032770561531487
"GSE9601_NFKB_INHIBITOR_VS_PI3K_INHIBITOR_TREATED_HCMV_INF_MONOCYTE_DN","GSE9601_NFKB_INHIBITOR_VS_PI3K_INHIBITOR_TREATED_HCMV_INF_MONOCYTE_DN","36/2154","200/21355",0.000426775458618796,0.00109929618131884,0.00032770561531487
"GSE9650_GP33_VS_GP276_LCMV_SPECIFIC_EXHAUSTED_CD8_TCELL_DN","GSE9650_GP33_VS_GP276_LCMV_SPECIFIC_EXHAUSTED_CD8_TCELL_DN","36/2154","200/21355",0.000426775458618796,0.00109929618131884,0.00032770561531487
"GSE9878_CTRL_VS_EBF_TRANSDUCED_PAX5_KO_PRO_BCELL_UP","GSE9878_CTRL_VS_EBF_TRANSDUCED_PAX5_KO_PRO_BCELL_UP","36/2154","200/21355",0.000426775458618796,0.00109929618131884,0.00032770561531487
"KAECH_DAY15_EFF_VS_MEMORY_CD8_TCELL_UP","KAECH_DAY15_EFF_VS_MEMORY_CD8_TCELL_UP","36/2154","200/21355",0.000426775458618796,0.00109929618131884,0.00032770561531487
"KAECH_NAIVE_VS_MEMORY_CD8_TCELL_UP","KAECH_NAIVE_VS_MEMORY_CD8_TCELL_UP","36/2154","200/21355",0.000426775458618796,0.00109929618131884,0.00032770561531487
"GSE14415_INDUCED_TREG_VS_TCONV_DN","GSE14415_INDUCED_TREG_VS_TCONV_DN","31/2154","164/21355",0.000439301162533894,0.0011309903544994,0.000337153804711443
"NAKAYA_PBMC_FLUARIX_FLUVIRIN_AGE_18_50YO_3DY_DN","NAKAYA_PBMC_FLUARIX_FLUVIRIN_AGE_18_50YO_3DY_DN","66/2154","433/21355",0.000440114508521346,0.00113251408257154,0.000337608035567457
"GSE12366_NAIVE_VS_MEMORY_BCELL_DN","GSE12366_NAIVE_VS_MEMORY_BCELL_DN","35/2154","193/21355",0.00044116436446616,0.001133504218852,0.000337903200077757
"GSE1460_NAIVE_CD4_TCELL_ADULT_BLOOD_VS_THYMIC_STROMAL_CELL_UP","GSE1460_NAIVE_CD4_TCELL_ADULT_BLOOD_VS_THYMIC_STROMAL_CELL_UP","35/2154","193/21355",0.00044116436446616,0.001133504218852,0.000337903200077757
"GSE21927_BALBC_VS_C57BL6_MONOCYTE_TUMOR_DN","GSE21927_BALBC_VS_C57BL6_MONOCYTE_TUMOR_DN","35/2154","193/21355",0.00044116436446616,0.001133504218852,0.000337903200077757
"SCHERER_PBMC_APSV_WETVAX_AGE_18_32YO_50_TO_60DY_DN","SCHERER_PBMC_APSV_WETVAX_AGE_18_32YO_50_TO_60DY_DN","28/2154","143/21355",0.000452327204571114,0.00116160170616379,0.000346279199671666
"GSE3720_LPS_VS_PMA_STIM_VD1_GAMMADELTA_TCELL_DN","GSE3720_LPS_VS_PMA_STIM_VD1_GAMMADELTA_TCELL_DN","32/2154","172/21355",0.000479389386448113,0.00122986348866493,0.00036662837382252
"GSE40274_CTRL_VS_SATB1_TRANSDUCED_ACTIVATED_CD4_TCELL_DN","GSE40274_CTRL_VS_SATB1_TRANSDUCED_ACTIVATED_CD4_TCELL_DN","32/2154","172/21355",0.000479389386448113,0.00122986348866493,0.00036662837382252
"THAKAR_PBMC_INACTIVATED_INFLUENZA_AGE_21_30YO_NONRESPONDER_28DY_DN","THAKAR_PBMC_INACTIVATED_INFLUENZA_AGE_21_30YO_NONRESPONDER_28DY_DN","16/2154","64/21355",0.00048078690690725,0.00123283021816287,0.000367512770522989
"LI_PBMC_MENOMUNE_A_C_Y_W_135_AGE_18_45YO_CORRELATED_WITH_ANTIBODY_RESPONSE_3DY_NEGATIVE","LI_PBMC_MENOMUNE_A_C_Y_W_135_AGE_18_45YO_CORRELATED_WITH_ANTIBODY_RESPONSE_3DY_NEGATIVE","9/2154","25/21355",0.000483189929129495,0.00123837098127274,0.000369164499342835
"GSE45382_UNTREATED_VS_TGFB_TREATED_MACROPHAGES_DN","GSE45382_UNTREATED_VS_TGFB_TREATED_MACROPHAGES_DN","35/2154","194/21355",0.000487066400070155,0.00124705583553265,0.000371753497246704
"GSE9509_10MIN_VS_30MIN_LPS_STIM_IL10_KO_MACROPHAGE_DN","GSE9509_10MIN_VS_30MIN_LPS_STIM_IL10_KO_MACROPHAGE_DN","35/2154","194/21355",0.000487066400070155,0.00124705583553265,0.000371753497246704
"GSE3920_UNTREATED_VS_IFNA_TREATED_ENDOTHELIAL_CELL_DN","GSE3920_UNTREATED_VS_IFNA_TREATED_ENDOTHELIAL_CELL_DN","31/2154","165/21355",0.000489639948707644,0.00125301754641751,0.000373530712675133
"GSE6259_FLT3L_INDUCED_DEC205_POS_DC_VS_CD8_TCELL_DN","GSE6259_FLT3L_INDUCED_DEC205_POS_DC_VS_CD8_TCELL_DN","32/2154","173/21355",0.000532375150195266,0.00136169792043441,0.000405928868372473
"GSE11864_CSF1_IFNG_VS_CSF1_IFNG_PAM3CYS_IN_MAC_DN","GSE11864_CSF1_IFNG_VS_CSF1_IFNG_PAM3CYS_IN_MAC_DN","35/2154","195/21355",0.000537149369040914,0.0013711656135328,0.000408751234396428
"GSE11864_CSF1_PAM3CYS_VS_CSF1_IFNG_PAM3CYS_IN_MAC_UP","GSE11864_CSF1_PAM3CYS_VS_CSF1_IFNG_PAM3CYS_IN_MAC_UP","35/2154","195/21355",0.000537149369040914,0.0013711656135328,0.000408751234396428
"GSE21360_NAIVE_VS_TERTIARY_MEMORY_CD8_TCELL_UP","GSE21360_NAIVE_VS_TERTIARY_MEMORY_CD8_TCELL_UP","35/2154","195/21355",0.000537149369040914,0.0013711656135328,0.000408751234396428
"GSE45365_WT_VS_IFNAR_KO_CD11B_DC_UP","GSE45365_WT_VS_IFNAR_KO_CD11B_DC_UP","35/2154","195/21355",0.000537149369040914,0.0013711656135328,0.000408751234396428
"GSE7509_UNSTIM_VS_TNFA_IL1B_IL6_PGE_STIM_DC_UP","GSE7509_UNSTIM_VS_TNFA_IL1B_IL6_PGE_STIM_DC_UP","34/2154","188/21355",0.000555825253294587,0.00141746672212869,0.000422553823307431
"GSE40274_FOXP3_VS_FOXP3_AND_XBP1_TRANSDUCED_ACTIVATED_CD4_TCELL_DN","GSE40274_FOXP3_VS_FOXP3_AND_XBP1_TRANSDUCED_ACTIVATED_CD4_TCELL_DN","30/2154","159/21355",0.000555842123580683,0.00141746672212869,0.000422553823307431
"GSE10211_UV_INACT_SENDAI_VS_LIVE_SENDAI_VIRUS_TRACHEAL_EPITHELIAL_CELLS_UP","GSE10211_UV_INACT_SENDAI_VS_LIVE_SENDAI_VIRUS_TRACHEAL_EPITHELIAL_CELLS_UP","29/2154","152/21355",0.000564509511715066,0.00143885201066756,0.000428928883330753
"GSE7768_OVA_ALONE_VS_OVA_WITH_MPL_IMMUNIZED_MOUSE_WHOLE_SPLEEN_6H_UP","GSE7768_OVA_ALONE_VS_OVA_WITH_MPL_IMMUNIZED_MOUSE_WHOLE_SPLEEN_6H_UP","33/2154","181/21355",0.000573691900535166,0.00146152799573309,0.000435688706356657
"GSE13547_2H_VS_12_H_ANTI_IGM_STIM_ZFX_KO_BCELL_DN","GSE13547_2H_VS_12_H_ANTI_IGM_STIM_ZFX_KO_BCELL_DN","32/2154","174/21355",0.000590461340059032,0.00150150747241411,0.000447606785604421
"GSE7509_UNSTIM_VS_FCGRIIB_STIM_DC_DN","GSE7509_UNSTIM_VS_FCGRIIB_STIM_DC_DN","32/2154","174/21355",0.000590461340059032,0.00150150747241411,0.000447606785604421
"GSE20727_CTRL_VS_H2O2_TREATED_DC_DN","GSE20727_CTRL_VS_H2O2_TREATED_DC_DN","35/2154","196/21355",0.000591734315844795,0.00150150747241411,0.000447606785604421
"GSE21927_SPLEEN_MONOCYTE_VS_GMCSF_GCSF_BONE_MARROW_DN","GSE21927_SPLEEN_MONOCYTE_VS_GMCSF_GCSF_BONE_MARROW_DN","35/2154","196/21355",0.000591734315844795,0.00150150747241411,0.000447606785604421
"GSE21927_SPLENIC_C26GM_TUMOROUS_VS_4T1_TUMOR_MONOCYTES_DN","GSE21927_SPLENIC_C26GM_TUMOROUS_VS_4T1_TUMOR_MONOCYTES_DN","35/2154","196/21355",0.000591734315844795,0.00150150747241411,0.000447606785604421
"GSE23321_CD8_STEM_CELL_MEMORY_VS_CENTRAL_MEMORY_CD8_TCELL_DN","GSE23321_CD8_STEM_CELL_MEMORY_VS_CENTRAL_MEMORY_CD8_TCELL_DN","35/2154","196/21355",0.000591734315844795,0.00150150747241411,0.000447606785604421
"GSE29617_CTRL_VS_DAY7_TIV_FLU_VACCINE_PBMC_2008_UP","GSE29617_CTRL_VS_DAY7_TIV_FLU_VACCINE_PBMC_2008_UP","35/2154","196/21355",0.000591734315844795,0.00150150747241411,0.000447606785604421
"GSE3982_EOSINOPHIL_VS_BASOPHIL_UP","GSE3982_EOSINOPHIL_VS_BASOPHIL_UP","35/2154","196/21355",0.000591734315844795,0.00150150747241411,0.000447606785604421
"GSE2706_R848_VS_LPS_8H_STIM_DC_DN","GSE2706_R848_VS_LPS_8H_STIM_DC_DN","34/2154","189/21355",0.000613350251767059,0.0015555852367485,0.000463727633959221
"GSE25677_MPL_VS_MPL_AND_R848_STIM_BCELL_UP","GSE25677_MPL_VS_MPL_AND_R848_STIM_BCELL_UP","30/2154","160/21355",0.000619343594697741,0.00157000684169041,0.000468026785545145
"OCONNOR_PBMC_MENVEO_ACWYVAX_AGE_30_70YO_7DY_AFTER_SECOND_DOSE_VS_7DY_AFTER_FIRST_DOSE_DN","OCONNOR_PBMC_MENVEO_ACWYVAX_AGE_30_70YO_7DY_AFTER_SECOND_DOSE_VS_7DY_AFTER_FIRST_DOSE_DN","41/2154","242/21355",0.000648621175750655,0.00164252055752685,0.000489643482001272
"GSE14000_UNSTIM_VS_16H_LPS_DC_TRANSLATED_RNA_DN","GSE14000_UNSTIM_VS_16H_LPS_DC_TRANSLATED_RNA_DN","35/2154","197/21355",0.000651161582262257,0.00164252055752685,0.000489643482001272
"GSE21546_ELK1_KO_VS_SAP1A_KO_AND_ELK1_KO_DP_THYMOCYTES_DN","GSE21546_ELK1_KO_VS_SAP1A_KO_AND_ELK1_KO_DP_THYMOCYTES_DN","35/2154","197/21355",0.000651161582262257,0.00164252055752685,0.000489643482001272
"GSE22886_NAIVE_CD4_TCELL_VS_DC_UP","GSE22886_NAIVE_CD4_TCELL_VS_DC_UP","35/2154","197/21355",0.000651161582262257,0.00164252055752685,0.000489643482001272
"GSE2405_HEAT_KILLED_VS_LIVE_A_PHAGOCYTOPHILUM_STIM_NEUTROPHIL_24H_DN","GSE2405_HEAT_KILLED_VS_LIVE_A_PHAGOCYTOPHILUM_STIM_NEUTROPHIL_24H_DN","35/2154","197/21355",0.000651161582262257,0.00164252055752685,0.000489643482001272
"GSE24574_BCL6_HIGH_TFH_VS_TCONV_CD4_TCELL_UP","GSE24574_BCL6_HIGH_TFH_VS_TCONV_CD4_TCELL_UP","35/2154","197/21355",0.000651161582262257,0.00164252055752685,0.000489643482001272
"GSE360_L_DONOVANI_VS_T_GONDII_DC_DN","GSE360_L_DONOVANI_VS_T_GONDII_DC_DN","35/2154","197/21355",0.000651161582262257,0.00164252055752685,0.000489643482001272
"GSE3982_BCELL_VS_TH2_UP","GSE3982_BCELL_VS_TH2_UP","35/2154","197/21355",0.000651161582262257,0.00164252055752685,0.000489643482001272
"GSE41176_UNSTIM_VS_ANTI_IGM_STIM_BCELL_1H_UP","GSE41176_UNSTIM_VS_ANTI_IGM_STIM_BCELL_1H_UP","35/2154","197/21355",0.000651161582262257,0.00164252055752685,0.000489643482001272
"GSE42021_TREG_PLN_VS_TREG_PRECURSORS_THYMUS_UP","GSE42021_TREG_PLN_VS_TREG_PRECURSORS_THYMUS_UP","35/2154","197/21355",0.000651161582262257,0.00164252055752685,0.000489643482001272
"GSE12392_WT_VS_IFNAR_KO_CD8A_NEG_SPLEEN_DC_DN","GSE12392_WT_VS_IFNAR_KO_CD8A_NEG_SPLEEN_DC_DN","35/2154","198/21355",0.000715791543659462,0.00178703230602091,0.000532723147213662
"GSE13229_MATURE_VS_INTMATURE_NKCELL_DN","GSE13229_MATURE_VS_INTMATURE_NKCELL_DN","35/2154","198/21355",0.000715791543659462,0.00178703230602091,0.000532723147213662
"GSE13411_NAIVE_VS_SWITCHED_MEMORY_BCELL_DN","GSE13411_NAIVE_VS_SWITCHED_MEMORY_BCELL_DN","35/2154","198/21355",0.000715791543659462,0.00178703230602091,0.000532723147213662
"GSE13484_3H_UNSTIM_VS_YF17D_VACCINE_STIM_PBMC_DN","GSE13484_3H_UNSTIM_VS_YF17D_VACCINE_STIM_PBMC_DN","35/2154","198/21355",0.000715791543659462,0.00178703230602091,0.000532723147213662
"GSE13738_TCR_VS_BYSTANDER_ACTIVATED_CD4_TCELL_DN","GSE13738_TCR_VS_BYSTANDER_ACTIVATED_CD4_TCELL_DN","35/2154","198/21355",0.000715791543659462,0.00178703230602091,0.000532723147213662
"GSE16522_ANTI_CD3CD28_STIM_VS_UNSTIM_NAIVE_CD8_TCELL_DN","GSE16522_ANTI_CD3CD28_STIM_VS_UNSTIM_NAIVE_CD8_TCELL_DN","35/2154","198/21355",0.000715791543659462,0.00178703230602091,0.000532723147213662
"GSE18791_UNSTIM_VS_NEWCATSLE_VIRUS_DC_18H_UP","GSE18791_UNSTIM_VS_NEWCATSLE_VIRUS_DC_18H_UP","35/2154","198/21355",0.000715791543659462,0.00178703230602091,0.000532723147213662
"GSE21546_UNSTIM_VS_ANTI_CD3_STIM_SAP1A_KO_DP_THYMOCYTES_UP","GSE21546_UNSTIM_VS_ANTI_CD3_STIM_SAP1A_KO_DP_THYMOCYTES_UP","35/2154","198/21355",0.000715791543659462,0.00178703230602091,0.000532723147213662
"GSE22025_TGFB1_VS_TGFB1_AND_PROGESTERONE_TREATED_CD4_TCELL_UP","GSE22025_TGFB1_VS_TGFB1_AND_PROGESTERONE_TREATED_CD4_TCELL_UP","35/2154","198/21355",0.000715791543659462,0.00178703230602091,0.000532723147213662
"GSE22229_RENAL_TRANSPLANT_VS_HEALTHY_PBMC_DN","GSE22229_RENAL_TRANSPLANT_VS_HEALTHY_PBMC_DN","35/2154","198/21355",0.000715791543659462,0.00178703230602091,0.000532723147213662
"GSE22611_UNSTIM_VS_2H_MDP_STIM_MUTANT_NOD2_TRANSDUCED_HEK293T_CELL_UP","GSE22611_UNSTIM_VS_2H_MDP_STIM_MUTANT_NOD2_TRANSDUCED_HEK293T_CELL_UP","35/2154","198/21355",0.000715791543659462,0.00178703230602091,0.000532723147213662
"GSE22886_NAIVE_CD4_TCELL_VS_NKCELL_DN","GSE22886_NAIVE_CD4_TCELL_VS_NKCELL_DN","35/2154","198/21355",0.000715791543659462,0.00178703230602091,0.000532723147213662
"GSE22886_NAIVE_TCELL_VS_NKCELL_UP","GSE22886_NAIVE_TCELL_VS_NKCELL_UP","35/2154","198/21355",0.000715791543659462,0.00178703230602091,0.000532723147213662
"GSE24574_BCL6_HIGH_TFH_VS_NAIVE_CD4_TCELL_UP","GSE24574_BCL6_HIGH_TFH_VS_NAIVE_CD4_TCELL_UP","35/2154","198/21355",0.000715791543659462,0.00178703230602091,0.000532723147213662
"GSE27786_LSK_VS_NKTCELL_DN","GSE27786_LSK_VS_NKTCELL_DN","35/2154","198/21355",0.000715791543659462,0.00178703230602091,0.000532723147213662
"GSE29618_PRE_VS_DAY7_POST_LAIV_FLU_VACCINE_PDC_DN","GSE29618_PRE_VS_DAY7_POST_LAIV_FLU_VACCINE_PDC_DN","35/2154","198/21355",0.000715791543659462,0.00178703230602091,0.000532723147213662
"GSE32423_CTRL_VS_IL7_MEMORY_CD8_TCELL_DN","GSE32423_CTRL_VS_IL7_MEMORY_CD8_TCELL_DN","35/2154","198/21355",0.000715791543659462,0.00178703230602091,0.000532723147213662
"GSE36476_CTRL_VS_TSST_ACT_72H_MEMORY_CD4_TCELL_YOUNG_UP","GSE36476_CTRL_VS_TSST_ACT_72H_MEMORY_CD4_TCELL_YOUNG_UP","35/2154","198/21355",0.000715791543659462,0.00178703230602091,0.000532723147213662
"GSE3982_BCELL_VS_EFF_MEMORY_CD4_TCELL_UP","GSE3982_BCELL_VS_EFF_MEMORY_CD4_TCELL_UP","35/2154","198/21355",0.000715791543659462,0.00178703230602091,0.000532723147213662
"GSE3982_NKCELL_VS_TH2_UP","GSE3982_NKCELL_VS_TH2_UP","35/2154","198/21355",0.000715791543659462,0.00178703230602091,0.000532723147213662
"GSE8685_IL2_STARVED_VS_IL15_ACT_IL2_STARVED_CD4_TCELL_UP","GSE8685_IL2_STARVED_VS_IL15_ACT_IL2_STARVED_CD4_TCELL_UP","35/2154","198/21355",0.000715791543659462,0.00178703230602091,0.000532723147213662
"HOWARD_NEUTROPHIL_INACT_MONOV_INFLUENZA_A_INDONESIA_05_2005_H5N1_AGE_18_49YO_3DY_UP","HOWARD_NEUTROPHIL_INACT_MONOV_INFLUENZA_A_INDONESIA_05_2005_H5N1_AGE_18_49YO_3DY_UP","24/2154","119/21355",0.000721280253622867,0.00179985648451621,0.000536546098094532
"GSE27896_HDAC6_KO_VS_WT_TREG_UP","GSE27896_HDAC6_KO_VS_WT_TREG_UP","32/2154","176/21355",0.000723603919245744,0.00180389411950438,0.000537749737005229
"GSE37605_FOXP3_FUSION_GFP_VS_IRES_GFP_TREG_C57BL6_DN","GSE37605_FOXP3_FUSION_GFP_VS_IRES_GFP_TREG_C57BL6_DN","32/2154","176/21355",0.000723603919245744,0.00180389411950438,0.000537749737005229
"GSE7219_WT_VS_NIK_NFKB2_KO_DC_DN","GSE7219_WT_VS_NIK_NFKB2_KO_DC_DN","31/2154","169/21355",0.000745547733671278,0.00185769276913316,0.000553787379889202
"GSE13547_WT_VS_ZFX_KO_BCELL_UP","GSE13547_WT_VS_ZFX_KO_BCELL_UP","30/2154","162/21355",0.000765718535816793,0.00190702331886569,0.000568493060149571
"NAKAYA_B_CELL_FLUMIST_AGE_18_50YO_7DY_UP","NAKAYA_B_CELL_FLUMIST_AGE_18_50YO_7DY_UP","70/2154","475/21355",0.000783814071946907,0.00191556020967399,0.000571037949418497
"GSE12845_IGD_POS_VS_NEG_BLOOD_BCELL_UP","GSE12845_IGD_POS_VS_NEG_BLOOD_BCELL_UP","35/2154","199/21355",0.00078600534322238,0.00191556020967399,0.000571037949418497
"GSE13484_UNSTIM_VS_3H_YF17D_VACCINE_STIM_PBMC_UP","GSE13484_UNSTIM_VS_3H_YF17D_VACCINE_STIM_PBMC_UP","35/2154","199/21355",0.00078600534322238,0.00191556020967399,0.000571037949418497
"GSE1460_INTRATHYMIC_T_PROGENITOR_VS_CD4_THYMOCYTE_UP","GSE1460_INTRATHYMIC_T_PROGENITOR_VS_CD4_THYMOCYTE_UP","35/2154","199/21355",0.00078600534322238,0.00191556020967399,0.000571037949418497
"GSE1460_INTRATHYMIC_T_PROGENITOR_VS_NAIVE_CD4_TCELL_CORD_BLOOD_UP","GSE1460_INTRATHYMIC_T_PROGENITOR_VS_NAIVE_CD4_TCELL_CORD_BLOOD_UP","35/2154","199/21355",0.00078600534322238,0.00191556020967399,0.000571037949418497
"GSE15330_LYMPHOID_MULTIPOTENT_VS_GRANULOCYTE_MONOCYTE_PROGENITOR_UP","GSE15330_LYMPHOID_MULTIPOTENT_VS_GRANULOCYTE_MONOCYTE_PROGENITOR_UP","35/2154","199/21355",0.00078600534322238,0.00191556020967399,0.000571037949418497
"GSE17301_CTRL_VS_48H_ACD3_ACD28_STIM_CD8_TCELL_UP","GSE17301_CTRL_VS_48H_ACD3_ACD28_STIM_CD8_TCELL_UP","35/2154","199/21355",0.00078600534322238,0.00191556020967399,0.000571037949418497
"GSE17322_CD103_POS_VS_CD11B_HIGH_LUNG_DC_DN","GSE17322_CD103_POS_VS_CD11B_HIGH_LUNG_DC_DN","35/2154","199/21355",0.00078600534322238,0.00191556020967399,0.000571037949418497
"GSE17721_0.5H_VS_12H_CPG_BMDC_DN","GSE17721_0.5H_VS_12H_CPG_BMDC_DN","35/2154","199/21355",0.00078600534322238,0.00191556020967399,0.000571037949418497
"GSE17721_CTRL_VS_LPS_6H_BMDC_DN","GSE17721_CTRL_VS_LPS_6H_BMDC_DN","35/2154","199/21355",0.00078600534322238,0.00191556020967399,0.000571037949418497
"GSE17721_LPS_VS_GARDIQUIMOD_12H_BMDC_DN","GSE17721_LPS_VS_GARDIQUIMOD_12H_BMDC_DN","35/2154","199/21355",0.00078600534322238,0.00191556020967399,0.000571037949418497
"GSE17721_LPS_VS_GARDIQUIMOD_12H_BMDC_UP","GSE17721_LPS_VS_GARDIQUIMOD_12H_BMDC_UP","35/2154","199/21355",0.00078600534322238,0.00191556020967399,0.000571037949418497
"GSE17721_LPS_VS_POLYIC_4H_BMDC_DN","GSE17721_LPS_VS_POLYIC_4H_BMDC_DN","35/2154","199/21355",0.00078600534322238,0.00191556020967399,0.000571037949418497
"GSE17721_POLYIC_VS_GARDIQUIMOD_1H_BMDC_DN","GSE17721_POLYIC_VS_GARDIQUIMOD_1H_BMDC_DN","35/2154","199/21355",0.00078600534322238,0.00191556020967399,0.000571037949418497
"GSE17974_2H_VS_72H_UNTREATED_IN_VITRO_CD4_TCELL_DN","GSE17974_2H_VS_72H_UNTREATED_IN_VITRO_CD4_TCELL_DN","35/2154","199/21355",0.00078600534322238,0.00191556020967399,0.000571037949418497
"GSE18791_CTRL_VS_NEWCASTLE_VIRUS_DC_14H_UP","GSE18791_CTRL_VS_NEWCASTLE_VIRUS_DC_14H_UP","35/2154","199/21355",0.00078600534322238,0.00191556020967399,0.000571037949418497
"GSE20366_TREG_VS_NAIVE_CD4_TCELL_DN","GSE20366_TREG_VS_NAIVE_CD4_TCELL_DN","35/2154","199/21355",0.00078600534322238,0.00191556020967399,0.000571037949418497
"GSE20366_TREG_VS_NAIVE_CD4_TCELL_HOMEOSTATIC_CONVERSION_DN","GSE20366_TREG_VS_NAIVE_CD4_TCELL_HOMEOSTATIC_CONVERSION_DN","35/2154","199/21355",0.00078600534322238,0.00191556020967399,0.000571037949418497
"GSE21063_3H_VS_16H_ANTI_IGM_STIM_NFATC1_KOBCELL_UP","GSE21063_3H_VS_16H_ANTI_IGM_STIM_NFATC1_KOBCELL_UP","35/2154","199/21355",0.00078600534322238,0.00191556020967399,0.000571037949418497
"GSE22196_HEALTHY_VS_OBESE_MOUSE_SKIN_GAMMADELTA_TCELL_UP","GSE22196_HEALTHY_VS_OBESE_MOUSE_SKIN_GAMMADELTA_TCELL_UP","35/2154","199/21355",0.00078600534322238,0.00191556020967399,0.000571037949418497
"GSE22229_UNTREATED_VS_IMMUNOSUPP_THERAPY_RENAL_TRANSPLANT_PATIENT_PBMC_DN","GSE22229_UNTREATED_VS_IMMUNOSUPP_THERAPY_RENAL_TRANSPLANT_PATIENT_PBMC_DN","35/2154","199/21355",0.00078600534322238,0.00191556020967399,0.000571037949418497
"GSE22886_IGM_MEMORY_BCELL_VS_BM_PLASMA_CELL_DN","GSE22886_IGM_MEMORY_BCELL_VS_BM_PLASMA_CELL_DN","35/2154","199/21355",0.00078600534322238,0.00191556020967399,0.000571037949418497
"GSE22886_NAIVE_TCELL_VS_NEUTROPHIL_UP","GSE22886_NAIVE_TCELL_VS_NEUTROPHIL_UP","35/2154","199/21355",0.00078600534322238,0.00191556020967399,0.000571037949418497
"GSE22935_WT_VS_MYD88_KO_MACROPHAGE_48H_MBOVIS_BCG_STIM_UP","GSE22935_WT_VS_MYD88_KO_MACROPHAGE_48H_MBOVIS_BCG_STIM_UP","35/2154","199/21355",0.00078600534322238,0.00191556020967399,0.000571037949418497
"GSE24210_IL35_TREATED_VS_UNTREATED_TCONV_CD4_TCELL_UP","GSE24210_IL35_TREATED_VS_UNTREATED_TCONV_CD4_TCELL_UP","35/2154","199/21355",0.00078600534322238,0.00191556020967399,0.000571037949418497
"GSE25088_ROSIGLITAZONE_VS_IL4_AND_ROSIGLITAZONE_STIM_MACROPHAGE_DAY10_DN","GSE25088_ROSIGLITAZONE_VS_IL4_AND_ROSIGLITAZONE_STIM_MACROPHAGE_DAY10_DN","35/2154","199/21355",0.00078600534322238,0.00191556020967399,0.000571037949418497
"GSE25088_ROSIGLITAZONE_VS_IL4_AND_ROSIGLITAZONE_STIM_MACROPHAGE_DAY10_UP","GSE25088_ROSIGLITAZONE_VS_IL4_AND_ROSIGLITAZONE_STIM_MACROPHAGE_DAY10_UP","35/2154","199/21355",0.00078600534322238,0.00191556020967399,0.000571037949418497
"GSE25123_ROSIGLITAZONE_VS_IL4_AND_ROSIGLITAZONE_STIM_MACROPHAGE_DAY10_UP","GSE25123_ROSIGLITAZONE_VS_IL4_AND_ROSIGLITAZONE_STIM_MACROPHAGE_DAY10_UP","35/2154","199/21355",0.00078600534322238,0.00191556020967399,0.000571037949418497
"GSE26669_CD4_VS_CD8_TCELL_IN_MLR_DN","GSE26669_CD4_VS_CD8_TCELL_IN_MLR_DN","35/2154","199/21355",0.00078600534322238,0.00191556020967399,0.000571037949418497
"GSE26727_WT_VS_KLF2_KO_LPS_STIM_MACROPHAGE_UP","GSE26727_WT_VS_KLF2_KO_LPS_STIM_MACROPHAGE_UP","35/2154","199/21355",0.00078600534322238,0.00191556020967399,0.000571037949418497
"GSE27786_LSK_VS_CD8_TCELL_UP","GSE27786_LSK_VS_CD8_TCELL_UP","35/2154","199/21355",0.00078600534322238,0.00191556020967399,0.000571037949418497
"GSE3039_ALPHABETA_CD8_TCELL_VS_B1_BCELL_DN","GSE3039_ALPHABETA_CD8_TCELL_VS_B1_BCELL_DN","35/2154","199/21355",0.00078600534322238,0.00191556020967399,0.000571037949418497
"GSE3039_ALPHABETA_CD8_TCELL_VS_B2_BCELL_UP","GSE3039_ALPHABETA_CD8_TCELL_VS_B2_BCELL_UP","35/2154","199/21355",0.00078600534322238,0.00191556020967399,0.000571037949418497
"GSE360_L_DONOVANI_VS_B_MALAYI_HIGH_DOSE_DC_DN","GSE360_L_DONOVANI_VS_B_MALAYI_HIGH_DOSE_DC_DN","35/2154","199/21355",0.00078600534322238,0.00191556020967399,0.000571037949418497
"GSE3720_UNSTIM_VS_PMA_STIM_VD2_GAMMADELTA_TCELL_DN","GSE3720_UNSTIM_VS_PMA_STIM_VD2_GAMMADELTA_TCELL_DN","35/2154","199/21355",0.00078600534322238,0.00191556020967399,0.000571037949418497
"GSE37301_COMMON_LYMPHOID_PROGENITOR_VS_PRO_BCELL_DN","GSE37301_COMMON_LYMPHOID_PROGENITOR_VS_PRO_BCELL_DN","35/2154","199/21355",0.00078600534322238,0.00191556020967399,0.000571037949418497
"GSE3982_CTRL_VS_IGE_STIM_MAST_CELL_DN","GSE3982_CTRL_VS_IGE_STIM_MAST_CELL_DN","35/2154","199/21355",0.00078600534322238,0.00191556020967399,0.000571037949418497
"GSE39820_CTRL_VS_IL1B_IL6_CD4_TCELL_UP","GSE39820_CTRL_VS_IL1B_IL6_CD4_TCELL_UP","35/2154","199/21355",0.00078600534322238,0.00191556020967399,0.000571037949418497
"GSE40274_FOXP3_VS_FOXP3_AND_IRF4_TRANSDUCED_ACTIVATED_CD4_TCELL_DN","GSE40274_FOXP3_VS_FOXP3_AND_IRF4_TRANSDUCED_ACTIVATED_CD4_TCELL_DN","35/2154","199/21355",0.00078600534322238,0.00191556020967399,0.000571037949418497
"GSE40277_GATA1_AND_SATB1_TRANSDUCED_VS_CTRL_CD4_TCELL_DN","GSE40277_GATA1_AND_SATB1_TRANSDUCED_VS_CTRL_CD4_TCELL_DN","35/2154","199/21355",0.00078600534322238,0.00191556020967399,0.000571037949418497
"GSE40666_UNTREATED_VS_IFNA_STIM_EFFECTOR_CD8_TCELL_90MIN_DN","GSE40666_UNTREATED_VS_IFNA_STIM_EFFECTOR_CD8_TCELL_90MIN_DN","35/2154","199/21355",0.00078600534322238,0.00191556020967399,0.000571037949418497
"GSE45881_CXCR6HI_VS_CXCR1LO_COLONIC_LAMINA_PROPRIA_DN","GSE45881_CXCR6HI_VS_CXCR1LO_COLONIC_LAMINA_PROPRIA_DN","35/2154","199/21355",0.00078600534322238,0.00191556020967399,0.000571037949418497
"GSE5455_HEALTHY_VS_TUMOR_BEARING_MOUSE_SPLEEN_MONOCYTE_DN","GSE5455_HEALTHY_VS_TUMOR_BEARING_MOUSE_SPLEEN_MONOCYTE_DN","35/2154","199/21355",0.00078600534322238,0.00191556020967399,0.000571037949418497
"GSE6674_ANTI_IGM_VS_ANTI_IGM_AND_CPG_STIM_BCELL_DN","GSE6674_ANTI_IGM_VS_ANTI_IGM_AND_CPG_STIM_BCELL_DN","35/2154","199/21355",0.00078600534322238,0.00191556020967399,0.000571037949418497
"GSE7548_DAY7_VS_DAY28_PCC_IMMUNIZATION_CD4_TCELL_DN","GSE7548_DAY7_VS_DAY28_PCC_IMMUNIZATION_CD4_TCELL_DN","35/2154","199/21355",0.00078600534322238,0.00191556020967399,0.000571037949418497
"GSE13173_UNTREATED_VS_IL12_TREATED_ACT_CD8_TCELL_DN","GSE13173_UNTREATED_VS_IL12_TREATED_ACT_CD8_TCELL_DN","27/2154","141/21355",0.00081031063298419,0.00197385339039932,0.00058841543419729
"THAKAR_PBMC_INACTIVATED_INFLUENZA_AGE_21_30YO_NONRESPONDER_7DY_UP","THAKAR_PBMC_INACTIVATED_INFLUENZA_AGE_21_30YO_NONRESPONDER_7DY_UP","25/2154","127/21355",0.000820244112808695,0.00198847872987541,0.000592775320053032
"GSE21033_1H_VS_24H_POLYIC_STIM_DC_DN","GSE21033_1H_VS_24H_POLYIC_STIM_DC_DN","31/2154","170/21355",0.000825467521783175,0.00198847872987541,0.000592775320053032
"GSE7768_OVA_ALONE_VS_OVA_WITH_LPS_IMMUNIZED_MOUSE_WHOLE_SPLEEN_6H_DN","GSE7768_OVA_ALONE_VS_OVA_WITH_LPS_IMMUNIZED_MOUSE_WHOLE_SPLEEN_6H_DN","31/2154","170/21355",0.000825467521783175,0.00198847872987541,0.000592775320053032
"GSE14415_INDUCED_TREG_VS_FAILED_INDUCED_TREG_UP","GSE14415_INDUCED_TREG_VS_FAILED_INDUCED_TREG_UP","33/2154","185/21355",0.000850897050207414,0.00198847872987541,0.000592775320053032
"GSE10273_LOW_IL7_VS_HIGH_IL7_AND_IRF4_IN_IRF4_8_NULL_PRE_BCELL_UP","GSE10273_LOW_IL7_VS_HIGH_IL7_AND_IRF4_IN_IRF4_8_NULL_PRE_BCELL_UP","35/2154","200/21355",0.00086220562177465,0.00198847872987541,0.000592775320053032
"GSE11961_MEMORY_BCELL_DAY7_VS_GERMINAL_CENTER_BCELL_DAY7_DN","GSE11961_MEMORY_BCELL_DAY7_VS_GERMINAL_CENTER_BCELL_DAY7_DN","35/2154","200/21355",0.00086220562177465,0.00198847872987541,0.000592775320053032
"GSE12198_NK_VS_NK_ACT_EXPANSION_SYSTEM_DERIVED_NK_CELL_UP","GSE12198_NK_VS_NK_ACT_EXPANSION_SYSTEM_DERIVED_NK_CELL_UP","35/2154","200/21355",0.00086220562177465,0.00198847872987541,0.000592775320053032
"GSE12392_CD8A_POS_VS_NEG_SPLEEN_IFNB_KO_DC_UP","GSE12392_CD8A_POS_VS_NEG_SPLEEN_IFNB_KO_DC_UP","35/2154","200/21355",0.00086220562177465,0.00198847872987541,0.000592775320053032
"GSE14308_TH2_VS_NAIVE_CD4_TCELL_DN","GSE14308_TH2_VS_NAIVE_CD4_TCELL_DN","35/2154","200/21355",0.00086220562177465,0.00198847872987541,0.000592775320053032
"GSE1432_1H_VS_24H_IFNG_MICROGLIA_DN","GSE1432_1H_VS_24H_IFNG_MICROGLIA_DN","35/2154","200/21355",0.00086220562177465,0.00198847872987541,0.000592775320053032
"GSE1432_CTRL_VS_IFNG_6H_MICROGLIA_DN","GSE1432_CTRL_VS_IFNG_6H_MICROGLIA_DN","35/2154","200/21355",0.00086220562177465,0.00198847872987541,0.000592775320053032
"GSE1432_CTRL_VS_IFNG_6H_MICROGLIA_UP","GSE1432_CTRL_VS_IFNG_6H_MICROGLIA_UP","35/2154","200/21355",0.00086220562177465,0.00198847872987541,0.000592775320053032
"GSE14350_IL2RB_KO_VS_WT_TEFF_UP","GSE14350_IL2RB_KO_VS_WT_TEFF_UP","35/2154","200/21355",0.00086220562177465,0.00198847872987541,0.000592775320053032
"GSE14769_20MIN_VS_360MIN_LPS_BMDM_UP","GSE14769_20MIN_VS_360MIN_LPS_BMDM_UP","35/2154","200/21355",0.00086220562177465,0.00198847872987541,0.000592775320053032
"GSE14769_UNSTIM_VS_60MIN_LPS_BMDM_DN","GSE14769_UNSTIM_VS_60MIN_LPS_BMDM_DN","35/2154","200/21355",0.00086220562177465,0.00198847872987541,0.000592775320053032
"GSE14908_RESTING_VS_HDM_STIM_CD4_TCELL_ATOPIC_PATIENT_DN","GSE14908_RESTING_VS_HDM_STIM_CD4_TCELL_ATOPIC_PATIENT_DN","35/2154","200/21355",0.00086220562177465,0.00198847872987541,0.000592775320053032
"GSE15330_HSC_VS_PRO_BCELL_DN","GSE15330_HSC_VS_PRO_BCELL_DN","35/2154","200/21355",0.00086220562177465,0.00198847872987541,0.000592775320053032
"GSE15330_HSC_VS_PRO_BCELL_UP","GSE15330_HSC_VS_PRO_BCELL_UP","35/2154","200/21355",0.00086220562177465,0.00198847872987541,0.000592775320053032
"GSE15930_NAIVE_VS_48H_IN_VITRO_STIM_IFNAB_CD8_TCELL_DN","GSE15930_NAIVE_VS_48H_IN_VITRO_STIM_IFNAB_CD8_TCELL_DN","35/2154","200/21355",0.00086220562177465,0.00198847872987541,0.000592775320053032
"GSE16266_CTRL_VS_HEATSHOCK_AND_LPS_STIM_MEF_UP","GSE16266_CTRL_VS_HEATSHOCK_AND_LPS_STIM_MEF_UP","35/2154","200/21355",0.00086220562177465,0.00198847872987541,0.000592775320053032
"GSE16451_CTRL_VS_WEST_EQUINE_ENC_VIRUS_MATURE_NEURON_CELL_LINE_UP","GSE16451_CTRL_VS_WEST_EQUINE_ENC_VIRUS_MATURE_NEURON_CELL_LINE_UP","35/2154","200/21355",0.00086220562177465,0.00198847872987541,0.000592775320053032
"GSE17580_UNINFECTED_VS_S_MANSONI_INF_TREG_DN","GSE17580_UNINFECTED_VS_S_MANSONI_INF_TREG_DN","35/2154","200/21355",0.00086220562177465,0.00198847872987541,0.000592775320053032
"GSE17721_0.5H_VS_4H_PAM3CSK4_BMDC_UP","GSE17721_0.5H_VS_4H_PAM3CSK4_BMDC_UP","35/2154","200/21355",0.00086220562177465,0.00198847872987541,0.000592775320053032
"GSE17721_0.5H_VS_8H_POLYIC_BMDC_UP","GSE17721_0.5H_VS_8H_POLYIC_BMDC_UP","35/2154","200/21355",0.00086220562177465,0.00198847872987541,0.000592775320053032
"GSE17721_12H_VS_24H_LPS_BMDC_UP","GSE17721_12H_VS_24H_LPS_BMDC_UP","35/2154","200/21355",0.00086220562177465,0.00198847872987541,0.000592775320053032
"GSE17721_CTRL_VS_CPG_2H_BMDC_UP","GSE17721_CTRL_VS_CPG_2H_BMDC_UP","35/2154","200/21355",0.00086220562177465,0.00198847872987541,0.000592775320053032
"GSE17721_CTRL_VS_CPG_4H_BMDC_UP","GSE17721_CTRL_VS_CPG_4H_BMDC_UP","35/2154","200/21355",0.00086220562177465,0.00198847872987541,0.000592775320053032
"GSE17721_CTRL_VS_POLYIC_24H_BMDC_DN","GSE17721_CTRL_VS_POLYIC_24H_BMDC_DN","35/2154","200/21355",0.00086220562177465,0.00198847872987541,0.000592775320053032
"GSE17721_LPS_VS_CPG_6H_BMDC_UP","GSE17721_LPS_VS_CPG_6H_BMDC_UP","35/2154","200/21355",0.00086220562177465,0.00198847872987541,0.000592775320053032
"GSE17721_LPS_VS_GARDIQUIMOD_2H_BMDC_UP","GSE17721_LPS_VS_GARDIQUIMOD_2H_BMDC_UP","35/2154","200/21355",0.00086220562177465,0.00198847872987541,0.000592775320053032
"GSE17721_LPS_VS_PAM3CSK4_16H_BMDC_UP","GSE17721_LPS_VS_PAM3CSK4_16H_BMDC_UP","35/2154","200/21355",0.00086220562177465,0.00198847872987541,0.000592775320053032
"GSE17721_PAM3CSK4_VS_CPG_0.5H_BMDC_UP","GSE17721_PAM3CSK4_VS_CPG_0.5H_BMDC_UP","35/2154","200/21355",0.00086220562177465,0.00198847872987541,0.000592775320053032
"GSE17721_PAM3CSK4_VS_CPG_16H_BMDC_UP","GSE17721_PAM3CSK4_VS_CPG_16H_BMDC_UP","35/2154","200/21355",0.00086220562177465,0.00198847872987541,0.000592775320053032
"GSE17721_PAM3CSK4_VS_GADIQUIMOD_12H_BMDC_UP","GSE17721_PAM3CSK4_VS_GADIQUIMOD_12H_BMDC_UP","35/2154","200/21355",0.00086220562177465,0.00198847872987541,0.000592775320053032
"GSE17721_POLYIC_VS_CPG_0.5H_BMDC_DN","GSE17721_POLYIC_VS_CPG_0.5H_BMDC_DN","35/2154","200/21355",0.00086220562177465,0.00198847872987541,0.000592775320053032
"GSE17721_POLYIC_VS_GARDIQUIMOD_2H_BMDC_UP","GSE17721_POLYIC_VS_GARDIQUIMOD_2H_BMDC_UP","35/2154","200/21355",0.00086220562177465,0.00198847872987541,0.000592775320053032
"GSE17721_POLYIC_VS_PAM3CSK4_12H_BMDC_DN","GSE17721_POLYIC_VS_PAM3CSK4_12H_BMDC_DN","35/2154","200/21355",0.00086220562177465,0.00198847872987541,0.000592775320053032
"GSE17721_POLYIC_VS_PAM3CSK4_12H_BMDC_UP","GSE17721_POLYIC_VS_PAM3CSK4_12H_BMDC_UP","35/2154","200/21355",0.00086220562177465,0.00198847872987541,0.000592775320053032
"GSE19198_CTRL_VS_IL21_TREATED_TCELL_24H_UP","GSE19198_CTRL_VS_IL21_TREATED_TCELL_24H_UP","35/2154","200/21355",0.00086220562177465,0.00198847872987541,0.000592775320053032
"GSE1925_3H_VS_24H_IFNG_STIM_IFNG_PRIMED_MACROPHAGE_UP","GSE1925_3H_VS_24H_IFNG_STIM_IFNG_PRIMED_MACROPHAGE_UP","35/2154","200/21355",0.00086220562177465,0.00198847872987541,0.000592775320053032
"GSE19888_ADENOSINE_A3R_INH_PRETREAT_AND_ACT_BY_A3R_VS_A3R_INH_AND_TCELL_MEMBRANES_ACT_MAST_CELL_DN","GSE19888_ADENOSINE_A3R_INH_PRETREAT_AND_ACT_BY_A3R_VS_A3R_INH_AND_TCELL_MEMBRANES_ACT_MAST_CELL_DN","35/2154","200/21355",0.00086220562177465,0.00198847872987541,0.000592775320053032
"GSE19888_ADENOSINE_A3R_INH_VS_ACT_WITH_INHIBITOR_PRETREATMENT_IN_MAST_CELL_UP","GSE19888_ADENOSINE_A3R_INH_VS_ACT_WITH_INHIBITOR_PRETREATMENT_IN_MAST_CELL_UP","35/2154","200/21355",0.00086220562177465,0.00198847872987541,0.000592775320053032
"GSE19923_WT_VS_HEB_AND_E2A_KO_DP_THYMOCYTE_UP","GSE19923_WT_VS_HEB_AND_E2A_KO_DP_THYMOCYTE_UP","35/2154","200/21355",0.00086220562177465,0.00198847872987541,0.000592775320053032
"GSE20366_CD103_POS_VS_NEG_TREG_KLRG1NEG_DN","GSE20366_CD103_POS_VS_NEG_TREG_KLRG1NEG_DN","35/2154","200/21355",0.00086220562177465,0.00198847872987541,0.000592775320053032
"GSE20715_WT_VS_TLR4_KO_LUNG_UP","GSE20715_WT_VS_TLR4_KO_LUNG_UP","35/2154","200/21355",0.00086220562177465,0.00198847872987541,0.000592775320053032
"GSE21670_TGFB_VS_TGFB_AND_IL6_TREATED_CD4_TCELL_DN","GSE21670_TGFB_VS_TGFB_AND_IL6_TREATED_CD4_TCELL_DN","35/2154","200/21355",0.00086220562177465,0.00198847872987541,0.000592775320053032
"GSE22443_IL2_VS_IL12_TREATED_ACT_CD8_TCELL_DN","GSE22443_IL2_VS_IL12_TREATED_ACT_CD8_TCELL_DN","35/2154","200/21355",0.00086220562177465,0.00198847872987541,0.000592775320053032
"GSE22601_DOUBLE_NEGATIVE_VS_IMMATURE_CD4_SP_THYMOCYTE_UP","GSE22601_DOUBLE_NEGATIVE_VS_IMMATURE_CD4_SP_THYMOCYTE_UP","35/2154","200/21355",0.00086220562177465,0.00198847872987541,0.000592775320053032
"GSE22886_CTRL_VS_LPS_24H_DC_UP","GSE22886_CTRL_VS_LPS_24H_DC_UP","35/2154","200/21355",0.00086220562177465,0.00198847872987541,0.000592775320053032
"GSE23308_WT_VS_MINERALCORTICOID_REC_KO_MACROPHAGE_CORTICOSTERONE_TREATED_DN","GSE23308_WT_VS_MINERALCORTICOID_REC_KO_MACROPHAGE_CORTICOSTERONE_TREATED_DN","35/2154","200/21355",0.00086220562177465,0.00198847872987541,0.000592775320053032
"GSE23505_UNTREATED_VS_4DAY_IL6_IL1_TGFB_TREATED_CD4_TCELL_DN","GSE23505_UNTREATED_VS_4DAY_IL6_IL1_TGFB_TREATED_CD4_TCELL_DN","35/2154","200/21355",0.00086220562177465,0.00198847872987541,0.000592775320053032
"GSE23568_CTRL_VS_ID3_TRANSDUCED_CD8_TCELL_UP","GSE23568_CTRL_VS_ID3_TRANSDUCED_CD8_TCELL_UP","35/2154","200/21355",0.00086220562177465,0.00198847872987541,0.000592775320053032
"GSE2405_0H_VS_1.5H_A_PHAGOCYTOPHILUM_STIM_NEUTROPHIL_UP","GSE2405_0H_VS_1.5H_A_PHAGOCYTOPHILUM_STIM_NEUTROPHIL_UP","35/2154","200/21355",0.00086220562177465,0.00198847872987541,0.000592775320053032
"GSE24726_WT_VS_E2_22_KO_PDC_DAY4_POST_DELETION_DN","GSE24726_WT_VS_E2_22_KO_PDC_DAY4_POST_DELETION_DN","35/2154","200/21355",0.00086220562177465,0.00198847872987541,0.000592775320053032
"GSE25123_WT_VS_PPARG_KO_MACROPHAGE_ROSIGLITAZONE_STIM_UP","GSE25123_WT_VS_PPARG_KO_MACROPHAGE_ROSIGLITAZONE_STIM_UP","35/2154","200/21355",0.00086220562177465,0.00198847872987541,0.000592775320053032
"GSE2585_AIRE_KO_VS_WT_CD80_HIGH_MTEC_DN","GSE2585_AIRE_KO_VS_WT_CD80_HIGH_MTEC_DN","35/2154","200/21355",0.00086220562177465,0.00198847872987541,0.000592775320053032
"GSE26343_UNSTIM_VS_LPS_STIM_NFAT5_KO_MACROPHAGE_DN","GSE26343_UNSTIM_VS_LPS_STIM_NFAT5_KO_MACROPHAGE_DN","35/2154","200/21355",0.00086220562177465,0.00198847872987541,0.000592775320053032
"GSE26343_WT_VS_NFAT5_KO_MACROPHAGE_LPS_STIM_UP","GSE26343_WT_VS_NFAT5_KO_MACROPHAGE_LPS_STIM_UP","35/2154","200/21355",0.00086220562177465,0.00198847872987541,0.000592775320053032
"GSE26351_UNSTIM_VS_BMP_PATHWAY_STIM_HEMATOPOIETIC_PROGENITORS_UP","GSE26351_UNSTIM_VS_BMP_PATHWAY_STIM_HEMATOPOIETIC_PROGENITORS_UP","35/2154","200/21355",0.00086220562177465,0.00198847872987541,0.000592775320053032
"GSE26669_CTRL_VS_COSTIM_BLOCK_MLR_CD8_TCELL_UP","GSE26669_CTRL_VS_COSTIM_BLOCK_MLR_CD8_TCELL_UP","35/2154","200/21355",0.00086220562177465,0.00198847872987541,0.000592775320053032
"GSE27670_CTRL_VS_LMP1_TRANSDUCED_GC_BCELL_UP","GSE27670_CTRL_VS_LMP1_TRANSDUCED_GC_BCELL_UP","35/2154","200/21355",0.00086220562177465,0.00198847872987541,0.000592775320053032
"GSE2770_IL4_ACT_VS_ACT_CD4_TCELL_2H_UP","GSE2770_IL4_ACT_VS_ACT_CD4_TCELL_2H_UP","35/2154","200/21355",0.00086220562177465,0.00198847872987541,0.000592775320053032
"GSE2770_UNTREATED_VS_ACT_CD4_TCELL_6H_DN","GSE2770_UNTREATED_VS_ACT_CD4_TCELL_6H_DN","35/2154","200/21355",0.00086220562177465,0.00198847872987541,0.000592775320053032
"GSE27786_BCELL_VS_ERYTHROBLAST_UP","GSE27786_BCELL_VS_ERYTHROBLAST_UP","35/2154","200/21355",0.00086220562177465,0.00198847872987541,0.000592775320053032
"GSE27786_CD4_TCELL_VS_NKTCELL_UP","GSE27786_CD4_TCELL_VS_NKTCELL_UP","35/2154","200/21355",0.00086220562177465,0.00198847872987541,0.000592775320053032
"GSE27786_LIN_NEG_VS_NKTCELL_DN","GSE27786_LIN_NEG_VS_NKTCELL_DN","35/2154","200/21355",0.00086220562177465,0.00198847872987541,0.000592775320053032
"GSE27786_LSK_VS_NKCELL_DN","GSE27786_LSK_VS_NKCELL_DN","35/2154","200/21355",0.00086220562177465,0.00198847872987541,0.000592775320053032
"GSE2826_WT_VS_BTK_KO_BCELL_DN","GSE2826_WT_VS_BTK_KO_BCELL_DN","35/2154","200/21355",0.00086220562177465,0.00198847872987541,0.000592775320053032
"GSE29164_UNTREATED_VS_CD8_TCELL_AND_IL12_TREATED_MELANOMA_DAY3_UP","GSE29164_UNTREATED_VS_CD8_TCELL_AND_IL12_TREATED_MELANOMA_DAY3_UP","35/2154","200/21355",0.00086220562177465,0.00198847872987541,0.000592775320053032
"GSE30083_SP1_VS_SP4_THYMOCYTE_UP","GSE30083_SP1_VS_SP4_THYMOCYTE_UP","35/2154","200/21355",0.00086220562177465,0.00198847872987541,0.000592775320053032
"GSE30083_SP2_VS_SP4_THYMOCYTE_UP","GSE30083_SP2_VS_SP4_THYMOCYTE_UP","35/2154","200/21355",0.00086220562177465,0.00198847872987541,0.000592775320053032
"GSE30962_PRIMARY_VS_SECONDARY_ACUTE_LCMV_INF_CD8_TCELL_UP","GSE30962_PRIMARY_VS_SECONDARY_ACUTE_LCMV_INF_CD8_TCELL_UP","35/2154","200/21355",0.00086220562177465,0.00198847872987541,0.000592775320053032
"GSE32423_CTRL_VS_IL7_IL4_MEMORY_CD8_TCELL_DN","GSE32423_CTRL_VS_IL7_IL4_MEMORY_CD8_TCELL_DN","35/2154","200/21355",0.00086220562177465,0.00198847872987541,0.000592775320053032
"GSE32423_MEMORY_VS_NAIVE_CD8_TCELL_IL7_IL4_DN","GSE32423_MEMORY_VS_NAIVE_CD8_TCELL_IL7_IL4_DN","35/2154","200/21355",0.00086220562177465,0.00198847872987541,0.000592775320053032
"GSE32986_UNSTIM_VS_GMCSF_AND_CURDLAN_LOWDOSE_STIM_DC_DN","GSE32986_UNSTIM_VS_GMCSF_AND_CURDLAN_LOWDOSE_STIM_DC_DN","35/2154","200/21355",0.00086220562177465,0.00198847872987541,0.000592775320053032
"GSE33162_UNTREATED_VS_4H_LPS_STIM_HDAC3_KO_MACROPHAGE_DN","GSE33162_UNTREATED_VS_4H_LPS_STIM_HDAC3_KO_MACROPHAGE_DN","35/2154","200/21355",0.00086220562177465,0.00198847872987541,0.000592775320053032
"GSE339_EX_VIVO_VS_IN_CULTURE_CD8POS_DC_UP","GSE339_EX_VIVO_VS_IN_CULTURE_CD8POS_DC_UP","35/2154","200/21355",0.00086220562177465,0.00198847872987541,0.000592775320053032
"GSE34006_A2AR_KO_VS_A2AR_AGONIST_TREATED_TREG_DN","GSE34006_A2AR_KO_VS_A2AR_AGONIST_TREATED_TREG_DN","35/2154","200/21355",0.00086220562177465,0.00198847872987541,0.000592775320053032
"GSE34006_WT_VS_A2AR_KO_TREG_DN","GSE34006_WT_VS_A2AR_KO_TREG_DN","35/2154","200/21355",0.00086220562177465,0.00198847872987541,0.000592775320053032
"GSE360_DC_VS_MAC_L_DONOVANI_UP","GSE360_DC_VS_MAC_L_DONOVANI_UP","35/2154","200/21355",0.00086220562177465,0.00198847872987541,0.000592775320053032
"GSE360_DC_VS_MAC_UP","GSE360_DC_VS_MAC_UP","35/2154","200/21355",0.00086220562177465,0.00198847872987541,0.000592775320053032
"GSE360_L_DONOVANI_VS_L_MAJOR_MAC_UP","GSE360_L_DONOVANI_VS_L_MAJOR_MAC_UP","35/2154","200/21355",0.00086220562177465,0.00198847872987541,0.000592775320053032
"GSE37532_WT_VS_PPARG_KO_VISCERAL_ADIPOSE_TISSUE_TREG_DN","GSE37532_WT_VS_PPARG_KO_VISCERAL_ADIPOSE_TISSUE_TREG_DN","35/2154","200/21355",0.00086220562177465,0.00198847872987541,0.000592775320053032
"GSE37533_PPARG2_FOXP3_VS_FOXP3_TRANSDUCED_CD4_TCELL_UP","GSE37533_PPARG2_FOXP3_VS_FOXP3_TRANSDUCED_CD4_TCELL_UP","35/2154","200/21355",0.00086220562177465,0.00198847872987541,0.000592775320053032
"GSE37534_GW1929_VS_PIOGLITAZONE_TREATED_CD4_TCELL_PPARG1_FOXP3_TRANSDUCED_DN","GSE37534_GW1929_VS_PIOGLITAZONE_TREATED_CD4_TCELL_PPARG1_FOXP3_TRANSDUCED_DN","35/2154","200/21355",0.00086220562177465,0.00198847872987541,0.000592775320053032
"GSE39110_DAY3_VS_DAY6_POST_IMMUNIZATION_CD8_TCELL_WITH_IL2_TREATMENT_UP","GSE39110_DAY3_VS_DAY6_POST_IMMUNIZATION_CD8_TCELL_WITH_IL2_TREATMENT_UP","35/2154","200/21355",0.00086220562177465,0.00198847872987541,0.000592775320053032
"GSE39152_BRAIN_VS_SPLEEN_CD103_NEG_MEMORY_CD8_TCELL_DN","GSE39152_BRAIN_VS_SPLEEN_CD103_NEG_MEMORY_CD8_TCELL_DN","35/2154","200/21355",0.00086220562177465,0.00198847872987541,0.000592775320053032
"GSE3982_EOSINOPHIL_VS_TH1_DN","GSE3982_EOSINOPHIL_VS_TH1_DN","35/2154","200/21355",0.00086220562177465,0.00198847872987541,0.000592775320053032
"GSE39864_WT_VS_GATA3_KO_TREG_DN","GSE39864_WT_VS_GATA3_KO_TREG_DN","35/2154","200/21355",0.00086220562177465,0.00198847872987541,0.000592775320053032
"GSE411_UNSTIM_VS_400MIN_IL6_STIM_MACROPHAGE_UP","GSE411_UNSTIM_VS_400MIN_IL6_STIM_MACROPHAGE_UP","35/2154","200/21355",0.00086220562177465,0.00198847872987541,0.000592775320053032
"GSE41867_LCMV_ARMSTRONG_VS_CLONE13_DAY8_EFFECTOR_CD8_TCELL_UP","GSE41867_LCMV_ARMSTRONG_VS_CLONE13_DAY8_EFFECTOR_CD8_TCELL_UP","35/2154","200/21355",0.00086220562177465,0.00198847872987541,0.000592775320053032
"GSE43700_UNTREATED_VS_IL10_TREATED_PBMC_DN","GSE43700_UNTREATED_VS_IL10_TREATED_PBMC_DN","35/2154","200/21355",0.00086220562177465,0.00198847872987541,0.000592775320053032
"GSE43955_10H_VS_30H_ACT_CD4_TCELL_WITH_TGFB_IL6_UP","GSE43955_10H_VS_30H_ACT_CD4_TCELL_WITH_TGFB_IL6_UP","35/2154","200/21355",0.00086220562177465,0.00198847872987541,0.000592775320053032
"GSE43955_1H_VS_10H_ACT_CD4_TCELL_WITH_TGFB_IL6_DN","GSE43955_1H_VS_10H_ACT_CD4_TCELL_WITH_TGFB_IL6_DN","35/2154","200/21355",0.00086220562177465,0.00198847872987541,0.000592775320053032
"GSE43955_1H_VS_60H_ACT_CD4_TCELL_WITH_TGFB_IL6_DN","GSE43955_1H_VS_60H_ACT_CD4_TCELL_WITH_TGFB_IL6_DN","35/2154","200/21355",0.00086220562177465,0.00198847872987541,0.000592775320053032
"GSE43955_TH0_VS_TGFB_IL6_IL23_TH17_ACT_CD4_TCELL_52H_UP","GSE43955_TH0_VS_TGFB_IL6_IL23_TH17_ACT_CD4_TCELL_52H_UP","35/2154","200/21355",0.00086220562177465,0.00198847872987541,0.000592775320053032
"GSE43955_TH0_VS_TGFB_IL6_TH17_ACT_CD4_TCELL_52H_UP","GSE43955_TH0_VS_TGFB_IL6_TH17_ACT_CD4_TCELL_52H_UP","35/2154","200/21355",0.00086220562177465,0.00198847872987541,0.000592775320053032
"GSE44732_UNSTIM_VS_IL27_STIM_IMATURE_DC_UP","GSE44732_UNSTIM_VS_IL27_STIM_IMATURE_DC_UP","35/2154","200/21355",0.00086220562177465,0.00198847872987541,0.000592775320053032
"GSE45365_HEALTHY_VS_MCMV_INFECTION_BCELL_IFNAR_KO_UP","GSE45365_HEALTHY_VS_MCMV_INFECTION_BCELL_IFNAR_KO_UP","35/2154","200/21355",0.00086220562177465,0.00198847872987541,0.000592775320053032
"GSE45365_HEALTHY_VS_MCMV_INFECTION_CD8A_DC_UP","GSE45365_HEALTHY_VS_MCMV_INFECTION_CD8A_DC_UP","35/2154","200/21355",0.00086220562177465,0.00198847872987541,0.000592775320053032
"GSE45739_NRAS_KO_VS_WT_UNSTIM_CD4_TCELL_UP","GSE45739_NRAS_KO_VS_WT_UNSTIM_CD4_TCELL_UP","35/2154","200/21355",0.00086220562177465,0.00198847872987541,0.000592775320053032
"GSE45739_UNSTIM_VS_ACD3_ACD28_STIM_WT_CD4_TCELL_UP","GSE45739_UNSTIM_VS_ACD3_ACD28_STIM_WT_CD4_TCELL_UP","35/2154","200/21355",0.00086220562177465,0.00198847872987541,0.000592775320053032
"GSE46606_DAY1_VS_DAY3_CD40L_IL2_IL5_STIMULATED_IRF4HIGH_BCELL_UP","GSE46606_DAY1_VS_DAY3_CD40L_IL2_IL5_STIMULATED_IRF4HIGH_BCELL_UP","35/2154","200/21355",0.00086220562177465,0.00198847872987541,0.000592775320053032
"GSE46606_DAY1_VS_DAY3_CD40L_IL2_IL5_STIMULATED_IRF4MID_BCELL_DN","GSE46606_DAY1_VS_DAY3_CD40L_IL2_IL5_STIMULATED_IRF4MID_BCELL_DN","35/2154","200/21355",0.00086220562177465,0.00198847872987541,0.000592775320053032
"GSE5142_CTRL_VS_HTERT_TRANSDUCED_CD8_TCELL_EARLY_PASSAGE_CLONE_DN","GSE5142_CTRL_VS_HTERT_TRANSDUCED_CD8_TCELL_EARLY_PASSAGE_CLONE_DN","35/2154","200/21355",0.00086220562177465,0.00198847872987541,0.000592775320053032
"GSE5542_UNTREATED_VS_IFNA_AND_IFNG_TREATED_EPITHELIAL_CELLS_24H_DN","GSE5542_UNTREATED_VS_IFNA_AND_IFNG_TREATED_EPITHELIAL_CELLS_24H_DN","35/2154","200/21355",0.00086220562177465,0.00198847872987541,0.000592775320053032
"GSE5589_IL6_KO_VS_IL10_KO_LPS_AND_IL6_STIM_MACROPHAGE_45MIN_UP","GSE5589_IL6_KO_VS_IL10_KO_LPS_AND_IL6_STIM_MACROPHAGE_45MIN_UP","35/2154","200/21355",0.00086220562177465,0.00198847872987541,0.000592775320053032
"GSE5589_LPS_VS_LPS_AND_IL10_STIM_IL6_KO_MACROPHAGE_180MIN_DN","GSE5589_LPS_VS_LPS_AND_IL10_STIM_IL6_KO_MACROPHAGE_180MIN_DN","35/2154","200/21355",0.00086220562177465,0.00198847872987541,0.000592775320053032
"GSE5679_CTRL_VS_PPARG_LIGAND_ROSIGLITAZONE_TREATED_DC_DN","GSE5679_CTRL_VS_PPARG_LIGAND_ROSIGLITAZONE_TREATED_DC_DN","35/2154","200/21355",0.00086220562177465,0.00198847872987541,0.000592775320053032
"GSE6259_DEC205_POS_DC_VS_CD4_TCELL_DN","GSE6259_DEC205_POS_DC_VS_CD4_TCELL_DN","35/2154","200/21355",0.00086220562177465,0.00198847872987541,0.000592775320053032
"GSE6674_ANTI_IGM_VS_CPG_STIM_BCELL_UP","GSE6674_ANTI_IGM_VS_CPG_STIM_BCELL_UP","35/2154","200/21355",0.00086220562177465,0.00198847872987541,0.000592775320053032
"GSE7400_CTRL_VS_CSF3_IN_VIVO_TREATED_PBMC_UP","GSE7400_CTRL_VS_CSF3_IN_VIVO_TREATED_PBMC_UP","35/2154","200/21355",0.00086220562177465,0.00198847872987541,0.000592775320053032
"GSE7460_WT_VS_FOXP3_HET_ACT_WITH_TGFB_TCONV_UP","GSE7460_WT_VS_FOXP3_HET_ACT_WITH_TGFB_TCONV_UP","35/2154","200/21355",0.00086220562177465,0.00198847872987541,0.000592775320053032
"GSE7831_1H_VS_4H_INFLUENZA_STIM_PDC_UP","GSE7831_1H_VS_4H_INFLUENZA_STIM_PDC_UP","35/2154","200/21355",0.00086220562177465,0.00198847872987541,0.000592775320053032
"GSE7831_CPG_VS_INFLUENZA_STIM_PDC_1H_DN","GSE7831_CPG_VS_INFLUENZA_STIM_PDC_1H_DN","35/2154","200/21355",0.00086220562177465,0.00198847872987541,0.000592775320053032
"GSE8921_UNSTIM_0H_VS_TLR1_2_STIM_MONOCYTE_6H_DN","GSE8921_UNSTIM_0H_VS_TLR1_2_STIM_MONOCYTE_6H_DN","35/2154","200/21355",0.00086220562177465,0.00198847872987541,0.000592775320053032
"GSE9037_CTRL_VS_LPS_1H_STIM_BMDM_DN","GSE9037_CTRL_VS_LPS_1H_STIM_BMDM_DN","35/2154","200/21355",0.00086220562177465,0.00198847872987541,0.000592775320053032
"GSE9037_CTRL_VS_LPS_4H_STIM_IRAK4_KO_BMDM_DN","GSE9037_CTRL_VS_LPS_4H_STIM_IRAK4_KO_BMDM_DN","35/2154","200/21355",0.00086220562177465,0.00198847872987541,0.000592775320053032
"GSE32901_NAIVE_VS_TH17_ENRICHED_CD4_TCELL_DN","GSE32901_NAIVE_VS_TH17_ENRICHED_CD4_TCELL_DN","32/2154","178/21355",0.000882416328828466,0.00203417253800719,0.000606396869699406
"GSE1740_UNSTIM_VS_IFNA_STIMULATED_MCSF_DERIVED_MACROPHAGE_DN","GSE1740_UNSTIM_VS_IFNA_STIMULATED_MCSF_DERIVED_MACROPHAGE_DN","34/2154","193/21355",0.000899361948169842,0.00207136830675334,0.000617485111877635
"GSE21678_WT_VS_FOXO1_FOXO3_KO_TREG_UP","GSE21678_WT_VS_FOXO1_FOXO3_KO_TREG_UP","34/2154","193/21355",0.000899361948169842,0.00207136830675334,0.000617485111877635
"GSE37605_FOXP3_FUSION_GFP_VS_IRES_GFP_TREG_NOD_DN","GSE37605_FOXP3_FUSION_GFP_VS_IRES_GFP_TREG_NOD_DN","31/2154","171/21355",0.000912787819220093,0.00210039789364191,0.00062613897495414
"GSE6269_FLU_VS_STREP_PNEUMO_INF_PBMC_UP","GSE6269_FLU_VS_STREP_PNEUMO_INF_PBMC_UP","31/2154","171/21355",0.000912787819220093,0.00210039789364191,0.00062613897495414
"LI_PBMC_MENACTRA_AGE_18_45YO_CORRELATED_WITH_ANTI_DT_ANTIBODY_3DY_NEGATIVE","LI_PBMC_MENACTRA_AGE_18_45YO_CORRELATED_WITH_ANTI_DT_ANTIBODY_3DY_NEGATIVE","9/2154","27/21355",0.000920334038567767,0.00211680968924741,0.000631031412196002
"GSE37605_C57BL6_VS_NOD_FOXP3_FUSION_GFP_TCONV_DN","GSE37605_C57BL6_VS_NOD_FOXP3_FUSION_GFP_TCONV_DN","33/2154","186/21355",0.000936311907874748,0.00215259118028938,0.000641698051212909
"GSE6674_UNSTIM_VS_CPG_STIM_BCELL_DN","GSE6674_UNSTIM_VS_CPG_STIM_BCELL_DN","30/2154","164/21355",0.000941527724590377,0.00216360955318229,0.000644982682534295
"GSE14415_NATURAL_TREG_VS_TCONV_UP","GSE14415_NATURAL_TREG_VS_TCONV_UP","29/2154","157/21355",0.000968073364877131,0.00222361146209199,0.000662869547615305
"HOWARD_NK_CELL_INACT_MONOV_INFLUENZA_A_INDONESIA_05_2005_H5N1_AGE_18_49YO_3DY_UP","HOWARD_NK_CELL_INACT_MONOV_INFLUENZA_A_INDONESIA_05_2005_H5N1_AGE_18_49YO_3DY_UP","16/2154","68/21355",0.000981893792886316,0.00225434349484856,0.000672030918204517
"GSE17974_CTRL_VS_ACT_IL4_AND_ANTI_IL12_6H_CD4_TCELL_UP","GSE17974_CTRL_VS_ACT_IL4_AND_ANTI_IL12_6H_CD4_TCELL_UP","34/2154","194/21355",0.000986974752141024,0.00226499187957678,0.000675205254228575
"GSE3920_IFNA_VS_IFNG_TREATED_FIBROBLAST_DN","GSE3920_IFNA_VS_IFNG_TREATED_FIBROBLAST_DN","33/2154","187/21355",0.00102913898681386,0.00236069432013426,0.000703734623931652
"HOWARD_NK_CELL_INACT_MONOV_INFLUENZA_A_INDONESIA_05_2005_H5N1_AGE_18_49YO_28DY_DN","HOWARD_NK_CELL_INACT_MONOV_INFLUENZA_A_INDONESIA_05_2005_H5N1_AGE_18_49YO_28DY_DN","15/2154","62/21355",0.0010304328811912,0.0023626023863366,0.000704303427880511
"GSE37301_CD4_TCELL_VS_RAG2_KO_NK_CELL_DN","GSE37301_CD4_TCELL_VS_RAG2_KO_NK_CELL_DN","32/2154","180/21355",0.00107093737769534,0.00245437149805302,0.000731660252849963
"GSE18791_UNSTIM_VS_NEWCATSLE_VIRUS_DC_6H_DN","GSE18791_UNSTIM_VS_NEWCATSLE_VIRUS_DC_6H_DN","34/2154","195/21355",0.00108196893242304,0.00247521572773109,0.000737874020557426
"GSE2706_2H_VS_8H_R848_STIM_DC_DN","GSE2706_2H_VS_8H_R848_STIM_DC_DN","34/2154","195/21355",0.00108196893242304,0.00247521572773109,0.000737874020557426
"GSE46606_UNSTIM_VS_CD40L_IL2_IL5_1DAY_STIMULATED_IRF4_KO_BCELL_DN","GSE46606_UNSTIM_VS_CD40L_IL2_IL5_1DAY_STIMULATED_IRF4_KO_BCELL_DN","34/2154","195/21355",0.00108196893242304,0.00247521572773109,0.000737874020557426
"GSE9988_ANTI_TREM1_AND_LPS_VS_CTRL_TREATED_MONOCYTES_UP","GSE9988_ANTI_TREM1_AND_LPS_VS_CTRL_TREATED_MONOCYTES_UP","34/2154","195/21355",0.00108196893242304,0.00247521572773109,0.000737874020557426
"GSE14415_INDUCED_VS_NATURAL_TREG_DN","GSE14415_INDUCED_VS_NATURAL_TREG_DN","32/2154","181/21355",0.00117772835265592,0.00269307918923511,0.000802820193317846
"GSE12845_IGD_POS_BLOOD_VS_DARKZONE_GC_TONSIL_BCELL_UP","GSE12845_IGD_POS_BLOOD_VS_DARKZONE_GC_TONSIL_BCELL_UP","34/2154","196/21355",0.0011848576791123,0.00269972251038377,0.000804800600128816
"GSE17974_IL4_AND_ANTI_IL12_VS_UNTREATED_48H_ACT_CD4_TCELL_UP","GSE17974_IL4_AND_ANTI_IL12_VS_UNTREATED_48H_ACT_CD4_TCELL_UP","34/2154","196/21355",0.0011848576791123,0.00269972251038377,0.000804800600128816
"GSE2706_2H_VS_8H_LPS_STIM_DC_UP","GSE2706_2H_VS_8H_LPS_STIM_DC_UP","34/2154","196/21355",0.0011848576791123,0.00269972251038377,0.000804800600128816
"GSE29164_DAY3_VS_DAY7_UNTREATED_MELANOMA_UP","GSE29164_DAY3_VS_DAY7_UNTREATED_MELANOMA_UP","34/2154","196/21355",0.0011848576791123,0.00269972251038377,0.000804800600128816
"GSE29618_PRE_VS_DAY7_POST_TIV_FLU_VACCINE_BCELL_DN","GSE29618_PRE_VS_DAY7_POST_TIV_FLU_VACCINE_BCELL_DN","34/2154","196/21355",0.0011848576791123,0.00269972251038377,0.000804800600128816
"GSE43863_NAIVE_VS_LY6C_LOW_CXCR5NEG_CD4_EFF_TCELL_D6_LCMV_DN","GSE43863_NAIVE_VS_LY6C_LOW_CXCR5NEG_CD4_EFF_TCELL_D6_LCMV_DN","34/2154","196/21355",0.0011848576791123,0.00269972251038377,0.000804800600128816
"GSE9988_LOW_LPS_VS_VEHICLE_TREATED_MONOCYTE_UP","GSE9988_LOW_LPS_VS_VEHICLE_TREATED_MONOCYTE_UP","34/2154","196/21355",0.0011848576791123,0.00269972251038377,0.000804800600128816
"NAKAYA_PLASMACYTOID_DENDRITIC_CELL_FLUARIX_FLUVIRIN_AGE_18_50YO_7DY_DN","NAKAYA_PLASMACYTOID_DENDRITIC_CELL_FLUARIX_FLUVIRIN_AGE_18_50YO_7DY_DN","34/2154","196/21355",0.0011848576791123,0.00269972251038377,0.000804800600128816
"GSE9509_10MIN_VS_30MIN_LPS_AND_IL10_STIM_IL10_KO_MACROPHAGE_DN","GSE9509_10MIN_VS_30MIN_LPS_AND_IL10_STIM_IL10_KO_MACROPHAGE_DN","29/2154","159/21355",0.00118924315030873,0.00270850789644924,0.00080741956705992
"GSE32901_TH17_EMRICHED_VS_TH17_NEG_CD4_TCELL_DN","GSE32901_TH17_EMRICHED_VS_TH17_NEG_CD4_TCELL_DN","31/2154","174/21355",0.00122496804654294,0.00278738834978819,0.0008309342193775
"GSE37532_VISCERAL_ADIPOSE_TISSUE_VS_LN_DERIVED_PPARG_KO_TREG_CD4_TCELL_UP","GSE37532_VISCERAL_ADIPOSE_TISSUE_VS_LN_DERIVED_PPARG_KO_TREG_CD4_TCELL_UP","31/2154","174/21355",0.00122496804654294,0.00278738834978819,0.0008309342193775
"SCHERER_PBMC_APSV_WETVAX_AGE_18_32YO_2_TO_4DY_UP","SCHERER_PBMC_APSV_WETVAX_AGE_18_32YO_2_TO_4DY_UP","15/2154","63/21355",0.00122828484016464,0.0027936923433104,0.000832813470948864
"GSE11057_NAIVE_CD4_VS_PBMC_CD4_TCELL_UP","GSE11057_NAIVE_CD4_VS_PBMC_CD4_TCELL_UP","34/2154","197/21355",0.00129618079133869,0.00293376378314064,0.00087456945824115
"GSE11864_CSF1_VS_CSF1_IFNG_IN_MAC_UP","GSE11864_CSF1_VS_CSF1_IFNG_IN_MAC_UP","34/2154","197/21355",0.00129618079133869,0.00293376378314064,0.00087456945824115
"GSE22033_UNTREATED_VS_MRL24_TREATED_MEF_DN","GSE22033_UNTREATED_VS_MRL24_TREATED_MEF_DN","34/2154","197/21355",0.00129618079133869,0.00293376378314064,0.00087456945824115
"GSE24026_PD1_LIGATION_VS_CTRL_IN_ACT_TCELL_LINE_UP","GSE24026_PD1_LIGATION_VS_CTRL_IN_ACT_TCELL_LINE_UP","34/2154","197/21355",0.00129618079133869,0.00293376378314064,0.00087456945824115
"GSE2706_UNSTIM_VS_8H_R848_DC_DN","GSE2706_UNSTIM_VS_8H_R848_DC_DN","34/2154","197/21355",0.00129618079133869,0.00293376378314064,0.00087456945824115
"GSE32533_WT_VS_MIR17_KO_ACT_CD4_TCELL_DN","GSE32533_WT_VS_MIR17_KO_ACT_CD4_TCELL_DN","34/2154","197/21355",0.00129618079133869,0.00293376378314064,0.00087456945824115
"GSE36476_YOUNG_VS_OLD_DONOR_MEMORY_CD4_TCELL_40H_TSST_ACT_DN","GSE36476_YOUNG_VS_OLD_DONOR_MEMORY_CD4_TCELL_40H_TSST_ACT_DN","34/2154","197/21355",0.00129618079133869,0.00293376378314064,0.00087456945824115
"GSE3982_BCELL_VS_NKCELL_UP","GSE3982_BCELL_VS_NKCELL_UP","34/2154","197/21355",0.00129618079133869,0.00293376378314064,0.00087456945824115
"GSE3982_MAST_CELL_VS_BCELL_DN","GSE3982_MAST_CELL_VS_BCELL_DN","34/2154","197/21355",0.00129618079133869,0.00293376378314064,0.00087456945824115
"GSE40274_CTRL_VS_FOXP3_AND_HELIOS_TRANSDUCED_ACTIVATED_CD4_TCELL_UP","GSE40274_CTRL_VS_FOXP3_AND_HELIOS_TRANSDUCED_ACTIVATED_CD4_TCELL_UP","34/2154","197/21355",0.00129618079133869,0.00293376378314064,0.00087456945824115
"GSE7460_TREG_VS_TCONV_ACT_DN","GSE7460_TREG_VS_TCONV_ACT_DN","34/2154","197/21355",0.00129618079133869,0.00293376378314064,0.00087456945824115
"GSE32901_TH1_VS_TH17_NEG_CD4_TCELL_UP","GSE32901_TH1_VS_TH17_NEG_CD4_TCELL_UP","25/2154","131/21355",0.00130367720758112,0.0029494254700718,0.000879238284386336
"GSE26928_NAIVE_VS_EFF_MEMORY_CD4_TCELL_UP","GSE26928_NAIVE_VS_EFF_MEMORY_CD4_TCELL_UP","33/2154","190/21355",0.00135754335472155,0.00306993329176969,0.000915162260591168
"GSE12845_NAIVE_VS_PRE_GC_TONSIL_BCELL_UP","GSE12845_NAIVE_VS_PRE_GC_TONSIL_BCELL_UP","34/2154","198/21355",0.00141650539146731,0.0031821582014817,0.000948617059867109
"GSE2124_CTRL_VS_LYMPHOTOXIN_BETA_TREATED_MLN_DN","GSE2124_CTRL_VS_LYMPHOTOXIN_BETA_TREATED_MLN_DN","34/2154","198/21355",0.00141650539146731,0.0031821582014817,0.000948617059867109
"GSE21927_C26GM_VS_4T1_TUMOR_MONOCYTE_BALBC_UP","GSE21927_C26GM_VS_4T1_TUMOR_MONOCYTE_BALBC_UP","34/2154","198/21355",0.00141650539146731,0.0031821582014817,0.000948617059867109
"GSE22886_IGG_IGA_MEMORY_BCELL_VS_BLOOD_PLASMA_CELL_DN","GSE22886_IGG_IGA_MEMORY_BCELL_VS_BLOOD_PLASMA_CELL_DN","34/2154","198/21355",0.00141650539146731,0.0031821582014817,0.000948617059867109
"GSE22886_NAIVE_CD4_TCELL_VS_NEUTROPHIL_DN","GSE22886_NAIVE_CD4_TCELL_VS_NEUTROPHIL_DN","34/2154","198/21355",0.00141650539146731,0.0031821582014817,0.000948617059867109
"GSE22886_NAIVE_TCELL_VS_MONOCYTE_UP","GSE22886_NAIVE_TCELL_VS_MONOCYTE_UP","34/2154","198/21355",0.00141650539146731,0.0031821582014817,0.000948617059867109
"GSE24574_BCL6_LOW_TFH_VS_NAIVE_CD4_TCELL_UP","GSE24574_BCL6_LOW_TFH_VS_NAIVE_CD4_TCELL_UP","34/2154","198/21355",0.00141650539146731,0.0031821582014817,0.000948617059867109
"GSE2585_THYMIC_DC_VS_THYMIC_MACROPHAGE_DN","GSE2585_THYMIC_DC_VS_THYMIC_MACROPHAGE_DN","34/2154","198/21355",0.00141650539146731,0.0031821582014817,0.000948617059867109
"GSE2770_TGFB_AND_IL4_VS_IL4_TREATED_ACT_CD4_TCELL_6H_DN","GSE2770_TGFB_AND_IL4_VS_IL4_TREATED_ACT_CD4_TCELL_6H_DN","34/2154","198/21355",0.00141650539146731,0.0031821582014817,0.000948617059867109
"GSE27786_BCELL_VS_CD4_TCELL_DN","GSE27786_BCELL_VS_CD4_TCELL_DN","34/2154","198/21355",0.00141650539146731,0.0031821582014817,0.000948617059867109
"GSE360_L_MAJOR_VS_B_MALAYI_HIGH_DOSE_DC_DN","GSE360_L_MAJOR_VS_B_MALAYI_HIGH_DOSE_DC_DN","34/2154","198/21355",0.00141650539146731,0.0031821582014817,0.000948617059867109
"GSE36009_UNSTIM_VS_LPS_STIM_NLRP10_KO_DC_DN","GSE36009_UNSTIM_VS_LPS_STIM_NLRP10_KO_DC_DN","34/2154","198/21355",0.00141650539146731,0.0031821582014817,0.000948617059867109
"GSE3982_MAST_CELL_VS_TH1_DN","GSE3982_MAST_CELL_VS_TH1_DN","34/2154","198/21355",0.00141650539146731,0.0031821582014817,0.000948617059867109
"GSE45365_NK_CELL_VS_BCELL_UP","GSE45365_NK_CELL_VS_BCELL_UP","34/2154","198/21355",0.00141650539146731,0.0031821582014817,0.000948617059867109
"GSE6875_TCONV_VS_FOXP3_KO_TREG_UP","GSE6875_TCONV_VS_FOXP3_KO_TREG_UP","34/2154","198/21355",0.00141650539146731,0.0031821582014817,0.000948617059867109
"GSE22611_NOD2_TRANSDUCED_VS_CTRL_HEK293T_STIMULATED_WITH_MDP_2H_DN","GSE22611_NOD2_TRANSDUCED_VS_CTRL_HEK293T_STIMULATED_WITH_MDP_2H_DN","32/2154","183/21355",0.00141941995898111,0.00318730533608713,0.000950151446087716
"NAKAYA_MONOCYTE_FLUMIST_AGE_18_50YO_7DY_DN","NAKAYA_MONOCYTE_FLUMIST_AGE_18_50YO_7DY_DN","42/2154","260/21355",0.0014806564614231,0.00332335227710988,0.000990707710429576
"GSE37605_C57BL6_VS_NOD_FOXP3_FUSION_GFP_TREG_DN","GSE37605_C57BL6_VS_NOD_FOXP3_FUSION_GFP_TREG_DN","33/2154","191/21355",0.00148561406548625,0.00333301654972847,0.000993588677778382
"GSE32255_UNSTIM_VS_4H_LPS_STIM_DC_DN","GSE32255_UNSTIM_VS_4H_LPS_STIM_DC_DN","28/2154","154/21355",0.00150243160676894,0.00336926877430246,0.00100439564478367
"GSE32901_NAIVE_VS_TH1_CD4_TCELL_DN","GSE32901_NAIVE_VS_TH1_CD4_TCELL_DN","30/2154","169/21355",0.00154271375577047,0.00339060003215197,0.00101075459799192
"GSE37532_VISCERAL_ADIPOSE_TISSUE_VS_LN_DERIVED_TREG_CD4_TCELL_UP","GSE37532_VISCERAL_ADIPOSE_TISSUE_VS_LN_DERIVED_TREG_CD4_TCELL_UP","30/2154","169/21355",0.00154271375577047,0.00339060003215197,0.00101075459799192
"GSE11924_TFH_VS_TH2_CD4_TCELL_UP","GSE11924_TFH_VS_TH2_CD4_TCELL_UP","34/2154","199/21355",0.0015464266135299,0.00339060003215197,0.00101075459799192
"GSE11961_MARGINAL_ZONE_BCELL_VS_GERMINAL_CENTER_BCELL_DAY40_UP","GSE11961_MARGINAL_ZONE_BCELL_VS_GERMINAL_CENTER_BCELL_DAY40_UP","34/2154","199/21355",0.0015464266135299,0.00339060003215197,0.00101075459799192
"GSE13484_UNSTIM_VS_12H_YF17D_VACCINE_STIM_PBMC_UP","GSE13484_UNSTIM_VS_12H_YF17D_VACCINE_STIM_PBMC_UP","34/2154","199/21355",0.0015464266135299,0.00339060003215197,0.00101075459799192
"GSE14769_UNSTIM_VS_80MIN_LPS_BMDM_DN","GSE14769_UNSTIM_VS_80MIN_LPS_BMDM_DN","34/2154","199/21355",0.0015464266135299,0.00339060003215197,0.00101075459799192
"GSE16266_LPS_VS_HEATSHOCK_AND_LPS_STIM_MEF_UP","GSE16266_LPS_VS_HEATSHOCK_AND_LPS_STIM_MEF_UP","34/2154","199/21355",0.0015464266135299,0.00339060003215197,0.00101075459799192
"GSE1740_MCSF_VS_MCSF_AND_IFNG_DAY2_DERIVED_MACROPHAGE_DN","GSE1740_MCSF_VS_MCSF_AND_IFNG_DAY2_DERIVED_MACROPHAGE_DN","34/2154","199/21355",0.0015464266135299,0.00339060003215197,0.00101075459799192
"GSE17721_0.5H_VS_8H_GARDIQUIMOD_BMDC_UP","GSE17721_0.5H_VS_8H_GARDIQUIMOD_BMDC_UP","34/2154","199/21355",0.0015464266135299,0.00339060003215197,0.00101075459799192
"GSE17721_CPG_VS_GARDIQUIMOD_16H_BMDC_DN","GSE17721_CPG_VS_GARDIQUIMOD_16H_BMDC_DN","34/2154","199/21355",0.0015464266135299,0.00339060003215197,0.00101075459799192
"GSE17721_CPG_VS_GARDIQUIMOD_6H_BMDC_UP","GSE17721_CPG_VS_GARDIQUIMOD_6H_BMDC_UP","34/2154","199/21355",0.0015464266135299,0.00339060003215197,0.00101075459799192
"GSE17721_CTRL_VS_GARDIQUIMOD_24H_BMDC_DN","GSE17721_CTRL_VS_GARDIQUIMOD_24H_BMDC_DN","34/2154","199/21355",0.0015464266135299,0.00339060003215197,0.00101075459799192
"GSE17721_CTRL_VS_GARDIQUIMOD_6H_BMDC_DN","GSE17721_CTRL_VS_GARDIQUIMOD_6H_BMDC_DN","34/2154","199/21355",0.0015464266135299,0.00339060003215197,0.00101075459799192
"GSE17721_CTRL_VS_PAM3CSK4_2H_BMDC_UP","GSE17721_CTRL_VS_PAM3CSK4_2H_BMDC_UP","34/2154","199/21355",0.0015464266135299,0.00339060003215197,0.00101075459799192
"GSE17721_LPS_VS_PAM3CSK4_4H_BMDC_DN","GSE17721_LPS_VS_PAM3CSK4_4H_BMDC_DN","34/2154","199/21355",0.0015464266135299,0.00339060003215197,0.00101075459799192
"GSE17721_POLYIC_VS_PAM3CSK4_24H_BMDC_UP","GSE17721_POLYIC_VS_PAM3CSK4_24H_BMDC_UP","34/2154","199/21355",0.0015464266135299,0.00339060003215197,0.00101075459799192
"GSE17812_WT_VS_THPOK_KO_MEMORY_CD8_TCELL_UP","GSE17812_WT_VS_THPOK_KO_MEMORY_CD8_TCELL_UP","34/2154","199/21355",0.0015464266135299,0.00339060003215197,0.00101075459799192
"GSE17974_1.5H_VS_72H_IL4_AND_ANTI_IL12_ACT_CD4_TCELL_DN","GSE17974_1.5H_VS_72H_IL4_AND_ANTI_IL12_ACT_CD4_TCELL_DN","34/2154","199/21355",0.0015464266135299,0.00339060003215197,0.00101075459799192
"GSE20366_EX_VIVO_VS_DEC205_CONVERSION_NAIVE_CD4_TCELL_UP","GSE20366_EX_VIVO_VS_DEC205_CONVERSION_NAIVE_CD4_TCELL_UP","34/2154","199/21355",0.0015464266135299,0.00339060003215197,0.00101075459799192
"GSE21546_WT_VS_SAP1A_KO_AND_ELK1_KO_ANTI_CD3_STIM_DP_THYMOCYTES_DN","GSE21546_WT_VS_SAP1A_KO_AND_ELK1_KO_ANTI_CD3_STIM_DP_THYMOCYTES_DN","34/2154","199/21355",0.0015464266135299,0.00339060003215197,0.00101075459799192
"GSE21927_SPLEEN_C57BL6_VS_EL4_TUMOR_BALBC_MONOCYTES_UP","GSE21927_SPLEEN_C57BL6_VS_EL4_TUMOR_BALBC_MONOCYTES_UP","34/2154","199/21355",0.0015464266135299,0.00339060003215197,0.00101075459799192
"GSE22886_IGG_IGA_MEMORY_BCELL_VS_BLOOD_PLASMA_CELL_UP","GSE22886_IGG_IGA_MEMORY_BCELL_VS_BLOOD_PLASMA_CELL_UP","34/2154","199/21355",0.0015464266135299,0.00339060003215197,0.00101075459799192
"GSE22886_NAIVE_CD8_TCELL_VS_MONOCYTE_UP","GSE22886_NAIVE_CD8_TCELL_VS_MONOCYTE_UP","34/2154","199/21355",0.0015464266135299,0.00339060003215197,0.00101075459799192
"GSE2770_UNTREATED_VS_TGFB_AND_IL4_TREATED_ACT_CD4_TCELL_2H_DN","GSE2770_UNTREATED_VS_TGFB_AND_IL4_TREATED_ACT_CD4_TCELL_2H_DN","34/2154","199/21355",0.0015464266135299,0.00339060003215197,0.00101075459799192
"GSE27786_CD8_TCELL_VS_NEUTROPHIL_DN","GSE27786_CD8_TCELL_VS_NEUTROPHIL_DN","34/2154","199/21355",0.0015464266135299,0.00339060003215197,0.00101075459799192
"GSE28726_NAIVE_VS_ACTIVATED_NKTCELL_UP","GSE28726_NAIVE_VS_ACTIVATED_NKTCELL_UP","34/2154","199/21355",0.0015464266135299,0.00339060003215197,0.00101075459799192
"GSE28783_ANTI_MIR33_VS_UNTREATED_ATHEROSCLEROSIS_MACROPHAGE_DN","GSE28783_ANTI_MIR33_VS_UNTREATED_ATHEROSCLEROSIS_MACROPHAGE_DN","34/2154","199/21355",0.0015464266135299,0.00339060003215197,0.00101075459799192
"GSE28783_CTRL_ANTI_MIR_VS_UNTREATED_ATHEROSCLEROSIS_MACROPHAGE_DN","GSE28783_CTRL_ANTI_MIR_VS_UNTREATED_ATHEROSCLEROSIS_MACROPHAGE_DN","34/2154","199/21355",0.0015464266135299,0.00339060003215197,0.00101075459799192
"GSE32986_UNSTIM_VS_GMCSF_STIM_DC_DN","GSE32986_UNSTIM_VS_GMCSF_STIM_DC_DN","34/2154","199/21355",0.0015464266135299,0.00339060003215197,0.00101075459799192
"GSE360_L_DONOVANI_VS_B_MALAYI_HIGH_DOSE_DC_UP","GSE360_L_DONOVANI_VS_B_MALAYI_HIGH_DOSE_DC_UP","34/2154","199/21355",0.0015464266135299,0.00339060003215197,0.00101075459799192
"GSE360_L_MAJOR_VS_M_TUBERCULOSIS_DC_DN","GSE360_L_MAJOR_VS_M_TUBERCULOSIS_DC_DN","34/2154","199/21355",0.0015464266135299,0.00339060003215197,0.00101075459799192
"GSE360_L_MAJOR_VS_M_TUBERCULOSIS_DC_UP","GSE360_L_MAJOR_VS_M_TUBERCULOSIS_DC_UP","34/2154","199/21355",0.0015464266135299,0.00339060003215197,0.00101075459799192
"GSE36392_TYPE_2_MYELOID_VS_EOSINOPHIL_IL25_TREATED_LUNG_UP","GSE36392_TYPE_2_MYELOID_VS_EOSINOPHIL_IL25_TREATED_LUNG_UP","34/2154","199/21355",0.0015464266135299,0.00339060003215197,0.00101075459799192
"GSE37534_UNTREATED_VS_PIOGLITAZONE_TREATED_CD4_TCELL_PPARG1_AND_FOXP3_TRASDUCED_DN","GSE37534_UNTREATED_VS_PIOGLITAZONE_TREATED_CD4_TCELL_PPARG1_AND_FOXP3_TRASDUCED_DN","34/2154","199/21355",0.0015464266135299,0.00339060003215197,0.00101075459799192
"GSE37605_C57BL6_VS_NOD_FOXP3_IRES_GFP_TREG_DN","GSE37605_C57BL6_VS_NOD_FOXP3_IRES_GFP_TREG_DN","34/2154","199/21355",0.0015464266135299,0.00339060003215197,0.00101075459799192
"GSE3982_MAST_CELL_VS_MAC_UP","GSE3982_MAST_CELL_VS_MAC_UP","34/2154","199/21355",0.0015464266135299,0.00339060003215197,0.00101075459799192
"GSE39820_CTRL_VS_IL1B_IL6_CD4_TCELL_DN","GSE39820_CTRL_VS_IL1B_IL6_CD4_TCELL_DN","34/2154","199/21355",0.0015464266135299,0.00339060003215197,0.00101075459799192
"GSE41867_NAIVE_VS_DAY8_LCMV_ARMSTRONG_EFFECTOR_CD8_TCELL_DN","GSE41867_NAIVE_VS_DAY8_LCMV_ARMSTRONG_EFFECTOR_CD8_TCELL_DN","34/2154","199/21355",0.0015464266135299,0.00339060003215197,0.00101075459799192
"GSE43955_1H_VS_60H_ACT_CD4_TCELL_DN","GSE43955_1H_VS_60H_ACT_CD4_TCELL_DN","34/2154","199/21355",0.0015464266135299,0.00339060003215197,0.00101075459799192
"GSE46468_LUNG_INNATE_LYMPHOID_CELL_VS_SPLEEN_CD4_TCELL_DN","GSE46468_LUNG_INNATE_LYMPHOID_CELL_VS_SPLEEN_CD4_TCELL_DN","34/2154","199/21355",0.0015464266135299,0.00339060003215197,0.00101075459799192
"GSE46606_IRF4MID_VS_WT_CD40L_IL2_IL5_DAY1_STIMULATED_BCELL_DN","GSE46606_IRF4MID_VS_WT_CD40L_IL2_IL5_DAY1_STIMULATED_BCELL_DN","34/2154","199/21355",0.0015464266135299,0.00339060003215197,0.00101075459799192
"GSE5503_LIVER_DC_VS_PLN_DC_ACTIVATED_ALLOGENIC_TCELL_UP","GSE5503_LIVER_DC_VS_PLN_DC_ACTIVATED_ALLOGENIC_TCELL_UP","34/2154","199/21355",0.0015464266135299,0.00339060003215197,0.00101075459799192
"GSE5589_WT_VS_IL10_KO_LPS_STIM_MACROPHAGE_45MIN_DN","GSE5589_WT_VS_IL10_KO_LPS_STIM_MACROPHAGE_45MIN_DN","34/2154","199/21355",0.0015464266135299,0.00339060003215197,0.00101075459799192
"GSE6259_DEC205_POS_DC_VS_CD4_TCELL_UP","GSE6259_DEC205_POS_DC_VS_CD4_TCELL_UP","34/2154","199/21355",0.0015464266135299,0.00339060003215197,0.00101075459799192
"GSE6674_ANTI_IGM_VS_PL2_3_STIM_BCELL_DN","GSE6674_ANTI_IGM_VS_PL2_3_STIM_BCELL_DN","34/2154","199/21355",0.0015464266135299,0.00339060003215197,0.00101075459799192
"GSE6674_UNSTIM_VS_ANTI_IGM_AND_CPG_STIM_BCELL_DN","GSE6674_UNSTIM_VS_ANTI_IGM_AND_CPG_STIM_BCELL_DN","34/2154","199/21355",0.0015464266135299,0.00339060003215197,0.00101075459799192
"GSE6875_TCONV_VS_TREG_DN","GSE6875_TCONV_VS_TREG_DN","34/2154","199/21355",0.0015464266135299,0.00339060003215197,0.00101075459799192
"GSE7460_CD8_TCELL_VS_TREG_ACT_DN","GSE7460_CD8_TCELL_VS_TREG_ACT_DN","34/2154","199/21355",0.0015464266135299,0.00339060003215197,0.00101075459799192
"GSE7460_CTRL_VS_TGFB_TREATED_ACT_TCONV_UP","GSE7460_CTRL_VS_TGFB_TREATED_ACT_TCONV_UP","34/2154","199/21355",0.0015464266135299,0.00339060003215197,0.00101075459799192
"GSE7548_NAIVE_VS_DAY28_PCC_IMMUNIZATION_CD4_TCELL_UP","GSE7548_NAIVE_VS_DAY28_PCC_IMMUNIZATION_CD4_TCELL_UP","34/2154","199/21355",0.0015464266135299,0.00339060003215197,0.00101075459799192
"GSE8621_UNSTIM_VS_LPS_PRIMED_UNSTIM_MACROPHAGE_UP","GSE8621_UNSTIM_VS_LPS_PRIMED_UNSTIM_MACROPHAGE_UP","34/2154","199/21355",0.0015464266135299,0.00339060003215197,0.00101075459799192
"GSE8835_HEALTHY_VS_CLL_CD4_TCELL_UP","GSE8835_HEALTHY_VS_CLL_CD4_TCELL_UP","34/2154","199/21355",0.0015464266135299,0.00339060003215197,0.00101075459799192
"GSE6259_DEC205_POS_DC_VS_CD8_TCELL_UP","GSE6259_DEC205_POS_DC_VS_CD8_TCELL_UP","32/2154","184/21355",0.00155563653140322,0.00340933115519275,0.00101633843818525
"GSE40274_CTRL_VS_IRF4_TRANSDUCED_ACTIVATED_CD4_TCELL_UP","GSE40274_CTRL_VS_IRF4_TRANSDUCED_ACTIVATED_CD4_TCELL_UP","29/2154","162/21355",0.00160285177165443,0.00351130295992679,0.00104673673628089
"GSE10239_KLRG1INT_VS_KLRG1HIGH_EFF_CD8_TCELL_UP","GSE10239_KLRG1INT_VS_KLRG1HIGH_EFF_CD8_TCELL_UP","34/2154","200/21355",0.00168656826244362,0.00352840569798455,0.00105183514687672
"GSE10240_IL22_VS_IL17_STIM_PRIMARY_BRONCHIAL_EPITHELIAL_CELLS_UP","GSE10240_IL22_VS_IL17_STIM_PRIMARY_BRONCHIAL_EPITHELIAL_CELLS_UP","34/2154","200/21355",0.00168656826244362,0.00352840569798455,0.00105183514687672
"GSE11924_TH2_VS_TH17_CD4_TCELL_DN","GSE11924_TH2_VS_TH17_CD4_TCELL_DN","34/2154","200/21355",0.00168656826244362,0.00352840569798455,0.00105183514687672
"GSE11961_FOLLICULAR_BCELL_VS_GERMINAL_CENTER_BCELL_DAY40_UP","GSE11961_FOLLICULAR_BCELL_VS_GERMINAL_CENTER_BCELL_DAY40_UP","34/2154","200/21355",0.00168656826244362,0.00352840569798455,0.00105183514687672
"GSE11961_FOLLICULAR_BCELL_VS_GERMINAL_CENTER_BCELL_DAY7_DN","GSE11961_FOLLICULAR_BCELL_VS_GERMINAL_CENTER_BCELL_DAY7_DN","34/2154","200/21355",0.00168656826244362,0.00352840569798455,0.00105183514687672
"GSE11961_FOLLICULAR_BCELL_VS_MEMORY_BCELL_DAY7_DN","GSE11961_FOLLICULAR_BCELL_VS_MEMORY_BCELL_DAY7_DN","34/2154","200/21355",0.00168656826244362,0.00352840569798455,0.00105183514687672
"GSE11961_MARGINAL_ZONE_BCELL_VS_MEMORY_BCELL_DAY40_UP","GSE11961_MARGINAL_ZONE_BCELL_VS_MEMORY_BCELL_DAY40_UP","34/2154","200/21355",0.00168656826244362,0.00352840569798455,0.00105183514687672
"GSE11961_UNSTIM_VS_ANTI_IGM_AND_CD40_STIM_6H_FOLLICULAR_BCELL_UP","GSE11961_UNSTIM_VS_ANTI_IGM_AND_CD40_STIM_6H_FOLLICULAR_BCELL_UP","34/2154","200/21355",0.00168656826244362,0.00352840569798455,0.00105183514687672
"GSE12001_MIR223_KO_VS_WT_NEUTROPHIL_DN","GSE12001_MIR223_KO_VS_WT_NEUTROPHIL_DN","34/2154","200/21355",0.00168656826244362,0.00352840569798455,0.00105183514687672
"GSE12198_CTRL_VS_LOW_IL2_STIM_NK_CELL_UP","GSE12198_CTRL_VS_LOW_IL2_STIM_NK_CELL_UP","34/2154","200/21355",0.00168656826244362,0.00352840569798455,0.00105183514687672
"GSE12845_IGD_POS_BLOOD_VS_PRE_GC_TONSIL_BCELL_DN","GSE12845_IGD_POS_BLOOD_VS_PRE_GC_TONSIL_BCELL_DN","34/2154","200/21355",0.00168656826244362,0.00352840569798455,0.00105183514687672
"GSE13229_IMM_VS_INTMATURE_NKCELL_DN","GSE13229_IMM_VS_INTMATURE_NKCELL_DN","34/2154","200/21355",0.00168656826244362,0.00352840569798455,0.00105183514687672
"GSE14308_INDUCED_VS_NATURAL_TREG_DN","GSE14308_INDUCED_VS_NATURAL_TREG_DN","34/2154","200/21355",0.00168656826244362,0.00352840569798455,0.00105183514687672
"GSE14308_TH1_VS_INDUCED_TREG_DN","GSE14308_TH1_VS_INDUCED_TREG_DN","34/2154","200/21355",0.00168656826244362,0.00352840569798455,0.00105183514687672
"GSE1432_1H_VS_6H_IFNG_MICROGLIA_DN","GSE1432_1H_VS_6H_IFNG_MICROGLIA_DN","34/2154","200/21355",0.00168656826244362,0.00352840569798455,0.00105183514687672
"GSE1432_1H_VS_6H_IFNG_MICROGLIA_UP","GSE1432_1H_VS_6H_IFNG_MICROGLIA_UP","34/2154","200/21355",0.00168656826244362,0.00352840569798455,0.00105183514687672
"GSE1460_DP_THYMOCYTE_VS_NAIVE_CD4_TCELL_CORD_BLOOD_UP","GSE1460_DP_THYMOCYTE_VS_NAIVE_CD4_TCELL_CORD_BLOOD_UP","34/2154","200/21355",0.00168656826244362,0.00352840569798455,0.00105183514687672
"GSE15324_NAIVE_VS_ACTIVATED_ELF4_KO_CD8_TCELL_UP","GSE15324_NAIVE_VS_ACTIVATED_ELF4_KO_CD8_TCELL_UP","34/2154","200/21355",0.00168656826244362,0.00352840569798455,0.00105183514687672
"GSE15330_HSC_VS_GRANULOCYTE_MONOCYTE_PROGENITOR_IKAROS_KO_UP","GSE15330_HSC_VS_GRANULOCYTE_MONOCYTE_PROGENITOR_IKAROS_KO_UP","34/2154","200/21355",0.00168656826244362,0.00352840569798455,0.00105183514687672
"GSE15750_DAY6_VS_DAY10_EFF_CD8_TCELL_DN","GSE15750_DAY6_VS_DAY10_EFF_CD8_TCELL_DN","34/2154","200/21355",0.00168656826244362,0.00352840569798455,0.00105183514687672
"GSE15750_WT_VS_TRAF6KO_DAY10_EFF_CD8_TCELL_UP","GSE15750_WT_VS_TRAF6KO_DAY10_EFF_CD8_TCELL_UP","34/2154","200/21355",0.00168656826244362,0.00352840569798455,0.00105183514687672
"GSE16385_IFNG_TNF_VS_UNSTIM_MACROPHAGE_ROSIGLITAZONE_TREATED_DN","GSE16385_IFNG_TNF_VS_UNSTIM_MACROPHAGE_ROSIGLITAZONE_TREATED_DN","34/2154","200/21355",0.00168656826244362,0.00352840569798455,0.00105183514687672
"GSE16450_IMMATURE_VS_MATURE_NEURON_CELL_LINE_12H_IFNA_STIM_DN","GSE16450_IMMATURE_VS_MATURE_NEURON_CELL_LINE_12H_IFNA_STIM_DN","34/2154","200/21355",0.00168656826244362,0.00352840569798455,0.00105183514687672
"GSE16522_MEMORY_VS_NAIVE_CD8_TCELL_UP","GSE16522_MEMORY_VS_NAIVE_CD8_TCELL_UP","34/2154","200/21355",0.00168656826244362,0.00352840569798455,0.00105183514687672
"GSE17721_0.5H_VS_4H_GARDIQUIMOD_BMDC_UP","GSE17721_0.5H_VS_4H_GARDIQUIMOD_BMDC_UP","34/2154","200/21355",0.00168656826244362,0.00352840569798455,0.00105183514687672
"GSE17721_0.5H_VS_4H_PAM3CSK4_BMDC_DN","GSE17721_0.5H_VS_4H_PAM3CSK4_BMDC_DN","34/2154","200/21355",0.00168656826244362,0.00352840569798455,0.00105183514687672
"GSE17721_12H_VS_24H_PAM3CSK4_BMDC_DN","GSE17721_12H_VS_24H_PAM3CSK4_BMDC_DN","34/2154","200/21355",0.00168656826244362,0.00352840569798455,0.00105183514687672
"GSE17721_CTRL_VS_LPS_6H_BMDC_UP","GSE17721_CTRL_VS_LPS_6H_BMDC_UP","34/2154","200/21355",0.00168656826244362,0.00352840569798455,0.00105183514687672
"GSE17721_CTRL_VS_PAM3CSK4_4H_BMDC_UP","GSE17721_CTRL_VS_PAM3CSK4_4H_BMDC_UP","34/2154","200/21355",0.00168656826244362,0.00352840569798455,0.00105183514687672
"GSE17721_CTRL_VS_POLYIC_4H_BMDC_DN","GSE17721_CTRL_VS_POLYIC_4H_BMDC_DN","34/2154","200/21355",0.00168656826244362,0.00352840569798455,0.00105183514687672
"GSE17721_LPS_VS_CPG_1H_BMDC_DN","GSE17721_LPS_VS_CPG_1H_BMDC_DN","34/2154","200/21355",0.00168656826244362,0.00352840569798455,0.00105183514687672
"GSE17721_LPS_VS_GARDIQUIMOD_4H_BMDC_UP","GSE17721_LPS_VS_GARDIQUIMOD_4H_BMDC_UP","34/2154","200/21355",0.00168656826244362,0.00352840569798455,0.00105183514687672
"GSE17721_LPS_VS_POLYIC_4H_BMDC_UP","GSE17721_LPS_VS_POLYIC_4H_BMDC_UP","34/2154","200/21355",0.00168656826244362,0.00352840569798455,0.00105183514687672
"GSE17721_POLYIC_VS_CPG_4H_BMDC_UP","GSE17721_POLYIC_VS_CPG_4H_BMDC_UP","34/2154","200/21355",0.00168656826244362,0.00352840569798455,0.00105183514687672
"GSE17721_POLYIC_VS_PAM3CSK4_0.5H_BMDC_DN","GSE17721_POLYIC_VS_PAM3CSK4_0.5H_BMDC_DN","34/2154","200/21355",0.00168656826244362,0.00352840569798455,0.00105183514687672
"GSE18804_SPLEEN_MACROPHAGE_VS_COLON_TUMORAL_MACROPHAGE_DN","GSE18804_SPLEEN_MACROPHAGE_VS_COLON_TUMORAL_MACROPHAGE_DN","34/2154","200/21355",0.00168656826244362,0.00352840569798455,0.00105183514687672
"GSE18893_CTRL_VS_TNF_TREATED_TREG_2H_DN","GSE18893_CTRL_VS_TNF_TREATED_TREG_2H_DN","34/2154","200/21355",0.00168656826244362,0.00352840569798455,0.00105183514687672
"GSE1925_CTRL_VS_IFNG_PRIMED_MACROPHAGE_UP","GSE1925_CTRL_VS_IFNG_PRIMED_MACROPHAGE_UP","34/2154","200/21355",0.00168656826244362,0.00352840569798455,0.00105183514687672
"GSE19923_WT_VS_HEB_KO_DP_THYMOCYTE_UP","GSE19923_WT_VS_HEB_KO_DP_THYMOCYTE_UP","34/2154","200/21355",0.00168656826244362,0.00352840569798455,0.00105183514687672
"GSE20715_WT_VS_TLR4_KO_6H_OZONE_LUNG_UP","GSE20715_WT_VS_TLR4_KO_6H_OZONE_LUNG_UP","34/2154","200/21355",0.00168656826244362,0.00352840569798455,0.00105183514687672
"GSE21063_3H_VS_16H_ANTI_IGM_STIM_NFATC1_KOBCELL_DN","GSE21063_3H_VS_16H_ANTI_IGM_STIM_NFATC1_KOBCELL_DN","34/2154","200/21355",0.00168656826244362,0.00352840569798455,0.00105183514687672
"GSE22103_UNSTIM_VS_GMCSF_AND_IFNG_STIM_NEUTROPHIL_DN","GSE22103_UNSTIM_VS_GMCSF_AND_IFNG_STIM_NEUTROPHIL_DN","34/2154","200/21355",0.00168656826244362,0.00352840569798455,0.00105183514687672
"GSE22103_UNSTIM_VS_LPS_STIM_NEUTROPHIL_UP","GSE22103_UNSTIM_VS_LPS_STIM_NEUTROPHIL_UP","34/2154","200/21355",0.00168656826244362,0.00352840569798455,0.00105183514687672
"GSE22589_HIV_VS_HIV_AND_SIV_INFECTED_DC_DN","GSE22589_HIV_VS_HIV_AND_SIV_INFECTED_DC_DN","34/2154","200/21355",0.00168656826244362,0.00352840569798455,0.00105183514687672
"GSE22601_CD4_SINGLE_POSITIVE_VS_CD8_SINGLE_POSITIVE_THYMOCYTE_UP","GSE22601_CD4_SINGLE_POSITIVE_VS_CD8_SINGLE_POSITIVE_THYMOCYTE_UP","34/2154","200/21355",0.00168656826244362,0.00352840569798455,0.00105183514687672
"GSE22601_DOUBLE_NEGATIVE_VS_DOUBLE_POSITIVE_THYMOCYTE_DN","GSE22601_DOUBLE_NEGATIVE_VS_DOUBLE_POSITIVE_THYMOCYTE_DN","34/2154","200/21355",0.00168656826244362,0.00352840569798455,0.00105183514687672
"GSE22601_DOUBLE_POSITIVE_VS_CD8_SINGLE_POSITIVE_THYMOCYTE_DN","GSE22601_DOUBLE_POSITIVE_VS_CD8_SINGLE_POSITIVE_THYMOCYTE_DN","34/2154","200/21355",0.00168656826244362,0.00352840569798455,0.00105183514687672
"GSE22886_IGA_VS_IGM_MEMORY_BCELL_DN","GSE22886_IGA_VS_IGM_MEMORY_BCELL_DN","34/2154","200/21355",0.00168656826244362,0.00352840569798455,0.00105183514687672
"GSE22935_UNSTIM_VS_12H_MBOVIS_BCG_STIM_MACROPHAGE_DN","GSE22935_UNSTIM_VS_12H_MBOVIS_BCG_STIM_MACROPHAGE_DN","34/2154","200/21355",0.00168656826244362,0.00352840569798455,0.00105183514687672
"GSE23308_CTRL_VS_CORTICOSTERONE_TREATED_MACROPHAGE_UP","GSE23308_CTRL_VS_CORTICOSTERONE_TREATED_MACROPHAGE_UP","34/2154","200/21355",0.00168656826244362,0.00352840569798455,0.00105183514687672
"GSE23502_BM_VS_COLON_TUMOR_HDC_KO_MYELOID_DERIVED_SUPPRESSOR_CELL_DN","GSE23502_BM_VS_COLON_TUMOR_HDC_KO_MYELOID_DERIVED_SUPPRESSOR_CELL_DN","34/2154","200/21355",0.00168656826244362,0.00352840569798455,0.00105183514687672
"GSE23925_DARK_ZONE_VS_NAIVE_BCELL_DN","GSE23925_DARK_ZONE_VS_NAIVE_BCELL_DN","34/2154","200/21355",0.00168656826244362,0.00352840569798455,0.00105183514687672
"GSE2405_0H_VS_3H_A_PHAGOCYTOPHILUM_STIM_NEUTROPHIL_UP","GSE2405_0H_VS_3H_A_PHAGOCYTOPHILUM_STIM_NEUTROPHIL_UP","34/2154","200/21355",0.00168656826244362,0.00352840569798455,0.00105183514687672
"GSE2405_HEAT_KILLED_LYSATE_VS_LIVE_A_PHAGOCYTOPHILUM_STIM_NEUTROPHIL_24H_DN","GSE2405_HEAT_KILLED_LYSATE_VS_LIVE_A_PHAGOCYTOPHILUM_STIM_NEUTROPHIL_24H_DN","34/2154","200/21355",0.00168656826244362,0.00352840569798455,0.00105183514687672
"GSE2405_HEAT_KILLED_VS_LIVE_A_PHAGOCYTOPHILUM_STIM_NEUTROPHIL_9H_DN","GSE2405_HEAT_KILLED_VS_LIVE_A_PHAGOCYTOPHILUM_STIM_NEUTROPHIL_9H_DN","34/2154","200/21355",0.00168656826244362,0.00352840569798455,0.00105183514687672
"GSE24210_TCONV_VS_TREG_UP","GSE24210_TCONV_VS_TREG_UP","34/2154","200/21355",0.00168656826244362,0.00352840569798455,0.00105183514687672
"GSE24726_WT_VS_E2_2_KO_PDC_UP","GSE24726_WT_VS_E2_2_KO_PDC_UP","34/2154","200/21355",0.00168656826244362,0.00352840569798455,0.00105183514687672
"GSE2585_CTEC_VS_THYMIC_DC_UP","GSE2585_CTEC_VS_THYMIC_DC_UP","34/2154","200/21355",0.00168656826244362,0.00352840569798455,0.00105183514687672
"GSE2770_UNTREATED_VS_ACT_CD4_TCELL_2H_DN","GSE2770_UNTREATED_VS_ACT_CD4_TCELL_2H_DN","34/2154","200/21355",0.00168656826244362,0.00352840569798455,0.00105183514687672
"GSE2770_UNTREATED_VS_IL12_TREATED_ACT_CD4_TCELL_48H_UP","GSE2770_UNTREATED_VS_IL12_TREATED_ACT_CD4_TCELL_48H_UP","34/2154","200/21355",0.00168656826244362,0.00352840569798455,0.00105183514687672
"GSE2770_UNTREATED_VS_TGFB_AND_IL12_TREATED_ACT_CD4_TCELL_48H_DN","GSE2770_UNTREATED_VS_TGFB_AND_IL12_TREATED_ACT_CD4_TCELL_48H_DN","34/2154","200/21355",0.00168656826244362,0.00352840569798455,0.00105183514687672
"GSE27786_CD4_TCELL_VS_NKTCELL_DN","GSE27786_CD4_TCELL_VS_NKTCELL_DN","34/2154","200/21355",0.00168656826244362,0.00352840569798455,0.00105183514687672
"GSE27786_CD4_VS_CD8_TCELL_UP","GSE27786_CD4_VS_CD8_TCELL_UP","34/2154","200/21355",0.00168656826244362,0.00352840569798455,0.00105183514687672
"GSE27786_LIN_NEG_VS_BCELL_DN","GSE27786_LIN_NEG_VS_BCELL_DN","34/2154","200/21355",0.00168656826244362,0.00352840569798455,0.00105183514687672
"GSE27786_LSK_VS_NEUTROPHIL_DN","GSE27786_LSK_VS_NEUTROPHIL_DN","34/2154","200/21355",0.00168656826244362,0.00352840569798455,0.00105183514687672
"GSE27786_NKTCELL_VS_MONO_MAC_DN","GSE27786_NKTCELL_VS_MONO_MAC_DN","34/2154","200/21355",0.00168656826244362,0.00352840569798455,0.00105183514687672
"GSE27786_NKTCELL_VS_MONO_MAC_UP","GSE27786_NKTCELL_VS_MONO_MAC_UP","34/2154","200/21355",0.00168656826244362,0.00352840569798455,0.00105183514687672
"GSE2826_XID_VS_BTK_KO_BCELL_UP","GSE2826_XID_VS_BTK_KO_BCELL_UP","34/2154","200/21355",0.00168656826244362,0.00352840569798455,0.00105183514687672
"GSE30083_SP2_VS_SP3_THYMOCYTE_DN","GSE30083_SP2_VS_SP3_THYMOCYTE_DN","34/2154","200/21355",0.00168656826244362,0.00352840569798455,0.00105183514687672
"GSE3039_NKT_CELL_VS_ALPHABETA_CD8_TCELL_UP","GSE3039_NKT_CELL_VS_ALPHABETA_CD8_TCELL_UP","34/2154","200/21355",0.00168656826244362,0.00352840569798455,0.00105183514687672
"GSE30962_PRIMARY_VS_SECONDARY_CHRONIC_LCMV_INF_CD8_TCELL_DN","GSE30962_PRIMARY_VS_SECONDARY_CHRONIC_LCMV_INF_CD8_TCELL_DN","34/2154","200/21355",0.00168656826244362,0.00352840569798455,0.00105183514687672
"GSE30971_2H_VS_4H_LPS_STIM_MACROPHAGE_WBP7_KO_UP","GSE30971_2H_VS_4H_LPS_STIM_MACROPHAGE_WBP7_KO_UP","34/2154","200/21355",0.00168656826244362,0.00352840569798455,0.00105183514687672
"GSE3203_WT_VS_IFNAR1_KO_INFLUENZA_INFECTED_LN_BCELL_DN","GSE3203_WT_VS_IFNAR1_KO_INFLUENZA_INFECTED_LN_BCELL_DN","34/2154","200/21355",0.00168656826244362,0.00352840569798455,0.00105183514687672
"GSE32423_MEMORY_VS_NAIVE_CD8_TCELL_IL7_DN","GSE32423_MEMORY_VS_NAIVE_CD8_TCELL_IL7_DN","34/2154","200/21355",0.00168656826244362,0.00352840569798455,0.00105183514687672
"GSE32423_MEMORY_VS_NAIVE_CD8_TCELL_IL7_UP","GSE32423_MEMORY_VS_NAIVE_CD8_TCELL_IL7_UP","34/2154","200/21355",0.00168656826244362,0.00352840569798455,0.00105183514687672
"GSE339_CD4POS_VS_CD8POS_DC_UP","GSE339_CD4POS_VS_CD8POS_DC_UP","34/2154","200/21355",0.00168656826244362,0.00352840569798455,0.00105183514687672
"GSE36078_WT_VS_IL1R_KO_LUNG_DC_AFTER_AD5_T425A_HEXON_INF_UP","GSE36078_WT_VS_IL1R_KO_LUNG_DC_AFTER_AD5_T425A_HEXON_INF_UP","34/2154","200/21355",0.00168656826244362,0.00352840569798455,0.00105183514687672
"GSE36527_CD62L_HIGH_VS_CD62L_LOW_TREG_CD69_NEG_KLRG1_NEG_UP","GSE36527_CD62L_HIGH_VS_CD62L_LOW_TREG_CD69_NEG_KLRG1_NEG_UP","34/2154","200/21355",0.00168656826244362,0.00352840569798455,0.00105183514687672
"GSE3691_IFN_PRODUCING_KILLER_DC_VS_PLASMACYTOID_DC_SPLEEN_UP","GSE3691_IFN_PRODUCING_KILLER_DC_VS_PLASMACYTOID_DC_SPLEEN_UP","34/2154","200/21355",0.00168656826244362,0.00352840569798455,0.00105183514687672
"GSE37532_WT_VS_PPARG_KO_LN_TCONV_UP","GSE37532_WT_VS_PPARG_KO_LN_TCONV_UP","34/2154","200/21355",0.00168656826244362,0.00352840569798455,0.00105183514687672
"GSE39110_UNTREATED_VS_IL2_TREATED_CD8_TCELL_DAY3_POST_IMMUNIZATION_DN","GSE39110_UNTREATED_VS_IL2_TREATED_CD8_TCELL_DAY3_POST_IMMUNIZATION_DN","34/2154","200/21355",0.00168656826244362,0.00352840569798455,0.00105183514687672
"GSE39556_CD8A_DC_VS_NK_CELL_MOUSE_3H_POST_POLYIC_INJ_UP","GSE39556_CD8A_DC_VS_NK_CELL_MOUSE_3H_POST_POLYIC_INJ_UP","34/2154","200/21355",0.00168656826244362,0.00352840569798455,0.00105183514687672
"GSE3982_NEUTROPHIL_VS_TH2_UP","GSE3982_NEUTROPHIL_VS_TH2_UP","34/2154","200/21355",0.00168656826244362,0.00352840569798455,0.00105183514687672
"GSE40666_WT_VS_STAT4_KO_CD8_TCELL_WITH_IFNA_STIM_90MIN_UP","GSE40666_WT_VS_STAT4_KO_CD8_TCELL_WITH_IFNA_STIM_90MIN_UP","34/2154","200/21355",0.00168656826244362,0.00352840569798455,0.00105183514687672
"GSE411_WT_VS_SOCS3_KO_MACROPHAGE_IL6_STIM_400MIN_DN","GSE411_WT_VS_SOCS3_KO_MACROPHAGE_IL6_STIM_400MIN_DN","34/2154","200/21355",0.00168656826244362,0.00352840569798455,0.00105183514687672
"GSE41176_UNSTIM_VS_ANTI_IGM_STIM_BCELL_6H_DN","GSE41176_UNSTIM_VS_ANTI_IGM_STIM_BCELL_6H_DN","34/2154","200/21355",0.00168656826244362,0.00352840569798455,0.00105183514687672
"GSE4142_GC_BCELL_VS_MEMORY_BCELL_UP","GSE4142_GC_BCELL_VS_MEMORY_BCELL_UP","34/2154","200/21355",0.00168656826244362,0.00352840569798455,0.00105183514687672
"GSE42021_TCONV_PLN_VS_CD24HI_TCONV_THYMUS_UP","GSE42021_TCONV_PLN_VS_CD24HI_TCONV_THYMUS_UP","34/2154","200/21355",0.00168656826244362,0.00352840569798455,0.00105183514687672
"GSE43955_TH0_VS_TGFB_IL6_TH17_ACT_CD4_TCELL_52H_DN","GSE43955_TH0_VS_TGFB_IL6_TH17_ACT_CD4_TCELL_52H_DN","34/2154","200/21355",0.00168656826244362,0.00352840569798455,0.00105183514687672
"GSE46606_UNSTIM_VS_CD40L_IL2_IL5_1DAY_STIMULATED_IRF4HIGH_SORTED_BCELL_DN","GSE46606_UNSTIM_VS_CD40L_IL2_IL5_1DAY_STIMULATED_IRF4HIGH_SORTED_BCELL_DN","34/2154","200/21355",0.00168656826244362,0.00352840569798455,0.00105183514687672
"GSE4748_CTRL_VS_LPS_AND_CYANOBACTERIUM_LPSLIKE_STIM_DC_3H_UP","GSE4748_CTRL_VS_LPS_AND_CYANOBACTERIUM_LPSLIKE_STIM_DC_3H_UP","34/2154","200/21355",0.00168656826244362,0.00352840569798455,0.00105183514687672
"GSE5099_MONOCYTE_VS_CLASSICAL_M1_MACROPHAGE_DN","GSE5099_MONOCYTE_VS_CLASSICAL_M1_MACROPHAGE_DN","34/2154","200/21355",0.00168656826244362,0.00352840569798455,0.00105183514687672
"GSE5099_UNSTIM_VS_MCSF_TREATED_MONOCYTE_DAY7_UP","GSE5099_UNSTIM_VS_MCSF_TREATED_MONOCYTE_DAY7_UP","34/2154","200/21355",0.00168656826244362,0.00352840569798455,0.00105183514687672
"GSE5589_UNSTIM_VS_180MIN_LPS_STIM_MACROPHAGE_UP","GSE5589_UNSTIM_VS_180MIN_LPS_STIM_MACROPHAGE_UP","34/2154","200/21355",0.00168656826244362,0.00352840569798455,0.00105183514687672
"GSE5589_UNSTIM_VS_45MIN_LPS_STIM_MACROPHAGE_UP","GSE5589_UNSTIM_VS_45MIN_LPS_STIM_MACROPHAGE_UP","34/2154","200/21355",0.00168656826244362,0.00352840569798455,0.00105183514687672
"GSE6674_CPG_VS_PL2_3_STIM_BCELL_DN","GSE6674_CPG_VS_PL2_3_STIM_BCELL_DN","34/2154","200/21355",0.00168656826244362,0.00352840569798455,0.00105183514687672
"GSE7219_WT_VS_NIK_NFKB2_KO_LPS_AND_ANTI_CD40_STIM_DC_UP","GSE7219_WT_VS_NIK_NFKB2_KO_LPS_AND_ANTI_CD40_STIM_DC_UP","34/2154","200/21355",0.00168656826244362,0.00352840569798455,0.00105183514687672
"GSE7460_CTRL_VS_TGFB_TREATED_ACT_CD8_TCELL_UP","GSE7460_CTRL_VS_TGFB_TREATED_ACT_CD8_TCELL_UP","34/2154","200/21355",0.00168656826244362,0.00352840569798455,0.00105183514687672
"GSE7460_CTRL_VS_TGFB_TREATED_ACT_TREG_UP","GSE7460_CTRL_VS_TGFB_TREATED_ACT_TREG_UP","34/2154","200/21355",0.00168656826244362,0.00352840569798455,0.00105183514687672
"GSE7460_TREG_VS_TCONV_ACT_UP","GSE7460_TREG_VS_TCONV_ACT_UP","34/2154","200/21355",0.00168656826244362,0.00352840569798455,0.00105183514687672
"GSE7460_TREG_VS_TCONV_ACT_WITH_TGFB_DN","GSE7460_TREG_VS_TCONV_ACT_WITH_TGFB_DN","34/2154","200/21355",0.00168656826244362,0.00352840569798455,0.00105183514687672
"GSE7568_CTRL_VS_24H_TGFB_TREATED_MACROPHAGES_WITH_IL4_AND_DEXAMETHASONE_UP","GSE7568_CTRL_VS_24H_TGFB_TREATED_MACROPHAGES_WITH_IL4_AND_DEXAMETHASONE_UP","34/2154","200/21355",0.00168656826244362,0.00352840569798455,0.00105183514687672
"GSE7831_UNSTIM_VS_CPG_STIM_PDC_1H_DN","GSE7831_UNSTIM_VS_CPG_STIM_PDC_1H_DN","34/2154","200/21355",0.00168656826244362,0.00352840569798455,0.00105183514687672
"GSE7831_UNSTIM_VS_INFLUENZA_STIM_PDC_1H_DN","GSE7831_UNSTIM_VS_INFLUENZA_STIM_PDC_1H_DN","34/2154","200/21355",0.00168656826244362,0.00352840569798455,0.00105183514687672
"GSE7831_UNSTIM_VS_INFLUENZA_STIM_PDC_4H_UP","GSE7831_UNSTIM_VS_INFLUENZA_STIM_PDC_4H_UP","34/2154","200/21355",0.00168656826244362,0.00352840569798455,0.00105183514687672
"GSE8685_IL2_STARVED_VS_IL21_ACT_IL2_STARVED_CD4_TCELL_DN","GSE8685_IL2_STARVED_VS_IL21_ACT_IL2_STARVED_CD4_TCELL_DN","34/2154","200/21355",0.00168656826244362,0.00352840569798455,0.00105183514687672
"GSE8835_CD4_VS_CD8_TCELL_CLL_PATIENT_DN","GSE8835_CD4_VS_CD8_TCELL_CLL_PATIENT_DN","34/2154","200/21355",0.00168656826244362,0.00352840569798455,0.00105183514687672
"GSE8921_3H_VS_24H_TLR1_2_STIM_MONOCYTE_UP","GSE8921_3H_VS_24H_TLR1_2_STIM_MONOCYTE_UP","34/2154","200/21355",0.00168656826244362,0.00352840569798455,0.00105183514687672
"GSE8921_UNSTIM_VS_TLR1_2_STIM_MONOCYTE_24H_DN","GSE8921_UNSTIM_VS_TLR1_2_STIM_MONOCYTE_24H_DN","34/2154","200/21355",0.00168656826244362,0.00352840569798455,0.00105183514687672
"GSE9960_GRAM_POS_VS_GRAM_NEG_AND_POS_SEPSIS_PBMC_DN","GSE9960_GRAM_POS_VS_GRAM_NEG_AND_POS_SEPSIS_PBMC_DN","34/2154","200/21355",0.00168656826244362,0.00352840569798455,0.00105183514687672
"GSE6259_FLT3L_INDUCED_33D1_POS_DC_VS_CD4_TCELL_DN","GSE6259_FLT3L_INDUCED_33D1_POS_DC_VS_CD4_TCELL_DN","30/2154","170/21355",0.00169640937733918,0.00354609204674376,0.00105710753470204
"GSE7768_OVA_WITH_LPS_VS_OVA_WITH_MPL_IMMUNIZED_MOUSE_WHOLE_SPLEEN_6H_DN","GSE7768_OVA_WITH_LPS_VS_OVA_WITH_MPL_IMMUNIZED_MOUSE_WHOLE_SPLEEN_6H_DN","30/2154","170/21355",0.00169640937733918,0.00354609204674376,0.00105710753470204
"GSE11386_NAIVE_VS_MEMORY_BCELL_UP","GSE11386_NAIVE_VS_MEMORY_BCELL_UP","32/2154","185/21355",0.00170303302420235,0.00355702935161217,0.00106036799924535
"GSE14415_TCONV_VS_FOXP3_KO_INDUCED_TREG_DN","GSE14415_TCONV_VS_FOXP3_KO_INDUCED_TREG_DN","32/2154","185/21355",0.00170303302420235,0.00355702935161217,0.00106036799924535
"GSE33292_DN3_THYMOCYTE_VS_TCF1_KO_TCELL_LYMPHOMA_DN","GSE33292_DN3_THYMOCYTE_VS_TCF1_KO_TCELL_LYMPHOMA_DN","27/2154","148/21355",0.00171588263819272,0.00358240421767226,0.00106793237201137
"GSE21670_IL6_VS_TGFB_AND_IL6_TREATED_CD4_TCELL_UP","GSE21670_IL6_VS_TGFB_AND_IL6_TREATED_CD4_TCELL_UP","33/2154","193/21355",0.00177350723701387,0.00369969094363603,0.00110289612368575
"GSE46242_TH1_VS_ANERGIC_TH1_CD4_TCELL_WITH_EGR2_DELETED_DN","GSE46242_TH1_VS_ANERGIC_TH1_CD4_TCELL_WITH_EGR2_DELETED_DN","33/2154","193/21355",0.00177350723701387,0.00369969094363603,0.00110289612368575
"GSE14699_DELETIONAL_TOLERANCE_VS_ACTIVATED_CD8_TCELL_DN","GSE14699_DELETIONAL_TOLERANCE_VS_ACTIVATED_CD8_TCELL_DN","32/2154","186/21355",0.00186235169772499,0.00388344381340451,0.00115767376075632
"GSE6674_UNSTIM_VS_PL2_3_STIM_BCELL_UP","GSE6674_UNSTIM_VS_PL2_3_STIM_BCELL_UP","27/2154","150/21355",0.0020975464312837,0.00437209739223545,0.0013033438035054
"GSE11864_CSF1_VS_CSF1_IFNG_PAM3CYS_IN_MAC_UP","GSE11864_CSF1_VS_CSF1_IFNG_PAM3CYS_IN_MAC_UP","33/2154","195/21355",0.00210843092202452,0.00439120460460747,0.0013090397577839
"GSE46606_IRF4_KO_VS_WT_CD40L_IL2_IL5_3DAY_STIMULATED_BCELL_DN","GSE46606_IRF4_KO_VS_WT_CD40L_IL2_IL5_3DAY_STIMULATED_BCELL_DN","33/2154","195/21355",0.00210843092202452,0.00439120460460747,0.0013090397577839
"GSE27896_HDAC6_KO_VS_WT_TREG_DN","GSE27896_HDAC6_KO_VS_WT_TREG_DN","29/2154","165/21355",0.00213505698449182,0.00444303881225344,0.00132449179082071
"GSE37301_PRO_BCELL_VS_CD4_TCELL_DN","GSE37301_PRO_BCELL_VS_CD4_TCELL_DN","29/2154","165/21355",0.00213505698449182,0.00444303881225344,0.00132449179082071
"GSE35825_UNTREATED_VS_IFNA_STIM_MACROPHAGE_UP","GSE35825_UNTREATED_VS_IFNA_STIM_MACROPHAGE_UP","30/2154","173/21355",0.00223927983404341,0.00465613574276697,0.00138801703717594
"GSE4984_UNTREATED_VS_LPS_TREATED_DC_DN","GSE4984_UNTREATED_VS_LPS_TREATED_DC_DN","30/2154","173/21355",0.00223927983404341,0.00465613574276697,0.00138801703717594
"GSE11864_CSF1_VS_CSF1_IFNG_IN_MAC_DN","GSE11864_CSF1_VS_CSF1_IFNG_IN_MAC_DN","33/2154","196/21355",0.00229541200801288,0.00476123391357803,0.00141934732042389
"GSE12845_IGD_POS_VS_NEG_BLOOD_BCELL_DN","GSE12845_IGD_POS_VS_NEG_BLOOD_BCELL_DN","33/2154","196/21355",0.00229541200801288,0.00476123391357803,0.00141934732042389
"GSE21927_UNTREATED_VS_GMCSF_GCSF_TREATED_BONE_MARROW_UP","GSE21927_UNTREATED_VS_GMCSF_GCSF_TREATED_BONE_MARROW_UP","33/2154","196/21355",0.00229541200801288,0.00476123391357803,0.00141934732042389
"GSE24081_CONTROLLER_VS_PROGRESSOR_HIV_SPECIFIC_CD8_TCELL_DN","GSE24081_CONTROLLER_VS_PROGRESSOR_HIV_SPECIFIC_CD8_TCELL_DN","33/2154","196/21355",0.00229541200801288,0.00476123391357803,0.00141934732042389
"GSE25088_CTRL_VS_IL4_AND_ROSIGLITAZONE_STIM_STAT6_KO_MACROPHAGE_DN","GSE25088_CTRL_VS_IL4_AND_ROSIGLITAZONE_STIM_STAT6_KO_MACROPHAGE_DN","33/2154","196/21355",0.00229541200801288,0.00476123391357803,0.00141934732042389
"GSE25088_WT_VS_STAT6_KO_MACROPHAGE_ROSIGLITAZONE_AND_IL4_STIM_DN","GSE25088_WT_VS_STAT6_KO_MACROPHAGE_ROSIGLITAZONE_AND_IL4_STIM_DN","33/2154","196/21355",0.00229541200801288,0.00476123391357803,0.00141934732042389
"ANDERSON_BLOOD_CN54GP140_ADJUVANTED_WITH_GLA_AF_AGE_18_45YO_7DY_UP","ANDERSON_BLOOD_CN54GP140_ADJUVANTED_WITH_GLA_AF_AGE_18_45YO_7DY_UP","11/2154","42/21355",0.00239085923563176,0.00495720327323,0.00147776675340197
"GSE45365_NK_CELL_VS_CD8_TCELL_UP","GSE45365_NK_CELL_VS_CD8_TCELL_UP","28/2154","159/21355",0.00244705496923253,0.00507166277166028,0.00151188769459975
"GSE37301_HEMATOPOIETIC_STEM_CELL_VS_RAG2_KO_NK_CELL_UP","GSE37301_HEMATOPOIETIC_STEM_CELL_VS_RAG2_KO_NK_CELL_UP","30/2154","174/21355",0.00245059478977269,0.00507694131284756,0.00151346125377073
"GSE14000_UNSTIM_VS_4H_LPS_DC_TRANSLATED_RNA_DN","GSE14000_UNSTIM_VS_4H_LPS_DC_TRANSLATED_RNA_DN","33/2154","197/21355",0.0024964768260022,0.00515320388023789,0.00153619550137101
"GSE1460_INTRATHYMIC_T_PROGENITOR_VS_DP_THYMOCYTE_DN","GSE1460_INTRATHYMIC_T_PROGENITOR_VS_DP_THYMOCYTE_DN","33/2154","197/21355",0.0024964768260022,0.00515320388023789,0.00153619550137101
"GSE18791_UNSTIM_VS_NEWCATSLE_VIRUS_DC_10H_DN","GSE18791_UNSTIM_VS_NEWCATSLE_VIRUS_DC_10H_DN","33/2154","197/21355",0.0024964768260022,0.00515320388023789,0.00153619550137101
"GSE2770_TGFB_AND_IL4_VS_IL12_TREATED_ACT_CD4_TCELL_2H_DN","GSE2770_TGFB_AND_IL4_VS_IL12_TREATED_ACT_CD4_TCELL_2H_DN","33/2154","197/21355",0.0024964768260022,0.00515320388023789,0.00153619550137101
"GSE3982_EOSINOPHIL_VS_CENT_MEMORY_CD4_TCELL_DN","GSE3982_EOSINOPHIL_VS_CENT_MEMORY_CD4_TCELL_DN","33/2154","197/21355",0.0024964768260022,0.00515320388023789,0.00153619550137101
"GSE3982_EOSINOPHIL_VS_MAC_UP","GSE3982_EOSINOPHIL_VS_MAC_UP","33/2154","197/21355",0.0024964768260022,0.00515320388023789,0.00153619550137101
"GSE3982_EOSINOPHIL_VS_NKCELL_DN","GSE3982_EOSINOPHIL_VS_NKCELL_DN","33/2154","197/21355",0.0024964768260022,0.00515320388023789,0.00153619550137101
"GSE42088_UNINF_VS_LEISHMANIA_INF_DC_8H_DN","GSE42088_UNINF_VS_LEISHMANIA_INF_DC_8H_DN","33/2154","197/21355",0.0024964768260022,0.00515320388023789,0.00153619550137101
"GSE9988_LOW_LPS_VS_CTRL_TREATED_MONOCYTE_UP","GSE9988_LOW_LPS_VS_CTRL_TREATED_MONOCYTE_UP","33/2154","197/21355",0.0024964768260022,0.00515320388023789,0.00153619550137101
"GSE32901_NAIVE_VS_TH1_CD4_TCELL_UP","GSE32901_NAIVE_VS_TH1_CD4_TCELL_UP","24/2154","130/21355",0.00255383704609439,0.00526947894135618,0.00157085767076364
"GSE36888_UNTREATED_VS_IL2_TREATED_STAT5_AB_KNOCKIN_TCELL_17H_UP","GSE36888_UNTREATED_VS_IL2_TREATED_STAT5_AB_KNOCKIN_TCELL_17H_UP","32/2154","190/21355",0.00263493100473793,0.00543461162857,0.00162008453954715
"OCONNOR_PBMC_MENVEO_ACWYVAX_AGE_30_70YO_7DY_AFTER_SECOND_DOSE_VS_7DY_AFTER_FIRST_DOSE_UP","OCONNOR_PBMC_MENVEO_ACWYVAX_AGE_30_70YO_7DY_AFTER_SECOND_DOSE_VS_7DY_AFTER_FIRST_DOSE_UP","26/2154","145/21355",0.0026494902580214,0.00546243697147719,0.00162837941155135
"GSE13547_WT_VS_ZFX_KO_BCELL_ANTI_IGM_STIM_2H_DN","GSE13547_WT_VS_ZFX_KO_BCELL_ANTI_IGM_STIM_2H_DN","28/2154","160/21355",0.00268710211893506,0.00553551697587227,0.00165016492142074
"GSE15624_CTRL_VS_3H_HALOFUGINONE_TREATED_CD4_TCELL_UP","GSE15624_CTRL_VS_3H_HALOFUGINONE_TREATED_CD4_TCELL_UP","28/2154","160/21355",0.00268710211893506,0.00553551697587227,0.00165016492142074
"GSE10273_HIGH_VS_LOW_IL7_TREATED_IRF4_8_NULL_PRE_BCELL_DN","GSE10273_HIGH_VS_LOW_IL7_TREATED_IRF4_8_NULL_PRE_BCELL_DN","33/2154","198/21355",0.00271247111290919,0.00554532778900628,0.00165308957322019
"GSE17301_IFNA2_VS_IFNA5_STIM_ACD3_ACD28_ACT_CD8_TCELL_UP","GSE17301_IFNA2_VS_IFNA5_STIM_ACD3_ACD28_ACT_CD8_TCELL_UP","33/2154","198/21355",0.00271247111290919,0.00554532778900628,0.00165308957322019
"GSE17721_POLYIC_VS_CPG_24H_BMDC_UP","GSE17721_POLYIC_VS_CPG_24H_BMDC_UP","33/2154","198/21355",0.00271247111290919,0.00554532778900628,0.00165308957322019
"GSE20500_RETINOIC_ACID_VS_RARA_ANTAGONIST_TREATED_CD4_TCELL_DN","GSE20500_RETINOIC_ACID_VS_RARA_ANTAGONIST_TREATED_CD4_TCELL_DN","33/2154","198/21355",0.00271247111290919,0.00554532778900628,0.00165308957322019
"GSE20727_H2O2_VS_ROS_INHIBITOR_TREATED_DC_DN","GSE20727_H2O2_VS_ROS_INHIBITOR_TREATED_DC_DN","33/2154","198/21355",0.00271247111290919,0.00554532778900628,0.00165308957322019
"GSE22033_UNTREATED_VS_ROSIGLITAZONE_TREATED_MEF_DN","GSE22033_UNTREATED_VS_ROSIGLITAZONE_TREATED_MEF_DN","33/2154","198/21355",0.00271247111290919,0.00554532778900628,0.00165308957322019
"GSE22501_PERIPHERAL_BLOOD_VS_CORD_BLOOD_TREG_UP","GSE22501_PERIPHERAL_BLOOD_VS_CORD_BLOOD_TREG_UP","33/2154","198/21355",0.00271247111290919,0.00554532778900628,0.00165308957322019
"GSE22886_IGM_MEMORY_BCELL_VS_BLOOD_PLASMA_CELL_UP","GSE22886_IGM_MEMORY_BCELL_VS_BLOOD_PLASMA_CELL_UP","33/2154","198/21355",0.00271247111290919,0.00554532778900628,0.00165308957322019
"GSE25088_ROSIGLITAZONE_VS_IL4_AND_ROSIGLITAZONE_STIM_STAT6_KO_MACROPHAGE_DAY10_DN","GSE25088_ROSIGLITAZONE_VS_IL4_AND_ROSIGLITAZONE_STIM_STAT6_KO_MACROPHAGE_DAY10_DN","33/2154","198/21355",0.00271247111290919,0.00554532778900628,0.00165308957322019
"GSE26030_UNSTIM_VS_RESTIM_TH17_DAY5_POST_POLARIZATION_DN","GSE26030_UNSTIM_VS_RESTIM_TH17_DAY5_POST_POLARIZATION_DN","33/2154","198/21355",0.00271247111290919,0.00554532778900628,0.00165308957322019
"GSE29618_PRE_VS_DAY7_POST_LAIV_FLU_VACCINE_BCELL_UP","GSE29618_PRE_VS_DAY7_POST_LAIV_FLU_VACCINE_BCELL_UP","33/2154","198/21355",0.00271247111290919,0.00554532778900628,0.00165308957322019
"GSE33162_UNTREATED_VS_4H_LPS_STIM_HDAC3_HET_MACROPHAGE_UP","GSE33162_UNTREATED_VS_4H_LPS_STIM_HDAC3_HET_MACROPHAGE_UP","33/2154","198/21355",0.00271247111290919,0.00554532778900628,0.00165308957322019
"GSE360_CTRL_VS_B_MALAYI_HIGH_DOSE_DC_DN","GSE360_CTRL_VS_B_MALAYI_HIGH_DOSE_DC_DN","33/2154","198/21355",0.00271247111290919,0.00554532778900628,0.00165308957322019
"GSE3982_MAC_VS_NEUTROPHIL_UP","GSE3982_MAC_VS_NEUTROPHIL_UP","33/2154","198/21355",0.00271247111290919,0.00554532778900628,0.00165308957322019
"GSE3982_NEUTROPHIL_VS_BCELL_DN","GSE3982_NEUTROPHIL_VS_BCELL_DN","33/2154","198/21355",0.00271247111290919,0.00554532778900628,0.00165308957322019
"GSE5455_HEALTHY_VS_TUMOR_BEARING_MOUSE_SPLEEN_MONOCYTE_24H_INCUBATION_DN","GSE5455_HEALTHY_VS_TUMOR_BEARING_MOUSE_SPLEEN_MONOCYTE_24H_INCUBATION_DN","33/2154","198/21355",0.00271247111290919,0.00554532778900628,0.00165308957322019
"GSE5542_UNTREATED_VS_IFNA_AND_IFNG_TREATED_EPITHELIAL_CELLS_6H_UP","GSE5542_UNTREATED_VS_IFNA_AND_IFNG_TREATED_EPITHELIAL_CELLS_6H_UP","33/2154","198/21355",0.00271247111290919,0.00554532778900628,0.00165308957322019
"GSE5542_UNTREATED_VS_IFNA_TREATED_EPITHELIAL_CELLS_6H_DN","GSE5542_UNTREATED_VS_IFNA_TREATED_EPITHELIAL_CELLS_6H_DN","33/2154","198/21355",0.00271247111290919,0.00554532778900628,0.00165308957322019
"GSE8621_LPS_PRIMED_UNSTIM_VS_LPS_PRIMED_AND_LPS_STIM_MACROPHAGE_UP","GSE8621_LPS_PRIMED_UNSTIM_VS_LPS_PRIMED_AND_LPS_STIM_MACROPHAGE_UP","33/2154","198/21355",0.00271247111290919,0.00554532778900628,0.00165308957322019
"GSE21033_3H_VS_24H_POLYIC_STIM_DC_DN","GSE21033_3H_VS_24H_POLYIC_STIM_DC_DN","24/2154","131/21355",0.00283424672949923,0.0057919678369023,0.00172661418836084
"MATSUMIYA_BLOOD_MODIFIED_VACCINIA_ANKARA_VACCINE_AGE_4_6MO_VACCINATED_VS_CANDIN_PLACEBO_BCG_PRIMED_1DY_DN","MATSUMIYA_BLOOD_MODIFIED_VACCINIA_ANKARA_VACCINE_AGE_4_6MO_VACCINATED_VS_CANDIN_PLACEBO_BCG_PRIMED_1DY_DN","5/2154","11/21355",0.00285001548691447,0.0058218654353151,0.00173552680995528
"LI_PBMC_MENOMUNE_A_C_Y_W_135_AGE_18_45YO_CORRELATED_WITH_ANTIBODY_RESPONSE_3DY_POSITIVE","LI_PBMC_MENOMUNE_A_C_Y_W_135_AGE_18_45YO_CORRELATED_WITH_ANTIBODY_RESPONSE_3DY_POSITIVE","11/2154","43/21355",0.00292465089616189,0.0059035603099134,0.00175988045513595
"GSE21033_1H_VS_12H_POLYIC_STIM_DC_UP","GSE21033_1H_VS_12H_POLYIC_STIM_DC_UP","30/2154","176/21355",0.00292478703690918,0.0059035603099134,0.00175988045513595
"GSE34156_UNTREATED_VS_6H_TLR1_TLR2_LIGAND_TREATED_MONOCYTE_DN","GSE34156_UNTREATED_VS_6H_TLR1_TLR2_LIGAND_TREATED_MONOCYTE_DN","30/2154","176/21355",0.00292478703690918,0.0059035603099134,0.00175988045513595
"GSE37532_WT_VS_PPARG_KO_LN_TREG_UP","GSE37532_WT_VS_PPARG_KO_LN_TREG_UP","30/2154","176/21355",0.00292478703690918,0.0059035603099134,0.00175988045513595
"GSE10094_LCMV_VS_LISTERIA_IND_EFF_CD4_TCELL_UP","GSE10094_LCMV_VS_LISTERIA_IND_EFF_CD4_TCELL_UP","33/2154","199/21355",0.00294427513989422,0.0059035603099134,0.00175988045513595
"GSE10239_NAIVE_VS_KLRG1HIGH_EFF_CD8_TCELL_UP","GSE10239_NAIVE_VS_KLRG1HIGH_EFF_CD8_TCELL_UP","33/2154","199/21355",0.00294427513989422,0.0059035603099134,0.00175988045513595
"GSE10239_NAIVE_VS_KLRG1INT_EFF_CD8_TCELL_UP","GSE10239_NAIVE_VS_KLRG1INT_EFF_CD8_TCELL_UP","33/2154","199/21355",0.00294427513989422,0.0059035603099134,0.00175988045513595
"GSE11924_TH1_VS_TH17_CD4_TCELL_DN","GSE11924_TH1_VS_TH17_CD4_TCELL_DN","33/2154","199/21355",0.00294427513989422,0.0059035603099134,0.00175988045513595
"GSE14308_TH17_VS_NAIVE_CD4_TCELL_DN","GSE14308_TH17_VS_NAIVE_CD4_TCELL_DN","33/2154","199/21355",0.00294427513989422,0.0059035603099134,0.00175988045513595
"GSE1460_NAIVE_CD4_TCELL_CORD_BLOOD_VS_THYMIC_STROMAL_CELL_DN","GSE1460_NAIVE_CD4_TCELL_CORD_BLOOD_VS_THYMIC_STROMAL_CELL_DN","33/2154","199/21355",0.00294427513989422,0.0059035603099134,0.00175988045513595
"GSE14769_UNSTIM_VS_120MIN_LPS_BMDM_UP","GSE14769_UNSTIM_VS_120MIN_LPS_BMDM_UP","33/2154","199/21355",0.00294427513989422,0.0059035603099134,0.00175988045513595
"GSE15733_BM_VS_SPLEEN_MEMORY_CD4_TCELL_DN","GSE15733_BM_VS_SPLEEN_MEMORY_CD4_TCELL_DN","33/2154","199/21355",0.00294427513989422,0.0059035603099134,0.00175988045513595
"GSE17721_0.5H_VS_24H_LPS_BMDC_DN","GSE17721_0.5H_VS_24H_LPS_BMDC_DN","33/2154","199/21355",0.00294427513989422,0.0059035603099134,0.00175988045513595
"GSE17721_CTRL_VS_CPG_12H_BMDC_DN","GSE17721_CTRL_VS_CPG_12H_BMDC_DN","33/2154","199/21355",0.00294427513989422,0.0059035603099134,0.00175988045513595
"GSE17721_LPS_VS_CPG_12H_BMDC_UP","GSE17721_LPS_VS_CPG_12H_BMDC_UP","33/2154","199/21355",0.00294427513989422,0.0059035603099134,0.00175988045513595
"GSE17721_LPS_VS_POLYIC_1H_BMDC_DN","GSE17721_LPS_VS_POLYIC_1H_BMDC_DN","33/2154","199/21355",0.00294427513989422,0.0059035603099134,0.00175988045513595
"GSE17721_POLYIC_VS_CPG_8H_BMDC_DN","GSE17721_POLYIC_VS_CPG_8H_BMDC_DN","33/2154","199/21355",0.00294427513989422,0.0059035603099134,0.00175988045513595
"GSE17721_POLYIC_VS_PAM3CSK4_1H_BMDC_UP","GSE17721_POLYIC_VS_PAM3CSK4_1H_BMDC_UP","33/2154","199/21355",0.00294427513989422,0.0059035603099134,0.00175988045513595
"GSE17974_0H_VS_12H_IN_VITRO_ACT_CD4_TCELL_DN","GSE17974_0H_VS_12H_IN_VITRO_ACT_CD4_TCELL_DN","33/2154","199/21355",0.00294427513989422,0.0059035603099134,0.00175988045513595
"GSE19401_PLN_VS_PEYERS_PATCH_FOLLICULAR_DC_DN","GSE19401_PLN_VS_PEYERS_PATCH_FOLLICULAR_DC_DN","33/2154","199/21355",0.00294427513989422,0.0059035603099134,0.00175988045513595
"GSE2128_C57BL6_VS_NOD_THYMOCYTE_UP","GSE2128_C57BL6_VS_NOD_THYMOCYTE_UP","33/2154","199/21355",0.00294427513989422,0.0059035603099134,0.00175988045513595
"GSE21379_TFH_VS_NON_TFH_SAP_KO_CD4_TCELL_DN","GSE21379_TFH_VS_NON_TFH_SAP_KO_CD4_TCELL_DN","33/2154","199/21355",0.00294427513989422,0.0059035603099134,0.00175988045513595
"GSE22432_CDC_VS_COMMON_DC_PROGENITOR_DN","GSE22432_CDC_VS_COMMON_DC_PROGENITOR_DN","33/2154","199/21355",0.00294427513989422,0.0059035603099134,0.00175988045513595
"GSE22611_NOD2_VS_MUTANT_NOD2_TRANSDUCED_HEK293T_CELL_UP","GSE22611_NOD2_VS_MUTANT_NOD2_TRANSDUCED_HEK293T_CELL_UP","33/2154","199/21355",0.00294427513989422,0.0059035603099134,0.00175988045513595
"GSE22886_NAIVE_CD4_TCELL_VS_48H_ACT_TH1_DN","GSE22886_NAIVE_CD4_TCELL_VS_48H_ACT_TH1_DN","33/2154","199/21355",0.00294427513989422,0.0059035603099134,0.00175988045513595
"GSE22935_UNSTIM_VS_48H_MBOVIS_BCG_STIM_MACROPHAGE_DN","GSE22935_UNSTIM_VS_48H_MBOVIS_BCG_STIM_MACROPHAGE_DN","33/2154","199/21355",0.00294427513989422,0.0059035603099134,0.00175988045513595
"GSE2405_S_AUREUS_VS_UNTREATED_NEUTROPHIL_DN","GSE2405_S_AUREUS_VS_UNTREATED_NEUTROPHIL_DN","33/2154","199/21355",0.00294427513989422,0.0059035603099134,0.00175988045513595
"GSE24102_GRANULOCYSTIC_MDSC_VS_NEUTROPHIL_UP","GSE24102_GRANULOCYSTIC_MDSC_VS_NEUTROPHIL_UP","33/2154","199/21355",0.00294427513989422,0.0059035603099134,0.00175988045513595
"GSE2585_THYMIC_DC_VS_MTEC_UP","GSE2585_THYMIC_DC_VS_MTEC_UP","33/2154","199/21355",0.00294427513989422,0.0059035603099134,0.00175988045513595
"GSE26669_CD4_VS_CD8_TCELL_IN_MLR_COSTIM_BLOCK_DN","GSE26669_CD4_VS_CD8_TCELL_IN_MLR_COSTIM_BLOCK_DN","33/2154","199/21355",0.00294427513989422,0.0059035603099134,0.00175988045513595
"GSE2770_IL12_VS_TGFB_AND_IL12_TREATED_ACT_CD4_TCELL_48H_DN","GSE2770_IL12_VS_TGFB_AND_IL12_TREATED_ACT_CD4_TCELL_48H_DN","33/2154","199/21355",0.00294427513989422,0.0059035603099134,0.00175988045513595
"GSE27786_LSK_VS_LIN_NEG_CELL_UP","GSE27786_LSK_VS_LIN_NEG_CELL_UP","33/2154","199/21355",0.00294427513989422,0.0059035603099134,0.00175988045513595
"GSE29949_CD8_NEG_DC_SPLEEN_VS_CD8_POS_DC_SPLEEN_UP","GSE29949_CD8_NEG_DC_SPLEEN_VS_CD8_POS_DC_SPLEEN_UP","33/2154","199/21355",0.00294427513989422,0.0059035603099134,0.00175988045513595
"GSE29949_MICROGLIA_BRAIN_VS_MONOCYTE_BONE_MARROW_UP","GSE29949_MICROGLIA_BRAIN_VS_MONOCYTE_BONE_MARROW_UP","33/2154","199/21355",0.00294427513989422,0.0059035603099134,0.00175988045513595
"GSE30971_WBP7_HET_VS_KO_MACROPHAGE_4H_LPS_STIM_UP","GSE30971_WBP7_HET_VS_KO_MACROPHAGE_4H_LPS_STIM_UP","33/2154","199/21355",0.00294427513989422,0.0059035603099134,0.00175988045513595
"GSE32986_CURDLAN_HIGHDOSE_VS_GMCSF_AND_CURDLAN_HIGHDOSE_STIM_DC_UP","GSE32986_CURDLAN_HIGHDOSE_VS_GMCSF_AND_CURDLAN_HIGHDOSE_STIM_DC_UP","33/2154","199/21355",0.00294427513989422,0.0059035603099134,0.00175988045513595
"GSE32986_UNSTIM_VS_GMCSF_AND_CURDLAN_HIGHDOSE_STIM_DC_DN","GSE32986_UNSTIM_VS_GMCSF_AND_CURDLAN_HIGHDOSE_STIM_DC_DN","33/2154","199/21355",0.00294427513989422,0.0059035603099134,0.00175988045513595
"GSE360_DC_VS_MAC_B_MALAYI_LOW_DOSE_UP","GSE360_DC_VS_MAC_B_MALAYI_LOW_DOSE_UP","33/2154","199/21355",0.00294427513989422,0.0059035603099134,0.00175988045513595
"GSE36009_WT_VS_NLRP10_KO_DC_DN","GSE36009_WT_VS_NLRP10_KO_DC_DN","33/2154","199/21355",0.00294427513989422,0.0059035603099134,0.00175988045513595
"GSE3982_BASOPHIL_VS_TH1_DN","GSE3982_BASOPHIL_VS_TH1_DN","33/2154","199/21355",0.00294427513989422,0.0059035603099134,0.00175988045513595
"GSE3982_DC_VS_TH2_DN","GSE3982_DC_VS_TH2_DN","33/2154","199/21355",0.00294427513989422,0.0059035603099134,0.00175988045513595
"GSE3982_MAC_VS_TH1_DN","GSE3982_MAC_VS_TH1_DN","33/2154","199/21355",0.00294427513989422,0.0059035603099134,0.00175988045513595
"GSE3982_MEMORY_CD4_TCELL_VS_TH2_DN","GSE3982_MEMORY_CD4_TCELL_VS_TH2_DN","33/2154","199/21355",0.00294427513989422,0.0059035603099134,0.00175988045513595
"GSE40273_EOS_KO_VS_WT_TREG_DN","GSE40273_EOS_KO_VS_WT_TREG_DN","33/2154","199/21355",0.00294427513989422,0.0059035603099134,0.00175988045513595
"GSE5542_UNTREATED_VS_IFNA_AND_IFNG_TREATED_EPITHELIAL_CELLS_6H_DN","GSE5542_UNTREATED_VS_IFNA_AND_IFNG_TREATED_EPITHELIAL_CELLS_6H_DN","33/2154","199/21355",0.00294427513989422,0.0059035603099134,0.00175988045513595
"GSE7460_WT_VS_FOXP3_HET_ACT_WITH_TGFB_TCONV_DN","GSE7460_WT_VS_FOXP3_HET_ACT_WITH_TGFB_TCONV_DN","33/2154","199/21355",0.00294427513989422,0.0059035603099134,0.00175988045513595
"GSE8621_UNSTIM_VS_LPS_STIM_MACROPHAGE_DN","GSE8621_UNSTIM_VS_LPS_STIM_MACROPHAGE_DN","33/2154","199/21355",0.00294427513989422,0.0059035603099134,0.00175988045513595
"GSE21063_CTRL_VS_ANTI_IGM_STIM_BCELL_3H_DN","GSE21063_CTRL_VS_ANTI_IGM_STIM_BCELL_3H_DN","28/2154","161/21355",0.0029469142308243,0.00590653565746949,0.00176076742092207
"GSE3920_UNTREATED_VS_IFNG_TREATED_ENDOTHELIAL_CELL_DN","GSE3920_UNTREATED_VS_IFNG_TREATED_ENDOTHELIAL_CELL_DN","31/2154","184/21355",0.00302550518380562,0.00606168025266385,0.00180701679019574
"GSE35825_UNTREATED_VS_IFNA_STIM_MACROPHAGE_DN","GSE35825_UNTREATED_VS_IFNA_STIM_MACROPHAGE_DN","29/2154","169/21355",0.00307504102097264,0.00615101999851534,0.00183364940921495
"GSE6259_DEC205_POS_DC_VS_CD8_TCELL_DN","GSE6259_DEC205_POS_DC_VS_CD8_TCELL_DN","27/2154","154/21355",0.00308206664564996,0.00615101999851534,0.00183364940921495
"GSE25677_MPL_VS_MPL_AND_R848_STIM_BCELL_DN","GSE25677_MPL_VS_MPL_AND_R848_STIM_BCELL_DN","24/2154","132/21355",0.00314023883959999,0.00615101999851534,0.00183364940921495
"GSE13547_WT_VS_ZFX_KO_BCELL_DN","GSE13547_WT_VS_ZFX_KO_BCELL_DN","30/2154","177/21355",0.00318982578533696,0.00615101999851534,0.00183364940921495
"GSE3920_IFNB_VS_IFNG_TREATED_ENDOTHELIAL_CELL_DN","GSE3920_IFNB_VS_IFNG_TREATED_ENDOTHELIAL_CELL_DN","30/2154","177/21355",0.00318982578533696,0.00615101999851534,0.00183364940921495
"GSE11961_FOLLICULAR_BCELL_VS_GERMINAL_CENTER_BCELL_DAY7_UP","GSE11961_FOLLICULAR_BCELL_VS_GERMINAL_CENTER_BCELL_DAY7_UP","33/2154","200/21355",0.00319280404382158,0.00615101999851534,0.00183364940921495
"GSE11961_MEMORY_BCELL_DAY40_VS_GERMINAL_CENTER_BCELL_DAY40_DN","GSE11961_MEMORY_BCELL_DAY40_VS_GERMINAL_CENTER_BCELL_DAY40_DN","33/2154","200/21355",0.00319280404382158,0.00615101999851534,0.00183364940921495
"GSE13306_RA_VS_UNTREATED_TREG_DN","GSE13306_RA_VS_UNTREATED_TREG_DN","33/2154","200/21355",0.00319280404382158,0.00615101999851534,0.00183364940921495
"GSE13484_12H_VS_3H_YF17D_VACCINE_STIM_PBMC_DN","GSE13484_12H_VS_3H_YF17D_VACCINE_STIM_PBMC_DN","33/2154","200/21355",0.00319280404382158,0.00615101999851534,0.00183364940921495
"GSE14308_TH17_VS_INDUCED_TREG_UP","GSE14308_TH17_VS_INDUCED_TREG_UP","33/2154","200/21355",0.00319280404382158,0.00615101999851534,0.00183364940921495
"GSE14308_TH2_VS_NAIVE_CD4_TCELL_UP","GSE14308_TH2_VS_NAIVE_CD4_TCELL_UP","33/2154","200/21355",0.00319280404382158,0.00615101999851534,0.00183364940921495
"GSE1460_CD4_THYMOCYTE_VS_NAIVE_CD4_TCELL_CORD_BLOOD_UP","GSE1460_CD4_THYMOCYTE_VS_NAIVE_CD4_TCELL_CORD_BLOOD_UP","33/2154","200/21355",0.00319280404382158,0.00615101999851534,0.00183364940921495
"GSE15930_STIM_VS_STIM_AND_TRICHOSTATINA_24H_CD8_T_CELL_DN","GSE15930_STIM_VS_STIM_AND_TRICHOSTATINA_24H_CD8_T_CELL_DN","33/2154","200/21355",0.00319280404382158,0.00615101999851534,0.00183364940921495
"GSE17301_CTRL_VS_48H_ACD3_ACD28_IFNA2_STIM_CD8_TCELL_DN","GSE17301_CTRL_VS_48H_ACD3_ACD28_IFNA2_STIM_CD8_TCELL_DN","33/2154","200/21355",0.00319280404382158,0.00615101999851534,0.00183364940921495
"GSE17301_CTRL_VS_48H_ACD3_ACD28_IFNA2_STIM_CD8_TCELL_UP","GSE17301_CTRL_VS_48H_ACD3_ACD28_IFNA2_STIM_CD8_TCELL_UP","33/2154","200/21355",0.00319280404382158,0.00615101999851534,0.00183364940921495
"GSE17721_0.5H_VS_4H_CPG_BMDC_DN","GSE17721_0.5H_VS_4H_CPG_BMDC_DN","33/2154","200/21355",0.00319280404382158,0.00615101999851534,0.00183364940921495
"GSE17721_LPS_VS_GARDIQUIMOD_0.5H_BMDC_DN","GSE17721_LPS_VS_GARDIQUIMOD_0.5H_BMDC_DN","33/2154","200/21355",0.00319280404382158,0.00615101999851534,0.00183364940921495
"GSE17721_PAM3CSK4_VS_CPG_4H_BMDC_DN","GSE17721_PAM3CSK4_VS_CPG_4H_BMDC_DN","33/2154","200/21355",0.00319280404382158,0.00615101999851534,0.00183364940921495
"GSE17974_0H_VS_72H_IN_VITRO_ACT_CD4_TCELL_DN","GSE17974_0H_VS_72H_IN_VITRO_ACT_CD4_TCELL_DN","33/2154","200/21355",0.00319280404382158,0.00615101999851534,0.00183364940921495
"GSE1925_CTRL_VS_IFNG_PRIMED_MACROPHAGE_24H_IFNG_STIM_UP","GSE1925_CTRL_VS_IFNG_PRIMED_MACROPHAGE_24H_IFNG_STIM_UP","33/2154","200/21355",0.00319280404382158,0.00615101999851534,0.00183364940921495
"GSE19512_NAUTRAL_VS_INDUCED_TREG_DN","GSE19512_NAUTRAL_VS_INDUCED_TREG_DN","33/2154","200/21355",0.00319280404382158,0.00615101999851534,0.00183364940921495
"GSE19825_NAIVE_VS_IL2RAHIGH_DAY3_EFF_CD8_TCELL_DN","GSE19825_NAIVE_VS_IL2RAHIGH_DAY3_EFF_CD8_TCELL_DN","33/2154","200/21355",0.00319280404382158,0.00615101999851534,0.00183364940921495
"GSE19825_NAIVE_VS_IL2RALOW_DAY3_EFF_CD8_TCELL_DN","GSE19825_NAIVE_VS_IL2RALOW_DAY3_EFF_CD8_TCELL_DN","33/2154","200/21355",0.00319280404382158,0.00615101999851534,0.00183364940921495
"GSE20366_CD103_POS_VS_CD103_KLRG1_DP_TREG_DN","GSE20366_CD103_POS_VS_CD103_KLRG1_DP_TREG_DN","33/2154","200/21355",0.00319280404382158,0.00615101999851534,0.00183364940921495
"GSE20366_EX_VIVO_VS_HOMEOSTATIC_CONVERSION_TREG_DN","GSE20366_EX_VIVO_VS_HOMEOSTATIC_CONVERSION_TREG_DN","33/2154","200/21355",0.00319280404382158,0.00615101999851534,0.00183364940921495
"GSE20366_TREG_VS_NAIVE_CD4_TCELL_DEC205_CONVERSION_UP","GSE20366_TREG_VS_NAIVE_CD4_TCELL_DEC205_CONVERSION_UP","33/2154","200/21355",0.00319280404382158,0.00615101999851534,0.00183364940921495
"GSE20366_TREG_VS_NAIVE_CD4_TCELL_UP","GSE20366_TREG_VS_NAIVE_CD4_TCELL_UP","33/2154","200/21355",0.00319280404382158,0.00615101999851534,0.00183364940921495
"GSE20727_CTRL_VS_DNFB_ALLERGEN_TREATED_DC_UP","GSE20727_CTRL_VS_DNFB_ALLERGEN_TREATED_DC_UP","33/2154","200/21355",0.00319280404382158,0.00615101999851534,0.00183364940921495
"GSE21063_CTRL_VS_ANTI_IGM_STIM_BCELL_NFATC1_KO_16H_UP","GSE21063_CTRL_VS_ANTI_IGM_STIM_BCELL_NFATC1_KO_16H_UP","33/2154","200/21355",0.00319280404382158,0.00615101999851534,0.00183364940921495
"GSE21063_WT_VS_NFATC1_KO_3H_ANTI_IGM_STIM_BCELL_DN","GSE21063_WT_VS_NFATC1_KO_3H_ANTI_IGM_STIM_BCELL_DN","33/2154","200/21355",0.00319280404382158,0.00615101999851534,0.00183364940921495
"GSE21360_NAIVE_VS_QUATERNARY_MEMORY_CD8_TCELL_UP","GSE21360_NAIVE_VS_QUATERNARY_MEMORY_CD8_TCELL_UP","33/2154","200/21355",0.00319280404382158,0.00615101999851534,0.00183364940921495
"GSE21774_CD56_BRIGHT_VS_DIM_CD62L_POSITIVE_NK_CELL_DN","GSE21774_CD56_BRIGHT_VS_DIM_CD62L_POSITIVE_NK_CELL_DN","33/2154","200/21355",0.00319280404382158,0.00615101999851534,0.00183364940921495
"GSE22432_CONVENTIONAL_CDC_VS_PLASMACYTOID_PDC_DN","GSE22432_CONVENTIONAL_CDC_VS_PLASMACYTOID_PDC_DN","33/2154","200/21355",0.00319280404382158,0.00615101999851534,0.00183364940921495
"GSE22527_ANTI_CD3_INVIVO_VS_UNTREATED_MOUSE_TREG_DN","GSE22527_ANTI_CD3_INVIVO_VS_UNTREATED_MOUSE_TREG_DN","33/2154","200/21355",0.00319280404382158,0.00615101999851534,0.00183364940921495
"GSE22589_HEALTHY_VS_HIV_AND_SIV_INFECTED_DC_DN","GSE22589_HEALTHY_VS_HIV_AND_SIV_INFECTED_DC_DN","33/2154","200/21355",0.00319280404382158,0.00615101999851534,0.00183364940921495
"GSE22886_NAIVE_BCELL_VS_BLOOD_PLASMA_CELL_UP","GSE22886_NAIVE_BCELL_VS_BLOOD_PLASMA_CELL_UP","33/2154","200/21355",0.00319280404382158,0.00615101999851534,0.00183364940921495
"GSE22886_NAIVE_CD4_TCELL_VS_48H_ACT_TH2_DN","GSE22886_NAIVE_CD4_TCELL_VS_48H_ACT_TH2_DN","33/2154","200/21355",0.00319280404382158,0.00615101999851534,0.00183364940921495
"GSE24142_EARLY_THYMIC_PROGENITOR_VS_DN3_THYMOCYTE_ADULT_DN","GSE24142_EARLY_THYMIC_PROGENITOR_VS_DN3_THYMOCYTE_ADULT_DN","33/2154","200/21355",0.00319280404382158,0.00615101999851534,0.00183364940921495
"GSE24210_RESTING_TREG_VS_TCONV_DN","GSE24210_RESTING_TREG_VS_TCONV_DN","33/2154","200/21355",0.00319280404382158,0.00615101999851534,0.00183364940921495
"GSE24492_LYVE_NEG_VS_POS_MACROPHAGE_DN","GSE24492_LYVE_NEG_VS_POS_MACROPHAGE_DN","33/2154","200/21355",0.00319280404382158,0.00615101999851534,0.00183364940921495
"GSE24634_TEFF_VS_TCONV_DAY7_IN_CULTURE_UP","GSE24634_TEFF_VS_TCONV_DAY7_IN_CULTURE_UP","33/2154","200/21355",0.00319280404382158,0.00615101999851534,0.00183364940921495
"GSE24671_BAKIMULC_VS_SENDAI_VIRUS_INFECTED_MOUSE_SPLENOCYTES_UP","GSE24671_BAKIMULC_VS_SENDAI_VIRUS_INFECTED_MOUSE_SPLENOCYTES_UP","33/2154","200/21355",0.00319280404382158,0.00615101999851534,0.00183364940921495
"GSE26669_CD4_VS_CD8_TCELL_IN_MLR_UP","GSE26669_CD4_VS_CD8_TCELL_IN_MLR_UP","33/2154","200/21355",0.00319280404382158,0.00615101999851534,0.00183364940921495
"GSE2770_IL4_ACT_VS_ACT_CD4_TCELL_2H_DN","GSE2770_IL4_ACT_VS_ACT_CD4_TCELL_2H_DN","33/2154","200/21355",0.00319280404382158,0.00615101999851534,0.00183364940921495
"GSE2770_UNTREATED_VS_IL4_TREATED_ACT_CD4_TCELL_6H_DN","GSE2770_UNTREATED_VS_IL4_TREATED_ACT_CD4_TCELL_6H_DN","33/2154","200/21355",0.00319280404382158,0.00615101999851534,0.00183364940921495
"GSE2770_UNTREATED_VS_IL4_TREATED_ACT_CD4_TCELL_6H_UP","GSE2770_UNTREATED_VS_IL4_TREATED_ACT_CD4_TCELL_6H_UP","33/2154","200/21355",0.00319280404382158,0.00615101999851534,0.00183364940921495
"GSE27786_CD8_TCELL_VS_MONO_MAC_DN","GSE27786_CD8_TCELL_VS_MONO_MAC_DN","33/2154","200/21355",0.00319280404382158,0.00615101999851534,0.00183364940921495
"GSE27786_LIN_NEG_VS_ERYTHROBLAST_UP","GSE27786_LIN_NEG_VS_ERYTHROBLAST_UP","33/2154","200/21355",0.00319280404382158,0.00615101999851534,0.00183364940921495
"GSE27786_LIN_NEG_VS_NKCELL_DN","GSE27786_LIN_NEG_VS_NKCELL_DN","33/2154","200/21355",0.00319280404382158,0.00615101999851534,0.00183364940921495
"GSE29618_PRE_VS_DAY7_POST_TIV_FLU_VACCINE_PDC_DN","GSE29618_PRE_VS_DAY7_POST_TIV_FLU_VACCINE_PDC_DN","33/2154","200/21355",0.00319280404382158,0.00615101999851534,0.00183364940921495
"GSE30083_SP3_VS_SP4_THYMOCYTE_UP","GSE30083_SP3_VS_SP4_THYMOCYTE_UP","33/2154","200/21355",0.00319280404382158,0.00615101999851534,0.00183364940921495
"GSE3039_B2_VS_B1_BCELL_DN","GSE3039_B2_VS_B1_BCELL_DN","33/2154","200/21355",0.00319280404382158,0.00615101999851534,0.00183364940921495
"GSE3039_NKT_CELL_VS_ALPHAALPHA_CD8_TCELL_UP","GSE3039_NKT_CELL_VS_ALPHAALPHA_CD8_TCELL_UP","33/2154","200/21355",0.00319280404382158,0.00615101999851534,0.00183364940921495
"GSE3039_NKT_CELL_VS_B2_BCELL_DN","GSE3039_NKT_CELL_VS_B2_BCELL_DN","33/2154","200/21355",0.00319280404382158,0.00615101999851534,0.00183364940921495
"GSE30962_PRIMARY_VS_SECONDARY_ACUTE_LCMV_INF_CD8_TCELL_DN","GSE30962_PRIMARY_VS_SECONDARY_ACUTE_LCMV_INF_CD8_TCELL_DN","33/2154","200/21355",0.00319280404382158,0.00615101999851534,0.00183364940921495
"GSE3203_HEALTHY_VS_INFLUENZA_INFECTED_LN_BCELL_UP","GSE3203_HEALTHY_VS_INFLUENZA_INFECTED_LN_BCELL_UP","33/2154","200/21355",0.00319280404382158,0.00615101999851534,0.00183364940921495
"GSE32423_IL7_VS_IL7_IL4_NAIVE_CD8_TCELL_DN","GSE32423_IL7_VS_IL7_IL4_NAIVE_CD8_TCELL_DN","33/2154","200/21355",0.00319280404382158,0.00615101999851534,0.00183364940921495
"GSE3337_CTRL_VS_4H_IFNG_IN_CD8POS_DC_DN","GSE3337_CTRL_VS_4H_IFNG_IN_CD8POS_DC_DN","33/2154","200/21355",0.00319280404382158,0.00615101999851534,0.00183364940921495
"GSE360_HIGH_VS_LOW_DOSE_B_MALAYI_MAC_DN","GSE360_HIGH_VS_LOW_DOSE_B_MALAYI_MAC_DN","33/2154","200/21355",0.00319280404382158,0.00615101999851534,0.00183364940921495
"GSE360_L_DONOVANI_VS_M_TUBERCULOSIS_MAC_UP","GSE360_L_DONOVANI_VS_M_TUBERCULOSIS_MAC_UP","33/2154","200/21355",0.00319280404382158,0.00615101999851534,0.00183364940921495
"GSE36078_UNTREATED_VS_AD5_INF_IL1R_KO_MOUSE_LUNG_DC_DN","GSE36078_UNTREATED_VS_AD5_INF_IL1R_KO_MOUSE_LUNG_DC_DN","33/2154","200/21355",0.00319280404382158,0.00615101999851534,0.00183364940921495
"GSE36392_MAC_VS_NEUTROPHIL_IL25_TREATED_LUNG_UP","GSE36392_MAC_VS_NEUTROPHIL_IL25_TREATED_LUNG_UP","33/2154","200/21355",0.00319280404382158,0.00615101999851534,0.00183364940921495
"GSE369_PRE_VS_POST_IL6_INJECTION_IFNG_KO_LIVER_DN","GSE369_PRE_VS_POST_IL6_INJECTION_IFNG_KO_LIVER_DN","33/2154","200/21355",0.00319280404382158,0.00615101999851534,0.00183364940921495
"GSE37301_LYMPHOID_PRIMED_MPP_VS_COMMON_LYMPHOID_PROGENITOR_UP","GSE37301_LYMPHOID_PRIMED_MPP_VS_COMMON_LYMPHOID_PROGENITOR_UP","33/2154","200/21355",0.00319280404382158,0.00615101999851534,0.00183364940921495
"GSE39152_SPLEEN_CD103_NEG_VS_BRAIN_CD103_POS_MEMORY_CD8_TCELL_DN","GSE39152_SPLEEN_CD103_NEG_VS_BRAIN_CD103_POS_MEMORY_CD8_TCELL_DN","33/2154","200/21355",0.00319280404382158,0.00615101999851534,0.00183364940921495
"GSE3982_CTRL_VS_LPS_48H_DC_UP","GSE3982_CTRL_VS_LPS_48H_DC_UP","33/2154","200/21355",0.00319280404382158,0.00615101999851534,0.00183364940921495
"GSE39864_WT_VS_GATA3_KO_TREG_UP","GSE39864_WT_VS_GATA3_KO_TREG_UP","33/2154","200/21355",0.00319280404382158,0.00615101999851534,0.00183364940921495
"GSE40068_CXCR5NEG_BCL6NEG_CD4_TCELL_VS_CXCR5POS_BCL6NEG_TFH_UP","GSE40068_CXCR5NEG_BCL6NEG_CD4_TCELL_VS_CXCR5POS_BCL6NEG_TFH_UP","33/2154","200/21355",0.00319280404382158,0.00615101999851534,0.00183364940921495
"GSE40666_NAIVE_VS_EFFECTOR_CD8_TCELL_WITH_IFNA_STIM_90MIN_UP","GSE40666_NAIVE_VS_EFFECTOR_CD8_TCELL_WITH_IFNA_STIM_90MIN_UP","33/2154","200/21355",0.00319280404382158,0.00615101999851534,0.00183364940921495
"GSE40685_NAIVE_CD4_TCELL_VS_TREG_DN","GSE40685_NAIVE_CD4_TCELL_VS_TREG_DN","33/2154","200/21355",0.00319280404382158,0.00615101999851534,0.00183364940921495
"GSE4142_NAIVE_BCELL_VS_PLASMA_CELL_DN","GSE4142_NAIVE_BCELL_VS_PLASMA_CELL_DN","33/2154","200/21355",0.00319280404382158,0.00615101999851534,0.00183364940921495
"GSE41867_DAY15_EFFECTOR_VS_DAY30_EXHAUSTED_CD8_TCELL_LCMV_CLONE13_DN","GSE41867_DAY15_EFFECTOR_VS_DAY30_EXHAUSTED_CD8_TCELL_LCMV_CLONE13_DN","33/2154","200/21355",0.00319280404382158,0.00615101999851534,0.00183364940921495
"GSE41867_DAY6_VS_DAY8_LCMV_CLONE13_EFFECTOR_CD8_TCELL_UP","GSE41867_DAY6_VS_DAY8_LCMV_CLONE13_EFFECTOR_CD8_TCELL_UP","33/2154","200/21355",0.00319280404382158,0.00615101999851534,0.00183364940921495
"GSE41867_DAY8_EFFECTOR_VS_DAY30_MEMORY_CD8_TCELL_LCMV_ARMSTRONG_DN","GSE41867_DAY8_EFFECTOR_VS_DAY30_MEMORY_CD8_TCELL_LCMV_ARMSTRONG_DN","33/2154","200/21355",0.00319280404382158,0.00615101999851534,0.00183364940921495
"GSE42021_CD24HI_TREG_VS_CD24HI_TCONV_THYMUS_DN","GSE42021_CD24HI_TREG_VS_CD24HI_TCONV_THYMUS_DN","33/2154","200/21355",0.00319280404382158,0.00615101999851534,0.00183364940921495
"GSE43863_NAIVE_VS_MEMORY_TFH_CD4_TCELL_D150_LCMV_DN","GSE43863_NAIVE_VS_MEMORY_TFH_CD4_TCELL_D150_LCMV_DN","33/2154","200/21355",0.00319280404382158,0.00615101999851534,0.00183364940921495
"GSE43863_TFH_VS_LY6C_INT_CXCR5POS_EFFECTOR_CD4_TCELL_UP","GSE43863_TFH_VS_LY6C_INT_CXCR5POS_EFFECTOR_CD4_TCELL_UP","33/2154","200/21355",0.00319280404382158,0.00615101999851534,0.00183364940921495
"GSE43863_TH1_VS_LY6C_LOW_CXCR5NEG_EFFECTOR_CD4_TCELL_UP","GSE43863_TH1_VS_LY6C_LOW_CXCR5NEG_EFFECTOR_CD4_TCELL_UP","33/2154","200/21355",0.00319280404382158,0.00615101999851534,0.00183364940921495
"GSE43955_TH0_VS_TGFB_IL6_TH17_ACT_CD4_TCELL_30H_DN","GSE43955_TH0_VS_TGFB_IL6_TH17_ACT_CD4_TCELL_30H_DN","33/2154","200/21355",0.00319280404382158,0.00615101999851534,0.00183364940921495
"GSE44649_NAIVE_VS_ACTIVATED_CD8_TCELL_MIR155_KO_UP","GSE44649_NAIVE_VS_ACTIVATED_CD8_TCELL_MIR155_KO_UP","33/2154","200/21355",0.00319280404382158,0.00615101999851534,0.00183364940921495
"GSE45739_UNSTIM_VS_ACD3_ACD28_STIM_NRAS_KO_CD4_TCELL_UP","GSE45739_UNSTIM_VS_ACD3_ACD28_STIM_NRAS_KO_CD4_TCELL_UP","33/2154","200/21355",0.00319280404382158,0.00615101999851534,0.00183364940921495
"GSE46143_CTRL_VS_LMP2A_TRANSDUCED_CD10_POS_GC_BCELL_DN","GSE46143_CTRL_VS_LMP2A_TRANSDUCED_CD10_POS_GC_BCELL_DN","33/2154","200/21355",0.00319280404382158,0.00615101999851534,0.00183364940921495
"GSE46606_UNSTIM_VS_CD40L_IL2_IL5_DAY1_STIMULATED_BCELL_DN","GSE46606_UNSTIM_VS_CD40L_IL2_IL5_DAY1_STIMULATED_BCELL_DN","33/2154","200/21355",0.00319280404382158,0.00615101999851534,0.00183364940921495
"GSE5503_LIVER_DC_VS_MLN_DC_ACTIVATED_ALLOGENIC_TCELL_DN","GSE5503_LIVER_DC_VS_MLN_DC_ACTIVATED_ALLOGENIC_TCELL_DN","33/2154","200/21355",0.00319280404382158,0.00615101999851534,0.00183364940921495
"GSE5503_LIVER_DC_VS_MLN_DC_ACTIVATED_ALLOGENIC_TCELL_UP","GSE5503_LIVER_DC_VS_MLN_DC_ACTIVATED_ALLOGENIC_TCELL_UP","33/2154","200/21355",0.00319280404382158,0.00615101999851534,0.00183364940921495
"GSE5503_LIVER_DC_VS_SPLEEN_DC_ACTIVATED_ALLOGENIC_TCELL_UP","GSE5503_LIVER_DC_VS_SPLEEN_DC_ACTIVATED_ALLOGENIC_TCELL_UP","33/2154","200/21355",0.00319280404382158,0.00615101999851534,0.00183364940921495
"GSE5503_MLN_DC_VS_PLN_DC_ACTIVATED_ALLOGENIC_TCELL_DN","GSE5503_MLN_DC_VS_PLN_DC_ACTIVATED_ALLOGENIC_TCELL_DN","33/2154","200/21355",0.00319280404382158,0.00615101999851534,0.00183364940921495
"GSE557_WT_VS_CIITA_KO_DC_UP","GSE557_WT_VS_CIITA_KO_DC_UP","33/2154","200/21355",0.00319280404382158,0.00615101999851534,0.00183364940921495
"GSE5589_IL6_KO_VS_IL10_KO_LPS_STIM_MACROPHAGE_180MIN_DN","GSE5589_IL6_KO_VS_IL10_KO_LPS_STIM_MACROPHAGE_180MIN_DN","33/2154","200/21355",0.00319280404382158,0.00615101999851534,0.00183364940921495
"GSE5589_LPS_VS_LPS_AND_IL10_STIM_IL6_KO_MACROPHAGE_45MIN_DN","GSE5589_LPS_VS_LPS_AND_IL10_STIM_IL6_KO_MACROPHAGE_45MIN_DN","33/2154","200/21355",0.00319280404382158,0.00615101999851534,0.00183364940921495
"GSE5589_WT_VS_IL10_KO_LPS_AND_IL10_STIM_MACROPHAGE_45MIN_DN","GSE5589_WT_VS_IL10_KO_LPS_AND_IL10_STIM_MACROPHAGE_45MIN_DN","33/2154","200/21355",0.00319280404382158,0.00615101999851534,0.00183364940921495
"GSE5589_WT_VS_IL6_KO_LPS_AND_IL10_STIM_MACROPHAGE_45MIN_UP","GSE5589_WT_VS_IL6_KO_LPS_AND_IL10_STIM_MACROPHAGE_45MIN_UP","33/2154","200/21355",0.00319280404382158,0.00615101999851534,0.00183364940921495
"GSE5679_PPARG_LIGAND_ROSIGLITAZONE_VS_ROSIGLITAZONE_AND_RARA_AGONIST_AM580_TREATED_DC_UP","GSE5679_PPARG_LIGAND_ROSIGLITAZONE_VS_ROSIGLITAZONE_AND_RARA_AGONIST_AM580_TREATED_DC_UP","33/2154","200/21355",0.00319280404382158,0.00615101999851534,0.00183364940921495
"GSE7460_TCONV_VS_TREG_LN_UP","GSE7460_TCONV_VS_TREG_LN_UP","33/2154","200/21355",0.00319280404382158,0.00615101999851534,0.00183364940921495
"GSE7764_IL15_NK_CELL_24H_VS_SPLENOCYTE_UP","GSE7764_IL15_NK_CELL_24H_VS_SPLENOCYTE_UP","33/2154","200/21355",0.00319280404382158,0.00615101999851534,0.00183364940921495
"GSE7764_IL15_TREATED_VS_CTRL_NK_CELL_24H_UP","GSE7764_IL15_TREATED_VS_CTRL_NK_CELL_24H_UP","33/2154","200/21355",0.00319280404382158,0.00615101999851534,0.00183364940921495
"GSE8515_IL1_VS_IL6_4H_STIM_MAC_UP","GSE8515_IL1_VS_IL6_4H_STIM_MAC_UP","33/2154","200/21355",0.00319280404382158,0.00615101999851534,0.00183364940921495
"GSE8835_CD4_VS_CD8_TCELL_UP","GSE8835_CD4_VS_CD8_TCELL_UP","33/2154","200/21355",0.00319280404382158,0.00615101999851534,0.00183364940921495
"GSE8921_3H_VS_24H_TLR1_2_STIM_MONOCYTE_DN","GSE8921_3H_VS_24H_TLR1_2_STIM_MONOCYTE_DN","33/2154","200/21355",0.00319280404382158,0.00615101999851534,0.00183364940921495
"GSE8921_UNSTIM_VS_TLR1_2_STIM_MONOCYTE_6H_UP","GSE8921_UNSTIM_VS_TLR1_2_STIM_MONOCYTE_6H_UP","33/2154","200/21355",0.00319280404382158,0.00615101999851534,0.00183364940921495
"GSE9037_WT_VS_IRAK4_KO_BMDM_DN","GSE9037_WT_VS_IRAK4_KO_BMDM_DN","33/2154","200/21355",0.00319280404382158,0.00615101999851534,0.00183364940921495
"GSE9601_NFKB_INHIBITOR_VS_PI3K_INHIBITOR_TREATED_HCMV_INF_MONOCYTE_UP","GSE9601_NFKB_INHIBITOR_VS_PI3K_INHIBITOR_TREATED_HCMV_INF_MONOCYTE_UP","33/2154","200/21355",0.00319280404382158,0.00615101999851534,0.00183364940921495
"GSE17974_IL4_AND_ANTI_IL12_VS_UNTREATED_4H_ACT_CD4_TCELL_UP","GSE17974_IL4_AND_ANTI_IL12_VS_UNTREATED_4H_ACT_CD4_TCELL_UP","32/2154","193/21355",0.00338124813152043,0.00650785034204011,0.00194002229513502
"GSE23114_PERITONEAL_CAVITY_B1A_BCELL_VS_SPLEEN_BCELL_IN_SLE2C1_MOUSE_DN","GSE23114_PERITONEAL_CAVITY_B1A_BCELL_VS_SPLEEN_BCELL_IN_SLE2C1_MOUSE_DN","32/2154","193/21355",0.00338124813152043,0.00650785034204011,0.00194002229513502
"GSE32255_WT_VS_JMJD2D_KNOCKDOWN_4H_LPS_STIM_DC_UP","GSE32255_WT_VS_JMJD2D_KNOCKDOWN_4H_LPS_STIM_DC_UP","27/2154","155/21355",0.00338184204161952,0.00650785034204011,0.00194002229513502
"QI_PBMC_ZOSTAVAX_AGE_50_75YO_CORRELATED_WITH_T_CELL_RESPONSES_EXPANSION_AND_CONTRACTION_1D_NOT_INFORMATIVE_OF_LONG_TERM_RESPONSES_POSITIVE","QI_PBMC_ZOSTAVAX_AGE_50_75YO_CORRELATED_WITH_T_CELL_RESPONSES_EXPANSION_AND_CONTRACTION_1D_NOT_INFORMATIVE_OF_LONG_TERM_RESPONSES_POSITIVE","6/2154","16/21355",0.00343021714144846,0.00659845757871557,0.00196703275942235
"GSE15624_CTRL_VS_6H_HALOFUGINONE_TREATED_CD4_TCELL_DN","GSE15624_CTRL_VS_6H_HALOFUGINONE_TREATED_CD4_TCELL_DN","28/2154","163/21355",0.00353097333893001,0.00678972045203052,0.00202404916560268
"GSE13547_CTRL_VS_ANTI_IGM_STIM_ZFX_KO_BCELL_2H_DN","GSE13547_CTRL_VS_ANTI_IGM_STIM_ZFX_KO_BCELL_2H_DN","29/2154","171/21355",0.00366399858545331,0.00703537613619764,0.00209728033705913
"GSE1740_UNSTIM_VS_IFNA_STIMULATED_MCSF_IFNG_DERIVED_MACROPHAGE_UP","GSE1740_UNSTIM_VS_IFNA_STIMULATED_MCSF_IFNG_DERIVED_MACROPHAGE_UP","32/2154","194/21355",0.00366698169430212,0.00703537613619764,0.00209728033705913
"GSE21927_SPLEEN_VS_TUMOR_MONOCYTE_BALBC_DN","GSE21927_SPLEEN_VS_TUMOR_MONOCYTE_BALBC_DN","32/2154","194/21355",0.00366698169430212,0.00703537613619764,0.00209728033705913
"GSE22886_NAIVE_CD8_TCELL_VS_MEMORY_TCELL_UP","GSE22886_NAIVE_CD8_TCELL_VS_MEMORY_TCELL_UP","32/2154","194/21355",0.00366698169430212,0.00703537613619764,0.00209728033705913
"GSE23114_WT_VS_SLE2C1_MOUSE_PERITONEAL_CAVITY_B1A_BCELL_UP","GSE23114_WT_VS_SLE2C1_MOUSE_PERITONEAL_CAVITY_B1A_BCELL_UP","32/2154","194/21355",0.00366698169430212,0.00703537613619764,0.00209728033705913
"GSE26928_NAIVE_VS_CXCR5_POS_CD4_TCELL_DN","GSE26928_NAIVE_VS_CXCR5_POS_CD4_TCELL_DN","32/2154","194/21355",0.00366698169430212,0.00703537613619764,0.00209728033705913
"GSE3565_DUSP1_VS_WT_SPLENOCYTES_POST_LPS_INJECTION_UP","GSE3565_DUSP1_VS_WT_SPLENOCYTES_POST_LPS_INJECTION_UP","28/2154","164/21355",0.0038579224778727,0.00739338741730251,0.0022040052662983
"GSE37534_GW1929_VS_ROSIGLITAZONE_TREATED_CD4_TCELL_PPARG1_FOXP3_TRANSDUCED_DN","GSE37534_GW1929_VS_ROSIGLITAZONE_TREATED_CD4_TCELL_PPARG1_FOXP3_TRANSDUCED_DN","28/2154","164/21355",0.0038579224778727,0.00739338741730251,0.0022040052662983
"GSE7768_OVA_ALONE_VS_OVA_WITH_MPL_IMMUNIZED_MOUSE_WHOLE_SPLEEN_6H_DN","GSE7768_OVA_ALONE_VS_OVA_WITH_MPL_IMMUNIZED_MOUSE_WHOLE_SPLEEN_6H_DN","28/2154","164/21355",0.0038579224778727,0.00739338741730251,0.0022040052662983
"GSE14000_TRANSLATED_RNA_VS_MRNA_DC_DN","GSE14000_TRANSLATED_RNA_VS_MRNA_DC_DN","32/2154","195/21355",0.00397295485204986,0.00759391333029195,0.00226378303030721
"GSE18791_CTRL_VS_NEWCASTLE_VIRUS_DC_16H_DN","GSE18791_CTRL_VS_NEWCASTLE_VIRUS_DC_16H_DN","32/2154","195/21355",0.00397295485204986,0.00759391333029195,0.00226378303030721
"GSE25087_TREG_VS_TCONV_ADULT_DN","GSE25087_TREG_VS_TCONV_ADULT_DN","32/2154","195/21355",0.00397295485204986,0.00759391333029195,0.00226378303030721
"GSE25846_IL10_POS_VS_NEG_CD8_TCELL_DAY7_POST_CORONAVIRUS_BRAIN_DN","GSE25846_IL10_POS_VS_NEG_CD8_TCELL_DAY7_POST_CORONAVIRUS_BRAIN_DN","32/2154","195/21355",0.00397295485204986,0.00759391333029195,0.00226378303030721
"GSE2770_TGFB_AND_IL4_VS_TGFB_AND_IL12_TREATED_ACT_CD4_TCELL_2H_DN","GSE2770_TGFB_AND_IL4_VS_TGFB_AND_IL12_TREATED_ACT_CD4_TCELL_2H_DN","32/2154","195/21355",0.00397295485204986,0.00759391333029195,0.00226378303030721
"GSE3982_MAC_VS_NEUTROPHIL_LPS_STIM_DN","GSE3982_MAC_VS_NEUTROPHIL_LPS_STIM_DN","32/2154","195/21355",0.00397295485204986,0.00759391333029195,0.00226378303030721
"GSE46025_WT_VS_FOXO1_KO_KLRG1_LOW_CD8_EFFECTOR_TCELL_UP","GSE46025_WT_VS_FOXO1_KO_KLRG1_LOW_CD8_EFFECTOR_TCELL_UP","32/2154","195/21355",0.00397295485204986,0.00759391333029195,0.00226378303030721
"GSE4590_PRE_BCELL_VS_VPREB_POS_LARGE_PRE_BCELL_UP","GSE4590_PRE_BCELL_VS_VPREB_POS_LARGE_PRE_BCELL_UP","27/2154","157/21355",0.00405574991726539,0.00774927104894541,0.00231009593273554
"GSE1791_CTRL_VS_NEUROMEDINU_IN_T_CELL_LINE_3H_UP","GSE1791_CTRL_VS_NEUROMEDINU_IN_T_CELL_LINE_3H_UP","31/2154","188/21355",0.00421288650053573,0.00804349838582493,0.00239780655350644
"GSE7568_IL4_VS_IL4_AND_TGFB_TREATED_MACROPHAGE_24H_DN","GSE7568_IL4_VS_IL4_AND_TGFB_TREATED_MACROPHAGE_24H_DN","31/2154","188/21355",0.00421288650053573,0.00804349838582493,0.00239780655350644
"GSE18281_CORTEX_VS_MEDULLA_THYMUS_DN","GSE18281_CORTEX_VS_MEDULLA_THYMUS_DN","32/2154","196/21355",0.0043002802850327,0.00819505519842422,0.00244298638708725
"GSE18281_MEDULLARY_THYMOCYTE_VS_WHOLE_MEDULLA_THYMUS_UP","GSE18281_MEDULLARY_THYMOCYTE_VS_WHOLE_MEDULLA_THYMUS_UP","32/2154","196/21355",0.0043002802850327,0.00819505519842422,0.00244298638708725
"GSE23321_CD8_STEM_CELL_MEMORY_VS_NAIVE_CD8_TCELL_DN","GSE23321_CD8_STEM_CELL_MEMORY_VS_NAIVE_CD8_TCELL_DN","32/2154","196/21355",0.0043002802850327,0.00819505519842422,0.00244298638708725
"GSE27241_CTRL_VS_DIGOXIN_TREATED_RORGT_KO_CD4_TCELL_IN_TH17_POLARIZING_CONDITIONS_UP","GSE27241_CTRL_VS_DIGOXIN_TREATED_RORGT_KO_CD4_TCELL_IN_TH17_POLARIZING_CONDITIONS_UP","32/2154","196/21355",0.0043002802850327,0.00819505519842422,0.00244298638708725
"GSE45365_CD8A_DC_VS_CD11B_DC_IFNAR_KO_DN","GSE45365_CD8A_DC_VS_CD11B_DC_IFNAR_KO_DN","32/2154","196/21355",0.0043002802850327,0.00819505519842422,0.00244298638708725
"GSE21033_3H_VS_12H_POLYIC_STIM_DC_UP","GSE21033_3H_VS_12H_POLYIC_STIM_DC_UP","28/2154","166/21355",0.00458881201373739,0.00874165269233952,0.00260592979680435
"GSE11864_CSF1_VS_CSF1_IFNG_PAM3CYS_IN_MAC_DN","GSE11864_CSF1_VS_CSF1_IFNG_PAM3CYS_IN_MAC_DN","32/2154","197/21355",0.00465010883466286,0.00882226585218226,0.00262996097747947
"GSE17974_1H_VS_72H_UNTREATED_IN_VITRO_CD4_TCELL_UP","GSE17974_1H_VS_72H_UNTREATED_IN_VITRO_CD4_TCELL_UP","32/2154","197/21355",0.00465010883466286,0.00882226585218226,0.00262996097747947
"GSE21670_STAT3_KO_VS_WT_CD4_TCELL_UP","GSE21670_STAT3_KO_VS_WT_CD4_TCELL_UP","32/2154","197/21355",0.00465010883466286,0.00882226585218226,0.00262996097747947
"GSE21670_UNTREATED_VS_IL6_TREATED_STAT3_KO_CD4_TCELL_DN","GSE21670_UNTREATED_VS_IL6_TREATED_STAT3_KO_CD4_TCELL_DN","32/2154","197/21355",0.00465010883466286,0.00882226585218226,0.00262996097747947
"GSE22611_NOD2_VS_CTRL_TRANSDUCED_HEK293T_CELL_UP","GSE22611_NOD2_VS_CTRL_TRANSDUCED_HEK293T_CELL_UP","32/2154","197/21355",0.00465010883466286,0.00882226585218226,0.00262996097747947
"GSE23321_EFFECTOR_MEMORY_VS_NAIVE_CD8_TCELL_DN","GSE23321_EFFECTOR_MEMORY_VS_NAIVE_CD8_TCELL_DN","32/2154","197/21355",0.00465010883466286,0.00882226585218226,0.00262996097747947
"GSE26290_WT_VS_PDK1_KO_ANTI_CD3_AND_IL2_STIM_CD8_TCELL_DN","GSE26290_WT_VS_PDK1_KO_ANTI_CD3_AND_IL2_STIM_CD8_TCELL_DN","32/2154","197/21355",0.00465010883466286,0.00882226585218226,0.00262996097747947
"GSE360_HIGH_VS_LOW_DOSE_B_MALAYI_DC_UP","GSE360_HIGH_VS_LOW_DOSE_B_MALAYI_DC_UP","32/2154","197/21355",0.00465010883466286,0.00882226585218226,0.00262996097747947
"GSE3982_DC_VS_NKCELL_DN","GSE3982_DC_VS_NKCELL_DN","32/2154","197/21355",0.00465010883466286,0.00882226585218226,0.00262996097747947
"GSE45365_HEALTHY_VS_MCMV_INFECTION_CD8A_DC_IFNAR_KO_UP","GSE45365_HEALTHY_VS_MCMV_INFECTION_CD8A_DC_IFNAR_KO_UP","32/2154","197/21355",0.00465010883466286,0.00882226585218226,0.00262996097747947
"GSE9988_LPS_VS_CTRL_TREATED_MONOCYTE_UP","GSE9988_LPS_VS_CTRL_TREATED_MONOCYTE_UP","32/2154","197/21355",0.00465010883466286,0.00882226585218226,0.00262996097747947
"GSE14415_INDUCED_TREG_VS_FOXP3_KO_INDUCED_TREG_IL2_CULTURE_UP","GSE14415_INDUCED_TREG_VS_FOXP3_KO_INDUCED_TREG_IL2_CULTURE_UP","29/2154","174/21355",0.00472468181734883,0.00896042215582513,0.00267114605322548
"GSE11386_NAIVE_VS_MEMORY_BCELL_DN","GSE11386_NAIVE_VS_MEMORY_BCELL_DN","27/2154","159/21355",0.00483917503744835,0.00917415719928566,0.00273486152419851
"GSE14415_INDUCED_TREG_VS_FOXP3_KO_INDUCED_TREG_IL2_CULTURE_DN","GSE14415_INDUCED_TREG_VS_FOXP3_KO_INDUCED_TREG_IL2_CULTURE_DN","25/2154","144/21355",0.00488961847239229,0.00926635257573824,0.0027623454207889
"GSE6566_STRONG_VS_WEAK_DC_STIMULATED_CD4_TCELL_DN","GSE6566_STRONG_VS_WEAK_DC_STIMULATED_CD4_TCELL_DN","31/2154","190/21355",0.00494093969842935,0.00936014252614645,0.00279030466774271
"GSE27241_WT_VS_RORGT_KO_TH17_POLARIZED_CD4_TCELL_DN","GSE27241_WT_VS_RORGT_KO_TH17_POLARIZED_CD4_TCELL_DN","28/2154","167/21355",0.00499577118674401,0.00946051039919338,0.00282022482588902
"GSE12845_IGD_NEG_BLOOD_VS_PRE_GC_TONSIL_BCELL_DN","GSE12845_IGD_NEG_BLOOD_VS_PRE_GC_TONSIL_BCELL_DN","32/2154","198/21355",0.00502362935933825,0.00947816122298763,0.00282548662354701
"GSE13411_NAIVE_VS_MEMORY_BCELL_DN","GSE13411_NAIVE_VS_MEMORY_BCELL_DN","32/2154","198/21355",0.00502362935933825,0.00947816122298763,0.00282548662354701
"GSE17721_LPS_VS_CPG_0.5H_BMDC_UP","GSE17721_LPS_VS_CPG_0.5H_BMDC_UP","32/2154","198/21355",0.00502362935933825,0.00947816122298763,0.00282548662354701
"GSE22025_PROGESTERONE_VS_TGFB1_AND_PROGESTERONE_TREATED_CD4_TCELL_DN","GSE22025_PROGESTERONE_VS_TGFB1_AND_PROGESTERONE_TREATED_CD4_TCELL_DN","32/2154","198/21355",0.00502362935933825,0.00947816122298763,0.00282548662354701
"GSE22886_CD8_TCELL_VS_BCELL_NAIVE_DN","GSE22886_CD8_TCELL_VS_BCELL_NAIVE_DN","32/2154","198/21355",0.00502362935933825,0.00947816122298763,0.00282548662354701
"GSE22919_RESTING_VS_IL2_IL12_IL15_STIM_NK_CELL_UP","GSE22919_RESTING_VS_IL2_IL12_IL15_STIM_NK_CELL_UP","32/2154","198/21355",0.00502362935933825,0.00947816122298763,0.00282548662354701
"GSE24634_NAIVE_CD4_TCELL_VS_DAY10_IL4_CONV_TREG_UP","GSE24634_NAIVE_CD4_TCELL_VS_DAY10_IL4_CONV_TREG_UP","32/2154","198/21355",0.00502362935933825,0.00947816122298763,0.00282548662354701
"GSE2770_TGFB_AND_IL4_ACT_VS_ACT_CD4_TCELL_6H_UP","GSE2770_TGFB_AND_IL4_ACT_VS_ACT_CD4_TCELL_6H_UP","32/2154","198/21355",0.00502362935933825,0.00947816122298763,0.00282548662354701
"GSE360_CTRL_VS_T_GONDII_MAC_DN","GSE360_CTRL_VS_T_GONDII_MAC_DN","32/2154","198/21355",0.00502362935933825,0.00947816122298763,0.00282548662354701
"GSE3982_BCELL_VS_TH1_DN","GSE3982_BCELL_VS_TH1_DN","32/2154","198/21355",0.00502362935933825,0.00947816122298763,0.00282548662354701
"GSE6259_33D1_POS_VS_DEC205_POS_FLT3L_INDUCED_SPLENIC_DC_UP","GSE6259_33D1_POS_VS_DEC205_POS_FLT3L_INDUCED_SPLENIC_DC_UP","29/2154","175/21355",0.00513106666520847,0.00967729393552597,0.00288484906762774
"GSE14415_ACT_VS_CTRL_NATURAL_TREG_UP","GSE14415_ACT_VS_CTRL_NATURAL_TREG_UP","30/2154","183/21355",0.00524634517198361,0.00989106300307973,0.00294857468135083
"HOFT_CD4_POSITIVE_ALPHA_BETA_MEMORY_T_CELL_BCG_VACCINE_AGE_18_45YO_7DY_UP","HOFT_CD4_POSITIVE_ALPHA_BETA_MEMORY_T_CELL_BCG_VACCINE_AGE_18_45YO_7DY_UP","10/2154","40/21355",0.00533739733717587,0.0100590168024254,0.00299864253757955
"GSE10239_KLRG1INT_VS_KLRG1HIGH_EFF_CD8_TCELL_DN","GSE10239_KLRG1INT_VS_KLRG1HIGH_EFF_CD8_TCELL_DN","32/2154","199/21355",0.0054220684912078,0.0100921136496343,0.00300850887102443
"GSE10240_IL17_VS_IL17_AND_IL22_STIM_PRIMARY_BRONCHIAL_EPITHELIAL_CELLS_UP","GSE10240_IL17_VS_IL17_AND_IL22_STIM_PRIMARY_BRONCHIAL_EPITHELIAL_CELLS_UP","32/2154","199/21355",0.0054220684912078,0.0100921136496343,0.00300850887102443
"GSE11924_TFH_VS_TH1_CD4_TCELL_UP","GSE11924_TFH_VS_TH1_CD4_TCELL_UP","32/2154","199/21355",0.0054220684912078,0.0100921136496343,0.00300850887102443
"GSE13493_DP_VS_CD8POS_THYMOCYTE_UP","GSE13493_DP_VS_CD8POS_THYMOCYTE_UP","32/2154","199/21355",0.0054220684912078,0.0100921136496343,0.00300850887102443
"GSE14350_IL2RB_KO_VS_WT_TREG_UP","GSE14350_IL2RB_KO_VS_WT_TREG_UP","32/2154","199/21355",0.0054220684912078,0.0100921136496343,0.00300850887102443
"GSE17721_0.5H_VS_8H_LPS_BMDC_DN","GSE17721_0.5H_VS_8H_LPS_BMDC_DN","32/2154","199/21355",0.0054220684912078,0.0100921136496343,0.00300850887102443
"GSE17721_CTRL_VS_PAM3CSK4_12H_BMDC_DN","GSE17721_CTRL_VS_PAM3CSK4_12H_BMDC_DN","32/2154","199/21355",0.0054220684912078,0.0100921136496343,0.00300850887102443
"GSE17721_LPS_VS_PAM3CSK4_12H_BMDC_DN","GSE17721_LPS_VS_PAM3CSK4_12H_BMDC_DN","32/2154","199/21355",0.0054220684912078,0.0100921136496343,0.00300850887102443
"GSE17721_PAM3CSK4_VS_CPG_1H_BMDC_DN","GSE17721_PAM3CSK4_VS_CPG_1H_BMDC_DN","32/2154","199/21355",0.0054220684912078,0.0100921136496343,0.00300850887102443
"GSE17721_POLYIC_VS_GARDIQUIMOD_6H_BMDC_DN","GSE17721_POLYIC_VS_GARDIQUIMOD_6H_BMDC_DN","32/2154","199/21355",0.0054220684912078,0.0100921136496343,0.00300850887102443
"GSE21033_CTRL_VS_POLYIC_STIM_DC_6H_UP","GSE21033_CTRL_VS_POLYIC_STIM_DC_6H_UP","32/2154","199/21355",0.0054220684912078,0.0100921136496343,0.00300850887102443
"GSE21063_CTRL_VS_ANTI_IGM_STIM_BCELL_16H_UP","GSE21063_CTRL_VS_ANTI_IGM_STIM_BCELL_16H_UP","32/2154","199/21355",0.0054220684912078,0.0100921136496343,0.00300850887102443
"GSE21063_CTRL_VS_ANTI_IGM_STIM_BCELL_NFATC1_KO_16H_DN","GSE21063_CTRL_VS_ANTI_IGM_STIM_BCELL_NFATC1_KO_16H_DN","32/2154","199/21355",0.0054220684912078,0.0100921136496343,0.00300850887102443
"GSE21379_WT_VS_SAP_KO_CD4_TCELL_DN","GSE21379_WT_VS_SAP_KO_CD4_TCELL_DN","32/2154","199/21355",0.0054220684912078,0.0100921136496343,0.00300850887102443
"GSE22886_NAIVE_CD4_TCELL_VS_12H_ACT_TH1_UP","GSE22886_NAIVE_CD4_TCELL_VS_12H_ACT_TH1_UP","32/2154","199/21355",0.0054220684912078,0.0100921136496343,0.00300850887102443
"GSE23321_CD8_STEM_CELL_MEMORY_VS_EFFECTOR_MEMORY_CD8_TCELL_UP","GSE23321_CD8_STEM_CELL_MEMORY_VS_EFFECTOR_MEMORY_CD8_TCELL_UP","32/2154","199/21355",0.0054220684912078,0.0100921136496343,0.00300850887102443
"GSE2405_HEAT_KILLED_VS_LIVE_A_PHAGOCYTOPHILUM_STIM_NEUTROPHIL_9H_UP","GSE2405_HEAT_KILLED_VS_LIVE_A_PHAGOCYTOPHILUM_STIM_NEUTROPHIL_9H_UP","32/2154","199/21355",0.0054220684912078,0.0100921136496343,0.00300850887102443
"GSE24142_DN2_VS_DN3_THYMOCYTE_FETAL_DN","GSE24142_DN2_VS_DN3_THYMOCYTE_FETAL_DN","32/2154","199/21355",0.0054220684912078,0.0100921136496343,0.00300850887102443
"GSE26351_UNSTIM_VS_BMP_PATHWAY_STIM_HEMATOPOIETIC_PROGENITORS_DN","GSE26351_UNSTIM_VS_BMP_PATHWAY_STIM_HEMATOPOIETIC_PROGENITORS_DN","32/2154","199/21355",0.0054220684912078,0.0100921136496343,0.00300850887102443
"GSE2770_TGFB_AND_IL4_VS_IL12_TREATED_ACT_CD4_TCELL_6H_DN","GSE2770_TGFB_AND_IL4_VS_IL12_TREATED_ACT_CD4_TCELL_6H_DN","32/2154","199/21355",0.0054220684912078,0.0100921136496343,0.00300850887102443
"GSE27786_BCELL_VS_CD8_TCELL_DN","GSE27786_BCELL_VS_CD8_TCELL_DN","32/2154","199/21355",0.0054220684912078,0.0100921136496343,0.00300850887102443
"GSE29949_CD8_POS_DC_SPLEEN_VS_MONOCYTE_BONE_MARROW_DN","GSE29949_CD8_POS_DC_SPLEEN_VS_MONOCYTE_BONE_MARROW_DN","32/2154","199/21355",0.0054220684912078,0.0100921136496343,0.00300850887102443
"GSE32533_WT_VS_MIR17_OVEREXPRESS_ACT_CD4_TCELL_UP","GSE32533_WT_VS_MIR17_OVEREXPRESS_ACT_CD4_TCELL_UP","32/2154","199/21355",0.0054220684912078,0.0100921136496343,0.00300850887102443
"GSE360_CTRL_VS_T_GONDII_DC_UP","GSE360_CTRL_VS_T_GONDII_DC_UP","32/2154","199/21355",0.0054220684912078,0.0100921136496343,0.00300850887102443
"GSE360_L_DONOVANI_VS_M_TUBERCULOSIS_DC_UP","GSE360_L_DONOVANI_VS_M_TUBERCULOSIS_DC_UP","32/2154","199/21355",0.0054220684912078,0.0100921136496343,0.00300850887102443
"GSE36009_WT_VS_NLRP10_KO_DC_LPS_STIM_UP","GSE36009_WT_VS_NLRP10_KO_DC_LPS_STIM_UP","32/2154","199/21355",0.0054220684912078,0.0100921136496343,0.00300850887102443
"GSE37532_TREG_VS_TCONV_PPARG_KO_CD4_TCELL_FROM_LN_DN","GSE37532_TREG_VS_TCONV_PPARG_KO_CD4_TCELL_FROM_LN_DN","32/2154","199/21355",0.0054220684912078,0.0100921136496343,0.00300850887102443
"GSE3982_BCELL_VS_TH2_DN","GSE3982_BCELL_VS_TH2_DN","32/2154","199/21355",0.0054220684912078,0.0100921136496343,0.00300850887102443
"GSE3982_DC_VS_NEUTROPHIL_LPS_STIM_UP","GSE3982_DC_VS_NEUTROPHIL_LPS_STIM_UP","32/2154","199/21355",0.0054220684912078,0.0100921136496343,0.00300850887102443
"GSE42021_CD24HI_VS_CD24LOW_TREG_THYMUS_UP","GSE42021_CD24HI_VS_CD24LOW_TREG_THYMUS_UP","32/2154","199/21355",0.0054220684912078,0.0100921136496343,0.00300850887102443
"GSE43955_1H_VS_42H_ACT_CD4_TCELL_WITH_TGFB_IL6_UP","GSE43955_1H_VS_42H_ACT_CD4_TCELL_WITH_TGFB_IL6_UP","32/2154","199/21355",0.0054220684912078,0.0100921136496343,0.00300850887102443
"GSE4748_CTRL_VS_CYANOBACTERIUM_LPSLIKE_STIM_DC_1H_DN","GSE4748_CTRL_VS_CYANOBACTERIUM_LPSLIKE_STIM_DC_1H_DN","32/2154","199/21355",0.0054220684912078,0.0100921136496343,0.00300850887102443
"GSE5589_WT_VS_IL6_KO_LPS_STIM_MACROPHAGE_45MIN_UP","GSE5589_WT_VS_IL6_KO_LPS_STIM_MACROPHAGE_45MIN_UP","32/2154","199/21355",0.0054220684912078,0.0100921136496343,0.00300850887102443
"GSE6674_ANTI_IGM_VS_CPG_STIM_BCELL_DN","GSE6674_ANTI_IGM_VS_CPG_STIM_BCELL_DN","32/2154","199/21355",0.0054220684912078,0.0100921136496343,0.00300850887102443
"GSE21063_CTRL_VS_ANTI_IGM_STIM_BCELL_8H_UP","GSE21063_CTRL_VS_ANTI_IGM_STIM_BCELL_8H_UP","26/2154","153/21355",0.00556445632241997,0.0103493053104498,0.00308517897403549
"GSE3720_UNSTIM_VS_LPS_STIM_VD2_GAMMADELTA_TCELL_DN","GSE3720_UNSTIM_VS_LPS_STIM_VD2_GAMMADELTA_TCELL_DN","26/2154","153/21355",0.00556445632241997,0.0103493053104498,0.00308517897403549
"GSE6269_HEALTHY_VS_E_COLI_INF_PBMC_UP","GSE6269_HEALTHY_VS_E_COLI_INF_PBMC_UP","29/2154","176/21355",0.00556631910888655,0.0103493053104498,0.00308517897403549
"GSE29618_BCELL_VS_MDC_DAY7_FLU_VACCINE_UP","GSE29618_BCELL_VS_MDC_DAY7_FLU_VACCINE_UP","31/2154","192/21355",0.0057719514138659,0.0104928492300455,0.00312797012467826
"GSE5099_DAY3_VS_DAY7_MCSF_TREATED_MACROPHAGE_UP","GSE5099_DAY3_VS_DAY7_MCSF_TREATED_MACROPHAGE_UP","31/2154","192/21355",0.0057719514138659,0.0104928492300455,0.00312797012467826
"GSE6566_STRONG_VS_WEAK_DC_STIMULATED_CD4_TCELL_UP","GSE6566_STRONG_VS_WEAK_DC_STIMULATED_CD4_TCELL_UP","31/2154","192/21355",0.0057719514138659,0.0104928492300455,0.00312797012467826
"GSE10240_CTRL_VS_IL22_STIM_PRIMARY_BRONCHIAL_EPITHELIAL_CELLS_DN","GSE10240_CTRL_VS_IL22_STIM_PRIMARY_BRONCHIAL_EPITHELIAL_CELLS_DN","32/2154","200/21355",0.0058466902907099,0.0104928492300455,0.00312797012467826
"GSE10273_HIGH_IL7_VS_HIGH_IL7_AND_IRF4_IN_IRF4_8_NULL_PRE_BCELL_DN","GSE10273_HIGH_IL7_VS_HIGH_IL7_AND_IRF4_IN_IRF4_8_NULL_PRE_BCELL_DN","32/2154","200/21355",0.0058466902907099,0.0104928492300455,0.00312797012467826
"GSE12845_NAIVE_VS_PRE_GC_TONSIL_BCELL_DN","GSE12845_NAIVE_VS_PRE_GC_TONSIL_BCELL_DN","32/2154","200/21355",0.0058466902907099,0.0104928492300455,0.00312797012467826
"GSE13306_TREG_VS_TCONV_LAMINA_PROPRIA_UP","GSE13306_TREG_VS_TCONV_LAMINA_PROPRIA_UP","32/2154","200/21355",0.0058466902907099,0.0104928492300455,0.00312797012467826
"GSE13484_UNSTIM_VS_3H_YF17D_VACCINE_STIM_PBMC_DN","GSE13484_UNSTIM_VS_3H_YF17D_VACCINE_STIM_PBMC_DN","32/2154","200/21355",0.0058466902907099,0.0104928492300455,0.00312797012467826
"GSE1460_DP_THYMOCYTE_VS_NAIVE_CD4_TCELL_ADULT_BLOOD_UP","GSE1460_DP_THYMOCYTE_VS_NAIVE_CD4_TCELL_ADULT_BLOOD_UP","32/2154","200/21355",0.0058466902907099,0.0104928492300455,0.00312797012467826
"GSE14769_UNSTIM_VS_240MIN_LPS_BMDM_DN","GSE14769_UNSTIM_VS_240MIN_LPS_BMDM_DN","32/2154","200/21355",0.0058466902907099,0.0104928492300455,0.00312797012467826
"GSE14908_ATOPIC_VS_NONATOPIC_PATIENT_RESTING_CD4_TCELL_UP","GSE14908_ATOPIC_VS_NONATOPIC_PATIENT_RESTING_CD4_TCELL_UP","32/2154","200/21355",0.0058466902907099,0.0104928492300455,0.00312797012467826
"GSE15330_LYMPHOID_MULTIPOTENT_VS_GRANULOCYTE_MONOCYTE_PROGENITOR_DN","GSE15330_LYMPHOID_MULTIPOTENT_VS_GRANULOCYTE_MONOCYTE_PROGENITOR_DN","32/2154","200/21355",0.0058466902907099,0.0104928492300455,0.00312797012467826
"GSE15750_DAY6_VS_DAY10_EFF_CD8_TCELL_UP","GSE15750_DAY6_VS_DAY10_EFF_CD8_TCELL_UP","32/2154","200/21355",0.0058466902907099,0.0104928492300455,0.00312797012467826
"GSE15750_DAY6_VS_DAY10_TRAF6KO_EFF_CD8_TCELL_UP","GSE15750_DAY6_VS_DAY10_TRAF6KO_EFF_CD8_TCELL_UP","32/2154","200/21355",0.0058466902907099,0.0104928492300455,0.00312797012467826
"GSE15930_NAIVE_VS_48H_IN_VITRO_STIM_IL12_CD8_TCELL_DN","GSE15930_NAIVE_VS_48H_IN_VITRO_STIM_IL12_CD8_TCELL_DN","32/2154","200/21355",0.0058466902907099,0.0104928492300455,0.00312797012467826
"GSE16385_ROSIGLITAZONE_IL4_VS_IL4_ALONE_STIM_MACROPHAGE_12H_UP","GSE16385_ROSIGLITAZONE_IL4_VS_IL4_ALONE_STIM_MACROPHAGE_12H_UP","32/2154","200/21355",0.0058466902907099,0.0104928492300455,0.00312797012467826
"GSE16385_UNTREATED_VS_12H_ROSIGLITAZONE_IFNG_TNF_TREATED_MACROPHAGE_DN","GSE16385_UNTREATED_VS_12H_ROSIGLITAZONE_IFNG_TNF_TREATED_MACROPHAGE_DN","32/2154","200/21355",0.0058466902907099,0.0104928492300455,0.00312797012467826
"GSE16450_CTRL_VS_IFNA_6H_STIM_MATURE_NEURON_CELL_LINE_DN","GSE16450_CTRL_VS_IFNA_6H_STIM_MATURE_NEURON_CELL_LINE_DN","32/2154","200/21355",0.0058466902907099,0.0104928492300455,0.00312797012467826
"GSE16522_ANTI_CD3CD28_STIM_VS_UNSTIM_MEMORY_CD8_TCELL_DN","GSE16522_ANTI_CD3CD28_STIM_VS_UNSTIM_MEMORY_CD8_TCELL_DN","32/2154","200/21355",0.0058466902907099,0.0104928492300455,0.00312797012467826
"GSE17186_NAIVE_VS_CD21HIGH_TRANSITIONAL_BCELL_UP","GSE17186_NAIVE_VS_CD21HIGH_TRANSITIONAL_BCELL_UP","32/2154","200/21355",0.0058466902907099,0.0104928492300455,0.00312797012467826
"GSE17301_CTRL_VS_48H_ACD3_ACD28_IFNA5_STIM_CD8_TCELL_UP","GSE17301_CTRL_VS_48H_ACD3_ACD28_IFNA5_STIM_CD8_TCELL_UP","32/2154","200/21355",0.0058466902907099,0.0104928492300455,0.00312797012467826
"GSE17721_0.5H_VS_12H_GARDIQUIMOD_BMDC_DN","GSE17721_0.5H_VS_12H_GARDIQUIMOD_BMDC_DN","32/2154","200/21355",0.0058466902907099,0.0104928492300455,0.00312797012467826
"GSE17721_0.5H_VS_12H_POLYIC_BMDC_DN","GSE17721_0.5H_VS_12H_POLYIC_BMDC_DN","32/2154","200/21355",0.0058466902907099,0.0104928492300455,0.00312797012467826
"GSE17721_0.5H_VS_24H_CPG_BMDC_DN","GSE17721_0.5H_VS_24H_CPG_BMDC_DN","32/2154","200/21355",0.0058466902907099,0.0104928492300455,0.00312797012467826
"GSE17721_0.5H_VS_24H_PAM3CSK4_BMDC_DN","GSE17721_0.5H_VS_24H_PAM3CSK4_BMDC_DN","32/2154","200/21355",0.0058466902907099,0.0104928492300455,0.00312797012467826
"GSE17721_0.5H_VS_24H_PAM3CSK4_BMDC_UP","GSE17721_0.5H_VS_24H_PAM3CSK4_BMDC_UP","32/2154","200/21355",0.0058466902907099,0.0104928492300455,0.00312797012467826
"GSE17721_CTRL_VS_CPG_6H_BMDC_UP","GSE17721_CTRL_VS_CPG_6H_BMDC_UP","32/2154","200/21355",0.0058466902907099,0.0104928492300455,0.00312797012467826
"GSE17721_CTRL_VS_LPS_1H_BMDC_UP","GSE17721_CTRL_VS_LPS_1H_BMDC_UP","32/2154","200/21355",0.0058466902907099,0.0104928492300455,0.00312797012467826
"GSE17721_CTRL_VS_LPS_2H_BMDC_UP","GSE17721_CTRL_VS_LPS_2H_BMDC_UP","32/2154","200/21355",0.0058466902907099,0.0104928492300455,0.00312797012467826
"GSE17721_CTRL_VS_PAM3CSK4_2H_BMDC_DN","GSE17721_CTRL_VS_PAM3CSK4_2H_BMDC_DN","32/2154","200/21355",0.0058466902907099,0.0104928492300455,0.00312797012467826
"GSE17721_LPS_VS_CPG_2H_BMDC_DN","GSE17721_LPS_VS_CPG_2H_BMDC_DN","32/2154","200/21355",0.0058466902907099,0.0104928492300455,0.00312797012467826
"GSE17721_LPS_VS_PAM3CSK4_2H_BMDC_UP","GSE17721_LPS_VS_PAM3CSK4_2H_BMDC_UP","32/2154","200/21355",0.0058466902907099,0.0104928492300455,0.00312797012467826
"GSE17721_LPS_VS_POLYIC_2H_BMDC_UP","GSE17721_LPS_VS_POLYIC_2H_BMDC_UP","32/2154","200/21355",0.0058466902907099,0.0104928492300455,0.00312797012467826
"GSE17721_PAM3CSK4_VS_CPG_4H_BMDC_UP","GSE17721_PAM3CSK4_VS_CPG_4H_BMDC_UP","32/2154","200/21355",0.0058466902907099,0.0104928492300455,0.00312797012467826
"GSE17721_PAM3CSK4_VS_CPG_8H_BMDC_UP","GSE17721_PAM3CSK4_VS_CPG_8H_BMDC_UP","32/2154","200/21355",0.0058466902907099,0.0104928492300455,0.00312797012467826
"GSE17721_POLYIC_VS_CPG_1H_BMDC_DN","GSE17721_POLYIC_VS_CPG_1H_BMDC_DN","32/2154","200/21355",0.0058466902907099,0.0104928492300455,0.00312797012467826
"GSE17721_POLYIC_VS_GARDIQUIMOD_16H_BMDC_UP","GSE17721_POLYIC_VS_GARDIQUIMOD_16H_BMDC_UP","32/2154","200/21355",0.0058466902907099,0.0104928492300455,0.00312797012467826
"GSE17721_POLYIC_VS_PAM3CSK4_6H_BMDC_UP","GSE17721_POLYIC_VS_PAM3CSK4_6H_BMDC_UP","32/2154","200/21355",0.0058466902907099,0.0104928492300455,0.00312797012467826
"GSE17721_POLYIC_VS_PAM3CSK4_8H_BMDC_DN","GSE17721_POLYIC_VS_PAM3CSK4_8H_BMDC_DN","32/2154","200/21355",0.0058466902907099,0.0104928492300455,0.00312797012467826
"GSE19888_ADENOSINE_A3R_INH_VS_TCELL_MEMBRANES_ACT_MAST_CELL_UP","GSE19888_ADENOSINE_A3R_INH_VS_TCELL_MEMBRANES_ACT_MAST_CELL_UP","32/2154","200/21355",0.0058466902907099,0.0104928492300455,0.00312797012467826
"GSE20715_WT_VS_TLR4_KO_48H_OZONE_LUNG_DN","GSE20715_WT_VS_TLR4_KO_48H_OZONE_LUNG_DN","32/2154","200/21355",0.0058466902907099,0.0104928492300455,0.00312797012467826
"GSE21033_CTRL_VS_POLYIC_STIM_DC_3H_UP","GSE21033_CTRL_VS_POLYIC_STIM_DC_3H_UP","32/2154","200/21355",0.0058466902907099,0.0104928492300455,0.00312797012467826
"GSE21670_TGFB_VS_TGFB_AND_IL6_TREATED_STAT3_KO_CD4_TCELL_DN","GSE21670_TGFB_VS_TGFB_AND_IL6_TREATED_STAT3_KO_CD4_TCELL_DN","32/2154","200/21355",0.0058466902907099,0.0104928492300455,0.00312797012467826
"GSE21670_TGFB_VS_TGFB_AND_IL6_TREATED_STAT3_KO_CD4_TCELL_UP","GSE21670_TGFB_VS_TGFB_AND_IL6_TREATED_STAT3_KO_CD4_TCELL_UP","32/2154","200/21355",0.0058466902907099,0.0104928492300455,0.00312797012467826
"GSE22140_HEALTHY_VS_ARTHRITIC_GERMFREE_MOUSE_CD4_TCELL_UP","GSE22140_HEALTHY_VS_ARTHRITIC_GERMFREE_MOUSE_CD4_TCELL_UP","32/2154","200/21355",0.0058466902907099,0.0104928492300455,0.00312797012467826
"GSE22432_MULTIPOTENT_PROGENITOR_VS_PDC_DN","GSE22432_MULTIPOTENT_PROGENITOR_VS_PDC_DN","32/2154","200/21355",0.0058466902907099,0.0104928492300455,0.00312797012467826
"GSE22432_UNTREATED_VS_TGFB1_TREATED_COMMON_DC_PROGENITOR_UP","GSE22432_UNTREATED_VS_TGFB1_TREATED_COMMON_DC_PROGENITOR_UP","32/2154","200/21355",0.0058466902907099,0.0104928492300455,0.00312797012467826
"GSE22601_CD4_SINGLE_POSITIVE_VS_CD8_SINGLE_POSITIVE_THYMOCYTE_DN","GSE22601_CD4_SINGLE_POSITIVE_VS_CD8_SINGLE_POSITIVE_THYMOCYTE_DN","32/2154","200/21355",0.0058466902907099,0.0104928492300455,0.00312797012467826
"GSE22935_24H_VS_48H_MBOVIS_BCG_STIM_MACROPHAGE_DN","GSE22935_24H_VS_48H_MBOVIS_BCG_STIM_MACROPHAGE_DN","32/2154","200/21355",0.0058466902907099,0.0104928492300455,0.00312797012467826
"GSE23502_WT_VS_HDC_KO_MYELOID_DERIVED_SUPPRESSOR_CELL_BM_UP","GSE23502_WT_VS_HDC_KO_MYELOID_DERIVED_SUPPRESSOR_CELL_BM_UP","32/2154","200/21355",0.0058466902907099,0.0104928492300455,0.00312797012467826
"GSE23505_IL6_IL1_VS_IL6_IL1_IL23_TREATED_CD4_TCELL_UP","GSE23505_IL6_IL1_VS_IL6_IL1_IL23_TREATED_CD4_TCELL_UP","32/2154","200/21355",0.0058466902907099,0.0104928492300455,0.00312797012467826
"GSE24634_NAIVE_CD4_TCELL_VS_DAY5_IL4_CONV_TREG_DN","GSE24634_NAIVE_CD4_TCELL_VS_DAY5_IL4_CONV_TREG_DN","32/2154","200/21355",0.0058466902907099,0.0104928492300455,0.00312797012467826
"GSE24634_TEFF_VS_TCONV_DAY10_IN_CULTURE_UP","GSE24634_TEFF_VS_TCONV_DAY10_IN_CULTURE_UP","32/2154","200/21355",0.0058466902907099,0.0104928492300455,0.00312797012467826
"GSE25085_FETAL_LIVER_VS_ADULT_BM_SP4_THYMIC_IMPLANT_DN","GSE25085_FETAL_LIVER_VS_ADULT_BM_SP4_THYMIC_IMPLANT_DN","32/2154","200/21355",0.0058466902907099,0.0104928492300455,0.00312797012467826
"GSE25123_ROSIGLITAZONE_VS_IL4_AND_ROSIGLITAZONE_STIM_PPARG_KO_MACROPHAGE_DAY10_DN","GSE25123_ROSIGLITAZONE_VS_IL4_AND_ROSIGLITAZONE_STIM_PPARG_KO_MACROPHAGE_DAY10_DN","32/2154","200/21355",0.0058466902907099,0.0104928492300455,0.00312797012467826
"GSE2585_CTEC_VS_MTEC_THYMUS_UP","GSE2585_CTEC_VS_MTEC_THYMUS_UP","32/2154","200/21355",0.0058466902907099,0.0104928492300455,0.00312797012467826
"GSE26343_UNSTIM_VS_LPS_STIM_MACROPHAGE_UP","GSE26343_UNSTIM_VS_LPS_STIM_MACROPHAGE_UP","32/2154","200/21355",0.0058466902907099,0.0104928492300455,0.00312797012467826
"GSE26488_WT_VS_HDAC7_DELTAP_TG_OT2_THYMOCYTE_WITH_PEPTIDE_INJECTION_UP","GSE26488_WT_VS_HDAC7_DELTAP_TG_OT2_THYMOCYTE_WITH_PEPTIDE_INJECTION_UP","32/2154","200/21355",0.0058466902907099,0.0104928492300455,0.00312797012467826
"GSE2770_UNTREATED_VS_IL4_TREATED_ACT_CD4_TCELL_2H_DN","GSE2770_UNTREATED_VS_IL4_TREATED_ACT_CD4_TCELL_2H_DN","32/2154","200/21355",0.0058466902907099,0.0104928492300455,0.00312797012467826
"GSE27786_CD8_TCELL_VS_ERYTHROBLAST_UP","GSE27786_CD8_TCELL_VS_ERYTHROBLAST_UP","32/2154","200/21355",0.0058466902907099,0.0104928492300455,0.00312797012467826
"GSE27786_LIN_NEG_VS_BCELL_UP","GSE27786_LIN_NEG_VS_BCELL_UP","32/2154","200/21355",0.0058466902907099,0.0104928492300455,0.00312797012467826
"GSE28237_FOLLICULAR_VS_LATE_GC_BCELL_DN","GSE28237_FOLLICULAR_VS_LATE_GC_BCELL_DN","32/2154","200/21355",0.0058466902907099,0.0104928492300455,0.00312797012467826
"GSE2826_WT_VS_XID_BCELL_DN","GSE2826_WT_VS_XID_BCELL_DN","32/2154","200/21355",0.0058466902907099,0.0104928492300455,0.00312797012467826
"GSE28737_FOLLICULAR_VS_MARGINAL_ZONE_BCELL_BCL6_HET_DN","GSE28737_FOLLICULAR_VS_MARGINAL_ZONE_BCELL_BCL6_HET_DN","32/2154","200/21355",0.0058466902907099,0.0104928492300455,0.00312797012467826
"GSE29949_MICROGLIA_BRAIN_VS_CD8_POS_DC_SPLEEN_DN","GSE29949_MICROGLIA_BRAIN_VS_CD8_POS_DC_SPLEEN_DN","32/2154","200/21355",0.0058466902907099,0.0104928492300455,0.00312797012467826
"GSE32034_LY6C_HIGH_VS_LOW_MONOCYTE_DN","GSE32034_LY6C_HIGH_VS_LOW_MONOCYTE_DN","32/2154","200/21355",0.0058466902907099,0.0104928492300455,0.00312797012467826
"GSE339_CD4POS_VS_CD4CD8DN_DC_DN","GSE339_CD4POS_VS_CD4CD8DN_DC_DN","32/2154","200/21355",0.0058466902907099,0.0104928492300455,0.00312797012467826
"GSE339_CD4POS_VS_CD4CD8DN_DC_UP","GSE339_CD4POS_VS_CD4CD8DN_DC_UP","32/2154","200/21355",0.0058466902907099,0.0104928492300455,0.00312797012467826
"GSE36009_UNSTIM_VS_LPS_STIM_DC_DN","GSE36009_UNSTIM_VS_LPS_STIM_DC_DN","32/2154","200/21355",0.0058466902907099,0.0104928492300455,0.00312797012467826
"GSE36476_CTRL_VS_TSST_ACT_16H_MEMORY_CD4_TCELL_YOUNG_DN","GSE36476_CTRL_VS_TSST_ACT_16H_MEMORY_CD4_TCELL_YOUNG_DN","32/2154","200/21355",0.0058466902907099,0.0104928492300455,0.00312797012467826
"GSE36888_STAT5_AB_KNOCKIN_VS_WT_TCELL_IL2_TREATED_6H_DN","GSE36888_STAT5_AB_KNOCKIN_VS_WT_TCELL_IL2_TREATED_6H_DN","32/2154","200/21355",0.0058466902907099,0.0104928492300455,0.00312797012467826
"GSE37301_MULTIPOTENT_PROGENITOR_VS_PRO_BCELL_UP","GSE37301_MULTIPOTENT_PROGENITOR_VS_PRO_BCELL_UP","32/2154","200/21355",0.0058466902907099,0.0104928492300455,0.00312797012467826
"GSE37532_TREG_VS_TCONV_PPARG_KO_CD4_TCELL_FROM_LN_UP","GSE37532_TREG_VS_TCONV_PPARG_KO_CD4_TCELL_FROM_LN_UP","32/2154","200/21355",0.0058466902907099,0.0104928492300455,0.00312797012467826
"GSE3920_UNTREATED_VS_IFNA_TREATED_FIBROBLAST_DN","GSE3920_UNTREATED_VS_IFNA_TREATED_FIBROBLAST_DN","32/2154","200/21355",0.0058466902907099,0.0104928492300455,0.00312797012467826
"GSE40273_XBP1_KO_VS_WT_TREG_UP","GSE40273_XBP1_KO_VS_WT_TREG_UP","32/2154","200/21355",0.0058466902907099,0.0104928492300455,0.00312797012467826
"GSE40277_EOS_AND_LEF1_TRANSDUCED_VS_CTRL_CD4_TCELL_UP","GSE40277_EOS_AND_LEF1_TRANSDUCED_VS_CTRL_CD4_TCELL_UP","32/2154","200/21355",0.0058466902907099,0.0104928492300455,0.00312797012467826
"GSE40441_NRP1_POS_INDUCED_TREG_VS_NRP1_NEG_NATURAL_TREG_UP","GSE40441_NRP1_POS_INDUCED_TREG_VS_NRP1_NEG_NATURAL_TREG_UP","32/2154","200/21355",0.0058466902907099,0.0104928492300455,0.00312797012467826
"GSE411_UNSTIM_VS_100MIN_IL6_STIM_SOCS3_KO_MACROPHAGE_UP","GSE411_UNSTIM_VS_100MIN_IL6_STIM_SOCS3_KO_MACROPHAGE_UP","32/2154","200/21355",0.0058466902907099,0.0104928492300455,0.00312797012467826
"GSE4142_GC_BCELL_VS_MEMORY_BCELL_DN","GSE4142_GC_BCELL_VS_MEMORY_BCELL_DN","32/2154","200/21355",0.0058466902907099,0.0104928492300455,0.00312797012467826
"GSE42021_TCONV_PLN_VS_CD24INT_TCONV_THYMUS_DN","GSE42021_TCONV_PLN_VS_CD24INT_TCONV_THYMUS_DN","32/2154","200/21355",0.0058466902907099,0.0104928492300455,0.00312797012467826
"GSE42021_TCONV_PLN_VS_CD24LO_TCONV_THYMUS_UP","GSE42021_TCONV_PLN_VS_CD24LO_TCONV_THYMUS_UP","32/2154","200/21355",0.0058466902907099,0.0104928492300455,0.00312797012467826
"GSE42088_UNINF_VS_LEISHMANIA_INF_DC_2H_UP","GSE42088_UNINF_VS_LEISHMANIA_INF_DC_2H_UP","32/2154","200/21355",0.0058466902907099,0.0104928492300455,0.00312797012467826
"GSE43863_TH1_VS_LY6C_INT_CXCR5POS_EFFECTOR_CD4_TCELL_UP","GSE43863_TH1_VS_LY6C_INT_CXCR5POS_EFFECTOR_CD4_TCELL_UP","32/2154","200/21355",0.0058466902907099,0.0104928492300455,0.00312797012467826
"GSE43955_1H_VS_20H_ACT_CD4_TCELL_WITH_TGFB_IL6_DN","GSE43955_1H_VS_20H_ACT_CD4_TCELL_WITH_TGFB_IL6_DN","32/2154","200/21355",0.0058466902907099,0.0104928492300455,0.00312797012467826
"GSE43955_TGFB_IL6_VS_TGFB_IL6_IL23_TH17_ACT_CD4_TCELL_60H_UP","GSE43955_TGFB_IL6_VS_TGFB_IL6_IL23_TH17_ACT_CD4_TCELL_60H_UP","32/2154","200/21355",0.0058466902907099,0.0104928492300455,0.00312797012467826
"GSE43956_WT_VS_SGK1_KO_TH17_DIFFERENTIATED_CD4_TCELL_DN","GSE43956_WT_VS_SGK1_KO_TH17_DIFFERENTIATED_CD4_TCELL_DN","32/2154","200/21355",0.0058466902907099,0.0104928492300455,0.00312797012467826
"GSE44649_NAIVE_VS_ACTIVATED_CD8_TCELL_UP","GSE44649_NAIVE_VS_ACTIVATED_CD8_TCELL_UP","32/2154","200/21355",0.0058466902907099,0.0104928492300455,0.00312797012467826
"GSE44649_WT_VS_MIR155_KO_NAIVE_CD8_TCELL_DN","GSE44649_WT_VS_MIR155_KO_NAIVE_CD8_TCELL_DN","32/2154","200/21355",0.0058466902907099,0.0104928492300455,0.00312797012467826
"GSE5099_UNSTIM_VS_MCSF_TREATED_MONOCYTE_DAY7_DN","GSE5099_UNSTIM_VS_MCSF_TREATED_MONOCYTE_DAY7_DN","32/2154","200/21355",0.0058466902907099,0.0104928492300455,0.00312797012467826
"GSE5142_HTERT_TRANSDUCED_VS_CTRL_CD8_TCELL_LATE_PASSAGE_CLONE_DN","GSE5142_HTERT_TRANSDUCED_VS_CTRL_CD8_TCELL_LATE_PASSAGE_CLONE_DN","32/2154","200/21355",0.0058466902907099,0.0104928492300455,0.00312797012467826
"GSE5455_EX_VIVO_VS_POST_24H_INCUBATION_MONOCYTES_FROM_TUMOR_BEARING_MOUSE_DN","GSE5455_EX_VIVO_VS_POST_24H_INCUBATION_MONOCYTES_FROM_TUMOR_BEARING_MOUSE_DN","32/2154","200/21355",0.0058466902907099,0.0104928492300455,0.00312797012467826
"GSE5542_IFNG_VS_IFNA_TREATED_EPITHELIAL_CELLS_6H_UP","GSE5542_IFNG_VS_IFNA_TREATED_EPITHELIAL_CELLS_6H_UP","32/2154","200/21355",0.0058466902907099,0.0104928492300455,0.00312797012467826
"GSE5589_LPS_VS_LPS_AND_IL10_STIM_MACROPHAGE_180MIN_DN","GSE5589_LPS_VS_LPS_AND_IL10_STIM_MACROPHAGE_180MIN_DN","32/2154","200/21355",0.0058466902907099,0.0104928492300455,0.00312797012467826
"GSE6092_UNSTIM_VS_IFNG_STIM_AND_B_BURGDORFERI_INF_ENDOTHELIAL_CELL_UP","GSE6092_UNSTIM_VS_IFNG_STIM_AND_B_BURGDORFERI_INF_ENDOTHELIAL_CELL_UP","32/2154","200/21355",0.0058466902907099,0.0104928492300455,0.00312797012467826
"GSE6681_DELETED_FOXP3_VS_WT_TREG_DN","GSE6681_DELETED_FOXP3_VS_WT_TREG_DN","32/2154","200/21355",0.0058466902907099,0.0104928492300455,0.00312797012467826
"GSE7460_CTRL_VS_FOXP3_OVEREXPR_TCONV_DN","GSE7460_CTRL_VS_FOXP3_OVEREXPR_TCONV_DN","32/2154","200/21355",0.0058466902907099,0.0104928492300455,0.00312797012467826
"GSE7852_TREG_VS_TCONV_THYMUS_UP","GSE7852_TREG_VS_TCONV_THYMUS_UP","32/2154","200/21355",0.0058466902907099,0.0104928492300455,0.00312797012467826
"GSE9037_WT_VS_IRAK4_KO_LPS_4H_STIM_BMDM_UP","GSE9037_WT_VS_IRAK4_KO_LPS_4H_STIM_BMDM_UP","32/2154","200/21355",0.0058466902907099,0.0104928492300455,0.00312797012467826
"GSE9650_NAIVE_VS_MEMORY_CD8_TCELL_UP","GSE9650_NAIVE_VS_MEMORY_CD8_TCELL_UP","32/2154","200/21355",0.0058466902907099,0.0104928492300455,0.00312797012467826
"GSE7768_OVA_ALONE_VS_OVA_WITH_LPS_IMMUNIZED_MOUSE_WHOLE_SPLEEN_6H_UP","GSE7768_OVA_ALONE_VS_OVA_WITH_LPS_IMMUNIZED_MOUSE_WHOLE_SPLEEN_6H_UP","28/2154","169/21355",0.00590065503343083,0.0105859821705024,0.00315573351372404
"SCHERER_PBMC_YF_VAX_OR_APSV_WETVAX_AGE_18_40YO_JOINT_TO_VACCINIA_AND_YELLOW_FEVER_DN","SCHERER_PBMC_YF_VAX_OR_APSV_WETVAX_AGE_18_40YO_JOINT_TO_VACCINIA_AND_YELLOW_FEVER_DN","7/2154","23/21355",0.00602402801329282,0.0108035269140534,0.00322058467509018
"GSE6269_HEALTHY_VS_FLU_INF_PBMC_UP","GSE6269_HEALTHY_VS_FLU_INF_PBMC_UP","29/2154","177/21355",0.00603198334120369,0.0108140009900331,0.00322370704881632
"GSE37319_WT_VS_RC3H1_KO_CD44LOW_CD8_TCELL_DN","GSE37319_WT_VS_RC3H1_KO_CD44LOW_CD8_TCELL_DN","24/2154","139/21355",0.00615895568097259,0.0110377638965345,0.00329041187523689
"GSE11864_CSF1_PAM3CYS_VS_CSF1_IFNG_PAM3CYS_IN_MAC_DN","GSE11864_CSF1_PAM3CYS_VS_CSF1_IFNG_PAM3CYS_IN_MAC_DN","31/2154","193/21355",0.00622943167159869,0.0111601556190904,0.00332689745158223
"GSE7348_UNSTIM_VS_TOLERIZED_AND_LPS_STIM_MACROPHAGE_UP","GSE7348_UNSTIM_VS_TOLERIZED_AND_LPS_STIM_MACROPHAGE_UP","27/2154","162/21355",0.00624888888211105,0.0111910924182955,0.00333611986406002
"HOEK_MYELOID_DENDRITIC_CELL_2011_2012_TIV_ADULT_1DY_UP","HOEK_MYELOID_DENDRITIC_CELL_2011_2012_TIV_ADULT_1DY_UP","8/2154","29/21355",0.0065405306173455,0.0117092902823836,0.00349059720400866
"GSE37532_VISCERAL_ADIPOSE_TISSUE_VS_LN_DERIVED_TREG_CD4_TCELL_DN","GSE37532_VISCERAL_ADIPOSE_TISSUE_VS_LN_DERIVED_TREG_CD4_TCELL_DN","26/2154","155/21355",0.00661022732071738,0.0118257845664199,0.00352532472483473
"GSE4590_PRE_BCELL_VS_SMALL_PRE_BCELL_UP","GSE4590_PRE_BCELL_VS_SMALL_PRE_BCELL_UP","26/2154","155/21355",0.00661022732071738,0.0118257845664199,0.00352532472483473
"GSE21927_SPLEEN_VS_C26GM_TUMOR_MONOCYTE_BALBC_DN","GSE21927_SPLEEN_VS_C26GM_TUMOR_MONOCYTE_BALBC_DN","31/2154","194/21355",0.00671676878384529,0.0119995942668766,0.00357713825407627
"GSE25088_WT_VS_STAT6_KO_MACROPHAGE_ROSIGLITAZONE_STIM_UP","GSE25088_WT_VS_STAT6_KO_MACROPHAGE_ROSIGLITAZONE_STIM_UP","31/2154","194/21355",0.00671676878384529,0.0119995942668766,0.00357713825407627
"GSE2706_2H_VS_8H_LPS_STIM_DC_DN","GSE2706_2H_VS_8H_LPS_STIM_DC_DN","31/2154","194/21355",0.00671676878384529,0.0119995942668766,0.00357713825407627
"GSE2770_TGFB_AND_IL4_VS_IL4_TREATED_ACT_CD4_TCELL_6H_UP","GSE2770_TGFB_AND_IL4_VS_IL4_TREATED_ACT_CD4_TCELL_6H_UP","31/2154","194/21355",0.00671676878384529,0.0119995942668766,0.00357713825407627
"GSE13547_CTRL_VS_ANTI_IGM_STIM_BCELL_12H_DN","GSE13547_CTRL_VS_ANTI_IGM_STIM_BCELL_12H_DN","29/2154","179/21355",0.00706095383870799,0.0126056763188945,0.0037578143040463
"GSE3920_UNTREATED_VS_IFNG_TREATED_FIBROBLAST_DN","GSE3920_UNTREATED_VS_IFNG_TREATED_FIBROBLAST_DN","29/2154","179/21355",0.00706095383870799,0.0126056763188945,0.0037578143040463
"GSE6259_CD4_TCELL_VS_CD8_TCELL_UP","GSE6259_CD4_TCELL_VS_CD8_TCELL_UP","30/2154","187/21355",0.00715942291570086,0.0127725503726373,0.00380756028278358
"GSE7218_IGM_VS_IGG_SIGNAL_THGOUGH_ANTIGEN_BCELL_UP","GSE7218_IGM_VS_IGG_SIGNAL_THGOUGH_ANTIGEN_BCELL_UP","30/2154","187/21355",0.00715942291570086,0.0127725503726373,0.00380756028278358
"GSE11057_NAIVE_VS_MEMORY_CD4_TCELL_UP","GSE11057_NAIVE_VS_MEMORY_CD4_TCELL_UP","31/2154","195/21355",0.0072354165392456,0.0128766741264054,0.00383860008750348
"GSE25088_CTRL_VS_IL4_AND_ROSIGLITAZONE_STIM_MACROPHAGE_UP","GSE25088_CTRL_VS_IL4_AND_ROSIGLITAZONE_STIM_MACROPHAGE_UP","31/2154","195/21355",0.0072354165392456,0.0128766741264054,0.00383860008750348
"GSE26488_WT_VS_HDAC7_KO_DOUBLE_POSITIVE_THYMOCYTE_UP","GSE26488_WT_VS_HDAC7_KO_DOUBLE_POSITIVE_THYMOCYTE_UP","31/2154","195/21355",0.0072354165392456,0.0128766741264054,0.00383860008750348
"GSE37416_CTRL_VS_3H_F_TULARENSIS_LVS_NEUTROPHIL_DN","GSE37416_CTRL_VS_3H_F_TULARENSIS_LVS_NEUTROPHIL_DN","31/2154","195/21355",0.0072354165392456,0.0128766741264054,0.00383860008750348
"GSE40685_NAIVE_CD4_TCELL_VS_FOXP3_KO_TREG_PRECURSOR_DN","GSE40685_NAIVE_CD4_TCELL_VS_FOXP3_KO_TREG_PRECURSOR_DN","31/2154","195/21355",0.0072354165392456,0.0128766741264054,0.00383860008750348
"GSE46606_UNSTIM_VS_CD40L_IL2_IL5_3DAY_STIMULATED_IRF4_KO_BCELL_DN","GSE46606_UNSTIM_VS_CD40L_IL2_IL5_3DAY_STIMULATED_IRF4_KO_BCELL_DN","31/2154","195/21355",0.0072354165392456,0.0128766741264054,0.00383860008750348
"GSE46606_UNSTIM_VS_CD40L_IL2_IL5_DAY3_STIMULATED_BCELL_UP","GSE46606_UNSTIM_VS_CD40L_IL2_IL5_DAY3_STIMULATED_BCELL_UP","31/2154","195/21355",0.0072354165392456,0.0128766741264054,0.00383860008750348
"GSE6269_FLU_VS_STREP_PNEUMO_INF_PBMC_DN","GSE6269_FLU_VS_STREP_PNEUMO_INF_PBMC_DN","28/2154","172/21355",0.00751072356447565,0.0133573320296223,0.00398188657990325
"GSE7568_IL4_TGFB_DEXAMETHASONE_VS_IL4_TGFB_TREATED_MACROPHAGE_UP","GSE7568_IL4_TGFB_DEXAMETHASONE_VS_IL4_TGFB_TREATED_MACROPHAGE_UP","28/2154","172/21355",0.00751072356447565,0.0133573320296223,0.00398188657990325
"GSE17974_IL4_AND_ANTI_IL12_VS_UNTREATED_6H_ACT_CD4_TCELL_DN","GSE17974_IL4_AND_ANTI_IL12_VS_UNTREATED_6H_ACT_CD4_TCELL_DN","31/2154","196/21355",0.0077868663809462,0.0138195931293919,0.00411968889442997
"GSE20152_HTNFA_OVERXPRESS_ANKLE_VS_CTRL_SPHK1_KO_ANKLE_UP","GSE20152_HTNFA_OVERXPRESS_ANKLE_VS_CTRL_SPHK1_KO_ANKLE_UP","31/2154","196/21355",0.0077868663809462,0.0138195931293919,0.00411968889442997
"GSE20152_SPHK1_KO_VS_HTNFA_OVEREXPRESS_ANKLE_UP","GSE20152_SPHK1_KO_VS_HTNFA_OVEREXPRESS_ANKLE_UP","31/2154","196/21355",0.0077868663809462,0.0138195931293919,0.00411968889442997
"GSE2770_IL12_ACT_VS_ACT_CD4_TCELL_6H_UP","GSE2770_IL12_ACT_VS_ACT_CD4_TCELL_6H_UP","31/2154","196/21355",0.0077868663809462,0.0138195931293919,0.00411968889442997
"GSE36888_UNTREATED_VS_IL2_TREATED_STAT5_AB_KNOCKIN_TCELL_2H_DN","GSE36888_UNTREATED_VS_IL2_TREATED_STAT5_AB_KNOCKIN_TCELL_2H_DN","31/2154","196/21355",0.0077868663809462,0.0138195931293919,0.00411968889442997
"GSE9988_ANTI_TREM1_VS_ANTI_TREM1_AND_LPS_MONOCYTE_DN","GSE9988_ANTI_TREM1_VS_ANTI_TREM1_AND_LPS_MONOCYTE_DN","31/2154","196/21355",0.0077868663809462,0.0138195931293919,0.00411968889442997
"GSE13522_CTRL_VS_T_CRUZI_Y_STRAIN_INF_SKIN_IFNG_KO_UP","GSE13522_CTRL_VS_T_CRUZI_Y_STRAIN_INF_SKIN_IFNG_KO_UP","26/2154","157/21355",0.00781337485626806,0.013861827078452,0.00413227904301697
"GSE40274_CTRL_VS_EOS_TRANSDUCED_ACTIVATED_CD4_TCELL_DN","GSE40274_CTRL_VS_EOS_TRANSDUCED_ACTIVATED_CD4_TCELL_DN","25/2154","150/21355",0.00827928223718484,0.0146833056117676,0.00437716584677644
"GSE12845_IGD_NEG_BLOOD_VS_DARKZONE_GC_TONSIL_BCELL_UP","GSE12845_IGD_NEG_BLOOD_VS_DARKZONE_GC_TONSIL_BCELL_UP","31/2154","197/21355",0.00837264640464977,0.0147924468095972,0.00440970137632593
"GSE14308_TH2_VS_INDUCED_TREG_UP","GSE14308_TH2_VS_INDUCED_TREG_UP","31/2154","197/21355",0.00837264640464977,0.0147924468095972,0.00440970137632593
"GSE17974_0H_VS_1H_IN_VITRO_ACT_CD4_TCELL_DN","GSE17974_0H_VS_1H_IN_VITRO_ACT_CD4_TCELL_DN","31/2154","197/21355",0.00837264640464977,0.0147924468095972,0.00440970137632593
"GSE18804_SPLEEN_MACROPHAGE_VS_BRAIN_TUMORAL_MACROPHAGE_DN","GSE18804_SPLEEN_MACROPHAGE_VS_BRAIN_TUMORAL_MACROPHAGE_DN","31/2154","197/21355",0.00837264640464977,0.0147924468095972,0.00440970137632593
"GSE20500_CTRL_VS_RARA_ANTAGONIST_TREATED_CD4_TCELL_DN","GSE20500_CTRL_VS_RARA_ANTAGONIST_TREATED_CD4_TCELL_DN","31/2154","197/21355",0.00837264640464977,0.0147924468095972,0.00440970137632593
"GSE21546_ELK1_KO_VS_SAP1A_KO_AND_ELK1_KO_DP_THYMOCYTES_UP","GSE21546_ELK1_KO_VS_SAP1A_KO_AND_ELK1_KO_DP_THYMOCYTES_UP","31/2154","197/21355",0.00837264640464977,0.0147924468095972,0.00440970137632593
"GSE2770_IL12_VS_TGFB_AND_IL12_TREATED_ACT_CD4_TCELL_6H_UP","GSE2770_IL12_VS_TGFB_AND_IL12_TREATED_ACT_CD4_TCELL_6H_UP","31/2154","197/21355",0.00837264640464977,0.0147924468095972,0.00440970137632593
"GSE29618_PRE_VS_DAY7_POST_LAIV_FLU_VACCINE_MONOCYTE_UP","GSE29618_PRE_VS_DAY7_POST_LAIV_FLU_VACCINE_MONOCYTE_UP","31/2154","197/21355",0.00837264640464977,0.0147924468095972,0.00440970137632593
"GSE40685_NAIVE_CD4_TCELL_VS_TREG_UP","GSE40685_NAIVE_CD4_TCELL_VS_TREG_UP","31/2154","197/21355",0.00837264640464977,0.0147924468095972,0.00440970137632593
"GSE5455_HEALTHY_VS_TUMOR_BEARING_MOUSE_SPLEEN_MONOCYTE_UP","GSE5455_HEALTHY_VS_TUMOR_BEARING_MOUSE_SPLEEN_MONOCYTE_UP","31/2154","197/21355",0.00837264640464977,0.0147924468095972,0.00440970137632593
"GSE5542_UNTREATED_VS_IFNG_TREATED_EPITHELIAL_CELLS_6H_UP","GSE5542_UNTREATED_VS_IFNG_TREATED_EPITHELIAL_CELLS_6H_UP","31/2154","197/21355",0.00837264640464977,0.0147924468095972,0.00440970137632593
"GSE14386_UNTREATED_VS_IFNA_TREATED_ACT_PBMC_MS_PATIENT_DN","GSE14386_UNTREATED_VS_IFNA_TREATED_ACT_PBMC_MS_PATIENT_DN","26/2154","158/21355",0.00847921297037559,0.0149755495397342,0.00446428520356471
"GSE13547_2H_VS_12_H_ANTI_IGM_STIM_ZFX_KO_BCELL_UP","GSE13547_2H_VS_12_H_ANTI_IGM_STIM_ZFX_KO_BCELL_UP","27/2154","166/21355",0.00864290600378769,0.0152541174999539,0.00454732768689373
"GSE25146_UNSTIM_VS_HELIOBACTER_PYLORI_LPS_STIM_AGS_CELL_DN","GSE25146_UNSTIM_VS_HELIOBACTER_PYLORI_LPS_STIM_AGS_CELL_DN","27/2154","166/21355",0.00864290600378769,0.0152541174999539,0.00454732768689373
"GSE37605_C57BL6_VS_NOD_FOXP3_IRES_GFP_TCONV_UP","GSE37605_C57BL6_VS_NOD_FOXP3_IRES_GFP_TCONV_UP","24/2154","143/21355",0.00876247967764632,0.0154598200799881,0.00460864864088913
"GSE32901_TH1_VS_TH17_ENRICHED_CD4_TCELL_UP","GSE32901_TH1_VS_TH17_ENRICHED_CD4_TCELL_UP","28/2154","174/21355",0.00877342944788275,0.0154631315984228,0.00460963582087274
"GSE40274_CTRL_VS_GATA1_TRANSDUCED_ACTIVATED_CD4_TCELL_DN","GSE40274_CTRL_VS_GATA1_TRANSDUCED_ACTIVATED_CD4_TCELL_DN","28/2154","174/21355",0.00877342944788275,0.0154631315984228,0.00460963582087274
"THAKAR_PBMC_INACTIVATED_INFLUENZA_AGE_21_30YO_NONRESPONDER_28DY_UP","THAKAR_PBMC_INACTIVATED_INFLUENZA_AGE_21_30YO_NONRESPONDER_28DY_UP","28/2154","174/21355",0.00877342944788275,0.0154631315984228,0.00460963582087274
"FULLER_PBMC_F_TULARENSIS_VACCINE_LVS_AGE_22_54YO_18HR_TO_48HR_EARLY_UP","FULLER_PBMC_F_TULARENSIS_VACCINE_LVS_AGE_22_54YO_18HR_TO_48HR_EARLY_UP","6/2154","19/21355",0.00892525269496089,0.0157198818564709,0.00468617433954108
"NAKAYA_PBMC_FLUAD_IMUVAC_MALE_AGE_14_27YO_CORRELATED_WITH_HAI_RESPONSE_MF59_ADJUVANTED_AND_NON_1DY_GENES_IN_BTM_M75_POSITIVE","NAKAYA_PBMC_FLUAD_IMUVAC_MALE_AGE_14_27YO_CORRELATED_WITH_HAI_RESPONSE_MF59_ADJUVANTED_AND_NON_1DY_GENES_IN_BTM_M75_POSITIVE","6/2154","19/21355",0.00892525269496089,0.0157198818564709,0.00468617433954108
"GSE11884_WT_VS_FURIN_KO_NAIVE_CD4_TCELL_DN","GSE11884_WT_VS_FURIN_KO_NAIVE_CD4_TCELL_DN","22/2154","128/21355",0.00893315028589181,0.0157283737643818,0.00468870581918636
"GSE13411_NAIVE_VS_IGM_MEMORY_BCELL_DN","GSE13411_NAIVE_VS_IGM_MEMORY_BCELL_DN","31/2154","198/21355",0.00899432022743217,0.0157979935839439,0.00470945983088531
"GSE17974_2.5H_VS_72H_IL4_AND_ANTI_IL12_ACT_CD4_TCELL_UP","GSE17974_2.5H_VS_72H_IL4_AND_ANTI_IL12_ACT_CD4_TCELL_UP","31/2154","198/21355",0.00899432022743217,0.0157979935839439,0.00470945983088531
"GSE360_CTRL_VS_B_MALAYI_LOW_DOSE_DC_UP","GSE360_CTRL_VS_B_MALAYI_LOW_DOSE_DC_UP","31/2154","198/21355",0.00899432022743217,0.0157979935839439,0.00470945983088531
"GSE36078_UNTREATED_VS_AD5_T425A_HEXON_INF_IL1R_KO_MOUSE_LUNG_DC_DN","GSE36078_UNTREATED_VS_AD5_T425A_HEXON_INF_IL1R_KO_MOUSE_LUNG_DC_DN","31/2154","198/21355",0.00899432022743217,0.0157979935839439,0.00470945983088531
"GSE36476_CTRL_VS_TSST_ACT_72H_MEMORY_CD4_TCELL_OLD_UP","GSE36476_CTRL_VS_TSST_ACT_72H_MEMORY_CD4_TCELL_OLD_UP","31/2154","198/21355",0.00899432022743217,0.0157979935839439,0.00470945983088531
"GSE3982_EOSINOPHIL_VS_BASOPHIL_DN","GSE3982_EOSINOPHIL_VS_BASOPHIL_DN","31/2154","198/21355",0.00899432022743217,0.0157979935839439,0.00470945983088531
"GSE3982_MAC_VS_NKCELL_DN","GSE3982_MAC_VS_NKCELL_DN","31/2154","198/21355",0.00899432022743217,0.0157979935839439,0.00470945983088531
"ZAK_PBMC_MRKAD5_HIV_1_GAG_POL_NEF_AGE_20_50YO_CORRELATED_WITH_CD8_T_CELL_RESPONSE_3DY_POSITIVE","ZAK_PBMC_MRKAD5_HIV_1_GAG_POL_NEF_AGE_20_50YO_CORRELATED_WITH_CD8_T_CELL_RESPONSE_3DY_POSITIVE","16/2154","84/21355",0.00916094878983617,0.0160851411958902,0.00479505995072396
"HOEK_NEUTROPHIL_2011_2012_TIV_ADULT_1DY_DN","HOEK_NEUTROPHIL_2011_2012_TIV_ADULT_1DY_DN","13/2154","63/21355",0.00920747015723119,0.0161612752879928,0.0048177558992071
"GSE13485_PRE_VS_POST_YF17D_VACCINATION_PBMC_UP","GSE13485_PRE_VS_POST_YF17D_VACCINATION_PBMC_UP","30/2154","191/21355",0.00961794771725528,0.0166750920672204,0.0049709272161436
"GSE29615_CTRL_VS_DAY3_LAIV_IFLU_VACCINE_PBMC_UP","GSE29615_CTRL_VS_DAY3_LAIV_IFLU_VACCINE_PBMC_UP","30/2154","191/21355",0.00961794771725528,0.0166750920672204,0.0049709272161436
"GSE12845_IGD_POS_BLOOD_VS_PRE_GC_TONSIL_BCELL_UP","GSE12845_IGD_POS_BLOOD_VS_PRE_GC_TONSIL_BCELL_UP","31/2154","199/21355",0.00965348572637832,0.0166750920672204,0.0049709272161436
"GSE14308_NAIVE_CD4_TCELL_VS_INDUCED_TREG_UP","GSE14308_NAIVE_CD4_TCELL_VS_INDUCED_TREG_UP","31/2154","199/21355",0.00965348572637832,0.0166750920672204,0.0049709272161436
"GSE14308_TH1_VS_NATURAL_TREG_DN","GSE14308_TH1_VS_NATURAL_TREG_DN","31/2154","199/21355",0.00965348572637832,0.0166750920672204,0.0049709272161436
"GSE1460_DP_THYMOCYTE_VS_NAIVE_CD4_TCELL_CORD_BLOOD_DN","GSE1460_DP_THYMOCYTE_VS_NAIVE_CD4_TCELL_CORD_BLOOD_DN","31/2154","199/21355",0.00965348572637832,0.0166750920672204,0.0049709272161436
"GSE14769_UNSTIM_VS_40MIN_LPS_BMDM_UP","GSE14769_UNSTIM_VS_40MIN_LPS_BMDM_UP","31/2154","199/21355",0.00965348572637832,0.0166750920672204,0.0049709272161436
"GSE15330_HSC_VS_MEGAKARYOCYTE_ERYTHROID_PROGENITOR_IKAROS_KO_DN","GSE15330_HSC_VS_MEGAKARYOCYTE_ERYTHROID_PROGENITOR_IKAROS_KO_DN","31/2154","199/21355",0.00965348572637832,0.0166750920672204,0.0049709272161436
"GSE15659_CD45RA_NEG_CD4_TCELL_VS_NONSUPPRESSIVE_TCELL_DN","GSE15659_CD45RA_NEG_CD4_TCELL_VS_NONSUPPRESSIVE_TCELL_DN","31/2154","199/21355",0.00965348572637832,0.0166750920672204,0.0049709272161436
"GSE17186_MEMORY_VS_CD21LOW_TRANSITIONAL_BCELL_DN","GSE17186_MEMORY_VS_CD21LOW_TRANSITIONAL_BCELL_DN","31/2154","199/21355",0.00965348572637832,0.0166750920672204,0.0049709272161436
"GSE17721_CTRL_VS_GARDIQUIMOD_0.5H_BMDC_DN","GSE17721_CTRL_VS_GARDIQUIMOD_0.5H_BMDC_DN","31/2154","199/21355",0.00965348572637832,0.0166750920672204,0.0049709272161436
"GSE17721_CTRL_VS_POLYIC_24H_BMDC_UP","GSE17721_CTRL_VS_POLYIC_24H_BMDC_UP","31/2154","199/21355",0.00965348572637832,0.0166750920672204,0.0049709272161436
"GSE17721_LPS_VS_PAM3CSK4_1H_BMDC_DN","GSE17721_LPS_VS_PAM3CSK4_1H_BMDC_DN","31/2154","199/21355",0.00965348572637832,0.0166750920672204,0.0049709272161436
"GSE17721_LPS_VS_PAM3CSK4_6H_BMDC_UP","GSE17721_LPS_VS_PAM3CSK4_6H_BMDC_UP","31/2154","199/21355",0.00965348572637832,0.0166750920672204,0.0049709272161436
"GSE17721_PAM3CSK4_VS_GADIQUIMOD_8H_BMDC_UP","GSE17721_PAM3CSK4_VS_GADIQUIMOD_8H_BMDC_UP","31/2154","199/21355",0.00965348572637832,0.0166750920672204,0.0049709272161436
"GSE17721_POLYIC_VS_GARDIQUIMOD_24H_BMDC_DN","GSE17721_POLYIC_VS_GARDIQUIMOD_24H_BMDC_DN","31/2154","199/21355",0.00965348572637832,0.0166750920672204,0.0049709272161436
"GSE18281_SUBCAPSULAR_CORTICAL_REGION_VS_WHOLE_MEDULLA_THYMUS_UP","GSE18281_SUBCAPSULAR_CORTICAL_REGION_VS_WHOLE_MEDULLA_THYMUS_UP","31/2154","199/21355",0.00965348572637832,0.0166750920672204,0.0049709272161436
"GSE19941_UNSTIM_VS_LPS_AND_IL10_STIM_IL10_KO_MACROPHAGE_DN","GSE19941_UNSTIM_VS_LPS_AND_IL10_STIM_IL10_KO_MACROPHAGE_DN","31/2154","199/21355",0.00965348572637832,0.0166750920672204,0.0049709272161436
"GSE20198_IL12_VS_IL12_IL18_TREATED_ACT_CD4_TCELL_UP","GSE20198_IL12_VS_IL12_IL18_TREATED_ACT_CD4_TCELL_UP","31/2154","199/21355",0.00965348572637832,0.0166750920672204,0.0049709272161436
"GSE20715_0H_VS_24H_OZONE_TLR4_KO_LUNG_UP","GSE20715_0H_VS_24H_OZONE_TLR4_KO_LUNG_UP","31/2154","199/21355",0.00965348572637832,0.0166750920672204,0.0049709272161436
"GSE21033_CTRL_VS_POLYIC_STIM_DC_3H_DN","GSE21033_CTRL_VS_POLYIC_STIM_DC_3H_DN","31/2154","199/21355",0.00965348572637832,0.0166750920672204,0.0049709272161436
"GSE21063_WT_VS_NFATC1_KO_8H_ANTI_IGM_STIM_BCELL_UP","GSE21063_WT_VS_NFATC1_KO_8H_ANTI_IGM_STIM_BCELL_UP","31/2154","199/21355",0.00965348572637832,0.0166750920672204,0.0049709272161436
"GSE22886_NAIVE_TCELL_VS_NEUTROPHIL_DN","GSE22886_NAIVE_TCELL_VS_NEUTROPHIL_DN","31/2154","199/21355",0.00965348572637832,0.0166750920672204,0.0049709272161436
"GSE23505_IL6_IL1_IL23_VS_IL6_IL1_TGFB_TREATED_CD4_TCELL_DN","GSE23505_IL6_IL1_IL23_VS_IL6_IL1_TGFB_TREATED_CD4_TCELL_DN","31/2154","199/21355",0.00965348572637832,0.0166750920672204,0.0049709272161436
"GSE2405_HEAT_KILLED_LYSATE_VS_LIVE_A_PHAGOCYTOPHILUM_STIM_NEUTROPHIL_9H_DN","GSE2405_HEAT_KILLED_LYSATE_VS_LIVE_A_PHAGOCYTOPHILUM_STIM_NEUTROPHIL_9H_DN","31/2154","199/21355",0.00965348572637832,0.0166750920672204,0.0049709272161436
"GSE24142_EARLY_THYMIC_PROGENITOR_VS_DN2_THYMOCYTE_DN","GSE24142_EARLY_THYMIC_PROGENITOR_VS_DN2_THYMOCYTE_DN","31/2154","199/21355",0.00965348572637832,0.0166750920672204,0.0049709272161436
"GSE2770_IL12_VS_IL4_TREATED_ACT_CD4_TCELL_48H_DN","GSE2770_IL12_VS_IL4_TREATED_ACT_CD4_TCELL_48H_DN","31/2154","199/21355",0.00965348572637832,0.0166750920672204,0.0049709272161436
"GSE27786_NEUTROPHIL_VS_MONO_MAC_DN","GSE27786_NEUTROPHIL_VS_MONO_MAC_DN","31/2154","199/21355",0.00965348572637832,0.0166750920672204,0.0049709272161436
"GSE28783_ANTI_MIR33_VS_CTRL_ATHEROSCLEROSIS_MACROPHAGE_UP","GSE28783_ANTI_MIR33_VS_CTRL_ATHEROSCLEROSIS_MACROPHAGE_UP","31/2154","199/21355",0.00965348572637832,0.0166750920672204,0.0049709272161436
"GSE28783_ANTI_MIR33_VS_UNTREATED_ATHEROSCLEROSIS_MACROPHAGE_UP","GSE28783_ANTI_MIR33_VS_UNTREATED_ATHEROSCLEROSIS_MACROPHAGE_UP","31/2154","199/21355",0.00965348572637832,0.0166750920672204,0.0049709272161436
"GSE28783_CTRL_ANTI_MIR_VS_UNTREATED_ATHEROSCLEROSIS_MACROPHAGE_UP","GSE28783_CTRL_ANTI_MIR_VS_UNTREATED_ATHEROSCLEROSIS_MACROPHAGE_UP","31/2154","199/21355",0.00965348572637832,0.0166750920672204,0.0049709272161436
"GSE29618_PRE_VS_DAY7_FLU_VACCINE_MONOCYTE_DN","GSE29618_PRE_VS_DAY7_FLU_VACCINE_MONOCYTE_DN","31/2154","199/21355",0.00965348572637832,0.0166750920672204,0.0049709272161436
"GSE32034_UNTREATED_VS_ROSIGLIZATONE_TREATED_LY6C_HIGH_MONOCYTE_DN","GSE32034_UNTREATED_VS_ROSIGLIZATONE_TREATED_LY6C_HIGH_MONOCYTE_DN","31/2154","199/21355",0.00965348572637832,0.0166750920672204,0.0049709272161436
"GSE33374_CD8_ALPHAALPHA_VS_ALPHABETA_CD161_HIGH_TCELL_UP","GSE33374_CD8_ALPHAALPHA_VS_ALPHABETA_CD161_HIGH_TCELL_UP","31/2154","199/21355",0.00965348572637832,0.0166750920672204,0.0049709272161436
"GSE360_L_DONOVANI_VS_B_MALAYI_LOW_DOSE_DC_UP","GSE360_L_DONOVANI_VS_B_MALAYI_LOW_DOSE_DC_UP","31/2154","199/21355",0.00965348572637832,0.0166750920672204,0.0049709272161436
"GSE360_L_DONOVANI_VS_M_TUBERCULOSIS_MAC_DN","GSE360_L_DONOVANI_VS_M_TUBERCULOSIS_MAC_DN","31/2154","199/21355",0.00965348572637832,0.0166750920672204,0.0049709272161436
"GSE37301_LYMPHOID_PRIMED_MPP_VS_RAG2_KO_NK_CELL_UP","GSE37301_LYMPHOID_PRIMED_MPP_VS_RAG2_KO_NK_CELL_UP","31/2154","199/21355",0.00965348572637832,0.0166750920672204,0.0049709272161436
"GSE37416_CTRL_VS_48H_F_TULARENSIS_LVS_NEUTROPHIL_DN","GSE37416_CTRL_VS_48H_F_TULARENSIS_LVS_NEUTROPHIL_DN","31/2154","199/21355",0.00965348572637832,0.0166750920672204,0.0049709272161436
"GSE3982_NEUTROPHIL_VS_TH1_DN","GSE3982_NEUTROPHIL_VS_TH1_DN","31/2154","199/21355",0.00965348572637832,0.0166750920672204,0.0049709272161436
"GSE39820_CTRL_VS_TGFBETA1_IL6_IL23A_CD4_TCELL_UP","GSE39820_CTRL_VS_TGFBETA1_IL6_IL23A_CD4_TCELL_UP","31/2154","199/21355",0.00965348572637832,0.0166750920672204,0.0049709272161436
"GSE40184_HEALTHY_VS_HCV_INFECTED_DONOR_PBMC_UP","GSE40184_HEALTHY_VS_HCV_INFECTED_DONOR_PBMC_UP","31/2154","199/21355",0.00965348572637832,0.0166750920672204,0.0049709272161436
"GSE40274_HELIOS_VS_FOXP3_AND_HELIOS_TRANSDUCED_ACTIVATED_CD4_TCELL_DN","GSE40274_HELIOS_VS_FOXP3_AND_HELIOS_TRANSDUCED_ACTIVATED_CD4_TCELL_DN","31/2154","199/21355",0.00965348572637832,0.0166750920672204,0.0049709272161436
"GSE411_UNSTIM_VS_400MIN_IL6_STIM_SOCS3_KO_MACROPHAGE_DN","GSE411_UNSTIM_VS_400MIN_IL6_STIM_SOCS3_KO_MACROPHAGE_DN","31/2154","199/21355",0.00965348572637832,0.0166750920672204,0.0049709272161436
"GSE43863_TFH_VS_LY6C_INT_CXCR5POS_MEMORY_CD4_TCELL_UP","GSE43863_TFH_VS_LY6C_INT_CXCR5POS_MEMORY_CD4_TCELL_UP","31/2154","199/21355",0.00965348572637832,0.0166750920672204,0.0049709272161436
"GSE43955_10H_VS_30H_ACT_CD4_TCELL_WITH_TGFB_IL6_DN","GSE43955_10H_VS_30H_ACT_CD4_TCELL_WITH_TGFB_IL6_DN","31/2154","199/21355",0.00965348572637832,0.0166750920672204,0.0049709272161436
"GSE5099_UNSTIM_VS_MCSF_TREATED_MONOCYTE_DAY3_UP","GSE5099_UNSTIM_VS_MCSF_TREATED_MONOCYTE_DAY3_UP","31/2154","199/21355",0.00965348572637832,0.0166750920672204,0.0049709272161436
"GSE5542_UNTREATED_VS_IFNA_AND_IFNG_TREATED_EPITHELIAL_CELLS_24H_UP","GSE5542_UNTREATED_VS_IFNA_AND_IFNG_TREATED_EPITHELIAL_CELLS_24H_UP","31/2154","199/21355",0.00965348572637832,0.0166750920672204,0.0049709272161436
"GSE4984_UNTREATED_VS_LPS_TREATED_DC_UP","GSE4984_UNTREATED_VS_LPS_TREATED_DC_UP","25/2154","152/21355",0.00976545981326936,0.0168628152736394,0.00502688843015838
"GSE37301_MULTIPOTENT_PROGENITOR_VS_COMMON_LYMPHOID_PROGENITOR_UP","GSE37301_MULTIPOTENT_PROGENITOR_VS_COMMON_LYMPHOID_PROGENITOR_UP","27/2154","168/21355",0.0100957284795677,0.0172630850145827,0.00514621081476849
"GSE3720_UNSTIM_VS_PMA_STIM_VD1_GAMMADELTA_TCELL_UP","GSE3720_UNSTIM_VS_PMA_STIM_VD1_GAMMADELTA_TCELL_UP","28/2154","176/21355",0.0102052197562265,0.0172630850145827,0.00514621081476849
"ANDERSON_BLOOD_CN54GP140_ADJUVANTED_WITH_GLA_AF_AGE_18_45YO_1DY_DN","ANDERSON_BLOOD_CN54GP140_ADJUVANTED_WITH_GLA_AF_AGE_18_45YO_1DY_DN","16/2154","85/21355",0.0102566951745778,0.0172630850145827,0.00514621081476849
"GSE37534_PIOGLITAZONE_VS_ROSIGLITAZONE_TREATED_CD4_TCELL_PPARG1_FOXP3_TRANSDUCED_UP","GSE37534_PIOGLITAZONE_VS_ROSIGLITAZONE_TREATED_CD4_TCELL_PPARG1_FOXP3_TRANSDUCED_UP","29/2154","184/21355",0.01028230067251,0.0172630850145827,0.00514621081476849
"GSE38696_LIGHT_ZONE_VS_DARK_ZONE_BCELL_UP","GSE38696_LIGHT_ZONE_VS_DARK_ZONE_BCELL_UP","29/2154","184/21355",0.01028230067251,0.0172630850145827,0.00514621081476849
"GSE6259_BCELL_VS_CD4_TCELL_UP","GSE6259_BCELL_VS_CD4_TCELL_UP","30/2154","192/21355",0.0103301692549199,0.0172630850145827,0.00514621081476849
"GSE10239_MEMORY_VS_KLRG1HIGH_EFF_CD8_TCELL_DN","GSE10239_MEMORY_VS_KLRG1HIGH_EFF_CD8_TCELL_DN","31/2154","200/21355",0.0103517736465305,0.0172630850145827,0.00514621081476849
"GSE11864_CSF1_IFNG_VS_CSF1_PAM3CYS_IN_MAC_UP","GSE11864_CSF1_IFNG_VS_CSF1_PAM3CYS_IN_MAC_UP","31/2154","200/21355",0.0103517736465305,0.0172630850145827,0.00514621081476849
"GSE11961_GERMINAL_CENTER_BCELL_DAY7_VS_MEMORY_BCELL_DAY40_DN","GSE11961_GERMINAL_CENTER_BCELL_DAY7_VS_MEMORY_BCELL_DAY40_DN","31/2154","200/21355",0.0103517736465305,0.0172630850145827,0.00514621081476849
"GSE13306_LAMINA_PROPRIA_VS_SPLEEN_TREG_DN","GSE13306_LAMINA_PROPRIA_VS_SPLEEN_TREG_DN","31/2154","200/21355",0.0103517736465305,0.0172630850145827,0.00514621081476849
"GSE14308_NAIVE_CD4_TCELL_VS_NATURAL_TREG_DN","GSE14308_NAIVE_CD4_TCELL_VS_NATURAL_TREG_DN","31/2154","200/21355",0.0103517736465305,0.0172630850145827,0.00514621081476849
"GSE14308_TH17_VS_NATURAL_TREG_UP","GSE14308_TH17_VS_NATURAL_TREG_UP","31/2154","200/21355",0.0103517736465305,0.0172630850145827,0.00514621081476849
"GSE14308_TH2_VS_INDUCED_TREG_DN","GSE14308_TH2_VS_INDUCED_TREG_DN","31/2154","200/21355",0.0103517736465305,0.0172630850145827,0.00514621081476849
"GSE1432_6H_VS_24H_IFNG_MICROGLIA_DN","GSE1432_6H_VS_24H_IFNG_MICROGLIA_DN","31/2154","200/21355",0.0103517736465305,0.0172630850145827,0.00514621081476849
"GSE1460_DP_VS_CD4_THYMOCYTE_UP","GSE1460_DP_VS_CD4_THYMOCYTE_UP","31/2154","200/21355",0.0103517736465305,0.0172630850145827,0.00514621081476849
"GSE14769_UNSTIM_VS_40MIN_LPS_BMDM_DN","GSE14769_UNSTIM_VS_40MIN_LPS_BMDM_DN","31/2154","200/21355",0.0103517736465305,0.0172630850145827,0.00514621081476849
"GSE14908_RESTING_VS_HDM_STIM_CD4_TCELL_NONATOPIC_PATIENT_UP","GSE14908_RESTING_VS_HDM_STIM_CD4_TCELL_NONATOPIC_PATIENT_UP","31/2154","200/21355",0.0103517736465305,0.0172630850145827,0.00514621081476849
"GSE16385_MONOCYTE_VS_12H_ROSIGLITAZONE_IL4_TREATED_MACROPHAGE_UP","GSE16385_MONOCYTE_VS_12H_ROSIGLITAZONE_IL4_TREATED_MACROPHAGE_UP","31/2154","200/21355",0.0103517736465305,0.0172630850145827,0.00514621081476849
"GSE16385_ROSIGLITAZONE_VS_UNTREATED_IFNG_TNF_STIM_MACROPHAGE_UP","GSE16385_ROSIGLITAZONE_VS_UNTREATED_IFNG_TNF_STIM_MACROPHAGE_UP","31/2154","200/21355",0.0103517736465305,0.0172630850145827,0.00514621081476849
"GSE17721_0.5H_VS_12H_POLYIC_BMDC_UP","GSE17721_0.5H_VS_12H_POLYIC_BMDC_UP","31/2154","200/21355",0.0103517736465305,0.0172630850145827,0.00514621081476849
"GSE17721_0.5H_VS_24H_GARDIQUIMOD_BMDC_DN","GSE17721_0.5H_VS_24H_GARDIQUIMOD_BMDC_DN","31/2154","200/21355",0.0103517736465305,0.0172630850145827,0.00514621081476849
"GSE17721_CPG_VS_GARDIQUIMOD_6H_BMDC_DN","GSE17721_CPG_VS_GARDIQUIMOD_6H_BMDC_DN","31/2154","200/21355",0.0103517736465305,0.0172630850145827,0.00514621081476849
"GSE17721_CTRL_VS_PAM3CSK4_0.5H_BMDC_UP","GSE17721_CTRL_VS_PAM3CSK4_0.5H_BMDC_UP","31/2154","200/21355",0.0103517736465305,0.0172630850145827,0.00514621081476849
"GSE17721_CTRL_VS_PAM3CSK4_24H_BMDC_DN","GSE17721_CTRL_VS_PAM3CSK4_24H_BMDC_DN","31/2154","200/21355",0.0103517736465305,0.0172630850145827,0.00514621081476849
"GSE17721_CTRL_VS_POLYIC_12H_BMDC_DN","GSE17721_CTRL_VS_POLYIC_12H_BMDC_DN","31/2154","200/21355",0.0103517736465305,0.0172630850145827,0.00514621081476849
"GSE17721_LPS_VS_CPG_16H_BMDC_UP","GSE17721_LPS_VS_CPG_16H_BMDC_UP","31/2154","200/21355",0.0103517736465305,0.0172630850145827,0.00514621081476849
"GSE17721_LPS_VS_CPG_2H_BMDC_UP","GSE17721_LPS_VS_CPG_2H_BMDC_UP","31/2154","200/21355",0.0103517736465305,0.0172630850145827,0.00514621081476849
"GSE17721_LPS_VS_POLYIC_12H_BMDC_UP","GSE17721_LPS_VS_POLYIC_12H_BMDC_UP","31/2154","200/21355",0.0103517736465305,0.0172630850145827,0.00514621081476849
"GSE17721_PAM3CSK4_VS_GADIQUIMOD_16H_BMDC_DN","GSE17721_PAM3CSK4_VS_GADIQUIMOD_16H_BMDC_DN","31/2154","200/21355",0.0103517736465305,0.0172630850145827,0.00514621081476849
"GSE17721_POLYIC_VS_CPG_1H_BMDC_UP","GSE17721_POLYIC_VS_CPG_1H_BMDC_UP","31/2154","200/21355",0.0103517736465305,0.0172630850145827,0.00514621081476849
"GSE17721_POLYIC_VS_PAM3CSK4_16H_BMDC_UP","GSE17721_POLYIC_VS_PAM3CSK4_16H_BMDC_UP","31/2154","200/21355",0.0103517736465305,0.0172630850145827,0.00514621081476849
"GSE17721_POLYIC_VS_PAM3CSK4_8H_BMDC_UP","GSE17721_POLYIC_VS_PAM3CSK4_8H_BMDC_UP","31/2154","200/21355",0.0103517736465305,0.0172630850145827,0.00514621081476849
"GSE17974_CTRL_VS_ACT_IL4_AND_ANTI_IL12_24H_CD4_TCELL_DN","GSE17974_CTRL_VS_ACT_IL4_AND_ANTI_IL12_24H_CD4_TCELL_DN","31/2154","200/21355",0.0103517736465305,0.0172630850145827,0.00514621081476849
"GSE18893_TCONV_VS_TREG_24H_TNF_STIM_UP","GSE18893_TCONV_VS_TREG_24H_TNF_STIM_UP","31/2154","200/21355",0.0103517736465305,0.0172630850145827,0.00514621081476849
"GSE1925_CTRL_VS_3H_IFNG_STIM_IFNG_PRIMED_MACROPHAGE_DN","GSE1925_CTRL_VS_3H_IFNG_STIM_IFNG_PRIMED_MACROPHAGE_DN","31/2154","200/21355",0.0103517736465305,0.0172630850145827,0.00514621081476849
"GSE20715_0H_VS_24H_OZONE_LUNG_DN","GSE20715_0H_VS_24H_OZONE_LUNG_DN","31/2154","200/21355",0.0103517736465305,0.0172630850145827,0.00514621081476849
"GSE20715_0H_VS_48H_OZONE_LUNG_DN","GSE20715_0H_VS_48H_OZONE_LUNG_DN","31/2154","200/21355",0.0103517736465305,0.0172630850145827,0.00514621081476849
"GSE21380_NON_TFH_VS_GERMINAL_CENTER_TFH_CD4_TCELL_DN","GSE21380_NON_TFH_VS_GERMINAL_CENTER_TFH_CD4_TCELL_DN","31/2154","200/21355",0.0103517736465305,0.0172630850145827,0.00514621081476849
"GSE21670_IL6_VS_TGFB_AND_IL6_TREATED_STAT3_KO_CD4_TCELL_UP","GSE21670_IL6_VS_TGFB_AND_IL6_TREATED_STAT3_KO_CD4_TCELL_UP","31/2154","200/21355",0.0103517736465305,0.0172630850145827,0.00514621081476849
"GSE22033_UNTREATED_VS_MRL24_TREATED_MEF_UP","GSE22033_UNTREATED_VS_MRL24_TREATED_MEF_UP","31/2154","200/21355",0.0103517736465305,0.0172630850145827,0.00514621081476849
"GSE22282_HYPOXIA_VS_NORMOXIA_MYELOID_DC_UP","GSE22282_HYPOXIA_VS_NORMOXIA_MYELOID_DC_UP","31/2154","200/21355",0.0103517736465305,0.0172630850145827,0.00514621081476849
"GSE22886_NAIVE_CD4_TCELL_VS_12H_ACT_TH2_DN","GSE22886_NAIVE_CD4_TCELL_VS_12H_ACT_TH2_DN","31/2154","200/21355",0.0103517736465305,0.0172630850145827,0.00514621081476849
"GSE22935_UNSTIM_VS_24H_MBOVIS_BCG_STIM_MACROPHAGE_DN","GSE22935_UNSTIM_VS_24H_MBOVIS_BCG_STIM_MACROPHAGE_DN","31/2154","200/21355",0.0103517736465305,0.0172630850145827,0.00514621081476849
"GSE22935_WT_VS_MYD88_KO_MACROPHAGE_24H_MBOVIS_BCG_STIM_DN","GSE22935_WT_VS_MYD88_KO_MACROPHAGE_24H_MBOVIS_BCG_STIM_DN","31/2154","200/21355",0.0103517736465305,0.0172630850145827,0.00514621081476849
"GSE23321_CENTRAL_VS_EFFECTOR_MEMORY_CD8_TCELL_DN","GSE23321_CENTRAL_VS_EFFECTOR_MEMORY_CD8_TCELL_DN","31/2154","200/21355",0.0103517736465305,0.0172630850145827,0.00514621081476849
"GSE23695_CD57_POS_VS_NEG_NK_CELL_DN","GSE23695_CD57_POS_VS_NEG_NK_CELL_DN","31/2154","200/21355",0.0103517736465305,0.0172630850145827,0.00514621081476849
"GSE23925_DARK_ZONE_VS_NAIVE_BCELL_UP","GSE23925_DARK_ZONE_VS_NAIVE_BCELL_UP","31/2154","200/21355",0.0103517736465305,0.0172630850145827,0.00514621081476849
"GSE24142_ADULT_VS_FETAL_DN3_THYMOCYTE_DN","GSE24142_ADULT_VS_FETAL_DN3_THYMOCYTE_DN","31/2154","200/21355",0.0103517736465305,0.0172630850145827,0.00514621081476849
"GSE24574_NAIVE_VS_TCONV_CD4_TCELL_DN","GSE24574_NAIVE_VS_TCONV_CD4_TCELL_DN","31/2154","200/21355",0.0103517736465305,0.0172630850145827,0.00514621081476849
"GSE24972_MARGINAL_ZONE_BCELL_VS_FOLLICULAR_BCELL_DN","GSE24972_MARGINAL_ZONE_BCELL_VS_FOLLICULAR_BCELL_DN","31/2154","200/21355",0.0103517736465305,0.0172630850145827,0.00514621081476849
"GSE25123_ROSIGLITAZONE_VS_IL4_AND_ROSIGLITAZONE_STIM_PPARG_KO_MACROPHAGE_DAY10_UP","GSE25123_ROSIGLITAZONE_VS_IL4_AND_ROSIGLITAZONE_STIM_PPARG_KO_MACROPHAGE_DAY10_UP","31/2154","200/21355",0.0103517736465305,0.0172630850145827,0.00514621081476849
"GSE2585_THYMIC_DC_VS_MTEC_DN","GSE2585_THYMIC_DC_VS_MTEC_DN","31/2154","200/21355",0.0103517736465305,0.0172630850145827,0.00514621081476849
"GSE27434_WT_VS_DNMT1_KO_TREG_DN","GSE27434_WT_VS_DNMT1_KO_TREG_DN","31/2154","200/21355",0.0103517736465305,0.0172630850145827,0.00514621081476849
"GSE27434_WT_VS_DNMT1_KO_TREG_UP","GSE27434_WT_VS_DNMT1_KO_TREG_UP","31/2154","200/21355",0.0103517736465305,0.0172630850145827,0.00514621081476849
"GSE2770_IL12_ACT_VS_ACT_CD4_TCELL_48H_UP","GSE2770_IL12_ACT_VS_ACT_CD4_TCELL_48H_UP","31/2154","200/21355",0.0103517736465305,0.0172630850145827,0.00514621081476849
"GSE2770_UNTREATED_VS_TGFB_AND_IL12_TREATED_ACT_CD4_TCELL_6H_UP","GSE2770_UNTREATED_VS_TGFB_AND_IL12_TREATED_ACT_CD4_TCELL_6H_UP","31/2154","200/21355",0.0103517736465305,0.0172630850145827,0.00514621081476849
"GSE27786_ERYTHROBLAST_VS_MONO_MAC_DN","GSE27786_ERYTHROBLAST_VS_MONO_MAC_DN","31/2154","200/21355",0.0103517736465305,0.0172630850145827,0.00514621081476849
"GSE27786_LIN_NEG_VS_MONO_MAC_DN","GSE27786_LIN_NEG_VS_MONO_MAC_DN","31/2154","200/21355",0.0103517736465305,0.0172630850145827,0.00514621081476849
"GSE27786_LSK_VS_NKTCELL_UP","GSE27786_LSK_VS_NKTCELL_UP","31/2154","200/21355",0.0103517736465305,0.0172630850145827,0.00514621081476849
"GSE2826_WT_VS_BTK_KO_BCELL_UP","GSE2826_WT_VS_BTK_KO_BCELL_UP","31/2154","200/21355",0.0103517736465305,0.0172630850145827,0.00514621081476849
"GSE28726_ACT_CD4_TCELL_VS_ACT_NKTCELL_UP","GSE28726_ACT_CD4_TCELL_VS_ACT_NKTCELL_UP","31/2154","200/21355",0.0103517736465305,0.0172630850145827,0.00514621081476849
"GSE29949_CD8_NEG_DC_SPLEEN_VS_CD8_POS_DC_SPLEEN_DN","GSE29949_CD8_NEG_DC_SPLEEN_VS_CD8_POS_DC_SPLEEN_DN","31/2154","200/21355",0.0103517736465305,0.0172630850145827,0.00514621081476849
"GSE31082_DP_VS_CD8_SP_THYMOCYTE_DN","GSE31082_DP_VS_CD8_SP_THYMOCYTE_DN","31/2154","200/21355",0.0103517736465305,0.0172630850145827,0.00514621081476849
"GSE31082_DP_VS_CD8_SP_THYMOCYTE_UP","GSE31082_DP_VS_CD8_SP_THYMOCYTE_UP","31/2154","200/21355",0.0103517736465305,0.0172630850145827,0.00514621081476849
"GSE3203_UNTREATED_VS_IFNB_TREATED_LN_BCELL_UP","GSE3203_UNTREATED_VS_IFNB_TREATED_LN_BCELL_UP","31/2154","200/21355",0.0103517736465305,0.0172630850145827,0.00514621081476849
"GSE32034_LY6C_HIGH_VS_LOW_ROSIGLIZATONE_TREATED_MONOCYTE_UP","GSE32034_LY6C_HIGH_VS_LOW_ROSIGLIZATONE_TREATED_MONOCYTE_UP","31/2154","200/21355",0.0103517736465305,0.0172630850145827,0.00514621081476849
"GSE32423_CTRL_VS_IL4_MEMORY_CD8_TCELL_UP","GSE32423_CTRL_VS_IL4_MEMORY_CD8_TCELL_UP","31/2154","200/21355",0.0103517736465305,0.0172630850145827,0.00514621081476849
"GSE32423_CTRL_VS_IL7_IL4_MEMORY_CD8_TCELL_UP","GSE32423_CTRL_VS_IL7_IL4_MEMORY_CD8_TCELL_UP","31/2154","200/21355",0.0103517736465305,0.0172630850145827,0.00514621081476849
"GSE32986_CURDLAN_LOWDOSE_VS_CURDLAN_HIGHDOSE_STIM_DC_DN","GSE32986_CURDLAN_LOWDOSE_VS_CURDLAN_HIGHDOSE_STIM_DC_DN","31/2154","200/21355",0.0103517736465305,0.0172630850145827,0.00514621081476849
"GSE3337_4H_VS_16H_IFNG_IN_CD8POS_DC_UP","GSE3337_4H_VS_16H_IFNG_IN_CD8POS_DC_UP","31/2154","200/21355",0.0103517736465305,0.0172630850145827,0.00514621081476849
"GSE339_CD8POS_VS_CD4CD8DN_DC_IN_CULTURE_DN","GSE339_CD8POS_VS_CD4CD8DN_DC_IN_CULTURE_DN","31/2154","200/21355",0.0103517736465305,0.0172630850145827,0.00514621081476849
"GSE360_CTRL_VS_L_DONOVANI_DC_DN","GSE360_CTRL_VS_L_DONOVANI_DC_DN","31/2154","200/21355",0.0103517736465305,0.0172630850145827,0.00514621081476849
"GSE360_L_MAJOR_VS_B_MALAYI_HIGH_DOSE_MAC_UP","GSE360_L_MAJOR_VS_B_MALAYI_HIGH_DOSE_MAC_UP","31/2154","200/21355",0.0103517736465305,0.0172630850145827,0.00514621081476849
"GSE360_L_MAJOR_VS_B_MALAYI_LOW_DOSE_DC_UP","GSE360_L_MAJOR_VS_B_MALAYI_LOW_DOSE_DC_UP","31/2154","200/21355",0.0103517736465305,0.0172630850145827,0.00514621081476849
"GSE36009_WT_VS_NLRP10_KO_DC_UP","GSE36009_WT_VS_NLRP10_KO_DC_UP","31/2154","200/21355",0.0103517736465305,0.0172630850145827,0.00514621081476849
"GSE36078_WT_VS_IL1R_KO_LUNG_DC_UP","GSE36078_WT_VS_IL1R_KO_LUNG_DC_UP","31/2154","200/21355",0.0103517736465305,0.0172630850145827,0.00514621081476849
"GSE37605_FOXP3_FUSION_GFP_VS_IRES_GFP_TREG_NOD_UP","GSE37605_FOXP3_FUSION_GFP_VS_IRES_GFP_TREG_NOD_UP","31/2154","200/21355",0.0103517736465305,0.0172630850145827,0.00514621081476849
"GSE39152_SPLEEN_CD103_NEG_VS_BRAIN_CD103_POS_MEMORY_CD8_TCELL_UP","GSE39152_SPLEEN_CD103_NEG_VS_BRAIN_CD103_POS_MEMORY_CD8_TCELL_UP","31/2154","200/21355",0.0103517736465305,0.0172630850145827,0.00514621081476849
"GSE3982_DC_VS_MAC_LPS_STIM_UP","GSE3982_DC_VS_MAC_LPS_STIM_UP","31/2154","200/21355",0.0103517736465305,0.0172630850145827,0.00514621081476849
"GSE39820_IL1B_IL6_VS_IL1B_IL6_IL23A_TREATED_CD4_TCELL_DN","GSE39820_IL1B_IL6_VS_IL1B_IL6_IL23A_TREATED_CD4_TCELL_DN","31/2154","200/21355",0.0103517736465305,0.0172630850145827,0.00514621081476849
"GSE40068_CXCR5POS_BCL6POS_TFH_VS_CXCR5NEG_BCL6NEG_CD4_TCELL_UP","GSE40068_CXCR5POS_BCL6POS_TFH_VS_CXCR5NEG_BCL6NEG_CD4_TCELL_UP","31/2154","200/21355",0.0103517736465305,0.0172630850145827,0.00514621081476849
"GSE40274_CTRL_VS_FOXP3_AND_HELIOS_TRANSDUCED_ACTIVATED_CD4_TCELL_DN","GSE40274_CTRL_VS_FOXP3_AND_HELIOS_TRANSDUCED_ACTIVATED_CD4_TCELL_DN","31/2154","200/21355",0.0103517736465305,0.0172630850145827,0.00514621081476849
"GSE40274_CTRL_VS_FOXP3_TRANSDUCED_ACTIVATED_CD4_TCELL_UP","GSE40274_CTRL_VS_FOXP3_TRANSDUCED_ACTIVATED_CD4_TCELL_UP","31/2154","200/21355",0.0103517736465305,0.0172630850145827,0.00514621081476849
"GSE40277_EOS_AND_LEF1_TRANSDUCED_VS_GATA1_AND_SATB1_TRANSDUCED_CD4_TCELL_UP","GSE40277_EOS_AND_LEF1_TRANSDUCED_VS_GATA1_AND_SATB1_TRANSDUCED_CD4_TCELL_UP","31/2154","200/21355",0.0103517736465305,0.0172630850145827,0.00514621081476849
"GSE40666_NAIVE_VS_EFFECTOR_CD8_TCELL_UP","GSE40666_NAIVE_VS_EFFECTOR_CD8_TCELL_UP","31/2154","200/21355",0.0103517736465305,0.0172630850145827,0.00514621081476849
"GSE41867_NAIVE_VS_DAY15_LCMV_EFFECTOR_CD8_TCELL_DN","GSE41867_NAIVE_VS_DAY15_LCMV_EFFECTOR_CD8_TCELL_DN","31/2154","200/21355",0.0103517736465305,0.0172630850145827,0.00514621081476849
"GSE42021_CD24HI_VS_CD24INT_TCONV_THYMUS_DN","GSE42021_CD24HI_VS_CD24INT_TCONV_THYMUS_DN","31/2154","200/21355",0.0103517736465305,0.0172630850145827,0.00514621081476849
"GSE42724_MEMORY_VS_B1_BCELL_UP","GSE42724_MEMORY_VS_B1_BCELL_UP","31/2154","200/21355",0.0103517736465305,0.0172630850145827,0.00514621081476849
"GSE43863_NAIVE_VS_MEMORY_LY6C_INT_CXCR5POS_CD4_TCELL_D150_LCMV_DN","GSE43863_NAIVE_VS_MEMORY_LY6C_INT_CXCR5POS_CD4_TCELL_D150_LCMV_DN","31/2154","200/21355",0.0103517736465305,0.0172630850145827,0.00514621081476849
"GSE43955_1H_VS_42H_ACT_CD4_TCELL_WITH_TGFB_IL6_DN","GSE43955_1H_VS_42H_ACT_CD4_TCELL_WITH_TGFB_IL6_DN","31/2154","200/21355",0.0103517736465305,0.0172630850145827,0.00514621081476849
"GSE43955_TH0_VS_TGFB_IL6_TH17_ACT_CD4_TCELL_60H_UP","GSE43955_TH0_VS_TGFB_IL6_TH17_ACT_CD4_TCELL_60H_UP","31/2154","200/21355",0.0103517736465305,0.0172630850145827,0.00514621081476849
"GSE46606_IRF4HIGH_VS_IRF4MID_CD40L_IL2_IL5_DAY3_STIMULATED_BCELL_UP","GSE46606_IRF4HIGH_VS_IRF4MID_CD40L_IL2_IL5_DAY3_STIMULATED_BCELL_UP","31/2154","200/21355",0.0103517736465305,0.0172630850145827,0.00514621081476849
"GSE4748_CTRL_VS_CYANOBACTERIUM_LPSLIKE_STIM_DC_3H_DN","GSE4748_CTRL_VS_CYANOBACTERIUM_LPSLIKE_STIM_DC_3H_DN","31/2154","200/21355",0.0103517736465305,0.0172630850145827,0.00514621081476849
"GSE4748_CTRL_VS_LPS_STIM_DC_3H_UP","GSE4748_CTRL_VS_LPS_STIM_DC_3H_UP","31/2154","200/21355",0.0103517736465305,0.0172630850145827,0.00514621081476849
"GSE5542_IFNA_VS_IFNA_AND_IFNG_TREATED_EPITHELIAL_CELLS_6H_UP","GSE5542_IFNA_VS_IFNA_AND_IFNG_TREATED_EPITHELIAL_CELLS_6H_UP","31/2154","200/21355",0.0103517736465305,0.0172630850145827,0.00514621081476849
"GSE5542_IFNG_VS_IFNA_TREATED_EPITHELIAL_CELLS_6H_DN","GSE5542_IFNG_VS_IFNA_TREATED_EPITHELIAL_CELLS_6H_DN","31/2154","200/21355",0.0103517736465305,0.0172630850145827,0.00514621081476849
"GSE557_WT_VS_I_AB_KO_DC_UP","GSE557_WT_VS_I_AB_KO_DC_UP","31/2154","200/21355",0.0103517736465305,0.0172630850145827,0.00514621081476849
"GSE5589_LPS_VS_LPS_AND_IL10_STIM_IL10_KO_MACROPHAGE_180MIN_UP","GSE5589_LPS_VS_LPS_AND_IL10_STIM_IL10_KO_MACROPHAGE_180MIN_UP","31/2154","200/21355",0.0103517736465305,0.0172630850145827,0.00514621081476849
"GSE5679_PPARG_LIGAND_ROSIGLITAZONE_VS_ROSIGLITAZONE_AND_RARA_AGONIST_AM580_TREATED_DC_DN","GSE5679_PPARG_LIGAND_ROSIGLITAZONE_VS_ROSIGLITAZONE_AND_RARA_AGONIST_AM580_TREATED_DC_DN","31/2154","200/21355",0.0103517736465305,0.0172630850145827,0.00514621081476849
"GSE7764_IL15_TREATED_VS_CTRL_NK_CELL_24H_DN","GSE7764_IL15_TREATED_VS_CTRL_NK_CELL_24H_DN","31/2154","200/21355",0.0103517736465305,0.0172630850145827,0.00514621081476849
"GSE7831_UNSTIM_VS_INFLUENZA_STIM_PDC_4H_DN","GSE7831_UNSTIM_VS_INFLUENZA_STIM_PDC_4H_DN","31/2154","200/21355",0.0103517736465305,0.0172630850145827,0.00514621081476849
"GSE7852_LN_VS_FAT_TREG_UP","GSE7852_LN_VS_FAT_TREG_UP","31/2154","200/21355",0.0103517736465305,0.0172630850145827,0.00514621081476849
"GSE8621_LPS_PRIMED_UNSTIM_VS_LPS_PRIMED_AND_LPS_STIM_MACROPHAGE_DN","GSE8621_LPS_PRIMED_UNSTIM_VS_LPS_PRIMED_AND_LPS_STIM_MACROPHAGE_DN","31/2154","200/21355",0.0103517736465305,0.0172630850145827,0.00514621081476849
"GSE9037_CTRL_VS_LPS_1H_STIM_IRAK4_KO_BMDM_UP","GSE9037_CTRL_VS_LPS_1H_STIM_IRAK4_KO_BMDM_UP","31/2154","200/21355",0.0103517736465305,0.0172630850145827,0.00514621081476849
"GSE9037_WT_VS_IRAK4_KO_BMDM_UP","GSE9037_WT_VS_IRAK4_KO_BMDM_UP","31/2154","200/21355",0.0103517736465305,0.0172630850145827,0.00514621081476849
"GSE40274_EOS_VS_FOXP3_AND_EOS_TRANSDUCED_ACTIVATED_CD4_TCELL_UP","GSE40274_EOS_VS_FOXP3_AND_EOS_TRANSDUCED_ACTIVATED_CD4_TCELL_UP","25/2154","153/21355",0.0105859683075759,0.0176478826073151,0.00526092087566106
"GSE4590_SMALL_VS_VPREB_POS_LARGE_PRE_BCELL_UP","GSE4590_SMALL_VS_VPREB_POS_LARGE_PRE_BCELL_UP","27/2154","169/21355",0.0108933832897486,0.018154455267433,0.00541193268495022
"GSE6259_FLT3L_INDUCED_33D1_POS_DC_VS_CD8_TCELL_UP","GSE6259_FLT3L_INDUCED_33D1_POS_DC_VS_CD8_TCELL_UP","24/2154","146/21355",0.0112528838706125,0.0187474731933665,0.00558871425447922
"GSE7509_FCGRIIB_VS_TNFA_IL1B_IL6_PGE_STIM_DC_DN","GSE7509_FCGRIIB_VS_TNFA_IL1B_IL6_PGE_STIM_DC_DN","25/2154","154/21355",0.0114614095056499,0.0190886601962176,0.00569042378336398
"GSE6674_UNSTIM_VS_ANTI_IGM_STIM_BCELL_UP","GSE6674_UNSTIM_VS_ANTI_IGM_STIM_BCELL_UP","26/2154","162/21355",0.0116226904732182,0.0193509659360354,0.00576861841855729
"GSE13887_RESTING_VS_ACT_CD4_TCELL_DN","GSE13887_RESTING_VS_ACT_CD4_TCELL_DN","22/2154","131/21355",0.011640755996521,0.0193747348340533,0.00577570404432648
"GARCIA_PINERES_PBMC_HPV_16_L1_VLP_AGE_18_25YO_12MO_CORRELATED_WITH_ANTIBODY_RESPONSE_NEGATIVE","GARCIA_PINERES_PBMC_HPV_16_L1_VLP_AGE_18_25YO_12MO_CORRELATED_WITH_ANTIBODY_RESPONSE_NEGATIVE","6/2154","20/21355",0.0116813915479686,0.0194360413227346,0.00579397981107389
"GSE37301_PRO_BCELL_VS_CD4_TCELL_UP","GSE37301_PRO_BCELL_VS_CD4_TCELL_UP","27/2154","170/21355",0.0117414241887732,0.0195295712027318,0.00582186152975504
"GSE37533_PPARG1_FOXP3_VS_PPARG2_FOXP3_TRANSDUCED_CD4_TCELL_UP","GSE37533_PPARG1_FOXP3_VS_PPARG2_FOXP3_TRANSDUCED_CD4_TCELL_UP","28/2154","178/21355",0.0118219485472921,0.0196571131454648,0.00585988241214511
"GSE12366_PLASMA_CELL_VS_NAIVE_BCELL_UP","GSE12366_PLASMA_CELL_VS_NAIVE_BCELL_UP","30/2154","194/21355",0.0118839557669088,0.019734545578501,0.00588296540246626
"GSE21927_UNTREATED_VS_GMCSF_IL6_TREATED_BONE_MARROW_UP","GSE21927_UNTREATED_VS_GMCSF_IL6_TREATED_BONE_MARROW_UP","30/2154","194/21355",0.0118839557669088,0.019734545578501,0.00588296540246626
"GSE25502_WT_VS_KLF13_KO_THYMIC_MEMORY_LIKE_CD8_TCELL_UP","GSE25502_WT_VS_KLF13_KO_THYMIC_MEMORY_LIKE_CD8_TCELL_UP","30/2154","194/21355",0.0118839557669088,0.019734545578501,0.00588296540246626
"GSE45837_WT_VS_GFI1_KO_PDC_UP","GSE45837_WT_VS_GFI1_KO_PDC_UP","30/2154","194/21355",0.0118839557669088,0.019734545578501,0.00588296540246626
"GSE4984_UNTREATED_VS_VEHICLE_CTRL_TREATED_DC_UP","GSE4984_UNTREATED_VS_VEHICLE_CTRL_TREATED_DC_UP","25/2154","155/21355",0.0123943291565985,0.0205753912265221,0.00613362563867212
"GSE37301_MULTIPOTENT_PROGENITOR_VS_PRO_BCELL_DN","GSE37301_MULTIPOTENT_PROGENITOR_VS_PRO_BCELL_DN","28/2154","179/21355",0.0127047820031884,0.0210839176833179,0.00628521988439053
"GSE10325_LUPUS_BCELL_VS_LUPUS_MYELOID_UP","GSE10325_LUPUS_BCELL_VS_LUPUS_MYELOID_UP","30/2154","195/21355",0.012729144717393,0.0211037992671953,0.00629114668263533
"GSE16385_IL4_VS_ROSIGLITAZONE_STIM_MACROPHAGE_DN","GSE16385_IL4_VS_ROSIGLITAZONE_STIM_MACROPHAGE_DN","30/2154","195/21355",0.012729144717393,0.0211037992671953,0.00629114668263533
"GSE45365_WT_VS_IFNAR_KO_BCELL_UP","GSE45365_WT_VS_IFNAR_KO_BCELL_UP","30/2154","195/21355",0.012729144717393,0.0211037992671953,0.00629114668263533
"ERWIN_COHEN_PBMC_TC_83_AGE_18_45YO_NON_RESPONDERS_PREVIOUSLY_IMMUNIZED_24HR_DEG_CANONICAL_PATHWAY_MEMBERS_DN","ERWIN_COHEN_PBMC_TC_83_AGE_18_45YO_NON_RESPONDERS_PREVIOUSLY_IMMUNIZED_24HR_DEG_CANONICAL_PATHWAY_MEMBERS_DN","5/2154","15/21355",0.0131472147014287,0.0217898569751717,0.00649566387022731
"HARALAMBIEVA_PBMC_M_M_R_II_AGE_11_22YO_VACCINATED_VS_UNVACCINATED_HIGH_ANTIBODY_RESPONDERS_TO_TREATMENT_7YR_DN","HARALAMBIEVA_PBMC_M_M_R_II_AGE_11_22YO_VACCINATED_VS_UNVACCINATED_HIGH_ANTIBODY_RESPONDERS_TO_TREATMENT_7YR_DN","4/2154","10/21355",0.0131635369141484,0.0218098393525731,0.00650162071551892
"GSE40274_CTRL_VS_GATA1_TRANSDUCED_ACTIVATED_CD4_TCELL_UP","GSE40274_CTRL_VS_GATA1_TRANSDUCED_ACTIVATED_CD4_TCELL_UP","24/2154","148/21355",0.0132091454488461,0.0218783157369453,0.00652203386354634
"GSE6092_CTRL_VS_BORRELIA_BIRGDOFERI_INF_ENDOTHELIAL_CELL_UP","GSE6092_CTRL_VS_BORRELIA_BIRGDOFERI_INF_ENDOTHELIAL_CELL_UP","25/2154","156/21355",0.0133873131522784,0.0221662345037563,0.00660786386845484
"GSE10211_UV_INACT_SENDAI_VS_LIVE_SENDAI_VIRUS_TRACHEAL_EPITHELIAL_CELLS_DN","GSE10211_UV_INACT_SENDAI_VS_LIVE_SENDAI_VIRUS_TRACHEAL_EPITHELIAL_CELLS_DN","26/2154","164/21355",0.0135149639284303,0.0223703498109628,0.00666871164858907
"GSE13411_NAIVE_VS_IGM_MEMORY_BCELL_UP","GSE13411_NAIVE_VS_IGM_MEMORY_BCELL_UP","30/2154","196/21355",0.0136223275492809,0.0224825567332063,0.00670216108571192
"GSE15215_CD2_POS_VS_NEG_PDC_UP","GSE15215_CD2_POS_VS_NEG_PDC_UP","30/2154","196/21355",0.0136223275492809,0.0224825567332063,0.00670216108571192
"GSE17301_CTRL_VS_48H_IFNA2_STIM_CD8_TCELL_DN","GSE17301_CTRL_VS_48H_IFNA2_STIM_CD8_TCELL_DN","30/2154","196/21355",0.0136223275492809,0.0224825567332063,0.00670216108571192
"GSE21546_WT_VS_ELK1_KO_ANTI_CD3_STIM_DP_THYMOCYTES_DN","GSE21546_WT_VS_ELK1_KO_ANTI_CD3_STIM_DP_THYMOCYTES_DN","30/2154","196/21355",0.0136223275492809,0.0224825567332063,0.00670216108571192
"GSE22611_UNSTIM_VS_6H_MDP_STIM_NOD2_TRANSDUCED_HEK293T_CELL_UP","GSE22611_UNSTIM_VS_6H_MDP_STIM_NOD2_TRANSDUCED_HEK293T_CELL_UP","30/2154","196/21355",0.0136223275492809,0.0224825567332063,0.00670216108571192
"GSE25088_WT_VS_STAT6_KO_MACROPHAGE_UP","GSE25088_WT_VS_STAT6_KO_MACROPHAGE_UP","30/2154","196/21355",0.0136223275492809,0.0224825567332063,0.00670216108571192
"GSE3982_DC_VS_EFF_MEMORY_CD4_TCELL_DN","GSE3982_DC_VS_EFF_MEMORY_CD4_TCELL_DN","30/2154","196/21355",0.0136223275492809,0.0224825567332063,0.00670216108571192
"GSE3982_MAC_VS_EFF_MEMORY_CD4_TCELL_DN","GSE3982_MAC_VS_EFF_MEMORY_CD4_TCELL_DN","30/2154","196/21355",0.0136223275492809,0.0224825567332063,0.00670216108571192
"GSE41867_DAY6_VS_DAY15_LCMV_ARMSTRONG_EFFECTOR_CD8_TCELL_UP","GSE41867_DAY6_VS_DAY15_LCMV_ARMSTRONG_EFFECTOR_CD8_TCELL_UP","30/2154","196/21355",0.0136223275492809,0.0224825567332063,0.00670216108571192
"GSE12839_CTRL_VS_IL12_TREATED_PBMC_UP","GSE12839_CTRL_VS_IL12_TREATED_PBMC_UP","24/2154","149/21355",0.0142844200729518,0.0235676798428533,0.00702564163843486
"GSE19941_IL10_KO_VS_IL10_KO_AND_NFKBP50_KO_LPS_AND_IL10_STIM_MACROPHAGE_DN","GSE19941_IL10_KO_VS_IL10_KO_AND_NFKBP50_KO_LPS_AND_IL10_STIM_MACROPHAGE_DN","26/2154","165/21355",0.0145496252781647,0.0239693622814371,0.00714538515518151
"GSE40274_CTRL_VS_XBP1_TRANSDUCED_ACTIVATED_CD4_TCELL_DN","GSE40274_CTRL_VS_XBP1_TRANSDUCED_ACTIVATED_CD4_TCELL_DN","26/2154","165/21355",0.0145496252781647,0.0239693622814371,0.00714538515518151
"GSE1925_3H_VS_24H_IFNG_STIM_MACROPHAGE_DN","GSE1925_3H_VS_24H_IFNG_STIM_MACROPHAGE_DN","30/2154","197/21355",0.0145653840423284,0.0239693622814371,0.00714538515518151
"GSE24972_WT_VS_IRF8_KO_SPLEEN_FOLLICULAR_BCELL_UP","GSE24972_WT_VS_IRF8_KO_SPLEEN_FOLLICULAR_BCELL_UP","30/2154","197/21355",0.0145653840423284,0.0239693622814371,0.00714538515518151
"GSE2770_TGFB_AND_IL4_ACT_VS_ACT_CD4_TCELL_6H_DN","GSE2770_TGFB_AND_IL4_ACT_VS_ACT_CD4_TCELL_6H_DN","30/2154","197/21355",0.0145653840423284,0.0239693622814371,0.00714538515518151
"GSE32986_GMCSF_VS_GMCSF_AND_CURDLAN_LOWDOSE_STIM_DC_DN","GSE32986_GMCSF_VS_GMCSF_AND_CURDLAN_LOWDOSE_STIM_DC_DN","30/2154","197/21355",0.0145653840423284,0.0239693622814371,0.00714538515518151
"GSE360_CTRL_VS_B_MALAYI_HIGH_DOSE_DC_UP","GSE360_CTRL_VS_B_MALAYI_HIGH_DOSE_DC_UP","30/2154","197/21355",0.0145653840423284,0.0239693622814371,0.00714538515518151
"GSE360_CTRL_VS_L_MAJOR_MAC_DN","GSE360_CTRL_VS_L_MAJOR_MAC_DN","30/2154","197/21355",0.0145653840423284,0.0239693622814371,0.00714538515518151
"GSE21927_BALBC_VS_C57BL6_MONOCYTE_SPLEEN_DN","GSE21927_BALBC_VS_C57BL6_MONOCYTE_SPLEEN_DN","29/2154","189/21355",0.0146135540226712,0.0240408950186351,0.0071667094170656
"GSE25123_IL4_VS_IL4_AND_ROSIGLITAZONE_STIM_PPARG_KO_MACROPHAGE_DAY10_UP","GSE25123_IL4_VS_IL4_AND_ROSIGLITAZONE_STIM_PPARG_KO_MACROPHAGE_DAY10_UP","23/2154","142/21355",0.0152324949541683,0.0250510603733234,0.0074678446932118
"GSE6259_33D1_POS_DC_VS_BCELL_DN","GSE6259_33D1_POS_DC_VS_BCELL_DN","24/2154","150/21355",0.0154282558511932,0.0253648463559971,0.00756138584279159
"GSE11924_TFH_VS_TH17_CD4_TCELL_UP","GSE11924_TFH_VS_TH17_CD4_TCELL_UP","30/2154","198/21355",0.0155602168664171,0.0254834685579726,0.007596747706454
"GSE12845_IGD_NEG_BLOOD_VS_NAIVE_TONSIL_BCELL_UP","GSE12845_IGD_NEG_BLOOD_VS_NAIVE_TONSIL_BCELL_UP","30/2154","198/21355",0.0155602168664171,0.0254834685579726,0.007596747706454
"GSE18791_UNSTIM_VS_NEWCATSLE_VIRUS_DC_10H_UP","GSE18791_UNSTIM_VS_NEWCATSLE_VIRUS_DC_10H_UP","30/2154","198/21355",0.0155602168664171,0.0254834685579726,0.007596747706454
"GSE18804_SPLEEN_MACROPHAGE_VS_TUMORAL_MACROPHAGE_DN","GSE18804_SPLEEN_MACROPHAGE_VS_TUMORAL_MACROPHAGE_DN","30/2154","198/21355",0.0155602168664171,0.0254834685579726,0.007596747706454
"GSE22886_NAIVE_BCELL_VS_BLOOD_PLASMA_CELL_DN","GSE22886_NAIVE_BCELL_VS_BLOOD_PLASMA_CELL_DN","30/2154","198/21355",0.0155602168664171,0.0254834685579726,0.007596747706454
"GSE2770_UNTREATED_VS_ACT_CD4_TCELL_48H_UP","GSE2770_UNTREATED_VS_ACT_CD4_TCELL_48H_UP","30/2154","198/21355",0.0155602168664171,0.0254834685579726,0.007596747706454
"GSE360_L_MAJOR_VS_M_TUBERCULOSIS_MAC_DN","GSE360_L_MAJOR_VS_M_TUBERCULOSIS_MAC_DN","30/2154","198/21355",0.0155602168664171,0.0254834685579726,0.007596747706454
"GSE36476_CTRL_VS_TSST_ACT_40H_MEMORY_CD4_TCELL_OLD_UP","GSE36476_CTRL_VS_TSST_ACT_40H_MEMORY_CD4_TCELL_OLD_UP","30/2154","198/21355",0.0155602168664171,0.0254834685579726,0.007596747706454
"GSE37534_GW1929_VS_PIOGLITAZONE_TREATED_CD4_TCELL_PPARG1_FOXP3_TRANSDUCED_UP","GSE37534_GW1929_VS_PIOGLITAZONE_TREATED_CD4_TCELL_PPARG1_FOXP3_TRANSDUCED_UP","30/2154","198/21355",0.0155602168664171,0.0254834685579726,0.007596747706454
"GSE3982_BCELL_VS_TH1_UP","GSE3982_BCELL_VS_TH1_UP","30/2154","198/21355",0.0155602168664171,0.0254834685579726,0.007596747706454
"GSE3982_EOSINOPHIL_VS_TH2_DN","GSE3982_EOSINOPHIL_VS_TH2_DN","30/2154","198/21355",0.0155602168664171,0.0254834685579726,0.007596747706454
"GSE9960_GRAM_NEG_VS_GRAM_POS_SEPSIS_PBMC_UP","GSE9960_GRAM_NEG_VS_GRAM_POS_SEPSIS_PBMC_UP","30/2154","198/21355",0.0155602168664171,0.0254834685579726,0.007596747706454
"NAKAYA_PBMC_FLUAD_MALE_AGE_14_27YO_1D_POSTBOOST_VS_0D_PREIMM_MF59_ADJUVANTED_1DY_ATIV_UP","NAKAYA_PBMC_FLUAD_MALE_AGE_14_27YO_1D_POSTBOOST_VS_0D_PREIMM_MF59_ADJUVANTED_1DY_ATIV_UP","9/2154","40/21355",0.0162319476443135,0.0265750715034821,0.00792215993021753
"GSE10325_CD4_TCELL_VS_MYELOID_UP","GSE10325_CD4_TCELL_VS_MYELOID_UP","30/2154","199/21355",0.0166087490214535,0.0269417937013615,0.00803148162672475
"GSE11961_MARGINAL_ZONE_BCELL_VS_GERMINAL_CENTER_BCELL_DAY7_UP","GSE11961_MARGINAL_ZONE_BCELL_VS_GERMINAL_CENTER_BCELL_DAY7_UP","30/2154","199/21355",0.0166087490214535,0.0269417937013615,0.00803148162672475
"GSE15330_MEGAKARYOCYTE_ERYTHROID_PROGENITOR_VS_PRO_BCELL_DN","GSE15330_MEGAKARYOCYTE_ERYTHROID_PROGENITOR_VS_PRO_BCELL_DN","30/2154","199/21355",0.0166087490214535,0.0269417937013615,0.00803148162672475
"GSE15767_MED_VS_SCS_MAC_LN_DN","GSE15767_MED_VS_SCS_MAC_LN_DN","30/2154","199/21355",0.0166087490214535,0.0269417937013615,0.00803148162672475
"GSE15930_STIM_VS_STIM_AND_IFNAB_72H_CD8_T_CELL_UP","GSE15930_STIM_VS_STIM_AND_IFNAB_72H_CD8_T_CELL_UP","30/2154","199/21355",0.0166087490214535,0.0269417937013615,0.00803148162672475
"GSE17721_4H_VS_24H_POLYIC_BMDC_UP","GSE17721_4H_VS_24H_POLYIC_BMDC_UP","30/2154","199/21355",0.0166087490214535,0.0269417937013615,0.00803148162672475
"GSE17721_CTRL_VS_LPS_8H_BMDC_DN","GSE17721_CTRL_VS_LPS_8H_BMDC_DN","30/2154","199/21355",0.0166087490214535,0.0269417937013615,0.00803148162672475
"GSE17721_CTRL_VS_POLYIC_2H_BMDC_UP","GSE17721_CTRL_VS_POLYIC_2H_BMDC_UP","30/2154","199/21355",0.0166087490214535,0.0269417937013615,0.00803148162672475
"GSE17974_CTRL_VS_ACT_IL4_AND_ANTI_IL12_48H_CD4_TCELL_DN","GSE17974_CTRL_VS_ACT_IL4_AND_ANTI_IL12_48H_CD4_TCELL_DN","30/2154","199/21355",0.0166087490214535,0.0269417937013615,0.00803148162672475
"GSE17974_CTRL_VS_ACT_IL4_AND_ANTI_IL12_4H_CD4_TCELL_DN","GSE17974_CTRL_VS_ACT_IL4_AND_ANTI_IL12_4H_CD4_TCELL_DN","30/2154","199/21355",0.0166087490214535,0.0269417937013615,0.00803148162672475
"GSE19941_UNSTIM_VS_LPS_STIM_IL10_KO_MACROPHAGE_UP","GSE19941_UNSTIM_VS_LPS_STIM_IL10_KO_MACROPHAGE_UP","30/2154","199/21355",0.0166087490214535,0.0269417937013615,0.00803148162672475
"GSE20198_UNTREATED_VS_IL12_TREATED_ACT_CD4_TCELL_DN","GSE20198_UNTREATED_VS_IL12_TREATED_ACT_CD4_TCELL_DN","30/2154","199/21355",0.0166087490214535,0.0269417937013615,0.00803148162672475
"GSE22033_WT_VS_PPARG_KO_MEF_DN","GSE22033_WT_VS_PPARG_KO_MEF_DN","30/2154","199/21355",0.0166087490214535,0.0269417937013615,0.00803148162672475
"GSE22432_CONVENTIONAL_CDC_VS_PLASMACYTOID_PDC_UP","GSE22432_CONVENTIONAL_CDC_VS_PLASMACYTOID_PDC_UP","30/2154","199/21355",0.0166087490214535,0.0269417937013615,0.00803148162672475
"GSE22501_PERIPHERAL_BLOOD_VS_CORD_BLOOD_TREG_DN","GSE22501_PERIPHERAL_BLOOD_VS_CORD_BLOOD_TREG_DN","30/2154","199/21355",0.0166087490214535,0.0269417937013615,0.00803148162672475
"GSE22527_ANTI_CD3_INVIVO_VS_UNTREATED_MOUSE_TREG_UP","GSE22527_ANTI_CD3_INVIVO_VS_UNTREATED_MOUSE_TREG_UP","30/2154","199/21355",0.0166087490214535,0.0269417937013615,0.00803148162672475
"GSE2405_S_AUREUS_VS_UNTREATED_NEUTROPHIL_UP","GSE2405_S_AUREUS_VS_UNTREATED_NEUTROPHIL_UP","30/2154","199/21355",0.0166087490214535,0.0269417937013615,0.00803148162672475
"GSE24972_MARGINAL_ZONE_BCELL_VS_FOLLICULAR_BCELL_UP","GSE24972_MARGINAL_ZONE_BCELL_VS_FOLLICULAR_BCELL_UP","30/2154","199/21355",0.0166087490214535,0.0269417937013615,0.00803148162672475
"GSE25088_WT_VS_STAT6_KO_MACROPHAGE_ROSIGLITAZONE_AND_IL4_STIM_UP","GSE25088_WT_VS_STAT6_KO_MACROPHAGE_ROSIGLITAZONE_AND_IL4_STIM_UP","30/2154","199/21355",0.0166087490214535,0.0269417937013615,0.00803148162672475
"GSE25123_IL4_VS_IL4_AND_ROSIGLITAZONE_STIM_MACROPHAGE_DAY10_DN","GSE25123_IL4_VS_IL4_AND_ROSIGLITAZONE_STIM_MACROPHAGE_DAY10_DN","30/2154","199/21355",0.0166087490214535,0.0269417937013615,0.00803148162672475
"GSE26156_DOUBLE_POSITIVE_VS_CD4_SINGLE_POSITIVE_THYMOCYTE_DN","GSE26156_DOUBLE_POSITIVE_VS_CD4_SINGLE_POSITIVE_THYMOCYTE_DN","30/2154","199/21355",0.0166087490214535,0.0269417937013615,0.00803148162672475
"GSE26351_WNT_VS_BMP_PATHWAY_STIM_HEMATOPOIETIC_PROGENITORS_UP","GSE26351_WNT_VS_BMP_PATHWAY_STIM_HEMATOPOIETIC_PROGENITORS_UP","30/2154","199/21355",0.0166087490214535,0.0269417937013615,0.00803148162672475
"GSE27786_LSK_VS_BCELL_DN","GSE27786_LSK_VS_BCELL_DN","30/2154","199/21355",0.0166087490214535,0.0269417937013615,0.00803148162672475
"GSE30083_SP1_VS_SP3_THYMOCYTE_UP","GSE30083_SP1_VS_SP3_THYMOCYTE_UP","30/2154","199/21355",0.0166087490214535,0.0269417937013615,0.00803148162672475
"GSE36078_WT_VS_IL1R_KO_LUNG_DC_AFTER_AD5_INF_DN","GSE36078_WT_VS_IL1R_KO_LUNG_DC_AFTER_AD5_INF_DN","30/2154","199/21355",0.0166087490214535,0.0269417937013615,0.00803148162672475
"GSE41978_ID2_KO_VS_BIM_KO_KLRG1_LOW_EFFECTOR_CD8_TCELL_UP","GSE41978_ID2_KO_VS_BIM_KO_KLRG1_LOW_EFFECTOR_CD8_TCELL_UP","30/2154","199/21355",0.0166087490214535,0.0269417937013615,0.00803148162672475
"GSE7460_CTRL_VS_TGFB_TREATED_ACT_TREG_DN","GSE7460_CTRL_VS_TGFB_TREATED_ACT_TREG_DN","30/2154","199/21355",0.0166087490214535,0.0269417937013615,0.00803148162672475
"GSE7460_WT_VS_FOXP3_HET_ACT_TCONV_UP","GSE7460_WT_VS_FOXP3_HET_ACT_TCONV_UP","30/2154","199/21355",0.0166087490214535,0.0269417937013615,0.00803148162672475
"GSE7852_TREG_VS_TCONV_LN_DN","GSE7852_TREG_VS_TCONV_LN_DN","30/2154","199/21355",0.0166087490214535,0.0269417937013615,0.00803148162672475
"GSE37605_NOD_VS_C57BL6_IRES_GFP_TREG_UP","GSE37605_NOD_VS_C57BL6_IRES_GFP_TREG_UP","25/2154","159/21355",0.0167530213625282,0.0271672052732657,0.00809867792843603
"GSE13547_2H_VS_12_H_ANTI_IGM_STIM_BCELL_UP","GSE13547_2H_VS_12_H_ANTI_IGM_STIM_BCELL_UP","27/2154","175/21355",0.016816054673485,0.027260776013167,0.00812657182765621
"GSE10240_IL22_VS_IL17_STIM_PRIMARY_BRONCHIAL_EPITHELIAL_CELLS_DN","GSE10240_IL22_VS_IL17_STIM_PRIMARY_BRONCHIAL_EPITHELIAL_CELLS_DN","30/2154","200/21355",0.0177129211464399,0.0279957235925031,0.00834566332711137
"GSE11961_FOLLICULAR_BCELL_VS_MARGINAL_ZONE_BCELL_DN","GSE11961_FOLLICULAR_BCELL_VS_MARGINAL_ZONE_BCELL_DN","30/2154","200/21355",0.0177129211464399,0.0279957235925031,0.00834566332711137
"GSE11961_MARGINAL_ZONE_BCELL_VS_GERMINAL_CENTER_BCELL_DAY40_DN","GSE11961_MARGINAL_ZONE_BCELL_VS_GERMINAL_CENTER_BCELL_DAY40_DN","30/2154","200/21355",0.0177129211464399,0.0279957235925031,0.00834566332711137
"GSE12198_NK_VS_NK_ACT_EXPANSION_SYSTEM_DERIVED_NK_CELL_DN","GSE12198_NK_VS_NK_ACT_EXPANSION_SYSTEM_DERIVED_NK_CELL_DN","30/2154","200/21355",0.0177129211464399,0.0279957235925031,0.00834566332711137
"GSE13306_RA_VS_UNTREATED_TCONV_UP","GSE13306_RA_VS_UNTREATED_TCONV_UP","30/2154","200/21355",0.0177129211464399,0.0279957235925031,0.00834566332711137
"GSE13306_TREG_VS_TCONV_LAMINA_PROPRIA_DN","GSE13306_TREG_VS_TCONV_LAMINA_PROPRIA_DN","30/2154","200/21355",0.0177129211464399,0.0279957235925031,0.00834566332711137
"GSE14000_4H_VS_16H_LPS_DC_DN","GSE14000_4H_VS_16H_LPS_DC_DN","30/2154","200/21355",0.0177129211464399,0.0279957235925031,0.00834566332711137
"GSE14308_NAIVE_CD4_TCELL_VS_INDUCED_TREG_DN","GSE14308_NAIVE_CD4_TCELL_VS_INDUCED_TREG_DN","30/2154","200/21355",0.0177129211464399,0.0279957235925031,0.00834566332711137
"GSE14350_TREG_VS_TEFF_IN_IL2RB_KO_UP","GSE14350_TREG_VS_TEFF_IN_IL2RB_KO_UP","30/2154","200/21355",0.0177129211464399,0.0279957235925031,0.00834566332711137
"GSE14908_RESTING_VS_HDM_STIM_CD4_TCELL_ATOPIC_PATIENT_UP","GSE14908_RESTING_VS_HDM_STIM_CD4_TCELL_ATOPIC_PATIENT_UP","30/2154","200/21355",0.0177129211464399,0.0279957235925031,0.00834566332711137
"GSE15139_GMCSF_TREATED_VS_UNTREATED_NEUTROPHILS_UP","GSE15139_GMCSF_TREATED_VS_UNTREATED_NEUTROPHILS_UP","30/2154","200/21355",0.0177129211464399,0.0279957235925031,0.00834566332711137
"GSE15330_HSC_VS_GRANULOCYTE_MONOCYTE_PROGENITOR_UP","GSE15330_HSC_VS_GRANULOCYTE_MONOCYTE_PROGENITOR_UP","30/2154","200/21355",0.0177129211464399,0.0279957235925031,0.00834566332711137
"GSE16385_UNTREATED_VS_12H_ROSIGLITAZONE_IFNG_TNF_TREATED_MACROPHAGE_UP","GSE16385_UNTREATED_VS_12H_ROSIGLITAZONE_IFNG_TNF_TREATED_MACROPHAGE_UP","30/2154","200/21355",0.0177129211464399,0.0279957235925031,0.00834566332711137
"GSE1740_MCSF_VS_MCSF_AND_IFNG_DAY2_DERIVED_MACROPHAGE_WITH_IFNA_STIM_UP","GSE1740_MCSF_VS_MCSF_AND_IFNG_DAY2_DERIVED_MACROPHAGE_WITH_IFNA_STIM_UP","30/2154","200/21355",0.0177129211464399,0.0279957235925031,0.00834566332711137
"GSE17580_TREG_VS_TEFF_UP","GSE17580_TREG_VS_TEFF_UP","30/2154","200/21355",0.0177129211464399,0.0279957235925031,0.00834566332711137
"GSE17721_0.5H_VS_4H_GARDIQUIMOD_BMDC_DN","GSE17721_0.5H_VS_4H_GARDIQUIMOD_BMDC_DN","30/2154","200/21355",0.0177129211464399,0.0279957235925031,0.00834566332711137
"GSE17721_0.5H_VS_4H_LPS_BMDC_DN","GSE17721_0.5H_VS_4H_LPS_BMDC_DN","30/2154","200/21355",0.0177129211464399,0.0279957235925031,0.00834566332711137
"GSE17721_CPG_VS_GARDIQUIMOD_12H_BMDC_DN","GSE17721_CPG_VS_GARDIQUIMOD_12H_BMDC_DN","30/2154","200/21355",0.0177129211464399,0.0279957235925031,0.00834566332711137
"GSE17721_CTRL_VS_CPG_2H_BMDC_DN","GSE17721_CTRL_VS_CPG_2H_BMDC_DN","30/2154","200/21355",0.0177129211464399,0.0279957235925031,0.00834566332711137
"GSE17721_CTRL_VS_CPG_4H_BMDC_DN","GSE17721_CTRL_VS_CPG_4H_BMDC_DN","30/2154","200/21355",0.0177129211464399,0.0279957235925031,0.00834566332711137
"GSE17721_CTRL_VS_CPG_8H_BMDC_DN","GSE17721_CTRL_VS_CPG_8H_BMDC_DN","30/2154","200/21355",0.0177129211464399,0.0279957235925031,0.00834566332711137
"GSE17721_CTRL_VS_GARDIQUIMOD_2H_BMDC_DN","GSE17721_CTRL_VS_GARDIQUIMOD_2H_BMDC_DN","30/2154","200/21355",0.0177129211464399,0.0279957235925031,0.00834566332711137
"GSE17721_CTRL_VS_GARDIQUIMOD_4H_BMDC_DN","GSE17721_CTRL_VS_GARDIQUIMOD_4H_BMDC_DN","30/2154","200/21355",0.0177129211464399,0.0279957235925031,0.00834566332711137
"GSE17721_LPS_VS_CPG_0.5H_BMDC_DN","GSE17721_LPS_VS_CPG_0.5H_BMDC_DN","30/2154","200/21355",0.0177129211464399,0.0279957235925031,0.00834566332711137
"GSE17721_LPS_VS_CPG_24H_BMDC_DN","GSE17721_LPS_VS_CPG_24H_BMDC_DN","30/2154","200/21355",0.0177129211464399,0.0279957235925031,0.00834566332711137
"GSE17721_LPS_VS_CPG_6H_BMDC_DN","GSE17721_LPS_VS_CPG_6H_BMDC_DN","30/2154","200/21355",0.0177129211464399,0.0279957235925031,0.00834566332711137
"GSE17721_PAM3CSK4_VS_CPG_24H_BMDC_UP","GSE17721_PAM3CSK4_VS_CPG_24H_BMDC_UP","30/2154","200/21355",0.0177129211464399,0.0279957235925031,0.00834566332711137
"GSE17721_PAM3CSK4_VS_GADIQUIMOD_0.5H_BMDC_DN","GSE17721_PAM3CSK4_VS_GADIQUIMOD_0.5H_BMDC_DN","30/2154","200/21355",0.0177129211464399,0.0279957235925031,0.00834566332711137
"GSE18281_CORTICAL_THYMOCYTE_VS_WHOLE_CORTEX_THYMUS_DN","GSE18281_CORTICAL_THYMOCYTE_VS_WHOLE_CORTEX_THYMUS_DN","30/2154","200/21355",0.0177129211464399,0.0279957235925031,0.00834566332711137
"GSE18893_TCONV_VS_TREG_2H_CULTURE_UP","GSE18893_TCONV_VS_TREG_2H_CULTURE_UP","30/2154","200/21355",0.0177129211464399,0.0279957235925031,0.00834566332711137
"GSE19888_ADENOSINE_A3R_INH_VS_ACT_IN_MAST_CELL_UP","GSE19888_ADENOSINE_A3R_INH_VS_ACT_IN_MAST_CELL_UP","30/2154","200/21355",0.0177129211464399,0.0279957235925031,0.00834566332711137
"GSE20366_EX_VIVO_VS_HOMEOSTATIC_CONVERSION_NAIVE_CD4_TCELL_UP","GSE20366_EX_VIVO_VS_HOMEOSTATIC_CONVERSION_NAIVE_CD4_TCELL_UP","30/2154","200/21355",0.0177129211464399,0.0279957235925031,0.00834566332711137
"GSE20500_CTRL_VS_RETINOIC_ACID_TREATED_CD4_TCELL_UP","GSE20500_CTRL_VS_RETINOIC_ACID_TREATED_CD4_TCELL_UP","30/2154","200/21355",0.0177129211464399,0.0279957235925031,0.00834566332711137
"GSE21033_CTRL_VS_POLYIC_STIM_DC_12H_DN","GSE21033_CTRL_VS_POLYIC_STIM_DC_12H_DN","30/2154","200/21355",0.0177129211464399,0.0279957235925031,0.00834566332711137
"GSE21670_STAT3_KO_VS_WT_CD4_TCELL_TGFB_TREATED_UP","GSE21670_STAT3_KO_VS_WT_CD4_TCELL_TGFB_TREATED_UP","30/2154","200/21355",0.0177129211464399,0.0279957235925031,0.00834566332711137
"GSE22432_MULTIPOTENT_PROGENITOR_VS_PDC_UP","GSE22432_MULTIPOTENT_PROGENITOR_VS_PDC_UP","30/2154","200/21355",0.0177129211464399,0.0279957235925031,0.00834566332711137
"GSE22589_HEALTHY_VS_HIV_INFECTED_DC_DN","GSE22589_HEALTHY_VS_HIV_INFECTED_DC_DN","30/2154","200/21355",0.0177129211464399,0.0279957235925031,0.00834566332711137
"GSE22935_WT_VS_MYD88_KO_MACROPHAGE_12H_MBOVIS_BCG_STIM_UP","GSE22935_WT_VS_MYD88_KO_MACROPHAGE_12H_MBOVIS_BCG_STIM_UP","30/2154","200/21355",0.0177129211464399,0.0279957235925031,0.00834566332711137
"GSE23925_LIGHT_ZONE_VS_NAIVE_BCELL_DN","GSE23925_LIGHT_ZONE_VS_NAIVE_BCELL_DN","30/2154","200/21355",0.0177129211464399,0.0279957235925031,0.00834566332711137
"GSE24574_BCL6_HIGH_VS_LOW_TFH_CD4_TCELL_DN","GSE24574_BCL6_HIGH_VS_LOW_TFH_CD4_TCELL_DN","30/2154","200/21355",0.0177129211464399,0.0279957235925031,0.00834566332711137
"GSE25088_CTRL_VS_IL4_STIM_MACROPHAGE_DN","GSE25088_CTRL_VS_IL4_STIM_MACROPHAGE_DN","30/2154","200/21355",0.0177129211464399,0.0279957235925031,0.00834566332711137
"GSE25123_WT_VS_PPARG_KO_MACROPHAGE_IL4_STIM_UP","GSE25123_WT_VS_PPARG_KO_MACROPHAGE_IL4_STIM_UP","30/2154","200/21355",0.0177129211464399,0.0279957235925031,0.00834566332711137
"GSE26351_WNT_VS_BMP_PATHWAY_STIM_HEMATOPOIETIC_PROGENITORS_DN","GSE26351_WNT_VS_BMP_PATHWAY_STIM_HEMATOPOIETIC_PROGENITORS_DN","30/2154","200/21355",0.0177129211464399,0.0279957235925031,0.00834566332711137
"GSE26669_CTRL_VS_COSTIM_BLOCK_MLR_CD4_TCELL_DN","GSE26669_CTRL_VS_COSTIM_BLOCK_MLR_CD4_TCELL_DN","30/2154","200/21355",0.0177129211464399,0.0279957235925031,0.00834566332711137
"GSE26890_CXCR1_NEG_VS_POS_EFFECTOR_CD8_TCELL_DN","GSE26890_CXCR1_NEG_VS_POS_EFFECTOR_CD8_TCELL_DN","30/2154","200/21355",0.0177129211464399,0.0279957235925031,0.00834566332711137
"GSE27092_WT_VS_HDAC7_PHOSPHO_DEFICIENT_CD8_TCELL_DN","GSE27092_WT_VS_HDAC7_PHOSPHO_DEFICIENT_CD8_TCELL_DN","30/2154","200/21355",0.0177129211464399,0.0279957235925031,0.00834566332711137
"GSE2770_UNTREATED_VS_TGFB_AND_IL12_TREATED_ACT_CD4_TCELL_48H_UP","GSE2770_UNTREATED_VS_TGFB_AND_IL12_TREATED_ACT_CD4_TCELL_48H_UP","30/2154","200/21355",0.0177129211464399,0.0279957235925031,0.00834566332711137
"GSE30083_SP1_VS_SP2_THYMOCYTE_UP","GSE30083_SP1_VS_SP2_THYMOCYTE_UP","30/2154","200/21355",0.0177129211464399,0.0279957235925031,0.00834566332711137
"GSE32034_UNTREATED_VS_ROSIGLIZATONE_TREATED_LY6C_HIGH_MONOCYTE_UP","GSE32034_UNTREATED_VS_ROSIGLIZATONE_TREATED_LY6C_HIGH_MONOCYTE_UP","30/2154","200/21355",0.0177129211464399,0.0279957235925031,0.00834566332711137
"GSE32128_INOS_DEPENDENT_VS_INOS_INDEPENDENT_ACTIVATED_TCELL_DN","GSE32128_INOS_DEPENDENT_VS_INOS_INDEPENDENT_ACTIVATED_TCELL_DN","30/2154","200/21355",0.0177129211464399,0.0279957235925031,0.00834566332711137
"GSE32986_UNSTIM_VS_CURDLAN_LOWDOSE_STIM_DC_UP","GSE32986_UNSTIM_VS_CURDLAN_LOWDOSE_STIM_DC_UP","30/2154","200/21355",0.0177129211464399,0.0279957235925031,0.00834566332711137
"GSE339_CD4POS_VS_CD4CD8DN_DC_IN_CULTURE_DN","GSE339_CD4POS_VS_CD4CD8DN_DC_IN_CULTURE_DN","30/2154","200/21355",0.0177129211464399,0.0279957235925031,0.00834566332711137
"GSE34006_UNTREATED_VS_A2AR_AGONIST_TREATED_TREG_UP","GSE34006_UNTREATED_VS_A2AR_AGONIST_TREATED_TREG_UP","30/2154","200/21355",0.0177129211464399,0.0279957235925031,0.00834566332711137
"GSE34515_CD16_NEG_VS_POS_MONOCYTE_UP","GSE34515_CD16_NEG_VS_POS_MONOCYTE_UP","30/2154","200/21355",0.0177129211464399,0.0279957235925031,0.00834566332711137
"GSE360_CTRL_VS_B_MALAYI_LOW_DOSE_MAC_DN","GSE360_CTRL_VS_B_MALAYI_LOW_DOSE_MAC_DN","30/2154","200/21355",0.0177129211464399,0.0279957235925031,0.00834566332711137
"GSE36392_TYPE_2_MYELOID_VS_MAC_IL25_TREATED_LUNG_DN","GSE36392_TYPE_2_MYELOID_VS_MAC_IL25_TREATED_LUNG_DN","30/2154","200/21355",0.0177129211464399,0.0279957235925031,0.00834566332711137
"GSE36888_UNTREATED_VS_IL2_TREATED_STAT5_AB_KNOCKIN_TCELL_6H_DN","GSE36888_UNTREATED_VS_IL2_TREATED_STAT5_AB_KNOCKIN_TCELL_6H_DN","30/2154","200/21355",0.0177129211464399,0.0279957235925031,0.00834566332711137
"GSE369_SOCS3_KO_VS_WT_LIVER_POST_IL6_INJECTION_DN","GSE369_SOCS3_KO_VS_WT_LIVER_POST_IL6_INJECTION_DN","30/2154","200/21355",0.0177129211464399,0.0279957235925031,0.00834566332711137
"GSE37301_COMMON_LYMPHOID_PROGENITOR_VS_CD4_TCELL_UP","GSE37301_COMMON_LYMPHOID_PROGENITOR_VS_CD4_TCELL_UP","30/2154","200/21355",0.0177129211464399,0.0279957235925031,0.00834566332711137
"GSE37301_LYMPHOID_PRIMED_MPP_VS_COMMON_LYMPHOID_PROGENITOR_DN","GSE37301_LYMPHOID_PRIMED_MPP_VS_COMMON_LYMPHOID_PROGENITOR_DN","30/2154","200/21355",0.0177129211464399,0.0279957235925031,0.00834566332711137
"GSE37532_TREG_VS_TCONV_CD4_TCELL_FROM_LN_DN","GSE37532_TREG_VS_TCONV_CD4_TCELL_FROM_LN_DN","30/2154","200/21355",0.0177129211464399,0.0279957235925031,0.00834566332711137
"GSE37532_TREG_VS_TCONV_PPARG_KO_CD4_TCELL_FROM_VISCERAL_ADIPOSE_TISSUE_UP","GSE37532_TREG_VS_TCONV_PPARG_KO_CD4_TCELL_FROM_VISCERAL_ADIPOSE_TISSUE_UP","30/2154","200/21355",0.0177129211464399,0.0279957235925031,0.00834566332711137
"GSE38681_WT_VS_LYL1_KO_LYMPHOID_PRIMED_MULTIPOTENT_PROGENITOR_DN","GSE38681_WT_VS_LYL1_KO_LYMPHOID_PRIMED_MULTIPOTENT_PROGENITOR_DN","30/2154","200/21355",0.0177129211464399,0.0279957235925031,0.00834566332711137
"GSE3982_DC_VS_MAC_UP","GSE3982_DC_VS_MAC_UP","30/2154","200/21355",0.0177129211464399,0.0279957235925031,0.00834566332711137
"GSE40274_FOXP3_VS_FOXP3_AND_EOS_TRANSDUCED_ACTIVATED_CD4_TCELL_DN","GSE40274_FOXP3_VS_FOXP3_AND_EOS_TRANSDUCED_ACTIVATED_CD4_TCELL_DN","30/2154","200/21355",0.0177129211464399,0.0279957235925031,0.00834566332711137
"GSE411_100MIN_VS_400MIN_IL6_STIM_MACROPHAGE_DN","GSE411_100MIN_VS_400MIN_IL6_STIM_MACROPHAGE_DN","30/2154","200/21355",0.0177129211464399,0.0279957235925031,0.00834566332711137
"GSE41176_UNSTIM_VS_ANTI_IGM_STIM_TAK1_KO_BCELL_1H_UP","GSE41176_UNSTIM_VS_ANTI_IGM_STIM_TAK1_KO_BCELL_1H_UP","30/2154","200/21355",0.0177129211464399,0.0279957235925031,0.00834566332711137
"GSE41867_DAY6_VS_DAY8_LCMV_CLONE13_EFFECTOR_CD8_TCELL_DN","GSE41867_DAY6_VS_DAY8_LCMV_CLONE13_EFFECTOR_CD8_TCELL_DN","30/2154","200/21355",0.0177129211464399,0.0279957235925031,0.00834566332711137
"GSE42021_TREG_PLN_VS_CD24HI_TREG_THYMUS_UP","GSE42021_TREG_PLN_VS_CD24HI_TREG_THYMUS_UP","30/2154","200/21355",0.0177129211464399,0.0279957235925031,0.00834566332711137
"GSE43955_1H_VS_20H_ACT_CD4_TCELL_DN","GSE43955_1H_VS_20H_ACT_CD4_TCELL_DN","30/2154","200/21355",0.0177129211464399,0.0279957235925031,0.00834566332711137
"GSE44649_NAIVE_VS_ACTIVATED_CD8_TCELL_DN","GSE44649_NAIVE_VS_ACTIVATED_CD8_TCELL_DN","30/2154","200/21355",0.0177129211464399,0.0279957235925031,0.00834566332711137
"GSE46143_CTRL_VS_LMP2A_TRANSDUCED_CD10_POS_GC_BCELL_UP","GSE46143_CTRL_VS_LMP2A_TRANSDUCED_CD10_POS_GC_BCELL_UP","30/2154","200/21355",0.0177129211464399,0.0279957235925031,0.00834566332711137
"GSE5542_IFNG_VS_IFNA_AND_IFNG_TREATED_EPITHELIAL_CELLS_24H_DN","GSE5542_IFNG_VS_IFNA_AND_IFNG_TREATED_EPITHELIAL_CELLS_24H_DN","30/2154","200/21355",0.0177129211464399,0.0279957235925031,0.00834566332711137
"GSE5542_IFNG_VS_IFNA_AND_IFNG_TREATED_EPITHELIAL_CELLS_6H_DN","GSE5542_IFNG_VS_IFNA_AND_IFNG_TREATED_EPITHELIAL_CELLS_6H_DN","30/2154","200/21355",0.0177129211464399,0.0279957235925031,0.00834566332711137
"GSE5542_IFNG_VS_IFNA_TREATED_EPITHELIAL_CELLS_24H_DN","GSE5542_IFNG_VS_IFNA_TREATED_EPITHELIAL_CELLS_24H_DN","30/2154","200/21355",0.0177129211464399,0.0279957235925031,0.00834566332711137
"GSE5589_IL6_KO_VS_IL10_KO_LPS_AND_IL6_STIM_MACROPHAGE_45MIN_DN","GSE5589_IL6_KO_VS_IL10_KO_LPS_AND_IL6_STIM_MACROPHAGE_45MIN_DN","30/2154","200/21355",0.0177129211464399,0.0279957235925031,0.00834566332711137
"GSE5589_LPS_AND_IL10_VS_LPS_AND_IL6_STIM_IL10_KO_MACROPHAGE_45MIN_DN","GSE5589_LPS_AND_IL10_VS_LPS_AND_IL6_STIM_IL10_KO_MACROPHAGE_45MIN_DN","30/2154","200/21355",0.0177129211464399,0.0279957235925031,0.00834566332711137
"GSE7460_CTRL_VS_TGFB_TREATED_ACT_FOXP3_HET_TCONV_UP","GSE7460_CTRL_VS_TGFB_TREATED_ACT_FOXP3_HET_TCONV_UP","30/2154","200/21355",0.0177129211464399,0.0279957235925031,0.00834566332711137
"GSE8515_CTRL_VS_IL6_4H_STIM_MAC_UP","GSE8515_CTRL_VS_IL6_4H_STIM_MAC_UP","30/2154","200/21355",0.0177129211464399,0.0279957235925031,0.00834566332711137
"GSE8921_UNSTIM_0H_VS_TLR1_2_STIM_MONOCYTE_24H_DN","GSE8921_UNSTIM_0H_VS_TLR1_2_STIM_MONOCYTE_24H_DN","30/2154","200/21355",0.0177129211464399,0.0279957235925031,0.00834566332711137
"GSE9239_CTRL_VS_TNF_INHIBITOR_TREATED_DC_DN","GSE9239_CTRL_VS_TNF_INHIBITOR_TREATED_DC_DN","30/2154","200/21355",0.0177129211464399,0.0279957235925031,0.00834566332711137
"GSE8685_IL2_ACT_IL2_STARVED_VS_IL21_ACT_IL2_STARVED_CD4_TCELL_DN","GSE8685_IL2_ACT_IL2_STARVED_VS_IL21_ACT_IL2_STARVED_CD4_TCELL_DN","23/2154","144/21355",0.0177909049661339,0.0281102895833877,0.00837981601423522
"GSE18791_UNSTIM_VS_NEWCATSLE_VIRUS_DC_18H_DN","GSE18791_UNSTIM_VS_NEWCATSLE_VIRUS_DC_18H_DN","29/2154","192/21355",0.0178466392203472,0.0281896405108542,0.00840347091721143
"GSE6259_FLT3L_INDUCED_DEC205_POS_DC_VS_BCELL_UP","GSE6259_FLT3L_INDUCED_DEC205_POS_DC_VS_BCELL_UP","24/2154","152/21355",0.0179331788765469,0.028317586039464,0.00844161211054256
"GSE27241_WT_CTRL_VS_DIGOXIN_TREATED_RORGT_KO_CD4_TCELL_IN_TH17_POLARIZING_CONDITIONS_DN","GSE27241_WT_CTRL_VS_DIGOXIN_TREATED_RORGT_KO_CD4_TCELL_IN_TH17_POLARIZING_CONDITIONS_DN","28/2154","184/21355",0.0179485950941233,0.02833317898001,0.00844626044305114
"GSE14415_ACT_VS_CTRL_NATURAL_TREG_DN","GSE14415_ACT_VS_CTRL_NATURAL_TREG_DN","26/2154","168/21355",0.0180374166672104,0.0284646022899527,0.00848543838015616
"GSE14413_UNSTIM_VS_IFNB_STIM_NIH3T3_CELLS_DN","GSE14413_UNSTIM_VS_IFNB_STIM_NIH3T3_CELLS_DN","22/2154","137/21355",0.0190083403154597,0.0299782985912849,0.00893667871579781
"GSE9946_IMMATURE_VS_MATURE_STIMULATORY_DC_UP","GSE9946_IMMATURE_VS_MATURE_STIMULATORY_DC_UP","22/2154","137/21355",0.0190083403154597,0.0299782985912849,0.00893667871579781
"GSE1460_NAIVE_CD4_TCELL_CORD_BLOOD_VS_THYMIC_STROMAL_CELL_UP","GSE1460_NAIVE_CD4_TCELL_CORD_BLOOD_VS_THYMIC_STROMAL_CELL_UP","29/2154","193/21355",0.0190423115168114,0.030013359674925,0.00894713059781392
"GSE26928_NAIVE_VS_CENT_MEMORY_CD4_TCELL_DN","GSE26928_NAIVE_VS_CENT_MEMORY_CD4_TCELL_DN","29/2154","193/21355",0.0190423115168114,0.030013359674925,0.00894713059781392
"GSE40493_BCL6_KO_VS_WT_TREG_UP","GSE40493_BCL6_KO_VS_WT_TREG_UP","27/2154","177/21355",0.0192784082400153,0.0303761175134663,0.00905527049924326
"GSE3920_IFNA_VS_IFNB_TREATED_ENDOTHELIAL_CELL_UP","GSE3920_IFNA_VS_IFNB_TREATED_ENDOTHELIAL_CELL_UP","26/2154","169/21355",0.0193363318267488,0.0304579989618505,0.00907967976299001
"HOEK_B_CELL_2011_2012_TIV_ADULT_7DY_UP","HOEK_B_CELL_2011_2012_TIV_ADULT_7DY_UP","10/2154","48/21355",0.0196785109606816,0.0309874427292779,0.00923750956220868
"GSE19772_CTRL_VS_HCMV_INF_MONOCYTES_AND_PI3K_INHIBITION_UP","GSE19772_CTRL_VS_HCMV_INF_MONOCYTES_AND_PI3K_INHIBITION_UP","29/2154","194/21355",0.0203004467698247,0.0318980283755727,0.00950895963598037
"GSE21670_UNTREATED_VS_TGFB_IL6_TREATED_CD4_TCELL_UP","GSE21670_UNTREATED_VS_TGFB_IL6_TREATED_CD4_TCELL_UP","29/2154","194/21355",0.0203004467698247,0.0318980283755727,0.00950895963598037
"GSE21927_SPLENIC_VS_TUMOR_MONOCYTES_FROM_C26GM_TUMOROUS_MICE_BALBC_UP","GSE21927_SPLENIC_VS_TUMOR_MONOCYTES_FROM_C26GM_TUMOROUS_MICE_BALBC_UP","29/2154","194/21355",0.0203004467698247,0.0318980283755727,0.00950895963598037
"GSE22886_NAIVE_CD4_TCELL_VS_MEMORY_TCELL_UP","GSE22886_NAIVE_CD4_TCELL_VS_MEMORY_TCELL_UP","29/2154","194/21355",0.0203004467698247,0.0318980283755727,0.00950895963598037
"GSE36476_YOUNG_VS_OLD_DONOR_MEMORY_CD4_TCELL_UP","GSE36476_YOUNG_VS_OLD_DONOR_MEMORY_CD4_TCELL_UP","29/2154","194/21355",0.0203004467698247,0.0318980283755727,0.00950895963598037
"GSE4748_CYANOBACTERIUM_LPSLIKE_VS_LPS_AND_CYANOBACTERIUM_LPSLIKE_STIM_DC_3H_UP","GSE4748_CYANOBACTERIUM_LPSLIKE_VS_LPS_AND_CYANOBACTERIUM_LPSLIKE_STIM_DC_3H_UP","29/2154","194/21355",0.0203004467698247,0.0318980283755727,0.00950895963598037
"GSE9509_LPS_VS_LPS_AND_IL10_STIM_IL10_KO_MACROPHAGE_20MIN_UP","GSE9509_LPS_VS_LPS_AND_IL10_STIM_IL10_KO_MACROPHAGE_20MIN_UP","29/2154","194/21355",0.0203004467698247,0.0318980283755727,0.00950895963598037
"GSE37301_PRO_BCELL_VS_GRANULOCYTE_MONOCYTE_PROGENITOR_UP","GSE37301_PRO_BCELL_VS_GRANULOCYTE_MONOCYTE_PROGENITOR_UP","23/2154","146/21355",0.0206749210618561,0.0324764581841076,0.00968139241573857
"KENNEDY_PBMC_DRYVAX_AGE_18_40YO_STIMULATED_VS_UNSTIMULATED_1_TO_48MO_TOP_DEG_DN","KENNEDY_PBMC_DRYVAX_AGE_18_40YO_STIMULATED_VS_UNSTIMULATED_1_TO_48MO_TOP_DEG_DN","8/2154","35/21355",0.0208605592345324,0.0327579973483305,0.00976532062964016
"GSE3982_EOSINOPHIL_VS_TH2_UP","GSE3982_EOSINOPHIL_VS_TH2_UP","29/2154","195/21355",0.0216231441163338,0.0339138453579186,0.0101098846239752
"GSE41867_NAIVE_VS_DAY15_LCMV_CONE13_EFFECTOR_CD8_TCELL_DN","GSE41867_NAIVE_VS_DAY15_LCMV_CONE13_EFFECTOR_CD8_TCELL_DN","29/2154","195/21355",0.0216231441163338,0.0339138453579186,0.0101098846239752
"GSE46606_IRF4_KO_VS_WT_CD40L_IL2_IL5_1DAY_STIMULATED_BCELL_DN","GSE46606_IRF4_KO_VS_WT_CD40L_IL2_IL5_1DAY_STIMULATED_BCELL_DN","29/2154","195/21355",0.0216231441163338,0.0339138453579186,0.0101098846239752
"GSE9960_HEALTHY_VS_GRAM_POS_SEPSIS_PBMC_UP","GSE9960_HEALTHY_VS_GRAM_POS_SEPSIS_PBMC_UP","29/2154","195/21355",0.0216231441163338,0.0339138453579186,0.0101098846239752
"GSE2935_UV_INACTIVATED_VS_LIVE_SENDAI_VIRUS_INF_MACROPHAGE_UP","GSE2935_UV_INACTIVATED_VS_LIVE_SENDAI_VIRUS_INF_MACROPHAGE_UP","26/2154","171/21355",0.0221538744893584,0.0347036642965961,0.0103453335463722
"GSE37301_HEMATOPOIETIC_STEM_CELL_VS_PRO_BCELL_DN","GSE37301_HEMATOPOIETIC_STEM_CELL_VS_PRO_BCELL_DN","26/2154","171/21355",0.0221538744893584,0.0347036642965961,0.0103453335463722
"GSE6269_HEALTHY_VS_STAPH_AUREUS_INF_PBMC_UP","GSE6269_HEALTHY_VS_STAPH_AUREUS_INF_PBMC_UP","26/2154","171/21355",0.0221538744893584,0.0347036642965961,0.0103453335463722
"GSE7768_OVA_WITH_LPS_VS_OVA_WITH_MPL_IMMUNIZED_MOUSE_WHOLE_SPLEEN_6H_UP","GSE7768_OVA_WITH_LPS_VS_OVA_WITH_MPL_IMMUNIZED_MOUSE_WHOLE_SPLEEN_6H_UP","26/2154","171/21355",0.0221538744893584,0.0347036642965961,0.0103453335463722
"GSE6674_UNSTIM_VS_CPG_STIM_BCELL_UP","GSE6674_UNSTIM_VS_CPG_STIM_BCELL_UP","23/2154","147/21355",0.0222469611526022,0.0348388093026814,0.0103856209394593
"GSE11057_NAIVE_VS_CENT_MEMORY_CD4_TCELL_UP","GSE11057_NAIVE_VS_CENT_MEMORY_CD4_TCELL_UP","29/2154","196/21355",0.0230125074722891,0.0359385921520508,0.0107134716329211
"GSE16385_UNTREATED_VS_12H_IFNG_TNF_TREATED_MACROPHAGE_DN","GSE16385_UNTREATED_VS_12H_IFNG_TNF_TREATED_MACROPHAGE_DN","29/2154","196/21355",0.0230125074722891,0.0359385921520508,0.0107134716329211
"GSE22886_NAIVE_CD4_TCELL_VS_NKCELL_UP","GSE22886_NAIVE_CD4_TCELL_VS_NKCELL_UP","29/2154","196/21355",0.0230125074722891,0.0359385921520508,0.0107134716329211
"GSE22886_NAIVE_VS_IGM_MEMORY_BCELL_UP","GSE22886_NAIVE_VS_IGM_MEMORY_BCELL_UP","29/2154","196/21355",0.0230125074722891,0.0359385921520508,0.0107134716329211
"GSE22886_UNSTIM_VS_IL2_STIM_NKCELL_UP","GSE22886_UNSTIM_VS_IL2_STIM_NKCELL_UP","29/2154","196/21355",0.0230125074722891,0.0359385921520508,0.0107134716329211
"GSE2770_UNTREATED_VS_ACT_CD4_TCELL_48H_DN","GSE2770_UNTREATED_VS_ACT_CD4_TCELL_48H_DN","29/2154","196/21355",0.0230125074722891,0.0359385921520508,0.0107134716329211
"GSE360_L_MAJOR_VS_M_TUBERCULOSIS_MAC_UP","GSE360_L_MAJOR_VS_M_TUBERCULOSIS_MAC_UP","29/2154","196/21355",0.0230125074722891,0.0359385921520508,0.0107134716329211
"GSE360_T_GONDII_VS_B_MALAYI_LOW_DOSE_MAC_UP","GSE360_T_GONDII_VS_B_MALAYI_LOW_DOSE_MAC_UP","29/2154","196/21355",0.0230125074722891,0.0359385921520508,0.0107134716329211
"GSE45365_HEALTHY_VS_MCMV_INFECTION_BCELL_IFNAR_KO_DN","GSE45365_HEALTHY_VS_MCMV_INFECTION_BCELL_IFNAR_KO_DN","29/2154","196/21355",0.0230125074722891,0.0359385921520508,0.0107134716329211
"GSE25146_UNSTIM_VS_HELIOBACTER_PYLORI_LPS_STIM_AGS_CELL_UP","GSE25146_UNSTIM_VS_HELIOBACTER_PYLORI_LPS_STIM_AGS_CELL_UP","27/2154","180/21355",0.0234943402032802,0.0366798660944646,0.0109344490524226
"GSE12366_GC_BCELL_VS_PLASMA_CELL_UP","GSE12366_GC_BCELL_VS_PLASMA_CELL_UP","29/2154","197/21355",0.0244706418738894,0.0380877905330887,0.0113541582739379
"GSE1460_INTRATHYMIC_T_PROGENITOR_VS_NAIVE_CD4_TCELL_ADULT_BLOOD_DN","GSE1460_INTRATHYMIC_T_PROGENITOR_VS_NAIVE_CD4_TCELL_ADULT_BLOOD_DN","29/2154","197/21355",0.0244706418738894,0.0380877905330887,0.0113541582739379
"GSE1740_UNSTIM_VS_IFNA_STIMULATED_MCSF_IFNG_DERIVED_MACROPHAGE_DN","GSE1740_UNSTIM_VS_IFNA_STIMULATED_MCSF_IFNG_DERIVED_MACROPHAGE_DN","29/2154","197/21355",0.0244706418738894,0.0380877905330887,0.0113541582739379
"GSE17974_CTRL_VS_ACT_IL4_AND_ANTI_IL12_6H_CD4_TCELL_DN","GSE17974_CTRL_VS_ACT_IL4_AND_ANTI_IL12_6H_CD4_TCELL_DN","29/2154","197/21355",0.0244706418738894,0.0380877905330887,0.0113541582739379
"GSE17974_IL4_AND_ANTI_IL12_VS_UNTREATED_2H_ACT_CD4_TCELL_UP","GSE17974_IL4_AND_ANTI_IL12_VS_UNTREATED_2H_ACT_CD4_TCELL_UP","29/2154","197/21355",0.0244706418738894,0.0380877905330887,0.0113541582739379
"GSE19401_UNSTIM_VS_PAM2CSK4_STIM_FOLLICULAR_DC_UP","GSE19401_UNSTIM_VS_PAM2CSK4_STIM_FOLLICULAR_DC_UP","29/2154","197/21355",0.0244706418738894,0.0380877905330887,0.0113541582739379
"GSE21063_3H_VS_16H_ANTI_IGM_STIM_BCELL_DN","GSE21063_3H_VS_16H_ANTI_IGM_STIM_BCELL_DN","29/2154","197/21355",0.0244706418738894,0.0380877905330887,0.0113541582739379
"GSE37301_COMMON_LYMPHOID_PROGENITOR_VS_GRAN_MONO_PROGENITOR_DN","GSE37301_COMMON_LYMPHOID_PROGENITOR_VS_GRAN_MONO_PROGENITOR_DN","29/2154","197/21355",0.0244706418738894,0.0380877905330887,0.0113541582739379
"GSE3982_MAC_VS_BCELL_DN","GSE3982_MAC_VS_BCELL_DN","29/2154","197/21355",0.0244706418738894,0.0380877905330887,0.0113541582739379
"GSE3982_NEUTROPHIL_VS_TH1_UP","GSE3982_NEUTROPHIL_VS_TH1_UP","29/2154","197/21355",0.0244706418738894,0.0380877905330887,0.0113541582739379
"GSE5099_CLASSICAL_M1_VS_ALTERNATIVE_M2_MACROPHAGE_DN","GSE5099_CLASSICAL_M1_VS_ALTERNATIVE_M2_MACROPHAGE_DN","28/2154","189/21355",0.0247762006747368,0.0385516476110558,0.0114924363574395
"GSE6269_HEALTHY_VS_E_COLI_INF_PBMC_DN","GSE6269_HEALTHY_VS_E_COLI_INF_PBMC_DN","26/2154","173/21355",0.0252813643883906,0.0393257122354247,0.0117231888410131
"GSE37532_VISCERAL_ADIPOSE_TISSUE_VS_LN_DERIVED_PPARG_KO_TCONV_CD4_TCELL_UP","GSE37532_VISCERAL_ADIPOSE_TISSUE_VS_LN_DERIVED_PPARG_KO_TCONV_CD4_TCELL_UP","25/2154","165/21355",0.0254677220272262,0.0395915058453049,0.0118024232274803
"GSE37563_WT_VS_CTLA4_KO_CD4_TCELL_D4_POST_IMMUNIZATION_UP","GSE37563_WT_VS_CTLA4_KO_CD4_TCELL_D4_POST_IMMUNIZATION_UP","25/2154","165/21355",0.0254677220272262,0.0395915058453049,0.0118024232274803
"GSE21033_CTRL_VS_POLYIC_STIM_DC_6H_DN","GSE21033_CTRL_VS_POLYIC_STIM_DC_6H_DN","24/2154","157/21355",0.0255993957157319,0.0397599362984621,0.0118526331765619
"GSE3565_DUSP1_VS_WT_SPLENOCYTES_POST_LPS_INJECTION_DN","GSE3565_DUSP1_VS_WT_SPLENOCYTES_POST_LPS_INJECTION_DN","24/2154","157/21355",0.0255993957157319,0.0397599362984621,0.0118526331765619
"GSE36891_UNSTIM_VS_PAM_TLR2_STIM_PERITONEAL_MACROPHAGE_DN","GSE36891_UNSTIM_VS_PAM_TLR2_STIM_PERITONEAL_MACROPHAGE_DN","24/2154","157/21355",0.0255993957157319,0.0397599362984621,0.0118526331765619
"GSE14000_UNSTIM_VS_4H_LPS_DC_TRANSLATED_RNA_UP","GSE14000_UNSTIM_VS_4H_LPS_DC_TRANSLATED_RNA_UP","29/2154","198/21355",0.0259996497154084,0.040259300119589,0.0120014959953812
"GSE15330_LYMPHOID_MULTIPOTENT_VS_GRANULOCYTE_MONOCYTE_PROGENITOR_IKAROS_KO_UP","GSE15330_LYMPHOID_MULTIPOTENT_VS_GRANULOCYTE_MONOCYTE_PROGENITOR_IKAROS_KO_UP","29/2154","198/21355",0.0259996497154084,0.040259300119589,0.0120014959953812
"GSE22601_DOUBLE_NEGATIVE_VS_IMMATURE_CD4_SP_THYMOCYTE_DN","GSE22601_DOUBLE_NEGATIVE_VS_IMMATURE_CD4_SP_THYMOCYTE_DN","29/2154","198/21355",0.0259996497154084,0.040259300119589,0.0120014959953812
"GSE2770_TGFB_AND_IL4_VS_TGFB_AND_IL12_TREATED_ACT_CD4_TCELL_48H_UP","GSE2770_TGFB_AND_IL4_VS_TGFB_AND_IL12_TREATED_ACT_CD4_TCELL_48H_UP","29/2154","198/21355",0.0259996497154084,0.040259300119589,0.0120014959953812
"GSE27786_NKCELL_VS_NKTCELL_DN","GSE27786_NKCELL_VS_NKTCELL_DN","29/2154","198/21355",0.0259996497154084,0.040259300119589,0.0120014959953812
"GSE29618_PRE_VS_DAY7_POST_TIV_FLU_VACCINE_MDC_DN","GSE29618_PRE_VS_DAY7_POST_TIV_FLU_VACCINE_MDC_DN","29/2154","198/21355",0.0259996497154084,0.040259300119589,0.0120014959953812
"GSE32986_CURDLAN_LOWDOSE_VS_GMCSF_AND_CURDLAN_LOWDOSE_STIM_DC_DN","GSE32986_CURDLAN_LOWDOSE_VS_GMCSF_AND_CURDLAN_LOWDOSE_STIM_DC_DN","29/2154","198/21355",0.0259996497154084,0.040259300119589,0.0120014959953812
"GSE42021_CD24INT_VS_CD24LOW_TCONV_THYMUS_UP","GSE42021_CD24INT_VS_CD24LOW_TCONV_THYMUS_UP","29/2154","198/21355",0.0259996497154084,0.040259300119589,0.0120014959953812
"GSE9006_HEALTHY_VS_TYPE_1_DIABETES_PBMC_AT_DX_DN","GSE9006_HEALTHY_VS_TYPE_1_DIABETES_PBMC_AT_DX_DN","29/2154","198/21355",0.0259996497154084,0.040259300119589,0.0120014959953812
"GSE9006_HEALTHY_VS_TYPE_1_DIABETES_PBMC_AT_DX_UP","GSE9006_HEALTHY_VS_TYPE_1_DIABETES_PBMC_AT_DX_UP","29/2154","198/21355",0.0259996497154084,0.040259300119589,0.0120014959953812
"GSE26928_EFF_MEM_VS_CENTR_MEM_CD4_TCELL_UP","GSE26928_EFF_MEM_VS_CENTR_MEM_CD4_TCELL_UP","28/2154","190/21355",0.0263562767410432,0.0407868168816446,0.0121587513447912
"GSE37416_12H_VS_48H_F_TULARENSIS_LVS_NEUTROPHIL_DN","GSE37416_12H_VS_48H_F_TULARENSIS_LVS_NEUTROPHIL_DN","28/2154","190/21355",0.0263562767410432,0.0407868168816446,0.0121587513447912
"GSE13547_CTRL_VS_ANTI_IGM_STIM_BCELL_2H_UP","GSE13547_CTRL_VS_ANTI_IGM_STIM_BCELL_2H_UP","27/2154","182/21355",0.0266810370947446,0.0412768964191919,0.0123048464728689
"GSE3920_IFNA_VS_IFNB_TREATED_ENDOTHELIAL_CELL_DN","GSE3920_IFNA_VS_IFNB_TREATED_ENDOTHELIAL_CELL_DN","25/2154","166/21355",0.0272090579488763,0.0420810385035101,0.0125445651956484
"GSE12963_UNINF_VS_ENV_AND_NEF_AND_VPR_DEFICIENT_HIV1_INF_CD4_TCELL_DN","GSE12963_UNINF_VS_ENV_AND_NEF_AND_VPR_DEFICIENT_HIV1_INF_CD4_TCELL_DN","21/2154","134/21355",0.0275334813482153,0.0421526637699903,0.012565917040968
"GSE10239_MEMORY_VS_DAY4.5_EFF_CD8_TCELL_UP","GSE10239_MEMORY_VS_DAY4.5_EFF_CD8_TCELL_UP","29/2154","199/21355",0.0276016268926125,0.0421526637699903,0.012565917040968
"GSE11864_UNTREATED_VS_CSF1_IFNG_PAM3CYS_IN_MAC_DN","GSE11864_UNTREATED_VS_CSF1_IFNG_PAM3CYS_IN_MAC_DN","29/2154","199/21355",0.0276016268926125,0.0421526637699903,0.012565917040968
"GSE12392_IFNAR_KO_VS_IFNB_KO_CD8_NEG_SPLEEN_DC_UP","GSE12392_IFNAR_KO_VS_IFNB_KO_CD8_NEG_SPLEEN_DC_UP","29/2154","199/21355",0.0276016268926125,0.0421526637699903,0.012565917040968
"GSE14308_TH2_VS_NATURAL_TREG_UP","GSE14308_TH2_VS_NATURAL_TREG_UP","29/2154","199/21355",0.0276016268926125,0.0421526637699903,0.012565917040968
"GSE14308_TH2_VS_TH1_UP","GSE14308_TH2_VS_TH1_UP","29/2154","199/21355",0.0276016268926125,0.0421526637699903,0.012565917040968
"GSE14350_TREG_VS_TEFF_IN_IL2RB_KO_DN","GSE14350_TREG_VS_TEFF_IN_IL2RB_KO_DN","29/2154","199/21355",0.0276016268926125,0.0421526637699903,0.012565917040968
"GSE16385_UNTREATED_VS_12H_IL4_TREATED_MACROPHAGE_UP","GSE16385_UNTREATED_VS_12H_IL4_TREATED_MACROPHAGE_UP","29/2154","199/21355",0.0276016268926125,0.0421526637699903,0.012565917040968
"GSE16450_IMMATURE_VS_MATURE_NEURON_CELL_LINE_6H_IFNA_STIM_UP","GSE16450_IMMATURE_VS_MATURE_NEURON_CELL_LINE_6H_IFNA_STIM_UP","29/2154","199/21355",0.0276016268926125,0.0421526637699903,0.012565917040968
"GSE17721_0.5H_VS_24H_LPS_BMDC_UP","GSE17721_0.5H_VS_24H_LPS_BMDC_UP","29/2154","199/21355",0.0276016268926125,0.0421526637699903,0.012565917040968
"GSE17721_0.5H_VS_8H_POLYIC_BMDC_DN","GSE17721_0.5H_VS_8H_POLYIC_BMDC_DN","29/2154","199/21355",0.0276016268926125,0.0421526637699903,0.012565917040968
"GSE17721_CTRL_VS_POLYIC_8H_BMDC_DN","GSE17721_CTRL_VS_POLYIC_8H_BMDC_DN","29/2154","199/21355",0.0276016268926125,0.0421526637699903,0.012565917040968
"GSE17721_LPS_VS_POLYIC_24H_BMDC_UP","GSE17721_LPS_VS_POLYIC_24H_BMDC_UP","29/2154","199/21355",0.0276016268926125,0.0421526637699903,0.012565917040968
"GSE17974_0.5H_VS_72H_UNTREATED_IN_VITRO_CD4_TCELL_DN","GSE17974_0.5H_VS_72H_UNTREATED_IN_VITRO_CD4_TCELL_DN","29/2154","199/21355",0.0276016268926125,0.0421526637699903,0.012565917040968
"GSE17974_0H_VS_4H_IN_VITRO_ACT_CD4_TCELL_DN","GSE17974_0H_VS_4H_IN_VITRO_ACT_CD4_TCELL_DN","29/2154","199/21355",0.0276016268926125,0.0421526637699903,0.012565917040968
"GSE18791_CTRL_VS_NEWCASTLE_VIRUS_DC_16H_UP","GSE18791_CTRL_VS_NEWCASTLE_VIRUS_DC_16H_UP","29/2154","199/21355",0.0276016268926125,0.0421526637699903,0.012565917040968
"GSE19888_ADENOSINE_A3R_INH_PRETREAT_AND_ACT_BY_A3R_VS_TCELL_MEMBRANES_ACT_MAST_CELL_DN","GSE19888_ADENOSINE_A3R_INH_PRETREAT_AND_ACT_BY_A3R_VS_TCELL_MEMBRANES_ACT_MAST_CELL_DN","29/2154","199/21355",0.0276016268926125,0.0421526637699903,0.012565917040968
"GSE19888_ADENOSINE_A3R_INH_VS_ACT_IN_MAST_CELL_DN","GSE19888_ADENOSINE_A3R_INH_VS_ACT_IN_MAST_CELL_DN","29/2154","199/21355",0.0276016268926125,0.0421526637699903,0.012565917040968
"GSE19888_CTRL_VS_A3R_ACTIVATION_MAST_CELL_UP","GSE19888_CTRL_VS_A3R_ACTIVATION_MAST_CELL_UP","29/2154","199/21355",0.0276016268926125,0.0421526637699903,0.012565917040968
"GSE20198_UNTREATED_VS_IFNA_TREATED_ACT_CD4_TCELL_DN","GSE20198_UNTREATED_VS_IFNA_TREATED_ACT_CD4_TCELL_DN","29/2154","199/21355",0.0276016268926125,0.0421526637699903,0.012565917040968
"GSE20366_CD103_KLRG1_DP_VS_DN_TREG_UP","GSE20366_CD103_KLRG1_DP_VS_DN_TREG_UP","29/2154","199/21355",0.0276016268926125,0.0421526637699903,0.012565917040968
"GSE25087_FETAL_VS_ADULT_TCONV_UP","GSE25087_FETAL_VS_ADULT_TCONV_UP","29/2154","199/21355",0.0276016268926125,0.0421526637699903,0.012565917040968
"GSE26030_TH1_VS_TH17_DAY15_POST_POLARIZATION_UP","GSE26030_TH1_VS_TH17_DAY15_POST_POLARIZATION_UP","29/2154","199/21355",0.0276016268926125,0.0421526637699903,0.012565917040968
"GSE2770_IL4_ACT_VS_ACT_CD4_TCELL_48H_UP","GSE2770_IL4_ACT_VS_ACT_CD4_TCELL_48H_UP","29/2154","199/21355",0.0276016268926125,0.0421526637699903,0.012565917040968
"GSE2770_TGFB_AND_IL4_VS_IL4_TREATED_ACT_CD4_TCELL_2H_UP","GSE2770_TGFB_AND_IL4_VS_IL4_TREATED_ACT_CD4_TCELL_2H_UP","29/2154","199/21355",0.0276016268926125,0.0421526637699903,0.012565917040968
"GSE27786_BCELL_VS_NEUTROPHIL_DN","GSE27786_BCELL_VS_NEUTROPHIL_DN","29/2154","199/21355",0.0276016268926125,0.0421526637699903,0.012565917040968
"GSE27859_MACROPHAGE_VS_CD11C_INT_F480_INT_DC_DN","GSE27859_MACROPHAGE_VS_CD11C_INT_F480_INT_DC_DN","29/2154","199/21355",0.0276016268926125,0.0421526637699903,0.012565917040968
"GSE28737_WT_VS_BCL6_KO_MARGINAL_ZONE_BCELL_UP","GSE28737_WT_VS_BCL6_KO_MARGINAL_ZONE_BCELL_UP","29/2154","199/21355",0.0276016268926125,0.0421526637699903,0.012565917040968
"GSE29618_PRE_VS_DAY7_POST_TIV_FLU_VACCINE_MDC_UP","GSE29618_PRE_VS_DAY7_POST_TIV_FLU_VACCINE_MDC_UP","29/2154","199/21355",0.0276016268926125,0.0421526637699903,0.012565917040968
"GSE30153_LUPUS_VS_HEALTHY_DONOR_BCELL_UP","GSE30153_LUPUS_VS_HEALTHY_DONOR_BCELL_UP","29/2154","199/21355",0.0276016268926125,0.0421526637699903,0.012565917040968
"GSE32986_UNSTIM_VS_GMCSF_STIM_DC_UP","GSE32986_UNSTIM_VS_GMCSF_STIM_DC_UP","29/2154","199/21355",0.0276016268926125,0.0421526637699903,0.012565917040968
"GSE36888_UNTREATED_VS_IL2_TREATED_TCELL_6H_DN","GSE36888_UNTREATED_VS_IL2_TREATED_TCELL_6H_DN","29/2154","199/21355",0.0276016268926125,0.0421526637699903,0.012565917040968
"GSE37532_WT_VS_PPARG_KO_VISCERAL_ADIPOSE_TISSUE_TREG_UP","GSE37532_WT_VS_PPARG_KO_VISCERAL_ADIPOSE_TISSUE_TREG_UP","29/2154","199/21355",0.0276016268926125,0.0421526637699903,0.012565917040968
"GSE3982_CTRL_VS_IGE_STIM_MAST_CELL_UP","GSE3982_CTRL_VS_IGE_STIM_MAST_CELL_UP","29/2154","199/21355",0.0276016268926125,0.0421526637699903,0.012565917040968
"GSE3982_EOSINOPHIL_VS_NEUTROPHIL_UP","GSE3982_EOSINOPHIL_VS_NEUTROPHIL_UP","29/2154","199/21355",0.0276016268926125,0.0421526637699903,0.012565917040968
"GSE4142_NAIVE_VS_GC_BCELL_UP","GSE4142_NAIVE_VS_GC_BCELL_UP","29/2154","199/21355",0.0276016268926125,0.0421526637699903,0.012565917040968
"GSE5542_IFNA_VS_IFNA_AND_IFNG_TREATED_EPITHELIAL_CELLS_6H_DN","GSE5542_IFNA_VS_IFNA_AND_IFNG_TREATED_EPITHELIAL_CELLS_6H_DN","29/2154","199/21355",0.0276016268926125,0.0421526637699903,0.012565917040968
"GSE5589_LPS_VS_LPS_AND_IL6_STIM_MACROPHAGE_45MIN_DN","GSE5589_LPS_VS_LPS_AND_IL6_STIM_MACROPHAGE_45MIN_DN","29/2154","199/21355",0.0276016268926125,0.0421526637699903,0.012565917040968
"GSE7460_WT_VS_FOXP3_HET_ACT_TCONV_DN","GSE7460_WT_VS_FOXP3_HET_ACT_TCONV_DN","29/2154","199/21355",0.0276016268926125,0.0421526637699903,0.012565917040968
"GSE7852_LN_VS_THYMUS_TCONV_UP","GSE7852_LN_VS_THYMUS_TCONV_UP","29/2154","199/21355",0.0276016268926125,0.0421526637699903,0.012565917040968
"GSE8921_UNSTIM_0H_VS_TLR1_2_STIM_MONOCYTE_12H_UP","GSE8921_UNSTIM_0H_VS_TLR1_2_STIM_MONOCYTE_12H_UP","29/2154","199/21355",0.0276016268926125,0.0421526637699903,0.012565917040968
"GSE9988_ANTI_TREM1_VS_ANTI_TREM1_AND_LPS_MONOCYTE_UP","GSE9988_ANTI_TREM1_VS_ANTI_TREM1_AND_LPS_MONOCYTE_UP","29/2154","199/21355",0.0276016268926125,0.0421526637699903,0.012565917040968
"GSE17974_0H_VS_24H_IN_VITRO_ACT_CD4_TCELL_UP","GSE17974_0H_VS_24H_IN_VITRO_ACT_CD4_TCELL_UP","28/2154","191/21355",0.0280130758502965,0.0427299692191426,0.0127380146436469
"GSE21678_WT_VS_FOXO1_FOXO3_KO_TREG_DN","GSE21678_WT_VS_FOXO1_FOXO3_KO_TREG_DN","28/2154","191/21355",0.0280130758502965,0.0427299692191426,0.0127380146436469
"GSE22045_TREG_VS_TCONV_DN","GSE22045_TREG_VS_TCONV_DN","28/2154","191/21355",0.0280130758502965,0.0427299692191426,0.0127380146436469
"GSE4984_UNTREATED_VS_GALECTIN1_TREATED_DC_DN","GSE4984_UNTREATED_VS_GALECTIN1_TREATED_DC_DN","28/2154","191/21355",0.0280130758502965,0.0427299692191426,0.0127380146436469
"GSE37301_GRANULOCYTE_MONOCYTE_PROGENITOR_VS_RAG2_KO_NK_CELL_UP","GSE37301_GRANULOCYTE_MONOCYTE_PROGENITOR_VS_RAG2_KO_NK_CELL_UP","27/2154","183/21355",0.0283943345599699,0.0432789195598815,0.0129016594486105
"SCHERER_PBMC_APSV_WETVAX_AGE_18_40YO_5_TO_7DY_UP","SCHERER_PBMC_APSV_WETVAX_AGE_18_40YO_5_TO_7DY_UP","6/2154","24/21355",0.0286439978422452,0.0432789195598815,0.0129016594486105
"GAUCHER_PBMC_YF_VAX_STAMARIL_UNKNOWN_AGE_14DY_UP","GAUCHER_PBMC_YF_VAX_STAMARIL_UNKNOWN_AGE_14DY_UP","11/2154","58/21355",0.0286736296610635,0.0432789195598815,0.0129016594486105
"ZAK_PBMC_MRKAD5_HIV_1_GAG_POL_NEF_AGE_20_50YO_AD5_NAB_TITERS_GT_200_VS_LTE_200_1DY_DN","ZAK_PBMC_MRKAD5_HIV_1_GAG_POL_NEF_AGE_20_50YO_AD5_NAB_TITERS_GT_200_VS_LTE_200_1DY_DN","18/2154","111/21355",0.029001459284634,0.0432789195598815,0.0129016594486105
"GSE3720_UNSTIM_VS_LPS_STIM_VD2_GAMMADELTA_TCELL_UP","GSE3720_UNSTIM_VS_LPS_STIM_VD2_GAMMADELTA_TCELL_UP","25/2154","167/21355",0.0290401692292655,0.0432789195598815,0.0129016594486105
"NAKAYA_PBMC_IMUVAC_MALE_AGE_14_27YO_1D_POSTBOOST_VS_0DY_PREIMM_TIV_UP","NAKAYA_PBMC_IMUVAC_MALE_AGE_14_27YO_1D_POSTBOOST_VS_0DY_PREIMM_TIV_UP","9/2154","44/21355",0.0292677298380659,0.0432789195598815,0.0129016594486105
"GSE10240_CTRL_VS_IL17_STIM_PRIMARY_BRONCHIAL_EPITHELIAL_CELLS_UP","GSE10240_CTRL_VS_IL17_STIM_PRIMARY_BRONCHIAL_EPITHELIAL_CELLS_UP","29/2154","200/21355",0.0292786588612615,0.0432789195598815,0.0129016594486105
"GSE10240_IL22_VS_IL22_AND_IL17_STIM_PRIMARY_BRONCHIAL_EPITHELIAL_CELLS_DN","GSE10240_IL22_VS_IL22_AND_IL17_STIM_PRIMARY_BRONCHIAL_EPITHELIAL_CELLS_DN","29/2154","200/21355",0.0292786588612615,0.0432789195598815,0.0129016594486105
"GSE11924_TFH_VS_TH1_CD4_TCELL_DN","GSE11924_TFH_VS_TH1_CD4_TCELL_DN","29/2154","200/21355",0.0292786588612615,0.0432789195598815,0.0129016594486105
"GSE11924_TH1_VS_TH2_CD4_TCELL_UP","GSE11924_TH1_VS_TH2_CD4_TCELL_UP","29/2154","200/21355",0.0292786588612615,0.0432789195598815,0.0129016594486105
"GSE11961_FOLLICULAR_BCELL_VS_PLASMA_CELL_DAY7_UP","GSE11961_FOLLICULAR_BCELL_VS_PLASMA_CELL_DAY7_UP","29/2154","200/21355",0.0292786588612615,0.0432789195598815,0.0129016594486105
"GSE11961_MARGINAL_ZONE_BCELL_VS_MEMORY_BCELL_DAY40_DN","GSE11961_MARGINAL_ZONE_BCELL_VS_MEMORY_BCELL_DAY40_DN","29/2154","200/21355",0.0292786588612615,0.0432789195598815,0.0129016594486105
"GSE11961_MARGINAL_ZONE_BCELL_VS_MEMORY_BCELL_DAY7_UP","GSE11961_MARGINAL_ZONE_BCELL_VS_MEMORY_BCELL_DAY7_UP","29/2154","200/21355",0.0292786588612615,0.0432789195598815,0.0129016594486105
"GSE12198_CTRL_VS_HIGH_IL2_STIM_NK_CELL_DN","GSE12198_CTRL_VS_HIGH_IL2_STIM_NK_CELL_DN","29/2154","200/21355",0.0292786588612615,0.0432789195598815,0.0129016594486105
"GSE12198_LOW_IL2_STIM_NK_CELL_VS_HIGH_IL2_STIM_NK_CELL_DN","GSE12198_LOW_IL2_STIM_NK_CELL_VS_HIGH_IL2_STIM_NK_CELL_DN","29/2154","200/21355",0.0292786588612615,0.0432789195598815,0.0129016594486105
"GSE12198_LOW_IL2_STIM_NK_CELL_VS_HIGH_IL2_STIM_NK_CELL_UP","GSE12198_LOW_IL2_STIM_NK_CELL_VS_HIGH_IL2_STIM_NK_CELL_UP","29/2154","200/21355",0.0292786588612615,0.0432789195598815,0.0129016594486105
"GSE13229_IMM_VS_INTMATURE_NKCELL_UP","GSE13229_IMM_VS_INTMATURE_NKCELL_UP","29/2154","200/21355",0.0292786588612615,0.0432789195598815,0.0129016594486105
"GSE13306_RA_VS_UNTREATED_TCONV_DN","GSE13306_RA_VS_UNTREATED_TCONV_DN","29/2154","200/21355",0.0292786588612615,0.0432789195598815,0.0129016594486105
"GSE13522_WT_VS_IFNAR_KO_SKIN_UP","GSE13522_WT_VS_IFNAR_KO_SKIN_UP","29/2154","200/21355",0.0292786588612615,0.0432789195598815,0.0129016594486105
"GSE14026_TH1_VS_TH17_UP","GSE14026_TH1_VS_TH17_UP","29/2154","200/21355",0.0292786588612615,0.0432789195598815,0.0129016594486105
"GSE14308_TH1_VS_INDUCED_TREG_UP","GSE14308_TH1_VS_INDUCED_TREG_UP","29/2154","200/21355",0.0292786588612615,0.0432789195598815,0.0129016594486105
"GSE14350_IL2RB_KO_VS_WT_TEFF_DN","GSE14350_IL2RB_KO_VS_WT_TEFF_DN","29/2154","200/21355",0.0292786588612615,0.0432789195598815,0.0129016594486105
"GSE1448_CTRL_VS_ANTI_VALPHA2_DP_THYMOCYTE_UP","GSE1448_CTRL_VS_ANTI_VALPHA2_DP_THYMOCYTE_UP","29/2154","200/21355",0.0292786588612615,0.0432789195598815,0.0129016594486105
"GSE15324_NAIVE_VS_ACTIVATED_ELF4_KO_CD8_TCELL_DN","GSE15324_NAIVE_VS_ACTIVATED_ELF4_KO_CD8_TCELL_DN","29/2154","200/21355",0.0292786588612615,0.0432789195598815,0.0129016594486105
"GSE15330_HSC_VS_LYMPHOID_PRIMED_MULTIPOTENT_PROGENITOR_UP","GSE15330_HSC_VS_LYMPHOID_PRIMED_MULTIPOTENT_PROGENITOR_UP","29/2154","200/21355",0.0292786588612615,0.0432789195598815,0.0129016594486105
"GSE15930_STIM_VS_STIM_AND_IFNAB_24H_CD8_T_CELL_UP","GSE15930_STIM_VS_STIM_AND_IFNAB_24H_CD8_T_CELL_UP","29/2154","200/21355",0.0292786588612615,0.0432789195598815,0.0129016594486105
"GSE15930_STIM_VS_STIM_AND_IFNAB_72H_CD8_T_CELL_DN","GSE15930_STIM_VS_STIM_AND_IFNAB_72H_CD8_T_CELL_DN","29/2154","200/21355",0.0292786588612615,0.0432789195598815,0.0129016594486105
"GSE16385_MONOCYTE_VS_12H_IL4_TREATED_MACROPHAGE_UP","GSE16385_MONOCYTE_VS_12H_IL4_TREATED_MACROPHAGE_UP","29/2154","200/21355",0.0292786588612615,0.0432789195598815,0.0129016594486105
"GSE16385_MONOCYTE_VS_MACROPHAGE_UP","GSE16385_MONOCYTE_VS_MACROPHAGE_UP","29/2154","200/21355",0.0292786588612615,0.0432789195598815,0.0129016594486105
"GSE16450_CTRL_VS_IFNA_12H_STIM_MATURE_NEURON_CELL_LINE_DN","GSE16450_CTRL_VS_IFNA_12H_STIM_MATURE_NEURON_CELL_LINE_DN","29/2154","200/21355",0.0292786588612615,0.0432789195598815,0.0129016594486105
"GSE17721_0.5H_VS_4H_POLYIC_BMDC_DN","GSE17721_0.5H_VS_4H_POLYIC_BMDC_DN","29/2154","200/21355",0.0292786588612615,0.0432789195598815,0.0129016594486105
"GSE17721_CPG_VS_GARDIQUIMOD_24H_BMDC_DN","GSE17721_CPG_VS_GARDIQUIMOD_24H_BMDC_DN","29/2154","200/21355",0.0292786588612615,0.0432789195598815,0.0129016594486105
"GSE17721_CPG_VS_GARDIQUIMOD_24H_BMDC_UP","GSE17721_CPG_VS_GARDIQUIMOD_24H_BMDC_UP","29/2154","200/21355",0.0292786588612615,0.0432789195598815,0.0129016594486105
"GSE17721_CTRL_VS_CPG_1H_BMDC_UP","GSE17721_CTRL_VS_CPG_1H_BMDC_UP","29/2154","200/21355",0.0292786588612615,0.0432789195598815,0.0129016594486105
"GSE17721_CTRL_VS_CPG_6H_BMDC_DN","GSE17721_CTRL_VS_CPG_6H_BMDC_DN","29/2154","200/21355",0.0292786588612615,0.0432789195598815,0.0129016594486105
"GSE17721_PAM3CSK4_VS_GADIQUIMOD_2H_BMDC_DN","GSE17721_PAM3CSK4_VS_GADIQUIMOD_2H_BMDC_DN","29/2154","200/21355",0.0292786588612615,0.0432789195598815,0.0129016594486105
"GSE17721_PAM3CSK4_VS_GADIQUIMOD_6H_BMDC_DN","GSE17721_PAM3CSK4_VS_GADIQUIMOD_6H_BMDC_DN","29/2154","200/21355",0.0292786588612615,0.0432789195598815,0.0129016594486105
"GSE17721_POLYIC_VS_CPG_12H_BMDC_DN","GSE17721_POLYIC_VS_CPG_12H_BMDC_DN","29/2154","200/21355",0.0292786588612615,0.0432789195598815,0.0129016594486105
"GSE17721_POLYIC_VS_CPG_16H_BMDC_UP","GSE17721_POLYIC_VS_CPG_16H_BMDC_UP","29/2154","200/21355",0.0292786588612615,0.0432789195598815,0.0129016594486105
"GSE17721_POLYIC_VS_PAM3CSK4_1H_BMDC_DN","GSE17721_POLYIC_VS_PAM3CSK4_1H_BMDC_DN","29/2154","200/21355",0.0292786588612615,0.0432789195598815,0.0129016594486105
"GSE17721_POLYIC_VS_PAM3CSK4_2H_BMDC_UP","GSE17721_POLYIC_VS_PAM3CSK4_2H_BMDC_UP","29/2154","200/21355",0.0292786588612615,0.0432789195598815,0.0129016594486105
"GSE18148_CBFB_KO_VS_WT_TREG_DN","GSE18148_CBFB_KO_VS_WT_TREG_DN","29/2154","200/21355",0.0292786588612615,0.0432789195598815,0.0129016594486105
"GSE18791_CTRL_VS_NEWCASTLE_VIRUS_DC_10H_DN","GSE18791_CTRL_VS_NEWCASTLE_VIRUS_DC_10H_DN","29/2154","200/21355",0.0292786588612615,0.0432789195598815,0.0129016594486105
"GSE18893_CTRL_VS_TNF_TREATED_TREG_24H_UP","GSE18893_CTRL_VS_TNF_TREATED_TREG_24H_UP","29/2154","200/21355",0.0292786588612615,0.0432789195598815,0.0129016594486105
"GSE19772_HCMV_INFL_VS_HCMV_INF_MONOCYTES_AND_PI3K_INHIBITION_UP","GSE19772_HCMV_INFL_VS_HCMV_INF_MONOCYTES_AND_PI3K_INHIBITION_UP","29/2154","200/21355",0.0292786588612615,0.0432789195598815,0.0129016594486105
"GSE19825_NAIVE_VS_DAY3_EFF_CD8_TCELL_UP","GSE19825_NAIVE_VS_DAY3_EFF_CD8_TCELL_UP","29/2154","200/21355",0.0292786588612615,0.0432789195598815,0.0129016594486105
"GSE19888_NO_PRETREAT_VS_ADENOSINE_A3R_INHIBITOR_PRETREATED_MAST_CELL_TCELL_MEMBRANES_ACT_DN","GSE19888_NO_PRETREAT_VS_ADENOSINE_A3R_INHIBITOR_PRETREATED_MAST_CELL_TCELL_MEMBRANES_ACT_DN","29/2154","200/21355",0.0292786588612615,0.0432789195598815,0.0129016594486105
"GSE19941_IL10_KO_VS_IL10_KO_AND_NFKBP50_KO_UNSTIM_MACROPHAGE_UP","GSE19941_IL10_KO_VS_IL10_KO_AND_NFKBP50_KO_UNSTIM_MACROPHAGE_UP","29/2154","200/21355",0.0292786588612615,0.0432789195598815,0.0129016594486105
"GSE20366_EX_VIVO_VS_DEC205_CONVERSION_DN","GSE20366_EX_VIVO_VS_DEC205_CONVERSION_DN","29/2154","200/21355",0.0292786588612615,0.0432789195598815,0.0129016594486105
"GSE20715_0H_VS_6H_OZONE_TLR4_KO_LUNG_DN","GSE20715_0H_VS_6H_OZONE_TLR4_KO_LUNG_DN","29/2154","200/21355",0.0292786588612615,0.0432789195598815,0.0129016594486105
"GSE20715_WT_VS_TLR4_KO_48H_OZONE_LUNG_UP","GSE20715_WT_VS_TLR4_KO_48H_OZONE_LUNG_UP","29/2154","200/21355",0.0292786588612615,0.0432789195598815,0.0129016594486105
"GSE21063_WT_VS_NFATC1_KO_8H_ANTI_IGM_STIM_BCELL_DN","GSE21063_WT_VS_NFATC1_KO_8H_ANTI_IGM_STIM_BCELL_DN","29/2154","200/21355",0.0292786588612615,0.0432789195598815,0.0129016594486105
"GSE21927_SPLEEN_C57BL6_VS_EL4_TUMOR_BALBC_MONOCYTES_DN","GSE21927_SPLEEN_C57BL6_VS_EL4_TUMOR_BALBC_MONOCYTES_DN","29/2154","200/21355",0.0292786588612615,0.0432789195598815,0.0129016594486105
"GSE22432_MULTIPOTENT_VS_COMMON_DC_PROGENITOR_UNTREATED_DN","GSE22432_MULTIPOTENT_VS_COMMON_DC_PROGENITOR_UNTREATED_DN","29/2154","200/21355",0.0292786588612615,0.0432789195598815,0.0129016594486105
"GSE22886_NEUTROPHIL_VS_DC_DN","GSE22886_NEUTROPHIL_VS_DC_DN","29/2154","200/21355",0.0292786588612615,0.0432789195598815,0.0129016594486105
"GSE22935_UNSTIM_VS_24H_MBOVIS_BCG_STIM_MYD88_KO_MACROPHAGE_DN","GSE22935_UNSTIM_VS_24H_MBOVIS_BCG_STIM_MYD88_KO_MACROPHAGE_DN","29/2154","200/21355",0.0292786588612615,0.0432789195598815,0.0129016594486105
"GSE22935_WT_VS_MYD88_KO_MACROPHAGE_12H_MBOVIS_BCG_STIM_DN","GSE22935_WT_VS_MYD88_KO_MACROPHAGE_12H_MBOVIS_BCG_STIM_DN","29/2154","200/21355",0.0292786588612615,0.0432789195598815,0.0129016594486105
"GSE2405_S_AUREUS_VS_A_PHAGOCYTOPHILUM_NEUTROPHIL_DN","GSE2405_S_AUREUS_VS_A_PHAGOCYTOPHILUM_NEUTROPHIL_DN","29/2154","200/21355",0.0292786588612615,0.0432789195598815,0.0129016594486105
"GSE24142_ADULT_VS_FETAL_DN2_THYMOCYTE_DN","GSE24142_ADULT_VS_FETAL_DN2_THYMOCYTE_DN","29/2154","200/21355",0.0292786588612615,0.0432789195598815,0.0129016594486105
"GSE24142_EARLY_THYMIC_PROGENITOR_VS_DN2_THYMOCYTE_ADULT_DN","GSE24142_EARLY_THYMIC_PROGENITOR_VS_DN2_THYMOCYTE_ADULT_DN","29/2154","200/21355",0.0292786588612615,0.0432789195598815,0.0129016594486105
"GSE24142_EARLY_THYMIC_PROGENITOR_VS_DN2_THYMOCYTE_FETAL_DN","GSE24142_EARLY_THYMIC_PROGENITOR_VS_DN2_THYMOCYTE_FETAL_DN","29/2154","200/21355",0.0292786588612615,0.0432789195598815,0.0129016594486105
"GSE24634_TEFF_VS_TCONV_DAY5_IN_CULTURE_UP","GSE24634_TEFF_VS_TCONV_DAY5_IN_CULTURE_UP","29/2154","200/21355",0.0292786588612615,0.0432789195598815,0.0129016594486105
"GSE2585_CTEC_VS_THYMIC_DC_DN","GSE2585_CTEC_VS_THYMIC_DC_DN","29/2154","200/21355",0.0292786588612615,0.0432789195598815,0.0129016594486105
"GSE26488_WT_VS_VP16_TRANSGENIC_HDAC7_KO_DOUBLE_POSITIVE_THYMOCYTE_UP","GSE26488_WT_VS_VP16_TRANSGENIC_HDAC7_KO_DOUBLE_POSITIVE_THYMOCYTE_UP","29/2154","200/21355",0.0292786588612615,0.0432789195598815,0.0129016594486105
"GSE2770_IL12_AND_TGFB_ACT_VS_ACT_CD4_TCELL_48H_DN","GSE2770_IL12_AND_TGFB_ACT_VS_ACT_CD4_TCELL_48H_DN","29/2154","200/21355",0.0292786588612615,0.0432789195598815,0.0129016594486105
"GSE2770_IL12_VS_IL4_TREATED_ACT_CD4_TCELL_6H_DN","GSE2770_IL12_VS_IL4_TREATED_ACT_CD4_TCELL_6H_DN","29/2154","200/21355",0.0292786588612615,0.0432789195598815,0.0129016594486105
"GSE2770_TGFB_AND_IL4_VS_TGFB_AND_IL12_TREATED_ACT_CD4_TCELL_6H_DN","GSE2770_TGFB_AND_IL4_VS_TGFB_AND_IL12_TREATED_ACT_CD4_TCELL_6H_DN","29/2154","200/21355",0.0292786588612615,0.0432789195598815,0.0129016594486105
"GSE27786_BCELL_VS_MONO_MAC_DN","GSE27786_BCELL_VS_MONO_MAC_DN","29/2154","200/21355",0.0292786588612615,0.0432789195598815,0.0129016594486105
"GSE27786_BCELL_VS_NEUTROPHIL_UP","GSE27786_BCELL_VS_NEUTROPHIL_UP","29/2154","200/21355",0.0292786588612615,0.0432789195598815,0.0129016594486105
"GSE27786_BCELL_VS_NKTCELL_UP","GSE27786_BCELL_VS_NKTCELL_UP","29/2154","200/21355",0.0292786588612615,0.0432789195598815,0.0129016594486105
"GSE27786_CD4_TCELL_VS_NKCELL_UP","GSE27786_CD4_TCELL_VS_NKCELL_UP","29/2154","200/21355",0.0292786588612615,0.0432789195598815,0.0129016594486105
"GSE27786_LSK_VS_NEUTROPHIL_UP","GSE27786_LSK_VS_NEUTROPHIL_UP","29/2154","200/21355",0.0292786588612615,0.0432789195598815,0.0129016594486105
"GSE27786_NKCELL_VS_MONO_MAC_UP","GSE27786_NKCELL_VS_MONO_MAC_UP","29/2154","200/21355",0.0292786588612615,0.0432789195598815,0.0129016594486105
"GSE2826_WT_VS_XID_BCELL_UP","GSE2826_WT_VS_XID_BCELL_UP","29/2154","200/21355",0.0292786588612615,0.0432789195598815,0.0129016594486105
"GSE29164_DAY3_VS_DAY7_CD8_TCELL_AND_IL12_TREATED_MELANOMA_UP","GSE29164_DAY3_VS_DAY7_CD8_TCELL_AND_IL12_TREATED_MELANOMA_UP","29/2154","200/21355",0.0292786588612615,0.0432789195598815,0.0129016594486105
"GSE3039_CD4_TCELL_VS_NKT_CELL_UP","GSE3039_CD4_TCELL_VS_NKT_CELL_UP","29/2154","200/21355",0.0292786588612615,0.0432789195598815,0.0129016594486105
"GSE3039_NKT_CELL_VS_ALPHABETA_CD8_TCELL_DN","GSE3039_NKT_CELL_VS_ALPHABETA_CD8_TCELL_DN","29/2154","200/21355",0.0292786588612615,0.0432789195598815,0.0129016594486105
"GSE3039_NKT_CELL_VS_B2_BCELL_UP","GSE3039_NKT_CELL_VS_B2_BCELL_UP","29/2154","200/21355",0.0292786588612615,0.0432789195598815,0.0129016594486105
"GSE32986_UNSTIM_VS_CURDLAN_HIGHDOSE_STIM_DC_UP","GSE32986_UNSTIM_VS_CURDLAN_HIGHDOSE_STIM_DC_UP","29/2154","200/21355",0.0292786588612615,0.0432789195598815,0.0129016594486105
"GSE34179_THPOK_KO_VS_WT_VA14I_NKTCELL_UP","GSE34179_THPOK_KO_VS_WT_VA14I_NKTCELL_UP","29/2154","200/21355",0.0292786588612615,0.0432789195598815,0.0129016594486105
"GSE35685_CD34POS_CD38NEG_VS_CD34POS_CD10NEG_CD62LPOS_BONE_MARROW_DN","GSE35685_CD34POS_CD38NEG_VS_CD34POS_CD10NEG_CD62LPOS_BONE_MARROW_DN","29/2154","200/21355",0.0292786588612615,0.0432789195598815,0.0129016594486105
"GSE360_L_DONOVANI_VS_L_MAJOR_MAC_DN","GSE360_L_DONOVANI_VS_L_MAJOR_MAC_DN","29/2154","200/21355",0.0292786588612615,0.0432789195598815,0.0129016594486105
"GSE36078_UNTREATED_VS_AD5_T425A_HEXON_INF_MOUSE_LUNG_DC_UP","GSE36078_UNTREATED_VS_AD5_T425A_HEXON_INF_MOUSE_LUNG_DC_UP","29/2154","200/21355",0.0292786588612615,0.0432789195598815,0.0129016594486105
"GSE36476_CTRL_VS_TSST_ACT_16H_MEMORY_CD4_TCELL_OLD_DN","GSE36476_CTRL_VS_TSST_ACT_16H_MEMORY_CD4_TCELL_OLD_DN","29/2154","200/21355",0.0292786588612615,0.0432789195598815,0.0129016594486105
"GSE37301_COMMON_LYMPHOID_PROGENITOR_VS_GRAN_MONO_PROGENITOR_UP","GSE37301_COMMON_LYMPHOID_PROGENITOR_VS_GRAN_MONO_PROGENITOR_UP","29/2154","200/21355",0.0292786588612615,0.0432789195598815,0.0129016594486105
"GSE3982_MAC_VS_NEUTROPHIL_LPS_STIM_UP","GSE3982_MAC_VS_NEUTROPHIL_LPS_STIM_UP","29/2154","200/21355",0.0292786588612615,0.0432789195598815,0.0129016594486105
"GSE3982_MAST_CELL_VS_TH2_DN","GSE3982_MAST_CELL_VS_TH2_DN","29/2154","200/21355",0.0292786588612615,0.0432789195598815,0.0129016594486105
"GSE40225_WT_VS_RIP_B7X_DIABETIC_MOUSE_PANCREATIC_CD8_TCELL_DN","GSE40225_WT_VS_RIP_B7X_DIABETIC_MOUSE_PANCREATIC_CD8_TCELL_DN","29/2154","200/21355",0.0292786588612615,0.0432789195598815,0.0129016594486105
"GSE4142_PLASMA_CELL_VS_GC_BCELL_UP","GSE4142_PLASMA_CELL_VS_GC_BCELL_UP","29/2154","200/21355",0.0292786588612615,0.0432789195598815,0.0129016594486105
"GSE42724_B1_BCELL_VS_PLASMABLAST_DN","GSE42724_B1_BCELL_VS_PLASMABLAST_DN","29/2154","200/21355",0.0292786588612615,0.0432789195598815,0.0129016594486105
"GSE43955_10H_VS_60H_ACT_CD4_TCELL_DN","GSE43955_10H_VS_60H_ACT_CD4_TCELL_DN","29/2154","200/21355",0.0292786588612615,0.0432789195598815,0.0129016594486105
"GSE43955_10H_VS_60H_ACT_CD4_TCELL_WITH_TGFB_IL6_DN","GSE43955_10H_VS_60H_ACT_CD4_TCELL_WITH_TGFB_IL6_DN","29/2154","200/21355",0.0292786588612615,0.0432789195598815,0.0129016594486105
"GSE43955_TH0_VS_TGFB_IL6_TH17_ACT_CD4_TCELL_30H_UP","GSE43955_TH0_VS_TGFB_IL6_TH17_ACT_CD4_TCELL_30H_UP","29/2154","200/21355",0.0292786588612615,0.0432789195598815,0.0129016594486105
"GSE4535_BM_DERIVED_DC_VS_FOLLICULAR_DC_DN","GSE4535_BM_DERIVED_DC_VS_FOLLICULAR_DC_DN","29/2154","200/21355",0.0292786588612615,0.0432789195598815,0.0129016594486105
"GSE45365_NK_CELL_VS_CD11B_DC_MCMV_INFECTION_UP","GSE45365_NK_CELL_VS_CD11B_DC_MCMV_INFECTION_UP","29/2154","200/21355",0.0292786588612615,0.0432789195598815,0.0129016594486105
"GSE5142_CTRL_VS_HTERT_TRANSDUCED_CD8_TCELL_EARLY_PASSAGE_CLONE_UP","GSE5142_CTRL_VS_HTERT_TRANSDUCED_CD8_TCELL_EARLY_PASSAGE_CLONE_UP","29/2154","200/21355",0.0292786588612615,0.0432789195598815,0.0129016594486105
"GSE5455_EX_VIVO_VS_POST_24H_INCUBATION_MONOCYTES_FROM_TUMOR_BEARING_MOUSE_UP","GSE5455_EX_VIVO_VS_POST_24H_INCUBATION_MONOCYTES_FROM_TUMOR_BEARING_MOUSE_UP","29/2154","200/21355",0.0292786588612615,0.0432789195598815,0.0129016594486105
"GSE5503_LIVER_DC_VS_PLN_DC_ACTIVATED_ALLOGENIC_TCELL_DN","GSE5503_LIVER_DC_VS_PLN_DC_ACTIVATED_ALLOGENIC_TCELL_DN","29/2154","200/21355",0.0292786588612615,0.0432789195598815,0.0129016594486105
"GSE5503_MLN_DC_VS_SPLEEN_DC_ACTIVATED_ALLOGENIC_TCELL_DN","GSE5503_MLN_DC_VS_SPLEEN_DC_ACTIVATED_ALLOGENIC_TCELL_DN","29/2154","200/21355",0.0292786588612615,0.0432789195598815,0.0129016594486105
"GSE5542_IFNG_VS_IFNA_AND_IFNG_TREATED_EPITHELIAL_CELLS_6H_UP","GSE5542_IFNG_VS_IFNA_AND_IFNG_TREATED_EPITHELIAL_CELLS_6H_UP","29/2154","200/21355",0.0292786588612615,0.0432789195598815,0.0129016594486105
"GSE5589_UNSTIM_VS_45MIN_LPS_AND_IL6_STIM_MACROPHAGE_DN","GSE5589_UNSTIM_VS_45MIN_LPS_AND_IL6_STIM_MACROPHAGE_DN","29/2154","200/21355",0.0292786588612615,0.0432789195598815,0.0129016594486105
"GSE5679_CTRL_VS_RARA_AGONIST_AM580_TREATED_DC_UP","GSE5679_CTRL_VS_RARA_AGONIST_AM580_TREATED_DC_UP","29/2154","200/21355",0.0292786588612615,0.0432789195598815,0.0129016594486105
"GSE7460_CTRL_VS_TGFB_TREATED_ACT_FOXP3_MUT_TCONV_DN","GSE7460_CTRL_VS_TGFB_TREATED_ACT_FOXP3_MUT_TCONV_DN","29/2154","200/21355",0.0292786588612615,0.0432789195598815,0.0129016594486105
"GSE7460_FOXP3_MUT_VS_HET_ACT_TCONV_UP","GSE7460_FOXP3_MUT_VS_HET_ACT_TCONV_UP","29/2154","200/21355",0.0292786588612615,0.0432789195598815,0.0129016594486105
"GSE7852_LN_VS_FAT_TCONV_UP","GSE7852_LN_VS_FAT_TCONV_UP","29/2154","200/21355",0.0292786588612615,0.0432789195598815,0.0129016594486105
"GSE8835_HEALTHY_VS_CLL_CD8_TCELL_DN","GSE8835_HEALTHY_VS_CLL_CD8_TCELL_DN","29/2154","200/21355",0.0292786588612615,0.0432789195598815,0.0129016594486105
"GSE9878_CTRL_VS_EBF_TRANSDUCED_PAX5_KO_PRO_BCELL_DN","GSE9878_CTRL_VS_EBF_TRANSDUCED_PAX5_KO_PRO_BCELL_DN","29/2154","200/21355",0.0292786588612615,0.0432789195598815,0.0129016594486105
"FLETCHER_PBMC_BCG_10W_INFANT_BCG_STIMULATED_VS_UNSTIMULATED_10W_UP","FLETCHER_PBMC_BCG_10W_INFANT_BCG_STIMULATED_VS_UNSTIMULATED_10W_UP","20/2154","127/21355",0.029538980986352,0.0436511010934156,0.0130126086000115
"GSE6269_FLU_VS_STAPH_AUREUS_INF_PBMC_UP","GSE6269_FLU_VS_STAPH_AUREUS_INF_PBMC_UP","27/2154","184/21355",0.030190735614606,0.0446013381096448,0.0132958789427909
"GSE3920_UNTREATED_VS_IFNA_TREATED_FIBROBLAST_UP","GSE3920_UNTREATED_VS_IFNA_TREATED_FIBROBLAST_UP","25/2154","168/21355",0.0309637273694849,0.0457300803120093,0.0136323625622592
"GSE4590_SMALL_VS_VPREB_POS_LARGE_PRE_BCELL_DN","GSE4590_SMALL_VS_VPREB_POS_LARGE_PRE_BCELL_DN","24/2154","160/21355",0.0312789290812545,0.0461689273650272,0.0137631850339299
"GSE7348_UNSTIM_VS_TOLERIZED_AND_LPS_STIM_MACROPHAGE_DN","GSE7348_UNSTIM_VS_TOLERIZED_AND_LPS_STIM_MACROPHAGE_DN","24/2154","160/21355",0.0312789290812545,0.0461689273650272,0.0137631850339299
"GSE12484_HEALTHY_VS_PERIDONTITIS_NEUTROPHILS_DN","GSE12484_HEALTHY_VS_PERIDONTITIS_NEUTROPHILS_DN","23/2154","152/21355",0.0315337730462362,0.0465316541372022,0.0138713156743222
"GSE18791_CTRL_VS_NEWCASTLE_VIRUS_DC_18H_DN","GSE18791_CTRL_VS_NEWCASTLE_VIRUS_DC_18H_DN","28/2154","193/21355",0.0315656691011319,0.0465652816255302,0.0138813401945027
"GSE7219_WT_VS_NIK_NFKB2_KO_DC_UP","GSE7219_WT_VS_NIK_NFKB2_KO_DC_UP","27/2154","185/21355",0.032072567565868,0.0472994052391933,0.0141001860657255
"GSE4984_GALECTIN1_VS_LPS_STIM_DC_DN","GSE4984_GALECTIN1_VS_LPS_STIM_DC_DN","25/2154","169/21355",0.0329823724289875,0.0486271252103267,0.0144959859397723
"HOEK_NEUTROPHIL_2011_2012_TIV_ADULT_1DY_UP","HOEK_NEUTROPHIL_2011_2012_TIV_ADULT_1DY_UP","8/2154","38/21355",0.0331344140523437,0.0488372035311713,0.0145586113236922
"GSE13738_RESTING_VS_BYSTANDER_ACTIVATED_CD4_TCELL_UP","GSE13738_RESTING_VS_BYSTANDER_ACTIVATED_CD4_TCELL_UP","28/2154","194/21355",0.033465827084726,0.0492546844801968,0.0146830644543475
"GSE14000_TRANSLATED_RNA_VS_MRNA_4H_LPS_DC_DN","GSE14000_TRANSLATED_RNA_VS_MRNA_4H_LPS_DC_DN","28/2154","194/21355",0.033465827084726,0.0492546844801968,0.0146830644543475
"GSE17974_CTRL_VS_ACT_IL4_AND_ANTI_IL12_1H_CD4_TCELL_UP","GSE17974_CTRL_VS_ACT_IL4_AND_ANTI_IL12_1H_CD4_TCELL_UP","28/2154","194/21355",0.033465827084726,0.0492546844801968,0.0146830644543475
"GSE19401_RETINOIC_ACID_VS_RETINOIC_ACID_AND_PAM2CSK4_STIM_FOLLICULAR_DC_UP","GSE19401_RETINOIC_ACID_VS_RETINOIC_ACID_AND_PAM2CSK4_STIM_FOLLICULAR_DC_UP","28/2154","194/21355",0.033465827084726,0.0492546844801968,0.0146830644543475
"GSE3982_DC_VS_NEUTROPHIL_LPS_STIM_DN","GSE3982_DC_VS_NEUTROPHIL_LPS_STIM_DN","28/2154","194/21355",0.033465827084726,0.0492546844801968,0.0146830644543475
"GSE7459_UNTREATED_VS_IL6_TREATED_ACT_CD4_TCELL_DN","GSE7459_UNTREATED_VS_IL6_TREATED_ACT_CD4_TCELL_DN","22/2154","145/21355",0.0339569810842626,0.0499631782111754,0.0148942699310904
"GSE7596_AKT_TRANSD_VS_CTRL_CD4_TCONV_WITH_TGFB_DN","GSE7596_AKT_TRANSD_VS_CTRL_CD4_TCONV_WITH_TGFB_DN","20/2154","129/21355",0.0342060970464768,0.0503152399881001,0.01499922128378
"GSE20484_MCSG_VS_CXCL4_MONOCYTE_DERIVED_MACROPHAGE_DN","GSE20484_MCSG_VS_CXCL4_MONOCYTE_DERIVED_MACROPHAGE_DN","28/2154","195/21355",0.0354514266243365,0.052087110439722,0.0155274246073924
"GSE20500_CTRL_VS_RARA_ANTAGONIST_TREATED_CD4_TCELL_UP","GSE20500_CTRL_VS_RARA_ANTAGONIST_TREATED_CD4_TCELL_UP","28/2154","195/21355",0.0354514266243365,0.052087110439722,0.0155274246073924
"GSE25846_IL10_POS_VS_NEG_CD8_TCELL_DAY7_POST_CORONAVIRUS_BRAIN_UP","GSE25846_IL10_POS_VS_NEG_CD8_TCELL_DAY7_POST_CORONAVIRUS_BRAIN_UP","28/2154","195/21355",0.0354514266243365,0.052087110439722,0.0155274246073924
"GSE2706_LPS_VS_R848_AND_LPS_8H_STIM_DC_DN","GSE2706_LPS_VS_R848_AND_LPS_8H_STIM_DC_DN","28/2154","195/21355",0.0354514266243365,0.052087110439722,0.0155274246073924
"GSE5589_WT_VS_IL10_KO_LPS_STIM_MACROPHAGE_180MIN_UP","GSE5589_WT_VS_IL10_KO_LPS_STIM_MACROPHAGE_180MIN_UP","24/2154","162/21355",0.0355631264652304,0.0522362153452235,0.0155718735153702
"BUCASAS_PBMC_FLUARIX_FLUVIRIN_CAUCASIAN_MALE_AGE_18_40YO_HIGH_RESPONDERS_1DY_TOP_FUNCTIONAL_NETWORK_POSITIVE","BUCASAS_PBMC_FLUARIX_FLUVIRIN_CAUCASIAN_MALE_AGE_18_40YO_HIGH_RESPONDERS_1DY_TOP_FUNCTIONAL_NETWORK_POSITIVE","5/2154","19/21355",0.0362891329033241,0.0532261435842502,0.0158669760074926
"DHIMAN_PBMC_ATTENUVAX_AGE_15_25YO_SUBQ_7_OR_14DY_DN","DHIMAN_PBMC_ATTENUVAX_AGE_15_25YO_SUBQ_7_OR_14DY_DN","5/2154","19/21355",0.0362891329033241,0.0532261435842502,0.0158669760074926
"LI_PBMC_MENACTRA_AGE_18_45YO_CORRELATED_WITH_ANTI_POLYSACCHARIDE_ANTIBODY_3DY_NEGATIVE","LI_PBMC_MENACTRA_AGE_18_45YO_CORRELATED_WITH_ANTI_POLYSACCHARIDE_ANTIBODY_3DY_NEGATIVE","5/2154","19/21355",0.0362891329033241,0.0532261435842502,0.0158669760074926
"LI_PBMC_MENOMUNE_A_C_Y_W_135_AGE_18_45YO_3DY_DN","LI_PBMC_MENOMUNE_A_C_Y_W_135_AGE_18_45YO_3DY_DN","5/2154","19/21355",0.0362891329033241,0.0532261435842502,0.0158669760074926
"SCHERER_PBMC_YF_VAX_AGE_18_40YO_ANYD_DN","SCHERER_PBMC_YF_VAX_AGE_18_40YO_ANYD_DN","5/2154","19/21355",0.0362891329033241,0.0532261435842502,0.0158669760074926
"GSE37532_VISCERAL_ADIPOSE_TISSUE_VS_LN_DERIVED_PPARG_KO_TREG_CD4_TCELL_DN","GSE37532_VISCERAL_ADIPOSE_TISSUE_VS_LN_DERIVED_PPARG_KO_TREG_CD4_TCELL_DN","21/2154","138/21355",0.0365733702603844,0.0536276576258518,0.0159866693242681
"GSE7509_UNSTIM_VS_IFNA_STIM_IMMATURE_DC_UP","GSE7509_UNSTIM_VS_IFNA_STIM_IMMATURE_DC_UP","26/2154","179/21355",0.0367253826166571,0.0538351150570435,0.0160485134080515
"QIU_PBMC_HEPTATITIS_B_SURFACE_ANTIGEN_AGE_UNDER50_NON_RESPONDERS_VS_RESPONDERS_7DY_UP","QIU_PBMC_HEPTATITIS_B_SURFACE_ANTIGEN_AGE_UNDER50_NON_RESPONDERS_VS_RESPONDERS_7DY_UP","7/2154","32/21355",0.0372176897340404,0.0545411429091856,0.0162589837941472
"GSE17974_CTRL_VS_ACT_IL4_AND_ANTI_IL12_1H_CD4_TCELL_DN","GSE17974_CTRL_VS_ACT_IL4_AND_ANTI_IL12_1H_CD4_TCELL_DN","28/2154","196/21355",0.0375245798163444,0.0549121856327903,0.0163695934606895
"GSE22601_DOUBLE_POSITIVE_VS_CD4_SINGLE_POSITIVE_THYMOCYTE_UP","GSE22601_DOUBLE_POSITIVE_VS_CD4_SINGLE_POSITIVE_THYMOCYTE_UP","28/2154","196/21355",0.0375245798163444,0.0549121856327903,0.0163695934606895
"GSE2770_TGFB_AND_IL4_VS_IL12_TREATED_ACT_CD4_TCELL_2H_UP","GSE2770_TGFB_AND_IL4_VS_IL12_TREATED_ACT_CD4_TCELL_2H_UP","28/2154","196/21355",0.0375245798163444,0.0549121856327903,0.0163695934606895
"GSE34156_NOD2_LIGAND_VS_NOD2_AND_TLR1_TLR2_LIGAND_6H_TREATED_MONOCYTE_UP","GSE34156_NOD2_LIGAND_VS_NOD2_AND_TLR1_TLR2_LIGAND_6H_TREATED_MONOCYTE_UP","28/2154","196/21355",0.0375245798163444,0.0549121856327903,0.0163695934606895
"GSE9960_HEALTHY_VS_GRAM_POS_SEPSIS_PBMC_DN","GSE9960_HEALTHY_VS_GRAM_POS_SEPSIS_PBMC_DN","28/2154","196/21355",0.0375245798163444,0.0549121856327903,0.0163695934606895
"GSE6269_HEALTHY_VS_STAPH_PNEUMO_INF_PBMC_UP","GSE6269_HEALTHY_VS_STAPH_PNEUMO_INF_PBMC_UP","27/2154","188/21355",0.0382534886132578,0.0559628289784226,0.0166827954256448
"GSE15624_3H_VS_6H_HALOFUGINONE_TREATED_CD4_TCELL_DN","GSE15624_3H_VS_6H_HALOFUGINONE_TREATED_CD4_TCELL_DN","22/2154","147/21355",0.0387891821478775,0.0567302884216527,0.0169115788721326
"GSE13522_CTRL_VS_T_CRUZI_Y_STRAIN_INF_SKIN_BALBC_MOUSE_DN","GSE13522_CTRL_VS_T_CRUZI_Y_STRAIN_INF_SKIN_BALBC_MOUSE_DN","21/2154","139/21355",0.0391417213319339,0.0572295170632479,0.0170604013932665
"GSE7509_UNSTIM_VS_IFNA_STIM_IMMATURE_DC_DN","GSE7509_UNSTIM_VS_IFNA_STIM_IMMATURE_DC_DN","25/2154","172/21355",0.0396346215794182,0.057861843206499,0.0172489009363152
"GSE11057_PBMC_VS_MEM_CD4_TCELL_DN","GSE11057_PBMC_VS_MEM_CD4_TCELL_DN","28/2154","197/21355",0.0396873624340294,0.057861843206499,0.0172489009363152
"GSE11864_UNTREATED_VS_CSF1_IN_MAC_DN","GSE11864_UNTREATED_VS_CSF1_IN_MAC_DN","28/2154","197/21355",0.0396873624340294,0.057861843206499,0.0172489009363152
"GSE18281_MEDULLARY_THYMOCYTE_VS_WHOLE_MEDULLA_THYMUS_DN","GSE18281_MEDULLARY_THYMOCYTE_VS_WHOLE_MEDULLA_THYMUS_DN","28/2154","197/21355",0.0396873624340294,0.057861843206499,0.0172489009363152
"GSE24574_BCL6_HIGH_TFH_VS_TFH_CD4_TCELL_UP","GSE24574_BCL6_HIGH_TFH_VS_TFH_CD4_TCELL_UP","28/2154","197/21355",0.0396873624340294,0.057861843206499,0.0172489009363152
"GSE25123_WT_VS_PPARG_KO_MACROPHAGE_IL4_AND_ROSIGLITAZONE_STIM_UP","GSE25123_WT_VS_PPARG_KO_MACROPHAGE_IL4_AND_ROSIGLITAZONE_STIM_UP","28/2154","197/21355",0.0396873624340294,0.057861843206499,0.0172489009363152
"GSE28130_ACTIVATED_VS_INDUCEED_TREG_UP","GSE28130_ACTIVATED_VS_INDUCEED_TREG_UP","28/2154","197/21355",0.0396873624340294,0.057861843206499,0.0172489009363152
"GSE3982_EOSINOPHIL_VS_EFF_MEMORY_CD4_TCELL_DN","GSE3982_EOSINOPHIL_VS_EFF_MEMORY_CD4_TCELL_DN","28/2154","197/21355",0.0396873624340294,0.057861843206499,0.0172489009363152
"GSE3982_MAC_VS_BASOPHIL_DN","GSE3982_MAC_VS_BASOPHIL_DN","28/2154","197/21355",0.0396873624340294,0.057861843206499,0.0172489009363152
"GSE46606_IRF4_KO_VS_WT_CD40L_IL2_IL5_1DAY_STIMULATED_BCELL_UP","GSE46606_IRF4_KO_VS_WT_CD40L_IL2_IL5_1DAY_STIMULATED_BCELL_UP","28/2154","197/21355",0.0396873624340294,0.057861843206499,0.0172489009363152
"GSE40274_CTRL_VS_FOXP3_AND_IRF4_TRANSDUCED_ACTIVATED_CD4_TCELL_DN","GSE40274_CTRL_VS_FOXP3_AND_IRF4_TRANSDUCED_ACTIVATED_CD4_TCELL_DN","24/2154","164/21355",0.0402713813054921,0.0586798440054092,0.0174927510102901
"GSE40274_CTRL_VS_FOXP3_AND_PBX1_TRANSDUCED_ACTIVATED_CD4_TCELL_DN","GSE40274_CTRL_VS_FOXP3_AND_PBX1_TRANSDUCED_ACTIVATED_CD4_TCELL_DN","24/2154","164/21355",0.0402713813054921,0.0586798440054092,0.0174927510102901
"GSE45365_HEALTHY_VS_MCMV_INFECTION_CD11B_DC_UP","GSE45365_HEALTHY_VS_MCMV_INFECTION_CD11B_DC_UP","27/2154","189/21355",0.0404997032696779,0.0589957216005308,0.0175869156798601
"GSE13547_WT_VS_ZFX_KO_BCELL_ANTI_IGM_STIM_2H_UP","GSE13547_WT_VS_ZFX_KO_BCELL_ANTI_IGM_STIM_2H_UP","26/2154","181/21355",0.0412926028430859,0.0601336024883789,0.017926123586559
"FLETCHER_PBMC_BCG_10W_INFANT_PPD_STIMULATED_VS_UNSTIMULATED_10W_UP","FLETCHER_PBMC_BCG_10W_INFANT_PPD_STIMULATED_VS_UNSTIMULATED_10W_UP","15/2154","92/21355",0.0417433058490787,0.0607726431680921,0.018116624766055
"GSE13522_CTRL_VS_T_CRUZI_G_STRAIN_INF_SKIN_UP","GSE13522_CTRL_VS_T_CRUZI_G_STRAIN_INF_SKIN_UP","28/2154","198/21355",0.0419418092347436,0.0607847138937766,0.0181202231089356
"GSE1460_INTRATHYMIC_T_PROGENITOR_VS_THYMIC_STROMAL_CELL_UP","GSE1460_INTRATHYMIC_T_PROGENITOR_VS_THYMIC_STROMAL_CELL_UP","28/2154","198/21355",0.0419418092347436,0.0607847138937766,0.0181202231089356
"GSE16266_LPS_VS_HEATSHOCK_AND_LPS_STIM_MEF_DN","GSE16266_LPS_VS_HEATSHOCK_AND_LPS_STIM_MEF_DN","28/2154","198/21355",0.0419418092347436,0.0607847138937766,0.0181202231089356
"GSE17974_CTRL_VS_ACT_IL4_AND_ANTI_IL12_2H_CD4_TCELL_DN","GSE17974_CTRL_VS_ACT_IL4_AND_ANTI_IL12_2H_CD4_TCELL_DN","28/2154","198/21355",0.0419418092347436,0.0607847138937766,0.0181202231089356
"GSE18791_CTRL_VS_NEWCASTLE_VIRUS_DC_6H_DN","GSE18791_CTRL_VS_NEWCASTLE_VIRUS_DC_6H_DN","28/2154","198/21355",0.0419418092347436,0.0607847138937766,0.0181202231089356
"GSE21063_CTRL_VS_ANTI_IGM_STIM_BCELL_NFATC1_KO_8H_DN","GSE21063_CTRL_VS_ANTI_IGM_STIM_BCELL_NFATC1_KO_8H_DN","28/2154","198/21355",0.0419418092347436,0.0607847138937766,0.0181202231089356
"GSE22025_UNTREATED_VS_TGFB1_TREATED_CD4_TCELL_DN","GSE22025_UNTREATED_VS_TGFB1_TREATED_CD4_TCELL_DN","28/2154","198/21355",0.0419418092347436,0.0607847138937766,0.0181202231089356
"GSE2405_0H_VS_9H_A_PHAGOCYTOPHILUM_STIM_NEUTROPHIL_UP","GSE2405_0H_VS_9H_A_PHAGOCYTOPHILUM_STIM_NEUTROPHIL_UP","28/2154","198/21355",0.0419418092347436,0.0607847138937766,0.0181202231089356
"GSE24634_IL4_VS_CTRL_TREATED_NAIVE_CD4_TCELL_DAY10_UP","GSE24634_IL4_VS_CTRL_TREATED_NAIVE_CD4_TCELL_DAY10_UP","28/2154","198/21355",0.0419418092347436,0.0607847138937766,0.0181202231089356
"GSE37301_HEMATOPOIETIC_STEM_CELL_VS_PRO_BCELL_UP","GSE37301_HEMATOPOIETIC_STEM_CELL_VS_PRO_BCELL_UP","28/2154","198/21355",0.0419418092347436,0.0607847138937766,0.0181202231089356
"GSE39022_LN_VS_SPLEEN_DC_DN","GSE39022_LN_VS_SPLEEN_DC_DN","28/2154","198/21355",0.0419418092347436,0.0607847138937766,0.0181202231089356
"GSE3982_CENT_MEMORY_CD4_TCELL_VS_TH1_UP","GSE3982_CENT_MEMORY_CD4_TCELL_VS_TH1_UP","28/2154","198/21355",0.0419418092347436,0.0607847138937766,0.0181202231089356
"GSE3982_CENT_MEMORY_CD4_TCELL_VS_TH2_UP","GSE3982_CENT_MEMORY_CD4_TCELL_VS_TH2_UP","28/2154","198/21355",0.0419418092347436,0.0607847138937766,0.0181202231089356
"GSE3982_NEUTROPHIL_VS_TH2_DN","GSE3982_NEUTROPHIL_VS_TH2_DN","28/2154","198/21355",0.0419418092347436,0.0607847138937766,0.0181202231089356
"GSE41176_WT_VS_TAK1_KO_UNSTIM_BCELL_UP","GSE41176_WT_VS_TAK1_KO_UNSTIM_BCELL_UP","28/2154","198/21355",0.0419418092347436,0.0607847138937766,0.0181202231089356
"GSE6259_BCELL_VS_CD4_TCELL_DN","GSE6259_BCELL_VS_CD4_TCELL_DN","28/2154","198/21355",0.0419418092347436,0.0607847138937766,0.0181202231089356
"GSE6674_UNSTIM_VS_PL2_3_STIM_BCELL_DN","GSE6674_UNSTIM_VS_PL2_3_STIM_BCELL_DN","25/2154","173/21355",0.0420591582670919,0.060937510971845,0.018165772671772
"GSE13887_HEALTHY_VS_LUPUS_RESTING_CD4_TCELL_UP","GSE13887_HEALTHY_VS_LUPUS_RESTING_CD4_TCELL_UP","18/2154","116/21355",0.0425628932599368,0.0616498791042654,0.0183781331267
"GSE13547_CTRL_VS_ANTI_IGM_STIM_ZFX_KO_BCELL_2H_UP","GSE13547_CTRL_VS_ANTI_IGM_STIM_ZFX_KO_BCELL_2H_UP","24/2154","165/21355",0.0427911530975373,0.0619278703050405,0.018461003675193
"GSE6090_UNSTIM_VS_DC_SIGN_STIM_DC_UP","GSE6090_UNSTIM_VS_DC_SIGN_STIM_DC_UP","24/2154","165/21355",0.0427911530975373,0.0619278703050405,0.018461003675193
"GSE9601_UNTREATED_VS_NFKB_INHIBITOR_TREATED_HCMV_INF_MONOCYTE_UP","GSE9601_UNTREATED_VS_NFKB_INHIBITOR_TREATED_HCMV_INF_MONOCYTE_UP","24/2154","165/21355",0.0427911530975373,0.0619278703050405,0.018461003675193
"GSE21927_SPLEEN_VS_4T1_TUMOR_MONOCYTE_BALBC_UP","GSE21927_SPLEEN_VS_4T1_TUMOR_MONOCYTE_BALBC_UP","27/2154","190/21355",0.0428424794431327,0.06198460594022,0.01847791684796
"HOFT_CD4_POSITIVE_ALPHA_BETA_MEMORY_T_CELL_BCG_VACCINE_AGE_18_45YO_56D_TOP_100_DEG_AFTER_IN_VITRO_RE_STIMULATION_DN","HOFT_CD4_POSITIVE_ALPHA_BETA_MEMORY_T_CELL_BCG_VACCINE_AGE_18_45YO_56D_TOP_100_DEG_AFTER_IN_VITRO_RE_STIMULATION_DN","9/2154","47/21355",0.042914622151817,0.0620714181222745,0.0185037959877409
"SOBOLEV_PBMC_PANDEMRIX_AGE_18_64YO_7DY_DN","SOBOLEV_PBMC_PANDEMRIX_AGE_18_64YO_7DY_DN","7/2154","33/21355",0.0432714461484835,0.0625698258363112,0.0186523737863194
"GSE13229_IMM_VS_MATURE_NKCELL_DN","GSE13229_IMM_VS_MATURE_NKCELL_DN","28/2154","199/21355",0.0442899092673731,0.0632907507222131,0.0188672850516773
"GSE13493_DP_VS_CD4INTCD8POS_THYMOCYTE_DN","GSE13493_DP_VS_CD4INTCD8POS_THYMOCYTE_DN","28/2154","199/21355",0.0442899092673731,0.0632907507222131,0.0188672850516773
"GSE13493_DP_VS_CD4INTCD8POS_THYMOCYTE_UP","GSE13493_DP_VS_CD4INTCD8POS_THYMOCYTE_UP","28/2154","199/21355",0.0442899092673731,0.0632907507222131,0.0188672850516773
"GSE14308_TH2_VS_TH17_DN","GSE14308_TH2_VS_TH17_DN","28/2154","199/21355",0.0442899092673731,0.0632907507222131,0.0188672850516773
"GSE16450_CTRL_VS_IFNA_6H_STIM_MATURE_NEURON_CELL_LINE_UP","GSE16450_CTRL_VS_IFNA_6H_STIM_MATURE_NEURON_CELL_LINE_UP","28/2154","199/21355",0.0442899092673731,0.0632907507222131,0.0188672850516773
"GSE17580_UNINFECTED_VS_S_MANSONI_INF_TREG_UP","GSE17580_UNINFECTED_VS_S_MANSONI_INF_TREG_UP","28/2154","199/21355",0.0442899092673731,0.0632907507222131,0.0188672850516773
"GSE17721_0.5H_VS_8H_GARDIQUIMOD_BMDC_DN","GSE17721_0.5H_VS_8H_GARDIQUIMOD_BMDC_DN","28/2154","199/21355",0.0442899092673731,0.0632907507222131,0.0188672850516773
"GSE17721_LPS_VS_GARDIQUIMOD_24H_BMDC_UP","GSE17721_LPS_VS_GARDIQUIMOD_24H_BMDC_UP","28/2154","199/21355",0.0442899092673731,0.0632907507222131,0.0188672850516773
"GSE17721_LPS_VS_PAM3CSK4_8H_BMDC_DN","GSE17721_LPS_VS_PAM3CSK4_8H_BMDC_DN","28/2154","199/21355",0.0442899092673731,0.0632907507222131,0.0188672850516773
"GSE17721_LPS_VS_POLYIC_0.5H_BMDC_DN","GSE17721_LPS_VS_POLYIC_0.5H_BMDC_DN","28/2154","199/21355",0.0442899092673731,0.0632907507222131,0.0188672850516773
"GSE17974_0H_VS_2H_IN_VITRO_ACT_CD4_TCELL_DN","GSE17974_0H_VS_2H_IN_VITRO_ACT_CD4_TCELL_DN","28/2154","199/21355",0.0442899092673731,0.0632907507222131,0.0188672850516773
"GSE17974_0H_VS_6H_IN_VITRO_ACT_CD4_TCELL_DN","GSE17974_0H_VS_6H_IN_VITRO_ACT_CD4_TCELL_DN","28/2154","199/21355",0.0442899092673731,0.0632907507222131,0.0188672850516773
"GSE19888_ADENOSINE_A3R_ACT_VS_A3R_ACT_WITH_A3R_INH_PRETREATMENT_IN_MAST_CELL_DN","GSE19888_ADENOSINE_A3R_ACT_VS_A3R_ACT_WITH_A3R_INH_PRETREATMENT_IN_MAST_CELL_DN","28/2154","199/21355",0.0442899092673731,0.0632907507222131,0.0188672850516773
"GSE21379_TFH_VS_NON_TFH_CD4_TCELL_UP","GSE21379_TFH_VS_NON_TFH_CD4_TCELL_UP","28/2154","199/21355",0.0442899092673731,0.0632907507222131,0.0188672850516773
"GSE21670_IL6_VS_TGFB_AND_IL6_TREATED_STAT3_KO_CD4_TCELL_DN","GSE21670_IL6_VS_TGFB_AND_IL6_TREATED_STAT3_KO_CD4_TCELL_DN","28/2154","199/21355",0.0442899092673731,0.0632907507222131,0.0188672850516773
"GSE21670_UNTREATED_VS_TGFB_TREATED_CD4_TCELL_DN","GSE21670_UNTREATED_VS_TGFB_TREATED_CD4_TCELL_DN","28/2154","199/21355",0.0442899092673731,0.0632907507222131,0.0188672850516773
"GSE22025_PROGESTERONE_VS_TGFB1_AND_PROGESTERONE_TREATED_CD4_TCELL_UP","GSE22025_PROGESTERONE_VS_TGFB1_AND_PROGESTERONE_TREATED_CD4_TCELL_UP","28/2154","199/21355",0.0442899092673731,0.0632907507222131,0.0188672850516773
"GSE22886_CD8_VS_CD4_NAIVE_TCELL_UP","GSE22886_CD8_VS_CD4_NAIVE_TCELL_UP","28/2154","199/21355",0.0442899092673731,0.0632907507222131,0.0188672850516773
"GSE22886_NEUTROPHIL_VS_DC_UP","GSE22886_NEUTROPHIL_VS_DC_UP","28/2154","199/21355",0.0442899092673731,0.0632907507222131,0.0188672850516773
"GSE22935_24H_VS_48H_MBOVIS_BCG_STIM_MYD88_KO_MACROPHAGE_UP","GSE22935_24H_VS_48H_MBOVIS_BCG_STIM_MYD88_KO_MACROPHAGE_UP","28/2154","199/21355",0.0442899092673731,0.0632907507222131,0.0188672850516773
"GSE23398_WT_VS_IL2_KO_CD4_TCELL_SCURFY_MOUSE_UP","GSE23398_WT_VS_IL2_KO_CD4_TCELL_SCURFY_MOUSE_UP","28/2154","199/21355",0.0442899092673731,0.0632907507222131,0.0188672850516773
"GSE2405_0H_VS_1.5H_A_PHAGOCYTOPHILUM_STIM_NEUTROPHIL_DN","GSE2405_0H_VS_1.5H_A_PHAGOCYTOPHILUM_STIM_NEUTROPHIL_DN","28/2154","199/21355",0.0442899092673731,0.0632907507222131,0.0188672850516773
"GSE24972_MARGINAL_ZONE_BCELL_VS_FOLLICULAR_BCELL_IRF8_KO_DN","GSE24972_MARGINAL_ZONE_BCELL_VS_FOLLICULAR_BCELL_IRF8_KO_DN","28/2154","199/21355",0.0442899092673731,0.0632907507222131,0.0188672850516773
"GSE25088_WT_VS_STAT6_KO_MACROPHAGE_IL4_STIM_UP","GSE25088_WT_VS_STAT6_KO_MACROPHAGE_IL4_STIM_UP","28/2154","199/21355",0.0442899092673731,0.0632907507222131,0.0188672850516773
"GSE25123_CTRL_VS_ROSIGLITAZONE_STIM_PPARG_KO_MACROPHAGE_DN","GSE25123_CTRL_VS_ROSIGLITAZONE_STIM_PPARG_KO_MACROPHAGE_DN","28/2154","199/21355",0.0442899092673731,0.0632907507222131,0.0188672850516773
"GSE2585_CTEC_VS_THYMIC_MACROPHAGE_DN","GSE2585_CTEC_VS_THYMIC_MACROPHAGE_DN","28/2154","199/21355",0.0442899092673731,0.0632907507222131,0.0188672850516773
"GSE2770_UNTREATED_VS_IL4_TREATED_ACT_CD4_TCELL_48H_DN","GSE2770_UNTREATED_VS_IL4_TREATED_ACT_CD4_TCELL_48H_DN","28/2154","199/21355",0.0442899092673731,0.0632907507222131,0.0188672850516773
"GSE27786_LIN_NEG_VS_ERYTHROBLAST_DN","GSE27786_LIN_NEG_VS_ERYTHROBLAST_DN","28/2154","199/21355",0.0442899092673731,0.0632907507222131,0.0188672850516773
"GSE32423_IL7_VS_IL7_IL4_MEMORY_CD8_TCELL_DN","GSE32423_IL7_VS_IL7_IL4_MEMORY_CD8_TCELL_DN","28/2154","199/21355",0.0442899092673731,0.0632907507222131,0.0188672850516773
"GSE34179_THPOK_KO_VS_WT_VA14I_NKTCELL_DN","GSE34179_THPOK_KO_VS_WT_VA14I_NKTCELL_DN","28/2154","199/21355",0.0442899092673731,0.0632907507222131,0.0188672850516773
"GSE360_DC_VS_MAC_L_MAJOR_DN","GSE360_DC_VS_MAC_L_MAJOR_DN","28/2154","199/21355",0.0442899092673731,0.0632907507222131,0.0188672850516773
"GSE3691_IFN_PRODUCING_KILLER_DC_VS_PLASMACYTOID_DC_SPLEEN_DN","GSE3691_IFN_PRODUCING_KILLER_DC_VS_PLASMACYTOID_DC_SPLEEN_DN","28/2154","199/21355",0.0442899092673731,0.0632907507222131,0.0188672850516773
"GSE3982_MAST_CELL_VS_DC_UP","GSE3982_MAST_CELL_VS_DC_UP","28/2154","199/21355",0.0442899092673731,0.0632907507222131,0.0188672850516773
"GSE40274_LEF1_VS_FOXP3_AND_LEF1_TRANSDUCED_ACTIVATED_CD4_TCELL_DN","GSE40274_LEF1_VS_FOXP3_AND_LEF1_TRANSDUCED_ACTIVATED_CD4_TCELL_DN","28/2154","199/21355",0.0442899092673731,0.0632907507222131,0.0188672850516773
"GSE40666_WT_VS_STAT1_KO_CD8_TCELL_WITH_IFNA_STIM_90MIN_UP","GSE40666_WT_VS_STAT1_KO_CD8_TCELL_WITH_IFNA_STIM_90MIN_UP","28/2154","199/21355",0.0442899092673731,0.0632907507222131,0.0188672850516773
"GSE4142_NAIVE_VS_MEMORY_BCELL_UP","GSE4142_NAIVE_VS_MEMORY_BCELL_UP","28/2154","199/21355",0.0442899092673731,0.0632907507222131,0.0188672850516773
"GSE43955_1H_VS_10H_ACT_CD4_TCELL_WITH_TGFB_IL6_UP","GSE43955_1H_VS_10H_ACT_CD4_TCELL_WITH_TGFB_IL6_UP","28/2154","199/21355",0.0442899092673731,0.0632907507222131,0.0188672850516773
"GSE46606_UNSTIM_VS_CD40L_IL2_IL5_DAY3_STIMULATED_BCELL_DN","GSE46606_UNSTIM_VS_CD40L_IL2_IL5_DAY3_STIMULATED_BCELL_DN","28/2154","199/21355",0.0442899092673731,0.0632907507222131,0.0188672850516773
"GSE5542_UNTREATED_VS_IFNG_TREATED_EPITHELIAL_CELLS_24H_DN","GSE5542_UNTREATED_VS_IFNG_TREATED_EPITHELIAL_CELLS_24H_DN","28/2154","199/21355",0.0442899092673731,0.0632907507222131,0.0188672850516773
"GSE557_WT_VS_I_AB_KO_DC_DN","GSE557_WT_VS_I_AB_KO_DC_DN","28/2154","199/21355",0.0442899092673731,0.0632907507222131,0.0188672850516773
"GSE6681_DELETED_FOXP3_VS_WT_TREG_UP","GSE6681_DELETED_FOXP3_VS_WT_TREG_UP","28/2154","199/21355",0.0442899092673731,0.0632907507222131,0.0188672850516773
"GSE8921_UNSTIM_VS_TLR1_2_STIM_MONOCYTE_24H_UP","GSE8921_UNSTIM_VS_TLR1_2_STIM_MONOCYTE_24H_UP","28/2154","199/21355",0.0442899092673731,0.0632907507222131,0.0188672850516773
"GSE38697_LIGHT_ZONE_VS_DARK_ZONE_BCELL_UP","GSE38697_LIGHT_ZONE_VS_DARK_ZONE_BCELL_UP","25/2154","174/21355",0.0445912824364899,0.0637036119300846,0.0189903610147019
"GSE34156_NOD2_LIGAND_VS_TLR1_TLR2_LIGAND_24H_TREATED_MONOCYTE_UP","GSE34156_NOD2_LIGAND_VS_TLR1_TLR2_LIGAND_24H_TREATED_MONOCYTE_UP","27/2154","191/21355",0.0452839056443924,0.06467503060329,0.0192799457139313
"GSE3920_UNTREATED_VS_IFNG_TREATED_FIBROBLAST_UP","GSE3920_UNTREATED_VS_IFNG_TREATED_FIBROBLAST_UP","24/2154","166/21355",0.04542474664379,0.0648580646717951,0.0193345090727988
"GSE13306_RA_VS_UNTREATED_TREG_UP","GSE13306_RA_VS_UNTREATED_TREG_UP","28/2154","200/21355",0.0467336011939494,0.0653401429873293,0.0194782189971183
"GSE13493_DP_VS_CD8POS_THYMOCYTE_DN","GSE13493_DP_VS_CD8POS_THYMOCYTE_DN","28/2154","200/21355",0.0467336011939494,0.0653401429873293,0.0194782189971183
"GSE13522_CTRL_VS_T_CRUZI_Y_STRAIN_INF_SKIN_129_MOUSE_DN","GSE13522_CTRL_VS_T_CRUZI_Y_STRAIN_INF_SKIN_129_MOUSE_DN","28/2154","200/21355",0.0467336011939494,0.0653401429873293,0.0194782189971183
"GSE14308_TH2_VS_TH1_DN","GSE14308_TH2_VS_TH1_DN","28/2154","200/21355",0.0467336011939494,0.0653401429873293,0.0194782189971183
"GSE14908_ATOPIC_VS_NONATOPIC_PATIENT_RESTING_CD4_TCELL_DN","GSE14908_ATOPIC_VS_NONATOPIC_PATIENT_RESTING_CD4_TCELL_DN","28/2154","200/21355",0.0467336011939494,0.0653401429873293,0.0194782189971183
"GSE15330_LYMPHOID_MULTIPOTENT_VS_MEGAKARYOCYTE_ERYTHROID_PROGENITOR_UP","GSE15330_LYMPHOID_MULTIPOTENT_VS_MEGAKARYOCYTE_ERYTHROID_PROGENITOR_UP","28/2154","200/21355",0.0467336011939494,0.0653401429873293,0.0194782189971183
"GSE15330_MEGAKARYOCYTE_ERYTHROID_VS_GRANULOCYTE_MONOCYTE_PROGENITOR_IKAROS_KO_UP","GSE15330_MEGAKARYOCYTE_ERYTHROID_VS_GRANULOCYTE_MONOCYTE_PROGENITOR_IKAROS_KO_UP","28/2154","200/21355",0.0467336011939494,0.0653401429873293,0.0194782189971183
"GSE15330_WT_VS_IKAROS_KO_LYMPHOID_MULTIPOTENT_PROGENITOR_DN","GSE15330_WT_VS_IKAROS_KO_LYMPHOID_MULTIPOTENT_PROGENITOR_DN","28/2154","200/21355",0.0467336011939494,0.0653401429873293,0.0194782189971183
"GSE15733_BM_VS_SPLEEN_MEMORY_CD4_TCELL_UP","GSE15733_BM_VS_SPLEEN_MEMORY_CD4_TCELL_UP","28/2154","200/21355",0.0467336011939494,0.0653401429873293,0.0194782189971183
"GSE15735_CTRL_VS_HDAC_INHIBITOR_TREATED_CD4_TCELL_2H_DN","GSE15735_CTRL_VS_HDAC_INHIBITOR_TREATED_CD4_TCELL_2H_DN","28/2154","200/21355",0.0467336011939494,0.0653401429873293,0.0194782189971183
"GSE16385_MONOCYTE_VS_12H_ROSIGLITAZONE_TREATED_MACROPHAGE_UP","GSE16385_MONOCYTE_VS_12H_ROSIGLITAZONE_TREATED_MACROPHAGE_UP","28/2154","200/21355",0.0467336011939494,0.0653401429873293,0.0194782189971183
"GSE16385_ROSIGLITAZONE_IL4_VS_ROSIGLITAZONE_ALONE_STIM_MACROPHAGE_DN","GSE16385_ROSIGLITAZONE_IL4_VS_ROSIGLITAZONE_ALONE_STIM_MACROPHAGE_DN","28/2154","200/21355",0.0467336011939494,0.0653401429873293,0.0194782189971183
"GSE16522_ANTI_CD3CD28_STIM_VS_UNSTIM_NAIVE_CD8_TCELL_UP","GSE16522_ANTI_CD3CD28_STIM_VS_UNSTIM_NAIVE_CD8_TCELL_UP","28/2154","200/21355",0.0467336011939494,0.0653401429873293,0.0194782189971183
"GSE17721_12H_VS_24H_POLYIC_BMDC_UP","GSE17721_12H_VS_24H_POLYIC_BMDC_UP","28/2154","200/21355",0.0467336011939494,0.0653401429873293,0.0194782189971183
"GSE17721_CPG_VS_GARDIQUIMOD_1H_BMDC_DN","GSE17721_CPG_VS_GARDIQUIMOD_1H_BMDC_DN","28/2154","200/21355",0.0467336011939494,0.0653401429873293,0.0194782189971183
"GSE17721_CTRL_VS_CPG_24H_BMDC_UP","GSE17721_CTRL_VS_CPG_24H_BMDC_UP","28/2154","200/21355",0.0467336011939494,0.0653401429873293,0.0194782189971183
"GSE17721_CTRL_VS_GARDIQUIMOD_2H_BMDC_UP","GSE17721_CTRL_VS_GARDIQUIMOD_2H_BMDC_UP","28/2154","200/21355",0.0467336011939494,0.0653401429873293,0.0194782189971183
"GSE17721_CTRL_VS_LPS_24H_BMDC_DN","GSE17721_CTRL_VS_LPS_24H_BMDC_DN","28/2154","200/21355",0.0467336011939494,0.0653401429873293,0.0194782189971183
"GSE17721_CTRL_VS_POLYIC_0.5H_BMDC_UP","GSE17721_CTRL_VS_POLYIC_0.5H_BMDC_UP","28/2154","200/21355",0.0467336011939494,0.0653401429873293,0.0194782189971183
"GSE17721_LPS_VS_PAM3CSK4_12H_BMDC_UP","GSE17721_LPS_VS_PAM3CSK4_12H_BMDC_UP","28/2154","200/21355",0.0467336011939494,0.0653401429873293,0.0194782189971183
"GSE17721_PAM3CSK4_VS_CPG_2H_BMDC_DN","GSE17721_PAM3CSK4_VS_CPG_2H_BMDC_DN","28/2154","200/21355",0.0467336011939494,0.0653401429873293,0.0194782189971183
"GSE17721_POLYIC_VS_CPG_24H_BMDC_DN","GSE17721_POLYIC_VS_CPG_24H_BMDC_DN","28/2154","200/21355",0.0467336011939494,0.0653401429873293,0.0194782189971183
"GSE17721_POLYIC_VS_CPG_2H_BMDC_DN","GSE17721_POLYIC_VS_CPG_2H_BMDC_DN","28/2154","200/21355",0.0467336011939494,0.0653401429873293,0.0194782189971183
"GSE17721_POLYIC_VS_GARDIQUIMOD_0.5H_BMDC_DN","GSE17721_POLYIC_VS_GARDIQUIMOD_0.5H_BMDC_DN","28/2154","200/21355",0.0467336011939494,0.0653401429873293,0.0194782189971183
"GSE17721_POLYIC_VS_GARDIQUIMOD_12H_BMDC_UP","GSE17721_POLYIC_VS_GARDIQUIMOD_12H_BMDC_UP","28/2154","200/21355",0.0467336011939494,0.0653401429873293,0.0194782189971183
"GSE17721_POLYIC_VS_GARDIQUIMOD_16H_BMDC_DN","GSE17721_POLYIC_VS_GARDIQUIMOD_16H_BMDC_DN","28/2154","200/21355",0.0467336011939494,0.0653401429873293,0.0194782189971183
"GSE18893_CTRL_VS_TNF_TREATED_TCONV_2H_UP","GSE18893_CTRL_VS_TNF_TREATED_TCONV_2H_UP","28/2154","200/21355",0.0467336011939494,0.0653401429873293,0.0194782189971183
"GSE19888_CTRL_VS_TCELL_MEMBRANES_ACT_MAST_CELL_PRETREAT_A3R_INH_UP","GSE19888_CTRL_VS_TCELL_MEMBRANES_ACT_MAST_CELL_PRETREAT_A3R_INH_UP","28/2154","200/21355",0.0467336011939494,0.0653401429873293,0.0194782189971183
"GSE19941_IL10_KO_VS_IL10_KO_AND_NFKBP50_KO_LPS_STIM_MACROPHAGE_DN","GSE19941_IL10_KO_VS_IL10_KO_AND_NFKBP50_KO_LPS_STIM_MACROPHAGE_DN","28/2154","200/21355",0.0467336011939494,0.0653401429873293,0.0194782189971183
"GSE19941_UNSTIM_VS_LPS_STIM_IL10_KO_MACROPHAGE_DN","GSE19941_UNSTIM_VS_LPS_STIM_IL10_KO_MACROPHAGE_DN","28/2154","200/21355",0.0467336011939494,0.0653401429873293,0.0194782189971183
"GSE20198_IL12_IL18_VS_IFNA_TREATED_ACT_CD4_TCELL_DN","GSE20198_IL12_IL18_VS_IFNA_TREATED_ACT_CD4_TCELL_DN","28/2154","200/21355",0.0467336011939494,0.0653401429873293,0.0194782189971183
"GSE20366_EX_VIVO_VS_HOMEOSTATIC_CONVERSION_TREG_UP","GSE20366_EX_VIVO_VS_HOMEOSTATIC_CONVERSION_TREG_UP","28/2154","200/21355",0.0467336011939494,0.0653401429873293,0.0194782189971183
"GSE20715_0H_VS_6H_OZONE_LUNG_DN","GSE20715_0H_VS_6H_OZONE_LUNG_DN","28/2154","200/21355",0.0467336011939494,0.0653401429873293,0.0194782189971183
"GSE2128_CTRL_VS_MIMETOPE_NEGATIVE_SELECTION_DP_THYMOCYTE_C57BL6_DN","GSE2128_CTRL_VS_MIMETOPE_NEGATIVE_SELECTION_DP_THYMOCYTE_C57BL6_DN","28/2154","200/21355",0.0467336011939494,0.0653401429873293,0.0194782189971183
"GSE2197_IMMUNOSUPPRESSIVE_DNA_VS_UNTREATED_IN_DC_UP","GSE2197_IMMUNOSUPPRESSIVE_DNA_VS_UNTREATED_IN_DC_UP","28/2154","200/21355",0.0467336011939494,0.0653401429873293,0.0194782189971183
"GSE22025_UNTREATED_VS_TGFB1_AND_PROGESTERONE_TREATED_CD4_TCELL_UP","GSE22025_UNTREATED_VS_TGFB1_AND_PROGESTERONE_TREATED_CD4_TCELL_UP","28/2154","200/21355",0.0467336011939494,0.0653401429873293,0.0194782189971183
"GSE22229_UNTREATED_VS_IMMUNOSUPP_THERAPY_RENAL_TRANSPLANT_PATIENT_PBMC_UP","GSE22229_UNTREATED_VS_IMMUNOSUPP_THERAPY_RENAL_TRANSPLANT_PATIENT_PBMC_UP","28/2154","200/21355",0.0467336011939494,0.0653401429873293,0.0194782189971183
"GSE22443_NAIVE_VS_ACT_AND_IL12_TREATED_CD8_TCELL_DN","GSE22443_NAIVE_VS_ACT_AND_IL12_TREATED_CD8_TCELL_DN","28/2154","200/21355",0.0467336011939494,0.0653401429873293,0.0194782189971183
"GSE22601_DOUBLE_POSITIVE_VS_CD4_SINGLE_POSITIVE_THYMOCYTE_DN","GSE22601_DOUBLE_POSITIVE_VS_CD4_SINGLE_POSITIVE_THYMOCYTE_DN","28/2154","200/21355",0.0467336011939494,0.0653401429873293,0.0194782189971183
"GSE22886_DC_VS_MONOCYTE_UP","GSE22886_DC_VS_MONOCYTE_UP","28/2154","200/21355",0.0467336011939494,0.0653401429873293,0.0194782189971183
"GSE22886_NAIVE_CD4_TCELL_VS_MEMORY_TCELL_DN","GSE22886_NAIVE_CD4_TCELL_VS_MEMORY_TCELL_DN","28/2154","200/21355",0.0467336011939494,0.0653401429873293,0.0194782189971183
"GSE23502_BM_VS_COLON_TUMOR_MYELOID_DERIVED_SUPPRESSOR_CELL_DN","GSE23502_BM_VS_COLON_TUMOR_MYELOID_DERIVED_SUPPRESSOR_CELL_DN","28/2154","200/21355",0.0467336011939494,0.0653401429873293,0.0194782189971183
"GSE24210_IL35_TREATED_VS_RESTING_TREG_UP","GSE24210_IL35_TREATED_VS_RESTING_TREG_UP","28/2154","200/21355",0.0467336011939494,0.0653401429873293,0.0194782189971183
"GSE24210_TCONV_VS_TREG_DN","GSE24210_TCONV_VS_TREG_DN","28/2154","200/21355",0.0467336011939494,0.0653401429873293,0.0194782189971183
"GSE24634_TEFF_VS_TCONV_DAY3_IN_CULTURE_UP","GSE24634_TEFF_VS_TCONV_DAY3_IN_CULTURE_UP","28/2154","200/21355",0.0467336011939494,0.0653401429873293,0.0194782189971183
"GSE26030_TH1_VS_TH17_RESTIMULATED_DAY5_POST_POLARIZATION_UP","GSE26030_TH1_VS_TH17_RESTIMULATED_DAY5_POST_POLARIZATION_UP","28/2154","200/21355",0.0467336011939494,0.0653401429873293,0.0194782189971183
"GSE27786_BCELL_VS_MONO_MAC_UP","GSE27786_BCELL_VS_MONO_MAC_UP","28/2154","200/21355",0.0467336011939494,0.0653401429873293,0.0194782189971183
"GSE27786_ERYTHROBLAST_VS_NEUTROPHIL_DN","GSE27786_ERYTHROBLAST_VS_NEUTROPHIL_DN","28/2154","200/21355",0.0467336011939494,0.0653401429873293,0.0194782189971183
"GSE27786_LIN_NEG_VS_CD4_TCELL_DN","GSE27786_LIN_NEG_VS_CD4_TCELL_DN","28/2154","200/21355",0.0467336011939494,0.0653401429873293,0.0194782189971183
"GSE27786_LIN_NEG_VS_CD4_TCELL_UP","GSE27786_LIN_NEG_VS_CD4_TCELL_UP","28/2154","200/21355",0.0467336011939494,0.0653401429873293,0.0194782189971183
"GSE28237_FOLLICULAR_VS_EARLY_GC_BCELL_UP","GSE28237_FOLLICULAR_VS_EARLY_GC_BCELL_UP","28/2154","200/21355",0.0467336011939494,0.0653401429873293,0.0194782189971183
"GSE28726_NAIVE_VS_ACTIVATED_VA24NEG_NKTCELL_UP","GSE28726_NAIVE_VS_ACTIVATED_VA24NEG_NKTCELL_UP","28/2154","200/21355",0.0467336011939494,0.0653401429873293,0.0194782189971183
"GSE31082_DN_VS_CD8_SP_THYMOCYTE_UP","GSE31082_DN_VS_CD8_SP_THYMOCYTE_UP","28/2154","200/21355",0.0467336011939494,0.0653401429873293,0.0194782189971183
"GSE3203_UNTREATED_VS_IFNB_TREATED_LN_BCELL_DN","GSE3203_UNTREATED_VS_IFNB_TREATED_LN_BCELL_DN","28/2154","200/21355",0.0467336011939494,0.0653401429873293,0.0194782189971183
"GSE3203_WT_VS_IFNAR1_KO_INFLUENZA_INFECTED_LN_BCELL_UP","GSE3203_WT_VS_IFNAR1_KO_INFLUENZA_INFECTED_LN_BCELL_UP","28/2154","200/21355",0.0467336011939494,0.0653401429873293,0.0194782189971183
"GSE32423_MEMORY_VS_NAIVE_CD8_TCELL_UP","GSE32423_MEMORY_VS_NAIVE_CD8_TCELL_UP","28/2154","200/21355",0.0467336011939494,0.0653401429873293,0.0194782189971183
"GSE360_L_DONOVANI_VS_T_GONDII_DC_UP","GSE360_L_DONOVANI_VS_T_GONDII_DC_UP","28/2154","200/21355",0.0467336011939494,0.0653401429873293,0.0194782189971183
"GSE360_T_GONDII_VS_M_TUBERCULOSIS_DC_UP","GSE360_T_GONDII_VS_M_TUBERCULOSIS_DC_UP","28/2154","200/21355",0.0467336011939494,0.0653401429873293,0.0194782189971183
"GSE3720_VD1_VS_VD2_GAMMADELTA_TCELL_WITH_PMA_STIM_UP","GSE3720_VD1_VS_VD2_GAMMADELTA_TCELL_WITH_PMA_STIM_UP","28/2154","200/21355",0.0467336011939494,0.0653401429873293,0.0194782189971183
"GSE37301_HEMATOPOIETIC_STEM_CELL_VS_MULTIPOTENT_PROGENITOR_UP","GSE37301_HEMATOPOIETIC_STEM_CELL_VS_MULTIPOTENT_PROGENITOR_UP","28/2154","200/21355",0.0467336011939494,0.0653401429873293,0.0194782189971183
"GSE37301_RAG2_KO_VS_RAG2_AND_ETS1_KO_NK_CELL_DN","GSE37301_RAG2_KO_VS_RAG2_AND_ETS1_KO_NK_CELL_DN","28/2154","200/21355",0.0467336011939494,0.0653401429873293,0.0194782189971183
"GSE3982_CENT_MEMORY_CD4_TCELL_VS_TH2_DN","GSE3982_CENT_MEMORY_CD4_TCELL_VS_TH2_DN","28/2154","200/21355",0.0467336011939494,0.0653401429873293,0.0194782189971183
"GSE41867_NAIVE_VS_DAY15_LCMV_ARMSTRONG_EFFECTOR_CD8_TCELL_UP","GSE41867_NAIVE_VS_DAY15_LCMV_ARMSTRONG_EFFECTOR_CD8_TCELL_UP","28/2154","200/21355",0.0467336011939494,0.0653401429873293,0.0194782189971183
"GSE41978_ID2_KO_VS_BIM_KO_KLRG1_LOW_EFFECTOR_CD8_TCELL_DN","GSE41978_ID2_KO_VS_BIM_KO_KLRG1_LOW_EFFECTOR_CD8_TCELL_DN","28/2154","200/21355",0.0467336011939494,0.0653401429873293,0.0194782189971183
"GSE42021_CD24HI_VS_CD24LOW_TREG_THYMUS_DN","GSE42021_CD24HI_VS_CD24LOW_TREG_THYMUS_DN","28/2154","200/21355",0.0467336011939494,0.0653401429873293,0.0194782189971183
"GSE42021_TCONV_PLN_VS_CD24LO_TCONV_THYMUS_DN","GSE42021_TCONV_PLN_VS_CD24LO_TCONV_THYMUS_DN","28/2154","200/21355",0.0467336011939494,0.0653401429873293,0.0194782189971183
"GSE43863_TFH_VS_LY6C_INT_CXCR5POS_MEMORY_CD4_TCELL_DN","GSE43863_TFH_VS_LY6C_INT_CXCR5POS_MEMORY_CD4_TCELL_DN","28/2154","200/21355",0.0467336011939494,0.0653401429873293,0.0194782189971183
"GSE43955_TH0_VS_TGFB_IL6_TH17_ACT_CD4_TCELL_20H_UP","GSE43955_TH0_VS_TGFB_IL6_TH17_ACT_CD4_TCELL_20H_UP","28/2154","200/21355",0.0467336011939494,0.0653401429873293,0.0194782189971183
"GSE44649_NAIVE_VS_ACTIVATED_CD8_TCELL_MIR155_KO_DN","GSE44649_NAIVE_VS_ACTIVATED_CD8_TCELL_MIR155_KO_DN","28/2154","200/21355",0.0467336011939494,0.0653401429873293,0.0194782189971183
"GSE45881_CXCR6HI_VS_CXCR1LO_COLONIC_LAMINA_PROPRIA_UP","GSE45881_CXCR6HI_VS_CXCR1LO_COLONIC_LAMINA_PROPRIA_UP","28/2154","200/21355",0.0467336011939494,0.0653401429873293,0.0194782189971183
"GSE4748_CTRL_VS_CYANOBACTERIUM_LPSLIKE_STIM_DC_1H_UP","GSE4748_CTRL_VS_CYANOBACTERIUM_LPSLIKE_STIM_DC_1H_UP","28/2154","200/21355",0.0467336011939494,0.0653401429873293,0.0194782189971183
"GSE5099_MONOCYTE_VS_CLASSICAL_M1_MACROPHAGE_UP","GSE5099_MONOCYTE_VS_CLASSICAL_M1_MACROPHAGE_UP","28/2154","200/21355",0.0467336011939494,0.0653401429873293,0.0194782189971183
"GSE5589_LPS_AND_IL10_VS_LPS_AND_IL6_STIM_IL10_KO_MACROPHAGE_45MIN_UP","GSE5589_LPS_AND_IL10_VS_LPS_AND_IL6_STIM_IL10_KO_MACROPHAGE_45MIN_UP","28/2154","200/21355",0.0467336011939494,0.0653401429873293,0.0194782189971183
"GSE7460_CD8_TCELL_VS_CD4_TCELL_ACT_DN","GSE7460_CD8_TCELL_VS_CD4_TCELL_ACT_DN","28/2154","200/21355",0.0467336011939494,0.0653401429873293,0.0194782189971183
"GSE9037_WT_VS_IRAK4_KO_LPS_1H_STIM_BMDM_UP","GSE9037_WT_VS_IRAK4_KO_LPS_1H_STIM_BMDM_UP","28/2154","200/21355",0.0467336011939494,0.0653401429873293,0.0194782189971183
"GSE9509_LPS_VS_LPS_AND_IL10_STIM_IL10_KO_MACROPHAGE_10MIN_DN","GSE9509_LPS_VS_LPS_AND_IL10_STIM_IL10_KO_MACROPHAGE_10MIN_DN","28/2154","200/21355",0.0467336011939494,0.0653401429873293,0.0194782189971183
"GSE37605_C57BL6_VS_NOD_FOXP3_FUSION_GFP_TCONV_UP","GSE37605_C57BL6_VS_NOD_FOXP3_FUSION_GFP_TCONV_UP","24/2154","167/21355",0.0481746057902837,0.0673364569179116,0.0200733300291591
"HOEK_MYELOID_DENDRITIC_CELL_2011_2012_TIV_ADULT_7DY_UP","HOEK_MYELOID_DENDRITIC_CELL_2011_2012_TIV_ADULT_7DY_UP","6/2154","27/21355",0.048649184747288,0.0679626452494218,0.0202599998602453
"LI_PBMC_MENACTRA_AGE_18_45YO_ANTI_DT_ANTIBODY_CORRELATION_PROFILE_3DY_UP","LI_PBMC_MENACTRA_AGE_18_45YO_ANTI_DT_ANTIBODY_CORRELATION_PROFILE_3DY_UP","6/2154","27/21355",0.048649184747288,0.0679626452494218,0.0202599998602453
"GSE12839_CTRL_VS_IL12_TREATED_PBMC_DN","GSE12839_CTRL_VS_IL12_TREATED_PBMC_DN","19/2154","126/21355",0.0487302077474114,0.0680572390637844,0.02028819874301
"ERWIN_COHEN_PBMC_TC_83_AGE_18_45YO_RESPONDERS_PREVIOUSLY_IMMUNIZED_24HR_DEG_CANONICAL_PATHWAY_MEMBERS_UP","ERWIN_COHEN_PBMC_TC_83_AGE_18_45YO_RESPONDERS_PREVIOUSLY_IMMUNIZED_24HR_DEG_CANONICAL_PATHWAY_MEMBERS_UP","7/2154","34/21355",0.0499254423950124,0.069707478690797,0.020780143317709
"GSE7568_IL4_VS_IL4_AND_DEXAMETHASONE_TREATED_MACROPHAGE_DN","GSE7568_IL4_VS_IL4_AND_DEXAMETHASONE_TREATED_MACROPHAGE_DN","22/2154","151/21355",0.0499436619450318,0.0697138802961909,0.020782051667861
"GSE40274_CTRL_VS_EOS_TRANSDUCED_ACTIVATED_CD4_TCELL_UP","GSE40274_CTRL_VS_EOS_TRANSDUCED_ACTIVATED_CD4_TCELL_UP","25/2154","176/21355",0.049987473949906,0.0697369588829112,0.0207889315084265
"GSE6269_STAPH_AUREUS_VS_STREP_PNEUMO_INF_PBMC_UP","GSE6269_STAPH_AUREUS_VS_STREP_PNEUMO_INF_PBMC_UP","25/2154","176/21355",0.049987473949906,0.0697369588829112,0.0207889315084265
"GSE16385_IFNG_TNF_VS_IL4_STIM_MACROPHAGE_ROSIGLITAZONE_TREATED_UP","GSE16385_IFNG_TNF_VS_IL4_STIM_MACROPHAGE_ROSIGLITAZONE_TREATED_UP","27/2154","193/21355",0.0504707670084269,0.0703344321924466,0.020967041249789
"GSE18281_SUBCAPSULAR_VS_CENTRAL_CORTICAL_REGION_OF_THYMUS_UP","GSE18281_SUBCAPSULAR_VS_CENTRAL_CORTICAL_REGION_OF_THYMUS_UP","27/2154","193/21355",0.0504707670084269,0.0703344321924466,0.020967041249789
"GSE37416_CTRL_VS_48H_F_TULARENSIS_LVS_NEUTROPHIL_UP","GSE37416_CTRL_VS_48H_F_TULARENSIS_LVS_NEUTROPHIL_UP","27/2154","193/21355",0.0504707670084269,0.0703344321924466,0.020967041249789
"GSE45365_WT_VS_IFNAR_KO_CD11B_DC_MCMV_INFECTION_UP","GSE45365_WT_VS_IFNAR_KO_CD11B_DC_MCMV_INFECTION_UP","27/2154","193/21355",0.0504707670084269,0.0703344321924466,0.020967041249789
"GSE13547_CTRL_VS_ANTI_IGM_STIM_BCELL_2H_DN","GSE13547_CTRL_VS_ANTI_IGM_STIM_BCELL_2H_DN","24/2154","168/21355",0.0510430855270837,0.0710932433396837,0.0211932465965726
"GSE34156_UNTREATED_VS_6H_NOD2_LIGAND_TREATED_MONOCYTE_UP","GSE34156_UNTREATED_VS_6H_NOD2_LIGAND_TREATED_MONOCYTE_UP","24/2154","168/21355",0.0510430855270837,0.0710932433396837,0.0211932465965726
"GSE3720_UNSTIM_VS_PMA_STIM_VD1_GAMMADELTA_TCELL_DN","GSE3720_UNSTIM_VS_PMA_STIM_VD1_GAMMADELTA_TCELL_DN","20/2154","135/21355",0.0514742953091333,0.0716743115238558,0.0213664658891254
"GSE6269_HEALTHY_VS_STAPH_AUREUS_INF_PBMC_DN","GSE6269_HEALTHY_VS_STAPH_AUREUS_INF_PBMC_DN","25/2154","177/21355",0.0528559328570421,0.0735781063702848,0.0219339965257131
"GSE12003_4D_VS_8D_CULTURE_MIR223_KO_BM_PROGENITOR_UP","GSE12003_4D_VS_8D_CULTURE_MIR223_KO_BM_PROGENITOR_UP","22/2154","152/21355",0.0530591816048278,0.0738409350967568,0.0220123470658083
"GSE13411_SWITCHED_MEMORY_BCELL_VS_PLASMA_CELL_DN","GSE13411_SWITCHED_MEMORY_BCELL_VS_PLASMA_CELL_DN","27/2154","194/21355",0.0532200686727379,0.0739239910686522,0.0220371064608086
"GSE17974_IL4_AND_ANTI_IL12_VS_UNTREATED_24H_ACT_CD4_TCELL_DN","GSE17974_IL4_AND_ANTI_IL12_VS_UNTREATED_24H_ACT_CD4_TCELL_DN","27/2154","194/21355",0.0532200686727379,0.0739239910686522,0.0220371064608086
"GSE1925_CTRL_VS_24H_IFNG_STIM_MACROPHAGE_DN","GSE1925_CTRL_VS_24H_IFNG_STIM_MACROPHAGE_DN","27/2154","194/21355",0.0532200686727379,0.0739239910686522,0.0220371064608086
"GSE22886_NAIVE_VS_MEMORY_TCELL_UP","GSE22886_NAIVE_VS_MEMORY_TCELL_UP","27/2154","194/21355",0.0532200686727379,0.0739239910686522,0.0220371064608086
"GSE34156_UNTREATED_VS_24H_NOD2_AND_TLR1_TLR2_LIGAND_TREATED_MONOCYTE_UP","GSE34156_UNTREATED_VS_24H_NOD2_AND_TLR1_TLR2_LIGAND_TREATED_MONOCYTE_UP","27/2154","194/21355",0.0532200686727379,0.0739239910686522,0.0220371064608086
"GSE34156_UNTREATED_VS_24H_TLR1_TLR2_LIGAND_TREATED_MONOCYTE_UP","GSE34156_UNTREATED_VS_24H_TLR1_TLR2_LIGAND_TREATED_MONOCYTE_UP","27/2154","194/21355",0.0532200686727379,0.0739239910686522,0.0220371064608086
"GSE45365_NK_CELL_VS_CD8A_DC_MCMV_INFECTION_DN","GSE45365_NK_CELL_VS_CD8A_DC_MCMV_INFECTION_DN","27/2154","194/21355",0.0532200686727379,0.0739239910686522,0.0220371064608086
"GSE40274_CTRL_VS_FOXP3_AND_LEF1_TRANSDUCED_ACTIVATED_CD4_TCELL_DN","GSE40274_CTRL_VS_FOXP3_AND_LEF1_TRANSDUCED_ACTIVATED_CD4_TCELL_DN","24/2154","169/21355",0.0540324449364235,0.0750320181857504,0.0223674148111556
"GARCIA_PINERES_PBMC_HPV_16_L1_VLP_AGE_18_25YO_STIMULATED_VS_UNSTIMULATED_0DY_VACCINATION_INDEPENDENT_DN","GARCIA_PINERES_PBMC_HPV_16_L1_VLP_AGE_18_25YO_STIMULATED_VS_UNSTIMULATED_0DY_VACCINATION_INDEPENDENT_DN","20/2154","136/21355",0.0548640715983863,0.0761661683634399,0.0227055105747498
"GSE36891_POLYIC_TLR3_VS_PAM_TLR2_STIM_PERITONEAL_MACROPHAGE_DN","GSE36891_POLYIC_TLR3_VS_PAM_TLR2_STIM_PERITONEAL_MACROPHAGE_DN","23/2154","161/21355",0.0551874606120631,0.0765735376145125,0.0228269493583567
"GSE7596_AKT_TRANSD_VS_CTRL_CD4_TCONV_WITH_TGFB_UP","GSE7596_AKT_TRANSD_VS_CTRL_CD4_TCONV_WITH_TGFB_UP","23/2154","161/21355",0.0551874606120631,0.0765735376145125,0.0228269493583567
"GSE1925_CTRL_VS_IFNG_PRIMED_MACROPHAGE_3H_IFNG_STIM_DN","GSE1925_CTRL_VS_IFNG_PRIMED_MACROPHAGE_3H_IFNG_STIM_DN","19/2154","128/21355",0.0556445811536989,0.0771659190232879,0.0230035411789805
"GSE37532_VISCERAL_ADIPOSE_TISSUE_VS_LN_DERIVED_TCONV_CD4_TCELL_UP","GSE37532_VISCERAL_ADIPOSE_TISSUE_VS_LN_DERIVED_TCONV_CD4_TCELL_UP","19/2154","128/21355",0.0556445811536989,0.0771659190232879,0.0230035411789805
"GSE10856_CTRL_VS_TNFRSF6B_IN_MACROPHAGE_DN","GSE10856_CTRL_VS_TNFRSF6B_IN_MACROPHAGE_DN","27/2154","195/21355",0.0560757432876592,0.0776795652749395,0.0231566616608052
"GSE29164_CD8_TCELL_VS_CD8_TCELL_AND_IL12_TREATED_MELANOMA_DAY7_DN","GSE29164_CD8_TCELL_VS_CD8_TCELL_AND_IL12_TREATED_MELANOMA_DAY7_DN","27/2154","195/21355",0.0560757432876592,0.0776795652749395,0.0231566616608052
"GSE37301_COMMON_LYMPHOID_PROGENITOR_VS_RAG2_KO_NK_CELL_UP","GSE37301_COMMON_LYMPHOID_PROGENITOR_VS_RAG2_KO_NK_CELL_UP","27/2154","195/21355",0.0560757432876592,0.0776795652749395,0.0231566616608052
"GSE3982_EFF_MEMORY_VS_CENT_MEMORY_CD4_TCELL_UP","GSE3982_EFF_MEMORY_VS_CENT_MEMORY_CD4_TCELL_UP","27/2154","195/21355",0.0560757432876592,0.0776795652749395,0.0231566616608052
"MATSUMIYA_BLOOD_MODIFIED_VACCINIA_ANKARA_VACCINE_AGE_4_6MO_VACCINATED_VS_CANDIN_PLACEBO_BCG_PRIMED_1DY_UP","MATSUMIYA_BLOOD_MODIFIED_VACCINIA_ANKARA_VACCINE_AGE_4_6MO_VACCINATED_VS_CANDIN_PLACEBO_BCG_PRIMED_1DY_UP","4/2154","15/21355",0.0569866920650602,0.0789200857336547,0.0235264669299787
"GSE37605_TREG_VS_TCONV_NOD_FOXP3_FUSION_GFP_DN","GSE37605_TREG_VS_TCONV_NOD_FOXP3_FUSION_GFP_DN","24/2154","170/21355",0.0571448402895324,0.0790962556579261,0.0235789840535842
"GSE3920_IFNA_VS_IFNG_TREATED_ENDOTHELIAL_CELL_UP","GSE3920_IFNA_VS_IFNG_TREATED_ENDOTHELIAL_CELL_UP","24/2154","170/21355",0.0571448402895324,0.0790962556579261,0.0235789840535842
"GSE10500_ARTHRITIC_SYNOVIAL_FLUID_VS_HEALTHY_MACROPHAGE_DN","GSE10500_ARTHRITIC_SYNOVIAL_FLUID_VS_HEALTHY_MACROPHAGE_DN","21/2154","145/21355",0.0573893527539364,0.0794131963818341,0.0236734656470907
"GSE21927_GMCSF_IL6_VS_GMCSF_GCSF_TREATED_BONE_MARROW_UP","GSE21927_GMCSF_IL6_VS_GMCSF_GCSF_TREATED_BONE_MARROW_UP","26/2154","187/21355",0.0575063865307313,0.0795536131849646,0.0237153245888867
"GSE37533_UNTREATED_VS_PIOGLIZATONE_TREATED_CD4_TCELL_FOXP3_TRASDUCED_CD4_TCELL_DN","GSE37533_UNTREATED_VS_PIOGLIZATONE_TREATED_CD4_TCELL_FOXP3_TRASDUCED_CD4_TCELL_DN","23/2154","162/21355",0.0584346525931935,0.0808158990286715,0.0240916182267113
"GSE13485_CTRL_VS_DAY1_YF17D_VACCINE_PBMC_UP","GSE13485_CTRL_VS_DAY1_YF17D_VACCINE_PBMC_UP","27/2154","196/21355",0.0590395386351476,0.0814761568263185,0.0242884443337435
"GSE14000_UNSTIM_VS_4H_LPS_DC_UP","GSE14000_UNSTIM_VS_4H_LPS_DC_UP","27/2154","196/21355",0.0590395386351476,0.0814761568263185,0.0242884443337435
"GSE18791_CTRL_VS_NEWCASTLE_VIRUS_DC_8H_DN","GSE18791_CTRL_VS_NEWCASTLE_VIRUS_DC_8H_DN","27/2154","196/21355",0.0590395386351476,0.0814761568263185,0.0242884443337435
"GSE19401_PLN_VS_PEYERS_PATCH_FOLLICULAR_DC_UP","GSE19401_PLN_VS_PEYERS_PATCH_FOLLICULAR_DC_UP","27/2154","196/21355",0.0590395386351476,0.0814761568263185,0.0242884443337435
"GSE2128_CTRL_VS_MIMETOPE_NEGATIVE_SELECTION_DP_THYMOCYTE_NOD_DN","GSE2128_CTRL_VS_MIMETOPE_NEGATIVE_SELECTION_DP_THYMOCYTE_NOD_DN","27/2154","196/21355",0.0590395386351476,0.0814761568263185,0.0242884443337435
"GSE29618_PRE_VS_DAY7_FLU_VACCINE_MDC_UP","GSE29618_PRE_VS_DAY7_FLU_VACCINE_MDC_UP","27/2154","196/21355",0.0590395386351476,0.0814761568263185,0.0242884443337435
"GSE360_DC_VS_MAC_M_TUBERCULOSIS_UP","GSE360_DC_VS_MAC_M_TUBERCULOSIS_UP","27/2154","196/21355",0.0590395386351476,0.0814761568263185,0.0242884443337435
"GSE45365_HEALTHY_VS_MCMV_INFECTION_CD11B_DC_DN","GSE45365_HEALTHY_VS_MCMV_INFECTION_CD11B_DC_DN","27/2154","196/21355",0.0590395386351476,0.0814761568263185,0.0242884443337435
"GSE11818_WT_VS_DICER_KO_TREG_DN","GSE11818_WT_VS_DICER_KO_TREG_DN","22/2154","154/21355",0.0597004161010296,0.0823659545398176,0.0245536974221862
"GSE7568_IL4_VS_IL4_AND_DEXAMETHASONE_TREATED_MACROPHAGE_UP","GSE7568_IL4_VS_IL4_AND_DEXAMETHASONE_TREATED_MACROPHAGE_UP","24/2154","171/21355",0.0603823183174315,0.0832842712589768,0.024827452166922
"GSE40274_CTRL_VS_FOXP3_AND_SATB1_TRANSDUCED_ACTIVATED_CD4_TCELL_DN","GSE40274_CTRL_VS_FOXP3_AND_SATB1_TRANSDUCED_ACTIVATED_CD4_TCELL_DN","23/2154","163/21355",0.0618142967190092,0.0852363805621073,0.0254093855814243
"GSE5589_WT_VS_IL6_KO_LPS_STIM_MACROPHAGE_180MIN_UP","GSE5589_WT_VS_IL6_KO_LPS_STIM_MACROPHAGE_180MIN_UP","20/2154","138/21355",0.0621088457454197,0.0853721452463583,0.0254498577036299
"GSE21927_SPLEEN_VS_4T1_TUMOR_MONOCYTE_BALBC_DN","GSE21927_SPLEEN_VS_4T1_TUMOR_MONOCYTE_BALBC_DN","27/2154","197/21355",0.0621131195612073,0.0853721452463583,0.0254498577036299
"GSE22313_HEALTHY_VS_SLE_MOUSE_CD4_TCELL_UP","GSE22313_HEALTHY_VS_SLE_MOUSE_CD4_TCELL_UP","27/2154","197/21355",0.0621131195612073,0.0853721452463583,0.0254498577036299
"GSE24574_BCL6_LOW_TFH_VS_NAIVE_CD4_TCELL_DN","GSE24574_BCL6_LOW_TFH_VS_NAIVE_CD4_TCELL_DN","27/2154","197/21355",0.0621131195612073,0.0853721452463583,0.0254498577036299
"GSE25123_WT_VS_PPARG_KO_MACROPHAGE_IL4_AND_ROSIGLITAZONE_STIM_DN","GSE25123_WT_VS_PPARG_KO_MACROPHAGE_IL4_AND_ROSIGLITAZONE_STIM_DN","27/2154","197/21355",0.0621131195612073,0.0853721452463583,0.0254498577036299
"GSE26290_CTRL_VS_AKT_INHIBITOR_TREATED_ANTI_CD3_AND_IL2_STIM_CD8_TCELL_UP","GSE26290_CTRL_VS_AKT_INHIBITOR_TREATED_ANTI_CD3_AND_IL2_STIM_CD8_TCELL_UP","27/2154","197/21355",0.0621131195612073,0.0853721452463583,0.0254498577036299
"GSE29618_PRE_VS_DAY7_POST_LAIV_FLU_VACCINE_MDC_UP","GSE29618_PRE_VS_DAY7_POST_LAIV_FLU_VACCINE_MDC_UP","27/2154","197/21355",0.0621131195612073,0.0853721452463583,0.0254498577036299
"GSE360_T_GONDII_VS_B_MALAYI_LOW_DOSE_DC_UP","GSE360_T_GONDII_VS_B_MALAYI_LOW_DOSE_DC_UP","27/2154","197/21355",0.0621131195612073,0.0853721452463583,0.0254498577036299
"GSE3982_BCELL_VS_NKCELL_DN","GSE3982_BCELL_VS_NKCELL_DN","27/2154","197/21355",0.0621131195612073,0.0853721452463583,0.0254498577036299
"GSE45365_CD8A_DC_VS_CD11B_DC_DN","GSE45365_CD8A_DC_VS_CD11B_DC_DN","27/2154","197/21355",0.0621131195612073,0.0853721452463583,0.0254498577036299
"GSE46242_TH1_VS_ANERGIC_TH1_CD4_TCELL_UP","GSE46242_TH1_VS_ANERGIC_TH1_CD4_TCELL_UP","27/2154","197/21355",0.0621131195612073,0.0853721452463583,0.0254498577036299
"GSE5542_UNTREATED_VS_IFNA_TREATED_EPITHELIAL_CELLS_24H_DN","GSE5542_UNTREATED_VS_IFNA_TREATED_EPITHELIAL_CELLS_24H_DN","27/2154","197/21355",0.0621131195612073,0.0853721452463583,0.0254498577036299
"GSE40274_FOXP3_VS_FOXP3_AND_SATB1_TRANSDUCED_ACTIVATED_CD4_TCELL_DN","GSE40274_FOXP3_VS_FOXP3_AND_SATB1_TRANSDUCED_ACTIVATED_CD4_TCELL_DN","25/2154","180/21355",0.0621672323919879,0.085400606990928,0.0254583422901096
"GSE6092_B_BURGDOFERI_VS_B_BURGDORFERI_AND_IFNG_STIM_ENDOTHELIAL_CELL_DN","GSE6092_B_BURGDOFERI_VS_B_BURGDORFERI_AND_IFNG_STIM_ENDOTHELIAL_CELL_DN","25/2154","180/21355",0.0621672323919879,0.085400606990928,0.0254583422901096
"GSE5589_WT_VS_IL10_KO_LPS_STIM_MACROPHAGE_180MIN_DN","GSE5589_WT_VS_IL10_KO_LPS_STIM_MACROPHAGE_180MIN_DN","22/2154","155/21355",0.0632307107651006,0.0868148829597098,0.0258799449341019
"GSE7348_UNSTIM_VS_LPS_STIM_MACROPHAGE_UP","GSE7348_UNSTIM_VS_LPS_STIM_MACROPHAGE_UP","22/2154","155/21355",0.0632307107651006,0.0868148829597098,0.0258799449341019
"GSE37301_MULTIPOTENT_PROGENITOR_VS_CD4_TCELL_UP","GSE37301_MULTIPOTENT_PROGENITOR_VS_CD4_TCELL_UP","24/2154","172/21355",0.0637468096803524,0.087499983327689,0.0260841767339174
"GSE18791_CTRL_VS_NEWCASTLE_VIRUS_DC_4H_DN","GSE18791_CTRL_VS_NEWCASTLE_VIRUS_DC_4H_DN","26/2154","189/21355",0.0638019591377912,0.0875286871670315,0.0260927334900433
"GSE22045_TREG_VS_TCONV_UP","GSE22045_TREG_VS_TCONV_UP","26/2154","189/21355",0.0638019591377912,0.0875286871670315,0.0260927334900433
"GSE15659_CD45RA_NEG_CD4_TCELL_VS_ACTIVATED_TREG_DN","GSE15659_CD45RA_NEG_CD4_TCELL_VS_ACTIVATED_TREG_DN","27/2154","198/21355",0.0652980632969649,0.0893414497290291,0.0266331269535105
"GSE1566_WT_VS_EZH2_KO_LN_TCELL_UP","GSE1566_WT_VS_EZH2_KO_LN_TCELL_UP","27/2154","198/21355",0.0652980632969649,0.0893414497290291,0.0266331269535105
"GSE16385_MONOCYTE_VS_12H_ROSIGLITAZONE_IFNG_TNF_TREATED_MACROPHAGE_UP","GSE16385_MONOCYTE_VS_12H_ROSIGLITAZONE_IFNG_TNF_TREATED_MACROPHAGE_UP","27/2154","198/21355",0.0652980632969649,0.0893414497290291,0.0266331269535105
"GSE16451_IMMATURE_VS_MATURE_NEURON_CELL_LINE_WEST_EQUINE_ENC_VIRUS_DN","GSE16451_IMMATURE_VS_MATURE_NEURON_CELL_LINE_WEST_EQUINE_ENC_VIRUS_DN","27/2154","198/21355",0.0652980632969649,0.0893414497290291,0.0266331269535105
"GSE21670_UNTREATED_VS_IL6_TREATED_CD4_TCELL_UP","GSE21670_UNTREATED_VS_IL6_TREATED_CD4_TCELL_UP","27/2154","198/21355",0.0652980632969649,0.0893414497290291,0.0266331269535105
"GSE2405_0H_VS_6H_A_PHAGOCYTOPHILUM_STIM_NEUTROPHIL_DN","GSE2405_0H_VS_6H_A_PHAGOCYTOPHILUM_STIM_NEUTROPHIL_DN","27/2154","198/21355",0.0652980632969649,0.0893414497290291,0.0266331269535105
"GSE28783_ANTI_MIR33_VS_CTRL_ATHEROSCLEROSIS_MACROPHAGE_DN","GSE28783_ANTI_MIR33_VS_CTRL_ATHEROSCLEROSIS_MACROPHAGE_DN","27/2154","198/21355",0.0652980632969649,0.0893414497290291,0.0266331269535105
"GSE35543_IN_VITRO_ITREG_VS_CONVERTED_EX_ITREG_DN","GSE35543_IN_VITRO_ITREG_VS_CONVERTED_EX_ITREG_DN","27/2154","198/21355",0.0652980632969649,0.0893414497290291,0.0266331269535105
"GSE3982_EFF_MEMORY_VS_CENT_MEMORY_CD4_TCELL_DN","GSE3982_EFF_MEMORY_VS_CENT_MEMORY_CD4_TCELL_DN","27/2154","198/21355",0.0652980632969649,0.0893414497290291,0.0266331269535105
"GSE41867_NAIVE_VS_DAY15_LCMV_ARMSTRONG_EFFECTOR_CD8_TCELL_DN","GSE41867_NAIVE_VS_DAY15_LCMV_ARMSTRONG_EFFECTOR_CD8_TCELL_DN","27/2154","198/21355",0.0652980632969649,0.0893414497290291,0.0266331269535105
"GSE16385_IFNG_TNF_VS_UNSTIM_MACROPHAGE_ROSIGLITAZONE_TREATED_UP","GSE16385_IFNG_TNF_VS_UNSTIM_MACROPHAGE_ROSIGLITAZONE_TREATED_UP","26/2154","190/21355",0.0671248034796271,0.0917916876681823,0.0273635549720584
"GSE26495_PD1HIGH_VS_PD1LOW_CD8_TCELL_DN","GSE26495_PD1HIGH_VS_PD1LOW_CD8_TCELL_DN","26/2154","190/21355",0.0671248034796271,0.0917916876681823,0.0273635549720584
"GSE12505_WT_VS_E2_2_HET_PDC_UP","GSE12505_WT_VS_E2_2_HET_PDC_UP","19/2154","131/21355",0.0672590127230897,0.091950623543625,0.0274109345406794
"GSE12198_CTRL_VS_HIGH_IL2_STIM_NK_CELL_UP","GSE12198_CTRL_VS_HIGH_IL2_STIM_NK_CELL_UP","27/2154","199/21355",0.0685958549178894,0.0932050508092396,0.0277848854976024
"GSE14308_TH2_VS_NATURAL_TREG_DN","GSE14308_TH2_VS_NATURAL_TREG_DN","27/2154","199/21355",0.0685958549178894,0.0932050508092396,0.0277848854976024
"GSE15930_STIM_VS_STIM_AND_IL12_72H_CD8_T_CELL_UP","GSE15930_STIM_VS_STIM_AND_IL12_72H_CD8_T_CELL_UP","27/2154","199/21355",0.0685958549178894,0.0932050508092396,0.0277848854976024
"GSE17721_12H_VS_24H_CPG_BMDC_UP","GSE17721_12H_VS_24H_CPG_BMDC_UP","27/2154","199/21355",0.0685958549178894,0.0932050508092396,0.0277848854976024
"GSE17721_CTRL_VS_PAM3CSK4_4H_BMDC_DN","GSE17721_CTRL_VS_PAM3CSK4_4H_BMDC_DN","27/2154","199/21355",0.0685958549178894,0.0932050508092396,0.0277848854976024
"GSE17721_CTRL_VS_POLYIC_1H_BMDC_DN","GSE17721_CTRL_VS_POLYIC_1H_BMDC_DN","27/2154","199/21355",0.0685958549178894,0.0932050508092396,0.0277848854976024
"GSE17721_LPS_VS_GARDIQUIMOD_16H_BMDC_UP","GSE17721_LPS_VS_GARDIQUIMOD_16H_BMDC_UP","27/2154","199/21355",0.0685958549178894,0.0932050508092396,0.0277848854976024
"GSE17721_POLYIC_VS_PAM3CSK4_6H_BMDC_DN","GSE17721_POLYIC_VS_PAM3CSK4_6H_BMDC_DN","27/2154","199/21355",0.0685958549178894,0.0932050508092396,0.0277848854976024
"GSE19941_UNSTIM_VS_LPS_AND_IL10_STIM_IL10_KO_NFKBP50_KO_MACROPHAGE_DN","GSE19941_UNSTIM_VS_LPS_AND_IL10_STIM_IL10_KO_NFKBP50_KO_MACROPHAGE_DN","27/2154","199/21355",0.0685958549178894,0.0932050508092396,0.0277848854976024
"GSE22025_TGFB1_VS_TGFB1_AND_PROGESTERONE_TREATED_CD4_TCELL_DN","GSE22025_TGFB1_VS_TGFB1_AND_PROGESTERONE_TREATED_CD4_TCELL_DN","27/2154","199/21355",0.0685958549178894,0.0932050508092396,0.0277848854976024
"GSE23925_LIGHT_ZONE_VS_NAIVE_BCELL_UP","GSE23925_LIGHT_ZONE_VS_NAIVE_BCELL_UP","27/2154","199/21355",0.0685958549178894,0.0932050508092396,0.0277848854976024
"GSE25123_CTRL_VS_IL4_STIM_PPARG_KO_MACROPHAGE_DN","GSE25123_CTRL_VS_IL4_STIM_PPARG_KO_MACROPHAGE_DN","27/2154","199/21355",0.0685958549178894,0.0932050508092396,0.0277848854976024
"GSE25123_CTRL_VS_ROSIGLITAZONE_STIM_MACROPHAGE_UP","GSE25123_CTRL_VS_ROSIGLITAZONE_STIM_MACROPHAGE_UP","27/2154","199/21355",0.0685958549178894,0.0932050508092396,0.0277848854976024
"GSE27786_CD8_TCELL_VS_MONO_MAC_UP","GSE27786_CD8_TCELL_VS_MONO_MAC_UP","27/2154","199/21355",0.0685958549178894,0.0932050508092396,0.0277848854976024
"GSE28449_WT_VS_LRF_KO_GERMINAL_CENTER_BCELL_UP","GSE28449_WT_VS_LRF_KO_GERMINAL_CENTER_BCELL_UP","27/2154","199/21355",0.0685958549178894,0.0932050508092396,0.0277848854976024
"GSE33424_CD161_HIGH_VS_NEG_CD8_TCELL_DN","GSE33424_CD161_HIGH_VS_NEG_CD8_TCELL_DN","27/2154","199/21355",0.0685958549178894,0.0932050508092396,0.0277848854976024
"GSE3982_MEMORY_CD4_TCELL_VS_BCELL_UP","GSE3982_MEMORY_CD4_TCELL_VS_BCELL_UP","27/2154","199/21355",0.0685958549178894,0.0932050508092396,0.0277848854976024
"GSE3982_NEUTROPHIL_VS_NKCELL_DN","GSE3982_NEUTROPHIL_VS_NKCELL_DN","27/2154","199/21355",0.0685958549178894,0.0932050508092396,0.0277848854976024
"GSE411_UNSTIM_VS_400MIN_IL6_STIM_SOCS3_KO_MACROPHAGE_UP","GSE411_UNSTIM_VS_400MIN_IL6_STIM_SOCS3_KO_MACROPHAGE_UP","27/2154","199/21355",0.0685958549178894,0.0932050508092396,0.0277848854976024
"GSE42724_B1_BCELL_VS_PLASMABLAST_UP","GSE42724_B1_BCELL_VS_PLASMABLAST_UP","27/2154","199/21355",0.0685958549178894,0.0932050508092396,0.0277848854976024
"GSE5589_LPS_VS_LPS_AND_IL6_STIM_IL10_KO_MACROPHAGE_45MIN_DN","GSE5589_LPS_VS_LPS_AND_IL6_STIM_IL10_KO_MACROPHAGE_45MIN_DN","27/2154","199/21355",0.0685958549178894,0.0932050508092396,0.0277848854976024
"GSE5589_WT_VS_IL6_KO_LPS_AND_IL6_STIM_MACROPHAGE_45MIN_DN","GSE5589_WT_VS_IL6_KO_LPS_AND_IL6_STIM_MACROPHAGE_45MIN_DN","27/2154","199/21355",0.0685958549178894,0.0932050508092396,0.0277848854976024
"GSE7460_CTRL_VS_FOXP3_OVEREXPR_TCONV_UP","GSE7460_CTRL_VS_FOXP3_OVEREXPR_TCONV_UP","27/2154","199/21355",0.0685958549178894,0.0932050508092396,0.0277848854976024
"GSE10147_IL3_VS_IL3_AND_CPG_STIM_PDC_DN","GSE10147_IL3_VS_IL3_AND_CPG_STIM_PDC_DN","23/2154","165/21355",0.068978786717947,0.0937004613413557,0.0279325698214629
"HARALAMBIEVA_PBMC_FLUARIX_AGE_50_74YO_CORR_WITH_28D_MEM_B_CELL_RESPONSE_AT_28DY_LATE_GENE_EXPR_INDIVID_GENE_MODELS_PRED_PEAK_B_CELL_ELISPOT_RESP_POSITIVE","HARALAMBIEVA_PBMC_FLUARIX_AGE_50_74YO_CORR_WITH_28D_MEM_B_CELL_RESPONSE_AT_28DY_LATE_GENE_EXPR_INDIVID_GENE_MODELS_PRED_PEAK_B_CELL_ELISPOT_RESP_POSITIVE","4/2154","16/21355",0.0701275788286979,0.095235673453156,0.028390224126359
"HARALAMBIEVA_PBMC_FLUARIX_AGE_50_74YO_CORR_WITH_28D_MEM_B_CELL_RESPONSE_AT_0DY_POSITIVE","HARALAMBIEVA_PBMC_FLUARIX_AGE_50_74YO_CORR_WITH_28D_MEM_B_CELL_RESPONSE_AT_0DY_POSITIVE","60/2154","492/21355",0.0701971320533127,0.0953048157696728,0.0284108357920443
"GSE29617_DAY3_VS_DAY7_TIV_FLU_VACCINE_PBMC_2008_DN","GSE29617_DAY3_VS_DAY7_TIV_FLU_VACCINE_PBMC_2008_DN","26/2154","191/21355",0.0705663995021491,0.095780727543002,0.0285527074397083
"GSE10240_CTRL_VS_IL17_AND_IL22_STIM_PRIMARY_BRONCHIAL_EPITHELIAL_CELLS_DN","GSE10240_CTRL_VS_IL17_AND_IL22_STIM_PRIMARY_BRONCHIAL_EPITHELIAL_CELLS_DN","27/2154","200/21355",0.0720078829557296,0.0958293351256235,0.0285671975999059
"GSE11924_TFH_VS_TH2_CD4_TCELL_DN","GSE11924_TFH_VS_TH2_CD4_TCELL_DN","27/2154","200/21355",0.0720078829557296,0.0958293351256235,0.0285671975999059
"GSE11961_FOLLICULAR_BCELL_VS_MEMORY_BCELL_DAY40_UP","GSE11961_FOLLICULAR_BCELL_VS_MEMORY_BCELL_DAY40_UP","27/2154","200/21355",0.0720078829557296,0.0958293351256235,0.0285671975999059
"GSE12392_CD8A_POS_VS_NEG_SPLEEN_DC_UP","GSE12392_CD8A_POS_VS_NEG_SPLEEN_DC_UP","27/2154","200/21355",0.0720078829557296,0.0958293351256235,0.0285671975999059
"GSE13493_CD4INTCD8POS_VS_CD8POS_THYMOCYTE_UP","GSE13493_CD4INTCD8POS_VS_CD8POS_THYMOCYTE_UP","27/2154","200/21355",0.0720078829557296,0.0958293351256235,0.0285671975999059
"GSE14308_TH1_VS_NAIVE_CD4_TCELL_DN","GSE14308_TH1_VS_NAIVE_CD4_TCELL_DN","27/2154","200/21355",0.0720078829557296,0.0958293351256235,0.0285671975999059
"GSE14908_ATOPIC_VS_NONATOPIC_PATIENT_HDM_STIM_CD4_TCELL_DN","GSE14908_ATOPIC_VS_NONATOPIC_PATIENT_HDM_STIM_CD4_TCELL_DN","27/2154","200/21355",0.0720078829557296,0.0958293351256235,0.0285671975999059
"GSE14908_ATOPIC_VS_NONATOPIC_PATIENT_HDM_STIM_CD4_TCELL_UP","GSE14908_ATOPIC_VS_NONATOPIC_PATIENT_HDM_STIM_CD4_TCELL_UP","27/2154","200/21355",0.0720078829557296,0.0958293351256235,0.0285671975999059
"GSE15324_NAIVE_VS_ACTIVATED_CD8_TCELL_DN","GSE15324_NAIVE_VS_ACTIVATED_CD8_TCELL_DN","27/2154","200/21355",0.0720078829557296,0.0958293351256235,0.0285671975999059
"GSE15330_LYMPHOID_MULTIPOTENT_VS_MEGAKARYOCYTE_ERYTHROID_PROGENITOR_DN","GSE15330_LYMPHOID_MULTIPOTENT_VS_MEGAKARYOCYTE_ERYTHROID_PROGENITOR_DN","27/2154","200/21355",0.0720078829557296,0.0958293351256235,0.0285671975999059
"GSE15330_WT_VS_IKAROS_KO_HSC_UP","GSE15330_WT_VS_IKAROS_KO_HSC_UP","27/2154","200/21355",0.0720078829557296,0.0958293351256235,0.0285671975999059
"GSE15930_STIM_VS_STIM_AND_TRICHOSTATINA_72H_CD8_T_CELL_UP","GSE15930_STIM_VS_STIM_AND_TRICHOSTATINA_72H_CD8_T_CELL_UP","27/2154","200/21355",0.0720078829557296,0.0958293351256235,0.0285671975999059
"GSE16385_ROSIGLITAZONE_IFNG_TNF_VS_IL4_STIM_MACROPHAGE_DN","GSE16385_ROSIGLITAZONE_IFNG_TNF_VS_IL4_STIM_MACROPHAGE_DN","27/2154","200/21355",0.0720078829557296,0.0958293351256235,0.0285671975999059
"GSE16385_ROSIGLITAZONE_IL4_VS_IFNG_TNF_STIM_MACROPHAGE_UP","GSE16385_ROSIGLITAZONE_IL4_VS_IFNG_TNF_STIM_MACROPHAGE_UP","27/2154","200/21355",0.0720078829557296,0.0958293351256235,0.0285671975999059
"GSE17721_0.5H_VS_8H_PAM3CSK4_BMDC_DN","GSE17721_0.5H_VS_8H_PAM3CSK4_BMDC_DN","27/2154","200/21355",0.0720078829557296,0.0958293351256235,0.0285671975999059
"GSE17721_CTRL_VS_LPS_0.5H_BMDC_UP","GSE17721_CTRL_VS_LPS_0.5H_BMDC_UP","27/2154","200/21355",0.0720078829557296,0.0958293351256235,0.0285671975999059
"GSE17721_CTRL_VS_POLYIC_2H_BMDC_DN","GSE17721_CTRL_VS_POLYIC_2H_BMDC_DN","27/2154","200/21355",0.0720078829557296,0.0958293351256235,0.0285671975999059
"GSE17721_LPS_VS_GARDIQUIMOD_1H_BMDC_DN","GSE17721_LPS_VS_GARDIQUIMOD_1H_BMDC_DN","27/2154","200/21355",0.0720078829557296,0.0958293351256235,0.0285671975999059
"GSE17721_LPS_VS_PAM3CSK4_2H_BMDC_DN","GSE17721_LPS_VS_PAM3CSK4_2H_BMDC_DN","27/2154","200/21355",0.0720078829557296,0.0958293351256235,0.0285671975999059
"GSE17721_LPS_VS_POLYIC_0.5H_BMDC_UP","GSE17721_LPS_VS_POLYIC_0.5H_BMDC_UP","27/2154","200/21355",0.0720078829557296,0.0958293351256235,0.0285671975999059
"GSE17721_PAM3CSK4_VS_GADIQUIMOD_24H_BMDC_DN","GSE17721_PAM3CSK4_VS_GADIQUIMOD_24H_BMDC_DN","27/2154","200/21355",0.0720078829557296,0.0958293351256235,0.0285671975999059
"GSE17721_POLYIC_VS_PAM3CSK4_0.5H_BMDC_UP","GSE17721_POLYIC_VS_PAM3CSK4_0.5H_BMDC_UP","27/2154","200/21355",0.0720078829557296,0.0958293351256235,0.0285671975999059
"GSE18893_CTRL_VS_TNF_TREATED_TCONV_24H_DN","GSE18893_CTRL_VS_TNF_TREATED_TCONV_24H_DN","27/2154","200/21355",0.0720078829557296,0.0958293351256235,0.0285671975999059
"GSE18893_CTRL_VS_TNF_TREATED_TCONV_2H_DN","GSE18893_CTRL_VS_TNF_TREATED_TCONV_2H_DN","27/2154","200/21355",0.0720078829557296,0.0958293351256235,0.0285671975999059
"GSE18893_CTRL_VS_TNF_TREATED_TREG_24H_DN","GSE18893_CTRL_VS_TNF_TREATED_TREG_24H_DN","27/2154","200/21355",0.0720078829557296,0.0958293351256235,0.0285671975999059
"GSE19772_CTRL_VS_HCMV_INF_MONOCYTES_AND_PI3K_INHIBITION_DN","GSE19772_CTRL_VS_HCMV_INF_MONOCYTES_AND_PI3K_INHIBITION_DN","27/2154","200/21355",0.0720078829557296,0.0958293351256235,0.0285671975999059
"GSE19888_ADENOSINE_A3R_INH_VS_INH_PRETREAT_AND_ACT_WITH_TCELL_MEMBRANES_MAST_CELL_UP","GSE19888_ADENOSINE_A3R_INH_VS_INH_PRETREAT_AND_ACT_WITH_TCELL_MEMBRANES_MAST_CELL_UP","27/2154","200/21355",0.0720078829557296,0.0958293351256235,0.0285671975999059
"GSE19888_NO_PRETREAT_VS_ADENOSINE_A3R_INHIBITOR_PRETREATED_MAST_CELL_TCELL_MEMBRANES_ACT_UP","GSE19888_NO_PRETREAT_VS_ADENOSINE_A3R_INHIBITOR_PRETREATED_MAST_CELL_TCELL_MEMBRANES_ACT_UP","27/2154","200/21355",0.0720078829557296,0.0958293351256235,0.0285671975999059
"GSE20715_0H_VS_6H_OZONE_TLR4_KO_LUNG_UP","GSE20715_0H_VS_6H_OZONE_TLR4_KO_LUNG_UP","27/2154","200/21355",0.0720078829557296,0.0958293351256235,0.0285671975999059
"GSE20715_WT_VS_TLR4_KO_6H_OZONE_LUNG_DN","GSE20715_WT_VS_TLR4_KO_6H_OZONE_LUNG_DN","27/2154","200/21355",0.0720078829557296,0.0958293351256235,0.0285671975999059
"GSE20754_WT_VS_TCF1_KO_MEMORY_CD8_TCELL_UP","GSE20754_WT_VS_TCF1_KO_MEMORY_CD8_TCELL_UP","27/2154","200/21355",0.0720078829557296,0.0958293351256235,0.0285671975999059
"GSE21063_WT_VS_NFATC1_KO_BCELL_DN","GSE21063_WT_VS_NFATC1_KO_BCELL_DN","27/2154","200/21355",0.0720078829557296,0.0958293351256235,0.0285671975999059
"GSE21360_NAIVE_VS_TERTIARY_MEMORY_CD8_TCELL_DN","GSE21360_NAIVE_VS_TERTIARY_MEMORY_CD8_TCELL_DN","27/2154","200/21355",0.0720078829557296,0.0958293351256235,0.0285671975999059
"GSE22103_UNSTIM_VS_GMCSF_AND_IFNG_STIM_NEUTROPHIL_UP","GSE22103_UNSTIM_VS_GMCSF_AND_IFNG_STIM_NEUTROPHIL_UP","27/2154","200/21355",0.0720078829557296,0.0958293351256235,0.0285671975999059
"GSE22443_NAIVE_VS_ACT_AND_IL2_TREATED_CD8_TCELL_DN","GSE22443_NAIVE_VS_ACT_AND_IL2_TREATED_CD8_TCELL_DN","27/2154","200/21355",0.0720078829557296,0.0958293351256235,0.0285671975999059
"GSE22886_UNSTIM_VS_STIM_MEMORY_TCELL_DN","GSE22886_UNSTIM_VS_STIM_MEMORY_TCELL_DN","27/2154","200/21355",0.0720078829557296,0.0958293351256235,0.0285671975999059
"GSE23505_UNTREATED_VS_4DAY_IL6_IL1_TREATED_CD4_TCELL_DN","GSE23505_UNTREATED_VS_4DAY_IL6_IL1_TREATED_CD4_TCELL_DN","27/2154","200/21355",0.0720078829557296,0.0958293351256235,0.0285671975999059
"GSE24634_NAIVE_CD4_TCELL_VS_DAY3_IL4_CONV_TREG_DN","GSE24634_NAIVE_CD4_TCELL_VS_DAY3_IL4_CONV_TREG_DN","27/2154","200/21355",0.0720078829557296,0.0958293351256235,0.0285671975999059
"GSE25123_CTRL_VS_ROSIGLITAZONE_STIM_MACROPHAGE_DN","GSE25123_CTRL_VS_ROSIGLITAZONE_STIM_MACROPHAGE_DN","27/2154","200/21355",0.0720078829557296,0.0958293351256235,0.0285671975999059
"GSE2585_CD80_HIGH_VS_LOW_AIRE_KO_MTEC_UP","GSE2585_CD80_HIGH_VS_LOW_AIRE_KO_MTEC_UP","27/2154","200/21355",0.0720078829557296,0.0958293351256235,0.0285671975999059
"GSE27670_CTRL_VS_BLIMP1_TRANSDUCED_GC_BCELL_UP","GSE27670_CTRL_VS_BLIMP1_TRANSDUCED_GC_BCELL_UP","27/2154","200/21355",0.0720078829557296,0.0958293351256235,0.0285671975999059
"GSE2770_IL12_VS_IL4_TREATED_ACT_CD4_TCELL_48H_UP","GSE2770_IL12_VS_IL4_TREATED_ACT_CD4_TCELL_48H_UP","27/2154","200/21355",0.0720078829557296,0.0958293351256235,0.0285671975999059
"GSE2770_UNTREATED_VS_IL12_TREATED_ACT_CD4_TCELL_48H_DN","GSE2770_UNTREATED_VS_IL12_TREATED_ACT_CD4_TCELL_48H_DN","27/2154","200/21355",0.0720078829557296,0.0958293351256235,0.0285671975999059
"GSE2770_UNTREATED_VS_IL12_TREATED_ACT_CD4_TCELL_6H_DN","GSE2770_UNTREATED_VS_IL12_TREATED_ACT_CD4_TCELL_6H_DN","27/2154","200/21355",0.0720078829557296,0.0958293351256235,0.0285671975999059
"GSE2770_UNTREATED_VS_IL12_TREATED_ACT_CD4_TCELL_6H_UP","GSE2770_UNTREATED_VS_IL12_TREATED_ACT_CD4_TCELL_6H_UP","27/2154","200/21355",0.0720078829557296,0.0958293351256235,0.0285671975999059
"GSE27786_BCELL_VS_NKCELL_UP","GSE27786_BCELL_VS_NKCELL_UP","27/2154","200/21355",0.0720078829557296,0.0958293351256235,0.0285671975999059
"GSE27786_LIN_NEG_VS_MONO_MAC_UP","GSE27786_LIN_NEG_VS_MONO_MAC_UP","27/2154","200/21355",0.0720078829557296,0.0958293351256235,0.0285671975999059
"GSE27786_NKCELL_VS_NEUTROPHIL_DN","GSE27786_NKCELL_VS_NEUTROPHIL_DN","27/2154","200/21355",0.0720078829557296,0.0958293351256235,0.0285671975999059
"GSE27786_NKTCELL_VS_NEUTROPHIL_UP","GSE27786_NKTCELL_VS_NEUTROPHIL_UP","27/2154","200/21355",0.0720078829557296,0.0958293351256235,0.0285671975999059
"GSE27859_DC_VS_CD11C_INT_F480_HI_MACROPHAGE_UP","GSE27859_DC_VS_CD11C_INT_F480_HI_MACROPHAGE_UP","27/2154","200/21355",0.0720078829557296,0.0958293351256235,0.0285671975999059
"GSE27859_DC_VS_CD11C_INT_F480_INT_DC_DN","GSE27859_DC_VS_CD11C_INT_F480_INT_DC_DN","27/2154","200/21355",0.0720078829557296,0.0958293351256235,0.0285671975999059
"GSE28737_WT_VS_BCL6_KO_FOLLICULAR_BCELL_UP","GSE28737_WT_VS_BCL6_KO_FOLLICULAR_BCELL_UP","27/2154","200/21355",0.0720078829557296,0.0958293351256235,0.0285671975999059
"GSE29164_UNTREATED_VS_CD8_TCELL_TREATED_MELANOMA_DAY7_DN","GSE29164_UNTREATED_VS_CD8_TCELL_TREATED_MELANOMA_DAY7_DN","27/2154","200/21355",0.0720078829557296,0.0958293351256235,0.0285671975999059
"GSE3039_ALPHABETA_CD8_TCELL_VS_B2_BCELL_DN","GSE3039_ALPHABETA_CD8_TCELL_VS_B2_BCELL_DN","27/2154","200/21355",0.0720078829557296,0.0958293351256235,0.0285671975999059
"GSE3039_NKT_CELL_VS_ALPHAALPHA_CD8_TCELL_DN","GSE3039_NKT_CELL_VS_ALPHAALPHA_CD8_TCELL_DN","27/2154","200/21355",0.0720078829557296,0.0958293351256235,0.0285671975999059
"GSE360_CTRL_VS_B_MALAYI_LOW_DOSE_MAC_UP","GSE360_CTRL_VS_B_MALAYI_LOW_DOSE_MAC_UP","27/2154","200/21355",0.0720078829557296,0.0958293351256235,0.0285671975999059
"GSE360_L_DONOVANI_VS_L_MAJOR_DC_UP","GSE360_L_DONOVANI_VS_L_MAJOR_DC_UP","27/2154","200/21355",0.0720078829557296,0.0958293351256235,0.0285671975999059
"GSE37532_TREG_VS_TCONV_CD4_TCELL_FROM_LN_UP","GSE37532_TREG_VS_TCONV_CD4_TCELL_FROM_LN_UP","27/2154","200/21355",0.0720078829557296,0.0958293351256235,0.0285671975999059
"GSE37533_PPARG2_FOXP3_VS_FOXP3_TRANSDUCED_CD4_TCELL_PIOGLITAZONE_TREATED_UP","GSE37533_PPARG2_FOXP3_VS_FOXP3_TRANSDUCED_CD4_TCELL_PIOGLITAZONE_TREATED_UP","27/2154","200/21355",0.0720078829557296,0.0958293351256235,0.0285671975999059
"GSE41867_NAIVE_VS_DAY6_LCMV_ARMSTRONG_EFFECTOR_CD8_TCELL_UP","GSE41867_NAIVE_VS_DAY6_LCMV_ARMSTRONG_EFFECTOR_CD8_TCELL_UP","27/2154","200/21355",0.0720078829557296,0.0958293351256235,0.0285671975999059
"GSE41867_NAIVE_VS_DAY8_LCMV_ARMSTRONG_EFFECTOR_CD8_TCELL_UP","GSE41867_NAIVE_VS_DAY8_LCMV_ARMSTRONG_EFFECTOR_CD8_TCELL_UP","27/2154","200/21355",0.0720078829557296,0.0958293351256235,0.0285671975999059
"GSE41867_NAIVE_VS_DAY8_LCMV_EFFECTOR_CD8_TCELL_UP","GSE41867_NAIVE_VS_DAY8_LCMV_EFFECTOR_CD8_TCELL_UP","27/2154","200/21355",0.0720078829557296,0.0958293351256235,0.0285671975999059
"GSE41978_WT_VS_BIM_KO_KLRG1_LOW_EFFECTOR_CD8_TCELL_UP","GSE41978_WT_VS_BIM_KO_KLRG1_LOW_EFFECTOR_CD8_TCELL_UP","27/2154","200/21355",0.0720078829557296,0.0958293351256235,0.0285671975999059
"GSE42724_NAIVE_VS_MEMORY_BCELL_UP","GSE42724_NAIVE_VS_MEMORY_BCELL_UP","27/2154","200/21355",0.0720078829557296,0.0958293351256235,0.0285671975999059
"GSE43700_UNTREATED_VS_IL10_TREATED_PBMC_UP","GSE43700_UNTREATED_VS_IL10_TREATED_PBMC_UP","27/2154","200/21355",0.0720078829557296,0.0958293351256235,0.0285671975999059
"GSE43955_TH0_VS_TGFB_IL6_TH17_ACT_CD4_TCELL_10H_DN","GSE43955_TH0_VS_TGFB_IL6_TH17_ACT_CD4_TCELL_10H_DN","27/2154","200/21355",0.0720078829557296,0.0958293351256235,0.0285671975999059
"GSE43955_TH0_VS_TGFB_IL6_TH17_ACT_CD4_TCELL_1H_DN","GSE43955_TH0_VS_TGFB_IL6_TH17_ACT_CD4_TCELL_1H_DN","27/2154","200/21355",0.0720078829557296,0.0958293351256235,0.0285671975999059
"GSE46606_UNSTIM_VS_CD40L_IL2_IL5_3DAY_STIMULATED_IRF4HIGH_SORTED_BCELL_UP","GSE46606_UNSTIM_VS_CD40L_IL2_IL5_3DAY_STIMULATED_IRF4HIGH_SORTED_BCELL_UP","27/2154","200/21355",0.0720078829557296,0.0958293351256235,0.0285671975999059
"GSE6875_TCONV_VS_FOXP3_KO_TREG_DN","GSE6875_TCONV_VS_FOXP3_KO_TREG_DN","27/2154","200/21355",0.0720078829557296,0.0958293351256235,0.0285671975999059
"GSE7460_CTRL_VS_TGFB_TREATED_ACT_TCONV_DN","GSE7460_CTRL_VS_TGFB_TREATED_ACT_TCONV_DN","27/2154","200/21355",0.0720078829557296,0.0958293351256235,0.0285671975999059
"GSE7831_CPG_VS_INFLUENZA_STIM_PDC_4H_DN","GSE7831_CPG_VS_INFLUENZA_STIM_PDC_4H_DN","27/2154","200/21355",0.0720078829557296,0.0958293351256235,0.0285671975999059
"GSE7831_CPG_VS_INFLUENZA_STIM_PDC_4H_UP","GSE7831_CPG_VS_INFLUENZA_STIM_PDC_4H_UP","27/2154","200/21355",0.0720078829557296,0.0958293351256235,0.0285671975999059
"GSE8685_IL2_STARVED_VS_IL21_ACT_IL2_STARVED_CD4_TCELL_UP","GSE8685_IL2_STARVED_VS_IL21_ACT_IL2_STARVED_CD4_TCELL_UP","27/2154","200/21355",0.0720078829557296,0.0958293351256235,0.0285671975999059
"GSE8921_UNSTIM_VS_TLR1_2_STIM_MONOCYTE_12H_DN","GSE8921_UNSTIM_VS_TLR1_2_STIM_MONOCYTE_12H_DN","27/2154","200/21355",0.0720078829557296,0.0958293351256235,0.0285671975999059
"GSE9006_HEALTHY_VS_TYPE_2_DIABETES_PBMC_AT_DX_UP","GSE9006_HEALTHY_VS_TYPE_2_DIABETES_PBMC_AT_DX_UP","27/2154","200/21355",0.0720078829557296,0.0958293351256235,0.0285671975999059
"GSE11864_CSF1_VS_CSF1_PAM3CYS_IN_MAC_DN","GSE11864_CSF1_VS_CSF1_PAM3CYS_IN_MAC_DN","26/2154","192/21355",0.0741281468828975,0.0985228008869912,0.0293701330322837
"GSE17974_0H_VS_1H_IN_VITRO_ACT_CD4_TCELL_UP","GSE17974_0H_VS_1H_IN_VITRO_ACT_CD4_TCELL_UP","26/2154","192/21355",0.0741281468828975,0.0985228008869912,0.0293701330322837
"GSE21927_HEALTHY_VS_TUMOROUS_BALBC_MOUSE_MONOCYTE_UP","GSE21927_HEALTHY_VS_TUMOROUS_BALBC_MOUSE_MONOCYTE_UP","26/2154","192/21355",0.0741281468828975,0.0985228008869912,0.0293701330322837
"GSE26928_CENTR_MEMORY_VS_CXCR5_POS_CD4_TCELL_DN","GSE26928_CENTR_MEMORY_VS_CXCR5_POS_CD4_TCELL_DN","26/2154","192/21355",0.0741281468828975,0.0985228008869912,0.0293701330322837
"GSE40666_UNTREATED_VS_IFNA_STIM_STAT1_KO_CD8_TCELL_90MIN_UP","GSE40666_UNTREATED_VS_IFNA_STIM_STAT1_KO_CD8_TCELL_90MIN_UP","26/2154","192/21355",0.0741281468828975,0.0985228008869912,0.0293701330322837
"GSE14413_UNSTIM_VS_IFNB_STIM_NIH3T3_CELLS_UP","GSE14413_UNSTIM_VS_IFNB_STIM_NIH3T3_CELLS_UP","20/2154","141/21355",0.0741752181885415,0.0985597428789014,0.0293811456223351
"GSE12001_MIR223_KO_VS_WT_NEUTROPHIL_UP","GSE12001_MIR223_KO_VS_WT_NEUTROPHIL_UP","24/2154","175/21355",0.0746197985911886,0.0990989688822721,0.0295418915543516
"GSE9509_10MIN_VS_30MIN_LPS_AND_IL10_STIM_IL10_KO_MACROPHAGE_UP","GSE9509_10MIN_VS_30MIN_LPS_AND_IL10_STIM_IL10_KO_MACROPHAGE_UP","24/2154","175/21355",0.0746197985911886,0.0990989688822721,0.0295418915543516
"GSE12505_WT_VS_E2_2_HET_PDC_DN","GSE12505_WT_VS_E2_2_HET_PDC_DN","22/2154","158/21355",0.0746845756669774,0.0991592405570645,0.0295598588379732
"GSE15624_CTRL_VS_6H_HALOFUGINONE_TREATED_CD4_TCELL_UP","GSE15624_CTRL_VS_6H_HALOFUGINONE_TREATED_CD4_TCELL_UP","19/2154","133/21355",0.0758599411379247,0.100693634225911,0.0300172691609868
"GSE16450_CTRL_VS_IFNA_12H_STIM_IMMATURE_NEURON_CELL_LINE_DN","GSE16450_CTRL_VS_IFNA_12H_STIM_IMMATURE_NEURON_CELL_LINE_DN","26/2154","193/21355",0.0778113317735336,0.103176695891618,0.0307574820943647
"GSE25088_CTRL_VS_ROSIGLITAZONE_STIM_STAT6_KO_MACROPHAGE_UP","GSE25088_CTRL_VS_ROSIGLITAZONE_STIM_STAT6_KO_MACROPHAGE_UP","26/2154","193/21355",0.0778113317735336,0.103176695891618,0.0307574820943647
"GSE46025_WT_VS_FOXO1_KO_KLRG1_LOW_CD8_EFFECTOR_TCELL_DN","GSE46025_WT_VS_FOXO1_KO_KLRG1_LOW_CD8_EFFECTOR_TCELL_DN","26/2154","193/21355",0.0778113317735336,0.103176695891618,0.0307574820943647
"GSE46242_TH1_VS_ANERGIC_TH1_CD4_TCELL_DN","GSE46242_TH1_VS_ANERGIC_TH1_CD4_TCELL_DN","26/2154","193/21355",0.0778113317735336,0.103176695891618,0.0307574820943647
"GSE19941_LPS_VS_LPS_AND_IL10_STIM_IL10_KO_MACROPHAGE_DN","GSE19941_LPS_VS_LPS_AND_IL10_STIM_IL10_KO_MACROPHAGE_DN","22/2154","159/21355",0.0787959719080151,0.104455225399451,0.0311386180486077
"GSE12963_ENV_NEF_VS_ENV_NEF_AND_VPR_DEFICIENT_HIV1_INF_CD4_TCELL_UP","GSE12963_ENV_NEF_VS_ENV_NEF_AND_VPR_DEFICIENT_HIV1_INF_CD4_TCELL_UP","19/2154","134/21355",0.0804239080475242,0.106585651074907,0.0317737084534706
"GSE7509_UNSTIM_VS_FCGRIIB_STIM_MONOCYTE_UP","GSE7509_UNSTIM_VS_FCGRIIB_STIM_MONOCYTE_UP","23/2154","168/21355",0.080764135647068,0.107008817197061,0.0318998563622849
"GSE12366_GC_BCELL_VS_PLASMA_CELL_DN","GSE12366_GC_BCELL_VS_PLASMA_CELL_DN","26/2154","194/21355",0.0816171224915141,0.10808297003344,0.0322200666224219
"GSE41867_NAIVE_VS_DAY8_LCMV_CLONE13_EFFECTOR_CD8_TCELL_DN","GSE41867_NAIVE_VS_DAY8_LCMV_CLONE13_EFFECTOR_CD8_TCELL_DN","26/2154","194/21355",0.0816171224915141,0.10808297003344,0.0322200666224219
"NAKAYA_PBMC_FLUAD_MALE_AGE_14_27YO_1D_POSTBOOST_VS_0D_PREIMM_MF59_ADJUVANTED_1DY_GENES_IN_BTM_M40_AND_M53_UP","NAKAYA_PBMC_FLUAD_MALE_AGE_14_27YO_1D_POSTBOOST_VS_0D_PREIMM_MF59_ADJUVANTED_1DY_GENES_IN_BTM_M40_AND_M53_UP","4/2154","17/21355",0.0846714353922278,0.11209866627666,0.033417165485008
"GSE37532_TREG_VS_TCONV_CD4_TCELL_FROM_VISCERAL_ADIPOSE_TISSUE_DN","GSE37532_TREG_VS_TCONV_CD4_TCELL_FROM_VISCERAL_ADIPOSE_TISSUE_DN","23/2154","169/21355",0.0849752924028546,0.112471827609577,0.0335284067194391
"GSE22033_WT_VS_PPARG_KO_MEF_UP","GSE22033_WT_VS_PPARG_KO_MEF_UP","26/2154","195/21355",0.0855465654459534,0.113081589742802,0.0337101798197737
"GSE2585_THYMIC_DC_VS_THYMIC_MACROPHAGE_UP","GSE2585_THYMIC_DC_VS_THYMIC_MACROPHAGE_UP","26/2154","195/21355",0.0855465654459534,0.113081589742802,0.0337101798197737
"GSE29949_MICROGLIA_BRAIN_VS_CD8_NEG_DC_SPLEEN_UP","GSE29949_MICROGLIA_BRAIN_VS_CD8_NEG_DC_SPLEEN_UP","26/2154","195/21355",0.0855465654459534,0.113081589742802,0.0337101798197737
"GSE3982_MAST_CELL_VS_EFF_MEMORY_CD4_TCELL_DN","GSE3982_MAST_CELL_VS_EFF_MEMORY_CD4_TCELL_DN","26/2154","195/21355",0.0855465654459534,0.113081589742802,0.0337101798197737
"GSE46242_CTRL_VS_EGR2_DELETED_TH1_CD4_TCELL_DN","GSE46242_CTRL_VS_EGR2_DELETED_TH1_CD4_TCELL_DN","26/2154","195/21355",0.0855465654459534,0.113081589742802,0.0337101798197737
"GSE37533_UNTREATED_VS_PIOGLIZATONE_TREATED_CD4_TCELL_PPARG2_AND_FOXP3_TRASDUCED_UP","GSE37533_UNTREATED_VS_PIOGLIZATONE_TREATED_CD4_TCELL_PPARG2_AND_FOXP3_TRASDUCED_UP","20/2154","144/21355",0.0877270913093111,0.115933992727968,0.0345604952227238
"ZAK_PBMC_MRKAD5_HIV_1_GAG_POL_NEF_AGE_20_50YO_AD5_NAB_TITERS_GTE_200_VS_LTE_200_1DY_UP","ZAK_PBMC_MRKAD5_HIV_1_GAG_POL_NEF_AGE_20_50YO_AD5_NAB_TITERS_GTE_200_VS_LTE_200_1DY_UP","23/2154","170/21355",0.0893297168831699,0.11802140631102,0.0351827635106297
"GSE19374_UNINF_VS_LISTERIA_INFECTED_MACROPHAGE_UP","GSE19374_UNINF_VS_LISTERIA_INFECTED_MACROPHAGE_UP","26/2154","196/21355",0.0896005813111351,0.118165533207076,0.0352257284494315
"GSE2706_R848_VS_R848_AND_LPS_8H_STIM_DC_DN","GSE2706_R848_VS_R848_AND_LPS_8H_STIM_DC_DN","26/2154","196/21355",0.0896005813111351,0.118165533207076,0.0352257284494315
"GSE29617_CTRL_VS_DAY3_TIV_FLU_VACCINE_PBMC_2008_UP","GSE29617_CTRL_VS_DAY3_TIV_FLU_VACCINE_PBMC_2008_UP","26/2154","196/21355",0.0896005813111351,0.118165533207076,0.0352257284494315
"GSE29618_PRE_VS_DAY7_FLU_VACCINE_BCELL_UP","GSE29618_PRE_VS_DAY7_FLU_VACCINE_BCELL_UP","26/2154","196/21355",0.0896005813111351,0.118165533207076,0.0352257284494315
"GSE37533_PPARG1_FOXP3_VS_PPARG2_FOXP3_TRANSDUCED_CD4_TCELL_PIOGLITAZONE_TREATED_UP","GSE37533_PPARG1_FOXP3_VS_PPARG2_FOXP3_TRANSDUCED_CD4_TCELL_PIOGLITAZONE_TREATED_UP","26/2154","196/21355",0.0896005813111351,0.118165533207076,0.0352257284494315
"GSE3982_BASOPHIL_VS_EFF_MEMORY_CD4_TCELL_DN","GSE3982_BASOPHIL_VS_EFF_MEMORY_CD4_TCELL_DN","26/2154","196/21355",0.0896005813111351,0.118165533207076,0.0352257284494315
"GSE42021_CD24INT_VS_CD24LOW_TREG_THYMUS_DN","GSE42021_CD24INT_VS_CD24LOW_TREG_THYMUS_DN","26/2154","196/21355",0.0896005813111351,0.118165533207076,0.0352257284494315
"GSE14415_INDUCED_TREG_VS_TCONV_UP","GSE14415_INDUCED_TREG_VS_TCONV_UP","24/2154","179/21355",0.0909896294119408,0.119966471166388,0.0357625969404984
"HARALAMBIEVA_PBMC_M_M_R_II_AGE_11_22YO_VACCINATED_VS_UNVACCINATED_LOW_ANTIBODY_RESPONDERS_TO_TREATMENT_7YR_DN","HARALAMBIEVA_PBMC_M_M_R_II_AGE_11_22YO_VACCINATED_VS_UNVACCINATED_LOW_ANTIBODY_RESPONDERS_TO_TREATMENT_7YR_DN","3/2154","11/21355",0.0913667018785318,0.120432571978586,0.0359015438922441
"GSE37605_C57BL6_VS_NOD_FOXP3_IRES_GFP_TCONV_DN","GSE37605_C57BL6_VS_NOD_FOXP3_IRES_GFP_TCONV_DN","22/2154","162/21355",0.0920297735868222,0.12127531761583,0.0361527705246116
"GSE27291_0H_VS_7D_STIM_GAMMADELTA_TCELL_UP","GSE27291_0H_VS_7D_STIM_GAMMADELTA_TCELL_UP","25/2154","188/21355",0.0924671720271811,0.121772779022376,0.0363010662242581
"ERWIN_COHEN_PBMC_TC_83_AGE_18_45YO_NAIVE_NOT_PREVIOUSLY_IMMUNIZED_24HR_DEG_CANONICAL_PATHWAY_MEMBERS_UP","ERWIN_COHEN_PBMC_TC_83_AGE_18_45YO_NAIVE_NOT_PREVIOUSLY_IMMUNIZED_24HR_DEG_CANONICAL_PATHWAY_MEMBERS_UP","7/2154","39/21355",0.0924787210920956,0.121772779022376,0.0363010662242581
"HOEK_B_CELL_2011_2012_TIV_ADULT_3DY_UP","HOEK_B_CELL_2011_2012_TIV_ADULT_3DY_UP","7/2154","39/21355",0.0924787210920956,0.121772779022376,0.0363010662242581
"GSE37532_VISCERAL_ADIPOSE_TISSUE_VS_LN_DERIVED_PPARG_KO_TCONV_CD4_TCELL_DN","GSE37532_VISCERAL_ADIPOSE_TISSUE_VS_LN_DERIVED_PPARG_KO_TCONV_CD4_TCELL_DN","15/2154","103/21355",0.0932165238091789,0.122712689556213,0.0365812581916882
"GSE22886_NAIVE_CD4_TCELL_VS_MONOCYTE_UP","GSE22886_NAIVE_CD4_TCELL_VS_MONOCYTE_UP","26/2154","197/21355",0.0937799614602473,0.123232316357298,0.0367361615048055
"GSE25088_CTRL_VS_IL4_AND_ROSIGLITAZONE_STIM_STAT6_KO_MACROPHAGE_UP","GSE25088_CTRL_VS_IL4_AND_ROSIGLITAZONE_STIM_STAT6_KO_MACROPHAGE_UP","26/2154","197/21355",0.0937799614602473,0.123232316357298,0.0367361615048055
"GSE28726_NAIVE_VS_ACTIVATED_VA24NEG_NKTCELL_DN","GSE28726_NAIVE_VS_ACTIVATED_VA24NEG_NKTCELL_DN","26/2154","197/21355",0.0937799614602473,0.123232316357298,0.0367361615048055
"GSE37534_UNTREATED_VS_PIOGLITAZONE_TREATED_CD4_TCELL_PPARG1_AND_FOXP3_TRASDUCED_UP","GSE37534_UNTREATED_VS_PIOGLITAZONE_TREATED_CD4_TCELL_PPARG1_AND_FOXP3_TRASDUCED_UP","26/2154","197/21355",0.0937799614602473,0.123232316357298,0.0367361615048055
"GSE3982_BASOPHIL_VS_NKCELL_DN","GSE3982_BASOPHIL_VS_NKCELL_DN","26/2154","197/21355",0.0937799614602473,0.123232316357298,0.0367361615048055
"GSE3982_MAST_CELL_VS_BASOPHIL_UP","GSE3982_MAST_CELL_VS_BASOPHIL_UP","26/2154","197/21355",0.0937799614602473,0.123232316357298,0.0367361615048055
"GSE42088_2H_VS_24H_LEISHMANIA_INF_DC_DN","GSE42088_2H_VS_24H_LEISHMANIA_INF_DC_DN","26/2154","197/21355",0.0937799614602473,0.123232316357298,0.0367361615048055
"NAKAYA_PBMC_FLUARIX_FLUVIRIN_AGE_18_50YO_CORRELATED_WITH_HAI_28DY_RESPONSE_AT_7DY_NEGATIVE","NAKAYA_PBMC_FLUARIX_FLUVIRIN_AGE_18_50YO_CORRELATED_WITH_HAI_28DY_RESPONSE_AT_7DY_NEGATIVE","57/2154","475/21355",0.0950326126437083,0.124846286856958,0.0372172940736976
"GSE34217_MIR17_92_OVEREXPRESS_VS_WT_ACT_CD8_TCELL_DN","GSE34217_MIR17_92_OVEREXPRESS_VS_WT_ACT_CD8_TCELL_DN","19/2154","137/21355",0.0951871798377342,0.125017223352257,0.0372682510863058
"GSE37301_CD4_TCELL_VS_RAG2_KO_NK_CELL_UP","GSE37301_CD4_TCELL_VS_RAG2_KO_NK_CELL_UP","22/2154","163/21355",0.0967442451548495,0.126997002689793,0.037858433074582
"GSE6259_FLT3L_INDUCED_DEC205_POS_DC_VS_CD4_TCELL_UP","GSE6259_FLT3L_INDUCED_DEC205_POS_DC_VS_CD4_TCELL_UP","22/2154","163/21355",0.0967442451548495,0.126997002689793,0.037858433074582
"GSE35543_IN_VIVO_NTREG_VS_IN_VITRO_ITREG_DN","GSE35543_IN_VIVO_NTREG_VS_IN_VITRO_ITREG_DN","25/2154","189/21355",0.0968368691139787,0.127085962982488,0.037884952576743
"LI_PBMC_MENACTRA_AGE_18_45YO_ANTI_POLYSACCHARIDE_ANTIBODY_CORRELATION_PROFILE_3DY_UP","LI_PBMC_MENACTRA_AGE_18_45YO_ANTI_POLYSACCHARIDE_ANTIBODY_CORRELATION_PROFILE_3DY_UP","6/2154","32/21355",0.0973127772690356,0.127677759860554,0.0380613701458783
"GSE10422_WT_VS_BAFF_TRANSGENIC_LN_BCELL_DN","GSE10422_WT_VS_BAFF_TRANSGENIC_LN_BCELL_DN","18/2154","129/21355",0.0978111230167888,0.128099736797625,0.0381871635527521
"GSE10239_NAIVE_VS_MEMORY_CD8_TCELL_DN","GSE10239_NAIVE_VS_MEMORY_CD8_TCELL_DN","26/2154","198/21355",0.098085364670976,0.128099736797625,0.0381871635527521
"GSE12366_GC_VS_NAIVE_BCELL_UP","GSE12366_GC_VS_NAIVE_BCELL_UP","26/2154","198/21355",0.098085364670976,0.128099736797625,0.0381871635527521
"GSE13411_IGM_MEMORY_BCELL_VS_PLASMA_CELL_DN","GSE13411_IGM_MEMORY_BCELL_VS_PLASMA_CELL_DN","26/2154","198/21355",0.098085364670976,0.128099736797625,0.0381871635527521
"GSE1460_CD4_THYMOCYTE_VS_THYMIC_STROMAL_CELL_UP","GSE1460_CD4_THYMOCYTE_VS_THYMIC_STROMAL_CELL_UP","26/2154","198/21355",0.098085364670976,0.128099736797625,0.0381871635527521
"GSE15659_NAIVE_CD4_TCELL_VS_RESTING_TREG_DN","GSE15659_NAIVE_CD4_TCELL_VS_RESTING_TREG_DN","26/2154","198/21355",0.098085364670976,0.128099736797625,0.0381871635527521
"GSE1791_CTRL_VS_NEUROMEDINU_IN_T_CELL_LINE_12H_UP","GSE1791_CTRL_VS_NEUROMEDINU_IN_T_CELL_LINE_12H_UP","26/2154","198/21355",0.098085364670976,0.128099736797625,0.0381871635527521
"GSE17974_2H_VS_72H_UNTREATED_IN_VITRO_CD4_TCELL_UP","GSE17974_2H_VS_72H_UNTREATED_IN_VITRO_CD4_TCELL_UP","26/2154","198/21355",0.098085364670976,0.128099736797625,0.0381871635527521
"GSE18791_CTRL_VS_NEWCASTLE_VIRUS_DC_12H_DN","GSE18791_CTRL_VS_NEWCASTLE_VIRUS_DC_12H_DN","26/2154","198/21355",0.098085364670976,0.128099736797625,0.0381871635527521
"GSE19374_UNINF_VS_LISTERIA_INFECTED_MACROPHAGE_DN","GSE19374_UNINF_VS_LISTERIA_INFECTED_MACROPHAGE_DN","26/2154","198/21355",0.098085364670976,0.128099736797625,0.0381871635527521
"GSE22886_NAIVE_BCELL_VS_DC_UP","GSE22886_NAIVE_BCELL_VS_DC_UP","26/2154","198/21355",0.098085364670976,0.128099736797625,0.0381871635527521
"GSE24574_BCL6_HIGH_TFH_VS_TCONV_CD4_TCELL_DN","GSE24574_BCL6_HIGH_TFH_VS_TCONV_CD4_TCELL_DN","26/2154","198/21355",0.098085364670976,0.128099736797625,0.0381871635527521
"GSE360_CTRL_VS_T_GONDII_DC_DN","GSE360_CTRL_VS_T_GONDII_DC_DN","26/2154","198/21355",0.098085364670976,0.128099736797625,0.0381871635527521
"GSE37301_LYMPHOID_PRIMED_MPP_VS_CD4_TCELL_DN","GSE37301_LYMPHOID_PRIMED_MPP_VS_CD4_TCELL_DN","26/2154","198/21355",0.098085364670976,0.128099736797625,0.0381871635527521
"GSE37301_LYMPHOID_PRIMED_MPP_VS_GRAN_MONO_PROGENITOR_DN","GSE37301_LYMPHOID_PRIMED_MPP_VS_GRAN_MONO_PROGENITOR_DN","26/2154","198/21355",0.098085364670976,0.128099736797625,0.0381871635527521
"GSE3982_BCELL_VS_CENT_MEMORY_CD4_TCELL_DN","GSE3982_BCELL_VS_CENT_MEMORY_CD4_TCELL_DN","26/2154","198/21355",0.098085364670976,0.128099736797625,0.0381871635527521
"GSE43863_DAY6_EFF_VS_DAY150_MEM_TFH_CD4_TCELL_DN","GSE43863_DAY6_EFF_VS_DAY150_MEM_TFH_CD4_TCELL_DN","26/2154","198/21355",0.098085364670976,0.128099736797625,0.0381871635527521
"GSE7400_CTRL_VS_CSF3_IN_VIVO_TREATED_PBMC_DN","GSE7400_CTRL_VS_CSF3_IN_VIVO_TREATED_PBMC_DN","26/2154","198/21355",0.098085364670976,0.128099736797625,0.0381871635527521
"GSE13522_CTRL_VS_T_CRUZI_Y_STRAIN_INF_SKIN_BALBC_MOUSE_UP","GSE13522_CTRL_VS_T_CRUZI_Y_STRAIN_INF_SKIN_BALBC_MOUSE_UP","19/2154","138/21355",0.100468594524743,0.131178734373087,0.0391050279210331
"ERWIN_COHEN_PBMC_TC_83_AGE_18_45YO_NON_RESPONDERS_PREVIOUSLY_IMMUNIZED_24HR_DEG_CANONICAL_PATHWAY_MEMBERS_UP","ERWIN_COHEN_PBMC_TC_83_AGE_18_45YO_NON_RESPONDERS_PREVIOUSLY_IMMUNIZED_24HR_DEG_CANONICAL_PATHWAY_MEMBERS_UP","4/2154","18/21355",0.10055238499119,0.131221119055629,0.0391176630040147
"FRANCO_BLOOD_SANOFI_PASTEUR_SA_INACTIVATED_INFLUENZA_VACCINE_CORRELATED_WITH_ANTIBODY_RESPONSE_AGE_18_40YO_3DY_POSITIVE","FRANCO_BLOOD_SANOFI_PASTEUR_SA_INACTIVATED_INFLUENZA_VACCINE_CORRELATED_WITH_ANTIBODY_RESPONSE_AGE_18_40YO_3DY_POSITIVE","4/2154","18/21355",0.10055238499119,0.131221119055629,0.0391176630040147
"OVSYANNIKOVA_PBMC_FLUARIX_AGE_50_74YO_COMMON_WITH_BOTH_HAI_AND_VNA_28DY_VS_3DY_USED_IN_HAI_AND_VNA_RESPONSE_MODELS_UP","OVSYANNIKOVA_PBMC_FLUARIX_AGE_50_74YO_COMMON_WITH_BOTH_HAI_AND_VNA_28DY_VS_3DY_USED_IN_HAI_AND_VNA_RESPONSE_MODELS_UP","5/2154","25/21355",0.100691684588802,0.131369375683222,0.0391618590361628
"GSE21546_UNSTIM_VS_ANTI_CD3_STIM_ELK1_KO_DP_THYMOCYTES_UP","GSE21546_UNSTIM_VS_ANTI_CD3_STIM_ELK1_KO_DP_THYMOCYTES_UP","25/2154","190/21355",0.101338697240395,0.132078704815228,0.0393733135500738
"GSE26928_EFF_MEM_VS_CENTR_MEM_CD4_TCELL_DN","GSE26928_EFF_MEM_VS_CENTR_MEM_CD4_TCELL_DN","25/2154","190/21355",0.101338697240395,0.132078704815228,0.0393733135500738
"GSE45365_NK_CELL_VS_CD8_TCELL_DN","GSE45365_NK_CELL_VS_CD8_TCELL_DN","25/2154","190/21355",0.101338697240395,0.132078704815228,0.0393733135500738
"GSE5099_MONOCYTE_VS_ALTERNATIVE_M2_MACROPHAGE_UP","GSE5099_MONOCYTE_VS_ALTERNATIVE_M2_MACROPHAGE_UP","25/2154","190/21355",0.101338697240395,0.132078704815228,0.0393733135500738
"GSE11961_GERMINAL_CENTER_BCELL_DAY7_VS_GERMINAL_CENTER_BCELL_DAY40_DN","GSE11961_GERMINAL_CENTER_BCELL_DAY7_VS_GERMINAL_CENTER_BCELL_DAY40_DN","26/2154","199/21355",0.102517314113637,0.132567280491407,0.0395189603696579
"GSE13522_CTRL_VS_T_CRUZI_BRAZIL_STRAIN_INF_SKIN_DN","GSE13522_CTRL_VS_T_CRUZI_BRAZIL_STRAIN_INF_SKIN_DN","26/2154","199/21355",0.102517314113637,0.132567280491407,0.0395189603696579
"GSE15659_RESTING_TREG_VS_NONSUPPRESSIVE_TCELL_DN","GSE15659_RESTING_TREG_VS_NONSUPPRESSIVE_TCELL_DN","26/2154","199/21355",0.102517314113637,0.132567280491407,0.0395189603696579
"GSE15930_STIM_VS_STIM_AND_IFNAB_24H_CD8_T_CELL_DN","GSE15930_STIM_VS_STIM_AND_IFNAB_24H_CD8_T_CELL_DN","26/2154","199/21355",0.102517314113637,0.132567280491407,0.0395189603696579
"GSE16385_UNTREATED_VS_12H_IL4_TREATED_MACROPHAGE_DN","GSE16385_UNTREATED_VS_12H_IL4_TREATED_MACROPHAGE_DN","26/2154","199/21355",0.102517314113637,0.132567280491407,0.0395189603696579
"GSE17721_CTRL_VS_PAM3CSK4_1H_BMDC_DN","GSE17721_CTRL_VS_PAM3CSK4_1H_BMDC_DN","26/2154","199/21355",0.102517314113637,0.132567280491407,0.0395189603696579
"GSE17721_CTRL_VS_POLYIC_0.5H_BMDC_DN","GSE17721_CTRL_VS_POLYIC_0.5H_BMDC_DN","26/2154","199/21355",0.102517314113637,0.132567280491407,0.0395189603696579
"GSE17721_LPS_VS_GARDIQUIMOD_0.5H_BMDC_UP","GSE17721_LPS_VS_GARDIQUIMOD_0.5H_BMDC_UP","26/2154","199/21355",0.102517314113637,0.132567280491407,0.0395189603696579
"GSE17721_POLYIC_VS_CPG_0.5H_BMDC_UP","GSE17721_POLYIC_VS_CPG_0.5H_BMDC_UP","26/2154","199/21355",0.102517314113637,0.132567280491407,0.0395189603696579
"GSE18791_CTRL_VS_NEWCASTLE_VIRUS_DC_10H_UP","GSE18791_CTRL_VS_NEWCASTLE_VIRUS_DC_10H_UP","26/2154","199/21355",0.102517314113637,0.132567280491407,0.0395189603696579
"GSE18893_TCONV_VS_TREG_24H_TNF_STIM_DN","GSE18893_TCONV_VS_TREG_24H_TNF_STIM_DN","26/2154","199/21355",0.102517314113637,0.132567280491407,0.0395189603696579
"GSE19888_CTRL_VS_A3R_ACT_TREATED_MAST_CELL_PRETREATED_WITH_A3R_INH_DN","GSE19888_CTRL_VS_A3R_ACT_TREATED_MAST_CELL_PRETREATED_WITH_A3R_INH_DN","26/2154","199/21355",0.102517314113637,0.132567280491407,0.0395189603696579
"GSE20198_UNTREATED_VS_IL12_IL18_TREATED_ACT_CD4_TCELL_UP","GSE20198_UNTREATED_VS_IL12_IL18_TREATED_ACT_CD4_TCELL_UP","26/2154","199/21355",0.102517314113637,0.132567280491407,0.0395189603696579
"GSE22432_MULTIPOTENT_PROGENITOR_VS_CDC_UP","GSE22432_MULTIPOTENT_PROGENITOR_VS_CDC_UP","26/2154","199/21355",0.102517314113637,0.132567280491407,0.0395189603696579
"GSE22432_MULTIPOTENT_VS_COMMON_DC_PROGENITOR_UP","GSE22432_MULTIPOTENT_VS_COMMON_DC_PROGENITOR_UP","26/2154","199/21355",0.102517314113637,0.132567280491407,0.0395189603696579
"GSE23695_CD57_POS_VS_NEG_NK_CELL_UP","GSE23695_CD57_POS_VS_NEG_NK_CELL_UP","26/2154","199/21355",0.102517314113637,0.132567280491407,0.0395189603696579
"GSE23925_LIGHT_ZONE_VS_DARK_ZONE_BCELL_UP","GSE23925_LIGHT_ZONE_VS_DARK_ZONE_BCELL_UP","26/2154","199/21355",0.102517314113637,0.132567280491407,0.0395189603696579
"GSE2770_UNTREATED_VS_TGFB_AND_IL12_TREATED_ACT_CD4_TCELL_2H_DN","GSE2770_UNTREATED_VS_TGFB_AND_IL12_TREATED_ACT_CD4_TCELL_2H_DN","26/2154","199/21355",0.102517314113637,0.132567280491407,0.0395189603696579
"GSE27786_CD8_TCELL_VS_NEUTROPHIL_UP","GSE27786_CD8_TCELL_VS_NEUTROPHIL_UP","26/2154","199/21355",0.102517314113637,0.132567280491407,0.0395189603696579
"GSE28237_FOLLICULAR_VS_LATE_GC_BCELL_UP","GSE28237_FOLLICULAR_VS_LATE_GC_BCELL_UP","26/2154","199/21355",0.102517314113637,0.132567280491407,0.0395189603696579
"GSE29949_MICROGLIA_VS_DC_BRAIN_DN","GSE29949_MICROGLIA_VS_DC_BRAIN_DN","26/2154","199/21355",0.102517314113637,0.132567280491407,0.0395189603696579
"GSE33292_DN3_THYMOCYTE_VS_TCELL_LYMPHOMA_FROM_TCF1_KO_DN","GSE33292_DN3_THYMOCYTE_VS_TCELL_LYMPHOMA_FROM_TCF1_KO_DN","26/2154","199/21355",0.102517314113637,0.132567280491407,0.0395189603696579
"GSE36392_EOSINOPHIL_VS_MAC_IL25_TREATED_LUNG_DN","GSE36392_EOSINOPHIL_VS_MAC_IL25_TREATED_LUNG_DN","26/2154","199/21355",0.102517314113637,0.132567280491407,0.0395189603696579
"GSE36888_STAT5_AB_KNOCKIN_VS_WT_TCELL_IL2_TREATED_6H_UP","GSE36888_STAT5_AB_KNOCKIN_VS_WT_TCELL_IL2_TREATED_6H_UP","26/2154","199/21355",0.102517314113637,0.132567280491407,0.0395189603696579
"GSE3982_MAST_CELL_VS_NEUTROPHIL_UP","GSE3982_MAST_CELL_VS_NEUTROPHIL_UP","26/2154","199/21355",0.102517314113637,0.132567280491407,0.0395189603696579
"GSE3982_MAST_CELL_VS_NKCELL_DN","GSE3982_MAST_CELL_VS_NKCELL_DN","26/2154","199/21355",0.102517314113637,0.132567280491407,0.0395189603696579
"GSE39820_CTRL_VS_TGFBETA1_IL6_CD4_TCELL_UP","GSE39820_CTRL_VS_TGFBETA1_IL6_CD4_TCELL_UP","26/2154","199/21355",0.102517314113637,0.132567280491407,0.0395189603696579
"GSE39820_IL1B_IL6_VS_IL1B_IL6_IL23A_TREATED_CD4_TCELL_UP","GSE39820_IL1B_IL6_VS_IL1B_IL6_IL23A_TREATED_CD4_TCELL_UP","26/2154","199/21355",0.102517314113637,0.132567280491407,0.0395189603696579
"GSE5589_WT_VS_IL10_KO_LPS_AND_IL6_STIM_MACROPHAGE_45MIN_UP","GSE5589_WT_VS_IL10_KO_LPS_AND_IL6_STIM_MACROPHAGE_45MIN_UP","26/2154","199/21355",0.102517314113637,0.132567280491407,0.0395189603696579
"GSE7460_FOXP3_MUT_VS_HET_ACT_TCONV_DN","GSE7460_FOXP3_MUT_VS_HET_ACT_TCONV_DN","26/2154","199/21355",0.102517314113637,0.132567280491407,0.0395189603696579
"GSE8921_UNSTIM_VS_TLR1_2_STIM_MONOCYTE_3H_UP","GSE8921_UNSTIM_VS_TLR1_2_STIM_MONOCYTE_3H_UP","26/2154","199/21355",0.102517314113637,0.132567280491407,0.0395189603696579
"GSE10147_IL3_VS_IL3_AND_CPG_STIM_PDC_UP","GSE10147_IL3_VS_IL3_AND_CPG_STIM_PDC_UP","20/2154","147/21355",0.102799566847022,0.132898656204507,0.0396177451046611
"GSE33292_DN3_THYMOCYTE_VS_TCELL_LYMPHOMA_FROM_TCF1_KO_UP","GSE33292_DN3_THYMOCYTE_VS_TCELL_LYMPHOMA_FROM_TCF1_KO_UP","23/2154","173/21355",0.1032606000774,0.133460932304283,0.03978536238414
"GSE32255_WT_VS_JMJD2D_KNOCKDOWN_4H_LPS_STIM_DC_DN","GSE32255_WT_VS_JMJD2D_KNOCKDOWN_4H_LPS_STIM_DC_DN","21/2154","156/21355",0.104842908617177,0.135471769461618,0.0403848028617298
"KANNAN_BLOOD_2012_2013_TIV_AGE_65PLS_REVACCINATED_IN_6_9_MO_VS_REVACCINATED_IN_12_13_MO_UP","KANNAN_BLOOD_2012_2013_TIV_AGE_65PLS_REVACCINATED_IN_6_9_MO_VS_REVACCINATED_IN_12_13_MO_UP","29/2154","226/21355",0.105222024317396,0.135783874789381,0.0404778429997886
"QUEREC_MODEL_PBMC_YF_17D_VACCINE_AGE_18_45YO_3DY_PREDICTIVE","QUEREC_MODEL_PBMC_YF_17D_VACCINE_AGE_18_45YO_3DY_PREDICTIVE","8/2154","48/21355",0.105732580047324,0.135783874789381,0.0404778429997886
"GSE17974_IL4_AND_ANTI_IL12_VS_UNTREATED_12H_ACT_CD4_TCELL_DN","GSE17974_IL4_AND_ANTI_IL12_VS_UNTREATED_12H_ACT_CD4_TCELL_DN","25/2154","191/21355",0.10597307942989,0.135783874789381,0.0404778429997886
"GSE29615_CTRL_VS_LAIV_FLU_VACCINE_PBMC_UP","GSE29615_CTRL_VS_LAIV_FLU_VACCINE_PBMC_UP","25/2154","191/21355",0.10597307942989,0.135783874789381,0.0404778429997886
"GSE45365_WT_VS_IFNAR_KO_CD11B_DC_DN","GSE45365_WT_VS_IFNAR_KO_CD11B_DC_DN","25/2154","191/21355",0.10597307942989,0.135783874789381,0.0404778429997886
"GSE11924_TH1_VS_TH17_CD4_TCELL_UP","GSE11924_TH1_VS_TH17_CD4_TCELL_UP","26/2154","200/21355",0.107076194631485,0.135783874789381,0.0404778429997886
"GSE11961_FOLLICULAR_BCELL_VS_MARGINAL_ZONE_BCELL_UP","GSE11961_FOLLICULAR_BCELL_VS_MARGINAL_ZONE_BCELL_UP","26/2154","200/21355",0.107076194631485,0.135783874789381,0.0404778429997886
"GSE11961_FOLLICULAR_BCELL_VS_PLASMA_CELL_DAY7_DN","GSE11961_FOLLICULAR_BCELL_VS_PLASMA_CELL_DAY7_DN","26/2154","200/21355",0.107076194631485,0.135783874789381,0.0404778429997886
"GSE13229_IMM_VS_MATURE_NKCELL_UP","GSE13229_IMM_VS_MATURE_NKCELL_UP","26/2154","200/21355",0.107076194631485,0.135783874789381,0.0404778429997886
"GSE13229_MATURE_VS_INTMATURE_NKCELL_UP","GSE13229_MATURE_VS_INTMATURE_NKCELL_UP","26/2154","200/21355",0.107076194631485,0.135783874789381,0.0404778429997886
"GSE13306_TREG_RA_VS_TCONV_RA_UP","GSE13306_TREG_RA_VS_TCONV_RA_UP","26/2154","200/21355",0.107076194631485,0.135783874789381,0.0404778429997886
"GSE14026_TH1_VS_TH17_DN","GSE14026_TH1_VS_TH17_DN","26/2154","200/21355",0.107076194631485,0.135783874789381,0.0404778429997886
"GSE14308_TH1_VS_NAIVE_CD4_TCELL_UP","GSE14308_TH1_VS_NAIVE_CD4_TCELL_UP","26/2154","200/21355",0.107076194631485,0.135783874789381,0.0404778429997886
"GSE14769_UNSTIM_VS_240MIN_LPS_BMDM_UP","GSE14769_UNSTIM_VS_240MIN_LPS_BMDM_UP","26/2154","200/21355",0.107076194631485,0.135783874789381,0.0404778429997886
"GSE15324_NAIVE_VS_ACTIVATED_CD8_TCELL_UP","GSE15324_NAIVE_VS_ACTIVATED_CD8_TCELL_UP","26/2154","200/21355",0.107076194631485,0.135783874789381,0.0404778429997886
"GSE15330_HSC_VS_GRANULOCYTE_MONOCYTE_PROGENITOR_DN","GSE15330_HSC_VS_GRANULOCYTE_MONOCYTE_PROGENITOR_DN","26/2154","200/21355",0.107076194631485,0.135783874789381,0.0404778429997886
"GSE15330_HSC_VS_GRANULOCYTE_MONOCYTE_PROGENITOR_IKAROS_KO_DN","GSE15330_HSC_VS_GRANULOCYTE_MONOCYTE_PROGENITOR_IKAROS_KO_DN","26/2154","200/21355",0.107076194631485,0.135783874789381,0.0404778429997886
"GSE15659_NAIVE_CD4_TCELL_VS_NONSUPPRESSIVE_TCELL_DN","GSE15659_NAIVE_CD4_TCELL_VS_NONSUPPRESSIVE_TCELL_DN","26/2154","200/21355",0.107076194631485,0.135783874789381,0.0404778429997886
"GSE15930_NAIVE_VS_48H_IN_VITRO_STIM_CD8_TCELL_DN","GSE15930_NAIVE_VS_48H_IN_VITRO_STIM_CD8_TCELL_DN","26/2154","200/21355",0.107076194631485,0.135783874789381,0.0404778429997886
"GSE16385_MONOCYTE_VS_12H_IFNG_TNF_TREATED_MACROPHAGE_UP","GSE16385_MONOCYTE_VS_12H_IFNG_TNF_TREATED_MACROPHAGE_UP","26/2154","200/21355",0.107076194631485,0.135783874789381,0.0404778429997886
"GSE16385_ROSIGLITAZONE_IL4_VS_ROSIGLITAZONE_ALONE_STIM_MACROPHAGE_UP","GSE16385_ROSIGLITAZONE_IL4_VS_ROSIGLITAZONE_ALONE_STIM_MACROPHAGE_UP","26/2154","200/21355",0.107076194631485,0.135783874789381,0.0404778429997886
"GSE17186_MEMORY_VS_NAIVE_BCELL_UP","GSE17186_MEMORY_VS_NAIVE_BCELL_UP","26/2154","200/21355",0.107076194631485,0.135783874789381,0.0404778429997886
"GSE17580_UNINFECTED_VS_S_MANSONI_INF_TEFF_DN","GSE17580_UNINFECTED_VS_S_MANSONI_INF_TEFF_DN","26/2154","200/21355",0.107076194631485,0.135783874789381,0.0404778429997886
"GSE17721_0.5H_VS_4H_POLYIC_BMDC_UP","GSE17721_0.5H_VS_4H_POLYIC_BMDC_UP","26/2154","200/21355",0.107076194631485,0.135783874789381,0.0404778429997886
"GSE17721_CPG_VS_GARDIQUIMOD_1H_BMDC_UP","GSE17721_CPG_VS_GARDIQUIMOD_1H_BMDC_UP","26/2154","200/21355",0.107076194631485,0.135783874789381,0.0404778429997886
"GSE17721_CPG_VS_GARDIQUIMOD_2H_BMDC_UP","GSE17721_CPG_VS_GARDIQUIMOD_2H_BMDC_UP","26/2154","200/21355",0.107076194631485,0.135783874789381,0.0404778429997886
"GSE17721_CPG_VS_GARDIQUIMOD_4H_BMDC_UP","GSE17721_CPG_VS_GARDIQUIMOD_4H_BMDC_UP","26/2154","200/21355",0.107076194631485,0.135783874789381,0.0404778429997886
"GSE17721_CTRL_VS_GARDIQUIMOD_1H_BMDC_UP","GSE17721_CTRL_VS_GARDIQUIMOD_1H_BMDC_UP","26/2154","200/21355",0.107076194631485,0.135783874789381,0.0404778429997886
"GSE17721_LPS_VS_PAM3CSK4_24H_BMDC_UP","GSE17721_LPS_VS_PAM3CSK4_24H_BMDC_UP","26/2154","200/21355",0.107076194631485,0.135783874789381,0.0404778429997886
"GSE17721_LPS_VS_PAM3CSK4_8H_BMDC_UP","GSE17721_LPS_VS_PAM3CSK4_8H_BMDC_UP","26/2154","200/21355",0.107076194631485,0.135783874789381,0.0404778429997886
"GSE17721_LPS_VS_POLYIC_1H_BMDC_UP","GSE17721_LPS_VS_POLYIC_1H_BMDC_UP","26/2154","200/21355",0.107076194631485,0.135783874789381,0.0404778429997886
"GSE17721_PAM3CSK4_VS_CPG_12H_BMDC_UP","GSE17721_PAM3CSK4_VS_CPG_12H_BMDC_UP","26/2154","200/21355",0.107076194631485,0.135783874789381,0.0404778429997886
"GSE17721_PAM3CSK4_VS_CPG_24H_BMDC_DN","GSE17721_PAM3CSK4_VS_CPG_24H_BMDC_DN","26/2154","200/21355",0.107076194631485,0.135783874789381,0.0404778429997886
"GSE17721_POLYIC_VS_CPG_2H_BMDC_UP","GSE17721_POLYIC_VS_CPG_2H_BMDC_UP","26/2154","200/21355",0.107076194631485,0.135783874789381,0.0404778429997886
"GSE17721_POLYIC_VS_GARDIQUIMOD_12H_BMDC_DN","GSE17721_POLYIC_VS_GARDIQUIMOD_12H_BMDC_DN","26/2154","200/21355",0.107076194631485,0.135783874789381,0.0404778429997886
"GSE17721_POLYIC_VS_GARDIQUIMOD_24H_BMDC_UP","GSE17721_POLYIC_VS_GARDIQUIMOD_24H_BMDC_UP","26/2154","200/21355",0.107076194631485,0.135783874789381,0.0404778429997886
"GSE17721_POLYIC_VS_GARDIQUIMOD_2H_BMDC_DN","GSE17721_POLYIC_VS_GARDIQUIMOD_2H_BMDC_DN","26/2154","200/21355",0.107076194631485,0.135783874789381,0.0404778429997886
"GSE19888_CTRL_VS_T_CELL_MEMBRANES_ACT_MAST_CELL_DN","GSE19888_CTRL_VS_T_CELL_MEMBRANES_ACT_MAST_CELL_DN","26/2154","200/21355",0.107076194631485,0.135783874789381,0.0404778429997886
"GSE20366_EX_VIVO_VS_HOMEOSTATIC_CONVERSION_NAIVE_CD4_TCELL_DN","GSE20366_EX_VIVO_VS_HOMEOSTATIC_CONVERSION_NAIVE_CD4_TCELL_DN","26/2154","200/21355",0.107076194631485,0.135783874789381,0.0404778429997886
"GSE21063_CTRL_VS_ANTI_IGM_STIM_BCELL_16H_DN","GSE21063_CTRL_VS_ANTI_IGM_STIM_BCELL_16H_DN","26/2154","200/21355",0.107076194631485,0.135783874789381,0.0404778429997886
"GSE21379_WT_VS_SAP_KO_CD4_TCELL_UP","GSE21379_WT_VS_SAP_KO_CD4_TCELL_UP","26/2154","200/21355",0.107076194631485,0.135783874789381,0.0404778429997886
"GSE21927_GMCSF_IL6_VS_GMCSF_GCSF_TREATED_BONE_MARROW_DN","GSE21927_GMCSF_IL6_VS_GMCSF_GCSF_TREATED_BONE_MARROW_DN","26/2154","200/21355",0.107076194631485,0.135783874789381,0.0404778429997886
"GSE2197_CPG_DNA_VS_UNTREATED_IN_DC_DN","GSE2197_CPG_DNA_VS_UNTREATED_IN_DC_DN","26/2154","200/21355",0.107076194631485,0.135783874789381,0.0404778429997886
"GSE22103_UNSTIM_VS_LPS_STIM_NEUTROPHIL_DN","GSE22103_UNSTIM_VS_LPS_STIM_NEUTROPHIL_DN","26/2154","200/21355",0.107076194631485,0.135783874789381,0.0404778429997886
"GSE22935_UNSTIM_VS_48H_MBOVIS_BCG_STIM_MYD88_KO_MACROPHAGE_UP","GSE22935_UNSTIM_VS_48H_MBOVIS_BCG_STIM_MYD88_KO_MACROPHAGE_UP","26/2154","200/21355",0.107076194631485,0.135783874789381,0.0404778429997886
"GSE23308_WT_VS_MINERALCORTICOID_REC_KO_MACROPHAGE_DN","GSE23308_WT_VS_MINERALCORTICOID_REC_KO_MACROPHAGE_DN","26/2154","200/21355",0.107076194631485,0.135783874789381,0.0404778429997886
"GSE24142_ADULT_VS_FETAL_EARLY_THYMIC_PROGENITOR_DN","GSE24142_ADULT_VS_FETAL_EARLY_THYMIC_PROGENITOR_DN","26/2154","200/21355",0.107076194631485,0.135783874789381,0.0404778429997886
"GSE25088_CTRL_VS_ROSIGLITAZONE_STIM_MACROPHAGE_UP","GSE25088_CTRL_VS_ROSIGLITAZONE_STIM_MACROPHAGE_UP","26/2154","200/21355",0.107076194631485,0.135783874789381,0.0404778429997886
"GSE25123_CTRL_VS_IL4_STIM_PPARG_KO_MACROPHAGE_UP","GSE25123_CTRL_VS_IL4_STIM_PPARG_KO_MACROPHAGE_UP","26/2154","200/21355",0.107076194631485,0.135783874789381,0.0404778429997886
"GSE2585_CTEC_VS_THYMIC_MACROPHAGE_UP","GSE2585_CTEC_VS_THYMIC_MACROPHAGE_UP","26/2154","200/21355",0.107076194631485,0.135783874789381,0.0404778429997886
"GSE25890_CTRL_VS_IL33_IL7_TREATED_NUOCYTES_UP","GSE25890_CTRL_VS_IL33_IL7_TREATED_NUOCYTES_UP","26/2154","200/21355",0.107076194631485,0.135783874789381,0.0404778429997886
"GSE2770_IL12_AND_TGFB_VS_IL4_TREATED_ACT_CD4_TCELL_6H_UP","GSE2770_IL12_AND_TGFB_VS_IL4_TREATED_ACT_CD4_TCELL_6H_UP","26/2154","200/21355",0.107076194631485,0.135783874789381,0.0404778429997886
"GSE27786_BCELL_VS_ERYTHROBLAST_DN","GSE27786_BCELL_VS_ERYTHROBLAST_DN","26/2154","200/21355",0.107076194631485,0.135783874789381,0.0404778429997886
"GSE27786_CD4_TCELL_VS_ERYTHTROBLAST_DN","GSE27786_CD4_TCELL_VS_ERYTHTROBLAST_DN","26/2154","200/21355",0.107076194631485,0.135783874789381,0.0404778429997886
"GSE27786_CD4_TCELL_VS_ERYTHTROBLAST_UP","GSE27786_CD4_TCELL_VS_ERYTHTROBLAST_UP","26/2154","200/21355",0.107076194631485,0.135783874789381,0.0404778429997886
"GSE27786_CD4_TCELL_VS_MONO_MAC_UP","GSE27786_CD4_TCELL_VS_MONO_MAC_UP","26/2154","200/21355",0.107076194631485,0.135783874789381,0.0404778429997886
"GSE27786_LSK_VS_MONO_MAC_UP","GSE27786_LSK_VS_MONO_MAC_UP","26/2154","200/21355",0.107076194631485,0.135783874789381,0.0404778429997886
"GSE29618_PRE_VS_DAY7_POST_TIV_FLU_VACCINE_PDC_UP","GSE29618_PRE_VS_DAY7_POST_TIV_FLU_VACCINE_PDC_UP","26/2154","200/21355",0.107076194631485,0.135783874789381,0.0404778429997886
"GSE30083_SP1_VS_SP2_THYMOCYTE_DN","GSE30083_SP1_VS_SP2_THYMOCYTE_DN","26/2154","200/21355",0.107076194631485,0.135783874789381,0.0404778429997886
"GSE3039_ALPHAALPHA_CD8_TCELL_VS_B2_BCELL_DN","GSE3039_ALPHAALPHA_CD8_TCELL_VS_B2_BCELL_DN","26/2154","200/21355",0.107076194631485,0.135783874789381,0.0404778429997886
"GSE3203_HEALTHY_VS_INFLUENZA_INFECTED_LN_BCELL_DN","GSE3203_HEALTHY_VS_INFLUENZA_INFECTED_LN_BCELL_DN","26/2154","200/21355",0.107076194631485,0.135783874789381,0.0404778429997886
"GSE339_CD4POS_VS_CD4CD8DN_DC_IN_CULTURE_UP","GSE339_CD4POS_VS_CD4CD8DN_DC_IN_CULTURE_UP","26/2154","200/21355",0.107076194631485,0.135783874789381,0.0404778429997886
"GSE36009_UNSTIM_VS_LPS_STIM_DC_UP","GSE36009_UNSTIM_VS_LPS_STIM_DC_UP","26/2154","200/21355",0.107076194631485,0.135783874789381,0.0404778429997886
"GSE36392_MAC_VS_NEUTROPHIL_IL25_TREATED_LUNG_DN","GSE36392_MAC_VS_NEUTROPHIL_IL25_TREATED_LUNG_DN","26/2154","200/21355",0.107076194631485,0.135783874789381,0.0404778429997886
"GSE39820_CTRL_VS_TGFBETA3_IL6_CD4_TCELL_UP","GSE39820_CTRL_VS_TGFBETA3_IL6_CD4_TCELL_UP","26/2154","200/21355",0.107076194631485,0.135783874789381,0.0404778429997886
"GSE411_100MIN_VS_400MIN_IL6_STIM_SOCS3_KO_MACROPHAGE_UP","GSE411_100MIN_VS_400MIN_IL6_STIM_SOCS3_KO_MACROPHAGE_UP","26/2154","200/21355",0.107076194631485,0.135783874789381,0.0404778429997886
"GSE41867_NAIVE_VS_EFFECTOR_CD8_TCELL_UP","GSE41867_NAIVE_VS_EFFECTOR_CD8_TCELL_UP","26/2154","200/21355",0.107076194631485,0.135783874789381,0.0404778429997886
"GSE43955_10H_VS_30H_ACT_CD4_TCELL_DN","GSE43955_10H_VS_30H_ACT_CD4_TCELL_DN","26/2154","200/21355",0.107076194631485,0.135783874789381,0.0404778429997886
"GSE43955_1H_VS_10H_ACT_CD4_TCELL_DN","GSE43955_1H_VS_10H_ACT_CD4_TCELL_DN","26/2154","200/21355",0.107076194631485,0.135783874789381,0.0404778429997886
"GSE5503_PLN_DC_VS_SPLEEN_DC_ACTIVATED_ALLOGENIC_TCELL_UP","GSE5503_PLN_DC_VS_SPLEEN_DC_ACTIVATED_ALLOGENIC_TCELL_UP","26/2154","200/21355",0.107076194631485,0.135783874789381,0.0404778429997886
"GSE5542_IFNA_VS_IFNA_AND_IFNG_TREATED_EPITHELIAL_CELLS_24H_UP","GSE5542_IFNA_VS_IFNA_AND_IFNG_TREATED_EPITHELIAL_CELLS_24H_UP","26/2154","200/21355",0.107076194631485,0.135783874789381,0.0404778429997886
"GSE5589_IL6_KO_VS_IL10_KO_LPS_STIM_MACROPHAGE_180MIN_UP","GSE5589_IL6_KO_VS_IL10_KO_LPS_STIM_MACROPHAGE_180MIN_UP","26/2154","200/21355",0.107076194631485,0.135783874789381,0.0404778429997886
"GSE6674_ANTI_IGM_VS_PL2_3_STIM_BCELL_UP","GSE6674_ANTI_IGM_VS_PL2_3_STIM_BCELL_UP","26/2154","200/21355",0.107076194631485,0.135783874789381,0.0404778429997886
"GSE8921_UNSTIM_0H_VS_TLR1_2_STIM_MONOCYTE_6H_UP","GSE8921_UNSTIM_0H_VS_TLR1_2_STIM_MONOCYTE_6H_UP","26/2154","200/21355",0.107076194631485,0.135783874789381,0.0404778429997886
"GSE8921_UNSTIM_VS_TLR1_2_STIM_MONOCYTE_6H_DN","GSE8921_UNSTIM_VS_TLR1_2_STIM_MONOCYTE_6H_DN","26/2154","200/21355",0.107076194631485,0.135783874789381,0.0404778429997886
"GSE12003_4D_VS_8D_CULTURE_BM_PROGENITOR_UP","GSE12003_4D_VS_8D_CULTURE_BM_PROGENITOR_UP","23/2154","174/21355",0.108195191127641,0.137168859964203,0.0408907139135878
"GSE1112_OT1_CD8AB_VS_HY_CD8AA_THYMOCYTE_RTOC_CULTURE_UP","GSE1112_OT1_CD8AB_VS_HY_CD8AA_THYMOCYTE_RTOC_CULTURE_UP","24/2154","183/21355",0.109557497305582,0.138861547774775,0.041395312501235
"NAKAYA_MONOCYTE_FLUARIX_FLUVIRIN_AGE_18_50YO_7DY_UP","NAKAYA_MONOCYTE_FLUARIX_FLUVIRIN_AGE_18_50YO_7DY_UP","13/2154","89/21355",0.110397096786719,0.139891042347087,0.0417022099125206
"GSE18791_CTRL_VS_NEWCASTLE_VIRUS_DC_14H_DN","GSE18791_CTRL_VS_NEWCASTLE_VIRUS_DC_14H_DN","25/2154","192/21355",0.110740284900997,0.140256397497845,0.0418111240855362
"GSE45365_HEALTHY_VS_MCMV_INFECTION_CD11B_DC_IFNAR_KO_DN","GSE45365_HEALTHY_VS_MCMV_INFECTION_CD11B_DC_IFNAR_KO_DN","25/2154","192/21355",0.110740284900997,0.140256397497845,0.0418111240855362
"GSE7509_UNSTIM_VS_FCGRIIB_STIM_MONOCYTE_DN","GSE7509_UNSTIM_VS_FCGRIIB_STIM_MONOCYTE_DN","22/2154","166/21355",0.111805681158835,0.141570690382646,0.0422029212789013
"GSE32255_WT_UNSTIM_VS_JMJD2D_KNOCKDOWN_4H_LPS_STIM_DC_UP","GSE32255_WT_UNSTIM_VS_JMJD2D_KNOCKDOWN_4H_LPS_STIM_DC_UP","23/2154","175/21355",0.113275678156184,0.14339651953765,0.0427472099582113
"GSE5589_WT_VS_IL6_KO_LPS_AND_IL10_STIM_MACROPHAGE_180MIN_DN","GSE5589_WT_VS_IL6_KO_LPS_AND_IL10_STIM_MACROPHAGE_180MIN_DN","20/2154","149/21355",0.113700895115756,0.143863567613675,0.0428864392939776
"GSE6092_CTRL_VS_BORRELIA_BIRGDOFERI_INF_ENDOTHELIAL_CELL_DN","GSE6092_CTRL_VS_BORRELIA_BIRGDOFERI_INF_ENDOTHELIAL_CELL_DN","20/2154","149/21355",0.113700895115756,0.143863567613675,0.0428864392939776
"GSE13547_2H_VS_12_H_ANTI_IGM_STIM_BCELL_DN","GSE13547_2H_VS_12_H_ANTI_IGM_STIM_BCELL_DN","24/2154","184/21355",0.114546720335094,0.14489791713838,0.0431947839905246
"GSE13547_WT_VS_ZFX_KO_BCELL_ANTI_IGM_STIM_12H_DN","GSE13547_WT_VS_ZFX_KO_BCELL_ANTI_IGM_STIM_12H_DN","21/2154","158/21355",0.115542178161716,0.14612098860768,0.0435593876298642
"GSE21927_EL4_VS_MCA203_TUMOR_MONOCYTES_DN","GSE21927_EL4_VS_MCA203_TUMOR_MONOCYTES_DN","25/2154","193/21355",0.115640426735441,0.146172930011943,0.0435748716187414
"GSE43863_NAIVE_VS_LY6C_LOW_CXCR5NEG_CD4_EFF_TCELL_D6_LCMV_UP","GSE43863_NAIVE_VS_LY6C_LOW_CXCR5NEG_CD4_EFF_TCELL_D6_LCMV_UP","25/2154","193/21355",0.115640426735441,0.146172930011943,0.0435748716187414
"HOEK_NK_CELL_2011_2012_TIV_7D_VS_0DY_ADULT_7D_DN","HOEK_NK_CELL_2011_2012_TIV_7D_VS_0DY_ADULT_7D_DN","4/2154","19/21355",0.117689252214621,0.148725938352288,0.0443359360009291
"GSE10325_BCELL_VS_LUPUS_BCELL_UP","GSE10325_BCELL_VS_LUPUS_BCELL_UP","25/2154","194/21355",0.12067345990762,0.152346518643866,0.0454152488489235
"GSE10463_CD40L_AND_VA347_VS_CD40L_IN_DC_UP","GSE10463_CD40L_AND_VA347_VS_CD40L_IN_DC_UP","25/2154","194/21355",0.12067345990762,0.152346518643866,0.0454152488489235
"GSE1432_CTRL_VS_IFNG_1H_MICROGLIA_UP","GSE1432_CTRL_VS_IFNG_1H_MICROGLIA_UP","25/2154","194/21355",0.12067345990762,0.152346518643866,0.0454152488489235
"GSE18804_BRAIN_VS_COLON_TUMORAL_MACROPHAGE_DN","GSE18804_BRAIN_VS_COLON_TUMORAL_MACROPHAGE_DN","25/2154","194/21355",0.12067345990762,0.152346518643866,0.0454152488489235
"GSE2770_IL12_VS_IL4_TREATED_ACT_CD4_TCELL_2H_DN","GSE2770_IL12_VS_IL4_TREATED_ACT_CD4_TCELL_2H_DN","21/2154","159/21355",0.121133992156843,0.152890175733878,0.0455773157097297
"GAUCHER_PBMC_YF_VAX_STAMARIL_UNKNOWN_AGE_60DY_DN","GAUCHER_PBMC_YF_VAX_STAMARIL_UNKNOWN_AGE_60DY_DN","6/2154","34/21355",0.122049787584095,0.154008036504806,0.0459105555208004
"GSE12003_MIR223_KO_VS_WT_BM_PROGENITOR_8D_CULTURE_UP","GSE12003_MIR223_KO_VS_WT_BM_PROGENITOR_8D_CULTURE_UP","17/2154","125/21355",0.125113950329496,0.157835585500792,0.0470515667607125
"HOFT_CD4_POSITIVE_ALPHA_BETA_MEMORY_T_CELL_BCG_VACCINE_AGE_18_45YO_ID_56D_TOP_100_DEG_AFTER_IN_VITRO_RE_STIMULATION_UP","HOFT_CD4_POSITIVE_ALPHA_BETA_MEMORY_T_CELL_BCG_VACCINE_AGE_18_45YO_ID_56D_TOP_100_DEG_AFTER_IN_VITRO_RE_STIMULATION_UP","7/2154","42/21355",0.12536934435598,0.158118761147539,0.0471359828181285
"GSE1460_DP_THYMOCYTE_VS_THYMIC_STROMAL_CELL_UP","GSE1460_DP_THYMOCYTE_VS_THYMIC_STROMAL_CELL_UP","25/2154","195/21355",0.125839179681394,0.158515823037932,0.0472543489266628
"GSE22611_NOD2_TRANSD_VS_CTRL_TRANSD_HEK293_MDP_STIM_6H_DN","GSE22611_NOD2_TRANSD_VS_CTRL_TRANSD_HEK293_MDP_STIM_6H_DN","25/2154","195/21355",0.125839179681394,0.158515823037932,0.0472543489266628
"GSE22611_UNSTIM_VS_2H_MDP_STIM_NOD2_TRANSDUCED_HEK293T_CELL_UP","GSE22611_UNSTIM_VS_2H_MDP_STIM_NOD2_TRANSDUCED_HEK293T_CELL_UP","25/2154","195/21355",0.125839179681394,0.158515823037932,0.0472543489266628
"GSE2706_UNSTIM_VS_2H_R848_DC_UP","GSE2706_UNSTIM_VS_2H_R848_DC_UP","25/2154","195/21355",0.125839179681394,0.158515823037932,0.0472543489266628
"GSE3982_NKCELL_VS_TH1_UP","GSE3982_NKCELL_VS_TH1_UP","25/2154","195/21355",0.125839179681394,0.158515823037932,0.0472543489266628
"GSE9946_LISTERIA_INF_MATURE_VS_PROSTAGLANDINE2_TREATED_MATURE_DC_UP","GSE9946_LISTERIA_INF_MATURE_VS_PROSTAGLANDINE2_TREATED_MATURE_DC_UP","18/2154","134/21355",0.127532808451545,0.160609667392303,0.0478785342592265
"GSE27291_6H_VS_7D_STIM_GAMMADELTA_TCELL_DN","GSE27291_6H_VS_7D_STIM_GAMMADELTA_TCELL_DN","24/2154","187/21355",0.130347788426,0.164114317217961,0.0489232876633571
"GSE20727_DNFB_ALLERGEN_VS_ROS_INH_AND_DNFB_ALLERGEN_TREATED_DC_UP","GSE20727_DNFB_ALLERGEN_VS_ROS_INH_AND_DNFB_ALLERGEN_TREATED_DC_UP","25/2154","196/21355",0.1311372203788,0.164986370028741,0.0491832509087501
"GSE22886_CD4_TCELL_VS_BCELL_NAIVE_DN","GSE22886_CD4_TCELL_VS_BCELL_NAIVE_DN","25/2154","196/21355",0.1311372203788,0.164986370028741,0.0491832509087501
"GSE29949_CD8_NEG_DC_SPLEEN_VS_MONOCYTE_BONE_MARROW_DN","GSE29949_CD8_NEG_DC_SPLEEN_VS_MONOCYTE_BONE_MARROW_DN","25/2154","196/21355",0.1311372203788,0.164986370028741,0.0491832509087501
"GSE6269_FLU_VS_E_COLI_INF_PBMC_DN","GSE6269_FLU_VS_E_COLI_INF_PBMC_DN","21/2154","161/21355",0.132799584922246,0.167036722683257,0.0497944711510096
"GSE40274_CTRL_VS_LEF1_TRANSDUCED_ACTIVATED_CD4_TCELL_DN","GSE40274_CTRL_VS_LEF1_TRANSDUCED_ACTIVATED_CD4_TCELL_DN","22/2154","170/21355",0.134030685039415,0.168527638148591,0.050238920407045
"GSE9946_MATURE_STIMULATORY_VS_PROSTAGLANDINE2_TREATED_MATURE_DC_UP","GSE9946_MATURE_STIMULATORY_VS_PROSTAGLANDINE2_TREATED_MATURE_DC_UP","18/2154","135/21355",0.134050832065386,0.168527638148591,0.050238920407045
"GSE11057_EFF_MEM_VS_CENT_MEM_CD4_TCELL_DN","GSE11057_EFF_MEM_VS_CENT_MEM_CD4_TCELL_DN","24/2154","188/21355",0.135891293264852,0.170799454882789,0.0509161601841084
"GARCIA_PINERES_PBMC_HPV_16_L1_VLP_AGE_18_25YO_7MO_CORRELATED_WITH_ANTIBODY_RESPONSE_NEGATIVE","GARCIA_PINERES_PBMC_HPV_16_L1_VLP_AGE_18_25YO_7MO_CORRELATED_WITH_ANTIBODY_RESPONSE_NEGATIVE","3/2154","13/21355",0.136428627193895,0.171432678997882,0.0511049274169936
"GSE20152_SPHK1_KO_VS_HTNFA_OVEREXPRESS_ANKLE_DN","GSE20152_SPHK1_KO_VS_HTNFA_OVEREXPRESS_ANKLE_DN","25/2154","197/21355",0.136567054523939,0.171438092261453,0.0511065411375717
"GSE22611_MUTANT_NOD2_VS_CTRL_TRANSDUCED_HEK293T_CELL_UP","GSE22611_MUTANT_NOD2_VS_CTRL_TRANSDUCED_HEK293T_CELL_UP","25/2154","197/21355",0.136567054523939,0.171438092261453,0.0511065411375717
"GSE42021_CD24INT_VS_CD24LOW_TREG_THYMUS_UP","GSE42021_CD24INT_VS_CD24LOW_TREG_THYMUS_UP","25/2154","197/21355",0.136567054523939,0.171438092261453,0.0511065411375717
"QI_PBMC_ZOSTAVAX_AGE_50_75YO_CORRELATED_WITH_CONTRACTION_OF_VZV_SPECIFIC_T_CELLS_PEAK_TO_28DYAT_1DY_NEGATIVE","QI_PBMC_ZOSTAVAX_AGE_50_75YO_CORRELATED_WITH_CONTRACTION_OF_VZV_SPECIFIC_T_CELLS_PEAK_TO_28DYAT_1DY_NEGATIVE","25/2154","197/21355",0.136567054523939,0.171438092261453,0.0511065411375717
"GSE14415_FOXP3_KO_NATURAL_TREG_VS_TCONV_UP","GSE14415_FOXP3_KO_NATURAL_TREG_VS_TCONV_UP","22/2154","171/21355",0.139966607796647,0.17561945169675,0.0523530250150583
"GSE37301_HEMATOPOIETIC_STEM_CELL_VS_LYMPHOID_PRIMED_MPP_DN","GSE37301_HEMATOPOIETIC_STEM_CELL_VS_LYMPHOID_PRIMED_MPP_DN","22/2154","171/21355",0.139966607796647,0.17561945169675,0.0523530250150583
"GSE13485_CTRL_VS_DAY3_YF17D_VACCINE_PBMC_UP","GSE13485_CTRL_VS_DAY3_YF17D_VACCINE_PBMC_UP","24/2154","189/21355",0.141571936777706,0.177503019309566,0.0529145258135099
"GSE21546_UNSTIM_VS_ANTI_CD3_STIM_SAP1A_KO_AND_ELK1_KO_DP_THYMOCYTES_UP","GSE21546_UNSTIM_VS_ANTI_CD3_STIM_SAP1A_KO_AND_ELK1_KO_DP_THYMOCYTES_UP","24/2154","189/21355",0.141571936777706,0.177503019309566,0.0529145258135099
"GSE21927_SPLEEN_MONOCYTE_VS_GMCSF_GCSF_BONE_MARROW_UP","GSE21927_SPLEEN_MONOCYTE_VS_GMCSF_GCSF_BONE_MARROW_UP","24/2154","189/21355",0.141571936777706,0.177503019309566,0.0529145258135099
"GSE11864_UNTREATED_VS_CSF1_PAM3CYS_IN_MAC_DN","GSE11864_UNTREATED_VS_CSF1_PAM3CYS_IN_MAC_DN","25/2154","198/21355",0.142127992363962,0.177547135342521,0.0529276770205915
"GSE13306_TREG_VS_TCONV_UP","GSE13306_TREG_VS_TCONV_UP","25/2154","198/21355",0.142127992363962,0.177547135342521,0.0529276770205915
"GSE15330_HSC_VS_LYMPHOID_PRIMED_MULTIPOTENT_PROGENITOR_IKAROS_KO_UP","GSE15330_HSC_VS_LYMPHOID_PRIMED_MULTIPOTENT_PROGENITOR_IKAROS_KO_UP","25/2154","198/21355",0.142127992363962,0.177547135342521,0.0529276770205915
"GSE15659_RESTING_VS_ACTIVATED_TREG_DN","GSE15659_RESTING_VS_ACTIVATED_TREG_DN","25/2154","198/21355",0.142127992363962,0.177547135342521,0.0529276770205915
"GSE17186_MEMORY_VS_CD21HIGH_TRANSITIONAL_BCELL_UP","GSE17186_MEMORY_VS_CD21HIGH_TRANSITIONAL_BCELL_UP","25/2154","198/21355",0.142127992363962,0.177547135342521,0.0529276770205915
"GSE17721_LPS_VS_CPG_4H_BMDC_DN","GSE17721_LPS_VS_CPG_4H_BMDC_DN","25/2154","198/21355",0.142127992363962,0.177547135342521,0.0529276770205915
"GSE22611_UNSTIM_VS_2H_MDP_STIM_NOD2_TRANSDUCED_HEK293T_CELL_DN","GSE22611_UNSTIM_VS_2H_MDP_STIM_NOD2_TRANSDUCED_HEK293T_CELL_DN","25/2154","198/21355",0.142127992363962,0.177547135342521,0.0529276770205915
"GSE22886_NAIVE_CD8_TCELL_VS_NKCELL_UP","GSE22886_NAIVE_CD8_TCELL_VS_NKCELL_UP","25/2154","198/21355",0.142127992363962,0.177547135342521,0.0529276770205915
"GSE28726_NAIVE_CD4_TCELL_VS_NAIVE_VA24NEG_NKTCELL_DN","GSE28726_NAIVE_CD4_TCELL_VS_NAIVE_VA24NEG_NKTCELL_DN","25/2154","198/21355",0.142127992363962,0.177547135342521,0.0529276770205915
"GSE28737_WT_VS_BCL6_KO_MARGINAL_ZONE_BCELL_DN","GSE28737_WT_VS_BCL6_KO_MARGINAL_ZONE_BCELL_DN","25/2154","198/21355",0.142127992363962,0.177547135342521,0.0529276770205915
"GSE30962_PRIMARY_VS_SECONDARY_CHRONIC_LCMV_INF_CD8_TCELL_UP","GSE30962_PRIMARY_VS_SECONDARY_CHRONIC_LCMV_INF_CD8_TCELL_UP","25/2154","198/21355",0.142127992363962,0.177547135342521,0.0529276770205915
"GSE32423_MEMORY_VS_NAIVE_CD8_TCELL_IL7_IL4_UP","GSE32423_MEMORY_VS_NAIVE_CD8_TCELL_IL7_IL4_UP","25/2154","198/21355",0.142127992363962,0.177547135342521,0.0529276770205915
"GSE32986_GMCSF_VS_GMCSF_AND_CURDLAN_HIGHDOSE_STIM_DC_DN","GSE32986_GMCSF_VS_GMCSF_AND_CURDLAN_HIGHDOSE_STIM_DC_DN","25/2154","198/21355",0.142127992363962,0.177547135342521,0.0529276770205915
"GSE3982_CENT_MEMORY_CD4_TCELL_VS_NKCELL_UP","GSE3982_CENT_MEMORY_CD4_TCELL_VS_NKCELL_UP","25/2154","198/21355",0.142127992363962,0.177547135342521,0.0529276770205915
"GSE9006_HEALTHY_VS_TYPE_2_DIABETES_PBMC_AT_DX_DN","GSE9006_HEALTHY_VS_TYPE_2_DIABETES_PBMC_AT_DX_DN","25/2154","198/21355",0.142127992363962,0.177547135342521,0.0529276770205915
"GSE2770_UNTREATED_VS_TGFB_AND_IL4_TREATED_ACT_CD4_TCELL_48H_UP","GSE2770_UNTREATED_VS_TGFB_AND_IL4_TREATED_ACT_CD4_TCELL_48H_UP","20/2154","154/21355",0.14392606870798,0.179749386737641,0.0535841790268571
"GSE17974_0H_VS_0.5H_IN_VITRO_ACT_CD4_TCELL_DN","GSE17974_0H_VS_0.5H_IN_VITRO_ACT_CD4_TCELL_DN","24/2154","190/21355",0.147388790686715,0.183090958425018,0.0545803180333776
"GSE17974_IL4_AND_ANTI_IL12_VS_UNTREATED_2H_ACT_CD4_TCELL_DN","GSE17974_IL4_AND_ANTI_IL12_VS_UNTREATED_2H_ACT_CD4_TCELL_DN","24/2154","190/21355",0.147388790686715,0.183090958425018,0.0545803180333776
"GSE41867_DAY15_EFFECTOR_VS_DAY30_MEMORY_CD8_TCELL_LCMV_ARMSTRONG_DN","GSE41867_DAY15_EFFECTOR_VS_DAY30_MEMORY_CD8_TCELL_LCMV_ARMSTRONG_DN","24/2154","190/21355",0.147388790686715,0.183090958425018,0.0545803180333776
"GSE11057_CD4_EFF_MEM_VS_PBMC_UP","GSE11057_CD4_EFF_MEM_VS_PBMC_UP","25/2154","199/21355",0.147819181767744,0.183090958425018,0.0545803180333776
"GSE13411_NAIVE_BCELL_VS_PLASMA_CELL_DN","GSE13411_NAIVE_BCELL_VS_PLASMA_CELL_DN","25/2154","199/21355",0.147819181767744,0.183090958425018,0.0545803180333776
"GSE15330_GRANULOCYTE_MONOCYTE_PROGENITOR_VS_PRO_BCELL_UP","GSE15330_GRANULOCYTE_MONOCYTE_PROGENITOR_VS_PRO_BCELL_UP","25/2154","199/21355",0.147819181767744,0.183090958425018,0.0545803180333776
"GSE15930_STIM_VS_STIM_AND_TRICHOSTATINA_72H_CD8_T_CELL_DN","GSE15930_STIM_VS_STIM_AND_TRICHOSTATINA_72H_CD8_T_CELL_DN","25/2154","199/21355",0.147819181767744,0.183090958425018,0.0545803180333776
"GSE17721_LPS_VS_CPG_24H_BMDC_UP","GSE17721_LPS_VS_CPG_24H_BMDC_UP","25/2154","199/21355",0.147819181767744,0.183090958425018,0.0545803180333776
"GSE19401_RETINOIC_ACID_VS_RETINOIC_ACID_AND_PAM2CSK4_STIM_FOLLICULAR_DC_DN","GSE19401_RETINOIC_ACID_VS_RETINOIC_ACID_AND_PAM2CSK4_STIM_FOLLICULAR_DC_DN","25/2154","199/21355",0.147819181767744,0.183090958425018,0.0545803180333776
"GSE19888_CTRL_VS_A3R_ACT_TREATED_MAST_CELL_PRETREATED_WITH_A3R_INH_UP","GSE19888_CTRL_VS_A3R_ACT_TREATED_MAST_CELL_PRETREATED_WITH_A3R_INH_UP","25/2154","199/21355",0.147819181767744,0.183090958425018,0.0545803180333776
"GSE20198_UNTREATED_VS_IFNA_TREATED_ACT_CD4_TCELL_UP","GSE20198_UNTREATED_VS_IFNA_TREATED_ACT_CD4_TCELL_UP","25/2154","199/21355",0.147819181767744,0.183090958425018,0.0545803180333776
"GSE20198_UNTREATED_VS_IL12_IL18_TREATED_ACT_CD4_TCELL_DN","GSE20198_UNTREATED_VS_IL12_IL18_TREATED_ACT_CD4_TCELL_DN","25/2154","199/21355",0.147819181767744,0.183090958425018,0.0545803180333776
"GSE20366_EX_VIVO_VS_DEC205_CONVERSION_UP","GSE20366_EX_VIVO_VS_DEC205_CONVERSION_UP","25/2154","199/21355",0.147819181767744,0.183090958425018,0.0545803180333776
"GSE21360_PRIMARY_VS_SECONDARY_MEMORY_CD8_TCELL_DN","GSE21360_PRIMARY_VS_SECONDARY_MEMORY_CD8_TCELL_DN","25/2154","199/21355",0.147819181767744,0.183090958425018,0.0545803180333776
"GSE21546_WT_VS_SAP1A_KO_AND_ELK1_KO_ANTI_CD3_STIM_DP_THYMOCYTES_UP","GSE21546_WT_VS_SAP1A_KO_AND_ELK1_KO_ANTI_CD3_STIM_DP_THYMOCYTES_UP","25/2154","199/21355",0.147819181767744,0.183090958425018,0.0545803180333776
"GSE21670_UNTREATED_VS_TGFB_TREATED_STAT3_KO_CD4_TCELL_UP","GSE21670_UNTREATED_VS_TGFB_TREATED_STAT3_KO_CD4_TCELL_UP","25/2154","199/21355",0.147819181767744,0.183090958425018,0.0545803180333776
"GSE22432_PDC_VS_TGFB1_TREATEDCOMMON_DC_PROGENITOR_UP","GSE22432_PDC_VS_TGFB1_TREATEDCOMMON_DC_PROGENITOR_UP","25/2154","199/21355",0.147819181767744,0.183090958425018,0.0545803180333776
"GSE22589_HEALTHY_VS_SIV_INFECTED_DC_DN","GSE22589_HEALTHY_VS_SIV_INFECTED_DC_DN","25/2154","199/21355",0.147819181767744,0.183090958425018,0.0545803180333776
"GSE22611_MUTANT_NOD2_TRANSDUCED_VS_CTRL_HEK293T_STIMULATED_WITH_MDP_6H_DN","GSE22611_MUTANT_NOD2_TRANSDUCED_VS_CTRL_HEK293T_STIMULATED_WITH_MDP_6H_DN","25/2154","199/21355",0.147819181767744,0.183090958425018,0.0545803180333776
"GSE24210_CTRL_VS_IL35_TREATED_TCONV_CD4_TCELL_DN","GSE24210_CTRL_VS_IL35_TREATED_TCONV_CD4_TCELL_DN","25/2154","199/21355",0.147819181767744,0.183090958425018,0.0545803180333776
"GSE27786_NKTCELL_VS_ERYTHROBLAST_UP","GSE27786_NKTCELL_VS_ERYTHROBLAST_UP","25/2154","199/21355",0.147819181767744,0.183090958425018,0.0545803180333776
"GSE31082_DP_VS_CD4_SP_THYMOCYTE_UP","GSE31082_DP_VS_CD4_SP_THYMOCYTE_UP","25/2154","199/21355",0.147819181767744,0.183090958425018,0.0545803180333776
"GSE33513_TCF7_KO_VS_HET_EARLY_THYMIC_PROGENITOR_UP","GSE33513_TCF7_KO_VS_HET_EARLY_THYMIC_PROGENITOR_UP","25/2154","199/21355",0.147819181767744,0.183090958425018,0.0545803180333776
"GSE37301_COMMON_LYMPHOID_PROGENITOR_VS_CD4_TCELL_DN","GSE37301_COMMON_LYMPHOID_PROGENITOR_VS_CD4_TCELL_DN","25/2154","199/21355",0.147819181767744,0.183090958425018,0.0545803180333776
"GSE37534_UNTREATED_VS_ROSIGLITAZONE_TREATED_CD4_TCELL_PPARG1_AND_FOXP3_TRASDUCED_DN","GSE37534_UNTREATED_VS_ROSIGLITAZONE_TREATED_CD4_TCELL_PPARG1_AND_FOXP3_TRASDUCED_DN","25/2154","199/21355",0.147819181767744,0.183090958425018,0.0545803180333776
"GSE3982_BCELL_VS_BASOPHIL_UP","GSE3982_BCELL_VS_BASOPHIL_UP","25/2154","199/21355",0.147819181767744,0.183090958425018,0.0545803180333776
"GSE40441_NRP1_POS_INDUCED_TREG_VS_NRP1_NEG_NATURAL_TREG_DN","GSE40441_NRP1_POS_INDUCED_TREG_VS_NRP1_NEG_NATURAL_TREG_DN","25/2154","199/21355",0.147819181767744,0.183090958425018,0.0545803180333776
"GSE40666_STAT1_KO_VS_STAT4_KO_CD8_TCELL_UP","GSE40666_STAT1_KO_VS_STAT4_KO_CD8_TCELL_UP","25/2154","199/21355",0.147819181767744,0.183090958425018,0.0545803180333776
"GSE42021_TCONV_PLN_VS_CD24INT_TCONV_THYMUS_UP","GSE42021_TCONV_PLN_VS_CD24INT_TCONV_THYMUS_UP","25/2154","199/21355",0.147819181767744,0.183090958425018,0.0545803180333776
"GSE43863_TFH_VS_LY6C_INT_CXCR5POS_EFFECTOR_CD4_TCELL_DN","GSE43863_TFH_VS_LY6C_INT_CXCR5POS_EFFECTOR_CD4_TCELL_DN","25/2154","199/21355",0.147819181767744,0.183090958425018,0.0545803180333776
"GSE44649_WT_VS_MIR155_KO_ACTIVATED_CD8_TCELL_DN","GSE44649_WT_VS_MIR155_KO_ACTIVATED_CD8_TCELL_DN","25/2154","199/21355",0.147819181767744,0.183090958425018,0.0545803180333776
"GSE4748_CTRL_VS_LPS_STIM_DC_3H_DN","GSE4748_CTRL_VS_LPS_STIM_DC_3H_DN","25/2154","199/21355",0.147819181767744,0.183090958425018,0.0545803180333776
"GSE8621_UNSTIM_VS_LPS_PRIMED_AND_LPS_STIM_MACROPHAGE_UP","GSE8621_UNSTIM_VS_LPS_PRIMED_AND_LPS_STIM_MACROPHAGE_UP","25/2154","199/21355",0.147819181767744,0.183090958425018,0.0545803180333776
"GSE9960_GRAM_NEG_VS_GRAM_NEG_AND_POS_SEPSIS_PBMC_DN","GSE9960_GRAM_NEG_VS_GRAM_NEG_AND_POS_SEPSIS_PBMC_DN","25/2154","199/21355",0.147819181767744,0.183090958425018,0.0545803180333776
"GSE10500_ARTHRITIC_SYNOVIAL_FLUID_VS_HEALTHY_MACROPHAGE_UP","GSE10500_ARTHRITIC_SYNOVIAL_FLUID_VS_HEALTHY_MACROPHAGE_UP","20/2154","155/21355",0.150472791004453,0.186332618165601,0.055546672795617
"GSE9946_MATURE_STIMULATORY_VS_LISTERIA_INF_MATURE_DC_UP","GSE9946_MATURE_STIMULATORY_VS_LISTERIA_INF_MATURE_DC_UP","17/2154","129/21355",0.153032221153965,0.187305512224165,0.0558366973145008
"GSE23114_PERITONEAL_CAVITY_B1A_BCELL_VS_SPLEEN_BCELL_UP","GSE23114_PERITONEAL_CAVITY_B1A_BCELL_VS_SPLEEN_BCELL_UP","24/2154","191/21355",0.153340749190689,0.187305512224165,0.0558366973145008
"GSE10239_MEMORY_VS_KLRG1INT_EFF_CD8_TCELL_DN","GSE10239_MEMORY_VS_KLRG1INT_EFF_CD8_TCELL_DN","25/2154","200/21355",0.153639608501495,0.187305512224165,0.0558366973145008
"GSE11961_PLASMA_CELL_DAY7_VS_GERMINAL_CENTER_BCELL_DAY40_UP","GSE11961_PLASMA_CELL_DAY7_VS_GERMINAL_CENTER_BCELL_DAY40_UP","25/2154","200/21355",0.153639608501495,0.187305512224165,0.0558366973145008
"GSE13306_TREG_VS_TCONV_SPLEEN_UP","GSE13306_TREG_VS_TCONV_SPLEEN_UP","25/2154","200/21355",0.153639608501495,0.187305512224165,0.0558366973145008
"GSE1448_CTRL_VS_ANTI_VALPHA2_DP_THYMOCYTE_DN","GSE1448_CTRL_VS_ANTI_VALPHA2_DP_THYMOCYTE_DN","25/2154","200/21355",0.153639608501495,0.187305512224165,0.0558366973145008
"GSE15330_GRANULOCYTE_MONOCYTE_PROGENITOR_VS_PRO_BCELL_DN","GSE15330_GRANULOCYTE_MONOCYTE_PROGENITOR_VS_PRO_BCELL_DN","25/2154","200/21355",0.153639608501495,0.187305512224165,0.0558366973145008
"GSE15330_WT_VS_IKAROS_KO_MEGAKARYOCYTE_ERYTHROID_PROGENITOR_UP","GSE15330_WT_VS_IKAROS_KO_MEGAKARYOCYTE_ERYTHROID_PROGENITOR_UP","25/2154","200/21355",0.153639608501495,0.187305512224165,0.0558366973145008
"GSE15750_WT_VS_TRAF6KO_DAY6_EFF_CD8_TCELL_DN","GSE15750_WT_VS_TRAF6KO_DAY6_EFF_CD8_TCELL_DN","25/2154","200/21355",0.153639608501495,0.187305512224165,0.0558366973145008
"GSE16385_MONOCYTE_VS_12H_IL4_TREATED_MACROPHAGE_DN","GSE16385_MONOCYTE_VS_12H_IL4_TREATED_MACROPHAGE_DN","25/2154","200/21355",0.153639608501495,0.187305512224165,0.0558366973145008
"GSE17721_12H_VS_24H_PAM3CSK4_BMDC_UP","GSE17721_12H_VS_24H_PAM3CSK4_BMDC_UP","25/2154","200/21355",0.153639608501495,0.187305512224165,0.0558366973145008
"GSE17721_CPG_VS_GARDIQUIMOD_2H_BMDC_DN","GSE17721_CPG_VS_GARDIQUIMOD_2H_BMDC_DN","25/2154","200/21355",0.153639608501495,0.187305512224165,0.0558366973145008
"GSE17721_CTRL_VS_LPS_4H_BMDC_DN","GSE17721_CTRL_VS_LPS_4H_BMDC_DN","25/2154","200/21355",0.153639608501495,0.187305512224165,0.0558366973145008
"GSE17721_CTRL_VS_PAM3CSK4_0.5H_BMDC_DN","GSE17721_CTRL_VS_PAM3CSK4_0.5H_BMDC_DN","25/2154","200/21355",0.153639608501495,0.187305512224165,0.0558366973145008
"GSE17721_PAM3CSK4_VS_CPG_0.5H_BMDC_DN","GSE17721_PAM3CSK4_VS_CPG_0.5H_BMDC_DN","25/2154","200/21355",0.153639608501495,0.187305512224165,0.0558366973145008
"GSE17721_PAM3CSK4_VS_GADIQUIMOD_1H_BMDC_UP","GSE17721_PAM3CSK4_VS_GADIQUIMOD_1H_BMDC_UP","25/2154","200/21355",0.153639608501495,0.187305512224165,0.0558366973145008
"GSE17721_POLYIC_VS_CPG_12H_BMDC_UP","GSE17721_POLYIC_VS_CPG_12H_BMDC_UP","25/2154","200/21355",0.153639608501495,0.187305512224165,0.0558366973145008
"GSE17721_POLYIC_VS_PAM3CSK4_2H_BMDC_DN","GSE17721_POLYIC_VS_PAM3CSK4_2H_BMDC_DN","25/2154","200/21355",0.153639608501495,0.187305512224165,0.0558366973145008
"GSE18893_CTRL_VS_TNF_TREATED_TCONV_24H_UP","GSE18893_CTRL_VS_TNF_TREATED_TCONV_24H_UP","25/2154","200/21355",0.153639608501495,0.187305512224165,0.0558366973145008
"GSE18893_TCONV_VS_TREG_2H_TNF_STIM_UP","GSE18893_TCONV_VS_TREG_2H_TNF_STIM_UP","25/2154","200/21355",0.153639608501495,0.187305512224165,0.0558366973145008
"GSE20198_IL12_IL18_VS_IFNA_TREATED_ACT_CD4_TCELL_UP","GSE20198_IL12_IL18_VS_IFNA_TREATED_ACT_CD4_TCELL_UP","25/2154","200/21355",0.153639608501495,0.187305512224165,0.0558366973145008
"GSE20366_TREG_VS_NAIVE_CD4_TCELL_DEC205_CONVERSION_DN","GSE20366_TREG_VS_NAIVE_CD4_TCELL_DEC205_CONVERSION_DN","25/2154","200/21355",0.153639608501495,0.187305512224165,0.0558366973145008
"GSE21063_3H_VS_16H_ANTI_IGM_STIM_BCELL_UP","GSE21063_3H_VS_16H_ANTI_IGM_STIM_BCELL_UP","25/2154","200/21355",0.153639608501495,0.187305512224165,0.0558366973145008
"GSE2128_C57BL6_VS_NOD_CD4CD8_DP_THYMOCYTE_DN","GSE2128_C57BL6_VS_NOD_CD4CD8_DP_THYMOCYTE_DN","25/2154","200/21355",0.153639608501495,0.187305512224165,0.0558366973145008
"GSE21380_TFH_VS_GERMINAL_CENTER_TFH_CD4_TCELL_UP","GSE21380_TFH_VS_GERMINAL_CENTER_TFH_CD4_TCELL_UP","25/2154","200/21355",0.153639608501495,0.187305512224165,0.0558366973145008
"GSE21546_ELK1_KO_VS_SAP1A_KO_AND_ELK1_KO_ANTI_CD3_STIM_DP_THYMOCYTES_DN","GSE21546_ELK1_KO_VS_SAP1A_KO_AND_ELK1_KO_ANTI_CD3_STIM_DP_THYMOCYTES_DN","25/2154","200/21355",0.153639608501495,0.187305512224165,0.0558366973145008
"GSE21546_WT_VS_SAP1A_KO_ANTI_CD3_STIM_DP_THYMOCYTES_DN","GSE21546_WT_VS_SAP1A_KO_ANTI_CD3_STIM_DP_THYMOCYTES_DN","25/2154","200/21355",0.153639608501495,0.187305512224165,0.0558366973145008
"GSE21670_STAT3_KO_VS_WT_CD4_TCELL_IL6_TREATED_DN","GSE21670_STAT3_KO_VS_WT_CD4_TCELL_IL6_TREATED_DN","25/2154","200/21355",0.153639608501495,0.187305512224165,0.0558366973145008
"GSE21670_STAT3_KO_VS_WT_CD4_TCELL_TGFB_IL6_TREATED_UP","GSE21670_STAT3_KO_VS_WT_CD4_TCELL_TGFB_IL6_TREATED_UP","25/2154","200/21355",0.153639608501495,0.187305512224165,0.0558366973145008
"GSE22033_UNTREATED_VS_ROSIGLITAZONE_TREATED_MEF_UP","GSE22033_UNTREATED_VS_ROSIGLITAZONE_TREATED_MEF_UP","25/2154","200/21355",0.153639608501495,0.187305512224165,0.0558366973145008
"GSE22935_24H_VS_48H_MBOVIS_BCG_STIM_MACROPHAGE_UP","GSE22935_24H_VS_48H_MBOVIS_BCG_STIM_MACROPHAGE_UP","25/2154","200/21355",0.153639608501495,0.187305512224165,0.0558366973145008
"GSE22935_UNSTIM_VS_48H_MBOVIS_BCG_STIM_MYD88_KO_MACROPHAGE_DN","GSE22935_UNSTIM_VS_48H_MBOVIS_BCG_STIM_MYD88_KO_MACROPHAGE_DN","25/2154","200/21355",0.153639608501495,0.187305512224165,0.0558366973145008
"GSE22935_WT_VS_MYD88_KO_MACROPHAGE_24H_MBOVIS_BCG_STIM_UP","GSE22935_WT_VS_MYD88_KO_MACROPHAGE_24H_MBOVIS_BCG_STIM_UP","25/2154","200/21355",0.153639608501495,0.187305512224165,0.0558366973145008
"GSE22935_WT_VS_MYD88_KO_MACROPHAGE_DN","GSE22935_WT_VS_MYD88_KO_MACROPHAGE_DN","25/2154","200/21355",0.153639608501495,0.187305512224165,0.0558366973145008
"GSE23505_IL6_IL1_VS_IL6_IL1_TGFB_TREATED_CD4_TCELL_UP","GSE23505_IL6_IL1_VS_IL6_IL1_TGFB_TREATED_CD4_TCELL_UP","25/2154","200/21355",0.153639608501495,0.187305512224165,0.0558366973145008
"GSE24026_PD1_LIGATION_VS_CTRL_IN_ACT_TCELL_LINE_DN","GSE24026_PD1_LIGATION_VS_CTRL_IN_ACT_TCELL_LINE_DN","25/2154","200/21355",0.153639608501495,0.187305512224165,0.0558366973145008
"GSE24634_TREG_VS_TCONV_POST_DAY3_IL4_CONVERSION_UP","GSE24634_TREG_VS_TCONV_POST_DAY3_IL4_CONVERSION_UP","25/2154","200/21355",0.153639608501495,0.187305512224165,0.0558366973145008
"GSE27092_WT_VS_HDAC7_PHOSPHO_DEFICIENT_CD8_TCELL_UP","GSE27092_WT_VS_HDAC7_PHOSPHO_DEFICIENT_CD8_TCELL_UP","25/2154","200/21355",0.153639608501495,0.187305512224165,0.0558366973145008
"GSE2770_UNTREATED_VS_ACT_CD4_TCELL_6H_UP","GSE2770_UNTREATED_VS_ACT_CD4_TCELL_6H_UP","25/2154","200/21355",0.153639608501495,0.187305512224165,0.0558366973145008
"GSE28737_WT_VS_BCL6_HET_FOLLICULAR_BCELL_UP","GSE28737_WT_VS_BCL6_HET_FOLLICULAR_BCELL_UP","25/2154","200/21355",0.153639608501495,0.187305512224165,0.0558366973145008
"GSE29164_DAY3_VS_DAY7_CD8_TCELL_AND_IL12_TREATED_MELANOMA_DN","GSE29164_DAY3_VS_DAY7_CD8_TCELL_AND_IL12_TREATED_MELANOMA_DN","25/2154","200/21355",0.153639608501495,0.187305512224165,0.0558366973145008
"GSE29164_DAY3_VS_DAY7_CD8_TCELL_TREATED_MELANOMA_DN","GSE29164_DAY3_VS_DAY7_CD8_TCELL_TREATED_MELANOMA_DN","25/2154","200/21355",0.153639608501495,0.187305512224165,0.0558366973145008
"GSE3039_CD4_TCELL_VS_ALPHAALPHA_CD8_TCELL_DN","GSE3039_CD4_TCELL_VS_ALPHAALPHA_CD8_TCELL_DN","25/2154","200/21355",0.153639608501495,0.187305512224165,0.0558366973145008
"GSE33162_HDAC3_KO_VS_HDAC3_KO_4H_LPS_STIM_MACROPHAGE_DN","GSE33162_HDAC3_KO_VS_HDAC3_KO_4H_LPS_STIM_MACROPHAGE_DN","25/2154","200/21355",0.153639608501495,0.187305512224165,0.0558366973145008
"GSE369_IFNG_KO_VS_WT_LIVER_DN","GSE369_IFNG_KO_VS_WT_LIVER_DN","25/2154","200/21355",0.153639608501495,0.187305512224165,0.0558366973145008
"GSE37301_MULTIPOTENT_PROGENITOR_VS_RAG2_KO_NK_CELL_DN","GSE37301_MULTIPOTENT_PROGENITOR_VS_RAG2_KO_NK_CELL_DN","25/2154","200/21355",0.153639608501495,0.187305512224165,0.0558366973145008
"GSE39152_CD103_NEG_VS_POS_MEMORY_CD8_TCELL_DN","GSE39152_CD103_NEG_VS_POS_MEMORY_CD8_TCELL_DN","25/2154","200/21355",0.153639608501495,0.187305512224165,0.0558366973145008
"GSE3982_BASOPHIL_VS_EFF_MEMORY_CD4_TCELL_UP","GSE3982_BASOPHIL_VS_EFF_MEMORY_CD4_TCELL_UP","25/2154","200/21355",0.153639608501495,0.187305512224165,0.0558366973145008
"GSE3982_CTRL_VS_LPS_4H_MAC_UP","GSE3982_CTRL_VS_LPS_4H_MAC_UP","25/2154","200/21355",0.153639608501495,0.187305512224165,0.0558366973145008
"GSE3982_DC_VS_CENT_MEMORY_CD4_TCELL_DN","GSE3982_DC_VS_CENT_MEMORY_CD4_TCELL_DN","25/2154","200/21355",0.153639608501495,0.187305512224165,0.0558366973145008
"GSE39820_CTRL_VS_TGFBETA3_IL6_IL23A_CD4_TCELL_UP","GSE39820_CTRL_VS_TGFBETA3_IL6_IL23A_CD4_TCELL_UP","25/2154","200/21355",0.153639608501495,0.187305512224165,0.0558366973145008
"GSE41176_UNSTIM_VS_ANTI_IGM_STIM_TAK1_KO_BCELL_6H_DN","GSE41176_UNSTIM_VS_ANTI_IGM_STIM_TAK1_KO_BCELL_6H_DN","25/2154","200/21355",0.153639608501495,0.187305512224165,0.0558366973145008
"GSE41978_KLRG1_HIGH_VS_LOW_EFFECTOR_CD8_TCELL_UP","GSE41978_KLRG1_HIGH_VS_LOW_EFFECTOR_CD8_TCELL_UP","25/2154","200/21355",0.153639608501495,0.187305512224165,0.0558366973145008
"GSE41978_WT_VS_ID2_KO_AND_BIM_KO_KLRG1_LOW_EFFECTOR_CD8_TCELL_UP","GSE41978_WT_VS_ID2_KO_AND_BIM_KO_KLRG1_LOW_EFFECTOR_CD8_TCELL_UP","25/2154","200/21355",0.153639608501495,0.187305512224165,0.0558366973145008
"GSE43955_TH0_VS_TGFB_IL6_TH17_ACT_CD4_TCELL_20H_DN","GSE43955_TH0_VS_TGFB_IL6_TH17_ACT_CD4_TCELL_20H_DN","25/2154","200/21355",0.153639608501495,0.187305512224165,0.0558366973145008
"GSE5589_IL6_KO_VS_IL10_KO_LPS_AND_IL10_STIM_MACROPHAGE_180MIN_DN","GSE5589_IL6_KO_VS_IL10_KO_LPS_AND_IL10_STIM_MACROPHAGE_180MIN_DN","25/2154","200/21355",0.153639608501495,0.187305512224165,0.0558366973145008
"GSE5589_WT_VS_IL10_KO_LPS_AND_IL6_STIM_MACROPHAGE_45MIN_DN","GSE5589_WT_VS_IL10_KO_LPS_AND_IL6_STIM_MACROPHAGE_45MIN_DN","25/2154","200/21355",0.153639608501495,0.187305512224165,0.0558366973145008
"GSE5679_PPARG_LIGAND_ROSIGLITAZONE_VS_RARA_AGONIST_AM580_TREATED_DC_UP","GSE5679_PPARG_LIGAND_ROSIGLITAZONE_VS_RARA_AGONIST_AM580_TREATED_DC_UP","25/2154","200/21355",0.153639608501495,0.187305512224165,0.0558366973145008
"GSE7460_FOXP3_MUT_VS_WT_ACT_WITH_TGFB_TCONV_UP","GSE7460_FOXP3_MUT_VS_WT_ACT_WITH_TGFB_TCONV_UP","25/2154","200/21355",0.153639608501495,0.187305512224165,0.0558366973145008
"GSE7568_CTRL_VS_24H_TGFB_TREATED_MACROPHAGES_WITH_IL4_AND_DEXAMETHASONE_DN","GSE7568_CTRL_VS_24H_TGFB_TREATED_MACROPHAGES_WITH_IL4_AND_DEXAMETHASONE_DN","25/2154","200/21355",0.153639608501495,0.187305512224165,0.0558366973145008
"GSE8685_IL2_ACT_IL2_STARVED_VS_IL15_ACT_IL2_STARVED_CD4_TCELL_DN","GSE8685_IL2_ACT_IL2_STARVED_VS_IL15_ACT_IL2_STARVED_CD4_TCELL_DN","25/2154","200/21355",0.153639608501495,0.187305512224165,0.0558366973145008
"GSE8685_IL2_STARVED_VS_IL15_ACT_IL2_STARVED_CD4_TCELL_DN","GSE8685_IL2_STARVED_VS_IL15_ACT_IL2_STARVED_CD4_TCELL_DN","25/2154","200/21355",0.153639608501495,0.187305512224165,0.0558366973145008
"GSE9037_CTRL_VS_LPS_4H_STIM_BMDM_DN","GSE9037_CTRL_VS_LPS_4H_STIM_BMDM_DN","25/2154","200/21355",0.153639608501495,0.187305512224165,0.0558366973145008
"GSE9037_WT_VS_IRAK4_KO_LPS_1H_STIM_BMDM_DN","GSE9037_WT_VS_IRAK4_KO_LPS_1H_STIM_BMDM_DN","25/2154","200/21355",0.153639608501495,0.187305512224165,0.0558366973145008
"GSE9650_EXHAUSTED_VS_MEMORY_CD8_TCELL_UP","GSE9650_EXHAUSTED_VS_MEMORY_CD8_TCELL_UP","25/2154","200/21355",0.153639608501495,0.187305512224165,0.0558366973145008
"FRANCO_BLOOD_SANOFI_PASTEUR_SA_INACTIVATED_INFLUENZA_VACCINE_CORRELATED_WITH_ANTIBODY_RESPONSE_AGE_18_40YO_1DY_NEGATIVE","FRANCO_BLOOD_SANOFI_PASTEUR_SA_INACTIVATED_INFLUENZA_VACCINE_CORRELATED_WITH_ANTIBODY_RESPONSE_AGE_18_40YO_1DY_NEGATIVE","4/2154","21/21355",0.155347806245587,0.189297743883148,0.0564305914012368
"SOBOLEV_PBMC_PANDEMRIX_AGE_18_64YO_HIGH_VS_LOW_RESPONDERS_MEDIUM_HIGH_ADVERSE_EVENTS_SCORE_1DY_CORRELATED_WITH_TRANSITIONAL_B_CELLS_UP","SOBOLEV_PBMC_PANDEMRIX_AGE_18_64YO_HIGH_VS_LOW_RESPONDERS_MEDIUM_HIGH_ADVERSE_EVENTS_SCORE_1DY_CORRELATED_WITH_TRANSITIONAL_B_CELLS_UP","4/2154","21/21355",0.155347806245587,0.189297743883148,0.0564305914012368
"GSE6269_E_COLI_VS_STAPH_AUREUS_INF_PBMC_UP","GSE6269_E_COLI_VS_STAPH_AUREUS_INF_PBMC_UP","20/2154","156/21355",0.157183067826111,0.191442836063579,0.0570700539635939
"GSE7568_CTRL_VS_3H_TGFB_TREATED_MACROPHAGES_WITH_IL4_AND_DEXAMETHASONE_UP","GSE7568_CTRL_VS_3H_TGFB_TREATED_MACROPHAGES_WITH_IL4_AND_DEXAMETHASONE_UP","20/2154","156/21355",0.157183067826111,0.191442836063579,0.0570700539635939
"GSE1791_CTRL_VS_NEUROMEDINU_IN_T_CELL_LINE_12H_DN","GSE1791_CTRL_VS_NEUROMEDINU_IN_T_CELL_LINE_12H_DN","24/2154","192/21355",0.159426529803502,0.194082820686978,0.05785704640488
"GSE1925_CTRL_VS_3H_IFNG_STIM_IFNG_PRIMED_MACROPHAGE_UP","GSE1925_CTRL_VS_3H_IFNG_STIM_IFNG_PRIMED_MACROPHAGE_UP","24/2154","192/21355",0.159426529803502,0.194082820686978,0.05785704640488
"FRANCO_BLOOD_SANOFI_PASTEUR_SA_INACTIVATED_INFLUENZA_VACCINE_CORRELATED_WITH_ANTIBODY_RESPONSE_AGE_18_40YO_0DY_NEGATIVE","FRANCO_BLOOD_SANOFI_PASTEUR_SA_INACTIVATED_INFLUENZA_VACCINE_CORRELATED_WITH_ANTIBODY_RESPONSE_AGE_18_40YO_0DY_NEGATIVE","3/2154","14/21355",0.161282935128205,0.196296036017737,0.0585168168144528
"PATEL_SKIN_OF_BODY_ZOSTAVAX_AGE_70_93YO_VZV_CHALLENGED_POST_VACCINATION_VS_UNCHALLENGED_72HR_TOP_30_DEG_UP","PATEL_SKIN_OF_BODY_ZOSTAVAX_AGE_70_93YO_VZV_CHALLENGED_POST_VACCINATION_VS_UNCHALLENGED_72HR_TOP_30_DEG_UP","5/2154","29/21355",0.162438752291713,0.197655721196461,0.0589221456745911
"QI_PBMC_ZOSTAVAX_AGE_50_75YO_CORRELATED_WITH_28D_PEAK_T_CELL_RESPONSE_14DY_NEGATIVE","QI_PBMC_ZOSTAVAX_AGE_50_75YO_CORRELATED_WITH_28D_PEAK_T_CELL_RESPONSE_14DY_NEGATIVE","6/2154","37/21355",0.164248388405141,0.199810137976561,0.0595643879461147
"GSE13887_RESTING_VS_NO_TREATED_CD4_TCELL_DN","GSE13887_RESTING_VS_NO_TREATED_CD4_TCELL_DN","15/2154","113/21355",0.164511496588086,0.200082607529706,0.0596456124642066
"GSE18791_UNSTIM_VS_NEWCATSLE_VIRUS_DC_1H_DN","GSE18791_UNSTIM_VS_NEWCATSLE_VIRUS_DC_1H_DN","24/2154","193/21355",0.165644674617902,0.201412894487832,0.0600421775697408
"GSE37534_GW1929_VS_ROSIGLITAZONE_TREATED_CD4_TCELL_PPARG1_FOXP3_TRANSDUCED_UP","GSE37534_GW1929_VS_ROSIGLITAZONE_TREATED_CD4_TCELL_PPARG1_FOXP3_TRANSDUCED_UP","21/2154","167/21355",0.171570041839345,0.208568146439508,0.0621751934788326
"GSE20727_CTRL_VS_DNFB_ALLERGEN_TREATED_DC_DN","GSE20727_CTRL_VS_DNFB_ALLERGEN_TREATED_DC_DN","24/2154","194/21355",0.171993551988765,0.208933958498112,0.0622842438583316
"GSE24574_BCL6_LOW_TFH_VS_TCONV_CD4_TCELL_UP","GSE24574_BCL6_LOW_TFH_VS_TCONV_CD4_TCELL_UP","24/2154","194/21355",0.171993551988765,0.208933958498112,0.0622842438583316
"GSE26928_EFF_MEMORY_VS_CXCR5_POS_CD4_TCELL_DN","GSE26928_EFF_MEMORY_VS_CXCR5_POS_CD4_TCELL_DN","24/2154","194/21355",0.171993551988765,0.208933958498112,0.0622842438583316
"GSE37605_TREG_VS_TCONV_NOD_FOXP3_FUSION_GFP_UP","GSE37605_TREG_VS_TCONV_NOD_FOXP3_FUSION_GFP_UP","19/2154","150/21355",0.17777597945951,0.215907026835267,0.0643629499330842
"GSE19198_CTRL_VS_IL21_TREATED_TCELL_1H_UP","GSE19198_CTRL_VS_IL21_TREATED_TCELL_1H_UP","24/2154","195/21355",0.178471358628396,0.21649443811791,0.0645380601345864
"GSE29618_LAIV_VS_TIV_FLU_VACCINE_DAY7_MONOCYTE_DN","GSE29618_LAIV_VS_TIV_FLU_VACCINE_DAY7_MONOCYTE_DN","24/2154","195/21355",0.178471358628396,0.21649443811791,0.0645380601345864
"GSE40666_STAT1_KO_VS_STAT4_KO_CD8_TCELL_WITH_IFNA_STIM_90MIN_UP","GSE40666_STAT1_KO_VS_STAT4_KO_CD8_TCELL_WITH_IFNA_STIM_90MIN_UP","24/2154","195/21355",0.178471358628396,0.21649443811791,0.0645380601345864
"GSE45365_CD8A_DC_VS_CD11B_DC_IFNAR_KO_UP","GSE45365_CD8A_DC_VS_CD11B_DC_IFNAR_KO_UP","24/2154","195/21355",0.178471358628396,0.21649443811791,0.0645380601345864
"GSE9960_HEALTHY_VS_SEPSIS_PBMC_UP","GSE9960_HEALTHY_VS_SEPSIS_PBMC_UP","24/2154","195/21355",0.178471358628396,0.21649443811791,0.0645380601345864
"FULLER_PBMC_F_TULARENSIS_VACCINE_LVS_AGE_22_54YO_18HR_TO_48HR_EARLY_DN","FULLER_PBMC_F_TULARENSIS_VACCINE_LVS_AGE_22_54YO_18HR_TO_48HR_EARLY_DN","6/2154","38/21355",0.179534280613016,0.217680525675682,0.0648916386874299
"SCHERER_PBMC_APSV_WETVAX_AGE_18_32YO_2_TO_4DY_DN","SCHERER_PBMC_APSV_WETVAX_AGE_18_32YO_2_TO_4DY_DN","6/2154","38/21355",0.179534280613016,0.217680525675682,0.0648916386874299
"ANDERSON_BLOOD_CN54GP140_ADJUVANTED_WITH_GLA_AF_AGE_18_45YO_6HR_DN","ANDERSON_BLOOD_CN54GP140_ADJUVANTED_WITH_GLA_AF_AGE_18_45YO_6HR_DN","9/2154","63/21355",0.180806783380178,0.219171428028177,0.0653360840344634
"GSE32901_TH1_VS_TH17_NEG_CD4_TCELL_DN","GSE32901_TH1_VS_TH17_NEG_CD4_TCELL_DN","16/2154","124/21355",0.182952005771306,0.221719271274872,0.0660956086767507
"GSE17974_IL4_AND_ANTI_IL12_VS_UNTREATED_48H_ACT_CD4_TCELL_DN","GSE17974_IL4_AND_ANTI_IL12_VS_UNTREATED_48H_ACT_CD4_TCELL_DN","24/2154","196/21355",0.185076122105084,0.223974961496638,0.0667680410608936
"GSE21033_CTRL_VS_POLYIC_STIM_DC_1H_UP","GSE21033_CTRL_VS_POLYIC_STIM_DC_1H_UP","24/2154","196/21355",0.185076122105084,0.223974961496638,0.0667680410608936
"GSE22611_MUTANT_NOD2_VS_CTRL_TRANSDUCED_HEK293T_CELL_DN","GSE22611_MUTANT_NOD2_VS_CTRL_TRANSDUCED_HEK293T_CELL_DN","24/2154","196/21355",0.185076122105084,0.223974961496638,0.0667680410608936
"GSE22611_NOD2_TRANSD_VS_CTRL_TRANSD_HEK293_MDP_STIM_2H_UP","GSE22611_NOD2_TRANSD_VS_CTRL_TRANSD_HEK293_MDP_STIM_2H_UP","24/2154","196/21355",0.185076122105084,0.223974961496638,0.0667680410608936
"GSE22886_IGA_VS_IGM_MEMORY_BCELL_UP","GSE22886_IGA_VS_IGM_MEMORY_BCELL_UP","24/2154","196/21355",0.185076122105084,0.223974961496638,0.0667680410608936
"GSE29618_PRE_VS_DAY7_FLU_VACCINE_BCELL_DN","GSE29618_PRE_VS_DAY7_FLU_VACCINE_BCELL_DN","24/2154","196/21355",0.185076122105084,0.223974961496638,0.0667680410608936
"GSE40274_CTRL_VS_FOXP3_AND_EOS_TRANSDUCED_ACTIVATED_CD4_TCELL_DN","GSE40274_CTRL_VS_FOXP3_AND_EOS_TRANSDUCED_ACTIVATED_CD4_TCELL_DN","20/2154","160/21355",0.185613776363689,0.224519337248058,0.0669303221582114
"GSE40274_CTRL_VS_FOXP3_AND_IRF4_TRANSDUCED_ACTIVATED_CD4_TCELL_UP","GSE40274_CTRL_VS_FOXP3_AND_IRF4_TRANSDUCED_ACTIVATED_CD4_TCELL_UP","20/2154","160/21355",0.185613776363689,0.224519337248058,0.0669303221582114
"GSE40274_SATB1_VS_FOXP3_AND_SATB1_TRANSDUCED_ACTIVATED_CD4_TCELL_UP","GSE40274_SATB1_VS_FOXP3_AND_SATB1_TRANSDUCED_ACTIVATED_CD4_TCELL_UP","21/2154","169/21355",0.185703628472252,0.224574894129286,0.0669468839386098
"HARALAMBIEVA_PBMC_TIV_AGE_50_74YO_CORRELATED_WITH_MEMORY_B_CELL_RESPONSE_3DY_POSITIVE","HARALAMBIEVA_PBMC_TIV_AGE_50_74YO_CORRELATED_WITH_MEMORY_B_CELL_RESPONSE_3DY_POSITIVE","3/2154","15/21355",0.187356995893991,0.22652076613998,0.0675269579854635
"GSE13411_PLASMA_CELL_VS_MEMORY_BCELL_UP","GSE13411_PLASMA_CELL_VS_MEMORY_BCELL_UP","24/2154","197/21355",0.191805703734838,0.231516185834804,0.0690161172426932
"GSE1791_CTRL_VS_NEUROMEDINU_IN_T_CELL_LINE_0.8H_UP","GSE1791_CTRL_VS_NEUROMEDINU_IN_T_CELL_LINE_0.8H_UP","24/2154","197/21355",0.191805703734838,0.231516185834804,0.0690161172426932
"GSE22025_UNTREATED_VS_TGFB1_AND_PROGESTERONE_TREATED_CD4_TCELL_DN","GSE22025_UNTREATED_VS_TGFB1_AND_PROGESTERONE_TREATED_CD4_TCELL_DN","24/2154","197/21355",0.191805703734838,0.231516185834804,0.0690161172426932
"GSE22601_DOUBLE_NEGATIVE_VS_DOUBLE_POSITIVE_THYMOCYTE_UP","GSE22601_DOUBLE_NEGATIVE_VS_DOUBLE_POSITIVE_THYMOCYTE_UP","24/2154","197/21355",0.191805703734838,0.231516185834804,0.0690161172426932
"GSE22886_TH1_VS_TH2_12H_ACT_DN","GSE22886_TH1_VS_TH2_12H_ACT_DN","24/2154","197/21355",0.191805703734838,0.231516185834804,0.0690161172426932
"GSE360_L_MAJOR_VS_T_GONDII_MAC_UP","GSE360_L_MAJOR_VS_T_GONDII_MAC_UP","24/2154","197/21355",0.191805703734838,0.231516185834804,0.0690161172426932
"GSE45365_CD8A_DC_VS_CD11B_DC_IFNAR_KO_MCMV_INFECTION_UP","GSE45365_CD8A_DC_VS_CD11B_DC_IFNAR_KO_MCMV_INFECTION_UP","24/2154","197/21355",0.191805703734838,0.231516185834804,0.0690161172426932
"GSE43863_NAIVE_VS_MEMORY_TH1_CD4_TCELL_D150_LCMV_UP","GSE43863_NAIVE_VS_MEMORY_TH1_CD4_TCELL_D150_LCMV_UP","23/2154","188/21355",0.19231653082308,0.232077984918199,0.0691835923212353
"GSE12366_GC_VS_MEMORY_BCELL_UP","GSE12366_GC_VS_MEMORY_BCELL_UP","24/2154","198/21355",0.198657801854959,0.238940800019856,0.071229431362523
"GSE15330_HSC_VS_LYMPHOID_PRIMED_MULTIPOTENT_PROGENITOR_IKAROS_KO_DN","GSE15330_HSC_VS_LYMPHOID_PRIMED_MULTIPOTENT_PROGENITOR_IKAROS_KO_DN","24/2154","198/21355",0.198657801854959,0.238940800019856,0.071229431362523
"GSE17974_0H_VS_24H_IN_VITRO_ACT_CD4_TCELL_DN","GSE17974_0H_VS_24H_IN_VITRO_ACT_CD4_TCELL_DN","24/2154","198/21355",0.198657801854959,0.238940800019856,0.071229431362523
"GSE17974_0H_VS_48H_IN_VITRO_ACT_CD4_TCELL_DN","GSE17974_0H_VS_48H_IN_VITRO_ACT_CD4_TCELL_DN","24/2154","198/21355",0.198657801854959,0.238940800019856,0.071229431362523
"GSE22886_TH1_VS_TH2_48H_ACT_UP","GSE22886_TH1_VS_TH2_48H_ACT_UP","24/2154","198/21355",0.198657801854959,0.238940800019856,0.071229431362523
"GSE23321_CD8_STEM_CELL_MEMORY_VS_NAIVE_CD8_TCELL_UP","GSE23321_CD8_STEM_CELL_MEMORY_VS_NAIVE_CD8_TCELL_UP","24/2154","198/21355",0.198657801854959,0.238940800019856,0.071229431362523
"GSE29618_LAIV_VS_TIV_FLU_VACCINE_DAY7_BCELL_UP","GSE29618_LAIV_VS_TIV_FLU_VACCINE_DAY7_BCELL_UP","24/2154","198/21355",0.198657801854959,0.238940800019856,0.071229431362523
"GSE29949_MICROGLIA_BRAIN_VS_CD8_NEG_DC_SPLEEN_DN","GSE29949_MICROGLIA_BRAIN_VS_CD8_NEG_DC_SPLEEN_DN","24/2154","198/21355",0.198657801854959,0.238940800019856,0.071229431362523
"GSE32423_CTRL_VS_IL7_MEMORY_CD8_TCELL_UP","GSE32423_CTRL_VS_IL7_MEMORY_CD8_TCELL_UP","24/2154","198/21355",0.198657801854959,0.238940800019856,0.071229431362523
"GSE360_T_GONDII_VS_B_MALAYI_HIGH_DOSE_DC_UP","GSE360_T_GONDII_VS_B_MALAYI_HIGH_DOSE_DC_UP","24/2154","198/21355",0.198657801854959,0.238940800019856,0.071229431362523
"GSE3982_EFF_MEMORY_CD4_TCELL_VS_NKCELL_UP","GSE3982_EFF_MEMORY_CD4_TCELL_VS_NKCELL_UP","24/2154","198/21355",0.198657801854959,0.238940800019856,0.071229431362523
"GSE3982_EFF_MEMORY_CD4_TCELL_VS_TH1_UP","GSE3982_EFF_MEMORY_CD4_TCELL_VS_TH1_UP","24/2154","198/21355",0.198657801854959,0.238940800019856,0.071229431362523
"GSE3982_MAC_VS_CENT_MEMORY_CD4_TCELL_DN","GSE3982_MAC_VS_CENT_MEMORY_CD4_TCELL_DN","24/2154","198/21355",0.198657801854959,0.238940800019856,0.071229431362523
"GSE6875_TCONV_VS_TREG_UP","GSE6875_TCONV_VS_TREG_UP","24/2154","198/21355",0.198657801854959,0.238940800019856,0.071229431362523
"GSE26488_HDAC7_KO_VS_VP16_TRANSGENIC_HDAC7_KO_DOUBLE_POSITIVE_THYMOCYTE_UP","GSE26488_HDAC7_KO_VS_VP16_TRANSGENIC_HDAC7_KO_DOUBLE_POSITIVE_THYMOCYTE_UP","23/2154","189/21355",0.199347408311295,0.239657488524724,0.0714430797417935
"GSE26928_EFF_MEMORY_VS_CXCR5_POS_CD4_TCELL_UP","GSE26928_EFF_MEMORY_VS_CXCR5_POS_CD4_TCELL_UP","23/2154","189/21355",0.199347408311295,0.239657488524724,0.0714430797417935
"GSE15624_CTRL_VS_3H_HALOFUGINONE_TREATED_CD4_TCELL_DN","GSE15624_CTRL_VS_3H_HALOFUGINONE_TREATED_CD4_TCELL_DN","21/2154","171/21355",0.200409162143897,0.240877302783673,0.0718067123906571
"GSE2770_IL12_VS_TGFB_AND_IL12_TREATED_ACT_CD4_TCELL_2H_DN","GSE2770_IL12_VS_TGFB_AND_IL12_TREATED_ACT_CD4_TCELL_2H_DN","20/2154","162/21355",0.200743667452205,0.241222649044212,0.0719096618147795
"GSE10239_MEMORY_VS_KLRG1HIGH_EFF_CD8_TCELL_UP","GSE10239_MEMORY_VS_KLRG1HIGH_EFF_CD8_TCELL_UP","24/2154","199/21355",0.20562995546692,0.24565092577158,0.0732297529552633
"GSE10240_IL17_VS_IL17_AND_IL22_STIM_PRIMARY_BRONCHIAL_EPITHELIAL_CELLS_DN","GSE10240_IL17_VS_IL17_AND_IL22_STIM_PRIMARY_BRONCHIAL_EPITHELIAL_CELLS_DN","24/2154","199/21355",0.20562995546692,0.24565092577158,0.0732297529552633
"GSE11961_PLASMA_CELL_DAY7_VS_GERMINAL_CENTER_BCELL_DAY40_DN","GSE11961_PLASMA_CELL_DAY7_VS_GERMINAL_CENTER_BCELL_DAY40_DN","24/2154","199/21355",0.20562995546692,0.24565092577158,0.0732297529552633
"GSE12845_PRE_GC_VS_DARKZONE_GC_TONSIL_BCELL_DN","GSE12845_PRE_GC_VS_DARKZONE_GC_TONSIL_BCELL_DN","24/2154","199/21355",0.20562995546692,0.24565092577158,0.0732297529552633
"GSE14308_NAIVE_CD4_TCELL_VS_NATURAL_TREG_UP","GSE14308_NAIVE_CD4_TCELL_VS_NATURAL_TREG_UP","24/2154","199/21355",0.20562995546692,0.24565092577158,0.0732297529552633
"GSE16386_IL4_VS_IL4_AND_ROSIGLITAZONE_STIM_MACROPHAGE_6H_UP","GSE16386_IL4_VS_IL4_AND_ROSIGLITAZONE_STIM_MACROPHAGE_6H_UP","24/2154","199/21355",0.20562995546692,0.24565092577158,0.0732297529552633
"GSE17721_CPG_VS_GARDIQUIMOD_0.5H_BMDC_UP","GSE17721_CPG_VS_GARDIQUIMOD_0.5H_BMDC_UP","24/2154","199/21355",0.20562995546692,0.24565092577158,0.0732297529552633
"GSE19941_UNSTIM_VS_LPS_AND_IL10_STIM_IL10_KO_MACROPHAGE_UP","GSE19941_UNSTIM_VS_LPS_AND_IL10_STIM_IL10_KO_MACROPHAGE_UP","24/2154","199/21355",0.20562995546692,0.24565092577158,0.0732297529552633
"GSE21063_WT_VS_NFATC1_KO_3H_ANTI_IGM_STIM_BCELL_UP","GSE21063_WT_VS_NFATC1_KO_3H_ANTI_IGM_STIM_BCELL_UP","24/2154","199/21355",0.20562995546692,0.24565092577158,0.0732297529552633
"GSE21670_STAT3_KO_VS_WT_CD4_TCELL_TGFB_TREATED_DN","GSE21670_STAT3_KO_VS_WT_CD4_TCELL_TGFB_TREATED_DN","24/2154","199/21355",0.20562995546692,0.24565092577158,0.0732297529552633
"GSE27786_LIN_NEG_VS_NEUTROPHIL_UP","GSE27786_LIN_NEG_VS_NEUTROPHIL_UP","24/2154","199/21355",0.20562995546692,0.24565092577158,0.0732297529552633
"GSE29617_CTRL_VS_DAY3_TIV_FLU_VACCINE_PBMC_2008_DN","GSE29617_CTRL_VS_DAY3_TIV_FLU_VACCINE_PBMC_2008_DN","24/2154","199/21355",0.20562995546692,0.24565092577158,0.0732297529552633
"GSE29618_PRE_VS_DAY7_POST_LAIV_FLU_VACCINE_BCELL_DN","GSE29618_PRE_VS_DAY7_POST_LAIV_FLU_VACCINE_BCELL_DN","24/2154","199/21355",0.20562995546692,0.24565092577158,0.0732297529552633
"GSE30083_SP2_VS_SP3_THYMOCYTE_UP","GSE30083_SP2_VS_SP3_THYMOCYTE_UP","24/2154","199/21355",0.20562995546692,0.24565092577158,0.0732297529552633
"GSE32423_IL7_VS_IL7_IL4_NAIVE_CD8_TCELL_UP","GSE32423_IL7_VS_IL7_IL4_NAIVE_CD8_TCELL_UP","24/2154","199/21355",0.20562995546692,0.24565092577158,0.0732297529552633
"GSE369_SOCS3_KO_VS_WT_LIVER_DN","GSE369_SOCS3_KO_VS_WT_LIVER_DN","24/2154","199/21355",0.20562995546692,0.24565092577158,0.0732297529552633
"GSE3982_EFF_MEMORY_CD4_TCELL_VS_TH2_UP","GSE3982_EFF_MEMORY_CD4_TCELL_VS_TH2_UP","24/2154","199/21355",0.20562995546692,0.24565092577158,0.0732297529552633
"GSE40666_UNTREATED_VS_IFNA_STIM_CD8_TCELL_90MIN_DN","GSE40666_UNTREATED_VS_IFNA_STIM_CD8_TCELL_90MIN_DN","24/2154","199/21355",0.20562995546692,0.24565092577158,0.0732297529552633
"GSE41867_NAIVE_VS_DAY30_LCMV_ARMSTRONG_MEMORY_CD8_TCELL_DN","GSE41867_NAIVE_VS_DAY30_LCMV_ARMSTRONG_MEMORY_CD8_TCELL_DN","24/2154","199/21355",0.20562995546692,0.24565092577158,0.0732297529552633
"GSE41867_NAIVE_VS_DAY30_LCMV_ARMSTRONG_MEMORY_CD8_TCELL_UP","GSE41867_NAIVE_VS_DAY30_LCMV_ARMSTRONG_MEMORY_CD8_TCELL_UP","24/2154","199/21355",0.20562995546692,0.24565092577158,0.0732297529552633
"GSE5455_HEALTHY_VS_TUMOR_BEARING_MOUSE_SPLEEN_MONOCYTE_24H_INCUBATION_UP","GSE5455_HEALTHY_VS_TUMOR_BEARING_MOUSE_SPLEEN_MONOCYTE_24H_INCUBATION_UP","24/2154","199/21355",0.20562995546692,0.24565092577158,0.0732297529552633
"GSE5589_IL6_KO_VS_IL10_KO_LPS_STIM_MACROPHAGE_45MIN_DN","GSE5589_IL6_KO_VS_IL10_KO_LPS_STIM_MACROPHAGE_45MIN_DN","24/2154","199/21355",0.20562995546692,0.24565092577158,0.0732297529552633
"GSE5589_WT_VS_IL6_KO_LPS_AND_IL6_STIM_MACROPHAGE_45MIN_UP","GSE5589_WT_VS_IL6_KO_LPS_AND_IL6_STIM_MACROPHAGE_45MIN_UP","24/2154","199/21355",0.20562995546692,0.24565092577158,0.0732297529552633
"GSE5960_TH1_VS_ANERGIC_TH1_UP","GSE5960_TH1_VS_ANERGIC_TH1_UP","24/2154","199/21355",0.20562995546692,0.24565092577158,0.0732297529552633
"GSE8515_CTRL_VS_IL1_4H_STIM_MAC_UP","GSE8515_CTRL_VS_IL1_4H_STIM_MAC_UP","24/2154","199/21355",0.20562995546692,0.24565092577158,0.0732297529552633
"QI_PBMC_ZOSTAVAX_AGE_50_75YO_CORRELATED_WITH_EXPANSION_OF_VZV_SPECIFIC_T_CELLS_TO_PEAK_AT_1DY_NEGATIVE","QI_PBMC_ZOSTAVAX_AGE_50_75YO_CORRELATED_WITH_EXPANSION_OF_VZV_SPECIFIC_T_CELLS_TO_PEAK_AT_1DY_NEGATIVE","17/2154","136/21355",0.209199755944682,0.249857125004709,0.0744836416990373
"ANDERSON_BLOOD_CN54GP140_ADJUVANTED_WITH_GLA_AF_AGE_18_45YO_3DY_UP","ANDERSON_BLOOD_CN54GP140_ADJUVANTED_WITH_GLA_AF_AGE_18_45YO_3DY_UP","6/2154","40/21355",0.211688970484804,0.251709106717243,0.0750357265847774
"GSE1112_OT1_VS_HY_CD8AB_THYMOCYTE_RTOC_CULTURE_DN","GSE1112_OT1_VS_HY_CD8AB_THYMOCYTE_RTOC_CULTURE_DN","24/2154","200/21355",0.212719548234932,0.251709106717243,0.0750357265847774
"GSE11961_MEMORY_BCELL_DAY7_VS_GERMINAL_CENTER_BCELL_DAY40_UP","GSE11961_MEMORY_BCELL_DAY7_VS_GERMINAL_CENTER_BCELL_DAY40_UP","24/2154","200/21355",0.212719548234932,0.251709106717243,0.0750357265847774
"GSE14308_TH17_VS_INDUCED_TREG_DN","GSE14308_TH17_VS_INDUCED_TREG_DN","24/2154","200/21355",0.212719548234932,0.251709106717243,0.0750357265847774
"GSE14769_UNSTIM_VS_20MIN_LPS_BMDM_DN","GSE14769_UNSTIM_VS_20MIN_LPS_BMDM_DN","24/2154","200/21355",0.212719548234932,0.251709106717243,0.0750357265847774
"GSE17721_CTRL_VS_GARDIQUIMOD_1H_BMDC_DN","GSE17721_CTRL_VS_GARDIQUIMOD_1H_BMDC_DN","24/2154","200/21355",0.212719548234932,0.251709106717243,0.0750357265847774
"GSE17721_LPS_VS_GARDIQUIMOD_2H_BMDC_DN","GSE17721_LPS_VS_GARDIQUIMOD_2H_BMDC_DN","24/2154","200/21355",0.212719548234932,0.251709106717243,0.0750357265847774
"GSE17721_LPS_VS_GARDIQUIMOD_8H_BMDC_UP","GSE17721_LPS_VS_GARDIQUIMOD_8H_BMDC_UP","24/2154","200/21355",0.212719548234932,0.251709106717243,0.0750357265847774
"GSE17721_LPS_VS_PAM3CSK4_0.5H_BMDC_UP","GSE17721_LPS_VS_PAM3CSK4_0.5H_BMDC_UP","24/2154","200/21355",0.212719548234932,0.251709106717243,0.0750357265847774
"GSE17721_LPS_VS_POLYIC_6H_BMDC_UP","GSE17721_LPS_VS_POLYIC_6H_BMDC_UP","24/2154","200/21355",0.212719548234932,0.251709106717243,0.0750357265847774
"GSE17721_PAM3CSK4_VS_CPG_8H_BMDC_DN","GSE17721_PAM3CSK4_VS_CPG_8H_BMDC_DN","24/2154","200/21355",0.212719548234932,0.251709106717243,0.0750357265847774
"GSE17721_PAM3CSK4_VS_GADIQUIMOD_2H_BMDC_UP","GSE17721_PAM3CSK4_VS_GADIQUIMOD_2H_BMDC_UP","24/2154","200/21355",0.212719548234932,0.251709106717243,0.0750357265847774
"GSE17721_PAM3CSK4_VS_GADIQUIMOD_4H_BMDC_UP","GSE17721_PAM3CSK4_VS_GADIQUIMOD_4H_BMDC_UP","24/2154","200/21355",0.212719548234932,0.251709106717243,0.0750357265847774
"GSE17721_POLYIC_VS_GARDIQUIMOD_1H_BMDC_UP","GSE17721_POLYIC_VS_GARDIQUIMOD_1H_BMDC_UP","24/2154","200/21355",0.212719548234932,0.251709106717243,0.0750357265847774
"GSE19888_ADENOSINE_A3R_INH_VS_TCELL_MEMBRANES_ACT_MAST_CELL_DN","GSE19888_ADENOSINE_A3R_INH_VS_TCELL_MEMBRANES_ACT_MAST_CELL_DN","24/2154","200/21355",0.212719548234932,0.251709106717243,0.0750357265847774
"GSE20198_UNTREATED_VS_IL12_TREATED_ACT_CD4_TCELL_UP","GSE20198_UNTREATED_VS_IL12_TREATED_ACT_CD4_TCELL_UP","24/2154","200/21355",0.212719548234932,0.251709106717243,0.0750357265847774
"GSE21379_WT_VS_SAP_KO_TFH_CD4_TCELL_UP","GSE21379_WT_VS_SAP_KO_TFH_CD4_TCELL_UP","24/2154","200/21355",0.212719548234932,0.251709106717243,0.0750357265847774
"GSE21927_BALBC_VS_C57BL6_MONOCYTE_TUMOR_UP","GSE21927_BALBC_VS_C57BL6_MONOCYTE_TUMOR_UP","24/2154","200/21355",0.212719548234932,0.251709106717243,0.0750357265847774
"GSE22432_MULTIPOTENT_VS_COMMON_DC_PROGENITOR_DN","GSE22432_MULTIPOTENT_VS_COMMON_DC_PROGENITOR_DN","24/2154","200/21355",0.212719548234932,0.251709106717243,0.0750357265847774
"GSE22886_IGM_MEMORY_BCELL_VS_BLOOD_PLASMA_CELL_DN","GSE22886_IGM_MEMORY_BCELL_VS_BLOOD_PLASMA_CELL_DN","24/2154","200/21355",0.212719548234932,0.251709106717243,0.0750357265847774
"GSE25123_CTRL_VS_IL4_AND_ROSIGLITAZONE_STIM_MACROPHAGE_DN","GSE25123_CTRL_VS_IL4_AND_ROSIGLITAZONE_STIM_MACROPHAGE_DN","24/2154","200/21355",0.212719548234932,0.251709106717243,0.0750357265847774
"GSE27786_LSK_VS_LIN_NEG_CELL_DN","GSE27786_LSK_VS_LIN_NEG_CELL_DN","24/2154","200/21355",0.212719548234932,0.251709106717243,0.0750357265847774
"GSE27786_LSK_VS_NKCELL_UP","GSE27786_LSK_VS_NKCELL_UP","24/2154","200/21355",0.212719548234932,0.251709106717243,0.0750357265847774
"GSE27786_NKTCELL_VS_ERYTHROBLAST_DN","GSE27786_NKTCELL_VS_ERYTHROBLAST_DN","24/2154","200/21355",0.212719548234932,0.251709106717243,0.0750357265847774
"GSE28737_BCL6_HET_VS_BCL6_KO_MARGINAL_ZONE_BCELL_UP","GSE28737_BCL6_HET_VS_BCL6_KO_MARGINAL_ZONE_BCELL_UP","24/2154","200/21355",0.212719548234932,0.251709106717243,0.0750357265847774
"GSE34006_WT_VS_A2AR_KO_TREG_UP","GSE34006_WT_VS_A2AR_KO_TREG_UP","24/2154","200/21355",0.212719548234932,0.251709106717243,0.0750357265847774
"GSE360_DC_VS_MAC_L_MAJOR_UP","GSE360_DC_VS_MAC_L_MAJOR_UP","24/2154","200/21355",0.212719548234932,0.251709106717243,0.0750357265847774
"GSE37301_MULTIPOTENT_PROGENITOR_VS_CD4_TCELL_DN","GSE37301_MULTIPOTENT_PROGENITOR_VS_CD4_TCELL_DN","24/2154","200/21355",0.212719548234932,0.251709106717243,0.0750357265847774
"GSE3982_NKCELL_VS_TH2_DN","GSE3982_NKCELL_VS_TH2_DN","24/2154","200/21355",0.212719548234932,0.251709106717243,0.0750357265847774
"GSE4142_PLASMA_CELL_VS_MEMORY_BCELL_DN","GSE4142_PLASMA_CELL_VS_MEMORY_BCELL_DN","24/2154","200/21355",0.212719548234932,0.251709106717243,0.0750357265847774
"GSE42021_CD24INT_TREG_VS_CD24INT_TCONV_THYMUS_DN","GSE42021_CD24INT_TREG_VS_CD24INT_TCONV_THYMUS_DN","24/2154","200/21355",0.212719548234932,0.251709106717243,0.0750357265847774
"GSE43863_TH1_VS_TFH_EFFECTOR_CD4_TCELL_UP","GSE43863_TH1_VS_TFH_EFFECTOR_CD4_TCELL_UP","24/2154","200/21355",0.212719548234932,0.251709106717243,0.0750357265847774
"GSE43955_1H_VS_42H_ACT_CD4_TCELL_DN","GSE43955_1H_VS_42H_ACT_CD4_TCELL_DN","24/2154","200/21355",0.212719548234932,0.251709106717243,0.0750357265847774
"GSE43955_TGFB_IL6_VS_TGFB_IL6_IL23_TH17_ACT_CD4_TCELL_60H_DN","GSE43955_TGFB_IL6_VS_TGFB_IL6_IL23_TH17_ACT_CD4_TCELL_60H_DN","24/2154","200/21355",0.212719548234932,0.251709106717243,0.0750357265847774
"GSE46606_IRF4HIGH_VS_IRF4MID_CD40L_IL2_IL5_DAY1_STIMULATED_BCELL_DN","GSE46606_IRF4HIGH_VS_IRF4MID_CD40L_IL2_IL5_DAY1_STIMULATED_BCELL_DN","24/2154","200/21355",0.212719548234932,0.251709106717243,0.0750357265847774
"GSE46606_IRF4HIGH_VS_WT_CD40L_IL2_IL5_DAY1_STIMULATED_BCELL_DN","GSE46606_IRF4HIGH_VS_WT_CD40L_IL2_IL5_DAY1_STIMULATED_BCELL_DN","24/2154","200/21355",0.212719548234932,0.251709106717243,0.0750357265847774
"GSE5503_LIVER_DC_VS_SPLEEN_DC_ACTIVATED_ALLOGENIC_TCELL_DN","GSE5503_LIVER_DC_VS_SPLEEN_DC_ACTIVATED_ALLOGENIC_TCELL_DN","24/2154","200/21355",0.212719548234932,0.251709106717243,0.0750357265847774
"GSE5542_IFNA_VS_IFNA_AND_IFNG_TREATED_EPITHELIAL_CELLS_24H_DN","GSE5542_IFNA_VS_IFNA_AND_IFNG_TREATED_EPITHELIAL_CELLS_24H_DN","24/2154","200/21355",0.212719548234932,0.251709106717243,0.0750357265847774
"GSE5679_CTRL_VS_PPARG_LIGAND_ROSIGLITAZONE_TREATED_DC_UP","GSE5679_CTRL_VS_PPARG_LIGAND_ROSIGLITAZONE_TREATED_DC_UP","24/2154","200/21355",0.212719548234932,0.251709106717243,0.0750357265847774
"GSE8921_UNSTIM_0H_VS_TLR1_2_STIM_MONOCYTE_3H_UP","GSE8921_UNSTIM_0H_VS_TLR1_2_STIM_MONOCYTE_3H_UP","24/2154","200/21355",0.212719548234932,0.251709106717243,0.0750357265847774
"GSE17974_IL4_AND_ANTI_IL12_VS_UNTREATED_0.5H_ACT_CD4_TCELL_UP","GSE17974_IL4_AND_ANTI_IL12_VS_UNTREATED_0.5H_ACT_CD4_TCELL_UP","23/2154","191/21355",0.213781603667263,0.252907297443479,0.0753929131518538
"HOEK_MONOCYTE_2011_2012_TIV_ADULT_1DY_DN","HOEK_MONOCYTE_2011_2012_TIV_ADULT_1DY_DN","3/2154","16/21355",0.214409938293674,0.253591953387822,0.0755970124667908
"GSE4984_UNTREATED_VS_VEHICLE_CTRL_TREATED_DC_DN","GSE4984_UNTREATED_VS_VEHICLE_CTRL_TREATED_DC_DN","21/2154","173/21355",0.215661546453134,0.255013294869305,0.0760207213749788
"GSE5589_WT_VS_IL10_KO_LPS_AND_IL10_STIM_MACROPHAGE_180MIN_UP","GSE5589_WT_VS_IL10_KO_LPS_AND_IL10_STIM_MACROPHAGE_180MIN_UP","19/2154","155/21355",0.21710411120078,0.256659727299326,0.0765115310054709
"GSE12003_4D_VS_8D_CULTURE_BM_PROGENITOR_DN","GSE12003_4D_VS_8D_CULTURE_BM_PROGENITOR_DN","17/2154","137/21355",0.217919273335068,0.257563856810496,0.0767810564735087
"GSE32901_TH17_EMRICHED_VS_TH17_NEG_CD4_TCELL_UP","GSE32901_TH17_EMRICHED_VS_TH17_NEG_CD4_TCELL_UP","16/2154","128/21355",0.218006239543206,0.257607095628476,0.0767939461784786
"HOFT_CD4_POSITIVE_ALPHA_BETA_MEMORY_T_CELL_BCG_VACCINE_AGE_18_45YO_56D_TOP_100_DEG_AFTER_IN_VITRO_RE_STIMULATION_UP","HOFT_CD4_POSITIVE_ALPHA_BETA_MEMORY_T_CELL_BCG_VACCINE_AGE_18_45YO_56D_TOP_100_DEG_AFTER_IN_VITRO_RE_STIMULATION_UP","4/2154","24/21355",0.218670895778613,0.258332784222746,0.0770102775288041
"GSE19941_UNSTIM_VS_LPS_AND_IL10_STIM_IL10_KO_NFKBP50_KO_MACROPHAGE_UP","GSE19941_UNSTIM_VS_LPS_AND_IL10_STIM_IL10_KO_NFKBP50_KO_MACROPHAGE_UP","21/2154","174/21355",0.223484076312023,0.263957976942337,0.0786871752318658
"GSE14415_NATURAL_TREG_VS_FOXP3_KO_NATURAL_TREG_DN","GSE14415_NATURAL_TREG_VS_FOXP3_KO_NATURAL_TREG_DN","20/2154","165/21355",0.224505177084335,0.265102764533997,0.0790284420610471
"GSE4590_PRE_BCELL_VS_LARGE_PRE_BCELL_DN","GSE4590_PRE_BCELL_VS_LARGE_PRE_BCELL_DN","19/2154","156/21355",0.225414328895076,0.266114861149971,0.0793301530557111
"GSE2770_IL12_VS_IL4_TREATED_ACT_CD4_TCELL_2H_UP","GSE2770_IL12_VS_IL4_TREATED_ACT_CD4_TCELL_2H_UP","18/2154","147/21355",0.226188097096146,0.26696669908878,0.0795840901480342
"THAKAR_PBMC_INACTIVATED_INFLUENZA_AGE_70PLS_NONRESPONDER_2DY_UP","THAKAR_PBMC_INACTIVATED_INFLUENZA_AGE_70PLS_NONRESPONDER_2DY_UP","14/2154","111/21355",0.227224108232626,0.268127594136491,0.0799301586893346
"HOWARD_DENDRITIC_CELL_INACT_MONOV_INFLUENZA_A_INDONESIA_05_2005_H5N1_AGE_18_49YO_1DY_DN","HOWARD_DENDRITIC_CELL_INACT_MONOV_INFLUENZA_A_INDONESIA_05_2005_H5N1_AGE_18_49YO_1DY_DN","6/2154","41/21355",0.228467401769756,0.269532493135386,0.0803489660123398
"GSE13762_CTRL_VS_125_VITAMIND_DAY12_DC_UP","GSE13762_CTRL_VS_125_VITAMIND_DAY12_DC_UP","18/2154","148/21355",0.234915788259185,0.277075992011353,0.0825977202450799
"FULLER_PBMC_F_TULARENSIS_VACCINE_LVS_AGE_22_54YO_192HR_DN","FULLER_PBMC_F_TULARENSIS_VACCINE_LVS_AGE_22_54YO_192HR_DN","5/2154","33/21355",0.235605209009404,0.277825053889548,0.0828210192866616
"GSE1791_CTRL_VS_NEUROMEDINU_IN_T_CELL_LINE_0.8H_DN","GSE1791_CTRL_VS_NEUROMEDINU_IN_T_CELL_LINE_0.8H_DN","23/2154","194/21355",0.23631868868573,0.278281311665163,0.0829570319806389
"GSE17974_0.5H_VS_72H_UNTREATED_IN_VITRO_CD4_TCELL_UP","GSE17974_0.5H_VS_72H_UNTREATED_IN_VITRO_CD4_TCELL_UP","23/2154","194/21355",0.23631868868573,0.278281311665163,0.0829570319806389
"GSE19772_CTRL_VS_HCMV_INF_MONOCYTES_DN","GSE19772_CTRL_VS_HCMV_INF_MONOCYTES_DN","23/2154","194/21355",0.23631868868573,0.278281311665163,0.0829570319806389
"GSE27291_6H_VS_7D_STIM_GAMMADELTA_TCELL_UP","GSE27291_6H_VS_7D_STIM_GAMMADELTA_TCELL_UP","23/2154","194/21355",0.23631868868573,0.278281311665163,0.0829570319806389
"GSE29615_CTRL_VS_DAY3_LAIV_IFLU_VACCINE_PBMC_DN","GSE29615_CTRL_VS_DAY3_LAIV_IFLU_VACCINE_PBMC_DN","23/2154","194/21355",0.23631868868573,0.278281311665163,0.0829570319806389
"GSE29615_CTRL_VS_DAY7_LAIV_FLU_VACCINE_PBMC_UP","GSE29615_CTRL_VS_DAY7_LAIV_FLU_VACCINE_PBMC_UP","23/2154","194/21355",0.23631868868573,0.278281311665163,0.0829570319806389
"GSE12707_AT16L1_HYPOMORPH_VS_WT_THYMUS_DN","GSE12707_AT16L1_HYPOMORPH_VS_WT_THYMUS_DN","16/2154","130/21355",0.236567879702712,0.278510607626058,0.0830253862378728
"GSE25123_ROSIGLITAZONE_VS_IL4_AND_ROSIGLITAZONE_STIM_MACROPHAGE_DAY10_DN","GSE25123_ROSIGLITAZONE_VS_IL4_AND_ROSIGLITAZONE_STIM_MACROPHAGE_DAY10_DN","15/2154","121/21355",0.237092423001479,0.278999668309911,0.0831711776406376
"GSE40274_SATB1_VS_FOXP3_AND_SATB1_TRANSDUCED_ACTIVATED_CD4_TCELL_DN","GSE40274_SATB1_VS_FOXP3_AND_SATB1_TRANSDUCED_ACTIVATED_CD4_TCELL_DN","15/2154","121/21355",0.237092423001479,0.278999668309911,0.0831711776406376
"GSE21927_EL4_VS_MCA203_TUMOR_MONOCYTES_UP","GSE21927_EL4_VS_MCA203_TUMOR_MONOCYTES_UP","22/2154","185/21355",0.237934707901567,0.279926406235783,0.0834474427886427
"GSE40274_CTRL_VS_FOXP3_AND_XBP1_TRANSDUCED_ACTIVATED_CD4_TCELL_UP","GSE40274_CTRL_VS_FOXP3_AND_XBP1_TRANSDUCED_ACTIVATED_CD4_TCELL_UP","20/2154","167/21355",0.241010516374754,0.283479818317028,0.0845067324617448
"GSE26495_NAIVE_VS_PD1LOW_CD8_TCELL_UP","GSE26495_NAIVE_VS_PD1LOW_CD8_TCELL_UP","23/2154","195/21355",0.244054087472467,0.286861735459017,0.0855148986473399
"GSE3982_BCELL_VS_EFF_MEMORY_CD4_TCELL_DN","GSE3982_BCELL_VS_EFF_MEMORY_CD4_TCELL_DN","23/2154","195/21355",0.244054087472467,0.286861735459017,0.0855148986473399
"GSE45365_CTRL_VS_MCMV_INFECTION_NK_CELL_DN","GSE45365_CTRL_VS_MCMV_INFECTION_NK_CELL_DN","23/2154","195/21355",0.244054087472467,0.286861735459017,0.0855148986473399
"HARALAMBIEVA_PBMC_M_M_R_II_AGE_13_16YO_STIMULATED_VS_UNSTIMULATED_3_TO_7YR_POST_TOP_DEG_UP","HARALAMBIEVA_PBMC_M_M_R_II_AGE_13_16YO_STIMULATED_VS_UNSTIMULATED_3_TO_7YR_POST_TOP_DEG_UP","6/2154","42/21355",0.245650411338719,0.288605366078784,0.0860346835377478
"HOWARD_T_CELL_INACT_MONOV_INFLUENZA_A_INDONESIA_05_2005_H5N1_AGE_18_49YO_1DY_UP","HOWARD_T_CELL_INACT_MONOV_INFLUENZA_A_INDONESIA_05_2005_H5N1_AGE_18_49YO_1DY_UP","6/2154","42/21355",0.245650411338719,0.288605366078784,0.0860346835377478
"ANDERSON_BLOOD_CN54GP140_ADJUVANTED_WITH_GLA_AF_AGE_18_45YO_1DY_UP","ANDERSON_BLOOD_CN54GP140_ADJUVANTED_WITH_GLA_AF_AGE_18_45YO_1DY_UP","11/2154","86/21355",0.247538078199676,0.290756304579588,0.0866758889170521
"GSE11973_MIR223_KOVS_WT_BONE_MARROW_NEUTROPHIL_DN","GSE11973_MIR223_KOVS_WT_BONE_MARROW_NEUTROPHIL_DN","21/2154","177/21355",0.247690573635985,0.290868604272116,0.0867093660094545
"NAKAYA_PBMC_FLUARIX_FLUVIRIN_AGE_18_50YO_CORRELATED_WITH_HAI_28DY_RESPONSE_AT_3DY_NEGATIVE","NAKAYA_PBMC_FLUARIX_FLUVIRIN_AGE_18_50YO_CORRELATED_WITH_HAI_28DY_RESPONSE_AT_3DY_NEGATIVE","41/2154","364/21355",0.249201969802961,0.292576273617116,0.0872184306664302
"GSE22886_CD8_VS_CD4_NAIVE_TCELL_DN","GSE22886_CD8_VS_CD4_NAIVE_TCELL_DN","23/2154","196/21355",0.251895088648477,0.29539898813295,0.0880598957901968
"GSE27291_0H_VS_6H_STIM_GAMMADELTA_TCELL_DN","GSE27291_0H_VS_6H_STIM_GAMMADELTA_TCELL_DN","23/2154","196/21355",0.251895088648477,0.29539898813295,0.0880598957901968
"GSE27859_MACROPHAGE_VS_DC_DN","GSE27859_MACROPHAGE_VS_DC_DN","23/2154","196/21355",0.251895088648477,0.29539898813295,0.0880598957901968
"GSE37301_LYMPHOID_PRIMED_MPP_VS_CD4_TCELL_UP","GSE37301_LYMPHOID_PRIMED_MPP_VS_CD4_TCELL_UP","23/2154","196/21355",0.251895088648477,0.29539898813295,0.0880598957901968
"GSE42021_TREG_PLN_VS_CD24LO_TREG_THYMUS_UP","GSE42021_TREG_PLN_VS_CD24LO_TREG_THYMUS_UP","23/2154","196/21355",0.251895088648477,0.29539898813295,0.0880598957901968
"GSE21033_1H_VS_12H_POLYIC_STIM_DC_DN","GSE21033_1H_VS_12H_POLYIC_STIM_DC_DN","17/2154","141/21355",0.254324614404852,0.298179718746161,0.0888888453054529
"ANDERSON_BLOOD_CN54GP140_ADJUVANTED_WITH_GLA_AF_AGE_18_45YO_3DY_DN","ANDERSON_BLOOD_CN54GP140_ADJUVANTED_WITH_GLA_AF_AGE_18_45YO_3DY_DN","5/2154","34/21355",0.255183729944802,0.299118388630851,0.089168667429251
"FULLER_PBMC_F_TULARENSIS_VACCINE_LVS_AGE_22_54YO_48HR_UP","FULLER_PBMC_F_TULARENSIS_VACCINE_LVS_AGE_22_54YO_48HR_UP","8/2154","60/21355",0.255675303636327,0.299625905911652,0.0893199608346264
"GSE6259_FLT3L_INDUCED_DEC205_POS_DC_VS_CD4_TCELL_DN","GSE6259_FLT3L_INDUCED_DEC205_POS_DC_VS_CD4_TCELL_DN","16/2154","132/21355",0.255749588445382,0.299644281787635,0.089325438773919
"GSE36095_WT_VS_HDAC9_KO_TREG_DN","GSE36095_WT_VS_HDAC9_KO_TREG_DN","15/2154","123/21355",0.257027003438897,0.301071951565425,0.0897510341784585
"GSE20727_CTRL_VS_ROS_INH_AND_DNFB_ALLERGEN_TREATED_DC_DN","GSE20727_CTRL_VS_ROS_INH_AND_DNFB_ALLERGEN_TREATED_DC_DN","23/2154","197/21355",0.259837938378441,0.304085918729451,0.0906495126602457
"GSE24814_STAT5_KO_VS_WT_PRE_BCELL_UP","GSE24814_STAT5_KO_VS_WT_PRE_BCELL_UP","23/2154","197/21355",0.259837938378441,0.304085918729451,0.0906495126602457
"GSE360_L_MAJOR_VS_B_MALAYI_LOW_DOSE_MAC_UP","GSE360_L_MAJOR_VS_B_MALAYI_LOW_DOSE_MAC_UP","23/2154","197/21355",0.259837938378441,0.304085918729451,0.0906495126602457
"GSE4984_LPS_VS_VEHICLE_CTRL_TREATED_DC_UP","GSE4984_LPS_VS_VEHICLE_CTRL_TREATED_DC_UP","23/2154","197/21355",0.259837938378441,0.304085918729451,0.0906495126602457
"GSE29615_DAY3_VS_DAY7_LAIV_FLU_VACCINE_PBMC_UP","GSE29615_DAY3_VS_DAY7_LAIV_FLU_VACCINE_PBMC_UP","22/2154","188/21355",0.262120744609684,0.306687269379705,0.0914249881235269
"HARALAMBIEVA_PBMC_FLUARIX_AGE_50_74YO_CORR_WITH_28D_MEM_B_CELL_RESPONSE_AT_28DY_LATE_GENE_EXPR_INDIVID_GENE_MODELS_PRED_PEAK_B_CELL_ELISPOT_RESP_NEGATIVE","HARALAMBIEVA_PBMC_FLUARIX_AGE_50_74YO_CORR_WITH_28D_MEM_B_CELL_RESPONSE_AT_28DY_LATE_GENE_EXPR_INDIVID_GENE_MODELS_PRED_PEAK_B_CELL_ELISPOT_RESP_NEGATIVE","2/2154","10/21355",0.267250514262993,0.31247470373352,0.0931502508582123
"NAKAYA_PBMC_FLUMIST_AGE_18_50YO_7DY_IFN_SUBSET_DN","NAKAYA_PBMC_FLUMIST_AGE_18_50YO_7DY_IFN_SUBSET_DN","2/2154","10/21355",0.267250514262993,0.31247470373352,0.0931502508582123
"RECHTIEN_PBMC_RVSV_ZEBOV_AGE_18_55YO_1DY_UP","RECHTIEN_PBMC_RVSV_ZEBOV_AGE_18_55YO_1DY_UP","2/2154","10/21355",0.267250514262993,0.31247470373352,0.0931502508582123
"GSE18281_SUBCAPSULAR_CORTICAL_REGION_VS_WHOLE_CORTEX_THYMUS_DN","GSE18281_SUBCAPSULAR_CORTICAL_REGION_VS_WHOLE_CORTEX_THYMUS_DN","23/2154","198/21355",0.267878756321527,0.312494656872455,0.0931561989873727
"GSE1925_3H_VS_24H_IFNG_STIM_MACROPHAGE_UP","GSE1925_3H_VS_24H_IFNG_STIM_MACROPHAGE_UP","23/2154","198/21355",0.267878756321527,0.312494656872455,0.0931561989873727
"GSE21033_CTRL_VS_POLYIC_STIM_DC_1H_DN","GSE21033_CTRL_VS_POLYIC_STIM_DC_1H_DN","23/2154","198/21355",0.267878756321527,0.312494656872455,0.0931561989873727
"GSE22886_TCELL_VS_BCELL_NAIVE_DN","GSE22886_TCELL_VS_BCELL_NAIVE_DN","23/2154","198/21355",0.267878756321527,0.312494656872455,0.0931561989873727
"GSE24492_LYVE_NEG_VS_POS_MACROPHAGE_UP","GSE24492_LYVE_NEG_VS_POS_MACROPHAGE_UP","23/2154","198/21355",0.267878756321527,0.312494656872455,0.0931561989873727
"GSE26023_PHD3_KO_VS_WT_NEUTROPHIL_HYPOXIA_UP","GSE26023_PHD3_KO_VS_WT_NEUTROPHIL_HYPOXIA_UP","23/2154","198/21355",0.267878756321527,0.312494656872455,0.0931561989873727
"GSE29949_DC_BRAIN_VS_MONOCYTE_BONE_MARROW_DN","GSE29949_DC_BRAIN_VS_MONOCYTE_BONE_MARROW_DN","23/2154","198/21355",0.267878756321527,0.312494656872455,0.0931561989873727
"GSE360_L_MAJOR_VS_T_GONDII_DC_DN","GSE360_L_MAJOR_VS_T_GONDII_DC_DN","23/2154","198/21355",0.267878756321527,0.312494656872455,0.0931561989873727
"GSE37533_PPARG2_FOXP3_VS_FOXP3_TRANSDUCED_CD4_TCELL_PIOGLITAZONE_TREATED_DN","GSE37533_PPARG2_FOXP3_VS_FOXP3_TRANSDUCED_CD4_TCELL_PIOGLITAZONE_TREATED_DN","23/2154","198/21355",0.267878756321527,0.312494656872455,0.0931561989873727
"GSE41176_UNSTIM_VS_ANTI_IGM_STIM_BCELL_24H_UP","GSE41176_UNSTIM_VS_ANTI_IGM_STIM_BCELL_24H_UP","23/2154","198/21355",0.267878756321527,0.312494656872455,0.0931561989873727
"GSE25088_CTRL_VS_IL4_STIM_STAT6_KO_MACROPHAGE_DN","GSE25088_CTRL_VS_IL4_STIM_STAT6_KO_MACROPHAGE_DN","22/2154","189/21355",0.270390285918453,0.315352539211006,0.0940081478126009
"GSE6269_STAPH_AUREUS_VS_STREP_PNEUMO_INF_PBMC_DN","GSE6269_STAPH_AUREUS_VS_STREP_PNEUMO_INF_PBMC_DN","21/2154","180/21355",0.272916071344217,0.318225740657464,0.0948646633394769
"GSE15930_STIM_VS_STIM_AND_TRICHOSTATINA_24H_CD8_T_CELL_UP","GSE15930_STIM_VS_STIM_AND_TRICHOSTATINA_24H_CD8_T_CELL_UP","23/2154","199/21355",0.276013542796845,0.320959118562718,0.0956794967788641
"GSE17721_CTRL_VS_POLYIC_6H_BMDC_DN","GSE17721_CTRL_VS_POLYIC_6H_BMDC_DN","23/2154","199/21355",0.276013542796845,0.320959118562718,0.0956794967788641
"GSE18281_SUBCAPSULAR_VS_PERIMEDULLARY_CORTICAL_REGION_OF_THYMUS_DN","GSE18281_SUBCAPSULAR_VS_PERIMEDULLARY_CORTICAL_REGION_OF_THYMUS_DN","23/2154","199/21355",0.276013542796845,0.320959118562718,0.0956794967788641
"GSE20715_WT_VS_TLR4_KO_LUNG_DN","GSE20715_WT_VS_TLR4_KO_LUNG_DN","23/2154","199/21355",0.276013542796845,0.320959118562718,0.0956794967788641
"GSE21546_ELK1_KO_VS_SAP1A_KO_AND_ELK1_KO_ANTI_CD3_STIM_DP_THYMOCYTES_UP","GSE21546_ELK1_KO_VS_SAP1A_KO_AND_ELK1_KO_ANTI_CD3_STIM_DP_THYMOCYTES_UP","23/2154","199/21355",0.276013542796845,0.320959118562718,0.0956794967788641
"GSE22282_HYPOXIA_VS_NORMOXIA_MYELOID_DC_DN","GSE22282_HYPOXIA_VS_NORMOXIA_MYELOID_DC_DN","23/2154","199/21355",0.276013542796845,0.320959118562718,0.0956794967788641
"GSE22886_NAIVE_CD4_TCELL_VS_12H_ACT_TH1_DN","GSE22886_NAIVE_CD4_TCELL_VS_12H_ACT_TH1_DN","23/2154","199/21355",0.276013542796845,0.320959118562718,0.0956794967788641
"GSE2405_0H_VS_12H_A_PHAGOCYTOPHILUM_STIM_NEUTROPHIL_DN","GSE2405_0H_VS_12H_A_PHAGOCYTOPHILUM_STIM_NEUTROPHIL_DN","23/2154","199/21355",0.276013542796845,0.320959118562718,0.0956794967788641
"GSE36009_WT_VS_NLRP10_KO_DC_LPS_STIM_DN","GSE36009_WT_VS_NLRP10_KO_DC_LPS_STIM_DN","23/2154","199/21355",0.276013542796845,0.320959118562718,0.0956794967788641
"GSE3982_NEUTROPHIL_VS_EFF_MEMORY_CD4_TCELL_DN","GSE3982_NEUTROPHIL_VS_EFF_MEMORY_CD4_TCELL_DN","23/2154","199/21355",0.276013542796845,0.320959118562718,0.0956794967788641
"GSE41867_DAY15_EFFECTOR_VS_DAY30_MEMORY_CD8_TCELL_LCMV_ARMSTRONG_UP","GSE41867_DAY15_EFFECTOR_VS_DAY30_MEMORY_CD8_TCELL_LCMV_ARMSTRONG_UP","23/2154","199/21355",0.276013542796845,0.320959118562718,0.0956794967788641
"GSE5589_WT_VS_IL6_KO_LPS_AND_IL10_STIM_MACROPHAGE_45MIN_DN","GSE5589_WT_VS_IL6_KO_LPS_AND_IL10_STIM_MACROPHAGE_45MIN_DN","23/2154","199/21355",0.276013542796845,0.320959118562718,0.0956794967788641
"GSE19888_ADENOSINE_A3R_ACT_VS_TCELL_MEMBRANES_ACT_IN_MAST_CELL_DN","GSE19888_ADENOSINE_A3R_ACT_VS_TCELL_MEMBRANES_ACT_IN_MAST_CELL_DN","22/2154","190/21355",0.278756427628272,0.324074946444601,0.0966083404432009
"GSE10239_MEMORY_VS_DAY4.5_EFF_CD8_TCELL_DN","GSE10239_MEMORY_VS_DAY4.5_EFF_CD8_TCELL_DN","23/2154","200/21355",0.284238186157998,0.326659888924667,0.0973789245499948
"GSE10239_MEMORY_VS_KLRG1INT_EFF_CD8_TCELL_UP","GSE10239_MEMORY_VS_KLRG1INT_EFF_CD8_TCELL_UP","23/2154","200/21355",0.284238186157998,0.326659888924667,0.0973789245499948
"GSE11961_PLASMA_CELL_DAY7_VS_MEMORY_BCELL_DAY40_UP","GSE11961_PLASMA_CELL_DAY7_VS_MEMORY_BCELL_DAY40_UP","23/2154","200/21355",0.284238186157998,0.326659888924667,0.0973789245499948
"GSE12392_WT_VS_IFNB_KO_CD8A_POS_SPLEEN_DC_DN","GSE12392_WT_VS_IFNB_KO_CD8A_POS_SPLEEN_DC_DN","23/2154","200/21355",0.284238186157998,0.326659888924667,0.0973789245499948
"GSE14308_INDUCED_VS_NATURAL_TREG_UP","GSE14308_INDUCED_VS_NATURAL_TREG_UP","23/2154","200/21355",0.284238186157998,0.326659888924667,0.0973789245499948
"GSE14308_TH17_VS_NAIVE_CD4_TCELL_UP","GSE14308_TH17_VS_NAIVE_CD4_TCELL_UP","23/2154","200/21355",0.284238186157998,0.326659888924667,0.0973789245499948
"GSE14769_20MIN_VS_360MIN_LPS_BMDM_DN","GSE14769_20MIN_VS_360MIN_LPS_BMDM_DN","23/2154","200/21355",0.284238186157998,0.326659888924667,0.0973789245499948
"GSE14769_UNSTIM_VS_60MIN_LPS_BMDM_UP","GSE14769_UNSTIM_VS_60MIN_LPS_BMDM_UP","23/2154","200/21355",0.284238186157998,0.326659888924667,0.0973789245499948
"GSE15330_WT_VS_IKAROS_KO_MEGAKARYOCYTE_ERYTHROID_PROGENITOR_DN","GSE15330_WT_VS_IKAROS_KO_MEGAKARYOCYTE_ERYTHROID_PROGENITOR_DN","23/2154","200/21355",0.284238186157998,0.326659888924667,0.0973789245499948
"GSE15930_STIM_VS_STIM_AND_IL12_24H_CD8_T_CELL_UP","GSE15930_STIM_VS_STIM_AND_IL12_24H_CD8_T_CELL_UP","23/2154","200/21355",0.284238186157998,0.326659888924667,0.0973789245499948
"GSE15930_STIM_VS_STIM_AND_IL12_72H_CD8_T_CELL_DN","GSE15930_STIM_VS_STIM_AND_IL12_72H_CD8_T_CELL_DN","23/2154","200/21355",0.284238186157998,0.326659888924667,0.0973789245499948
"GSE16385_MONOCYTE_VS_12H_IFNG_TNF_TREATED_MACROPHAGE_DN","GSE16385_MONOCYTE_VS_12H_IFNG_TNF_TREATED_MACROPHAGE_DN","23/2154","200/21355",0.284238186157998,0.326659888924667,0.0973789245499948
"GSE16450_IMMATURE_VS_MATURE_NEURON_CELL_LINE_6H_IFNA_STIM_DN","GSE16450_IMMATURE_VS_MATURE_NEURON_CELL_LINE_6H_IFNA_STIM_DN","23/2154","200/21355",0.284238186157998,0.326659888924667,0.0973789245499948
"GSE17721_LPS_VS_CPG_4H_BMDC_UP","GSE17721_LPS_VS_CPG_4H_BMDC_UP","23/2154","200/21355",0.284238186157998,0.326659888924667,0.0973789245499948
"GSE17721_LPS_VS_PAM3CSK4_1H_BMDC_UP","GSE17721_LPS_VS_PAM3CSK4_1H_BMDC_UP","23/2154","200/21355",0.284238186157998,0.326659888924667,0.0973789245499948
"GSE17721_PAM3CSK4_VS_GADIQUIMOD_0.5H_BMDC_UP","GSE17721_PAM3CSK4_VS_GADIQUIMOD_0.5H_BMDC_UP","23/2154","200/21355",0.284238186157998,0.326659888924667,0.0973789245499948
"GSE17721_PAM3CSK4_VS_GADIQUIMOD_8H_BMDC_DN","GSE17721_PAM3CSK4_VS_GADIQUIMOD_8H_BMDC_DN","23/2154","200/21355",0.284238186157998,0.326659888924667,0.0973789245499948
"GSE19825_NAIVE_VS_IL2RAHIGH_DAY3_EFF_CD8_TCELL_UP","GSE19825_NAIVE_VS_IL2RAHIGH_DAY3_EFF_CD8_TCELL_UP","23/2154","200/21355",0.284238186157998,0.326659888924667,0.0973789245499948
"GSE20366_TREG_VS_TCONV_UP","GSE20366_TREG_VS_TCONV_UP","23/2154","200/21355",0.284238186157998,0.326659888924667,0.0973789245499948
"GSE21063_WT_VS_NFATC1_KO_BCELL_UP","GSE21063_WT_VS_NFATC1_KO_BCELL_UP","23/2154","200/21355",0.284238186157998,0.326659888924667,0.0973789245499948
"GSE22589_HEALTHY_VS_HIV_AND_SIV_INFECTED_DC_UP","GSE22589_HEALTHY_VS_HIV_AND_SIV_INFECTED_DC_UP","23/2154","200/21355",0.284238186157998,0.326659888924667,0.0973789245499948
"GSE22935_UNSTIM_VS_12H_MBOVIS_BCG_STIM_MYD88_KO_MACROPHAGE_UP","GSE22935_UNSTIM_VS_12H_MBOVIS_BCG_STIM_MYD88_KO_MACROPHAGE_UP","23/2154","200/21355",0.284238186157998,0.326659888924667,0.0973789245499948
"GSE23321_CD8_STEM_CELL_MEMORY_VS_CENTRAL_MEMORY_CD8_TCELL_UP","GSE23321_CD8_STEM_CELL_MEMORY_VS_CENTRAL_MEMORY_CD8_TCELL_UP","23/2154","200/21355",0.284238186157998,0.326659888924667,0.0973789245499948
"GSE25123_CTRL_VS_IL4_AND_ROSIGLITAZONE_STIM_PPARG_KO_MACROPHAGE_DN","GSE25123_CTRL_VS_IL4_AND_ROSIGLITAZONE_STIM_PPARG_KO_MACROPHAGE_DN","23/2154","200/21355",0.284238186157998,0.326659888924667,0.0973789245499948
"GSE26488_HDAC7_KO_VS_VP16_TRANSGENIC_HDAC7_KO_DOUBLE_POSITIVE_THYMOCYTE_DN","GSE26488_HDAC7_KO_VS_VP16_TRANSGENIC_HDAC7_KO_DOUBLE_POSITIVE_THYMOCYTE_DN","23/2154","200/21355",0.284238186157998,0.326659888924667,0.0973789245499948
"GSE2770_IL12_VS_IL4_TREATED_ACT_CD4_TCELL_6H_UP","GSE2770_IL12_VS_IL4_TREATED_ACT_CD4_TCELL_6H_UP","23/2154","200/21355",0.284238186157998,0.326659888924667,0.0973789245499948
"GSE2770_UNTREATED_VS_TGFB_AND_IL12_TREATED_ACT_CD4_TCELL_6H_DN","GSE2770_UNTREATED_VS_TGFB_AND_IL12_TREATED_ACT_CD4_TCELL_6H_DN","23/2154","200/21355",0.284238186157998,0.326659888924667,0.0973789245499948
"GSE27786_LSK_VS_CD4_TCELL_UP","GSE27786_LSK_VS_CD4_TCELL_UP","23/2154","200/21355",0.284238186157998,0.326659888924667,0.0973789245499948
"GSE27786_LSK_VS_MONO_MAC_DN","GSE27786_LSK_VS_MONO_MAC_DN","23/2154","200/21355",0.284238186157998,0.326659888924667,0.0973789245499948
"GSE28737_WT_VS_BCL6_HET_MARGINAL_ZONE_BCELL_UP","GSE28737_WT_VS_BCL6_HET_MARGINAL_ZONE_BCELL_UP","23/2154","200/21355",0.284238186157998,0.326659888924667,0.0973789245499948
"GSE29618_LAIV_VS_TIV_FLU_VACCINE_DAY7_PDC_DN","GSE29618_LAIV_VS_TIV_FLU_VACCINE_DAY7_PDC_DN","23/2154","200/21355",0.284238186157998,0.326659888924667,0.0973789245499948
"GSE3203_INFLUENZA_INF_VS_IFNB_TREATED_LN_BCELL_UP","GSE3203_INFLUENZA_INF_VS_IFNB_TREATED_LN_BCELL_UP","23/2154","200/21355",0.284238186157998,0.326659888924667,0.0973789245499948
"GSE32423_IL7_VS_IL4_MEMORY_CD8_TCELL_DN","GSE32423_IL7_VS_IL4_MEMORY_CD8_TCELL_DN","23/2154","200/21355",0.284238186157998,0.326659888924667,0.0973789245499948
"GSE34156_TLR1_TLR2_LIGAND_VS_NOD2_AND_TLR1_TLR2_LIGAND_6H_TREATED_MONOCYTE_UP","GSE34156_TLR1_TLR2_LIGAND_VS_NOD2_AND_TLR1_TLR2_LIGAND_6H_TREATED_MONOCYTE_UP","23/2154","200/21355",0.284238186157998,0.326659888924667,0.0973789245499948
"GSE369_PRE_VS_POST_IL6_INJECTION_IFNG_WT_LIVER_UP","GSE369_PRE_VS_POST_IL6_INJECTION_IFNG_WT_LIVER_UP","23/2154","200/21355",0.284238186157998,0.326659888924667,0.0973789245499948
"GSE3691_IFN_PRODUCING_KILLER_DC_VS_CONVENTIONAL_DC_SPLEEN_DN","GSE3691_IFN_PRODUCING_KILLER_DC_VS_CONVENTIONAL_DC_SPLEEN_DN","23/2154","200/21355",0.284238186157998,0.326659888924667,0.0973789245499948
"GSE3720_VD1_VS_VD2_GAMMADELTA_TCELL_DN","GSE3720_VD1_VS_VD2_GAMMADELTA_TCELL_DN","23/2154","200/21355",0.284238186157998,0.326659888924667,0.0973789245499948
"GSE40666_NAIVE_VS_EFFECTOR_CD8_TCELL_WITH_IFNA_STIM_90MIN_DN","GSE40666_NAIVE_VS_EFFECTOR_CD8_TCELL_WITH_IFNA_STIM_90MIN_DN","23/2154","200/21355",0.284238186157998,0.326659888924667,0.0973789245499948
"GSE411_UNSTIM_VS_400MIN_IL6_STIM_MACROPHAGE_DN","GSE411_UNSTIM_VS_400MIN_IL6_STIM_MACROPHAGE_DN","23/2154","200/21355",0.284238186157998,0.326659888924667,0.0973789245499948
"GSE41176_UNSTIM_VS_ANTI_IGM_STIM_TAK1_KO_BCELL_1H_DN","GSE41176_UNSTIM_VS_ANTI_IGM_STIM_TAK1_KO_BCELL_1H_DN","23/2154","200/21355",0.284238186157998,0.326659888924667,0.0973789245499948
"GSE41176_UNSTIM_VS_ANTI_IGM_STIM_TAK1_KO_BCELL_6H_UP","GSE41176_UNSTIM_VS_ANTI_IGM_STIM_TAK1_KO_BCELL_6H_UP","23/2154","200/21355",0.284238186157998,0.326659888924667,0.0973789245499948
"GSE41176_WT_VS_TAK1_KO_ANTI_IGM_STIM_BCELL_6H_UP","GSE41176_WT_VS_TAK1_KO_ANTI_IGM_STIM_BCELL_6H_UP","23/2154","200/21355",0.284238186157998,0.326659888924667,0.0973789245499948
"GSE41867_LCMV_ARMSTRONG_VS_CLONE13_DAY6_EFFECTOR_CD8_TCELL_DN","GSE41867_LCMV_ARMSTRONG_VS_CLONE13_DAY6_EFFECTOR_CD8_TCELL_DN","23/2154","200/21355",0.284238186157998,0.326659888924667,0.0973789245499948
"GSE41867_NAIVE_VS_DAY15_LCMV_EFFECTOR_CD8_TCELL_UP","GSE41867_NAIVE_VS_DAY15_LCMV_EFFECTOR_CD8_TCELL_UP","23/2154","200/21355",0.284238186157998,0.326659888924667,0.0973789245499948
"GSE43957_UNTREATED_VS_NACL_TREATED_ANTI_CD3_CD28_STIM_CD4_TCELL_UP","GSE43957_UNTREATED_VS_NACL_TREATED_ANTI_CD3_CD28_STIM_CD4_TCELL_UP","23/2154","200/21355",0.284238186157998,0.326659888924667,0.0973789245499948
"GSE45837_WT_VS_GFI1_KO_PDC_DN","GSE45837_WT_VS_GFI1_KO_PDC_DN","23/2154","200/21355",0.284238186157998,0.326659888924667,0.0973789245499948
"GSE46606_UNSTIM_VS_CD40L_IL2_IL5_1DAY_STIMULATED_IRF4MID_SORTED_BCELL_DN","GSE46606_UNSTIM_VS_CD40L_IL2_IL5_1DAY_STIMULATED_IRF4MID_SORTED_BCELL_DN","23/2154","200/21355",0.284238186157998,0.326659888924667,0.0973789245499948
"GSE5589_UNSTIM_VS_45MIN_LPS_AND_IL10_STIM_MACROPHAGE_DN","GSE5589_UNSTIM_VS_45MIN_LPS_AND_IL10_STIM_MACROPHAGE_DN","23/2154","200/21355",0.284238186157998,0.326659888924667,0.0973789245499948
"GSE7460_CTRL_VS_FOXP3_OVEREXPR_TCONV_1_DN","GSE7460_CTRL_VS_FOXP3_OVEREXPR_TCONV_1_DN","23/2154","200/21355",0.284238186157998,0.326659888924667,0.0973789245499948
"GSE9006_TYPE_1_VS_TYPE_2_DIABETES_PBMC_AT_DX_UP","GSE9006_TYPE_1_VS_TYPE_2_DIABETES_PBMC_AT_DX_UP","23/2154","200/21355",0.284238186157998,0.326659888924667,0.0973789245499948
"GSE9650_EFFECTOR_VS_EXHAUSTED_CD8_TCELL_DN","GSE9650_EFFECTOR_VS_EXHAUSTED_CD8_TCELL_DN","23/2154","200/21355",0.284238186157998,0.326659888924667,0.0973789245499948
"GSE6259_FLT3L_INDUCED_VS_WT_SPLENIC_DC_33D1_POS_DN","GSE6259_FLT3L_INDUCED_VS_WT_SPLENIC_DC_33D1_POS_DN","19/2154","163/21355",0.287157909727423,0.329941211783441,0.0983571030834555
"GSE7509_UNSTIM_VS_FCGRIIB_STIM_DC_UP","GSE7509_UNSTIM_VS_FCGRIIB_STIM_DC_UP","20/2154","173/21355",0.293307669916582,0.336931502198042,0.100440943144464
"GSE13411_NAIVE_VS_MEMORY_BCELL_UP","GSE13411_NAIVE_VS_MEMORY_BCELL_UP","22/2154","192/21355",0.295760478603673,0.339596525286454,0.101235399675705
"GSE43863_NAIVE_VS_TFH_CD4_EFF_TCELL_D6_LCMV_DN","GSE43863_NAIVE_VS_TFH_CD4_EFF_TCELL_D6_LCMV_DN","22/2154","192/21355",0.295760478603673,0.339596525286454,0.101235399675705
"GSE13522_WT_VS_IFNG_KO_SKING_T_CRUZI_Y_STRAIN_INF_DN","GSE13522_WT_VS_IFNG_KO_SKING_T_CRUZI_Y_STRAIN_INF_DN","15/2154","127/21355",0.298604853869319,0.342708556191656,0.10216311144256
"VAN_DEN_BIGGELAAR_PBMC_PREVNAR_9MO_INFANT_STIMULATED_VS_UNSTIMULATED_9MO_UP","VAN_DEN_BIGGELAAR_PBMC_PREVNAR_9MO_INFANT_STIMULATED_VS_UNSTIMULATED_9MO_UP","15/2154","127/21355",0.298604853869319,0.342708556191656,0.10216311144256
"GSE6259_33D1_POS_DC_VS_BCELL_UP","GSE6259_33D1_POS_DC_VS_BCELL_UP","18/2154","155/21355",0.299583799926948,0.343754930212407,0.102475040700704
"GSE40274_IRF4_VS_FOXP3_AND_IRF4_TRANSDUCED_ACTIVATED_CD4_TCELL_DN","GSE40274_IRF4_VS_FOXP3_AND_IRF4_TRANSDUCED_ACTIVATED_CD4_TCELL_DN","14/2154","118/21355",0.30145307636052,0.345822207635481,0.103091306299973
"GSE26495_NAIVE_VS_PD1HIGH_CD8_TCELL_UP","GSE26495_NAIVE_VS_PD1HIGH_CD8_TCELL_UP","22/2154","193/21355",0.304389105797814,0.349112045299288,0.104072023138824
"GSE37534_PIOGLITAZONE_VS_ROSIGLITAZONE_TREATED_CD4_TCELL_PPARG1_FOXP3_TRANSDUCED_DN","GSE37534_PIOGLITAZONE_VS_ROSIGLITAZONE_TREATED_CD4_TCELL_PPARG1_FOXP3_TRANSDUCED_DN","19/2154","165/21355",0.30578262088267,0.350631652965484,0.104525025681497
"GSE11367_CTRL_VS_IL17_TREATED_SMOOTH_MUSCLE_CELL_UP","GSE11367_CTRL_VS_IL17_TREATED_SMOOTH_MUSCLE_CELL_UP","16/2154","137/21355",0.306028436342334,0.350834841932366,0.10458559731501
"HOWARD_DENDRITIC_CELL_INACT_MONOV_INFLUENZA_A_INDONESIA_05_2005_H5N1_AGE_18_49YO_3DY_UP","HOWARD_DENDRITIC_CELL_INACT_MONOV_INFLUENZA_A_INDONESIA_05_2005_H5N1_AGE_18_49YO_3DY_UP","2/2154","11/21355",0.306335805903985,0.351029801790021,0.104643715810463
"ZAK_PBMC_MRKAD5_HIV_1_GAG_POL_NEF_AGE_20_50YO_3DY_DN","ZAK_PBMC_MRKAD5_HIV_1_GAG_POL_NEF_AGE_20_50YO_3DY_DN","2/2154","11/21355",0.306335805903985,0.351029801790021,0.104643715810463
"HOFT_CD4_POSITIVE_ALPHA_BETA_MEMORY_T_CELL_BCG_VACCINE_AGE_18_45YO_ID_7DY_TOP_100_DEG_EX_VIVO_UP","HOFT_CD4_POSITIVE_ALPHA_BETA_MEMORY_T_CELL_BCG_VACCINE_AGE_18_45YO_ID_7DY_TOP_100_DEG_EX_VIVO_UP","4/2154","28/21355",0.311058623572761,0.356361806481633,0.106233212715865
"GSE22342_CD11C_HIGH_VS_LOW_DECIDUAL_MACROPHAGES_DN","GSE22342_CD11C_HIGH_VS_LOW_DECIDUAL_MACROPHAGES_DN","22/2154","194/21355",0.313095787056337,0.358534996465632,0.106881051372093
"GSE34205_RSV_VS_FLU_INF_INFANT_PBMC_UP","GSE34205_RSV_VS_FLU_INF_INFANT_PBMC_UP","22/2154","194/21355",0.313095787056337,0.358534996465632,0.106881051372093
"QUEREC_MODEL_PBMC_YF_17D_VACCINE_AGE_18_45_7DY_PREDICTIVE","QUEREC_MODEL_PBMC_YF_17D_VACCINE_AGE_18_45_7DY_PREDICTIVE","5/2154","37/21355",0.315883870065206,0.361606355194285,0.107796638562452
"PATEL_SKIN_OF_BODY_ZOSTAVAX_AGE_70_93YO_VZV_CHALLENGE_6HR_DN","PATEL_SKIN_OF_BODY_ZOSTAVAX_AGE_70_93YO_VZV_CHALLENGE_6HR_DN","13/2154","110/21355",0.315919340632284,0.361606355194285,0.107796638562452
"GSE38696_LIGHT_ZONE_VS_DARK_ZONE_BCELL_DN","GSE38696_LIGHT_ZONE_VS_DARK_ZONE_BCELL_DN","16/2154","138/21355",0.316419383899565,0.362097652166176,0.107943096613714
"GSE17974_IL4_AND_ANTI_IL12_VS_UNTREATED_72H_ACT_CD4_TCELL_UP","GSE17974_IL4_AND_ANTI_IL12_VS_UNTREATED_72H_ACT_CD4_TCELL_UP","21/2154","185/21355",0.316878851775211,0.362542306808381,0.108075650356374
"GSE6259_DEC205_POS_DC_VS_BCELL_UP","GSE6259_DEC205_POS_DC_VS_BCELL_UP","18/2154","157/21355",0.31902155045115,0.364912122473541,0.108782104098261
"GSE12707_AT16L1_HYPOMORPH_VS_WT_THYMUS_UP","GSE12707_AT16L1_HYPOMORPH_VS_WT_THYMUS_UP","15/2154","129/21355",0.320106111871987,0.366070800716052,0.109127511798994
"GSE26928_NAIVE_VS_CXCR5_POS_CD4_TCELL_UP","GSE26928_NAIVE_VS_CXCR5_POS_CD4_TCELL_UP","22/2154","195/21355",0.32187565636758,0.367847615334697,0.109657189003189
"GSE2770_IL12_AND_TGFB_VS_IL4_TREATED_ACT_CD4_TCELL_48H_DN","GSE2770_IL12_AND_TGFB_VS_IL4_TREATED_ACT_CD4_TCELL_48H_DN","22/2154","195/21355",0.32187565636758,0.367847615334697,0.109657189003189
"GSE45365_NK_CELL_VS_CD8A_DC_MCMV_INFECTION_UP","GSE45365_NK_CELL_VS_CD8A_DC_MCMV_INFECTION_UP","22/2154","195/21355",0.32187565636758,0.367847615334697,0.109657189003189
"GSE9946_IMMATURE_VS_LISTERIA_INF_MATURE_DC_UP","GSE9946_IMMATURE_VS_LISTERIA_INF_MATURE_DC_UP","16/2154","139/21355",0.326902750169874,0.373509220473422,0.111344941428045
"GSE18281_SUBCAPSULAR_CORTICAL_REGION_VS_WHOLE_MEDULLA_THYMUS_DN","GSE18281_SUBCAPSULAR_CORTICAL_REGION_VS_WHOLE_MEDULLA_THYMUS_DN","22/2154","196/21355",0.330723774125168,0.377200681932184,0.112445384301688
"GSE22611_MUTANT_NOD2_TRANSDUCED_VS_CTRL_HEK293T_STIMULATED_WITH_MDP_6H_UP","GSE22611_MUTANT_NOD2_TRANSDUCED_VS_CTRL_HEK293T_STIMULATED_WITH_MDP_6H_UP","22/2154","196/21355",0.330723774125168,0.377200681932184,0.112445384301688
"GSE23321_EFFECTOR_MEMORY_VS_NAIVE_CD8_TCELL_UP","GSE23321_EFFECTOR_MEMORY_VS_NAIVE_CD8_TCELL_UP","22/2154","196/21355",0.330723774125168,0.377200681932184,0.112445384301688
"GSE26559_TCF1_KO_VS_WT_LIN_NEG_CELL_DN","GSE26559_TCF1_KO_VS_WT_LIN_NEG_CELL_DN","22/2154","196/21355",0.330723774125168,0.377200681932184,0.112445384301688
"GSE34156_NOD2_LIGAND_VS_TLR1_TLR2_LIGAND_24H_TREATED_MONOCYTE_DN","GSE34156_NOD2_LIGAND_VS_TLR1_TLR2_LIGAND_24H_TREATED_MONOCYTE_DN","22/2154","196/21355",0.330723774125168,0.377200681932184,0.112445384301688
"GSE36476_YOUNG_VS_OLD_DONOR_MEMORY_CD4_TCELL_16H_TSST_ACT_DN","GSE36476_YOUNG_VS_OLD_DONOR_MEMORY_CD4_TCELL_16H_TSST_ACT_DN","22/2154","196/21355",0.330723774125168,0.377200681932184,0.112445384301688
"GSE37301_HEMATOPOIETIC_STEM_CELL_VS_COMMON_LYMPHOID_PROGENITOR_UP","GSE37301_HEMATOPOIETIC_STEM_CELL_VS_COMMON_LYMPHOID_PROGENITOR_UP","22/2154","196/21355",0.330723774125168,0.377200681932184,0.112445384301688
"GSE41867_DAY6_VS_DAY15_LCMV_ARMSTRONG_EFFECTOR_CD8_TCELL_DN","GSE41867_DAY6_VS_DAY15_LCMV_ARMSTRONG_EFFECTOR_CD8_TCELL_DN","22/2154","196/21355",0.330723774125168,0.377200681932184,0.112445384301688
"GSE14415_INDUCED_VS_NATURAL_TREG_UP","GSE14415_INDUCED_VS_NATURAL_TREG_UP","17/2154","149/21355",0.333101665110411,0.379743325241813,0.11320335881708
"GSE37319_WT_VS_RC3H1_KO_CD44LOW_CD8_TCELL_UP","GSE37319_WT_VS_RC3H1_KO_CD44LOW_CD8_TCELL_UP","17/2154","149/21355",0.333101665110411,0.379743325241813,0.11320335881708
"GSE6269_E_COLI_VS_STREP_PNEUMO_INF_PBMC_UP","GSE6269_E_COLI_VS_STREP_PNEUMO_INF_PBMC_UP","19/2154","168/21355",0.334360580545674,0.381093546217127,0.113605866351488
"PATEL_SKIN_OF_BODY_ZOSTAVAX_AGE_70_93YO_VZV_CHALLENGE_6HR_TOP_30_DEG_UP","PATEL_SKIN_OF_BODY_ZOSTAVAX_AGE_70_93YO_VZV_CHALLENGE_6HR_TOP_30_DEG_UP","4/2154","29/21355",0.334837802977729,0.381502167906051,0.113727678492997
"GSE13485_DAY3_VS_DAY7_YF17D_VACCINE_PBMC_UP","GSE13485_DAY3_VS_DAY7_YF17D_VACCINE_PBMC_UP","21/2154","187/21355",0.335017550146326,0.381502167906051,0.113727678492997
"GSE25087_FETAL_VS_ADULT_TCONV_DN","GSE25087_FETAL_VS_ADULT_TCONV_DN","21/2154","187/21355",0.335017550146326,0.381502167906051,0.113727678492997
"GSE2706_R848_VS_R848_AND_LPS_2H_STIM_DC_UP","GSE2706_R848_VS_R848_AND_LPS_2H_STIM_DC_UP","21/2154","187/21355",0.335017550146326,0.381502167906051,0.113727678492997
"GSE13522_CTRL_VS_T_CRUZI_Y_STRAIN_INF_SKIN_IFNG_KO_DN","GSE13522_CTRL_VS_T_CRUZI_Y_STRAIN_INF_SKIN_IFNG_KO_DN","16/2154","140/21355",0.337470030105052,0.384209366271906,0.114534707682527
"GSE15659_NONSUPPRESSIVE_TCELL_VS_ACTIVATED_TREG_DN","GSE15659_NONSUPPRESSIVE_TCELL_VS_ACTIVATED_TREG_DN","22/2154","197/21355",0.339635136333328,0.38624431763174,0.115141336722855
"GSE19512_NAUTRAL_VS_INDUCED_TREG_UP","GSE19512_NAUTRAL_VS_INDUCED_TREG_UP","22/2154","197/21355",0.339635136333328,0.38624431763174,0.115141336722855
"GSE20500_RETINOIC_ACID_VS_RARA_ANTAGONIST_TREATED_CD4_TCELL_UP","GSE20500_RETINOIC_ACID_VS_RARA_ANTAGONIST_TREATED_CD4_TCELL_UP","22/2154","197/21355",0.339635136333328,0.38624431763174,0.115141336722855
"GSE2124_CTRL_VS_LYMPHOTOXIN_BETA_TREATED_MLN_UP","GSE2124_CTRL_VS_LYMPHOTOXIN_BETA_TREATED_MLN_UP","22/2154","197/21355",0.339635136333328,0.38624431763174,0.115141336722855
"GSE22611_NOD2_TRANSD_VS_CTRL_TRANSD_HEK293_MDP_STIM_6H_UP","GSE22611_NOD2_TRANSD_VS_CTRL_TRANSD_HEK293_MDP_STIM_6H_UP","22/2154","197/21355",0.339635136333328,0.38624431763174,0.115141336722855
"GSE40274_CTRL_VS_FOXP3_AND_GATA1_TRANSDUCED_ACTIVATED_CD4_TCELL_DN","GSE40274_CTRL_VS_FOXP3_AND_GATA1_TRANSDUCED_ACTIVATED_CD4_TCELL_DN","17/2154","150/21355",0.34336784735707,0.390228896096176,0.116329159222058
"GSE9601_UNTREATED_VS_PI3K_INHIBITOR_TREATED_HCMV_INF_MONOCYTE_DN","GSE9601_UNTREATED_VS_PI3K_INHIBITOR_TREATED_HCMV_INF_MONOCYTE_DN","17/2154","150/21355",0.34336784735707,0.390228896096176,0.116329159222058
"GSE9946_IMMATURE_VS_PROSTAGLANDINE2_TREATED_MATURE_DC_UP","GSE9946_IMMATURE_VS_PROSTAGLANDINE2_TREATED_MATURE_DC_UP","17/2154","150/21355",0.34336784735707,0.390228896096176,0.116329159222058
"GSE21063_WT_VS_NFATC1_KO_16H_ANTI_IGM_STIM_BCELL_DN","GSE21063_WT_VS_NFATC1_KO_16H_ANTI_IGM_STIM_BCELL_DN","21/2154","188/21355",0.344184214315604,0.391069752843486,0.116579822767016
"GAUCHER_PBMC_YF_VAX_STAMARIL_UNKNOWN_AGE_14DY_DN","GAUCHER_PBMC_YF_VAX_STAMARIL_UNKNOWN_AGE_14DY_DN","2/2154","12/21355",0.34499479245249,0.391903660033233,0.116828414614578
"GSE5589_WT_VS_IL10_KO_LPS_AND_IL10_STIM_MACROPHAGE_180MIN_DN","GSE5589_WT_VS_IL10_KO_LPS_AND_IL10_STIM_MACROPHAGE_180MIN_DN","14/2154","122/21355",0.346653191635745,0.393700081926603,0.117363936844106
"GSE15659_NAIVE_CD4_TCELL_VS_ACTIVATED_TREG_DN","GSE15659_NAIVE_CD4_TCELL_VS_ACTIVATED_TREG_DN","22/2154","198/21355",0.348604683834803,0.395477201785522,0.117893705041933
"GSE19923_WT_VS_E2A_KO_DP_THYMOCYTE_DN","GSE19923_WT_VS_E2A_KO_DP_THYMOCYTE_DN","22/2154","198/21355",0.348604683834803,0.395477201785522,0.117893705041933
"GSE20152_SPHK1_KO_VS_WT_HTNFA_OVERXPRESS_ANKLE_UP","GSE20152_SPHK1_KO_VS_WT_HTNFA_OVERXPRESS_ANKLE_UP","22/2154","198/21355",0.348604683834803,0.395477201785522,0.117893705041933
"GSE37301_COMMON_LYMPHOID_PROGENITOR_VS_PRO_BCELL_UP","GSE37301_COMMON_LYMPHOID_PROGENITOR_VS_PRO_BCELL_UP","22/2154","198/21355",0.348604683834803,0.395477201785522,0.117893705041933
"GSE5503_MLN_DC_VS_PLN_DC_ACTIVATED_ALLOGENIC_TCELL_UP","GSE5503_MLN_DC_VS_PLN_DC_ACTIVATED_ALLOGENIC_TCELL_UP","22/2154","198/21355",0.348604683834803,0.395477201785522,0.117893705041933
"FULLER_PBMC_F_TULARENSIS_VACCINE_LVS_AGE_22_54YO_18HR_UP","FULLER_PBMC_F_TULARENSIS_VACCINE_LVS_AGE_22_54YO_18HR_UP","7/2154","57/21355",0.351090590145129,0.398209003418821,0.118708068586874
"GSE21927_BALBC_VS_C57BL6_MONOCYTE_SPLEEN_UP","GSE21927_BALBC_VS_C57BL6_MONOCYTE_SPLEEN_UP","21/2154","189/21355",0.353408455365249,0.400660184541578,0.119438777773108
"GSE46606_DAY1_VS_DAY3_CD40L_IL2_IL5_STIMULATED_BCELL_UP","GSE46606_DAY1_VS_DAY3_CD40L_IL2_IL5_STIMULATED_BCELL_UP","21/2154","189/21355",0.353408455365249,0.400660184541578,0.119438777773108
"GSE12963_ENV_NEF_VS_ENV_NEF_AND_VPR_DEFICIENT_HIV1_INF_CD4_TCELL_DN","GSE12963_ENV_NEF_VS_ENV_NEF_AND_VPR_DEFICIENT_HIV1_INF_CD4_TCELL_DN","17/2154","151/21355",0.353701700771637,0.400887633752052,0.11950658150493
"GSE24671_CTRL_VS_BAKIMULC_INFECTED_MOUSE_SPLENOCYTES_DN","GSE24671_CTRL_VS_BAKIMULC_INFECTED_MOUSE_SPLENOCYTES_DN","19/2154","170/21355",0.353765891548848,0.400887633752052,0.11950658150493
"HOWARD_NK_CELL_INACT_MONOV_INFLUENZA_A_INDONESIA_05_2005_H5N1_AGE_18_49YO_1DY_UP","HOWARD_NK_CELL_INACT_MONOV_INFLUENZA_A_INDONESIA_05_2005_H5N1_AGE_18_49YO_1DY_UP","3/2154","21/21355",0.356781567993524,0.403296966006963,0.120224815337186
"SOBOLEV_PBMC_PANDEMRIX_AGE_18_64YO_1DY_UP","SOBOLEV_PBMC_PANDEMRIX_AGE_18_64YO_1DY_UP","3/2154","21/21355",0.356781567993524,0.403296966006963,0.120224815337186
"SOBOLEV_PBMC_PANDEMRIX_AGE_18_64YO_MEDIUM_HIGH_ADVERSE_EVENT_SUBJECTS_1DY_UP","SOBOLEV_PBMC_PANDEMRIX_AGE_18_64YO_MEDIUM_HIGH_ADVERSE_EVENT_SUBJECTS_1DY_UP","5/2154","39/21355",0.357304712682996,0.403296966006963,0.120224815337186
"GSE10325_LUPUS_CD4_TCELL_VS_LUPUS_MYELOID_UP","GSE10325_LUPUS_CD4_TCELL_VS_LUPUS_MYELOID_UP","22/2154","199/21355",0.357627311534436,0.403296966006963,0.120224815337186
"GSE11961_MARGINAL_ZONE_BCELL_VS_PLASMA_CELL_DAY7_DN","GSE11961_MARGINAL_ZONE_BCELL_VS_PLASMA_CELL_DAY7_DN","22/2154","199/21355",0.357627311534436,0.403296966006963,0.120224815337186
"GSE11961_UNSTIM_VS_ANTI_IGM_AND_CD40_STIM_6H_FOLLICULAR_BCELL_DN","GSE11961_UNSTIM_VS_ANTI_IGM_AND_CD40_STIM_6H_FOLLICULAR_BCELL_DN","22/2154","199/21355",0.357627311534436,0.403296966006963,0.120224815337186
"GSE15324_ELF4_KO_VS_WT_ACTIVATED_CD8_TCELL_DN","GSE15324_ELF4_KO_VS_WT_ACTIVATED_CD8_TCELL_DN","22/2154","199/21355",0.357627311534436,0.403296966006963,0.120224815337186
"GSE17721_CPG_VS_GARDIQUIMOD_8H_BMDC_UP","GSE17721_CPG_VS_GARDIQUIMOD_8H_BMDC_UP","22/2154","199/21355",0.357627311534436,0.403296966006963,0.120224815337186
"GSE17721_CTRL_VS_LPS_1H_BMDC_DN","GSE17721_CTRL_VS_LPS_1H_BMDC_DN","22/2154","199/21355",0.357627311534436,0.403296966006963,0.120224815337186
"GSE18791_CTRL_VS_NEWCASTLE_VIRUS_DC_6H_UP","GSE18791_CTRL_VS_NEWCASTLE_VIRUS_DC_6H_UP","22/2154","199/21355",0.357627311534436,0.403296966006963,0.120224815337186
"GSE19941_UNSTIM_VS_LPS_STIM_IL10_KO_NFKBP50_KO_MACROPHAGE_DN","GSE19941_UNSTIM_VS_LPS_STIM_IL10_KO_NFKBP50_KO_MACROPHAGE_DN","22/2154","199/21355",0.357627311534436,0.403296966006963,0.120224815337186
"GSE22601_DOUBLE_NEGATIVE_VS_CD8_SINGLE_POSITIVE_THYMOCYTE_UP","GSE22601_DOUBLE_NEGATIVE_VS_CD8_SINGLE_POSITIVE_THYMOCYTE_UP","22/2154","199/21355",0.357627311534436,0.403296966006963,0.120224815337186
"GSE24210_IL35_TREATED_VS_RESTING_TREG_DN","GSE24210_IL35_TREATED_VS_RESTING_TREG_DN","22/2154","199/21355",0.357627311534436,0.403296966006963,0.120224815337186
"GSE24671_BAKIMULC_VS_SENDAI_VIRUS_INFECTED_MOUSE_SPLENOCYTES_DN","GSE24671_BAKIMULC_VS_SENDAI_VIRUS_INFECTED_MOUSE_SPLENOCYTES_DN","22/2154","199/21355",0.357627311534436,0.403296966006963,0.120224815337186
"GSE2770_TGFB_AND_IL4_VS_TGFB_AND_IL12_TREATED_ACT_CD4_TCELL_6H_UP","GSE2770_TGFB_AND_IL4_VS_TGFB_AND_IL12_TREATED_ACT_CD4_TCELL_6H_UP","22/2154","199/21355",0.357627311534436,0.403296966006963,0.120224815337186
"GSE27786_CD4_VS_CD8_TCELL_DN","GSE27786_CD4_VS_CD8_TCELL_DN","22/2154","199/21355",0.357627311534436,0.403296966006963,0.120224815337186
"GSE32986_GMCSF_AND_CURDLAN_LOWDOSE_VS_GMCSF_AND_CURDLAN_HIGHDOSE_STIM_DC_DN","GSE32986_GMCSF_AND_CURDLAN_LOWDOSE_VS_GMCSF_AND_CURDLAN_HIGHDOSE_STIM_DC_DN","22/2154","199/21355",0.357627311534436,0.403296966006963,0.120224815337186
"GSE36078_UNTREATED_VS_AD5_T425A_HEXON_INF_IL1R_KO_MOUSE_LUNG_DC_UP","GSE36078_UNTREATED_VS_AD5_T425A_HEXON_INF_IL1R_KO_MOUSE_LUNG_DC_UP","22/2154","199/21355",0.357627311534436,0.403296966006963,0.120224815337186
"GSE41978_ID2_KO_AND_BIM_KO_VS_BIM_KO_KLRG1_LOW_EFFECTOR_CD8_TCELL_UP","GSE41978_ID2_KO_AND_BIM_KO_VS_BIM_KO_KLRG1_LOW_EFFECTOR_CD8_TCELL_UP","22/2154","199/21355",0.357627311534436,0.403296966006963,0.120224815337186
"GSE45365_NK_CELL_VS_CD11B_DC_UP","GSE45365_NK_CELL_VS_CD11B_DC_UP","22/2154","199/21355",0.357627311534436,0.403296966006963,0.120224815337186
"GSE4811_CLASSSICALY_ACTIVATED_VS_TYPE_2_ACTIVATED_MACROPHAGE_UP","GSE4811_CLASSSICALY_ACTIVATED_VS_TYPE_2_ACTIVATED_MACROPHAGE_UP","22/2154","199/21355",0.357627311534436,0.403296966006963,0.120224815337186
"GSE6259_FLT3L_INDUCED_33D1_POS_DC_VS_BCELL_UP","GSE6259_FLT3L_INDUCED_33D1_POS_DC_VS_BCELL_UP","22/2154","199/21355",0.357627311534436,0.403296966006963,0.120224815337186
"SOBOLEV_PBMC_PANDEMRIX_AGE_18_64YO_CORRELATED_WITH_AGE_1DY_POSITIVE","SOBOLEV_PBMC_PANDEMRIX_AGE_18_64YO_CORRELATED_WITH_AGE_1DY_POSITIVE","4/2154","30/21355",0.358686800560708,0.404402560367563,0.120554398470819
"GSE17974_IL4_AND_ANTI_IL12_VS_UNTREATED_6H_ACT_CD4_TCELL_UP","GSE17974_IL4_AND_ANTI_IL12_VS_UNTREATED_6H_ACT_CD4_TCELL_UP","21/2154","190/21355",0.362684742835523,0.40872979724885,0.121844369134679
"GSE21927_SPLENIC_C26GM_TUMOROUS_VS_BONE_MARROW_MONOCYTES_DN","GSE21927_SPLENIC_C26GM_TUMOROUS_VS_BONE_MARROW_MONOCYTES_DN","21/2154","190/21355",0.362684742835523,0.40872979724885,0.121844369134679
"GSE14415_NATURAL_TREG_VS_FOXP3_KO_NATURAL_TREG_UP","GSE14415_NATURAL_TREG_VS_FOXP3_KO_NATURAL_TREG_UP","17/2154","152/21355",0.364095397642733,0.410178571019231,0.122276255743532
"GSE11864_UNTREATED_VS_CSF1_IFNG_IN_MAC_DN","GSE11864_UNTREATED_VS_CSF1_IFNG_IN_MAC_DN","22/2154","200/21355",0.366697877592198,0.410178571019231,0.122276255743532
"GSE11961_FOLLICULAR_BCELL_VS_MEMORY_BCELL_DAY40_DN","GSE11961_FOLLICULAR_BCELL_VS_MEMORY_BCELL_DAY40_DN","22/2154","200/21355",0.366697877592198,0.410178571019231,0.122276255743532
"GSE14308_TH1_VS_NATURAL_TREG_UP","GSE14308_TH1_VS_NATURAL_TREG_UP","22/2154","200/21355",0.366697877592198,0.410178571019231,0.122276255743532
"GSE16385_ROSIGLITAZONE_IFNG_TNF_VS_IL4_STIM_MACROPHAGE_UP","GSE16385_ROSIGLITAZONE_IFNG_TNF_VS_IL4_STIM_MACROPHAGE_UP","22/2154","200/21355",0.366697877592198,0.410178571019231,0.122276255743532
"GSE16385_ROSIGLITAZONE_VS_UNTREATED_IFNG_TNF_STIM_MACROPHAGE_DN","GSE16385_ROSIGLITAZONE_VS_UNTREATED_IFNG_TNF_STIM_MACROPHAGE_DN","22/2154","200/21355",0.366697877592198,0.410178571019231,0.122276255743532
"GSE17721_CPG_VS_GARDIQUIMOD_12H_BMDC_UP","GSE17721_CPG_VS_GARDIQUIMOD_12H_BMDC_UP","22/2154","200/21355",0.366697877592198,0.410178571019231,0.122276255743532
"GSE17721_CPG_VS_GARDIQUIMOD_16H_BMDC_UP","GSE17721_CPG_VS_GARDIQUIMOD_16H_BMDC_UP","22/2154","200/21355",0.366697877592198,0.410178571019231,0.122276255743532
"GSE17721_CTRL_VS_LPS_2H_BMDC_DN","GSE17721_CTRL_VS_LPS_2H_BMDC_DN","22/2154","200/21355",0.366697877592198,0.410178571019231,0.122276255743532
"GSE17721_CTRL_VS_POLYIC_1H_BMDC_UP","GSE17721_CTRL_VS_POLYIC_1H_BMDC_UP","22/2154","200/21355",0.366697877592198,0.410178571019231,0.122276255743532
"GSE17721_PAM3CSK4_VS_CPG_6H_BMDC_DN","GSE17721_PAM3CSK4_VS_CPG_6H_BMDC_DN","22/2154","200/21355",0.366697877592198,0.410178571019231,0.122276255743532
"GSE17721_POLYIC_VS_GARDIQUIMOD_0.5H_BMDC_UP","GSE17721_POLYIC_VS_GARDIQUIMOD_0.5H_BMDC_UP","22/2154","200/21355",0.366697877592198,0.410178571019231,0.122276255743532
"GSE19825_NAIVE_VS_IL2RALOW_DAY3_EFF_CD8_TCELL_UP","GSE19825_NAIVE_VS_IL2RALOW_DAY3_EFF_CD8_TCELL_UP","22/2154","200/21355",0.366697877592198,0.410178571019231,0.122276255743532
"GSE20366_CD103_POS_VS_CD103_KLRG1_DP_TREG_UP","GSE20366_CD103_POS_VS_CD103_KLRG1_DP_TREG_UP","22/2154","200/21355",0.366697877592198,0.410178571019231,0.122276255743532
"GSE21360_SECONDARY_VS_TERTIARY_MEMORY_CD8_TCELL_UP","GSE21360_SECONDARY_VS_TERTIARY_MEMORY_CD8_TCELL_UP","22/2154","200/21355",0.366697877592198,0.410178571019231,0.122276255743532
"GSE21670_IL6_VS_TGFB_AND_IL6_TREATED_CD4_TCELL_DN","GSE21670_IL6_VS_TGFB_AND_IL6_TREATED_CD4_TCELL_DN","22/2154","200/21355",0.366697877592198,0.410178571019231,0.122276255743532
"GSE21670_TGFB_VS_IL6_TREATED_CD4_TCELL_UP","GSE21670_TGFB_VS_IL6_TREATED_CD4_TCELL_UP","22/2154","200/21355",0.366697877592198,0.410178571019231,0.122276255743532
"GSE2770_TGFB_AND_IL4_VS_IL4_TREATED_ACT_CD4_TCELL_2H_DN","GSE2770_TGFB_AND_IL4_VS_IL4_TREATED_ACT_CD4_TCELL_2H_DN","22/2154","200/21355",0.366697877592198,0.410178571019231,0.122276255743532
"GSE2770_UNTREATED_VS_IL4_TREATED_ACT_CD4_TCELL_2H_UP","GSE2770_UNTREATED_VS_IL4_TREATED_ACT_CD4_TCELL_2H_UP","22/2154","200/21355",0.366697877592198,0.410178571019231,0.122276255743532
"GSE27786_ERYTHROBLAST_VS_NEUTROPHIL_UP","GSE27786_ERYTHROBLAST_VS_NEUTROPHIL_UP","22/2154","200/21355",0.366697877592198,0.410178571019231,0.122276255743532
"GSE28737_FOLLICULAR_VS_MARGINAL_ZONE_BCELL_DN","GSE28737_FOLLICULAR_VS_MARGINAL_ZONE_BCELL_DN","22/2154","200/21355",0.366697877592198,0.410178571019231,0.122276255743532
"GSE3039_ALPHAALPHA_VS_ALPHABETA_CD8_TCELL_DN","GSE3039_ALPHAALPHA_VS_ALPHABETA_CD8_TCELL_DN","22/2154","200/21355",0.366697877592198,0.410178571019231,0.122276255743532
"GSE32533_MIR17_KO_VS_MIR17_OVEREXPRESS_ACT_CD4_TCELL_DN","GSE32533_MIR17_KO_VS_MIR17_OVEREXPRESS_ACT_CD4_TCELL_DN","22/2154","200/21355",0.366697877592198,0.410178571019231,0.122276255743532
"GSE339_CD4POS_VS_CD8POS_DC_IN_CULTURE_UP","GSE339_CD4POS_VS_CD8POS_DC_IN_CULTURE_UP","22/2154","200/21355",0.366697877592198,0.410178571019231,0.122276255743532
"GSE36392_EOSINOPHIL_VS_MAC_IL25_TREATED_LUNG_UP","GSE36392_EOSINOPHIL_VS_MAC_IL25_TREATED_LUNG_UP","22/2154","200/21355",0.366697877592198,0.410178571019231,0.122276255743532
"GSE36527_CD62L_HIGH_CD69_NEG_VS_CD62L_LOW_CD69_POS_TREG_KLRG1_NEG_DN","GSE36527_CD62L_HIGH_CD69_NEG_VS_CD62L_LOW_CD69_POS_TREG_KLRG1_NEG_DN","22/2154","200/21355",0.366697877592198,0.410178571019231,0.122276255743532
"GSE39820_TGFBETA1_VS_TGFBETA3_IN_IL6_IL23A_TREATED_CD4_TCELL_UP","GSE39820_TGFBETA1_VS_TGFBETA3_IN_IL6_IL23A_TREATED_CD4_TCELL_UP","22/2154","200/21355",0.366697877592198,0.410178571019231,0.122276255743532
"GSE39820_TGFBETA3_IL6_VS_TGFBETA3_IL6_IL23A_TREATED_CD4_TCELL_DN","GSE39820_TGFBETA3_IL6_VS_TGFBETA3_IL6_IL23A_TREATED_CD4_TCELL_DN","22/2154","200/21355",0.366697877592198,0.410178571019231,0.122276255743532
"GSE41978_ID2_KO_VS_ID2_KO_AND_BIM_KO_KLRG1_LOW_EFFECTOR_CD8_TCELL_UP","GSE41978_ID2_KO_VS_ID2_KO_AND_BIM_KO_KLRG1_LOW_EFFECTOR_CD8_TCELL_UP","22/2154","200/21355",0.366697877592198,0.410178571019231,0.122276255743532
"GSE43955_TGFB_IL6_VS_TGFB_IL6_IL23_TH17_ACT_CD4_TCELL_52H_UP","GSE43955_TGFB_IL6_VS_TGFB_IL6_IL23_TH17_ACT_CD4_TCELL_52H_UP","22/2154","200/21355",0.366697877592198,0.410178571019231,0.122276255743532
"GSE5589_UNSTIM_VS_45MIN_LPS_STIM_MACROPHAGE_DN","GSE5589_UNSTIM_VS_45MIN_LPS_STIM_MACROPHAGE_DN","22/2154","200/21355",0.366697877592198,0.410178571019231,0.122276255743532
"GSE6092_UNSTIM_VS_IFNG_STIM_AND_B_BURGDORFERI_INF_ENDOTHELIAL_CELL_DN","GSE6092_UNSTIM_VS_IFNG_STIM_AND_B_BURGDORFERI_INF_ENDOTHELIAL_CELL_DN","22/2154","200/21355",0.366697877592198,0.410178571019231,0.122276255743532
"GSE6674_CPG_VS_PL2_3_STIM_BCELL_UP","GSE6674_CPG_VS_PL2_3_STIM_BCELL_UP","22/2154","200/21355",0.366697877592198,0.410178571019231,0.122276255743532
"GSE9316_CD4_TCELL_BALBC_VS_TH17_ENRI_CD4_TCELL_SKG_PMA_IONO_STIM_FR4NEG_UP","GSE9316_CD4_TCELL_BALBC_VS_TH17_ENRI_CD4_TCELL_SKG_PMA_IONO_STIM_FR4NEG_UP","22/2154","200/21355",0.366697877592198,0.410178571019231,0.122276255743532
"GSE21927_SPLEEN_VS_TUMOR_MONOCYTE_C57BL6_UP","GSE21927_SPLEEN_VS_TUMOR_MONOCYTE_C57BL6_UP","21/2154","191/21355",0.372007514224335,0.415753971634759,0.123938310174711
"GSE29615_DAY3_VS_DAY7_LAIV_FLU_VACCINE_PBMC_DN","GSE29615_DAY3_VS_DAY7_LAIV_FLU_VACCINE_PBMC_DN","21/2154","191/21355",0.372007514224335,0.415753971634759,0.123938310174711
"GSE29617_CTRL_VS_TIV_FLU_VACCINE_PBMC_2008_UP","GSE29617_CTRL_VS_TIV_FLU_VACCINE_PBMC_2008_UP","21/2154","191/21355",0.372007514224335,0.415753971634759,0.123938310174711
"GSE34156_NOD2_LIGAND_VS_NOD2_AND_TLR1_TLR2_LIGAND_24H_TREATED_MONOCYTE_UP","GSE34156_NOD2_LIGAND_VS_NOD2_AND_TLR1_TLR2_LIGAND_24H_TREATED_MONOCYTE_UP","21/2154","191/21355",0.372007514224335,0.415753971634759,0.123938310174711
"HOEK_NEUTROPHIL_2011_2012_TIV_ADULT_7DY_DN","HOEK_NEUTROPHIL_2011_2012_TIV_ADULT_7DY_DN","5/2154","40/21355",0.378106961568453,0.422478342329436,0.125942878255226
"GSE27241_WT_VS_RORGT_KO_TH17_POLARIZED_CD4_TCELL_UP","GSE27241_WT_VS_RORGT_KO_TH17_POLARIZED_CD4_TCELL_UP","18/2154","163/21355",0.379084066837342,0.423477569093147,0.126240752683434
"GSE32901_NAIVE_VS_TH17_NEG_CD4_TCELL_DN","GSE32901_NAIVE_VS_TH17_NEG_CD4_TCELL_DN","14/2154","125/21355",0.381366467699216,0.42556762773076,0.126863809475154
"GSE21546_WT_VS_SAP1A_KO_DP_THYMOCYTES_DN","GSE21546_WT_VS_SAP1A_KO_DP_THYMOCYTES_DN","21/2154","192/21355",0.381371185265469,0.42556762773076,0.126863809475154
"GSE26488_WT_VS_HDAC7_KO_DOUBLE_POSITIVE_THYMOCYTE_DN","GSE26488_WT_VS_HDAC7_KO_DOUBLE_POSITIVE_THYMOCYTE_DN","21/2154","192/21355",0.381371185265469,0.42556762773076,0.126863809475154
"GSE26928_NAIVE_VS_CENT_MEMORY_CD4_TCELL_UP","GSE26928_NAIVE_VS_CENT_MEMORY_CD4_TCELL_UP","21/2154","192/21355",0.381371185265469,0.42556762773076,0.126863809475154
"GSE2770_TGFB_AND_IL4_VS_TGFB_AND_IL12_TREATED_ACT_CD4_TCELL_2H_UP","GSE2770_TGFB_AND_IL4_VS_TGFB_AND_IL12_TREATED_ACT_CD4_TCELL_2H_UP","21/2154","192/21355",0.381371185265469,0.42556762773076,0.126863809475154
"GSE3920_UNTREATED_VS_IFNG_TREATED_ENDOTHELIAL_CELL_UP","GSE3920_UNTREATED_VS_IFNG_TREATED_ENDOTHELIAL_CELL_UP","17/2154","154/21355",0.385030899858304,0.429557711319115,0.128053273078959
"GSE37605_TREG_VS_TCONV_C57BL6_FOXP3_FUSION_GFP_UP","GSE37605_TREG_VS_TCONV_C57BL6_FOXP3_FUSION_GFP_UP","15/2154","135/21355",0.386558228077988,0.431073548563305,0.128505151640229
"GSE40274_FOXP3_VS_FOXP3_AND_SATB1_TRANSDUCED_ACTIVATED_CD4_TCELL_UP","GSE40274_FOXP3_VS_FOXP3_AND_SATB1_TRANSDUCED_ACTIVATED_CD4_TCELL_UP","15/2154","135/21355",0.386558228077988,0.431073548563305,0.128505151640229
"GSE25088_CTRL_VS_ROSIGLITAZONE_STIM_MACROPHAGE_DN","GSE25088_CTRL_VS_ROSIGLITAZONE_STIM_MACROPHAGE_DN","20/2154","184/21355",0.39682022061782,0.442324348815983,0.131859070704302
"GSE9960_HEALTHY_VS_SEPSIS_PBMC_DN","GSE9960_HEALTHY_VS_SEPSIS_PBMC_DN","20/2154","184/21355",0.39682022061782,0.442324348815983,0.131859070704302
"HOFT_CD4_POSITIVE_ALPHA_BETA_MEMORY_T_CELL_BCG_VACCINE_AGE_18_45YO_ID_56D_TOP_100_DEG_AFTER_IN_VITRO_RE_STIMULATION_DN","HOFT_CD4_POSITIVE_ALPHA_BETA_MEMORY_T_CELL_BCG_VACCINE_AGE_18_45YO_ID_56D_TOP_100_DEG_AFTER_IN_VITRO_RE_STIMULATION_DN","5/2154","41/21355",0.398890233762716,0.444534822412548,0.132518023789385
"GSE29614_CTRL_VS_DAY7_TIV_FLU_VACCINE_PBMC_DN","GSE29614_CTRL_VS_DAY7_TIV_FLU_VACCINE_PBMC_DN","21/2154","194/21355",0.400198841203183,0.445895984979707,0.132923793066305
"GSE12963_UNINF_VS_ENV_AND_NEF_DEFICIENT_HIV1_INF_CD4_TCELL_DN","GSE12963_UNINF_VS_ENV_AND_NEF_DEFICIENT_HIV1_INF_CD4_TCELL_DN","16/2154","146/21355",0.402152843204316,0.447975487429993,0.133543703006501
"GSE32901_TH1_VS_TH17_ENRICHED_CD4_TCELL_DN","GSE32901_TH1_VS_TH17_ENRICHED_CD4_TCELL_DN","17/2154","156/21355",0.406111535210256,0.452226574901966,0.134810973155743
"ERWIN_COHEN_BLOOD_VACCINE_TC_83_AGE_23_48YO_VACCINATED_VS_CONTROL_2DY_DN","ERWIN_COHEN_BLOOD_VACCINE_TC_83_AGE_23_48YO_VACCINATED_VS_CONTROL_2DY_DN","4/2154","32/21355",0.406234433507672,0.452226574901966,0.134810973155743
"FULLER_PBMC_F_TULARENSIS_VACCINE_LVS_AGE_22_54YO_336HR_DN","FULLER_PBMC_F_TULARENSIS_VACCINE_LVS_AGE_22_54YO_336HR_DN","4/2154","32/21355",0.406234433507672,0.452226574901966,0.134810973155743
"GSE45365_WT_VS_IFNAR_KO_BCELL_MCMV_INFECTION_UP","GSE45365_WT_VS_IFNAR_KO_BCELL_MCMV_INFECTION_UP","20/2154","185/21355",0.406510083507833,0.452434927508827,0.13487308409581
"GSE17974_IL4_AND_ANTI_IL12_VS_UNTREATED_24H_ACT_CD4_TCELL_UP","GSE17974_IL4_AND_ANTI_IL12_VS_UNTREATED_24H_ACT_CD4_TCELL_UP","20/2154","186/21355",0.416220460930203,0.463040734711952,0.13803472754957
"GSE21927_SPLEEN_VS_C26GM_TUMOR_MONOCYTE_BALBC_UP","GSE21927_SPLEEN_VS_C26GM_TUMOR_MONOCYTE_BALBC_UP","20/2154","186/21355",0.416220460930203,0.463040734711952,0.13803472754957
"PATEL_SKIN_OF_BODY_ZOSTAVAX_AGE_70_93YO_VZV_CHALLENGE_3DY_DN","PATEL_SKIN_OF_BODY_ZOSTAVAX_AGE_70_93YO_VZV_CHALLENGE_3DY_DN","5/2154","42/21355",0.419598317874067,0.466677674257125,0.139118917171774
"HOEK_MONOCYTE_2011_2012_TIV_ADULT_7DY_DN","HOEK_MONOCYTE_2011_2012_TIV_ADULT_7DY_DN","2/2154","14/21355",0.419854743121997,0.466677674257125,0.139118917171774
"HOEK_T_CELL_2011_2012_TIV_ADULT_3DY_DN","HOEK_T_CELL_2011_2012_TIV_ADULT_3DY_DN","2/2154","14/21355",0.419854743121997,0.466677674257125,0.139118917171774
"HOWARD_B_CELL_INACT_MONOV_INFLUENZA_A_INDONESIA_05_2005_H5N1_AGE_18_49YO_1DY_UP","HOWARD_B_CELL_INACT_MONOV_INFLUENZA_A_INDONESIA_05_2005_H5N1_AGE_18_49YO_1DY_UP","2/2154","14/21355",0.419854743121997,0.466677674257125,0.139118917171774
"GSE13522_CTRL_VS_T_CRUZI_G_STRAIN_INF_SKIN_DN","GSE13522_CTRL_VS_T_CRUZI_G_STRAIN_INF_SKIN_DN","15/2154","138/21355",0.42040516330917,0.46718791567046,0.139271022654498
"GSE2585_AIRE_KO_VS_WT_CD80_LOW_MTEC_UP","GSE2585_AIRE_KO_VS_WT_CD80_LOW_MTEC_UP","21/2154","197/21355",0.428607328567837,0.475992456769624,0.141895699795653
"GSE43863_NAIVE_VS_LY6C_INT_CXCR5POS_CD4_EFF_TCELL_D6_LCMV_UP","GSE43863_NAIVE_VS_LY6C_INT_CXCR5POS_CD4_EFF_TCELL_D6_LCMV_UP","21/2154","197/21355",0.428607328567837,0.475992456769624,0.141895699795653
"GSE9006_TYPE_1_DIABETES_AT_DX_VS_1MONTH_POST_DX_PBMC_DN","GSE9006_TYPE_1_DIABETES_AT_DX_VS_1MONTH_POST_DX_PBMC_DN","21/2154","197/21355",0.428607328567837,0.475992456769624,0.141895699795653
"WEINBERGER_BLOOD_TWINRIX_AGE_20_40_AND_60_84YO_CORRELATED_WITH_ANTI_HBS_CONC_PRIMARY_VACC_1DY_SIGNIFICANT","WEINBERGER_BLOOD_TWINRIX_AGE_20_40_AND_60_84YO_CORRELATED_WITH_ANTI_HBS_CONC_PRIMARY_VACC_1DY_SIGNIFICANT","4/2154","33/21355",0.42976949895571,0.477179467570151,0.142249553571717
"GSE1432_CTRL_VS_IFNG_1H_MICROGLIA_DN","GSE1432_CTRL_VS_IFNG_1H_MICROGLIA_DN","21/2154","198/21355",0.438099167773451,0.485689732182493,0.144786505440261
"GSE18791_UNSTIM_VS_NEWCATSLE_VIRUS_DC_6H_UP","GSE18791_UNSTIM_VS_NEWCATSLE_VIRUS_DC_6H_UP","21/2154","198/21355",0.438099167773451,0.485689732182493,0.144786505440261
"GSE19401_PAM2CSK4_VS_RETINOIC_ACID_AND_PAM2CSK4_STIM_FOLLICULAR_DC_UP","GSE19401_PAM2CSK4_VS_RETINOIC_ACID_AND_PAM2CSK4_STIM_FOLLICULAR_DC_UP","21/2154","198/21355",0.438099167773451,0.485689732182493,0.144786505440261
"GSE20152_HTNFA_OVERXPRESS_ANKLE_VS_CTRL_SPHK1_KO_ANKLE_DN","GSE20152_HTNFA_OVERXPRESS_ANKLE_VS_CTRL_SPHK1_KO_ANKLE_DN","21/2154","198/21355",0.438099167773451,0.485689732182493,0.144786505440261
"GSE22601_DOUBLE_NEGATIVE_VS_CD8_SINGLE_POSITIVE_THYMOCYTE_DN","GSE22601_DOUBLE_NEGATIVE_VS_CD8_SINGLE_POSITIVE_THYMOCYTE_DN","21/2154","198/21355",0.438099167773451,0.485689732182493,0.144786505440261
"GSE3982_MAST_CELL_VS_CENT_MEMORY_CD4_TCELL_DN","GSE3982_MAST_CELL_VS_CENT_MEMORY_CD4_TCELL_DN","21/2154","198/21355",0.438099167773451,0.485689732182493,0.144786505440261
"GSE40274_XBP1_VS_FOXP3_AND_XBP1_TRANSDUCED_ACTIVATED_CD4_TCELL_DN","GSE40274_XBP1_VS_FOXP3_AND_XBP1_TRANSDUCED_ACTIVATED_CD4_TCELL_DN","21/2154","198/21355",0.438099167773451,0.485689732182493,0.144786505440261
"FRANCO_BLOOD_SANOFI_PASTEUR_SA_INACTIVATED_INFLUENZA_VACCINE_CORRELATED_WITH_ANTIBODY_RESPONSE_AGE_18_40YO_14DY_POSITIVE","FRANCO_BLOOD_SANOFI_PASTEUR_SA_INACTIVATED_INFLUENZA_VACCINE_CORRELATED_WITH_ANTIBODY_RESPONSE_AGE_18_40YO_14DY_POSITIVE","3/2154","24/21355",0.441523128750195,0.489379526837145,0.145886451431374
"GSE11884_WT_VS_FURIN_KO_NAIVE_CD4_TCELL_UP","GSE11884_WT_VS_FURIN_KO_NAIVE_CD4_TCELL_UP","15/2154","140/21355",0.4430254481706,0.49089580370372,0.146338461046247
"GSE40274_CTRL_VS_HELIOS_TRANSDUCED_ACTIVATED_CD4_TCELL_DN","GSE40274_CTRL_VS_HELIOS_TRANSDUCED_ACTIVATED_CD4_TCELL_DN","19/2154","179/21355",0.443083147680944,0.49089580370372,0.146338461046247
"GSE11924_TH2_VS_TH17_CD4_TCELL_UP","GSE11924_TH2_VS_TH17_CD4_TCELL_UP","21/2154","199/21355",0.447593038453335,0.494606268772834,0.147444568989894
"GSE17721_CTRL_VS_CPG_24H_BMDC_DN","GSE17721_CTRL_VS_CPG_24H_BMDC_DN","21/2154","199/21355",0.447593038453335,0.494606268772834,0.147444568989894
"GSE17721_LPS_VS_PAM3CSK4_4H_BMDC_UP","GSE17721_LPS_VS_PAM3CSK4_4H_BMDC_UP","21/2154","199/21355",0.447593038453335,0.494606268772834,0.147444568989894
"GSE21546_WT_VS_ELK1_KO_DP_THYMOCYTES_DN","GSE21546_WT_VS_ELK1_KO_DP_THYMOCYTES_DN","21/2154","199/21355",0.447593038453335,0.494606268772834,0.147444568989894
"GSE22589_HIV_VS_HIV_AND_SIV_INFECTED_DC_UP","GSE22589_HIV_VS_HIV_AND_SIV_INFECTED_DC_UP","21/2154","199/21355",0.447593038453335,0.494606268772834,0.147444568989894
"GSE23505_UNTREATED_VS_4DAY_IL6_IL1_TREATED_CD4_TCELL_UP","GSE23505_UNTREATED_VS_4DAY_IL6_IL1_TREATED_CD4_TCELL_UP","21/2154","199/21355",0.447593038453335,0.494606268772834,0.147444568989894
"GSE29618_PRE_VS_DAY7_POST_TIV_FLU_VACCINE_MONOCYTE_DN","GSE29618_PRE_VS_DAY7_POST_TIV_FLU_VACCINE_MONOCYTE_DN","21/2154","199/21355",0.447593038453335,0.494606268772834,0.147444568989894
"GSE36476_YOUNG_VS_OLD_DONOR_MEMORY_CD4_TCELL_72H_TSST_ACT_UP","GSE36476_YOUNG_VS_OLD_DONOR_MEMORY_CD4_TCELL_72H_TSST_ACT_UP","21/2154","199/21355",0.447593038453335,0.494606268772834,0.147444568989894
"GSE38681_WT_VS_LYL1_KO_LYMPHOID_PRIMED_MULTIPOTENT_PROGENITOR_UP","GSE38681_WT_VS_LYL1_KO_LYMPHOID_PRIMED_MULTIPOTENT_PROGENITOR_UP","21/2154","199/21355",0.447593038453335,0.494606268772834,0.147444568989894
"GSE3982_MAC_VS_TH2_DN","GSE3982_MAC_VS_TH2_DN","21/2154","199/21355",0.447593038453335,0.494606268772834,0.147444568989894
"GSE4142_NAIVE_BCELL_VS_PLASMA_CELL_UP","GSE4142_NAIVE_BCELL_VS_PLASMA_CELL_UP","21/2154","199/21355",0.447593038453335,0.494606268772834,0.147444568989894
"GSE4984_GALECTIN1_VS_VEHICLE_CTRL_TREATED_DC_DN","GSE4984_GALECTIN1_VS_VEHICLE_CTRL_TREATED_DC_DN","21/2154","199/21355",0.447593038453335,0.494606268772834,0.147444568989894
"MATSUMIYA_PBMC_MODIFIED_VACCINIA_ANKARA_VACCINE_AGE_18_55YO_VACCINATED_VS_CONTROL_TREATED_IN_VITRO_WITH_WILD_TYPE_MVA_6HR_UP","MATSUMIYA_PBMC_MODIFIED_VACCINIA_ANKARA_VACCINE_AGE_18_55YO_VACCINATED_VS_CONTROL_TREATED_IN_VITRO_WITH_WILD_TYPE_MVA_6HR_UP","4/2154","34/21355",0.453047601490497,0.500525580471243,0.149209145011655
"GSE5589_WT_VS_IL6_KO_LPS_AND_IL10_STIM_MACROPHAGE_180MIN_UP","GSE5589_WT_VS_IL6_KO_LPS_AND_IL10_STIM_MACROPHAGE_180MIN_UP","11/2154","102/21355",0.45489403373975,0.500871860279728,0.149312372731026
"GSE21063_CTRL_VS_ANTI_IGM_STIM_BCELL_3H_UP","GSE21063_CTRL_VS_ANTI_IGM_STIM_BCELL_3H_UP","20/2154","190/21355",0.455147937045549,0.500871860279728,0.149312372731026
"GSE5099_MONOCYTE_VS_ALTERNATIVE_M2_MACROPHAGE_DN","GSE5099_MONOCYTE_VS_ALTERNATIVE_M2_MACROPHAGE_DN","20/2154","190/21355",0.455147937045549,0.500871860279728,0.149312372731026
"GSE10094_LCMV_VS_LISTERIA_IND_EFF_CD4_TCELL_DN","GSE10094_LCMV_VS_LISTERIA_IND_EFF_CD4_TCELL_DN","21/2154","200/21355",0.457083532185647,0.500871860279728,0.149312372731026
"GSE10273_HIGH_IL7_VS_HIGH_IL7_AND_IRF4_IN_IRF4_8_NULL_PRE_BCELL_UP","GSE10273_HIGH_IL7_VS_HIGH_IL7_AND_IRF4_IN_IRF4_8_NULL_PRE_BCELL_UP","21/2154","200/21355",0.457083532185647,0.500871860279728,0.149312372731026
"GSE14000_TRANSLATED_RNA_VS_MRNA_DC_UP","GSE14000_TRANSLATED_RNA_VS_MRNA_DC_UP","21/2154","200/21355",0.457083532185647,0.500871860279728,0.149312372731026
"GSE15324_ELF4_KO_VS_WT_NAIVE_CD8_TCELL_UP","GSE15324_ELF4_KO_VS_WT_NAIVE_CD8_TCELL_UP","21/2154","200/21355",0.457083532185647,0.500871860279728,0.149312372731026
"GSE15330_WT_VS_IKAROS_KO_GRANULOCYTE_MONOCYTE_PROGENITOR_UP","GSE15330_WT_VS_IKAROS_KO_GRANULOCYTE_MONOCYTE_PROGENITOR_UP","21/2154","200/21355",0.457083532185647,0.500871860279728,0.149312372731026
"GSE15659_NAIVE_VS_PTPRC_NEG_CD4_TCELL_DN","GSE15659_NAIVE_VS_PTPRC_NEG_CD4_TCELL_DN","21/2154","200/21355",0.457083532185647,0.500871860279728,0.149312372731026
"GSE16385_MONOCYTE_VS_MACROPHAGE_DN","GSE16385_MONOCYTE_VS_MACROPHAGE_DN","21/2154","200/21355",0.457083532185647,0.500871860279728,0.149312372731026
"GSE16385_UNTREATED_VS_12H_ROSIGLITAZONE_IL4_TREATED_MACROPHAGE_DN","GSE16385_UNTREATED_VS_12H_ROSIGLITAZONE_IL4_TREATED_MACROPHAGE_DN","21/2154","200/21355",0.457083532185647,0.500871860279728,0.149312372731026
"GSE17721_0.5H_VS_12H_PAM3CSK4_BMDC_DN","GSE17721_0.5H_VS_12H_PAM3CSK4_BMDC_DN","21/2154","200/21355",0.457083532185647,0.500871860279728,0.149312372731026
"GSE17721_12H_VS_24H_LPS_BMDC_DN","GSE17721_12H_VS_24H_LPS_BMDC_DN","21/2154","200/21355",0.457083532185647,0.500871860279728,0.149312372731026
"GSE17721_4_VS_24H_CPG_BMDC_UP","GSE17721_4_VS_24H_CPG_BMDC_UP","21/2154","200/21355",0.457083532185647,0.500871860279728,0.149312372731026
"GSE17721_CTRL_VS_CPG_1H_BMDC_DN","GSE17721_CTRL_VS_CPG_1H_BMDC_DN","21/2154","200/21355",0.457083532185647,0.500871860279728,0.149312372731026
"GSE19888_CTRL_VS_A3R_INHIBITOR_TREATED_MAST_CELL_UP","GSE19888_CTRL_VS_A3R_INHIBITOR_TREATED_MAST_CELL_UP","21/2154","200/21355",0.457083532185647,0.500871860279728,0.149312372731026
"GSE20366_CD103_POS_VS_NEG_TREG_KLRG1NEG_UP","GSE20366_CD103_POS_VS_NEG_TREG_KLRG1NEG_UP","21/2154","200/21355",0.457083532185647,0.500871860279728,0.149312372731026
"GSE21380_TFH_VS_GERMINAL_CENTER_TFH_CD4_TCELL_DN","GSE21380_TFH_VS_GERMINAL_CENTER_TFH_CD4_TCELL_DN","21/2154","200/21355",0.457083532185647,0.500871860279728,0.149312372731026
"GSE21546_WT_VS_ELK1_KO_ANTI_CD3_STIM_DP_THYMOCYTES_UP","GSE21546_WT_VS_ELK1_KO_ANTI_CD3_STIM_DP_THYMOCYTES_UP","21/2154","200/21355",0.457083532185647,0.500871860279728,0.149312372731026
"GSE22432_MULTIPOTENT_VS_COMMON_DC_PROGENITOR_UNTREATED_UP","GSE22432_MULTIPOTENT_VS_COMMON_DC_PROGENITOR_UNTREATED_UP","21/2154","200/21355",0.457083532185647,0.500871860279728,0.149312372731026
"GSE22589_SIV_VS_HIV_AND_SIV_INFECTED_DC_UP","GSE22589_SIV_VS_HIV_AND_SIV_INFECTED_DC_UP","21/2154","200/21355",0.457083532185647,0.500871860279728,0.149312372731026
"GSE23925_LIGHT_ZONE_VS_DARK_ZONE_BCELL_DN","GSE23925_LIGHT_ZONE_VS_DARK_ZONE_BCELL_DN","21/2154","200/21355",0.457083532185647,0.500871860279728,0.149312372731026
"GSE26488_CTRL_VS_PEPTIDE_INJECTION_HDAC7_DELTAP_TG_OT2_THYMOCYTE_UP","GSE26488_CTRL_VS_PEPTIDE_INJECTION_HDAC7_DELTAP_TG_OT2_THYMOCYTE_UP","21/2154","200/21355",0.457083532185647,0.500871860279728,0.149312372731026
"GSE27786_LIN_NEG_VS_NKCELL_UP","GSE27786_LIN_NEG_VS_NKCELL_UP","21/2154","200/21355",0.457083532185647,0.500871860279728,0.149312372731026
"GSE34156_NOD2_LIGAND_VS_NOD2_AND_TLR1_TLR2_LIGAND_6H_TREATED_MONOCYTE_DN","GSE34156_NOD2_LIGAND_VS_NOD2_AND_TLR1_TLR2_LIGAND_6H_TREATED_MONOCYTE_DN","21/2154","200/21355",0.457083532185647,0.500871860279728,0.149312372731026
"GSE34156_TLR1_TLR2_LIGAND_VS_NOD2_AND_TLR1_TLR2_LIGAND_24H_TREATED_MONOCYTE_DN","GSE34156_TLR1_TLR2_LIGAND_VS_NOD2_AND_TLR1_TLR2_LIGAND_24H_TREATED_MONOCYTE_DN","21/2154","200/21355",0.457083532185647,0.500871860279728,0.149312372731026
"GSE36078_UNTREATED_VS_AD5_INF_MOUSE_LUNG_DC_UP","GSE36078_UNTREATED_VS_AD5_INF_MOUSE_LUNG_DC_UP","21/2154","200/21355",0.457083532185647,0.500871860279728,0.149312372731026
"GSE3982_NEUTROPHIL_VS_BASOPHIL_DN","GSE3982_NEUTROPHIL_VS_BASOPHIL_DN","21/2154","200/21355",0.457083532185647,0.500871860279728,0.149312372731026
"GSE3982_NEUTROPHIL_VS_CENT_MEMORY_CD4_TCELL_DN","GSE3982_NEUTROPHIL_VS_CENT_MEMORY_CD4_TCELL_DN","21/2154","200/21355",0.457083532185647,0.500871860279728,0.149312372731026
"GSE40274_FOXP3_VS_FOXP3_AND_GATA1_TRANSDUCED_ACTIVATED_CD4_TCELL_UP","GSE40274_FOXP3_VS_FOXP3_AND_GATA1_TRANSDUCED_ACTIVATED_CD4_TCELL_UP","21/2154","200/21355",0.457083532185647,0.500871860279728,0.149312372731026
"GSE40685_NAIVE_CD4_TCELL_VS_FOXP3_KO_TREG_PRECURSOR_UP","GSE40685_NAIVE_CD4_TCELL_VS_FOXP3_KO_TREG_PRECURSOR_UP","21/2154","200/21355",0.457083532185647,0.500871860279728,0.149312372731026
"GSE411_WT_VS_SOCS3_KO_MACROPHAGE_UP","GSE411_WT_VS_SOCS3_KO_MACROPHAGE_UP","21/2154","200/21355",0.457083532185647,0.500871860279728,0.149312372731026
"GSE41867_DAY8_VS_DAY15_LCMV_CLONE13_EFFECTOR_CD8_TCELL_DN","GSE41867_DAY8_VS_DAY15_LCMV_CLONE13_EFFECTOR_CD8_TCELL_DN","21/2154","200/21355",0.457083532185647,0.500871860279728,0.149312372731026
"GSE43863_TH1_VS_LY6C_INT_CXCR5POS_MEMORY_CD4_TCELL_DN","GSE43863_TH1_VS_LY6C_INT_CXCR5POS_MEMORY_CD4_TCELL_DN","21/2154","200/21355",0.457083532185647,0.500871860279728,0.149312372731026
"GSE43955_TH0_VS_TGFB_IL6_TH17_ACT_CD4_TCELL_60H_DN","GSE43955_TH0_VS_TGFB_IL6_TH17_ACT_CD4_TCELL_60H_DN","21/2154","200/21355",0.457083532185647,0.500871860279728,0.149312372731026
"GSE43956_WT_VS_SGK1_KO_TH17_DIFFERENTIATED_CD4_TCELL_UP","GSE43956_WT_VS_SGK1_KO_TH17_DIFFERENTIATED_CD4_TCELL_UP","21/2154","200/21355",0.457083532185647,0.500871860279728,0.149312372731026
"GSE46606_DAY1_VS_DAY3_CD40L_IL2_IL5_STIMULATED_IRF4_KO_BCELL_UP","GSE46606_DAY1_VS_DAY3_CD40L_IL2_IL5_STIMULATED_IRF4_KO_BCELL_UP","21/2154","200/21355",0.457083532185647,0.500871860279728,0.149312372731026
"GSE46606_DAY1_VS_DAY3_CD40L_IL2_IL5_STIMULATED_IRF4MID_BCELL_UP","GSE46606_DAY1_VS_DAY3_CD40L_IL2_IL5_STIMULATED_IRF4MID_BCELL_UP","21/2154","200/21355",0.457083532185647,0.500871860279728,0.149312372731026
"GSE4590_PRE_BCELL_VS_SMALL_PRE_BCELL_DN","GSE4590_PRE_BCELL_VS_SMALL_PRE_BCELL_DN","13/2154","122/21355",0.460817712012367,0.504855573498871,0.150499937296337
"GSE17974_CTRL_VS_ACT_IL4_AND_ANTI_IL12_0.5H_CD4_TCELL_DN","GSE17974_CTRL_VS_ACT_IL4_AND_ANTI_IL12_0.5H_CD4_TCELL_DN","20/2154","191/21355",0.464871963106509,0.509079106310469,0.151758993265373
"GSE29614_DAY3_VS_DAY7_TIV_FLU_VACCINE_PBMC_DN","GSE29614_DAY3_VS_DAY7_TIV_FLU_VACCINE_PBMC_DN","20/2154","191/21355",0.464871963106509,0.509079106310469,0.151758993265373
"HARALAMBIEVA_PBMC_TIV_AGE_50_74YO_CORRELATED_WITH_MEMORY_B_CELL_RESPONSE_28DY_NEGATIVE","HARALAMBIEVA_PBMC_TIV_AGE_50_74YO_CORRELATED_WITH_MEMORY_B_CELL_RESPONSE_28DY_NEGATIVE","3/2154","25/21355",0.468847674514117,0.513322946421987,0.153024102940706
"GSE14415_TCONV_VS_FOXP3_KO_INDUCED_TREG_UP","GSE14415_TCONV_VS_FOXP3_KO_INDUCED_TREG_UP","18/2154","172/21355",0.471381717341449,0.515986880917754,0.153818234957108
"GSE21927_SPLEEN_VS_TUMOR_MONOCYTE_BALBC_UP","GSE21927_SPLEEN_VS_TUMOR_MONOCYTE_BALBC_UP","20/2154","192/21355",0.474581355878723,0.519266953265121,0.154796040706948
"GSE26495_PD1HIGH_VS_PD1LOW_CD8_TCELL_UP","GSE26495_PD1HIGH_VS_PD1LOW_CD8_TCELL_UP","20/2154","192/21355",0.474581355878723,0.519266953265121,0.154796040706948
"GSE12507_PDC_CELL_LINE_VS_IMMATUE_T_CELL_LINE_UP","GSE12507_PDC_CELL_LINE_VS_IMMATUE_T_CELL_LINE_UP","16/2154","153/21355",0.47856590470553,0.523402667542112,0.156028917537542
"GSE36891_POLYIC_TLR3_VS_PAM_TLR2_STIM_PERITONEAL_MACROPHAGE_UP","GSE36891_POLYIC_TLR3_VS_PAM_TLR2_STIM_PERITONEAL_MACROPHAGE_UP","16/2154","153/21355",0.47856590470553,0.523402667542112,0.156028917537542
"GSE18281_CORTEX_VS_MEDULLA_THYMUS_UP","GSE18281_CORTEX_VS_MEDULLA_THYMUS_UP","20/2154","193/21355",0.484270511461905,0.52941525018275,0.157821298087357
"GSE3400_UNTREATED_VS_IFNB_TREATED_MEF_DN","GSE3400_UNTREATED_VS_IFNB_TREATED_MEF_DN","20/2154","193/21355",0.484270511461905,0.52941525018275,0.157821298087357
"GSE10147_IL3_VS_IL3_AND_HIVP17_STIM_PDC_DN","GSE10147_IL3_VS_IL3_AND_HIVP17_STIM_PDC_DN","15/2154","144/21355",0.488071342682338,0.533456343551687,0.159025967958422
"GSE10147_IL3_AND_HIVP17_VS_IL3_AND_CPG_STIM_PDC_UP","GSE10147_IL3_AND_HIVP17_VS_IL3_AND_CPG_STIM_PDC_UP","16/2154","154/21355",0.489410542948687,0.534805750394665,0.159428232795964
"HOFT_CD4_POSITIVE_ALPHA_BETA_MEMORY_T_CELL_BCG_VACCINE_AGE_18_45YO_ID_7DY_TOP_100_DEG_EX_VIVO_DN","HOFT_CD4_POSITIVE_ALPHA_BETA_MEMORY_T_CELL_BCG_VACCINE_AGE_18_45YO_ID_7DY_TOP_100_DEG_EX_VIVO_DN","2/2154","16/21355",0.490082725741957,0.535425849726202,0.159613087466116
"GSE1112_OT1_CD8AB_VS_HY_CD8AA_THYMOCYTE_RTOC_CULTURE_DN","GSE1112_OT1_CD8AB_VS_HY_CD8AA_THYMOCYTE_RTOC_CULTURE_DN","20/2154","194/21355",0.493933921836471,0.539287666527841,0.160764314107963
"GSE29617_CTRL_VS_DAY7_TIV_FLU_VACCINE_PBMC_2008_DN","GSE29617_CTRL_VS_DAY7_TIV_FLU_VACCINE_PBMC_2008_DN","20/2154","194/21355",0.493933921836471,0.539287666527841,0.160764314107963
"GSE45365_HEALTHY_VS_MCMV_INFECTION_CD11B_DC_IFNAR_KO_UP","GSE45365_HEALTHY_VS_MCMV_INFECTION_CD11B_DC_IFNAR_KO_UP","20/2154","194/21355",0.493933921836471,0.539287666527841,0.160764314107963
"GSE45365_NK_CELL_VS_BCELL_DN","GSE45365_NK_CELL_VS_BCELL_DN","15/2154","145/21355",0.499241490184399,0.544966212492065,0.162457116676482
"GSE15659_RESTING_TREG_VS_NONSUPPRESSIVE_TCELL_UP","GSE15659_RESTING_TREG_VS_NONSUPPRESSIVE_TCELL_UP","20/2154","195/21355",0.50356618268944,0.548983772300875,0.163654771077165
"GSE1740_MCSF_VS_MCSF_AND_IFNG_DAY2_DERIVED_MACROPHAGE_UP","GSE1740_MCSF_VS_MCSF_AND_IFNG_DAY2_DERIVED_MACROPHAGE_UP","20/2154","195/21355",0.50356618268944,0.548983772300875,0.163654771077165
"GSE18281_PERIMEDULLARY_CORTICAL_REGION_VS_WHOLE_CORTEX_THYMUS_DN","GSE18281_PERIMEDULLARY_CORTICAL_REGION_VS_WHOLE_CORTEX_THYMUS_DN","20/2154","195/21355",0.50356618268944,0.548983772300875,0.163654771077165
"GSE30971_2H_VS_4H_LPS_STIM_MACROPHAGE_WBP7_HET_UP","GSE30971_2H_VS_4H_LPS_STIM_MACROPHAGE_WBP7_HET_UP","20/2154","195/21355",0.50356618268944,0.548983772300875,0.163654771077165
"GSE45365_WT_VS_IFNAR_KO_BCELL_MCMV_INFECTION_DN","GSE45365_WT_VS_IFNAR_KO_BCELL_MCMV_INFECTION_DN","20/2154","195/21355",0.50356618268944,0.548983772300875,0.163654771077165
"GSE9006_1MONTH_VS_4MONTH_POST_TYPE_1_DIABETES_DX_PBMC_DN","GSE9006_1MONTH_VS_4MONTH_POST_TYPE_1_DIABETES_DX_PBMC_DN","20/2154","195/21355",0.50356618268944,0.548983772300875,0.163654771077165
"GSE13522_WT_VS_IFNG_KO_SKIN_DN","GSE13522_WT_VS_IFNG_KO_SKIN_DN","13/2154","126/21355",0.509038924891839,0.554713559883199,0.165362849024854
"GSE13887_HEALTHY_VS_LUPUS_RESTING_CD4_TCELL_DN","GSE13887_HEALTHY_VS_LUPUS_RESTING_CD4_TCELL_DN","13/2154","126/21355",0.509038924891839,0.554713559883199,0.165362849024854
"GSE16385_IFNG_TNF_VS_ROSIGLITAZONE_STIM_MACROPHAGE_UP","GSE16385_IFNG_TNF_VS_ROSIGLITAZONE_STIM_MACROPHAGE_UP","19/2154","186/21355",0.5126450030432,0.55840517694075,0.166463338283263
"GSE25123_WT_VS_PPARG_KO_MACROPHAGE_ROSIGLITAZONE_STIM_DN","GSE25123_WT_VS_PPARG_KO_MACROPHAGE_ROSIGLITAZONE_STIM_DN","19/2154","186/21355",0.5126450030432,0.55840517694075,0.166463338283263
"GSE14000_TRANSLATED_RNA_VS_MRNA_16H_LPS_DC_DN","GSE14000_TRANSLATED_RNA_VS_MRNA_16H_LPS_DC_DN","20/2154","196/21355",0.513162000812929,0.55849240318359,0.166489340856607
"GSE19401_PAM2CSK4_VS_RETINOIC_ACID_STIM_FOLLICULAR_DC_DN","GSE19401_PAM2CSK4_VS_RETINOIC_ACID_STIM_FOLLICULAR_DC_DN","20/2154","196/21355",0.513162000812929,0.55849240318359,0.166489340856607
"GSE20727_ROS_INH_VS_ROS_INH_AND_DNFB_ALLERGEN_TREATED_DC_DN","GSE20727_ROS_INH_VS_ROS_INH_AND_DNFB_ALLERGEN_TREATED_DC_DN","20/2154","196/21355",0.513162000812929,0.55849240318359,0.166489340856607
"GSE28130_ACTIVATED_VS_INDUCEED_TREG_DN","GSE28130_ACTIVATED_VS_INDUCEED_TREG_DN","20/2154","196/21355",0.513162000812929,0.55849240318359,0.166489340856607
"GSE11367_CTRL_VS_IL17_TREATED_SMOOTH_MUSCLE_CELL_DN","GSE11367_CTRL_VS_IL17_TREATED_SMOOTH_MUSCLE_CELL_DN","12/2154","117/21355",0.520710429207701,0.566362198615865,0.168835365702651
"ANDERSON_BLOOD_CN54GP140_ADJUVANTED_WITH_GLA_AF_AGE_18_45YO_6HR_UP","ANDERSON_BLOOD_CN54GP140_ADJUVANTED_WITH_GLA_AF_AGE_18_45YO_6HR_UP","4/2154","37/21355",0.520725346311985,0.566362198615865,0.168835365702651
"HOWARD_MONOCYTE_INACT_MONOV_INFLUENZA_A_INDONESIA_05_2005_H5N1_AGE_18_49YO_1DY_DN","HOWARD_MONOCYTE_INACT_MONOV_INFLUENZA_A_INDONESIA_05_2005_H5N1_AGE_18_49YO_1DY_DN","4/2154","37/21355",0.520725346311985,0.566362198615865,0.168835365702651
"GSE20151_CTRL_VS_FUSOBACT_NUCLEATUM_NEUTROPHIL_UP","GSE20151_CTRL_VS_FUSOBACT_NUCLEATUM_NEUTROPHIL_UP","20/2154","197/21355",0.522716201066612,0.567923488324179,0.169300793867728
"GSE23321_CENTRAL_MEMORY_VS_NAIVE_CD8_TCELL_DN","GSE23321_CENTRAL_MEMORY_VS_NAIVE_CD8_TCELL_DN","20/2154","197/21355",0.522716201066612,0.567923488324179,0.169300793867728
"GSE25088_CTRL_VS_IL4_STIM_STAT6_KO_MACROPHAGE_UP","GSE25088_CTRL_VS_IL4_STIM_STAT6_KO_MACROPHAGE_UP","20/2154","197/21355",0.522716201066612,0.567923488324179,0.169300793867728
"GSE28449_WT_VS_LRF_KO_GERMINAL_CENTER_BCELL_DN","GSE28449_WT_VS_LRF_KO_GERMINAL_CENTER_BCELL_DN","20/2154","197/21355",0.522716201066612,0.567923488324179,0.169300793867728
"GSE37534_UNTREATED_VS_ROSIGLITAZONE_TREATED_CD4_TCELL_PPARG1_AND_FOXP3_TRASDUCED_UP","GSE37534_UNTREATED_VS_ROSIGLITAZONE_TREATED_CD4_TCELL_PPARG1_AND_FOXP3_TRASDUCED_UP","20/2154","197/21355",0.522716201066612,0.567923488324179,0.169300793867728
"HARALAMBIEVA_PBMC_DRYVAX_AGE_18_40YO_STIMULATED_VS_UNSTIMULATED_9_TO_34MO_UP","HARALAMBIEVA_PBMC_DRYVAX_AGE_18_40YO_STIMULATED_VS_UNSTIMULATED_9_TO_34MO_UP","2/2154","17/21355",0.523132283033115,0.568254804153031,0.169399560750942
"GSE15324_ELF4_KO_VS_WT_NAIVE_CD8_TCELL_DN","GSE15324_ELF4_KO_VS_WT_NAIVE_CD8_TCELL_DN","20/2154","198/21355",0.532223732897304,0.577516966533089,0.172160657053725
"GSE21670_UNTREATED_VS_TGFB_IL6_TREATED_CD4_TCELL_DN","GSE21670_UNTREATED_VS_TGFB_IL6_TREATED_CD4_TCELL_DN","20/2154","198/21355",0.532223732897304,0.577516966533089,0.172160657053725
"GSE22342_CD11C_HIGH_VS_LOW_DECIDUAL_MACROPHAGES_UP","GSE22342_CD11C_HIGH_VS_LOW_DECIDUAL_MACROPHAGES_UP","20/2154","198/21355",0.532223732897304,0.577516966533089,0.172160657053725
"GSE30153_LUPUS_VS_HEALTHY_DONOR_BCELL_DN","GSE30153_LUPUS_VS_HEALTHY_DONOR_BCELL_DN","20/2154","198/21355",0.532223732897304,0.577516966533089,0.172160657053725
"GSE7460_TREG_VS_TCONV_ACT_WITH_TGFB_UP","GSE7460_TREG_VS_TCONV_ACT_WITH_TGFB_UP","20/2154","198/21355",0.532223732897304,0.577516966533089,0.172160657053725
"TSANG_PBMC_FLUVIRIN_PANDEMRIX_ADULT_CORR_WITH_CELL_FREQ_CD27HI_CD38HI_CD20_NEG_PLASMABLASTS_AND_CD38PLUS_OF_IGD_CD27PLUS_MEM_B_CELLS_7DY_POSITIVE","TSANG_PBMC_FLUVIRIN_PANDEMRIX_ADULT_CORR_WITH_CELL_FREQ_CD27HI_CD38HI_CD20_NEG_PLASMABLASTS_AND_CD38PLUS_OF_IGD_CD27PLUS_MEM_B_CELLS_7DY_POSITIVE","8/2154","78/21355",0.535189830870268,0.580612265062525,0.173083380816811
"GSE14000_TRANSLATED_RNA_VS_MRNA_4H_LPS_DC_UP","GSE14000_TRANSLATED_RNA_VS_MRNA_4H_LPS_DC_UP","20/2154","199/21355",0.541679676410597,0.585788533309514,0.174626451919704
"GSE15930_STIM_VS_STIM_AND_IL12_24H_CD8_T_CELL_DN","GSE15930_STIM_VS_STIM_AND_IL12_24H_CD8_T_CELL_DN","20/2154","199/21355",0.541679676410597,0.585788533309514,0.174626451919704
"GSE17721_PAM3CSK4_VS_CPG_2H_BMDC_UP","GSE17721_PAM3CSK4_VS_CPG_2H_BMDC_UP","20/2154","199/21355",0.541679676410597,0.585788533309514,0.174626451919704
"GSE18791_CTRL_VS_NEWCASTLE_VIRUS_DC_12H_UP","GSE18791_CTRL_VS_NEWCASTLE_VIRUS_DC_12H_UP","20/2154","199/21355",0.541679676410597,0.585788533309514,0.174626451919704
"GSE18791_CTRL_VS_NEWCASTLE_VIRUS_DC_8H_UP","GSE18791_CTRL_VS_NEWCASTLE_VIRUS_DC_8H_UP","20/2154","199/21355",0.541679676410597,0.585788533309514,0.174626451919704
"GSE20366_EX_VIVO_VS_DEC205_CONVERSION_NAIVE_CD4_TCELL_DN","GSE20366_EX_VIVO_VS_DEC205_CONVERSION_NAIVE_CD4_TCELL_DN","20/2154","199/21355",0.541679676410597,0.585788533309514,0.174626451919704
"GSE21360_PRIMARY_VS_SECONDARY_MEMORY_CD8_TCELL_UP","GSE21360_PRIMARY_VS_SECONDARY_MEMORY_CD8_TCELL_UP","20/2154","199/21355",0.541679676410597,0.585788533309514,0.174626451919704
"GSE2770_IL12_AND_TGFB_VS_IL4_TREATED_ACT_CD4_TCELL_6H_DN","GSE2770_IL12_AND_TGFB_VS_IL4_TREATED_ACT_CD4_TCELL_6H_DN","20/2154","199/21355",0.541679676410597,0.585788533309514,0.174626451919704
"GSE35543_IN_VIVO_NTREG_VS_CONVERTED_EX_ITREG_DN","GSE35543_IN_VIVO_NTREG_VS_CONVERTED_EX_ITREG_DN","20/2154","199/21355",0.541679676410597,0.585788533309514,0.174626451919704
"GSE35543_IN_VIVO_NTREG_VS_IN_VITRO_ITREG_UP","GSE35543_IN_VIVO_NTREG_VS_IN_VITRO_ITREG_UP","20/2154","199/21355",0.541679676410597,0.585788533309514,0.174626451919704
"GSE36888_UNTREATED_VS_IL2_TREATED_TCELL_2H_DN","GSE36888_UNTREATED_VS_IL2_TREATED_TCELL_2H_DN","20/2154","199/21355",0.541679676410597,0.585788533309514,0.174626451919704
"GSE39820_TGFBETA1_VS_TGFBETA3_IN_IL6_TREATED_CD4_TCELL_DN","GSE39820_TGFBETA1_VS_TGFBETA3_IN_IL6_TREATED_CD4_TCELL_DN","20/2154","199/21355",0.541679676410597,0.585788533309514,0.174626451919704
"GSE4142_PLASMA_CELL_VS_MEMORY_BCELL_UP","GSE4142_PLASMA_CELL_VS_MEMORY_BCELL_UP","20/2154","199/21355",0.541679676410597,0.585788533309514,0.174626451919704
"GSE5589_LPS_VS_LPS_AND_IL6_STIM_IL10_KO_MACROPHAGE_45MIN_UP","GSE5589_LPS_VS_LPS_AND_IL6_STIM_IL10_KO_MACROPHAGE_45MIN_UP","20/2154","199/21355",0.541679676410597,0.585788533309514,0.174626451919704
"GSE8921_UNSTIM_0H_VS_TLR1_2_STIM_MONOCYTE_24H_UP","GSE8921_UNSTIM_0H_VS_TLR1_2_STIM_MONOCYTE_24H_UP","20/2154","199/21355",0.541679676410597,0.585788533309514,0.174626451919704
"GSE37336_LY6C_POS_VS_NEG_NAIVE_CD4_TCELL_DN","GSE37336_LY6C_POS_VS_NEG_NAIVE_CD4_TCELL_DN","19/2154","189/21355",0.541905834198808,0.585909183814444,0.174662418430485
"GSE21033_CTRL_VS_POLYIC_STIM_DC_24H_DN","GSE21033_CTRL_VS_POLYIC_STIM_DC_24H_DN","16/2154","159/21355",0.542868814280397,0.586826267952573,0.174935805736734
"GSE36891_UNSTIM_VS_POLYIC_TLR3_STIM_PERITONEAL_MACROPHAGE_UP","GSE36891_UNSTIM_VS_POLYIC_TLR3_STIM_PERITONEAL_MACROPHAGE_UP","15/2154","149/21355",0.543313076312,0.587182362964121,0.175041959416564
"GSE10240_CTRL_VS_IL17_AND_IL22_STIM_PRIMARY_BRONCHIAL_EPITHELIAL_CELLS_UP","GSE10240_CTRL_VS_IL17_AND_IL22_STIM_PRIMARY_BRONCHIAL_EPITHELIAL_CELLS_UP","20/2154","200/21355",0.551079247991146,0.593318213303586,0.176871086675573
"GSE14350_TREG_VS_TEFF_DN","GSE14350_TREG_VS_TEFF_DN","20/2154","200/21355",0.551079247991146,0.593318213303586,0.176871086675573
"GSE17721_CTRL_VS_CPG_0.5H_BMDC_DN","GSE17721_CTRL_VS_CPG_0.5H_BMDC_DN","20/2154","200/21355",0.551079247991146,0.593318213303586,0.176871086675573
"GSE17721_CTRL_VS_LPS_0.5H_BMDC_DN","GSE17721_CTRL_VS_LPS_0.5H_BMDC_DN","20/2154","200/21355",0.551079247991146,0.593318213303586,0.176871086675573
"GSE17721_LPS_VS_CPG_1H_BMDC_UP","GSE17721_LPS_VS_CPG_1H_BMDC_UP","20/2154","200/21355",0.551079247991146,0.593318213303586,0.176871086675573
"GSE22589_SIV_VS_HIV_AND_SIV_INFECTED_DC_DN","GSE22589_SIV_VS_HIV_AND_SIV_INFECTED_DC_DN","20/2154","200/21355",0.551079247991146,0.593318213303586,0.176871086675573
"GSE23505_IL6_IL1_VS_IL6_IL1_TGFB_TREATED_CD4_TCELL_DN","GSE23505_IL6_IL1_VS_IL6_IL1_TGFB_TREATED_CD4_TCELL_DN","20/2154","200/21355",0.551079247991146,0.593318213303586,0.176871086675573
"GSE24210_IL35_TREATED_VS_UNTREATED_TCONV_CD4_TCELL_DN","GSE24210_IL35_TREATED_VS_UNTREATED_TCONV_CD4_TCELL_DN","20/2154","200/21355",0.551079247991146,0.593318213303586,0.176871086675573
"GSE27786_CD8_TCELL_VS_NKTCELL_UP","GSE27786_CD8_TCELL_VS_NKTCELL_UP","20/2154","200/21355",0.551079247991146,0.593318213303586,0.176871086675573
"GSE31082_DN_VS_CD4_SP_THYMOCYTE_UP","GSE31082_DN_VS_CD4_SP_THYMOCYTE_UP","20/2154","200/21355",0.551079247991146,0.593318213303586,0.176871086675573
"GSE3994_WT_VS_PAC1_KO_ACTIVATED_MAST_CELL_UP","GSE3994_WT_VS_PAC1_KO_ACTIVATED_MAST_CELL_UP","20/2154","200/21355",0.551079247991146,0.593318213303586,0.176871086675573
"GSE4142_PLASMA_CELL_VS_GC_BCELL_DN","GSE4142_PLASMA_CELL_VS_GC_BCELL_DN","20/2154","200/21355",0.551079247991146,0.593318213303586,0.176871086675573
"GSE41867_DAY6_VS_DAY8_LCMV_ARMSTRONG_EFFECTOR_CD8_TCELL_DN","GSE41867_DAY6_VS_DAY8_LCMV_ARMSTRONG_EFFECTOR_CD8_TCELL_DN","20/2154","200/21355",0.551079247991146,0.593318213303586,0.176871086675573
"GSE41978_WT_VS_ID2_KO_AND_BIM_KO_KLRG1_LOW_EFFECTOR_CD8_TCELL_DN","GSE41978_WT_VS_ID2_KO_AND_BIM_KO_KLRG1_LOW_EFFECTOR_CD8_TCELL_DN","20/2154","200/21355",0.551079247991146,0.593318213303586,0.176871086675573
"GSE45365_CTRL_VS_MCMV_INFECTION_NK_CELL_UP","GSE45365_CTRL_VS_MCMV_INFECTION_NK_CELL_UP","20/2154","200/21355",0.551079247991146,0.593318213303586,0.176871086675573
"GSE5542_IFNG_VS_IFNA_TREATED_EPITHELIAL_CELLS_24H_UP","GSE5542_IFNG_VS_IFNA_TREATED_EPITHELIAL_CELLS_24H_UP","20/2154","200/21355",0.551079247991146,0.593318213303586,0.176871086675573
"GSE557_CIITA_KO_VS_I_AB_KO_DC_DN","GSE557_CIITA_KO_VS_I_AB_KO_DC_DN","20/2154","200/21355",0.551079247991146,0.593318213303586,0.176871086675573
"GSE9650_NAIVE_VS_EXHAUSTED_CD8_TCELL_DN","GSE9650_NAIVE_VS_EXHAUSTED_CD8_TCELL_DN","20/2154","200/21355",0.551079247991146,0.593318213303586,0.176871086675573
"GSE37533_UNTREATED_VS_PIOGLIZATONE_TREATED_CD4_TCELL_FOXP3_TRASDUCED_CD4_TCELL_UP","GSE37533_UNTREATED_VS_PIOGLIZATONE_TREATED_CD4_TCELL_FOXP3_TRASDUCED_CD4_TCELL_UP","17/2154","170/21355",0.55267460493711,0.594910580009146,0.177345779046855
"GSE7218_UNSTIM_VS_ANTIGEN_STIM_THROUGH_IGM_BCELL_DN","GSE7218_UNSTIM_VS_ANTIGEN_STIM_THROUGH_IGM_BCELL_DN","12/2154","120/21355",0.557287235827621,0.599749449965613,0.178788270054702
"GSE45365_CD8A_DC_VS_CD11B_DC_IFNAR_KO_MCMV_INFECTION_DN","GSE45365_CD8A_DC_VS_CD11B_DC_IFNAR_KO_MCMV_INFECTION_DN","19/2154","191/21355",0.561120013987604,0.603747186767386,0.179980015119185
"GSE2706_LPS_VS_R848_AND_LPS_2H_STIM_DC_DN","GSE2706_LPS_VS_R848_AND_LPS_2H_STIM_DC_DN","18/2154","181/21355",0.56190345652556,0.60446294408062,0.180193385905635
"GSE17974_CTRL_VS_ACT_IL4_AND_ANTI_IL12_0.5H_CD4_TCELL_UP","GSE17974_CTRL_VS_ACT_IL4_AND_ANTI_IL12_0.5H_CD4_TCELL_UP","19/2154","192/21355",0.570624259675862,0.613715153496568,0.182951515180712
"LI_PBMC_MENOMUNE_A_C_Y_W_135_AGE_18_45YO_3DY_UP","LI_PBMC_MENOMUNE_A_C_Y_W_135_AGE_18_45YO_3DY_UP","3/2154","29/21355",0.571287697191872,0.614299473342175,0.183125703809581
"GSE13547_CTRL_VS_ANTI_IGM_STIM_ZFX_KO_BCELL_12H_UP","GSE13547_CTRL_VS_ANTI_IGM_STIM_ZFX_KO_BCELL_12H_UP","15/2154","152/21355",0.575520583192314,0.618720929743966,0.184443761777361
"GSE15659_NAIVE_VS_PTPRC_NEG_CD4_TCELL_UP","GSE15659_NAIVE_VS_PTPRC_NEG_CD4_TCELL_UP","19/2154","193/21355",0.580053691952099,0.623070278771236,0.185740324181035
"GSE16385_UNTREATED_VS_12H_ROSIGLITAZONE_TREATED_MACROPHAGE_DN","GSE16385_UNTREATED_VS_12H_ROSIGLITAZONE_TREATED_MACROPHAGE_DN","19/2154","193/21355",0.580053691952099,0.623070278771236,0.185740324181035
"GSE19888_ADENOSINE_A3R_ACT_VS_TCELL_MEMBRANES_ACT_AND_A3R_INH_PRETREAT_IN_MAST_CELL_UP","GSE19888_ADENOSINE_A3R_ACT_VS_TCELL_MEMBRANES_ACT_AND_A3R_INH_PRETREAT_IN_MAST_CELL_UP","19/2154","193/21355",0.580053691952099,0.623070278771236,0.185740324181035
"GSE9988_LPS_VS_LOW_LPS_MONOCYTE_UP","GSE9988_LPS_VS_LOW_LPS_MONOCYTE_UP","19/2154","193/21355",0.580053691952099,0.623070278771236,0.185740324181035
"QIU_PBMC_HEPTATITIS_B_SURFACE_ANTIGEN_AGE_UNDER50_NON_RESPONDERS_VS_RESPONDERS_0DY_UP","QIU_PBMC_HEPTATITIS_B_SURFACE_ANTIGEN_AGE_UNDER50_NON_RESPONDERS_VS_RESPONDERS_0DY_UP","2/2154","19/21355",0.584765166036636,0.627999221580617,0.187209666350733
"GSE17974_0H_VS_0.5H_IN_VITRO_ACT_CD4_TCELL_UP","GSE17974_0H_VS_0.5H_IN_VITRO_ACT_CD4_TCELL_UP","19/2154","194/21355",0.589403838421795,0.632715058965072,0.18861548074185
"GSE9006_TYPE_1_DIABETES_AT_DX_VS_4MONTH_POST_DX_PBMC_DN","GSE9006_TYPE_1_DIABETES_AT_DX_VS_4MONTH_POST_DX_PBMC_DN","19/2154","194/21355",0.589403838421795,0.632715058965072,0.18861548074185
"DHIMAN_PBMC_ATTENUVAX_AGE_15_25YO_SUBQ_7_OR_14DY_UP","DHIMAN_PBMC_ATTENUVAX_AGE_15_25YO_SUBQ_7_OR_14DY_UP","5/2154","51/21355",0.595069395897383,0.638662850802544,0.190388546833579
"GSE40274_FOXP3_VS_FOXP3_AND_HELIOS_TRANSDUCED_ACTIVATED_CD4_TCELL_UP","GSE40274_FOXP3_VS_FOXP3_AND_HELIOS_TRANSDUCED_ACTIVATED_CD4_TCELL_UP","15/2154","154/21355",0.596488839401718,0.640051927777751,0.190802637533261
"GSE13738_RESTING_VS_TCR_ACTIVATED_CD4_TCELL_UP","GSE13738_RESTING_VS_TCR_ACTIVATED_CD4_TCELL_UP","19/2154","195/21355",0.598670403529265,0.642123300449997,0.191420123946513
"GSE22886_IL2_VS_IL15_STIM_NKCELL_DN","GSE22886_IL2_VS_IL15_STIM_NKCELL_DN","19/2154","195/21355",0.598670403529265,0.642123300449997,0.191420123946513
"GSE13762_CTRL_VS_125_VITAMIND_DAY12_DC_DN","GSE13762_CTRL_VS_125_VITAMIND_DAY12_DC_DN","13/2154","134/21355",0.601372922764108,0.644886693391964,0.192243905016431
"GSE15659_CD45RA_NEG_CD4_TCELL_VS_NONSUPPRESSIVE_TCELL_UP","GSE15659_CD45RA_NEG_CD4_TCELL_VS_NONSUPPRESSIVE_TCELL_UP","19/2154","196/21355",0.60784927161746,0.651558349220141,0.194232758535161
"GSE19888_ADENOSINE_A3R_ACT_VS_A3R_ACT_WITH_A3R_INH_PRETREATMENT_IN_MAST_CELL_UP","GSE19888_ADENOSINE_A3R_ACT_VS_A3R_ACT_WITH_A3R_INH_PRETREATMENT_IN_MAST_CELL_UP","19/2154","196/21355",0.60784927161746,0.651558349220141,0.194232758535161
"GSE41867_NAIVE_VS_DAY15_LCMV_CONE13_EFFECTOR_CD8_TCELL_UP","GSE41867_NAIVE_VS_DAY15_LCMV_CONE13_EFFECTOR_CD8_TCELL_UP","18/2154","186/21355",0.609821384009504,0.653535262301529,0.194822086078338
"GSE12963_UNINF_VS_ENV_AND_NEF_AND_VPR_DEFICIENT_HIV1_INF_CD4_TCELL_UP","GSE12963_UNINF_VS_ENV_AND_NEF_AND_VPR_DEFICIENT_HIV1_INF_CD4_TCELL_UP","13/2154","135/21355",0.612366981888432,0.655988346615453,0.195553362615248
"GSE13522_CTRL_VS_T_CRUZI_Y_STRAIN_INF_SKIN_129_MOUSE_UP","GSE13522_CTRL_VS_T_CRUZI_Y_STRAIN_INF_SKIN_129_MOUSE_UP","13/2154","135/21355",0.612366981888432,0.655988346615453,0.195553362615248
"HOEK_NEUTROPHIL_2011_2012_TIV_ADULT_7DY_UP","HOEK_NEUTROPHIL_2011_2012_TIV_ADULT_7DY_UP","2/2154","20/21355",0.613294038227902,0.656568764124636,0.195726387938376
"SCHERER_PBMC_APSV_WETVAX_AGE_18_40YO_5_TO_7DY_DN","SCHERER_PBMC_APSV_WETVAX_AGE_18_40YO_5_TO_7DY_DN","2/2154","20/21355",0.613294038227902,0.656568764124636,0.195726387938376
"VOIGT_PBMC_FLUARIX_AGE_50_74YO_FEMALES_VS_MALES_0DY_TO_28D_UP","VOIGT_PBMC_FLUARIX_AGE_50_74YO_FEMALES_VS_MALES_0DY_TO_28D_UP","2/2154","20/21355",0.613294038227902,0.656568764124636,0.195726387938376
"GSE4142_NAIVE_VS_GC_BCELL_DN","GSE4142_NAIVE_VS_GC_BCELL_DN","19/2154","197/21355",0.616936509485247,0.660191790079127,0.196806429850551
"GSE9006_HEALTHY_VS_TYPE_1_DIABETES_PBMC_4MONTH_POST_DX_DN","GSE9006_HEALTHY_VS_TYPE_1_DIABETES_PBMC_4MONTH_POST_DX_DN","19/2154","197/21355",0.616936509485247,0.660191790079127,0.196806429850551
"GSE2706_R848_VS_LPS_8H_STIM_DC_UP","GSE2706_R848_VS_LPS_8H_STIM_DC_UP","18/2154","187/21355",0.61912717783406,0.662397417925413,0.197463938393568
"GSE14413_UNSTIM_VS_IFNB_STIM_RAW264_CELLS_UP","GSE14413_UNSTIM_VS_IFNB_STIM_RAW264_CELLS_UP","14/2154","146/21355",0.619931688488172,0.663119398167369,0.197679164265773
"GSE34217_MIR17_92_OVEREXPRESS_VS_WT_ACT_CD8_TCELL_UP","GSE34217_MIR17_92_OVEREXPRESS_VS_WT_ACT_CD8_TCELL_UP","13/2154","136/21355",0.62321616286299,0.66649325260792,0.19868492692029
"GSE15659_CD45RA_NEG_CD4_TCELL_VS_RESTING_TREG_DN","GSE15659_CD45RA_NEG_CD4_TCELL_VS_RESTING_TREG_DN","19/2154","198/21355",0.625928368452682,0.668415152025598,0.19925785461889
"GSE1566_WT_VS_EZH2_KO_LN_TCELL_DN","GSE1566_WT_VS_EZH2_KO_LN_TCELL_DN","19/2154","198/21355",0.625928368452682,0.668415152025598,0.19925785461889
"GSE29618_PRE_VS_DAY7_POST_TIV_FLU_VACCINE_MONOCYTE_UP","GSE29618_PRE_VS_DAY7_POST_TIV_FLU_VACCINE_MONOCYTE_UP","19/2154","198/21355",0.625928368452682,0.668415152025598,0.19925785461889
"GSE32034_UNTREATED_VS_ROSIGLIZATONE_TREATED_LY6C_LOW_MONOCYTE_DN","GSE32034_UNTREATED_VS_ROSIGLIZATONE_TREATED_LY6C_LOW_MONOCYTE_DN","19/2154","198/21355",0.625928368452682,0.668415152025598,0.19925785461889
"GSE360_L_MAJOR_VS_T_GONDII_DC_UP","GSE360_L_MAJOR_VS_T_GONDII_DC_UP","19/2154","198/21355",0.625928368452682,0.668415152025598,0.19925785461889
"GSE360_T_GONDII_VS_M_TUBERCULOSIS_MAC_DN","GSE360_T_GONDII_VS_M_TUBERCULOSIS_MAC_DN","19/2154","198/21355",0.625928368452682,0.668415152025598,0.19925785461889
"GSE7548_NAIVE_VS_DAY28_PCC_IMMUNIZATION_CD4_TCELL_DN","GSE7548_NAIVE_VS_DAY28_PCC_IMMUNIZATION_CD4_TCELL_DN","19/2154","198/21355",0.625928368452682,0.668415152025598,0.19925785461889
"GSE14000_TRANSLATED_RNA_VS_MRNA_16H_LPS_DC_UP","GSE14000_TRANSLATED_RNA_VS_MRNA_16H_LPS_DC_UP","18/2154","188/21355",0.628330629028118,0.6707003144511,0.199939072812376
"GSE21927_SPLEEN_VS_TUMOR_MONOCYTE_C57BL6_DN","GSE21927_SPLEEN_VS_TUMOR_MONOCYTE_C57BL6_DN","18/2154","188/21355",0.628330629028118,0.6707003144511,0.199939072812376
"GSE13522_CTRL_VS_T_CRUZI_BRAZIL_STRAIN_INF_SKIN_UP","GSE13522_CTRL_VS_T_CRUZI_BRAZIL_STRAIN_INF_SKIN_UP","14/2154","147/21355",0.630301918230487,0.672664101004483,0.200524487272791
"GSE3720_LPS_VS_PMA_STIM_VD2_GAMMADELTA_TCELL_UP","GSE3720_LPS_VS_PMA_STIM_VD2_GAMMADELTA_TCELL_UP","13/2154","137/21355",0.633914643587825,0.67607607478483,0.201541613490573
"GSE9946_MATURE_STIMULATORY_VS_PROSTAGLANDINE2_TREATED_MATURE_DC_DN","GSE9946_MATURE_STIMULATORY_VS_PROSTAGLANDINE2_TREATED_MATURE_DC_DN","13/2154","137/21355",0.633914643587825,0.67607607478483,0.201541613490573
"GSE17721_LPS_VS_PAM3CSK4_0.5H_BMDC_DN","GSE17721_LPS_VS_PAM3CSK4_0.5H_BMDC_DN","19/2154","199/21355",0.634821285946014,0.67607607478483,0.201541613490573
"GSE19888_CTRL_VS_A3R_ACTIVATION_MAST_CELL_DN","GSE19888_CTRL_VS_A3R_ACTIVATION_MAST_CELL_DN","19/2154","199/21355",0.634821285946014,0.67607607478483,0.201541613490573
"GSE27786_CD8_TCELL_VS_NKCELL_UP","GSE27786_CD8_TCELL_VS_NKCELL_UP","19/2154","199/21355",0.634821285946014,0.67607607478483,0.201541613490573
"GSE33513_TCF7_KO_VS_HET_EARLY_THYMIC_PROGENITOR_DN","GSE33513_TCF7_KO_VS_HET_EARLY_THYMIC_PROGENITOR_DN","19/2154","199/21355",0.634821285946014,0.67607607478483,0.201541613490573
"GSE36527_CD62L_HIGH_VS_CD62L_LOW_TREG_CD69_NEG_KLRG1_NEG_DN","GSE36527_CD62L_HIGH_VS_CD62L_LOW_TREG_CD69_NEG_KLRG1_NEG_DN","19/2154","199/21355",0.634821285946014,0.67607607478483,0.201541613490573
"GSE39820_TGFBETA1_VS_TGFBETA3_IN_IL6_IL23A_TREATED_CD4_TCELL_DN","GSE39820_TGFBETA1_VS_TGFBETA3_IN_IL6_IL23A_TREATED_CD4_TCELL_DN","19/2154","199/21355",0.634821285946014,0.67607607478483,0.201541613490573
"GSE41176_WT_VS_TAK1_KO_UNSTIM_BCELL_DN","GSE41176_WT_VS_TAK1_KO_UNSTIM_BCELL_DN","19/2154","199/21355",0.634821285946014,0.67607607478483,0.201541613490573
"GSE7460_CTRL_VS_FOXP3_OVEREXPR_TCONV_1_UP","GSE7460_CTRL_VS_FOXP3_OVEREXPR_TCONV_1_UP","19/2154","199/21355",0.634821285946014,0.67607607478483,0.201541613490573
"GSE29615_CTRL_VS_DAY7_LAIV_FLU_VACCINE_PBMC_DN","GSE29615_CTRL_VS_DAY7_LAIV_FLU_VACCINE_PBMC_DN","18/2154","189/21355",0.637427975852256,0.678428234915193,0.202242804030428
"GSE29615_CTRL_VS_LAIV_FLU_VACCINE_PBMC_DN","GSE29615_CTRL_VS_LAIV_FLU_VACCINE_PBMC_DN","18/2154","189/21355",0.637427975852256,0.678428234915193,0.202242804030428
"GSE34156_UNTREATED_VS_6H_NOD2_AND_TLR1_TLR2_LIGAND_TREATED_MONOCYTE_UP","GSE34156_UNTREATED_VS_6H_NOD2_AND_TLR1_TLR2_LIGAND_TREATED_MONOCYTE_UP","18/2154","189/21355",0.637427975852256,0.678428234915193,0.202242804030428
"GSE7218_UNSTIM_VS_ANTIGEN_STIM_THROUGH_IGM_BCELL_UP","GSE7218_UNSTIM_VS_ANTIGEN_STIM_THROUGH_IGM_BCELL_UP","12/2154","127/21355",0.637981954023228,0.678876530888817,0.20237644327195
"FULLER_PBMC_F_TULARENSIS_VACCINE_LVS_AGE_22_54YO_18HR_DN","FULLER_PBMC_F_TULARENSIS_VACCINE_LVS_AGE_22_54YO_18HR_DN","2/2154","21/21355",0.640295350884152,0.680913088409041,0.202983551116615
"GARCIA_PINERES_PBMC_HPV_16_L1_VLP_AGE_18_25YO_7MO_CORRELATED_WITH_ANTIBODY_RESPONSE_POSITIVE","GARCIA_PINERES_PBMC_HPV_16_L1_VLP_AGE_18_25YO_7MO_CORRELATED_WITH_ANTIBODY_RESPONSE_POSITIVE","2/2154","21/21355",0.640295350884152,0.680913088409041,0.202983551116615
"SOBOLEV_T_CELL_PANDEMRIX_AGE_18_64YO_7DY_DN","SOBOLEV_T_CELL_PANDEMRIX_AGE_18_64YO_7DY_DN","2/2154","21/21355",0.640295350884152,0.680913088409041,0.202983551116615
"GSE12198_CTRL_VS_LOW_IL2_STIM_NK_CELL_DN","GSE12198_CTRL_VS_LOW_IL2_STIM_NK_CELL_DN","19/2154","200/21355",0.643611886615309,0.682028513215352,0.203316064754615
"GSE15750_WT_VS_TRAF6KO_DAY6_EFF_CD8_TCELL_UP","GSE15750_WT_VS_TRAF6KO_DAY6_EFF_CD8_TCELL_UP","19/2154","200/21355",0.643611886615309,0.682028513215352,0.203316064754615
"GSE16450_CTRL_VS_IFNA_12H_STIM_MATURE_NEURON_CELL_LINE_UP","GSE16450_CTRL_VS_IFNA_12H_STIM_MATURE_NEURON_CELL_LINE_UP","19/2154","200/21355",0.643611886615309,0.682028513215352,0.203316064754615
"GSE17721_LPS_VS_POLYIC_8H_BMDC_UP","GSE17721_LPS_VS_POLYIC_8H_BMDC_UP","19/2154","200/21355",0.643611886615309,0.682028513215352,0.203316064754615
"GSE18148_CBFB_KO_VS_WT_TREG_UP","GSE18148_CBFB_KO_VS_WT_TREG_UP","19/2154","200/21355",0.643611886615309,0.682028513215352,0.203316064754615
"GSE19888_ADENOSINE_A3R_INH_VS_ACT_WITH_INHIBITOR_PRETREATMENT_IN_MAST_CELL_DN","GSE19888_ADENOSINE_A3R_INH_VS_ACT_WITH_INHIBITOR_PRETREATMENT_IN_MAST_CELL_DN","19/2154","200/21355",0.643611886615309,0.682028513215352,0.203316064754615
"GSE24972_MARGINAL_ZONE_BCELL_VS_FOLLICULAR_BCELL_IRF8_KO_UP","GSE24972_MARGINAL_ZONE_BCELL_VS_FOLLICULAR_BCELL_IRF8_KO_UP","19/2154","200/21355",0.643611886615309,0.682028513215352,0.203316064754615
"GSE27786_LSK_VS_ERYTHROBLAST_DN","GSE27786_LSK_VS_ERYTHROBLAST_DN","19/2154","200/21355",0.643611886615309,0.682028513215352,0.203316064754615
"GSE27786_NKCELL_VS_ERYTHROBLAST_DN","GSE27786_NKCELL_VS_ERYTHROBLAST_DN","19/2154","200/21355",0.643611886615309,0.682028513215352,0.203316064754615
"GSE28237_EARLY_VS_LATE_GC_BCELL_UP","GSE28237_EARLY_VS_LATE_GC_BCELL_UP","19/2154","200/21355",0.643611886615309,0.682028513215352,0.203316064754615
"GSE3691_CONVENTIONAL_VS_PLASMACYTOID_DC_SPLEEN_DN","GSE3691_CONVENTIONAL_VS_PLASMACYTOID_DC_SPLEEN_DN","19/2154","200/21355",0.643611886615309,0.682028513215352,0.203316064754615
"GSE37533_PPARG1_FOXP3_VS_FOXP3_TRANSDUCED_CD4_TCELL_UP","GSE37533_PPARG1_FOXP3_VS_FOXP3_TRANSDUCED_CD4_TCELL_UP","19/2154","200/21355",0.643611886615309,0.682028513215352,0.203316064754615
"GSE3982_CTRL_VS_PMA_STIM_EOSINOPHIL_DN","GSE3982_CTRL_VS_PMA_STIM_EOSINOPHIL_DN","19/2154","200/21355",0.643611886615309,0.682028513215352,0.203316064754615
"GSE41978_WT_VS_ID2_KO_KLRG1_LOW_EFFECTOR_CD8_TCELL_UP","GSE41978_WT_VS_ID2_KO_KLRG1_LOW_EFFECTOR_CD8_TCELL_UP","19/2154","200/21355",0.643611886615309,0.682028513215352,0.203316064754615
"GSE7852_THYMUS_VS_FAT_TREG_UP","GSE7852_THYMUS_VS_FAT_TREG_UP","19/2154","200/21355",0.643611886615309,0.682028513215352,0.203316064754615
"GSE8621_LPS_STIM_VS_LPS_PRIMED_AND_LPS_STIM_MACROPHAGE_UP","GSE8621_LPS_STIM_VS_LPS_PRIMED_AND_LPS_STIM_MACROPHAGE_UP","19/2154","200/21355",0.643611886615309,0.682028513215352,0.203316064754615
"GSE9650_GP33_VS_GP276_LCMV_SPECIFIC_EXHAUSTED_CD8_TCELL_UP","GSE9650_GP33_VS_GP276_LCMV_SPECIFIC_EXHAUSTED_CD8_TCELL_UP","19/2154","200/21355",0.643611886615309,0.682028513215352,0.203316064754615
"GSE13522_WT_VS_IFNG_KO_SKIN_UP","GSE13522_WT_VS_IFNG_KO_SKIN_UP","13/2154","138/21355",0.644457014631246,0.682641126125867,0.203498687685725
"GSE7459_UNTREATED_VS_IL6_TREATED_ACT_CD4_TCELL_UP","GSE7459_UNTREATED_VS_IL6_TREATED_ACT_CD4_TCELL_UP","13/2154","138/21355",0.644457014631246,0.682641126125867,0.203498687685725
"GSE2706_R848_VS_R848_AND_LPS_2H_STIM_DC_DN","GSE2706_R848_VS_R848_AND_LPS_2H_STIM_DC_DN","18/2154","190/21355",0.646415666290951,0.684574006161067,0.204074888760585
"HOEK_NEUTROPHIL_2011_2012_TIV_ADULT_3DY_UP","HOEK_NEUTROPHIL_2011_2012_TIV_ADULT_3DY_UP","1/2154","10/21355",0.654744963903942,0.69267763303142,0.206490619911988
"KAZMIN_PBMC_P_FALCIPARUM_RTSS_AS01_UNKN_AGE_IMM_WITH_ARR_VS_IMM_BY_RRR_PRIMARY_IMMUNIZ_WITH_RECOMB_ADENOVIRUS_35_1DY_UP","KAZMIN_PBMC_P_FALCIPARUM_RTSS_AS01_UNKN_AGE_IMM_WITH_ARR_VS_IMM_BY_RRR_PRIMARY_IMMUNIZ_WITH_RECOMB_ADENOVIRUS_35_1DY_UP","1/2154","10/21355",0.654744963903942,0.69267763303142,0.206490619911988
"MATSUMIYA_PBMC_MODIFIED_VACCINIA_ANKARA_VACCINE_AGE_18_55YO_LOW_VS_HIGH_RESPONDERS_2DY_GO_T_CELL_ACTIV_AND_CO_STIM_UP","MATSUMIYA_PBMC_MODIFIED_VACCINIA_ANKARA_VACCINE_AGE_18_55YO_LOW_VS_HIGH_RESPONDERS_2DY_GO_T_CELL_ACTIV_AND_CO_STIM_UP","1/2154","10/21355",0.654744963903942,0.69267763303142,0.206490619911988
"MATSUMIYA_PBMC_MODIFIED_VACCINIA_ANKARA_VACCINE_AGE_4_6MO_BCG_PRIMED_28DY_UP","MATSUMIYA_PBMC_MODIFIED_VACCINIA_ANKARA_VACCINE_AGE_4_6MO_BCG_PRIMED_28DY_UP","1/2154","10/21355",0.654744963903942,0.69267763303142,0.206490619911988
"MATSUMIYA_PBMC_MODIFIED_VACCINIA_ANKARA_VACCINE_AGE_4_6MO_VACCINATED_VS_CANDIN_PLACEBO_BCG_PRIMED_28DY_UP","MATSUMIYA_PBMC_MODIFIED_VACCINIA_ANKARA_VACCINE_AGE_4_6MO_VACCINATED_VS_CANDIN_PLACEBO_BCG_PRIMED_28DY_UP","1/2154","10/21355",0.654744963903942,0.69267763303142,0.206490619911988
"GSE13173_UNTREATED_VS_IL12_TREATED_ACT_CD8_TCELL_UP","GSE13173_UNTREATED_VS_IL12_TREATED_ACT_CD8_TCELL_UP","12/2154","129/21355",0.659576997573923,0.697500969719849,0.207928480375995
"GSE13887_ACT_CD4_VS_NO_TREATED_CD4_TCELL_UP","GSE13887_ACT_CD4_VS_NO_TREATED_CD4_TCELL_UP","12/2154","129/21355",0.659576997573923,0.697500969719849,0.207928480375995
"GSE45365_WT_VS_IFNAR_KO_BCELL_DN","GSE45365_WT_VS_IFNAR_KO_BCELL_DN","18/2154","192/21355",0.664048920379043,0.702084807671226,0.209294945084858
"FRANCO_BLOOD_SANOFI_PASTEUR_SA_INACTIVATED_INFLUENZA_VACCINE_CORRELATED_WITH_ANTIBODY_RESPONSE_AGE_18_40YO_0DY_POSITIVE","FRANCO_BLOOD_SANOFI_PASTEUR_SA_INACTIVATED_INFLUENZA_VACCINE_CORRELATED_WITH_ANTIBODY_RESPONSE_AGE_18_40YO_0DY_POSITIVE","2/2154","22/21355",0.665786873258803,0.703485902660107,0.20971261841371
"HOEK_PBMC_INACTIVATED_INFLUENZA_ADULT_7DY_DN","HOEK_PBMC_INACTIVATED_INFLUENZA_ADULT_7DY_DN","2/2154","22/21355",0.665786873258803,0.703485902660107,0.20971261841371
"SOBOLEV_PBMC_PANDEMRIX_AGE_18_64YO_RESPONDERS_VS_NONRESPONDERS_7DY_UP","SOBOLEV_PBMC_PANDEMRIX_AGE_18_64YO_RESPONDERS_VS_NONRESPONDERS_7DY_UP","2/2154","22/21355",0.665786873258803,0.703485902660107,0.20971261841371
"GSE18791_UNSTIM_VS_NEWCATSLE_VIRUS_DC_2H_DN","GSE18791_UNSTIM_VS_NEWCATSLE_VIRUS_DC_2H_DN","17/2154","182/21355",0.667499503796303,0.705149785725309,0.210208630164647
"GSE32034_UNTREATED_VS_ROSIGLIZATONE_TREATED_LY6C_LOW_MONOCYTE_UP","GSE32034_UNTREATED_VS_ROSIGLIZATONE_TREATED_LY6C_LOW_MONOCYTE_UP","18/2154","193/21355",0.672688429588672,0.710484598324082,0.211798964121027
"GSE12963_UNINF_VS_ENV_AND_NEF_DEFICIENT_HIV1_INF_CD4_TCELL_UP","GSE12963_UNINF_VS_ENV_AND_NEF_DEFICIENT_HIV1_INF_CD4_TCELL_UP","13/2154","141/21355",0.675099514476589,0.712883894572243,0.212514206170156
"GSE8515_IL1_VS_IL6_4H_STIM_MAC_DN","GSE8515_IL1_VS_IL6_4H_STIM_MAC_DN","18/2154","194/21355",0.681206171867102,0.719183802757897,0.214392239882536
"HARALAMBIEVA_PBMC_FLUARIX_AGE_50_74YO_CORR_WITH_28D_MEM_B_CELL_RESPONSE_AT_28DY_LEUK_MIGR_MAPK_ACT_CYTOK_SIG_DIAB_OF_THE_YNG_NEGATIVE","HARALAMBIEVA_PBMC_FLUARIX_AGE_50_74YO_CORR_WITH_28D_MEM_B_CELL_RESPONSE_AT_28DY_LEUK_MIGR_MAPK_ACT_CYTOK_SIG_DIAB_OF_THE_YNG_NEGATIVE","1/2154","11/21355",0.689585879703938,0.727444390028784,0.216854761703744
"HOEK_B_CELL_2011_2012_TIV_ADULT_1DY_UP","HOEK_B_CELL_2011_2012_TIV_ADULT_1DY_UP","1/2154","11/21355",0.689585879703938,0.727444390028784,0.216854761703744
"GSE16385_ROSIGLITAZONE_IL4_VS_IFNG_TNF_STIM_MACROPHAGE_DN","GSE16385_ROSIGLITAZONE_IL4_VS_IFNG_TNF_STIM_MACROPHAGE_DN","18/2154","195/21355",0.689599639833662,0.727444390028784,0.216854761703744
"GSE8515_CTRL_VS_IL6_4H_STIM_MAC_DN","GSE8515_CTRL_VS_IL6_4H_STIM_MAC_DN","18/2154","195/21355",0.689599639833662,0.727444390028784,0.216854761703744
"SOBOLEV_T_CELL_PANDEMRIX_AGE_18_64YO_1DY_UP","SOBOLEV_T_CELL_PANDEMRIX_AGE_18_64YO_1DY_UP","2/2154","23/21355",0.689798327890237,0.727503888305029,0.216872498433442
"FULLER_PBMC_F_TULARENSIS_VACCINE_LVS_AGE_22_54YO_336HR_UP","FULLER_PBMC_F_TULARENSIS_VACCINE_LVS_AGE_22_54YO_336HR_UP","4/2154","46/21355",0.695055160314492,0.732896893109506,0.21848017977345
"GSE10325_MYELOID_VS_LUPUS_MYELOID_UP","GSE10325_MYELOID_VS_LUPUS_MYELOID_UP","18/2154","196/21355",0.697866531001593,0.735254805895559,0.219183085208348
"GSE18281_CORTICAL_VS_MEDULLARY_THYMOCYTE_DN","GSE18281_CORTICAL_VS_MEDULLARY_THYMOCYTE_DN","18/2154","196/21355",0.697866531001593,0.735254805895559,0.219183085208348
"GSE34156_UNTREATED_VS_24H_TLR1_TLR2_LIGAND_TREATED_MONOCYTE_DN","GSE34156_UNTREATED_VS_24H_TLR1_TLR2_LIGAND_TREATED_MONOCYTE_DN","18/2154","196/21355",0.697866531001593,0.735254805895559,0.219183085208348
"GSE36476_YOUNG_VS_OLD_DONOR_MEMORY_CD4_TCELL_16H_TSST_ACT_UP","GSE36476_YOUNG_VS_OLD_DONOR_MEMORY_CD4_TCELL_16H_TSST_ACT_UP","18/2154","196/21355",0.697866531001593,0.735254805895559,0.219183085208348
"GSE9946_IMMATURE_VS_LISTERIA_INF_MATURE_DC_DN","GSE9946_IMMATURE_VS_LISTERIA_INF_MATURE_DC_DN","12/2154","133/21355",0.700538165523106,0.737917519637339,0.219976853311964
"GSE15659_TREG_VS_TCONV_DN","GSE15659_TREG_VS_TCONV_DN","17/2154","186/21355",0.702004046373572,0.739157061183705,0.220346366762536
"GSE21546_UNSTIM_VS_ANTI_CD3_STIM_ELK1_KO_DP_THYMOCYTES_DN","GSE21546_UNSTIM_VS_ANTI_CD3_STIM_ELK1_KO_DP_THYMOCYTES_DN","17/2154","186/21355",0.702004046373572,0.739157061183705,0.220346366762536
"GSE18791_CTRL_VS_NEWCASTLE_VIRUS_DC_2H_UP","GSE18791_CTRL_VS_NEWCASTLE_VIRUS_DC_2H_UP","18/2154","197/21355",0.706004745455751,0.743063454819937,0.221510881978706
"GSE29618_PRE_VS_DAY7_FLU_VACCINE_MONOCYTE_UP","GSE29618_PRE_VS_DAY7_FLU_VACCINE_MONOCYTE_UP","18/2154","197/21355",0.706004745455751,0.743063454819937,0.221510881978706
"GSE29614_CTRL_VS_TIV_FLU_VACCINE_PBMC_2007_DN","GSE29614_CTRL_VS_TIV_FLU_VACCINE_PBMC_2007_DN","17/2154","187/21355",0.710291733227523,0.747268236446261,0.222764348126898
"GSE13762_CTRL_VS_125_VITAMIND_DAY5_DC_DN","GSE13762_CTRL_VS_125_VITAMIND_DAY5_DC_DN","12/2154","134/21355",0.710292123827269,0.747268236446261,0.222764348126898
"GSE16385_UNTREATED_VS_12H_ROSIGLITAZONE_TREATED_MACROPHAGE_UP","GSE16385_UNTREATED_VS_12H_ROSIGLITAZONE_TREATED_MACROPHAGE_UP","17/2154","188/21355",0.718439913177171,0.755684689585451,0.225273334332451
"GSE13522_WT_VS_IFNAR_KO_SKING_T_CRUZI_Y_STRAIN_INF_DN","GSE13522_WT_VS_IFNAR_KO_SKING_T_CRUZI_Y_STRAIN_INF_DN","18/2154","199/21355",0.721887740889653,0.758686951524932,0.226168323429051
"GSE2405_HEAT_KILLED_VS_LIVE_A_PHAGOCYTOPHILUM_STIM_NEUTROPHIL_24H_UP","GSE2405_HEAT_KILLED_VS_LIVE_A_PHAGOCYTOPHILUM_STIM_NEUTROPHIL_24H_UP","18/2154","199/21355",0.721887740889653,0.758686951524932,0.226168323429051
"GSE369_SOCS3_KO_VS_WT_LIVER_UP","GSE369_SOCS3_KO_VS_WT_LIVER_UP","18/2154","199/21355",0.721887740889653,0.758686951524932,0.226168323429051
"GSE3982_BASOPHIL_VS_TH2_DN","GSE3982_BASOPHIL_VS_TH2_DN","18/2154","199/21355",0.721887740889653,0.758686951524932,0.226168323429051
"GSE17974_IL4_AND_ANTI_IL12_VS_UNTREATED_1H_ACT_CD4_TCELL_DN","GSE17974_IL4_AND_ANTI_IL12_VS_UNTREATED_1H_ACT_CD4_TCELL_DN","17/2154","189/21355",0.726446906982541,0.763321626675243,0.227549942957735
"GSE37532_TREG_VS_TCONV_CD4_TCELL_FROM_VISCERAL_ADIPOSE_TISSUE_UP","GSE37532_TREG_VS_TCONV_CD4_TCELL_FROM_VISCERAL_ADIPOSE_TISSUE_UP","12/2154","136/21355",0.729197051051729,0.765564263570522,0.22821848408085
"GSE11924_TFH_VS_TH17_CD4_TCELL_DN","GSE11924_TFH_VS_TH17_CD4_TCELL_DN","18/2154","200/21355",0.729629308894808,0.765564263570522,0.22821848408085
"GSE17721_LPS_VS_GARDIQUIMOD_1H_BMDC_UP","GSE17721_LPS_VS_GARDIQUIMOD_1H_BMDC_UP","18/2154","200/21355",0.729629308894808,0.765564263570522,0.22821848408085
"GSE19923_WT_VS_E2A_KO_DP_THYMOCYTE_UP","GSE19923_WT_VS_E2A_KO_DP_THYMOCYTE_UP","18/2154","200/21355",0.729629308894808,0.765564263570522,0.22821848408085
"GSE21380_NON_TFH_VS_GERMINAL_CENTER_TFH_CD4_TCELL_UP","GSE21380_NON_TFH_VS_GERMINAL_CENTER_TFH_CD4_TCELL_UP","18/2154","200/21355",0.729629308894808,0.765564263570522,0.22821848408085
"GSE21670_UNTREATED_VS_TGFB_TREATED_CD4_TCELL_UP","GSE21670_UNTREATED_VS_TGFB_TREATED_CD4_TCELL_UP","18/2154","200/21355",0.729629308894808,0.765564263570522,0.22821848408085
"GSE27786_CD4_TCELL_VS_NEUTROPHIL_UP","GSE27786_CD4_TCELL_VS_NEUTROPHIL_UP","18/2154","200/21355",0.729629308894808,0.765564263570522,0.22821848408085
"GSE13547_WT_VS_ZFX_KO_BCELL_ANTI_IGM_STIM_12H_UP","GSE13547_WT_VS_ZFX_KO_BCELL_ANTI_IGM_STIM_12H_UP","13/2154","147/21355",0.731620567232518,0.76749609361097,0.228794372147093
"GSE26928_CENTR_MEMORY_VS_CXCR5_POS_CD4_TCELL_UP","GSE26928_CENTR_MEMORY_VS_CXCR5_POS_CD4_TCELL_UP","17/2154","190/21355",0.734311248553391,0.770002750995383,0.229541619080633
"GSE9960_GRAM_NEG_VS_GRAM_NEG_AND_POS_SEPSIS_PBMC_UP","GSE9960_GRAM_NEG_VS_GRAM_NEG_AND_POS_SEPSIS_PBMC_UP","17/2154","190/21355",0.734311248553391,0.770002750995383,0.229541619080633
"GSE37605_TREG_VS_TCONV_C57BL6_FOXP3_IRES_GFP_UP","GSE37605_TREG_VS_TCONV_C57BL6_FOXP3_IRES_GFP_UP","11/2154","126/21355",0.736482045179809,0.772120708838294,0.230172992763101
"GSE2706_UNSTIM_VS_2H_LPS_AND_R848_DC_UP","GSE2706_UNSTIM_VS_2H_LPS_AND_R848_DC_UP","17/2154","191/21355",0.742031680346263,0.777620000330076,0.231812358688987
"GSE34156_UNTREATED_VS_24H_NOD2_LIGAND_TREATED_MONOCYTE_UP","GSE34156_UNTREATED_VS_24H_NOD2_LIGAND_TREATED_MONOCYTE_UP","17/2154","191/21355",0.742031680346263,0.777620000330076,0.231812358688987
"HOEK_PBMC_INACTIVATED_INFLUENZA_ADULT_1DY_DN","HOEK_PBMC_INACTIVATED_INFLUENZA_ADULT_1DY_DN","1/2154","13/21355",0.749078711245737,0.784683353943752,0.233917979250117
"HOEK_T_CELL_2011_2012_TIV_ADULT_1DY_UP","HOEK_T_CELL_2011_2012_TIV_ADULT_1DY_UP","1/2154","13/21355",0.749078711245737,0.784683353943752,0.233917979250117
"GSE15659_RESTING_VS_ACTIVATED_TREG_UP","GSE15659_RESTING_VS_ACTIVATED_TREG_UP","17/2154","192/21355",0.749607148457364,0.785076065150041,0.234035048398254
"GSE15659_NAIVE_CD4_TCELL_VS_ACTIVATED_TREG_UP","GSE15659_NAIVE_CD4_TCELL_VS_ACTIVATED_TREG_UP","17/2154","193/21355",0.757036797438999,0.792370347043112,0.236209509818816
"GSE30971_2H_VS_4H_LPS_STIM_MACROPHAGE_WBP7_HET_DN","GSE30971_2H_VS_4H_LPS_STIM_MACROPHAGE_WBP7_HET_DN","17/2154","193/21355",0.757036797438999,0.792370347043112,0.236209509818816
"GSE45365_WT_VS_IFNAR_KO_CD8A_DC_MCMV_INFECTION_DN","GSE45365_WT_VS_IFNAR_KO_CD8A_DC_MCMV_INFECTION_DN","17/2154","193/21355",0.757036797438999,0.792370347043112,0.236209509818816
"GSE40274_FOXP3_VS_FOXP3_AND_XBP1_TRANSDUCED_ACTIVATED_CD4_TCELL_UP","GSE40274_FOXP3_VS_FOXP3_AND_XBP1_TRANSDUCED_ACTIVATED_CD4_TCELL_UP","13/2154","150/21355",0.757365436618983,0.792552082978482,0.236263686197791
"GSE10463_CD40L_AND_VA347_VS_CD40L_IN_DC_DN","GSE10463_CD40L_AND_VA347_VS_CD40L_IN_DC_DN","16/2154","183/21355",0.76241759994019,0.797512518104376,0.237742416382418
"GSE5099_DAY3_VS_DAY7_MCSF_TREATED_MACROPHAGE_DN","GSE5099_DAY3_VS_DAY7_MCSF_TREATED_MACROPHAGE_DN","16/2154","183/21355",0.76241759994019,0.797512518104376,0.237742416382418
"GSE15659_NAIVE_CD4_TCELL_VS_RESTING_TREG_UP","GSE15659_NAIVE_CD4_TCELL_VS_RESTING_TREG_UP","17/2154","194/21355",0.764319964866808,0.799175456107155,0.238238146405584
"GSE37336_LY6C_POS_VS_NEG_NAIVE_CD4_TCELL_UP","GSE37336_LY6C_POS_VS_NEG_NAIVE_CD4_TCELL_UP","17/2154","194/21355",0.764319964866808,0.799175456107155,0.238238146405584
"GSE15659_CD45RA_NEG_CD4_TCELL_VS_RESTING_TREG_UP","GSE15659_CD45RA_NEG_CD4_TCELL_VS_RESTING_TREG_UP","17/2154","195/21355",0.771456175684579,0.806307323441385,0.24036419124484
"GSE36476_YOUNG_VS_OLD_DONOR_MEMORY_CD4_TCELL_40H_TSST_ACT_UP","GSE36476_YOUNG_VS_OLD_DONOR_MEMORY_CD4_TCELL_40H_TSST_ACT_UP","17/2154","195/21355",0.771456175684579,0.806307323441385,0.24036419124484
"GSE37605_TREG_VS_TCONV_C57BL6_FOXP3_IRES_GFP_DN","GSE37605_TREG_VS_TCONV_C57BL6_FOXP3_IRES_GFP_DN","13/2154","152/21355",0.773574002227442,0.808355584179217,0.240974787876415
"HARALAMBIEVA_PBMC_FLUARIX_AGE_50_74YO_CORR_WITH_28D_MEM_B_CELL_RESPONSE_AT_28DY_LEUK_MIGR_MAPK_ACT_CYTOK_SIG_DIAB_OF_THE_YNG_POSITIVE","HARALAMBIEVA_PBMC_FLUARIX_AGE_50_74YO_CORR_WITH_28D_MEM_B_CELL_RESPONSE_AT_28DY_LEUK_MIGR_MAPK_ACT_CYTOK_SIG_DIAB_OF_THE_YNG_POSITIVE","1/2154","14/21355",0.77440363187064,0.808891883504512,0.241134661351258
"HARALAMBIEVA_PBMC_M_M_R_II_AGE_11_22YO_VACCINATED_VS_UNVACCINATED_LOW_ANTIBODY_RESPONDERS_TO_TREATMENT_7YR_UP","HARALAMBIEVA_PBMC_M_M_R_II_AGE_11_22YO_VACCINATED_VS_UNVACCINATED_LOW_ANTIBODY_RESPONDERS_TO_TREATMENT_7YR_UP","1/2154","14/21355",0.77440363187064,0.808891883504512,0.241134661351258
"GSE22886_UNSTIM_VS_IL15_STIM_NKCELL_UP","GSE22886_UNSTIM_VS_IL15_STIM_NKCELL_UP","17/2154","196/21355",0.778445136352797,0.81278129102958,0.242294112923885
"GSE34156_NOD2_LIGAND_VS_NOD2_AND_TLR1_TLR2_LIGAND_24H_TREATED_MONOCYTE_DN","GSE34156_NOD2_LIGAND_VS_NOD2_AND_TLR1_TLR2_LIGAND_24H_TREATED_MONOCYTE_DN","17/2154","196/21355",0.778445136352797,0.81278129102958,0.242294112923885
"GSE17974_IL4_AND_ANTI_IL12_VS_UNTREATED_0.5H_ACT_CD4_TCELL_DN","GSE17974_IL4_AND_ANTI_IL12_VS_UNTREATED_0.5H_ACT_CD4_TCELL_DN","16/2154","186/21355",0.784063000073897,0.818479812041208,0.243992870152587
"GSE22611_NOD2_VS_MUTANT_NOD2_TRANSDUCED_HEK293T_CELL_DN","GSE22611_NOD2_VS_MUTANT_NOD2_TRANSDUCED_HEK293T_CELL_DN","17/2154","197/21355",0.785286728826407,0.819422662140698,0.244273938419041
"GSE29618_PRE_VS_DAY7_POST_TIV_FLU_VACCINE_BCELL_UP","GSE29618_PRE_VS_DAY7_POST_TIV_FLU_VACCINE_BCELL_UP","17/2154","197/21355",0.785286728826407,0.819422662140698,0.244273938419041
"GSE9946_MATURE_STIMULATORY_VS_LISTERIA_INF_MATURE_DC_DN","GSE9946_MATURE_STIMULATORY_VS_LISTERIA_INF_MATURE_DC_DN","11/2154","132/21355",0.789142144141997,0.823208646908648,0.245402559157508
"FRANCO_BLOOD_SANOFI_PASTEUR_SA_INACTIVATED_INFLUENZA_VACCINE_CORRELATED_WITH_ANTIBODY_RESPONSE_AGE_18_40YO_14DY_NEGATIVE","FRANCO_BLOOD_SANOFI_PASTEUR_SA_INACTIVATED_INFLUENZA_VACCINE_CORRELATED_WITH_ANTIBODY_RESPONSE_AGE_18_40YO_14DY_NEGATIVE","2/2154","28/21355",0.789237001202072,0.823208646908648,0.245402559157508
"GSE25502_WT_VS_KLF13_KO_THYMIC_MEMORY_LIKE_CD8_TCELL_DN","GSE25502_WT_VS_KLF13_KO_THYMIC_MEMORY_LIKE_CD8_TCELL_DN","16/2154","187/21355",0.790965574749581,0.82467515980722,0.245839733887995
"GSE43863_NAIVE_VS_TH1_EFF_CD4_TCELL_D6_LCMV_DN","GSE43863_NAIVE_VS_TH1_EFF_CD4_TCELL_D6_LCMV_DN","16/2154","187/21355",0.790965574749581,0.82467515980722,0.245839733887995
"GSE11961_MEMORY_BCELL_DAY40_VS_GERMINAL_CENTER_BCELL_DAY40_UP","GSE11961_MEMORY_BCELL_DAY40_VS_GERMINAL_CENTER_BCELL_DAY40_UP","17/2154","198/21355",0.791981004386606,0.824724821879575,0.245854538396785
"GSE13411_NAIVE_VS_SWITCHED_MEMORY_BCELL_UP","GSE13411_NAIVE_VS_SWITCHED_MEMORY_BCELL_UP","17/2154","198/21355",0.791981004386606,0.824724821879575,0.245854538396785
"GSE29617_CTRL_VS_TIV_FLU_VACCINE_PBMC_2008_DN","GSE29617_CTRL_VS_TIV_FLU_VACCINE_PBMC_2008_DN","17/2154","198/21355",0.791981004386606,0.824724821879575,0.245854538396785
"GSE36476_YOUNG_VS_OLD_DONOR_MEMORY_CD4_TCELL_DN","GSE36476_YOUNG_VS_OLD_DONOR_MEMORY_CD4_TCELL_DN","17/2154","198/21355",0.791981004386606,0.824724821879575,0.245854538396785
"GSE3982_CTRL_VS_LPS_1H_NEUTROPHIL_DN","GSE3982_CTRL_VS_LPS_1H_NEUTROPHIL_DN","17/2154","198/21355",0.791981004386606,0.824724821879575,0.245854538396785
"GSE41176_WT_VS_TAK1_KO_ANTI_IGM_STIM_BCELL_3H_UP","GSE41176_WT_VS_TAK1_KO_ANTI_IGM_STIM_BCELL_3H_UP","17/2154","198/21355",0.791981004386606,0.824724821879575,0.245854538396785
"GSE3720_LPS_VS_PMA_STIM_VD2_GAMMADELTA_TCELL_DN","GSE3720_LPS_VS_PMA_STIM_VD2_GAMMADELTA_TCELL_DN","13/2154","155/21355",0.796451645807289,0.829211416211091,0.247192014302791
"HARALAMBIEVA_PBMC_TIV_AGE_50_74YO_CORRELATED_WITH_MEMORY_B_CELL_RESPONSE_3DY_NEGATIVE","HARALAMBIEVA_PBMC_TIV_AGE_50_74YO_CORRELATED_WITH_MEMORY_B_CELL_RESPONSE_3DY_NEGATIVE","1/2154","15/21355",0.797173632196335,0.829456406475348,0.247265047109289
"QIU_PBMC_HEPTATITIS_B_SURFACE_ANTIGEN_AGE_UNDER50_NON_RESPONDERS_VS_RESPONDERS_35DY_UP","QIU_PBMC_HEPTATITIS_B_SURFACE_ANTIGEN_AGE_UNDER50_NON_RESPONDERS_VS_RESPONDERS_35DY_UP","1/2154","15/21355",0.797173632196335,0.829456406475348,0.247265047109289
"QIU_PBMC_HEPTATITIS_B_SURFACE_ANTIGEN_AGE_UNDER50_NON_RESPONDERS_VS_RESPONDERS_3DY_UP","QIU_PBMC_HEPTATITIS_B_SURFACE_ANTIGEN_AGE_UNDER50_NON_RESPONDERS_VS_RESPONDERS_3DY_UP","1/2154","15/21355",0.797173632196335,0.829456406475348,0.247265047109289
"GSE21063_CTRL_VS_ANTI_IGM_STIM_BCELL_8H_DN","GSE21063_CTRL_VS_ANTI_IGM_STIM_BCELL_8H_DN","17/2154","199/21355",0.798528177350606,0.830358871424375,0.247534076363139
"GSE2585_CD80_HIGH_VS_LOW_AIRE_KO_MTEC_DN","GSE2585_CD80_HIGH_VS_LOW_AIRE_KO_MTEC_DN","17/2154","199/21355",0.798528177350606,0.830358871424375,0.247534076363139
"GSE369_SOCS3_KO_VS_IFNG_KO_LIVER_UP","GSE369_SOCS3_KO_VS_IFNG_KO_LIVER_UP","17/2154","199/21355",0.798528177350606,0.830358871424375,0.247534076363139
"GSE25147_UNSTIM_VS_HELIOBACTER_PYLORI_LPS_STIM_MKN45_CELL_DN","GSE25147_UNSTIM_VS_HELIOBACTER_PYLORI_LPS_STIM_MKN45_CELL_DN","14/2154","167/21355",0.803642505929843,0.835485186220861,0.24906225609598
"GSE12003_MIR223_KO_VS_WT_BM_PROGENITOR_4D_CULTURE_DN","GSE12003_MIR223_KO_VS_WT_BM_PROGENITOR_4D_CULTURE_DN","17/2154","200/21355",0.804928618682566,0.835485186220861,0.24906225609598
"GSE13306_TREG_RA_VS_TCONV_RA_DN","GSE13306_TREG_RA_VS_TCONV_RA_DN","17/2154","200/21355",0.804928618682566,0.835485186220861,0.24906225609598
"GSE17721_PAM3CSK4_VS_CPG_1H_BMDC_UP","GSE17721_PAM3CSK4_VS_CPG_1H_BMDC_UP","17/2154","200/21355",0.804928618682566,0.835485186220861,0.24906225609598
"GSE19941_IL10_KO_VS_IL10_KO_AND_NFKBP50_KO_LPS_STIM_MACROPHAGE_UP","GSE19941_IL10_KO_VS_IL10_KO_AND_NFKBP50_KO_LPS_STIM_MACROPHAGE_UP","17/2154","200/21355",0.804928618682566,0.835485186220861,0.24906225609598
"GSE21379_TFH_VS_NON_TFH_CD4_TCELL_DN","GSE21379_TFH_VS_NON_TFH_CD4_TCELL_DN","17/2154","200/21355",0.804928618682566,0.835485186220861,0.24906225609598
"GSE22935_UNSTIM_VS_48H_MBOVIS_BCG_STIM_MACROPHAGE_UP","GSE22935_UNSTIM_VS_48H_MBOVIS_BCG_STIM_MACROPHAGE_UP","17/2154","200/21355",0.804928618682566,0.835485186220861,0.24906225609598
"GSE31622_WT_VS_KLF3_KO_BCELL_UP","GSE31622_WT_VS_KLF3_KO_BCELL_UP","17/2154","200/21355",0.804928618682566,0.835485186220861,0.24906225609598
"GSE41867_NAIVE_VS_EFFECTOR_CD8_TCELL_DN","GSE41867_NAIVE_VS_EFFECTOR_CD8_TCELL_DN","17/2154","200/21355",0.804928618682566,0.835485186220861,0.24906225609598
"GSE45365_BCELL_VS_CD8_TCELL_DN","GSE45365_BCELL_VS_CD8_TCELL_DN","16/2154","190/21355",0.810739190038948,0.841345540626983,0.250809256658028
"GSE6090_UNSTIM_VS_DC_SIGN_STIM_DC_DN","GSE6090_UNSTIM_VS_DC_SIGN_STIM_DC_DN","12/2154","146/21355",0.811379311513667,0.841838965050605,0.250956348913147
"GSE14413_UNSTIM_VS_IFNB_STIM_L929_CELLS_UP","GSE14413_UNSTIM_VS_IFNB_STIM_L929_CELLS_UP","10/2154","124/21355",0.814051055370165,0.844439652283963,0.251731626608579
"GSE1740_MCSF_VS_MCSF_AND_IFNG_DAY2_DERIVED_MACROPHAGE_WITH_IFNA_STIM_DN","GSE1740_MCSF_VS_MCSF_AND_IFNG_DAY2_DERIVED_MACROPHAGE_WITH_IFNA_STIM_DN","16/2154","191/21355",0.817021019496565,0.847348574581326,0.252598790697347
"LI_PBMC_MENACTRA_AGE_18_45YO_ANTI_POLYSACCHARIDE_ANTIBODY_CORRELATION_PROFILE_3DY_DN","LI_PBMC_MENACTRA_AGE_18_45YO_ANTI_POLYSACCHARIDE_ANTIBODY_CORRELATION_PROFILE_3DY_DN","1/2154","16/21355",0.817646359293293,0.84782515414046,0.252740861415254
"GSE37301_HEMATOPOIETIC_STEM_CELL_VS_CD4_TCELL_DN","GSE37301_HEMATOPOIETIC_STEM_CELL_VS_CD4_TCELL_DN","12/2154","147/21355",0.818468977671992,0.848506058969362,0.252943842504171
"GSE34156_UNTREATED_VS_24H_NOD2_AND_TLR1_TLR2_LIGAND_TREATED_MONOCYTE_DN","GSE34156_UNTREATED_VS_24H_NOD2_AND_TLR1_TLR2_LIGAND_TREATED_MONOCYTE_DN","15/2154","181/21355",0.823258839505139,0.853298691747369,0.254372549980996
"GSE25147_UNSTIM_VS_HELIOBACTER_PYLORI_LPS_STIM_MKN45_CELL_UP","GSE25147_UNSTIM_VS_HELIOBACTER_PYLORI_LPS_STIM_MKN45_CELL_UP","14/2154","170/21355",0.823625761658395,0.853505982845434,0.254434344480054
"GSE15659_TREG_VS_TCONV_UP","GSE15659_TREG_VS_TCONV_UP","16/2154","193/21355",0.829125847535958,0.858683503838638,0.255977789032775
"GSE29949_CD8_NEG_DC_SPLEEN_VS_DC_BRAIN_UP","GSE29949_CD8_NEG_DC_SPLEEN_VS_DC_BRAIN_UP","16/2154","193/21355",0.829125847535958,0.858683503838638,0.255977789032775
"GSE45365_HEALTHY_VS_MCMV_INFECTION_CD8_TCELL_IFNAR_KO_DN","GSE45365_HEALTHY_VS_MCMV_INFECTION_CD8_TCELL_IFNAR_KO_DN","16/2154","193/21355",0.829125847535958,0.858683503838638,0.255977789032775
"GSE23114_WT_VS_SLE2C1_MOUSE_PERITONEAL_CAVITY_B1A_BCELL_DN","GSE23114_WT_VS_SLE2C1_MOUSE_PERITONEAL_CAVITY_B1A_BCELL_DN","16/2154","194/21355",0.834951095416331,0.864541302321527,0.257724027661497
"HOEK_T_CELL_2011_2012_TIV_ADULT_3DY_UP","HOEK_T_CELL_2011_2012_TIV_ADULT_3DY_UP","1/2154","17/21355",0.836053489059554,0.865157152309553,0.257907615581383
"OVSYANNIKOVA_PBMC_FLUARIX_AGE_55_64YO_RESPONDERS_VS_NONRESPONDERS_0DY_DN","OVSYANNIKOVA_PBMC_FLUARIX_AGE_55_64YO_RESPONDERS_VS_NONRESPONDERS_0DY_DN","1/2154","17/21355",0.836053489059554,0.865157152309553,0.257907615581383
"QIU_PBMC_HEPTATITIS_B_SURFACE_ANTIGEN_AGE_UNDER50_NON_RESPONDERS_VS_RESPONDERS_28DY_UP","QIU_PBMC_HEPTATITIS_B_SURFACE_ANTIGEN_AGE_UNDER50_NON_RESPONDERS_VS_RESPONDERS_28DY_UP","1/2154","17/21355",0.836053489059554,0.865157152309553,0.257907615581383
"GSE40666_STAT1_KO_VS_STAT4_KO_CD8_TCELL_WITH_IFNA_STIM_90MIN_DN","GSE40666_STAT1_KO_VS_STAT4_KO_CD8_TCELL_WITH_IFNA_STIM_90MIN_DN","15/2154","184/21355",0.841201985239271,0.8703087313898,0.259443326721861
"FULLER_PBMC_F_TULARENSIS_VACCINE_LVS_AGE_22_54YO_192HR_UP","FULLER_PBMC_F_TULARENSIS_VACCINE_LVS_AGE_22_54YO_192HR_UP","3/2154","45/21355",0.845606136174328,0.874688281258211,0.260748892145283
"GSE2585_CD80_HIGH_VS_LOW_MTEC_DN","GSE2585_CD80_HIGH_VS_LOW_MTEC_DN","16/2154","196/21355",0.846153861866881,0.874723957890288,0.260759527525325
"GSE26023_PHD3_KO_VS_WT_NEUTROPHIL_HYPOXIA_DN","GSE26023_PHD3_KO_VS_WT_NEUTROPHIL_HYPOXIA_DN","16/2154","196/21355",0.846153861866881,0.874723957890288,0.260759527525325
"GSE37301_LYMPHOID_PRIMED_MPP_VS_PRO_BCELL_DN","GSE37301_LYMPHOID_PRIMED_MPP_VS_PRO_BCELL_DN","16/2154","196/21355",0.846153861866881,0.874723957890288,0.260759527525325
"GSE9988_LPS_VS_LOW_LPS_MONOCYTE_DN","GSE9988_LPS_VS_LOW_LPS_MONOCYTE_DN","15/2154","186/21355",0.852375577591221,0.880856919184245,0.262587793545614
"HOEK_NK_CELL_2011_2012_TIV_ADULT_7DY_UP","HOEK_NK_CELL_2011_2012_TIV_ADULT_7DY_UP","1/2154","18/21355",0.852603343055511,0.880856919184245,0.262587793545614
"OVSYANNIKOVA_PBMC_FLUARIX_AGE_50_74YO_COMMON_WITH_BOTH_HAI_AND_VNA_28DY_VS_3DY_USED_IN_HAI_AND_VNA_RESPONSE_MODELS_DN","OVSYANNIKOVA_PBMC_FLUARIX_AGE_50_74YO_COMMON_WITH_BOTH_HAI_AND_VNA_28DY_VS_3DY_USED_IN_HAI_AND_VNA_RESPONSE_MODELS_DN","1/2154","18/21355",0.852603343055511,0.880856919184245,0.262587793545614
"GSE14413_UNSTIM_VS_IFNB_STIM_L929_CELLS_DN","GSE14413_UNSTIM_VS_IFNB_STIM_L929_CELLS_DN","9/2154","118/21355",0.853013637702915,0.881102773651516,0.262661083975294
"GSE2770_UNTREATED_VS_TGFB_AND_IL4_TREATED_ACT_CD4_TCELL_4H_DN","GSE2770_UNTREATED_VS_TGFB_AND_IL4_TREATED_ACT_CD4_TCELL_4H_DN","10/2154","130/21355",0.856025189910141,0.883856380454473,0.263481947748891
"GSE38697_LIGHT_ZONE_VS_DARK_ZONE_BCELL_DN","GSE38697_LIGHT_ZONE_VS_DARK_ZONE_BCELL_DN","10/2154","130/21355",0.856025189910141,0.883856380454473,0.263481947748891
"GSE18791_CTRL_VS_NEWCASTLE_VIRUS_DC_4H_UP","GSE18791_CTRL_VS_NEWCASTLE_VIRUS_DC_4H_UP","16/2154","198/21355",0.856769843675366,0.884089648983279,0.263551486248219
"GSE3720_VD1_VS_VD2_GAMMADELTA_TCELL_UP","GSE3720_VD1_VS_VD2_GAMMADELTA_TCELL_UP","16/2154","198/21355",0.856769843675366,0.884089648983279,0.263551486248219
"GSE41176_WT_VS_TAK1_KO_ANTI_IGM_STIM_BCELL_1H_UP","GSE41176_WT_VS_TAK1_KO_ANTI_IGM_STIM_BCELL_1H_UP","16/2154","198/21355",0.856769843675366,0.884089648983279,0.263551486248219
"GSE2706_R848_VS_LPS_2H_STIM_DC_DN","GSE2706_R848_VS_LPS_2H_STIM_DC_DN","15/2154","187/21355",0.857731101094852,0.884724454286459,0.263740724841074
"GSE40666_UNTREATED_VS_IFNA_STIM_CD8_TCELL_90MIN_UP","GSE40666_UNTREATED_VS_IFNA_STIM_CD8_TCELL_90MIN_UP","15/2154","187/21355",0.857731101094852,0.884724454286459,0.263740724841074
"HOEK_MYELOID_DENDRITIC_CELL_2011_2012_TIV_ADULT_3DY_DN","HOEK_MYELOID_DENDRITIC_CELL_2011_2012_TIV_ADULT_3DY_DN","2/2154","33/21355",0.859444562671113,0.886313039317749,0.2642142898766
"GSE1925_CTRL_VS_3H_IFNG_STIM_MACROPHAGE_DN","GSE1925_CTRL_VS_3H_IFNG_STIM_MACROPHAGE_DN","16/2154","199/21355",0.861862011222886,0.887731761358303,0.264637217916523
"GSE22443_IL2_VS_IL12_TREATED_ACT_CD8_TCELL_UP","GSE22443_IL2_VS_IL12_TREATED_ACT_CD8_TCELL_UP","16/2154","199/21355",0.861862011222886,0.887731761358303,0.264637217916523
"GSE24972_WT_VS_IRF8_KO_MARGINAL_ZONE_SPLEEN_BCELL_DN","GSE24972_WT_VS_IRF8_KO_MARGINAL_ZONE_SPLEEN_BCELL_DN","16/2154","199/21355",0.861862011222886,0.887731761358303,0.264637217916523
"GSE2770_UNTREATED_VS_TGFB_AND_IL12_TREATED_ACT_CD4_TCELL_2H_UP","GSE2770_UNTREATED_VS_TGFB_AND_IL12_TREATED_ACT_CD4_TCELL_2H_UP","16/2154","199/21355",0.861862011222886,0.887731761358303,0.264637217916523
"GSE33162_HDAC3_KO_VS_HDAC3_KO_MACROPHAGE_UP","GSE33162_HDAC3_KO_VS_HDAC3_KO_MACROPHAGE_UP","16/2154","199/21355",0.861862011222886,0.887731761358303,0.264637217916523
"GSE35435_RESTING_VS_IL4_TREATED_MACROPHAGE_DN","GSE35435_RESTING_VS_IL4_TREATED_MACROPHAGE_DN","16/2154","199/21355",0.861862011222886,0.887731761358303,0.264637217916523
"GSE25677_R848_VS_MPL_AND_R848_STIM_BCELL_UP","GSE25677_R848_VS_MPL_AND_R848_STIM_BCELL_UP","11/2154","143/21355",0.865115923805792,0.890724470080349,0.265529359151872
"GSE40274_FOXP3_VS_FOXP3_AND_HELIOS_TRANSDUCED_ACTIVATED_CD4_TCELL_DN","GSE40274_FOXP3_VS_FOXP3_AND_HELIOS_TRANSDUCED_ACTIVATED_CD4_TCELL_DN","11/2154","143/21355",0.865115923805792,0.890724470080349,0.265529359151872
"GSE11961_MARGINAL_ZONE_BCELL_VS_MEMORY_BCELL_DAY7_DN","GSE11961_MARGINAL_ZONE_BCELL_VS_MEMORY_BCELL_DAY7_DN","16/2154","200/21355",0.866812741009001,0.89121527142148,0.265675669453159
"GSE31082_DN_VS_DP_THYMOCYTE_UP","GSE31082_DN_VS_DP_THYMOCYTE_UP","16/2154","200/21355",0.866812741009001,0.89121527142148,0.265675669453159
"GSE39820_TGFBETA1_IL6_VS_TGFBETA1_IL6_IL23A_TREATED_CD4_TCELL_DN","GSE39820_TGFBETA1_IL6_VS_TGFBETA1_IL6_IL23A_TREATED_CD4_TCELL_DN","16/2154","200/21355",0.866812741009001,0.89121527142148,0.265675669453159
"GSE4142_NAIVE_VS_MEMORY_BCELL_DN","GSE4142_NAIVE_VS_MEMORY_BCELL_DN","16/2154","200/21355",0.866812741009001,0.89121527142148,0.265675669453159
"GSE41978_WT_VS_BIM_KO_KLRG1_LOW_EFFECTOR_CD8_TCELL_DN","GSE41978_WT_VS_BIM_KO_KLRG1_LOW_EFFECTOR_CD8_TCELL_DN","16/2154","200/21355",0.866812741009001,0.89121527142148,0.265675669453159
"GSE4811_CLASSSICALY_ACTIVATED_VS_TYPE_2_ACTIVATED_MACROPHAGE_DN","GSE4811_CLASSSICALY_ACTIVATED_VS_TYPE_2_ACTIVATED_MACROPHAGE_DN","16/2154","200/21355",0.866812741009001,0.89121527142148,0.265675669453159
"GSE8921_UNSTIM_0H_VS_TLR1_2_STIM_MONOCYTE_3H_DN","GSE8921_UNSTIM_0H_VS_TLR1_2_STIM_MONOCYTE_3H_DN","16/2154","200/21355",0.866812741009001,0.89121527142148,0.265675669453159
"HOEK_PBMC_INACTIVATED_INFLUENZA_ADULT_3DY_DN","HOEK_PBMC_INACTIVATED_INFLUENZA_ADULT_3DY_DN","1/2154","19/21355",0.867483241778782,0.891546093510535,0.265774289150103
"LI_PBMC_MENACTRA_AGE_18_45YO_ANTI_DT_ANTIBODY_CORRELATION_PROFILE_3DY_DN","LI_PBMC_MENACTRA_AGE_18_45YO_ANTI_DT_ANTIBODY_CORRELATION_PROFILE_3DY_DN","1/2154","19/21355",0.867483241778782,0.891546093510535,0.265774289150103
"GSE12507_PDC_CELL_LINE_VS_IMMATUE_T_CELL_LINE_DN","GSE12507_PDC_CELL_LINE_VS_IMMATUE_T_CELL_LINE_DN","11/2154","144/21355",0.870783351799734,0.894757893438915,0.266731742555004
"GSE45365_HEALTHY_VS_MCMV_INFECTION_CD8_TCELL_IFNAR_KO_UP","GSE45365_HEALTHY_VS_MCMV_INFECTION_CD8_TCELL_IFNAR_KO_UP","15/2154","191/21355",0.877658835241971,0.901641475706691,0.268783772390972
"GSE9946_LISTERIA_INF_MATURE_VS_PROSTAGLANDINE2_TREATED_MATURE_DC_DN","GSE9946_LISTERIA_INF_MATURE_VS_PROSTAGLANDINE2_TREATED_MATURE_DC_DN","9/2154","122/21355",0.877941709266424,0.90175089583753,0.268816391071828
"GSE11818_WT_VS_DICER_KO_TREG_UP","GSE11818_WT_VS_DICER_KO_TREG_UP","11/2154","146/21355",0.881544840935927,0.905269887870133,0.26986541995861
"KAZMIN_PBMC_P_FALCIPARUM_RTSS_AS01_AGE_UNKNOWN_CORRELATED_WITH_PROTECTION_56DY_NEGATIVE","KAZMIN_PBMC_P_FALCIPARUM_RTSS_AS01_AGE_UNKNOWN_CORRELATED_WITH_PROTECTION_56DY_NEGATIVE","3/2154","49/21355",0.883949537770027,0.907557025425331,0.270547226948002
"GSE13411_IGM_VS_SWITCHED_MEMORY_BCELL_UP","GSE13411_IGM_VS_SWITCHED_MEMORY_BCELL_UP","15/2154","193/21355",0.886757402301948,0.910074387388571,0.271297664969305
"GSE16385_UNTREATED_VS_12H_IFNG_TNF_TREATED_MACROPHAGE_UP","GSE16385_UNTREATED_VS_12H_IFNG_TNF_TREATED_MACROPHAGE_UP","15/2154","193/21355",0.886757402301948,0.910074387388571,0.271297664969305
"GSE18804_BRAIN_VS_COLON_TUMORAL_MACROPHAGE_UP","GSE18804_BRAIN_VS_COLON_TUMORAL_MACROPHAGE_UP","15/2154","194/21355",0.891098712934822,0.914346321339704,0.272571149556835
"GARCIA_PINERES_PBMC_HPV_16_L1_VLP_AGE_18_25YO_12MO_CORRELATED_WITH_ANTIBODY_RESPONSE_POSITIVE","GARCIA_PINERES_PBMC_HPV_16_L1_VLP_AGE_18_25YO_12MO_CORRELATED_WITH_ANTIBODY_RESPONSE_POSITIVE","1/2154","21/21355",0.892889934414483,0.915906130681101,0.27303613641723
"GSE21546_UNSTIM_VS_ANTI_CD3_STIM_SAP1A_KO_DP_THYMOCYTES_DN","GSE21546_UNSTIM_VS_ANTI_CD3_STIM_SAP1A_KO_DP_THYMOCYTES_DN","14/2154","183/21355",0.89297712916982,0.915906130681101,0.27303613641723
"GSE29618_PRE_VS_DAY7_POST_LAIV_FLU_VACCINE_PDC_UP","GSE29618_PRE_VS_DAY7_POST_LAIV_FLU_VACCINE_PDC_UP","15/2154","196/21355",0.899377996364735,0.922286340836921,0.274938108543107
"GSE21927_SPLENIC_C26GM_TUMOROUS_VS_BONE_MARROW_MONOCYTES_UP","GSE21927_SPLENIC_C26GM_TUMOROUS_VS_BONE_MARROW_MONOCYTES_UP","14/2154","185/21355",0.901365189821951,0.924138804002333,0.275490336952325
"GSE15659_CD45RA_NEG_CD4_TCELL_VS_ACTIVATED_TREG_UP","GSE15659_CD45RA_NEG_CD4_TCELL_VS_ACTIVATED_TREG_UP","15/2154","197/21355",0.903321151401829,0.925772909825125,0.275977471960386
"GSE22886_NAIVE_BCELL_VS_MONOCYTE_UP","GSE22886_NAIVE_BCELL_VS_MONOCYTE_UP","15/2154","197/21355",0.903321151401829,0.925772909825125,0.275977471960386
"GSE2770_IL12_VS_TGFB_AND_IL12_TREATED_ACT_CD4_TCELL_2H_UP","GSE2770_IL12_VS_TGFB_AND_IL12_TREATED_ACT_CD4_TCELL_2H_UP","9/2154","127/21355",0.90412272140488,0.926408712333297,0.276167007824969
"GSE26488_CTRL_VS_PEPTIDE_INJECTION_OT2_THYMOCYTE_UP","GSE26488_CTRL_VS_PEPTIDE_INJECTION_OT2_THYMOCYTE_UP","14/2154","186/21355",0.905352716398871,0.927483157472937,0.27648730522215
"GSE11961_PLASMA_CELL_DAY7_VS_MEMORY_BCELL_DAY40_DN","GSE11961_PLASMA_CELL_DAY7_VS_MEMORY_BCELL_DAY40_DN","15/2154","198/21355",0.907136832363014,0.928380829437969,0.276754905663825
"GSE22601_IMMATURE_CD4_SINGLE_POSITIVE_VS_DOUBLE_POSITIVE_THYMOCYTE_UP","GSE22601_IMMATURE_CD4_SINGLE_POSITIVE_VS_DOUBLE_POSITIVE_THYMOCYTE_UP","15/2154","198/21355",0.907136832363014,0.928380829437969,0.276754905663825
"GSE360_DC_VS_MAC_T_GONDII_UP","GSE360_DC_VS_MAC_T_GONDII_UP","15/2154","198/21355",0.907136832363014,0.928380829437969,0.276754905663825
"GSE41176_UNSTIM_VS_ANTI_IGM_STIM_TAK1_KO_BCELL_3H_UP","GSE41176_UNSTIM_VS_ANTI_IGM_STIM_TAK1_KO_BCELL_3H_UP","15/2154","198/21355",0.907136832363014,0.928380829437969,0.276754905663825
"GSE8835_CD4_VS_CD8_TCELL_DN","GSE8835_CD4_VS_CD8_TCELL_DN","15/2154","198/21355",0.907136832363014,0.928380829437969,0.276754905663825
"GSE19198_1H_VS_6H_IL21_TREATED_TCELL_UP","GSE19198_1H_VS_6H_IL21_TREATED_TCELL_UP","14/2154","187/21355",0.909206488735612,0.930126606023447,0.277275330277199
"GSE21546_UNSTIM_VS_ANTI_CD3_STIM_SAP1A_KO_AND_ELK1_KO_DP_THYMOCYTES_DN","GSE21546_UNSTIM_VS_ANTI_CD3_STIM_SAP1A_KO_AND_ELK1_KO_DP_THYMOCYTES_DN","14/2154","187/21355",0.909206488735612,0.930126606023447,0.277275330277199
"GSE23502_WT_VS_HDC_KO_MYELOID_DERIVED_SUPPRESSOR_CELL_COLON_TUMOR_DN","GSE23502_WT_VS_HDC_KO_MYELOID_DERIVED_SUPPRESSOR_CELL_COLON_TUMOR_DN","15/2154","199/21355",0.910827714521177,0.931598740617479,0.277714180862839
"HOEK_NK_CELL_2011_2012_TIV_ADULT_3DY_UP","HOEK_NK_CELL_2011_2012_TIV_ADULT_3DY_UP","1/2154","23/21355",0.913427367625716,0.933941127617313,0.278412457984265
"GSE24634_TREG_VS_TCONV_POST_DAY5_IL4_CONVERSION_UP","GSE24634_TREG_VS_TCONV_POST_DAY5_IL4_CONVERSION_UP","15/2154","200/21355",0.914396496157299,0.933941127617313,0.278412457984265
"GSE27786_ERYTHROBLAST_VS_MONO_MAC_UP","GSE27786_ERYTHROBLAST_VS_MONO_MAC_UP","15/2154","200/21355",0.914396496157299,0.933941127617313,0.278412457984265
"GSE3982_BASOPHIL_VS_CENT_MEMORY_CD4_TCELL_DN","GSE3982_BASOPHIL_VS_CENT_MEMORY_CD4_TCELL_DN","15/2154","200/21355",0.914396496157299,0.933941127617313,0.278412457984265
"GSE41867_DAY8_EFFECTOR_VS_DAY30_MEMORY_CD8_TCELL_LCMV_ARMSTRONG_UP","GSE41867_DAY8_EFFECTOR_VS_DAY30_MEMORY_CD8_TCELL_LCMV_ARMSTRONG_UP","15/2154","200/21355",0.914396496157299,0.933941127617313,0.278412457984265
"GSE46606_DAY1_VS_DAY3_CD40L_IL2_IL5_STIMULATED_IRF4_KO_BCELL_DN","GSE46606_DAY1_VS_DAY3_CD40L_IL2_IL5_STIMULATED_IRF4_KO_BCELL_DN","15/2154","200/21355",0.914396496157299,0.933941127617313,0.278412457984265
"GSE8835_HEALTHY_VS_CLL_CD4_TCELL_DN","GSE8835_HEALTHY_VS_CLL_CD4_TCELL_DN","15/2154","200/21355",0.914396496157299,0.933941127617313,0.278412457984265
"GSE19923_E2A_KO_VS_HEB_AND_E2A_KO_DP_THYMOCYTE_DN","GSE19923_E2A_KO_VS_HEB_AND_E2A_KO_DP_THYMOCYTE_DN","14/2154","189/21355",0.916524673250341,0.935554133425632,0.278893302973909
"GSE2706_R848_VS_LPS_2H_STIM_DC_UP","GSE2706_R848_VS_LPS_2H_STIM_DC_UP","14/2154","189/21355",0.916524673250341,0.935554133425632,0.278893302973909
"GSE37416_CTRL_VS_0H_F_TULARENSIS_LVS_NEUTROPHIL_UP","GSE37416_CTRL_VS_0H_F_TULARENSIS_LVS_NEUTROPHIL_UP","14/2154","189/21355",0.916524673250341,0.935554133425632,0.278893302973909
"GSE5589_WT_VS_IL6_KO_LPS_STIM_MACROPHAGE_180MIN_DN","GSE5589_WT_VS_IL6_KO_LPS_STIM_MACROPHAGE_180MIN_DN","10/2154","142/21355",0.917266420840276,0.936124393164937,0.27906330021572
"GSE4748_LPS_VS_LPS_AND_CYANOBACTERIUM_LPSLIKE_STIM_DC_3H_DN","GSE4748_LPS_VS_LPS_AND_CYANOBACTERIUM_LPSLIKE_STIM_DC_3H_DN","14/2154","190/21355",0.919995079965623,0.938721780854965,0.279837594301005
"VAN_DEN_BIGGELAAR_PBMC_PREVNAR_9MO_INFANT_STIMULATED_VS_UNSTIMULATED_8MO_UP","VAN_DEN_BIGGELAAR_PBMC_PREVNAR_9MO_INFANT_STIMULATED_VS_UNSTIMULATED_8MO_UP","5/2154","81/21355",0.921311560828598,0.939877496112653,0.280182118721344
"GSE45365_WT_VS_IFNAR_KO_CD11B_DC_MCMV_INFECTION_DN","GSE45365_WT_VS_IFNAR_KO_CD11B_DC_MCMV_INFECTION_DN","14/2154","191/21355",0.923343709491787,0.941762694321067,0.280744105608388
"GSE35543_IN_VIVO_NTREG_VS_CONVERTED_EX_ITREG_UP","GSE35543_IN_VIVO_NTREG_VS_CONVERTED_EX_ITREG_UP","14/2154","192/21355",0.926573575840038,0.944868506834885,0.281669963642092
"GSE13887_RESTING_VS_ACT_CD4_TCELL_UP","GSE13887_RESTING_VS_ACT_CD4_TCELL_UP","7/2154","108/21355",0.928193025877476,0.946331194678272,0.282105998104756
"GSE40274_EOS_VS_FOXP3_AND_EOS_TRANSDUCED_ACTIVATED_CD4_TCELL_DN","GSE40274_EOS_VS_FOXP3_AND_EOS_TRANSDUCED_ACTIVATED_CD4_TCELL_DN","8/2154","121/21355",0.930280681702116,0.948270559318764,0.282684132272447
"GSE37301_LYMPHOID_PRIMED_MPP_VS_RAG2_KO_NK_CELL_DN","GSE37301_LYMPHOID_PRIMED_MPP_VS_RAG2_KO_NK_CELL_DN","14/2154","194/21355",0.93268905485214,0.950366253477108,0.283308869040702
"GSE22611_NOD2_TRANSD_VS_CTRL_TRANSD_HEK293_MDP_STIM_2H_DN","GSE22611_NOD2_TRANSD_VS_CTRL_TRANSD_HEK293_MDP_STIM_2H_DN","9/2154","134/21355",0.932708362986139,0.950366253477108,0.283308869040702
"GSE15659_NONSUPPRESSIVE_TCELL_VS_ACTIVATED_TREG_UP","GSE15659_NONSUPPRESSIVE_TCELL_VS_ACTIVATED_TREG_UP","14/2154","195/21355",0.935580660803599,0.953102992366767,0.284124704406122
"GSE43863_NAIVE_VS_MEMORY_TH1_CD4_TCELL_D150_LCMV_DN","GSE43863_NAIVE_VS_MEMORY_TH1_CD4_TCELL_D150_LCMV_DN","13/2154","184/21355",0.938022829654169,0.955368917780694,0.284800187951546
"GSE15659_NAIVE_CD4_TCELL_VS_NONSUPPRESSIVE_TCELL_UP","GSE15659_NAIVE_CD4_TCELL_VS_NONSUPPRESSIVE_TCELL_UP","14/2154","196/21355",0.938365481145051,0.955368917780694,0.284800187951546
"GSE18281_CORTICAL_THYMOCYTE_VS_WHOLE_CORTEX_THYMUS_UP","GSE18281_CORTICAL_THYMOCYTE_VS_WHOLE_CORTEX_THYMUS_UP","14/2154","196/21355",0.938365481145051,0.955368917780694,0.284800187951546
"ZAK_PBMC_MRKAD5_HIV_1_GAG_POL_NEF_AGE_20_50YO_CORRELATED_WITH_CD8_T_CELL_RESPONSE_3DY_NEGATIVE","ZAK_PBMC_MRKAD5_HIV_1_GAG_POL_NEF_AGE_20_50YO_CORRELATED_WITH_CD8_T_CELL_RESPONSE_3DY_NEGATIVE","6/2154","98/21355",0.938794829262225,0.955615759907975,0.284873772807549
"GSE41867_LCMV_ARMSTRONG_VS_CLONE13_DAY15_EFFECTOR_CD8_TCELL_DN","GSE41867_LCMV_ARMSTRONG_VS_CLONE13_DAY15_EFFECTOR_CD8_TCELL_DN","13/2154","185/21355",0.940793465222883,0.957459591497731,0.285423428101478
"GSE19888_ADENOSINE_A3R_INH_VS_INH_PRETREAT_AND_ACT_WITH_TCELL_MEMBRANES_MAST_CELL_DN","GSE19888_ADENOSINE_A3R_INH_VS_INH_PRETREAT_AND_ACT_WITH_TCELL_MEMBRANES_MAST_CELL_DN","14/2154","197/21355",0.941046468119942,0.957526485870102,0.285443369643923
"GSE13887_ACT_CD4_VS_NO_TREATED_CD4_TCELL_DN","GSE13887_ACT_CD4_VS_NO_TREATED_CD4_TCELL_DN","9/2154","137/21355",0.942493442893194,0.958807993138261,0.28582539328321
"GSE46606_UNSTIM_VS_CD40L_IL2_IL5_1DAY_STIMULATED_IRF4HIGH_SORTED_BCELL_UP","GSE46606_UNSTIM_VS_CD40L_IL2_IL5_1DAY_STIMULATED_IRF4HIGH_SORTED_BCELL_UP","14/2154","198/21355",0.943626549101447,0.959769752447921,0.28611209847851
"GSE29614_CTRL_VS_DAY7_TIV_FLU_VACCINE_PBMC_UP","GSE29614_CTRL_VS_DAY7_TIV_FLU_VACCINE_PBMC_UP","13/2154","187/21355",0.946015562442704,0.961720355816162,0.286693582966392
"GSE29618_PRE_VS_DAY7_FLU_VACCINE_PDC_UP","GSE29618_PRE_VS_DAY7_FLU_VACCINE_PDC_UP","14/2154","199/21355",0.946108623069684,0.961720355816162,0.286693582966392
"GSE46606_UNSTIM_VS_CD40L_IL2_IL5_3DAY_STIMULATED_IRF4HIGH_SORTED_BCELL_DN","GSE46606_UNSTIM_VS_CD40L_IL2_IL5_3DAY_STIMULATED_IRF4HIGH_SORTED_BCELL_DN","14/2154","199/21355",0.946108623069684,0.961720355816162,0.286693582966392
"GSE12484_HEALTHY_VS_PERIDONTITIS_NEUTROPHILS_UP","GSE12484_HEALTHY_VS_PERIDONTITIS_NEUTROPHILS_UP","9/2154","139/21355",0.948302062340123,0.963189232323336,0.287131462300264
"GSE15750_WT_VS_TRAF6KO_DAY10_EFF_CD8_TCELL_DN","GSE15750_WT_VS_TRAF6KO_DAY10_EFF_CD8_TCELL_DN","14/2154","200/21355",0.948495557353412,0.963189232323336,0.287131462300264
"GSE22443_NAIVE_VS_ACT_AND_IL2_TREATED_CD8_TCELL_UP","GSE22443_NAIVE_VS_ACT_AND_IL2_TREATED_CD8_TCELL_UP","14/2154","200/21355",0.948495557353412,0.963189232323336,0.287131462300264
"GSE2585_CD80_HIGH_VS_LOW_MTEC_UP","GSE2585_CD80_HIGH_VS_LOW_MTEC_UP","14/2154","200/21355",0.948495557353412,0.963189232323336,0.287131462300264
"GSE41176_WT_VS_TAK1_KO_ANTI_IGM_STIM_BCELL_1H_DN","GSE41176_WT_VS_TAK1_KO_ANTI_IGM_STIM_BCELL_1H_DN","14/2154","200/21355",0.948495557353412,0.963189232323336,0.287131462300264
"GSE21927_HEALTHY_VS_TUMOROUS_BALBC_MOUSE_MONOCYTE_DN","GSE21927_HEALTHY_VS_TUMOROUS_BALBC_MOUSE_MONOCYTE_DN","13/2154","189/21355",0.950833233986285,0.965179735035115,0.287724840979309
"GSE37416_CTRL_VS_0H_F_TULARENSIS_LVS_NEUTROPHIL_DN","GSE37416_CTRL_VS_0H_F_TULARENSIS_LVS_NEUTROPHIL_DN","13/2154","189/21355",0.950833233986285,0.965179735035115,0.287724840979309
"GSE16385_IFNG_TNF_VS_IL4_STIM_MACROPHAGE_DN","GSE16385_IFNG_TNF_VS_IL4_STIM_MACROPHAGE_DN","13/2154","190/21355",0.953098183151644,0.966902978264753,0.288238548288133
"GSE29614_CTRL_VS_DAY3_TIV_FLU_VACCINE_PBMC_UP","GSE29614_CTRL_VS_DAY3_TIV_FLU_VACCINE_PBMC_UP","13/2154","190/21355",0.953098183151644,0.966902978264753,0.288238548288133
"GSE41867_DAY6_VS_DAY15_LCMV_CLONE13_EFFECTOR_CD8_TCELL_DN","GSE41867_DAY6_VS_DAY15_LCMV_CLONE13_EFFECTOR_CD8_TCELL_DN","13/2154","190/21355",0.953098183151644,0.966902978264753,0.288238548288133
"GSE13522_WT_VS_IFNG_KO_SKING_T_CRUZI_Y_STRAIN_INF_UP","GSE13522_WT_VS_IFNG_KO_SKING_T_CRUZI_Y_STRAIN_INF_UP","8/2154","129/21355",0.955237698770412,0.968531026398337,0.288723877469153
"GSE41867_DAY8_VS_DAY15_LCMV_ARMSTRONG_EFFECTOR_CD8_TCELL_UP","GSE41867_DAY8_VS_DAY15_LCMV_ARMSTRONG_EFFECTOR_CD8_TCELL_UP","13/2154","191/21355",0.9552712626886,0.968531026398337,0.288723877469153
"GSE45365_BCELL_VS_CD8_TCELL_UP","GSE45365_BCELL_VS_CD8_TCELL_UP","13/2154","191/21355",0.9552712626886,0.968531026398337,0.288723877469153
"GSE18791_CTRL_VS_NEWCASTLE_VIRUS_DC_2H_DN","GSE18791_CTRL_VS_NEWCASTLE_VIRUS_DC_2H_DN","12/2154","179/21355",0.955630925601318,0.968703592902367,0.288775320395407
"GSE2770_IL12_ACT_VS_ACT_CD4_TCELL_6H_DN","GSE2770_IL12_ACT_VS_ACT_CD4_TCELL_6H_DN","13/2154","192/21355",0.957355452236261,0.970259351295144,0.289239099648032
"GSE14386_UNTREATED_VS_IFNA_TREATED_ACT_PBMC_MS_PATIENT_UP","GSE14386_UNTREATED_VS_IFNA_TREATED_ACT_PBMC_MS_PATIENT_UP","9/2154","143/21355",0.958385194509257,0.971110483457358,0.28949282634487
"GSE6259_33D1_POS_DC_VS_CD8_TCELL_UP","GSE6259_33D1_POS_DC_VS_CD8_TCELL_UP","9/2154","145/21355",0.962735794514034,0.975325563176195,0.290749362405248
"OVSYANNIKOVA_PBMC_FLUARIX_AGE_55_64YO_RESPONDERS_VS_NONRESPONDERS_0DY_UP","OVSYANNIKOVA_PBMC_FLUARIX_AGE_55_64YO_RESPONDERS_VS_NONRESPONDERS_0DY_UP","1/2154","31/21355",0.963060543949366,0.975461283917018,0.290789821427701
"HOEK_PBMC_INACTIVATED_INFLUENZA_ADULT_7DY_UP","HOEK_PBMC_INACTIVATED_INFLUENZA_ADULT_7DY_UP","2/2154","49/21355",0.964654980387027,0.976511188820817,0.291102803259502
"GSE21033_3H_VS_12H_POLYIC_STIM_DC_DN","GSE21033_3H_VS_12H_POLYIC_STIM_DC_DN","9/2154","146/21355",0.964754119006835,0.976511188820817,0.291102803259502
"GSE13485_DAY1_VS_DAY21_YF17D_VACCINE_PBMC_DN","GSE13485_DAY1_VS_DAY21_YF17D_VACCINE_PBMC_DN","13/2154","196/21355",0.964861045555011,0.976511188820817,0.291102803259502
"GSE9006_HEALTHY_VS_TYPE_1_DIABETES_PBMC_1MONTH_POST_DX_DN","GSE9006_HEALTHY_VS_TYPE_1_DIABETES_PBMC_1MONTH_POST_DX_DN","13/2154","196/21355",0.964861045555011,0.976511188820817,0.291102803259502
"GSE34156_TLR1_TLR2_LIGAND_VS_NOD2_AND_TLR1_TLR2_LIGAND_6H_TREATED_MONOCYTE_DN","GSE34156_TLR1_TLR2_LIGAND_VS_NOD2_AND_TLR1_TLR2_LIGAND_6H_TREATED_MONOCYTE_DN","12/2154","184/21355",0.965407108657552,0.976870482201873,0.291209910389062
"GSE17974_IL4_AND_ANTI_IL12_VS_UNTREATED_1H_ACT_CD4_TCELL_UP","GSE17974_IL4_AND_ANTI_IL12_VS_UNTREATED_1H_ACT_CD4_TCELL_UP","12/2154","185/21355",0.967114413404466,0.97840443128948,0.291667188180215
"GSE7509_UNSTIM_VS_TNFA_IL1B_IL6_PGE_STIM_DC_DN","GSE7509_UNSTIM_VS_TNFA_IL1B_IL6_PGE_STIM_DC_DN","6/2154","108/21355",0.96730932527336,0.978408027719622,0.291668260293784
"GSE16386_IL4_VS_IL4_AND_ROSIGLITAZONE_STIM_MACROPHAGE_6H_DN","GSE16386_IL4_VS_IL4_AND_ROSIGLITAZONE_STIM_MACROPHAGE_6H_DN","13/2154","198/21355",0.96815398438682,0.978681558357021,0.291749801126327
"GSE2128_C57BL6_VS_NOD_THYMOCYTE_MIMETOPE_NEGATIVE_SELECTION_UP","GSE2128_C57BL6_VS_NOD_THYMOCYTE_MIMETOPE_NEGATIVE_SELECTION_UP","13/2154","198/21355",0.96815398438682,0.978681558357021,0.291749801126327
"GSE2405_0H_VS_3H_A_PHAGOCYTOPHILUM_STIM_NEUTROPHIL_DN","GSE2405_0H_VS_3H_A_PHAGOCYTOPHILUM_STIM_NEUTROPHIL_DN","13/2154","198/21355",0.96815398438682,0.978681558357021,0.291749801126327
"GSE37605_C57BL6_VS_NOD_FOXP3_FUSION_GFP_TREG_UP","GSE37605_C57BL6_VS_NOD_FOXP3_FUSION_GFP_TREG_UP","7/2154","122/21355",0.968593597124477,0.97889292788439,0.291812811425282
"GSE40666_WT_VS_STAT4_KO_CD8_TCELL_UP","GSE40666_WT_VS_STAT4_KO_CD8_TCELL_UP","12/2154","186/21355",0.968745983785451,0.97889292788439,0.291812811425282
"GSE14769_UNSTIM_VS_20MIN_LPS_BMDM_UP","GSE14769_UNSTIM_VS_20MIN_LPS_BMDM_UP","13/2154","199/21355",0.969694789210061,0.979658063076673,0.292040902001096
"GSE37532_WT_VS_PPARG_KO_LN_TREG_DN","GSE37532_WT_VS_PPARG_KO_LN_TREG_DN","7/2154","123/21355",0.970472574528779,0.980250152818184,0.292217406874269
"GSE27786_CD8_TCELL_VS_ERYTHROBLAST_DN","GSE27786_CD8_TCELL_VS_ERYTHROBLAST_DN","13/2154","200/21355",0.971168532601165,0.980372104084848,0.29225376114854
"GSE32533_WT_VS_MIR17_OVEREXPRESS_ACT_CD4_TCELL_DN","GSE32533_WT_VS_MIR17_OVEREXPRESS_ACT_CD4_TCELL_DN","13/2154","200/21355",0.971168532601165,0.980372104084848,0.29225376114854
"GSE36392_TYPE_2_MYELOID_VS_MAC_IL25_TREATED_LUNG_UP","GSE36392_TYPE_2_MYELOID_VS_MAC_IL25_TREATED_LUNG_UP","13/2154","200/21355",0.971168532601165,0.980372104084848,0.29225376114854
"GSE14413_UNSTIM_VS_IFNB_STIM_RAW264_CELLS_DN","GSE14413_UNSTIM_VS_IFNB_STIM_RAW264_CELLS_DN","7/2154","124/21355",0.972248161975648,0.9812682298029,0.29252090064636
"GSE2706_LPS_VS_R848_AND_LPS_2H_STIM_DC_UP","GSE2706_LPS_VS_R848_AND_LPS_2H_STIM_DC_UP","12/2154","190/21355",0.974570278576327,0.983417768770625,0.293161688817949
"GSE13887_RESTING_VS_NO_TREATED_CD4_TCELL_UP","GSE13887_RESTING_VS_NO_TREATED_CD4_TCELL_UP","8/2154","139/21355",0.975046592530522,0.983704267483931,0.293247095497901
"HOWARD_PBMC_INACT_MONOV_INFLUENZA_A_INDONESIA_05_2005_H5N1_AGE_19_39YO_AS03_ADJUVANT_VS_BUFFER_1DY_DN","HOWARD_PBMC_INACT_MONOV_INFLUENZA_A_INDONESIA_05_2005_H5N1_AGE_19_39YO_AS03_ADJUVANT_VS_BUFFER_1DY_DN","1/2154","35/21355",0.975873711328374,0.984344503062138,0.293437952882534
"HOEK_NK_CELL_2011_2012_TIV_1D_VS_0DY_ADULT_1D_DN","HOEK_NK_CELL_2011_2012_TIV_1D_VS_0DY_ADULT_1D_DN","2/2154","54/21355",0.977460687513269,0.985750788018806,0.293857173366389
"GSE43863_NAIVE_VS_LY6C_INT_CXCR5POS_CD4_EFF_TCELL_D6_LCMV_DN","GSE43863_NAIVE_VS_LY6C_INT_CXCR5POS_CD4_EFF_TCELL_D6_LCMV_DN","12/2154","193/21355",0.978274392407397,0.986376842512132,0.294043803299653
"GSE40666_STAT1_KO_VS_STAT4_KO_CD8_TCELL_DN","GSE40666_STAT1_KO_VS_STAT4_KO_CD8_TCELL_DN","11/2154","182/21355",0.980204891649364,0.988128472200946,0.294565972752009
"GSE27291_0H_VS_6H_STIM_GAMMADELTA_TCELL_UP","GSE27291_0H_VS_6H_STIM_GAMMADELTA_TCELL_UP","12/2154","195/21355",0.980463963796908,0.98819480522247,0.294585746952996
"NAKAYA_PBMC_FLUAD_MALE_AGE_14_27YO_1D_POSTBOOST_VS_0D_PREIMM_MF59_ADJUVANTED_1DY_GENES_IN_BTM_M40_AND_M53_DN","NAKAYA_PBMC_FLUAD_MALE_AGE_14_27YO_1D_POSTBOOST_VS_0D_PREIMM_MF59_ADJUVANTED_1DY_GENES_IN_BTM_M40_AND_M53_DN","2/2154","56/21355",0.981207900867433,0.988635764724096,0.29471719915602
"GSE22886_IL2_VS_IL15_STIM_NKCELL_UP","GSE22886_IL2_VS_IL15_STIM_NKCELL_UP","12/2154","196/21355",0.981481545421379,0.988635764724096,0.29471719915602
"GSE29618_LAIV_VS_TIV_FLU_VACCINE_DAY7_MDC_DN","GSE29618_LAIV_VS_TIV_FLU_VACCINE_DAY7_MDC_DN","12/2154","196/21355",0.981481545421379,0.988635764724096,0.29471719915602
"GSE37605_C57BL6_VS_NOD_FOXP3_IRES_GFP_TREG_UP","GSE37605_C57BL6_VS_NOD_FOXP3_IRES_GFP_TREG_UP","7/2154","131/21355",0.982178182112654,0.989044113664413,0.294838929989824
"GSE41867_DAY8_VS_DAY15_LCMV_ARMSTRONG_EFFECTOR_CD8_TCELL_DN","GSE41867_DAY8_VS_DAY15_LCMV_ARMSTRONG_EFFECTOR_CD8_TCELL_DN","11/2154","184/21355",0.982273813649108,0.989044113664413,0.294838929989824
"GSE18791_CTRL_VS_NEWCASTLE_VIRUS_DC_1H_DN","GSE18791_CTRL_VS_NEWCASTLE_VIRUS_DC_1H_DN","11/2154","185/21355",0.983232166538137,0.989814149932959,0.295068481600651
"GSE13485_DAY1_VS_DAY3_YF17D_VACCINE_PBMC_UP","GSE13485_DAY1_VS_DAY3_YF17D_VACCINE_PBMC_UP","11/2154","186/21355",0.984142726596878,0.990059658181696,0.295141668820879
"GSE22935_24H_VS_48H_MBOVIS_BCG_STIM_MYD88_KO_MACROPHAGE_DN","GSE22935_24H_VS_48H_MBOVIS_BCG_STIM_MYD88_KO_MACROPHAGE_DN","12/2154","199/21355",0.98425058528018,0.990059658181696,0.295141668820879
"GSE23502_BM_VS_COLON_TUMOR_HDC_KO_MYELOID_DERIVED_SUPPRESSOR_CELL_UP","GSE23502_BM_VS_COLON_TUMOR_HDC_KO_MYELOID_DERIVED_SUPPRESSOR_CELL_UP","12/2154","199/21355",0.98425058528018,0.990059658181696,0.295141668820879
"GSE45365_NK_CELL_VS_CD8A_DC_DN","GSE45365_NK_CELL_VS_CD8A_DC_DN","12/2154","199/21355",0.98425058528018,0.990059658181696,0.295141668820879
"HOFT_PBMC_TICE_BCG_RBCG_AG85A_AG85B_AGE_18_40YO_CORRELATED_WITH_WHOLE_BLOOD_BACTERICIDAL_ACTIVITY_NEGATIVE","HOFT_PBMC_TICE_BCG_RBCG_AG85A_AG85B_AGE_18_40YO_CORRELATED_WITH_WHOLE_BLOOD_BACTERICIDAL_ACTIVITY_NEGATIVE","1/2154","40/21355",0.985835898172561,0.991459273673545,0.295558901104366
"GSE6674_UNSTIM_VS_ANTI_IGM_STIM_BCELL_DN","GSE6674_UNSTIM_VS_ANTI_IGM_STIM_BCELL_DN","7/2154","135/21355",0.986253099262099,0.991683794793925,0.295625831958085
"GSE41867_DAY6_VS_DAY15_LCMV_CLONE13_EFFECTOR_CD8_TCELL_UP","GSE41867_DAY6_VS_DAY15_LCMV_CLONE13_EFFECTOR_CD8_TCELL_UP","11/2154","189/21355",0.986608405292845,0.99184600398394,0.29567418731793
"GSE9946_IMMATURE_VS_MATURE_STIMULATORY_DC_DN","GSE9946_IMMATURE_VS_MATURE_STIMULATORY_DC_DN","7/2154","137/21355",0.987946910348372,0.992996373621236,0.296017118182455
"GSE2706_UNSTIM_VS_2H_LPS_DC_UP","GSE2706_UNSTIM_VS_2H_LPS_DC_UP","11/2154","196/21355",0.991048493880863,0.99591803247108,0.296888079100358
"GSE18281_PERIMEDULLARY_CORTICAL_REGION_VS_WHOLE_MEDULLA_THYMUS_DN","GSE18281_PERIMEDULLARY_CORTICAL_REGION_VS_WHOLE_MEDULLA_THYMUS_DN","11/2154","197/21355",0.991556977779517,0.996037490645712,0.296923690171594
"GSE22886_NEUTROPHIL_VS_MONOCYTE_UP","GSE22886_NEUTROPHIL_VS_MONOCYTE_UP","11/2154","197/21355",0.991556977779517,0.996037490645712,0.296923690171594
"GSE1740_UNSTIM_VS_IFNA_STIMULATED_MCSF_DERIVED_MACROPHAGE_UP","GSE1740_UNSTIM_VS_IFNA_STIMULATED_MCSF_DERIVED_MACROPHAGE_UP","10/2154","185/21355",0.992223097715158,0.996510842391986,0.297064798662562
"GSE21670_TGFB_VS_IL6_TREATED_CD4_TCELL_DN","GSE21670_TGFB_VS_IL6_TREATED_CD4_TCELL_DN","11/2154","200/21355",0.99292524701158,0.99662435744619,0.297098638060276
"GSE41176_UNSTIM_VS_ANTI_IGM_STIM_TAK1_KO_BCELL_3H_DN","GSE41176_UNSTIM_VS_ANTI_IGM_STIM_TAK1_KO_BCELL_3H_DN","11/2154","200/21355",0.99292524701158,0.99662435744619,0.297098638060276
"GSE29614_DAY3_VS_DAY7_TIV_FLU_VACCINE_PBMC_UP","GSE29614_DAY3_VS_DAY7_TIV_FLU_VACCINE_PBMC_UP","10/2154","187/21355",0.993115803087882,0.99662435744619,0.297098638060276
"GSE9960_HEALTHY_VS_GRAM_NEG_AND_POS_SEPSIS_PBMC_UP","GSE9960_HEALTHY_VS_GRAM_NEG_AND_POS_SEPSIS_PBMC_UP","10/2154","187/21355",0.993115803087882,0.99662435744619,0.297098638060276
"GSE9946_IMMATURE_VS_PROSTAGLANDINE2_TREATED_MATURE_DC_DN","GSE9946_IMMATURE_VS_PROSTAGLANDINE2_TREATED_MATURE_DC_DN","7/2154","147/21355",0.993852498914897,0.996836011116792,0.297161733063731
"GSE13485_DAY3_VS_DAY21_YF17D_VACCINE_PBMC_DN","GSE13485_DAY3_VS_DAY21_YF17D_VACCINE_PBMC_DN","10/2154","189/21355",0.993911594890163,0.996836011116792,0.297161733063731
"GSE29614_CTRL_VS_TIV_FLU_VACCINE_PBMC_2007_UP","GSE29614_CTRL_VS_TIV_FLU_VACCINE_PBMC_2007_UP","10/2154","189/21355",0.993911594890163,0.996836011116792,0.297161733063731
"GSE13485_DAY7_VS_DAY21_YF17D_VACCINE_PBMC_DN","GSE13485_DAY7_VS_DAY21_YF17D_VACCINE_PBMC_DN","10/2154","191/21355",0.994620220513207,0.997351085994121,0.297315279425919
"GSE13762_CTRL_VS_125_VITAMIND_DAY5_DC_UP","GSE13762_CTRL_VS_125_VITAMIND_DAY5_DC_UP","6/2154","136/21355",0.99523480258193,0.997771675608119,0.29744065926494
"GSE29949_CD8_POS_DC_SPLEEN_VS_DC_BRAIN_DN","GSE29949_CD8_POS_DC_SPLEEN_VS_DC_BRAIN_DN","10/2154","196/21355",0.996066689222104,0.998409916093436,0.297630921902538
"GSE29614_CTRL_VS_DAY3_TIV_FLU_VACCINE_PBMC_DN","GSE29614_CTRL_VS_DAY3_TIV_FLU_VACCINE_PBMC_DN","9/2154","184/21355",0.996533850731576,0.998682394902107,0.297712149179748
"GSE18791_UNSTIM_VS_NEWCATSLE_VIRUS_DC_2H_UP","GSE18791_UNSTIM_VS_NEWCATSLE_VIRUS_DC_2H_UP","9/2154","185/21355",0.99675428696537,0.998707558152839,0.297719650468941
"GSE17974_IL4_AND_ANTI_IL12_VS_UNTREATED_4H_ACT_CD4_TCELL_DN","GSE17974_IL4_AND_ANTI_IL12_VS_UNTREATED_4H_ACT_CD4_TCELL_DN","9/2154","187/21355",0.997155779088672,0.998914086692865,0.297781217645685
"GSE46606_UNSTIM_VS_CD40L_IL2_IL5_3DAY_STIMULATED_IRF4_KO_BCELL_UP","GSE46606_UNSTIM_VS_CD40L_IL2_IL5_3DAY_STIMULATED_IRF4_KO_BCELL_UP","8/2154","184/21355",0.998708527108861,0.999999236003853,0.298104706009157
"GSE37532_VISCERAL_ADIPOSE_TISSUE_VS_LN_DERIVED_TCONV_CD4_TCELL_DN","GSE37532_VISCERAL_ADIPOSE_TISSUE_VS_LN_DERIVED_TCONV_CD4_TCELL_DN","3/2154","111/21355",0.999338519995948,0.999999236003853,0.298104706009157
"GSE13485_DAY1_VS_DAY7_YF17D_VACCINE_PBMC_UP","GSE13485_DAY1_VS_DAY7_YF17D_VACCINE_PBMC_UP","6/2154","185/21355",0.999891989190612,0.999999236003853,0.298104706009157
"GSE13485_CTRL_VS_DAY21_YF17D_VACCINE_PBMC_DN","GSE13485_CTRL_VS_DAY21_YF17D_VACCINE_PBMC_DN","6/2154","186/21355",0.999900426810843,0.999999236003853,0.298104706009157
"GSE18791_CTRL_VS_NEWCASTLE_VIRUS_DC_1H_UP","GSE18791_CTRL_VS_NEWCASTLE_VIRUS_DC_1H_UP","5/2154","182/21355",0.999967753842597,0.999999236003853,0.298104706009157
"GSE16385_IFNG_TNF_VS_ROSIGLITAZONE_STIM_MACROPHAGE_DN","GSE16385_IFNG_TNF_VS_ROSIGLITAZONE_STIM_MACROPHAGE_DN","5/2154","188/21355",0.999980805604881,0.999999236003853,0.298104706009157
"GSE18791_UNSTIM_VS_NEWCATSLE_VIRUS_DC_1H_UP","GSE18791_UNSTIM_VS_NEWCATSLE_VIRUS_DC_1H_UP","5/2154","188/21355",0.999980805604881,0.999999236003853,0.298104706009157
"GSE40493_BCL6_KO_VS_WT_TREG_DN","GSE40493_BCL6_KO_VS_WT_TREG_DN","1/2154","117/21355",0.999996181451417,0.999999236003853,0.298104706009157
"GSE13485_CTRL_VS_DAY1_YF17D_VACCINE_PBMC_DN","GSE13485_CTRL_VS_DAY1_YF17D_VACCINE_PBMC_DN","3/2154","183/21355",0.999999236003853,0.999999236003853,0.298104706009157
