"GeneSymbol","log2FoldChange","padj","Source","Avg_Intron_FC","Median_Intron_FC","Avg_IntronExon_Ratio","Median_IntronExon_Ratio","Num_Retained_Introns","Scaled_Chromatin_FC","Scaled_Intron_FC","Scaled_IntronExon_Ratio","GRIPP_Score","GRIPP_Definition"
"CDKL3",2.17761149360152,0.000419577985157263,"Chromatin_Enriched",1.72407141500117,1.51763290563979,4.44731361932528,4.44731361932528,10,6.81887473805474,0.854867151619319,7.30508649929454,3.89394879852213,TRUE
"IDI2-AS1",1.68920809643273,0.00378160656155881,"Chromatin_Enriched",1.57237397833963,1.64662204383775,5.625,5.625,4,4.41893622091751,0.415005310104868,9.40998707548701,3.52537347260266,TRUE
"SNHG22",1.24091507638663,0.0238169855181987,"Chromatin_Enriched",0.96603433267134,0.96603433267134,8.22772277227723,8.22772277227723,1,2.2160938737735,-1.34313694329338,14.061881461747,3.01938785441274,TRUE
"LINC00630",1.66640752589924,1.56082473070573e-05,"Chromatin_Enriched",1.77071991488996,1.65388204565241,2.57744665194996,2.57744665194996,15,4.30689775486009,0.990129127803852,3.9630388016922,2.3559286065748,TRUE
"NR2F1-AS1",1.41927537821491,0.00433650219277986,"Chromatin_Enriched",2.02299447362915,2.03741291627186,3.37219186399514,3.37219186399514,8,3.09252872407815,1.72162436210924,5.38350156852975,2.28348420210296,TRUE
"MAP2",2.204432720239,5.32869082827442e-07,"Chromatin_Enriched",2.85493932381145,3.1451506286566,1.48606356968215,1.48606356968215,15,6.9506700843961,4.13393139835865,2.01238970155054,2.27256876653938,TRUE
"C3orf35",1.51116626154819,0.000584141816037347,"Chromatin_Enriched",1.89986547994723,1.88157932379022,2.60586319218241,2.60586319218241,6,3.54406626776376,1.36459956922769,4.01382820784497,2.14887782782327,TRUE
"PLAC8L1",1.54577499490265,0.00230762930345122,"Chromatin_Enriched",1.33777005486811,1.33777005486811,2.26657263751763,2.26657263751763,2,3.71412821386852,-0.265252155516854,3.40740794543063,2.05162635265131,TRUE
"GHRLOS",1.4339444466919,0.00127845746695396,"Chromatin_Enriched",1.90234066843584,2.21216173903364,2.62412022065817,2.62412022065817,9,3.16461025064518,1.37177662502149,4.04645933136715,2.03768468478567,TRUE
"FGF18",1.99897787136711,0.00198365375474273,"Chromatin_Enriched",2.98509963963569,2.98509963963569,1.32621951219512,1.32621951219512,1,5.94109683368046,4.51134421079983,1.72669747123653,1.98484237972032,TRUE
"GRIN2C",2.54966532426352,1.47020303725226e-07,"Chromatin_Enriched",2.76179681587453,2.76179681587453,0.893794749403341,0.893794749403341,2,8.64708953719464,3.86385541048408,0.953816721916126,1.96579795833208,TRUE
"KCNJ14",1.37524241377881,0.000256940814027016,"Chromatin_Enriched",1.44351522770426,1.44351522770426,2.33959761220429,2.33959761220429,2,2.87615756862239,0.0413665156921164,3.53792682874006,1.83426434570814,TRUE
"LINC01322",1.23265246827044,0.0177789793845831,"Chromatin_Enriched",1.44656377640566,1.44656377640566,3.00692041522491,3.00692041522491,2,2.1754926994471,0.0502060865857118,4.7306451751811,1.80852611415211,TRUE
"IQCN",1.33876282170696,0.0298080158962142,"Chromatin_Enriched",1.92769988274115,1.92769988274115,2.39953810623557,2.39953810623557,2,2.69690251304703,1.44530819515988,3.64505957859101,1.79879408894665,TRUE
"ATF7IP2",1.31314924489189,0.000236879654252274,"Chromatin_Enriched",1.6032510191072,1.5327085881382,2.29178832116788,2.29178832116788,8,2.57104137056424,0.504536368186267,3.45247640161342,1.71643272316432,TRUE
"DRD4",1.85679825340623,0.000228019628517863,"Chromatin_Enriched",1.95476719861148,1.90215288777319,1.11161116111611,1.11161116111611,3,5.24244825041058,1.52379257608016,1.3431240095284,1.70698037287047,TRUE
"LINC00886",1.33642152270954,0.00418892190600762,"Chromatin_Enriched",1.63787210252033,1.63787210252033,2.14649033570702,2.14649033570702,1,2.6853977330299,0.604923651191575,3.19278263395606,1.69767197677853,TRUE
"SLFNL1-AS1",1.19481971310122,0.000377267642936905,"Chromatin_Enriched",1.29136818300222,1.46706614886729,2.89057389235801,2.89057389235801,3,1.98958841035663,-0.399799009160709,4.52269689027335,1.69573764414118,TRUE
"PVT1",1.16850369026355,0.000220989605924473,"Chromatin_Enriched",1.62588063629823,1.68008105103245,3.05559616459561,3.05559616459561,8,1.86027555710439,0.570153199356721,4.81764423925983,1.68586044164087,TRUE
"SLC44A5",1.75534331513026,0.00384558635493616,"Chromatin_Enriched",1.58355759804218,1.58355759804218,1.17507418397626,1.17507418397626,1,4.74391442461466,0.447433330415708,1.45655264008513,1.66949863302689,TRUE
"LINC01909",1.10120277114086,0.0328869456990787,"Chromatin_Enriched",1.04540566710063,1.04540566710063,3.55253623188406,3.55253623188406,1,1.52956928237825,-1.11299184596112,5.70583438150238,1.64830978502611,TRUE
"AVIL",2.02549172431667,0.000107373962887705,"Chromatin_Enriched",2.11892575065019,2.11892575065019,0.890710382513661,0.890710382513661,1,6.07138179340888,1.99978666397761,0.9483039761208,1.64436048353056,TRUE
"FAM53A",1.28813161940591,0.00820586736335822,"Chromatin_Enriched",1.36732512707061,1.37220423538139,2.17150760719225,2.17150760719225,3,2.44810864044982,-0.17955427708737,3.23749646441902,1.6303506579828,TRUE
"TBC1D3B",0.971854001740527,0.0382354068907797,"Chromatin_Enriched",0.893513264927442,0.893513264927442,5.88571428571429,5.88571428571429,1,0.893969498208694,-1.55341900941422,9.87596652402848,1.62198166552519,TRUE
"IQANK1",1.27181344461152,0.0188850960246681,"Chromatin_Enriched",1.36741006197128,1.36741006197128,2.03499469777306,2.03499469777306,2,2.3679236613005,-0.179307999875056,2.99350442510416,1.5522100527116,TRUE
"ZNF487",1.07729216127337,0.00799577376695388,"Chromatin_Enriched",1.40602042501039,1.31064042186348,3.37363304981774,3.37363304981774,5,1.41207625525788,-0.0673534028714452,5.38607742651551,1.54334492638568,TRUE
"LINC01285",1.0900959951857,0.0233811451621711,"Chromatin_Enriched",1.01345201680163,1.01345201680163,3.2125340599455,3.2125340599455,1,1.47499230856824,-1.20564464071457,5.09814223241755,1.53923081918098,TRUE
"P2RY11",1.92081796735653,3.57901348122937e-07,"Chromatin_Enriched",2.04023897911189,2.04023897911189,0.850523168908819,0.850523168908819,1,5.5570311920037,1.77162652499725,0.87647662848353,1.53726767011281,TRUE
"RBFOX3",1.18730396114373,0.00375596250348528,"Chromatin_Enriched",1.99564345280071,1.90248016597286,2.36353757923332,2.36353757923332,9,1.95265717131819,1.64231735037812,3.58071517309076,1.51907514688543,TRUE
"SNHG25",2.03644224181175,0.00117915393039495,"Chromatin_Enriched",1.46445991432358,1.46445991432358,0.742091503267974,0.742091503267974,1,6.1251909373898,0.102097722685903,0.682674713788581,1.50755632573562,TRUE
"ADAM32",1.1744395610694,0.00427431124431636,"Chromatin_Enriched",2.21811729950044,1.93366440572135,2.20515826494724,2.20515826494724,9,1.8894435052847,2.28740244905699,3.29764090529908,1.44335060914344,TRUE
"CENPS-CORT",1.32457014802775,0.0302239496287879,"Chromatin_Enriched",0.87152599847848,0.780523881644866,1.54268006874642,1.54268006874642,7,2.62716191660289,-1.61717328056705,2.11358141392655,1.42352912265835,TRUE
"LINC01730",1.92387740873529,0.00109768931661428,"Chromatin_Enriched",2.04516556664912,2.00308940547879,0.671840354767184,0.671840354767184,3,5.57206481226182,1.78591165673184,0.557113541150432,1.36812609072697,TRUE
"ZNF239",1.04824059811236,0.00706973053620748,"Chromatin_Enriched",1.26547730930782,1.19120118890977,2.93309090909091,2.93309090909091,10,1.2693213812801,-0.474872178703082,4.5986883379861,1.36437439952298,TRUE
"HSPBAP1",1.5550993579399,2.14669815646722e-06,"Chromatin_Enriched",2.02628772311742,1.98088804475796,0.97736893520026,0.97736893520026,4,3.75994668714407,1.73117346733051,1.10319040469402,1.35551744548415,TRUE
"LUNAR1",0.9540427003725,0.0257699663951142,"Chromatin_Enriched",1.28917472787381,1.28917472787381,4.27727272727273,4.27727272727273,1,0.806447526737447,-0.406159150988374,7.00116927860575,1.31327758149041,TRUE
"ZNF502",1.40272497708057,0.000256940814027016,"Chromatin_Enriched",1.46204084508926,1.36158070009655,1.07844276583382,1.07844276583382,4,3.0112026207246,0.0950833902648806,1.28384152525522,1.2742467741337,TRUE
"LPXN",1.3401127890788,0.00219992406877435,"Chromatin_Enriched",1.43358650512599,1.41990257413114,1.2,1.2,6,2.7035360432627,0.012577194703749,1.50110301051598,1.27362538682205,TRUE
"MIR100HG",0.91404324220409,0.00943695356378819,"Chromatin_Enriched",1.13610115171561,0.987391690929856,5.24258521469677,5.24258521469677,9,0.609896395276314,-0.850011246171575,8.72649008075389,1.26440377735367,TRUE
"U2AF1L5",1.02559038043887,0.00251529172293879,"Chromatin_Enriched",1.86297491565635,1.72075566083415,2.73771244832338,2.73771244832338,5,1.15802172584923,1.25763170015487,4.24948481369166,1.2590334575154,TRUE
"BCO2",1.7439549528186,0.000363522924505263,"Chromatin_Enriched",1.92433203781409,1.77733278948686,0.647477360931436,0.647477360931436,3,4.68795377913737,1.43554279302683,0.513569113190537,1.23193829818794,TRUE
"GCOM1",1.20543926317747,0.029436741747534,"Chromatin_Enriched",1.36530093331102,1.07319897635134,1.4788534013476,1.4788534013476,11,2.04177123179154,-0.185423628701149,1.99950283478287,1.22871484301863,TRUE
"LNCOC1",1.95731045013909,7.56318107486915e-07,"Chromatin_Enriched",1.55528547744958,1.55528547744958,0.513389441469013,0.513389441469013,1,5.73634959053148,0.365455498086706,0.273911303124667,1.21346225988985,TRUE
"RGS20",1.04483184800908,0.00339763178110027,"Chromatin_Enriched",1.54933850716101,1.58845205220596,2.34433731001798,2.34433731001798,10,1.25257131214549,0.348211664834623,3.54639817800818,1.21170327649157,TRUE
"NECAB2",2.01100203966061,1.00990908494352e-07,"Chromatin_Enriched",2.6168625233067,2.53286188675191,0.487848997247346,0.487848997247346,11,6.00018173110622,3.44360397954056,0.228262396386356,1.20978978356201,TRUE
"TBX2-AS1",1.22065136448975,0.00754249711016069,"Chromatin_Enriched",0.898377123902463,0.840337854751674,1.37706855791962,1.37706855791962,4,2.1165211374588,-1.53931576539967,1.81758090794828,1.20718571698119,TRUE
"CXXC4",1.37338176905464,0.00869980906073248,"Chromatin_Enriched",1.35890724324978,1.35890724324978,1.01119402985075,1.01119402985075,2,2.86701464912975,-0.203962770471128,1.16364661985275,1.2039742722946,TRUE
"ZDHHC11B",1.25483408617876,0.00337658890701369,"Chromatin_Enriched",1.39263053628523,1.3918827091228,1.25185185185185,1.25185185185185,7,2.28448972833591,-0.106178720173682,1.59377878110363,1.19579318800406,TRUE
"ZCCHC7",1.16622459221258,0.000391983507485968,"Chromatin_Enriched",2.4223672003485,2.39965128779583,1.54118984463812,1.54118984463812,9,1.84907642288754,2.87964539985003,2.11091790890884,1.19368710408425,TRUE
"FMC1",1.37630709133847,0.000510814408395858,"Chromatin_Enriched",1.3450005306693,1.40732877846874,0.976728487174021,0.976728487174021,4,2.88138922896417,-0.244286670068133,1.1020457201315,1.18624089934669,TRUE
"C20orf204",1.58429263820109,0.000224912802887663,"Chromatin_Enriched",1.87653588565409,1.87653588565409,0.672016048144433,0.672016048144433,1,3.90339793696451,1.29695308466342,0.557427561162104,1.14523928851878,TRUE
"NDUFAF6",1.07222446768514,0.00330559251726916,"Chromatin_Enriched",1.47541489797917,1.53138775912772,1.87955008736168,1.87955008736168,35,1.3871743952259,0.133862789984043,2.71567540764241,1.14176699806325,TRUE
"NEU4",1.1138056130115,0.0305363511781481,"Chromatin_Enriched",1.64284253269418,1.64284253269418,1.57243816254417,1.57243816254417,2,1.59149769197997,0.619335909022052,2.16676860349512,1.11859995227746,TRUE
"NMRAL2P",1.19243358881019,0.000275912523049884,"Chromatin_Enriched",1.29723454694503,1.268579494158,1.24421189109094,1.24421189109094,3,1.97786336580143,-0.382788902044416,1.58012373841008,1.10925225234914,TRUE
"PON1",1.59193321190884,0.00202541742856026,"Chromatin_Enriched",1.56219279597373,1.56219279597373,0.60622914349277,0.60622914349277,1,3.94094253071745,0.385483956792559,0.439845413843842,1.09295796235516,TRUE
"SPATA18",1.58764740018965,0.000228923812573637,"Chromatin_Enriched",2.23825608510659,2.10579689212215,0.604029445951182,0.604029445951182,5,3.91988271687973,2.34579686571645,0.43591385388126,1.08805436115814,TRUE
"WNK4",2.10764141525456,3.74966714572671e-07,"Chromatin_Enriched",2.37713236248233,2.44788375595755,0.347719141323793,0.347719141323793,4,6.47505262902476,2.74848247763918,-0.0221942780860679,1.06101360504728,TRUE
"PHKA2-AS1",1.21745925398806,0.0209663980616362,"Chromatin_Enriched",1.9699583755289,1.9699583755289,1.00626959247649,1.00626959247649,1,2.10083560171442,1.56784090808051,1.15484508216276,1.02810675146049,TRUE
"MIRLET7BHG",1.04469885562665,0.00197342490551962,"Chromatin_Enriched",1.6322852041195,1.58889051234347,1.61636896827513,1.61636896827513,4,1.2519178082122,0.588723882276396,2.24528694234414,1.00587302777866,TRUE
"CNIH2",1.41525334336301,0.00529752410410858,"Chromatin_Enriched",1.37499934098056,1.37499934098056,0.657284768211921,0.657284768211921,2,3.07276506884091,-0.157302128752548,0.531098073000549,1.0049083729482,TRUE
"CCDC151",1.36268994354891,0.0153615367249181,"Chromatin_Enriched",1.33293992266012,1.33293992266012,0.70843989769821,0.70843989769821,1,2.81447667744803,-0.279257605407909,0.622528578861712,0.998470723017275,TRUE
"ADHFE1",1.23411584493996,0.0159767868299262,"Chromatin_Enriched",1.98614331967702,1.98614331967702,0.913461538461538,0.913461538461538,2,2.18268350535595,1.61477076724275,0.98896753651308,0.998448154081389,TRUE
"ZNF138",0.833798541717791,0.0168210954959603,"Chromatin_Enriched",0.793036723170677,0.797017159338763,9.19471228615863,9.19471228615863,10,0.215586387177305,-1.84476075953713,15.7901996441946,0.995553816452862,TRUE
"MAP6",1.412730319036,0.000549826123836475,"Chromatin_Enriched",1.56196403305431,1.56196403305431,0.643774427694026,0.643774427694026,2,3.06036731874915,0.384820635900521,0.506950792360027,0.99251856888454,TRUE
"KANK1",1.03706625965202,0.00272375087650655,"Chromatin_Enriched",1.83605914018416,1.60054300044084,1.61597369947786,1.61597369947786,16,1.21441241580206,1.17958672572724,2.24458047113688,0.990570170219025,TRUE
"ZNF813",1.36722145881588,0.0082074082483111,"Chromatin_Enriched",1.12174347067328,1.12174347067328,0.685990338164251,0.685990338164251,1,2.83674384039825,-0.891642773784307,0.582404067299284,0.986402267424439,TRUE
"TMEM91",0.951919310791648,0.00726411899935023,"Chromatin_Enriched",1.11333671177235,1.11562470193528,2.4424911727143,2.4424911727143,9,0.796013519784352,-0.916019009353665,3.72183038605209,0.985965515480769,TRUE
"MYPN",1.08933039973297,0.00375926752957048,"Chromatin_Enriched",1.4513882640702,1.30393771846783,1.31508739650414,1.31508739650414,6,1.47123029129685,0.0641951695602939,1.7068008356664,0.983564032851854,TRUE
"MIATNB",0.875905647959507,0.0249635605991813,"Chromatin_Enriched",1.09767406853403,1.09767406853403,4.56487025948104,4.56487025948104,2,0.422494174265771,-0.961434404955674,7.51519764913847,0.981995695232371,TRUE
"CFP",1.44753470427163,0.00452332986655677,"Chromatin_Enriched",1.92228042839044,1.92228042839044,0.589928057553957,0.589928057553957,1,3.23139066784228,1.42959394696184,0.410710182471367,0.976290945332942,TRUE
"CARD9",1.18463159460311,0.00752814127166924,"Chromatin_Enriched",1.40452335250197,1.39080476221872,0.970976253298153,0.970976253298153,3,1.93952557675943,-0.0716943138645691,1.0917646464956,0.970369331156392,TRUE
"U2AF1",0.978261562896214,0.00375596250348528,"Chromatin_Enriched",1.91014750385419,1.83428342850037,2.03491042719339,2.03491042719339,4,0.925455259584615,1.39441332264201,2.99335380674376,0.970365538760959,TRUE
"CACNG7",1.78131818390711,1.14022700736468e-07,"Chromatin_Enriched",2.09002275277183,1.80475540891259,0.382561234155803,0.382561234155803,5,4.87155089974262,1.91597954006143,0.0400796366685831,0.965315110328837,TRUE
"ZIC5",1.23117798625268,0.000510814408395858,"Chromatin_Enriched",1.2649513633287,1.26501479556546,0.841227484989993,0.841227484989993,3,2.16824732358002,-0.476397211505254,0.859862281270285,0.954984094854858,TRUE
"MATN1-AS1",1.23336292264213,0.0127028367119803,"Chromatin_Enriched",2.14710905932031,2.14710905932031,0.825918762088975,0.825918762088975,1,2.17898376200148,2.08150697728302,0.832500718647252,0.948594637167068,TRUE
"POLI",1.03428539216335,0.00300934089136859,"Chromatin_Enriched",1.48803012817063,1.59420475101268,1.47903417052927,1.47903417052927,14,1.20074766441867,0.170441907636007,1.99982592687334,0.942323412066798,TRUE
"ZSCAN30",1.03026286720945,0.0114514793253019,"Chromatin_Enriched",1.15186760829408,1.15186760829408,1.4188767550702,1.4188767550702,1,1.18098160089624,-0.804294833439851,1.89230546935605,0.915332546585466,TRUE
"GUCA1B",1.33306861081583,0.00267009912201502,"Chromatin_Enriched",1.61260064023048,1.61260064023048,0.617044228694714,0.617044228694714,1,2.66892204419373,0.531646526770698,0.459175414977166,0.90742573916708,TRUE
"GRIP2",1.54158876332675,0.00645805487730415,"Chromatin_Enriched",3.62427790922228,3.62427790922228,0.443708609271523,0.443708609271523,1,3.69355772140492,6.36470532819071,0.14936946732791,0.905224657151105,TRUE
"PPAN-P2RY11",1.63550624704497,0.00021077578036422,"Chromatin_Enriched",1.5192978885356,1.52816823524927,0.392943035800179,0.392943035800179,5,4.1550536649519,0.261105896143966,0.0586352221128523,0.903520725002714,TRUE
"MTRF1",1.21205630863968,0.000377267642936905,"Chromatin_Enriched",1.31516545164424,1.31016157515138,0.786715278568987,0.786715278568987,11,2.0742863665479,-0.3307964561957,0.762431609923504,0.903291972921984,TRUE
"NLGN3",1.1723939383749,0.00426982202872038,"Chromatin_Enriched",1.81744665655269,1.86407670739583,0.859276278001149,0.859276278001149,4,1.87939163274549,1.12561797381247,0.892121221708226,0.898586848082044,TRUE
"FAM149A",1.35979667211675,0.0143197935582988,"Chromatin_Enriched",1.22007302299765,1.22007302299765,0.57644824311491,0.57644824311491,1,2.80025959052598,-0.606526433570944,0.386617461654249,0.898388758062003,TRUE
"MIR29B2CHG",1.02911677997049,0.0137447021426922,"Chromatin_Enriched",1.43031879023011,1.43031879023011,1.37072503419973,1.37072503419973,2,1.17534990602122,0.00310212957888027,1.80624301107505,0.897519231027273,TRUE
"GRHL3",1.79928110366922,0.000191368819248928,"Chromatin_Enriched",1.90921086792783,1.90921086792783,0.321398124467178,0.321398124467178,1,4.95981790047856,1.3916974533929,-0.069238316682929,0.892769895021261,TRUE
"ARHGEF4",1.11501724868114,0.00378685548926978,"Chromatin_Enriched",1.47342150032598,1.41035526024088,0.996366572466694,0.996366572466694,5,1.59745148167341,0.12808273475108,1.13714523195924,0.892089473504977,TRUE
"LRP5L",1.10324442878811,0.00181802048647215,"Chromatin_Enriched",1.4191299729513,1.57631587399133,1.01487501916884,1.01487501916884,4,1.53960167129046,-0.0293409616225139,1.17022571991177,0.883884402980187,TRUE
"GPR132",0.98989392040031,0.0301524544982343,"Chromatin_Enriched",1.49414438377581,1.54189459406248,1.58278145695364,1.58278145695364,3,0.9826148595813,0.188170801341593,2.18525536424865,0.881834615750705,TRUE
"LIN52",1.21632208881076,0.000915403884477002,"Chromatin_Enriched",1.84176241015078,1.69694487030841,0.735453943008615,0.735453943008615,5,2.09524774846613,1.19612392559945,0.670811279988462,0.877769394029358,TRUE
"ZNF862",1.3616472754377,0.0185784560329838,"Chromatin_Enriched",1.61900263046176,1.58640942259952,0.539538892480069,0.539538892480069,4,2.80935316812113,0.550209735711195,0.320648698923329,0.870561685612642,TRUE
"ATOH8",1.62915867933654,7.81920143363509e-05,"Chromatin_Enriched",2.56812288500215,2.56812288500215,0.367076631977294,0.367076631977294,2,4.12386270206773,3.30227853903745,0.0124037217709503,0.869992422786488,TRUE
"TP63",1.44887255525812,0.00304266821503665,"Chromatin_Enriched",2.2997333966268,2.2997333966268,0.465856274579907,0.465856274579907,2,3.23796466002022,2.52405645962753,0.188954397776224,0.86845441841769,TRUE
"FBXO36",1.50979284581175,0.000256940814027016,"Chromatin_Enriched",1.16031823780512,1.16031823780512,0.421802518223989,0.421802518223989,2,3.53731751592249,-0.779791390662662,0.110216307008895,0.863727224294202,TRUE
"ZNF875",0.945596861962473,0.00516892826167669,"Chromatin_Enriched",1.27311756386177,1.2758250716506,1.9498536706864,1.9498536706864,23,0.7649459871756,-0.452718498906645,2.84133029800789,0.86357765747244,TRUE
"KDM4C",1.26791262838211,0.000573931849389795,"Chromatin_Enriched",1.87891404891196,1.73556167907885,0.631738403677392,0.631738403677392,22,2.34875565556691,1.30384880612748,0.485438584777935,0.861335924153895,TRUE
"DOK3",1.11680647364984,0.00280171867653119,"Chromatin_Enriched",1.30081124105039,1.27351325984554,0.921917808219178,0.921917808219178,10,1.60624345556855,-0.372417920897059,1.00408158332332,0.860472093104755,TRUE
"CDKL5",1.04209922629723,0.00252475341908871,"Chromatin_Enriched",2.01617615708783,1.96590125349134,1.17465000941679,1.17465000941679,5,1.23914363302398,1.70185397352592,1.45579450507627,0.853100252080719,TRUE
"UBE2Q2P2",0.924182838620237,0.0436436961425036,"Chromatin_Enriched",1.38868752808936,1.38868752808936,2.18637803590285,2.18637803590285,1,0.659720798891034,-0.117611865547216,3.26407465575654,0.849234674434469,TRUE
"MTERF4",1.15278017721624,0.000572844615747003,"Chromatin_Enriched",1.46452778672223,1.44798213334267,0.799219071105631,0.799219071105631,12,1.78301265351752,0.102294525472519,0.784779868803677,0.844102398028184,TRUE
"CAVIN4",1.38669808832168,0.004542903778023,"Chromatin_Enriched",1.2708320541017,1.2708320541017,0.477317554240631,0.477317554240631,1,2.93244897596025,-0.459345562316471,0.209439354176875,0.836573180642551,TRUE
"AFG3L1P",1.09701182655972,0.000932867873384703,"Chromatin_Enriched",1.14034923963148,1.21025240753726,0.921908352507416,0.921908352507416,10,1.50897563093813,-0.837693491734107,1.00406468295539,0.834007565281037,TRUE
"FLJ45513",1.42960818356611,0.00828756923824429,"Chromatin_Enriched",1.10298982135301,1.10298982135301,0.421198156682028,0.421198156682028,1,3.14330252642305,-0.94602084968769,0.109136120484894,0.81361945343734,TRUE
"SSH2",1.11140748671095,0.00129097605780446,"Chromatin_Enriched",1.57131910443196,1.55543767614266,0.837380036265534,0.837380036265534,7,1.57971367141211,0.411946598040886,0.852985665245954,0.813271385041989,TRUE
"MCRIP2",0.931043227724183,0.00573205164998212,"Chromatin_Enriched",1.20064586926909,1.11865288257619,1.87275433188051,1.87275433188051,14,0.693431686547735,-0.662857402653138,2.70352922860639,0.805799973580752,TRUE
"CDKL2",1.01937265953625,0.0160332705861805,"Chromatin_Enriched",1.57786548493584,1.5489849589548,1.15051997810619,1.15051997810619,4,1.12746881002287,0.430928480972203,1.41266645533171,0.805349424356571,TRUE
"NKIRAS1",0.924112755724905,0.00675800458829435,"Chromatin_Enriched",1.11383058017314,1.08825257951659,1.93296602387511,1.93296602387511,20,0.659376422416843,-0.914586988687943,2.81114669557611,0.798295753927103,TRUE
"DDB2",1.39374280786716,1.83420390198149e-05,"Chromatin_Enriched",1.70757928668255,1.61959759818108,0.429044127040908,0.429044127040908,6,2.96706563480749,0.807046581329098,0.123159367930223,0.797810154472559,TRUE
"TENT2",1.47085335152033,1.40549880935133e-05,"Chromatin_Enriched",1.92490872465226,2.05782599101395,0.379038995861426,0.379038995861426,19,3.34597488249783,1.43721495400857,0.0337842752404628,0.796321216482247,TRUE
"DENND1B",1.13950973168296,0.00222383226110421,"Chromatin_Enriched",1.54051161413403,1.56591235762364,0.737141556668184,0.737141556668184,4,1.71780374309735,0.322617208480278,0.67382758298959,0.795696086843843,TRUE
"DCLK2",1.04068975026717,0.0018587056662578,"Chromatin_Enriched",1.67441766505693,1.70696898928705,1.0170365248004,1.0170365248004,11,1.23221768649468,0.710891153281894,1.17408901876958,0.791583979647813,TRUE
"MKLN1-AS",1.01542396551615,0.00544651784046518,"Chromatin_Enriched",1.31846208627225,1.31846208627225,1.12974340440911,1.12974340440911,1,1.10806554025415,-0.321237535424272,1.37553210219329,0.791147816705304,TRUE
"PCDHA1",0.938964752713708,0.0388335842895952,"Chromatin_Enriched",1.11732815767978,1.11732815767978,1.70887858207719,1.70887858207719,2,0.732356831309282,-0.904445414006341,2.41063108030024,0.791046428303153,TRUE
"LINC02595",1.28960635110906,0.00576780482357363,"Chromatin_Enriched",1.25717351807457,1.25717351807457,0.497229916897507,0.497229916897507,2,2.45535524323217,-0.498949849254352,0.245029086993347,0.781305344774432,TRUE
"BBC3",1.00350153663568,0.00290399601689024,"Chromatin_Enriched",1.26330364853362,1.24816262059838,1.12722877002115,1.12722877002115,6,1.04948057451899,-0.481174924827258,1.37103764980004,0.769091898662355,TRUE
"FAM71F2",1.10542156334868,0.00589280293697329,"Chromatin_Enriched",1.17209291126612,1.17101849204787,0.752021563342318,0.752021563342318,4,1.55029977273527,-0.745649551052391,0.700422893197889,0.763498152827373,TRUE
"ANKRD46",0.988640827494681,0.0110020618641449,"Chromatin_Enriched",1.42384918540814,1.37294754975189,1.18668988198878,1.18668988198878,5,0.976457355462361,-0.0156571346083772,1.47731359125229,0.761167545262114,TRUE
"DGKH",1.11570801648249,0.0050892836271512,"Chromatin_Enriched",1.52167648024181,1.61338033119125,0.720972783410841,0.720972783410841,7,1.60084580747554,0.268002859936685,0.644928836511594,0.759659877059206,TRUE
"CGGBP1",1.76758332060811,2.14669815646722e-06,"Chromatin_Enriched",2.26437933308002,2.42693659559902,0.239874070742612,0.239874070742612,5,4.80405991247684,2.4215438276481,-0.21494776061831,0.759068312899839,TRUE
"DTX2P1-UPK3BP1-PMS2P11",1.00880003230423,0.00245619462706562,"Chromatin_Enriched",1.81171813819567,1.81407792323688,1.06732186732187,1.06732186732187,6,1.07551656016436,1.10900756371508,1.26396493835594,0.757602251623573,TRUE
"TAMM41",1.13200504478732,0.000623183080469986,"Chromatin_Enriched",1.83109277353866,1.99066369566505,0.682875446063889,0.682875446063889,11,1.68092687605607,1.16518625050235,0.576836763232243,0.757582896549139,TRUE
"ZNF532",1.05450926858513,0.00119249583672595,"Chromatin_Enriched",1.30311240082042,1.27501963507546,0.88065544238897,0.88065544238897,25,1.30012465538927,-0.365745478723096,0.930332596295623,0.756624693475123,TRUE
"WASHC2C",1.27997944605683,0.000339336102387706,"Chromatin_Enriched",1.54602151815944,1.47988128820454,0.469656855110834,0.469656855110834,20,2.40805012543487,0.338593724527746,0.195747245414346,0.751983127756531,TRUE
"FAM214A",1.00430975831287,0.00797873620097913,"Chromatin_Enriched",1.65461366656622,1.65320487828256,1.05305671286455,1.05305671286455,20,1.05345205044384,0.653467485241228,1.23846856484819,0.744763302466232,TRUE
"KLHL24",0.959766084137001,0.0123156080917343,"Chromatin_Enriched",1.87236057783389,1.88702922408291,1.32616899097621,1.32616899097621,9,0.834571346564271,1.28484636336937,1.72660717373072,0.743902762654769,TRUE
"STK19",1.50645549962627,2.44389192591083e-05,"Chromatin_Enriched",1.72593968730956,1.37709822502752,0.313415069634567,0.313415069634567,5,3.52091831456152,0.860284393440306,-0.0835065777350027,0.74280174297585,TRUE
"LRRC37B",1.32011565004513,0.000612794589295495,"Chromatin_Enriched",1.4788763828069,1.37363804732614,0.422413014008134,0.422413014008134,5,2.60527320463862,0.143899710344773,0.111307457377019,0.741788819909692,TRUE
"KRIT1",1.20443298625793,0.000573931849389795,"Chromatin_Enriched",1.7603953458751,1.66106851921036,0.538921294774893,0.538921294774893,29,2.03682654313436,0.960192010607525,0.319544855160837,0.740840467934169,TRUE
"ATAD2B",1.29693870790822,0.000364809816767775,"Chromatin_Enriched",1.67276266435593,1.77207442336718,0.437543887025045,0.437543887025045,8,2.49138530691663,0.706092313749283,0.138351145623923,0.738271769494603,TRUE
"KIAA0319",1.04483255361267,0.00234386596227686,"Chromatin_Enriched",1.95249907798209,1.8924675124254,0.86974241285166,0.86974241285166,23,1.25257477937205,1.51721593418843,0.910827537446315,0.738043837074798,TRUE
"RHBDL1",1.32063363028162,0.00170697599879537,"Chromatin_Enriched",1.91373562174963,1.93649373830381,0.417728237791932,0.417728237791932,3,2.60781847915528,1.40481742820762,0.102934270492438,0.738024192617956,TRUE
"PTGR2",1.0732016512826,0.00210243639582607,"Chromatin_Enriched",1.3938054909242,1.32957520518699,0.778731009830205,0.778731009830205,13,1.39197612381226,-0.102771822057512,0.748161179234555,0.736197993937723,TRUE
"BRD1",1.16651328485388,0.000391983507485968,"Chromatin_Enriched",1.84392693105793,2.12064693301873,0.583077566964286,0.583077566964286,9,1.85049501373578,1.2024001697679,0.398466174366986,0.734500554897203,TRUE
"BAX",1.14499373992055,0.000426265251439912,"Chromatin_Enriched",1.70944342769128,1.72308984809695,0.617866874988466,0.617866874988466,12,1.74475130872442,0.812451844034828,0.460645745861633,0.734174379406416,TRUE
"METAP1D",1.05343030739713,0.00378160656155881,"Chromatin_Enriched",1.38046886789729,1.1408978195621,0.830816931787544,0.830816931787544,4,1.29482280751395,-0.141442690157204,0.841255307636299,0.733403269745669,TRUE
"JAK2",1.69581560013462,5.63721326953766e-07,"Chromatin_Enriched",2.227387201846,2.39768880486231,0.239806320081549,0.239806320081549,6,4.45140446894408,2.31428145509765,-0.215068852623659,0.730573379234435,TRUE
"ZNF644",1.10672178721177,0.000932126537376433,"Chromatin_Enriched",1.98523950129751,2.36812428694527,0.683476834768348,0.683476834768348,5,1.55668887106673,1.61215005574259,0.577911636348976,0.729369858959021,TRUE
"PMF1-BGLAP",0.954638337381635,0.0323773322806645,"Chromatin_Enriched",1.0687782796275,0.969316823841973,1.3026595611599,1.3026595611599,5,0.809374394586323,-1.04522062573932,1.68458833647631,0.726064492199515,TRUE
"ZNF225",1.50461670415783,7.81920143363509e-05,"Chromatin_Enriched",1.92413851956363,1.92413851956363,0.299044585987261,0.299044585987261,2,3.51188275892159,1.43498166756627,-0.109191208045535,0.724641126930258,TRUE
"HOXB-AS1",1.03479094379803,0.0173771174043532,"Chromatin_Enriched",1.5315953480032,1.46409182064237,0.862982588947767,0.862982588947767,5,1.20323186671436,0.296763605901023,0.898745579580663,0.720544291297078,TRUE
"CNTNAP3",1.1270817742933,0.00227206693519516,"Chromatin_Enriched",2.0613281240206,2.13141021501827,0.612949944181275,0.612949944181275,12,1.65673468870156,1.83277660320329,0.451857624797326,0.712564184815237,TRUE
"TAF1",1.20770629169094,0.000510814408395858,"Chromatin_Enriched",1.71716095062497,1.46649508361239,0.489129087438332,0.489129087438332,14,2.05291105817372,0.834829571201816,0.230550325180304,0.708568455576654,TRUE
"ERICH6-AS1",1.02444540791246,0.0197974545600438,"Chromatin_Enriched",1.29487080412064,1.29487080412064,0.857042253521127,0.857042253521127,2,1.15239550849873,-0.389642810023909,0.888128308575841,0.702727416411007,TRUE
"COLCA2",1.00991650720763,0.0456830382249946,"Chromatin_Enriched",1.55732906593941,1.49602293784659,0.908315565031983,0.908315565031983,4,1.08100274461684,0.371381086654435,0.979770043347933,0.700675252445015,TRUE
"LIME1",1.19256640303448,0.000870950585245929,"Chromatin_Enriched",1.28874483702292,1.28428650723291,0.493092174646699,0.493092174646699,4,1.97851599429325,-0.407405662369726,0.23763362399846,0.698423494091993,TRUE
"STAG3L4",1.36915948122422,0.000107373962887705,"Chromatin_Enriched",1.81324306370545,1.85826756764573,0.340207373271889,0.340207373271889,3,2.84626698182562,1.11342923726257,-0.0356201995878656,0.695816431796995,TRUE
"KLHDC1",1.13247826075843,0.0198350537381094,"Chromatin_Enriched",1.58137902070019,1.58137902070019,0.570036540803898,0.570036540803898,1,1.68325218591791,0.441116328213045,0.375157707928396,0.692645383064538,TRUE
"MUTYH",1.23789492670214,0.000637169163445015,"Chromatin_Enriched",1.93910663357907,2.08542505696313,0.433305618244447,0.433305618244447,16,2.20125332680486,1.4783832064434,0.130776009709362,0.690585054024421,TRUE
"STON1",0.992030832609672,0.0202276120428365,"Chromatin_Enriched",1.57878226915665,1.57878226915665,0.952637244348762,0.952637244348762,2,0.993115314632836,0.433586788221887,1.05898699776177,0.687778538721724,TRUE
"NBPF11",1.13610574664836,0.00187526368302802,"Chromatin_Enriched",1.4256952040023,1.36507652895728,0.555794915984489,0.555794915984489,15,1.70107708877092,-0.0103044196504542,0.349703389376189,0.687549997322584,TRUE
"TYW5",1.06569543159485,0.001072696706314,"Chromatin_Enriched",1.52643380539064,1.42730410322985,0.695270438167812,0.695270438167812,6,1.35509172486837,0.281797198501008,0.598990561093522,0.686350936950918,TRUE
"TYSND1",0.892482037853742,0.00466469315338823,"Chromatin_Enriched",1.04677099992009,1.02926916253429,1.86544393497291,1.86544393497291,10,0.503947982353249,-1.10903292733028,2.69046322146261,0.685597078181749,TRUE
"ATF7-NPFF",0.861720440480902,0.0170556283175112,"Chromatin_Enriched",1.4447496930086,1.30800361735259,2.64646637077501,2.64646637077501,9,0.352790265573011,0.0449459709156459,4.08639901737224,0.683245041612363,TRUE
"CCDC146",1.07030502886148,0.0104261760263264,"Chromatin_Enriched",1.48761698734358,1.48761698734358,0.673589164785553,0.673589164785553,2,1.37774257065037,0.169243964618717,0.560239221531662,0.681187370498706,TRUE
"CD27-AS1",1.02158562464732,0.0382543258638471,"Chromatin_Enriched",1.31491055324397,1.3053262660752,0.801724137931034,0.801724137931034,3,1.13834297723367,-0.331535559520132,0.78925722091602,0.675513523955115,TRUE
"ARPIN-AP3S2",1.21398651075787,0.000191368819248928,"Chromatin_Enriched",1.42535828146002,1.39252209985462,0.437296691967222,0.437296691967222,5,2.08377108028281,-0.0112813601522557,0.137909329340588,0.674991185210828,TRUE
"ZNF219",1.3432247259674,0.000365409816092905,"Chromatin_Enriched",2.00197571147973,2.08593714665297,0.332211098313694,0.332211098313694,5,2.71882761831141,1.66067836573077,-0.0499120892140795,0.672021096843261,TRUE
"MPP3",1.06303538299263,0.00146835002555946,"Chromatin_Enriched",1.73861722297681,1.58618154062134,0.669527522401955,0.669527522401955,15,1.34202065874775,0.897044172031043,0.55297977323217,0.67026851584407,TRUE
"ST7L",0.966844604491841,0.00452778100108021,"Chromatin_Enriched",1.21757423037367,1.15617657477535,1.03047161461626,1.03047161461626,11,0.869354097344461,-0.613771931908529,1.19810180244328,0.669270020381837,TRUE
"SNHG32",1.02751178549788,0.00290399601689024,"Chromatin_Enriched",1.21511649517502,1.12950355532396,0.763862906356994,0.763862906356994,10,1.16746321220021,-0.620898380148015,0.721587143836674,0.667750642955933,TRUE
"CLHC1",0.811673108960808,0.0224976214484794,"Chromatin_Enriched",1.08513832988195,1.06795676448876,8.32804674457429,8.32804674457429,26,0.106865443404954,-0.997783028964042,14.2411923466815,0.667075860774513,TRUE
"CBLB",0.960333027728261,0.0109343624784662,"Chromatin_Enriched",2.1150513093386,2.05658768194068,1.0625838604562,1.0625838604562,17,0.837357219409538,1.98855233512103,1.25549661135038,0.666994102965333,TRUE
"LCAT",1.25233616525448,0.000584141816037347,"Chromatin_Enriched",1.17136787657824,1.17136787657824,0.391362422083704,0.391362422083704,2,2.27221533247033,-0.747751861414335,0.0558101620823216,0.666805704838868,TRUE
"MAPKAPK5",1.11884819483074,0.000643623280825762,"Chromatin_Enriched",1.47841048453109,1.48681118746499,0.541467493334595,0.541467493334595,19,1.61627615667526,0.142548791844979,0.324095722780065,0.661498676903978,TRUE
"LRRC24",0.910709617839152,0.00697172908458164,"Chromatin_Enriched",0.911920729825332,0.911920729825332,1.47439963751699,1.47439963751699,1,0.593515482364038,-1.50004472975739,1.99154254059326,0.66146769084297,TRUE
"RANBP17",0.993909396981,0.00790898332895563,"Chromatin_Enriched",1.6253323227989,1.48598649842745,0.87226534932957,0.87226534932957,8,1.00234628849134,0.568563309699711,0.91533682831797,0.661177712676441,TRUE
"DHPS",1.10262513366977,0.00101860793306913,"Chromatin_Enriched",1.35011693390915,1.38499304921328,0.566120633041355,0.566120633041355,13,1.53655855116354,-0.229451148779583,0.368158733803408,0.659498862656264,TRUE
"DZIP1L",1.16525345141562,0.00108279725385245,"Chromatin_Enriched",1.69722705867596,1.81659064969335,0.469687300574346,0.469687300574346,6,1.8443043876853,0.777029264128703,0.195801661152475,0.658120942262639,TRUE
"C12orf66",1.0703690650129,0.00175465015324577,"Chromatin_Enriched",1.48293623055499,1.46872446580053,0.627381479840496,0.627381479840496,3,1.37805723436314,0.155671643648603,0.477651374494111,0.657482922591776,TRUE
"ZMYM1",0.948004126767112,0.00697172908458164,"Chromatin_Enriched",1.64242638209011,1.95176437133363,1.10320910973085,1.10320910973085,9,0.7767749129347,0.618129238856228,1.3281068682145,0.654578169571805,TRUE
"SLC25A28",1.20282160447964,0.000362217964945827,"Chromatin_Enriched",1.44884630647437,1.65220260490658,0.420538233877073,0.420538233877073,3,2.02890846308424,0.0568245100833671,0.1079566282914,0.653159085431602,TRUE
"TBX1",1.05266783828586,0.0105870472868822,"Chromatin_Enriched",1.46024824121148,1.47558749428996,0.660152780245159,0.660152780245159,4,1.29107615259945,0.0898855566024558,0.536224123772939,0.652804531098992,TRUE
"ASGR1",1.25150278670649,0.00439468080137349,"Chromatin_Enriched",1.51727043295197,1.51727043295197,0.371572871572872,0.371572871572872,1,2.26812023958549,0.255227086546176,0.0204399336782392,0.649142492252407,TRUE
"SLCO2B1",1.47431313754183,7.81920143363509e-05,"Chromatin_Enriched",1.77154681087519,1.84680565114591,0.248941176470588,0.248941176470588,4,3.36297573421628,0.992526795152802,-0.198741955418898,0.646986528344231,TRUE
"ZNF425",1.17268292377941,0.0190971287672973,"Chromatin_Enriched",0.884625269081176,0.884625269081176,0.441758241758242,0.441758241758242,1,1.88081166218671,-1.5791906394849,0.145883539520763,0.64454016669483,TRUE
"ZMYM6",1.19769807812687,0.000391983507485968,"Chromatin_Enriched",1.3834824351541,1.41059781880465,0.413166709610925,0.413166709610925,4,2.00373224950985,-0.132704551449791,0.0947813670929616,0.643379926820569,TRUE
"NDEL1",1.18243955626659,0.000339336102387706,"Chromatin_Enriched",1.34485803966248,1.23618730524995,0.429194325133411,0.429194325133411,3,1.92875424047194,-0.244699836948455,0.123427819749521,0.64335463571329,TRUE
"AMZ2",0.964270558684709,0.00293318131039242,"Chromatin_Enriched",1.39250603089457,1.26839903122601,0.956808732717954,0.956808732717954,23,0.856705635615444,-0.106539735966844,1.06644277581608,0.640196623517159,TRUE
"EFCAB13",0.860052670930159,0.0372321229274983,"Chromatin_Enriched",1.16904966426534,1.15511960551714,2.36201117318436,2.36201117318436,5,0.344595104757712,-0.754473749136449,3.57798699942357,0.637941019084974,TRUE
"BRAF",0.921795311187356,0.00811328673428284,"Chromatin_Enriched",1.52706416546981,1.50435247573238,1.25565724630393,1.25565724630393,12,0.647988859514468,0.283624990396105,1.60058023275177,0.637829094261763,TRUE
"EDA2R",1.13355287892086,0.00294467670448309,"Chromatin_Enriched",1.44738692695095,1.16545972128974,0.477254525068076,0.477254525068076,9,1.6885326928394,0.0525928936581493,0.209326700974966,0.634767622198465,TRUE
"FAS",1.08360947384544,0.00166084274496879,"Chromatin_Enriched",1.15323409699024,1.16060201959153,0.555289960507171,0.555289960507171,6,1.44311854909612,-0.8003325632293,0.348800873143854,0.632988642131417,TRUE
"ZNF717",0.945297027234183,0.0155610032156652,"Chromatin_Enriched",1.62858646203847,1.70573037606874,1.03845007451565,1.03845007451565,6,0.763472645840609,0.577999010855671,1.2123618508865,0.629614257289271,TRUE
"CNTNAP3B",0.983488014730534,0.00869980906073248,"Chromatin_Enriched",2.03441318373781,1.92627599086335,0.829624641330444,0.829624641330444,16,0.951137233006295,1.75473405049059,0.83912430492512,0.628126932151806,TRUE
"PCID2",1.23664776980795,0.000157327957879345,"Chromatin_Enriched",1.53373652875303,1.63066835006493,0.358916513435419,0.358916513435419,14,2.19512499132515,0.302972172956341,-0.00218100851246509,0.62764106320467,TRUE
"MPPE1",0.95688306050777,0.00451864869824379,"Chromatin_Enriched",1.28021789532309,1.16738463224041,0.952488545785477,0.952488545785477,13,0.82040461575585,-0.432130379946497,1.05872122607869,0.625070395802338,TRUE
"SPATA6L",0.85982062424363,0.042885051953471,"Chromatin_Enriched",1.69394082491724,1.53418669021172,2.26723525230988,2.26723525230988,11,0.343454863342514,0.767500501714725,3.40859224906264,0.623976351213498,TRUE
"TIAM2",0.964582067154726,0.0139509938232441,"Chromatin_Enriched",2.22894151796937,2.22894151796937,0.899321266968326,0.899321266968326,2,0.858236339906081,2.3187883496594,0.963694368629005,0.621220650237336,TRUE
"PTBP2",1.13860519941198,0.000749944305320377,"Chromatin_Enriched",1.40551745013764,1.24812470166894,0.44985549132948,0.44985549132948,11,1.71335901185734,-0.0688118286605116,0.160355902934109,0.620791414286183,TRUE
"TPM3P9",1.11864355714794,0.000912777041564294,"Chromatin_Enriched",1.34681427640767,1.34681427640767,0.477001349807912,0.477001349807912,1,1.61527059885184,-0.239027533473099,0.208874196165755,0.620679569487091,TRUE
"MPST",1.00510924421942,0.00450843829734521,"Chromatin_Enriched",1.36178020056092,1.32053020567898,0.723622850480909,0.723622850480909,8,1.05738060014714,-0.195632344319686,0.649665350233983,0.618524358421594,TRUE
"GLS",1.11819929225332,0.00079833813766173,"Chromatin_Enriched",1.5608081050606,1.37414872838518,0.470573822707894,0.470573822707894,8,1.61308755008807,0.381468907439168,0.197386158502817,0.616066869263173,TRUE
"DSCAML1",1.02959479059423,0.021070971933847,"Chromatin_Enriched",2.64021227495032,2.64021227495032,0.639462809917355,0.639462809917355,1,1.17769877606218,3.51130891235219,0.499244558432761,0.613634487531849,TRUE
"TRIM67",1.24245203195858,0.00160284067794155,"Chromatin_Enriched",1.6158516837156,1.6158516837156,0.338431179082388,0.338431179082388,1,2.223646234993,0.541073251477978,-0.0387948242029262,0.613413081524512,TRUE
"ZNF761",0.857686065970551,0.00784457956498349,"Chromatin_Enriched",1.22544199097727,1.2663130125715,2.25360449233571,2.25360449233571,6,0.332965975168655,-0.590958575639256,3.38422974050825,0.612524945383868,TRUE
"LYG1",1.08408600408117,0.00598696207780818,"Chromatin_Enriched",1.60314309853317,1.47881468419651,0.516737081572961,0.516737081572961,4,1.44546014474009,0.504223441722407,0.279894601988705,0.611114906021372,TRUE
"RP9P",1.10107684396674,0.00300934089136859,"Chromatin_Enriched",1.89699547958292,1.95399167854415,0.482231739784697,0.482231739784697,5,1.52895049578242,1.3562777170384,0.218222568581796,0.607169028206245,TRUE
"FAM66C",1.04937332426702,0.0129434608945204,"Chromatin_Enriched",1.33483346486612,1.33483346486612,0.577884104199894,0.577884104199894,2,1.27488742185987,-0.27376709099945,0.389183802638326,0.606933759045087,TRUE
"ZFX",1.04385493085326,0.00156629613442239,"Chromatin_Enriched",1.73900677494974,1.74593228351505,0.587933464899915,0.587933464899915,11,1.24777089281201,0.898173716814049,0.407145210254947,0.605642743047511,TRUE
"ZNF284",1.35789065868773,0.000744905882856423,"Chromatin_Enriched",2.22515903875276,2.22515903875276,0.262706270627063,0.262706270627063,1,2.79089373625674,2.30782067406564,-0.17413934890433,0.605468944359839,TRUE
"ANGPTL4",1.03817716918019,0.00383024549023067,"Chromatin_Enriched",1.16712124357429,1.13848922729773,0.600965120817514,0.600965120817514,3,1.21987125286414,-0.760065397189625,0.430436929085881,0.60543375973731,TRUE
"MFF",0.950567591449532,0.00300934089136859,"Chromatin_Enriched",1.57722051632141,1.37071138402491,0.927958890121112,0.927958890121112,21,0.789371380658561,0.429058330172656,1.01487892036047,0.605187652835585,TRUE
"FAM151B",0.95049816840107,0.0384941708374946,"Chromatin_Enriched",1.17416176275808,1.14922430584877,0.92503748125937,0.92503748125937,4,0.789030246569514,-0.739650709891325,1.00965743245224,0.60410369636517,TRUE
"CDK3",1.28155979747894,0.000256940814027016,"Chromatin_Enriched",1.63444094138438,1.64179188236584,0.300677310111272,0.300677310111272,3,2.41581572712913,0.594974657398354,-0.106273010123075,0.602652874612614,TRUE
"DNAJC16",1.44165634718225,1.63152881759958e-05,"Chromatin_Enriched",2.79996333778864,2.60268310869934,0.22541283657366,0.22541283657366,6,3.20250533314135,3.97452304589573,-0.240794591008964,0.600785240866346,TRUE
"RWDD3",0.920342661825531,0.0088670246026619,"Chromatin_Enriched",1.20857912799311,1.24826492907402,1.11756077116513,1.11756077116513,8,0.640850765931279,-0.639854128053685,1.35375785723675,0.598410259009621,TRUE
"LRIG2",1.3321162754673,7.23805926866305e-05,"Chromatin_Enriched",1.94625221874702,2.04953052367565,0.267610096103073,0.267610096103073,4,2.66424241604737,1.49910254303765,-0.165374651240009,0.597067068678353,TRUE
"TNFRSF25",0.946586558577742,0.0156281202952997,"Chromatin_Enriched",1.45478631793455,1.52568456387077,0.92526455026455,0.92526455026455,3,0.769809202790056,0.0740481655187658,1.01006327707071,0.596773477045123,TRUE
"IGFL2-AS1",1.01591730509951,0.00298622754209611,"Chromatin_Enriched",0.958694617209563,0.958694617209563,0.633287111644118,0.633287111644118,2,1.11048973442437,-1.36441918002895,0.488206619073828,0.592983488987701,TRUE
"ZNF518A",0.984989634289416,0.00632777534744254,"Chromatin_Enriched",1.70740699523369,1.58565251461194,0.723560958169467,0.723560958169467,11,0.95851595854002,0.806547005096031,0.649554728964896,0.588873808800299,TRUE
"KPNA5",0.916620258608218,0.00979423879538007,"Chromatin_Enriched",1.23438199472925,1.23438199472925,1.11022108298622,1.11022108298622,2,0.622559454058078,-0.565036143460885,1.34063949726387,0.587868450976777,TRUE
"RBMS3",0.926256264547521,0.0206507553086917,"Chromatin_Enriched",1.73041024450417,1.59839122876224,1.0296442687747,1.0296442687747,5,0.669909292202435,0.873247219731172,1.19662307197039,0.587268364257413,TRUE
"HNRNPH3",1.07245103575431,0.001493716846569,"Chromatin_Enriched",1.50868760920919,1.594907638788,0.495064713962352,0.495064713962352,14,1.38828771556541,0.23034033341458,0.241159179876674,0.586213382994553,TRUE
"MSC-AS1",0.861083347879541,0.0182228041405485,"Chromatin_Enriched",1.89106481128151,1.70435780165763,1.95392857142857,1.95392857142857,3,0.349659691375836,1.33908115302333,2.84861344321605,0.584469871445972,TRUE
"COG7",1.20706327644272,0.00025674296577964,"Chromatin_Enriched",1.80960943898525,1.8288367238396,0.332916614576822,0.332916614576822,6,2.04975138100878,1.10289318012163,-0.0486511069923778,0.584121687018043,TRUE
"ATP23",1.12482137213555,0.00598696207780818,"Chromatin_Enriched",1.96340491741465,2.03115861706107,0.413688576898532,0.413688576898532,3,1.64562742320331,1.54883850291229,0.0957141101155574,0.583428344704889,TRUE
"PUS1",1.14711433778428,0.000753880063417751,"Chromatin_Enriched",1.49163426713021,1.24068913084334,0.38520192036148,0.38520192036148,6,1.75517159761271,0.180892467874368,0.0447993837991288,0.581418726033288,TRUE
"NTPCR",0.979947800067876,0.00290399601689024,"Chromatin_Enriched",1.2639671876137,1.14852959467011,0.719601129332612,0.719601129332612,5,0.933741167423829,-0.47925092711114,0.642477253894204,0.57962108251104,TRUE
"FAM167B",0.988439584630282,0.0341224248312473,"Chromatin_Enriched",0.839134310372422,0.839134310372422,0.687397708674304,0.687397708674304,1,0.975468479249849,-1.71109620961351,0.584919486553627,0.579022796408032,TRUE
"ENTR1",1.26639237747138,0.000286820496340592,"Chromatin_Enriched",1.44505677806088,1.04040431010176,0.286230093877086,0.286230093877086,7,2.34128537846089,0.0458363946404658,-0.132094786000533,0.578855048207195,TRUE
"FAM160B1",1.01525399050436,0.00190976716741411,"Chromatin_Enriched",1.76974776302228,1.3112854403158,0.604883253828772,0.604883253828772,5,1.1072303094181,0.987310276542011,0.437439880438915,0.578681722667417,TRUE
"STRADA",0.948035321386346,0.00422854229780078,"Chromatin_Enriched",1.31938304810158,1.2418856587674,0.859548937400607,0.859548937400607,16,0.776928198453723,-0.318567114782175,0.892608550878743,0.57784418635886,TRUE
"LIAS",0.989983430693649,0.00588736675934676,"Chromatin_Enriched",1.44128336446418,1.44819069267649,0.672010140172979,0.672010140172979,8,0.983054699275106,0.0348950057154747,0.557417001735824,0.57472720757659,TRUE
"SLC27A3",1.12283538334324,0.00598961321149659,"Chromatin_Enriched",1.53658969765291,1.53658969765291,0.402797704447633,0.402797704447633,2,1.63586858240716,0.311245220636486,0.0762486530352068,0.573987852559445,TRUE
"STARD4",1.18169001866616,0.00181802048647215,"Chromatin_Enriched",1.25825568189447,1.128873587536,0.342222222222222,0.342222222222222,7,1.92507112899536,-0.495812007369115,-0.032019022919705,0.573934717411586,TRUE
"PRPF3",1.43526460972983,5.63988848831538e-05,"Chromatin_Enriched",1.95001505564609,1.86906445501809,0.207394427388055,0.207394427388055,13,3.17109732698821,1.51001326377341,-0.272999225875439,0.573440456509006,TRUE
"ZNF507",1.47155389602604,2.66907963162572e-05,"Chromatin_Enriched",1.45406414575301,1.29965149537105,0.192314141041548,0.192314141041548,4,3.34941724950832,0.071954155279348,-0.299952499633878,0.567512247149318,TRUE
"HOTAIRM1",0.933171301803696,0.0103219628149257,"Chromatin_Enriched",0.89760948858379,0.89760948858379,0.913229376257545,0.913229376257545,2,0.703888712400444,-1.54154160053779,0.988552588726492,0.566926736792411,TRUE
"ZNF202",1.22325783150579,0.000791621549178195,"Chromatin_Enriched",1.30212886184056,1.30913728078509,0.297178871548619,0.297178871548619,6,2.12932891197819,-0.368597348051955,-0.112525833851989,0.562490694686378,TRUE
"RAB40B",1.29428514623532,0.000228019628517863,"Chromatin_Enriched",1.90873234906136,2.0037413098123,0.254975978037062,0.254975978037062,4,2.47834611656024,1.39030994023226,-0.187955843341079,0.562102626298927,TRUE
"RIBC2",1.24539987852003,0.00353121491733585,"Chromatin_Enriched",1.38231865928363,1.38231865928363,0.276139410187668,0.276139410187668,2,2.23813149563297,-0.136079035612195,-0.150130050957799,0.555894014685592,TRUE
"ANKRD29",0.936569194292054,0.00486244959245762,"Chromatin_Enriched",1.22315044710619,1.12702459685024,0.85675546339129,0.85675546339129,8,0.720585428899906,-0.59760313555555,0.887615723290451,0.555592252938317,TRUE
"ESYT3",1.19414953901232,0.00449642011471577,"Chromatin_Enriched",1.32979408467245,1.32979408467245,0.310111272375423,0.310111272375423,2,1.98629527886234,-0.288379276286552,-0.0894115154743788,0.554965114327602,TRUE
"ERMARD",1.01898598453697,0.00426982202872038,"Chromatin_Enriched",1.34261909903795,1.14833715649117,0.546231598941727,0.546231598941727,7,1.12556874906964,-0.251191868506929,0.332610696547315,0.554446218096557,TRUE
"USPL1",1.08770244524905,0.00156048742842283,"Chromatin_Enriched",1.30933659421865,1.38841493134598,0.41387748658036,0.41387748658036,5,1.46323077554255,-0.347697809425997,0.0960517518720152,0.550271876288704,TRUE
"PLA2G6",0.964999476752512,0.0139214024183551,"Chromatin_Enriched",1.53546029562054,1.50436030696402,0.702870005627462,0.702870005627462,6,0.86028742590785,0.30797040684463,0.61257340809517,0.549850083154075,TRUE
"ANKZF1",1.23229414084462,0.0010282214994103,"Chromatin_Enriched",1.485221312323,1.4917500202058,0.277538605521759,0.277538605521759,6,2.17373193407168,0.162297466052789,-0.147629243346142,0.549224239159367,TRUE
"CCND3",1.13163597206699,0.000584141816037347,"Chromatin_Enriched",1.33319579656138,1.3059310482272,0.359023518849751,0.359023518849751,9,1.67911330997058,-0.278515673521107,-0.00198975576302428,0.549017836273599,TRUE
"ARMC7",1.04155798747253,0.00330559251726916,"Chromatin_Enriched",1.66488052314341,1.64201318470118,0.486761847308801,0.486761847308801,4,1.23648406941346,0.683237259470726,0.226319313262019,0.548576917941139,TRUE
"ZNF680",0.92121119892857,0.0103219628149257,"Chromatin_Enriched",1.57451646219335,1.59843014669645,0.930002536139995,0.930002536139995,3,0.645118622500723,0.421217655639871,1.01853156656006,0.547705192159437,TRUE
"TM2D1",1.05602047376247,0.00260997315589158,"Chromatin_Enriched",1.2016635151367,0.878504904736072,0.457104905073544,0.457104905073544,7,1.30755048316488,-0.659906637002844,0.173312913745592,0.546666141024825,TRUE
"CDK10",0.98763737800296,0.00537081942482202,"Chromatin_Enriched",1.57902875618153,1.39596552145562,0.614434693285099,0.614434693285099,13,0.971526560346801,0.434301501924764,0.454511344238616,0.546323907643174,TRUE
"SH3TC1",1.07385140218851,0.00378685548926978,"Chromatin_Enriched",1.83328177897764,2.03762669233925,0.426540810660744,0.426540810660744,7,1.39516889895403,1.1715334900119,0.118685144420922,0.545479822343829,TRUE
"TTC21A",1.02446077480663,0.00872546510283024,"Chromatin_Enriched",1.48115372129435,1.48033249596832,0.515488215488215,0.515488215488215,4,1.15247101903248,0.150503080334983,0.277662480615389,0.545016159853513,TRUE
"CA5BP1",0.896702702333909,0.00753767216729446,"Chromatin_Enriched",1.11787985206516,1.10658483022801,1.12634859745864,1.12634859745864,7,0.524687672766101,-0.902845721133177,1.36946450115506,0.54359048203769,TRUE
"PDE10A",0.988954393183933,0.00320417506187263,"Chromatin_Enriched",2.06202408975977,2.05398352706676,0.60029341157642,0.60029341157642,5,0.977998168609139,1.83479462525034,0.429236370777818,0.541796021187804,TRUE
"LTB4R",0.935313737084964,0.00547474004348849,"Chromatin_Enriched",1.16087285450327,1.16087285450327,0.816296296296296,0.816296296296296,2,0.714416306970413,-0.778183224252262,0.815302308167377,0.539988604228657,TRUE
"DNMT3B",0.971623836635314,0.00438871089412906,"Chromatin_Enriched",1.69050348343956,1.7196004214538,0.649495515695067,0.649495515695067,10,0.892838502592153,0.757533587404474,0.517176198399741,0.538467549474201,TRUE
"MAP3K15",1.22625189489639,0.000836017525346401,"Chromatin_Enriched",1.42471219944438,1.34961267162925,0.269754006708908,0.269754006708908,4,2.14404127494598,-0.0131547393696199,-0.161542800296007,0.537756322355188,TRUE
"CNOT7",1.23537280033625,9.99600933318688e-05,"Chromatin_Enriched",2.09104819625556,2.10141865478523,0.261333064299166,0.261333064299166,16,2.18885998915472,1.91895291567705,-0.176593705886165,0.534799723395424,TRUE
"SAT2",1.18618890992466,0.000580306340931394,"Chromatin_Enriched",2.02122081828869,2.04561405300539,0.29361746615323,0.29361746615323,6,1.94717798262962,1.71648147161987,-0.118891199361707,0.534661325237325,TRUE
"RNF166",0.970543483552798,0.00573497597317141,"Chromatin_Enriched",1.41869441118081,1.45246615803077,0.639235127478754,0.639235127478754,4,0.887529815163138,-0.0306039164006527,0.498837617413432,0.532606906891472,TRUE
"IL18",1.20652277914761,0.00118514887380061,"Chromatin_Enriched",1.10897249223441,1.15688070608673,0.276663314455089,0.276663314455089,3,2.04709546115961,-0.928673499007421,-0.149193667203633,0.532144818301554,TRUE
"IQCB1",0.9430573025473,0.00615903845361383,"Chromatin_Enriched",1.2980359973476,1.17354322599256,0.746461300176397,0.746461300176397,9,0.752466986226051,-0.380465016699259,0.690484932350432,0.529946924171711,TRUE
"SNHG29",0.861342006238134,0.00931312473331588,"Chromatin_Enriched",0.944971966683366,0.972720456696045,1.59105929835222,1.59105929835222,15,0.350930698418713,-1.40420937334895,2.20005050276381,0.52837086918013,TRUE
"ZNF30",1.2412644840983,0.000256940814027016,"Chromatin_Enriched",2.0325951999847,2.0325951999847,0.251702003501264,0.251702003501264,2,2.2178108090575,1.7494626253493,-0.193807478377304,0.528312135023667,TRUE
"RNF216",1.6465165924649,2.50858160489226e-07,"Chromatin_Enriched",2.06330256427403,1.81216304986419,0.131776518815347,0.131776518815347,8,4.20915679407314,1.83850168956564,-0.408152507714339,0.526625117835698,TRUE
"EXOG",0.905556349198499,0.00536635123877784,"Chromatin_Enriched",1.21179468348172,1.17286436615659,0.974897349757372,0.974897349757372,22,0.568193119801551,-0.630530304330351,1.0987728944738,0.526274627283562,TRUE
"GNRH1",1.15488112610882,0.00570644206054864,"Chromatin_Enriched",1.45582266200866,1.45582266200866,0.308342728297632,0.308342728297632,1,1.79333639041016,0.0770531484829652,-0.0925724669037661,0.525814718020757,TRUE
"DNAJB4",0.86723115906706,0.00902099620336126,"Chromatin_Enriched",0.837419879156726,0.819000950512949,1.45003419712744,1.45003419712744,6,0.379869081708792,-1.7160673738486,1.94799373986266,0.524796702976089,TRUE
"ITGA10",1.17183109612694,0.0332924118350481,"Chromatin_Enriched",1.39160405441488,1.40933879937483,0.292047531992687,0.292047531992687,3,1.87662591326487,-0.109155106694841,-0.121697171625067,0.523480642642365,TRUE
"KDM8",1.16234548538029,0.00631971231872036,"Chromatin_Enriched",1.65548545293872,1.65548545293872,0.299426934097421,0.299426934097421,2,1.83001509376316,0.655995316743563,-0.108507830220515,0.523428987006598,TRUE
"SREK1",1.21149984832735,0.000391983507485968,"Chromatin_Enriched",1.41924552872092,1.48658940105377,0.264128038400357,0.264128038400357,11,2.07155200690879,-0.0290058961478286,-0.171598197156014,0.523046349776549,TRUE
"NR0B1",1.26158315232401,0.000137974766916128,"Chromatin_Enriched",1.46862819622121,1.46862819622121,0.23494983277592,0.23494983277592,1,2.31765359224551,0.11418407161699,-0.223748941903485,0.52179130115909,TRUE
"WASHC2A",1.35220620008598,7.81920143363509e-05,"Chromatin_Enriched",1.57013698073267,1.45603449717671,0.196771764397734,0.196771764397734,8,2.76296118864037,0.408518912519557,-0.291985307243057,0.521379299575284,TRUE
"ANKRA2",1.21148114348374,0.00233179386042511,"Chromatin_Enriched",1.6512116217224,1.56452362144532,0.261552366964185,0.261552366964185,4,2.07146009420938,0.64360291703989,-0.176201742190623,0.520478285191763,TRUE
"FBXW7",0.947110765968179,0.00464197284350784,"Chromatin_Enriched",2.23926379428344,2.40192717324832,0.701326135430114,0.701326135430114,4,0.772385076575067,2.34871881894122,0.609814020433658,0.520429553743004,TRUE
"R3HCC1L",0.864378495468938,0.00984470613790743,"Chromatin_Enriched",1.93378162980644,2.04360973475891,1.46214048131481,1.46214048131481,15,0.365851535382835,1.46294282711305,1.969631524743,0.517168415525552,TRUE
"ANGEL2",0.948173990629338,0.00422854229780078,"Chromatin_Enriched",1.64421489810726,1.54226167636886,0.687541702411591,0.687541702411591,10,0.777609597599035,0.623315219359202,0.585176849214482,0.517029509092485,TRUE
"AMH",1.04002783638084,0.00281273542956552,"Chromatin_Enriched",1.31159637449439,1.30797081292977,0.434755381604697,0.434755381604697,3,1.22896514435422,-0.341145351221152,0.133367198486278,0.516865171158104,TRUE
"PLEKHM1",1.08155117539869,0.00195570484566694,"Chromatin_Enriched",1.75420857431965,1.7800383043926,0.372190792546842,0.372190792546842,10,1.43300438987701,0.942252849674436,0.0215443552250062,0.516406351428518,TRUE
"SYTL2",0.950248342509737,0.00463466682843661,"Chromatin_Enriched",1.41685310763964,1.34523042934542,0.675292601739504,0.675292601739504,12,0.78780264090038,-0.0359429595923284,0.563283805798505,0.515750567149892,TRUE
"NPIPA1",0.983112724026226,0.00486244959245762,"Chromatin_Enriched",1.65838748871281,1.65838748871281,0.552029397026892,0.552029397026892,2,0.949293112712264,0.664410058797393,0.342973207934361,0.511877770865434,TRUE
"ZNF461",0.922422109888208,0.00931323399290582,"Chromatin_Enriched",1.11913265929192,1.1319129791226,0.801329016868291,0.801329016868291,4,0.651068851081657,-0.899213081676935,0.788551013757407,0.510744731911565,TRUE
"ZNF350",1.26719939017962,0.00281631131173256,"Chromatin_Enriched",1.29709455531252,1.29709455531252,0.221774193548387,0.221774193548387,2,2.3452509136999,-0.383194821739752,-0.247298004758274,0.509958885624328,TRUE
"XPNPEP3",1.25132128541079,0.000153211583870601,"Chromatin_Enriched",1.74368774588825,1.84078071775328,0.229054951542284,0.229054951542284,5,2.26722837037863,0.911746658733191,-0.234284971791305,0.509568388203374,TRUE
"SLX1B-SULT1A4",0.944177066506368,0.00592965050004983,"Chromatin_Enriched",1.18939864590405,1.16399799093008,0.680845225027442,0.680845225027442,4,0.757969332587784,-0.695469848124505,0.57320811175122,0.507966436297532,TRUE
"MSTO2P",1.06674983306945,0.00623829501519989,"Chromatin_Enriched",1.51741604979862,1.50659601681456,0.378074577958439,0.378074577958439,7,1.36027289012251,0.255649317110736,0.0320605533455686,0.507092002915337,TRUE
"NPAS1",1.10551230141652,0.00929965643651993,"Chromatin_Enriched",1.88055149309755,1.88055149309755,0.331628739452825,0.331628739452825,2,1.55074564552249,1.30859673879333,-0.0509529499405926,0.507085704608491,TRUE
"ATXN7L2",1.17156746100383,0.00185427355831756,"Chromatin_Enriched",1.33298684961092,1.33298684961092,0.272876892692561,0.272876892692561,1,1.87533045117331,-0.279121536035546,-0.155961208614011,0.505833147533804,TRUE
"ZNF75A",0.91894555738866,0.0103016499564266,"Chromatin_Enriched",1.17876133246801,1.2133972913231,0.805840210392673,0.805840210392673,6,0.633985611491431,-0.726313798950001,0.796613953097289,0.505416213902058,TRUE
"AKAP10",1.17378647798681,0.000332084012468866,"Chromatin_Enriched",1.80344809183258,1.85885597379681,0.270567475641255,0.270567475641255,10,1.88623435634372,1.08502773977916,-0.160088872278744,0.505150308454685,TRUE
"BCAR1",1.02158521632096,0.00121549529481012,"Chromatin_Enriched",1.56841408905366,1.47821658748747,0.445093848591908,0.445093848591908,14,1.13834097078129,0.403523216327598,0.15184533109902,0.503323237937061,TRUE
"FAT3",0.896826581755283,0.030949712001856,"Chromatin_Enriched",1.73190481672299,1.73190481672299,0.963076923076923,0.963076923076923,1,0.525296397022647,0.877580880885348,1.07764602798472,0.502941764893295,TRUE
"PER3",1.08285820386764,0.00278601285889268,"Chromatin_Enriched",1.53902606882285,1.53902606882285,0.3513891665001,0.3513891665001,2,1.43942692498592,0.318309721744776,-0.0156347744397537,0.502891154927488,TRUE
"TOMM7",0.971658837196379,0.00427220719308886,"Chromatin_Enriched",1.42106713264201,1.35971963589637,0.565555151464565,0.565555151464565,4,0.893010489918835,-0.0237239739685587,0.367148038157824,0.502517006122923,TRUE
"RSBN1L",1.14391543402309,0.000308869402452552,"Chromatin_Enriched",2.27145064548264,2.06648251719909,0.288038211269556,0.288038211269556,4,1.73945268084514,2.44204780295441,-0.128863104456374,0.500514155033935,TRUE
"MDM2",1.52912436232907,1.10818362874422e-06,"Chromatin_Enriched",2.22562839749194,2.29136710788367,0.137418021990211,0.137418021990211,12,3.63230958877361,2.30918162652397,-0.39806934510142,0.499572216473928,TRUE
"CNPY3",1.12722358018884,0.000990616348108809,"Chromatin_Enriched",1.34551933026783,1.38351714535906,0.29961721272813,0.29961721272813,8,1.65743150087084,-0.242782358908957,-0.108167741716487,0.498294594882748,TRUE
"COG3",1.23250814194819,0.000612794589295495,"Chromatin_Enriched",1.91117128763148,1.94302635864248,0.228287069434725,0.228287069434725,4,2.17478350229202,1.39738188577336,-0.235657421636332,0.498234358707443,TRUE
"ZNF337",1.11252995258572,0.00170287132755178,"Chromatin_Enriched",1.36116821411295,1.22827348165442,0.311789060797559,0.311789060797559,4,1.58522929456839,-0.197406860039357,-0.0864127733012206,0.497120283685074,TRUE
"ZFP90",1.01727803568647,0.00711162410519678,"Chromatin_Enriched",1.46243441238497,1.48941962915624,0.441630331753554,0.441630331753554,6,1.11717615340921,0.0962245778766465,0.145654923611651,0.496678404632853,TRUE
"CYP4F12",1.05728727621889,0.00479034038084962,"Chromatin_Enriched",1.57588938845528,1.54175931422339,0.373987332449551,0.373987332449551,4,1.31377535388934,0.425198592214193,0.0247553441083101,0.495648736525697,TRUE
"GORAB",1.03831518768832,0.00534077966604468,"Chromatin_Enriched",1.45057019174186,1.56136447920943,0.39943857331572,0.39943857331572,6,1.2205494543993,0.061823087284192,0.0702448160450752,0.49372792746944,TRUE
"TBC1D31",0.924928196249851,0.00682656827981217,"Chromatin_Enriched",1.4710182568772,1.58339231769112,0.73279824380874,0.73279824380874,8,0.663383370639556,0.121114290773025,0.666064699856654,0.49301428426395,TRUE
"SLC25A25-AS1",1.27095464500233,0.000853831504669215,"Chromatin_Enriched",1.33739847755138,1.33739847755138,0.203839488068258,0.203839488068258,1,2.36370365326504,-0.266329580992187,-0.279353034449064,0.490823869950625,TRUE
"ZSCAN20",1.09390467719533,0.00489879576079703,"Chromatin_Enriched",1.52023659088228,1.52023659088228,0.321658986175115,0.321658986175115,1,1.49370758104059,0.263827757184796,-0.0687720737439315,0.490134913141066,TRUE
"SPP1",1.092904437683,0.00129097605780446,"Chromatin_Enriched",1.29371878140462,1.2319598760119,0.322280551688666,0.322280551688666,8,1.48879255926573,-0.392983214743228,-0.0676611382443931,0.48980041208136,TRUE
"LSMEM1",0.941759725024491,0.0153592855849251,"Chromatin_Enriched",1.06878611567024,1.07272571118637,0.630547550432277,0.630547550432277,3,0.746090891600148,-1.04519790435215,0.483310150822225,0.484997826849929,TRUE
"KANK3",1.03171404597624,0.0129505011035734,"Chromatin_Enriched",0.867169997166026,0.867169997166026,0.395774075579033,0.395774075579033,1,1.18811246820359,-1.62980394065665,0.0636951916934805,0.484883549827791,TRUE
"SLC35G2",0.941964205763444,0.00506404170801687,"Chromatin_Enriched",1.52171644604702,1.51547865875988,0.628479180583389,0.628479180583389,3,0.747095678225857,0.268118744773387,0.47961331526554,0.484527646099156,TRUE
"RAD54L2",1.24900365449108,0.000264398216789495,"Chromatin_Enriched",1.85179941266482,1.52566328257712,0.206418786692759,0.206418786692759,7,2.25583989162324,1.22522721505689,-0.274743006473895,0.482518255303359,TRUE
"THSD7A",0.956667746622278,0.0071015862035674,"Chromatin_Enriched",1.96142673704234,1.99301808573431,0.566031796001889,0.566031796001889,6,0.819346596728829,1.54310257170239,0.367999953725258,0.48154762261611,TRUE
"PPP1R21",0.991882907453586,0.00448659267409547,"Chromatin_Enriched",1.48680212536599,1.39243307278988,0.46687306501548,0.46687306501548,12,0.992388433366649,0.166881191074662,0.19077172606398,0.481310414167301,TRUE
"ST6GALNAC6",1.08125601814505,0.000646655004393317,"Chromatin_Enriched",1.55136734095897,1.75627807207369,0.321255192432811,0.321255192432811,7,1.43155403292673,0.354094470702235,-0.0694937817425854,0.479527979541259,TRUE
"TTC32",0.943887360306517,0.00853671828971387,"Chromatin_Enriched",0.891449211859763,0.891449211859763,0.602857878475798,0.602857878475798,1,0.756545761270085,-1.55940393706569,0.433819889737283,0.477540350446505,TRUE
"AKT1S1",1.08853866830843,0.000655058309555118,"Chromatin_Enriched",1.64099025779669,1.74640832895708,0.305293036687012,0.305293036687012,7,1.46733984591503,0.613965053288883,-0.0980232369336674,0.473269815967198,TRUE
"SPTBN4",1.06988504578464,0.011192908744033,"Chromatin_Enriched",1.7964250005501,1.60349570410426,0.322743412446272,0.322743412446272,3,1.37567883897181,1.06466358641822,-0.0668338586805222,0.471164134309842,TRUE
"TGIF2",1.1193126096711,0.00260997315589158,"Chromatin_Enriched",1.72495376619774,1.89845189307272,0.271755906446634,0.271755906446634,5,1.6185582191461,0.85742561688231,-0.157964767994228,0.468963088089403,TRUE
"PSTK",0.98242849015047,0.00951532794976285,"Chromatin_Enriched",1.78160202751357,1.78160202751357,0.461538461538462,0.461538461538462,2,0.945930893606754,1.02168289827968,0.181237090938029,0.467217020964007,TRUE
"NOP2",1.53593478644341,7.37206548705001e-07,"Chromatin_Enriched",1.48631557564077,1.51334789763144,0.118809769015742,0.118809769015742,9,3.66577495622353,0.165470391638413,-0.431328218644183,0.466652909458738,TRUE
"OGFOD2",1.0124027897186,0.00300814291051689,"Chromatin_Enriched",1.19576267519651,1.20743514350399,0.397628551303123,0.397628551303123,10,1.09321995112513,-0.677016710710724,0.0670097303382556,0.466205676403429,TRUE
"LPIN1",1.05343446252724,0.00174984925062573,"Chromatin_Enriched",1.66860655231208,1.5963364349005,0.335691626537645,0.335691626537645,19,1.29484322517864,0.694041252522548,-0.0436912769636641,0.466190963217579,TRUE
"LIPE",1.32047060810248,0.00057532207232051,"Chromatin_Enriched",1.89287407432754,1.89287407432754,0.166045185347664,0.166045185347664,1,2.60701741346014,1.34432729160502,-0.346903488354961,0.465232570669002,TRUE
"TRABD",1.08968712682204,0.00100902727217781,"Chromatin_Enriched",1.26932197778552,1.17367439407764,0.293139758928171,0.293139758928171,10,1.47298319286578,-0.463724179146668,-0.119745014290517,0.464644992473782,TRUE
"TOP3B",0.979630680974893,0.00447304956050174,"Chromatin_Enriched",1.6409902715823,1.85022599608559,0.462844525658596,0.462844525658596,10,0.932182893402434,0.61396509326162,0.183571443414315,0.464465148920727,TRUE
"CLASP1",1.17124062504578,0.000772355718554968,"Chromatin_Enriched",1.75899504623181,1.86964442414719,0.23021858622012,0.23021858622012,18,1.87372442998456,0.956131702184871,-0.232205186082607,0.464416940494824,TRUE
"NFE2L2",0.951866548919098,0.00219992406877435,"Chromatin_Enriched",1.29262229515918,1.37419785975117,0.541939578269252,0.541939578269252,10,0.795754256128728,-0.396162585929252,0.324939488885605,0.464354781375386,TRUE
"NUDT16L1",1.22046880385682,0.000451380545553078,"Chromatin_Enriched",1.69980677147627,1.44202177187692,0.203700526896214,0.203700526896214,5,2.11562406283315,0.784509398585118,-0.279601402313296,0.464194860114489,TRUE
"ANG",1.12900954617553,0.00249119292524531,"Chromatin_Enriched",1.15816734000299,1.16574097698453,0.257542168674699,0.257542168674699,4,1.66620746063402,-0.786028133279902,-0.183369243512451,0.463205506699591,TRUE
"MSANTD3",0.931324779089679,0.0105073991676874,"Chromatin_Enriched",1.5910710236758,1.61097719692446,0.617032910700249,0.617032910700249,6,0.694815186274649,0.469219257113073,0.459155186117038,0.462992352412965,TRUE
"PGM3",0.915736754845514,0.00315023050674567,"Chromatin_Enriched",1.89596495827706,1.39321269582497,0.691357569500774,0.691357569500774,7,0.618218053645139,1.35328961777125,0.591997018799948,0.462282235755173,TRUE
"NT5C2",1.04307636962475,0.00140388575407553,"Chromatin_Enriched",1.55503292049685,1.44488398536495,0.343280308659105,0.343280308659105,27,1.2439451637301,0.364723184022863,-0.0301278855276084,0.46207244007854,TRUE
"ATP6AP1L",0.875511790958931,0.0414111337770762,"Chromatin_Enriched",1.25336879946137,1.3746603266169,1.01041666666667,1.01041666666667,3,0.420558822072469,-0.509982010195754,1.16225722430489,0.460944488596905,TRUE
"RAPGEF3",1.0413335300388,0.0174883687680984,"Chromatin_Enriched",1.3773665745834,1.3773665745834,0.342991386061081,0.342991386061081,1,1.23538112040903,-0.150438098912919,-0.0306442822126994,0.460285282625234,TRUE
"HDHD2",1.04889374902002,0.00157186367364514,"Chromatin_Enriched",1.58761670090594,1.65972442902584,0.331636826320095,0.331636826320095,3,1.27253086350296,0.459203103853179,-0.0509384961336592,0.459357212290441,TRUE
"RGL1",1.13689208525248,0.00563971765055951,"Chromatin_Enriched",2.38442368283465,2.38442368283465,0.246546781339588,0.246546781339588,1,1.7049410346699,2.76962438792999,-0.20302150197185,0.458447229499564,TRUE
"NCOA6",0.960585949321868,0.00507457515219254,"Chromatin_Enriched",1.71294451220056,1.80650870828043,0.498501958976723,0.498501958976723,11,0.838600036879343,0.822603587620213,0.247302631248778,0.457189108128302,TRUE
"STOX2",0.901154141210949,0.00925918808620576,"Chromatin_Enriched",1.50753164201989,1.48165473797874,0.763575605680869,0.763575605680869,5,0.546561352760178,0.226988491301713,0.721073646042491,0.456804616863494,TRUE
"UNC13A",1.16009060710166,0.0244626953611421,"Chromatin_Enriched",2.24816910629566,2.28814745519744,0.229277695883887,0.229277695883887,6,1.81893497174986,2.37454065896146,-0.233886856723764,0.45664056942273,TRUE
"GDPD5",1.22972807700315,0.000762761817554754,"Chromatin_Enriched",1.90259665919244,1.92986787437565,0.192817059483726,0.192817059483726,6,2.16112269448351,1.37251889574197,-0.299053624231997,0.456454446321787,TRUE
"KIAA1614-AS1",0.991206724305633,0.0458853910518571,"Chromatin_Enriched",1.42361008537066,1.42361008537066,0.421232876712329,0.421232876712329,1,0.98906577428848,-0.0163504290048259,0.109198176235038,0.456413749443004,TRUE
"IKBKG",0.824051262681654,0.00750255702038051,"Chromatin_Enriched",1.06596824100924,1.12041257346189,2.47675914018005,2.47675914018005,10,0.1676897702993,-1.05336861286787,3.78307815595691,0.455701202161836,TRUE
"JAKMIP3",0.889858457728294,0.0138549531809135,"Chromatin_Enriched",1.7213025491824,1.72130719781594,0.841031915978383,0.841031915978383,9,0.491056116669353,0.846838549127708,0.859512737170956,0.454419336436804,TRUE
"FYB1",1.24850381453974,0.000263435774762689,"Chromatin_Enriched",1.2325410132363,1.13096639896438,0.182658285809433,0.182658285809433,5,2.2533837556533,-0.570374252841675,-0.317210587674318,0.453651415780031,TRUE
"GIN1",0.931362021540235,0.0104253077453192,"Chromatin_Enriched",1.14736492978298,1.25805482461539,0.590284142988084,0.590284142988084,3,0.694998189898456,-0.817350798690339,0.411346620531421,0.452905294130285,TRUE
"TRIM9",0.987758513916345,0.00630643653293115,"Chromatin_Enriched",1.42994888399136,1.44077876979452,0.421007081038552,0.421007081038552,4,0.972121803430748,0.00202954956075362,0.108794607465259,0.452366092272792,TRUE
"SMG1P3",0.935961903997596,0.00973020832512585,"Chromatin_Enriched",1.64272249010016,1.64272249010016,0.569224683544304,0.569224683544304,2,0.717601298614978,0.618987833552712,0.373706660483552,0.451927191102224,TRUE
"TBC1D32",0.912852352210238,0.0162315214306038,"Chromatin_Enriched",1.58593963616267,1.55416140863484,0.676046901172529,0.676046901172529,3,0.604044546614969,0.454340287430252,0.564631979078974,0.451864163166994,TRUE
"GNB1L",0.87926173335057,0.013408917285216,"Chromatin_Enriched",1.29619561527101,1.29619561527101,0.92739352236327,0.92739352236327,1,0.438985457175562,-0.385801388012535,1.01386842814558,0.451171956905732,TRUE
"CRACR2A",1.2320523628418,0.0133014665085986,"Chromatin_Enriched",2.26992789471589,2.26992789471589,0.187132352941176,0.187132352941176,1,2.17254387447806,2.4376324352912,-0.309214005020338,0.450862089279538,TRUE
"CCT6P3",0.933223585434055,0.010485367303144,"Chromatin_Enriched",1.40734325170033,1.40734325170033,0.576947236180904,0.576947236180904,2,0.704145626048141,-0.0635177350009211,0.387509321158922,0.450696612377632,TRUE
"CYP4F3",1.08777104620298,0.00179155665847819,"Chromatin_Enriched",1.86711331403022,1.86741306069319,0.277498677948176,0.277498677948176,10,1.46356786998662,1.26963139882951,-0.147700606634384,0.450631861395038,TRUE
"HHIPL2",1.40823064218046,7.23805926866305e-05,"Chromatin_Enriched",1.80237283362973,1.8489411338414,0.13359499927315,0.13359499927315,5,3.03825660481292,1.08190992141902,-0.40490230407249,0.450497441120161,TRUE
"GTF2H2",0.943731839972327,0.0115225832068044,"Chromatin_Enriched",1.35258972191186,1.31572174468537,0.53658194073866,0.53658194073866,7,0.755781558477099,-0.222281053433976,0.315363684571122,0.450299197990698,TRUE
"PLEKHA1",0.87954454143989,0.010485367303144,"Chromatin_Enriched",2.0947654565712,2.62956951439503,0.917218843605337,0.917218843605337,18,0.440375132248364,1.92973148256524,0.995683037254102,0.449399805047461,TRUE
"ZNF224",1.04917311713497,0.00375926752957048,"Chromatin_Enriched",1.1870350707263,1.19491028937223,0.313617734724292,0.313617734724292,3,1.27390363507542,-0.702323269995832,-0.0831443506844603,0.446944500072098,TRUE
"MICU3",1.00865554512377,0.00851654739284291,"Chromatin_Enriched",1.41776615782765,1.36032533318386,0.37167219327333,0.37167219327333,4,1.07480657257699,-0.0332954795430406,0.0206174531842421,0.446920415831656,TRUE
"CBWD6",1.0073841856103,0.00146835002555946,"Chromatin_Enriched",1.35422018817868,1.35058819609783,0.373768394113884,0.373768394113884,4,1.06855930918121,-0.217553353939279,0.024364031585334,0.446874533291003,TRUE
"ARHGEF19",1.05228844546493,0.00435811101113789,"Chromatin_Enriched",1.61769228406345,1.61769228406345,0.309513306866637,0.309513306866637,2,1.28921187514079,0.546410255690525,-0.0904802702503879,0.446670029622854,TRUE
"WDR83",1.05952077584627,0.00346151859883067,"Chromatin_Enriched",1.21906205748953,1.19986528639141,0.300459608942899,0.300459608942899,4,1.32475042452733,-0.60945782885288,-0.106662111434142,0.446113211248233,TRUE
"GALK2",0.979771744201343,0.00206691552068829,"Chromatin_Enriched",2.14598329214533,2.39451644788129,0.426618705035971,0.426618705035971,7,0.93287605621103,2.07824270312256,0.118824366473574,0.446084282989108,TRUE
"LINC00641",1.02451657642151,0.00271058684479525,"Chromatin_Enriched",1.00323583363197,1.00323583363197,0.338938891520606,0.338938891520606,1,1.1527452195103,-1.2352674823469,-0.0378873804035557,0.441989924606036,TRUE
"UCN",1.34416785427551,0.00107662009096074,"Chromatin_Enriched",1.09089601732214,1.09089601732214,0.142758142758143,0.142758142758143,1,2.72346200448963,-0.981088040201937,-0.388524848819721,0.440906099772564,TRUE
"PTGR1",1.06091439479085,0.00212649287003592,"Chromatin_Enriched",1.73673094605634,1.6609642096528,0.291428446839025,0.291428446839025,11,1.33159845179884,0.891574724042318,-0.122803673931657,0.440491582564858,TRUE
"PSRC1",1.08656817012591,0.00179155665847819,"Chromatin_Enriched",1.30793589939848,1.29238144367591,0.263707826766271,0.263707826766271,6,1.457657123572,-0.351759263703395,-0.172349249155277,0.438403690807654,TRUE
"SERPINI1",1.58585896810826,7.81920143363509e-05,"Chromatin_Enriched",1.03178197098174,1.03178197098174,0.098250336473755,0.098250336473755,2,3.91109463910981,-1.1524951111116,-0.4680744713936,0.438329992285058,TRUE
"DTWD1",0.952173878701424,0.00506404170801687,"Chromatin_Enriched",1.65998518664794,2.0412573887721,0.479551159013731,0.479551159013731,5,0.797264426996382,0.669042743247401,0.213431517159341,0.43722367273887,TRUE
"SH3BP5-AS1",0.943491373249879,0.0105313621798217,"Chromatin_Enriched",1.16898645405309,1.16898645405309,0.501833740831296,0.501833740831296,2,0.754599942311777,-0.754657033448806,0.253257586371398,0.435134296442718,TRUE
"RRNAD1",0.947773499213906,0.00593349693073883,"Chromatin_Enriched",1.52801878437925,1.55522853994247,0.482017543859649,0.482017543859649,6,0.775641644920471,0.286393003097518,0.217839732256735,0.432361469490416,TRUE
"SHPRH",1.02032034904299,0.00506404170801687,"Chromatin_Enriched",1.16160295334878,1.16160295334878,0.328453697679462,0.328453697679462,2,1.13212560922348,-0.776066229860399,-0.0566277606269134,0.431190701770729,TRUE
"UNC119",1.09827636388319,0.00175465015324577,"Chromatin_Enriched",1.45744008248213,1.43279891233519,0.244817984943797,0.244817984943797,4,1.51518937115072,0.0817430203991922,-0.20611141163654,0.430665536497511,TRUE
"PDZD4",1.11822963853414,0.00223320762284422,"Chromatin_Enriched",1.35591083960217,1.35591083960217,0.229478458049887,0.229478458049887,1,1.61323666700375,-0.212651141582494,-0.233528030803871,0.430234275025571,TRUE
"KLRG2",1.09675631289481,0.013216625759634,"Chromatin_Enriched",1.78704328709196,1.78704328709196,0.244585987261146,0.244585987261146,1,1.5077200764321,1.03746037290931,-0.206526065371099,0.429399117027269,TRUE
"MAPKAPK5-AS1",0.933820229170061,0.00665056487984146,"Chromatin_Enriched",1.26267389797363,1.27132094809955,0.519674039580908,0.519674039580908,4,0.707077440796666,-0.483000949360767,0.285143881172557,0.428631420894067,TRUE
"GCFC2",1.09152771019384,0.000836017525346401,"Chromatin_Enriched",1.47462441103855,1.16538067374827,0.243985366903379,0.243985366903379,7,1.48202753398542,0.131570694289824,-0.20759956520763,0.425201735438804,TRUE
"PLCD4",1.02250456616055,0.0353779755467041,"Chromatin_Enriched",1.44788746572141,1.44788746572141,0.31638198757764,0.31638198757764,1,1.14285851325448,0.0540442557257602,-0.0782037506068576,0.425193983931733,TRUE
"TRIP4",1.06240924803845,0.00156106793064532,"Chromatin_Enriched",1.60715956669247,1.54368446726048,0.269662572881776,0.269662572881776,9,1.33894392872873,0.515869591583678,-0.161706221660617,0.424890023868191,TRUE
"SYT1",0.916690506615149,0.00564987063641064,"Chromatin_Enriched",2.04629604759181,2.2448258529546,0.57843073942525,0.57843073942525,8,0.622904641865048,1.78918959893171,0.390160813852603,0.424445045079702,TRUE
"CYP27B1",1.16237059367558,0.00245619462706562,"Chromatin_Enriched",2.13214263097353,2.13214263097353,0.196195005945303,0.196195005945303,1,1.83013847203062,2.03811032617021,-0.293016158256338,0.423712183209768,TRUE
"ZFAS1",0.865424641145784,0.0104451002416951,"Chromatin_Enriched",1.35338772708012,1.19776695283525,0.965002842671077,0.965002842671077,6,0.37099213292772,-0.219967157889169,1.08108825957537,0.423088916708921,TRUE
"MAP3K14",1.15502913978306,0.000451380545553078,"Chromatin_Enriched",1.40208586694261,1.32197448433229,0.198566799272861,0.198566799272861,11,1.79406370664082,-0.0787620462561031,-0.288777008323292,0.422043533251769,TRUE
"LIN7A",1.06566264893172,0.0216442489618397,"Chromatin_Enriched",2.17670452727467,2.17670452727467,0.262283737024221,0.262283737024221,1,1.35493063594803,2.16732198722239,-0.174894551001149,0.421530705053056,TRUE
"CARMIL3",1.24109325120224,0.00221049418586816,"Chromatin_Enriched",2.79753655733495,2.79753655733495,0.160268270120259,0.160268270120259,1,2.21696939717331,3.96748635402536,-0.357228675425404,0.421491310820591,TRUE
"RBM39",1.02671929148097,0.00192023232220184,"Chromatin_Enriched",1.56661769007602,1.56509585052639,0.305231893991318,0.305231893991318,19,1.1635690195578,0.398314378394743,-0.0981325184007092,0.421401456825465,TRUE
"CCT6B",0.924985584627905,0.0381936831350657,"Chromatin_Enriched",1.77464648684911,1.77464648684911,0.533382789317507,0.533382789317507,2,0.663665368225417,1.00151461467033,0.3096457822669,0.420706361538249,TRUE
"GUSBP3",0.975350870514087,0.0453866922107587,"Chromatin_Enriched",1.60761010988526,1.60761010988526,0.387448840381992,0.387448840381992,1,0.911152568817313,0.517175986489389,0.0488153453687314,0.420133910913735,TRUE
"EEF1D",0.905394777208958,0.00486244959245762,"Chromatin_Enriched",1.36968583723587,1.2861190685826,0.621735431864696,0.621735431864696,15,0.567399180113093,-0.172709162605375,0.467560088874706,0.41998343674917,TRUE
"SAPCD1",0.999938459555321,0.00512784283283084,"Chromatin_Enriched",0.886423845152742,0.886423845152742,0.341432042303844,0.341432042303844,1,1.03197216656308,-1.57397548885116,-0.0334313260530197,0.419731083213023,TRUE
"PRR3",1.01450242715805,0.00471420922768556,"Chromatin_Enriched",1.26680031786026,1.24707560616693,0.319193409565966,0.319193409565966,3,1.10353724374056,-0.471035983504131,-0.0731788442648506,0.419667615746425,TRUE
"ACYP1",0.817713299512135,0.0193627059769387,"Chromatin_Enriched",1.06142499467458,1.06142499467458,2.54407582938389,2.54407582938389,2,0.136546002629173,-1.0665422085673,3.90339451540343,0.416763353048146,TRUE
"REC8",1.08923417188879,0.00506404170801687,"Chromatin_Enriched",1.56724894002486,1.59684762625484,0.234885068572532,0.234885068572532,3,1.47075744260045,0.400144750555692,-0.223864696157983,0.415607364443154,TRUE
"ZNF689",1.02677927820103,0.00415751405126647,"Chromatin_Enriched",1.01423052023125,1.01843649866559,0.296677945247616,0.296677945247616,3,1.16386378499314,-1.20338729240523,-0.113421148663228,0.41550735028389,TRUE
"ADAMTS10",1.02266947928199,0.00585328392075329,"Chromatin_Enriched",1.5435400003106,1.33260040980508,0.301737067437485,0.301737067437485,12,1.1436688707467,0.331398316122938,-0.104378886319681,0.41538373293778,TRUE
"SLC25A39",1.14239477552884,0.000497751913668057,"Chromatin_Enriched",1.65482337284559,1.56332807202605,0.199228128280368,0.199228128280368,15,1.73198040093694,0.654075549505548,-0.287595002798055,0.415366833953403,TRUE
"CPT1B",1.26318754191005,0.000540537600927428,"Chromatin_Enriched",1.56882000038445,1.54997305058053,0.147602517427257,0.147602517427257,5,2.32553731374776,0.404700196699745,-0.379866408678409,0.414279592714987,TRUE
"CCNO",0.950340627655434,0.00479034038084962,"Chromatin_Enriched",1.2581434962984,1.25720484618392,0.435280785696298,0.435280785696298,4,0.788256115788151,-0.496137300689575,0.134306262903846,0.414193639141271,TRUE
"IKBKB",0.999617715621779,0.00509929606082301,"Chromatin_Enriched",1.55911606143216,1.62820001080954,0.332567963122009,0.332567963122009,14,1.03039608063758,0.376562658245324,-0.0492742581641738,0.413930384090453,TRUE
"GOLGA3",1.20647552622217,0.000308869402452552,"Chromatin_Enriched",1.95419071811597,1.98090210679746,0.167261660160263,0.167261660160263,13,2.04686326761537,1.52212101340956,-0.344729260499412,0.413740104571944,TRUE
"CCNG1",0.902128718725767,0.00400311738399716,"Chromatin_Enriched",1.08160931552972,1.10780829567147,0.620671290000906,0.620671290000906,10,0.55135027546077,-1.00801575791364,0.465658128506481,0.413646761568727,TRUE
"MRPL20",1.36612915251511,7.81920143363509e-05,"Chromatin_Enriched",1.90781401102169,1.53672882733558,0.12085082134286,0.12085082134286,3,2.83137641670929,1.38764712752985,-0.427680208197694,0.41362674326627,TRUE
"ZNF490",1.16061085702636,0.00427431124431636,"Chromatin_Enriched",1.42949475815367,1.42949475815367,0.187600644122383,0.187600644122383,1,1.82149139916224,0.000712766418969668,-0.308377019560268,0.413347892063222,TRUE
"LLGL2",1.07129167518256,0.00341813930086652,"Chromatin_Enriched",1.50008821980725,1.50904192666507,0.246462481563422,0.246462481563422,15,1.38259079759244,0.205405546502672,-0.20317217251567,0.412769160040683,TRUE
"ATP6V0A1",0.880952546066461,0.00715028961668833,"Chromatin_Enriched",1.54115811351489,1.63677512393464,0.759481403312299,0.759481403312299,18,0.447293848529216,0.324491797889698,0.71375600268169,0.412135511557745,TRUE
"FGA",1.30920180445392,0.00118514887380061,"Chromatin_Enriched",1.67028374788548,1.67028374788548,0.133108121614328,0.133108121614328,1,2.55164426070361,0.698904448300469,-0.405772509486602,0.412094997888981,TRUE
"ZNF76",1.03551453467314,0.00454576353901596,"Chromatin_Enriched",1.50472920909702,1.4306914221563,0.280238640078457,0.280238640078457,4,1.2067874800084,0.218862557645206,-0.142803421813863,0.411210701624643,TRUE
"SIRT7",1.10133122631677,0.0011714605095314,"Chromatin_Enriched",1.33671088930204,1.19083602609443,0.220806849818774,0.220806849818774,8,1.53020049118265,-0.268323311672257,-0.249026956037028,0.411022353436636,TRUE
"RHBDD3",0.869601498076846,0.00752814127166924,"Chromatin_Enriched",1.27150613546817,1.08394669589144,0.86127391620247,0.86127391620247,7,0.391516559841079,-0.457390996189898,0.895691637287437,0.410611130360859,TRUE
"NAB1",0.942615205980561,0.00588273397863936,"Chromatin_Enriched",1.17011770967834,1.10361780176218,0.448074459265958,0.448074459265958,8,0.750294592289069,-0.7513768449796,0.157172631497637,0.409992587573298,TRUE
"EEF1E1",0.88287878455296,0.00985551916568416,"Chromatin_Enriched",1.21644459270943,1.21644459270943,0.733650092303968,0.733650092303968,2,0.456759085592961,-0.61704742893848,0.667587224374095,0.409329540410872,TRUE
"KCTD18",1.06500722936899,0.00378685548926978,"Chromatin_Enriched",1.84649186084579,1.917625141201,0.247790842036077,0.247790842036077,5,1.35171000590614,1.20983743940589,-0.200797969357541,0.409231817282132,TRUE
"ZNF200",1.03569852742155,0.00268205963278007,"Chromatin_Enriched",1.41891975651692,1.32831128067075,0.277197173285558,0.277197173285558,5,1.20769159182732,-0.0299505051321387,-0.148239491475444,0.409126322457545,TRUE
"FRA10AC1",1.00828008097062,0.00300934089136859,"Chromatin_Enriched",2.03506353005038,2.19390600247073,0.311302048909451,0.311302048909451,10,1.07296159998226,1.75661979446206,-0.0872832186258101,0.408665599528295,TRUE
"TUT1",1.2248937426071,0.000391983507485968,"Chromatin_Enriched",1.74716223523426,1.42176517668186,0.156225467106296,0.156225467106296,5,2.13736752531586,0.92182128699119,-0.364454451772285,0.408602031333851,TRUE
"SGSM1",1.04840890079616,0.0149616310297403,"Chromatin_Enriched",1.38022860065912,1.38022860065912,0.262462859029383,0.262462859029383,1,1.27014839455587,-0.14213936896841,-0.174574402939611,0.408268771170851,TRUE
"MOB2",1.46265128335588,5.75105983550314e-06,"Chromatin_Enriched",1.91096893732195,1.48344320590095,0.100828485809977,0.100828485809977,3,3.30567119210142,1.39679515087695,-0.463466497562557,0.408231442251358,TRUE
"SAT1",0.910337785042164,0.00799577376695388,"Chromatin_Enriched",1.00113071236058,1.10014481624454,0.553974737339157,0.553974737339157,5,0.591688353690079,-1.24137149134944,0.346450150532467,0.404833546239748,TRUE
"SETDB1",1.07570326970786,0.00106558945399307,"Chromatin_Enriched",1.63079089583701,1.54673409201022,0.233069386659509,0.233069386659509,16,1.40426868862398,0.584390986431928,-0.227109897909162,0.404531854099738,TRUE
"MED6",0.959536047498114,0.00506404170801687,"Chromatin_Enriched",1.20188655868351,1.24798656545223,0.392501928307555,0.392501928307555,6,0.833440982211324,-0.659259900001917,0.0578468225604566,0.404429964671565,TRUE
"CDKN1A",1.12403696194209,0.000377267642936905,"Chromatin_Enriched",1.02463724763453,1.03708765401942,0.198204355234333,0.198204355234333,9,1.64177295321511,-1.17321194877068,-0.289424811234199,0.403364939994273,TRUE
"OSGEP",1.06662726228832,0.00227206693519516,"Chromatin_Enriched",1.50153130188559,1.41609962582539,0.238701508810185,0.238701508810185,7,1.35967059632109,0.209589906861048,-0.217043502173692,0.402837078002192,TRUE
"MST1L",0.959030493900513,0.0389838023662421,"Chromatin_Enriched",1.53241714393871,1.53241714393871,0.390459363957597,0.390459363957597,1,0.830956770270143,0.299146485147349,0.0541961096476749,0.402774659081191,TRUE
"USP53",0.95271962188909,0.010485367303144,"Chromatin_Enriched",1.38190033689472,1.39511076121416,0.405106754900737,0.405106754900737,10,0.799946124347664,-0.137292003084716,0.0803756614722166,0.402531724544727,TRUE
"ZBTB49",0.868042083214322,0.0196556269776494,"Chromatin_Enriched",1.49466495694012,1.4699352916578,0.844088349935037,0.844088349935037,3,0.383853837152289,0.189680255131575,0.864975557920203,0.402496305584354,TRUE
"ANKRD2",1.22961214219811,0.00227206693519516,"Chromatin_Enriched",1.46234070365997,1.37142902263749,0.148997772828508,0.148997772828508,4,2.16055300883902,0.0959528600859355,-0.377372642981343,0.401196701379102,TRUE
"STOM",0.95248673984817,0.00187526368302802,"Chromatin_Enriched",1.52983768014694,1.38377226427977,0.401822684365389,0.401822684365389,6,0.798801778130596,0.291667072716015,0.0745059816698997,0.400609956668754,TRUE
"POM121L9P",0.940688608940231,0.00820586736335822,"Chromatin_Enriched",2.11656075065842,2.11656075065842,0.430935251798561,0.430935251798561,1,0.740827593347428,1.99292911071597,0.12653941006823,0.399530177507592,TRUE
"PLCG1",1.47654857098905,4.24335183494129e-05,"Chromatin_Enriched",2.04988528777761,1.97852773403069,0.094485855971057,0.094485855971057,8,3.37396030734493,1.79959695869011,-0.474802796785844,0.39924399034416,TRUE
"CCNL2",0.883787433742501,0.00702859033937178,"Chromatin_Enriched",1.23046906578813,1.19869524457732,0.690207312226785,0.690207312226785,15,0.461224046732024,-0.576382071036416,0.589941142771729,0.39896128235035,TRUE
"ABCG2",1.0737652177963,0.00079275168329795,"Chromatin_Enriched",2.13712203877318,2.02363169197235,0.227501623947414,0.227501623947414,18,1.39474540222235,2.05254861552173,-0.237061262833733,0.398313220969863,TRUE
"ANKRD18B",0.988055172609289,0.0107527783658227,"Chromatin_Enriched",1.33071125210457,1.28199499155131,0.325724861196792,0.325724861196792,3,0.973579538220815,-0.285719857877477,-0.0615050603723825,0.39819534147891,TRUE
"CHD5",1.21136308645922,0.00645805487730415,"Chromatin_Enriched",1.92111215299772,1.92111215299772,0.152982456140351,0.152982456140351,1,2.07087998030762,1.42620641598605,-0.370250745049367,0.398000192059841,TRUE
"SH2D5",1.02370370437892,0.00476761400849918,"Chromatin_Enriched",1.45890165220795,1.37757686637175,0.273616715493892,0.273616715493892,9,1.14875089241138,0.0859809875346426,-0.154638909684214,0.396432494948559,TRUE
"TREX2",0.948631635856865,0.0348949637354745,"Chromatin_Enriched",0.993642028038395,0.993642028038395,0.399736147757256,0.399736147757256,1,0.779858395242731,-1.26308567814764,0.0707766763295511,0.39480222308802,TRUE
"ZNF674",0.895883213788169,0.00934595677922763,"Chromatin_Enriched",1.00151146969792,0.815199390752788,0.59860224855667,0.59860224855667,4,0.520660833197263,-1.24026744748912,0.426213723939812,0.394758625926825,TRUE
"CREBRF",0.944639499342928,0.0132935848420117,"Chromatin_Enriched",1.3922994298715,1.3922994298715,0.406968876860622,0.406968876860622,2,0.760241655799462,-0.107138796230915,0.083703866375171,0.393315835432142,TRUE
"PSMD6",1.12788508647771,0.000853831504669215,"Chromatin_Enriched",2.33103165843075,2.35193347072407,0.185847435219461,0.185847435219461,6,1.66068204014061,2.61480889009872,-0.311510562148943,0.392831705616511,TRUE
"ZMYM5",0.910206057750741,0.0125732330490132,"Chromatin_Enriched",1.06321033676017,0.897737553120515,0.519130998702983,0.519130998702983,4,0.591041066217721,-1.0613654311953,0.284173294201699,0.391680826043401,TRUE
"ARNTL",0.932900108526969,0.0109797655550629,"Chromatin_Enriched",1.34128988849113,1.34351994368835,0.436447602131439,0.436447602131439,13,0.702556110714668,-0.255046047006914,0.136391735426022,0.391553910645907,TRUE
"EPB41L4A",0.87742132399088,0.0160521673851007,"Chromatin_Enriched",1.95045172110177,1.99275941493068,0.710892172961138,0.710892172961138,6,0.429941971124434,1.51127941879676,0.62691157564135,0.390923510485008,TRUE
"PDE3A",0.864184346811065,0.0225382615147938,"Chromatin_Enriched",1.5895796017118,1.59072930212565,0.823920832622419,0.823920832622419,4,0.364897519000515,0.464894730436835,0.828929782484319,0.387715532108761,TRUE
"TATDN1",0.926366635702468,0.00800218579329665,"Chromatin_Enriched",1.33043554022618,1.33927076145204,0.447938431988372,0.447938431988372,14,0.670451638933587,-0.286519311956753,0.156929507437048,0.387505519875488,TRUE
"SMUG1",0.863656373453504,0.00856313727202022,"Chromatin_Enriched",1.04947336716424,1.07135110391209,0.827956101988613,0.827956101988613,25,0.362303139837352,-1.10119714408558,0.836142093803676,0.387279676330923,TRUE
"ZNF32",0.998352984498653,0.00457217020864991,"Chromatin_Enriched",1.98226156381732,2.16624221026041,0.290747234960885,0.290747234960885,6,1.02418138812354,1.60351522912468,-0.124021216478073,0.385861313618845,TRUE
"PHKA2",1.13865306432715,0.00153252050872043,"Chromatin_Enriched",1.71114104020539,1.68547396219355,0.171196731544005,0.171196731544005,5,1.71359421262417,0.817374240767873,-0.337696034881016,0.382989378699972,TRUE
"RUBCN",1.02214237023256,0.00317381603935822,"Chromatin_Enriched",1.70589725933179,1.40628949691526,0.255828220858896,0.255828220858896,7,1.1410787386596,0.80216937533097,-0.186432614036428,0.382047211461619,TRUE
"DCAF6",0.938669405569516,0.0047824872152967,"Chromatin_Enriched",1.56837783424154,1.61851201830537,0.397351928180227,0.397351928180227,19,0.730905541266293,0.403418091885341,0.0665153167317757,0.381068711743548,TRUE
"STK10",1.20063638729489,0.000391983507485968,"Chromatin_Enriched",2.0015949188992,1.74378505174894,0.143461636502677,0.143461636502677,5,2.01817064487824,1.65957421967929,-0.387267481482784,0.380480001745094,TRUE
"PRRT1B",0.931168241320169,0.0254045325013889,"Chromatin_Enriched",1.65182532280654,1.65182532280654,0.417011375387797,0.417011375387797,1,0.694045983962356,0.645382404518057,0.101653009103774,0.380411008223026,TRUE
"ACTR3B",0.845286159018807,0.0149616310297403,"Chromatin_Enriched",1.2665943763301,1.23695086280862,1.04753387906721,1.04753387906721,11,0.272034756272724,-0.471633131502748,1.22859750220111,0.377468954670095,TRUE
"TANK",0.939368385181031,0.00665056487984146,"Chromatin_Enriched",1.43637380114573,1.52407524648435,0.387160041841004,0.387160041841004,5,0.734340218629499,0.0206592374005287,0.0482991704130695,0.377032617799925,TRUE
"ETV4",1.02717777925313,0.00202541742856026,"Chromatin_Enriched",1.60504815433368,1.46318629418037,0.243752277324756,0.243752277324756,9,1.1658219573351,0.509747340946021,-0.208016170507987,0.376942805380097,TRUE
"GLI1",1.10340933426938,0.00387420855077664,"Chromatin_Enriched",1.46155741434707,1.39865096140548,0.182602950891874,0.182602950891874,4,1.54041199124008,0.0936816346308903,-0.317309488792446,0.375022516117143,TRUE
"PHF20L1",1.01161397825887,0.00415751405126647,"Chromatin_Enriched",1.76718787726623,1.83094760469757,0.257264044781718,0.257264044781718,11,1.08934385399735,0.979887632577138,-0.183866339472967,0.374332075861436,TRUE
"DGKA",1.01528272704394,0.00686325151416055,"Chromatin_Enriched",1.67434293015726,1.58876899077423,0.24983119513842,0.24983119513842,7,1.10737151631508,0.71067445198941,-0.197151208648381,0.37192468954295,TRUE
"TSPAN15",1.02831812775441,0.0010282214994103,"Chromatin_Enriched",1.63130186050064,1.61197262847017,0.235950630252101,0.235950630252101,8,1.17142545294354,0.585872579416225,-0.221960198126845,0.371751646879594,TRUE
"KCNG1",0.913517548726136,0.00872546510283024,"Chromatin_Enriched",1.14578352059842,1.14578352059842,0.454522613065327,0.454522613065327,2,0.607313219087813,-0.821936252284111,0.168697535640532,0.37150880964582,TRUE
"SERGEF",0.916094875336774,0.00980325780017947,"Chromatin_Enriched",1.74444716071178,1.77136139385557,0.443936605923903,0.443936605923903,7,0.619977802176238,0.913948657726083,0.149776969947318,0.370965524844479,TRUE
"RIC8B",0.824364654871838,0.00757323680504172,"Chromatin_Enriched",1.32129089579826,1.10990011282054,1.624119261292,1.624119261292,18,0.169229730898576,-0.313035120177276,2.25913918391249,0.370708285269995,TRUE
"PTPRU",1.17670118996158,0.000972312875491041,"Chromatin_Enriched",1.81361468397426,1.68245298080697,0.144539955428208,0.144539955428208,4,1.90055679876562,1.11450678728172,-0.385340182190786,0.370611923028901,TRUE
"LGSN",1.01535298365566,0.00881932724575565,"Chromatin_Enriched",1.95408978593347,1.9727750902246,0.245031755787748,0.245031755787748,3,1.10771674640465,1.52182835048367,-0.205729335066758,0.368392303996041,TRUE
"KCNB1",0.92493117289445,0.0469345493863313,"Chromatin_Enriched",2.49413528900871,2.49413528900871,0.409090909090909,0.409090909090909,1,0.663397997409285,3.08774412804727,0.087496613695277,0.368368083477147,TRUE
"DEPDC7",1.03895715511768,0.00645805487730415,"Chromatin_Enriched",1.45281398332761,1.48582602907429,0.219977553310887,0.219977553310887,4,1.22370398274493,0.0683291846883453,-0.2505091729718,0.366870146033318,TRUE
"RAB11FIP3",0.921504474824298,0.00528094508750551,"Chromatin_Enriched",1.37535115665072,1.35347865110117,0.415230217491902,0.415230217491902,9,0.646559734750117,-0.15628200414163,0.0984695127647809,0.366381726674378,TRUE
"MVK",1.14017334830166,0.000584141816037347,"Chromatin_Enriched",1.55878995878811,1.49856413747771,0.154877294287482,0.154877294287482,7,1.72106465220048,0.375617091117156,-0.3668640659019,0.365071114049466,TRUE
"DNA2",0.942251457687113,0.00600951327505978,"Chromatin_Enriched",1.48195502716034,1.36437040209082,0.356097743516821,0.356097743516821,13,0.748507189611182,0.152826546581907,-0.00721904794568996,0.365062817352479,TRUE
"ZNF383",0.932862283473413,0.00913032233325431,"Chromatin_Enriched",1.39571412916496,1.41424917225553,0.379018612521151,0.379018612521151,8,0.70237024427011,-0.0972375351912261,0.0337478437206678,0.364836535628902,TRUE
"AGO3",0.877426939799846,0.0138630848069823,"Chromatin_Enriched",1.34389303466859,1.09055904686633,0.618783473603673,0.618783473603673,6,0.429969566338391,-0.247497965137196,0.462283999462035,0.364731450386948,TRUE
"LYSMD4",0.893533297147436,0.00953607064355094,"Chromatin_Enriched",1.11818503473552,1.14265270304464,0.521456091404278,0.521456091404278,7,0.509113707417939,-0.901960813554403,0.288328975244603,0.364335315300685,TRUE
"RIT1",1.10094275265808,0.00101860793306913,"Chromatin_Enriched",1.81467458164827,1.8787303085377,0.17240417340847,0.17240417340847,3,1.52829159189614,1.11758006625709,-0.335537951780171,0.362962703750653,TRUE
"PCDHA5",0.866020264664564,0.0289655330483107,"Chromatin_Enriched",1.60703908117686,1.60703908117686,0.702684786211468,0.702684786211468,1,0.373918934487086,0.515520231819026,0.61224236201886,0.362454925846289,TRUE
"RSF1",0.892348818366881,0.00752814127166924,"Chromatin_Enriched",1.68341366724199,1.55612338647305,0.517955583556466,0.517955583556466,5,0.503293362464025,0.736975958499932,0.28207245304418,0.361028812738783,TRUE
"ANKRD49",0.985713904442359,0.00861092150317668,"Chromatin_Enriched",1.42556650525381,1.42556650525381,0.270798248568542,0.270798248568542,1,0.962074909699936,-0.0106775945026986,-0.159676407572022,0.360921182904578,TRUE
"NFKBID",0.95287252796281,0.00495939566679084,"Chromatin_Enriched",1.23644536535333,1.16258571086257,0.324108701072052,0.324108701072052,9,0.800697481070308,-0.559053194622674,-0.0643936531536254,0.36021730978769,TRUE
"SLC25A37",0.842575955777512,0.0108733559375636,"Chromatin_Enriched",1.26353445531021,1.11976582674845,1.00256720024162,1.00256720024162,7,0.258717238037268,-0.480505677567603,1.14822772827606,0.360125961986405,TRUE
"PTOV1-AS2",0.839191019627659,0.0149020205864979,"Chromatin_Enriched",1.24234606739492,1.18110933436271,1.07127605490595,1.07127605490595,4,0.242084186975023,-0.541943520765526,1.27103233071157,0.360096509825988,TRUE
"PC",1.17728028639896,0.000549826123836475,"Chromatin_Enriched",1.85943052239308,1.86739246542799,0.136125467193619,0.136125467193619,8,1.90340238881119,1.2473543785195,-0.400379552114723,0.359931618112645,TRUE
"SPHK2",0.922230081156846,0.00756346323492306,"Chromatin_Enriched",1.41655929046544,1.61416161778353,0.397753632035161,0.397753632035161,5,0.650125251689302,-0.0367949117818817,0.06723328943621,0.359575916975256,TRUE
"TMEM156",0.941697431675811,0.00622870642868838,"Chromatin_Enriched",1.49059976071838,1.52075387434259,0.345980850590069,0.345980850590069,5,0.745784791749645,0.177892813395146,-0.0253011571559509,0.359184671587388,TRUE
"KCTD6",1.12080773097839,0.00598696207780818,"Chromatin_Enriched",1.31754846120481,1.31754846120481,0.158657579156242,0.158657579156242,1,1.62590501327972,-0.323886682393805,-0.360107493074875,0.359139355504905,TRUE
"SESN1",1.21077047165755,0.000549826123836475,"Chromatin_Enriched",1.1165960750405,1.1165960750405,0.124340445056206,0.124340445056206,1,2.06796796311733,-0.906568160606035,-0.421443139411429,0.358561052608885,TRUE
"IGF2BP3",0.91539383831934,0.00373393654599752,"Chromatin_Enriched",1.92058745822413,1.95052439363526,0.415796655348586,0.415796655348586,8,0.616533015039555,1.42468501117907,0.099481917587047,0.358017014655328,TRUE
"CLDN15",0.927452351790313,0.0102979258827579,"Chromatin_Enriched",1.15245257074406,1.08227945090368,0.377810464383274,0.377810464383274,3,0.67578667933871,-0.802598676496602,0.0315884982843337,0.357294891612649,TRUE
"ARHGAP26",0.918025478703751,0.00516892826167669,"Chromatin_Enriched",1.7432623040592,1.77616706406894,0.404592890819516,0.404592890819516,14,0.629464487585433,0.910513047734221,0.0794572227279164,0.35684510414213,TRUE
"NOM1",1.17340759841776,0.000549826123836475,"Chromatin_Enriched",1.2341416933983,1.31506771827617,0.135118219749652,0.135118219749652,5,1.88437260092516,-0.565732921127515,-0.402179824037677,0.356800414224837,TRUE
"PHF11",0.936391519370385,0.00841461205029198,"Chromatin_Enriched",1.34198343194948,1.39879379744046,0.349636875648436,0.349636875648436,5,0.719712361901366,-0.253035048604615,-0.0187666761784919,0.354709727510221,TRUE
"NUDT12",1.11897994478284,0.00375926752957048,"Chromatin_Enriched",1.75687019946966,1.75687019946966,0.155409631019387,0.155409631019387,1,1.61692355549867,0.949970497155291,-0.36591261064853,0.35446120602021,TRUE
"BRD9",0.967142883856973,0.00258304028041706,"Chromatin_Enriched",1.11917736947122,1.03017507468766,0.288277768046554,0.288277768046554,11,0.87081979586621,-0.899083440054555,-0.128434940213151,0.354286598055209,TRUE
"UBE2J2",0.899900339178283,0.00752671328295823,"Chromatin_Enriched",1.75021997437745,1.7856604290498,0.463471455121326,0.463471455121326,7,0.540400364101002,0.930687506487016,0.184691965999093,0.3538786113189,TRUE
"EIF2A",0.973904122539774,0.0018288009455889,"Chromatin_Enriched",1.10149160699921,1.11619617161706,0.27592700625339,0.27592700625339,9,0.904043473736748,-0.950365071575335,-0.150509684424724,0.353164274262769,TRUE
"HECW2",0.845807374032512,0.0192116485361751,"Chromatin_Enriched",1.52057703229154,1.45009290231806,0.904828356126151,0.904828356126151,4,0.274595925982747,0.264814900992221,0.973537290591649,0.352464310466966,TRUE
"SLC25A27",0.841201794206999,0.0338012163709818,"Chromatin_Enriched",1.17758462534692,1.10588668541924,0.982641041537508,0.982641041537508,5,0.251964821283082,-0.72972577856282,1.11261333753006,0.351845828749198,TRUE
"SIMC1",0.937892164598863,0.008883764511799,"Chromatin_Enriched",1.86238307236906,1.72426512993046,0.338467180051338,0.338467180051338,9,0.727086299726655,1.25591559153787,-0.0387304790075234,0.350781163635138,TRUE
"MAST4",0.841643672855918,0.0264050281526206,"Chromatin_Enriched",1.49473387318016,1.46684264922908,0.967891760904685,0.967891760904685,6,0.254136144405707,0.189880084640356,1.08625167638504,0.350696649768976,TRUE
"NDUFC2-KCTD14",0.831613806737432,0.0489287683297368,"Chromatin_Enriched",0.865243541039243,0.877064480308716,1.19815374820945,1.19815374820945,4,0.204850938448867,-1.63538989225987,1.49780317065922,0.350316228375688,TRUE
"MAP3K9",1.03646157317402,0.00696619628485033,"Chromatin_Enriched",2.43209061569348,2.43968720546676,0.202590129506475,0.202590129506475,3,1.21144108026722,2.90783941204677,-0.281586036035666,0.350304157369564,TRUE
"PRDM10",0.888803715009855,0.00675800458829435,"Chromatin_Enriched",1.32277304751057,1.17847313712243,0.50285062713797,0.50285062713797,5,0.485873274595925,-0.308737473520014,0.25507508601134,0.349515150487171,TRUE
"ISY1-RAB43",0.944600823927405,0.0116783715726612,"Chromatin_Enriched",1.48835382293351,1.59757946247996,0.320151018228968,0.320151018228968,3,0.760051610808133,0.171380492872649,-0.0714672926500943,0.348806032851205,TRUE
"POLG",1.23870315286208,0.000224912802887663,"Chromatin_Enriched",1.64588104895389,1.61240245570145,0.110191147909639,0.110191147909639,9,2.20522482475725,0.628146389850752,-0.446732439012111,0.348565815047054,TRUE
"MAPK8IP3",1.15637822573096,0.00210791328636453,"Chromatin_Enriched",1.41717444997448,1.45905948028555,0.134678606092865,0.134678606092865,7,1.80069290567601,-0.035011195455325,-0.402965553629748,0.348220340113666,TRUE
"CEP95",0.906521483361992,0.00550945447930234,"Chromatin_Enriched",1.42825021102972,1.29713696714856,0.422959431295858,0.422959431295858,17,0.572935639338882,-0.0028959220456321,0.112284079067348,0.348086578442707,TRUE
"ZKSCAN4",0.943201045267461,0.0115225832068044,"Chromatin_Enriched",1.06123252671708,1.06123252671708,0.319868482855801,0.319868482855801,2,0.753173315651015,-1.06710028859872,-0.0719722733304633,0.347070890312601,TRUE
"KLF11",1.20210505082519,0.00106158232486848,"Chromatin_Enriched",1.67192287773463,1.66495530462433,0.118908382066277,0.118908382066277,3,2.02538742960069,0.703657268715867,-0.431151965721252,0.347012638322579,TRUE
"HUS1",1.21829244964823,0.000585492360847676,"Chromatin_Enriched",1.8905668305565,1.54694090737077,0.114030600381342,0.114030600381342,5,2.10492979591689,1.33763720826355,-0.439870114837723,0.346429219602633,TRUE
"KIAA1841",0.871839767034059,0.0120977787182268,"Chromatin_Enriched",1.30653295804624,1.22175185363205,0.595203617610446,0.595203617610446,14,0.402515066225898,-0.355827232024506,0.420139288203473,0.346105781200172,TRUE
"NEURL4",1.30875116543194,0.000251090075465713,"Chromatin_Enriched",1.59747593279441,1.41300419440497,0.0936021003903686,0.0936021003903686,8,2.54942989046694,0.4877909296584,-0.476382349425265,0.345421476276225,TRUE
"RAB4B",1.09150805804982,0.00156106793064532,"Chromatin_Enriched",1.46110276623629,1.38770695403262,0.159856948444473,0.159856948444473,5,1.48193096639876,0.0923633371062153,-0.357963838238332,0.344163451062046,TRUE
"LINC01270",0.861631698300864,0.021558963116508,"Chromatin_Enriched",1.4028064418748,1.4028064418748,0.671541386370284,0.671541386370284,2,0.352354200268792,-0.07667266740041,0.556579189423839,0.343962518409998,TRUE
"MSS51",0.938221860464058,0.0183144072241106,"Chromatin_Enriched",1.06070902608293,1.06070902608293,0.324602432179607,0.324602432179607,1,0.728706374055395,-1.06861823087935,-0.063511198444264,0.343903955606186,TRUE
"ZMYND11",0.857505222177148,0.00682472345479232,"Chromatin_Enriched",1.45155068096769,1.44051222231029,0.70988231134458,0.70988231134458,25,0.33207733682607,0.0646661135471902,0.625106631359537,0.343318967879174,TRUE
"LBHD1",0.994496722339537,0.00555303780588051,"Chromatin_Enriched",1.33263321217555,1.20295753589395,0.232978350344217,0.232978350344217,4,1.00523231417875,-0.280146943036315,-0.227272608793534,0.342196848517096,TRUE
"CES1",1.39511379872182,7.81920143363509e-05,"Chromatin_Enriched",2.00978495633211,2.03729275314002,0.0787402113326266,0.0787402113326266,8,2.97380247115592,1.68332204974548,-0.502945277683828,0.342167966823536,TRUE
"ARMCX5",1.01130552342069,0.00219992406877435,"Chromatin_Enriched",1.15194465711612,1.15545360712965,0.213929809358752,0.213929809358752,3,1.08782815477978,-0.804071422698731,-0.261318417214074,0.341114987773274,TRUE
"STK11IP",1.4094487862091,6.67881347096003e-05,"Chromatin_Enriched",1.80646929333853,1.85890845681678,0.0764043139668692,0.0764043139668692,8,3.0442423755727,1.09378801475307,-0.507120270102686,0.341022909974172,TRUE
"AHRR",0.852158767770373,0.0111056071236845,"Chromatin_Enriched",1.57801584659412,1.61817941284211,0.760425183973835,0.760425183973835,4,0.305805689381933,0.431364469591137,0.715442839254536,0.34098559178395,TRUE
"TONSL",1.1708754243958,0.000623183080469986,"Chromatin_Enriched",1.95288940985964,1.80708529885437,0.124183137153021,0.124183137153021,11,1.87192989065201,1.51834774038264,-0.42172429872641,0.340926770987317,TRUE
"FEZ2",0.95786757715142,0.00160328485140716,"Chromatin_Enriched",1.97069583903812,2.04144015730764,0.281371021589139,0.281371021589139,6,0.825242377793451,1.56997925704904,-0.140779495466902,0.340733980473326,TRUE
"ARHGEF11",1.10920264251652,0.00202541742856026,"Chromatin_Enriched",1.69391106059758,1.54487113192511,0.147636919902524,0.147636919902524,8,1.5688794091257,0.767414197102432,-0.379804920500232,0.34031200659234,TRUE
"CLASRP",1.06610904444815,0.00175465015324577,"Chromatin_Enriched",1.42563840387115,1.32473912762973,0.170566323733351,0.170566323733351,12,1.3571241542568,-0.010469117293595,-0.338822774381156,0.340205583317878,TRUE
"NADK2",0.99080129893906,0.00477855172176347,"Chromatin_Enriched",1.43224770757318,1.44274564181488,0.234297272180616,0.234297272180616,10,0.987073576939519,0.00869521772409457,-0.224915275483966,0.340050471635089,TRUE
"BAHCC1",1.13572159472425,0.0022997401451367,"Chromatin_Enriched",1.39214891378622,1.2734029095458,0.136043076336605,0.136043076336605,3,1.69918942581761,-0.107575232626321,-0.400526810812155,0.339972761237469,TRUE
"NAPSA",0.923409902302573,0.0206714808842751,"Chromatin_Enriched",1.35307358289629,1.35307358289629,0.350555918901243,0.350555918901243,1,0.65592270974831,-0.220878050269698,-0.0171240532322458,0.339070485477586,TRUE
"TRPV1",0.875093422851826,0.0148797558739476,"Chromatin_Enriched",1.55750779735465,1.39318140832182,0.549331405854716,0.549331405854716,5,0.418503026104621,0.37189933621205,0.338151038580903,0.339040451631147,TRUE
"RPS6KB1",0.87647104157011,0.00559121922600086,"Chromatin_Enriched",1.62401475529145,1.58129806774814,0.540300190872809,0.540300190872809,21,0.425272430746572,0.564742891353165,0.322009381573506,0.338950420788437,TRUE
"TJP3",1.11235322107598,0.0129651381351897,"Chromatin_Enriched",1.55070986313324,1.55070986313324,0.144985104270109,0.144985104270109,1,1.5843608633497,0.352188048197388,-0.384544559460333,0.338901700330816,TRUE
"TBXA2R",0.951565528381099,0.0478861416692558,"Chromatin_Enriched",2.2166251568425,2.2166251568425,0.289130434782609,0.289130434782609,1,0.794275087908807,2.28307583265683,-0.126910953238798,0.33885771461195,TRUE
"SULF2",1.11055765304955,0.000646655004393317,"Chromatin_Enriched",1.9997128881073,1.69262318045596,0.145536475459749,0.145536475459749,5,1.57553772065301,1.6541170837637,-0.383559083569795,0.338598735096371,TRUE
"IFITM10",1.00936812454187,0.0214499182566357,"Chromatin_Enriched",1.39320148271208,1.39320148271208,0.210968775020016,0.210968775020016,2,1.07830807727972,-0.104523204086904,-0.266610728467738,0.33726053293996,TRUE
"WWC2",1.18183364522841,0.000319929084228264,"Chromatin_Enriched",2.38110971729484,2.17002752629826,0.117570614990636,0.117570614990636,4,1.92577688763837,2.76001521445192,-0.433542981474287,0.336463053703074,TRUE
"DTX3",0.962266278224026,0.00422854229780078,"Chromatin_Enriched",1.26879529785474,1.07426852770979,0.267156721989318,0.267156721989318,6,0.846856912398892,-0.465251340114821,-0.16618497515046,0.336335782151174,TRUE
"PIBF1",0.888713928771242,0.00847959538335391,"Chromatin_Enriched",1.55502144492347,1.46473431099559,0.459186459186459,0.459186459186459,7,0.485432078949856,0.364689909453773,0.177033313780396,0.333844153392347,TRUE
"SRGN",1.06790517484104,0.00220086901798506,"Chromatin_Enriched",1.45895725765968,1.45895725765968,0.162231985396491,0.162231985396491,2,1.36595006033503,0.0861422210856689,-0.353718890915498,0.332866933053291,TRUE
"NDRG1",1.10462121095012,0.0010282214994103,"Chromatin_Enriched",1.54598584626296,1.55180686797036,0.14299543834431,0.14299543834431,12,1.54636696522467,0.338490290307503,-0.388100726044552,0.332508211953827,TRUE
"DPP8",0.914748989305449,0.00448659267409547,"Chromatin_Enriched",1.4406259609331,1.48275767928056,0.359769448737764,0.359769448737764,15,0.613364327034627,0.0329887986353513,-0.000656541524630137,0.3321669352996,TRUE
"ATG12",0.884208534423776,0.00430955397980848,"Chromatin_Enriched",1.03772117142624,1.03692876000024,0.476139833270438,0.476139833270438,7,0.463293270145381,-1.13527380729702,0.207334391778198,0.332108702386988,TRUE
"FGD4",0.863508578860882,0.0206210909708449,"Chromatin_Enriched",1.75182790951589,1.89716448642439,0.609809264305177,0.609809264305177,6,0.361576900139769,0.935349874728657,0.446244229763372,0.33203384124512,TRUE
"ACSS1",0.960350478947847,0.00712867744161549,"Chromatin_Enriched",1.49023101922659,1.47689488442118,0.262820279185042,0.262820279185042,4,0.837442971995,0.176823610676966,-0.173935579307161,0.331735584239374,TRUE
"ATM",1.04019504428237,0.00686325151416055,"Chromatin_Enriched",2.06884437346352,2.13757458458648,0.178570334283176,0.178570334283176,9,1.22978677803978,1.85457071781724,-0.324517058789434,0.331363422884597,TRUE
"TEN1-CDK3",1.1780074006416,0.000537574407275534,"Chromatin_Enriched",1.70352209342914,1.64179188236584,0.113209379096073,0.113209379096073,3,1.90697531538661,0.795282344997207,-0.441337898778262,0.328547935168109,TRUE
"DGUOK",0.82193816213726,0.013774385303427,"Chromatin_Enriched",1.39602224705255,1.20874874806322,1.35665058580289,1.35665058580289,16,0.157306322075,-0.0963441166574355,1.78108749002443,0.326657093902418,TRUE
"SLC4A11",1.02716567215647,0.00415751405126647,"Chromatin_Enriched",1.87390004113446,1.79815842650807,0.18248322147651,0.18248322147651,4,1.16576246494055,1.2893101906906,-0.317523483383469,0.326138076647567,TRUE
"ZNF230",0.990107186951871,0.00778850277449568,"Chromatin_Enriched",1.41412107138695,1.41412107138695,0.216106965174129,0.216106965174129,1,0.983662818327032,-0.0438647710852612,-0.257427146494256,0.326018700708476,TRUE
"MIB2",0.892684758602911,0.0122409769445504,"Chromatin_Enriched",1.31951444890705,1.2117167556801,0.419995657837603,0.419995657837603,11,0.504944120662224,-0.318186105046321,0.106986872134879,0.325633488855769,TRUE
"DTWD2",0.888715356115523,0.0159066129739689,"Chromatin_Enriched",1.81887193570768,1.7194802749709,0.436744759556104,0.436744759556104,3,0.485439092698198,1.12975071281967,0.136922850368558,0.325586378569196,TRUE
"ZNF460",1.0139569404221,0.0314954965154064,"Chromatin_Enriched",1.98669964362617,1.98669964362617,0.192086790044671,0.192086790044671,1,1.10085680655322,1.61638388399764,-0.300358848261303,0.32516153698557,TRUE
"NBPF12",1.0200777945067,0.00357210992608339,"Chromatin_Enriched",1.84788248981208,1.77741653166095,0.185581526330611,0.185581526330611,4,1.13093373386487,1.21386970673642,-0.311985826007419,0.323944754942428,TRUE
"FDXR",0.967829209737796,0.00245619462706562,"Chromatin_Enriched",1.98477313653018,2.07862126071732,0.238851015480756,0.238851015480756,18,0.874192294760041,1.61079778460412,-0.216776286145561,0.323111217175207,TRUE
"CBWD5",0.916763785099484,0.00427431124431636,"Chromatin_Enriched",1.36012764384326,1.10498723052789,0.334903681714046,0.334903681714046,11,0.623264720967799,-0.200424097278978,-0.0450995852708823,0.323058547120018,TRUE
"ZNF778",0.955839284787014,0.00588736675934676,"Chromatin_Enriched",1.76754121858218,1.76754121858218,0.255511811023622,0.255511811023622,2,0.815275663807489,0.980912180950114,-0.186998139167319,0.322732521868294,TRUE
"MTFMT",1.00284991107056,0.00227080482240033,"Chromatin_Enriched",1.53423604349349,1.74024295288059,0.196578822035244,0.196578822035244,5,1.04627858759271,0.304420565746875,-0.292330156683997,0.320683810216289,TRUE
"RSKR",0.919281013607673,0.010485367303144,"Chromatin_Enriched",1.17232458605362,1.0879715813273,0.321897073662967,0.321897073662967,8,0.635633991305104,-0.744977786908555,-0.0683465355882845,0.319850528936427,TRUE
"THAP5",1.04699473597409,0.00156106793064532,"Chromatin_Enriched",1.80827134640203,1.75809438620596,0.161742308863844,0.161742308863844,5,1.2631994080301,1.09901324727158,-0.354594098808389,0.319619139610122,TRUE
"ZHX1",0.851098838862463,0.00948218901887559,"Chromatin_Enriched",1.49447888846026,1.38798642796331,0.678739745156223,0.678739745156223,5,0.300597363178089,0.189140731023577,0.569444948767581,0.319395818443298,TRUE
"TBC1D30",0.993477134471178,0.0103219628149257,"Chromatin_Enriched",1.55340750811578,1.55340750811578,0.203277942180742,0.203277942180742,1,1.00022221758428,0.360010138773774,-0.280356695764662,0.318844095220526,TRUE
"NGLY1",0.862448879706392,0.00982650296845368,"Chromatin_Enriched",1.38584184098868,1.3438535531006,0.566282746160795,0.566282746160795,11,0.356369702908585,-0.125863219004628,0.368448481569976,0.317652336691846,TRUE
"RABL2B",0.873186319375897,0.0124050750731752,"Chromatin_Enriched",1.53110408661266,1.44483735177295,0.490683584819387,0.490683584819387,13,0.40913181551399,0.295339144521424,0.233328707003144,0.316823504415368,TRUE
"ANAPC7",0.845270144405374,0.00727133357702465,"Chromatin_Enriched",1.97580613500385,2.14439814938812,0.735202492211838,0.735202492211838,8,0.271956062947006,1.58479706968741,0.67036185734445,0.316182522643772,TRUE
"ULK3",1.01169989506442,0.00200467184376451,"Chromatin_Enriched",1.38047901365424,1.29094018631125,0.183464940820598,0.183464940820598,13,1.0897660358497,-0.141413271523398,-0.315768838303983,0.316175474440588,TRUE
"TTC7A",0.937549685738544,0.00386013191824422,"Chromatin_Enriched",1.51407608555413,1.45597753644104,0.275283827618165,0.275283827618165,14,0.725403411743178,0.245964757796443,-0.15165924945502,0.315984040539975,TRUE
"BMS1P2",0.857892256892807,0.0243709359926657,"Chromatin_Enriched",1.05443125989807,1.05443125989807,0.595167652859961,0.595167652859961,1,0.333979165369777,-1.08682123981239,0.420075007742,0.315256717578911,TRUE
"TTC39B",0.894000181291455,0.0299928486226489,"Chromatin_Enriched",0.976347949396285,0.976347949396285,0.388168301170516,0.388168301170516,1,0.511407903663844,-1.31323158335358,0.0501012508977095,0.315049470060155,TRUE
"CCNB1IP1",0.899355034331547,0.00570644206054864,"Chromatin_Enriched",1.133494259099,1.10710856937525,0.366290574553029,0.366290574553029,6,0.53772082068904,-0.857570191215133,0.0109987868473518,0.313816880010712,TRUE
"BRWD1",0.879755966640374,0.0104971360608044,"Chromatin_Enriched",1.55656884687678,1.46488838644644,0.444311030142431,0.444311030142431,5,0.441414042880592,0.369176755690102,0.150446185254765,0.313149427679192,TRUE
"POPDC3",1.05905004998047,0.00436871584957423,"Chromatin_Enriched",1.43431170305045,1.40808118348899,0.14822638211086,0.14822638211086,4,1.32243735065664,0.0146799783864209,-0.378751363829856,0.313065571451178,TRUE
"PPARG",0.819812187780794,0.00973020832512585,"Chromatin_Enriched",1.59369891669017,1.79398653583359,1.33209647495362,1.33209647495362,17,0.146859613935569,0.476839094903629,1.73720147510344,0.312754835323629,TRUE
"PARP6",0.875263347401673,0.008883764511799,"Chromatin_Enriched",1.25641641344491,1.20216170707476,0.46611717721035,0.46611717721035,17,0.41933800897851,-0.501145149609791,0.189420713856771,0.312618496767283,TRUE
"FCSK",0.963150053800228,0.00884757860999945,"Chromatin_Enriched",1.78922620026529,1.45088696546752,0.229506915683363,0.229506915683363,5,0.851199648461187,1.04378994728723,-0.233477167951006,0.312534962803436,TRUE
"PIAS2",0.897665844028778,0.00629063902010998,"Chromatin_Enriched",1.25130625794168,1.24213514991586,0.368569065343259,0.368569065343259,9,0.529420401621748,-0.515962554963124,0.0150711754356077,0.312352351199235,TRUE
"NPRL3",0.958553701107991,0.00479525365641415,"Chromatin_Enriched",1.74491654127631,1.67672364851234,0.233508291628158,0.233508291628158,14,0.828613884462837,0.915309673469169,-0.226325434968464,0.311037146158051,TRUE
"PRPF39",1.06013910905131,0.00163299087947321,"Chromatin_Enriched",1.20362022818322,1.15946066753303,0.145505276534615,0.145505276534615,7,1.32778881796154,-0.654232952444297,-0.38361484598377,0.310805629885515,TRUE
"CHGA",0.936641426267308,0.038537529067341,"Chromatin_Enriched",1.29613816550828,1.29613816550828,0.267622461170848,0.267622461170848,1,0.7209403656194,-0.385967969327191,-0.165352550926452,0.310596068072726,TRUE
"POT1",0.961572558322509,0.00220086901798506,"Chromatin_Enriched",1.219166950802,1.06311318073737,0.228405973788479,0.228405973788479,4,0.843448080434564,-0.609153680235719,-0.235444901693132,0.310361547353792,TRUE
"PPP2R2C",0.914879056625824,0.00696848466074371,"Chromatin_Enriched",2.18843086277564,2.31071781472246,0.312128787121288,0.312128787121288,10,0.614003457666802,2.20132366609835,-0.0858055741807262,0.30955464342327,TRUE
"TP53I13",0.875077697772237,0.00791350253214925,"Chromatin_Enriched",1.1531801121279,1.06991951752198,0.457812252651575,0.457812252651575,8,0.418425755503291,-0.800489097719831,0.174577169110176,0.309483794159241,TRUE
"PITPNM2",0.864354892811431,0.010485367303144,"Chromatin_Enriched",1.56466454848053,1.42720634690804,0.523744627319426,0.523744627319426,14,0.365735555585835,0.392651049614526,0.292419317669784,0.309477004200446,TRUE
"ANAPC10",0.834298526370627,0.0307548080545688,"Chromatin_Enriched",1.57625941561918,1.50420363097642,0.868613902847571,0.868613902847571,7,0.218043234187941,0.426271522866834,0.908810530714451,0.307729901567506,TRUE
"SMC6",1.06185366215501,0.00135764357864352,"Chromatin_Enriched",1.87116756645362,1.56634609134247,0.140910704090607,0.140910704090607,9,1.33621386589752,1.28138710793157,-0.391826810003604,0.306827994696746,TRUE
"GRAMD4",0.854163132080602,0.0103316317171561,"Chromatin_Enriched",1.44117136753612,1.39747126041131,0.593690044766574,0.593690044766574,5,0.315654824622144,0.0345702594567078,0.417434051560292,0.306105477703933,TRUE
"UBE2O",1.0763360680793,0.00137171802613891,"Chromatin_Enriched",1.56421540829688,1.55699044183379,0.13245018466506,0.13245018466506,6,1.40737816164158,0.391348722873718,-0.406948452323625,0.305292890027756,TRUE
"LYRM9",0.856776030951141,0.0317104730609797,"Chromatin_Enriched",1.06074146040235,1.06074146040235,0.566983578219533,0.566983578219533,1,0.328494204276629,-1.06852418433655,0.369701091626829,0.305164561642683,TRUE
"RBMS1",0.993856867035053,0.00281334651331414,"Chromatin_Enriched",1.93892127266569,1.91261410350511,0.185812272137428,0.185812272137428,7,1.00208816448706,1.47784573399499,-0.311573409773613,0.305123154419135,TRUE
"RICTOR",0.969410003949952,0.00432332028687053,"Chromatin_Enriched",1.69361640654531,1.78275673524938,0.211041766682669,0.211041766682669,6,0.881960072255884,0.766559818301486,-0.26648026912364,0.305065904185027,TRUE
"SOCS7",1.19999303696493,0.000853831504669215,"Chromatin_Enriched",1.66469050984314,1.68228308912798,0.0916000588437209,0.0916000588437209,4,2.01500932117363,0.682686296962661,-0.479960635184743,0.303788555075854,TRUE
"KIF17",0.907548378169091,0.0243709359926657,"Chromatin_Enriched",1.58924233638323,1.58924233638323,0.31754068716094,0.31754068716094,1,0.577981641096632,0.463916795991998,-0.0761327854835911,0.302929601954177,TRUE
"CPEB1",0.837871359453887,0.010485367303144,"Chromatin_Enriched",1.65284945175479,1.64084965358281,0.777028275734615,0.777028275734615,10,0.235599581628445,0.648351968507,0.745117851199414,0.302545481437541,TRUE
"KCTD20",0.941552951984685,0.00675639510635076,"Chromatin_Enriched",1.5646483628354,1.44101129029464,0.245545644752781,0.245545644752781,8,0.745074840963702,0.392604117722794,-0.204810851847164,0.302448245335882,TRUE
"CALB2",1.08641690962144,0.0145056252084887,"Chromatin_Enriched",1.28066405656058,1.28066405656058,0.125444008225837,0.125444008225837,2,1.45691385292134,-0.430836690957067,-0.41947072061663,0.302292171045,TRUE
"EPS8L2",1.17672835915383,0.000965417330252622,"Chromatin_Enriched",1.53292530294206,1.41981218254355,0.0958174222396292,0.0958174222396292,11,1.90069030396099,0.30061994283995,-0.472422863849581,0.301760870062206,TRUE
"NDUFAF5",0.926442502990926,0.00675639510635076,"Chromatin_Enriched",1.26473227444052,1.3126603167562,0.27086072922893,0.27086072922893,12,0.670824439018141,-0.477032481579222,-0.159564734736019,0.301413334755649,TRUE
"TMEM94",1.12609416141588,0.00110837191313622,"Chromatin_Enriched",1.73356865364536,1.63905628707852,0.109739813578438,0.109739813578438,14,1.6518817122516,0.882405341922792,-0.447539117181604,0.301062444649048,TRUE
"GSR",0.992622129027269,0.00257013028966402,"Chromatin_Enriched",1.45096701596021,1.25098644811566,0.180788844021602,0.180788844021602,13,0.996020853488345,0.0629737186678094,-0.320551875440682,0.300057876686788,TRUE
"CBWD3",0.844522189163734,0.0101544595334983,"Chromatin_Enriched",1.26844447357389,1.11790189841014,0.66756248320344,0.66756248320344,8,0.268280726936012,-0.466268590093604,0.549467622451565,0.299244171429477,TRUE
"CNOT3",1.2241710975976,0.000228019628517863,"Chromatin_Enriched",1.96012895798643,1.77063313174594,0.0831805139047701,0.0831805139047701,6,2.13381655985868,1.53933953194394,-0.495009043049596,0.297902633445522,TRUE
"USP43",0.92760554399692,0.00902099620336126,"Chromatin_Enriched",1.64381309770894,1.68605584055148,0.261417536251525,0.261417536251525,3,0.676539442073966,0.622150159045642,-0.176442727608663,0.297371210882928,TRUE
"PIDD1",0.994948719223356,0.00431055273771282,"Chromatin_Enriched",1.68268106447295,1.62179723255406,0.174756881490028,0.174756881490028,8,1.00745335673781,0.734851703732149,-0.331332913259093,0.29669800038942,TRUE
"GDI1",1.41223300225232,6.67881347096003e-05,"Chromatin_Enriched",1.50450767853114,1.52254035797433,0.0573205580769877,0.0573205580769877,5,3.05792358123362,0.218220207683299,-0.541229018770998,0.296042130644518,TRUE
"ERI3",0.863151200006533,0.0066715367454467,"Chromatin_Enriched",1.44364516835371,1.38293782770763,0.48376904849057,0.48376904849057,11,0.359820795897386,0.0417432915600256,0.220970228768647,0.295017087690186,TRUE
"PTOV1",0.913505720808942,0.00496368390132597,"Chromatin_Enriched",1.38825196248981,1.14359158849916,0.285927350511215,0.285927350511215,15,0.607255098537841,-0.11887483142809,-0.132635884798749,0.29464456673198,TRUE
"ZNF564",0.881723235525468,0.0176147815215145,"Chromatin_Enriched",1.96186518079545,1.96186518079545,0.384757221880762,0.384757221880762,1,0.451080896957103,1.54437388307644,0.0440045660075209,0.294581595450817,TRUE
"PIK3C2B",0.99644646717877,0.00675800458829435,"Chromatin_Enriched",1.90512018159075,1.92589656193676,0.170620379299261,0.170620379299261,4,1.01481305781278,1.37983610052574,-0.338726159871811,0.294234420863586,TRUE
"KDM5A",1.16682610721432,0.000339336102387706,"Chromatin_Enriched",2.2279895832805,2.31895158540057,0.093310834634564,0.093310834634564,6,1.8520321742801,2.31602812012315,-0.476902934079447,0.293951244215893,TRUE
"C11orf86",1.20934523680129,0.00440407379460557,"Chromatin_Enriched",1.80325883129743,1.80325883129743,0.0834146658858742,0.0834146658858742,1,2.06096458016108,1.08447895998861,-0.494590538897701,0.293184815310034,TRUE
"FAM83G",1.24667647164634,0.000203631105630068,"Chromatin_Enriched",1.35930230903078,1.41537003968777,0.0765734265734266,0.0765734265734266,4,2.24440447619024,-0.202817237851896,-0.506818012023774,0.293139677763539,TRUE
"WTAP",0.906545550762173,0.00587917013023451,"Chromatin_Enriched",1.18449089928053,1.17618620627245,0.299737169297597,0.299737169297597,5,0.573053902809277,-0.709700348751369,-0.107953341128749,0.29305763484594,TRUE
"EIF3CL",1.15459231322747,0.000549826123836475,"Chromatin_Enriched",0.950250725391858,0.950250725391858,0.095807889090609,0.095807889090609,1,1.79191720872097,-1.38890308619258,-0.472439902622547,0.29298447500908,TRUE
"ZBTB18",1.09733250034885,0.00253463045167738,"Chromatin_Enriched",1.40468756598389,1.40468756598389,0.113256572243733,0.113256572243733,2,1.51055137218487,-0.0712181605020142,-0.441253549595548,0.292472110304322,TRUE
"ZNF585B",0.95091409715189,0.013508960228953,"Chromatin_Enriched",1.32199756090145,1.32199756090145,0.215838926174497,0.215838926174497,2,0.791074055919047,-0.310986074257533,-0.257906217538998,0.292185364755039,TRUE
"SLC25A46",0.957358241293538,0.00422854229780078,"Chromatin_Enriched",1.83932904229531,1.87695380078095,0.207411437552896,0.207411437552896,3,0.822739580412073,1.18906813290087,-0.272968823294276,0.292100666812774,TRUE
"DPH2",0.868021096346217,0.00593349693073883,"Chromatin_Enriched",1.28174510000289,1.1117227839658,0.444535249861789,0.444535249861789,10,0.383750710938567,-0.427702097718313,0.150846937292161,0.292053692128447,TRUE
"ZNF365",0.831748527245913,0.041194539621657,"Chromatin_Enriched",1.42396827166233,1.42396827166233,0.828282828282828,0.828282828282828,1,0.205512934125445,-0.0153118321417109,0.836726057731795,0.291738611025457,TRUE
"PIH1D1",0.965479250493944,0.00485014602341306,"Chromatin_Enriched",1.69457448932132,1.65829314768195,0.197234903794614,0.197234903794614,7,0.862644959635602,0.769337874829346,-0.291157529662076,0.291670786695065,TRUE
"LYPLAL1",0.867623647248308,0.00902073536234776,"Chromatin_Enriched",1.04105991573435,0.901861332981201,0.44538971944605,0.44538971944605,5,0.38179770773629,-1.12559278530989,0.152374146530347,0.291589415046064,TRUE
"DNAJC17",1.0347613898522,0.00386474312111527,"Chromatin_Enriched",1.95866167579931,1.95866167579931,0.141072496511396,0.141072496511396,2,1.2030866432099,1.53508500095744,-0.391537635427647,0.291309488583135,TRUE
"ALKBH6",0.91809001579367,0.00477855172176347,"Chromatin_Enriched",1.27254731794594,1.22858017035273,0.269076695234164,0.269076695234164,8,0.629781612832265,-0.454371983791908,-0.162753371579537,0.291083798157977,TRUE
"HOXD8",0.949286038787994,0.0185784560329838,"Chromatin_Enriched",1.77999442514125,1.77999442514125,0.215540052922781,0.215540052922781,2,0.783074029714661,1.01702149492656,-0.258440399210849,0.290502855241694,TRUE
"PROC",0.985924739638744,0.0162956507958414,"Chromatin_Enriched",1.31289942103706,1.31289942103706,0.175063775510204,0.175063775510204,1,0.963110921143562,-0.33736703785969,-0.330784395919928,0.290349646194465,TRUE
"TUBGCP3",0.978159981108473,0.00447304956050174,"Chromatin_Enriched",1.44203982912129,1.37888380719837,0.179400820273243,0.179400820273243,9,0.924956102440228,0.0370884504066934,-0.323032715871235,0.288043298389773,TRUE
"OSGIN1",1.09566845871265,0.00188632883836169,"Chromatin_Enriched",1.71233947801829,1.4576382600844,0.110367786432201,0.110367786432201,4,1.50237452976325,0.820849230688078,-0.446416729724801,0.287935540739666,TRUE
"AMDHD1",0.943124890262859,0.0180889384828542,"Chromatin_Enriched",1.43967262943296,1.43967262943296,0.219493861187672,0.219493861187672,2,0.752799101773968,0.0302245189055574,-0.251373684819403,0.287432410791633,TRUE
"ALG14",0.884480680473455,0.010485367303144,"Chromatin_Enriched",1.45416905295168,1.45736788004113,0.354333333333333,0.354333333333333,4,0.464630553609618,0.0722583441609182,-0.0103726107895896,0.286909474250161,TRUE
"GPC6",0.829224678401313,0.0123966638261959,"Chromatin_Enriched",1.65468290664037,1.80695083449897,0.846371976647206,0.846371976647206,5,0.193111132482172,0.653668253739325,0.86905712603641,0.285870469716196,TRUE
"FIZ1",1.02495298524932,0.00156106793064532,"Chromatin_Enriched",1.5539523226743,1.5539523226743,0.141459437423563,0.141459437423563,1,1.15488966478064,0.361589882903064,-0.390846048802942,0.285805915147113,TRUE
"RNF135",0.902771087336481,0.00658064453868396,"Chromatin_Enriched",1.16325312825867,1.08122656481676,0.294427678837081,0.294427678837081,5,0.554506775149325,-0.771281383190204,-0.117443091297402,0.285711517712054,TRUE
"ABCC2",1.0856540104075,0.00107662009096074,"Chromatin_Enriched",1.78694327577518,1.8741591131884,0.112177375520893,0.112177375520893,27,1.45316508454904,1.03717038012539,-0.443182417790856,0.285492771697734,TRUE
"PTK2B",1.00156857383465,0.0092144270886511,"Chromatin_Enriched",1.67390229698344,1.44425599919461,0.156339153258017,0.156339153258017,6,1.03998229521692,0.7093967921717,-0.364251258417765,0.28512273798975,TRUE
"PAXBP1",0.86970928808139,0.008883764511799,"Chromatin_Enriched",1.17027520201072,1.1722841319976,0.414555520515785,0.414555520515785,4,0.392046223199621,-0.750920180260193,0.0972636144228392,0.285065717094117,TRUE
"DDHD2",0.973058113580703,0.00359195713747434,"Chromatin_Enriched",1.42830783150667,1.36323823092293,0.180594870008274,0.180594870008274,10,0.899886316971485,-0.00272884572809489,-0.32089856877018,0.285056882424973,TRUE
"PER2",1.02565250730378,0.00703754310905339,"Chromatin_Enriched",1.83736850886573,1.77861404215805,0.13815592203898,0.13815592203898,5,1.15832700762432,1.18338337076077,-0.396750482742718,0.282868994201372,TRUE
"PTPN4",0.96390662108211,0.00227206693519516,"Chromatin_Enriched",2.1223028852563,2.03074139979634,0.18681891954556,0.18681891954556,7,0.85491730270176,2.00957900246122,-0.309774210305767,0.282590451706659,TRUE
"GBA2",1.01827933888496,0.00332210703920431,"Chromatin_Enriched",1.44493789044039,1.28563755519292,0.142054928886709,0.142054928886709,6,1.12209640197284,0.0454916681320119,-0.389781715934308,0.282311286159696,TRUE
"RELL2",1.08271092528307,0.00360447466402793,"Chromatin_Enriched",1.88202014271342,1.88202014271342,0.110361310276958,0.110361310276958,2,1.43870322087185,1.31285523477581,-0.44642830467644,0.281759802451571,TRUE
"HMGCS1",0.973857950801744,0.00387420855077664,"Chromatin_Enriched",1.7379961466978,1.88788831149153,0.174699778253482,0.174699778253482,9,0.903816592979686,0.895243299440065,-0.331434974926342,0.280977364190933,TRUE
"ZFY",0.819168781379184,0.0155917486202129,"Chromatin_Enriched",1.65764254004913,1.87724709258253,1.09763863093659,1.09763863093659,8,0.143698014703566,0.66225000587724,1.31815064878621,0.280827787200206,TRUE
"HK1",1.03182490102088,0.00185427355831756,"Chromatin_Enriched",1.50693430932772,1.49512802969057,0.132680115273775,0.132680115273775,9,1.18865719269362,0.225256465607951,-0.406537493108412,0.280812369160968,TRUE
"ANKEF1",0.92031380082523,0.00803284895508005,"Chromatin_Enriched",1.46458704662378,1.57410570023482,0.245708458444281,0.245708458444281,3,0.640708947453628,0.102466355465155,-0.204519851935239,0.280559804489425,TRUE
"IQCJ-SCHIP1",0.896008297786844,0.00805230161831185,"Chromatin_Enriched",1.51347647682357,1.41370327388335,0.292060301507538,0.292060301507538,4,0.521275476559774,0.244226132502467,-0.121674348435797,0.275902041359368,TRUE
"NPR2",0.942590227335645,0.00987189701209201,"Chromatin_Enriched",1.54676152232398,1.49858249952881,0.202238962125968,0.202238962125968,4,0.750171851103428,0.340739440379692,-0.282213683967832,0.275421473911597,TRUE
"RREB1",0.836568456435122,0.00926938183168893,"Chromatin_Enriched",1.83470374867163,2.09838511434256,0.660445461748393,0.660445461748393,7,0.229197318341673,1.17565663290701,0.536747238818599,0.275111185472038,TRUE
"SCHIP1",0.833049923295405,0.0307548080545688,"Chromatin_Enriched",1.79903484558739,1.80811628947319,0.713845451432485,0.713845451432485,7,0.211907792399018,1.07223109229987,0.632190024690266,0.275017648276559,TRUE
"WDR59",0.992960895792939,0.00479034038084962,"Chromatin_Enriched",1.61679815670104,1.46922568895941,0.150929079390849,0.150929079390849,16,0.997685500814654,0.54381764426061,-0.373920783163157,0.274390009074268,TRUE
"NUDT6",0.858187725361624,0.0222585006407081,"Chromatin_Enriched",1.28717300988386,1.40204898086053,0.448325457160468,0.448325457160468,3,0.33543105158315,-0.411963331867301,0.15762124466108,0.274210028579219,TRUE
"AVL9",0.96851203337388,0.00244424946403049,"Chromatin_Enriched",1.29955859073689,1.3869009606222,0.170945897442033,0.170945897442033,7,0.877547584166604,-0.376050105367655,-0.338144355295036,0.273873291252952,TRUE
"MED23",0.848736249648774,0.00902099620336126,"Chromatin_Enriched",1.33006831851248,1.32302030735954,0.517459176337681,0.517459176337681,11,0.28898796634143,-0.287584107926858,0.281185215271891,0.273440555728789,TRUE
"PALD1",0.956197338550631,0.00463024211181453,"Chromatin_Enriched",1.70417225604096,1.70836292152327,0.182945520412429,0.182945520412429,3,0.817035084449303,0.797167556310038,-0.316697207973856,0.273379689003948,TRUE
"CYFIP2",1.22670294897354,0.000179893499658202,"Chromatin_Enriched",2.20781773586318,2.17380821361744,0.0695968905077371,0.0695968905077371,6,2.14625768469935,2.25753783744601,-0.519287303530808,0.273288182221085,TRUE
"ETAA1",1.03399790550852,0.00222383226110421,"Chromatin_Enriched",1.52404520859798,1.52404520859798,0.12418249152943,0.12418249152943,1,1.19933499960084,0.274871223962617,-0.421725452661354,0.272888629690649,TRUE
"RPP14",0.99783143793235,0.00427431124431636,"Chromatin_Enriched",0.993357356062617,0.971957507741126,0.145077720207254,0.145077720207254,3,1.0216185892155,-1.26391111292261,-0.384379025288706,0.272226097063393,TRUE
"LSS",0.883810344814814,0.00422854229780078,"Chromatin_Enriched",1.37326186148287,1.4056372806414,0.320676096015024,0.320676096015024,7,0.461336628186681,-0.162340123779153,-0.0705288114444421,0.271973922348853,TRUE
"SUPV3L1",0.878054784506467,0.00726886293983603,"Chromatin_Enriched",1.40571185253625,1.42103765986408,0.340761475120254,0.340761475120254,9,0.433054697815639,-0.0682481395242285,-0.0346298431406555,0.271632433294897,TRUE
"RNF168",0.937112529085798,0.00430903479472496,"Chromatin_Enriched",1.24529381668711,1.16960349807923,0.202579034941764,0.202579034941764,3,0.723255291777122,-0.53339622780844,-0.281605865555678,0.270662482646499,TRUE
"FAXC",0.862740001491112,0.0158919913991388,"Chromatin_Enriched",1.64430674666004,1.40892531256097,0.408737177219668,0.408737177219668,5,0.357800230190699,0.623581543395112,0.0868643822015516,0.270412884397816,TRUE
"PHC3",0.986085696854654,0.00330559251726916,"Chromatin_Enriched",2.05161874569993,2.05979339007001,0.151573870731602,0.151573870731602,7,0.96390183992978,1.80462329275799,-0.372768335714543,0.270279792884587,TRUE
"DLG4",0.919879191110881,0.0077278755183965,"Chromatin_Enriched",1.46383144120901,1.35625907698644,0.228727151384821,0.228727151384821,7,0.638573342747694,0.100275402232752,-0.234870855055,0.270239765427817,TRUE
"ARHGEF5",1.02624801976808,0.00973020832512585,"Chromatin_Enriched",2.70564470951691,2.70564470951691,0.125063035804337,0.125063035804337,1,1.1612532634792,3.70103677985366,-0.42015163964795,0.269471574074523,TRUE
"KMT5B",0.834197346845481,0.0102542284338454,"Chromatin_Enriched",1.42351825018482,1.46495501459375,0.66703213610586,0.66703213610586,16,0.217546053699535,-0.0166167142819377,0.548519723308298,0.269360547315861,TRUE
"MMD",1.02969089998284,0.00201203680624184,"Chromatin_Enriched",1.29612639676639,1.26755880433151,0.122833364620487,0.122833364620487,4,1.17817104268629,-0.386002093967612,-0.424136772053843,0.268996945402344,TRUE
"NFIA",0.820368789933524,0.0159055089347272,"Chromatin_Enriched",1.66900551763749,1.7479413066416,0.953395655760242,0.953395655760242,4,0.14959467055639,0.695198092259557,1.06034252045713,0.267042046346027,TRUE
"TRAFD1",1.14525411458968,0.000704039536509162,"Chromatin_Enriched",2.28978582027472,2.40901540209881,0.0815779654692853,0.0815779654692853,4,1.74603074945098,2.4952124702423,-0.497873307407732,0.266868540846446,TRUE
"APTX",0.837682781152763,0.00936178592858775,"Chromatin_Enriched",1.31507187524828,1.26938473238188,0.60642212921157,0.60642212921157,20,0.23467293711494,-0.331067790285162,0.440190340776313,0.266749753695832,TRUE
"NSUN3",0.924665780739717,0.00527165034272268,"Chromatin_Enriched",1.49071495634691,1.48493516043187,0.21469047364482,0.21469047364482,3,0.662093901536934,0.178226834604834,-0.259958867914441,0.266594498553806,TRUE
"USF1",1.05646932372365,0.00228769686820754,"Chromatin_Enriched",1.35822018193245,1.38730943997507,0.108241961968325,0.108241961968325,3,1.30975606223434,-0.20595497325929,-0.450216254973903,0.266242902136519,TRUE
"TAZ",0.895693250177327,0.00554807398222495,"Chromatin_Enriched",1.8377451718122,2.11133671196665,0.271354627618205,0.271354627618205,8,0.519727381486736,1.18447554252656,-0.158681981040957,0.265547010966343,TRUE
"TRA2A",0.847171492265643,0.00752814127166924,"Chromatin_Enriched",1.18906237182229,1.22909652018373,0.499173902781401,0.499173902781401,8,0.281298991335277,-0.696444908350386,0.248503608796659,0.264968974932257,TRUE
"PEX7",0.996044509699517,0.0177139398889571,"Chromatin_Enriched",1.9317462799032,1.9317462799032,0.137896156439649,0.137896156439649,1,1.01283790112406,1.4570411271485,-0.3972147665866,0.264259771495218,TRUE
"FNIP1",0.8712231454177,0.00668509854621971,"Chromatin_Enriched",1.80340615892947,1.83081285559385,0.34766139657444,0.34766139657444,8,0.399485083272917,1.08490615114595,-0.0222974863409807,0.26351996315395,TRUE
"MAP3K4",0.910347575113926,0.00822242902605331,"Chromatin_Enriched",1.82749798395782,1.83045458846902,0.234515591525827,0.234515591525827,13,0.591736460583772,1.15476279971977,-0.224525069294041,0.263411679772559,TRUE
"RAB24",1.07538474747445,0.00187440504805395,"Chromatin_Enriched",1.59038974614818,1.38586954060526,0.098703666194045,0.098703666194045,4,1.40270351978822,0.467243824999788,-0.467264226828407,0.263108323686641,TRUE
"RALGAPA1",0.831162359748167,0.0158919913991388,"Chromatin_Enriched",1.84113811882918,1.83553715796847,0.675538334497872,0.675538334497872,13,0.202632597986324,1.19431373067195,0.56372300848707,0.261616214863164,TRUE
"CDK5RAP1",0.869636753640031,0.00665056487984146,"Chromatin_Enriched",1.24595579513272,1.13022065058679,0.348907140613078,0.348907140613078,10,0.391689800208615,-0.531476755307541,-0.0200709450582192,0.26140329779681,TRUE
"BORA",0.913051558499988,0.00879516874106905,"Chromatin_Enriched",1.40081979902618,1.40081979902618,0.225640570972604,0.225640570972604,2,0.605023415415633,-0.0824331364040971,-0.240387557119957,0.261264070344717,TRUE
"PMAIP1",0.869190110576159,0.008883764511799,"Chromatin_Enriched",1.53904925875187,1.54961416572951,0.349182389937107,0.349182389937107,5,0.389495065490117,0.318376963255963,-0.0195789868677778,0.260772715057144,TRUE
"OPN3",0.903137203196759,0.00337658890701369,"Chromatin_Enriched",1.27336733372475,1.23693173580228,0.243129715157468,0.243129715157468,3,0.556305811683283,-0.4519942662874,-0.20912888734512,0.260052373124146,TRUE
"FGL1",1.00798518916638,0.0106956413907767,"Chromatin_Enriched",2.51740430041867,2.43067169291224,0.125768967874231,0.125768967874231,3,1.07151254740915,3.15521494650178,-0.418889914247151,0.25957949375089,TRUE
"CHD2",0.931709203869758,0.00387420855077664,"Chromatin_Enriched",2.01921223580509,1.87919309053432,0.193301163780869,0.193301163780869,18,0.696704189999851,1.71065738645724,-0.298188375698336,0.259493478471019,TRUE
"DHX34",1.01066416477331,0.00351362458791505,"Chromatin_Enriched",1.23034320071701,1.23034320071701,0.123443366575491,0.123443366575491,2,1.08467661789435,-0.576747029358624,-0.423046504315643,0.258743244702733,TRUE
"IMPACT",1.18655013117432,0.000396219712060934,"Chromatin_Enriched",1.63032226547164,1.71160258895659,0.0684692823954569,0.0684692823954569,3,1.94895296780641,0.583032145966084,-0.521302698294818,0.258305450124654,TRUE
"CEP290",0.990575580901096,0.00439892832778153,"Chromatin_Enriched",1.87858316146132,1.72837062121468,0.135160716313936,0.135160716313936,4,0.98596443352147,1.30288936497556,-0.402103869145004,0.258131419140354,TRUE
"ABTB1",0.934667557632016,0.00710834103991525,"Chromatin_Enriched",1.53611408951883,1.54727591599478,0.187153053132435,0.187153053132435,4,0.711241081394379,0.309866147434572,-0.309177007186941,0.257983468361998,TRUE
"NSUN2",1.00224084343189,0.00233179386042511,"Chromatin_Enriched",1.47814013720224,1.43516702002253,0.127246530674149,0.127246530674149,11,1.04328572371408,0.141764892811928,-0.416249039019295,0.25763781636678,TRUE
"MINK1",1.01763947958624,0.00387420855077664,"Chromatin_Enriched",1.90981581060183,1.914175528272,0.118584985906566,0.118584985906566,13,1.1189522326541,1.39345154498767,-0.431729977638586,0.257576138975845,TRUE
"DCUN1D2",0.839937125319407,0.0113681424743545,"Chromatin_Enriched",1.4410476761382,1.17419457372547,0.539630118890357,0.539630118890357,3,0.245750434584809,0.0342116039166433,0.320811749567991,0.25750178274369,TRUE
"SPAG1",0.913138899493705,0.00653296260409117,"Chromatin_Enriched",2.1458569200584,2.55798877097513,0.218378239341521,0.218378239341521,5,0.605452595507667,2.07787627465748,-0.25336765630902,0.257116385914744,TRUE
"RFX1",1.01795932000738,0.00450843829734521,"Chromatin_Enriched",1.75529131366964,1.35677880616172,0.117890874498879,0.117890874498879,3,1.12052387885984,0.94539236036656,-0.432970575751936,0.257001498026434,TRUE
"RNPS1",0.870828789595509,0.00466024394597447,"Chromatin_Enriched",1.35814178439174,1.50336530286025,0.331851620916282,0.331851620916282,9,0.397547279947593,-0.206182294744648,-0.0505545897926364,0.256833320697946,TRUE
"CHFR",0.870273118264475,0.00612110882412015,"Chromatin_Enriched",1.47577557539271,1.37242965690337,0.332284275577935,0.332284275577935,15,0.394816797240167,0.13490861010336,-0.0497812981408421,0.256116588155618,TRUE
"POLL",0.829214381012212,0.0202276120428365,"Chromatin_Enriched",1.14695212641722,1.02568007845695,0.675042983732311,0.675042983732311,7,0.193060532709786,-0.818547763204962,0.5628376589331,0.255268640887755,TRUE
"N4BP2L1",0.795178163914665,0.0485584053513174,"Chromatin_Enriched",0.989871476241734,0.999683836221743,5.03992740471869,5.03992740471869,4,0.0258118426647047,-1.27401876899812,8.36427604143694,0.255039029574037,TRUE
"UTP23",1.07659220506598,0.00163299087947321,"Chromatin_Enriched",1.51605387380295,1.51605387380295,0.092207653768255,0.092207653768255,2,1.40863677905407,0.2516995520052,-0.478874669576471,0.254840236627036,TRUE
"SPATA5L1",1.01565776592806,0.00352787405296721,"Chromatin_Enriched",1.61849263787491,1.45421924939649,0.116477789224895,0.116477789224895,3,1.10921439920377,0.548730961360453,-0.435496209109191,0.25416416052984,TRUE
"ARHGEF7",0.915229519737158,0.00645805487730415,"Chromatin_Enriched",1.68489355950538,1.65938409656918,0.209406877694815,0.209406877694815,14,0.615725579020998,0.741267053659768,-0.26940233634715,0.253906647234392,TRUE
"ZNF25",0.844229421166849,0.0150011066067025,"Chromatin_Enriched",1.23039053164894,1.12959475226007,0.482339147002785,0.482339147002785,11,0.266842110422731,-0.576609788602695,0.218414539482495,0.253681292102633,TRUE
"C2CD2",0.889566404632582,0.00694327408303638,"Chromatin_Enriched",1.73370454480695,1.73338420830909,0.262592410054214,0.262592410054214,4,0.489621013069518,0.882799371893875,-0.174342854004947,0.253545619006827,TRUE
"SAMD5",1.00152382573864,0.00675800458829435,"Chromatin_Enriched",2.67246200968923,2.67246200968923,0.123287671232877,0.123287671232877,1,1.03976241001587,3.60482023345816,-0.423324781471393,0.253169791016168,TRUE
"PRICKLE2",0.86647970815569,0.0164180659866998,"Chromatin_Enriched",1.93107073572555,1.93107073572555,0.340181557572862,0.340181557572862,2,0.376176568519103,1.45508231945509,-0.035666340462592,0.252950915200205,TRUE
"PHPT1",0.921765244119451,0.00549984069898143,"Chromatin_Enriched",1.11839202160363,1.17391752477184,0.196791360599121,0.196791360599121,4,0.647841114607736,-0.901360634494161,-0.291950282591107,0.25247726075402,TRUE
"METTL16",1.15581034537639,0.000584141816037347,"Chromatin_Enriched",2.34843383441047,2.26245264965039,0.0708880758356893,0.0708880758356893,7,1.79790242972118,2.66526823431215,-0.516979544194047,0.252437956519265,TRUE
"C14orf28",0.975917445692284,0.0129856787537818,"Chromatin_Enriched",1.35507523835432,1.35507523835432,0.138935810810811,0.138935810810811,1,0.913936631337949,-0.215074050708315,-0.395356573165322,0.251970759121608,TRUE
"RIOX2",1.00656031084066,0.00207639458229564,"Chromatin_Enriched",1.36991595012263,1.42057347030686,0.118935932581988,0.118935932581988,5,1.06451091638866,-0.172041927348471,-0.431102724176689,0.251603456439287,TRUE
"PRDM5",0.811434199390874,0.0231630614763297,"Chromatin_Enriched",1.57909272707631,1.71111280176086,1.19317118802619,1.19317118802619,7,0.105691478845491,0.434486991911955,1.48889774900133,0.251105582751878,TRUE
"RBM33",0.951101178679344,0.00573497597317141,"Chromatin_Enriched",1.73185497261691,1.69178554320872,0.15905561550812,0.15905561550812,7,0.791993345518965,0.877436352930405,-0.359396075366254,0.250969110698761,TRUE
"CAPN12",0.938642420748811,0.0118681100201946,"Chromatin_Enriched",1.66584911011033,1.66584911011033,0.170671426609913,0.170671426609913,2,0.730772942044086,0.686045773947409,-0.338634922072539,0.249721905873902,TRUE
"ZNF84",0.879081137171129,0.00675800458829435,"Chromatin_Enriched",1.53516786271596,1.53617645631117,0.281330046880286,0.281330046880286,4,0.438098035569569,0.307122468482842,-0.140852730319312,0.248243973627708,TRUE
"INPP5J",0.857923800544498,0.0349820721991029,"Chromatin_Enriched",1.21239869499152,1.21239869499152,0.366347777152504,0.366347777152504,1,0.33413416598014,-0.628778912739024,0.0111010261077957,0.24739574468605,TRUE
"DHRS3",0.87156474931091,0.00507457515219254,"Chromatin_Enriched",1.47079568662257,1.46924789423543,0.305012115801556,0.305012115801556,5,0.401163671803773,0.12046892612994,-0.0985253320103906,0.247345689592107,TRUE
"INTS2",0.95487713622164,0.00339763178110027,"Chromatin_Enriched",1.73447773593182,1.64743243515948,0.150798279507181,0.150798279507181,7,0.810547815036095,0.885041316645974,-0.37415456420624,0.247213688906731,TRUE
"OSBPL5",0.84655465943954,0.0108707568553428,"Chromatin_Enriched",1.57705619459483,1.4910342169671,0.432217048710602,0.432217048710602,9,0.278267970530383,0.428581862943917,0.128830389316177,0.245226590088974,TRUE
"ZNF692",0.843314448474032,0.0154178619253918,"Chromatin_Enriched",1.20647006104603,1.16868589260619,0.456656819802384,0.456656819802384,11,0.262346076569671,-0.645969577936254,0.172512042680998,0.244746935643675,TRUE
"TMEM68",0.815977666275579,0.00680272499061323,"Chromatin_Enriched",1.31558696047342,1.12748162462026,0.930911393862629,0.930911393862629,11,0.128017370190945,-0.329574249321962,1.02015598472048,0.24410328605232,TRUE
"ACTA2",0.987341620028386,0.00658064453868396,"Chromatin_Enriched",1.51851081485944,1.51851081485944,0.12254549192968,0.12254549192968,2,0.970073251547056,0.258823697550344,-0.424651292220411,0.24380125493797,TRUE
"CCT6P1",0.851514409189413,0.0206507553086917,"Chromatin_Enriched",1.25562427509122,1.25562427509122,0.392533779077866,0.392533779077866,2,0.302639411288336,-0.503442033740831,0.0579037500293312,0.2437172458105,TRUE
"FAM50B",1.01417179622959,0.00629160654681907,"Chromatin_Enriched",1.55682431995312,1.55682431995312,0.107247927253276,0.107247927253276,1,1.10191257465601,0.369917525345071,-0.451992911542913,0.243082125675849,TRUE
"CELSR3",1.06564121724157,0.00422854229780078,"Chromatin_Enriched",1.37987667708874,1.37987667708874,0.0871148270514463,0.0871148270514463,2,1.35482532394779,-0.143159806446764,-0.487977172642285,0.24292527017648,TRUE
"RAD51D",0.84246964374455,0.00764538966007032,"Chromatin_Enriched",1.34695615295632,1.38121256360146,0.445778834720571,0.445778834720571,8,0.258194837201771,-0.238616148275489,0.153069619432966,0.239893511436505,TRUE
"NDUFV1",0.949919643843529,0.00426982202872038,"Chromatin_Enriched",1.39271498299064,1.26171471357875,0.146094716712288,0.146094716712288,6,0.786187466652746,-0.105933858532198,-0.382561328689205,0.239643313304778,TRUE
"DPYSL4",0.994801165731454,0.00352787405296721,"Chromatin_Enriched",1.57040812971272,1.53141546976191,0.113697478991597,0.113697478991597,3,1.00672830177176,0.409305136020206,-0.440465508837963,0.239230505936158,TRUE
"PKD1P1",1.09650154337082,0.0279578799589248,"Chromatin_Enriched",1.18376729386849,1.18376729386849,0.0759465144230769,0.0759465144230769,1,1.50646817851911,-0.711798514785518,-0.507938503665816,0.239176720489064,TRUE
"AKR1B10",1.27468916503125,0.000191368819248928,"Chromatin_Enriched",1.28891937243195,1.29078376603161,0.0479097581660995,0.0479097581660995,9,2.38205450527054,-0.406899579550456,-0.558049114918762,0.23887617638222,TRUE
"AGER",0.83956090992107,0.02946592735937,"Chromatin_Enriched",1.25459404999905,1.21307442728817,0.466287730301842,0.466287730301842,6,0.243901770487787,-0.506429274106841,0.18972554654096,0.238462159448152,TRUE
"EGLN3",0.864133963245285,0.0213908998035857,"Chromatin_Enriched",1.08040064183362,1.08040064183362,0.311119501604682,0.311119501604682,2,0.364649941975361,-1.01152042779767,-0.0876094887884757,0.238169800990334,TRUE
"CLCN6",0.961982312050019,0.00479133669155206,"Chromatin_Enriched",1.25443845219399,1.25729543514189,0.133800959864986,0.133800959864986,4,0.845461546677618,-0.506880445455396,-0.404534186910279,0.237827212987077,TRUE
"ITGAM",0.950061805699546,0.010485367303144,"Chromatin_Enriched",3.25798478536867,3.25798478536867,0.141920555341304,0.141920555341304,2,0.786886027956579,5.30260189692576,-0.390021884248887,0.236299917560195,TRUE
"AQP3",0.920351021449173,0.0176044572933219,"Chromatin_Enriched",1.32392053435348,1.32392053435348,0.173845937982321,0.173845937982321,1,0.640891843824847,-0.305410221016992,-0.332961059381623,0.236025892366653,TRUE
"ZNF546",0.825967043827103,0.0228444712320993,"Chromatin_Enriched",1.54182013570535,1.54182013570535,0.627457299387689,0.627457299387689,2,0.177103621611598,0.326411397233171,0.477786888168373,0.235716949038665,TRUE
"GPATCH11",0.880705201301478,0.0142786355120737,"Chromatin_Enriched",1.55371905185398,1.55371905185398,0.248159113337888,0.248159113337888,2,0.446078434730016,0.360913490902938,-0.200139751271557,0.235264137557931,TRUE
"SELENOO",0.859261570897951,0.00984470613790743,"Chromatin_Enriched",1.08112883268035,1.05124640063683,0.323645220215141,0.323645220215141,3,0.340707761939847,-1.0094089658385,-0.0652220410324143,0.234806770177129,TRUE
"TUT7",0.830351070532052,0.0147000448964106,"Chromatin_Enriched",1.3059293730686,1.2844650787938,0.552440290758048,0.552440290758048,7,0.198646048651125,-0.35757738684332,0.343707605873962,0.234243549403996,TRUE
"DIPK1B",0.870617286658342,0.0115363665205732,"Chromatin_Enriched",1.22933332214446,1.22933332214446,0.275924460024878,0.275924460024878,2,0.396507987329365,-0.579675272962486,-0.150514235345877,0.233886994400508,TRUE
"THADA",0.8824746677842,0.0042351151330289,"Chromatin_Enriched",1.83031868290094,1.7517986677186,0.23953968722337,0.23953968722337,21,0.454773318490623,1.16294169752307,-0.215545410445864,0.233384080936102,TRUE
"RPS29",0.833339041276762,0.011492669784609,"Chromatin_Enriched",1.02293603852702,1.1065260295116,0.508587353534362,0.508587353534362,3,0.2133284733023,-1.17814477418486,0.265328442843322,0.232912176227803,TRUE
"UVSSA",0.857938007234324,0.0141062337843987,"Chromatin_Enriched",1.64906371551925,1.39296624520411,0.322627737226277,0.322627737226277,6,0.334203975449755,0.637374848862151,-0.067040607133432,0.232189009614345,TRUE
"ICE2",0.865784821607112,0.00865215800533039,"Chromatin_Enriched",1.21209014678674,1.21311122735856,0.289202934214535,0.289202934214535,11,0.372762003832125,-0.629673579020398,-0.126781373667751,0.232167897513782,TRUE
"ARRB2",0.886874212630899,0.00539659712024423,"Chromatin_Enriched",1.27258959876561,1.02048940059764,0.225658442090623,0.225658442090623,14,0.476391999271044,-0.454249386339959,-0.240355615741307,0.23184248573109,TRUE
"ZC3H12C",0.879837093449571,0.0105073991676874,"Chromatin_Enriched",1.90692821843852,1.90692821843852,0.243238496663154,0.243238496663154,2,0.441812687434035,1.38507868362331,-0.208934460154864,0.231803638774462,TRUE
"MAFF",0.874605011767469,0.0129356719858564,"Chromatin_Enriched",0.791697479723464,0.790282347571355,0.256660088801184,0.256660088801184,4,0.416103049813834,-1.84864402943207,-0.184945801129552,0.23108120403406,TRUE
"GDF15",1.00049052943064,0.00153252050872043,"Chromatin_Enriched",0.907693994484075,0.907693994484075,0.10318505219762,0.10318505219762,1,1.03468495227589,-1.51230057027596,-0.459254563019897,0.231045472590007,TRUE
"TGFB1I1",1.16477281508473,0.000228019628517863,"Chromatin_Enriched",1.41392198760828,1.41392198760828,0.0577150818530129,0.0577150818530129,2,1.84194261532678,-0.0444420343497392,-0.540523879153946,0.230551370427653,TRUE
"GFM2",0.893277704734336,0.00508296025043567,"Chromatin_Enriched",1.25045136475972,1.13548690514574,0.209163807799971,0.209163807799971,5,0.507857765955528,-0.518441402975247,-0.269836779650656,0.230461997027758,TRUE
"S100PBP",0.830398125074374,0.00820586736335822,"Chromatin_Enriched",1.17267434546707,1.02925302177035,0.532969960247531,0.532969960247531,6,0.198877267371509,-0.74396362461898,0.308907925260551,0.230212520603388,TRUE
"TRIO",0.883916324122784,0.0068438720948081,"Chromatin_Enriched",1.81086726508912,1.91760470586492,0.229074938117456,0.229074938117456,16,0.461857394063191,1.1065403723124,-0.234249249417091,0.229999949960989,TRUE
"SESTD1",1.02170521407292,0.00438871089412906,"Chromatin_Enriched",2.14981125034517,2.26979880729512,0.0925720258705168,0.0925720258705168,3,1.13893062111659,2.08934224956233,-0.478223420601714,0.22960086555012,TRUE
"TADA1",0.959571224895051,0.00479133669155206,"Chromatin_Enriched",2.02265313756353,2.02265313756353,0.125495590258111,0.125495590258111,2,0.833613838482044,1.7206346241565,-0.419378527099546,0.228708177277983,TRUE
"TRIM16L",0.87526018716812,0.00844918370472049,"Chromatin_Enriched",1.13217320158843,1.0652229470325,0.24894982013494,0.24894982013494,9,0.419322480081146,-0.861400729173668,-0.198726506438275,0.228462530839018,TRUE
"HGS",1.07615710776961,0.000549826123836475,"Chromatin_Enriched",1.70203884294767,1.50839715126602,0.0740537575425123,0.0740537575425123,10,1.40649877844573,0.790981512349257,-0.511321462927186,0.228206616383991,TRUE
"FOXK1",0.929445751185673,0.00447304956050174,"Chromatin_Enriched",1.85854742129948,1.84862399166354,0.1515579664438,0.1515579664438,6,0.685581934688478,1.24479373885529,-0.372796761741293,0.227931353538726,TRUE
"AKIRIN2",0.991796697274215,0.00467560235299135,"Chromatin_Enriched",1.09017463972135,0.96957026077487,0.104161712247325,0.104161712247325,3,0.991964809920864,-0.983179746475244,-0.457508960510517,0.227293591078201,TRUE
"MIA2",0.836934833880062,0.00860062250149605,"Chromatin_Enriched",1.33044493935969,1.29380750012927,0.444221314313413,0.444221314313413,17,0.230997640262075,-0.286492058232069,0.15028583449985,0.226510568584024,TRUE
"TEDC1",0.839782248817064,0.00962734341009762,"Chromatin_Enriched",1.16989027798442,1.06007622597961,0.418800990380322,0.418800990380322,11,0.244989395481626,-0.752036305850573,0.104851620967461,0.226497021459865,TRUE
"LINC01128",0.826951029682252,0.018814112526837,"Chromatin_Enriched",0.990497755292115,0.972110136350551,0.561785865425307,0.561785865425307,4,0.181938775436858,-1.27220281045284,0.360411123741506,0.22606484956005,TRUE
"C9orf72",0.872736460685497,0.00696393812747372,"Chromatin_Enriched",1.26461929851174,1.26461929851174,0.249544626593807,0.249544626593807,2,0.406921279705644,-0.477360066548195,-0.197663397890417,0.22532756022868,TRUE
"ZGPAT",0.843259971042355,0.00934595677922763,"Chromatin_Enriched",1.59854203600685,1.42493853593579,0.38659328252893,0.38659328252893,9,0.262078382922669,0.490882202211111,0.0472861910476604,0.225075256674238,TRUE
"SLC22A23",0.83798527580635,0.0179379422957191,"Chromatin_Enriched",1.9911668327001,1.92315487342827,0.427773046625506,0.427773046625506,9,0.236159348910148,1.62933694408684,0.120887542474253,0.224747195947346,TRUE
"KAT8",0.850655751267946,0.00798238736195328,"Chromatin_Enriched",1.40265809347501,0.958329184888039,0.336116190930535,0.336116190930535,3,0.298420099484365,-0.0771028183756362,-0.0429324451983587,0.223946229188835,TRUE
"USP48",0.853873381622051,0.0073863755779765,"Chromatin_Enriched",1.59358833840908,1.68836467021301,0.317617213191769,0.317617213191769,14,0.31423103582406,0.476518462153167,-0.0759960090981045,0.223388882777099,TRUE
"CAAP1",0.931867352323064,0.00492368557063303,"Chromatin_Enriched",1.36600949607926,1.32212104298788,0.142744188498234,0.142744188498234,4,0.697481306962417,-0.183369080312447,-0.388549789525672,0.223115892704933,TRUE
"TBC1D3L",1.13259546027859,0.00156106793064532,"Chromatin_Enriched",0.893513264927442,0.893513264927442,0.0590634441087613,0.0590634441087613,1,1.68382808617628,-1.55341900941422,-0.538113926440206,0.222994042584814,TRUE
"PLCXD1",0.829145224110401,0.00982650296845368,"Chromatin_Enriched",1.27369661412286,1.18375853809941,0.512019707036152,0.512019707036152,11,0.192720706424088,-0.45103948494454,0.271463151524825,0.222122488329144,TRUE
"INO80",0.91370991535028,0.00542257804425963,"Chromatin_Enriched",1.38080592632455,1.31297967756492,0.161154917421835,0.161154917421835,7,0.608258478832874,-0.140465355643357,-0.355643954359938,0.221386364674344,TRUE
"SYNE4",0.818270113676205,0.0432206217029758,"Chromatin_Enriched",1.52447114224031,1.52447114224031,0.703007518796993,0.703007518796993,2,0.139282101040825,0.276106261023238,0.61281918791782,0.221264959116375,TRUE
"PPARGC1B",0.857623342756879,0.00865215800533039,"Chromatin_Enriched",1.41068137585336,1.41068137585336,0.293316195372751,0.293316195372751,2,0.332657763028276,-0.0538385112152917,-0.11942966618091,0.22087769173534,TRUE
"TRPC1",0.837832118380374,0.010485367303144,"Chromatin_Enriched",1.38088950971166,1.36928305808193,0.414411216611944,0.414411216611944,5,0.235406757081516,-0.140222997279338,0.0970056973955844,0.220856515186697,TRUE
"EDRF1",0.849326299868322,0.00980325780017947,"Chromatin_Enriched",1.31358801559615,1.34845993087085,0.33407874477601,0.33407874477601,8,0.291887381573075,-0.335370389284192,-0.0465740102661002,0.220809159741947,TRUE
"STYXL1",0.81665169694467,0.0126888819099435,"Chromatin_Enriched",1.63229972203647,1.58273348389317,0.739647205189727,0.739647205189727,12,0.131329452321947,0.588765978424051,0.678305974778167,0.220383146325922,TRUE
"OTUD3",0.952378326782797,0.00759805032625849,"Chromatin_Enriched",2.0090150046265,2.0090150046265,0.12119454914468,0.12119454914468,1,0.798269053147809,1.6810894980125,-0.427065857161649,0.219938466385941,TRUE
"C19orf25",0.877058618720103,0.010485367303144,"Chromatin_Enriched",1.11532097497593,1.11532097497593,0.225221540558964,0.225221540558964,1,0.428159693698125,-0.91026544036804,-0.241136497902144,0.219580037594434,TRUE
"AP1M2",1.14200772314281,0.00126213511006981,"Chromatin_Enriched",1.11784319542305,1.11067785605141,0.0553256371160967,0.0553256371160967,4,1.73007848556377,-0.902952010721561,-0.544794577776301,0.218766650194525,TRUE
"KANSL3",0.841374150094884,0.00686325151416055,"Chromatin_Enriched",1.51815344171185,1.51823821116559,0.37841933478396,0.37841933478396,11,0.252811751374863,0.257787458479557,0.0326767435746436,0.218710830528399,TRUE
"C10orf88",0.923395995976972,0.00773236276232143,"Chromatin_Enriched",1.40153718689305,1.40153718689305,0.145359749739312,0.145359749739312,1,0.655854376221895,-0.0803529987620517,-0.383874948707476,0.218328683403083,TRUE
"OTULIN",1.11555998578255,0.00135018899119403,"Chromatin_Enriched",2.18356248491253,2.18356248491253,0.0593394949078707,0.0593394949078707,2,1.60011840758323,2.18720731911725,-0.537620535758579,0.21788783593718,TRUE
"C1D",0.871816961031277,0.00872546510283024,"Chromatin_Enriched",1.56996099244986,1.58457712914703,0.23525713151102,0.23525713151102,7,0.402403001066615,0.408008616947897,-0.223199701209876,0.217563985694275,TRUE
"ZZEF1",0.953115627791497,0.00498879590670351,"Chromatin_Enriched",2.0593685508142,1.80927777626687,0.118044939584948,0.118044939584948,11,0.801892035911158,1.82709462532601,-0.432695212383761,0.217553782928249,TRUE
"MYSM1",0.969106321308468,0.00485014602341306,"Chromatin_Enriched",2.24571091373683,2.24571091373683,0.107371794871795,0.107371794871795,2,0.880467822872468,2.36741288456052,-0.451771520665113,0.217413673062067,TRUE
"HOMER2",0.929070132854365,0.00645805487730415,"Chromatin_Enriched",1.74538177632987,1.3320595587308,0.138115514794192,0.138115514794192,3,0.683736204486202,0.916658668889918,-0.396822703356147,0.217295395563319,TRUE
"CCDC88B",0.891714627672299,0.0124050750731752,"Chromatin_Enriched",1.06024289828742,1.06024289828742,0.187656798795785,0.187656798795785,1,0.500177047786527,-1.06996981489439,-0.30827665327741,0.216635204455262,TRUE
"BTG3",0.948555415251294,0.00501763930272176,"Chromatin_Enriched",1.97337767063275,1.97337767063275,0.119072988811934,0.119072988811934,2,0.779483859012701,1.57775549513064,-0.430857761050582,0.215424549231631,TRUE
"PLEKHA3",1.07387204348832,0.00151486413466622,"Chromatin_Enriched",1.77887354405911,1.77887354405911,0.0659959503923057,0.0659959503923057,2,1.39527032709877,1.01377138847942,-0.52572333017439,0.214571889224878,TRUE
"HDAC5",1.01173577645127,0.00375926752957048,"Chromatin_Enriched",1.50293464095611,1.62166940563605,0.0844273510595022,0.0844273510595022,5,1.08994235141762,0.213659028405985,-0.492780548020291,0.214500519274144,TRUE
"HNRNPLL",0.924867889003354,0.00506404170801687,"Chromatin_Enriched",1.64071288464431,1.18382665124487,0.138664446729674,0.138664446729674,6,0.663087030187033,0.613160782180044,-0.395841587189528,0.214413847704046,TRUE
"SLC25A15",1.03128754148692,0.00268205963278007,"Chromatin_Enriched",1.90179889680746,1.77348433216486,0.077088948787062,0.077088948787062,4,1.18601669131591,1.3702057041715,-0.505896609668845,0.21380923737932,TRUE
"VARS2",0.974979162339698,0.00409609740047033,"Chromatin_Enriched",1.54997743898039,1.5291370410276,0.100147968792037,0.100147968792037,5,0.90932605251947,0.350064311345057,-0.46468279817253,0.213385984930484,TRUE
"ASPSCR1",0.853539930286904,0.00754249711016069,"Chromatin_Enriched",1.22517026149533,1.1595539868025,0.286565795506648,0.286565795506648,12,0.312592507698644,-0.591746482363,-0.131494780290107,0.211634496996685,TRUE
"BCAT2",0.836994290149784,0.0102717457964487,"Chromatin_Enriched",1.55695170165571,1.50660103613756,0.383995792320986,0.383995792320986,6,0.231289799146756,0.370286881291417,0.042643648920083,0.210730052056084,TRUE
"GRB14",0.844184673008431,0.0183636246316834,"Chromatin_Enriched",1.29351892691112,1.33524703527726,0.330288801698077,0.330288801698077,6,0.266622224915012,-0.39356271277222,-0.0533478453884082,0.209836049301895,TRUE
"OSGIN2",1.01154865590246,0.00180445576845769,"Chromatin_Enriched",1.43575471996615,1.4027198596828,0.0806717187747976,0.0806717187747976,4,1.08902287007282,0.0188641497992298,-0.499493058829419,0.209586911225197,TRUE
"CAMK2D",0.847125117196223,0.00811328673428284,"Chromatin_Enriched",1.67806322647959,1.43815827918282,0.312355030071638,0.312355030071638,15,0.281071111439311,0.721461822081684,-0.0854012059852827,0.209516079891132,TRUE
"EPB41",0.82938357889897,0.0115064473987888,"Chromatin_Enriched",1.69903567325939,1.67042578343179,0.452020909175768,0.452020909175768,12,0.193891944873998,0.782273522428407,0.164226194165411,0.209336109168727,TRUE
"GLRX2",0.860225974067113,0.00752671328295823,"Chromatin_Enriched",1.53876455907501,1.34900802494402,0.2532990815357,0.2532990815357,3,0.345446689484451,0.317551448158954,-0.190952991367797,0.209166595284667,TRUE
"TFPI",0.870919416936265,0.00532980954619857,"Chromatin_Enriched",1.53072596723371,1.68616859695928,0.216626586164552,0.216626586164552,10,0.397992608639094,0.294242749684447,-0.256498418320024,0.207624396601425,TRUE
"DNTTIP2",1.26828797911731,7.81920143363509e-05,"Chromatin_Enriched",1.6679653670307,1.31106526644592,0.0366680277664353,0.0366680277664353,3,2.35060007084343,0.692182071874347,-0.578141666878221,0.20759560287428,TRUE
"GCLC",0.951959272278099,0.00463024211181453,"Chromatin_Enriched",1.36626271674938,1.30912380770942,0.1079877735624,0.1079877735624,13,0.796209884328684,-0.182634841733846,-0.450670570597207,0.207341424583982,TRUE
"PCSK9",0.90065629323342,0.0088670246026619,"Chromatin_Enriched",1.36505399923307,1.2548637573104,0.157673327400696,0.157673327400696,6,0.544115005040492,-0.186139638678984,-0.361866664380041,0.207114006447392,TRUE
"HENMT1",0.99324182860428,0.0122246650910452,"Chromatin_Enriched",1.19259480579002,1.19259480579002,0.0858294157152451,0.0858294157152451,1,0.999065961062419,-0.686202263884733,-0.490274612017158,0.207061884105908,TRUE
"PRELID3A",0.828684974522231,0.0167390481495162,"Chromatin_Enriched",1.62533849130093,1.8042004572442,0.447375541125541,0.447375541125541,3,0.190459111356263,0.568581195886329,0.155923442222278,0.206405847791794,TRUE
"PAXX",0.818732948189522,0.0145336418962826,"Chromatin_Enriched",1.20667958393613,1.18082516295495,0.597749098335723,0.597749098335723,8,0.141556398029767,-0.645362045427441,0.424688872824,0.2056881247009,TRUE
"DHODH",0.919258560725706,0.00647543933762604,"Chromatin_Enriched",1.40463906629438,1.18242821821682,0.132691820714105,0.132691820714105,5,0.635523661326718,-0.0713587901870755,-0.406516571759147,0.205339708444734,TRUE
"ESCO1",0.841334220937058,0.0172078160793152,"Chromatin_Enriched",1.51843907951624,1.22646041209889,0.333608701638441,0.333608701638441,3,0.252615545688378,0.258615693770864,-0.0474141270300697,0.20527389533351,TRUE
"UBXN8",0.862523504030298,0.0116944557686862,"Chromatin_Enriched",0.938419273344985,0.90459359413516,0.236193800041059,0.236193800041059,3,0.356736395258178,-1.42320956097329,-0.221525576280749,0.205254628216976,TRUE
"ZNF410",0.85160816751244,0.00852665747433616,"Chromatin_Enriched",1.20366313203197,1.11241393289507,0.276647433950805,0.276647433950805,11,0.30310012514094,-0.654108548457431,-0.149222050721663,0.204758237746872,TRUE
"CHKB-CPT1B",0.8687293868375,0.044945033230402,"Chromatin_Enriched",1.48216339117177,1.36781570268097,0.215156215377797,0.215156215377797,11,0.387231140520355,0.15343071880652,-0.259126439130184,0.204101918989984,TRUE
"ARID4A",0.871511924317029,0.011798795416224,"Chromatin_Enriched",1.32312404396188,1.32173904116829,0.206413890857548,0.206413890857548,3,0.400904097979722,-0.307719724315837,-0.274751756890412,0.203411128904898,TRUE
"GCLM",0.950503412325965,0.00300710168751742,"Chromatin_Enriched",1.32725480426359,1.34517586481084,0.104811382085757,0.104811382085757,6,0.789056014402844,-0.295742172992954,-0.456347793633078,0.203349516120202,TRUE
"ADRA1D",0.874905885730131,0.00939945535503245,"Chromatin_Enriched",1.82490985194827,1.82490985194827,0.196913714409911,0.196913714409911,1,0.417581497785289,1.14725825292678,-0.291731597369763,0.202765287706939,TRUE
"USP16",0.939247432172517,0.00325509805611527,"Chromatin_Enriched",1.44466915670945,1.43111710601286,0.112030294203321,0.112030294203321,8,0.733745874311709,0.0447124478869541,-0.443445298940868,0.202733527283493,TRUE
"MAP9",1.200352921804,0.000584222996719641,"Chromatin_Enriched",1.63731813587493,1.63731813587493,0.0406149008647043,0.0406149008647043,1,2.01677773943612,0.603317369673933,-0.571087347837913,0.202374934161003,TRUE
"SDSL",0.977467646603703,0.00694970517690996,"Chromatin_Enriched",1.61920400216029,1.61920400216029,0.0886154191953248,0.0886154191953248,2,0.921554078100569,0.550793633027445,-0.485295136643473,0.202069172490564,TRUE
"SIX5",1.10728294732273,0.00138717748716718,"Chromatin_Enriched",1.53734467022164,1.53734467022164,0.0523020665964873,0.0523020665964873,2,1.55944632478712,0.313434338868672,-0.550198661098755,0.20194339000406,TRUE
"GOSR1",0.913454343641421,0.00436871584957423,"Chromatin_Enriched",1.75833988270468,1.89403400047817,0.133982898380804,0.133982898380804,9,0.607002639107891,0.954231990219551,-0.404209004847328,0.201653134010449,TRUE
"STAMBPL1",0.887838867163464,0.00422854229780078,"Chromatin_Enriched",1.37867311216049,1.41529545710023,0.16875667022412,0.16875667022412,6,0.481132161976411,-0.146649662949113,-0.342057201455117,0.201487296861205,TRUE
"TUBGCP5",0.814887081262714,0.013216625759634,"Chromatin_Enriched",1.41450759020532,1.25463660681359,0.661291013449842,0.661291013449842,13,0.122658404643696,-0.0427440212362958,0.53825850896045,0.201386321177694,TRUE
"VPS16",0.930727075286592,0.00479034038084962,"Chromatin_Enriched",1.35156484331212,1.17410351144617,0.117218278969615,0.117218278969615,9,0.691878162520958,-0.225252791112155,-0.434172718139183,0.201371258459799,TRUE
"DZIP3",0.903883467726119,0.00645805487730415,"Chromatin_Enriched",1.29443080055192,1.30855945256432,0.142982658959538,0.142982658959538,4,0.55997283979645,-0.390918644238831,-0.388123566874515,0.200082989755776,TRUE
"DTD2",0.885909316339052,0.0120247607584399,"Chromatin_Enriched",1.3083915944731,1.3083915944731,0.169710372378371,0.169710372378371,2,0.471650648598075,-0.350437930402701,-0.340352632015459,0.200055001444702,TRUE
"DENND6A",0.925408071897749,0.00589311068663377,"Chromatin_Enriched",1.68824328037855,1.47758644263221,0.119646017699115,0.119646017699115,4,0.66574140511987,0.750979903291621,-0.429833575958018,0.199566164391669,TRUE
"NFKB2",0.941024602131517,0.0108289087749192,"Chromatin_Enriched",1.58439336946643,1.47627924304968,0.106904429669758,0.106904429669758,10,0.742478611759539,0.44985673298498,-0.452606851105544,0.199216280123071,TRUE
"LUC7L",0.881752588804388,0.00528094508750551,"Chromatin_Enriched",1.46743731080448,1.51055149385601,0.175830569616571,0.175830569616571,9,0.451225134415508,0.110730980622419,-0.329413890679486,0.199172252597585,TRUE
"FBXL6",0.839662132495305,0.0126231173162911,"Chromatin_Enriched",1.38322387302737,1.32948464247186,0.32417359561955,0.32417359561955,7,0.244399162512737,-0.133454278114323,-0.0642776659326966,0.199032353247105,TRUE
"SMNDC1",1.01523971718807,0.00227080482240033,"Chromatin_Enriched",1.23966620633425,1.23966620633425,0.0714384222865812,0.0714384222865812,2,1.10716017255638,-0.549714045087446,-0.515995899837963,0.198863993656427,TRUE
"FUS",0.884336599722023,0.00686325151416055,"Chromatin_Enriched",1.16605361949191,1.08963884251264,0.169633220067959,0.169633220067959,13,0.463922563151436,-0.763161079656377,-0.340490527761988,0.198364157863208,TRUE
"NAMPT",1.25967207235499,0.000245500990583784,"Chromatin_Enriched",1.64529102248774,1.41159963435954,0.0340511658546365,0.0340511658546365,9,2.30826284178479,0.626435549287752,-0.582818832409171,0.198241066459133,TRUE
"NAPA",0.851064950131362,0.00477855172176347,"Chromatin_Enriched",1.78107915531388,1.58386928263507,0.261259938324697,0.261259938324697,10,0.300430839211348,1.02016677820741,-0.176724405288246,0.198104192942999,TRUE
"NAT9",0.827734603678251,0.010356670240949,"Chromatin_Enriched",1.20642102078419,1.13771477286001,0.421492679254255,0.421492679254255,15,0.185789136480467,-0.646111775064666,0.1096625261071,0.197874658447572,TRUE
"UAP1",0.895462062726819,0.00782658379797613,"Chromatin_Enriched",1.36764493096129,0.949085751150874,0.150361734482282,0.150361734482282,3,0.518591362224034,-0.17862697382259,-0.374934809175972,0.19745416773461,TRUE
"ASTN2",0.823164981160828,0.0219517939619689,"Chromatin_Enriched",1.97045344702118,1.65638818778859,0.475518105215213,0.475518105215213,8,0.163334720413924,1.56927641722995,0.206223165764929,0.197064224007157,TRUE
"IRF5",0.866514533827992,0.0169462386688268,"Chromatin_Enriched",1.36845644008149,1.2813277281061,0.204700061842919,0.204700061842919,3,0.376347696469538,-0.176273922222813,-0.27781491507886,0.196263084585149,TRUE
"FBXO9",0.885181374583996,0.00798238736195328,"Chromatin_Enriched",1.84188229287848,1.28825646712709,0.164088749855173,0.164088749855173,4,0.468073655755031,1.19647153752048,-0.350400261573199,0.195966350444386,TRUE
"DDX23",1.23836821332931,0.00021077578036422,"Chromatin_Enriched",1.70748337356973,1.56971222392202,0.0347694308453755,0.0347694308453755,12,2.20357898385961,0.806768471696128,-0.581535064151616,0.195725812160315,TRUE
"SENP3-EIF4A1",1.40419855442203,0.000637169163445015,"Chromatin_Enriched",1.23018232367948,1.02575597690115,0.0253660094949056,0.0253660094949056,10,3.01844355115271,-0.577213508368038,-0.598341972462336,0.195660251173272,TRUE
"DDX46",0.960832995074066,0.00351362458791505,"Chromatin_Enriched",1.64413683361668,1.41965239297205,0.0907836757027353,0.0907836757027353,8,0.839813981376109,0.623088863585921,-0.481419771820823,0.195245230589471,TRUE
"NNMT",0.850091808112015,0.015311287731542,"Chromatin_Enriched",0.960785164616811,0.960785164616811,0.257520873474631,0.257520873474631,2,0.295648970312782,-1.35835742939847,-0.183407304816062,0.195109944745037,TRUE
"KDM2B",0.861749842261212,0.00447304956050174,"Chromatin_Enriched",1.53862563651084,1.54650864149682,0.215518028297581,0.215518028297581,9,0.352934741359722,0.317148628333849,-0.258479764229444,0.195017690961056,TRUE
"SNRPE",0.841691487160784,0.0107997639920755,"Chromatin_Enriched",0.918038546701492,0.922355349151875,0.298496839314391,0.298496839314391,8,0.254371096481354,-1.48230550979153,-0.110170205770439,0.194844769384016,TRUE
"AKAP17A",0.873248177404245,0.00680272499061323,"Chromatin_Enriched",1.11935631363595,1.11743811231304,0.185279117081464,0.185279117081464,5,0.409435776267922,-0.898564573608578,-0.312526327632658,0.194756128438214,TRUE
"SCYL3",0.864781228177642,0.0137447021426922,"Chromatin_Enriched",1.97277623351827,1.97277623351827,0.204111997835791,0.204111997835791,1,0.367830501428798,1.57601156825518,-0.278865972718444,0.193750636788079,TRUE
"SARNP",0.899041689690556,0.00698061933846579,"Chromatin_Enriched",1.72251776562619,1.54340442519415,0.139587833498745,0.139587833498745,6,0.536181093739121,0.850362190361007,-0.394191200996599,0.193448129013996,TRUE
"MAP3K21",0.827710992255378,0.0104557788640738,"Chromatin_Enriched",1.51475983578083,1.5603914522464,0.401748633879781,0.401748633879781,4,0.185673113611819,0.247947359747208,0.0743736298720184,0.193124208401942,TRUE
"SESN2",0.956616120446146,0.00686325151416055,"Chromatin_Enriched",1.96037083522354,1.96037083522354,0.0910558605101711,0.0910558605101711,1,0.819092913709198,1.54004087910758,-0.480933290897375,0.19311034422782,TRUE
"VPS52",0.874312080017201,0.0073863755779765,"Chromatin_Enriched",1.41806642691487,1.45703410950995,0.179624664879357,0.179624664879357,9,0.414663628641835,-0.0324248193884486,-0.322632634280655,0.192981625203603,TRUE
"QTRT2",0.829855983329446,0.00909487902658966,"Chromatin_Enriched",1.57548875564123,1.57141985824035,0.374794325610353,0.374794325610353,8,0.196213266951072,0.424036917427602,0.0261976978597241,0.191754555438366,TRUE
"KMT5A",0.829658159194147,0.0103219628149257,"Chromatin_Enriched",1.26152327628544,1.23334958345874,0.37628729281768,0.37628729281768,10,0.195241189842936,-0.486337291660212,0.0288661056688884,0.191659566383342,TRUE
"FBXL15",0.855778984746956,0.0105642045298946,"Chromatin_Enriched",1.15748344883583,1.15748344883583,0.226800429953422,0.226800429953422,2,0.323594873922541,-0.788011143901582,-0.238314519784137,0.19156129115293,TRUE
"ANKRD12",0.814267301503857,0.0193813303665789,"Chromatin_Enriched",1.91026938063619,1.80305062388405,0.61283851554664,0.61283851554664,7,0.11961290306847,1.39476671652228,0.451658466344705,0.191446329237081,TRUE
"MDM1",0.815819984720946,0.0161906486930381,"Chromatin_Enriched",1.26509260507215,1.29637238218932,0.572141014617369,0.572141014617369,10,0.127242547496018,-0.475987666988612,0.378919072766477,0.190788731620699,TRUE
"BRICD5",0.926233614749895,0.0104261760263264,"Chromatin_Enriched",1.33955549525788,1.33955549525788,0.107815706024995,0.107815706024995,2,0.669797994611052,-0.260075093102063,-0.450978110078489,0.190019398592771,TRUE
"TFIP11",0.896400354531116,0.0103219628149257,"Chromatin_Enriched",1.01938248999256,1.01809033692012,0.137774948723389,0.137774948723389,3,0.52320198257291,-1.1884486424418,-0.397431403372065,0.189847473410839,TRUE
"FRK",0.89456367249009,0.0188429948177198,"Chromatin_Enriched",1.89907909427603,2.15576505485636,0.139940298507463,0.139940298507463,3,0.514176811987396,1.36231936557306,-0.393561233789614,0.189676114146104,TRUE
"FAM204A",0.907021096450082,0.00565220967158024,"Chromatin_Enriched",0.973805421848665,0.973805421848665,0.123433160699542,0.123433160699542,1,0.575390660538005,-1.32060389546254,-0.42306474546585,0.188444007422899,TRUE
"GLB1L2",0.884223942104795,0.00765506374176972,"Chromatin_Enriched",1.11699692617559,1.11699692617559,0.15239852398524,0.15239852398524,1,0.463368981099382,-0.905405852775829,-0.37129441775368,0.18790522714934,TRUE
"GGA1",0.827725952498186,0.0116727339741539,"Chromatin_Enriched",1.27824734506265,1.23872958895956,0.379716185980936,0.379716185980936,9,0.185746625923872,-0.437844186886331,0.0349946296235477,0.187791107822815,TRUE
"AP4E1",0.922110216418065,0.00453643866134782,"Chromatin_Enriched",2.3588393366002,2.3588393366002,0.108552033456573,0.108552033456573,2,0.649536254960134,2.69544002531787,-0.449662058487482,0.187761126540732,TRUE
"ZNF8",0.851485851907823,0.00757379965957197,"Chromatin_Enriched",1.33763027279297,1.33763027279297,0.231129315389116,0.231129315389116,1,0.30249908523731,-0.2656574675797,-0.230577423051606,0.18697112942475,TRUE
"SULT2B1",1.07765424107679,0.00506404170801687,"Chromatin_Enriched",1.74360208495171,1.7270510803914,0.0493951612903226,0.0493951612903226,3,1.41385545923464,0.911498276307478,-0.555394226534756,0.186865751878318,TRUE
"PRRT3",0.908889614211477,0.0182228041405485,"Chromatin_Enriched",1.0736801894711,1.0736801894711,0.119391824526421,0.119391824526421,1,0.58457226691405,-1.03100704943773,-0.430287900101057,0.186806249245594,TRUE
"BRSK1",0.896797190134766,0.0156281202952997,"Chromatin_Enriched",2.16698468465599,2.16698468465599,0.131029763941156,0.131029763941156,1,0.525151971159582,2.13913833450172,-0.409487196465734,0.185486574735576,TRUE
"HSD17B7P2",0.803117728912916,0.0284184004484402,"Chromatin_Enriched",1.56691838437235,1.56691838437235,1.05996822875298,1.05996822875298,2,0.064825633230195,0.399186271485548,1.2508216445939,0.18535521523928,TRUE
"MAPK6",0.949984938438741,0.00281334651331414,"Chromatin_Enriched",1.73402380171402,1.67792109270064,0.087307737466244,0.087307737466244,3,0.786508314163059,0.883725089125171,-0.487632380302045,0.185294713103162,TRUE
"ZDHHC6",0.82770857184766,0.0115225832068044,"Chromatin_Enriched",1.17336066379542,1.12462998852478,0.366532051646664,0.366532051646664,8,0.185661220103822,-0.741973576201429,0.0114303833078954,0.184459735329796,TRUE
"INPP5K",0.986670201970608,0.00375926752957048,"Chromatin_Enriched",1.5817841940655,1.63952058944033,0.0702746365105008,0.0702746365105008,4,0.966774007382695,0.442291168780683,-0.518075955607338,0.184309104436839,TRUE
"ADPRHL1",0.894591731909598,0.0121551597118539,"Chromatin_Enriched",1.61317319616515,1.61317319616515,0.131155303030303,0.131155303030303,1,0.514314691621396,0.533306709785892,-0.40926281813767,0.183650618338928,TRUE
"BRAT1",0.891349427922893,0.00752454939049893,"Chromatin_Enriched",1.52884587066556,1.4264050415635,0.134085643823332,0.134085643823332,8,0.498382512879257,0.288791222243449,-0.404025366024017,0.182792149872068,TRUE
"YY1AP1",0.837321586327113,0.00811328673428284,"Chromatin_Enriched",1.4486110294959,1.24977855518697,0.28663777405492,0.28663777405492,9,0.232898081781637,0.0561423010276631,-0.131366131704017,0.182698368552581,TRUE
"C1S",0.912339728126763,0.00845894233949815,"Chromatin_Enriched",1.47663768766808,1.11162320292971,0.110929633433801,0.110929633433801,7,0.6015255914032,0.13740839059659,-0.445412530222449,0.18265680025037,TRUE
"HABP4",0.915190197514009,0.0070943303313196,"Chromatin_Enriched",1.38732159668615,1.35939066502708,0.107983997216907,0.107983997216907,4,0.615532355717348,-0.12157251983129,-0.450677320129114,0.182301459383487,TRUE
"ACACB",0.855023407265415,0.00686325151416055,"Chromatin_Enriched",1.77248918976869,1.88812379505437,0.20734701895688,0.20734701895688,9,0.319882083407276,0.995259316707699,-0.273083959838347,0.182107930102199,TRUE
"EIF3M",0.881654043073323,0.0104451002416951,"Chromatin_Enriched",1.31738188675485,1.09169463261947,0.14689708141321,0.14689708141321,7,0.450740895982579,-0.324369681618577,-0.381127247469448,0.181951260085519,TRUE
"ATP6V1G2-DDX39B",0.886702027721978,0.0348355936590436,"Chromatin_Enriched",1.13107660218139,0.908309525373889,0.13719802725069,0.13719802725069,5,0.475545909343364,-0.864580428483031,-0.398462545754477,0.18061555944747,TRUE
"NAIF1",0.950489874000376,0.00622870642868838,"Chromatin_Enriched",1.94753687169457,1.94753687169457,0.0823317307692308,0.0823317307692308,1,0.788989489171392,1.50282752233626,-0.496526088793163,0.180220517980351,TRUE
"CYP27C1",0.813645063600734,0.0191080162679166,"Chromatin_Enriched",2.07546126949616,2.28592504975916,0.555168408826945,0.555168408826945,5,0.116555322553707,1.87375706755447,0.348583621585254,0.179871944675167,TRUE
"KRT4",1.35456433249757,0.000853831504669215,"Chromatin_Enriched",2.54307000514498,2.54307000514498,0.0233210671573137,0.0233210671573137,1,2.774548685443,3.22963521617232,-0.601996935596249,0.179868613471685,TRUE
"MMS22L",0.825364862162591,0.010485367303144,"Chromatin_Enriched",1.81494841395479,1.50150992867107,0.366108648183683,0.366108648183683,9,0.174144594341613,1.11837407033034,0.0106736264940141,0.178543890994489,TRUE
"NT5DC3",0.885589591085461,0.00518271994779145,"Chromatin_Enriched",1.7841172335854,1.79895157578851,0.135545556805399,0.135545556805399,5,0.470079568307802,1.02897598904567,-0.401416036640939,0.178489771176282,TRUE
"DIP2C",0.819248520395506,0.0124050750731752,"Chromatin_Enriched",1.89477879825146,1.8032193920022,0.442200409575595,0.442200409575595,9,0.144089839858139,1.34985022851939,0.146673834211092,0.178488915903693,TRUE
"RRN3",0.927479401659721,0.00597165811375496,"Chromatin_Enriched",1.32482731676163,1.22890606435327,0.0940583178665625,0.0940583178665625,14,0.675919598200151,-0.30278091502028,-0.475566943520715,0.17829169977841,TRUE
"TMEM18",0.866983315215018,0.00890239276161208,"Chromatin_Enriched",1.36547946864964,1.46804603540366,0.167342373829163,0.167342373829163,6,0.378651215473219,-0.18490594768722,-0.344584999471212,0.177994934268628,TRUE
"PUF60",0.866126077749743,0.00930109177309883,"Chromatin_Enriched",1.45891870275263,1.483560943885,0.16797142177417,0.16797142177417,10,0.37443888357059,0.0860304272888202,-0.34346069048401,0.1773344744274,TRUE
"NUP160",0.899330146568313,0.00589083165230446,"Chromatin_Enriched",1.73127879225755,1.74079188738447,0.116793620869742,0.116793620869742,15,0.537598526081884,0.875765660534485,-0.434931717388707,0.177183631348017,TRUE
"CCNYL1",0.83786921911403,0.00973020832512585,"Chromatin_Enriched",1.58066104044968,1.54378099395684,0.263266686710764,0.263266686710764,8,0.235589064330465,0.439034472895579,-0.173137706907915,0.176100471878372,TRUE
"DUSP23",0.950059955322085,0.00675800458829435,"Chromatin_Enriched",1.11523307257302,1.11523307257302,0.0781524692344574,0.0781524692344574,1,0.786876935488825,-0.910520322148962,-0.503995759969596,0.175351611757769,TRUE
"UHRF1BP1",0.925292681327082,0.00967695184101762,"Chromatin_Enriched",2.58332284395053,2.58332284395053,0.0922344110854503,0.0922344110854503,2,0.66517439375864,3.34635233541208,-0.478826845730236,0.17514560867668,TRUE
"MREG",0.801741951480998,0.0215284166632947,"Chromatin_Enriched",1.15115039565389,1.14634830126364,1.04221279876638,1.04221279876638,4,0.0580652763837683,-0.806374462994655,1.21908703729724,0.173948805990542,TRUE
"VAV3",0.864324347639392,0.0154054195048722,"Chromatin_Enriched",0.955243868626078,0.955243868626078,0.16262762947472,0.16262762947472,2,0.365585461349567,-1.37442496957911,-0.353011748961667,0.172415627119037,TRUE
"CERS4",0.853287527108511,0.0230839205243881,"Chromatin_Enriched",1.26829022361671,1.26829022361671,0.189615784008307,0.189615784008307,1,0.311352237640768,-0.466715853222835,-0.304775322897562,0.171809922069412,TRUE
"MTX3",0.999998809346443,0.00198092104504247,"Chromatin_Enriched",1.26732310613406,1.26732310613406,0.0569033178737067,0.0569033178737067,1,1.03226871607329,-0.46952010678335,-0.541974759877212,0.171376070210811,TRUE
"DENND4B",0.906907598394601,0.00799428980119751,"Chromatin_Enriched",1.90790739920054,1.85840289846555,0.101708302718589,0.101708302718589,9,0.574832948702772,1.38791791586504,-0.461893984584339,0.17097555901251,TRUE
"HADH",0.879571958881356,0.00839352654334728,"Chromatin_Enriched",1.90668754140193,1.75889825327481,0.13227271341928,0.13227271341928,5,0.440509857301869,1.38438081656073,-0.407265649952492,0.170686018925479,TRUE
"ZNF653",0.877019093838598,0.00987189701209201,"Chromatin_Enriched",1.59623311629394,1.59623311629394,0.135623003194888,0.135623003194888,1,0.427965474562756,0.484187259309106,-0.401277615281454,0.170355456214244,TRUE
"CHCHD6",0.85483569920702,0.011223501913672,"Chromatin_Enriched",1.57252867814513,1.46360102660289,0.181289045826704,0.181289045826704,5,0.318959715131521,0.415453877614169,-0.319657855534322,0.170035146974605,TRUE
"AMPD2",0.886835680059172,0.00711162410519678,"Chromatin_Enriched",1.47827173076543,1.72450657690014,0.121263126161885,0.121263126161885,3,0.476202656191966,0.142146461467989,-0.426943288194734,0.169920308933969,TRUE
"SDAD1",0.926251532291585,0.0030235394276402,"Chromatin_Enriched",1.76479593632134,1.70936471514633,0.0858717725558457,0.0858717725558457,6,0.669886038630982,0.972951961335962,-0.490198906855199,0.169594076470342,TRUE
"WBP2",0.87485108537543,0.00447304956050174,"Chromatin_Enriched",1.70255728306447,1.56089536233098,0.137475279089622,0.137475279089622,4,0.417312217344649,0.792484781155306,-0.397967008432236,0.16936663418006,TRUE
"FAM160A2",0.846814968659773,0.0133721836398531,"Chromatin_Enriched",1.54902112943432,1.47074120800151,0.204441403988844,0.204441403988844,4,0.279547089651226,0.347291396474176,-0.278277219029227,0.169042893209522,TRUE
"ASB9",0.844779306258874,0.0111083381402996,"Chromatin_Enriched",1.27421867032719,1.13607991010507,0.21072705601907,0.21072705601907,6,0.269544160449411,-0.449525730932164,-0.267042757293677,0.168523362473332,TRUE
"ARFGAP3",0.868354769889087,0.00973020832512585,"Chromatin_Enriched",1.66905454105691,1.82858860502473,0.144903428518621,0.144903428518621,3,0.385390330958258,0.695340240551714,-0.384690540036477,0.167099342119857,TRUE
"TMEM243",0.815237222342781,0.0178544541488398,"Chromatin_Enriched",1.64126865656298,1.62177856460501,0.448781919577341,0.448781919577341,5,0.124378943586209,0.614772298267503,0.158437088352619,0.167061397482513,TRUE
"MAP2K3",0.92571615351663,0.00557500040978982,"Chromatin_Enriched",1.62234331085508,1.44328559386754,0.0835937415525015,0.0835937415525015,10,0.667255270395707,0.559896371570414,-0.494270473657879,0.167000545841927,TRUE
"NARS2",0.865777071008748,0.00575044495187761,"Chromatin_Enriched",1.66228500070925,1.61608842368858,0.149487489654294,0.149487489654294,6,0.372723918594281,0.675711283404787,-0.376497363071781,0.166909500815218,TRUE
"ABHD4",0.993339114564144,0.00154294920545867,"Chromatin_Enriched",1.45070991062733,1.46042742216374,0.0557278035031206,0.0557278035031206,5,0.999544009175123,0.0622282161222733,-0.544075778379736,0.166886776192772,TRUE
"STUB1",1.02651336544902,0.00127845746695396,"Chromatin_Enriched",1.60239265732648,1.36463689299321,0.04789006238733,0.04789006238733,5,1.16255713098654,0.502047462626209,-0.558084317547204,0.166845637539285,TRUE
"WDR55",0.903719091549729,0.00565220967158024,"Chromatin_Enriched",1.5810456932884,1.65514531950038,0.098948060486522,0.098948060486522,3,0.55916512076889,0.440149812150511,-0.466827416404601,0.166325440314754,TRUE
"LZTS2",0.813375348128945,0.0110994714711809,"Chromatin_Enriched",1.30240222631615,1.15004808020896,0.476171321304065,0.476171321304065,6,0.115229982572112,-0.367804700501129,0.207390670921111,0.165633953426233,TRUE
"LONRF1",0.831194410967919,0.0151144649058274,"Chromatin_Enriched",1.17458735091965,1.17458735091965,0.269248019135895,0.269248019135895,1,0.202790092707389,-0.738416674586618,-0.162447161212002,0.165228373413662,TRUE
"ARHGAP23",0.905754360874978,0.00427431124431636,"Chromatin_Enriched",1.69922738098931,1.56228531696142,0.0956036620255579,0.0956036620255579,4,0.569166118457948,0.782829398104151,-0.472804921420382,0.164945999080687,TRUE
"EDEM1",0.938071232990457,0.00327154886670935,"Chromatin_Enriched",1.51446441957629,1.51446441957629,0.0746918268388152,0.0746918268388152,2,0.727966214020207,0.247090771009795,-0.510181029912524,0.164883483712143,TRUE
"ST8SIA4",0.861997064438725,0.0165570756025222,"Chromatin_Enriched",1.38634876222758,1.38634876222758,0.152953448950319,0.152953448950319,2,0.354149552783114,-0.124393350333453,-0.370302590134793,0.164572773480899,TRUE
"GIGYF2",0.838911677607799,0.006963933217113,"Chromatin_Enriched",1.85280579925788,1.94432538396284,0.223529987919945,0.223529987919945,20,0.240711543629781,1.22814533331808,-0.244159841113849,0.164021718744434,TRUE
"TERT",0.806921338398904,0.0177554866082792,"Chromatin_Enriched",1.3451859691475,1.27743970526546,0.642685638061361,0.642685638061361,6,0.0835159801083851,-0.243748972712746,0.505004778580165,0.163820818219598,TRUE
"PPIL4",0.869900590987169,0.00934595677922763,"Chromatin_Enriched",1.5918838102065,1.28765786808221,0.135631125435769,0.135631125435769,4,0.392986255997674,0.471576012691949,-0.401263098250612,0.163250066128247,TRUE
"SRSF4",0.855272490164072,0.00715028961668833,"Chromatin_Enriched",1.52695342951693,1.30890112769537,0.165206787928056,0.165206787928056,4,0.321106038125675,0.283303900460608,-0.348401971517006,0.162863281839472,TRUE
"AKR1C1",1.00614987638734,0.00206913386176218,"Chromatin_Enriched",1.28885385841173,1.29616740772744,0.0491928593201413,0.0491928593201413,7,1.06249410516459,-0.407089543983677,-0.555755804575045,0.16165878114696,TRUE
"SPAG7",0.948752269664965,0.00447304956050174,"Chromatin_Enriched",1.63788330935001,1.63788330935001,0.0669487965397601,0.0669487965397601,2,0.78045117105921,0.604956146511516,-0.524020290691459,0.161632711201137,TRUE
"KITLG",0.907964578921384,0.0101262588100429,"Chromatin_Enriched",1.62687581864693,1.62687581864693,0.0897039328325232,0.0897039328325232,2,0.580026787019204,0.57303882979437,-0.483349616155396,0.161292721385428,TRUE
"INA",1.01704888029111,0.0023784909266148,"Chromatin_Enriched",1.63979997201785,1.63979997201785,0.0463897446793442,0.0463897446793442,1,1.11605011935023,0.610513701004155,-0.560765863041686,0.160893256673499,TRUE
"ORC2",0.870533239781471,0.00554807398222495,"Chromatin_Enriched",1.79228902243999,1.69920079548379,0.130586186883343,0.130586186883343,4,0.396094994016426,1.05267090553967,-0.410280009917514,0.160817497356764,TRUE
"TBX18",0.840042874258905,0.0121037571792896,"Chromatin_Enriched",1.74349049250722,1.74349049250722,0.209584920794065,0.209584920794065,2,0.246270068466389,0.911174702889149,-0.269084116634036,0.160646339506191,TRUE
"CBWD2",0.802247087850806,0.0105073991676874,"Chromatin_Enriched",1.29346253636392,1.16521314387279,0.847264977504144,0.847264977504144,10,0.0605474381323076,-0.393726222785832,0.870653202928488,0.160155742649309,TRUE
"PRR14L",0.87071759431172,0.00853671828971387,"Chromatin_Enriched",1.96227618670968,2.03304855532016,0.128800709734656,0.128800709734656,4,0.397000883575176,1.54556563570118,-0.413471226136638,0.159896834818217,TRUE
"NFATC2",0.814220642307626,0.0300890449014119,"Chromatin_Enriched",1.41766107298654,1.42545759934973,0.42792976725194,0.42792976725194,4,0.119383627017438,-0.0336001835165545,0.121167652138672,0.159824603430237,TRUE
"PES1",0.942778822209144,0.00948576595433846,"Chromatin_Enriched",1.38042047510178,1.31865862977267,0.0676004180298073,0.0676004180298073,7,0.751098577051012,-0.141583009892432,-0.522855635591114,0.159333891231969,TRUE
"ACTR6",1.028592042886,0.00330559251726916,"Chromatin_Enriched",1.426811732632,1.38228503901435,0.0432326327380667,0.0432326327380667,3,1.17277142940181,-0.00706693357309507,-0.566408627408624,0.15921996811491,TRUE
"SMARCB1",0.897997326158602,0.00507832428603372,"Chromatin_Enriched",2.23091417495192,2.26738236435939,0.0948501559714795,0.0948501559714795,6,0.531049253377733,2.32450826525005,-0.474151676680034,0.158697990710997,TRUE
"FEM1C",0.972774225941734,0.00387420855077664,"Chromatin_Enriched",3.20428069371986,3.20428069371986,0.054995552920249,0.054995552920249,1,0.898491337159202,5.14688152900542,-0.545384543343903,0.157183058694511,TRUE
"HSF1",0.904106492153796,0.00507457515219254,"Chromatin_Enriched",1.86165365931098,1.59275901036728,0.0873845236912685,0.0873845236912685,8,0.561068747231466,1.25380058565502,-0.487495138866677,0.15657063140142,TRUE
"TPGS1",1.00662932502165,0.00378160656155881,"Chromatin_Enriched",0.811104172379639,0.811104172379639,0.0456598093326643,0.0456598093326643,1,1.06485004136639,-1.79237238926919,-0.562070489941531,0.15591800706889,TRUE
"UTP14A",0.904795838055405,0.00872546510283024,"Chromatin_Enriched",1.43299873910318,0.895672789374737,0.0860841821082341,0.0860841821082341,3,0.564456086038879,0.0108729085215769,-0.489819263346921,0.155869722048049,TRUE
"XAB2",1.09543005616543,0.000584141816037347,"Chromatin_Enriched",1.97343100708771,1.88787344886349,0.0323578595317726,0.0323578595317726,6,1.50120305663473,1.57791014949931,-0.585845310012338,0.155845624955041,TRUE
"TP53",0.879752210143124,0.00825241548484215,"Chromatin_Enriched",1.5734030628,1.27672610428596,0.110020336108848,0.110020336108848,9,0.441395584035932,0.417989243095283,-0.447037734092198,0.155824405201166,TRUE
"TAF2",0.862659171300871,0.00665195504078736,"Chromatin_Enriched",1.52724824254998,1.34597545398104,0.135280436191711,0.135280436191711,7,0.357403043176785,0.284158740242158,-0.401889891600689,0.155482538532789,TRUE
"KAT2B",0.894881468525868,0.0088670246026619,"Chromatin_Enriched",1.9289531295133,1.9289531295133,0.09290860826697,0.09290860826697,2,0.515738412400658,1.44894210912177,-0.47762184068039,0.154784589229616,TRUE
"TEC",0.833149796926142,0.0306238971211702,"Chromatin_Enriched",1.53233535446724,1.53233535446724,0.225219573400251,0.225219573400251,2,0.21239855592491,0.298909328420584,-0.241140013841172,0.154654958142695,TRUE
"GABARAPL1",0.960716639072891,0.00466024394597447,"Chromatin_Enriched",1.54717165421419,1.72947915495077,0.0566030134558053,0.0566030134558053,3,0.83924222603915,0.341928658684633,-0.542511499498767,0.154116253220051,TRUE
"WDR33",0.844298303790635,0.00722557180457029,"Chromatin_Enriched",1.44444872491849,1.28148136693301,0.177299468066368,0.177299468066368,6,0.267180588948769,0.0440732839324826,-0.326788501404307,0.153900903665761,TRUE
"ZNF18",0.815590268556582,0.0121551597118539,"Chromatin_Enriched",1.17289178628557,1.02638679171153,0.374428152492669,0.374428152492669,4,0.126113757905156,-0.743333133287334,0.0255432298969056,0.153656339563871,TRUE
"TSPYL2",0.870727044912589,0.0103219628149257,"Chromatin_Enriched",1.03146610548418,1.03146610548418,0.117724371010139,0.117724371010139,2,0.39704732236157,-1.15341099461288,-0.43326817050648,0.152876005779644,TRUE
"MAP3K13",0.795696879932638,0.0274327253667355,"Chromatin_Enriched",1.89624533870212,1.77930060331976,1.62952474759911,1.62952474759911,3,0.0283607326974236,1.35410260876704,2.26880050922725,0.152010716382917,TRUE
"KLHL18",0.841060219727524,0.0115225832068044,"Chromatin_Enriched",1.47732607680832,1.42416160394414,0.183082015446855,0.183082015446855,3,0.251269146256443,0.139404443539645,-0.316453247882844,0.151662226207188,TRUE
"CDC7",0.845020205328579,0.0105845518119497,"Chromatin_Enriched",1.10595070187796,1.01987014828119,0.169904821835916,0.169904821835916,5,0.270727901102074,-0.937435481412046,-0.340005088915748,0.151654172053985,TRUE
"E4F1",0.824018611305138,0.00901271477241375,"Chromatin_Enriched",1.20513102862032,1.11175407660633,0.274207609440189,0.274207609440189,9,0.167529326501013,-0.649852235953313,-0.15358279404219,0.151554967142235,TRUE
"TUFT1",0.832598802049654,0.0112739012066889,"Chromatin_Enriched",1.23132643757851,1.23571806814642,0.218776223776224,0.218776223776224,6,0.209691052589564,-0.573896036052046,-0.252656331392924,0.151452000061416,TRUE
"EIF3G",1.02333727506091,0.00170287132755178,"Chromatin_Enriched",1.20952420290729,1.20952420290729,0.0399242637161073,0.0399242637161073,2,1.14695031559476,-0.637113789118033,-0.57232173634395,0.151312833013392,TRUE
"ZNF229",0.853723634659064,0.0165978212992236,"Chromatin_Enriched",1.26274815838475,1.26274815838475,0.146036760482481,0.146036760482481,2,0.313495202481417,-0.482785623895111,-0.382664914927031,0.151297428592137,TRUE
"SARS2",0.840607346749364,0.00820586736335822,"Chromatin_Enriched",1.66773600117027,1.60055021744684,0.183054725735715,0.183054725735715,12,0.249043798705715,0.69151700269474,-0.316502023286591,0.150977886242084,TRUE
"ESS2",0.846292308886865,0.00793649881902896,"Chromatin_Enriched",1.13339607646639,1.1386581440777,0.162962962962963,0.162962962962963,3,0.276978820618637,-0.857854881546979,-0.352412401237008,0.150228641220641,TRUE
"CCDC121",0.930321197042949,0.0129856787537818,"Chromatin_Enriched",1.24712689735869,1.24712689735869,0.0652785593697243,0.0652785593697243,1,0.68988373980434,-0.528081027646929,-0.527005536372548,0.150057683353811,TRUE
"PROSER1",0.855587141804133,0.0121551597118539,"Chromatin_Enriched",1.36188739726412,1.35799617178589,0.13436385255648,0.13436385255648,4,0.322652187466241,-0.195321516791476,-0.403528118427104,0.147229057838016,TRUE
"FYTTD1",0.886267553068815,0.005637086750899,"Chromatin_Enriched",1.66709955600176,1.70151389509257,0.0914511153298529,0.0914511153298529,5,0.473410968307142,0.689671566476401,-0.48022684467252,0.147129128762923,TRUE
"CRTC3",0.839969344670199,0.0134283129535505,"Chromatin_Enriched",1.67591547937434,1.74867110715511,0.175364994126531,0.175364994126531,8,0.245908755475718,0.715234215224174,-0.330246022334676,0.14683968717561,TRUE
"SRP9",0.881833793749512,0.00502085902909863,"Chromatin_Enriched",1.01386519798512,0.922621752912509,0.0954509631111073,0.0954509631111073,4,0.451624162916773,-1.20444658067974,-0.473077843004842,0.146812740105642,TRUE
"AP5S1",0.874733484850802,0.00537081942482202,"Chromatin_Enriched",1.55651248841569,1.68738270626091,0.102125009729898,0.102125009729898,4,0.416734346612533,0.369013338713346,-0.461149196461966,0.145874945077261,TRUE
"COQ6",0.849149796640226,0.00756577691246178,"Chromatin_Enriched",1.15308629455752,1.1213045756267,0.14398820948725,0.14398820948725,6,0.291020072094963,-0.800761131118564,-0.386326327881261,0.144747122779356,TRUE
"CRY2",0.876382258255088,0.0115363665205732,"Chromatin_Enriched",1.72886456106557,1.72886456106557,0.0985274024593897,0.0985274024593897,1,0.424836163311424,0.868765356499586,-0.467579266250383,0.144668593070313,TRUE
"COQ8A",0.927391622803869,0.00559548788507823,"Chromatin_Enriched",2.0542094440448,2.30542323939541,0.0619427982478743,0.0619427982478743,3,0.675488266521521,1.81213528089609,-0.532967603712921,0.144640301112707,TRUE
"ZNF317",0.864396240612309,0.00686325151416055,"Chromatin_Enriched",1.65168962914997,1.63242394562871,0.113872875645729,0.113872875645729,3,0.365938732264174,0.644988947232451,-0.440152019164987,0.144344199317246,TRUE
"CHN1",0.814195151149807,0.0105073991676874,"Chromatin_Enriched",1.7556944860591,1.70517997399421,0.34878892733564,0.34878892733564,9,0.119258367422909,0.946561398905226,-0.0202822298279818,0.144215113717731,TRUE
"ZFP30",0.845745264240511,0.00822242902605331,"Chromatin_Enriched",1.99171935571398,1.99171935571398,0.151613816534541,0.151613816534541,1,0.274290728101285,1.63093903965095,-0.372696939844639,0.144198238767805,TRUE
"ACSS2",0.854301360060876,0.0088670246026619,"Chromatin_Enriched",1.73324080487951,1.63105472335933,0.131169133028589,0.131169133028589,7,0.316334055470923,0.881454711740365,-0.409238099526809,0.144036911594804,TRUE
"REEP2",0.870713591475954,0.0193627059769387,"Chromatin_Enriched",1.38522936698807,1.38522936698807,0.104031209362809,0.104031209362809,2,0.396981214261267,-0.12763914843177,-0.457742210721541,0.143698357356506,TRUE
"PRPF6",1.00179000327018,0.00357210992608339,"Chromatin_Enriched",2.14625664636579,2.25163549711142,0.0396650706846082,0.0396650706846082,8,1.041070365108,2.0790353209376,-0.572784996826792,0.143690865436289,TRUE
"HPS5",0.862199910360749,0.0073863755779765,"Chromatin_Enriched",1.72868565579418,1.58101769337333,0.115529622980251,0.115529622980251,8,0.355146306172078,0.868246602828713,-0.437190884115566,0.143230441692555,TRUE
"GTF2IRD1",0.826671611809094,0.010485367303144,"Chromatin_Enriched",1.89677815723256,1.7357852007192,0.226406641191198,0.226406641191198,10,0.180565759360279,1.35564756921695,-0.239018345697474,0.142970778641824,TRUE
"MED18",0.892965039039046,0.00577324371846285,"Chromatin_Enriched",1.1959994011449,1.1959994011449,0.0805993794969965,0.0805993794969965,2,0.506321375239444,-0.6763303002223,-0.499622352154046,0.142844651055553,TRUE
"TIGAR",0.920050717801451,0.00449642011471577,"Chromatin_Enriched",1.98807977892372,1.80641834982051,0.0635184356827912,0.0635184356827912,4,0.639416198292521,1.62038572388945,-0.530151437882144,0.142503888834267,TRUE
"WDR35",0.831465556431638,0.00696393812747372,"Chromatin_Enriched",1.35812404940956,1.18134306612591,0.198943154523619,0.198943154523619,6,0.204122459447462,-0.206233719093605,-0.288104341646346,0.142493448957483,TRUE
"PTS",0.896280601380787,0.0071015862035674,"Chromatin_Enriched",1.08244028498536,1.05438258604657,0.0775797673674101,0.0775797673674101,4,0.522613534172082,-1.00560627913109,-0.505019360573047,0.142380188938156,TRUE
"UIMC1",0.819425293924107,0.0105073991676874,"Chromatin_Enriched",1.54507314391702,1.53820624680631,0.278127035830619,0.278127035830619,16,0.144958477550995,0.335843818860957,-0.146577531008722,0.141980406535158,TRUE
"CYP26B1",0.835631866682254,0.022832268790529,"Chromatin_Enriched",1.54125848605372,1.54125848605372,0.177589093518297,0.177589093518297,2,0.224595061609443,0.324782838072971,-0.326270848495478,0.141219038022334,TRUE
"TSEN54",0.847078119549582,0.010485367303144,"Chromatin_Enriched",1.42743197877771,1.55590695299832,0.141474175966779,0.141474175966779,7,0.280840172295476,-0.00526846803637364,-0.39081970633298,0.140946145661864,TRUE
"IVNS1ABP",0.893139529455826,0.0053911845257129,"Chromatin_Enriched",1.46862561747335,1.46625361463272,0.077423372310247,0.077423372310247,3,0.50717879407504,0.114176594280465,-0.505298888341507,0.140120470669945,TRUE
"PRR22",0.828833124348263,0.0202182435786113,"Chromatin_Enriched",1.46607791569741,1.46607791569741,0.204878048780488,0.204878048780488,2,0.191187096615707,0.106789278980632,-0.277496795744552,0.139946488535141,TRUE
"SEPSECS",0.848195512171922,0.0104451002416951,"Chromatin_Enriched",1.37480557783121,1.37480557783121,0.136545293072824,0.136545293072824,1,0.286330866276443,-0.157863964321866,-0.39962918958227,0.139816186565634,TRUE
"MTPAP",0.839739182532362,0.00665195504078736,"Chromatin_Enriched",1.56467896854413,1.54871743070551,0.158998272884283,0.158998272884283,3,0.244777774440402,0.392692862026583,-0.35949856489482,0.13949774796835,TRUE
"ARRDC2",0.827420336782224,0.0114092626571004,"Chromatin_Enriched",0.974990171915969,0.974990171915969,0.210868187579214,0.210868187579214,2,0.184244877712391,-1.31716859452531,-0.266790510254787,0.139376080146426,TRUE
"DAGLA",0.855337186221538,0.0139509938232441,"Chromatin_Enriched",1.99806780673946,1.99806780673946,0.120359955005624,0.120359955005624,1,0.321423944514368,1.6493470063265,-0.428557542650257,0.139080141464336,TRUE
"ERO1B",0.874045686723973,0.00726411899935023,"Chromatin_Enriched",1.53898749954848,1.53898749954848,0.0935152729093641,0.0935152729093641,2,0.413354613330249,0.318197886288465,-0.476537537782534,0.139023324435008,TRUE
"ARAP3",0.864698544522263,0.0201123452059773,"Chromatin_Enriched",1.65890583559172,1.66024977452637,0.105114231817229,0.105114231817229,3,0.367424206774764,0.665913057250858,-0.45580650472566,0.138963148435447,TRUE
"IRAK2",0.845131691740906,0.010485367303144,"Chromatin_Enriched",1.40264379892495,1.53320586891029,0.142160717093883,0.142160717093883,5,0.271275728034958,-0.0771442668486732,-0.389592638721658,0.138860995293161,TRUE
"GSAP",0.801763311029745,0.0266701861631827,"Chromatin_Enriched",1.42912113909131,1.32993624438922,0.658572661161099,0.658572661161099,13,0.0581702338923434,-0.000370579301364878,0.533399947808041,0.138400371630361,TRUE
"CUTC",0.86836518640391,0.0112526600714816,"Chromatin_Enriched",1.76438788665247,1.83672783801577,0.0986785969605424,0.0986785969605424,4,0.38544151609596,0.971768780639403,-0.467309033531541,0.137903640304913,TRUE
"TDG",0.855062429858773,0.00984470613790743,"Chromatin_Enriched",1.57147094054636,1.42921028273,0.118271184838603,0.118271184838603,6,0.32007383437662,0.412386861992335,-0.432290840071578,0.137578180732916,TRUE
"RWDD1",0.938367653957403,0.00715326467107484,"Chromatin_Enriched",1.15068724209259,1.15414832906297,0.0517067038342762,0.0517067038342762,3,0.729422780661604,-0.807717422921081,-0.551262763937835,0.137324520187845,TRUE
"FBXO3",0.818869145987692,0.00862829718543561,"Chromatin_Enriched",1.53879697375961,1.53879697375961,0.265072205900608,0.265072205900608,2,0.142225652878673,0.317645437768603,-0.1699106691792,0.137295425168146,TRUE
"STXBP3",0.886022467844364,0.00476761400849918,"Chromatin_Enriched",1.21555106741704,1.21555106741704,0.0795394086797902,0.0795394086797902,1,0.472206657539546,-0.619638294606351,-0.501516857533828,0.137038385708815,TRUE
"ZNF24",1.06022540739029,0.00227206693519516,"Chromatin_Enriched",2.13212464856758,2.13212464856758,0.0279860884686447,0.0279860884686447,2,1.32821287460996,2.03805818439135,-0.593659057017281,0.136329532776334,TRUE
"SYT12",0.813750822051924,0.0164180659866998,"Chromatin_Enriched",1.03220698337926,1.03276087704268,0.317083333333333,0.317083333333333,4,0.117075003174265,-1.15126274529215,-0.0769502224099672,0.136239737698857,TRUE
"ARAP1",0.829200314081434,0.0106728240016483,"Chromatin_Enriched",1.57403113223432,1.49457677294601,0.190381495630331,0.190381495630331,11,0.192991409994449,0.419810393037274,-0.303406752401339,0.135539649694379,TRUE
"RRM2B",0.895348045588085,0.00619229164406079,"Chromatin_Enriched",1.36952524014535,1.47974966145937,0.0705530926246414,0.0705530926246414,4,0.518031099694232,-0.173174829880527,-0.517578265861819,0.135182647109701,TRUE
"TFPT",0.909126263329828,0.008883764511799,"Chromatin_Enriched",1.03846524393559,1.03846524393559,0.0622628983308042,0.0622628983308042,2,0.585735123965146,-1.1331162948737,-0.532395482934371,0.135036229346466,TRUE
"TSSC4",0.830330781914985,0.0123639019085342,"Chromatin_Enriched",1.09554071811711,1.09858063577496,0.180887372013652,0.180887372013652,5,0.198546353534668,-0.967620267180048,-0.320375774544349,0.134004716547179,TRUE
"VTN",1.17134094954414,0.000584141816037347,"Chromatin_Enriched",2.48877585607248,2.48877585607248,0.0191573805525874,0.0191573805525874,2,1.874217409004,3.07220391792454,-0.60943876941312,0.133987119049881,TRUE
"CASTOR2",0.955518778163071,0.0331263209360611,"Chromatin_Enriched",1.92297376961428,1.85282202324462,0.0440186938755536,0.0440186938755536,3,0.813700743984537,1.43160435896503,-0.565003685848316,0.133824594069561,TRUE
"GNAI1",0.87797625339261,0.00557500040978982,"Chromatin_Enriched",1.67820997766629,1.67002377619474,0.0818988107236444,0.0818988107236444,5,0.432668808106371,0.721887341778298,-0.497299854770552,0.133107213968906,TRUE
"SLC25A38",0.815374815027659,0.0149616310297403,"Chromatin_Enriched",1.42709490662109,1.24914040705989,0.282664987052978,0.282664987052978,5,0.125055052691979,-0.00624584235988513,-0.138466767142026,0.13294488491493,TRUE
"TUG1",0.81129504594896,0.0184295720034799,"Chromatin_Enriched",1.07345214444684,1.08226122832673,0.336230567987719,0.336230567987719,6,0.1050077004218,-1.03166828872117,-0.0427280169757676,0.132866095667604,TRUE
"BUD31",0.856571019993401,0.010356670240949,"Chromatin_Enriched",1.05999172486478,1.06471706627215,0.107571851098138,0.107571851098138,4,0.327486812238066,-1.0706981172748,-0.451413956484181,0.132718428642516,TRUE
"DROSHA",0.885261316759675,0.00820586736335822,"Chromatin_Enriched",1.49755581589952,1.47280807493753,0.0751946090391542,0.0751946090391542,7,0.468466479203164,0.198062588896879,-0.509282398018194,0.132714267792937,TRUE
"NFYB",0.842904323214422,0.00877458692658527,"Chromatin_Enriched",1.22914341943881,1.22914341943881,0.135281213238801,0.135281213238801,2,0.260330784675523,-0.580225914790417,-0.401888502770102,0.132698651828709,TRUE
"VPS33B",0.859848077935848,0.0112526600714816,"Chromatin_Enriched",1.37656028838961,1.10107939950145,0.101671143651794,0.101671143651794,7,0.34358976652659,-0.152776006116842,-0.461960399669367,0.132161197992851,TRUE
"ZWINT",0.868601985088251,0.00610683364711082,"Chromatin_Enriched",1.40560435771878,1.46668666274556,0.0882351255794764,0.0882351255794764,3,0.386605108091126,-0.0685598314645091,-0.485974842432941,0.130598909379228,TRUE
"EHMT2",0.889363071769065,0.00627472862579218,"Chromatin_Enriched",1.65808139205223,1.42996057103849,0.0683315807921486,0.0683315807921486,3,0.488621866925608,0.663522501012836,-0.521548814908632,0.129205852376426,TRUE
"STAT3",0.812528454157781,0.0134283129535505,"Chromatin_Enriched",1.25270827897733,1.0051603094538,0.299942359085431,0.299942359085431,20,0.111068476994735,-0.511897255191709,-0.107586601638739,0.12906227374765,TRUE
"GTF2H2B",0.818593324662678,0.0329442022189834,"Chromatin_Enriched",1.40672669051664,1.33522116357078,0.236460634800884,0.236460634800884,7,0.140870309681664,-0.0653055156228975,-0.221048657596013,0.129054800088806,TRUE
"BLOC1S2",0.86087721608119,0.00813074393497361,"Chromatin_Enriched",1.11508865450153,1.09759173400892,0.0952913568875145,0.0952913568875145,5,0.34864679170041,-0.910939076745418,-0.473363110150253,0.128885658348031,TRUE
"PAN2",0.854439544614432,0.0192769396295518,"Chromatin_Enriched",1.37313565912641,1.24383874364434,0.104639666031932,0.104639666031932,8,0.317013072927547,-0.162706060093815,-0.45665470490128,0.128786921072939,TRUE
"ZBTB40",0.864043284416921,0.00756346323492306,"Chromatin_Enriched",2.0626900375055,2.28252117259494,0.0894418536869717,0.0894418536869717,5,0.364204360281742,1.83672560713265,-0.483818035043083,0.127622711741439,TRUE
"LTV1",0.923110893196811,0.0087287225666419,"Chromatin_Enriched",1.3494415601177,1.45658750625408,0.0495322853059634,0.0495322853059634,5,0.654453425394326,-0.231409462421237,-0.555149142254027,0.12731177044189,TRUE
"CPLX2",0.907084711615774,0.0110080510055698,"Chromatin_Enriched",1.1476540951825,1.10398921361474,0.0562821912832115,0.0562821912832115,3,0.575703255592223,-0.816512334785232,-0.543084910881482,0.127282836143781,TRUE
"SH2D4A",0.807351968664222,0.0105313621798217,"Chromatin_Enriched",1.37337288714327,1.20289733239937,0.374297422576528,0.374297422576528,10,0.0856320304191991,-0.162018193807789,0.0253095739080736,0.126593539084546,TRUE
"CCNT2",0.822168311736816,0.00973020832512585,"Chromatin_Enriched",1.21971279090237,1.16171400323368,0.198560767590618,0.198560767590618,7,0.158437241499148,-0.60757096244558,-0.288787788860146,0.12541814120575,TRUE
"UNC93B1",0.895244331861371,0.00479525365641415,"Chromatin_Enriched",1.78728840369984,2.05174763886619,0.0603824674225757,0.0603824674225757,7,0.517521466532506,1.03817111295147,-0.535756411758183,0.124998446177108,TRUE
"FECH",0.822258204488092,0.0104451002416951,"Chromatin_Enriched",1.98309321635354,2.09940869725908,0.195010635441836,0.195010635441836,9,0.158878960531917,1.60592668856748,-0.295133005488405,0.124465029328859,TRUE
"POLH",0.811523145799967,0.0184558904282257,"Chromatin_Enriched",1.14798527180589,1.21709027377325,0.291497975708502,0.291497975708502,7,0.1061285476996,-0.815552055148118,-0.122679403701631,0.124370930726027,TRUE
"SLC43A2",0.904071268307889,0.00648657741544115,"Chromatin_Enriched",1.96751551829687,1.96751551829687,0.054632357027733,0.054632357027733,1,0.560895662717714,1.56075759998853,-0.546033690057301,0.12378015208607,TRUE
"HAGHL",0.809038980516455,0.010485367303144,"Chromatin_Enriched",1.28103961414797,1.2111357961056,0.325366053915979,0.325366053915979,11,0.0939217449185471,-0.429747724290129,-0.0621463632391895,0.123610168515885,TRUE
"BLVRB",0.92583995186745,0.00387420855077664,"Chromatin_Enriched",1.5044053625639,1.37098394522735,0.0448340607959682,0.0448340607959682,4,0.667863596284129,0.217923532335607,-0.563546365521995,0.122358156816815,TRUE
"SAFB2",0.865928392011626,0.00720288780519689,"Chromatin_Enriched",1.34950527807056,1.21204636152362,0.0793226791937242,0.0793226791937242,7,0.373467486524734,-0.231224705864364,-0.501904222139197,0.121705467467341,TRUE
"GLDC",0.858843733834974,0.00722557180457029,"Chromatin_Enriched",1.64037376170195,1.66106752258027,0.0865464922048998,0.0865464922048998,4,0.338654575440452,0.612177461398817,-0.488992967989498,0.121056527237301,TRUE
"BOD1L1",0.845522600545565,0.0105870472868822,"Chromatin_Enriched",1.42747519577115,1.34446083471359,0.106670873207838,0.106670873207838,3,0.27319659325094,-0.00514315605525805,-0.453024290875025,0.120710644020079,TRUE
"TBC1D12",0.819297157661909,0.01343248825524,"Chromatin_Enriched",2.09743038357035,1.75488807650922,0.201766840195614,0.201766840195614,5,0.144328835839096,1.93745870408689,-0.283057516196463,0.120666426889102,TRUE
"SCNM1",0.824823403151121,0.0142545865703858,"Chromatin_Enriched",0.997883627360851,0.997883627360851,0.168152903244546,0.168152903244546,2,0.171483948767461,-1.25078673803368,-0.343136325306801,0.120073985203056,TRUE
"RMC1",0.812299652451597,0.0197974545600438,"Chromatin_Enriched",1.1706991302815,1.16179138031216,0.262208962967767,0.262208962967767,7,0.109944180909489,-0.749690957974335,-0.175028196050542,0.120059047265539,TRUE
"MTF1",0.851139888250363,0.012311285104052,"Chromatin_Enriched",1.51466921971119,1.51466921971119,0.095777887300805,0.095777887300805,1,0.300799073501353,0.247684609419064,-0.47249352537448,0.120020622732094,TRUE
"RBM23",0.810639770575485,0.010485367303144,"Chromatin_Enriched",1.62798814301835,1.75366902838354,0.282058915256159,0.282058915256159,16,0.101787778903542,0.576264125205688,-0.139550010436056,0.119812667326679,TRUE
"ATAD1",0.826204650464472,0.008883764511799,"Chromatin_Enriched",1.5918428024854,1.61491252065893,0.160122855410138,0.160122855410138,6,0.178271183762589,0.471457106716237,-0.357488577817199,0.119468177732422,TRUE
"PHLDA3",0.853318092934338,0.00686325151416055,"Chromatin_Enriched",0.891955855939161,0.94935959814908,0.0910183851467069,0.0910183851467069,3,0.311502433366546,-1.55793487204613,-0.481000271305269,0.119063950157663,TRUE
"CEBPZ",0.945108377323293,0.00508296025043567,"Chromatin_Enriched",1.92985243345064,2.09457278208708,0.0371505534985104,0.0371505534985104,6,0.762545649447825,1.45154973054681,-0.577279239743001,0.119014690153921,TRUE
"CCDC90B",0.801872479987621,0.012107007775856,"Chromatin_Enriched",1.03259345850758,1.05326918072611,0.475565799475272,0.475565799475272,7,0.0587066732136119,-1.15014212212682,0.206308410595069,0.118150086714663,TRUE
"TXNRD1",0.812240844007877,0.00936806199411048,"Chromatin_Enriched",1.56470739028014,1.57326015901074,0.254558129709175,0.254558129709175,21,0.109655205341271,0.39277527368373,-0.18870267135961,0.118138952053397,TRUE
"DCTN6",0.910932214318605,0.00537081942482202,"Chromatin_Enriched",1.11549937340061,1.13985789185215,0.0462739531582683,0.0462739531582683,3,0.594609286927879,-0.909748156349744,-0.560972819361663,0.117292204111723,TRUE
"RPL22",0.941966236557297,0.00447304956050174,"Chromatin_Enriched",1.84464632342138,1.52854963454381,0.0367846041706812,0.0367846041706812,3,0.74710565723177,1.20448611964761,-0.577933307722087,0.117221981460278,TRUE
"CPEB4",0.81239325875977,0.0140422254586584,"Chromatin_Enriched",1.79026266080147,1.73418795812858,0.245928282444068,0.245928282444068,8,0.110404147784687,1.04679526794479,-0.204126956448456,0.116515025724988,TRUE
"TM2D3",0.805041338904377,0.0137447021426922,"Chromatin_Enriched",1.29116359414533,1.32394153058203,0.363899886877828,0.363899886877828,6,0.0742779542771386,-0.400392234948322,0.00672586669848863,0.116253471257781,TRUE
"PPP2R5B",0.866718703883228,0.0219517939619689,"Chromatin_Enriched",1.98336151104803,1.98336151104803,0.0715561224489796,0.0715561224489796,1,0.377350956443664,1.60670463578255,-0.51578553216817,0.116193311437282,TRUE
"MTERF1",0.806126666994913,0.0146031532181475,"Chromatin_Enriched",1.07474606266505,0.994610168155162,0.336489566894617,0.336489566894617,4,0.0796110881236832,-1.02791644384657,-0.0422651034554042,0.115733099333655,TRUE
"VPS37C",0.837584206686356,0.0105073991676874,"Chromatin_Enriched",1.36625828784663,1.36625828784663,0.114022988505747,0.114022988505747,2,0.234188557480998,-0.182647683778915,-0.439883719683282,0.115548429668761,TRUE
"NFKBIA",0.937763384260737,0.00909261105590957,"Chromatin_Enriched",1.1019542553436,1.03622702196277,0.0363734464538215,0.0363734464538215,4,0.726453493125575,-0.949023576575725,-0.578668177488202,0.114942631850403,TRUE
"GFPT1",0.886700220068702,0.00447304956050174,"Chromatin_Enriched",2.41313303775923,2.38979754060049,0.055325990027506,0.055325990027506,7,0.475537026815626,2.85287002479589,-0.544793947011235,0.114694282340732,TRUE
"KLHL2",0.813271411228293,0.0115225832068044,"Chromatin_Enriched",2.24739360480858,1.75965875728341,0.227283682815136,0.227283682815136,6,0.114719252768281,2.37229201508381,-0.23745079303671,0.114179276269767,TRUE
"MLXIP",0.846510938992501,0.0169901821771359,"Chromatin_Enriched",1.68214756501942,1.58424449270874,0.0935234314877071,0.0935234314877071,7,0.278053135036929,0.733304768877859,-0.476522955805077,0.11402737242559,TRUE
"C12orf45",0.976001415431714,0.00284319091041088,"Chromatin_Enriched",2.5145584638505,2.5145584638505,0.0283376037324563,0.0283376037324563,1,0.914349245609472,3.14696315964848,-0.593030787306873,0.113821058234299,TRUE
"AAAS",0.848693908752457,0.00597165811375496,"Chromatin_Enriched",1.50863059901297,1.35570455156498,0.0893996974504667,0.0893996974504667,8,0.288779909746184,0.230175026666838,-0.483893381661644,0.11361522028558,TRUE
"COMMD2",0.901141454034179,0.00534125650340557,"Chromatin_Enriched",1.85788853970623,1.85788853970623,0.0470518645981771,0.0470518645981771,1,0.546499009941966,1.24288324598656,-0.559582443906057,0.113388265307366,TRUE
"DDI2",0.860717203102404,0.00948576595433846,"Chromatin_Enriched",1.87289042212293,1.73750796780083,0.0737528722852272,0.0737528722852272,3,0.347860512748918,1.28638269970981,-0.511859240693678,0.113260125308611,TRUE
"SPART",0.807999195191529,0.00931312473331588,"Chromatin_Enriched",1.43843792348714,1.55642275683031,0.288444330819379,0.288444330819379,6,0.0888124011561786,0.0266443659180624,-0.12813723949907,0.11317560165503,TRUE
"CHERP",0.885929716281919,0.00537081942482202,"Chromatin_Enriched",1.50446749576267,1.32489850369499,0.0537911091506151,0.0537911091506151,5,0.471750890752241,0.218103693739983,-0.547537267894595,0.112641030837687,TRUE
"AKR1C3",0.866611526724139,0.00742101439207131,"Chromatin_Enriched",1.02846611554122,1.05996536902324,0.0672881591237278,0.0672881591237278,8,0.376824304512605,-1.16210976454518,-0.523413741689744,0.112596211667472,TRUE
"CCDC74B",0.809454213855659,0.0183956717753925,"Chromatin_Enriched",1.08579057623296,1.03630306733614,0.260901609138926,0.260901609138926,5,0.0959621371232942,-0.99589177564172,-0.177364853646971,0.111885378830028,TRUE
"RNF25",0.892118007103062,0.00871721422042635,"Chromatin_Enriched",1.9250625790403,1.9250625790403,0.0490184222195348,0.0490184222195348,2,0.502159191724347,1.43766107014565,-0.556067579220317,0.110939288084439,TRUE
"CCDC9",0.846366438624687,0.00820586736335822,"Chromatin_Enriched",1.47926595694522,1.62245612743708,0.0855250943746519,0.0855250943746519,4,0.277343082648949,0.145029319398557,-0.490818531158683,0.108903152658011,TRUE
"BBS5",0.828085342260493,0.0178285356696237,"Chromatin_Enriched",1.08868605908456,1.08868605908456,0.126347563605002,0.126347563605002,2,0.187512611455965,-0.987496034439972,-0.417855779432426,0.108838783534806,TRUE
"RBM22",0.887651798794559,0.00536814153300705,"Chromatin_Enriched",1.08871916823663,1.08871916823663,0.0492911622403921,0.0492911622403921,2,0.480212937035561,-0.987400031152634,-0.555580105953686,0.108789369401047,TRUE
"DRG2",0.826332188862317,0.0094152799102505,"Chromatin_Enriched",1.32646680525747,1.22745461508588,0.132237499795146,0.132237499795146,10,0.178897887661817,-0.298027054673036,-0.407328587911992,0.108758929249583,TRUE
"MCM3AP",0.840954628734554,0.00710834103991525,"Chromatin_Enriched",1.23990153411473,0.995737546337018,0.0936825203477105,0.0936825203477105,7,0.250750288499596,-0.549031688726247,-0.476238613353146,0.108376471165465,TRUE
"TATDN2",0.902247271592213,0.00426982202872038,"Chromatin_Enriched",1.85839797648767,1.65788029240213,0.0423001161674832,0.0423001161674832,4,0.551932825852822,1.24436040872412,-0.568075331464084,0.108043562164114,TRUE
"PFDN5",0.819417946379432,0.011740579311481,"Chromatin_Enriched",1.23635744397921,1.07359203252887,0.160239619160422,0.160239619160422,4,0.144922372856445,-0.559308131412512,-0.357279883814037,0.107755059821666,TRUE
"RRAS2",0.809919389998791,0.0154178619253918,"Chromatin_Enriched",1.86894333570263,2.01229403889643,0.236032323664776,0.236032323664776,5,0.0982479405178395,1.27493772911795,-0.221814185984536,0.107679361290138,TRUE
"TRMT10A",0.801825311656635,0.0170837876405236,"Chromatin_Enriched",1.95043178673479,1.96025964330833,0.395037832130917,0.395037832130917,5,0.0584748953533866,1.51122161711229,0.0623792902076623,0.107470451507575,TRUE
"PNRC1",0.84975562299304,0.00856313727202022,"Chromatin_Enriched",1.06017529961687,1.06017529961687,0.0783366278644117,0.0783366278644117,1,0.293997008797785,-1.07016582397909,-0.503666609855726,0.107309678667496,TRUE
"PARP12",0.805471053360504,0.0123966638261959,"Chromatin_Enriched",1.33711329100146,1.29350051239744,0.295698176249478,0.295698176249478,4,0.076389504443677,-0.267156507826186,-0.115172307853449,0.106273790627315,TRUE
"DNMT3A",0.805949381268506,0.0185797331628292,"Chromatin_Enriched",1.6267132117999,1.54049212845873,0.286190644137356,0.286190644137356,14,0.0787399335702769,0.572567335029844,-0.132165295247519,0.1061476149233,TRUE
"BRWD3",0.852030465003183,0.0176258935286501,"Chromatin_Enriched",1.82229169526594,1.82229169526594,0.0728868276269722,0.0728868276269722,2,0.305175229490336,1.13966664660167,-0.513407138274972,0.105459125607706,TRUE
"UBASH3B",0.814068987693165,0.00913239297654038,"Chromatin_Enriched",2.38665932654195,2.38665932654195,0.183699950568463,0.183699950568463,2,0.118638419771428,2.77610685974825,-0.315348801049745,0.104388389793913,TRUE
"TAF8",0.814362146772273,0.0112710568383083,"Chromatin_Enriched",1.36072394178144,1.33673459619806,0.179283652584623,0.179283652584623,5,0.120078958002075,-0.198695071957582,-0.32324213184083,0.103750166720752,TRUE
"USP20",0.837757265010385,0.0160884124041112,"Chromatin_Enriched",1.72250768150839,1.76439284574985,0.0900092793071451,0.0900092793071451,3,0.235038939235008,0.850332950456076,-0.482803864772925,0.102848640072825,TRUE
"KLHDC4",0.796029892179716,0.0115225832068044,"Chromatin_Enriched",1.39673544693431,1.29180431732172,0.704592068049828,0.704592068049828,15,0.0299971032121941,-0.0942761224957719,0.615651282005032,0.102800099678415,TRUE
"DCTN4",0.915432242689005,0.00318198602108182,"Chromatin_Enriched",1.27711794451637,1.28912158007474,0.0339567052008689,0.0339567052008689,4,0.616721728153591,-0.441118996369127,-0.58298766367682,0.102327508310038,TRUE
"TAF6",0.801319246991747,0.0133963915971703,"Chromatin_Enriched",1.77663812691296,1.71816825678132,0.371304455473401,0.371304455473401,13,0.0559881721068505,1.00728957359778,0.0199601886360056,0.101952581519756,TRUE
"CWC15",0.861313991445984,0.0094152799102505,"Chromatin_Enriched",2.01809626309457,2.06591196180475,0.0590073281481815,0.0590073281481815,4,0.350793038076627,1.70742151232299,-0.538214223530923,0.101733376799075,TRUE
"CCDC12",0.844204252921574,0.0122409769445504,"Chromatin_Enriched",1.54349260545844,1.56844131944889,0.0775645981212079,0.0775645981212079,6,0.266718437570342,0.331260890023936,-0.505046472846395,0.101705231973729,TRUE
"NELFCD",0.885581921024502,0.00429246134733598,"Chromatin_Enriched",1.46040997177914,1.54960862866979,0.0438078976541495,0.0438078976541495,5,0.470041878818271,0.0903545105075687,-0.565380445820388,0.101468089861875,TRUE
"COMMD3",0.875403948951474,0.010356670240949,"Chromatin_Enriched",1.67886437777233,1.576230923548,0.0488792764451435,0.0488792764451435,5,0.420028903179682,0.723784840128088,-0.556316277027727,0.101318085437572,TRUE
"MTA2",0.932457774555424,0.00387420855077664,"Chromatin_Enriched",1.3723284259885,1.29764165968245,0.0287984563153631,0.0287984563153631,8,0.700382550207302,-0.165046713056602,-0.592207096990658,0.100423942056134,TRUE
"RBM38",0.810250883725391,0.0109343624784662,"Chromatin_Enriched",1.44997838996703,0.923916146014584,0.201019915925849,0.201019915925849,3,0.0998768492585823,0.0601070990366732,-0.284392507711692,0.100192903543362,TRUE
"NUDCD2",0.823189246975648,0.0126888819099435,"Chromatin_Enriched",1.50651296226165,1.53988157710483,0.122763160261137,0.122763160261137,4,0.163453958863071,0.224034727782461,-0.42426224959937,0.100165174954234,TRUE
