"gene_id","baseMean","log2FoldChange","lfcSE","pvalue","padj","GeneSymbol","Chromosome","Strand","Class","qvalue"
"ENSG00000264112",1575.66432604929,5.18716259026824,0.279591002936582,5.00985065463985e-78,7.22821252451437e-74,"AC015813.1","17:57989039-57994850","-","lncRNA",1.33295390418322e-74
"ENSG00000245532",29760.4741049222,4.70103646461289,0.258047251600529,2.84751387253451e-75,2.0541965076464e-71,"NEAT1","11:65422774-65445540","+","lncRNA",3.78814159868766e-72
"ENSG00000251562",16105.9435539488,5.46465320071671,0.300391303727236,7.20990436761068e-75,3.46748334052956e-71,"MALAT1","11:65497688-65506516","+","lncRNA",6.39438234663649e-72
"ENSG00000261786",1289.01595363885,5.22543599482407,0.297509957349599,3.29350163858677e-70,1.18796604103825e-66,"AC006058.1","3:44117299-44122365","+","lncRNA",2.19072691494417e-67
"ENSG00000267519",1127.55900281089,4.44515299863722,0.276849960905416,3.85532798143968e-59,1.11249344232424e-55,"AC020916.1","19:13823880-13842928","-","lncRNA",2.05154797578942e-56
"ENSG00000215252",2276.1672258432,4.36812993640053,0.283118282209816,8.89223038410071e-55,1.60371374977256e-51,"GOLGA8B","15:34525207-34588503","-","protein_coding",2.95740682319696e-52
"ENSG00000091136",5109.7539166436,3.60249372036571,0.241530945151452,2.61484645500379e-51,4.19188940586608e-48,"LAMB1","7:107923799-108003187","-","protein_coding",7.7302588025784e-49
"ENSG00000166598",14231.1041791409,3.31055460488419,0.223853919771922,1.86932169044767e-50,2.6970573349779e-47,"HSP90B1","12:103930107-103953645","+","protein_coding",4.97364056780597e-48
"ENSG00000173209",3009.20956213687,4.59832564375135,0.313548467222082,8.30462063695458e-50,1.08926424136346e-46,"AHSA2P","2:61177418-61191203","+","transcribed_unitary_pseudogene",2.00871103096149e-47
"ENSG00000232931",506.971775157409,5.79892418788546,0.397296537420398,3.40501906587253e-49,4.09396792353407e-46,"LINC00342","2:95807052-95835003","-","lncRNA",7.54968190097902e-47
"ENSG00000198695",3671.98040044955,3.66171324415024,0.252801422872112,1.52623734122514e-48,1.69388864301511e-45,"MT-ND6","MT:14149-14673","-","protein_coding",3.12369824808146e-46
"ENSG00000090863",2640.37394086406,3.48171161489217,0.241508958299849,4.09958548154755e-48,4.22491566626915e-45,"GLG1","16:74447427-74607144","-","protein_coding",7.79116249432175e-46
"ENSG00000213903",734.24363758924,4.56667355836311,0.321871637583571,7.7671345690903e-47,7.00401359767718e-44,"LTB4R","14:24311450-24318036","+","protein_coding",1.29160940388971e-44
"ENSG00000062716",10545.0848473776,3.55259945852533,0.252734817682921,8.04786822923745e-46,6.83027310655517e-43,"VMP1","17:59707192-59842255","+","protein_coding",1.25956993836897e-43
"ENSG00000204149",463.520541950653,4.97249668957742,0.357418762198461,3.4905459124688e-45,2.65061033816315e-42,"AGAP6","10:49988318-50010499","+","protein_coding",4.88798771029543e-43
"ENSG00000277701",293.510834027044,5.2647282948043,0.376429172810133,3.35599122128918e-45,2.65061033816315e-42,"AC159540.2","2:97281356-97291849","+","lncRNA",4.88798771029543e-43
"ENSG00000114270",4417.39607719827,4.08829822127273,0.294269853086388,3.70590628200875e-45,2.67344079184111e-42,"COL7A1","3:48564073-48595267","-","protein_coding",4.93008932568251e-43
"ENSG00000138829",1057.30383452865,3.59949542065924,0.259152437640163,6.62461926369323e-45,4.55142889221742e-42,"FBN2","5:128257909-128659185","-","protein_coding",8.39328518761438e-43
"ENSG00000083857",3406.22886135513,3.47335496783294,0.251018473907686,1.54490101931262e-44,1.01317417757466e-41,"FAT1","4:186587794-186726722","-","protein_coding",1.86839342511792e-42
"ENSG00000228526",429.34301689465,5.50318695541831,0.402147482030136,1.00903344259866e-43,6.32971065644065e-41,"MIR34AHG","1:9148011-9198906","-","lncRNA",1.16726127009105e-41
"ENSG00000269929",245.94436776352,4.72453431870053,0.345006906189828,1.33639057972231e-43,8.03393470176397e-41,"AL158152.1","9:94166258-94200902","+","lncRNA",1.48153704534148e-41
"ENSG00000134871",1576.65526982278,3.86597884038711,0.283709148557756,2.38196398029652e-43,1.32180678106608e-40,"COL4A2","13:110305812-110513209","+","protein_coding",2.4375424815228e-41
"ENSG00000172037",2101.40787512706,3.72488956234805,0.273714152499745,3.20545290148751e-43,1.67424632633531e-40,"LAMB2","3:49121114-49133118","-","protein_coding",3.08747587274767e-41
"ENSG00000188157",6539.48837772938,3.68456419522977,0.270711424300182,3.2491611545182e-43,1.67424632633531e-40,"AGRN","1:1020120-1056118","+","protein_coding",3.08747587274767e-41
"ENSG00000187498",461.478181653479,3.6101195074725,0.266645100395695,8.44318408720206e-43,4.20062965552246e-40,"COL4A1","13:110148963-110307157","-","protein_coding",7.74637668768969e-41
"ENSG00000214548",1191.99319609097,4.44208085470961,0.330247937520413,1.62610802776815e-42,7.60843761063245e-40,"MEG3","14:100779410-100861031","+","lncRNA",1.40307117194349e-40
"ENSG00000244879",2189.53732260929,3.39069249652964,0.251159652788804,1.63474886283342e-42,7.60843761063245e-40,"GABPB1-AS1","15:50354959-50372202","+","lncRNA",1.40307117194349e-40
"ENSG00000125844",3077.30018524665,3.41255757497236,0.252969592498727,1.82083610455644e-42,8.20969478641885e-40,"RRBP1","20:17613678-17682295","-","protein_coding",1.51394894389119e-40
"ENSG00000188933",1005.74585537957,4.54634564096156,0.337496529416389,1.96428029236305e-42,8.58807153279215e-40,"USP32P1","17:16786489-16804455","+","transcribed_unprocessed_pseudogene",1.58372535951538e-40
"ENSG00000137801",1556.09041566684,3.47170708125031,0.258033598103532,2.75790827293003e-42,1.17032648711278e-39,"THBS1","15:39581079-39599466","+","protein_coding",2.15819783227917e-40
"ENSG00000101104",898.750029649971,4.30143637080371,0.323421832508884,1.92633804804512e-41,7.94091581634143e-39,"PABPC1L","20:44910062-44959035","+","protein_coding",1.46438344255708e-39
"ENSG00000163728",453.517666190998,4.2449274271723,0.319848261767616,3.25485916118816e-41,1.30447522160063e-38,"TTC14","3:180602163-180617828","+","protein_coding",2.4055813711145e-39
"ENSG00000197081",1952.2900537767,3.59898923706529,0.272393699799784,6.93000462286694e-41,2.70232720807363e-38,"IGF2R","6:159969099-160113507","+","protein_coding",4.98335873518645e-39
"ENSG00000273038",409.290370663428,3.7481684111779,0.284063307594058,8.60817279588229e-41,3.26838729207868e-38,"AL365203.2","10:32887255-32889311","-","lncRNA",6.02722953508038e-39
"ENSG00000266086",936.206480542084,4.30313108327732,0.330220659681737,6.32268386382131e-40,2.33906878941574e-37,"AC015813.2","17:57989038-58007246","-","protein_coding",4.31347427103259e-38
"ENSG00000197694",4859.64758961672,3.29035225823987,0.254138586040848,2.56385812977745e-39,9.24783627410726e-37,"SPTAN1","9:128552558-128633662","+","protein_coding",1.70539250541013e-37
"ENSG00000198804",274165.929079486,3.39999288514206,0.264626610493795,9.40277935383438e-39,3.3088609882225e-36,"MT-CO1","MT:5904-7445","+","protein_coding",6.10186703516586e-37
"ENSG00000130635",1007.57954397115,3.66125848768053,0.285368288478962,9.63397419857194e-39,3.30949951754752e-36,"COL5A1","9:134641774-134844843","+","protein_coding",6.10304454641618e-37
"ENSG00000134294",7372.87317389611,2.89993059585531,0.225599329791268,1.41166071398235e-38,4.73661413519474e-36,"SLC38A2","12:46358188-46372773","-","protein_coding",8.73478509756662e-37
"ENSG00000117335",3379.79892988855,3.25566255255062,0.255896376000518,5.18910017613698e-38,1.70155312139328e-35,"CD46","1:207752057-207795513","+","protein_coding",3.13783230452082e-36
"ENSG00000188153",730.931561768354,3.95894955759032,0.316982700019088,7.71741714355329e-37,2.27238560300381e-34,"COL4A5","X:108439844-108697545","+","protein_coding",4.19050387777188e-35
"ENSG00000198727",61497.5495314467,3.35917280826769,0.270042380357188,1.70177009853507e-36,4.9106277963328e-34,"MT-CYB","MT:14747-15887","+","protein_coding",9.05568350531063e-35
"ENSG00000108582",2124.44924570252,3.17365254816112,0.256622332027374,4.51434663432354e-36,1.2771175145102e-33,"CPD","17:30378927-30469989","+","protein_coding",2.35513105251635e-34
"ENSG00000146648",3354.13264181567,2.89951891786173,0.235281657391278,8.61926269177589e-36,2.39151388686428e-33,"EGFR","7:55019017-55211628","+","protein_coding",4.41018821955335e-34
"ENSG00000160781",250.308043350771,4.48027543565229,0.365310142155702,1.23008013575704e-35,3.34860305635899e-33,"PAQR6","1:156243320-156248117","-","protein_coding",6.17515534081983e-34
"ENSG00000127914",543.941215922288,4.26762186214092,0.348072659438593,1.3163089618772e-35,3.51698253740079e-33,"AKAP9","7:91940867-92110673","+","protein_coding",6.48566376303048e-34
"ENSG00000111897",1504.14717715562,2.86293437631512,0.23303685345355,1.37136637574497e-35,3.59746801259061e-33,"SERINC1","6:122443351-122471807","-","protein_coding",6.63408694237179e-34
"ENSG00000197746",19343.3838983353,3.09894310424213,0.2525031937863,1.44947843029494e-35,3.73447764148132e-33,"PSAP","10:71816298-71851325","-","protein_coding",6.88674625353785e-34
"ENSG00000145495",2226.25468438868,3.09880288059794,0.254169652595768,3.90939995930666e-35,9.89558291453973e-33,"MARCH6","5:10353695-10440388","+","protein_coding",1.82484339459716e-33
"ENSG00000167615",7786.01339635964,3.79583069509589,0.312712870946038,5.43623881005605e-35,1.35053764494258e-32,"LENG8","19:54448887-54462037","+","protein_coding",2.49052503709216e-33
"ENSG00000198848",1672.58203894074,3.369126267381,0.277167982248346,5.52271423978459e-35,1.35053764494258e-32,"CES1","16:55802851-55833337","-","protein_coding",2.49052503709216e-33
"ENSG00000044574",11472.0780508246,3.31535377669538,0.274213736194106,7.67665556319052e-35,1.82445991937128e-32,"HSPA5","9:125234853-125241343","-","protein_coding",3.36448460017456e-33
"ENSG00000262580",305.667435233954,4.71932413803811,0.390704221275114,1.04681161931658e-34,2.43603194249993e-32,"AC087741.1","17:80200673-80205949","-","lncRNA",4.49228391868358e-33
"ENSG00000102595",356.422512650376,3.50030005306246,0.290115800117711,1.5973261247184e-34,3.60097208241204e-32,"UGGT2","13:95801580-96053482","-","protein_coding",6.640548793809e-33
"ENSG00000142798",3265.46324484775,3.09192279072896,0.256398015062438,1.96388222256577e-34,4.29316556169377e-32,"HSPG2","1:21822244-21937310","-","protein_coding",7.91702205400931e-33
"ENSG00000101384",2160.97081780319,2.82457067363225,0.234828634503238,3.24335621423297e-34,6.98434976999303e-32,"JAG1","20:10637684-10673999","-","protein_coding",1.2879831995143e-32
"ENSG00000135862",4551.01203100666,2.95522639995004,0.245899480344544,3.50377110656969e-34,7.43417787140993e-32,"LAMC1","1:183023420-183145592","+","protein_coding",1.37093595193566e-32
"ENSG00000233237",581.204452119218,3.52396428734877,0.293971551909932,4.14471736153488e-34,8.666664071337e-32,"LINC00472","6:71343427-71420745","-","lncRNA",1.59821860120379e-32
"ENSG00000142192",7617.51456800811,3.03683900075736,0.253579432464113,5.88749702798868e-34,1.21349724456887e-31,"APP","21:25880550-26171128","-","protein_coding",2.23780898026698e-32
"ENSG00000182871",5174.25467653779,3.40276149630624,0.284758469934376,6.69701323990362e-34,1.349590563976e-31,"COL18A1","21:45405165-45513720","+","protein_coding",2.48877852608727e-32
"ENSG00000204262",5627.21135141826,2.85715627003406,0.238265349093717,6.73485726408871e-34,1.349590563976e-31,"COL5A2","2:189031898-189225312","-","protein_coding",2.48877852608727e-32
"ENSG00000121716",2061.59550954743,3.81008660989585,0.319937239022071,8.40073838323838e-34,1.66035415607347e-31,"PILRB","7:100352176-100367733","+","protein_coding",3.06185733631796e-32
"ENSG00000198786",22434.3086108233,3.29515549754672,0.277257172140637,1.26879486140058e-33,2.40870687635362e-31,"MT-ND5","MT:12337-14148","+","protein_coding",4.44189379321582e-32
"ENSG00000138448",3197.29740034795,3.02432841736504,0.256576550335086,5.42353889146597e-33,9.78135239075887e-31,"ITGAV","2:186590056-186680901","+","protein_coding",1.80377815583527e-31
"ENSG00000271533",237.283143806892,5.01318567507874,0.428830090116009,1.14614810147522e-32,2.01666156196152e-30,"Z83843.1","X:74209976-74213660","-","lncRNA",3.71892344520326e-31
"ENSG00000115414",2971.7022166116,3.97512208332358,0.34178031196776,2.08084981300971e-32,3.61716880748242e-30,"FN1","2:215360440-215436073","-","protein_coding",6.67041715731426e-31
"ENSG00000151914",3229.80724242598,3.54778822802288,0.304509730146767,2.17027809814102e-32,3.68385557646808e-30,"DST","6:56457987-56954649","-","protein_coding",6.79339415719539e-31
"ENSG00000011426",2427.66512796573,2.7534693735957,0.23662521514929,3.67569523597265e-32,6.16661986797831e-30,"ANLN","7:36389821-36453791","+","protein_coding",1.13718571510703e-30
"ENSG00000127463",1429.42567068751,2.8329790577421,0.244012962272675,4.56303660097466e-32,7.56729794009912e-30,"EMC1","1:19215660-19251527","-","protein_coding",1.39548460966848e-30
"ENSG00000108588",2403.65580712666,2.66790503819455,0.230246901245498,6.50071621693215e-32,1.0658219724761e-29,"CCDC47","17:63745255-63776351","-","protein_coding",1.96548116779636e-30
"ENSG00000230551",679.404793183592,3.52165839167973,0.305631054669342,9.51746775076625e-32,1.52575583008951e-29,"AC021078.1","5:149494314-149504670","-","lncRNA",2.81364470628201e-30
"ENSG00000185164",2777.41679718091,2.87524184795579,0.249249804690279,1.08417711799327e-31,1.71895686356119e-29,"NOMO2","16:18417325-18562211","-","protein_coding",3.16992652697408e-30
"ENSG00000150093",29342.4336128207,2.49075747939185,0.215695738784936,1.19558792371107e-31,1.87499375688079e-29,"ITGB1","10:32900318-33005792","-","protein_coding",3.45767399627106e-30
"ENSG00000136068",15372.3191189404,2.98128213063551,0.259286404546955,1.67537867628371e-31,2.57152803632142e-29,"FLNB","3:58008400-58172251","+","protein_coding",4.74215212143549e-30
"ENSG00000197565",479.503705774181,3.15234707721619,0.274713284890779,1.86496522183778e-31,2.83239139165004e-29,"COL4A6","X:108155607-108439497","-","protein_coding",5.22320995802282e-30
"ENSG00000011028",2558.6246462937,3.20117120282766,0.279078592833743,1.94583874832213e-31,2.92443348549914e-29,"AC080038.1","17:62627670-62693597","+","protein_coding",5.39294468556334e-30
"ENSG00000164073",315.034450418323,3.34215925800873,0.291481052433205,1.98114660714209e-31,2.94680239668516e-29,"MFSD8","4:127917732-127966034","-","protein_coding",5.43419517093108e-30
"ENSG00000035403",3656.83707701566,2.63213724662608,0.229317737077127,2.41536212802358e-31,3.52008533162871e-29,"VCL","10:73995193-74121363","+","protein_coding",6.49138562257177e-30
"ENSG00000152952",3134.85799447834,2.45216887815535,0.213382984796569,2.44285382000945e-31,3.52454949150964e-29,"PLOD2","3:146069440-146163653","-","protein_coding",6.49961797506832e-30
"ENSG00000074695",1824.06741909266,2.74744007969217,0.241506468600457,7.20434530864982e-31,1.01906170699215e-28,"LMAN1","18:59327823-59359265","-","protein_coding",1.87925061186558e-29
"ENSG00000114857",1544.73155181518,3.69268541089359,0.325868402957591,7.99683232283307e-31,1.12017763838675e-28,"NKTR","3:42600655-42648735","+","protein_coding",2.06571839358954e-29
"ENSG00000165282",1363.75400978804,3.15252338803827,0.27899743435559,1.41769245484443e-30,1.96677564793225e-28,"PIGO","9:35088688-35096601","-","protein_coding",3.62692888410874e-29
"ENSG00000023839",11464.4504938328,3.0428064967736,0.269350707925381,1.59261015438308e-30,2.18839802927991e-28,"ABCC2","10:99782640-99852594","+","protein_coding",4.03562248224224e-29
"ENSG00000127415",217.210358973853,4.37573826848931,0.388052173658169,1.67387711008239e-30,2.27836782493101e-28,"IDUA","4:986997-1004564","+","protein_coding",4.20153568687614e-29
"ENSG00000145623",1778.74117584765,2.98503568539794,0.264686423967271,1.98453813616345e-30,2.67597347930525e-28,"OSMR","5:38845858-38945596","+","protein_coding",4.93475985194602e-29
"ENSG00000108679",1420.72878395875,3.20830425245329,0.285854072339776,3.3275961024832e-30,4.40463821712181e-28,"LGALS3BP","17:78971238-78979947","-","protein_coding",8.12258865952697e-29
"ENSG00000230590",1219.6753638136,4.01390032738179,0.359473256730345,4.86738745330988e-30,6.32672668255451e-28,"FTX","X:73940435-74293574","-","lncRNA",1.16671099578353e-28
"ENSG00000139641",1626.31358506495,2.77588991070973,0.248539592621823,7.43919863406976e-30,9.49847414976624e-28,"ESYT1","12:56118250-56144671","+","protein_coding",1.75161260944869e-28
"ENSG00000281207",153.799323849961,4.661811556162,0.41917300686573,8.45018900044879e-30,1.06946777981119e-27,"SLFNL1-AS1","1:41014590-41043890","+","lncRNA",1.97220439723202e-28
"ENSG00000153214",580.861541652461,2.95087875042181,0.264649735579616,8.52611477385894e-30,1.06969377354119e-27,"TMEM87B","2:112055269-112119318","+","protein_coding",1.97262115202957e-28
"ENSG00000084234",4148.65217062479,2.84242385030246,0.255624493003931,1.2750727302399e-29,1.55904655524587e-27,"APLP2","11:130068147-130144811","+","protein_coding",2.87503609719611e-28
"ENSG00000155380",947.075592674422,2.79602768497425,0.251685481189407,1.4015874026566e-29,1.69933639038062e-27,"SLC16A1","1:112911847-112957013","-","protein_coding",3.13374443321402e-28
"ENSG00000270069",148.843151902662,6.11500788135883,0.550042521705614,1.68868173435702e-29,2.01357851762836e-27,"MIR222HG","X:45745211-45770274","-","lncRNA",3.71323800642193e-28
"ENSG00000135506",3124.37210976025,2.8199440240982,0.25411338003238,1.80254941693834e-29,2.13173631045789e-27,"OS9","12:57693955-57721557","+","protein_coding",3.9311326667237e-28
"ENSG00000196878",295.997389832339,3.19195364014082,0.288450346337446,1.96421384660872e-29,2.30403881129029e-27,"LAMB3","1:209614870-209652425","-","protein_coding",4.24887552556488e-28
"ENSG00000134910",1805.17714077793,2.76822466447117,0.249806658465737,2.01633923328798e-29,2.34610826273218e-27,"STT3A","11:125591712-125625215","+","protein_coding",4.3264557563012e-28
"ENSG00000142156",497.46633832804,3.52531833407296,0.319338410169574,2.12569822355362e-29,2.45356591755453e-27,"COL6A1","21:45981737-46005050","+","protein_coding",4.52461830346489e-28
"ENSG00000258727",215.235587239385,4.32108037835286,0.392020633060453,2.55585903413359e-29,2.92666144003805e-27,"AL135999.1","14:23561097-23568073","+","lncRNA",5.397053254163e-28
"ENSG00000131389",4222.65859843586,2.63490769866806,0.238394970694993,3.04507229824854e-29,3.45939394638818e-27,"SLC6A6","3:14402576-14489349","+","protein_coding",6.37946470348937e-28
"ENSG00000198743",525.011707446463,3.14575798476484,0.285188636814034,3.15095902472853e-29,3.55172162568619e-27,"SLC5A3","21:34073578-34106260","+","protein_coding",6.54972607885301e-28
"ENSG00000137845",2918.39111510813,2.55444082930786,0.231334031993948,3.59216753092292e-29,3.95632008672946e-27,"ADAM10","15:58588809-58749791","-","protein_coding",7.29584567127657e-28
"ENSG00000230373",341.739881687012,3.83640716737766,0.348627057277812,3.56648642725145e-29,3.95632008672946e-27,"GOLGA6L5P","15:84507885-84516814","-","transcribed_unprocessed_pseudogene",7.29584567127657e-28
"ENSG00000221978",3123.0542831449,3.02454699082102,0.274506272118842,3.6289211546925e-29,3.96652078938662e-27,"CCNL2","1:1385711-1399335","-","protein_coding",7.31465677621595e-28
"ENSG00000107789",796.387365811699,2.73328531169192,0.248321823222917,4.7442673747621e-29,5.14663832203515e-27,"MINPP1","10:87504875-87553461","+","protein_coding",9.49091026517187e-28
"ENSG00000156535",1465.30523732705,3.03908721675249,0.276614712775724,5.11272235342401e-29,5.50495209814937e-27,"CD109","6:73695785-73828316","+","protein_coding",1.0151676319261e-27
"ENSG00000182220",1818.02503595995,2.66689486626538,0.243000362894631,7.22129409531032e-29,7.71769120052869e-27,"ATP6AP2","X:40579372-40606848","+","protein_coding",1.42321861485615e-27
"ENSG00000182985",555.534212049476,2.83650848527289,0.258782344468826,7.33801413014205e-29,7.7847696963007e-27,"CADM1","11:115169218-115504957","-","protein_coding",1.43558855313934e-27
"ENSG00000155304",539.946095586593,2.82995091015732,0.258317331183835,7.8530504168024e-29,8.21042111692935e-27,"HSPA13","21:14371115-14383484","-","protein_coding",1.51408288642352e-27
"ENSG00000167004",4929.81832534172,2.88718115855749,0.264191169655068,1.14797663039194e-28,1.19158322469747e-26,"PDIA3","15:43746410-43773278","+","protein_coding",2.19739735948957e-27
"ENSG00000072042",1639.05414675835,2.50576652845013,0.229781459152891,1.63787043447193e-28,1.67597125025255e-26,"RDH11","14:67676800-67695793","-","protein_coding",3.090656803112e-27
"ENSG00000102287",908.829063818671,3.54179725995444,0.326933500620289,2.17612419831777e-28,2.19560279254048e-26,"GABRE","X:151953124-151974680","-","protein_coding",4.04890877852134e-27
"ENSG00000134250",882.241540978011,2.7719391568669,0.255200314797392,2.28808015898105e-28,2.29252920373462e-26,"NOTCH2","1:119911553-120100779","-","protein_coding",4.2276506704919e-27
"ENSG00000026036",346.598783932967,4.03796544849039,0.373955489431719,2.52824279455751e-28,2.51568876137075e-26,"RTEL1-TNFRSF6B","20:63659300-63698684","+","protein_coding",4.63917897378685e-27
"ENSG00000075213",610.279981405424,3.10721886595504,0.287484618292602,3.49927355258476e-28,3.38842408165724e-26,"SEMA3A","7:83955777-84492724","-","protein_coding",6.24858925129199e-27
"ENSG00000117385",681.998201209213,3.06004541069525,0.283468722888621,3.98463378645104e-28,3.83268641806105e-26,"P3H1","1:42746335-42767084","-","protein_coding",7.06785295415439e-27
"ENSG00000163660",1520.72215507999,2.81455992641816,0.260657370400955,4.56306146341233e-28,4.35999011881544e-26,"CCNL1","3:157146508-157160760","-","protein_coding",8.04025314884575e-27
"ENSG00000125304",1531.48337192654,2.80211674162595,0.259813728910808,5.20319490727321e-28,4.93892737645644e-26,"TM9SF2","13:99446311-99564006","+","protein_coding",9.10787073096928e-27
"ENSG00000126777",3786.40080233054,2.6253615380679,0.243260767358566,5.3313798273397e-28,5.02752602280112e-26,"KTN1","14:55559072-55701526","+","protein_coding",9.27125540062303e-27
"ENSG00000283486",634.141483646625,3.79996850598487,0.35405816829847,5.91506217204514e-28,5.54172188430307e-26,"FAM95C","9:38540569-38577207","-","protein_coding",1.02194834428663e-26
"ENSG00000125730",223.746454926256,3.4337974266521,0.320071966709105,7.04280898677521e-28,6.51369538853799e-26,"C3","19:6677704-6730562","-","protein_coding",1.20118987500237e-26
"ENSG00000118785",2487.45121432705,2.70077591241729,0.251285803279697,8.21375056795271e-28,7.50050589838112e-26,"SPP1","4:87975650-87983426","+","protein_coding",1.38316749634697e-26
"ENSG00000123983",3398.29041497725,2.44011617263317,0.226951855371145,9.1651601852255e-28,8.26468319702709e-26,"ACSL3","2:222860942-222944639","+","protein_coding",1.52408935085301e-26
"ENSG00000072274",4253.73887895968,2.34949113057787,0.21848182763717,9.91305282438616e-28,8.88357305281015e-26,"TFRC","3:196027183-196082096","-","protein_coding",1.63821876344673e-26
"ENSG00000072682",642.273684629079,2.99880728146106,0.280254080733318,1.13032286648951e-27,1.00668508134016e-25,"P4HA2","5:132191838-132295315","-","protein_coding",1.85642688964175e-26
"ENSG00000071537",1588.4217337648,2.76068184349496,0.257694139036645,1.17486433816021e-27,1.03882215346341e-25,"SEL1L","14:81471547-81533853","-","protein_coding",1.91569083022238e-26
"ENSG00000154305",559.32854056898,3.0304495604942,0.283187505666285,1.18080699451067e-27,1.03882215346341e-25,"MIA3","1:222618097-222668007","+","protein_coding",1.91569083022238e-26
"ENSG00000099250",4896.77401141698,2.49288982880025,0.232011335414216,1.27156915066105e-27,1.11189089125683e-25,"NRP1","10:33177492-33336262","-","protein_coding",2.05043681200578e-26
"ENSG00000154265",266.104485669107,3.75877837287375,0.352996167777936,1.66428204577959e-27,1.42930127122071e-25,"ABCA5","17:69244311-69327244","-","protein_coding",2.63577295668362e-26
"ENSG00000143512",328.145037947548,3.3378701087848,0.314030410655006,2.01793218426421e-27,1.71263091497436e-25,"HHIPL2","1:222522258-222548104","-","protein_coding",3.15826085190173e-26
"ENSG00000120708",12062.60727482,2.55985883875297,0.240586803150783,2.40905762898675e-27,2.02080717854772e-25,"TGFBI","5:136028988-136063818","+","protein_coding",3.72656837234824e-26
"ENSG00000073605",299.942352172696,4.19982693814491,0.396241362041925,2.48838225207595e-27,2.07528203080647e-25,"GSDMB","17:39904595-39919854","-","protein_coding",3.82702538955938e-26
"ENSG00000033867",1399.61123890735,2.96677773826264,0.2799667675729,3.6806140700327e-27,3.03450856013896e-25,"SLC4A7","3:27372721-27484420","-","protein_coding",5.59593401383335e-26
"ENSG00000167524",315.955436186603,4.06374703638498,0.384949120236868,3.77143998337815e-27,3.09172364091932e-25,"RSKR","17:28607964-28614200","-","protein_coding",5.70144428355175e-26
"ENSG00000049323",649.770642752881,2.82305603818776,0.26672159173283,4.32708568298153e-27,3.52718600192416e-25,"LTBP1","2:32946953-33399509","+","protein_coding",6.50447996112439e-26
"ENSG00000139631",342.769705457035,3.66529314095986,0.347527579022622,4.53443124152981e-27,3.6754367389209e-25,"CSAD","12:53157663-53180909","-","protein_coding",6.77786898781343e-26
"ENSG00000151012",5552.36235207655,2.57008051546846,0.24311612828729,5.47869154284134e-27,4.41600902682206e-25,"SLC7A11","4:138164097-138242349","-","protein_coding",8.14355755762214e-26
"ENSG00000134313",934.422358604445,2.70157621086352,0.255607226858025,5.65764993444299e-27,4.5349207363413e-25,"KIDINS220","2:8721081-8837630","-","protein_coding",8.36284251489092e-26
"ENSG00000140284",889.639125901692,2.74962536032149,0.260352176824885,5.82698628516488e-27,4.62534705304114e-25,"SLC27A2","15:50182196-50236385","+","protein_coding",8.52959758950607e-26
"ENSG00000182326",1226.12075565728,2.70995148373208,0.256563927974765,5.83457973144918e-27,4.62534705304114e-25,"C1S","12:6988259-7071032","+","protein_coding",8.52959758950607e-26
"ENSG00000166340",1504.27657115024,2.92289817488636,0.277420277282761,7.12092122176333e-27,5.55354872365412e-25,"TPP1","11:6612768-6619448","-","protein_coding",1.02412933047563e-25
"ENSG00000137642",301.784649617028,3.34077525388483,0.317465938451122,7.23310024687064e-27,5.61070808397041e-25,"SORL1","11:121452314-121633763","+","protein_coding",1.03467008204261e-25
"ENSG00000173230",1312.596560706,3.02654819494571,0.287438654454893,7.65119220191366e-27,5.87188303666012e-25,"GOLGB1","3:121663199-121749767","-","protein_coding",1.08283332733762e-25
"ENSG00000279088",178.713260447316,3.62554094096087,0.345001484675022,8.89709417574502e-27,6.79191929987562e-25,"AC022400.8","10:73742995-73744230","-","TEC",1.25249711695144e-25
"ENSG00000174938",477.162781379874,2.87346900442029,0.274098463401553,1.23367346654412e-26,9.31907893994692e-25,"SEZ6L2","16:29871159-29899547","-","protein_coding",1.71853035785337e-25
"ENSG00000135047",13604.757103352,2.69834973756578,0.257522402999636,1.49351109709994e-26,1.11649627507554e-24,"CTSL","9:87726109-87731469","+","protein_coding",2.05892959541606e-25
"ENSG00000132182",3095.07233079243,3.02874851864396,0.290150387830464,1.89437509378827e-26,1.39449203332536e-24,"NUP210","3:13316235-13420322","-","protein_coding",2.57158127803986e-25
"ENSG00000091409",1329.5288686351,2.60107354147602,0.248743834306976,1.91194988695845e-26,1.40028492228612e-24,"ITGA6","2:172427354-172506459","+","protein_coding",2.58226393842174e-25
"ENSG00000153201",2016.17849961608,2.83609804567273,0.27168063941167,2.11761213102847e-26,1.53532200133059e-24,"RANBP2","2:108719482-108785809","+","protein_coding",2.83128567251071e-25
"ENSG00000005893",1923.7470861667,2.45015246878785,0.23445380838211,2.28034747679457e-26,1.63685837787025e-24,"LAMP2","X:120427827-120469365","-","protein_coding",3.01852879668027e-25
"ENSG00000260261",153.119337079912,5.28077886292543,0.508937513957945,2.70308518658929e-26,1.89320937243254e-24,"AC124944.2","3:195913078-195954485","-","transcribed_unprocessed_pseudogene",3.49126539356943e-25
"ENSG00000130702",12762.2971802245,2.85693230114762,0.274868103113555,2.87681417047959e-26,2.00515337447727e-24,"LAMA5","20:62307955-62367312","-","protein_coding",3.69770120888249e-25
"ENSG00000144802",427.039452253339,3.10262662319596,0.298565529606489,2.90872932689557e-26,2.0176512850216e-24,"NFKBIZ","3:101827991-101861022","+","protein_coding",3.72074859244751e-25
"ENSG00000115306",8576.95118367197,2.81084904701193,0.270092131263238,3.49989710706755e-26,2.40459597432241e-24,"SPTBN1","2:54456317-54671446","+","protein_coding",4.43431288314485e-25
"ENSG00000134013",4114.55244988485,2.96405011932096,0.285511167743068,3.5536733169173e-26,2.42997149841151e-24,"LOXL2","8:23297189-23425328","-","protein_coding",4.48110786017485e-25
"ENSG00000163346",688.141186471559,3.01430198614288,0.290799120025991,4.20191059830285e-26,2.84625193015556e-24,"PBXIP1","1:154944076-154956123","-","protein_coding",5.24877016236428e-25
"ENSG00000101115",287.432280156688,3.71983915583505,0.360041444325828,4.55238320481135e-26,3.06924228406627e-24,"SALL4","20:51782331-51802521","-","protein_coding",5.65998643724884e-25
"ENSG00000152661",1990.38888871352,2.55270571078296,0.246301592789028,5.32978970883286e-26,3.57666074042049e-24,"GJA1","6:121435595-121449727","+","protein_coding",6.59571627385519e-25
"ENSG00000162736",963.603196391364,2.70268257075483,0.261314416604484,5.93446569468019e-26,3.92763628636908e-24,"NCSTN","1:160343316-160358952","+","protein_coding",7.24294990548729e-25
"ENSG00000170017",2233.17507562807,3.03500793552072,0.29384327992375,5.96814681540206e-26,3.93189142706031e-24,"ALCAM","3:105366909-105576900","+","protein_coding",7.25079680591807e-25
"ENSG00000123384",775.117734617996,3.0976547951329,0.300398117465572,6.73158113887583e-26,4.37492129151804e-24,"LRP1","12:57128493-57213351","+","protein_coding",8.0677877085733e-25
"ENSG00000140575",4408.300555379,2.54619447997331,0.246518002804745,7.93740685464896e-26,5.13546664120517e-24,"IQGAP1","15:90388242-90502239","+","protein_coding",9.47030858041493e-25
"ENSG00000120885",11831.3356452288,2.74210689765037,0.265969749238506,8.4657939498767e-26,5.45287835307237e-24,"CLU","8:27596917-27615031","-","protein_coding",1.00556471812543e-24
"ENSG00000261326",168.689797184071,6.93679101194761,0.667442018592706,9.08094231311611e-26,5.82310380860619e-24,"LINC01355","1:23281307-23287488","-","lncRNA",1.07383795507137e-24
"ENSG00000124942",9755.76049248375,2.32443397418002,0.225057181417772,1.00412483804117e-25,6.38216438910043e-24,"AHNAK","11:62433542-62556235","-","protein_coding",1.17693425736152e-24
"ENSG00000089597",6405.63971213874,2.53187679062851,0.246068012771209,1.18120305432057e-25,7.44209505141363e-24,"GANAB","11:62624826-62646726","-","protein_coding",1.37239595825953e-24
"ENSG00000100600",1009.62910702031,2.83130908174894,0.27606074240349,1.36672700215916e-25,8.46314900736154e-24,"LGMN","14:92703807-92748679","-","protein_coding",1.56068840986449e-24
"ENSG00000214021",561.572752621474,3.67088096447237,0.358944429767185,1.36148127859112e-25,8.46314900736154e-24,"TTLL3","3:9808086-9855138","+","protein_coding",1.56068840986449e-24
"ENSG00000110719",2197.75434772812,3.00342012480193,0.293156853866088,1.43712344609708e-25,8.86103294029431e-24,"TCIRG1","11:68039025-68050895","+","protein_coding",1.63406214369091e-24
"ENSG00000144395",256.512979224703,3.26004471020871,0.318901668748032,1.82217627228903e-25,1.11873869176962e-23,"CCDC150","2:196639554-196763490","+","protein_coding",2.0630648336607e-24
"ENSG00000225783",149.671611845656,5.52519781365599,0.538559178286197,1.9413917597928e-25,1.18187343081395e-23,"MIAT","22:26646411-26676475","+","lncRNA",2.17949153889842e-24
"ENSG00000142408",812.625407222717,3.22010562115833,0.316146137036514,2.37877040312986e-25,1.44205459564528e-23,"CACNG8","19:53963040-53990215","+","protein_coding",2.659291348714e-24
"ENSG00000169919",788.983166840905,2.71099179858944,0.265769782957227,2.62057974803064e-25,1.56886824085419e-23,"GUSB","7:65960684-65982215","-","protein_coding",2.89314825719815e-24
"ENSG00000135677",2632.11716672924,2.6314840442991,0.258362809375429,3.208518175085e-25,1.88948980531128e-23,"GNS","12:64713445-64759431","-","protein_coding",3.48440614379041e-24
"ENSG00000138834",1526.71204670897,3.21873116825425,0.317541332726259,4.01364312407548e-25,2.35401800789273e-23,"MAPK8IP3","16:1706183-1770317","+","protein_coding",4.34104210895353e-24
"ENSG00000166479",1001.67956483285,2.53124929546556,0.248906210031249,4.11819765982099e-25,2.40556096501608e-23,"TMX3","18:68673688-68715108","-","protein_coding",4.43609242145847e-24
"ENSG00000259865",136.631169707011,3.91214504326574,0.38632299935231,4.80410821023696e-25,2.75054258957535e-23,"AL390728.6","1:247187281-247188526","-","lncRNA",5.07227266902064e-24
"ENSG00000213614",2620.56340068205,2.62315164752332,0.258391594639438,4.95995697449779e-25,2.82854779557526e-23,"HEXA","15:72340919-72376476","-","protein_coding",5.21612198658228e-24
"ENSG00000075568",795.355267556008,2.72987378336144,0.269813099640054,6.24225556219682e-25,3.53189267652454e-23,"TMEM131","2:97756333-97995948","-","protein_coding",6.5131595347576e-24
"ENSG00000223705",1161.3558734742,3.22642599926202,0.319888212401064,6.69245824109927e-25,3.7667152501677e-23,"NSUN5P1","7:75410322-75416787","+","transcribed_unprocessed_pseudogene",6.9461955934878e-24
"ENSG00000186594",752.532420260774,2.91246306570012,0.288788612781195,7.3871235133212e-25,4.11511266603082e-23,"MIR22HG","17:1711493-1717174","-","lncRNA",7.58867489816665e-24
"ENSG00000003436",1793.5440139895,3.06020478809265,0.303479060054132,7.52181792320329e-25,4.17403034599912e-23,"TFPI","2:187464230-187565760","-","protein_coding",7.69732492923977e-24
"ENSG00000005206",854.564473785356,3.01089005521474,0.298932134718084,8.22761585605468e-25,4.50479886084897e-23,"SPPL2B","19:2328615-2355095","+","protein_coding",8.3072947962777e-24
"ENSG00000118705",4836.54792929015,2.61784457134105,0.259383172528507,8.36951541731643e-25,4.55680635626572e-23,"RPN2","20:37178410-37241619","+","protein_coding",8.40320176335626e-24
"ENSG00000274471",299.201847032956,3.46825437100894,0.345894220217729,1.22012608238699e-24,6.60489707255969e-23,"AC242376.2","15:23309607-23314566","+","transcribed_unprocessed_pseudogene",1.21800836786938e-23
"ENSG00000171155",565.764972551205,2.75968065100583,0.27562527698702,1.67562294056311e-24,8.98731887971914e-23,"C1GALT1C1","X:120625674-120630054","-","protein_coding",1.65735052037171e-23
"ENSG00000227671",270.658268359074,3.59251424098465,0.359607091094836,1.76257035526452e-24,9.38389855562968e-23,"AL390728.4","1:247189851-247210856","-","transcribed_unprocessed_pseudogene",1.73048373629914e-23
"ENSG00000147162",3790.72306899784,2.75409344865443,0.275458840839347,2.04776398087979e-24,1.08621833515197e-22,"OGT","X:71533104-71575892","+","protein_coding",2.0030940785509e-23
"ENSG00000142892",498.215504259127,2.55072099839873,0.255037085296285,2.14474393020769e-24,1.1293564023736e-22,"PIGK","1:77088989-77219430","-","protein_coding",2.08264494251204e-23
"ENSG00000178209",17858.4165602005,2.55850176725613,0.255877107877788,2.27922805754418e-24,1.19147472515389e-22,"PLEC","8:143915147-143976734","-","protein_coding",2.19719727559644e-23
"ENSG00000166471",1528.84630546633,2.42882126653493,0.243065573594864,2.62854873214014e-24,1.35930828341642e-22,"TMEM41B","11:9280654-9314636","-","protein_coding",2.50669896218946e-23
"ENSG00000186908",787.654294548451,2.65461416899133,0.266134134321098,2.7057165215175e-24,1.3942170704448e-22,"ZDHHC17","12:76763588-76853696","+","protein_coding",2.57107421928376e-23
"ENSG00000055732",229.860438718781,3.39405499908495,0.342053101912392,3.14118867646217e-24,1.60145124466418e-22,"MCOLN3","1:85018082-85048500","-","protein_coding",2.95323453992882e-23
"ENSG00000070961",2974.50661841899,2.50813313954163,0.251909504116282,3.61415670851943e-24,1.82965098212345e-22,"ATP2B1","12:89588049-89709300","-","protein_coding",3.37405743348417e-23
"ENSG00000155660",5458.30732294153,2.66843474334067,0.268726790198951,4.17959917946845e-24,2.10115877914184e-22,"PDIA4","7:149003062-149028662","-","protein_coding",3.87474467368975e-23
"ENSG00000127022",12707.1642625905,2.18455001485563,0.220055683273313,4.63296899524255e-24,2.31295767001244e-22,"CANX","5:179678628-179731641","+","protein_coding",4.2653227834647e-23
"ENSG00000113161",900.416111626827,2.33076338610265,0.234644513576683,4.9485333289718e-24,2.46198065070362e-22,"HMGCR","5:75336329-75362101","+","protein_coding",4.54013590393072e-23
"ENSG00000129003",1198.16552541701,3.28648633354852,0.333006364833486,5.65720114567548e-24,2.75750331519614e-22,"VPS13C","15:61852389-62060473","-","protein_coding",5.08510893574732e-23
"ENSG00000109586",1134.30970698753,2.55618215597499,0.258382465695569,6.5087416370684e-24,3.13027081132076e-22,"GALNT7","4:173168811-173323967","+","protein_coding",5.77252907956122e-23
"ENSG00000164307",309.423904825677,2.64870582233932,0.268262003276963,7.50157025398439e-24,3.57203483909197e-22,"ERAP1","5:96760810-96808100","-","protein_coding",6.58718565412687e-23
"ENSG00000141458",1807.69501472757,2.85781478258173,0.290047900261953,8.23658196962082e-24,3.87092523314949e-22,"NPC1","18:23506184-23586506","-","protein_coding",7.13836911245856e-23
"ENSG00000105726",994.531002963619,2.68879276517798,0.272756372460919,8.3158666915206e-24,3.89549755276816e-22,"ATP13A1","19:19645198-19663676","-","protein_coding",7.18368290097745e-23
"ENSG00000132424",1670.18774743092,2.93918134211593,0.298588775773444,8.66183803331618e-24,4.04443362927786e-22,"PNISR","6:99398050-99425331","-","protein_coding",7.45833576153466e-23
"ENSG00000136731",2311.11849492681,2.31862922776423,0.235075494572694,1.0115589074193e-23,4.6928527061883e-22,"UGGT1","2:128091200-128195677","+","protein_coding",8.65408469279996e-23
"ENSG00000014123",300.192047417584,3.43247379226717,0.349705087830688,1.08216165388198e-23,5.0043039558363e-22,"UFL1","6:96521595-96555276","+","protein_coding",9.22843161158946e-23
"ENSG00000088812",1539.59052807513,2.6077418922695,0.265664533697259,1.34885087999617e-23,6.15861408119772e-22,"ATRN","20:3471018-3651118","+","protein_coding",1.13570936881685e-22
"ENSG00000116005",2192.76633873067,2.36222608418722,0.240698163855779,1.60119675253881e-23,7.19690552823361e-22,"PCYOX1","2:70257386-70281185","+","protein_coding",1.32718058432313e-22
"ENSG00000038427",164.930238110943,3.90511831605642,0.399591858685366,1.79552580302335e-23,7.94657861534384e-22,"VCAN","5:83471618-83582303","+","protein_coding",1.46542771871987e-22
"ENSG00000030582",3486.54147127206,2.64632385381487,0.270272821527918,1.86500582694257e-23,8.20375124119737e-22,"GRN","17:44345246-44353106","+","protein_coding",1.51285289534796e-22
"ENSG00000077235",2471.89314985459,2.34664774324173,0.239604886827441,1.9886380531791e-23,8.69456661553578e-22,"GTF3C1","16:27459555-27549913","-","protein_coding",1.60336410641691e-22
"ENSG00000135048",2982.57855951612,2.52041148148906,0.257949708947189,2.23980361515394e-23,9.73370077091597e-22,"CEMIP2","9:71683366-71816690","-","protein_coding",1.79499072567949e-22
"ENSG00000117724",3398.52435884366,3.11496343003612,0.319923007533746,2.49088212844939e-23,1.07600141764275e-21,"CENPF","1:214603195-214664571","+","protein_coding",1.98425307182005e-22
"ENSG00000196352",727.017362453103,2.44246499387751,0.250276726497178,2.57605455274662e-23,1.1094720921501e-21,"CD55","1:207321376-207386804","+","protein_coding",2.04597630714124e-22
"ENSG00000186166",559.436362277573,2.87232249273761,0.295679149787219,3.07380747307056e-23,1.30822696818472e-21,"CCDC84","11:118998138-119015793","+","protein_coding",2.41249996300677e-22
"ENSG00000133624",308.891025762243,3.5116476280775,0.362246901633817,3.20182789162069e-23,1.35472061056608e-21,"ZNF767P","7:149547154-149624752","-","transcribed_unprocessed_pseudogene",2.49823883955716e-22
"ENSG00000123146",936.687018833103,2.96489605898889,0.306406664220106,4.29930673382254e-23,1.79798253784324e-21,"ADGRE5","19:14380501-14408725","+","protein_coding",3.31565768901131e-22
"ENSG00000071553",2127.75296687014,2.68787828774797,0.277241532481653,4.3132541008874e-23,1.79860202796542e-21,"ATP6AP1","X:154428645-154436516","+","protein_coding",3.31680009008788e-22
"ENSG00000111799",116.398263550822,4.10640833272907,0.426044294905287,5.6718315285959e-23,2.35830505171705e-21,"COL12A1","6:75084326-75206053","-","protein_coding",4.34894784191815e-22
"ENSG00000185896",2930.43915181093,2.5859066391806,0.26782030290258,6.61404038862473e-23,2.74216594043327e-21,"LAMP1","13:113297239-113323672","+","protein_coding",5.0568252992317e-22
"ENSG00000127948",2496.05976906963,2.55064514470291,0.264355556294455,7.21753923048937e-23,2.96679931673791e-21,"POR","7:75899200-75986855","+","protein_coding",5.47107146996843e-22
"ENSG00000106714",1059.63771139651,3.00638236818231,0.313895055127187,1.14005281476604e-22,4.59460391381129e-21,"CNTNAP3","9:39072767-39288315","-","protein_coding",8.47290419909413e-22
"ENSG00000116260",1723.96899002329,2.94408943034471,0.307451757850769,1.17938874852915e-22,4.73989439102468e-21,"QSOX1","1:180154869-180204030","+","protein_coding",8.74083421385978e-22
"ENSG00000166436",515.644661744531,3.10067872996687,0.324139487183928,1.2412581861188e-22,4.96090667848255e-21,"TRIM66","11:8612037-8682694","-","protein_coding",9.14840273849889e-22
"ENSG00000168003",18124.4906591907,2.92449900592593,0.305187395123595,1.33644258971679e-22,5.32657284100381e-21,"SLC3A2","11:62856102-62888875","+","protein_coding",9.82272732055474e-22
"ENSG00000103512",3050.13668216862,2.58624862937376,0.269933359651626,1.35805481923119e-22,5.39780025671286e-21,"NOMO1","16:14833721-14896157","+","protein_coding",9.95407772223741e-22
"ENSG00000197978",537.252479224931,3.33856916813587,0.349670679073605,1.39469908125008e-22,5.52821932535058e-21,"GOLGA6L9","15:82430018-82439153","+","protein_coding",1.01945833882385e-21
"ENSG00000013288",574.00113096126,2.75854756165844,0.288664007490302,1.52454884483755e-22,6.02635362556607e-21,"MAN2B2","4:6575175-6623362","+","protein_coding",1.1113192322367e-21
"ENSG00000064601",1997.37814595439,2.51789626091738,0.263558242443543,1.83396101389721e-22,7.20991539741388e-21,"CTSA","20:45890144-45898820","+","protein_coding",1.32957973291733e-21
"ENSG00000083444",1640.98293051622,2.43902318447488,0.254881865087487,1.91080498311433e-22,7.4843957405524e-21,"PLOD1","1:11934205-11975538","+","protein_coding",1.38019662385229e-21
"ENSG00000138018",1495.8006576874,2.26471114354094,0.236920545127255,2.0702120543983e-22,8.07270797861047e-21,"SELENOI","2:26308547-26395891","+","protein_coding",1.48868722120796e-21
"ENSG00000228315",327.407757056871,3.27084143733815,0.344279850048091,2.22583342311792e-22,8.63288296471647e-21,"GUSBP11","22:23638487-23717356","-","lncRNA",1.59198903091864e-21
"ENSG00000246922",145.912901006615,4.50215662579081,0.47589835107973,2.24515568088142e-22,8.68447886427804e-21,"UBAP1L","15:65092770-65115197","-","protein_coding",1.60150382527855e-21
"ENSG00000164180",484.22045931365,2.77687538349428,0.291838062480459,2.31289857817658e-22,8.8988001829151e-21,"TMEM161B","5:88189633-88269476","-","protein_coding",1.64102679689263e-21
"ENSG00000075292",1796.13792218825,2.44646721633198,0.256567123122462,2.3573648369302e-22,9.04576060298641e-21,"ZNF638","2:71276561-71435069","+","protein_coding",1.66812775235432e-21
"ENSG00000130164",2009.4194674515,2.51537966751656,0.264401767719257,2.71144933286207e-22,1.03221084365525e-20,"LDLR","19:11089362-11133816","+","protein_coding",1.90349892082477e-21
"ENSG00000130175",4138.66060715466,2.21443561633653,0.231995416389333,2.93692563324325e-22,1.11510429043246e-20,"PRKCSH","19:11435288-11450968","+","protein_coding",2.05636263801371e-21
"ENSG00000204172",415.139303853532,3.09370358009016,0.326874109113269,3.16355777946075e-22,1.19486417911151e-20,"AGAP9","10:47501854-47523638","-","protein_coding",2.20344776404091e-21
"ENSG00000237973",623.778974384427,2.99353743504068,0.316303609256692,3.23822301961929e-22,1.21987158556311e-20,"MTCO1P12","1:631074-632616","+","unprocessed_pseudogene",2.24956389572644e-21
"ENSG00000132470",915.260136990917,2.57444067514579,0.27154244607891,3.58168024683351e-22,1.34574173440921e-20,"ITGB4","17:75721328-75757818","+","protein_coding",2.48168090356969e-21
"ENSG00000060718",211.399016723928,3.62623985368031,0.384234757429816,3.63071901940541e-22,1.36062374057094e-20,"COL11A1","1:102876467-103108872","-","protein_coding",2.50912479533142e-21
"ENSG00000196668",186.678600802504,3.49534684313594,0.370825406951995,3.93222976297324e-22,1.4584630082308e-20,"LINC00173","12:116533422-116536518","+","lncRNA",2.68955008494117e-21
"ENSG00000088340",351.589563590387,3.76903290216097,0.40036588918619,3.95629658978303e-22,1.46362685121512e-20,"FER1L4","20:35558737-35607562","-","transcribed_unitary_pseudogene",2.69907272230579e-21
"ENSG00000053747",2038.72549602035,2.64496959067959,0.280004662449007,4.82486640077965e-22,1.7579083947083e-20,"LAMA3","18:23689443-23956222","+","protein_coding",3.2417570042053e-21
"ENSG00000108846",9679.11616187842,2.85980904667139,0.303181014364879,4.91874780460732e-22,1.78310787248428e-20,"ABCC3","17:50634777-50692253","+","protein_coding",3.28822733441619e-21
"ENSG00000139324",765.244974888602,2.49405811664627,0.264375828841743,5.9640901360007e-22,2.13523306407489e-20,"TMTC3","12:88142296-88199887","+","protein_coding",3.93758102635609e-21
"ENSG00000162298",883.353697987337,2.88588038483647,0.306808445912301,6.09902717390097e-22,2.17813772438226e-20,"SYVN1","11:65121780-65134533","-","protein_coding",4.01670146487447e-21
"ENSG00000189423",145.008747965105,4.25776535764165,0.454628231246356,6.61618209604353e-22,2.35118904634769e-20,"USP32P3","17:20408311-20434286","+","transcribed_unprocessed_pseudogene",4.335825223972e-21
"ENSG00000117984",8077.50015886155,2.62951909800301,0.279505497035131,7.08144622690563e-22,2.50419377847535e-20,"CTSD","11:1752755-1764573","-","protein_coding",4.61798108803436e-21
"ENSG00000181523",486.245056198076,2.80174317122885,0.298276741066757,7.21916563092918e-22,2.54665334286176e-20,"SGSH","17:80206716-80220923","-","protein_coding",4.69628072563749e-21
"ENSG00000168615",5107.72718596127,2.31266249372091,0.245261991665217,7.48199249591712e-22,2.62652524893169e-20,"ADAM9","8:38996869-39105261","+","protein_coding",4.84357242281626e-21
"ENSG00000138688",461.814537169938,2.94958829433707,0.315102271542455,9.49399306939165e-22,3.28487606727057e-20,"KIAA1109","4:122152333-122362758","+","protein_coding",6.05763646790463e-21
"ENSG00000118762",986.854243798458,2.51159566516266,0.26771613802688,9.67710856412489e-22,3.34022302304292e-20,"PKD2","4:88007635-88077777","+","protein_coding",6.15970173027925e-21
"ENSG00000279759",103.369369784079,4.79529413193394,0.511745481806414,9.80347194472381e-22,3.37576356130012e-20,"AC118344.2","19:40355842-40360606","+","TEC",6.22524199914385e-21
"ENSG00000260916",1089.62868467421,2.6772026558937,0.285862188646257,1.04374262504944e-21,3.56851151521643e-20,"CCPG1","15:55340032-55408510","-","protein_coding",6.5806882963089e-21
"ENSG00000274383",138.039665679359,7.44154956931552,0.771084122131682,1.05919275972e-21,3.61277379130971e-20,"AC103691.1","15:64950916-64951435","-","lncRNA",6.66231231265663e-21
"ENSG00000108797",451.451637015859,2.85779834302392,0.305908319604082,1.09999894376604e-21,3.74310961336238e-20,"CNTNAP1","17:42682531-42699993","+","protein_coding",6.90266446371862e-21
"ENSG00000164171",628.758512350447,2.93292094068004,0.314568329165301,1.36870439560786e-21,4.57121921755329e-20,"ITGA2","5:52989340-53094779","+","protein_coding",8.42978050555369e-21
"ENSG00000234771",440.007274258035,3.40205859156312,0.366222089606782,1.45309185221568e-21,4.83069337414005e-20,"SLC25A25-AS1","9:128108581-128118693","-","lncRNA",8.90827652221613e-21
"ENSG00000171298",1783.34168173849,2.72691933109018,0.292763658591074,1.58972270586806e-21,5.26066954134505e-20,"GAA","17:80101556-80119881","+","protein_coding",9.7011951156275e-21
"ENSG00000166881",1207.8973532658,2.43222404797348,0.261204610785514,1.95788470038884e-21,6.42008192209322e-20,"NEMP1","12:57055643-57088063","-","protein_coding",1.18392662559479e-20
"ENSG00000149428",1638.52561937001,2.47481687289218,0.266219647948772,2.17856028883048e-21,7.11137281611904e-20,"HYOU1","11:119044188-119057227","-","protein_coding",1.31140750596361e-20
"ENSG00000204681",408.18774260213,3.31410483585801,0.358682227766532,2.46327421169068e-21,7.9508099163922e-20,"GABBR1","6:29555629-29633976","-","protein_coding",1.46620801249693e-20
"ENSG00000057252",973.024264651216,2.20590548528949,0.237199413707379,2.51708444497012e-21,8.1063603508993e-20,"SOAT1","1:179293714-179358680","+","protein_coding",1.49489305160867e-20
"ENSG00000112414",2717.29868603453,2.27302512249715,0.244568534857188,2.59629529931169e-21,8.34283932705323e-20,"ADGRG6","6:142301854-142446266","+","protein_coding",1.53850211449283e-20
"ENSG00000138759",267.189634236201,2.98687495721328,0.323495627853244,3.13304178670436e-21,9.97454172593791e-20,"FRAS1","4:78057323-78544269","+","protein_coding",1.83940418062357e-20
"ENSG00000118523",1190.44339004964,3.06510597948235,0.332964680175552,3.31764560002594e-21,1.05202177400383e-19,"CCN2","6:131948176-131951372","-","protein_coding",1.94003223644614e-20
"ENSG00000151348",1789.49500835936,2.37929675992951,0.257122500135392,3.45130545458101e-21,1.08961564767385e-19,"EXT2","11:44095673-44251981","+","protein_coding",2.00935905896536e-20
"ENSG00000196696",249.223557006838,3.34987561795669,0.363854648417685,3.62643454775352e-21,1.14240606233598e-19,"AC009022.1","16:69976297-70065948","-","lncRNA",2.10670980659306e-20
"ENSG00000143643",404.400112913171,2.59232726987793,0.280925051556342,3.97194150428831e-21,1.24580808747547e-19,"TTC13","1:230906243-230978875","-","protein_coding",2.2973933713647e-20
"ENSG00000171603",2609.31269116048,2.39140299085052,0.259106930268152,4.34081074376872e-21,1.35268288144914e-19,"CLSTN1","1:9729026-9824526","-","protein_coding",2.49448106545619e-20
"ENSG00000206530",202.355860108155,3.7107344828088,0.404847992884765,4.70351504593904e-21,1.46254989402605e-19,"CFAP44","3:113286930-113441610","-","protein_coding",2.6970867066969e-20
"ENSG00000134255",356.548405814958,2.78663727761152,0.303348084462311,5.02299548236617e-21,1.55518838668625e-19,"CEPT1","1:111139627-111185104","+","protein_coding",2.86792125265175e-20
"ENSG00000100941",3692.87561205951,2.49572676218189,0.271533626939464,5.91330010877109e-21,1.80756555019808e-19,"PNN","14:39175183-39183220","+","protein_coding",3.33332971192002e-20
"ENSG00000100242",1140.24555041553,2.53524033740252,0.276170212642244,6.15371855691345e-21,1.87707930949571e-19,"SUN2","22:38734725-38794143","-","protein_coding",3.46151996163388e-20
"ENSG00000013588",7946.2199219013,2.63840461452662,0.288311059269301,6.54768021554237e-21,1.98884063473359e-19,"GPRC5A","12:12890782-12917937","+","protein_coding",3.66761890284137e-20
"ENSG00000118257",1823.87267755999,2.45268436079625,0.267432471065595,7.11718783038287e-21,2.15728542052025e-19,"NRP2","2:205681990-205798133","+","protein_coding",3.97824775346268e-20
"ENSG00000109072",368.451357534088,2.76941328145657,0.303658960721808,9.37508545038183e-21,2.81213581867171e-19,"VTN","17:28367284-28373091","-","protein_coding",5.18585667740001e-20
"ENSG00000261324",89.0913769772808,4.16398292591642,0.456682608969803,9.54564181483255e-21,2.85143933963569e-19,"AC010168.2","12:14762504-14767931","-","lncRNA",5.25833625867881e-20
"ENSG00000106366",4333.61539439446,2.76239130035685,0.302952855225149,1.01039235230644e-20,3.00576100187161e-19,"SERPINE1","7:101127089-101139266","+","protein_coding",5.54292067215554e-20
"ENSG00000106397",914.605424630755,2.52037189342784,0.276899787676966,1.27227961943027e-20,3.73858459249286e-19,"PLOD3","7:101205977-101218420","-","protein_coding",6.89431987753763e-20
"ENSG00000066279",1706.660932278,2.94543394544215,0.324710083590937,1.28913866465314e-20,3.78042533610071e-19,"ASPM","1:197084127-197146694","-","protein_coding",6.97147834840004e-20
"ENSG00000092969",1186.26436898095,2.18004852610778,0.23884459199043,1.31790910575327e-20,3.85695589813553e-19,"TGFB2","1:218345336-218444619","+","protein_coding",7.1126082765914e-20
"ENSG00000150938",7217.1365950427,2.05622227046001,0.224878076074793,1.36864928350887e-20,3.97998378251156e-19,"CRIM1","2:36355778-36551135","+","protein_coding",7.33948386754318e-20
"ENSG00000164828",2257.59309759449,2.42167858884327,0.265903669645951,1.36647234569041e-20,3.97998378251156e-19,"SUN1","7:816615-896435","+","protein_coding",7.33948386754318e-20
"ENSG00000104899",552.872372226317,2.8832144603885,0.318880582671451,1.81605465109076e-20,5.21952918444969e-19,"AMH","19:2249309-2252073","+","protein_coding",9.62532822715793e-20
"ENSG00000109861",855.974392886919,2.41681501598804,0.266661392942648,1.94700991117282e-20,5.5737021822225e-19,"CTSC","11:88293592-88337761","-","protein_coding",1.02784582763042e-19
"ENSG00000100767",578.258090282956,2.73003366182913,0.302158098962512,2.06631898499647e-20,5.90353471594635e-19,"PAPLN","14:73237497-73274640","+","protein_coding",1.08867021015414e-19
"ENSG00000135317",754.070655922355,2.23789718961438,0.246967453647565,2.25650157093307e-20,6.39622881442483e-19,"SNX14","6:85505496-85594156","-","protein_coding",1.17952787654228e-19
"ENSG00000167772",472.695003765301,2.90481387337871,0.322349124107221,2.34382490274481e-20,6.61775062559728e-19,"ANGPTL4","19:8363289-8374370","+","protein_coding",1.2203786902203e-19
"ENSG00000121064",924.414855978265,2.26477928546514,0.2503756788371,2.56589865926772e-20,7.21652745729331e-19,"SCPEP1","17:56978105-57006768","+","protein_coding",1.33079906217766e-19
"ENSG00000117394",2583.57944107698,2.55393987389689,0.283395828265079,2.90134333686428e-20,8.12826828432579e-19,"SLC2A1","1:42925375-42959176","-","protein_coding",1.49893309128575e-19
"ENSG00000141756",3110.57447713471,2.51171593641434,0.278695644356381,2.94565515186237e-20,8.22048598279891e-19,"FKBP10","17:41812680-41823217","+","protein_coding",1.51593894726987e-19
"ENSG00000175455",1507.70208949967,2.95268313823408,0.32873299611364,2.94562212503624e-20,8.22048598279891e-19,"CCDC14","3:123897305-123961408","-","protein_coding",1.51593894726987e-19
"ENSG00000162004",194.006029232123,3.06747915046814,0.341578917778164,2.97201201656602e-20,8.26207887765212e-19,"CCDC78","16:722582-726954","-","protein_coding",1.52360908859359e-19
"ENSG00000165661",1696.40027002365,2.73867842149017,0.304445994766169,2.98848866105408e-20,8.29190661570928e-19,"QSOX2","9:136206333-136245841","-","protein_coding",1.52910961860172e-19
"ENSG00000113441",856.407308170962,2.69659691373464,0.299733685680373,3.14306609105733e-20,8.6810121078505e-19,"LNPEP","5:96935394-97037513","+","protein_coding",1.60086452109383e-19
"ENSG00000225138",289.065632069058,3.64068154351218,0.407079810861266,3.1467766373758e-20,8.6810121078505e-19,"SLC9A3-AS1","5:473236-480884","+","lncRNA",1.60086452109383e-19
"ENSG00000078401",1719.32337700821,2.35735754033469,0.261491902104703,3.2028764459742e-20,8.8021145452411e-19,"EDN1","6:12290361-12297194","+","protein_coding",1.62319700871486e-19
"ENSG00000108848",4955.41078603807,2.5492652445334,0.283389560638108,3.42022261185832e-20,9.33902943432699e-19,"LUC7L3","17:50719565-50756219","+","protein_coding",1.72220942640373e-19
"ENSG00000140545",3135.31058619315,2.78715156803743,0.311128723876086,3.47521011615715e-20,9.46043991621046e-19,"MFGE8","15:88898683-88913381","-","protein_coding",1.74459872047699e-19
"ENSG00000052841",1033.736530566,2.43685542442486,0.270797376999812,3.48384846651576e-20,9.46609523067596e-19,"TTC17","11:43358920-43494933","+","protein_coding",1.74564161641711e-19
"ENSG00000105825",1662.81301392431,2.35023288040833,0.261066216286529,3.58608356154117e-20,9.72556647103683e-19,"TFPI2","7:93885396-93890753","-","protein_coding",1.79349068030245e-19
"ENSG00000243970",212.629269613125,3.44599488323131,0.386093775630444,4.17733503259284e-20,1.12655308131307e-18,"PPIEL","1:39522280-39559671","-","transcribed_unprocessed_pseudogene",2.07747534112078e-19
"ENSG00000064545",497.446503655713,2.57308430530472,0.287005035700301,4.25315356720792e-20,1.1427281129921e-18,"TMEM161A","19:19119169-19138513","-","protein_coding",2.10730369986608e-19
"ENSG00000153132",154.397732410767,3.03583492277884,0.339240474095416,4.78787916266298e-20,1.27688577742886e-18,"CLGN","4:140388453-140427661","-","protein_coding",2.35470370641071e-19
"ENSG00000225697",415.465375639875,2.91402586897468,0.326139902324189,4.78759592689459e-20,1.27688577742886e-18,"SLC26A6","3:48625723-48635493","-","protein_coding",2.35470370641071e-19
"ENSG00000146828",610.053352443234,2.71688121130371,0.304105519753918,5.21196464294006e-20,1.38742114148227e-18,"SLC12A9","7:100826820-100867010","+","protein_coding",2.5585418538996e-19
"ENSG00000099994",844.060352174883,3.10103008154006,0.348191785659524,5.31766410121738e-20,1.40776619545623e-18,"SUSD2","22:24181487-24189106","+","protein_coding",2.59606014633142e-19
"ENSG00000196950",1017.74610114611,2.48621241887105,0.278138880253174,5.97640443198208e-20,1.57062956547609e-18,"SLC39A10","2:195575977-195737702","+","protein_coding",2.89639631406329e-19
"ENSG00000058085",403.593081694099,3.00068032595651,0.337188827453274,6.03641802476538e-20,1.58064318078612e-18,"LAMC2","1:183186238-183244900","+","protein_coding",2.91486241142445e-19
"ENSG00000164078",345.104988144373,2.79535304436415,0.313628308736594,6.14737904297496e-20,1.60387676007311e-18,"MST1R","3:49887002-49903873","-","protein_coding",2.95770743031911e-19
"ENSG00000179387",370.700550017824,2.66152455342255,0.298505938087483,6.46403728318128e-20,1.68041675534666e-18,"ELMOD2","4:140524168-140553770","+","protein_coding",3.09885475433598e-19
"ENSG00000228727",82.7503965850937,4.38031039223319,0.491504936951581,6.57757313769811e-20,1.70379219444719e-18,"SAPCD1","6:31762996-31764851","+","protein_coding",3.14196137676217e-19
"ENSG00000107798",1302.68473010284,2.30695100727979,0.258196512550212,6.79579645227671e-20,1.75716400024101e-18,"LIPA","10:89213569-89414557","-","protein_coding",3.24038426715853e-19
"ENSG00000067141",1442.6271779114,2.36507902847715,0.264878138759497,6.96141265500256e-20,1.79036117266269e-18,"NEO1","15:73051710-73305205","+","protein_coding",3.30160313757393e-19
"ENSG00000279789",101.556244935693,4.29244073283748,0.483327846947614,7.07597211743097e-20,1.81014407287755e-18,"AC120114.3","16:29913144-29915337","-","TEC",3.33808476285547e-19
"ENSG00000143375",197.106895467545,2.94685251155783,0.331524795802227,7.59508750469727e-20,1.93607636957195e-18,"CGN","1:151510510-151538692","+","protein_coding",3.57031637747976e-19
"ENSG00000263244",237.038342308013,12.4063400277493,3.10164286039917,7.83024748510828e-20,1.98899314639335e-18,"AC087190.3","16:9104848-9113181","+","lncRNA",3.66790014943121e-19
"ENSG00000196455",428.927798313631,2.51410639708214,0.282307682624543,7.95619143803571e-20,2.01743286586958e-18,"PIK3R4","3:130678934-130746829","-","protein_coding",3.72034580592118e-19
"ENSG00000143630",284.050740474507,3.41555060054776,0.38624239946893,8.98895300580838e-20,2.25552372117919e-18,"HCN3","1:155277463-155289848","+","protein_coding",4.15940889940235e-19
"ENSG00000179698",115.371833180484,4.19695471978663,0.475997081096868,9.66192859174916e-20,2.40763913163656e-18,"WDR97","8:144107726-144118315","+","protein_coding",4.43992476631678e-19
"ENSG00000188818",393.034302546459,3.07066538021944,0.347121495664819,9.79206810917369e-20,2.43586135653721e-18,"ZDHHC11","5:795606-850986","-","protein_coding",4.49196934129084e-19
"ENSG00000115275",1287.89204972825,2.51447653168479,0.283203865825069,9.94910291946793e-20,2.47066535149885e-18,"MOGS","2:74461057-74465410","-","protein_coding",4.55615135144613e-19
"ENSG00000139182",1380.30984399488,2.72012527949149,0.307027416437075,1.0274726372626e-19,2.54714350694585e-18,"CLSTN3","12:7129698-7158945","+","protein_coding",4.69718463670452e-19
"ENSG00000169174",430.414010647304,2.94347419374429,0.3325818386339,1.04613954011211e-19,2.58897106084691e-18,"PCSK9","1:55039548-55064852","+","protein_coding",4.77431878444265e-19
"ENSG00000146242",1151.04842392508,2.40073080027273,0.270343837556453,1.04978667222591e-19,2.59354830597181e-18,"TPBG","6:82363206-82370828","+","protein_coding",4.78275967731754e-19
"ENSG00000179532",508.000727756938,3.18346782167862,0.360627016359159,1.11867835599898e-19,2.74962373430209e-18,"DNHD1","11:6497260-6593758","+","protein_coding",5.07057820898682e-19
"ENSG00000165029",444.162526784573,2.44989994330694,0.276409575172313,1.15717796219413e-19,2.83916700491796e-18,"ABCA1","9:104781006-104928155","-","protein_coding",5.23570485925611e-19
"ENSG00000149257",1639.7774118958,2.28018240113623,0.257369177350274,1.36435295134669e-19,3.31954205430522e-18,"SERPINH1","11:75562056-75572783","+","protein_coding",6.12156397778829e-19
"ENSG00000252690",83.2706146169264,4.81439375048552,0.545701025877255,1.77711696323539e-19,4.27337392426002e-18,"AC105339.2","15:82752884-82757208","+","lncRNA",7.8805243164317e-19
"ENSG00000159403",459.69621624652,2.39427270658769,0.271577465357015,1.84748232346736e-19,4.42781976129352e-18,"C1R","12:7080214-7092540","-","protein_coding",8.16533772052081e-19
"ENSG00000257354",195.294546802076,3.67923297600071,0.421558283724328,1.98782780042441e-19,4.75628184154617e-18,"AC048341.1","12:62602752-62622213","+","lncRNA",8.7710542939669e-19
"ENSG00000169246",264.224977151602,2.58622911801632,0.293957605193155,2.00066692198126e-19,4.77907654807046e-18,"NPIPB3","16:21402237-21448567","-","protein_coding",8.81308998806586e-19
"ENSG00000159322",2032.20056407711,2.35839701752897,0.267720500540811,2.04157569037992e-19,4.86873620839694e-18,"ADPGK","15:72751369-72785846","-","protein_coding",8.97843127247691e-19
"ENSG00000084073",1084.3514137851,2.05533112534583,0.232722400194257,2.0965579067918e-19,4.9833834397351e-18,"ZMPSTE24","1:40258236-40294180","+","protein_coding",9.18985211005979e-19
"ENSG00000168970",177.043513076098,3.9436629364795,0.451514726925948,2.14198928615507e-19,5.06633138043366e-18,"JMJD7-PLA2G4B","15:41828095-41848155","+","protein_coding",9.34281631943122e-19
"ENSG00000049860",1855.64838988057,2.37533565136433,0.26988552883675,2.23472408113695e-19,5.26839853637973e-18,"HEXB","5:74640023-74722647","+","protein_coding",9.7154481471646e-19
"ENSG00000042445",769.564196811731,2.29478598358446,0.260771286861905,2.27077349126675e-19,5.32727153365799e-18,"RETSAT","2:85341955-85354531","-","protein_coding",9.82401577893647e-19
"ENSG00000103222",6072.20964905414,2.26080425700549,0.256987103045466,2.76453358521753e-19,6.42297754710443e-18,"ABCC1","16:15949577-16143074","+","protein_coding",1.18446060749566e-18
"ENSG00000198910",234.067593334209,2.96061492817413,0.339750319990063,3.12294185235579e-19,7.20924880732629e-18,"L1CAM","X:153861514-153886174","-","protein_coding",1.32945680711006e-18
"ENSG00000284946",693.011743712212,2.98103416722228,0.3419302337911,3.1740510885442e-19,7.29223074928595e-18,"AC068831.7","15:90966190-91022566","-","protein_coding",1.34475949821615e-18
"ENSG00000232653",156.837594515256,3.61260493038787,0.414741844916824,3.24723440884763e-19,7.43668223029422e-18,"GOLGA8N","15:32593456-32607310","+","protein_coding",1.37139778049161e-18
"ENSG00000122884",550.871661341303,2.30687614450498,0.263870357949377,3.7714989894345e-19,8.60547289465136e-18,"P4HA1","10:73007217-73096974","-","protein_coding",1.58693434280823e-18
"ENSG00000131067",244.569564286282,2.86742140597783,0.329742868161522,4.24541470223653e-19,9.57075676935448e-18,"GGT7","20:34844720-34872856","-","protein_coding",1.76494223965228e-18
"ENSG00000215769",136.604658680776,3.66805887026968,0.423361981998178,4.44206196670526e-19,9.99845086671193e-18,"ARHGAP27P1-BPTFP1-KPNA2P3","17:64749663-64781707","-","lncRNA",1.84381326273513e-18
"ENSG00000050555",161.153235906498,2.98026231096787,0.34459599030548,5.86610722164378e-19,1.3041016177793e-17,"LAMC3","9:131009174-131094473","+","protein_coding",2.40489240870426e-18
"ENSG00000228327",421.440322622957,2.91472156866351,0.337302601613354,6.38912619782598e-19,1.41167400891628e-17,"AL669831.1","1:725885-778626","-","transcribed_unprocessed_pseudogene",2.60326654098394e-18
"ENSG00000110344",671.417072222771,2.27032555842223,0.261889021753317,7.42667193074941e-19,1.62845019174548e-17,"UBE4A","11:118359585-118399211","+","protein_coding",3.00302326957505e-18
"ENSG00000204410",574.812941676085,2.77748307307835,0.321834191023003,7.81104144688969e-19,1.70495773064636e-17,"MSH5","6:31739677-31762678","+","protein_coding",3.14411074082955e-18
"ENSG00000103978",623.335862012755,2.05437642663976,0.236663352955011,7.92091820224788e-19,1.72632942329354e-17,"TMEM87A","15:42210452-42273663","-","protein_coding",3.18352225654861e-18
"ENSG00000173530",566.880831397658,2.48612556666394,0.287683559831305,7.97899711752888e-19,1.73636456126254e-17,"TNFRSF10D","8:23135588-23164027","-","protein_coding",3.20202804382234e-18
"ENSG00000046604",1284.90220993673,2.46269598135555,0.28504157194133,8.6059630665336e-19,1.86717045299168e-17,"DSG2","18:31498177-31549008","+","protein_coding",3.44324704987562e-18
"ENSG00000154529",1669.97474921697,2.83188444030098,0.329779185351601,1.02213409953214e-18,2.20109713254474e-17,"CNTNAP3B","9:41890314-42129510","-","protein_coding",4.05904088508953e-18
"ENSG00000184226",1881.91868315469,2.21173032206259,0.256193709158789,1.07265842512881e-18,2.29884203208263e-17,"PCDH9","13:66302834-67230445","-","protein_coding",4.23929215054575e-18
"ENSG00000091129",2725.66291642788,2.25334036633494,0.261692918273417,1.23413859700424e-18,2.61855171729075e-17,"NRCAM","7:108147623-108456717","-","protein_coding",4.82886844158319e-18
"ENSG00000186567",420.774779124975,2.7143065187195,0.316823038389763,1.35980857521517e-18,2.85579594224229e-17,"CEACAM19","19:44662278-44684359","+","protein_coding",5.26637026491996e-18
"ENSG00000164953",184.430201964623,2.96902859554767,0.346856306112699,1.36326278002301e-18,2.85888886485057e-17,"TMEM67","8:93754844-93819234","+","protein_coding",5.27207392021796e-18
"ENSG00000267680",551.913990536674,3.04590956439367,0.356279728109071,1.4194674544723e-18,2.96383161116155e-17,"ZNF224","19:44094339-44109886","+","protein_coding",5.46559872726605e-18
"ENSG00000151176",1336.18370878815,2.28334448179406,0.265757092775269,1.45143941961321e-18,3.02620924077736e-17,"PLBD2","12:113358566-113391629","+","protein_coding",5.58062924781052e-18
"ENSG00000136943",276.863506531107,2.69105699176171,0.314474844375141,1.51856412140977e-18,3.15991956559989e-17,"CTSV","9:97029677-97039643","-","protein_coding",5.82720431584751e-18
"ENSG00000220323",299.539726061585,2.83838705938315,0.332256721950383,1.52884384061458e-18,3.17383581760967e-17,"HIST2H2BD","1:149842875-149846486","+","transcribed_unprocessed_pseudogene",5.85286726140302e-18
"ENSG00000102878",229.912501311529,3.58137182460349,0.421080916054539,1.55101350839259e-18,3.21523317515637e-17,"HSF4","16:67164681-67169945","+","protein_coding",5.92920808450085e-18
"ENSG00000259820",81.7737433340836,4.68028355429774,0.547554734631946,1.65721966492664e-18,3.41576647508023e-17,"AC083843.3","8:134792020-134798272","-","lncRNA",6.29901132997227e-18
"ENSG00000152291",4948.09843655004,2.1054393213537,0.244978206355208,1.73837931688272e-18,3.56775772176158e-17,"TGOLN2","2:85318020-85328296","-","protein_coding",6.57929822659916e-18
"ENSG00000163975",1290.27053413459,2.62977648765886,0.308117266450519,1.88775606635025e-18,3.84696956572053e-17,"MELTF","3:196988621-197029817","-","protein_coding",7.09419249158799e-18
"ENSG00000157637",3038.24832313025,2.51779903431342,0.295223983441278,2.11477972563155e-18,4.28539914064775e-17,"SLC38A10","17:81244811-81295547","-","protein_coding",7.90270000520442e-18
"ENSG00000128595",3758.00120070978,2.07079121109378,0.241539119160511,2.20206270041394e-18,4.44977039797932e-17,"CALU","7:128739292-128773400","+","protein_coding",8.20581686632678e-18
"ENSG00000103335",2797.15885711753,2.41935003070263,0.283634925442435,2.27097419770663e-18,4.56345622904057e-17,"PIEZO1","16:88715338-88785220","-","protein_coding",8.4154647866798e-18
"ENSG00000130844",1315.135650802,2.41526832299929,0.28367954916204,2.61368738272093e-18,5.23027483465986e-17,"ZNF331","19:53519527-53580269","+","protein_coding",9.64514426930121e-18
"ENSG00000215182",1487.83384239024,2.79103461186571,0.329163017460683,2.64406688105298e-18,5.28373919111252e-17,"MUC5AC","11:1157953-1201138","+","protein_coding",9.74373783226927e-18
"ENSG00000179023",153.495431421121,3.07185677610804,0.362335633809597,2.66520559225052e-18,5.3186149771771e-17,"KLHDC7A","1:18480982-18486126","+","protein_coding",9.80805223232125e-18
"ENSG00000275180",81.9566031196525,4.57246729732733,0.541025020266348,2.91256400567673e-18,5.79620323777984e-17,"AC048341.2","12:62603909-62604399","+","lncRNA",1.06887722366148e-17
"ENSG00000115107",1361.9276516218,2.20791536287668,0.259545793324098,3.21200672642936e-18,6.3396488439019e-17,"STEAP3","2:119223831-119265652","+","protein_coding",1.16909397018558e-17
"ENSG00000101337",1382.36268976584,2.29047851056894,0.270120836297771,3.80571850714574e-18,7.46044926917103e-17,"TM9SF4","20:32109506-32167258","+","protein_coding",1.37578065760739e-17
"ENSG00000132680",1794.04551085698,2.58273827844601,0.305389991386149,3.88031053251484e-18,7.59635283081739e-17,"KHDC4","1:155913045-155934413","-","protein_coding",1.40084261898091e-17
"ENSG00000158286",720.090969362158,2.64891192484313,0.313648430954479,3.98316582119158e-18,7.76356817228356e-17,"RNF207","1:6205475-6221299","+","protein_coding",1.43167878234643e-17
"ENSG00000115380",456.396520530712,2.53980395959821,0.300625466745882,4.1977170242791e-18,8.14041145514769e-17,"EFEMP1","2:55865967-55924139","-","protein_coding",1.5011724121277e-17
"ENSG00000223749",281.383091995705,3.16194071084009,0.376265522707053,4.23815542813991e-18,8.20779953251042e-17,"MIR503HG","X:134543119-134546642","-","lncRNA",1.51359944031917e-17
"ENSG00000174227",669.780798583582,2.35464929306599,0.278622966599757,4.56831602264716e-18,8.82351587346093e-17,"PIGG","4:499210-540200","+","protein_coding",1.62714362537957e-17
"ENSG00000138600",1701.08155886949,2.00349688579047,0.236180151962916,4.61886933325921e-18,8.90923084762886e-17,"SPPL2A","15:50702266-50765709","-","protein_coding",1.64295031466501e-17
"ENSG00000027697",575.999214030957,2.08206355723285,0.245880898821835,4.88677058211975e-18,9.37584121792869e-17,"IFNGR1","6:137197484-137219449","-","protein_coding",1.72899788350919e-17
"ENSG00000137868",1209.33374402106,2.32711933483938,0.275566259626422,4.98811474320738e-18,9.5448964874e-17,"STRA6","15:74179466-74212267","-","protein_coding",1.76017334780279e-17
"ENSG00000070081",442.776466434853,2.39096203953659,0.283249901422747,5.05603757216156e-18,9.66205431670821e-17,"NUCB2","11:17208153-17349980","+","protein_coding",1.78177841066617e-17
"ENSG00000065665",385.880542045568,2.50933422768991,0.298344475346857,5.8087252839509e-18,1.09984630442052e-16,"SEC61A2","10:12129637-12169961","+","protein_coding",2.0282254022094e-17
"ENSG00000163399",3206.38758265699,2.40757604430563,0.28601274828275,5.84678340238495e-18,1.10560145386121e-16,"ATP1A1","1:116372668-116410261","+","protein_coding",2.03883846718238e-17
"ENSG00000139190",604.138761468707,2.6935435016444,0.320986282312456,6.26996508717166e-18,1.17790437861605e-16,"VAMP1","12:6462237-6470987","-","protein_coding",2.17217221395446e-17
"ENSG00000099725",369.133394969793,2.58959775120416,0.308583379496872,6.69153024449327e-18,1.2538363424357e-16,"PRKY","Y:7273972-7381548","+","protein_coding",2.31219826781278e-17
"ENSG00000101474",3632.19217779902,2.27351274327564,0.270346219807289,6.77640382864188e-18,1.26809279428852e-16,"APMAP","20:24962925-24992751","-","protein_coding",2.33848857553764e-17
"ENSG00000174106",540.802758559588,2.27001195669889,0.26980671383551,6.80591925630639e-18,1.27196636049208e-16,"LEMD3","12:65169583-65248355","+","protein_coding",2.34563181486082e-17
"ENSG00000198938",169991.644037278,2.26206923189083,0.268979835557278,7.28737143526967e-18,1.35842629286913e-16,"MT-CO3","MT:9207-9990","+","protein_coding",2.50507248435768e-17
"ENSG00000163162",788.136045980517,2.40546308263761,0.287286689541253,8.6725688254804e-18,1.60832677395927e-16,"RNF149","2:101271219-101308701","-","protein_coding",2.96591369620174e-17
"ENSG00000099219",1481.72361522928,2.24315208023242,0.267707091906099,9.41970861742626e-18,1.73572868368105e-16,"ERMP1","9:5765076-5833117","-","protein_coding",3.20085542264946e-17
"ENSG00000130508",205.95232656745,3.01599624326888,0.36331669943459,1.06004556709089e-17,1.93844581013781e-16,"PXDN","2:1631887-1744852","-","protein_coding",3.5746858603115e-17
"ENSG00000073756",586.405363224201,3.09125546928687,0.372917562842734,1.23465058163234e-17,2.23788173263712e-16,"PTGS2","1:186671791-186680423","-","protein_coding",4.12687532706347e-17
"ENSG00000197261",356.602025376391,2.46661135107123,0.296838618716548,1.39730640319474e-17,2.51375770390195e-16,"C6orf141","6:49550646-49561907","+","protein_coding",4.63561791275897e-17
"ENSG00000010704",666.137461460836,2.16933829850464,0.260217179109848,1.41655496372922e-17,2.54521233084497e-16,"HFE","6:26087281-26098343","+","protein_coding",4.69362335690734e-17
"ENSG00000105429",2156.36492026852,2.29677560211481,0.276001190973007,1.4722691881568e-17,2.64202734412018e-16,"MEGF8","19:42325609-42378769","+","protein_coding",4.87215982009386e-17
"ENSG00000267056",124.041431310019,4.03212637029657,0.488899696721554,1.67284177881967e-17,2.979723603063e-16,"AC005336.1","19:15910582-15911824","-","processed_pseudogene",5.49490513265803e-17
"ENSG00000010278",1917.74668459597,2.22780854776993,0.268197762770649,1.742905250411e-17,3.09306727588314e-16,"CD9","12:6199715-6238271","+","protein_coding",5.70392207936191e-17
"ENSG00000137496",177.330922974852,3.15113007174819,0.382236410219325,1.8049141614842e-17,3.19133597082034e-16,"IL18BP","11:71998541-72005715","+","protein_coding",5.88513927535788e-17
"ENSG00000135919",1872.98010335321,2.21351905630233,0.26744326075974,2.26457356725519e-17,3.97969152598755e-16,"SERPINE2","2:223975045-224039318","-","protein_coding",7.33894491759757e-17
"ENSG00000172269",785.913565006246,2.43943513926384,0.295593231630021,2.32090747493437e-17,4.07372908130816e-16,"DPAGT1","11:119096503-119108331","-","protein_coding",7.51235947351902e-17
"ENSG00000142173",371.072277151641,2.99828466684709,0.365544912094843,2.48632270050815e-17,4.34820168762807e-16,"COL6A2","21:46098097-46132849","+","protein_coding",8.01851411540961e-17
"ENSG00000177943",341.806730256364,2.84989632807667,0.346951470235545,2.51101589495574e-17,4.38076630379945e-16,"MAMDC4","9:136850943-136860799","+","protein_coding",8.07856648951545e-17
"ENSG00000241404",87.5611465496206,3.66001967005507,0.446493240643132,2.72587961249218e-17,4.70442476663125e-16,"EGFL8","6:32164595-32168281","+","protein_coding",8.67542471717606e-17
"ENSG00000244560",99.0102953119938,4.23692090633207,0.517868043413838,2.73023031535492e-17,4.7063038219762e-16,"AC004890.2","7:149285281-149297312","+","transcribed_unprocessed_pseudogene",8.67888988114257e-17
"ENSG00000279233",78.8099169876521,4.37625031364993,0.53277782541358,2.73588125168814e-17,4.71041702856283e-16,"AC122688.3","12:125138245-125141711","+","TEC",8.68647504104174e-17
"ENSG00000179240",247.358136781922,2.89864829970538,0.353411292002483,2.78804866371952e-17,4.78880549049347e-16,"GVQW3","11:76381303-76414619","+","protein_coding",8.83103112045834e-17
"ENSG00000090054",1159.79325802107,2.07988254883375,0.251840978130161,2.88990226739579e-17,4.94608658528902e-16,"SPTLC1","9:92000087-92115413","-","protein_coding",9.12107302037607e-17
"ENSG00000162695",349.145938337281,2.26116971224055,0.274443867950386,2.97478262342329e-17,5.06731566596827e-16,"SLC30A7","1:100896076-100981757","+","protein_coding",9.34463143934052e-17
"ENSG00000023318",638.806236456618,2.48459694870467,0.302350288653045,2.99964350476662e-17,5.10363873664774e-16,"ERP44","9:99979185-100099000","-","protein_coding",9.41161477541417e-17
"ENSG00000166147",146.379131125371,3.17593930715351,0.388217574991521,3.13644912419864e-17,5.32384564281623e-16,"FBN1","15:48408306-48645849","-","protein_coding",9.81769809727266e-17
"ENSG00000204525",747.800838516281,2.25781731347546,0.274400115109861,3.2483223775199e-17,5.50079756606304e-16,"HLA-C","6:31268749-31272130","-","protein_coding",1.01440149510517e-16
"ENSG00000213199",234.886754643027,3.05566541202058,0.37417507008785,3.51488194812453e-17,5.917469865524e-16,"ASIC3","7:151048292-151052756","+","protein_coding",1.09123998960818e-16
"ENSG00000197822",349.916189862908,2.28736549649841,0.278410664103715,3.52336449031713e-17,5.92483716390391e-16,"OCLN","5:69492292-69558104","+","protein_coding",1.09259859232019e-16
"ENSG00000236017",88.2665168463271,6.76470932407193,0.80346203919968,3.7901115308643e-17,6.33646919667557e-16,"ASMTL-AS1","X:1401769-1414028","+","lncRNA",1.16850761177818e-16
"ENSG00000101294",3148.16301143282,2.30893516753635,0.281527000352553,3.95262096602191e-17,6.58526735540002e-16,"HM13","20:31514410-31577923","+","protein_coding",1.21438845381217e-16
"ENSG00000110911",1164.74516856635,2.07070445556491,0.252045724681091,4.20099344868395e-17,6.96688890547264e-16,"SLC11A2","12:50979401-51028566","-","protein_coding",1.28476324334202e-16
"ENSG00000167978",11944.023152542,2.4783582037751,0.303055498306321,4.53169321796487e-17,7.49808139321068e-16,"SRRM2","16:2752626-2772538","+","protein_coding",1.38272039360592e-16
"ENSG00000103226",561.216725171989,2.32313670632317,0.283988164442321,4.55428034638212e-17,7.5268220890723e-16,"NOMO3","16:16232528-16294811","+","protein_coding",1.38802046227819e-16
"ENSG00000147852",472.892194951161,2.20436964694943,0.269164739565999,4.61055202752682e-17,7.61110350722619e-16,"VLDLR","9:2621787-2660056","+","protein_coding",1.40356278965129e-16
"ENSG00000186204",131.516902047059,3.41111963958345,0.419960143216341,5.18745853694005e-17,8.46658956685193e-16,"CYP4F12","19:15672757-15697174","+","protein_coding",1.56132288307481e-16
"ENSG00000179163",218.519849950593,2.71130665174856,0.333442159933309,5.50107357820727e-17,8.95818166889102e-16,"FUCA1","1:23845077-23868294","-","protein_coding",1.65197733041657e-16
"ENSG00000235703",75.4344413824643,5.089919981159,0.625282658160902,5.82656476281502e-17,9.46685545021341e-16,"LINC00894","X:149938613-150224580","+","lncRNA",1.7457818084213e-16
"ENSG00000155256",755.869642275419,2.29587209356534,0.281604083555667,5.85268229134904e-17,9.49859393696108e-16,"ZFYVE27","10:97737121-97760907","+","protein_coding",1.75163469939257e-16
"ENSG00000241489",283.036344143817,3.32065829183287,0.411079409832384,6.18608768315721e-17,9.97238805503823e-16,"AC244197.3","X:149477104-149540926","-","protein_coding",1.83900702240163e-16
"ENSG00000272578",70.5791561683429,4.45455077752085,0.549018135369879,6.38956801045439e-17,1.02660008078882e-15,"AP000347.1","22:23658094-23717356","-","transcribed_unprocessed_pseudogene",1.89315211898007e-16
"ENSG00000132561",476.468425253805,2.66225153353349,0.328500689056293,6.99413169406236e-17,1.12123702313257e-15,"MATN2","8:97868840-98036724","+","protein_coding",2.0676720038745e-16
"ENSG00000148400",488.444358163352,2.45279584780386,0.302059441021573,7.00847357511511e-17,1.12228919802176e-15,"NOTCH1","9:136494433-136546048","-","protein_coding",2.06961231847049e-16
"ENSG00000228649",294.629278197846,2.64854875548208,0.327379440619438,7.56814222806661e-17,1.20788889454143e-15,"SNHG26","7:22854126-22872945","+","lncRNA",2.2274666279361e-16
"ENSG00000274512",828.073671087844,2.53977144439662,0.31373744111874,8.15004451702952e-17,1.29645912118745e-15,"TBC1D3L","17:37977972-37989048","-","protein_coding",2.39079888885373e-16
"ENSG00000236287",1368.22960239638,2.00540206950805,0.246741365899097,9.19670408211245e-17,1.45175105576278e-15,"ZBED5","11:10812074-10858796","-","protein_coding",2.67717258052139e-16
"ENSG00000156510",791.465485833803,2.20376244853086,0.271817649964325,9.41213982124132e-17,1.48251477446364e-15,"HKDC1","10:69220332-69267552","+","protein_coding",2.73390392151396e-16
"ENSG00000203896",358.877963063984,2.88778557712192,0.358682213332065,9.44277700502104e-17,1.48571850194595e-15,"LIME1","20:63736283-63739103","+","protein_coding",2.7398119119625e-16
"ENSG00000142627",2649.25666990814,2.00716264332983,0.247098704325962,9.94854042862314e-17,1.56019066634972e-15,"EPHA2","1:16124337-16156069","-","protein_coding",2.87714595126795e-16
"ENSG00000167549",304.06620571518,2.61272899634112,0.324175261667685,1.01757380315944e-16,1.5923595262456e-15,"CORO6","17:29614756-29622907","-","protein_coding",2.93646851164634e-16
"ENSG00000168140",221.10809437263,2.72117522301526,0.338658381877124,1.15274863922996e-16,1.78453405223281e-15,"VASN","16:4371848-4383538","+","protein_coding",3.29085735097619e-16
"ENSG00000253352",2379.41546556135,2.47281146234466,0.307122238427298,1.19051827612125e-16,1.83905756829522e-15,"TUG1","22:30969245-30979395","+","lncRNA",3.391404109056e-16
"ENSG00000175265",812.160914060028,4.90446808500607,0.617972839926821,1.43423746154686e-16,2.1943985254717e-15,"GOLGA8A","15:34379068-34437466","-","protein_coding",4.04668799089844e-16
"ENSG00000005801",871.136613401539,2.2259027490596,0.276537803037416,1.47847995907123e-16,2.25730252375447e-15,"ZNF195","11:3339261-3379222","-","protein_coding",4.16268918734276e-16
"ENSG00000136156",2156.3096203779,2.00628605209769,0.248648612307853,1.49864826150598e-16,2.28567622801356e-15,"ITM2B","13:48232612-48270357","+","protein_coding",4.21501310524089e-16
"ENSG00000138778",516.184137511863,2.85018162628288,0.356379985300417,1.57334993705431e-16,2.39454566369404e-15,"CENPE","4:103105806-103198409","-","protein_coding",4.4157791159861e-16
"ENSG00000113504",902.354742003189,2.4140298216777,0.300886047301585,1.58191310550084e-16,2.40504133679305e-15,"SLC12A7","5:1050384-1112063","-","protein_coding",4.43513417560411e-16
"ENSG00000185585",928.420217805992,2.31695977096394,0.28854593391389,1.60164165342618e-16,2.42991438229579e-15,"OLFML2A","9:124777133-124814885","+","protein_coding",4.48100253240651e-16
"ENSG00000152377",144.761453149623,2.63006119856993,0.328171161477557,1.65402309891525e-16,2.50674845285181e-15,"SPOCK1","5:136975298-137598379","-","protein_coding",4.62269216033954e-16
"ENSG00000169359",580.173999755891,2.2447742212772,0.279663824289466,1.74038160185686e-16,2.63209913538687e-15,"SLC33A1","3:155821024-155854456","-","protein_coding",4.85385122091014e-16
"ENSG00000170558",481.594184729647,2.17045672288856,0.270282721484291,1.75020041262603e-16,2.64141125035234e-15,"CDH2","18:27950966-28177130","-","protein_coding",4.87102368223073e-16
"ENSG00000234420",386.485686601053,2.85331650385487,0.35805822457181,1.97784867175788e-16,2.97874745679778e-15,"ZNF37BP","10:42513510-42552822","-","transcribed_processed_pseudogene",5.49310502236678e-16
"ENSG00000104783",667.731044499066,2.58460447469665,0.323910899867157,2.02283674116975e-16,3.03699151941698e-15,"KCNN4","19:43766533-43781257","-","protein_coding",5.60051283640165e-16
"ENSG00000269821",90.9053676887053,4.23546515573131,0.533479251936177,2.18975685885789e-16,3.28076967389425e-15,"KCNQ1OT1","11:2608328-2699994","-","lncRNA",6.05006387223936e-16
"ENSG00000161638",893.756116833791,2.26334850632548,0.283755818815568,2.555123551023e-16,3.78883068799176e-15,"ITGA5","12:54395261-54419266","-","protein_coding",6.98697864889787e-16
"ENSG00000012171",201.219105323327,2.96404554666289,0.374068453702704,2.61321555722027e-16,3.86702298046913e-15,"SEMA3B","3:50267558-50277546","+","protein_coding",7.13117297243397e-16
"ENSG00000163956",1550.0336688398,2.33640957910704,0.292979176739096,2.63329424479093e-16,3.89172443312266e-15,"LRPAP1","4:3503612-3532446","-","protein_coding",7.17672489504533e-16
"ENSG00000106804",1139.21938868718,2.44186223707238,0.307286720959084,2.92025122375503e-16,4.27316274405047e-15,"C5","9:120952335-121050276","-","protein_coding",7.88013487923147e-16
"ENSG00000186529",907.648633593013,2.62071661593487,0.330386757177131,2.97286031159733e-16,4.34133892466866e-15,"CYP4F3","19:15640897-15662825","+","protein_coding",8.00585850152276e-16
"ENSG00000284981",92.6930639040693,3.34218666452089,0.423631787462736,3.28869419004993e-16,4.76398391305626e-15,"AC093668.2","7:102538417-102543849","-","protein_coding",8.78525767586093e-16
"ENSG00000102805",336.75137625565,2.36261034193623,0.297882077811945,3.34176849709862e-16,4.8311659194528e-15,"CLN5","13:76990660-77019143","+","protein_coding",8.90914794252563e-16
"ENSG00000143126",588.39471775652,2.57926282172126,0.326068270739776,3.53697208677497e-16,5.09899827548684e-15,"CELSR2","1:109249539-109275751","+","protein_coding",9.4030573059144e-16
"ENSG00000163453",964.426735675171,2.13705899725465,0.268900233997607,3.54123006270428e-16,5.09908855735502e-15,"IGFBP7","4:57030773-57110385","-","protein_coding",9.40322379461166e-16
"ENSG00000145908",290.526535687718,2.4122031727857,0.304441562979859,3.63176878640904e-16,5.21384677117508e-15,"ZNF300","5:150894392-150904983","-","protein_coding",9.61484929487159e-16
"ENSG00000005884",11504.5970288359,2.25294058681879,0.284420288185194,3.69368382434168e-16,5.29220161048677e-15,"ITGA3","17:50055968-50090481","+","protein_coding",9.75934337085226e-16
"ENSG00000251432",269.367868292666,2.81713227956452,0.357336359142295,3.97023375162846e-16,5.66592804831804e-15,"LINC02615","4:128292751-128519398","+","lncRNA",1.04485318980492e-15
"ENSG00000088035",217.007494504733,2.70556777648508,0.343414362488121,4.16263246999418e-16,5.91126587372795e-15,"ALG6","1:63367575-63438553","+","protein_coding",1.09009591213978e-15
"ENSG00000196576",3257.8921403686,2.16818953898493,0.273573888301733,4.18402423726481e-16,5.93580154328975e-15,"PLXNB2","22:50274979-50307646","-","protein_coding",1.09462053235858e-15
"ENSG00000178467",565.558832396788,2.38574059626751,0.301818813586875,4.18949444046867e-16,5.93772355472318e-15,"P4HTM","3:48989889-49007153","+","protein_coding",1.09497497028294e-15
"ENSG00000178726",479.332139261339,2.25325199847096,0.284766382008385,4.23657432790832e-16,5.99855685996675e-15,"THBD","20:23045633-23049741","-","protein_coding",1.10619323364388e-15
"ENSG00000047410",2755.04825971616,2.20013430863039,0.277826961722837,4.32346174042415e-16,6.11557901870977e-15,"TPR","1:186311652-186375693","-","protein_coding",1.12777327751274e-15
"ENSG00000251664",153.959223068655,3.29589925211696,0.420258713017549,4.44709691843174e-16,6.2843011105909e-15,"PCDHA12","5:140875302-141012347","+","protein_coding",1.1588873005623e-15
"ENSG00000146802",443.922894478807,2.19374818475299,0.277483405725989,4.73763746860402e-16,6.64928340437926e-15,"TMEM168","7:112762382-112790592","-","protein_coding",1.22619364660746e-15
"ENSG00000184949",170.272982990592,3.27164708184181,0.417828811183412,4.82104289559817e-16,6.75320455317383e-15,"FAM227A","22:38578120-38656629","-","protein_coding",1.24535773462274e-15
"ENSG00000255152",383.013554346614,3.01704844791855,0.385319540630424,5.24362585514401e-16,7.33802462056428e-15,"MSH5-SAPCD1","6:31740020-31764851","+","protein_coding",1.35320434115638e-15
"ENSG00000054983",613.825573213872,2.10862759035132,0.267249950364193,5.78390992940659e-16,8.04727603292944e-15,"GALC","14:87837820-87993665","-","protein_coding",1.48399731880518e-15
"ENSG00000104805",3640.65559137673,2.13476845657588,0.270627604441351,5.79662683435798e-16,8.05719961137928e-15,"NUCB1","19:48900312-48923372","+","protein_coding",1.48582732485347e-15
"ENSG00000180914",141.831989489168,2.59505893251483,0.330781455056738,6.18477421352821e-16,8.56371615669722e-15,"OXTR","3:8750408-8769628","-","protein_coding",1.57923398719567e-15
"ENSG00000260565",268.976327492206,2.88229169834114,0.369046813022427,6.53228669602809e-16,9.01030902966475e-15,"ERVK13-1","16:2660348-2682379","-","lncRNA",1.66159013148218e-15
"ENSG00000169432",232.982044986256,2.70327378667812,0.345594378062694,6.89354936003105e-16,9.48142327612279e-15,"SCN9A","2:166195185-166376001","-","protein_coding",1.74846825965049e-15
"ENSG00000135976",340.831008780726,2.91764853017172,0.374524388856642,7.65901976641076e-16,1.04743447573246e-14,"ANKRD36","2:97113218-97264434","+","protein_coding",1.93157280457452e-15
"ENSG00000206503",1673.80559424525,2.21955753213062,0.283143899953191,8.00275888590596e-16,1.09030977531493e-14,"HLA-A","6:29941260-29945884","+","protein_coding",2.01063909901129e-15
"ENSG00000015532",938.142062302544,2.49919215495338,0.319887763060586,8.04791728223551e-16,1.09542783535938e-14,"XYLT2","17:50346092-50363138","+","protein_coding",2.0200773081051e-15
"ENSG00000134824",11362.7747100461,2.12586542680125,0.271094695840253,8.59821857052211e-16,1.1648365965774e-14,"FADS2","11:61792980-61867354","+","protein_coding",2.14807393097183e-15
"ENSG00000260793",81.1298325712418,3.66905789093924,0.473200170935671,9.37674649687505e-16,1.26731939950009e-14,"AC003102.1","17:44221401-44223710","+","lncRNA",2.33706235902945e-15
"ENSG00000075275",1932.2610753637,2.30162726506865,0.295112977918619,1.03555970628759e-15,1.38986562254115e-14,"CELSR1","22:46360834-46537170","-","protein_coding",2.56304971882483e-15
"ENSG00000198899",95921.8889903223,2.06360920781371,0.264011235934266,1.10747275286543e-15,1.47950156280948e-14,"MT-ATP6","MT:8527-9207","+","protein_coding",2.72834726110184e-15
"ENSG00000115657",1166.37274866684,2.21124953145004,0.283865749382257,1.18370645453724e-15,1.56827518145668e-14,"ABCB6","2:219209772-219218994","-","protein_coding",2.89205459699288e-15
"ENSG00000285077",231.811979384724,2.62154447477851,0.338303484604308,1.21498279309746e-15,1.60823593934038e-14,"AC091057.6","15:30624494-30649529","+","protein_coding",2.96574618817749e-15
"ENSG00000196912",205.101630791641,2.48053297604343,0.319724314940502,1.25890689616045e-15,1.66290711504175e-14,"ANKRD36B","2:97492663-97589965","-","protein_coding",3.06656524524073e-15
"ENSG00000114770",766.737140920782,2.43494497904476,0.313809758606605,1.28840074705299e-15,1.69918153368195e-14,"ABCC5","3:183919934-184017939","-","protein_coding",3.13345886214041e-15
"ENSG00000170876",1271.5398079114,2.05900476416018,0.264423434319367,1.36542979764855e-15,1.79420957381359e-14,"TMEM43","3:14124940-14143679","+","protein_coding",3.30869997005023e-15
"ENSG00000267281",78.0703187102281,3.90400186437614,0.508283072291531,1.3823710439535e-15,1.81316812928737e-14,"ATF7-NPFF","12:53506688-53625979","-","protein_coding",3.34366142206999e-15
"ENSG00000213906",200.430787752126,3.28156845702095,0.427161657859259,1.42880853654102e-15,1.86898001497859e-14,"LTB4R2","14:24305734-24312053","+","protein_coding",3.44658406121436e-15
"ENSG00000170049",74.3366751062261,3.5690381047039,0.464100928243104,1.46894624312037e-15,1.91800510368694e-14,"KCNAB3","17:7921859-7929803","-","protein_coding",3.53699117524856e-15
"ENSG00000177628",1134.26477329066,2.12964119608759,0.274182463735261,1.49860259732815e-15,1.95142944713452e-14,"GBA","1:155234452-155244699","-","protein_coding",3.59862897151163e-15
"ENSG00000117298",2161.17158203769,2.13070791162794,0.274328280081776,1.52747577190165e-15,1.98723358313769e-14,"ECE1","1:21217247-21345572","-","protein_coding",3.66465534069969e-15
"ENSG00000140511",424.682436248733,2.90577490231276,0.377884903246893,1.62209183840089e-15,2.10085646718564e-14,"HAPLN3","15:88877288-88895626","-","protein_coding",3.87418718053231e-15
"ENSG00000112893",721.27421443124,2.34666115862942,0.303423103379072,1.6985628147588e-15,2.18965945172366e-14,"MAN2A1","5:109689366-109869625","+","protein_coding",4.03794867003144e-15
"ENSG00000197818",739.014623073595,2.21171083537538,0.285695121534352,1.72343988566078e-15,2.21817936398874e-14,"SLC9A8","20:49812713-49892242","+","protein_coding",4.09054220995817e-15
"ENSG00000278600",101.466740100009,3.64374215617398,0.475054387851312,1.89653996855246e-15,2.43229143700221e-14,"AC015871.3","15:79920195-79922455","-","lncRNA",4.48538605646675e-15
"ENSG00000075826",234.960387559173,4.93211663402735,0.647795637437354,1.90932500831704e-15,2.44651342983999e-14,"SEC31B","10:100486646-100519864","-","protein_coding",4.51161281835857e-15
"ENSG00000137812",545.003939320512,2.29178356184691,0.296766807025725,1.94302144773294e-15,2.48527601488395e-14,"KNL1","15:40594020-40664342","+","protein_coding",4.58309486028157e-15
"ENSG00000223745",189.111059029745,3.23494994177077,0.422989145062902,2.05032906283207e-15,2.60865500163502e-14,"CCDC18-AS1","1:93262186-93346025","-","lncRNA",4.81061791875039e-15
"ENSG00000116962",113.528344318746,2.98053088516363,0.38923267115195,2.05356923033206e-15,2.61047549385295e-14,"NID1","1:235975830-236065109","-","protein_coding",4.81397508651654e-15
"ENSG00000198799",342.478516131456,2.41123924864046,0.313272850140618,2.09733649621294e-15,2.6544185059088e-14,"LRIG2","1:113073198-113132260","+","protein_coding",4.89501034839182e-15
"ENSG00000115828",316.80100245729,2.25377653330612,0.292297413742329,2.14675709568899e-15,2.71220765119096e-14,"QPCT","2:37342827-37373322","+","protein_coding",5.00157924984847e-15
"ENSG00000064687",547.816385556122,2.66349225924186,0.347277284265921,2.21931287645308e-15,2.80142136320779e-14,"ABCA7","19:1040101-1065572","+","protein_coding",5.16609816145519e-15
"ENSG00000258441",420.92072039911,2.01793218735233,0.261177193318874,2.27034174706543e-15,2.86082888442445e-14,"LINC00641","14:21200079-21206900","-","lncRNA",5.27565150825432e-15
"ENSG00000264772",305.557520205689,2.48726213535763,0.324059385109821,2.32986789070538e-15,2.92561652977347e-14,"AC016876.2","17:7572826-7582024","+","lncRNA",5.39512633625354e-15
"ENSG00000205560",501.911413983656,2.52466055953879,0.330029704527881,2.86931936117767e-15,3.5504751066099e-14,"CPT1B","22:50568861-50578465","-","protein_coding",6.54742737434793e-15
"ENSG00000001036",1372.89056983846,2.24171017389324,0.292249208893159,2.95718806945573e-15,3.65606764919514e-14,"FUCA2","6:143494811-143511690","-","protein_coding",6.74215047001547e-15
"ENSG00000276550",3731.45142315041,2.61676135254833,0.342486996656116,3.02629700579079e-15,3.73510805813084e-14,"HERC2P2","15:22495570-22590815","+","transcribed_unprocessed_pseudogene",6.88790880421187e-15
"ENSG00000164535",439.816898867971,2.3620290212163,0.309700822002098,3.67572403567665e-15,4.48674673322697e-14,"DAGLB","7:6409126-6484190","-","protein_coding",8.27400488689699e-15
"ENSG00000033011",758.209494310067,2.24001707640676,0.293216899688891,3.72480130710177e-15,4.53514204716154e-14,"ALG1","16:5033923-5087379","+","protein_coding",8.36325063393954e-15
"ENSG00000080947",90.1102193148909,3.66511316682582,0.485402696732249,3.95419981872333e-15,4.79435228848881e-14,"CROCCP3","1:16467436-16499257","-","transcribed_unprocessed_pseudogene",8.84125996475218e-15
"ENSG00000261556",132.909967532569,3.16186959794561,0.418087138766502,4.01977545400828e-15,4.86146858763046e-14,"SMG1P7","16:70219574-70246612","-","transcribed_unprocessed_pseudogene",8.96502906073792e-15
"ENSG00000119977",1122.99896995945,2.03965446576006,0.266737228753011,4.1528356410968e-15,5.01818363733205e-14,"TCTN3","10:95663396-95694143","-","protein_coding",9.25402711749889e-15
"ENSG00000185829",540.533085366607,2.4666666384486,0.324379265758064,4.16351738593712e-15,5.02688107483688e-14,"ARL17A","17:46516702-46579682","-","protein_coding",9.27006605276696e-15
"ENSG00000182752",2199.26781797093,2.35628291311468,0.309702286383414,4.34006176651071e-15,5.22691245135363e-14,"PAPPA","9:116153791-116402321","+","protein_coding",9.63894370181624e-15
"ENSG00000038002",249.177894237685,2.13048828053457,0.279064035509755,4.34973588565401e-15,5.23419427508058e-14,"AGA","4:177430774-177442437","-","protein_coding",9.65237210521955e-15
"ENSG00000074410",9545.649410948,2.15443481478093,0.282418200376782,4.46180358207476e-15,5.3601084165008e-14,"CA12","15:63321378-63381846","-","protein_coding",9.88457023972203e-15
"ENSG00000169855",431.814012896042,2.17589536712586,0.285776466033744,4.83179154388771e-15,5.79012362086478e-14,"ROBO1","3:78597239-79767998","-","protein_coding",1.06775608215168e-14
"ENSG00000054690",286.498144314993,2.71168469726728,0.358315814403695,4.83894470391444e-15,5.79388333511017e-14,"PLEKHH1","14:67533301-67589612","+","protein_coding",1.06844941065648e-14
"ENSG00000103995",376.040775053555,2.64503162076642,0.349754414209084,5.20631025964112e-15,6.20798714265306e-14,"CEP152","15:48712928-48811146","-","protein_coding",1.1448142498376e-14
"ENSG00000175548",313.096717499697,2.63762460066972,0.348493131222195,5.22548609899547e-15,6.22570713759757e-14,"ALG10B","12:38316762-38329721","+","protein_coding",1.14808199222387e-14
"ENSG00000251537",93.8030670758304,3.9819711736465,0.532241730254884,5.43738982225595e-15,6.46216312648343e-14,"AC005324.3","17:15571491-15651653","-","protein_coding",1.19168681602837e-14
"ENSG00000143387",97.1670440046069,3.00051401186929,0.398398180567429,5.71382701968075e-15,6.77396024979079e-14,"CTSK","1:150796208-150808260","-","protein_coding",1.24918529043212e-14
"ENSG00000183718",429.629931849803,2.3541662882395,0.311060604003338,6.0100142719174e-15,7.09014602741e-14,"TRIM52","5:181254417-181261139","-","protein_coding",1.30749307611155e-14
"ENSG00000074181",1220.66769509075,2.56863406443661,0.340702894448483,6.21305459445136e-15,7.28204319161204e-14,"NOTCH3","19:15159038-15200995","-","protein_coding",1.34288081178718e-14
"ENSG00000162591",373.223375779467,2.6555955195421,0.353039243419471,6.85115651853022e-15,7.98453039170873e-14,"MEGF6","1:3487951-3611508","-","protein_coding",1.47242640176975e-14
"ENSG00000069493",121.08067100851,3.4082818443994,0.45414951238744,6.86649190722948e-15,7.99594392554536e-14,"CLEC2D","12:9664969-9699553","+","protein_coding",1.47453117033272e-14
"ENSG00000185621",147.898782673031,2.81275460937911,0.374124980111116,7.02751382111578e-15,8.17026344972268e-14,"LMLN","3:197960200-198043720","+","protein_coding",1.50667741527771e-14
"ENSG00000258472",162.009284506405,3.03611242170574,0.404978950321501,7.09582785926119e-15,8.23641225691234e-14,"AC005726.1","17:28455752-28614197","-","protein_coding",1.51887590978815e-14
"ENSG00000163430",1091.98210187266,2.04821980997217,0.270659449788817,7.65051300282303e-15,8.85177238209548e-14,"FSTL1","3:120392293-120450993","-","protein_coding",1.63235440513671e-14
"ENSG00000110628",412.585073895201,2.6786449701202,0.357640106012676,8.90226579262327e-15,1.02507494697501e-13,"SLC22A18","11:2899721-2925246","+","protein_coding",1.89033962133335e-14
"ENSG00000227388",100.965099235515,3.55847857109062,0.476667424172622,9.01294912409433e-15,1.03699226445321e-13,"AL133410.1","9:35772163-35790432","+","lncRNA",1.91231633384158e-14
"ENSG00000184995",63.678197157124,4.81864477392585,0.644202606420917,9.53503636803252e-15,1.09270456487667e-13,"IFNE","9:21480839-21482313","-","protein_coding",2.0150553278994e-14
"ENSG00000242294",324.412987291039,2.87831703424498,0.385990788063583,1.04070408700758e-14,1.18980020343465e-13,"STAG3L5P","7:100336079-100351900","+","transcribed_unprocessed_pseudogene",2.19410929187194e-14
"ENSG00000121210",122.380256924519,2.786135958626,0.373183289216444,1.06137901818256e-14,1.20960319702512e-13,"TMEM131L","4:153466346-153636711","+","protein_coding",2.23062797132609e-14
"ENSG00000273154",284.569291775135,2.61664741530134,0.350408916633567,1.0866954191724e-14,1.23455444943459e-13,"AL121845.3","20:63708864-63739103","+","protein_coding",2.27664054940217e-14
"ENSG00000087303",79.8921012357481,3.70172727260272,0.497424411850778,1.10542491404553e-14,1.25286767456153e-13,"NID2","14:52004803-52069228","-","protein_coding",2.31041194841451e-14
"ENSG00000132031",381.417103424586,2.06440847120202,0.274633065373585,1.10628875616259e-14,1.25286767456153e-13,"MATN3","2:19992052-20012668","-","protein_coding",2.31041194841451e-14
"ENSG00000100299",500.987348369693,2.26750629862809,0.302616823067422,1.11988703804562e-14,1.26727295568018e-13,"ARSA","22:50622754-50628173","-","protein_coding",2.33697671203046e-14
"ENSG00000090006",2039.56730294097,2.25703628416083,0.301229174230341,1.15401954386349e-14,1.30283207972319e-13,"LTBP4","19:40592883-40629818","+","protein_coding",2.40255125492294e-14
"ENSG00000197969",1512.79648246219,3.99171126509623,0.539948981256926,1.16165498888513e-14,1.31042675368527e-13,"VPS13A","9:77177445-77421537","+","protein_coding",2.41655658511269e-14
"ENSG00000184445",1798.71309176345,2.20258945999018,0.294351077470672,1.29563379059255e-14,1.45135126790911e-13,"KNTC1","12:122527246-122626396","+","protein_coding",2.6764353321649e-14
"ENSG00000101464",518.191919677662,2.33349551676802,0.312558734501805,1.30503851343273e-14,1.46075218555527e-13,"PIGU","20:34560542-34698790","-","protein_coding",2.69377155441467e-14
"ENSG00000139263",185.535112164293,2.34488154884811,0.313990259271395,1.33398372544049e-14,1.49199358067096e-13,"LRIG3","12:58872149-58920522","-","protein_coding",2.75138377797666e-14
"ENSG00000165240",404.620731314628,2.40229068202756,0.322047709135147,1.36699899366592e-14,1.5253721176034e-13,"ATP7A","X:77910656-78050395","+","protein_coding",2.81293710249379e-14
"ENSG00000260566",73.9237650492972,10.5026027136813,2.9236132382366,1.37153556975473e-14,1.52925156108356e-13,"AC127459.1","16:23061406-23064173","-","lncRNA",2.82009118009651e-14
"ENSG00000265787",65.027691116752,4.61948314210122,0.62236332923057,1.47569475805509e-14,1.64158241859821e-13,"CYP4F35P","18:14337423-14342524","+","transcribed_unprocessed_pseudogene",3.0272403951709e-14
"ENSG00000239665",172.230566908974,2.4993368020139,0.336346564979767,1.55539804928181e-14,1.72360084908125e-13,"AL157392.3","10:13631143-13668445","+","lncRNA",3.17849049574082e-14
"ENSG00000146067",921.070306685613,2.36867204373789,0.318385962985528,1.59148473833066e-14,1.76088510771739e-13,"FAM193B","5:177519789-177554563","-","protein_coding",3.2472463575048e-14
"ENSG00000059804",491.059643737279,2.12685262269615,0.285394334635299,1.71084849854354e-14,1.88284684492649e-13,"SLC2A3","12:7919230-7936187","-","protein_coding",3.47215586759804e-14
"ENSG00000110811",693.899935660191,2.09827187189236,0.281647442815526,1.7722801006338e-14,1.94600131597751e-13,"P3H3","12:6828407-6839847","+","protein_coding",3.58861896060835e-14
"ENSG00000123104",246.418969175909,2.25259083136787,0.303278852969137,1.89832311760574e-14,2.07649779687761e-13,"ITPR2","12:26335352-26833194","-","protein_coding",3.82926738248032e-14
"ENSG00000033627",1388.78314264952,2.16794626813386,0.291705232378559,1.9408687915081e-14,2.11821898062624e-13,"ATP6V0A1","17:42458844-42522611","+","protein_coding",3.9062053731333e-14
"ENSG00000186866",646.590327462116,2.26503981294409,0.305240518300181,1.95632505685115e-14,2.13347376570282e-13,"POFUT2","21:45263928-45287898","-","protein_coding",3.93433670609611e-14
"ENSG00000124574",307.649891238626,2.36574126950925,0.319343451533583,1.98535009598503e-14,2.15860069215313e-13,"ABCC10","6:43427366-43450427","+","protein_coding",3.98067324448436e-14
"ENSG00000039068",382.67614809148,2.4215847932672,0.326972618239685,1.99873037772542e-14,2.17151219049867e-13,"CDH1","16:68737292-68835541","+","protein_coding",4.00448332487446e-14
"ENSG00000197989",467.271878599319,2.17610531008653,0.293084252195659,2.00447421374503e-14,2.1761139169235e-13,"SNHG12","1:28578538-28583132","-","lncRNA",4.01296936368857e-14
"ENSG00000256028",236.805715949275,2.93551592632564,0.398901577234943,2.02210009600623e-14,2.19359851016375e-13,"AC026362.1","12:122975320-122982907","+","lncRNA",4.04521268351848e-14
"ENSG00000127603",3061.85756733226,2.06623861337655,0.277795069324573,2.02802423323016e-14,2.198372174083e-13,"MACF1","1:39081316-39487177","+","protein_coding",4.05401579208349e-14
"ENSG00000134884",2707.07966450385,2.110042925941,0.283932272501579,2.04618618353521e-14,2.21639446366711e-13,"ARGLU1","13:106541673-106568137","-","protein_coding",4.08725067717021e-14
"ENSG00000280138",52.7984548430843,4.5656642557326,0.615781325864599,2.10654445669893e-14,2.27835258030376e-13,"AC027290.2","12:122870059-122888720","-","TEC",4.20150757427522e-14
"ENSG00000243716",966.930090563735,2.35035178112309,0.317525313687862,2.13060198645547e-14,2.30264610191607e-13,"NPIPB5","16:22479121-22536521","+","protein_coding",4.24630723168659e-14
"ENSG00000145040",81.9990551271423,3.27655251061784,0.446808731591433,2.3307218113013e-14,2.50392064731609e-13,"UCN2","3:48561718-48563781","-","protein_coding",4.61747740715357e-14
"ENSG00000278864",95.9875417322704,4.13885136080412,0.564930046085561,2.42016257126314e-14,2.59140628265507e-13,"AC055811.4","17:17181504-17183257","+","TEC",4.77880957439346e-14
"ENSG00000206573",538.199011341957,2.13600446011922,0.288465403733757,2.42587739642397e-14,2.59263400560038e-13,"THUMPD3-AS1","3:9349689-9398579","-","lncRNA",4.78107361697336e-14
"ENSG00000143554",84.9685052192904,3.66509057156891,0.501550726395294,2.54169103768004e-14,2.70239633689371e-13,"SLC27A3","1:153774354-153780157","+","protein_coding",4.98348621557016e-14
"ENSG00000136153",1134.30229555759,2.13389641318363,0.28864491740842,2.69481896198197e-14,2.85259339570622e-13,"LMO7","13:75620434-75859870","+","protein_coding",5.26046445225314e-14
"ENSG00000105281",6830.86265352777,2.08065714117776,0.281214333928727,2.70790462083494e-14,2.86434368544036e-13,"SLC1A5","19:46774883-46788594","-","protein_coding",5.28213314907587e-14
"ENSG00000196689",433.203506558743,2.60023253675599,0.353767261433059,2.73472316172137e-14,2.89059236463853e-13,"TRPV1","17:3565444-3609411","-","protein_coding",5.33053831051543e-14
"ENSG00000128159",799.555742461835,2.37796322675323,0.323336416190148,2.98898559909389e-14,3.14552036642791e-13,"TUBGCP6","22:50217689-50245023","-","protein_coding",5.80065076794294e-14
"ENSG00000177990",96.2033690183464,2.96362110042642,0.404287609819767,3.03010402825608e-14,3.18182976125755e-13,"DPY19L2","12:63558913-63668939","-","protein_coding",5.86760888439643e-14
"ENSG00000137261",451.759067156489,2.16517048503969,0.293875853703286,3.16345264853355e-14,3.31114836987401e-13,"KIAA0319","6:24544104-24646191","-","protein_coding",6.10608519324077e-14
"ENSG00000204531",80.8342123206245,3.41211426314423,0.468395081683477,3.20521708600077e-14,3.34865113083411e-13,"POU5F1","6:31164337-31180731","-","protein_coding",6.17524399490837e-14
"ENSG00000245849",148.72479995084,2.93289427533666,0.402673746451503,3.53907326972457e-14,3.68676889065604e-13,"RAD51-AS1","15:40686183-40695107","-","lncRNA",6.79876659679617e-14
"ENSG00000173706",428.999107305925,2.04714794134174,0.278161372024838,3.6197865548191e-14,3.75999139041973e-13,"HEG1","3:124965710-125055997","-","protein_coding",6.93379613086569e-14
"ENSG00000176155",1082.08528528983,2.09382704028573,0.284608300325299,3.61921925050276e-14,3.75999139041973e-13,"CCDC57","17:82101460-82212830","-","protein_coding",6.93379613086569e-14
"ENSG00000251474",189.449005135513,2.62547789420671,0.359653004880293,3.98804303589581e-14,4.11878918553363e-13,"RPL32P3","3:129382922-129399655","-","transcribed_unprocessed_pseudogene",7.5954547638782e-14
"ENSG00000152818",517.411720099476,2.54601247171686,0.348625167079552,4.03544372534663e-14,4.16178570902796e-13,"UTRN","6:144285701-144853034","+","protein_coding",7.67474460720213e-14
"ENSG00000145882",156.061678283488,2.74058765267708,0.376069514310735,4.08290397143507e-14,4.20172171896328e-13,"PCYOX1L","5:149358037-149369653","+","protein_coding",7.74839056072139e-14
"ENSG00000172270",9679.18754759541,2.02963520031071,0.276205432492382,4.14942687722691e-14,4.2671369197883e-13,"BSG","19:571277-583493","+","protein_coding",7.86902266310758e-14
"ENSG00000215158",57.1973941767201,3.8643536285808,0.53273977110705,4.79725387847198e-14,4.89842738560466e-13,"AC138409.2","5:34164698-34244796","-","transcribed_unprocessed_pseudogene",9.03318474084076e-14
"ENSG00000011021",413.823725897451,2.25635259890515,0.309202373197924,4.94092332910573e-14,5.03443797968485e-13,"CLCN6","1:11806096-11848079","+","protein_coding",9.28400173297347e-14
"ENSG00000167702",1106.31729461059,2.28599277913753,0.313338329409682,4.96120639146669e-14,5.0515374605562e-13,"KIFC2","8:144466043-144474202","+","protein_coding",9.31553486749279e-14
"ENSG00000159167",210.89861549422,2.23160253001473,0.305992206821659,5.36603262661324e-14,5.44452311791672e-13,"STC1","8:23841929-23854806","-","protein_coding",1.0040239300975e-13
"ENSG00000230177",59.3319518326493,3.57966039756457,0.494600271163719,5.64184990630656e-14,5.71232354022394e-13,"AL080317.1","6:111273329-111278744","+","lncRNA",1.0534089775412e-13
"ENSG00000250644",173.564427948431,3.01642147188095,0.416999843419884,5.74085525603032e-14,5.8084894554001e-13,"AC068580.4","11:1734821-1763954","-","protein_coding",1.07114292374833e-13
"ENSG00000050344",286.013210069403,2.49122109346003,0.343827511381587,6.04541930857777e-14,6.09101325308381e-13,"NFE2L3","7:26152198-26187137","+","protein_coding",1.12324310728195e-13
"ENSG00000178295",1468.57596469039,2.3445254954121,0.323746125154242,6.35772036539341e-14,6.39227800919137e-13,"GEN1","2:17753858-17788946","+","protein_coding",1.17879930896866e-13
"ENSG00000204386",572.442542756151,2.08149221010845,0.285884274536534,6.40847887528901e-14,6.43247994302631e-13,"NEU1","6:31857659-31862906","-","protein_coding",1.18621294331869e-13
"ENSG00000114771",624.031606377327,2.40239206093461,0.331334642388921,6.42148736655429e-14,6.43844473416576e-13,"AADAC","3:151814073-151828488","+","protein_coding",1.18731290981939e-13
"ENSG00000171714",275.075817987299,2.31251555546186,0.31905274214014,6.93638324745774e-14,6.93061894004988e-13,"ANO5","11:21799934-22283357","+","protein_coding",1.27807470286941e-13
"ENSG00000108474",232.983794741313,2.13683071992504,0.294328695341398,7.06987243499633e-14,7.04935172716842e-13,"PIGL","17:16217191-16351797","+","protein_coding",1.29997020353537e-13
"ENSG00000130714",620.612331569132,2.2207954064484,0.306368537133081,7.20333646184454e-14,7.17116585307516e-13,"POMT1","9:131502902-131523806","+","protein_coding",1.3224339335601e-13
"ENSG00000104689",530.678619755304,2.07901749070493,0.286310678674679,7.31869738575573e-14,7.27232547394516e-13,"TNFRSF10A","8:23190452-23225126","-","protein_coding",1.34108876850402e-13
"ENSG00000171365",309.163391009399,2.42112330626034,0.335076375529072,7.71200606016529e-14,7.62115229014142e-13,"CLCN5","X:49922596-50099235","+","protein_coding",1.40541588464174e-13
"ENSG00000187240",322.917597639024,2.38351199127862,0.32977695038288,7.78419267102458e-14,7.68722326198102e-13,"DYNC2H1","11:103109410-103479863","+","protein_coding",1.41760002554353e-13
"ENSG00000204267",520.345592470998,2.55794970226893,0.35524938276802,8.12038612668725e-14,7.9973331765081e-13,"TAP2","6:32821833-32838770","-","protein_coding",1.47478736195525e-13
"ENSG00000100068",214.836031755297,2.71253448847888,0.377769770111205,8.43158944623401e-14,8.27557636260302e-13,"LRP5L","22:25351418-25405377","-","protein_coding",1.52609815836028e-13
"ENSG00000137809",89.120230845122,3.28365158921184,0.459487139531477,8.84540899773495e-14,8.6523092216488e-13,"ITGA11","15:68296532-68432163","-","protein_coding",1.59557142489693e-13
"ENSG00000115902",521.857562050986,2.03829044758128,0.281568509450876,9.05636031902559e-14,8.85265356930225e-13,"SLC1A4","2:64988477-65023865","+","protein_coding",1.63251690477595e-13
"ENSG00000072310",6954.85805455983,2.00739647065971,0.277076371787186,9.08406945505782e-14,8.8737274270531e-13,"SREBF1","17:17810399-17837011","-","protein_coding",1.63640313264625e-13
"ENSG00000204869",75.4054027445786,3.3454363074035,0.46823726060558,9.19923713964582e-14,8.97407663629546e-13,"IGFL4","19:46039748-46077118","-","protein_coding",1.65490851966796e-13
"ENSG00000108784",1539.91155852036,2.07636487400228,0.287139283634881,9.34560453407867e-14,9.10454977837184e-13,"NAGLU","17:42536241-42544449","+","protein_coding",1.67896905794515e-13
"ENSG00000112655",162.989452761844,2.46968902902687,0.3435598583059,9.4109909478998e-14,9.15058578594788e-13,"PTK7","6:43076307-43161719","+","protein_coding",1.68745855321433e-13
"ENSG00000108352",222.250071538642,2.15264460117517,0.29833680856897,9.79346151026644e-14,9.47686537022966e-13,"RAPGEFL1","17:40177010-40195656","+","protein_coding",1.74762773670868e-13
"ENSG00000270605",55.7198830965248,5.47593722767288,0.75734722820538,1.01386200634349e-13,9.78461607192234e-13,"AL353622.1","1:28239509-28241453","-","lncRNA",1.8043800109321e-13
"ENSG00000254413",166.736316068668,3.06338007116229,0.429273105777623,1.020798145118e-13,9.83839387960089e-13,"CHKB-CPT1B","22:50568869-50582965","-","protein_coding",1.81429717073619e-13
"ENSG00000272645",247.87150820693,2.68262289722597,0.374630754839429,1.04461717329133e-13,1.00545274024331e-12,"GTF2IP20","1:223951394-223992594","-","transcribed_unprocessed_pseudogene",1.85415433073349e-13
"ENSG00000074855",266.844185699757,2.55180013869436,0.35623777745236,1.07940046786743e-13,1.03547805521218e-12,"ANO8","19:17323223-17334855","-","protein_coding",1.90952398218792e-13
"ENSG00000140451",725.451439276196,2.13461533519436,0.296351813196083,1.09525490342628e-13,1.04998921904547e-12,"PIF1","15:64815632-64825668","-","protein_coding",1.93628400400551e-13
"ENSG00000197375",788.278001410561,2.11707609756259,0.294199709286873,1.16089696687235e-13,1.10776596812396e-12,"SLC22A5","5:132369752-132395614","+","protein_coding",2.04283004563613e-13
"ENSG00000157181",465.949191968828,2.28437220985874,0.318217277414669,1.17998279263848e-13,1.12523408672756e-12,"ODR4","1:186375838-186421378","+","protein_coding",2.07504298460609e-13
"ENSG00000282458",229.582352635072,2.82473809707123,0.39602145468357,1.18134542153797e-13,1.12578941492403e-12,"WASH5P","19:60951-71626","-","transcribed_processed_pseudogene",2.07606706474357e-13
"ENSG00000163389",326.200420001776,2.25498134309739,0.314047065876268,1.1842510451817e-13,1.12781347061924e-12,"POGLUT1","3:119468963-119494708","+","protein_coding",2.07979962370205e-13
"ENSG00000234745",140.899850797783,2.51660182341871,0.351961159175347,1.22824570687602e-13,1.16739980624554e-12,"HLA-B","6:31269491-31357188","-","protein_coding",2.15280074319933e-13
"ENSG00000185946",293.677593795688,2.67328920100096,0.374771055916833,1.27134934815841e-13,1.2059847728619e-12,"RNPC3","1:103525691-103555239","+","protein_coding",2.2239552391686e-13
"ENSG00000179218",9497.45296215163,2.06215473329034,0.286982278806914,1.33310025384338e-13,1.26041746149753e-12,"CALR","19:12938578-12944489","+","protein_coding",2.32433450248713e-13
"ENSG00000278867",47.1170929024818,4.5191001396763,0.630968126798003,1.33460690890339e-13,1.26101561765934e-12,"AC090616.6","17:32051030-32053208","+","TEC",2.32543756163003e-13
"ENSG00000247373",100.646873354434,3.05084664046678,0.429393558459753,1.34267380994824e-13,1.26780744305846e-12,"AC055713.1","12:123575891-123585115","-","lncRNA",2.33796235963725e-13
"ENSG00000269352",94.9195887085984,3.02989944277248,0.42674010596222,1.34665124236159e-13,1.26990092318909e-12,"PTOV1-AS2","19:49856970-49859289","-","lncRNA",2.34182294412337e-13
"ENSG00000076706",236.475889378918,2.50728179248575,0.352023399536617,1.45426441303505e-13,1.36513513020623e-12,"AP002956.1","11:119308529-119321521","-","protein_coding",2.51744424416784e-13
"ENSG00000160746",450.913417815633,2.01244250084805,0.28052036051362,1.46655724073914e-13,1.37577944534358e-12,"ANO10","3:43354859-43691594","-","protein_coding",2.53707341441093e-13
"ENSG00000168216",285.434597770709,2.17370449686271,0.303606930977096,1.50452699174194e-13,1.40865122886779e-12,"LMBRD1","6:69672757-69867236","-","protein_coding",2.59769223550599e-13
"ENSG00000229152",51.1756798050918,5.16599277486529,0.71732279820006,1.52456806280771e-13,1.42556500390082e-12,"ANKRD10-IT1","13:110894639-110899172","-","lncRNA",2.62888291008604e-13
"ENSG00000197774",593.137629093068,2.51086629314596,0.35273687699475,1.53934502863719e-13,1.43566063821444e-12,"EME2","16:1773207-1781708","+","protein_coding",2.64750025860463e-13
"ENSG00000174080",835.069661697949,2.1007312683791,0.293434410197834,1.54682013946289e-13,1.44143036329759e-12,"CTSF","11:66563464-66568841","-","protein_coding",2.65814020250441e-13
"ENSG00000134569",367.933517303724,2.38483269500984,0.334649226408161,1.56448308065477e-13,1.45534248147563e-12,"LRP4","11:46856717-46918642","-","protein_coding",2.68379552486522e-13
"ENSG00000142046",243.422094276385,2.46060111642448,0.345696544587116,1.60811403313403e-13,1.49400317257294e-12,"TMEM91","19:41350911-41384083","+","protein_coding",2.75508966426941e-13
"ENSG00000088836",222.171207985539,2.47863207371365,0.348370584454158,1.6151784494492e-13,1.49960068652851e-12,"SLC4A11","20:3227417-3239559","-","protein_coding",2.76541203381165e-13
"ENSG00000166106",187.156873441119,2.49700194257018,0.351198233509576,1.67407362200098e-13,1.55029102812773e-12,"ADAMTS15","11:130448974-130476641","+","protein_coding",2.85889003893382e-13
"ENSG00000063660",5815.12980292714,2.0579761743113,0.287701929576067,1.69437320458328e-13,1.56607409325609e-12,"GPC1","2:240435663-240468076","+","protein_coding",2.8879955725792e-13
"ENSG00000169031",132.674308497061,3.52706120156911,0.498411057947614,1.70678509260437e-13,1.57603469325026e-12,"COL4A3","2:227164565-227314792","+","protein_coding",2.90636390445269e-13
"ENSG00000026652",121.867743822732,2.78252268041786,0.392694227452688,1.71515653413492e-13,1.58224286921346e-12,"AGPAT4","6:161129967-161274061","-","protein_coding",2.91781239515484e-13
"ENSG00000246339",46.04132761943,4.63184813036228,0.649332427933646,1.72122080218982e-13,1.58682260281116e-12,"EXTL3-AS1","8:28690215-28702030","-","lncRNA",2.92625787701978e-13
"ENSG00000127419",227.840278123648,2.58748822515276,0.364930465449888,1.74968114820885e-13,1.60997446469116e-12,"TMEM175","4:932387-958656","+","protein_coding",2.96895220093096e-13
"ENSG00000185513",143.122388762079,3.10040866214768,0.439407005127436,1.75145064280836e-13,1.61057551781001e-12,"L3MBTL1","20:43489442-43550950","+","protein_coding",2.97006060234926e-13
"ENSG00000272994",125.646615010403,2.76816364098126,0.391364421145348,1.85255545947218e-13,1.70137938696783e-12,"AC012360.3","2:105334027-105337475","-","lncRNA",3.13751192105131e-13
"ENSG00000274272",52.6503340151098,3.65328359519998,0.517982275376869,2.05270382219232e-13,1.875643492501e-12,"AC069281.2","7:100572232-100578700","-","lncRNA",3.45887217303842e-13
"ENSG00000197121",331.822459520392,2.45319830570383,0.346570261048487,2.18077442359059e-13,1.98387221838367e-12,"PGAP1","2:196833004-196927796","-","protein_coding",3.65845665152576e-13
"ENSG00000161395",282.148692564414,2.29152124773436,0.323459689966971,2.26010041715127e-13,2.05215411067706e-12,"PGAP3","17:39671122-39696797","-","protein_coding",3.78437521660504e-13
"ENSG00000253671",103.712161184941,3.28741841411988,0.467876253042158,2.30652982978914e-13,2.09036509950991e-12,"AC027117.1","8:17808361-17822183","+","lncRNA",3.8548400605408e-13
"ENSG00000259295",73.764808682515,3.4400690891871,0.490956407969628,2.38766920462455e-13,2.16254182575788e-12,"CSPG4P12","15:85191438-85213905","+","transcribed_unprocessed_pseudogene",3.98794108478034e-13
"ENSG00000110013",270.72620826897,2.20741634684027,0.311465006141777,2.39311234659275e-13,2.16611197845924e-12,"SIAE","11:124633113-124695707","-","protein_coding",3.99452479958628e-13
"ENSG00000082258",856.134392621248,2.07013684650157,0.291800164243832,2.56348545962006e-13,2.31162301321239e-12,"CCNT2","2:134918235-134959342","+","protein_coding",4.26286154427682e-13
"ENSG00000134575",414.165899085244,2.32839866894829,0.329715926919836,2.5652866114041e-13,2.31180232538029e-12,"ACP2","11:47239305-47248906","-","protein_coding",4.26319221365525e-13
"ENSG00000285796",80.4996838582467,3.41880203052969,0.489828715738184,2.66044078555916e-13,2.38711689390843e-12,"AL162458.1","20:45926518-45935055","-","lncRNA",4.40207972951202e-13
"ENSG00000196876",260.599058088751,2.43709381359147,0.34561235728351,2.68939769783021e-13,2.41159912891823e-12,"SCN8A","12:51590266-51812864","+","protein_coding",4.44722739309933e-13
"ENSG00000177239",1670.47583478453,2.00374215917535,0.282790798998037,2.86299086503818e-13,2.55930806696226e-12,"MAN1B1","9:137086985-137109183","+","protein_coding",4.71961728891494e-13
"ENSG00000261067",62.9160352567789,3.47525663178256,0.496552450745275,2.90935211857845e-13,2.59753294349318e-12,"AC109460.3","16:28974804-28990775","+","lncRNA",4.79010774313998e-13
"ENSG00000269982",49.2813649456541,4.41213359830171,0.630807822623829,3.09980322012647e-13,2.75495150018513e-12,"AC018809.2","3:9958717-9962539","+","lncRNA",5.08040313639493e-13
"ENSG00000174233",1010.13709334317,2.2398134153176,0.317870612004261,3.13157090997415e-13,2.77854323857306e-12,"ADCY6","12:48766194-48789037","-","protein_coding",5.12390863610735e-13
"ENSG00000132688",124.746334620618,2.44544381286514,0.347577449303515,3.1511877156016e-13,2.79271107866707e-12,"NES","1:156668763-156677407","-","protein_coding",5.15003553498187e-13
"ENSG00000244754",1005.12045658774,2.09758678404485,0.297487477230066,3.38387714216713e-13,2.98791795637621e-12,"N4BP2L2","13:32432417-32538885","-","protein_coding",5.5100163309025e-13
"ENSG00000196739",929.694820430836,2.08378350363301,0.295478498428054,3.38980865378953e-13,2.99132472519115e-12,"COL27A1","9:114155537-114312511","+","protein_coding",5.51629874965697e-13
"ENSG00000185033",1727.23827210963,2.06464467532636,0.29263973861161,3.49664471062245e-13,3.07995054242129e-12,"SEMA4B","15:90160604-90229679","+","protein_coding",5.67973352511174e-13
"ENSG00000131797",219.810517215144,2.59672701629223,0.37148975567121,3.63317773233492e-13,3.19436248154347e-12,"CLUHP3","16:31700590-31711986","+","transcribed_unprocessed_pseudogene",5.89072046056896e-13
"ENSG00000273142",209.454469618989,2.75594519832154,0.394707064005564,3.66150322857129e-13,3.21730624737068e-12,"LINC02604","7:66902857-66906297","+","lncRNA",5.93303103477015e-13
"ENSG00000281026",47.504043338992,4.50604204999678,0.64467348940513,3.68210231553185e-13,3.23343713989614e-12,"N4BP2L2-IT2","13:32504506-32509395","-","lncRNA",5.96277799654923e-13
"ENSG00000178773",1512.82645759466,2.04424205483245,0.290147664598485,3.68618153522266e-13,3.23505031570514e-12,"CPNE7","16:89575758-89597246","+","protein_coding",5.9657528523458e-13
"ENSG00000117523",2896.02367205257,2.01833641738965,0.286583027112902,3.84965214123243e-13,3.3682705332748e-12,"PRRC2C","1:171485551-171593511","+","protein_coding",6.21142411411815e-13
"ENSG00000174130",264.386960110366,2.25577296471068,0.321625559422506,3.90125039532305e-13,3.40721796027367e-12,"TLR6","4:38823715-38856817","-","protein_coding",6.28324702289396e-13
"ENSG00000064651",1986.54372651268,2.37945916715607,0.33967502662454,3.95264147647045e-13,3.44792691792718e-12,"SLC12A2","5:128083766-128189677","+","protein_coding",6.35831836847967e-13
"ENSG00000182685",201.969274119043,2.70344919287238,0.38814500049543,4.2439129370205e-13,3.6819708872719e-12,"BRICD5","16:2209253-2211950","-","protein_coding",6.78991860384982e-13
"ENSG00000021826",580.432985519502,2.11486141169399,0.301875140511836,4.65540128866241e-13,4.01003759957141e-12,"CPS1","2:210477682-210679107","+","protein_coding",7.39490607967333e-13
"ENSG00000114554",1336.80596836941,2.07979250814642,0.297082127111448,5.08567605499436e-13,4.35725262003911e-12,"PLXNA1","3:126988594-127037392","+","protein_coding",8.0352049302589e-13
"ENSG00000243302",106.299823708434,3.19033990872247,0.462935672509294,5.3683581819692e-13,4.58583018646842e-12,"AC018638.4","7:128651185-128652334","+","processed_pseudogene",8.45672457781674e-13
"ENSG00000197296",447.347808380874,2.02771214743005,0.290061567339085,5.45388109661195e-13,4.65612996816078e-12,"FITM2","20:44302840-44311202","-","protein_coding",8.58636433059415e-13
"ENSG00000162341",435.947108112378,2.05602864382109,0.294426524786098,5.69945918473149e-13,4.84571579948768e-12,"TPCN2","11:69048932-69136316","+","protein_coding",8.93597936084948e-13
"ENSG00000245149",47.0115375676917,5.49116445653249,0.779886275632612,6.27850559247585e-13,5.2912545962758e-12,"RNF139-AS1","8:124462485-124474582","-","lncRNA",9.75759698295131e-13
"ENSG00000092096",150.165285583295,2.49346702672448,0.360853697178719,6.79720026688094e-13,5.6687864422288e-12,"SLC22A17","14:23346306-23352912","-","protein_coding",1.04538030592251e-12
"ENSG00000243708",117.7999690115,3.19083492872809,0.46457368440964,6.79376702098474e-13,5.6687864422288e-12,"PLA2G4B","15:41837775-41848147","+","protein_coding",1.04538030592251e-12
"ENSG00000162729",316.321910945232,2.13058575136012,0.306853689668222,6.95174061281603e-13,5.79097653358601e-12,"IGSF8","1:160091340-160098943","-","protein_coding",1.06791336769605e-12
"ENSG00000151006",130.641117140542,3.1677431590835,0.462363770631309,7.03659824219107e-13,5.84815895382101e-12,"PRSS53","16:31083425-31089628","-","protein_coding",1.07845837174018e-12
"ENSG00000287737",63.1821294812124,3.67114641530406,0.534332649176886,7.42553435866902e-13,6.14309688800898e-12,"AC132872.5","17:82273748-82279645","+","lncRNA",1.13284784486847e-12
"ENSG00000261578",273.977110154562,2.44168763290659,0.3546817850054,8.58124983679079e-13,7.0306798776387e-12,"AP003119.3","11:76800364-76804555","+","lncRNA",1.2965269297461e-12
"ENSG00000162769",686.36562665441,2.03784484977909,0.294299764191351,8.82331475625233e-13,7.21671118498915e-12,"FLVCR1","1:212858275-212899363","+","protein_coding",1.33083294338254e-12
"ENSG00000138658",226.061270265349,2.56741581118024,0.373970548557444,9.26023403486361e-13,7.54413645708708e-12,"ZGRF1","4:112539333-112636995","-","protein_coding",1.39121340304542e-12
"ENSG00000142102",738.842542116446,2.33336076154368,0.339209957513857,9.435126398054e-13,7.67794718957265e-12,"PGGHG","11:289135-296107","+","protein_coding",1.4158894260156e-12
"ENSG00000198064",127.238499347599,2.65734386209517,0.388049735944211,1.00569897933321e-12,8.16557393011793e-12,"NPIPB13","16:30222937-30254510","-","protein_coding",1.50581262146532e-12
"ENSG00000247982",56.1558129728237,4.75145989669738,0.695475012237446,1.02953187483222e-12,8.32628132851974e-12,"LINC00926","15:57300365-57307769","+","lncRNA",1.53544865574133e-12
"ENSG00000128262",70.8020071345442,3.18402588970169,0.468724052136725,1.11702026661456e-12,9.00859050123808e-12,"POM121L9P","22:24251828-24265525","+","transcribed_unprocessed_pseudogene",1.66127321783748e-12
"ENSG00000070018",1597.17217914803,2.03436069177031,0.295273695141957,1.125174827922e-12,9.06928626662494e-12,"LRP6","12:12116025-12267044","-","protein_coding",1.67246611748804e-12
"ENSG00000182796",352.030155373584,2.49628678772387,0.365083134673308,1.13485909575463e-12,9.13713562139947e-12,"TMEM198B","12:55829608-55836246","+","transcribed_unitary_pseudogene",1.68497820979804e-12
"ENSG00000158528",552.677356882001,2.18123335150474,0.317997239985694,1.24718478576412e-12,9.97471290964783e-12,"PPP1R9A","7:94907202-95296415","+","protein_coding",1.83943574859334e-12
"ENSG00000280383",130.849701581586,2.72054693792373,0.400741927078604,1.36660664930542e-12,1.08935915669495e-11,"Z95331.1","22:45657019-45680130","+","lncRNA",2.0088860642235e-12
"ENSG00000249437",107.81463426662,3.0856893662899,0.455906620232199,1.5507792331523e-12,1.22937597669898e-11,"NAIP","5:70968483-71025114","-","protein_coding",2.26709093332872e-12
"ENSG00000149311",1086.60168224268,2.42494079180271,0.35667247841112,1.6044846125823e-12,1.26985759683694e-11,"ATM","11:108222484-108369102","+","protein_coding",2.34174304604339e-12
"ENSG00000179406",170.396882131026,2.63280584670077,0.389263495104311,1.78676876840506e-12,1.40411218902768e-11,"LINC00174","7:66376044-66493566","-","lncRNA",2.58932179695621e-12
"ENSG00000158201",497.464140556374,2.18131838863935,0.320976929400889,1.91996030284308e-12,1.50273867918101e-11,"ABHD3","18:21650901-21704780","-","protein_coding",2.77119880273033e-12
"ENSG00000133636",162.384462462961,2.51204739340713,0.371294412219351,1.9558812751791e-12,1.52785354836405e-11,"NTS","12:85874295-85882992","+","protein_coding",2.81751310632482e-12
"ENSG00000135837",634.794816435317,2.26737201103708,0.334739449378142,2.11954220144182e-12,1.65301377742717e-11,"CEP350","1:179954773-180114875","+","protein_coding",3.04832095185003e-12
"ENSG00000140398",82.5007991577999,3.17698724035926,0.473807300799878,2.23051757359471e-12,1.73052513932889e-11,"NEIL1","15:75346955-75357114","+","protein_coding",3.19125957203455e-12
"ENSG00000110455",742.490445332163,2.13589190021679,0.315129699783805,2.25146119841896e-12,1.74551758037554e-11,"ACCS","11:44065925-44084222","+","protein_coding",3.21890711665031e-12
"ENSG00000153933",336.634252318551,2.15852017397546,0.319009258910906,2.34669400171607e-12,1.81253217648606e-11,"DGKE","17:56834107-56869567","+","protein_coding",3.34248866218432e-12
"ENSG00000162825",226.931985675549,2.06190993475442,0.304280929801349,2.4111323914511e-12,1.86031113068751e-11,"NBPF20","1:145289900-145405778","-","protein_coding",3.43059778089746e-12
"ENSG00000196993",94.524583938622,2.88410329169963,0.430185777626013,2.54319868588367e-12,1.95488921896269e-11,"NPIPB9","16:28751787-28772807","+","protein_coding",3.6050091330665e-12
"ENSG00000110888",841.166916021011,2.01637101701749,0.298106631082893,2.75396003505795e-12,2.10791169155523e-11,"CAPRIN2","12:30709552-30754951","-","protein_coding",3.88719771230132e-12
"ENSG00000136378",119.583082145381,2.74035703868258,0.409555740453877,2.75849755574217e-12,2.10851007725788e-11,"ADAMTS7","15:78759206-78811464","-","protein_coding",3.88830119474023e-12
"ENSG00000166450",350.654093989548,2.10556610119789,0.312139179311182,2.80930623272363e-12,2.14345163012885e-11,"PRTG","15:55611544-55743152","-","protein_coding",3.95273687529006e-12
"ENSG00000006071",64.1817143450887,3.46472671418732,0.521975069465922,3.02285075202201e-12,2.28823140871844e-11,"ABCC8","11:17392498-17476879","-","protein_coding",4.21972511126579e-12
"ENSG00000254536",108.80447834882,2.81649623646036,0.421617778447261,3.02263642722794e-12,2.28823140871844e-11,"AL360181.3","10:133380017-133420271","+","protein_coding",4.21972511126579e-12
"ENSG00000113108",233.117468226434,2.52178352570024,0.376973733074578,3.12408548024556e-12,2.35744274628572e-11,"APBB3","5:140558268-140564781","-","protein_coding",4.34735766538779e-12
"ENSG00000263956",495.286910370827,2.15336239882218,0.319920576720441,3.1449233166933e-12,2.36991332162106e-11,"NBPF11","1:148102046-148152322","-","protein_coding",4.37035464012294e-12
"ENSG00000223839",80.7748805764147,3.7970492693221,0.572453798268959,3.26251166116271e-12,2.45291913742864e-11,"FAM95B1","9:40321299-40329221","+","transcribed_unprocessed_pseudogene",4.52342557692147e-12
"ENSG00000102359",77.0499007946003,3.21562530230593,0.485374451634676,3.48043665724874e-12,2.6126815864092e-11,"SRPX2","X:100644195-100675788","+","protein_coding",4.8180433394572e-12
"ENSG00000272068",423.093717912492,2.16703251225639,0.323162076135046,3.57656386294745e-12,2.68065783971978e-11,"AL365181.2","1:156637783-156641004","-","lncRNA",4.94339827601278e-12
"ENSG00000130203",174.812952949616,2.18526934935686,0.325962031080882,3.60580102184401e-12,2.69836603439655e-11,"APOE","19:44905791-44909393","+","protein_coding",4.97605393901436e-12
"ENSG00000235194",299.614696393925,2.19224573017481,0.327443928461256,3.75174592103252e-12,2.80032023531594e-11,"PPP1R3E","14:23295643-23302848","-","protein_coding",5.16406757267896e-12
"ENSG00000177853",816.348718236917,2.33082922071419,0.348904719011409,3.80152773492765e-12,2.83601045292327e-11,"ZNF518A","10:96129715-96205288","+","protein_coding",5.2298838650742e-12
"ENSG00000259972",262.251902922963,2.49975462989864,0.375347924797203,3.97600977072692e-12,2.958528569987e-11,"AC009120.2","16:74305127-74335346","-","lncRNA",5.45581939466662e-12
"ENSG00000109501",595.55172844519,2.14646147983808,0.321107604554281,4.16457699216558e-12,3.09246098008054e-11,"WFS1","4:6269849-6303265","+","protein_coding",5.70280400991609e-12
"ENSG00000262333",68.3288500583563,3.03402620809067,0.458302612932702,4.3087124282323e-12,3.19620066398641e-11,"HNRNPA1P16","17:2306761-2307715","+","processed_pseudogene",5.89411025086029e-12
"ENSG00000273033",202.056720766632,2.18336025610983,0.326984596596234,4.340232524315e-12,3.21792779346438e-11,"LINC02035","3:122886941-122892416","+","lncRNA",5.93417722726161e-12
"ENSG00000100258",1124.82166697248,2.07765484975825,0.311313381648794,4.75636645295136e-12,3.50663542070425e-11,"LMF2","22:50502949-50507702","-","protein_coding",6.46658265611654e-12
"ENSG00000090530",890.870179108337,2.06662543735293,0.30995661631532,5.03098136232406e-12,3.69587571769916e-11,"P3H2","3:189956728-190122437","-","protein_coding",6.81556048687713e-12
"ENSG00000214826",203.12587213825,2.46123455163379,0.372629833089967,5.67359536775095e-12,4.14684062643925e-11,"DDX12P","12:9418673-9448229","-","unprocessed_pseudogene",7.64718439626836e-12
"ENSG00000153898",99.2377298668472,2.42924360661346,0.36766468764018,5.9766238987222e-12,4.35949088022062e-11,"MCOLN2","1:84925583-84997113","-","protein_coding",8.03933250348312e-12
"ENSG00000249087",68.1853500048756,3.41780062255339,0.522164662924633,6.10995539985504e-12,4.4544940125876e-11,"ZNF436-AS1","1:23368997-23371839","+","lncRNA",8.21452767901057e-12
"ENSG00000121989",120.879540103191,2.27434324348728,0.344363488672838,6.68278664646078e-12,4.83423002268932e-11,"ACVR2A","2:147844517-147930826","+","protein_coding",8.91479845205076e-12
"ENSG00000185986",119.614981160629,2.66185616664825,0.405774913965043,6.93077461562933e-12,5.00486567338839e-11,"SDHAP3","5:1567495-1594620","-","transcribed_unprocessed_pseudogene",9.22946747433086e-12
"ENSG00000247828",196.184078805962,2.483502329675,0.377617673393839,7.02559615150243e-12,5.06320186183202e-11,"TMEM161B-AS1","5:88268891-88439337","+","lncRNA",9.33704517750075e-12
"ENSG00000124067",856.545890004288,2.03946625045792,0.307951160461722,7.06827710499018e-12,5.08887734884223e-11,"SLC12A4","16:67943474-67969601","-","protein_coding",9.38439331583507e-12
"ENSG00000240053",224.727632440319,4.71229659912637,0.733363143874696,8.07771628979756e-12,5.78388539102726e-11,"LY6G5B","6:31670167-31673776","+","protein_coding",1.0666056908497e-11
"ENSG00000148926",1967.63788094215,2.14083679070403,0.325271525188362,8.52926236837353e-12,6.08907458935642e-11,"ADM","11:10305073-10307397","+","protein_coding",1.12288559850982e-11
"ENSG00000184925",43.6140509877161,5.34831519723645,0.808768339624033,8.61395137028611e-12,6.14345478845714e-11,"LCN12","9:136949551-136955497","+","protein_coding",1.13291384525211e-11
"ENSG00000168010",379.500742181609,2.37331445080257,0.362625102500392,9.02445650724153e-12,6.42352533233748e-11,"ATG16L2","11:72814406-72843674","+","protein_coding",1.18456162451232e-11
"ENSG00000143434",115.455719262997,2.72960127717057,0.419403877580752,9.25792930904012e-12,6.57673087497936e-11,"SEMA6C","1:151131685-151146664","-","protein_coding",1.21281424236417e-11
"ENSG00000171988",628.319451891226,2.14215222824136,0.326307075738928,9.64304297507229e-12,6.83013372824463e-11,"JMJD1C","10:63167221-63521850","-","protein_coding",1.25954423562952e-11
"ENSG00000116406",488.751152946566,2.2109169872878,0.339065130859456,1.2253683251102e-11,8.56985661400384e-11,"EDEM3","1:184690237-184754907","-","protein_coding",1.58036634827561e-11
"ENSG00000008300",493.31419362193,2.15194532200626,0.32997575101062,1.26138354501795e-11,8.79190424517826e-11,"CELSR3","3:48636463-48662886","-","protein_coding",1.62131412836436e-11
"ENSG00000131127",177.339010973124,2.24173430285221,0.344969342816655,1.40553566494213e-11,9.71685125720418e-11,"ZNF141","4:337814-384868","+","protein_coding",1.79188350864492e-11
"ENSG00000196074",77.5975324326142,3.09884929413863,0.482034240256091,1.41403589567099e-11,9.766256535539e-11,"SYCP2","20:59863564-59933655","-","protein_coding",1.80099433077699e-11
"ENSG00000162601",539.55441612036,2.23160854257155,0.34407628904119,1.52416084326224e-11,1.04633597335663e-10,"MYSM1","1:58643440-58700077","-","protein_coding",1.92954705750959e-11
"ENSG00000263276",38.6340114704292,9.3978662538428,2.83252213869455,1.524387143376e-11,1.04633597335663e-10,"AC020978.7","16:68224713-68227734","+","lncRNA",1.92954705750959e-11
"ENSG00000154358",920.130537104153,2.14357595501039,0.330050839975561,1.53484254062048e-11,1.05200513900581e-10,"OBSCN","1:228208063-228378876","+","protein_coding",1.94000155986396e-11
"ENSG00000254815",46.8025147389459,4.76984565392352,0.741905317023253,1.55056527973421e-11,1.06177294048435e-10,"AP006284.1","11:557595-560107","+","lncRNA",1.95801435219947e-11
"ENSG00000272752",750.3937769701,2.16201555156867,0.333529498406466,1.61282683681218e-11,1.10231480822009e-10,"STAG3L5P-PVRIG2P-PILRB","7:100336104-100367831","+","lncRNA",2.03277756744523e-11
"ENSG00000281453",293.368789054711,2.16529534231705,0.334347612104346,1.69303280357767e-11,1.15330865391967e-10,"TGFB2-OT1","1:218442626-218443996","+","lncRNA",2.12681526415662e-11
"ENSG00000196083",93.8469136406286,2.42752718210293,0.37658865536413,1.71864078540694e-11,1.16909708872472e-10,"IL1RAP","3:190514051-190659750","+","protein_coding",2.15593070001709e-11
"ENSG00000230606",203.813805030413,4.55899221504436,0.72034574649811,1.72835208892719e-11,1.17514910174559e-10,"AC092683.1","2:97416165-97433527","-","lncRNA",2.16709121080309e-11
"ENSG00000175787",141.638683508821,2.57019565098972,0.399902003952551,1.80796686704037e-11,1.22523935921364e-10,"ZNF169","9:94259311-94301454","+","protein_coding",2.2594626014161e-11
"ENSG00000152580",69.4761888650078,3.56796732102025,0.558917954546726,1.84917323167963e-11,1.25081441100205e-10,"IGSF10","3:151425384-151458709","-","protein_coding",2.30662552726454e-11
"ENSG00000198932",57.1669353942867,3.0349915313925,0.47614232035673,1.88614666436687e-11,1.27462876222413e-10,"GPRASP1","X:102651092-102659083","+","protein_coding",2.35054154706807e-11
"ENSG00000070269",261.765841800664,2.01807244324668,0.312066342670738,2.03030863656235e-11,1.3624787445731e-10,"TMEM260","14:56488354-56650606","+","protein_coding",2.51254560624223e-11
"ENSG00000272872",91.6846408082349,2.94851979389742,0.462760213925149,2.03293916027233e-11,1.36312417513525e-10,"AP000525.1","22:15823197-15823890","+","lncRNA",2.51373584405661e-11
"ENSG00000287306",39.9212148468928,9.44285518273778,2.84801160258722,2.13274347757925e-11,1.42777906359012e-10,"AC016821.1","10:69510166-69544257","+","lncRNA",2.63296585520826e-11
"ENSG00000236255",49.0458106514685,3.27027460920606,0.512113907693063,2.17977619103147e-11,1.4573591697962e-10,"AC009404.1","2:117833937-117841658","+","lncRNA",2.68751449765594e-11
"ENSG00000178338",200.863954291741,2.18600966244255,0.339731321990549,2.1812089889866e-11,1.45764165322365e-10,"ZNF354B","5:178859953-178888122","+","protein_coding",2.68803542504457e-11
"ENSG00000260942",99.4282933809925,3.09432938581475,0.487690829202948,2.21834412261462e-11,1.48177171301314e-10,"CAPN10-DT","2:240582700-240586699","-","lncRNA",2.73253364268204e-11
"ENSG00000113140",108.420617687852,2.65073216772592,0.415177867927981,2.22445554207778e-11,1.48516633785739e-10,"SPARC","5:151661096-151686975","-","protein_coding",2.73879366675306e-11
"ENSG00000196547",1430.35734163855,2.01137240807276,0.311865918085053,2.25915855886959e-11,1.50694127079845e-10,"MAN2A2","15:90902218-90922584","+","protein_coding",2.77894879746991e-11
"ENSG00000158106",736.108762551819,2.03721830090068,0.316111666989996,2.29767943162708e-11,1.53051333515768e-10,"RHPN1","8:143368876-143384221","+","protein_coding",2.82241801632691e-11
"ENSG00000166004",254.090308236898,2.53575275852813,0.39698843367145,2.36401013274552e-11,1.57107039130596e-10,"CEP295","11:93661682-93730358","+","protein_coding",2.8972092405081e-11
"ENSG00000213139",43.8778007272067,5.69043399469953,0.870281665523784,2.43672198795805e-11,1.61641493527626e-10,"CRYGS","3:186538441-186546702","-","protein_coding",2.98082906589872e-11
"ENSG00000178809",78.9200179294675,3.43945392411928,0.546160523153398,2.57644103427887e-11,1.70317404645937e-10,"TRIM73","7:75395063-75410996","+","protein_coding",3.14082145071416e-11
"ENSG00000196187",291.629519552928,2.32073612792522,0.363937301895298,2.81461123393799e-11,1.85092118884491e-10,"TMEM63A","1:225845536-225882380","-","protein_coding",3.41328179911538e-11
"ENSG00000255031",85.0994711763408,3.12504910980263,0.495464286866918,3.22845880934138e-11,2.10770152494015e-10,"AP002807.1","11:68050740-68053762","+","lncRNA",3.8868101442696e-11
"ENSG00000205702",38.1961128084391,4.16808625476093,0.658512952932664,3.35008850412813e-11,2.18020193674157e-10,"CYP2D7","22:42140203-42149455","-","polymorphic_pseudogene",4.02050807669458e-11
"ENSG00000058668",404.652819471404,2.01131850889978,0.314921164295627,3.37191042523732e-11,2.19242557978026e-10,"ATP2B4","1:203626561-203744081","+","protein_coding",4.04304968384366e-11
"ENSG00000122483",145.507643385092,2.40455035165876,0.378805810402287,3.44723452189802e-11,2.23938314641804e-10,"CCDC18","1:93179919-93278730","+","protein_coding",4.12964408262273e-11
"ENSG00000084444",172.361825040825,2.11193567583189,0.331677689542405,3.51679117587051e-11,2.28148664952607e-10,"FAM234B","12:13044381-13142521","+","protein_coding",4.20728710800045e-11
"ENSG00000266918",39.6569437322491,5.53006552747949,0.854302422891146,3.52966537645673e-11,2.28778131408435e-10,"AC091132.3","17:45531577-45533838","+","TEC",4.21889509222896e-11
"ENSG00000215788",38.4827976078092,4.89178552899293,0.770156928587129,3.60277122769623e-11,2.33097682839467e-10,"TNFRSF25","1:6460786-6466195","-","protein_coding",4.29855189430536e-11
"ENSG00000172650",137.528191797436,2.50142251033181,0.395533069388779,3.67505319151863e-11,2.37454847502153e-10,"AGAP5","10:73674285-73698159","-","protein_coding",4.37890232158733e-11
"ENSG00000125740",342.174014106174,5.7176970221404,0.927985506967606,3.83978413303945e-11,2.47212875821032e-10,"FOSB","19:45467995-45475179","+","protein_coding",4.55885001820896e-11
"ENSG00000170381",72.8110786803076,2.6799865408966,0.424901788573004,3.90426464119987e-11,2.51252142030472e-10,"SEMA3E","7:83363238-83649139","-","protein_coding",4.63333808348994e-11
"ENSG00000105270",147.886425260169,2.73015962223388,0.434401008097784,3.98764973866922e-11,2.56389529543313e-10,"CLIP3","19:36014660-36033343","-","protein_coding",4.72807659206754e-11
"ENSG00000243679",117.700427749618,2.39600497450984,0.379544614023918,4.17947594408018e-11,2.6741232337556e-10,"AC018638.5","7:128653969-128654722","+","processed_pseudogene",4.93134781609243e-11
"ENSG00000164050",531.60613580513,2.34963293102664,0.372147673453518,4.25136423266821e-11,2.71770860207962e-10,"PLXNB1","3:48403854-48430086","-","protein_coding",5.01172354754155e-11
"ENSG00000139133",121.74362776512,2.14710066173372,0.339290283910251,4.592042140422e-11,2.92254009713315e-10,"ALG10","12:34022468-34029694","+","protein_coding",5.38945309008795e-11
"ENSG00000196123",403.744796416384,2.03530324822805,0.321191565499528,4.63768002299033e-11,2.94898401814476e-10,"KIAA0895L","16:67175599-67184040","-","protein_coding",5.43821829674836e-11
"ENSG00000197608",113.565761200567,2.32803157048024,0.369485061564888,4.78763485371308e-11,3.03630750195043e-10,"ZNF841","19:52064466-52095765","-","protein_coding",5.59925144051785e-11
"ENSG00000278662",59.4059186017239,3.23871834943944,0.520049858242521,4.97251323104533e-11,3.14250639060543e-10,"GOLGA6L10","15:82339998-82349475","-","protein_coding",5.79509269832884e-11
"ENSG00000183098",172.119153259482,2.03088740152667,0.321033739323959,5.02916969948663e-11,3.17552999668241e-10,"GPC6","13:93226807-94408020","+","protein_coding",5.85599149523226e-11
"ENSG00000173531",64.1157312726519,3.07760873004358,0.495739747984484,5.47172901131524e-11,3.43542672651246e-10,"MST1","3:49683947-49689501","-","protein_coding",6.33526677876398e-11
"ENSG00000255455",87.4812925188058,2.34975351241781,0.374659322632957,5.62049602925402e-11,3.5226983801076e-10,"AP003486.1","11:130866254-130870247","-","lncRNA",6.49620434249726e-11
"ENSG00000157227",81.6491031680773,3.02125747621234,0.48689705058864,5.87407386371781e-11,3.67365139600003e-10,"MMP14","14:22836560-22849027","+","protein_coding",6.77457663882865e-11
"ENSG00000111788",231.960068630577,2.13606731918057,0.340061433267665,6.03256960719977e-11,3.76787507760512e-10,"AC009533.1","12:9277235-9313241","+","unprocessed_pseudogene",6.9483344300337e-11
"ENSG00000254206",125.306044917159,2.412356626347,0.385987102919441,6.11146459261389e-11,3.81220108699668e-10,"NPIPB11","16:29381354-29404029","-","protein_coding",7.0300759768891e-11
"ENSG00000135740",89.2887947273719,2.67880914651636,0.430678908692171,6.33492192694636e-11,3.93966610180957e-10,"SLC9A5","16:67237683-67272191","+","protein_coding",7.26513407536834e-11
"ENSG00000240184",221.350510416522,2.13794469231801,0.340564064132203,6.37303655822882e-11,3.96166184670941e-10,"PCDHGC3","5:141475947-141512977","+","protein_coding",7.30569640518393e-11
"ENSG00000248124",148.345549384484,2.15045468066033,0.342908923886068,6.52773641414175e-11,4.05433409312257e-10,"RRN3P1","16:21796106-21820410","-","transcribed_unprocessed_pseudogene",7.47659319639878e-11
"ENSG00000279861",50.5771524524646,3.88146204530938,0.630263024955328,7.32659823093747e-11,4.50973375750707e-10,"AC073548.1","19:47487638-47489519","-","TEC",8.31639523396524e-11
"ENSG00000081041",286.684293530596,2.15606686882635,0.34592668461979,8.16246340963388e-11,4.98805684346453e-10,"CXCL2","4:74097040-74099196","-","protein_coding",9.19847032891521e-11
"ENSG00000238105",174.646119435325,2.41971688219459,0.390168321149143,8.37361612642464e-11,5.09981145935225e-10,"GOLGA2P5","12:100156357-100173659","-","transcribed_unprocessed_pseudogene",9.4045568974172e-11
"ENSG00000267002",311.491422156847,2.24845363327029,0.362142804021238,8.91523287907855e-11,5.40685077676946e-10,"AC060780.1","17:43148368-43171037","-","lncRNA",9.9707677766643e-11
"ENSG00000116729",120.676133262992,2.33250177459336,0.37683120517578,9.19683610924856e-11,5.56360383162424e-10,"WLS","1:68098473-68233120","-","protein_coding",1.02598359186879e-10
"ENSG00000267199",68.1967673501326,2.76468356835969,0.449310094872479,9.98492237472785e-11,6.01262354017418e-10,"AP001029.2","18:12438890-12448205","+","lncRNA",1.10878726864739e-10
"ENSG00000188994",306.860596464575,2.1555744518794,0.347439253721983,1.00371402461391e-10,6.03902666685967e-10,"ZNF292","6:87152833-87265943","+","protein_coding",1.11365626643608e-10
"ENSG00000120075",327.43026586566,2.16391470251688,0.349318234759326,1.03225204971673e-10,6.19727182474719e-10,"HOXB5","17:48591257-48593961","-","protein_coding",1.14283823920028e-10
"ENSG00000253731",49.6468338938182,3.60693641834867,0.590599676722484,1.07445272594684e-10,6.42978180421441e-10,"PCDHGA6","5:141373914-141512979","+","protein_coding",1.18571537982686e-10
"ENSG00000164406",80.4872463908027,2.95810487849993,0.48389401068028,1.14292915512287e-10,6.80849787370471e-10,"LEAP2","5:132872322-132875046","+","protein_coding",1.25555436999102e-10
"ENSG00000213398",118.187069365733,2.4018662130347,0.390720752885582,1.16302462327769e-10,6.91108701180002e-10,"LCAT","16:67939750-67944131","-","protein_coding",1.27447282205467e-10
"ENSG00000188811",255.283487452495,2.22840115840406,0.361421582797227,1.18719074714573e-10,7.04598440963331e-10,"NHLRC3","13:39038306-39050109","+","protein_coding",1.29934923686625e-10
"ENSG00000147437",40.3556420545392,5.92860788417803,0.935920620582438,1.19100883666e-10,7.06252590930612e-10,"GNRH1","8:25419258-25424654","-","protein_coding",1.3023996530646e-10
"ENSG00000100918",95.8390729366774,2.73667153905325,0.447821633458061,1.20974460908344e-10,7.15335869666224e-10,"REC8","14:24171853-24180257","+","protein_coding",1.31915011773669e-10
"ENSG00000233175",108.271204565501,2.92433158602863,0.479591200878344,1.23319991119338e-10,7.28011797000742e-10,"AC008105.1","17:45238028-45241734","-","lncRNA",1.34252578187548e-10
"ENSG00000280239",54.726207926426,2.97628079348123,0.48755063792297,1.24071260622837e-10,7.31917836918729e-10,"AC011498.7","19:4448810-4450836","+","TEC",1.34972890594097e-10
"ENSG00000184465",471.921474786274,2.0261133439684,0.327718384316836,1.24941727221585e-10,7.36681340561106e-10,"WDR27","6:169457212-169702067","-","protein_coding",1.35851327795018e-10
"ENSG00000166762",49.5293234426618,3.47966413439571,0.570662127340697,1.27720152577753e-10,7.51834500771857e-10,"CATSPER2","15:43628503-43668118","-","protein_coding",1.38645720460581e-10
"ENSG00000178038",208.247441287052,2.46431112028311,0.402540783616625,1.3246541053035e-10,7.77230965080067e-10,"ALS2CL","3:46668995-46693704","-","protein_coding",1.43329079747164e-10
"ENSG00000260852",287.988401249994,2.30404589375833,0.375301742342083,1.33586559578253e-10,7.82218701946039e-10,"FBXL19-AS1","16:30919319-30923269","-","lncRNA",1.4424886777304e-10
"ENSG00000197140",35.3266199608893,4.540363013126,0.741577882122845,1.34581048378156e-10,7.87402824817533e-10,"ADAM32","8:39106990-39284917","+","protein_coding",1.45204871321343e-10
"ENSG00000221968",757.232705506863,2.06096733899363,0.334958733594369,1.47015001253973e-10,8.54950599795373e-10,"FADS3","11:61873519-61892051","-","protein_coding",1.57661349333056e-10
"ENSG00000063127",110.521559919835,2.6843333837369,0.44154623572046,1.48224261739678e-10,8.61635635930731e-10,"SLC6A16","19:49289638-49325225","-","protein_coding",1.58894136136987e-10
"ENSG00000129007",269.906530170192,2.04287659046001,0.332129839797464,1.48811286365113e-10,8.64351545763226e-10,"CALML4","15:68190705-68206110","-","protein_coding",1.59394976780833e-10
"ENSG00000153291",38.3935985496625,4.91092456502116,0.798421035770572,1.4907565937884e-10,8.65538677471995e-10,"SLC25A27","6:46652915-46678190","+","protein_coding",1.59613895613202e-10
"ENSG00000250264",145.090864366515,2.79988528102355,0.4626012507463,1.65785290110461e-10,9.57259864022321e-10,"AL669918.1","6:32813767-32838822","-","protein_coding",1.76528189886362e-10
"ENSG00000230869",78.9835797673495,2.55539824919509,0.419805115430656,1.66713716917465e-10,9.61753501673404e-10,"AGAP10P","10:45678692-45700532","+","unprocessed_pseudogene",1.77356861128482e-10
"ENSG00000175564",82.9061099167894,2.66632346178795,0.439687582629926,1.73221075642548e-10,9.96595563851522e-10,"UCP3","11:74000277-74009085","-","protein_coding",1.83782082115359e-10
"ENSG00000204839",305.82191152375,2.01149244873511,0.328618569120281,1.85401036112773e-10,1.06318209421108e-09,"MROH6","8:143566192-143572772","-","protein_coding",1.96061297109076e-10
"ENSG00000163617",173.819132017652,2.48748875676298,0.40996112500476,1.88304243158694e-10,1.07854450984265e-09,"CCDC191","3:113964137-114056594","-","protein_coding",1.98894278544573e-10
"ENSG00000287848",34.2901015158207,4.98312295082995,0.815195294700526,2.15793420257259e-10,1.22339907034081e-09,"AL355303.2","10:5215408-5217014","-","lncRNA",2.25606892665966e-10
"ENSG00000233937",206.130011800451,2.02711609067376,0.332711014538763,2.1708551616919e-10,1.22924247538818e-09,"AC008443.1","5:181246507-181272167","+","lncRNA",2.26684474370322e-10
"ENSG00000233695",160.623284818838,2.55315284699351,0.423358774331651,2.17894340992061e-10,1.2328547262092e-09,"GAS6-AS1","13:113815630-113845744","+","lncRNA",2.27350609160692e-10
"ENSG00000263874",39.5660072302217,4.38263088252592,0.725748380174253,2.26736077627873e-10,1.27987015963026e-09,"LINC00672","17:38925168-38929384","+","protein_coding",2.36020720245961e-10
"ENSG00000286315",41.8662013111522,3.86901271573563,0.648466919041685,2.28134120589573e-10,1.28725815090589e-09,"AC087175.1","7:47252139-47254558","-","lncRNA",2.37383138932672e-10
"ENSG00000185495",102.058811142879,2.35046037581112,0.389790465162467,2.51401036162955e-10,1.40972178381621e-09,"AC138393.1","1:223992743-224010612","+","transcribed_unprocessed_pseudogene",2.5996664447497e-10
"ENSG00000188234",294.812224388949,2.12508640997348,0.351347911404143,2.63638756537447e-10,1.47376209969868e-09,"AGAP4","10:45825594-45853875","-","protein_coding",2.71776312327313e-10
"ENSG00000196247",182.848605711915,2.4615609653605,0.409566690430074,2.73924998701826e-10,1.52889357109089e-09,"ZNF107","7:64666083-64711582","+","protein_coding",2.81943101113113e-10
"ENSG00000280164",66.9535547619816,2.66879052008186,0.446101104879392,2.80152416902034e-10,1.55942865395931e-09,"CU638689.5","21:6721812-6725209","+","lncRNA",2.87574072502787e-10
"ENSG00000280063",41.9794283129085,4.75675748610196,0.799750388213516,2.90538664958874e-10,1.61537258498136e-09,"AC012676.5","16:4346694-4348648","-","TEC",2.97890686882662e-10
"ENSG00000062370",121.465203488495,2.40795157600904,0.400819196926313,2.97165180287137e-10,1.64840416039324e-09,"ZNF112","19:44326555-44367217","-","protein_coding",3.03982036197207e-10
"ENSG00000240038",36.2723798910635,4.60868806894741,0.766016423548235,3.07642544028727e-10,1.69998721763557e-09,"AMY2B","1:103553815-103579534","+","protein_coding",3.13494462306384e-10
"ENSG00000286699",67.9547969560906,2.76052486084088,0.463408916632316,3.11955505326753e-10,1.72250058586085e-09,"AC084198.2","3:101686827-101700926","+","lncRNA",3.17646150150429e-10
"ENSG00000181619",119.536723734497,2.3959011489149,0.400204860151894,3.15321269197793e-10,1.73908840672238e-09,"GPR135","14:59429022-59465342","-","protein_coding",3.20705108434276e-10
"ENSG00000142303",813.387156586887,2.01489983967064,0.334005999503871,3.22743950438633e-10,1.77527629314853e-09,"ADAMTS10","19:8580240-8610735","-","protein_coding",3.27378512727838e-10
"ENSG00000157214",462.767268842195,2.05028212207477,0.340277445913039,3.29060440828109e-10,1.80795279522771e-09,"STEAP2","7:90167590-90238137","+","protein_coding",3.334043830068e-10
"ENSG00000287431",125.319253373809,2.82926858553854,0.476565962360217,3.3518029604466e-10,1.83956995168596e-09,"AC027601.6","17:81339183-81345966","-","lncRNA",3.39234899472284e-10
"ENSG00000205517",100.172257397084,2.67584601371751,0.44944804257989,3.36670244267817e-10,1.84624792257547e-09,"RGL3","19:11384341-11419342","-","protein_coding",3.40466383374979e-10
"ENSG00000163131",229.292370911209,2.02665093179793,0.336384958520602,3.43634522440278e-10,1.88210202852118e-09,"CTSS","1:150730188-150765792","-","protein_coding",3.47078235245582e-10
"ENSG00000214776",80.2772663211239,2.66359979045149,0.447567762241118,3.43730166700395e-10,1.88210202852118e-09,"AC092821.1","12:9480608-9576275","+","transcribed_unprocessed_pseudogene",3.47078235245582e-10
"ENSG00000253953",44.1104375838434,3.74110206309846,0.635534049808583,3.7620999600247e-10,2.05371086731882e-09,"PCDHGB4","5:141387698-141512979","+","protein_coding",3.7872460298752e-10
"ENSG00000283189",57.1473124644903,3.49091724065,0.594488217423541,3.87428347472567e-10,2.11255336256017e-09,"AC104452.1","3:49416777-49429314","-","protein_coding",3.89575741287318e-10
"ENSG00000285943",109.205767781021,2.93229526199325,0.496663182430077,3.90098794177334e-10,2.12550808247378e-09,"AC112128.1","3:113361901-113515151","-","protein_coding",3.91964719811108e-10
"ENSG00000113209",68.2941130040985,2.79601416107827,0.474030848770108,4.31324949950249e-10,2.34305586516649e-09,"PCDHB5","5:141135218-141138625","+","protein_coding",4.32082683319123e-10
"ENSG00000147166",37.0145475056339,3.95592573772284,0.671030664868075,4.33369892460094e-10,2.35150838977594e-09,"ITGB1BP2","X:71301750-71305371","+","protein_coding",4.33641412484898e-10
"ENSG00000163536",84.9423713141601,2.60556151752523,0.440709192314097,4.57158296283301e-10,2.47686064542826e-09,"SERPINI1","3:167735243-167825568","+","protein_coding",4.56757608640345e-10
"ENSG00000204967",88.3715702620503,2.68573419633352,0.455754795106672,4.60992475481105e-10,2.4957596383645e-09,"PCDHA4","5:140806929-141012347","+","protein_coding",4.60242769921097e-10
"ENSG00000153558",246.703170409343,2.11984045496366,0.355935246029683,4.706545010483e-10,2.54329705660107e-09,"FBXL2","3:33277025-33403662","+","protein_coding",4.69009140170772e-10
"ENSG00000260428",56.4154900912165,2.88127636842038,0.490216763512183,5.23111725833306e-10,2.80470307704309e-09,"SCX","8:144266453-144268481","+","protein_coding",5.17214996645446e-10
"ENSG00000225813",38.8187126725489,4.30690379318053,0.73537503311873,5.36219335116439e-10,2.87391254348439e-09,"AC009299.1","2:161281902-161282618","+","processed_pseudogene",5.29977907003505e-10
"ENSG00000196421",41.9415029494399,3.76070483618761,0.646559650567374,5.71449705675984e-10,3.04238979833694e-09,"C20orf204","20:64034344-64039962","+","protein_coding",5.61046779682627e-10
"ENSG00000269930",53.0721244546885,2.98171484352482,0.509040530097147,5.90306898621281e-10,3.12893017388238e-09,"AC091057.3","15:30616958-30617749","+","lncRNA",5.77005681148454e-10
"ENSG00000255408",50.3497687364897,3.33676960762857,0.573566315694576,6.47228558383775e-10,3.42059107705535e-09,"PCDHA3","5:140801028-141012347","+","protein_coding",6.30790837335202e-10
"ENSG00000125434",472.644647283369,2.05274088187582,0.34757131516799,6.73276314961517e-10,3.54656103405066e-09,"SLC25A35","17:8287763-8295400","-","protein_coding",6.54020943729725e-10
"ENSG00000272374",33.1588463174539,4.90594162057654,0.832587431571375,6.77836251477892e-10,3.56927789646826e-09,"Z97832.2","6:35220370-35224630","-","lncRNA",6.58210157916169e-10
"ENSG00000119514",124.315464381918,2.20908540007637,0.375372441825377,6.85490115133531e-10,3.60431901645284e-09,"GALNT12","9:98807670-98850081","+","protein_coding",6.64672087132e-10
"ENSG00000272556",180.912925271691,2.26530529626839,0.386564087128063,7.38149973359057e-10,3.86290453958088e-09,"GTF2IP13","7:45769105-45815263","+","transcribed_unprocessed_pseudogene",7.12357815996474e-10
"ENSG00000281344",119.592458249407,2.1995138143794,0.375082099200781,7.67729643951591e-10,4.01333453004839e-09,"HELLPAR","12:102197585-102402596","+","lncRNA",7.40098594566537e-10
"ENSG00000286977",25.7431068124672,8.68946529188746,2.7773079699261,8.02548115733604e-10,4.1838285072875e-09,"Z83745.1","X:57222706-57224791","+","lncRNA",7.71539370806838e-10
"ENSG00000112852",140.980399228874,2.2242846654349,0.380653065403954,8.37615372126333e-10,4.35656618206155e-09,"PCDHB2","5:141094578-141098703","+","protein_coding",8.0339390707133e-10
"ENSG00000279518",25.4600243335565,8.66800962793383,2.77642711504427,9.2487866428205e-10,4.77600192135341e-09,"AC083843.4","8:134783694-134785879","-","TEC",8.80742007220146e-10
"ENSG00000265018",74.3693705168729,2.66855275601745,0.461989806760336,9.5629447797373e-10,4.92061937525142e-09,"AGAP12P","10:48009873-48031640","-","transcribed_unprocessed_pseudogene",9.07410896538579e-10
"ENSG00000225828",222.184265015047,3.91222053683018,0.688622458544179,9.78133839170254e-10,5.02403525509022e-09,"FAM229A","1:32361270-32364278","-","protein_coding",9.26481807959371e-10
"ENSG00000234353",28.5065357724579,8.83927892077047,2.81374319761744,9.95724856980558e-10,5.10530143444047e-09,"AP000346.2","22:23638492-23640762","-","transcribed_unprocessed_pseudogene",9.41468095464836e-10
"ENSG00000164308",39.6527048953952,3.61763190923401,0.63121186168375,1.16857651253922e-09,5.94926673356239e-09,"ERAP2","5:96875939-96919716","+","protein_coding",1.09710364666707e-09
"ENSG00000278041",48.2586216163637,3.266910292465,0.571387572827302,1.19578465735947e-09,6.08134685808333e-09,"AL133325.3","20:21499261-21502934","-","lncRNA",1.12146052840625e-09
"ENSG00000175322",125.376031604356,2.58394818982298,0.449665819002398,1.23062097029033e-09,6.24310807290748e-09,"ZNF519","18:14057457-14132490","-","protein_coding",1.15129089685681e-09
"ENSG00000145246",96.4583982811867,2.15796688993574,0.374579082389803,1.49783551657773e-09,7.5089544243167e-09,"ATP10D","4:47485288-47593486","+","protein_coding",1.38472548811772e-09
"ENSG00000171931",86.5769394648495,2.6505159516205,0.465171693560173,1.50833621965299e-09,7.55634547817826e-09,"FBXW10","17:18744024-18779349","+","protein_coding",1.39346486732854e-09
"ENSG00000005108",611.968804916731,2.1058545140877,0.367095904604134,1.76513124690236e-09,8.79699952687643e-09,"THSD7A","7:11370365-11832198","-","protein_coding",1.62225374872132e-09
"ENSG00000184206",29.8763081649876,4.51069280820271,0.788095938369351,1.81510010113107e-09,9.02732308139229e-09,"GOLGA6L4","15:84235773-84245368","+","protein_coding",1.66472769095477e-09
"ENSG00000250067",307.466610172537,4.40062713907595,0.794349130195293,1.93905363983386e-09,9.62389608377121e-09,"YJEFN3","19:19528861-19537581","+","protein_coding",1.77474165498175e-09
"ENSG00000205085",34.8215977117485,3.97168613875614,0.706370278181097,1.99479679438636e-09,9.8733887304996e-09,"FAM71F2","7:128672288-128687872","+","protein_coding",1.82075056747481e-09
"ENSG00000131471",56.4200102809406,2.94361272858149,0.522652498993129,2.10526068078558e-09,1.03774175272888e-08,"AOC3","17:42851184-42858130","+","protein_coding",1.91369846437496e-09
"ENSG00000286909",31.6188399950477,5.55234221061922,0.951867308559039,2.27176083865984e-09,1.11562169435617e-08,"AC024560.4","3:197649303-197651482","-","lncRNA",2.05731678204005e-09
"ENSG00000256667",32.8553915015331,4.06124686629562,0.722087996555339,2.32681475894596e-09,1.14149212315785e-08,"KLRA1P","12:10588063-10599669","-","transcribed_unprocessed_pseudogene",2.10502441232505e-09
"ENSG00000263126",53.1674954401364,3.07062696873392,0.547373967888968,2.3491225239452e-09,1.15165272767521e-08,"AC040162.3","16:67882461-67886367","+","lncRNA",2.12376157232739e-09
"ENSG00000204186",143.589904472785,2.37136921301476,0.419059862585928,2.35493889502489e-09,1.15411203727646e-08,"ZDBF2","2:206274663-206314427","+","protein_coding",2.12829678255188e-09
"ENSG00000260563",92.0843502212703,2.58901704254234,0.461158133144515,2.49641223784558e-09,1.22261492761833e-08,"AC132872.1","17:82293716-82294910","+","lncRNA",2.25462288989771e-09
"ENSG00000214331",96.2340455417968,2.03371576666603,0.35764870167947,2.57169080980722e-09,1.25734852605552e-08,"AC009053.1","16:74332402-74368240","-","transcribed_unprocessed_pseudogene",2.318675081897e-09
"ENSG00000226380",38.9770402353297,3.29507654515171,0.589892370866383,2.61576794855396e-09,1.27755156354082e-08,"AC016831.1","7:130876809-130913310","-","lncRNA",2.35593148187285e-09
"ENSG00000102854",42.1774160410874,2.98195885573331,0.533112174896804,2.66633013532789e-09,1.30053452307339e-08,"MSLN","16:760734-768865","+","protein_coding",2.39831433314449e-09
"ENSG00000274460",35.2398337163591,4.0380668913665,0.71996218383859,2.67029879462538e-09,1.30203011182342e-08,"AC092119.2","16:21950218-21951708","-","lncRNA",2.40107234677047e-09
"ENSG00000283709",42.2416435867117,6.51106486132207,1.10000734163604,2.69897191705957e-09,1.31472211785313e-08,"FAM238C","10:26931206-26944418","-","transcribed_unprocessed_pseudogene",2.424477661614e-09
"ENSG00000272617",22.3674097716626,8.4410999793508,2.75894010863183,2.92642610973001e-09,1.4197201046128e-08,"AC026464.6","16:69328644-69334871","-","protein_coding",2.61810433751487e-09
"ENSG00000244055",52.8439585182771,3.42503698491023,0.617513586083814,3.20699981998887e-09,1.54751148504346e-08,"AC007566.1","7:92457564-92495601","+","lncRNA",2.85376428648331e-09
"ENSG00000167525",117.812988786844,2.45976200338087,0.440821777407138,3.29055512024616e-09,1.5830653309407e-08,"PROCA1","17:28703197-28711854","-","protein_coding",2.91932909595278e-09
"ENSG00000130653",82.6318478900285,2.68782753238445,0.483004235921754,3.36534002806446e-09,1.61270254657976e-08,"PNPLA7","9:137459952-137550402","-","protein_coding",2.97398305384516e-09
"ENSG00000104213",227.732394014337,2.11959584262329,0.376793111007535,3.37417259603815e-09,1.61628692615001e-08,"PDGFRL","8:17576433-17644071","+","protein_coding",2.98059300440492e-09
"ENSG00000197182",121.070415280185,2.03654523342838,0.361644604691982,3.40115506870743e-09,1.62813090017621e-08,"MIRLET7BHG","22:46053869-46113928","+","lncRNA",3.00243446433117e-09
"ENSG00000152582",133.883502348568,2.34754723922299,0.419757883433574,3.50797211866614e-09,1.67537311248312e-08,"SPEF2","5:35617844-35814611","+","protein_coding",3.08955377788647e-09
"ENSG00000260404",194.705500388682,2.26172255374048,0.404079218909762,3.51914038818731e-09,1.68015081140855e-08,"AC110079.1","4:118591773-118633729","+","transcribed_unprocessed_pseudogene",3.0983643274021e-09
"ENSG00000116774",60.655254951876,2.38550506478269,0.427604505358522,3.76562267579841e-09,1.78838459895355e-08,"OLFML3","1:113979391-114035572","+","protein_coding",3.29795814009555e-09
"ENSG00000196705",240.711704061517,2.0288650908904,0.361868248655634,4.08012497532956e-09,1.92694085577921e-08,"ZNF431","19:21142024-21196053","+","protein_coding",3.5534695861943e-09
"ENSG00000269378",65.5371877695938,2.57304135919384,0.467011308006113,4.6334897544071e-09,2.16279489409853e-08,"AC022149.1","19:14621634-14622242","-","processed_pseudogene",3.98840776783865e-09
"ENSG00000180376",236.994261613509,2.05150185958744,0.369792633970767,5.67280640740692e-09,2.61211131218437e-08,"CCDC66","3:56557161-56621818","+","protein_coding",4.81699169736467e-09
"ENSG00000269939",28.2257626146713,4.42342611488107,0.801690185234329,5.89670485824765e-09,2.70603236942739e-08,"PCF11-AS1","11:83185521-83187036","-","lncRNA",4.99019141930493e-09
"ENSG00000146094",84.4901959627731,2.20262237535862,0.399398676215215,6.0833734932886e-09,2.78814843586938e-08,"DOK3","5:177501907-177511274","-","protein_coding",5.14162157024307e-09
"ENSG00000166405",28.3250765724569,4.66736157528368,0.845614220446769,6.12387620568288e-09,2.80582044762123e-08,"RIC3","11:8106056-8169055","-","protein_coding",5.17421050835124e-09
"ENSG00000251485",35.0147689106911,3.64392035811145,0.668096908096212,6.17939154357393e-09,2.83035749811697e-08,"AC068134.3","2:232343116-232343903","+","processed_pseudogene",5.21945925711798e-09
"ENSG00000229719",32.6069701331358,5.561444508729,0.994503127818188,6.52791278301644e-09,2.98241689782651e-08,"MIR194-2HG","11:64889560-64893449","-","lncRNA",5.4998718346718e-09
"ENSG00000137070",150.025418603476,2.1307569342692,0.38712774370996,6.63901462712124e-09,3.03125642531978e-08,"IL11RA","9:34650702-34661892","+","protein_coding",5.5899367554663e-09
"ENSG00000116032",50.804957212529,2.73486359091187,0.503107552583202,6.95520621946758e-09,3.16460786296053e-08,"GRIN3B","19:1000419-1009732","+","protein_coding",5.83585000003241e-09
"ENSG00000179978",84.5296400433029,2.83900257086953,0.524098945372185,6.99129702828424e-09,3.18002627755627e-08,"AC140134.1","5:70094659-70128434","-","unprocessed_pseudogene",5.86428308201778e-09
"ENSG00000184564",88.3614441513465,2.80058129570225,0.515949439635875,7.00447115810829e-09,3.18501449319844e-08,"SLITRK6","13:85792790-85806683","-","protein_coding",5.8734818451872e-09
"ENSG00000279453",34.4913748213574,3.28550743674559,0.607381071214557,7.50210474292183e-09,3.38780492115418e-08,"Z99129.4","6:122436789-122439223","-","TEC",6.2474474580657e-09
"ENSG00000100342",68.5767922936864,2.1991280784953,0.402145587948064,8.0331838786515e-09,3.61292945764289e-08,"APOL1","22:36253010-36267530","+","protein_coding",6.66259937677636e-09
"ENSG00000184786",50.3271626890995,2.77549599629239,0.512939019459504,8.04173954116723e-09,3.61565029915739e-08,"TCTE3","6:169740109-169751587","-","protein_coding",6.66761687772438e-09
"ENSG00000230797",72.1505691378566,2.41054573735285,0.443922674718601,8.18259508673034e-09,3.67325706009164e-08,"YY2","X:21855987-21858727","+","protein_coding",6.77384944439869e-09
"ENSG00000260751",30.7374044534487,3.8112799474721,0.70562749560139,8.40339641950006e-09,3.76534793604183e-08,"AC008870.2","16:23568673-23569696","+","lncRNA",6.94367413096004e-09
"ENSG00000151651",125.638863957754,2.12530148115725,0.389402620333711,8.63391420182666e-09,3.86383728610282e-08,"ADAM8","10:133262420-133276868","-","protein_coding",7.1252982368355e-09
"ENSG00000153157",103.508950044696,2.02725931522513,0.37067286797081,8.77835300858716e-09,3.92360833977372e-08,"SYCP2L","6:10886831-10979320","+","protein_coding",7.2355219734475e-09
"ENSG00000136542",70.8356852793211,2.48481234669058,0.459069347344445,9.35033626160982e-09,4.16507105842873e-08,"GALNT5","2:157257705-157318491","+","protein_coding",7.68080311654382e-09
"ENSG00000184985",85.8548433585667,2.50719446350331,0.467005173372421,1.03987299594212e-08,4.60223545566039e-08,"SORCS2","4:7192538-7742836","+","protein_coding",8.48697751731519e-09
"ENSG00000117616",641.153882659223,3.21202563750967,0.605151452809537,1.06120509293873e-08,4.69232825035859e-08,"RSRP1","1:25242249-25338213","-","protein_coding",8.65311754436124e-09
"ENSG00000164187",172.76137662317,2.05439777599052,0.379288572280558,1.17004438157003e-08,5.15305260601109e-08,"LMBRD2","5:36098407-36151887","-","protein_coding",9.50273883944147e-09
"ENSG00000115841",64.1668040393429,2.24736936720689,0.416683678552463,1.19220044195672e-08,5.24260804960231e-08,"RMDN2","2:37923187-38067142","+","protein_coding",9.66788793788167e-09
"ENSG00000237950",39.2869443667706,3.3770019294639,0.637161269712982,1.2300968479414e-08,5.40104605054731e-08,"AL357079.1","1:43937918-43946551","-","lncRNA",9.96006328720127e-09
"ENSG00000286964",36.4252888000875,3.19478881236545,0.601304059303325,1.28986280226871e-08,5.65657766295833e-08,"AL136169.1","X:135037281-135040355","+","lncRNA",1.04312888623353e-08
"ENSG00000206262",79.759177696543,2.1282490449686,0.39732318634903,1.57625045899363e-08,6.8151458262991e-08,"FOXL2NB","3:138947217-138953990","+","protein_coding",1.2567803182231e-08
"ENSG00000153208",113.03868029755,2.15874304416715,0.404792540214926,1.63041453642669e-08,7.03457563742952e-08,"MERTK","2:111898479-112029561","+","protein_coding",1.29724534639549e-08
"ENSG00000245275",28.5091115138431,3.68741521018237,0.698413935184684,1.64040423136844e-08,7.06926536935814e-08,"SAP30L-AS1","5:154325568-154445850","-","lncRNA",1.30364247617723e-08
"ENSG00000287562",80.6181722355754,2.45383827353736,0.463535608403535,1.67080292664729e-08,7.19377637292363e-08,"AL109615.4","6:44090787-44095585","-","lncRNA",1.32660353712466e-08
"ENSG00000224660",88.8294027963441,2.07850380004599,0.388922165279635,1.70163880758052e-08,7.31562715011075e-08,"SH3BP5-AS1","3:15254184-15264515","+","lncRNA",1.34907402600812e-08
"ENSG00000278983",18.3001296593882,8.07778862359746,2.7346757856838,1.85395697256658e-08,7.9467888295278e-08,"AC048380.2","18:48564795-48568342","+","TEC",1.46546648429521e-08
"ENSG00000240291",33.1880395824085,3.52482182323824,0.673618006726976,1.89373416407228e-08,8.10284594283358e-08,"AL450384.2","10:18513115-18545651","-","lncRNA",1.49424495999041e-08
"ENSG00000230724",69.1946372948974,2.69191937531245,0.513794973675491,1.95440481491118e-08,8.33771515953238e-08,"LINC01001","11:127204-139612","-","lncRNA",1.53755716730437e-08
"ENSG00000109063",97.2916886054361,2.15989465572208,0.407305109114428,1.96009875038521e-08,8.35953436906822e-08,"MYH3","17:10628526-10657309","-","protein_coding",1.5415808454182e-08
"ENSG00000278985",25.788467336966,5.24078023684864,0.963168550379837,1.98529676081769e-08,8.46225000938554e-08,"AC092718.7","16:80982319-80984094","-","TEC",1.56052262574319e-08
"ENSG00000170458",83.9583306515895,2.15460164335754,0.406827591820146,2.07586046827018e-08,8.82714849283883e-08,"CD14","5:140631728-140633701","-","protein_coding",1.62781351633336e-08
"ENSG00000163126",88.2679018291526,2.14706216029749,0.407543338481228,2.39406632746201e-08,1.00910280375758e-07,"ANKRD23","2:96824526-96857934","-","protein_coding",1.86088540898466e-08
"ENSG00000153246",199.792649774089,2.00443827384489,0.378991747482564,2.4451930315748e-08,1.03005095064412e-07,"PLA2R1","2:159932006-160062615","-","protein_coding",1.89951586441624e-08
"ENSG00000280237",69.5406698101365,2.65931959577193,0.512430589921969,2.56437675654314e-08,1.07836863431665e-07,"MIR4697HG","11:133896438-133901601","-","TEC",1.98861845357499e-08
"ENSG00000262484",28.2750302749638,3.66751184115879,0.707867393910559,2.72433651996524e-08,1.14197348373209e-07,"CCER2","19:38908980-38912158","-","protein_coding",2.10591208884892e-08
"ENSG00000279803",28.6430029055788,4.96195640164605,0.946441214102939,2.85385976032757e-08,1.19383846396075e-07,"AC009090.5","16:57142652-57144936","+","TEC",2.20155624382045e-08
"ENSG00000081853",25.9129466307951,4.48841784205272,0.8654173031273,3.0365779213996e-08,1.2662354407501e-07,"PCDHGA2","5:141338760-141512975","+","protein_coding",2.3350634318495e-08
"ENSG00000087301",57.2442119320393,2.44671288782631,0.470002395336927,3.03631048753401e-08,1.2662354407501e-07,"TXNDC16","14:52430596-52552522","-","protein_coding",2.3350634318495e-08
"ENSG00000105519",110.438618340546,2.38449502745893,0.45949345469449,3.07624500295005e-08,1.28092533629331e-07,"CAPS","19:5911375-5915877","+","protein_coding",2.3621530526236e-08
"ENSG00000255423",26.0527503024762,4.8523366613358,0.922546789824471,3.21118570560098e-08,1.33480228638464e-07,"EBLN2","3:73061659-73063337","+","protein_coding",2.46150747908265e-08
"ENSG00000253537",34.9912713844952,3.45512257698996,0.676453337527636,3.22161921495303e-08,1.3373869877088e-07,"PCDHGA7","5:141382739-141512975","+","protein_coding",2.4662739240502e-08
"ENSG00000165028",84.7660843904501,2.1546720107845,0.413064107499682,3.22544766394152e-08,1.33841699440173e-07,"NIPSNAP3B","9:104764129-104777764","+","protein_coding",2.46817335829901e-08
"ENSG00000081052",213.543723058111,3.3061701190624,0.65008966345165,3.30048284372434e-08,1.36754068347371e-07,"COL4A4","2:227002711-227164453","-","protein_coding",2.52188032239429e-08
"ENSG00000186301",27.3088886730587,5.29374998235453,0.998772643340701,3.30133047921948e-08,1.36754068347371e-07,"MST1P2","1:16645622-16650289","+","unprocessed_pseudogene",2.52188032239429e-08
"ENSG00000258559",28.9672831766545,3.5864458944573,0.695737502836139,3.31741487976877e-08,1.37341927934875e-07,"AC005519.1","14:74289127-74294425","-","lncRNA",2.53272103480578e-08
"ENSG00000182700",87.6539832281102,2.35920167440902,0.454656661968168,3.32787354860352e-08,1.3773539747347e-07,"IGIP","5:140125935-140129392","+","protein_coding",2.53997700238931e-08
"ENSG00000171560",647.32948948263,2.78979905998911,0.54371828991955,3.34306593062148e-08,1.38324506013785e-07,"FGA","4:154583128-154590745","-","protein_coding",2.55084074672635e-08
"ENSG00000165272",134.20757378657,2.18211692148809,0.419987413181219,3.4786798908569e-08,1.43524144882137e-07,"AQP3","9:33441156-33447596","-","protein_coding",2.64672723188997e-08
"ENSG00000173040",72.2275611987678,2.38736929607689,0.462794410014372,3.6807514479454e-08,1.51212647753292e-07,"EVC2","4:5542772-5709548","-","protein_coding",2.78851083170351e-08
"ENSG00000169903",141.391654164705,2.10227697033499,0.404517788862549,3.70575122197421e-08,1.52153041066147e-07,"TM4SF4","3:149473974-149503281","+","protein_coding",2.80585261480114e-08
"ENSG00000165376",217.69601812857,2.07899700426563,0.400643145798183,3.93840837694441e-08,1.61201010106536e-07,"CLDN2","X:106900164-106930861","+","protein_coding",2.97270611580727e-08
"ENSG00000224934",67.5208787189357,2.40763510048454,0.468851224522808,4.07174206153889e-08,1.66340187676908e-07,"AL391684.1","10:99430919-99463259","+","lncRNA",3.06747763481679e-08
"ENSG00000266777",26.7418096979112,4.86961984459109,0.939431264705959,4.22818271721833e-08,1.72328305774085e-07,"SH3GL1P1","17:32039974-32042828","+","transcribed_processed_pseudogene",3.1779044570674e-08
"ENSG00000223855",35.5563911301106,3.81336881252442,0.759733094595299,4.68942100836563e-08,1.89733500585248e-07,"AC147651.1","7:520391-525238","+","lncRNA",3.49887346977871e-08
"ENSG00000182742",28.7837822205292,3.68234649481071,0.727680102173784,4.88958694768075e-08,1.97389369001505e-07,"HOXB4","17:48575507-48578350","-","protein_coding",3.64005525795599e-08
"ENSG00000160117",32.0985385771619,3.23752717451051,0.64145562877346,4.9904140146508e-08,2.01178243652924e-07,"ANKLE1","19:17281645-17287646","+","protein_coding",3.70992585517407e-08
"ENSG00000213420",40.8851734290753,2.78960186668844,0.550768168152456,5.08030447542915e-08,2.04687609526646e-07,"GPC2","7:100169606-100177381","-","protein_coding",3.77464203399032e-08
"ENSG00000213599",736.288638766522,2.93082321657001,0.583557644260928,5.28514730201572e-08,2.12347828664669e-07,"SLX1A-SULT1A3","16:30193892-30204310","+","lncRNA",3.9159040537815e-08
"ENSG00000256433",72.5791814275886,2.37885166326226,0.467773405511254,5.33706285566685e-08,2.1425471029928e-07,"AC005840.3","12:6393879-6396148","+","lncRNA",3.95106883775886e-08
"ENSG00000280128",77.3176088248844,2.30964379639011,0.452904217242069,5.38016682535022e-08,2.15744988760848e-07,"AL662795.2","6:30282349-30286054","-","TEC",3.97855104704545e-08
"ENSG00000240288",29.5191144355485,3.21527380455432,0.639155423432273,5.69095664595281e-08,2.27512115510688e-07,"GHRLOS","3:10285754-10294903","+","lncRNA",4.19554850650064e-08
"ENSG00000261094",50.6859491739218,2.45846183364329,0.484885813167333,5.71901456751983e-08,2.28507178565982e-07,"AC007066.2","9:122937623-122940333","+","lncRNA",4.21389845373815e-08
"ENSG00000285106",56.0438257678795,2.85583143643802,0.570439997531689,5.82318085164919e-08,2.32283254983673e-07,"AC016831.7","7:130791264-131110161","-","lncRNA",4.28353303886393e-08
"ENSG00000264548",24.0807025819251,4.72903704897354,0.919301521655735,5.91303105562951e-08,2.35671856548681e-07,"AC132872.2","17:82214227-82217352","+","lncRNA",4.34602220434543e-08
"ENSG00000279342",28.0038330204857,5.86986152707464,1.10269200200778,6.08337699610544e-08,2.42060020131851e-07,"AP000866.6","11:124789240-124792818","-","lncRNA",4.46382626115573e-08
"ENSG00000244122",41.0514419460626,3.04461068506245,0.608389019877226,6.27112221311954e-08,2.48981153799914e-07,"UGT1A7","2:233681938-233773299","+","protein_coding",4.59145881364266e-08
"ENSG00000197603",278.738626441707,2.07200563339664,0.406315869933367,6.3610231988664e-08,2.52411558617284e-07,"CPLANE1","5:37106228-37249428","-","protein_coding",4.65471887245713e-08
"ENSG00000120049",35.1505685936668,3.2934636489271,0.659446047735464,6.52844730401198e-08,2.5862832977014e-07,"KCNIP2","10:101825974-101843920","-","protein_coding",4.76936228327977e-08
"ENSG00000270195",35.3210957212513,3.67767148206758,0.741983325723353,6.65056438167817e-08,2.63177023858619e-07,"AC016773.1","4:1712821-1715945","+","lncRNA",4.85324470266922e-08
"ENSG00000204177",69.2221040097149,2.59159086806011,0.516029400622056,6.81876501129573e-08,2.69685146883155e-07,"BMS1P1","10:46786674-46811989","+","transcribed_unprocessed_pseudogene",4.97326093026405e-08
"ENSG00000272669",25.3689828095992,5.1954471440047,1.00401738295868,6.98982611673985e-08,2.75845763709854e-07,"AL021707.6","22:38742625-38743115","+","lncRNA",5.08686879975426e-08
"ENSG00000279425",26.617307505569,6.59132507803168,1.39643481759292,7.0044146264867e-08,2.76345896174324e-07,"AC092279.2","19:24078481-24080669","+","TEC",5.09609173722134e-08
"ENSG00000010310",49.2359212942997,2.69342381620832,0.537037691953711,7.05996238866363e-08,2.78461283060795e-07,"GIPR","19:45668221-45683722","+","protein_coding",5.13510156433445e-08
"ENSG00000162572",81.855344044196,2.42254219850362,0.482793355709282,7.13412662792239e-08,2.80925706844062e-07,"SCNN1D","1:1280436-1292029","+","protein_coding",5.1805479771554e-08
"ENSG00000286214",25.017220402398,5.18778824230005,1.00087874733562,7.22792712173923e-08,2.84464082139808e-07,"AUXG01000058.1","7:130538954-130546900","+","lncRNA",5.24579911841521e-08
"ENSG00000085514",64.1579509946072,2.49083240095939,0.496294854147484,7.25952516779443e-08,2.85551878737563e-07,"PILRA","7:100367530-100400096","+","protein_coding",5.26585916392463e-08
"ENSG00000259562",24.581373287878,5.16332378884356,0.99765702041905,7.63409361251836e-08,2.99306257177758e-07,"AC090607.2","15:78290527-78291221","-","transcribed_processed_pseudogene",5.51950351070182e-08
"ENSG00000164626",112.38061105729,2.06101749344686,0.407334931973639,7.68496768103908e-08,3.01137190934361e-07,"KCNK5","6:39188971-39229475","-","protein_coding",5.55326774066722e-08
"ENSG00000255837",15.9706735510722,7.81285995635181,2.72619253054423,7.81904434783939e-08,3.05975513562861e-07,"TAS2R20","12:10996495-10997875","-","protein_coding",5.64249119688802e-08
"ENSG00000136002",67.5196568604669,2.15160876418641,0.426966994528496,8.25315611655684e-08,3.21828476891033e-07,"ARHGEF4","2:130836916-131047263","+","protein_coding",5.93483552530246e-08
"ENSG00000203709",85.105991564891,5.23487565023572,1.09034297129515,8.47672498897657e-08,3.30100372850078e-07,"MIR29B2CHG","1:207801518-207879115","-","lncRNA",6.08737747085557e-08
"ENSG00000101955",55.9557913852919,2.43653144038495,0.487676918095307,8.53743357049106e-08,3.32285113447653e-07,"SRPX","X:38149336-38220924","-","protein_coding",6.12766624901875e-08
"ENSG00000223403",24.2495121484925,4.1633286165939,0.833747085503418,8.80349222841216e-08,3.41810510956756e-07,"MEG9","14:101064151-101072937","+","lncRNA",6.30332400334729e-08
"ENSG00000169203",425.370557285416,2.83726224003496,0.576539604874518,9.39910274210013e-08,3.63084596333996e-07,"NPIPB12","16:29483642-29505999","-","protein_coding",6.69563918590931e-08
"ENSG00000221995",61.1823582242742,2.53552308461679,0.509980694062855,9.39502812506133e-08,3.63084596333996e-07,"TIAF1","17:29073521-29078857","-","protein_coding",6.69563918590931e-08
"ENSG00000124549",45.4700901207494,2.67914155224131,0.54206343636731,9.7882420135076e-08,3.77102151591155e-07,"BTN2A3P","6:26421391-26432383","+","transcribed_unprocessed_pseudogene",6.95413677357383e-08
"ENSG00000269069",33.5588524428984,3.20061925455656,0.651935328108632,9.88111576928288e-08,3.80477017131608e-07,"AC007842.1","19:40023384-40025502","-","processed_pseudogene",7.01637263317234e-08
"ENSG00000279347",24.0155489541435,6.46409629297636,1.38265165797207,1.00666874399495e-07,3.87415754557458e-07,"AC021945.1","8:119838736-119840385","-","TEC",7.14432981636973e-08
"ENSG00000140678",25.7217907765539,4.01591562757871,0.813709742483818,1.01123539757297e-07,3.8906944843154e-07,"ITGAX","16:31355134-31382997","+","protein_coding",7.17482556754342e-08
"ENSG00000165124",67.9031607550001,2.19266943465038,0.438873297874686,1.01230233913874e-07,3.89376117011298e-07,"SVEP1","9:110365248-110579880","-","protein_coding",7.18048083956666e-08
"ENSG00000184381",166.971583200431,2.10930760224499,0.422585159835974,1.04048284968362e-07,3.99682815634591e-07,"PLA2G6","22:38111495-38214778","-","protein_coding",7.37054655944644e-08
"ENSG00000196757",40.7679204123459,3.12936830137858,0.637913398258361,1.07634739723989e-07,4.12580771715652e-07,"ZNF700","19:11925068-11950773","+","protein_coding",7.60839763059198e-08
"ENSG00000182308",15.8631207464212,7.78703169294843,2.73519375431561,1.13075134714346e-07,4.31942823314424e-07,"DCAF4L1","4:41981756-41986465","+","protein_coding",7.96545301854647e-08
"ENSG00000260774",29.719371653378,3.4494064707054,0.705845789857896,1.13164236594728e-07,4.32168768022427e-07,"AC021087.3","5:213898-217279","-","lncRNA",7.96961966250776e-08
"ENSG00000105409",110.836543828782,2.00015502501491,0.400663599028561,1.16063088369707e-07,4.42653512820021e-07,"ATP1A3","19:41966582-41997497","-","protein_coding",8.1629687299974e-08
"ENSG00000264608",22.970853518107,3.85737260836515,0.782863991438869,1.16865462183973e-07,4.45478173947256e-07,"AC005726.3","17:28601827-28602284","-","lncRNA",8.21505827585363e-08
"ENSG00000152926",26.4478559060024,4.0943987502263,0.831331832652615,1.20243907644676e-07,4.57872551991919e-07,"ZNF117","7:64971776-65006684","-","protein_coding",8.44362286977675e-08
"ENSG00000181016",40.3683247440512,2.79280522981162,0.570545685410285,1.28468477144973e-07,4.87389741847929e-07,"LSMEM1","7:112480853-112491062","+","protein_coding",8.98794905450981e-08
"ENSG00000099251",49.5823263583674,2.64691041022954,0.542318880105109,1.29556518642693e-07,4.91001169155968e-07,"HSD17B7P2","10:38356380-38378505","+","transcribed_unprocessed_pseudogene",9.05454734715266e-08
"ENSG00000204248",56.8778907439083,2.66929841596435,0.546922839398887,1.3112382736546e-07,4.96549758852717e-07,"COL11A2","6:33162681-33192499","-","protein_coding",9.15686883083772e-08
"ENSG00000259408",22.7725611885584,4.0274230921083,0.825666030495735,1.37282375046567e-07,5.18510499259651e-07,"AC010809.2","15:33851785-33856809","-","lncRNA",9.56184661151171e-08
"ENSG00000166343",37.8136918829745,2.93993183056186,0.603713296064836,1.38238658102545e-07,5.21849125877425e-07,"MSS51","10:73423579-73433561","-","protein_coding",9.62341418952188e-08
"ENSG00000100033",60.1691476330586,2.85931863332286,0.58962076351725,1.43777058946435e-07,5.41481442568301e-07,"PRODH","22:18912777-18936553","-","protein_coding",9.98545353317031e-08
"ENSG00000144214",50.5827616673053,2.41244410676579,0.492883488349529,1.45139748163758e-07,5.46185781561475e-07,"LYG1","2:99284238-99304742","-","protein_coding",1.00722061985947e-07
"ENSG00000262943",98.2964153052731,2.23550182772945,0.454910661971163,1.47985498056123e-07,5.5616951444484e-07,"ALOX12P2","17:6853861-6954107","+","transcribed_unprocessed_pseudogene",1.02563161106935e-07
"ENSG00000235706",96.3112649203555,2.12314651786175,0.431653688857473,1.50919486533799e-07,5.66016727764401e-07,"DICER1-AS1","14:95157645-95181475","+","lncRNA",1.04379084669658e-07
"ENSG00000196159",80.2546484169911,2.06445947878579,0.419705183952188,1.5915589863979e-07,5.94896711288832e-07,"FAT4","4:125316399-125492932","+","protein_coding",1.09704839365038e-07
"ENSG00000280332",27.0689166780542,5.77503420075852,1.13841089335227,1.60456394186848e-07,5.99136867320872e-07,"AC020917.4","19:16356329-16358327","-","TEC",1.10486766088704e-07
"ENSG00000155428",14.2970624071175,7.61733414598345,2.70923763659355,1.62402660778303e-07,6.05933692709943e-07,"TRIM74","7:72959485-72969466","-","protein_coding",1.11740167937043e-07
"ENSG00000111664",56.866402111556,2.49913081006592,0.515593101330546,1.65690663863595e-07,6.17562619019361e-07,"GNB3","12:6839954-6847393","+","protein_coding",1.1388465700305e-07
"ENSG00000274422",14.3127450725749,7.61540760063098,2.71102610774644,1.70869112790931e-07,6.35059134298699e-07,"AC245060.5","22:22283928-22287220","-","lncRNA",1.17111187528003e-07
"ENSG00000243696",23.3134335797559,5.03518386114372,1.01532897233389,1.74701212623282e-07,6.48299664539277e-07,"AC006254.1","3:52813282-52835729","-","protein_coding",1.19552872303842e-07
"ENSG00000272807",25.0838368147585,3.79231231546107,0.78607086924513,1.7676289989447e-07,6.55107916690832e-07,"AC007038.2","2:210028417-210029156","+","lncRNA",1.20808381360238e-07
"ENSG00000284128",25.4856370141482,3.8040354070893,0.791234557984079,1.83006729528955e-07,6.75472267496486e-07,"AP000356.3","22:24644791-24653356","+","transcribed_unprocessed_pseudogene",1.24563769130104e-07
"ENSG00000197558",46.9894709351531,2.88927219442791,0.601790432066788,1.83383314626921e-07,6.76533940884805e-07,"SSPO","7:149776042-149833979","+","protein_coding",1.2475955220692e-07
"ENSG00000204965",27.8123692870007,3.56753988294235,0.748605561419684,1.85806996334076e-07,6.84756920334112e-07,"PCDHA5","5:140821604-141012347","+","protein_coding",1.26275950974083e-07
"ENSG00000131400",47.2864829752192,2.68480652008473,0.55814359899871,1.88374344011229e-07,6.92802711035946e-07,"NAPSA","19:50358477-50365830","-","protein_coding",1.27759674383139e-07
"ENSG00000158220",34.2780357517996,2.83957720200492,0.590805112848473,1.93775820020459e-07,7.11037012018101e-07,"ESYT3","3:138434586-138481686","+","protein_coding",1.31122259891214e-07
"ENSG00000197816",46.1372489828065,3.21425014723648,0.675255571423999,1.9592504727894e-07,7.18192729202376e-07,"CCDC180","9:97307304-97378524","+","protein_coding",1.324418449374e-07
"ENSG00000284969",43.7177357070431,2.46941295048015,0.513420881952722,2.175439472865e-07,7.93609120467666e-07,"AL049629.2","11:33698261-33722467","-","protein_coding",1.46349373643224e-07
"ENSG00000274925",82.1212600554744,4.08436617344341,0.878976547406763,2.18104291989722e-07,7.95452154910949e-07,"ZKSCAN2-DT","16:25257952-25261066","+","lncRNA",1.46689247429224e-07
"ENSG00000280152",27.0225204545239,3.83498858130307,0.811893062986937,2.24146929155107e-07,8.15840538307236e-07,"AC009078.3","16:75245994-75250077","-","TEC",1.50449067046577e-07
"ENSG00000269399",28.3542770856165,3.47987364270999,0.735501514561491,2.35039927996321e-07,8.52049266615809e-07,"AC008764.6","19:16542746-16544814","+","lncRNA",1.57126314789464e-07
"ENSG00000237094",45.2796092379951,2.96803827337014,0.627939986062621,2.42680221782478e-07,8.77981504482848e-07,"AL732372.2","1:365389-522928","-","transcribed_unprocessed_pseudogene",1.61908476021144e-07
"ENSG00000273449",23.0451444391089,5.58178122823918,1.10712022083108,2.69914747868742e-07,9.71154609039953e-07,"AC093788.1","4:163529771-163530697","+","lncRNA",1.79090518339775e-07
"ENSG00000162994",122.307772979932,2.0289393405137,0.420630420832,2.72515082922069e-07,9.79533536721379e-07,"CLHC1","2:55172547-55232563","-","protein_coding",1.80635675503866e-07
"ENSG00000187942",51.759353482989,2.4474460144986,0.514256383097352,2.78535149493696e-07,9.99926632718348e-07,"LDLRAD2","1:21812265-21825221","+","protein_coding",1.84396364171411e-07
"ENSG00000283294",29.3144000261439,3.81629186634454,0.814660761206928,2.84659973611983e-07,1.02013763022198e-06,"AP005212.4","18:14225224-14342505","+","lncRNA",1.88123472075133e-07
"ENSG00000196338",70.4850934017218,2.24250553642022,0.469781628789613,2.86841132024728e-07,1.02769899499696e-06,"NLGN3","X:71144831-71171201","+","protein_coding",1.89517862550452e-07
"ENSG00000268471",58.2809212754318,2.2694919473117,0.476785352578444,3.01157490606712e-07,1.07738662892974e-06,"MIR4453HG","4:152536264-152539263","+","lncRNA",1.98680753848363e-07
"ENSG00000251201",68.4167352655294,2.07674655331209,0.433371230304031,3.10553621407027e-07,1.10907615090609e-06,"TMED7-TICAM2","5:115578642-115626161","-","protein_coding",2.04524615231355e-07
"ENSG00000163520",39.4071862400263,3.11660720744823,0.671670841925198,3.25624222364344e-07,1.15745412177205e-06,"FBLN2","3:13549125-13638422","+","protein_coding",2.1344599170217e-07
"ENSG00000269959",37.1664579210899,3.43260596638899,0.738973924681183,3.28866264353409e-07,1.16869026159876e-06,"SPACA6P-AS","19:51685363-51693456","-","lncRNA",2.15518047054606e-07
"ENSG00000228393",32.6229486055324,2.91345055757553,0.620594056004182,3.29258392192751e-07,1.16979563717237e-06,"LINC01004","7:104950315-105013044","-","lncRNA",2.15721889246771e-07
"ENSG00000173705",44.5986351902619,2.35907358495472,0.498114245146888,3.29652982921748e-07,1.17062102820452e-06,"SUSD5","3:33150043-33218810","-","protein_coding",2.15874099519373e-07
"ENSG00000133858",1109.37377972654,2.49867009566789,0.530877530345771,3.30124201884151e-07,1.17200590176785e-06,"ZFC3H1","12:71609472-71667725","-","protein_coding",2.16129483906145e-07
"ENSG00000001561",22.4646485656108,3.63043298117419,0.770868323833137,3.34881693552422e-07,1.18656018530804e-06,"ENPP4","6:46129989-46146688","+","protein_coding",2.18813437788477e-07
"ENSG00000106258",51.3009571827377,2.73931750192015,0.583600429418768,3.34809852595952e-07,1.18656018530804e-06,"CYP3A5","7:99648194-99679998","-","protein_coding",2.18813437788477e-07
"ENSG00000189136",38.1305585632633,2.66841233579093,0.567937435465698,3.42155504394107e-07,1.21025241907285e-06,"UBE2Q2P1","15:84526781-84571216","-","transcribed_unprocessed_pseudogene",2.23182520101501e-07
"ENSG00000198156",69.0260330063081,2.49341162258073,0.529282598745476,3.45881795055123e-07,1.2222342735869e-06,"NPIPB6","16:28342555-28363508","-","protein_coding",2.25392092620251e-07
"ENSG00000230699",40.5790982338738,2.87929319128238,0.617118840298835,3.5439880576801e-07,1.24957623891027e-06,"AL645608.2","1:911435-914948","+","lncRNA",2.30434221542475e-07
"ENSG00000185864",808.151303731462,2.76323242376281,0.594961352974766,3.83544825984112e-07,1.3444569361756e-06,"NPIPB4","16:21834569-21880827","-","protein_coding",2.47931160851123e-07
"ENSG00000198753",53.4630036777207,2.20895221905459,0.468449012463988,4.01883690448262e-07,1.40396558977906e-06,"PLXNB3","X:153764196-153779346","+","protein_coding",2.58905145343749e-07
"ENSG00000229425",61.3598994655564,2.54414016974557,0.544189254625557,4.13737029324961e-07,1.44327801235506e-06,"AJ009632.2","21:15368966-15627342","-","lncRNA",2.66154745016954e-07
"ENSG00000277007",20.0629457264832,4.79990602843964,1.0048862947032,4.22978794929341e-07,1.47337953965247e-06,"AC096642.1","1:219270774-219273387","+","lncRNA",2.7170576446981e-07
"ENSG00000261560",20.1106537000741,4.39344641411597,0.937776612890799,4.51073902553333e-07,1.56595145958602e-06,"AC007216.3","16:11881075-11882569","-","lncRNA",2.88776942395842e-07
"ENSG00000056736",40.8179037000408,2.53862606247377,0.546446664550028,4.56231755194227e-07,1.58233455863998e-06,"IL17RB","3:53846568-53865794","+","protein_coding",2.91798147952892e-07
"ENSG00000261488",20.6228151587175,4.85405408043746,1.01814451947977,4.65940210906302e-07,1.61406611355489e-06,"TBILA","3:112133423-112135359","+","lncRNA",2.97649760625622e-07
"ENSG00000137440",50.8078931454996,2.24421149580814,0.48010395282472,4.69907051043786e-07,1.62585585910306e-06,"FGFBP1","4:15935569-15938740","-","protein_coding",2.99823906350372e-07
"ENSG00000218336",33.6474829870416,2.61891175513224,0.563028686050834,4.7232287271121e-07,1.63225734310834e-06,"TENM3","4:182143987-182803024","+","protein_coding",3.01004403336103e-07
"ENSG00000145020",22.60336436543,4.56707644637447,0.979104640558512,4.72530285051602e-07,1.63258308254897e-06,"AMT","3:49416775-49422753","-","protein_coding",3.01064472911764e-07
"ENSG00000180210",25.103039888736,3.43921720867742,0.748335065007556,4.87655730767028e-07,1.68242393197195e-06,"F2","11:46719180-46739506","+","protein_coding",3.10255618661954e-07
"ENSG00000261136",22.1119897107177,3.76265446585214,0.816748006707018,5.04560261523158e-07,1.73700678913293e-06,"AC023908.3","15:39782571-39785617","+","lncRNA",3.20321237555623e-07
"ENSG00000172232",13.0507516667643,7.42183813875659,2.71363664373352,5.07862998853337e-07,1.74795976799999e-06,"AZU1","19:825097-832018","+","protein_coding",3.22341075225554e-07
"ENSG00000273448",21.2564189520179,6.23423096871717,1.42925597907304,5.1633258579504e-07,1.7745704020607e-06,"AC006480.2","7:67333047-67334383","+","lncRNA",3.27248339427281e-07
"ENSG00000114841",70.5072349380596,2.20321737202464,0.473036856642246,5.29563235819316e-07,1.81485471886012e-06,"DNAH1","3:52316319-52400491","+","protein_coding",3.34677166011034e-07
"ENSG00000258210",20.1269387986997,6.13404487901647,1.41177169595067,5.30815267835686e-07,1.81828173892053e-06,"AC144548.1","12:110387463-110445548","-","lncRNA",3.35309142416508e-07
"ENSG00000206077",44.6262241498946,2.96159185885172,0.64801886251701,5.37377758267364e-07,1.83901477615786e-06,"ZDHHC11B","5:710355-784729","-","protein_coding",3.39132519612093e-07
"ENSG00000225032",28.454746757833,3.74323670053672,0.826105688720548,5.61786651066946e-07,1.91799758674725e-06,"AL162586.1","9:127816066-127822520","+","lncRNA",3.53697731326807e-07
"ENSG00000279529",26.2556875843984,3.49697562015192,0.769952788964851,5.98022301352195e-07,2.03113600845327e-06,"AC008764.8","19:16572624-16575340","+","lncRNA",3.74561575661031e-07
"ENSG00000198590",21.5346520680946,3.91993473486231,0.858719032996709,6.01607208008073e-07,2.04235030520952e-06,"C3orf35","3:37381062-37440186","+","lncRNA",3.76629602935164e-07
"ENSG00000255182",82.0204470436022,2.09233941377277,0.450217893553358,6.02874272192113e-07,2.0461703126765e-06,"AC084125.2","8:144495458-144505444","-","lncRNA",3.77334050106556e-07
"ENSG00000142552",61.1180669659941,2.36538823886731,0.514418197534403,6.09042724181397e-07,2.0656484307685e-06,"RCN3","19:49528003-49546962","+","protein_coding",3.80926007795793e-07
"ENSG00000132517",34.0329509345632,2.72574953036424,0.596875181742659,6.14896255400564e-07,2.08354231397824e-06,"SLC52A1","17:5032600-5052009","-","protein_coding",3.84225816898601e-07
"ENSG00000234719",27.4150810780358,3.59367183853898,0.790522015381375,6.17619426118308e-07,2.09129619339004e-06,"NPIPB2","16:11927373-11976643","-","protein_coding",3.85655708977655e-07
"ENSG00000165923",58.7312455659015,2.33977648879597,0.509003538987668,6.31418053385649e-07,2.13251396869104e-06,"AGBL2","11:47659591-47715389","-","protein_coding",3.93256674544577e-07
"ENSG00000275437",23.7023318278449,3.36675728689464,0.739015427288206,6.34772457569654e-07,2.14334121643224e-06,"AL121832.3","20:62402236-62405935","-","lncRNA",3.95253326150937e-07
"ENSG00000159958",57.2741867200033,2.08769885916365,0.451572669308589,6.76932790324621e-07,2.27451939888301e-06,"TNFRSF13C","22:41922023-41926818","-","protein_coding",4.19443880848712e-07
"ENSG00000205853",21.7597738885258,3.92775241618708,0.866640514116111,6.82045311304384e-07,2.29063076152227e-06,"RFPL3S","22:32359886-32382106","-","lncRNA",4.22414975522378e-07
"ENSG00000144476",58.4855979526757,2.20314431450855,0.478535973469922,6.97665115075734e-07,2.33982154354084e-06,"ACKR3","2:236567787-236582354","+","protein_coding",4.31486242411544e-07
"ENSG00000262228",21.6548522775621,3.5563206474673,0.782833692499764,7.14143960303856e-07,2.39119727529915e-06,"AC087392.3","17:763565-765319","-","lncRNA",4.40960435650226e-07
"ENSG00000224635",57.9062825072536,2.21174597764081,0.482467100471315,7.27573411262262e-07,2.43446873323096e-06,"AL391095.1","20:38404893-38416797","-","lncRNA",4.48940120613043e-07
"ENSG00000260597",12.4582485073555,7.33353101686634,2.71044997716806,7.40178502714269e-07,2.47320413088501e-06,"AC012531.1","12:54019910-54022589","+","lncRNA",4.56083311181657e-07
"ENSG00000185499",69.7080846486589,2.15072674809342,0.469459315429643,7.68563005793248e-07,2.56270558067598e-06,"MUC1","1:155185824-155192916","-","protein_coding",4.72588264034708e-07
"ENSG00000267121",347.417830321835,2.79631275406749,0.622814524318037,7.74630397894382e-07,2.5811472011132e-06,"AC008105.3","17:45190931-45222222","-","lncRNA",4.75989081301477e-07
"ENSG00000226332",57.769764932104,2.26655885500319,0.496996312287605,7.78657685188765e-07,2.5915739519962e-06,"AL354836.1","20:62305432-62306325","-","lncRNA",4.7791187732474e-07
"ENSG00000283511",19.2823808922175,4.32916671215373,0.948240715330199,8.04575376647425e-07,2.67413350248078e-06,"AC137936.2","3:58180009-58187495","+","transcribed_unitary_pseudogene",4.93136675263762e-07
"ENSG00000213949",31.5970995224139,2.83997385137101,0.630474931947342,8.10692551715533e-07,2.69322407003263e-06,"ITGA1","5:52787896-52959210","+","protein_coding",4.9665716479904e-07
"ENSG00000124749",28.5959901845874,3.41218213426638,0.758916029189325,8.15111356043142e-07,2.7072805352188e-06,"COL21A1","6:56056590-56394094","-","protein_coding",4.99249316051562e-07
"ENSG00000179304",710.788386175381,2.73470051804569,0.61151927364779,8.75815345773599e-07,2.89305789732838e-06,"FAM156B","X:52891306-52908560","+","protein_coding",5.33508499673099e-07
"ENSG00000172638",34.8735116074122,2.71790199584904,0.604259732685914,8.88750654309397e-07,2.93228777506883e-06,"EFEMP2","11:65866441-65873592","-","protein_coding",5.40742877261944e-07
"ENSG00000115232",22.9326431146875,3.6173912042396,0.808901261215985,8.94838408172777e-07,2.95169834319086e-06,"ITGA4","2:181457202-181538940","+","protein_coding",5.44322378068392e-07
"ENSG00000220785",65.7184946972497,2.19666220077378,0.485006526007152,9.58617197699851e-07,3.15198927265575e-06,"MTMR9LP","1:32231658-32241620","-","transcribed_unprocessed_pseudogene",5.81258007104929e-07
"ENSG00000273576",61.293913141597,2.26742705798316,0.501459503841561,9.61835506308256e-07,3.16113045216754e-06,"AC009283.1","17:39566915-39567559","+","lncRNA",5.82943731048125e-07
"ENSG00000283341",32.014579543991,2.9173903803524,0.657029875124527,1.0066619857237e-06,3.30018612361317e-06,"AC068205.2","11:43578889-43840030","+","lncRNA",6.08586972655042e-07
"ENSG00000139192",43.09579403536,2.26029472912456,0.500375712532036,1.01174218319243e-06,3.31382888061302e-06,"TAPBPL","12:6451690-6466517","+","protein_coding",6.11102832024852e-07
"ENSG00000254221",44.8958938969173,2.79922763419948,0.629455103497299,1.02463314509965e-06,3.35300680823267e-06,"PCDHGB1","5:141350102-141512979","+","protein_coding",6.18327629497436e-07
"ENSG00000224903",24.9481185898425,3.28062961263707,0.740150471434787,1.0515032693221e-06,3.43626028760571e-06,"AC005534.1","7:156654185-156659582","-","lncRNA",6.33680394789101e-07
"ENSG00000230454",23.5921196991294,3.65474131121747,0.825330281720364,1.06550511740114e-06,3.47729197780224e-06,"U73166.1","3:50260303-50263358","+","lncRNA",6.41247044421663e-07
"ENSG00000215417",76.0787144414371,4.0542596089422,0.94195705405545,1.11263435647381e-06,3.62208675433308e-06,"MIR17HG","13:91347820-91354579","+","lncRNA",6.67948633787988e-07
"ENSG00000128709",23.0421271328008,3.18580622876556,0.717987428817663,1.14970955494121e-06,3.73621866557948e-06,"HOXD9","2:176122719-176124937","+","protein_coding",6.8899568742287e-07
"ENSG00000220201",56.8564948918887,2.29882657317527,0.51475522799161,1.17093694841171e-06,3.80330443306712e-06,"ZGLP1","19:10304803-10309880","-","protein_coding",7.0136696668237e-07
"ENSG00000215022",38.4112901596645,2.71983998057979,0.614344454898264,1.17153701420702e-06,3.8043970382577e-06,"AL008729.1","6:13264861-13295586","-","lncRNA",7.01568453889556e-07
"ENSG00000130768",32.9930779933156,2.89330195093534,0.656085016771694,1.18675149518507e-06,3.84947180137819e-06,"SMPDL3B","1:27935000-27959157","+","protein_coding",7.09880686170751e-07
"ENSG00000135205",56.2132537814575,2.40459437347818,0.539067567800299,1.19480233531553e-06,3.8729741842131e-06,"CCDC146","7:77122434-77329533","+","protein_coding",7.14214758093948e-07
"ENSG00000228049",39.3441518289048,2.62199837620256,0.591308374048861,1.27329964677857e-06,4.10712436926475e-06,"POLR2J2","7:102665368-102671629","-","protein_coding",7.57394368858199e-07
"ENSG00000279108",76.4787077050091,2.1766755112937,0.486810284314866,1.28261460261578e-06,4.13407883476521e-06,"AC008537.3","19:40840159-40842039","+","TEC",7.62365038979223e-07
"ENSG00000272734",124.436892332837,2.00856631527532,0.447950216618689,1.35580723278021e-06,4.3508867336639e-06,"ADIRF-AS1","10:86965345-86971311","-","lncRNA",8.02346560595341e-07
"ENSG00000278950",22.7350463623753,3.43187268276272,0.784347744891928,1.39773709853929e-06,4.47548842825673e-06,"AC138907.8","16:32781883-32784138","+","TEC",8.25324345865498e-07
"ENSG00000277739",61.5272638734489,9.68173687686197,3.34937673111133,1.40567457127491e-06,4.4999051951086e-06,"RF00002","21:8256781-8256933","+","rRNA",8.29827039248178e-07
"ENSG00000165810",49.1477939217474,2.51453007381848,0.572233017911918,1.42687298495362e-06,4.55866329205289e-06,"BTNL9","5:181040225-181061521","+","protein_coding",8.40662613666976e-07
"ENSG00000185101",25.1747529336197,3.29131335725779,0.75577271736919,1.47634653954273e-06,4.71150804523835e-06,"ANO9","11:417933-442011","-","protein_coding",8.68848698373467e-07
"ENSG00000000971",220.503858718752,3.41897006261356,0.800272277384565,1.52725414894702e-06,4.86106835671907e-06,"CFH","1:196651878-196747504","+","protein_coding",8.96429099533916e-07
"ENSG00000279696",43.7973454231532,2.21145865662887,0.498480755851986,1.54594427627211e-06,4.90864525045202e-06,"AP001273.1","11:93726654-93729805","-","TEC",9.05202749455686e-07
"ENSG00000213057",20.8827693671921,3.88389820993277,0.889942710025797,1.59562145681476e-06,5.05369064728464e-06,"C1orf220","1:178542752-178548889","+","lncRNA",9.31950555685254e-07
"ENSG00000156711",24.2339708261231,3.6305631626111,0.844164372984057,1.59806954140611e-06,5.05967683638521e-06,"MAPK13","6:36127809-36144524","+","protein_coding",9.33054468181701e-07
"ENSG00000204305",57.9181785791166,2.37975252729647,0.544174569168409,1.6726655963286e-06,5.29005243836674e-06,"AGER","6:32180968-32184322","-","protein_coding",9.75538008482762e-07
"ENSG00000272589",38.6499823007601,2.53425019149394,0.581037848245049,1.68544797137332e-06,5.32814271055526e-06,"ZSWIM8-AS1","10:73796514-73801399","-","lncRNA",9.82562231532775e-07
"ENSG00000279041",39.2239980896447,2.62055787602526,0.603437749301239,1.68883546231135e-06,5.33768193871373e-06,"AC102945.2","8:30552345-30553766","+","TEC",9.84321359584642e-07
"ENSG00000280069",19.8105217617512,3.59419260327771,0.828338648013389,1.83513023999038e-06,5.78106093942821e-06,"AC127024.8","17:30738182-30740275","+","TEC",1.0660848340302e-06
"ENSG00000181392",21.9174078576428,3.74131716271546,0.865752439347992,1.85163093946572e-06,5.82795183128523e-06,"SYNE4","19:36003307-36008813","-","protein_coding",1.07473197841887e-06
"ENSG00000223658",27.8201418086357,2.72428765210286,0.62775291585473,1.87797730977096e-06,5.90186378248211e-06,"C1GALT1C1L","2:43675151-43676429","-","protein_coding",1.08836207349141e-06
"ENSG00000103269",35.724959412063,2.37786643844618,0.544764064681554,1.91087794596718e-06,5.99090547683929e-06,"RHBDL1","16:675666-678268","+","protein_coding",1.10478224289373e-06
"ENSG00000196296",72.2702651810136,2.16409355356459,0.494126095677076,1.92020637863049e-06,6.01622967011524e-06,"ATP2A1","16:28878405-28904509","+","protein_coding",1.10945227468693e-06
"ENSG00000143369",31.4370815632059,2.94967850191307,0.689251271587262,2.00211982227609e-06,6.26471151502915e-06,"ECM1","1:150508062-150513789","+","protein_coding",1.1552747853247e-06
"ENSG00000176593",24.0033956202332,2.95751294065147,0.687896150627497,2.02800381624207e-06,6.33197123149548e-06,"AC008969.1","19:58002061-58011232","+","lncRNA",1.1676781424969e-06
"ENSG00000271870",34.9746561793432,2.37236649153749,0.543800998002027,2.03804001697557e-06,6.36193019578613e-06,"AC024060.1","3:3152942-3153435","+","lncRNA",1.17320287192081e-06
"ENSG00000150637",30.3300951254839,2.6051212611077,0.60379509722366,2.11135426191718e-06,6.56805073112141e-06,"CD226","18:69831158-69961803","-","protein_coding",1.21121353795694e-06
"ENSG00000169418",46.8738660891558,2.20794065425611,0.507123043144827,2.1491839773082e-06,6.67997122460204e-06,"NPR1","1:153678688-153693992","+","protein_coding",1.23185278427644e-06
"ENSG00000277957",36.7034090374051,2.51003368383889,0.582421294013983,2.19323210133199e-06,6.80661491891114e-06,"SENP3-EIF4A1","17:7563287-7578715","+","protein_coding",1.25520713449746e-06
"ENSG00000139679",59.052033793866,2.29504314859569,0.530441851183602,2.37758630452352e-06,7.33457669481832e-06,"LPAR6","13:48389567-48444704","-","protein_coding",1.35256850953565e-06
"ENSG00000250575",33.3294356823486,2.81466865159679,0.661511052638467,2.40610484685437e-06,7.41304307717592e-06,"AL732372.3","1:491225-493241","-","unprocessed_pseudogene",1.36703848677497e-06
"ENSG00000134762",64.5555896106806,2.1744693522285,0.500568708263266,2.44576253535879e-06,7.53200893493204e-06,"DSC3","18:30989365-31042815","-","protein_coding",1.38897696797246e-06
"ENSG00000265690",87.1384089311015,3.96981938907232,0.965988371954966,2.48597367519502e-06,7.64279313567308e-06,"AC074143.2","16:67163385-67165815","+","protein_coding",1.4094066706685e-06
"ENSG00000089692",43.0585390897727,2.41554048728173,0.562801762985765,2.50091304022549e-06,7.68381033738787e-06,"LAG3","12:6772512-6778455","+","protein_coding",1.41697064848168e-06
"ENSG00000134962",27.8652682612135,2.99535538018337,0.707546774541288,2.68879242189319e-06,8.21794617456683e-06,"KLB","4:39406930-39451533","+","protein_coding",1.51547058150346e-06
"ENSG00000240399",18.7134256310563,3.49023029978331,0.821299022633902,2.68900221029457e-06,8.21794617456683e-06,"AC004801.2","12:48054813-48055591","-","transcribed_processed_pseudogene",1.51547058150346e-06
"ENSG00000275131",29.4922663579998,2.70142074579625,0.639924223161248,3.00999215843384e-06,9.14345788680831e-06,"AC241952.1","1:120489860-120701289","-","transcribed_unprocessed_pseudogene",1.68614409809081e-06
"ENSG00000276851",27.4895025506296,2.60009674717434,0.61456585171642,3.11235932079292e-06,9.44178306989072e-06,"AC002401.4","17:50094065-50094647","+","lncRNA",1.74115821342807e-06
"ENSG00000116039",64.4494592410086,2.36580795961666,0.557951298803487,3.11797530605661e-06,9.45683155681831e-06,"ATP6V1B1","2:70935900-70965431","+","protein_coding",1.7439333033046e-06
"ENSG00000227953",27.9203755396661,2.76093342643789,0.659919169570007,3.34826701081247e-06,1.01191446233771e-05,"LINC01341","1:246775880-246792385","+","lncRNA",1.86607038558698e-06
"ENSG00000260293",16.5122689201244,4.48681660044609,1.03919678854349,3.35176863599834e-06,1.0127605838782e-05,"AC106820.4","16:2476558-2482173","+","lncRNA",1.86763071742141e-06
"ENSG00000230715",29.1905766945297,2.72411745794082,0.647770874283699,3.41743793658633e-06,1.03173874344146e-05,"AC018638.2","7:128652841-128653243","+","processed_pseudogene",1.90262832132179e-06
"ENSG00000116883",20.4619000763471,3.58484259194149,0.862831192855086,3.49936703981348e-06,1.05492828354427e-05,"AL591845.1","1:36323734-36329221","+","lncRNA",1.94539212760366e-06
"ENSG00000281404",19.0552433297829,3.32647752470414,0.797196290689655,3.74638891306255e-06,1.12306044541173e-05,"LINC01176","7:30390885-30412375","+","lncRNA",2.07103457496345e-06
"ENSG00000111801",50.0104375496251,2.39503765800872,0.570537561334293,3.96987630446645e-06,1.1856215135757e-05,"BTN3A3","6:26440472-26453415","+","protein_coding",2.1864033743398e-06
"ENSG00000134755",57.1778649287951,2.43607470197531,0.583473490026524,3.97497085979145e-06,1.18689734199236e-05,"DSC2","18:31058840-31102522","-","protein_coding",2.18875612816835e-06
"ENSG00000237491",17.9636012229086,3.6601377006208,0.877735036730279,4.1099381105699e-06,1.22441022216194e-05,"AL669831.5","1:778747-810065","+","lncRNA",2.2579335906594e-06
"ENSG00000093100",567.720486044345,2.56924953740571,0.622929443075799,4.42659943516471e-06,1.31089853552045e-05,"AC016026.1","22:17787652-17811497","-","lncRNA",2.41742659749403e-06
"ENSG00000254911",16.1959008051272,4.45059710907078,1.04807785564096,4.43147421184466e-06,1.31199926208939e-05,"SCARNA9","11:93721513-93721865","+","lncRNA",2.41945644619111e-06
"ENSG00000196440",27.4433418835867,2.93248131130471,0.716040573500542,4.706360201886e-06,1.38719846767745e-05,"ARMCX4","X:101418287-101533459","+","protein_coding",2.55813122137256e-06
"ENSG00000171951",36.6255952121608,2.33767833966562,0.5624103448626,4.76044641971028e-06,1.4014225860759e-05,"SCG2","2:223596940-223602361","-","protein_coding",2.58436190300854e-06
"ENSG00000213658",56.0901193969714,2.50053771521066,0.608054978088444,4.93712933940128e-06,1.44870657126056e-05,"LAT","16:28984826-28990783","+","protein_coding",2.67155824988334e-06
"ENSG00000284602",20.4286071311953,3.41040702431031,0.835024669077156,5.00246492947005e-06,1.46608905144005e-05,"AL031432.4","1:25232586-25234775","+","lncRNA",2.70361326312633e-06
"ENSG00000169429",41.2954280595468,2.08424702317751,0.49630242396039,5.04186410681856e-06,1.47643627629751e-05,"CXCL8","4:73740541-73743716","+","protein_coding",2.7226945694997e-06
"ENSG00000115257",57.4319864230076,2.04475286868575,0.48805177292903,5.05769237491887e-06,1.48047039126252e-05,"PCSK4","19:1481428-1490752","-","protein_coding",2.73013387662341e-06
"ENSG00000279289",16.7843672342733,5.01282170609036,1.1640889420524,5.0650280637632e-06,1.4817454928584e-05,"AL136164.3","6:71386852-71390829","-","TEC",2.73248529012254e-06
"ENSG00000161509",16.3865299468177,4.46637568824328,1.06255282421461,5.30383051346137e-06,1.54718290837486e-05,"GRIN2C","17:74842023-74861504","-","protein_coding",2.85315835859762e-06
"ENSG00000274615",51.4616796692042,2.46334987837909,0.599882921907627,5.52164404226276e-06,1.60552761470712e-05,"AC233968.1","17:38078262-38124770","+","unprocessed_pseudogene",2.96075176959688e-06
"ENSG00000157388",67.2360641732378,2.1398083480489,0.515869887285037,5.68540628339647e-06,1.65015171709604e-05,"CACNA1D","3:53328963-53813733","+","protein_coding",3.04304302943222e-06
"ENSG00000261794",54.9452293315254,2.24202658807936,0.543627026035225,5.70591178951397e-06,1.65577021920973e-05,"GOLGA8H","15:30604126-30614561","+","protein_coding",3.05340410321457e-06
"ENSG00000286813",18.9204401493383,3.6818179847831,0.908997744090648,5.74874543009413e-06,1.6661892138489e-05,"AC015871.6","15:79894502-79896695","-","lncRNA",3.07261776016619e-06
"ENSG00000136999",21.7093300130428,3.05408064741816,0.752231015424994,5.86719704197935e-06,1.69949646500056e-05,"CCN3","8:119416446-119424434","+","protein_coding",3.13403962665068e-06
"ENSG00000267632",20.8380626318761,3.44338902635724,0.851957992175728,5.96214121067517e-06,1.72595853506463e-05,"AC067852.3","17:42509784-42511519","+","lncRNA",3.18283830195948e-06
"ENSG00000278987",29.8283778934924,2.43138055188429,0.593054982541791,6.16114548234951e-06,1.77963978016694e-05,"AL031009.1","16:1688355-1690536","+","TEC",3.28183182905606e-06
"ENSG00000243649",16.549993030926,5.01007941737598,1.1730909504152,6.38077933098358e-06,1.83903084673254e-05,"CFB","6:31945650-31952084","+","protein_coding",3.39135483185064e-06
"ENSG00000242288",16.748817938019,4.12250579676265,1.00503729546336,6.65100677989165e-06,1.91214141065317e-05,"AC022400.3","10:73674295-73730466","-","lncRNA",3.52617794515082e-06
"ENSG00000273759",15.8935322902438,4.36287889293108,1.06420280784105,6.75835537371371e-06,1.94087482746699e-05,"AL117379.1","20:62928621-62929297","-","lncRNA",3.5791652085892e-06
"ENSG00000277938",48.7687235245246,2.14476190208058,0.522571592337244,6.94349854229554e-06,1.98968812250725e-05,"AL035252.3","20:25229150-25231933","+","lncRNA",3.66918175414496e-06
"ENSG00000260306",15.978485850992,3.99112204526906,0.987427738139159,7.34445514000856e-06,2.09584253876668e-05,"AC092375.2","16:21794095-21795759","-","lncRNA",3.8649410004585e-06
"ENSG00000232300",20.8914935537896,3.21584590130273,0.811505235549275,7.51815909028993e-06,2.14371540226686e-05,"FAM215B","17:46558830-46562795","-","lncRNA",3.95322329720969e-06
"ENSG00000100100",24.6250824562124,2.68092941939927,0.667088101886147,7.55943041120345e-06,2.15378084464541e-05,"PIK3IP1","22:31281593-31292534","-","protein_coding",3.97178496881289e-06
"ENSG00000241388",47.0093175149854,2.41191677478947,0.596772376356936,7.67588905394747e-06,2.18308155470834e-05,"HNF1A-AS1","12:120941728-120980965","-","lncRNA",4.02581837712964e-06
"ENSG00000117425",28.079244503361,2.74983536925772,0.690027564066364,7.67746556836293e-06,2.18309959046788e-05,"PTCH2","1:44819844-44843253","-","protein_coding",4.02585163685466e-06
"ENSG00000279821",36.5491567437501,2.48352173263788,0.620074397446014,8.15711624666446e-06,2.31310678472631e-05,"AC145098.2","5:177476631-177479656","-","TEC",4.26559776575023e-06
"ENSG00000018236",1957.30528358711,2.19759520892968,0.541877419319446,8.18818881874322e-06,2.32119981834217e-05,"CNTN1","12:40692439-41072415","+","protein_coding",4.28052212044837e-06
"ENSG00000127366",19.052021989197,3.26831329656608,0.825355908020223,8.1888737700039e-06,2.32119981834217e-05,"TAS2R5","7:141790217-141791367","+","protein_coding",4.28052212044837e-06
"ENSG00000185070",46.2163180302489,2.03961359804882,0.499247186108468,8.41646989567391e-06,2.37870377384492e-05,"FLRT2","14:85530144-85654428","+","protein_coding",4.38656510373561e-06
"ENSG00000224975",15.4804502143742,4.31705199608415,1.06885795886217,8.6029855995381e-06,2.42761346039773e-05,"INE1","X:47204921-47205865","+","lncRNA",4.47675940477731e-06
"ENSG00000260877",18.2904673276432,3.43364226060866,0.867192900463082,8.95877630252505e-06,2.5225843968156e-05,"AP005233.2","11:69371463-69372512","+","lncRNA",4.6518952077892e-06
"ENSG00000253305",13.6939908121999,5.47673599431129,1.4664777803683,9.68207005887402e-06,2.70932712974078e-05,"PCDHGB6","5:141408021-141512979","+","protein_coding",4.99626728330061e-06
"ENSG00000121005",16.0490533852805,3.4472435696982,0.875829268603677,1.05285456676255e-05,2.93537887714978e-05,"CRISPLD1","8:74984505-75034558","+","protein_coding",5.41312907068492e-06
"ENSG00000242574",76.0294543989098,2.24716902483456,0.565158173521453,1.08056183984325e-05,3.00623722045092e-05,"HLA-DMB","6:32934629-32941028","-","protein_coding",5.54379886633201e-06
"ENSG00000153982",40.7090630721357,2.28393445056806,0.575731849630781,1.12243878793234e-05,3.1161336987277e-05,"GDPD1","17:59220467-59275970","+","protein_coding",5.74645884523857e-06
"ENSG00000103196",25.9062245244398,2.67980738036449,0.682533026874872,1.12269273084055e-05,3.11623907667708e-05,"CRISPLD2","16:84819985-84920768","+","protein_coding",5.74665317260314e-06
"ENSG00000262877",39.9606408075858,4.3746218116199,1.17535319006539,1.16761148138802e-05,3.23407534142184e-05,"AC110285.2","17:81388126-81390319","-","lncRNA",5.96395490330515e-06
"ENSG00000278848",16.0575172702739,4.91904738467636,1.20655463309944,1.17777095194066e-05,3.26033754693013e-05,"TP53TG3F","16:33459045-33462249","+","protein_coding",6.01238500859884e-06
"ENSG00000167968",43.7103131197656,2.25569597402692,0.571595708486962,1.2241050483633e-05,3.38146422320231e-05,"DNASE1L2","16:2235816-2238711","+","protein_coding",6.23575458370494e-06
"ENSG00000271576",40.9021147561796,2.01851147083767,0.506517468443198,1.25968016699555e-05,3.47375104155425e-05,"AL359504.2","1:84076331-84077931","-","lncRNA",6.40594060744133e-06
"ENSG00000278991",13.1513700325213,5.42588373001755,1.47314139876748,1.26663393551901e-05,3.49145814605655e-05,"AC090181.3","15:77063397-77064910","-","TEC",6.43859426005334e-06
"ENSG00000231453",22.4063979643871,3.24066222909055,0.84286969420452,1.349141505545e-05,3.69924242531419e-05,"LINC01305","2:174326027-174330643","+","lncRNA",6.82176902881537e-06
"ENSG00000078399",31.362246897825,2.33889933165671,0.599191100831369,1.35724492255586e-05,3.7172228061192e-05,"HOXA9","7:27162438-27175180","-","protein_coding",6.85492662996705e-06
"ENSG00000117407",15.0625727324005,3.92218267734921,1.00300262090728,1.36608627051789e-05,3.74001759222622e-05,"ARTN","1:43933320-43937240","+","protein_coding",6.89696247082442e-06
"ENSG00000262772",38.1566736322973,2.45355032133422,0.631542297213425,1.3915782991143e-05,3.80619747860117e-05,"LINC01977","17:79819083-79827704","+","lncRNA",7.01900472902132e-06
"ENSG00000279672",62.5790193553041,2.01630649935969,0.511164400591293,1.43915539537054e-05,3.92739437193232e-05,"AP006621.5","11:779617-780755","+","TEC",7.24250379133133e-06
"ENSG00000254632",44.800119549126,2.20673946315564,0.565872396206597,1.47126717822532e-05,4.009717198231e-05,"AP003119.1","11:76759916-76768622","-","lncRNA",7.39431522790166e-06
"ENSG00000279873",14.8163227247097,4.82040826015514,1.1913752090149,1.49455904916912e-05,4.06935232334632e-05,"LINC01126","2:43227210-43228855","+","lncRNA",7.50428829880864e-06
"ENSG00000272145",29.2475695117373,2.70578184612512,0.703139700094598,1.49632389329935e-05,4.07262047397153e-05,"NFYC-AS1","1:40690380-40692066","-","lncRNA",7.51031509190661e-06
"ENSG00000235316",21.6764447982163,2.89129084236845,0.756937173239927,1.57002497853717e-05,4.25955629754311e-05,"DUSP8P5","10:73731824-73733638","+","processed_pseudogene",7.85504324567404e-06
"ENSG00000260589",20.1462048733134,3.30677947464275,0.876674557860737,1.57422062891529e-05,4.27013634780782e-05,"STAM-AS1","10:17641284-17643878","-","lncRNA",7.87455390513371e-06
"ENSG00000124743",18.0835499447241,3.06571518986388,0.800920675152739,1.63745777587294e-05,4.426689299287e-05,"KLHL31","6:53647916-53665756","-","protein_coding",8.16325303673487e-06
"ENSG00000287507",25.0065907434777,2.65078932954064,0.694909893890291,1.63845484538588e-05,4.42855498486839e-05,"AP001053.1","21:43768320-43771666","+","lncRNA",8.16669354553459e-06
"ENSG00000279407",153.521698621101,2.95794538144844,0.790637728585591,1.68288774833546e-05,4.54099577949954e-05,"AC007191.1","19:45714387-45717381","-","TEC",8.37404549552879e-06
"ENSG00000272316",41.5613264074141,2.2982004803437,0.596740598203422,1.75937604028542e-05,4.73057724734216e-05,"AL021368.2","6:57908560-57913911","-","lncRNA",8.72365247908741e-06
"ENSG00000261051",17.6339319417033,3.55731324214501,0.943224708094591,1.80444858956386e-05,4.83914205394561e-05,"AC107021.2","3:146059585-146061679","-","lncRNA",8.92385672367509e-06
"ENSG00000054654",990.335123762261,2.15246603852315,0.558504754142699,1.86354623694102e-05,4.98188717928202e-05,"SYNE2","14:63852983-64226433","+","protein_coding",9.18709285774693e-06
"ENSG00000284747",19.3285011393276,2.99650749580932,0.793045327008152,1.9044734768597e-05,5.08376379724916e-05,"AL034417.4","1:7991134-8005312","+","lncRNA",9.37496342077166e-06
"ENSG00000178623",32.5401648490581,2.42696992786868,0.64040306055786,2.09315243518602e-05,5.54331926117179e-05,"GPR35","2:240605430-240631259","+","protein_coding",1.02224291638539e-05
"ENSG00000142871",1731.78342967461,2.25387555159153,0.595606076867015,2.26626950021124e-05,5.96309530804415e-05,"CCN1","1:85580761-85583950","+","protein_coding",1.09965377261899e-05
"ENSG00000105376",31.2073274996257,2.32607795655226,0.617341129728702,2.35543584918183e-05,6.18457296305651e-05,"ICAM5","19:10289952-10296778","+","protein_coding",1.14049644346422e-05
"ENSG00000242622",41.1546586391409,2.09603075265997,0.55087531455819,2.42337635133527e-05,6.3525570488854e-05,"AC092910.3","3:120094895-120136783","+","lncRNA",1.17147437089605e-05
"ENSG00000183281",27.2973621394067,2.72246484019218,0.733465732553846,2.44048798581836e-05,6.39276700424605e-05,"PLGLB1","2:87002559-87021852","-","protein_coding",1.17888948449478e-05
"ENSG00000214837",40.8990780184431,2.04495419919182,0.535274260845816,2.48075725001553e-05,6.48882625149095e-05,"LINC01347","1:243056307-243101744","-","transcribed_unprocessed_pseudogene",1.19660376008003e-05
"ENSG00000273373",90.7968686503762,5.51834744154217,1.60701232030388,2.56674886317477e-05,6.69917738746121e-05,"AL355488.1","1:110370154-110373003","+","lncRNA",1.23539459073006e-05
"ENSG00000273148",38.9148515223304,2.10380289477087,0.556343490731328,2.59234959492724e-05,6.76110266731928e-05,"LINC00653","20:18794529-18796067","+","lncRNA",1.24681422501371e-05
"ENSG00000170775",43.1032462612878,2.10741550909211,0.556274893213079,2.60005800116034e-05,6.77998135563733e-05,"GPR37","7:124745997-124765627","-","protein_coding",1.25029564192198e-05
"ENSG00000244701",36.6950622425618,2.51178499370412,0.673222668412195,2.6188416119022e-05,6.82649444923666e-05,"AC004918.1","7:141652381-141656810","-","lncRNA",1.25887311657406e-05
"ENSG00000259803",28.4951322844475,2.37379943689255,0.638116011948817,2.76683091834601e-05,7.18758309144693e-05,"SLC22A31","16:89195761-89201651","-","protein_coding",1.32546143474512e-05
"ENSG00000226696",33.7943522646601,2.15934812682035,0.573801995558762,2.82340220757088e-05,7.32399263769016e-05,"LENG8-AS1","19:54444807-54449045","-","lncRNA",1.35061670468442e-05
"ENSG00000280434",13.9756200949159,3.78204867028883,1.02273680561217,3.03948923969144e-05,7.84643956884382e-05,"AL031595.3","22:44139365-44153626","+","lncRNA",1.44696108778716e-05
"ENSG00000159588",16.7278246048838,3.07325384472917,0.840452175352039,3.05139803414022e-05,7.87577295824242e-05,"CCDC17","1:45620044-45624057","-","protein_coding",1.45237045501165e-05
"ENSG00000205041",28.6121835046755,2.52236153868131,0.689647213699487,3.21700894948768e-05,8.2824777164897e-05,"AC118344.1","19:40273489-40275479","-","lncRNA",1.52737083629776e-05
"ENSG00000141505",32.0572846192745,2.10390071271147,0.563648853222929,3.26506475919108e-05,8.39421852202581e-05,"ASGR1","17:7173431-7179564","-","protein_coding",1.54797694638249e-05
"ENSG00000243107",13.3579982319375,4.11499732139345,1.11242193428923,3.69822126141671e-05,9.43887075176373e-05,"AC000120.1","7:92200014-92206857","-","lncRNA",1.74062115315149e-05
"ENSG00000143847",23.3191917188898,2.47192224658144,0.678842710282409,3.72631866141808e-05,9.50553848071784e-05,"PPFIA4","1:203026498-203078740","+","protein_coding",1.75291534196941e-05
"ENSG00000275807",38.7069678512861,2.10556472969912,0.570691871815659,3.75000743768707e-05,9.5642756427345e-05,"AC145285.6","16:28822431-28823969","-","lncRNA",1.76374705578043e-05
"ENSG00000249007",103.019569023594,4.88512892415488,1.48743157705972,4.03170013513116e-05,0.0001022668241028,"AL691482.3","1:202011370-202015657","+","lncRNA",1.8859014174518e-05
"ENSG00000261220",27.2078313642131,2.4812774454755,0.694501621796538,4.38648005453178e-05,0.000110624251401476,"AC103706.1","8:133573183-133573861","+","lncRNA",2.0400206455309e-05
"ENSG00000146411",19.8240720186538,2.74518858872646,0.769284827716545,4.46605426092806e-05,0.000112356113124098,"SLC2A12","6:133988697-134052636","-","protein_coding",2.07195788916956e-05
"ENSG00000287424",28.9546768361614,2.28491937107543,0.632100120898049,4.50579075249383e-05,0.000113257053966866,"AC080079.2","4:165647636-165757667","-","lncRNA",2.08857212968521e-05
"ENSG00000165269",14.237585528098,3.49579075054855,0.980903365185327,4.63778174544271e-05,0.000116311341948979,"AQP7","9:33383179-33402682","-","protein_coding",2.14489622193416e-05
"ENSG00000090339",20.3904215117923,2.54290003114924,0.711553087268603,4.68602624526219e-05,0.00011743961554046,"ICAM1","19:10271093-10286615","+","protein_coding",2.16570270325512e-05
"ENSG00000279500",13.0029047664709,4.55546990679104,1.23286970816343,4.7476023926178e-05,0.000118838319432147,"AC108704.2","12:128813186-128814750","-","TEC",2.19149618687084e-05
"ENSG00000279608",12.5854324015066,3.98802075717161,1.10819641496506,5.0216187321084e-05,0.000125068039128017,"AL353795.3","9:35038625-35044326","-","TEC",2.30637838163772e-05
"ENSG00000015568",880.344185469669,2.09251885155705,0.57979790899668,5.04827984220195e-05,0.000125710358238332,"RGPD5","2:109792758-109857705","+","protein_coding",2.31822338153116e-05
"ENSG00000244242",23.4138066552113,2.68891514261938,0.767528369796666,5.06074731211007e-05,0.000125977333021263,"IFITM10","11:1732406-1750595","-","protein_coding",2.32314666066856e-05
"ENSG00000100060",39.0715656109192,2.29368839415441,0.641835703628321,5.21899851207118e-05,0.000129514465999592,"MFNG","22:37469063-37486401","-","protein_coding",2.38837489236608e-05
"ENSG00000235381",19.2585290047658,2.5732855824382,0.726303813551346,5.30589035539772e-05,0.000131512430935713,"AL596202.1","6:155253139-155256724","-","lncRNA",2.42521934253948e-05
"ENSG00000203392",25.0761626021642,2.39969080731684,0.676027738743826,5.33396099482238e-05,0.000132117406409094,"AC105020.1","15:75678548-75680752","+","lncRNA",2.43637568882073e-05
"ENSG00000170160",207.629811291013,3.27853611771844,0.972322765673074,5.38296489329948e-05,0.000133239693739106,"CCDC144A","17:16689537-16777881","+","protein_coding",2.45707177755748e-05
"ENSG00000279283",13.9544472730469,3.41432498406675,0.977525658636267,5.52696838089087e-05,0.000136616583518063,"AC131009.4","12:131896500-131898239","+","TEC",2.51934496611678e-05
"ENSG00000263786",10.3599476865496,4.99203531757693,1.51360578574476,5.91273790132286e-05,0.000145503978236886,"AC022211.1","17:75145261-75146546","-","lncRNA",2.68323731776381e-05
"ENSG00000080493",58.3069979984484,2.0558370354713,0.573913430279251,5.92797371838075e-05,0.000145804304140466,"SLC4A4","4:71062667-71572087","+","protein_coding",2.68877562456299e-05
"ENSG00000265413",12.8662102828341,3.98970199276576,1.1309149909796,5.93245993979243e-05,0.000145864914811393,"AP001094.2","18:8402847-8405161","+","lncRNA",2.68989334530201e-05
"ENSG00000276248",24.8546061156771,2.3337829087948,0.659875272870284,6.0363200526599e-05,0.000148241745906003,"AL442125.1","13:113527260-113530621","+","lncRNA",2.73372446228149e-05
"ENSG00000279432",14.5225555521465,3.26204877435341,0.936924906602681,6.08930049083666e-05,0.000149517405517004,"AC015799.1","17:2639297-2642418","+","TEC",2.75724888762351e-05
"ENSG00000272905",14.5074334161568,3.21768231070027,0.930453105373093,6.17836952871049e-05,0.000151601216939175,"AC018648.1","7:32845394-32846061","+","lncRNA",2.7956764319347e-05
"ENSG00000230650",380.023927807571,2.34592794616911,0.672572292648479,6.47881542766366e-05,0.000158434489814121,"AC140479.2","2:110360608-110363737","-","processed_pseudogene",2.92168874446864e-05
"ENSG00000113211",21.91187529444,2.35718501307231,0.675665431587465,7.05076920934759e-05,0.000171462157681556,"PCDHB6","5:141150022-141153287","+","protein_coding",3.16193182928948e-05
"ENSG00000204642",31.9671665471243,2.01917344779449,0.568009550490242,7.07886609783394e-05,0.000172087413748186,"HLA-F","6:29722775-29738528","+","protein_coding",3.17346216977548e-05
"ENSG00000154874",48.209380694075,2.15461476740931,0.61498323249494,7.16517936072241e-05,0.000173980491108218,"CCDC144B","17:18537800-18625617","-","transcribed_unprocessed_pseudogene",3.2083723892719e-05
"ENSG00000271895",45.7021699954907,3.68100543255579,1.12412472261801,7.21139753566188e-05,0.00017504381501435,"AL109811.2","1:11029659-11030528","+","lncRNA",3.22798113413494e-05
"ENSG00000167371",20.1463924218354,2.53683484591331,0.737025998003246,7.78850993685528e-05,0.000188134306661557,"PRRT2","16:29811382-29815892","+","protein_coding",3.46938275161152e-05
"ENSG00000204257",61.9101181624073,2.02099829813248,0.575577985113323,7.96236569086571e-05,0.000191980301115993,"HLA-DMA","6:32948613-32969094","-","protein_coding",3.54030669451057e-05
"ENSG00000279520",18.3719452168836,3.08375790758747,0.92772124700772,8.26048770559686e-05,0.000198571004025911,"AC093525.8","16:2516658-2517999","+","TEC",3.66184577689492e-05
"ENSG00000280287",30.9311179038406,2.01674394649546,0.577927273436395,8.67306774160213e-05,0.000207865484013016,"AC131212.3","12:132550729-132554947","+","TEC",3.83324518365209e-05
"ENSG00000260197",23.8653751016033,2.43091573131172,0.710131674944094,8.67789851731076e-05,0.000207912188322417,"AC010889.1","Y:19691941-19694606","-","lncRNA",3.83410645732587e-05
"ENSG00000171564",238.219751779346,2.33321336869869,0.688234171610365,9.1300619248179e-05,0.000218201976894604,"FGB","4:154562956-154571086","+","protein_coding",4.02386033913275e-05
"ENSG00000276337",13.7131820116017,3.3188514366523,1.00668918142138,0.000100559056590018,0.000238550816915616,"AC105429.1","16:87470370-87474370","-","lncRNA",4.39911308190443e-05
"ENSG00000213901",16.6088422802683,2.87154352187856,0.860229310872907,0.000100744736379482,0.000238912731177377,"SLC23A3","2:219161465-219170095","-","protein_coding",4.40578713896291e-05
"ENSG00000165323",31.6549430046792,2.19903722684874,0.64464262975629,0.000102370684212901,0.000242410016711594,"FAT3","11:92352096-92896470","+","protein_coding",4.47028054436664e-05
"ENSG00000284773",38.3330740929511,2.02598891755186,0.589385382011275,0.000105649320068455,0.00024951847928428,"AC114490.3","1:34974356-34985313","-","protein_coding",4.60136762719474e-05
"ENSG00000270012",65.4289184667371,3.22965027605137,1.01964661226319,0.000108794059997126,0.000256399983279734,"AC232271.1","X:49273054-49275768","+","lncRNA",4.72826936930989e-05
"ENSG00000272356",29.5382977594894,2.10040181669767,0.615508412080479,0.000112170114078968,0.000263925376048818,"AL080317.3","6:111309203-111313517","+","lncRNA",4.86704505746298e-05
"ENSG00000127507",21.1304516982199,2.3536229026557,0.707217888423452,0.000121563180581032,0.000284558974077123,"ADGRE2","19:14732392-14778560","-","protein_coding",5.24754901962372e-05
"ENSG00000285804",15.5182045657781,2.87006679881355,0.880862208725431,0.000124099068242526,0.000290006698510393,"AC025774.1","5:72087782-72108000","-","lncRNA",5.34801044805591e-05
"ENSG00000086548",148.137904100248,2.62265843451149,0.811819522935093,0.000128534275317589,0.000299256498996639,"CEACAM6","19:41750977-41772211","+","protein_coding",5.51858592061212e-05
"ENSG00000071991",12.4177805472344,3.22319609930376,0.988693600394158,0.00013321498487646,0.000309255961672979,"CDH19","18:66501083-66604138","-","protein_coding",5.70298590565623e-05
"ENSG00000280388",12.4334632126918,3.22270857701787,0.989180573963448,0.000133692540372864,0.000310264753498421,"AC006330.1","7:76043977-76045963","-","TEC",5.72158902499826e-05
"ENSG00000128510",66.794971043732,2.85294403651811,0.905145284178749,0.00013429404748116,0.000311460298514415,"CPA4","7:130293134-130324180","+","protein_coding",5.7436360579444e-05
"ENSG00000280145",39.4110980080643,2.33143399547795,0.711296030892252,0.000144877414003936,0.000334446612679806,"CU638689.4","21:6630182-6670695","-","lncRNA",6.16752643340896e-05
"ENSG00000125848",257.802442226863,2.05764016467716,0.619697017805136,0.000149601645004044,0.000344525544152969,"FLRT3","20:14322985-14337614","-","protein_coding",6.35339190169152e-05
"ENSG00000206561",23.4208898967206,2.34743174134215,0.722011426872448,0.00015872850887241,0.000364323087179626,"COLQ","3:15450133-15521751","-","protein_coding",6.71847818244376e-05
"ENSG00000271833",11.667013996616,3.41367169977777,1.06761564651073,0.00016613272901945,0.000380108311812976,"AL445222.1","9:127366770-127367397","+","lncRNA",7.00957334230623e-05
"ENSG00000204941",15.7294267647284,2.62507542203575,0.815986683986592,0.000169350179336859,0.00038716279313456,"PSG5","19:43166256-43186536","-","protein_coding",7.13966495745591e-05
"ENSG00000143127",50.0625958952206,2.0041064729027,0.607909887905038,0.000171189860014042,0.000390996881475795,"ITGA10","1:145891208-145910111","-","protein_coding",7.21036933984782e-05
"ENSG00000261584",15.6552387587175,2.58248912576618,0.811642126252239,0.000186364339960585,0.00042304353318932,"AL513548.1","6:26686241-26687964","+","lncRNA",7.8013413038385e-05
"ENSG00000128917",30.2120730846441,2.04300123284446,0.62661123041958,0.00018648247580476,0.000423245109471618,"DLL4","15:40929340-40939073","+","protein_coding",7.8050585699201e-05
"ENSG00000079112",121.827247229243,2.40160015817362,0.766501842020664,0.000207872169929289,0.000468182901614078,"CDH17","8:94127162-94217303","-","protein_coding",8.63375591768784e-05
"ENSG00000205885",191.537908564752,2.06963875177889,0.64284255836235,0.000208661752899019,0.000469594723261121,"C1RL-AS1","12:7108052-7122501","+","lncRNA",8.65979130569082e-05
"ENSG00000263069",17.7989122694124,2.55081383986191,0.809648897679437,0.000213137434122704,0.000479069465574447,"AC124319.3","17:80351828-80415168","-","lncRNA",8.83451492809186e-05
"ENSG00000273002",24.193976562904,2.5815767871992,0.827257512278688,0.000213716489651274,0.000480296185777038,"AL355388.2","1:155978799-155982986","+","lncRNA",8.85713686232301e-05
"ENSG00000163395",17.8509755805554,2.48858816323662,0.79406688210083,0.000216811096333421,0.000486720164602241,"IGFN1","1:201190825-201228952","+","protein_coding",8.97560138763138e-05
"ENSG00000117480",18.1343818090143,2.33282626153245,0.73454521385859,0.000217740754118529,0.00048850312555157,"FAAH","1:46394317-46413848","+","protein_coding",9.00848095156718e-05
"ENSG00000278570",21.6428347277513,2.39654723877207,0.764085112008582,0.000228632732199461,0.000511111413104095,"NR2E3","15:71792638-71818259","+","protein_coding",9.42540014227761e-05
"ENSG00000127364",16.9117003528467,2.8257538679523,0.919571518158732,0.000229289667529937,0.000512341849639451,"TAS2R4","7:141778442-141780819","+","protein_coding",9.44809060936183e-05
"ENSG00000279196",18.8186380293713,2.37669468202906,0.757333503420771,0.000234778351279859,0.000523794967104654,"AC135048.4","16:30984630-30988270","-","TEC",9.65929742693306e-05
"ENSG00000272720",16.4599228298726,2.84680482941362,0.923316778033114,0.000237193576879429,0.0005287745561212,"AL022322.1","22:38090127-38091559","+","lncRNA",9.75112597511591e-05
"ENSG00000280042",13.0783731372014,2.82617859130748,0.916605023139063,0.000250574043578648,0.000556625450462315,"AC022336.3","3:124791119-124793104","-","TEC",0.000102647240219508
"ENSG00000266896",14.6229529853775,2.66368451217178,0.862087124499238,0.000259059961786702,0.000573709459502461,"AL354892.3","6:169770413-169772042","+","lncRNA",0.00010579770051269
"ENSG00000278224",28.3617368598783,2.02855086255492,0.639906395257797,0.000263440352446669,0.000582605365588678,"PRICKLE4","6:41780762-41787372","+","protein_coding",0.000107438193609518
"ENSG00000261770",10.8672311887874,3.30492784216765,1.08855726363921,0.000294559914278192,0.000645883046079902,"AC006504.1","19:27757184-27760849","-","lncRNA",0.000119107223950336
"ENSG00000287569",14.9348690492667,2.82706313602374,0.938895915181138,0.000296657725307273,0.000650186489553902,"AL078587.2","20:26009792-26011243","+","lncRNA",0.000119900821504454
"ENSG00000278989",18.30138263609,2.40284037239131,0.79012357184549,0.000307393159910325,0.000671878277713403,"AP001148.1","11:86434924-86437282","-","TEC",0.000123901001855801
"ENSG00000270127",18.1789191748625,2.22394206820305,0.722043140688257,0.000319526646511097,0.000696920703834031,"AC027020.2","15:100547765-100550153","-","lncRNA",0.000128519072997802
"ENSG00000271971",22.2527304860063,2.12488457469475,0.686731877977816,0.000325067855451759,0.000708150236819866,"AC120053.1","8:93715378-93716113","-","lncRNA",0.000130589909983413
"ENSG00000021645",15.9447116328101,2.34310131187186,0.767981708826837,0.000328735334830886,0.000715275736833061,"NRXN3","14:78170373-79868290","+","protein_coding",0.00013190392268429
"ENSG00000123999",14.8769056598781,2.84108573303793,0.954812857392913,0.000338390400325187,0.0007345113127564,"INHA","2:219569162-219575711","+","protein_coding",0.000135451153197957
"ENSG00000260233",24.7689896498708,2.04790558644692,0.666186543187882,0.000356865964953123,0.000772059100666316,"SSSCA1-AS1","11:65568482-65570423","-","lncRNA",0.000142375336779752
"ENSG00000137673",218.755357407549,2.09768106541805,0.694200128258,0.000380917084268707,0.000820524289613153,"MMP7","11:102520508-102530750","-","protein_coding",0.000151312797127599
"ENSG00000055955",19.0425888882389,2.25826428641623,0.752144918725968,0.000383307586524942,0.000824688615923333,"ITIH4","3:52812975-52830739","-","protein_coding",0.000152080740100308
"ENSG00000273036",106.335594288888,3.57000785143317,1.33633525460928,0.000392671884781741,0.000843075885956988,"AL390726.4","9:38540567-38542792","-","transcribed_processed_pseudogene",0.000155471534614928
"ENSG00000185615",12.6305946721516,2.90178998978537,1.00011339693817,0.000397317118633513,0.000852288341903705,"PDIA2","16:283152-287215","+","protein_coding",0.000157170402637921
"ENSG00000215912",11.0929975608508,3.25680452526122,1.14285784430422,0.000464962965799671,0.00098639695200083,"TTC34","1:2635976-2801717","-","protein_coding",0.00018190135718682
"ENSG00000287037",16.9606110817503,2.31533212634001,0.79347060286218,0.000500547753483679,0.00105660614297915,"AC097709.1","4:73997933-74007682","+","lncRNA",0.000194848626640604
"ENSG00000126759",11.1729057809894,3.02550827275683,1.06575938151808,0.00052901680533583,0.00111214548555812,"CFP","X:47623172-47630305","-","protein_coding",0.000205090630908647
"ENSG00000286835",21.682974513318,2.15154221852469,0.743602430609127,0.00054635543543367,0.00114675825173654,"AL133477.2","9:96416724-96417377","-","lncRNA",0.000211473567444566
"ENSG00000287539",22.0426195968315,2.00655516664657,0.679215873928141,0.000550948829970907,0.00115522303717777,"AC022966.3","17:78845345-78846686","+","lncRNA",0.000213034557629026
"ENSG00000232303",13.4594840764309,2.63199212053316,0.929930155572748,0.000557999630173512,0.00116881804067123,"DFFBP1","9:32566148-32567126","-","processed_pseudogene",0.000215541610779792
"ENSG00000279744",13.438343836142,2.76777498326211,0.991606501887074,0.00056333585305614,0.00117931074983952,"AC132938.5","17:82462601-82464255","+","TEC",0.000217476570163444
"ENSG00000257681",14.9358145642945,2.5074126697802,0.880932944904576,0.000572306907318203,0.00119618195839302,"AC025265.1","12:103746315-103768858","-","lncRNA",0.000220587787941478
"ENSG00000100197",16.4717901423108,2.24482507797627,0.780502403564177,0.000588825118071047,0.00122821581661545,"CYP2D6","22:42126499-42130881","-","protein_coding",0.00022649514833505
"ENSG00000157306",71.4517424165406,2.59516590929885,0.9617533943356,0.000645009652372775,0.00133690551133952,"ZFHX2-AS1","14:23511760-23560778","+","lncRNA",0.000246538603398882
"ENSG00000179954",22.4446045860429,2.12215341851507,0.738485440173081,0.000645335063490072,0.00133738786211358,"SSC5D","19:55488404-55519099","+","protein_coding",0.000246627553653912
"ENSG00000146530",18.1591027561402,2.28543600022836,0.809732699402378,0.000663088524237943,0.00137078137862643,"VWDE","7:12330885-12403941","-","protein_coding",0.000252785648488457
"ENSG00000092758",16.3135345200749,2.23864492523098,0.79167036849623,0.000690274087555429,0.0014225502835666,"COL9A3","20:62816244-62841159","+","protein_coding",0.00026233234675186
"ENSG00000245970",14.7556784866376,2.32378000944557,0.83922070254727,0.000787985110353326,0.00160897950356323,"AP003352.1","8:98041726-98044121","+","lncRNA",0.000296711739417136
"ENSG00000137877",14.367422037509,2.25817946747251,0.81384296873242,0.00079432071613185,0.00162122779634324,"SPTBN5","15:41848146-41894053","-","protein_coding",0.000298970445788222
"ENSG00000197580",18.3736740708901,2.23025826047123,0.811429728911673,0.000809069431077314,0.00164946357942398,"BCO2","11:112175467-112224699","+","protein_coding",0.00030417740354818
"ENSG00000235370",19.4618033597641,2.32141624117647,0.854557663097435,0.000832076083719245,0.00169254105962234,"DNM1P51","15:84398316-84411701","-","transcribed_unprocessed_pseudogene",0.000312121317097767
"ENSG00000170345",1540.76354337002,2.01102521444425,0.722653862140969,0.000878563831948501,0.00177932607627077,"FOS","14:75278826-75282230","+","protein_coding",0.000328125332803421
"ENSG00000242338",13.7045728056249,2.54046666557264,0.961834363484321,0.000904837383864795,0.00182791847863361,"BMS1P4","10:73715843-73730469","-","transcribed_unprocessed_pseudogene",0.000337086252563807
"ENSG00000286681",15.85969516531,2.15429579065028,0.785314191447874,0.000918098086354049,0.00185237298138949,"AF235103.3","8:144854875-144869489","-","lncRNA",0.000341595904820537
"ENSG00000156869",22.4097486889157,2.05069035210047,0.748051293968787,0.000973626556804413,0.00195538473852646,"FRRS1","1:99708632-99766631","-","protein_coding",0.000360592292016793
"ENSG00000069696",15.6094423550395,2.1281623343931,0.782907652941694,0.00100986464218929,0.00202084979993163,"DRD4","11:637293-640706","+","protein_coding",0.000372664697039704
"ENSG00000187243",217.810197164145,2.2218874770723,0.844331482485641,0.00106828579186459,0.00212772327512732,"MAGED4B","X:52061827-52069248","-","protein_coding",0.000392373223253146
"ENSG00000257527",16.9546545756031,2.2292768161306,0.843563993877953,0.00112405503099327,0.00222958584684288,"AC126755.2","16:18411309-18411851","-","lncRNA",0.000411157689287856
"ENSG00000285596",16.7302486310048,2.19429749929669,0.856993928256855,0.00144455598457456,0.00281231328369204,"AC017116.2","7:44011882-44038978","-","lncRNA",0.000518618394045559
"ENSG00000114786",21.865500577052,2.06340915896649,0.805304556620641,0.00150932388569385,0.00292892064866051,"ABHD14A-ACY1","3:51974706-51989183","+","protein_coding",0.000540121945838494
"ENSG00000007402",15.3142753046494,2.10006863690681,0.815997800990719,0.00155971281225979,0.00301777342836051,"CACNA2D2","3:50362799-50504244","-","protein_coding",0.00055650727750894
"ENSG00000261247",42.8604005686787,2.94895504558648,1.31102378392292,0.00157241889424127,0.00303991153773457,"GOLGA8T","15:30135149-30145567","+","protein_coding",0.000560589763908076
"ENSG00000266820",41.5584496696093,2.93020063709678,1.31502434404531,0.00164581069643312,0.00317075133237243,"KPNA2P3","17:64749918-64758603","-","transcribed_unprocessed_pseudogene",0.000584717916545201
"ENSG00000276115",15.5296105632594,2.0763167711764,0.814932074084357,0.00165132742220213,0.00318095487951032,"AC026356.2","12:32352349-32354144","+","lncRNA",0.000586599551589529
"ENSG00000117983",393.184908757997,2.28491950854642,0.947364525106944,0.00176537867616325,0.00338393563699792,"MUC5B","11:1223066-1262172","+","protein_coding",0.000624031211526138
"ENSG00000242588",91.1760338569274,2.08436168879948,0.883768009335569,0.00243162392063181,0.00455866293228635,"AC108010.1","7:128574751-128626473","+","lncRNA",0.000840662547322468
"ENSG00000205755",13.135189641302,2.04467634041374,0.847412895449853,0.00246223076566597,0.00461184804453181,"CRLF2","X:1187549-1212750","-","protein_coding",0.000850470408224672
"ENSG00000047457",106.719124574628,2.21060513905479,0.969221016417374,0.00255164339728693,0.00476386011077326,"CP","3:149162410-149221829","-","protein_coding",0.00087850293722023
"ENSG00000274628",14.3344514341886,2.20286040239967,0.970181431607776,0.00308277493214069,0.00566963374390388,"AL669942.1","9:66047084-66055006","-","transcribed_unprocessed_pseudogene",0.00104553655673445
"ENSG00000233327",63.6601738308712,3.47278709417408,2.6243447879265,0.00368430789920141,0.00668344666708802,"USP32P2","17:18511262-18525930","-","transcribed_unprocessed_pseudogene",0.00123249369025627
"ENSG00000275395",255.873025235424,2.12756962096998,1.000707768287,0.00386607254952578,0.00698555976763407,"FCGBP","19:39863323-39934626","-","protein_coding",0.00128820633505081
"ENSG00000226232",33.7428495801576,3.18699327983832,2.10087898050245,0.00407212770438974,0.00732793637398358,"NPIPB14P","16:69976388-69996188","-","transcribed_unprocessed_pseudogene",0.00135134396867556
"ENSG00000272990",12.5579206580636,2.02829016084703,0.924525035712533,0.00409169608799688,0.00735730198873617,"AC084036.1","3:156523740-156524247","-","lncRNA",0.00135675927857416
"ENSG00000261408",166.063773554448,2.3150424643986,1.19060063211518,0.00450688361203912,0.00804370568462399,"TEN1-CDK3","17:75979231-76005999","+","protein_coding",0.00148333891125326
