"gene_id","baseMean","log2FoldChange","lfcSE","pvalue","padj","GeneSymbol","Chromosome","Strand","Class","qvalue"
"ENSG00000173209",3205.63657330524,4.94701158737925,0.283079633104602,1.59233500875682e-69,2.30108332115448e-65,"AHSA2P","2:61177418-61191203","+","transcribed_unitary_pseudogene",6.10437127435879e-66
"ENSG00000228526",558.211673276615,6.5806775995867,0.383703866514018,4.06523042359801e-67,2.93733224257075e-63,"MIR34AHG","1:9148011-9198906","-","lncRNA",7.79222829523651e-64
"ENSG00000245532",19366.2275638439,4.97672571764115,0.299144465862475,3.80125176677388e-63,1.83106297605498e-59,"NEAT1","11:65422774-65445540","+","lncRNA",4.85748957015778e-60
"ENSG00000213903",1116.68695309866,4.80093112296681,0.297687739383531,1.12296776483615e-59,4.0570017924118e-56,"LTB4R","14:24311450-24318036","+","protein_coding",1.07625156264205e-56
"ENSG00000261786",1126.53577565534,5.87076662297812,0.366426889828293,4.32705054801382e-59,1.25060414938695e-55,"AC006058.1","3:44117299-44122365","+","lncRNA",3.31763390526923e-56
"ENSG00000250067",382.074317318415,5.28438182432247,0.34340005485728,1.83095179714369e-54,4.40984740342057e-51,"YJEFN3","19:19528861-19537581","+","protein_coding",1.16985532710917e-51
"ENSG00000232931",330.819017761068,5.77084378459199,0.390558739579207,4.16231950746929e-50,8.59281131463411e-47,"LINC00342","2:95807052-95835003","-","lncRNA",2.27952243505555e-47
"ENSG00000262580",324.908160723646,5.53937655476035,0.37938373480236,2.51384060348963e-49,4.54093882012858e-46,"AC087741.1","17:80200673-80205949","-","lncRNA",1.2046315853659e-46
"ENSG00000251562",24174.5373501173,5.79143051088444,0.397600746002221,3.4488338640067e-49,5.53767757430676e-46,"MALAT1","11:65497688-65506516","+","lncRNA",1.46904893014909e-46
"ENSG00000073605",407.204839335636,4.54230835536635,0.314547582773129,2.54406157808904e-48,3.67642338649648e-45,"GSDMB","17:39904595-39919854","-","protein_coding",9.75290773115092e-46
"ENSG00000264112",2362.42675018835,5.29291512374163,0.367477090186778,2.97302315033778e-48,3.9057415950483e-45,"AC015813.1","17:57989039-57994850","-","lncRNA",1.0361248799074e-45
"ENSG00000088340",313.445166175259,4.97001594410712,0.346344221922468,1.11148298141732e-47,1.25397192240531e-44,"FER1L4","20:35558737-35607562","-","transcribed_unitary_pseudogene",3.32656801759921e-45
"ENSG00000115414",2901.71043892868,3.85498601733761,0.268787608981436,1.1280627632184e-47,1.25397192240531e-44,"FN1","2:215360440-215436073","-","protein_coding",3.32656801759921e-45
"ENSG00000172037",2488.34181065109,4.46950359431429,0.312348570139758,1.4351173372522e-47,1.48134861718796e-44,"LAMB2","3:49121114-49133118","-","protein_coding",3.92975858933109e-45
"ENSG00000005206",901.877737739572,4.26804656496706,0.299846884855311,4.39375702995763e-47,4.23294552266118e-44,"SPPL2B","19:2328615-2355095","+","protein_coding",1.12292635459609e-44
"ENSG00000158286",650.96300767158,4.57326268572104,0.3247109836021,3.05875955934511e-46,2.76263339950601e-43,"RNF207","1:6205475-6221299","+","protein_coding",7.32878284349466e-44
"ENSG00000114270",3166.47355472091,4.59345892788337,0.329553899215256,2.64868615172506e-45,2.12645353214327e-42,"COL7A1","3:48564073-48595267","-","protein_coding",5.64110901093387e-43
"ENSG00000121716",2333.87345732047,4.01320994635438,0.287694832910814,2.61762035947723e-45,2.12645353214327e-42,"PILRB","7:100352176-100367733","+","protein_coding",5.64110901093387e-43
"ENSG00000101104",756.682522482007,4.52612017671227,0.325961351333935,4.84913822909296e-45,3.51847044406959e-42,"PABPC1L","20:44910062-44959035","+","protein_coding",9.33388622263493e-43
"ENSG00000160781",251.339444332131,5.91628982604793,0.425266342822107,4.869518295024e-45,3.51847044406959e-42,"PAQR6","1:156243320-156248117","-","protein_coding",9.33388622263493e-43
"ENSG00000188933",852.911875288569,4.16438847058081,0.2999214866105,6.33592512413066e-45,4.36002161756249e-42,"USP32P1","17:16786489-16804455","+","transcribed_unprocessed_pseudogene",1.15663741826083e-42
"ENSG00000188153",838.791679768491,4.44344252836824,0.32255898933662,2.85283192870053e-44,1.87392155462052e-41,"COL4A5","X:108439844-108697545","+","protein_coding",4.97118587721896e-42
"ENSG00000198804",272848.189997742,3.96224714671129,0.289152839646995,9.15787512909008e-44,5.75393276045569e-41,"MT-CO1","MT:5904-7445","+","protein_coding",1.52641764575024e-41
"ENSG00000167524",483.218876287918,4.43597072552318,0.325065029769401,1.89446860627632e-43,1.14070690955413e-40,"RSKR","17:28607964-28614200","-","protein_coding",3.0260957641687e-41
"ENSG00000215252",2346.85406867154,4.14931247886096,0.304688992014565,2.50399371709738e-43,1.44740852823097e-40,"GOLGA8B","15:34525207-34588503","-","protein_coding",3.83972147412818e-41
"ENSG00000198786",22386.2718007045,4.03230028699908,0.298849252044167,1.12030803431747e-42,6.22675823227758e-40,"MT-ND5","MT:12337-14148","+","protein_coding",1.65184996718946e-40
"ENSG00000110719",2333.65592507265,4.08776166566495,0.303846766182748,2.41634460676437e-42,1.29328133008711e-39,"TCIRG1","11:68039025-68050895","+","protein_coding",3.43084899554503e-40
"ENSG00000230590",1368.31647618392,4.82622161516983,0.359996149153898,3.61103669882911e-42,1.86368183338498e-39,"FTX","X:73940435-74293574","-","lncRNA",4.94402168911981e-40
"ENSG00000167615",7360.21724546318,3.64797255602521,0.273108722769563,7.932308046689e-42,3.82099278609009e-39,"LENG8","19:54448887-54462037","+","protein_coding",1.01364250431567e-39
"ENSG00000198695",4431.55511781642,4.38421161341639,0.328503887907339,7.83109486695159e-42,3.82099278609009e-39,"MT-ND6","MT:14149-14673","-","protein_coding",1.01364250431567e-39
"ENSG00000214021",457.872832850888,4.38664874311834,0.335715404877319,3.21729806898524e-40,1.49977981919051e-37,"TTLL3","3:9808086-9855138","+","protein_coding",3.97865334208597e-38
"ENSG00000213599",1048.15097914483,4.33565448054591,0.333975012013742,1.40935214437067e-39,6.36454619946894e-37,"SLX1A-SULT1A3","16:30193892-30204310","+","lncRNA",1.68840270307445e-37
"ENSG00000230606",233.58678004583,5.77868422859851,0.447124767387213,1.64555737561561e-39,7.2060453439458e-37,"AC092683.1","2:97416165-97433527","-","lncRNA",1.91163769668454e-37
"ENSG00000277701",253.774889548023,5.39265289732643,0.417993239693226,2.41492670320977e-39,1.02641487612013e-36,"AC159540.2","2:97281356-97291849","+","lncRNA",2.72289900489945e-37
"ENSG00000108797",359.27268942764,4.16963349120994,0.323085858778317,3.11760090999779e-39,1.28721287858223e-36,"CNTNAP1","17:42682531-42699993","+","protein_coding",3.41475045591126e-37
"ENSG00000108846",12229.8786787409,3.78150582486301,0.29311253205749,4.04779926600046e-39,1.62485408869369e-36,"ABCC3","17:50634777-50692253","+","protein_coding",4.31045348634739e-37
"ENSG00000138834",2640.081113455,4.03558335486404,0.317165067979179,3.6177734026234e-38,1.41298495787326e-35,"MAPK8IP3","16:1706183-1770317","+","protein_coding",3.74840176739674e-36
"ENSG00000101115",361.769673083982,4.35627729035272,0.343335835676281,4.16872681246798e-38,1.58532292544671e-35,"SALL4","20:51782331-51802521","-","protein_coding",4.20558422970275e-36
"ENSG00000102287",729.149554702583,4.54084561836339,0.358138455730334,4.56655183439166e-38,1.69208309125112e-35,"GABRE","X:151953124-151974680","-","protein_coding",4.4888002625126e-36
"ENSG00000175265",690.541364337556,5.00306139638189,0.396818497349604,1.39457786599908e-37,5.03826118538819e-35,"GOLGA8A","15:34379068-34437466","-","protein_coding",1.33656250384581e-35
"ENSG00000244257",518.875147652609,5.13194501791318,0.408631217618662,1.77715194870014e-37,6.26381044162579e-35,"PKD1P1","16:16310341-16334190","+","unprocessed_pseudogene",1.66167926977565e-35
"ENSG00000225138",191.746465338468,5.03940884756059,0.402720206340852,5.42563764821788e-37,1.86680689653325e-34,"SLC9A3-AS1","5:473236-480884","+","lncRNA",4.95231193464786e-35
"ENSG00000023839",18611.3855465752,3.69587554496445,0.296331355182187,7.52441561646096e-37,2.52872860635994e-34,"ABCC2","10:99782640-99852594","+","protein_coding",6.70827436946889e-35
"ENSG00000135473",1176.45620270141,3.69324348681809,0.295900083355002,8.4800801899573e-37,2.78512815511529e-34,"PAN2","12:56316223-56334053","-","protein_coding",7.38845749269256e-35
"ENSG00000246922",178.20044345634,4.92750207327436,0.396228977971747,1.37992620444737e-36,4.431403017882e-34,"UBAP1L","15:65092770-65115197","-","protein_coding",1.17557365432096e-34
"ENSG00000143630",294.874018202565,4.20635865392339,0.338424172957455,1.41121807421924e-36,4.43337225881352e-34,"HCN3","1:155277463-155289848","+","protein_coding",1.17609605947092e-34
"ENSG00000179532",565.935422596136,4.3016430222858,0.34750392554924,2.44421267237635e-36,7.51517389968312e-34,"DNHD1","11:6497260-6593758","+","protein_coding",1.99364409160205e-34
"ENSG00000261326",172.166777062689,6.17354337192738,0.494473327130235,2.70667172971153e-36,8.14877357626278e-34,"LINC01355","1:23281307-23287488","-","lncRNA",2.16172699540648e-34
"ENSG00000154529",2576.63594108849,3.57525331206664,0.288580324597025,3.1372671379953e-36,9.25237702268778e-34,"CNTNAP3B","9:41890314-42129510","-","protein_coding",2.45449367250622e-34
"ENSG00000266086",1026.01698904209,4.43353994078023,0.359181358816085,3.44940533155652e-36,9.96947128926465e-34,"AC015813.2","17:57989038-58007246","-","protein_coding",2.6447262295656e-34
"ENSG00000102878",240.198404463293,4.24580912277097,0.344370250839493,6.30476864932175e-36,1.78647474022252e-33,"HSF4","16:67164681-67169945","+","protein_coding",4.73920478512296e-34
"ENSG00000168970",203.90441676658,4.9806510023634,0.404340291744141,6.68347433537861e-36,1.85736322347224e-33,"JMJD7-PLA2G4B","15:41828095-41848155","+","protein_coding",4.92725952301716e-34
"ENSG00000214548",900.542647563628,4.76917811927892,0.389419170294792,1.06227483346687e-35,2.89640256951504e-33,"MEG3","14:100779410-100861031","+","lncRNA",7.68364903686146e-34
"ENSG00000139631",322.277350536461,4.14433622831864,0.338003625941205,1.12188956204106e-35,3.00230112241766e-33,"CSAD","12:53157663-53180909","-","protein_coding",7.96457936145772e-34
"ENSG00000117335",3439.74727887424,3.66096757931272,0.298844709071422,1.54021749372773e-35,4.04685145488353e-33,"CD46","1:207752057-207795513","+","protein_coding",1.07355885576512e-33
"ENSG00000163346",676.92052181833,3.55696609968562,0.290970372742884,2.21124868935121e-35,5.70620621603828e-33,"PBXIP1","1:154944076-154956123","-","protein_coding",1.51375662891145e-33
"ENSG00000267519",1081.19081430296,4.76104096088782,0.394393392885744,9.05146716251954e-35,2.29478512220298e-32,"AC020916.1","19:13823880-13842928","-","lncRNA",6.08766325496363e-33
"ENSG00000258727",182.184211216944,4.92140876723714,0.407353173873174,1.14204958397202e-34,2.8454756099965e-32,"AL135999.1","14:23561097-23568073","+","lncRNA",7.54854872740399e-33
"ENSG00000197774",517.926688441667,4.32512565398725,0.359103719584383,1.30574823230154e-34,3.19819791609992e-32,"EME2","16:1773207-1781708","+","protein_coding",8.48425926574426e-33
"ENSG00000196689",606.962731946746,3.59635440832224,0.298528985847251,1.9880662648214e-34,4.78825759882235e-32,"TRPV1","17:3565444-3609411","-","protein_coding",1.27024092833877e-32
"ENSG00000283486",767.256590110531,4.13855866303173,0.345437640434057,3.16237202318077e-34,7.49171116507956e-32,"FAM95C","9:38540569-38577207","-","protein_coding",1.98741983879838e-32
"ENSG00000011028",2228.26820774032,3.64321464244757,0.303820173967963,3.63667706800613e-34,8.47377362236561e-32,"AC080038.1","17:62627670-62693597","+","protein_coding",2.24794381890682e-32
"ENSG00000234771",825.533966882299,4.08536564594116,0.34133198279055,3.69419236183678e-34,8.47377362236561e-32,"SLC25A25-AS1","9:128108581-128118693","-","lncRNA",2.24794381890682e-32
"ENSG00000075826",158.058430736157,5.74797730746042,0.481249913610386,6.42706665416356e-34,1.45121156592684e-31,"SEC31B","10:100486646-100519864","-","protein_coding",3.84981026745981e-32
"ENSG00000062716",9219.63621717223,3.75116650967992,0.314134984438316,6.64283798199441e-34,1.47685617965848e-31,"VMP1","17:59707192-59842255","+","protein_coding",3.91784093891195e-32
"ENSG00000274471",367.288783320515,4.08468284005273,0.344111438476884,1.30343623829038e-33,2.85393289083852e-31,"AC242376.2","15:23309607-23314566","+","transcribed_unprocessed_pseudogene",7.57098441313366e-32
"ENSG00000197081",1612.8720207437,3.79803619634679,0.319809814094143,1.47731346218774e-33,3.18636669284703e-31,"IGF2R","6:159969099-160113507","+","protein_coding",8.45287310136617e-32
"ENSG00000243970",221.718541270944,4.13063442742904,0.347976750821068,1.5210304873564e-33,3.23241346658638e-31,"PPIEL","1:39522280-39559671","-","transcribed_unprocessed_pseudogene",8.57502713216866e-32
"ENSG00000225783",179.321542614768,5.45975886351367,0.460663474642815,1.73120110793257e-33,3.6257372769179e-31,"MIAT","22:26646411-26676475","+","lncRNA",9.61844635442632e-32
"ENSG00000166436",519.238409511546,3.62656043182808,0.307172135101667,3.45644762786612e-33,7.13558923861333e-31,"TRIM66","11:8612037-8682694","-","protein_coding",1.89294692518832e-31
"ENSG00000257354",187.704732082585,4.70464113124408,0.399809316583617,4.57048012622347e-33,9.30253638085287e-31,"AC048341.1","12:62602752-62622213","+","lncRNA",2.46780007224882e-31
"ENSG00000139182",1552.16453137716,3.39206948055656,0.288519379536501,6.40789014441813e-33,1.28611695106926e-30,"CLSTN3","12:7129698-7158945","+","protein_coding",3.41184315204813e-31
"ENSG00000188157",4674.5439356098,3.89781229559754,0.331659235697996,7.80625015698651e-33,1.54531672628236e-30,"AGRN","1:1020120-1056118","+","protein_coding",4.09945478591859e-31
"ENSG00000003436",2587.87082009396,3.13688442207981,0.267031407941695,8.35792846150251e-33,1.63216789455639e-30,"TFPI","2:187464230-187565760","-","protein_coding",4.32985573310833e-31
"ENSG00000198727",64413.6781942545,3.79974316949028,0.322884396832904,1.00843987370887e-32,1.94306194866225e-30,"MT-CYB","MT:14747-15887","+","protein_coding",5.15460324042615e-31
"ENSG00000284946",671.680586443728,3.42988508479481,0.293073837821238,1.22074363802586e-32,2.32117977804102e-30,"AC068831.7","15:90966190-91022566","-","protein_coding",6.15768365683829e-31
"ENSG00000099725",439.71738653399,3.4742575852723,0.296933240924387,1.29688799665822e-32,2.43393875840363e-30,"PRKY","Y:7273972-7381548","+","protein_coding",6.45681349465146e-31
"ENSG00000177943",290.807415908397,3.83239415306516,0.328133287047007,1.47439988861e-32,2.73160933209014e-30,"MAMDC4","9:136850943-136860799","+","protein_coding",7.24648142302625e-31
"ENSG00000237973",701.517521637733,3.90674794813526,0.335466136730435,2.0340149584408e-32,3.72070255245924e-30,"MTCO1P12","1:631074-632616","+","unprocessed_pseudogene",9.87037260792036e-31
"ENSG00000131067",293.621579943591,3.86064575189657,0.331694214790542,2.18325812276005e-32,3.94378289150068e-30,"GGT7","20:34844720-34872856","-","protein_coding",1.04621656998957e-30
"ENSG00000270069",175.484141209523,6.63829175878013,0.56530022643703,2.73353959315784e-32,4.87683711860789e-30,"MIR222HG","X:45745211-45770274","-","lncRNA",1.29373952446106e-30
"ENSG00000100288",520.134895755501,3.51986205226091,0.302819740843748,2.80062634851476e-32,4.93559162955937e-30,"CHKB","22:50578949-50601455","-","protein_coding",1.30932606779019e-30
"ENSG00000197978",715.549219388191,3.37836163478697,0.29126562856186,4.05187529516679e-32,7.05465661330786e-30,"GOLGA6L9","15:82430018-82439153","+","protein_coding",1.871476916322e-30
"ENSG00000106714",1820.88182841905,3.39478942380888,0.293522819025171,6.25676898449373e-32,1.07638772136808e-29,"CNTNAP3","9:39072767-39288315","-","protein_coding",2.85546821620316e-30
"ENSG00000213199",274.627968562131,4.17654297705651,0.36257958663841,6.75827803132829e-32,1.14898677447912e-29,"ASIC3","7:151048292-151052756","+","protein_coding",3.04806079652499e-30
"ENSG00000128159",1001.53650124144,3.71589573372461,0.323598210368725,1.36790754932802e-31,2.29856185992316e-29,"TUBGCP6","22:50217689-50245023","-","protein_coding",6.09768227906323e-30
"ENSG00000169174",629.074141895556,3.39924517356222,0.295916075475437,1.46435075528277e-31,2.43233709937831e-29,"PCSK9","1:55039548-55064852","+","protein_coding",6.45256457360821e-30
"ENSG00000129003",1497.91651239593,3.71064520982995,0.323617801187054,1.83363114684339e-31,3.01111405716294e-29,"VPS13C","15:61852389-62060473","-","protein_coding",7.98795853473984e-30
"ENSG00000204410",520.948743217114,3.42483055851902,0.298492156570541,1.85639596356376e-31,3.01424472690561e-29,"MSH5","6:31739677-31762678","+","protein_coding",7.99626365358145e-30
"ENSG00000223705",1135.97226477109,3.82844905229277,0.334381990789723,1.99031802237669e-31,3.19578730459618e-29,"NSUN5P1","7:75410322-75416787","+","transcribed_unprocessed_pseudogene",8.47786433537308e-30
"ENSG00000166340",1084.76057548911,3.42203152605365,0.298914651202041,2.30244385286991e-31,3.65633144151902e-29,"TPP1","11:6612768-6619448","-","protein_coding",9.69960731797646e-30
"ENSG00000182796",270.392922585426,4.0027395637919,0.349992414583889,2.46870084695526e-31,3.87773868905984e-29,"TMEM198B","12:55829608-55836246","+","transcribed_unitary_pseudogene",1.02869619910549e-29
"ENSG00000133624",295.917882296981,3.96661912468199,0.348204932038351,3.2652923116734e-31,5.07354837524158e-29,"ZNF767P","7:149547154-149624752","-","transcribed_unprocessed_pseudogene",1.34592357765454e-29
"ENSG00000230373",389.872240982721,3.5740015481852,0.313229884577139,3.3002113851824e-31,5.07354837524158e-29,"GOLGA6L5P","15:84507885-84516814","-","transcribed_unprocessed_pseudogene",1.34592357765454e-29
"ENSG00000184445",1962.44769753654,3.21195142711362,0.282040960603072,5.34307701460081e-31,8.12766378294697e-29,"KNTC1","12:122527246-122626396","+","protein_coding",2.15612693674107e-29
"ENSG00000151006",134.684151331637,5.24182607208576,0.460768776101531,7.48728676449106e-31,1.12707063576729e-28,"PRSS53","16:31083425-31089628","-","protein_coding",2.9899211166762e-29
"ENSG00000251432",315.100919085687,3.55666980898972,0.313967933900799,8.59701857994325e-31,1.28077851029649e-28,"LINC02615","4:128292751-128519398","+","lncRNA",3.39768120310715e-29
"ENSG00000221978",4427.62202669178,3.65653283376382,0.323520483668926,1.02944813239293e-30,1.5180158123684e-28,"CCNL2","1:1385711-1399335","-","protein_coding",4.02703023999798e-29
"ENSG00000143554",148.745189482169,4.44077019205213,0.393102429217176,1.49810810066657e-30,2.18678385482148e-28,"SLC27A3","1:153774354-153780157","+","protein_coding",5.80115479690953e-29
"ENSG00000105270",242.988009617844,3.82814342524001,0.340607959850207,2.21967733465797e-30,3.20765571631424e-28,"CLIP3","19:36014660-36033343","-","protein_coding",8.5093491542399e-29
"ENSG00000134871",1177.50693801822,4.07483652564719,0.363665063642531,3.01770184466392e-30,4.31770389675626e-28,"COL4A2","13:110305812-110513209","+","protein_coding",1.1454112676512e-28
"ENSG00000233237",551.660459021357,3.83095062069977,0.34235133689439,3.5765413958719e-30,5.06711761879851e-28,"LINC00472","6:71343427-71420745","-","lncRNA",1.34421761053277e-28
"ENSG00000012171",247.175881582311,3.81011531028177,0.340360650194956,3.73240354919055e-30,5.236598416442e-28,"SEMA3B","3:50267558-50277546","+","protein_coding",1.38917789959225e-28
"ENSG00000137642",304.750075542174,3.52714496873648,0.31495295938632,4.04697972282933e-30,5.62335615140449e-28,"SORL1","11:121452314-121633763","+","protein_coding",1.49177795695377e-28
"ENSG00000269352",128.704308895454,4.76671209909098,0.425412736408372,4.42543730848012e-30,6.09066614712821e-28,"PTOV1-AS2","19:49856970-49859289","-","lncRNA",1.61574711912585e-28
"ENSG00000267056",260.788998012448,4.37088874616702,0.391689212514615,5.44567465015301e-30,7.42409852541143e-28,"AC005336.1","19:15910582-15911824","-","processed_pseudogene",1.96948338897149e-28
"ENSG00000013288",551.065895836742,3.55620275509911,0.318902629723048,6.04736913229767e-30,8.16733937671342e-28,"MAN2B2","4:6575175-6623362","+","protein_coding",2.16665217729427e-28
"ENSG00000141756",3169.92995956565,3.50897882858722,0.314543420794799,6.52883231352101e-30,8.73594034839742e-28,"FKBP10","17:41812680-41823217","+","protein_coding",2.3174920624132e-28
"ENSG00000142303",1185.75768198846,3.41325069894368,0.306227195068517,7.22869040008626e-30,9.58365183226115e-28,"ADAMTS10","19:8580240-8610735","-","protein_coding",2.54237508092318e-28
"ENSG00000228315",221.827849023132,3.75135419296998,0.33713296706676,8.07233960335548e-30,1.06048526916445e-27,"GUSBP11","22:23638487-23717356","-","lncRNA",2.81328179403789e-28
"ENSG00000114857",1864.06964063531,3.29276285260923,0.295923490365025,9.75140834191778e-30,1.26952794548697e-27,"NKTR","3:42600655-42648735","+","protein_coding",3.3678354239421e-28
"ENSG00000198848",3441.78949075434,3.45563725649362,0.311414578008641,1.21431575300524e-29,1.56679258452489e-27,"CES1","16:55802851-55833337","-","protein_coding",4.15642647874811e-28
"ENSG00000164050",577.460714412423,3.30404339368433,0.297797328514379,1.3560643474104e-29,1.73420229065731e-27,"PLXNB1","3:48403854-48430086","-","protein_coding",4.60053512608335e-28
"ENSG00000100299",336.946276435646,3.54102998798289,0.319582026233828,1.4168575994666e-29,1.79605343595542e-27,"ARSA","22:50622754-50628173","-","protein_coding",4.7646153882681e-28
"ENSG00000125844",3183.87547388924,3.51956111570364,0.317782468557825,1.48488828719103e-29,1.86592353375631e-27,"RRBP1","20:17613678-17682295","-","protein_coding",4.94996852782254e-28
"ENSG00000253352",3172.72158278602,3.46025218040709,0.312289059279377,1.56378561556346e-29,1.94812637331961e-27,"TUG1","22:30969245-30979395","+","lncRNA",5.16803827257616e-28
"ENSG00000245849",175.75358614622,4.0715714009744,0.367240306227988,1.64433884377176e-29,2.03096928473041e-27,"RAD51-AS1","15:40686183-40695107","-","lncRNA",5.38780601590437e-28
"ENSG00000149311",1696.3793284274,3.47685192887781,0.31408537319598,1.72613826646222e-29,2.11393424480047e-27,"ATM","11:108222484-108369102","+","protein_coding",5.6078975329625e-28
"ENSG00000225828",286.45949863282,3.97057943192371,0.360139438989031,1.95856496190448e-29,2.37842203903208e-27,"FAM229A","1:32361270-32364278","-","protein_coding",6.3095373556856e-28
"ENSG00000163728",500.963723977285,3.76681173004412,0.341153385101488,1.97958772414767e-29,2.38391851680483e-27,"TTC14","3:180602163-180617828","+","protein_coding",6.3241185491251e-28
"ENSG00000171560",1264.81779767474,3.23366323616908,0.292170205067094,1.99616946881356e-29,2.38402024742353e-27,"FGA","4:154583128-154590745","-","protein_coding",6.32438842264979e-28
"ENSG00000125740",203.053706210862,5.65578595278417,0.514476184827801,2.01316170303619e-29,2.3846065385718e-27,"FOSB","19:45467995-45475179","+","protein_coding",6.32594375044303e-28
"ENSG00000091136",4277.20619626736,3.39009731758233,0.307382638887226,2.30345923837557e-29,2.70628369542808e-27,"LAMB1","7:107923799-108003187","-","protein_coding",7.17929694190665e-28
"ENSG00000142102",483.762626281542,4.20516604606896,0.382640313026357,3.09508012308231e-29,3.60701635956955e-27,"PGGHG","11:289135-296107","+","protein_coding",9.56878303757015e-28
"ENSG00000258472",239.665610662687,3.90624484120194,0.35560353716682,3.21164283143339e-29,3.71291604456351e-27,"AC005726.1","17:28455752-28614197","-","protein_coding",9.84971636540656e-28
"ENSG00000186166",675.249906448476,4.16165580561136,0.379159075183991,3.35299838214004e-29,3.84556981113537e-27,"CCDC84","11:118998138-119015793","+","protein_coding",1.02016235886924e-27
"ENSG00000123384",673.466549555479,3.60298676756468,0.327740533081677,3.65692377342109e-29,4.1611185393471e-27,"LRP1","12:57128493-57213351","+","protein_coding",1.10387191316689e-27
"ENSG00000064687",566.146705546543,3.68010049164021,0.335254468184883,4.38172040954291e-29,4.94689387799254e-27,"ABCA7","19:1040101-1065572","+","protein_coding",1.31232435646739e-27
"ENSG00000260261",121.482097110059,6.07802331701553,0.549889820537074,4.77608491239402e-29,5.35032581930279e-27,"AC124944.2","3:195913078-195954485","-","transcribed_unprocessed_pseudogene",1.41934778891127e-27
"ENSG00000170017",2208.45270946301,2.93289887367847,0.266701980994177,4.88981768833455e-29,5.43559657031712e-27,"ALCAM","3:105366909-105576900","+","protein_coding",1.44196862659453e-27
"ENSG00000014123",331.685829129241,3.58345570012006,0.327012158756314,5.97217715175547e-29,6.58808641374186e-27,"UFL1","6:96521595-96555276","+","protein_coding",1.74770400912134e-27
"ENSG00000157227",134.456859002014,4.45775711710395,0.407457406705661,6.54635278647374e-29,7.16676849373727e-27,"MMP14","14:22836560-22849027","+","protein_coding",1.90121823581774e-27
"ENSG00000213906",268.222530790263,4.73453515138304,0.434268299959519,7.78826996512859e-29,8.46227738842656e-27,"LTB4R2","14:24305734-24312053","+","protein_coding",2.24489406927039e-27
"ENSG00000151914",3355.41209263038,3.14462347837276,0.287624408068589,9.11402609657659e-29,9.82886500907673e-27,"DST","6:56457987-56954649","-","protein_coding",2.60742584457377e-27
"ENSG00000254413",276.763630320509,3.82349451148176,0.350923063345859,9.32990924669925e-29,9.98714952030006e-27,"CHKB-CPT1B","22:50568869-50582965","-","protein_coding",2.64941595482335e-27
"ENSG00000158106",544.39889248019,3.63108649164407,0.33358019066064,1.14024664179547e-28,1.21159589857252e-26,"RHPN1","8:143368876-143384221","+","protein_coding",3.21415184377867e-27
"ENSG00000261408",277.852623193016,4.42856144915713,0.408305385715388,1.22182350505348e-28,1.2888008373378e-26,"TEN1-CDK3","17:75979231-76005999","+","protein_coding",3.41896303253692e-27
"ENSG00000142156",375.338866257772,4.08417141542279,0.375870245422625,1.25292555919876e-28,1.31203096057835e-26,"COL6A1","21:45981737-46005050","+","protein_coding",3.4805884833434e-27
"ENSG00000198799",629.872971975454,3.27277243298367,0.301261886885818,1.72834522153462e-28,1.78402262831405e-26,"LRIG2","1:113073198-113132260","+","protein_coding",4.73269976144217e-27
"ENSG00000267680",905.622697078828,3.31146061089578,0.304697237086556,1.72045467349035e-28,1.78402262831405e-26,"ZNF224","19:44094339-44109886","+","protein_coding",4.73269976144217e-27
"ENSG00000251537",128.539935059932,4.65055642755684,0.428738430389037,1.8332688746551e-28,1.87890556791779e-26,"AC005324.3","17:15571491-15651653","-","protein_coding",4.98440759210569e-27
"ENSG00000225697",480.56590709204,3.91335099015843,0.363081816025098,3.10515039928607e-28,3.1600372126819e-26,"SLC26A6","3:48625723-48635493","-","protein_coding",8.38302559914353e-27
"ENSG00000165282",1489.13640176626,3.66772949901851,0.339633365617978,3.14194865204729e-28,3.1751258720794e-26,"PIGO","9:35088688-35096601","-","protein_coding",8.42305317143868e-27
"ENSG00000135596",462.299157589599,3.62169044766206,0.335856072347047,3.35596221438911e-28,3.36784791389841e-26,"MICAL1","6:109444062-109465968","-","protein_coding",8.93431101473376e-27
"ENSG00000127415",182.785934270592,4.97123477526284,0.464149962932372,3.67169149959556e-28,3.65928371452796e-26,"IDUA","4:986997-1004564","+","protein_coding",9.70743918150969e-27
"ENSG00000076344",230.287926781215,3.64384381430364,0.339788966337416,6.52557177039286e-28,6.45897518177721e-26,"RGS11","16:268301-275980","-","protein_coding",1.71345305921629e-26
"ENSG00000162298",1010.92872375733,3.36257612160499,0.313163297348609,6.60144345677205e-28,6.48962308801448e-26,"SYVN1","11:65121780-65134533","-","protein_coding",1.72158341228669e-26
"ENSG00000137496",166.789306190069,4.04917161581063,0.378102275528197,7.24602862929885e-28,7.07515944067552e-26,"IL18BP","11:71998541-72005715","+","protein_coding",1.87691595754557e-26
"ENSG00000113108",238.853147312238,3.53405416842887,0.330194697046138,9.69423697783883e-28,9.40210862864087e-26,"APBB3","5:140558268-140564781","-","protein_coding",2.49421484669582e-26
"ENSG00000074181",1274.88497455862,3.02144540082561,0.282343380345434,1.16901881987052e-27,1.12623273106326e-25,"NOTCH3","19:15159038-15200995","-","protein_coding",2.98769830216143e-26
"ENSG00000110455",630.921121737039,3.53580987874095,0.331306012878094,1.20825512849755e-27,1.15632416304093e-25,"ACCS","11:44065925-44084222","+","protein_coding",3.0675256040588e-26
"ENSG00000223764",126.485469885186,4.56403668327756,0.428359840849946,1.23721645282617e-27,1.17625098419678e-25,"LINC02593","1:916865-921016","-","lncRNA",3.12038797263745e-26
"ENSG00000100767",271.591066722464,3.9203952388532,0.368282161767221,1.31211399932827e-27,1.23930453622829e-25,"PAPLN","14:73237497-73274640","+","protein_coding",3.28765800941922e-26
"ENSG00000197694",4682.40758946517,3.54630456763598,0.332485858310734,1.51323350132839e-27,1.41998294335692e-25,"SPTAN1","9:128552558-128633662","+","protein_coding",3.76696619797258e-26
"ENSG00000100068",352.118659368009,3.3868251375088,0.317853478744613,1.6333834974985e-27,1.52284031757103e-25,"LRP5L","22:25351418-25405377","-","protein_coding",4.03982880782956e-26
"ENSG00000205560",891.60455195922,3.51529134224845,0.330392826793429,1.75452137150887e-27,1.62529412433812e-25,"CPT1B","22:50568861-50578465","-","protein_coding",4.3116208238892e-26
"ENSG00000026036",458.761488339446,4.05049315007047,0.381806724749014,1.84817458199505e-27,1.70114464231914e-25,"RTEL1-TNFRSF6B","20:63659300-63698684","+","protein_coding",4.51283897138167e-26
"ENSG00000069493",108.896286814801,5.11653408781419,0.480871775997422,2.00663125796014e-27,1.83530558916342e-25,"CLEC2D","12:9664969-9699553","+","protein_coding",4.86874448011663e-26
"ENSG00000130635",488.88072639086,3.95886791473467,0.373968718134727,2.61191804082472e-27,2.37388852880239e-25,"COL5A1","9:134641774-134844843","+","protein_coding",6.29751074658211e-26
"ENSG00000054690",320.674392441823,3.63774397892218,0.343601363834467,2.7848538597131e-27,2.51524519541962e-25,"PLEKHH1","14:67533301-67589612","+","protein_coding",6.67250524035142e-26
"ENSG00000232653",264.783592129482,3.64561790807314,0.344777648144301,3.14548406234322e-27,2.82331616055416e-25,"GOLGA8N","15:32593456-32607310","+","protein_coding",7.48976358677571e-26
"ENSG00000204681",308.96826920318,3.91271283565271,0.372260359962335,5.31255413337583e-27,4.73899504823544e-25,"GABBR1","6:29555629-29633976","-","protein_coding",1.25717243594913e-25
"ENSG00000113441",1039.62692984834,3.16270951567921,0.300048361055857,6.12646810297812e-27,5.43150862307587e-25,"LNPEP","5:96935394-97037513","+","protein_coding",1.44088416574597e-25
"ENSG00000230551",789.551578864126,3.44632414997222,0.327524719806643,6.34127023611716e-27,5.58766440134934e-25,"AC021078.1","5:149494314-149504670","-","lncRNA",1.48230956040484e-25
"ENSG00000090863",1978.47719906975,3.51751271273661,0.334940908399202,6.69498587286404e-27,5.82826752100953e-25,"GLG1","16:74447427-74607144","-","protein_coding",1.54613735658555e-25
"ENSG00000127914",519.48811821062,3.53027231580246,0.335254465633284,6.67058738917674e-27,5.82826752100953e-25,"AKAP9","7:91940867-92110673","+","protein_coding",1.54613735658555e-25
"ENSG00000188818",349.028556588584,3.75423931555695,0.357887979270686,7.36674649819791e-27,6.3746618949376e-25,"ZDHHC11","5:795606-850986","-","protein_coding",1.69108622001934e-25
"ENSG00000243716",891.789098827535,3.0968668870852,0.294833762763122,9.00527153892466e-27,7.74614160767858e-25,"NPIPB5","16:22479121-22536521","+","protein_coding",2.05491578172428e-25
"ENSG00000108582",2375.10081175294,3.11592083785586,0.297509407939411,1.2790853932591e-26,1.09373153952588e-24,"CPD","17:30378927-30469989","+","protein_coding",2.90147832995125e-25
"ENSG00000185513",129.644169919513,4.29204042278811,0.410372867888425,1.29967296292567e-26,1.10479846983758e-24,"L3MBTL1","20:43489442-43550950","+","protein_coding",2.93083695893657e-25
"ENSG00000136378",156.232141567418,3.8060074649771,0.365687319134782,1.93604718906597e-26,1.63612970346154e-24,"ADAMTS7","15:78759206-78811464","-","protein_coding",4.34036571866721e-25
"ENSG00000128342",2703.66426264614,2.99099818941593,0.286943004914607,2.27539250927308e-26,1.91172657857589e-24,"LIF","22:30240453-30246759","-","protein_coding",5.07147598846267e-25
"ENSG00000169919",1031.49452351571,3.36541701875482,0.323703151397684,2.53607443955016e-26,2.1184284234647e-24,"GUSB","7:65960684-65982215","-","protein_coding",5.61981980230734e-25
"ENSG00000132182",2438.99190761223,3.2456427942783,0.31214356926367,2.65883082646752e-26,2.20820484329208e-24,"NUP210","3:13316235-13420322","-","protein_coding",5.85798092983838e-25
"ENSG00000142408",1015.55831232956,3.47344008652294,0.334842040534486,3.07269641583004e-26,2.53734490886628e-24,"CACNG8","19:53963040-53990215","+","protein_coding",6.73113191183919e-25
"ENSG00000132561",559.18396629309,2.91177392997642,0.280095696682934,3.1176957910451e-26,2.55987624297686e-24,"MATN2","8:97868840-98036724","+","protein_coding",6.79090359739841e-25
"ENSG00000256028",356.093222872,3.78877338283837,0.36621526550297,3.17200601057452e-26,2.58975473778601e-24,"AC026362.1","12:122975320-122982907","+","lncRNA",6.87016601425976e-25
"ENSG00000164078",187.773710398958,3.62427016757623,0.349300028371396,3.42666720992181e-26,2.78195325003259e-24,"MST1R","3:49887002-49903873","-","protein_coding",7.38003502523669e-25
"ENSG00000143512",671.137087222126,3.83545202730965,0.37083904616652,3.63283245716571e-26,2.93285261667607e-24,"HHIPL2","1:222522258-222548104","-","protein_coding",7.78034463184201e-25
"ENSG00000203709",145.549834181678,6.99350131398692,0.665286953277921,4.36899713905987e-26,3.50757653647523e-24,"MIR29B2CHG","1:207801518-207879115","-","lncRNA",9.30498659263319e-25
"ENSG00000186529",1495.68530781877,2.97287381209612,0.286951004726054,4.5016561276311e-26,3.59411230388934e-24,"CYP4F3","19:15640897-15662825","+","protein_coding",9.53455083654865e-25
"ENSG00000163389",362.227958418892,3.37020502924872,0.326663180230589,5.73536378118573e-26,4.55394186823709e-24,"POGLUT1","3:119468963-119494708","+","protein_coding",1.20808106642654e-24
"ENSG00000147162",3401.10435716691,2.94111672526694,0.284832370145356,6.45175718817811e-26,5.09477284843507e-24,"OGT","X:71533104-71575892","+","protein_coding",1.35155405888418e-24
"ENSG00000241489",180.676710418967,4.44974321456045,0.432482241764903,6.65857669563062e-26,5.22951586024773e-24,"AC244197.3","X:149477104-149540926","-","protein_coding",1.38729902140544e-24
"ENSG00000145623",1819.14345525512,3.239435978079,0.314650776624357,7.75262363515918e-26,6.05584671090191e-24,"OSMR","5:38845858-38945596","+","protein_coding",1.60651013216692e-24
"ENSG00000117385",639.719026946767,3.67297185153241,0.357740280575806,8.06947690174775e-26,6.26946294124498e-24,"P3H1","1:42746335-42767084","-","protein_coding",1.66317877898449e-24
"ENSG00000196668",118.230053322888,4.41217075476388,0.430181770083961,8.25643285911713e-26,6.38041236615517e-24,"LINC00173","12:116533422-116536518","+","lncRNA",1.69261171937835e-24
"ENSG00000182871",4622.54560408387,3.88821865077843,0.378825431658628,8.94503890204444e-26,6.87578495603426e-24,"COL18A1","21:45405165-45513720","+","protein_coding",1.82402539657825e-24
"ENSG00000060718",159.375608713633,3.96187090191644,0.387030336364802,9.75055485241384e-26,7.45530519429801e-24,"COL11A1","1:102876467-103108872","-","protein_coding",1.9777619719923e-24
"ENSG00000164180",498.053077850391,3.29811185891622,0.321680480912234,1.08500089438046e-25,8.25228838141689e-24,"TMEM161B","5:88189633-88269476","-","protein_coding",2.18918766131304e-24
"ENSG00000182685",293.677082121575,3.67165977000652,0.359458957628996,1.56155844098243e-25,1.18147021102812e-23,"BRICD5","16:2209253-2211950","-","protein_coding",3.13423366785879e-24
"ENSG00000260565",183.309083414375,3.96612756676315,0.388886563703819,1.61564725530608e-25,1.21602700450147e-23,"ERVK13-1","16:2660348-2682379","-","lncRNA",3.22590679219694e-24
"ENSG00000273036",170.305389499878,4.34793345380786,0.427600147305411,1.67851289625177e-25,1.25679740226603e-23,"AL390726.4","9:38540567-38542792","-","transcribed_processed_pseudogene",3.33406352110378e-24
"ENSG00000274512",1355.66824060199,3.41288482513,0.334695255976806,1.97796787256405e-25,1.47338215084655e-23,"TBC1D3L","17:37977972-37989048","-","protein_coding",3.90862494856041e-24
"ENSG00000269929",239.910825481275,4.59827594615582,0.454825290237636,2.50299315020648e-25,1.85491046223763e-23,"AL158152.1","9:94166258-94200902","+","lncRNA",4.92075277678779e-24
"ENSG00000154305",647.437975406375,3.14768487993548,0.309344911875478,2.68639216688892e-25,1.98066597978121e-23,"MIA3","1:222618097-222668007","+","protein_coding",5.25436015285621e-24
"ENSG00000116138",691.096479337343,3.20610882384877,0.315364598247585,2.86893355743572e-25,2.1045156770814e-23,"DNAJC16","1:15526813-15592379","+","protein_coding",5.58291172140959e-24
"ENSG00000138759",245.449004477498,3.58365510006762,0.352888134447955,3.167813584307e-25,2.31202394478892e-23,"FRAS1","4:78057323-78544269","+","protein_coding",6.13339483383777e-24
"ENSG00000228327",433.369875825739,3.15066292419349,0.310098555505569,3.18698127526753e-25,2.31432494517041e-23,"AL669831.1","1:725885-778626","-","transcribed_unprocessed_pseudogene",6.13949898508773e-24
"ENSG00000204839",296.665658745263,3.714142047495,0.367173220494218,3.56420613620694e-25,2.57531714371632e-23,"MROH6","8:143566192-143572772","-","protein_coding",6.83186560431823e-24
"ENSG00000184949",140.169974212778,4.20904117451066,0.416243832599743,3.75303476057577e-25,2.69826394652141e-23,"FAM227A","22:38578120-38656629","-","protein_coding",7.15802195181681e-24
"ENSG00000234420",394.318705125528,3.32391781827226,0.328422702928873,4.66872111366818e-25,3.33998459473361e-23,"ZNF37BP","10:42513510-42552822","-","transcribed_processed_pseudogene",8.86039450612487e-24
"ENSG00000197969",1276.24177609259,3.02779440848389,0.299119490462733,5.17616366554159e-25,3.68476557294293e-23,"VPS13A","9:77177445-77421537","+","protein_coding",9.77503809159503e-24
"ENSG00000162591",265.008489533598,3.76193602895744,0.373381133277677,5.32614877152456e-25,3.77294979888732e-23,"MEGF6","1:3487951-3611508","-","protein_coding",1.00089754074487e-23
"ENSG00000196187",241.504340309513,3.83357992166811,0.380598882118288,5.59257220072473e-25,3.94235418891088e-23,"TMEM63A","1:225845536-225882380","-","protein_coding",1.0458375602002e-23
"ENSG00000153214",656.769811374609,3.27056903063803,0.324922158501996,7.85468094520253e-25,5.51009681257873e-23,"TMEM87B","2:112055269-112119318","+","protein_coding",1.46173223683035e-23
"ENSG00000249007",92.3098252866668,5.32512174272982,0.526643134457186,8.40272089451289e-25,5.8660734128795e-23,"AL691482.3","1:202011370-202015657","+","lncRNA",1.55616659795247e-23
"ENSG00000164406",99.5829548260127,4.28740815510011,0.425903153005088,1.0171879670235e-24,7.06701120743108e-23,"LEAP2","5:132872322-132875046","+","protein_coding",1.87475437389074e-23
"ENSG00000171298",1230.72568466991,3.27537779214218,0.326560740833798,1.12417231614387e-24,7.77292542612206e-23,"GAA","17:80101556-80119881","+","protein_coding",2.06202105993915e-23
"ENSG00000104899",868.174762555467,3.56584880330202,0.356825019229994,1.4312147586509e-24,9.84880213203053e-23,"AMH","19:2249309-2252073","+","protein_coding",2.61271481431831e-23
"ENSG00000203896",614.376239557694,3.97506098768576,0.400105388848374,2.14575127944736e-24,1.46958539048786e-22,"LIME1","20:63736283-63739103","+","protein_coding",3.89855280790555e-23
"ENSG00000145495",2180.07936944434,3.30969089657235,0.332622365513647,2.39183298079389e-24,1.63039520780436e-22,"MARCH6","5:10353695-10440388","+","protein_coding",4.32515310544248e-23
"ENSG00000174233",1179.25140826456,2.95767628757716,0.296777170748669,2.53713328712099e-24,1.71724396192754e-22,"ADCY6","12:48766194-48789037","-","protein_coding",4.55554764831255e-23
"ENSG00000184995",98.5127683495932,5.64045758692084,0.563371510180711,2.5430088426579e-24,1.71724396192754e-22,"IFNE","9:21480839-21482313","-","protein_coding",4.55554764831255e-23
"ENSG00000132680",2014.04381512677,2.80139600453806,0.28099961907482,2.653321970752e-24,1.78340259531801e-22,"KHDC4","1:155913045-155934413","-","protein_coding",4.7310549224329e-23
"ENSG00000115657",1486.84826737164,3.26044581425619,0.328375545720379,3.194435495371e-24,2.13716608072252e-22,"ABCB6","2:219209772-219218994","-","protein_coding",5.6695275272132e-23
"ENSG00000038427",135.672095302746,3.76424981677976,0.380120347097108,3.79037246752258e-24,2.5241784575193e-22,"VCAN","5:83471618-83582303","+","protein_coding",6.69620362104292e-23
"ENSG00000105726",1057.60698739502,3.24037992601714,0.327041500777718,3.9165928349079e-24,2.59626986501166e-22,"ATP13A1","19:19645198-19663676","-","protein_coding",6.88744950639559e-23
"ENSG00000273142",211.311399810077,3.48272284038803,0.352321033764578,4.11343717600857e-24,2.714305051621e-22,"LINC02604","7:66902857-66906297","+","lncRNA",7.20057619584555e-23
"ENSG00000109072",638.962331744896,3.11852176184837,0.315017774187316,4.57081715953961e-24,3.0024035805685e-22,"VTN","17:28367284-28373091","-","protein_coding",7.96485116499782e-23
"ENSG00000120458",324.453984790202,3.1069572020436,0.314044286848141,4.59320086596811e-24,3.00345455719933e-22,"MSANTD2","11:124766498-124800673","-","protein_coding",7.96763922203874e-23
"ENSG00000189423",127.494972405158,4.18059291605005,0.422080095265733,4.87928927873396e-24,3.17615357508939e-22,"USP32P3","17:20408311-20434286","+","transcribed_unprocessed_pseudogene",8.42577948763727e-23
"ENSG00000186567",466.363530457696,3.50195783244191,0.355120511652306,5.29552842878444e-24,3.43164490243784e-22,"CEACAM19","19:44662278-44684359","+","protein_coding",9.10355325844154e-23
"ENSG00000152661",2124.23126613963,2.78321533774484,0.281216502772771,5.55953374560705e-24,3.58664384632891e-22,"GJA1","6:121435595-121449727","+","protein_coding",9.51473832590353e-23
"ENSG00000140398",112.686270139228,4.13452616723887,0.41957828392796,5.60260446826464e-24,3.59836609648411e-22,"NEIL1","15:75346955-75357114","+","protein_coding",9.54583540372787e-23
"ENSG00000197565",389.567675718626,3.47505081720728,0.352693808850221,5.90544390287057e-24,3.77608716107888e-22,"COL4A6","X:108155607-108439497","-","protein_coding",1.00172982801858e-22
"ENSG00000110628",330.739701118071,3.47549031866025,0.3530303012867,6.41194737988371e-24,4.08189654566958e-22,"SLC22A18","11:2899721-2925246","+","protein_coding",1.08285570492895e-22
"ENSG00000053747",2218.63324511081,2.89076494301523,0.292939563104269,7.20819222551671e-24,4.56866604609395e-22,"LAMA3","18:23689443-23956222","+","protein_coding",1.21198713308313e-22
"ENSG00000269486",314.226972695043,3.60591798095214,0.367275042504057,7.36091057483345e-24,4.64508815357722e-22,"ERVK9-11","19:38935297-38938632","-","lncRNA",1.23226058052235e-22
"ENSG00000011021",607.999334838086,2.90335972110991,0.294464674015869,7.50913683439239e-24,4.71802332146976e-22,"CLCN6","1:11806096-11848079","+","protein_coding",1.25160900392278e-22
"ENSG00000142192",7142.63749709083,3.12492715664996,0.318195263155427,8.97424951853057e-24,5.61415064035867e-22,"APP","21:25880550-26171128","-","protein_coding",1.4893358960046e-22
"ENSG00000026652",159.979021903869,3.53527294158931,0.359644971946001,9.21930140480017e-24,5.74259157761928e-22,"AGPAT4","6:161129967-161274061","-","protein_coding",1.52340902845736e-22
"ENSG00000128262",105.181177967437,4.29698590059655,0.438225057547344,1.02437428568582e-23,6.35331879933292e-22,"POM121L9P","22:24251828-24265525","+","transcribed_unprocessed_pseudogene",1.68542427034036e-22
"ENSG00000143434",132.537434354502,3.76298061037059,0.383845734168573,1.10751234992723e-23,6.83959870461468e-22,"SEMA6C","1:151131685-151146664","-","protein_coding",1.81442581747298e-22
"ENSG00000163516",978.641945505052,2.91939927596034,0.297556957679603,1.1954326080625e-23,7.3511474974941e-22,"ANKZF1","2:219229757-219236669","+","protein_coding",1.95013075818409e-22
"ENSG00000108679",1470.87516355953,3.69311943618319,0.377566798398892,1.24331256603771e-23,7.61318215754702e-22,"LGALS3BP","17:78971238-78979947","-","protein_coding",2.01964396689793e-22
"ENSG00000105429",1878.19730794392,3.10410916034253,0.31686216931326,1.26944392722573e-23,7.74039417398274e-22,"MEGF8","19:42325609-42378769","+","protein_coding",2.05339108816661e-22
"ENSG00000252690",92.7073920439166,5.40260873919643,0.552260914421065,1.31618324255737e-23,7.99166556226746e-22,"AC105339.2","15:82752884-82757208","+","lncRNA",2.12004898927833e-22
"ENSG00000243708",124.311529494317,3.77465683900002,0.387138499881364,1.50791581718418e-23,9.11752781344292e-22,"PLA2G4B","15:41837775-41848147","+","protein_coding",2.41872053766504e-22
"ENSG00000126562",228.906259347576,3.14263486348982,0.321394119586299,1.56340614210715e-23,9.41365923316268e-22,"WNK4","17:42780610-42797066","+","protein_coding",2.49727901989616e-22
"ENSG00000030582",3319.45521240742,2.91311084588586,0.297778617740443,1.63073934554312e-23,9.77834617528784e-22,"GRN","17:44345246-44353106","+","protein_coding",2.59402408224035e-22
"ENSG00000081052",254.221840583385,3.69474598734615,0.378376670169972,1.7134729593743e-23,1.02319825355033e-21,"COL4A4","2:227002711-227164453","-","protein_coding",2.71436586825246e-22
"ENSG00000073756",577.943467915519,2.9896163922309,0.305906568239982,1.77790417805043e-23,1.05730425008258e-21,"PTGS2","1:186671791-186680423","-","protein_coding",2.80484310721241e-22
"ENSG00000163975",850.829919251943,3.26226719189176,0.336258933541334,3.00972145346091e-23,1.78251986573621e-21,"MELTF","3:196988621-197029817","-","protein_coding",4.72871319536349e-22
"ENSG00000178467",547.022087380784,3.03008219652184,0.312790733296446,3.72965154231517e-23,2.19988548726517e-21,"P4HTM","3:48989889-49007153","+","protein_coding",5.83591113450113e-22
"ENSG00000115275",1112.65823293572,3.26695235871947,0.337629419849983,3.87798127918692e-23,2.27807753924919e-21,"MOGS","2:74461057-74465410","-","protein_coding",6.04334096184654e-22
"ENSG00000108465",3426.89113483435,3.09338401985799,0.319419282934972,3.96219170116643e-23,2.31121447101815e-21,"CDK5RAP3","17:47967810-47981781","+","protein_coding",6.13124744161247e-22
"ENSG00000181045",445.666999505037,3.18770095973052,0.329614737590903,3.96637733591101e-23,2.31121447101815e-21,"SLC26A11","17:80219699-80253500","+","protein_coding",6.13124744161247e-22
"ENSG00000235194",251.19295478418,3.4176256896794,0.354048271459691,4.23251859349489e-23,2.45639061022468e-21,"PPP1R3E","14:23295643-23302848","-","protein_coding",6.51637432760896e-22
"ENSG00000197746",19997.4696227718,3.43650831964034,0.355072894767625,4.27320736134323e-23,2.47008478315084e-21,"PSAP","10:71816298-71851325","-","protein_coding",6.55270257138354e-22
"ENSG00000272752",829.970923423572,2.84896766585025,0.294424735987423,4.6681223803174e-23,2.68761101665206e-21,"STAG3L5P-PVRIG2P-PILRB","7:100336104-100367831","+","lncRNA",7.1297615935393e-22
"ENSG00000146828",718.167978478182,3.43224536258893,0.355994374674185,4.89595718482946e-23,2.80759830468137e-21,"SLC12A9","7:100826820-100867010","+","protein_coding",7.44806686636482e-22
"ENSG00000196696",290.47469744041,3.48825513450783,0.362028946233014,5.04228453323217e-23,2.88008117746e-21,"AC009022.1","16:69976297-70065948","-","lncRNA",7.64035124060074e-22
"ENSG00000214826",204.323246278617,3.56355021174862,0.370178253115721,6.00986122231661e-23,3.41923246156289e-21,"DDX12P","12:9418673-9448229","-","unprocessed_pseudogene",9.07062522544718e-22
"ENSG00000164171",659.993746623961,3.1051039459176,0.322237213598368,6.29304294490647e-23,3.56630445477817e-21,"ITGA2","5:52989340-53094779","+","protein_coding",9.46078148028268e-22
"ENSG00000279233",122.457785617598,4.23433136850565,0.441957786103503,6.45569877893193e-23,3.64419152556036e-21,"AC122688.3","12:125138245-125141711","+","TEC",9.66740224588287e-22
"ENSG00000206077",80.6810636656998,5.48406959316326,0.563888830797052,6.58522152362916e-23,3.70284187696362e-21,"ZDHHC11B","5:710355-784729","-","protein_coding",9.82299136212462e-22
"ENSG00000168758",724.156388294763,2.98103499957209,0.309858601400361,7.24169946553296e-23,4.05619375877584e-21,"SEMA4C","2:96859718-96870757","-","protein_coding",1.07603720546208e-21
"ENSG00000110888",1025.44247989192,3.00804647309848,0.312715592792876,7.48446627267406e-23,4.17598540951401e-21,"CAPRIN2","12:30709552-30754951","-","protein_coding",1.10781583359568e-21
"ENSG00000196878",414.254240928772,3.44129827365024,0.358689181660024,7.73572023156658e-23,4.28309935120186e-21,"LAMB3","1:209614870-209652425","-","protein_coding",1.13623128742613e-21
"ENSG00000263956",811.175400485915,2.89614609166337,0.301035065252511,7.72848466347073e-23,4.28309935120186e-21,"NBPF11","1:148102046-148152322","-","protein_coding",1.13623128742613e-21
"ENSG00000124574",387.008957973158,3.10609595739238,0.323365826924056,7.89994946324284e-23,4.34922437535223e-21,"ABCC10","6:43427366-43450427","+","protein_coding",1.15377309889505e-21
"ENSG00000244879",1926.80878472139,3.4024509257731,0.355355908033822,7.91534157302357e-23,4.34922437535223e-21,"GABPB1-AS1","15:50354959-50372202","+","lncRNA",1.15377309889505e-21
"ENSG00000233175",133.791970914708,4.45546327320533,0.465762452358643,8.22353956204419e-23,4.50145341708714e-21,"AC008105.1","17:45238028-45241734","-","lncRNA",1.19415679908299e-21
"ENSG00000080947",104.933141715222,4.74219960617569,0.496767336198639,8.98173563183847e-23,4.89792685342256e-21,"CROCCP3","1:16467436-16499257","-","transcribed_unprocessed_pseudogene",1.29933426195722e-21
"ENSG00000204172",458.594933214048,3.30308299178719,0.345195053920121,1.0074373364616e-22,5.45587355438255e-21,"AGAP9","10:47501854-47523638","-","protein_coding",1.44734775554313e-21
"ENSG00000272645",226.722847835307,3.19337560183968,0.333244437304001,1.00803974743626e-22,5.45587355438255e-21,"GTF2IP20","1:223951394-223992594","-","transcribed_unprocessed_pseudogene",1.44734775554313e-21
"ENSG00000132470",746.316357130057,2.67019681138426,0.278010197307182,1.04535894214183e-22,5.63674704212373e-21,"ITGB4","17:75721328-75757818","+","protein_coding",1.49533032587032e-21
"ENSG00000074410",7611.67906386208,2.54583752035938,0.264851835103679,1.0615807218186e-22,5.70293792230504e-21,"CA12","15:63321378-63381846","-","protein_coding",1.51288960779153e-21
"ENSG00000117616",596.790687176615,3.39446740001077,0.354567129205736,1.11095284977724e-22,5.94606653041887e-21,"RSRP1","1:25242249-25338213","-","protein_coding",1.57738737185338e-21
"ENSG00000138448",3782.89327101325,3.11763914604447,0.326583446263181,1.25636784112756e-22,6.699546742485e-21,"ITGAV","2:186590056-186680901","+","protein_coding",1.77727248335933e-21
"ENSG00000273154",496.909789075036,3.704631192237,0.390082096761239,1.56681580138867e-22,8.32428498009841e-21,"AL121845.3","20:63708864-63739103","+","protein_coding",2.2082870987303e-21
"ENSG00000136068",16020.6940619916,3.38142983219617,0.35342087504412,1.59159612355237e-22,8.42496541445249e-21,"FLNB","3:58008400-58172251","+","protein_coding",2.23499585567582e-21
"ENSG00000227671",209.638105616521,3.42692900095232,0.359703719721816,1.60667223183512e-22,8.47373008111289e-21,"AL390728.4","1:247189851-247210856","-","transcribed_unprocessed_pseudogene",2.24793226817461e-21
"ENSG00000167702",892.911610542458,3.23311575186845,0.339303663972489,1.63717647511105e-22,8.60321354248354e-21,"KIFC2","8:144466043-144474202","+","protein_coding",2.28228196402565e-21
"ENSG00000116260",1555.90623530706,3.57722340249586,0.375875299000162,1.74728314681953e-22,9.14854665024964e-21,"QSOX1","1:180154869-180204030","+","protein_coding",2.42694929212283e-21
"ENSG00000261578",484.043194977592,2.83865558446397,0.297637169189635,1.78982384654299e-22,9.33745285429341e-21,"AP003119.3","11:76800364-76804555","+","lncRNA",2.47706280148217e-21
"ENSG00000084234",3678.55030297583,3.16924588241608,0.332820182041596,1.91333910130964e-22,9.94592206943365e-21,"APLP2","11:130068147-130144811","+","protein_coding",2.63847903374491e-21
"ENSG00000146166",791.083044571467,3.00183412179919,0.315211553242199,1.92719862016013e-22,9.98205994979715e-21,"LGSN","6:63275951-63319977","-","protein_coding",2.64806578085568e-21
"ENSG00000124181",2375.52254379005,3.04850391450728,0.320220542280894,1.98019252290964e-22,1.02199150530597e-20,"PLCG1","20:41136960-41196801","+","protein_coding",2.71116457638678e-21
"ENSG00000179240",174.530004003029,3.4257866293759,0.36081971422313,2.06203778797482e-22,1.06044512718947e-20,"GVQW3","11:76381303-76414619","+","protein_coding",2.81317530440462e-21
"ENSG00000138829",719.121543030174,3.65014842141026,0.385078004097987,2.15623502812057e-22,1.10495575855923e-20,"FBN2","5:128257909-128659185","-","protein_coding",2.93125421838364e-21
"ENSG00000175455",1526.39650921998,3.01184984496601,0.316873143770987,2.27318559997922e-22,1.16077049842048e-20,"CCDC14","3:123897305-123961408","-","protein_coding",3.07932095354379e-21
"ENSG00000100918",156.077105544905,3.82863292538198,0.403715726426494,2.33311980055416e-22,1.18718007879606e-20,"REC8","14:24171853-24180257","+","protein_coding",3.14938094760418e-21
"ENSG00000118785",4102.06283302834,3.00674848461816,0.31641776231008,2.4543743690505e-22,1.24449698270697e-20,"SPP1","4:87975650-87983426","+","protein_coding",3.30143266105254e-21
"ENSG00000107789",941.371388256534,3.09978272161464,0.326795175851657,2.60086492243288e-22,1.31416430049222e-20,"MINPP1","10:87504875-87553461","+","protein_coding",3.48624786071967e-21
"ENSG00000204967",115.961188611854,3.56660758430264,0.375859607464525,2.69775105381571e-22,1.35836935465821e-20,"PCDHA4","5:140806929-141012347","+","protein_coding",3.60351613186467e-21
"ENSG00000196993",106.123011378358,3.84905666752225,0.40720725068497,2.78782789300034e-22,1.39885072506069e-20,"NPIPB9","16:28751787-28772807","+","protein_coding",3.71090612177063e-21
"ENSG00000173230",1484.29328842612,2.71002032249357,0.285309253392331,2.90980573491081e-22,1.45500355277495e-20,"GOLGB1","3:121663199-121749767","-","protein_coding",3.85986974482665e-21
"ENSG00000042445",559.510604105127,2.89281025118529,0.305212603135682,3.06036505083495e-22,1.5197709742136e-20,"RETSAT","2:85341955-85354531","-","protein_coding",4.03168637715356e-21
"ENSG00000135677",2214.86033739342,2.92287535062802,0.308317656263686,3.05878747530315e-22,1.5197709742136e-20,"GNS","12:64713445-64759431","-","protein_coding",4.03168637715356e-21
"ENSG00000131389",4214.04950643703,3.03499891255241,0.321119383094649,3.09304540040355e-22,1.53073969456273e-20,"SLC6A6","3:14402576-14489349","+","protein_coding",4.06078447229864e-21
"ENSG00000123146",781.248862231468,3.11067994911546,0.328972856748632,3.4671316840621e-22,1.6993295866962e-20,"ADGRE5","19:14380501-14408725","+","protein_coding",4.50802394651743e-21
"ENSG00000134313",981.956550179572,2.817979076278,0.297553387858437,3.46897950367018e-22,1.6993295866962e-20,"KIDINS220","2:8721081-8837630","-","protein_coding",4.50802394651743e-21
"ENSG00000135506",2958.81800857468,3.07221846757628,0.32471250663219,3.4530169742013e-22,1.6993295866962e-20,"OS9","12:57693955-57721557","+","protein_coding",4.50802394651743e-21
"ENSG00000160796",1627.84876301257,2.76858598784581,0.292212781879721,3.48433003019221e-22,1.7010828806185e-20,"NBEAL2","3:46979683-47009704","+","protein_coding",4.51267512840052e-21
"ENSG00000167978",11377.9126119259,2.85478849647728,0.303537686081964,3.51850934499377e-22,1.71198580957929e-20,"SRRM2","16:2752626-2772538","+","protein_coding",4.54159869050831e-21
"ENSG00000158805",789.216224201922,2.93580006794114,0.310464074221984,3.62643786183586e-22,1.75857897789899e-20,"ZNF276","16:89720400-89740925","+","protein_coding",4.66520221049274e-21
"ENSG00000215769",177.457924017654,3.30084321051091,0.348975727298236,3.69292406152549e-22,1.78483095696003e-20,"ARHGAP27P1-BPTFP1-KPNA2P3","17:64749663-64781707","-","lncRNA",4.73484411585185e-21
"ENSG00000163482",434.2249726753,2.86282292987871,0.302836518315444,3.98987728455127e-22,1.92192388796835e-20,"STK36","2:218672069-218702716","+","protein_coding",5.09852766536581e-21
"ENSG00000145882",184.48886604841,3.08776953991815,0.326674882099902,4.11188647858552e-22,1.97411533229367e-20,"PCYOX1L","5:149358037-149369653","+","protein_coding",5.23698243168297e-21
"ENSG00000238105",167.686525361288,3.5837652309553,0.380228724293405,4.13854482295286e-22,1.98033480915536e-20,"GOLGA2P5","12:100156357-100173659","-","transcribed_unprocessed_pseudogene",5.25348161515322e-21
"ENSG00000106397",1008.67604700413,3.10274972094111,0.32964467158045,5.21128911862617e-22,2.48542373113092e-20,"PLOD3","7:101205977-101218420","-","protein_coding",6.5933941154783e-21
"ENSG00000130702",11475.5060780568,3.09210579076422,0.327976001046481,5.5713079105451e-22,2.64838719129234e-20,"LAMA5","20:62307955-62367312","-","protein_coding",7.0257076505138e-21
"ENSG00000142798",2838.33702494221,2.99402682312624,0.318105598066682,5.59482001467737e-22,2.65084406662632e-20,"HSPG2","1:21822244-21937310","-","protein_coding",7.03222531072868e-21
"ENSG00000198743",550.017881092172,3.25356882935003,0.346464449961065,5.90144679054025e-22,2.78698717549337e-20,"SLC5A3","21:34073578-34106260","+","protein_coding",7.39338914835668e-21
"ENSG00000115306",8901.18659007288,3.1584699026679,0.33560666124956,6.12923274626297e-22,2.88513167479629e-20,"SPTBN1","2:54456317-54671446","+","protein_coding",7.65374932600574e-21
"ENSG00000169359",525.607231164279,2.85073772398078,0.303194203118455,6.41579601984644e-22,3.01021650268834e-20,"SLC33A1","3:155821024-155854456","-","protein_coding",7.98557747982472e-21
"ENSG00000144802",558.695082724502,3.24594558998419,0.346102210105787,6.5278278846042e-22,3.05286863302315e-20,"NFKBIZ","3:101827991-101861022","+","protein_coding",8.09872611586601e-21
"ENSG00000100600",1087.77070949937,3.22119605070436,0.343732285372067,7.36223001190456e-22,3.43198664200106e-20,"LGMN","14:92703807-92748679","-","protein_coding",9.10445983368539e-21
"ENSG00000251664",156.572975498838,3.96963392658136,0.426058779848664,7.50469086591847e-22,3.48714751457839e-20,"PCDHA12","5:140875302-141012347","+","protein_coding",9.25079197339282e-21
"ENSG00000033867",1587.45354279509,3.0635787586287,0.326844036501431,7.91147334026681e-22,3.66438145000627e-20,"SLC4A7","3:27372721-27484420","-","protein_coding",9.72096258143701e-21
"ENSG00000198732",372.081950308914,2.73952941083912,0.291814627268114,7.97837333891332e-22,3.68356144155388e-20,"SMOC1","14:69854131-70032366","+","protein_coding",9.77184374178843e-21
"ENSG00000154358",955.139919306755,3.171215589148,0.338709254536347,8.15594129335005e-22,3.75355119841406e-20,"OBSCN","1:228208063-228378876","+","protein_coding",9.95751431588234e-21
"ENSG00000125730",240.365021115279,3.84523645913401,0.41247036681282,9.65799912622861e-22,4.43072207533745e-20,"C3","19:6677704-6730562","-","protein_coding",1.17539301218296e-20
"ENSG00000255152",331.775264712373,4.04557310231438,0.435553852874025,1.03296441677632e-21,4.7238508819097e-20,"MSH5-SAPCD1","6:31740020-31764851","+","protein_coding",1.25315495370314e-20
"ENSG00000085514",81.3979992966418,4.50842518156882,0.484903082159118,1.20476508561253e-21,5.49213257166771e-20,"PILRA","7:100367530-100400096","+","protein_coding",1.45696663815886e-20
"ENSG00000135047",14333.047797285,3.05626281180567,0.328927236988451,1.46832338177775e-21,6.67256012266363e-20,"CTSL","9:87726109-87731469","+","protein_coding",1.77011340548869e-20
"ENSG00000159403",591.048978355565,2.97916116220944,0.320206012573407,1.52354336199558e-21,6.90179470978e-20,"C1R","12:7080214-7092540","-","protein_coding",1.83092532897787e-20
"ENSG00000188811",253.447166670139,2.88803966887518,0.310455319064438,1.63313394329349e-21,7.37513081704195e-20,"NHLRC3","13:39038306-39050109","+","protein_coding",1.95649311306128e-20
"ENSG00000273373",82.0842579721775,5.44986844510887,0.58769266292815,1.75862799483699e-21,7.91711313189697e-20,"AL355488.1","1:110370154-110373003","+","lncRNA",2.10027153445071e-20
"ENSG00000090006",2097.67008777616,2.77795112760869,0.298961580768821,1.98198109278676e-21,8.89490955647873e-20,"LTBP4","19:40592883-40629818","+","protein_coding",2.35966381075442e-20
"ENSG00000284981",75.9457424136408,4.25035986931843,0.457439683781519,2.0914161670345e-21,9.35698298136706e-20,"AC093668.2","7:102538417-102543849","-","protein_coding",2.48224380234368e-20
"ENSG00000279759",151.153785071047,5.00715358591737,0.543174138871474,2.27200021563292e-21,1.01335417025035e-19,"AC118344.2","19:40355842-40360606","+","TEC",2.68825123834473e-20
"ENSG00000228727",133.125128288119,4.69434876196264,0.507854128911527,2.28877559020364e-21,1.01769526320101e-19,"SAPCD1","6:31762996-31764851","+","protein_coding",2.69976739808727e-20
"ENSG00000273038",718.065546875941,3.39339609958144,0.367331228610487,2.35179095285979e-21,1.04250708772321e-19,"AL365203.2","10:32887255-32889311","-","lncRNA",2.76558882553641e-20
"ENSG00000177728",2505.41127508429,2.75099868014977,0.296721429658523,2.40287205385363e-21,1.06189309022137e-19,"TMEM94","17:75441159-75500452","+","protein_coding",2.81701649687993e-20
"ENSG00000204262",5362.78283716394,2.91019650915205,0.31434967622547,2.47855218871311e-21,1.09199870972845e-19,"COL5A2","2:189031898-189225312","-","protein_coding",2.89688143580947e-20
"ENSG00000156535",1392.29700952276,2.95850371737581,0.319801405885545,2.68638673383129e-21,1.17996883558042e-19,"CD109","6:73695785-73828316","+","protein_coding",3.13025078159356e-20
"ENSG00000163660",1509.36136682214,2.83991527120428,0.307083187509547,2.75694870123211e-21,1.20729289943955e-19,"CCNL1","3:157146508-157160760","-","protein_coding",3.2027367402666e-20
"ENSG00000075275",1647.99989590409,2.82237197797124,0.305549421138376,3.02043514684806e-21,1.31076000922226e-19,"CELSR1","22:46360834-46537170","-","protein_coding",3.47721687186028e-20
"ENSG00000163162",682.459293961396,3.04305597452117,0.32967289064779,3.01516741184022e-21,1.31076000922226e-19,"RNF149","2:101271219-101308701","-","protein_coding",3.47721687186028e-20
"ENSG00000265787",77.228641118451,4.58031515810943,0.497394967713964,3.03172485047379e-21,1.31172023395798e-19,"CYP4F35P","18:14337423-14342524","+","transcribed_unprocessed_pseudogene",3.47976418000848e-20
"ENSG00000006025",343.008614557458,2.83956149153058,0.307530957847454,3.14482028498349e-21,1.35659098323273e-19,"AC003665.1","17:47807372-47821834","-","protein_coding",3.59879842375516e-20
"ENSG00000196338",117.151541572893,3.78549784740329,0.412570075824243,3.48025271046809e-21,1.49681940235043e-19,"NLGN3","X:71144831-71171201","+","protein_coding",3.97079987439422e-20
"ENSG00000137868",851.429865776777,3.01575089666863,0.327405996298945,3.59726863025614e-21,1.54255575595939e-19,"STRA6","15:74179466-74212267","-","protein_coding",4.09213041492606e-20
"ENSG00000088812",1440.42530662801,2.8329087334881,0.307336924567669,3.74657627865317e-21,1.60182762730228e-19,"ATRN","20:3471018-3651118","+","protein_coding",4.24936831477815e-20
"ENSG00000272068",332.481513925812,2.81699649962546,0.305740482623512,3.99123905269481e-21,1.70139809883459e-19,"AL365181.2","1:156637783-156641004","-","lncRNA",4.51351134715269e-20
"ENSG00000185864",840.172782620299,2.84033971741975,0.308503136945186,4.15420988211751e-21,1.76566138254353e-19,"NPIPB4","16:21834569-21880827","-","protein_coding",4.68399059032586e-20
"ENSG00000064601",1707.82968441939,2.95923043376155,0.32202633386411,4.60917247500258e-21,1.94757752737609e-19,"CTSA","20:45890144-45898820","+","protein_coding",5.16658228035681e-20
"ENSG00000185829",567.417087662254,3.06652953404263,0.333842625677507,4.60894487795898e-21,1.94757752737609e-19,"ARL17A","17:46516702-46579682","-","protein_coding",5.16658228035681e-20
"ENSG00000117394",2570.99674463837,3.02316083780534,0.329320911043077,4.95930354662166e-21,2.08941386449649e-19,"SLC2A1","1:42925375-42959176","-","protein_coding",5.54284925601054e-20
"ENSG00000281026",78.1808899977802,4.45141569044985,0.486855463157588,5.39429905902455e-21,2.26607603784778e-19,"N4BP2L2-IT2","13:32504506-32509395","-","lncRNA",6.01150307934553e-20
"ENSG00000187498",357.311775336602,3.60722909672679,0.395280998090245,5.72340467378379e-21,2.397360027271e-19,"COL4A1","13:110148963-110307157","-","protein_coding",6.35977652361883e-20
"ENSG00000178038",300.828729439685,3.15037620951478,0.343877538996461,5.85375563170147e-21,2.44487348652364e-19,"ALS2CL","3:46668995-46693704","-","protein_coding",6.4858214143626e-20
"ENSG00000134294",8870.83408333067,2.83343259332174,0.310602558279741,6.20881014965008e-21,2.58569208854736e-19,"SLC38A2","12:46358188-46372773","-","protein_coding",6.85938851694698e-20
"ENSG00000170581",651.87027211028,2.63898306554155,0.288159503775537,7.25111726897398e-21,3.01108895557308e-19,"STAT2","12:56341597-56360167","-","protein_coding",7.98789194461565e-20
"ENSG00000279789",89.8801811112668,6.28276142112473,0.676396554791969,7.52372039365065e-21,3.11533763348555e-19,"AC120114.3","16:29913144-29915337","-","TEC",8.26444543965358e-20
"ENSG00000179698",70.8201982350305,4.72638185358708,0.516222318356477,7.55259368783291e-21,3.11835803951067e-19,"WDR97","8:144107726-144118315","+","protein_coding",8.27245804815287e-20
"ENSG00000196547",1471.91961869711,2.84766195839744,0.311688545221234,7.95501999557349e-21,3.27515652296389e-19,"MAN2A2","15:90902218-90922584","+","protein_coding",8.68841697908573e-20
"ENSG00000215182",1046.02987254626,2.71500842719146,0.297355953195388,9.06926343065242e-21,3.72329334762381e-19,"MUC5AC","11:1157953-1201138","+","protein_coding",9.87724553400477e-20
"ENSG00000089597",5696.42465535667,3.00367393074232,0.330374099428325,9.18394787638553e-21,3.75969492242627e-19,"GANAB","11:62624826-62646726","-","protein_coding",9.97381254030252e-20
"ENSG00000088836",339.991064522313,3.33188981547785,0.366293714582956,9.49870696963348e-21,3.87756537904445e-19,"SLC4A11","20:3227417-3239559","-","protein_coding",1.02865022299199e-19
"ENSG00000101751",505.377917144487,2.84103911144596,0.311956784989699,1.00595977548398e-20,4.09496470859691e-19,"POLI","18:54269404-54321266","+","protein_coding",1.08632245981126e-19
"ENSG00000064651",1864.0004665643,2.47510006812663,0.271472441590214,1.19164325601691e-20,4.81017784712302e-19,"SLC12A2","5:128083766-128189677","+","protein_coding",1.27605598652564e-19
"ENSG00000117984",8459.75866554891,3.10594346518219,0.34164998143319,1.20495793839219e-20,4.8503752556283e-19,"CTSD","11:1752755-1764573","-","protein_coding",1.28671965539532e-19
"ENSG00000055732",178.626644429115,3.45971021588689,0.382463818850257,1.21970222148322e-20,4.89608800073722e-19,"MCOLN3","1:85018082-85048500","-","protein_coding",1.29884644652668e-19
"ENSG00000161996",691.43000578855,2.8997852368569,0.319353430047303,1.26633153593169e-20,5.06918477167559e-19,"WDR90","16:649311-667833","+","protein_coding",1.34476599000807e-19
"ENSG00000143127",105.708691232198,3.47669132558503,0.383876514678623,1.33074275746134e-20,5.31231038344582e-19,"ITGA10","1:145891208-145910111","-","protein_coding",1.40926295919241e-19
"ENSG00000157637",2215.81920812819,3.07774867098401,0.339500194364216,1.37687576372902e-20,5.48133103626669e-19,"SLC38A10","17:81244811-81295547","-","protein_coding",1.45410117988472e-19
"ENSG00000274925",81.7604650531676,3.94949152324593,0.436883980796585,1.48969320609972e-20,5.91416387949093e-19,"ZKSCAN2-DT","16:25257952-25261066","+","lncRNA",1.56892415697933e-19
"ENSG00000242294",335.096227585006,3.35045132704299,0.371002326224294,1.65745550877994e-20,6.54423211950244e-19,"STAG3L5P","7:100336079-100351900","+","transcribed_unprocessed_pseudogene",1.73607023247573e-19
"ENSG00000178209",16649.5016341274,2.96538401504646,0.32878846393473,1.90304510458942e-20,7.49343455215851e-19,"PLEC","8:143915147-143976734","-","protein_coding",1.98787702322463e-19
"ENSG00000135048",3509.94670688959,2.75242224048961,0.304288763690086,1.96016006498476e-20,7.67649677482244e-19,"CEMIP2","9:71683366-71816690","-","protein_coding",2.03644022661569e-19
"ENSG00000158201",570.927640918178,2.72410970876019,0.301222966851898,1.95912025529603e-20,7.67649677482244e-19,"ABHD3","18:21650901-21704780","-","protein_coding",2.03644022661569e-19
"ENSG00000134824",11272.5496977125,2.68092293289545,0.29725262615538,2.21980517510317e-20,8.66983907713942e-19,"FADS2","11:61792980-61867354","+","protein_coding",2.29995655217086e-19
"ENSG00000075213",645.490123768358,2.80219817089867,0.310242349804769,2.25504087924307e-20,8.78371852990338e-19,"SEMA3A","7:83955777-84492724","-","protein_coding",2.33016677766774e-19
"ENSG00000241322",142.578127506985,3.16017262761639,0.351026025603663,2.3491739610929e-20,9.12578304079394e-19,"CDRT1","17:15565483-15619512","-","protein_coding",2.42091050498355e-19
"ENSG00000104783",529.122187669863,3.1463148298171,0.349669462350867,2.40722247248615e-20,9.32621231900732e-19,"KCNN4","19:43766533-43781257","-","protein_coding",2.47408088422268e-19
"ENSG00000213983",1132.27417251143,2.75329003659263,0.306255475611662,3.17314225044473e-20,1.2260716219566e-18,"AP1G2","14:23559565-23568070","-","protein_coding",3.25255340411722e-19
"ENSG00000196421",98.9732715478714,4.49663527546126,0.505957119795665,3.44077296673293e-20,1.3259362704602e-18,"C20orf204","20:64034344-64039962","+","protein_coding",3.51747683650448e-19
"ENSG00000213614",2693.34551755985,3.01692335112176,0.336715642364044,3.56874314320084e-20,1.37159327559562e-18,"HEXA","15:72340919-72376476","-","protein_coding",3.638596879425e-19
"ENSG00000120885",15106.3465240787,2.99154971844329,0.333463328510881,3.77309539804903e-20,1.44628651451476e-18,"CLU","8:27596917-27615031","-","protein_coding",3.83674496813395e-19
"ENSG00000147437",75.1601003356263,5.3160064363103,0.594623117327493,3.90705770520008e-20,1.49367436237689e-18,"GNRH1","8:25419258-25424654","-","protein_coding",3.96245663384544e-19
"ENSG00000162004",187.11317012221,3.55826895123474,0.399440299595025,4.18299981321873e-20,1.59494802904549e-18,"CCDC78","16:722582-726954","-","protein_coding",4.23111794479293e-19
"ENSG00000181523",380.6702023536,3.21987658450668,0.360999232189311,4.4416737139163e-20,1.68912175894222e-18,"SGSH","17:80206716-80220923","-","protein_coding",4.48094436624231e-19
"ENSG00000169203",546.465623102705,2.89354618445026,0.323720318681507,4.51803008567182e-20,1.70916368502732e-18,"NPIPB12","16:29483642-29505999","-","protein_coding",4.53411208805052e-19
"ENSG00000215158",82.605026356525,4.30062997552098,0.481288410033501,4.50969063035394e-20,1.70916368502732e-18,"AC138409.2","5:34164698-34244796","-","transcribed_unprocessed_pseudogene",4.53411208805052e-19
"ENSG00000248527",6339.9638187287,2.53796607594791,0.28331256776713,4.87393983194124e-20,1.83898967392645e-18,"MTATP6P1","1:633696-634376","+","unprocessed_pseudogene",4.87851771213868e-19
"ENSG00000287431",137.278909743105,3.53095737313445,0.396877712377473,4.88979419368184e-20,1.84016708054417e-18,"AC027601.6","17:81339183-81345966","-","lncRNA",4.88164116580479e-19
"ENSG00000178809",74.2932108139891,4.44768101582289,0.499514316262175,5.19012510413752e-20,1.94306989326143e-18,"TRIM73","7:75395063-75410996","+","protein_coding",5.15462431605718e-19
"ENSG00000196074",145.528108389387,3.05339318568519,0.342167241711521,5.18329256295094e-20,1.94306989326143e-18,"SYCP2","20:59863564-59933655","-","protein_coding",5.15462431605718e-19
"ENSG00000162736",712.277399136421,2.86547410135834,0.32113693339297,5.42787394996971e-20,2.02682704007784e-18,"NCSTN","1:160343316-160358952","+","protein_coding",5.37681736589067e-19
"ENSG00000167772",750.52687367939,3.54271969208035,0.398972692551792,5.79721939102017e-20,2.15916539741321e-18,"ANGPTL4","19:8363289-8374370","+","protein_coding",5.72788786368063e-19
"ENSG00000146067",940.102654947957,2.81225478011217,0.315814371239664,6.60834432816253e-20,2.45494045980146e-18,"FAM193B","5:177519789-177554563","-","protein_coding",6.51252733236735e-19
"ENSG00000184381",246.5848176594,3.2346691841001,0.364617495752452,6.70536668514872e-20,2.48459625556626e-18,"PLA2G6","22:38111495-38214778","-","protein_coding",6.59119896764481e-19
"ENSG00000154265",276.257217910866,3.47429158346209,0.392334189274887,6.84311738931724e-20,2.52915318140725e-18,"ABCA5","17:69244311-69327244","-","protein_coding",6.7094006927527e-19
"ENSG00000179406",193.67012734341,3.29913282133525,0.37203436178646,7.01922479647507e-20,2.58762289627197e-18,"LINC00174","7:66376044-66493566","-","lncRNA",6.86451061187597e-19
"ENSG00000206530",205.385156395072,3.77925352996958,0.427896646455406,7.08956808122063e-20,2.60690453795723e-18,"CFAP44","3:113286930-113441610","-","protein_coding",6.91566143224997e-19
"ENSG00000137801",1721.97703566243,3.52505447705501,0.397500416918538,7.11112028688098e-20,2.60819287476439e-18,"THBS1","15:39581079-39599466","+","protein_coding",6.91907916429166e-19
"ENSG00000196950",1160.70695238219,2.5497254674301,0.286574130449413,8.32206804142925e-20,3.03692437542157e-18,"SLC39A10","2:195575977-195737702","+","protein_coding",8.0564287912975e-19
"ENSG00000186204",217.00709323097,3.95107627469474,0.446244975946695,8.42565299615354e-20,3.06698013721448e-18,"CYP4F12","19:15672757-15697174","+","protein_coding",8.13616146643835e-19
"ENSG00000166471",1723.7283061408,2.94512318892615,0.332233932635425,9.05503778129368e-20,3.28779776325314e-18,"TMEM41B","11:9280654-9314636","-","protein_coding",8.72195197687767e-19
"ENSG00000162695",331.43767156939,2.88993822466982,0.326254997962853,9.15419255261277e-20,3.30865570634639e-18,"SLC30A7","1:100896076-100981757","+","protein_coding",8.77728444897466e-19
"ENSG00000186866",822.981022010893,2.87098714822572,0.32381833974468,9.1582747390392e-20,3.30865570634639e-18,"POFUT2","21:45263928-45287898","-","protein_coding",8.77728444897466e-19
"ENSG00000185324",1269.66846253855,3.03177636377985,0.342492520530956,9.57928724578718e-20,3.45212668301423e-18,"CDK10","16:89680737-89696354","+","protein_coding",9.15788783722397e-19
"ENSG00000142173",177.353271524981,3.51466261084517,0.398260752315224,9.75176907354714e-20,3.50554265875198e-18,"COL6A2","21:46098097-46132849","+","protein_coding",9.29959107103899e-19
"ENSG00000139641",1349.66814495278,2.92394379932672,0.330197082086228,9.88346847487711e-20,3.54406955162405e-18,"ESYT1","12:56118250-56144671","+","protein_coding",9.4017961741643e-19
"ENSG00000127948",2873.07381468606,3.01708407140927,0.340803458644798,1.02585011007397e-19,3.66944552987104e-18,"POR","7:75899200-75986855","+","protein_coding",9.73439669891262e-19
"ENSG00000106804",1409.37989709872,2.49200691898284,0.280816650111957,1.06695258697453e-19,3.80704489737505e-18,"C5","9:120952335-121050276","-","protein_coding",1.00994237358041e-18
"ENSG00000075568",921.496883349394,2.61431788641649,0.295001335186847,1.09295590223021e-19,3.89022308944057e-18,"TMEM131","2:97756333-97995948","-","protein_coding",1.03200809200225e-18
"ENSG00000255031",190.700332362078,3.91364988796891,0.445660101498529,1.16463967631463e-19,4.13518623155351e-18,"AP002807.1","11:68050740-68053762","+","lncRNA",1.09699252582278e-18
"ENSG00000102595",280.18610933853,3.01203710932117,0.341439688313177,1.27587627383844e-19,4.51904118461748e-18,"UGGT2","13:95801580-96053482","-","protein_coding",1.1988225259563e-18
"ENSG00000198556",215.324800341681,3.2586070762481,0.370485906906921,1.29536005640634e-19,4.57683329465232e-18,"ZNF789","7:99472890-99503650","+","protein_coding",1.21415376116791e-18
"ENSG00000279861",86.7673811643224,4.55516895653826,0.52122133088131,1.307446996959e-19,4.6082723300133e-18,"AC073548.1","19:47487638-47489519","-","TEC",1.22249398694708e-18
"ENSG00000146094",133.998310683586,3.49111740554379,0.397369538195406,1.34111065413219e-19,4.71542337295968e-18,"DOK3","5:177501907-177511274","-","protein_coding",1.250919283092e-18
"ENSG00000005893",1663.53733658894,2.81151963032452,0.318635640877606,1.37939142846779e-19,4.83824891572526e-18,"LAMP2","X:120427827-120469365","-","protein_coding",1.28350274967588e-18
"ENSG00000145014",353.060604658916,3.00819698339421,0.341749008476367,1.4612533632455e-19,5.11297151386459e-18,"TMEM44","3:194587673-194633689","-","protein_coding",1.35638184627711e-18
"ENSG00000213398",208.163908559798,3.34093234310152,0.380446863330362,1.46971044502748e-19,5.130141459201e-18,"LCAT","16:67939750-67944131","-","protein_coding",1.36093673223584e-18
"ENSG00000172269",658.07931030402,2.79929292683261,0.318079341039726,1.6785831861692e-19,5.84510978875448e-18,"DPAGT1","11:119096503-119108331","-","protein_coding",1.55060531541486e-18
"ENSG00000182752",2725.4359917634,2.67183892357991,0.303314024808696,1.72861236340889e-19,6.00485030375525e-18,"PAPPA","9:116153791-116402321","+","protein_coding",1.59298167798103e-18
"ENSG00000188234",360.672437204972,2.84601861447385,0.324061875607048,1.89574371730284e-19,6.56963847931496e-18,"AGAP4","10:45825594-45853875","-","protein_coding",1.74281009502655e-18
"ENSG00000082258",1132.55518410191,2.67405659717146,0.304112709745453,1.97606246938326e-19,6.81529325657698e-18,"CCNT2","2:134918235-134959342","+","protein_coding",1.8079780075459e-18
"ENSG00000276550",3127.79371980458,2.72149902011005,0.309682807468637,2.022340729497e-19,6.95829663856219e-18,"HERC2P2","15:22495570-22590815","+","transcribed_unprocessed_pseudogene",1.8459143016862e-18
"ENSG00000244754",1228.85817571364,2.85914507799712,0.325862401204589,2.0730991320424e-19,7.11599894468996e-18,"N4BP2L2","13:32432417-32538885","-","protein_coding",1.88774996311473e-18
"ENSG00000118257",1596.90751011574,2.83907789230439,0.323737196308456,2.20122887225209e-19,7.53790484192298e-18,"NRP2","2:205681990-205798133","+","protein_coding",1.99967421270077e-18
"ENSG00000166598",14975.1852148491,3.10949293348013,0.35518661789703,2.31812459879116e-19,7.91943701587024e-18,"HSP90B1","12:103930107-103953645","+","protein_coding",2.10088802019206e-18
"ENSG00000108799",924.02939375396,2.61963662268778,0.298502932923419,2.32705449324515e-19,7.93119445327493e-18,"EZH1","17:42700275-42745049","-","protein_coding",2.10400706253587e-18
"ENSG00000114771",749.793395217791,2.6065274624385,0.296986410716579,2.37919471874102e-19,8.08982185424153e-18,"AADAC","3:151814073-151828488","+","protein_coding",2.14608813543248e-18
"ENSG00000124067",948.196284841764,2.65530277210097,0.303030303500361,2.57304899694519e-19,8.72843451991901e-18,"SLC12A4","16:67943474-67969601","-","protein_coding",2.31550089749828e-18
"ENSG00000285943",178.966553379672,3.25707892009066,0.373757834298378,2.64356948841288e-19,8.94665636464976e-18,"AC112128.1","3:113361901-113515151","-","protein_coding",2.37339133319722e-18
"ENSG00000125304",1630.44752373472,2.977438418599,0.340866114395095,2.6646360970982e-19,8.99688229887057e-18,"TM9SF2","13:99446311-99564006","+","protein_coding",2.38671539440208e-18
"ENSG00000044446",1320.81719726026,2.62148384907059,0.299246107925646,2.6980318197836e-19,9.08840508804027e-18,"PHKA2","X:18892300-18984598","-","protein_coding",2.41099478837363e-18
"ENSG00000279088",235.217155757718,3.86175929688535,0.444657871734546,2.70931013105736e-19,9.10517225672322e-18,"AC022400.8","10:73742995-73744230","-","TEC",2.41544282473631e-18
"ENSG00000161509",76.9440176931489,4.53729864387667,0.518271203237998,2.87912754369394e-19,9.65342740926243e-18,"GRIN2C","17:74842023-74861504","-","protein_coding",2.56088532016496e-18
"ENSG00000259820",80.5255592929284,4.47467796039322,0.515447721733971,2.98738495566201e-19,9.9701385668064e-18,"AC083843.3","8:134792020-134798272","-","lncRNA",2.64490324661755e-18
"ENSG00000141458",1368.86142201187,3.12613897581325,0.358880647773465,3.01750560397371e-19,1.00474593278857e-17,"NPC1","18:23506184-23586506","-","protein_coding",2.66541509112596e-18
"ENSG00000165272",198.476499674711,2.95123438860952,0.337893254540727,3.06548768522117e-19,1.01837615032485e-17,"AQP3","9:33441156-33447596","-","protein_coding",2.70157367244581e-18
"ENSG00000185164",3146.81638674142,3.0834144414884,0.353254661745684,3.07750341920193e-19,1.0200229796075e-17,"NOMO2","16:18417325-18562211","-","protein_coding",2.70594242227524e-18
"ENSG00000008300",784.78617057676,2.80410575806687,0.321225539230395,3.13999877601723e-19,1.03835520165275e-17,"CELSR3","3:48636463-48662886","-","protein_coding",2.75457459852864e-18
"ENSG00000278600",105.771639999214,3.86567128764816,0.445403370209604,3.30799815599107e-19,1.09141281626089e-17,"AC015871.3","15:79920195-79922455","-","lncRNA",2.89532716299356e-18
"ENSG00000118762",959.693209310444,2.94226132072939,0.337578362792411,3.32689470474682e-19,1.0951470473416e-17,"PKD2","4:88007635-88077777","+","protein_coding",2.90523342441893e-18
"ENSG00000135205",92.5006692239037,3.39195768739895,0.389986086095983,3.72328040909441e-19,1.22284375435962e-17,"CCDC146","7:77122434-77329533","+","protein_coding",3.24399043638142e-18
"ENSG00000174938",417.346351353224,2.99733851168078,0.344808159690834,3.79611432742457e-19,1.24277430232534e-17,"SEZ6L2","16:29871159-29899547","-","protein_coding",3.29686269153431e-18
"ENSG00000260916",1397.46881707421,2.47166948363307,0.283033933022002,3.80116422135353e-19,1.24277430232534e-17,"CCPG1","15:55340032-55408510","-","protein_coding",3.29686269153431e-18
"ENSG00000233695",118.673157282039,3.84503754451356,0.443050067072491,4.06132656022347e-19,1.32483589439705e-17,"GAS6-AS1","13:113815630-113845744","+","lncRNA",3.51455773141639e-18
"ENSG00000172650",110.909426097269,3.28251418126582,0.378146544148092,4.48665482534623e-19,1.46028488470897e-17,"AGAP5","10:73674285-73698159","-","protein_coding",3.87388019401465e-18
"ENSG00000163536",196.336914663159,3.04469952373179,0.350714689361653,4.58405605262921e-19,1.4886335734055e-17,"SERPINI1","3:167735243-167825568","+","protein_coding",3.94908430303318e-18
"ENSG00000138613",429.896882111995,2.85598948880925,0.329303296945305,4.80688533403696e-19,1.55749551484682e-17,"APH1B","15:63276018-63309126","+","protein_coding",4.13176298023121e-18
"ENSG00000197121",395.615825708517,2.65392108271365,0.305335348220969,4.92497122284589e-19,1.59218700539924e-17,"PGAP1","2:196833004-196927796","-","protein_coding",4.22379343234307e-18
"ENSG00000196576",2766.55854241318,2.61491227071814,0.301022735229056,5.2083798554179e-19,1.68005127880902e-17,"PLXNB2","22:50274979-50307646","-","protein_coding",4.4568819701262e-18
"ENSG00000197140",65.949387448164,4.54170460874511,0.522248006509652,5.26656111158717e-19,1.69503506956673e-17,"ADAM32","8:39106990-39284917","+","protein_coding",4.49663134427598e-18
"ENSG00000131797",237.470005685982,2.77929800451644,0.3207073254026,5.51226521441516e-19,1.77017210252252e-17,"CLUHP3","16:31700590-31711986","+","transcribed_unprocessed_pseudogene",4.69595674088342e-18
"ENSG00000044574",9887.02573144715,3.41665261556092,0.39460711145368,5.53754047074713e-19,1.77434583908574e-17,"HSPA5","9:125234853-125241343","-","protein_coding",4.70702893342378e-18
"ENSG00000167604",271.282286847857,2.78261058048709,0.321061261673501,5.58483313867005e-19,1.78554034705577e-17,"NFKBID","19:35887653-35902303","-","protein_coding",4.73672600360574e-18
"ENSG00000113504",962.220238902194,2.92104616686601,0.337580711331046,5.78441078115778e-19,1.8452653465455e-17,"SLC12A7","5:1050384-1112063","-","protein_coding",4.89516597311682e-18
"ENSG00000135740",112.583465776509,3.19346953444709,0.368924431602059,5.81993132399789e-19,1.85250721504611e-17,"SLC9A5","16:67237683-67272191","+","protein_coding",4.9143773826479e-18
"ENSG00000167525",89.443984058938,3.70995048084188,0.431022039664861,5.94490077285985e-19,1.88812661689226e-17,"PROCA1","17:28703197-28711854","-","protein_coding",5.00886942100241e-18
"ENSG00000169231",398.808149205282,2.64476546718947,0.305315298215853,6.17981935068739e-19,1.95843354028034e-17,"THBS3","1:155195588-155209051","-","protein_coding",5.19538138237868e-18
"ENSG00000137809",97.803563133798,3.37766037164435,0.391109383862678,6.329661461241e-19,1.99716021345838e-17,"ITGA11","15:68296532-68432163","-","protein_coding",5.29811646768663e-18
"ENSG00000185189",438.507803869109,2.57908849721398,0.297634328045901,6.43153435495126e-19,2.02488241750328e-17,"NRBP2","8:143833583-143840973","-","protein_coding",5.37165862258293e-18
"ENSG00000167004",4665.30865613724,3.14634345155103,0.363399922577241,6.62894997427468e-19,2.0824990451792e-17,"PDIA3","15:43746410-43773278","+","protein_coding",5.52450545071684e-18
"ENSG00000166881",1233.1526384246,2.91743281288966,0.337787174962514,6.84824141854594e-19,2.14672313968346e-17,"NEMP1","12:57055643-57088063","-","protein_coding",5.69488073178957e-18
"ENSG00000162341",354.757459818511,2.73550300087233,0.316488632635161,6.91658977493583e-19,2.16345538609519e-17,"TPCN2","11:69048932-69136316","+","protein_coding",5.73926845274356e-18
"ENSG00000171105",232.409493497415,2.95636601125459,0.343118726897447,7.44982298239661e-19,2.32521364835018e-17,"INSR","19:7112255-7294414","-","protein_coding",6.16838480868853e-18
"ENSG00000175548",340.693894723116,2.90448223179228,0.336914814145993,7.71157270188409e-19,2.40172278264929e-17,"ALG10B","12:38316762-38329721","+","protein_coding",6.37135014999013e-18
"ENSG00000101384",2253.47111085954,3.19137316718105,0.371157303552722,8.01355151884497e-19,2.4904050107275e-17,"JAG1","20:10637684-10673999","-","protein_coding",6.60660857833559e-18
"ENSG00000140575",3791.02572526887,2.68477287649732,0.310995372742884,8.12017233367898e-19,2.51812468656641e-17,"IQGAP1","15:90388242-90502239","+","protein_coding",6.68014402634393e-18
"ENSG00000099994",702.196604416153,3.53387572740202,0.411917816884756,8.52813098347952e-19,2.63333377868082e-17,"SUSD2","22:24181487-24189106","+","protein_coding",6.98577358177233e-18
"ENSG00000133858",1039.13318826677,2.58353161829725,0.299244372989052,8.62371737742481e-19,2.65717142475833e-17,"ZFC3H1","12:71609472-71667725","-","protein_coding",7.04901068432579e-18
"ENSG00000179387",417.922688891594,2.81740529927047,0.32710546632874,8.66373484169401e-19,2.66382196164511e-17,"ELMOD2","4:140524168-140553770","+","protein_coding",7.06665339459076e-18
"ENSG00000273230",292.736161488315,2.68856714899743,0.31199926658237,8.76196949084391e-19,2.6883061807258e-17,"AC102953.2","7:1464497-1467522","-","lncRNA",7.13160574214692e-18
"ENSG00000074855",265.240635714016,2.91141105899421,0.338613904579724,9.10493660093458e-19,2.78761522923953e-17,"ANO8","19:17323223-17334855","-","protein_coding",7.39505526501205e-18
"ENSG00000083444",1326.07609680826,2.88081227657239,0.334763910867784,9.13832522240904e-19,2.791922574821e-17,"PLOD1","1:11934205-11975538","+","protein_coding",7.40648189889121e-18
"ENSG00000261556",186.390884721578,3.03406618488067,0.3528653319126,9.18121838839804e-19,2.79910942891857e-17,"SMG1P7","16:70219574-70246612","-","transcribed_unprocessed_pseudogene",7.42554736484061e-18
"ENSG00000070269",300.973374774171,2.68236163601711,0.311863545927473,1.02088776777636e-18,3.10586297518656e-17,"TMEM260","14:56488354-56650606","+","protein_coding",8.23931082961012e-18
"ENSG00000280138",90.4563791755936,5.77111389126823,0.667247694111746,1.03526726939004e-18,3.14299313234358e-17,"AC027290.2","12:122870059-122888720","-","TEC",8.33781063736506e-18
"ENSG00000151176",1125.37353018628,2.72483268227339,0.316835640881961,1.04001345834263e-18,3.15078291121788e-17,"PLBD2","12:113358566-113391629","+","protein_coding",8.35847555721246e-18
"ENSG00000187240",433.729702313998,2.74064547830456,0.318746641914083,1.05123577238309e-18,3.17811885914394e-17,"DYNC2H1","11:103109410-103479863","+","protein_coding",8.43099304223491e-18
"ENSG00000146830",2320.77786495341,2.68086912032902,0.311816953413154,1.09617739623951e-18,3.30669428910459e-17,"GIGYF1","7:100679507-100694037","-","protein_coding",8.77208115235442e-18
"ENSG00000182220",1890.44265638261,2.88906702083998,0.336961383131835,1.09834147032745e-18,3.30669428910459e-17,"ATP6AP2","X:40579372-40606848","+","protein_coding",8.77208115235442e-18
"ENSG00000136731",2263.97579420647,2.77465756671326,0.322954774001439,1.10220865949043e-18,3.31143811606989e-17,"UGGT1","2:128091200-128195677","+","protein_coding",8.78466569494411e-18
"ENSG00000243679",116.820561332528,3.29996826693264,0.385374633848891,1.127249914219e-18,3.37964491916571e-17,"AC018638.5","7:128653969-128654722","+","processed_pseudogene",8.96560640478556e-18
"ENSG00000111897",1586.14857110347,2.87132529672303,0.334585060566254,1.13797858858169e-18,3.40474711875652e-17,"SERINC1","6:122443351-122471807","-","protein_coding",9.03219814646506e-18
"ENSG00000196876",271.187684609549,2.72967902358484,0.317814930677804,1.15694391404976e-18,3.45433812023409e-17,"SCN8A","12:51590266-51812864","+","protein_coding",9.16375439308307e-18
"ENSG00000083857",3285.36734041178,3.03927342962368,0.354612681430952,1.16036931744965e-18,3.45742206318864e-17,"FAT1","4:186587794-186726722","-","protein_coding",9.17193555393476e-18
"ENSG00000174327",194.641387771312,2.85398309318433,0.333665391665756,1.36589427953634e-18,4.06142762007812e-17,"SLC16A13","17:7036075-7040121","+","protein_coding",1.07742565725319e-17
"ENSG00000140284",958.776502488409,3.07416096309838,0.359919119998823,1.38778256616157e-18,4.11803816501045e-17,"SLC27A2","15:50182196-50236385","+","protein_coding",1.09244344392497e-17
"ENSG00000164073",323.497217109486,3.2686381646475,0.383606661690742,1.42811887999142e-18,4.22425197032788e-17,"MFSD8","4:127917732-127966034","-","protein_coding",1.12062010733213e-17
"ENSG00000250644",149.868767403942,3.18482507016739,0.373587678460132,1.42942302504348e-18,4.22425197032788e-17,"AC068580.4","11:1734821-1763954","-","protein_coding",1.12062010733213e-17
"ENSG00000256433",121.166643673392,3.48764950315414,0.40987153972189,1.44814416400227e-18,4.27084312530546e-17,"AC005840.3","12:6393879-6396148","+","lncRNA",1.13297992522615e-17
"ENSG00000247373",91.8813655103426,3.50725413963409,0.41193447958953,1.48760006028217e-18,4.37827056438648e-17,"AC055713.1","12:123575891-123585115","-","lncRNA",1.16147854442761e-17
"ENSG00000161638",627.698923979867,2.60567303433332,0.304472830833859,1.57903454714964e-18,4.63793256928036e-17,"ITGA5","12:54395261-54419266","-","protein_coding",1.2303623292582e-17
"ENSG00000283189",79.430437734432,4.21016158365974,0.495477294764091,1.70803350959134e-18,5.00665157142078e-17,"AC104452.1","3:49416777-49429314","-","protein_coding",1.32817702654812e-17
"ENSG00000163956",1568.80101906424,2.96901156139163,0.348373017493677,1.71753626461007e-18,5.02431509309314e-17,"LRPAP1","4:3503612-3532446","-","protein_coding",1.33286284966932e-17
"ENSG00000196123",388.640685856525,2.57512104786567,0.301252377981971,1.75208596540351e-18,5.11502914869619e-17,"KIAA0895L","16:67175599-67184040","-","protein_coding",1.35692770078154e-17
"ENSG00000101337",1379.45177381391,2.7188193781245,0.318178516357002,1.78938631496228e-18,5.21339145917739e-17,"TM9SF4","20:32109506-32167258","+","protein_coding",1.38302150003952e-17
"ENSG00000072682",771.947702961492,3.15082689872219,0.37042988599208,1.83503234319626e-18,5.33562422364771e-17,"P4HA2","5:132191838-132295315","-","protein_coding",1.41544771291754e-17
"ENSG00000140545",2657.1208259266,3.28660541236376,0.385759560073189,1.84652423461909e-18,5.35825737238563e-17,"MFGE8","15:88898683-88913381","-","protein_coding",1.42145189111195e-17
"ENSG00000267281",115.77310774557,4.0930359494742,0.482343356138314,2.00771843185248e-18,5.81433648470945e-17,"ATF7-NPFF","12:53506688-53625979","-","protein_coding",1.542441696501e-17
"ENSG00000106479",380.031563207079,2.69097331282918,0.315688047650689,2.05238426590302e-18,5.93180100531292e-17,"ZNF862","7:149838375-149867479","+","protein_coding",1.57360297774345e-17
"ENSG00000155660",5082.85507726097,3.03739063909631,0.357021545212979,2.13393344327992e-18,6.15518406962836e-17,"PDIA4","7:149003062-149028662","-","protein_coding",1.63286259465734e-17
"ENSG00000071553",2205.64084659716,3.03262211385325,0.356770078026371,2.20336719484366e-18,6.33019072220393e-17,"ATP6AP1","X:154428645-154436516","+","protein_coding",1.67928879630691e-17
"ENSG00000171163",1012.67121362264,2.9814667161649,0.350902790707766,2.19909195700866e-18,6.33019072220393e-17,"ZNF692","1:248850006-248859144","-","protein_coding",1.67928879630691e-17
"ENSG00000106404",517.264503418932,2.60326841821426,0.30580493020148,2.30908640776065e-18,6.62075549177563e-17,"CLDN15","7:101232092-101238820","-","protein_coding",1.7563705436912e-17
"ENSG00000204531",102.010637778193,3.67378464509723,0.434099381967769,2.35450084732475e-18,6.73760232568117e-17,"POU5F1","6:31164337-31180731","-","protein_coding",1.78736796346454e-17
"ENSG00000153132",139.720682832885,3.32692615720671,0.393061749239763,2.43463995731421e-18,6.95315850259835e-17,"CLGN","4:140388453-140427661","-","protein_coding",1.84455124415182e-17
"ENSG00000204248",76.8104516643684,3.6592054651772,0.432435176181104,2.51594737155664e-18,7.17119437206411e-17,"COL11A2","6:33162681-33192499","-","protein_coding",1.90239234386823e-17
"ENSG00000188549",359.960712496785,2.84240221958309,0.335180664713032,2.63527291415835e-18,7.49652143356346e-17,"CCDC9B","15:40331452-40340967","-","protein_coding",1.98869591882925e-17
"ENSG00000236255",108.888878165004,3.68760904254389,0.437470438575073,2.69697551994366e-18,7.65697313137639e-17,"AC009404.1","2:117833937-117841658","+","lncRNA",2.03126094574709e-17
"ENSG00000005884",5415.10662783263,2.76599005182045,0.326040042204093,2.70247689715552e-18,7.65754777270478e-17,"ITGA3","17:50055968-50090481","+","protein_coding",2.03141338803312e-17
"ENSG00000137261",712.682157422198,2.57165613599298,0.302749359040996,2.792099524207e-18,7.89601374252746e-17,"KIAA0319","6:24544104-24646191","-","protein_coding",2.09467423577015e-17
"ENSG00000033627",1960.58299157637,2.5487060316315,0.299965365624834,2.91943804287433e-18,8.23999983546424e-17,"ATP6V0A1","17:42458844-42522611","+","protein_coding",2.18592772516786e-17
"ENSG00000134250",852.060693842129,3.08847473072321,0.365263825644179,2.97039368777295e-18,8.36747742339316e-17,"NOTCH2","1:119911553-120100779","-","protein_coding",2.21974529790518e-17
"ENSG00000105519",178.350426093058,2.88238002161703,0.34080765453063,3.10017508492749e-18,8.71607590511425e-17,"CAPS","19:5911375-5915877","+","protein_coding",2.31222237331311e-17
"ENSG00000102359",71.1963993061042,3.66627073625759,0.43318892103496,3.28975643216077e-18,9.23112042740879e-17,"SRPX2","X:100644195-100675788","+","protein_coding",2.44885466984956e-17
"ENSG00000118705",3410.81480769489,3.03037479978562,0.359320471199392,3.67660724918939e-18,1.02966378600845e-16,"RPN2","20:37178410-37241619","+","protein_coding",2.73151779415097e-17
"ENSG00000091409",1080.11190145994,2.71172598260235,0.320948445618155,3.82801921168095e-18,1.0699943061509e-16,"ITGA6","2:172427354-172506459","+","protein_coding",2.83850760472159e-17
"ENSG00000185896",2779.39770403706,3.03448019740677,0.360574391134828,4.00003120607116e-18,1.11591604167827e-16,"LAMP1","13:113297239-113323672","+","protein_coding",2.96032993103411e-17
"ENSG00000134569",396.928056446058,2.74745033647271,0.325671019236301,4.13442736996965e-18,1.15118708908346e-16,"LRP4","11:46856717-46918642","-","protein_coding",3.05389784603198e-17
"ENSG00000160336",636.47275938773,2.38084963647156,0.281358595940211,4.21088061988954e-18,1.16797381646879e-16,"ZNF761","19:53445001-53458261","+","protein_coding",3.09843009547268e-17
"ENSG00000169432",273.751022895013,2.74385728280499,0.32509514207006,4.20491592984263e-18,1.16797381646879e-16,"SCN9A","2:166195185-166376001","-","protein_coding",3.09843009547268e-17
"ENSG00000103512",2855.30794193918,2.99521613949202,0.355423239807733,4.22054860045547e-18,1.16841279358586e-16,"NOMO1","16:14833721-14896157","+","protein_coding",3.09959462492667e-17
"ENSG00000144026",680.993793578809,2.55408215153964,0.302668833245178,4.5622826821274e-18,1.26060319387042e-16,"ZNF514","2:95145000-95165413","-","protein_coding",3.34415962007268e-17
"ENSG00000254206",140.778677780565,2.92328659093395,0.346963584937879,4.71206686279928e-18,1.29950530981512e-16,"NPIPB11","16:29381354-29404029","-","protein_coding",3.44736012433146e-17
"ENSG00000143387",145.2756456128,3.17224675139489,0.378254095583467,4.81530132912615e-18,1.32544608585147e-16,"CTSK","1:150796208-150808260","-","protein_coding",3.51617646253836e-17
"ENSG00000125434",479.789453158621,2.69051782640388,0.319606666964278,4.87450285222343e-18,1.33919088816503e-16,"SLC25A35","17:8287763-8295400","-","protein_coding",3.55263901721569e-17
"ENSG00000146648",3721.3527342332,3.02806175021506,0.360418293614562,5.25456911624383e-18,1.440868658422e-16,"EGFR","7:55019017-55211628","+","protein_coding",3.82237234424972e-17
"ENSG00000166106",189.107371797527,2.93272221368261,0.34982528616549,5.80199957181935e-18,1.58796772371897e-16,"ADAMTS15","11:130448974-130476641","+","protein_coding",4.21260041657927e-17
"ENSG00000165029",346.758246315336,2.79832611979216,0.333393893341989,5.82791240916804e-18,1.59204465453473e-16,"ABCA1","9:104781006-104928155","-","protein_coding",4.22341580041632e-17
"ENSG00000215788",62.7426770231807,4.41913366181882,0.528615180188425,5.9150176946122e-18,1.61279095669511e-16,"TNFRSF25","1:6460786-6466195","-","protein_coding",4.27845210865979e-17
"ENSG00000162769",824.496725930361,2.37806267308044,0.282888294689885,6.90155649467396e-18,1.87823715451099e-16,"FLVCR1","1:212858275-212899363","+","protein_coding",4.98263440833508e-17
"ENSG00000247828",184.410416381312,3.34586440471433,0.40142599047913,7.0154370280653e-18,1.90564061076263e-16,"TMEM161B-AS1","5:88268891-88439337","+","lncRNA",5.05533098112876e-17
"ENSG00000278041",55.1217183948971,5.02250358546413,0.597364516937646,7.85962154687124e-18,2.12695488715049e-16,"AL133325.3","20:21499261-21502934","-","lncRNA",5.64243901801193e-17
"ENSG00000165661",2122.9640247236,3.18698812345657,0.38234071533275,7.94529208051875e-18,2.14611992253414e-16,"QSOX2","9:136206333-136245841","-","protein_coding",5.69328050227827e-17
"ENSG00000223749",227.483898723171,3.86667701277022,0.467103532684216,8.58018301062961e-18,2.31328777400389e-16,"MIR503HG","X:134543119-134546642","-","lncRNA",6.13674755152716e-17
"ENSG00000105464",595.142405572239,2.51333026296666,0.300761844658496,9.33790236622484e-18,2.50821611699471e-16,"GRIN2D","19:48394875-48444931","+","protein_coding",6.65385832564485e-17
"ENSG00000130714",726.500304085598,2.91464470308441,0.350034439681205,9.52049701244506e-18,2.55251766840155e-16,"POMT1","9:131502902-131523806","+","protein_coding",6.77138258707915e-17
"ENSG00000012817",863.904147782724,2.40320655843713,0.287351945018508,9.55896527756395e-18,2.55808531900142e-16,"KDM5D","Y:19703865-19744939","-","protein_coding",6.78615258957104e-17
"ENSG00000185585",754.588639114763,2.65270323040158,0.318137691302966,1.00822914367053e-17,2.69314590668813e-16,"OLFML2A","9:124777133-124814885","+","protein_coding",7.14444468798978e-17
"ENSG00000221968",897.720494111398,3.15725240751353,0.38010188155637,1.01578945422002e-17,2.708334576187e-16,"FADS3","11:61873519-61892051","-","protein_coding",7.18473756957831e-17
"ENSG00000111271",682.82442873003,2.48056917266681,0.2971332279765,1.02037718235605e-17,2.71555629138625e-16,"ACAD10","12:111686056-111757107","+","protein_coding",7.20389551592846e-17
"ENSG00000132424",1685.52223991689,2.70165816159292,0.324359216645929,1.06992607853445e-17,2.84218782369509e-16,"PNISR","6:99398050-99425331","-","protein_coding",7.53982680583338e-17
"ENSG00000281344",207.621219791986,3.35538488022222,0.404782576781222,1.10780549846951e-17,2.93741234098769e-16,"HELLPAR","12:102197585-102402596","+","lncRNA",7.7924407823164e-17
"ENSG00000244560",59.5400289499138,5.10374745149952,0.614749039244008,1.20910325926856e-17,3.20013758236079e-16,"AC004890.2","7:149285281-149297312","+","transcribed_unprocessed_pseudogene",8.48940486081936e-17
"ENSG00000127463",1667.34217532583,3.03777351071694,0.365868395426376,1.21350710315727e-17,3.2059215992186e-16,"EMC1","1:19215660-19251527","-","protein_coding",8.50474884512128e-17
"ENSG00000168003",20081.3480408624,3.46013670215911,0.418088439131861,1.24016738433396e-17,3.27037570638871e-16,"SLC3A2","11:62856102-62888875","+","protein_coding",8.67573430953561e-17
"ENSG00000198089",478.636504273787,2.69276648833491,0.324343958144794,1.2982481147779e-17,3.41730118518314e-16,"SFI1","22:31488688-31618586","+","protein_coding",9.06550188725816e-17
"ENSG00000130164",2350.83661938498,2.8715118242453,0.346672651456867,1.32539429557164e-17,3.48241326641922e-16,"LDLR","19:11089362-11133816","+","protein_coding",9.23823284169915e-17
"ENSG00000137845",3576.958902667,2.66843335689666,0.3212131564062,1.3387426146876e-17,3.5111015471598e-16,"ADAM10","15:58588809-58749791","-","protein_coding",9.31433782896908e-17
"ENSG00000182326",1815.25075129014,3.03641158470983,0.365815307454924,1.35127997258622e-17,3.53756284127598e-16,"C1S","12:6988259-7071032","+","protein_coding",9.38453501053143e-17
"ENSG00000144395",315.80261676429,2.80100118474593,0.337788428302763,1.36239463298253e-17,3.56021064036719e-16,"CCDC150","2:196639554-196763490","+","protein_coding",9.44461565729848e-17
"ENSG00000066279",1818.6077850476,2.36654539194639,0.284321680544017,1.39912883983141e-17,3.64725816788041e-16,"ASPM","1:197084127-197146694","-","protein_coding",9.67553751117948e-17
"ENSG00000173531",55.5656783477591,5.20889949723027,0.620964450749308,1.40075308502777e-17,3.64725816788041e-16,"MST1","3:49683947-49689501","-","protein_coding",9.67553751117948e-17
"ENSG00000134255",379.619398616762,3.03225613379183,0.366815196623406,1.4455285759507e-17,3.75707436170207e-16,"CEPT1","1:111139627-111185104","+","protein_coding",9.96686065139853e-17
"ENSG00000071537",1509.11382626527,2.64622195124123,0.31903549413402,1.47980316458964e-17,3.83925233958435e-16,"SEL1L","14:81471547-81533853","-","protein_coding",1.01848644424641e-16
"ENSG00000163430",1081.27866986518,2.65971701860592,0.32080003268917,1.52568889805028e-17,3.95120614081085e-16,"FSTL1","3:120392293-120450993","-","protein_coding",1.0481858280966e-16
"ENSG00000143126",504.862737072907,2.97773444893377,0.360270874487361,1.53883134124069e-17,3.97811300756158e-16,"CELSR2","1:109249539-109275751","+","protein_coding",1.05532374887357e-16
"ENSG00000213676",679.36177074662,2.53198200951521,0.305212820609413,1.543878828632e-17,3.98403445581447e-16,"ATF6B","6:32115264-32128253","-","protein_coding",1.05689460544731e-16
"ENSG00000204305",81.7552438843051,3.45574843542002,0.418273843468858,1.56942888123416e-17,4.04274808604542e-16,"AGER","6:32180968-32184322","-","protein_coding",1.07247030383686e-16
"ENSG00000234072",599.077774926113,2.58835392738684,0.312364956001693,1.61232965206601e-17,4.1458675804281e-16,"AC074117.1","2:27356246-27367622","+","lncRNA",1.09982610071518e-16
"ENSG00000078401",1349.82251014854,2.61090476650639,0.315175501713424,1.65519834473299e-17,4.24853841558374e-16,"EDN1","6:12290361-12297194","+","protein_coding",1.12706287615381e-16
"ENSG00000177628",699.708534447219,2.68832850719315,0.324931154596666,1.69411219348982e-17,4.34071193406407e-16,"GBA","1:155234452-155244699","-","protein_coding",1.15151489722124e-16
"ENSG00000149809",246.090546965953,2.54178233900709,0.307080977116914,1.84157758905764e-17,4.68532354568169e-16,"TM7SF2","11:65111845-65116384","+","protein_coding",1.24293432577603e-16
"ENSG00000177853",1293.92050695428,2.47965020534326,0.299372129789574,1.83787007037482e-17,4.68532354568169e-16,"ZNF518A","10:96129715-96205288","+","protein_coding",1.24293432577603e-16
"ENSG00000198938",180954.417969504,2.753779507614,0.329653556606606,1.83867735891549e-17,4.68532354568169e-16,"MT-CO3","MT:9207-9990","+","protein_coding",1.24293432577603e-16
"ENSG00000266777",58.0977212268782,5.42572875316497,0.650371520940563,1.8874941901841e-17,4.79370448898952e-16,"SH3GL1P1","17:32039974-32042828","+","transcribed_processed_pseudogene",1.27168589295893e-16
"ENSG00000103269",66.142360734306,4.04872905314134,0.493210286380023,1.99080424461922e-17,5.04721265596357e-16,"RHBDL1","16:675666-678268","+","protein_coding",1.33893717230484e-16
"ENSG00000266918",64.2111253429449,4.84836603844678,0.588726015859545,2.01440607071644e-17,5.09810545147519e-16,"AC091132.3","17:45531577-45533838","+","TEC",1.35243814013755e-16
"ENSG00000134910",1744.80060867772,2.94312172387611,0.357549331038728,2.02938738097918e-17,5.12704144100176e-16,"STT3A","11:125591712-125625215","+","protein_coding",1.36011435166963e-16
"ENSG00000059804",616.419212828766,2.63851095734961,0.319643116279122,2.04160533731726e-17,5.14890728264776e-16,"SLC2A3","12:7919230-7936187","-","protein_coding",1.36591497672334e-16
"ENSG00000215417",59.9543177340057,4.66495786388588,0.564655101106151,2.06246370025431e-17,5.19244998821864e-16,"MIR17HG","13:91347820-91354579","+","lncRNA",1.37746609434916e-16
"ENSG00000103042",415.492641989427,2.60176991530047,0.315278112741063,2.11103914197864e-17,5.30550028534492e-16,"SLC38A7","16:58665109-58684770","-","protein_coding",1.40745635936873e-16
"ENSG00000151012",5711.6677832575,2.55834655815937,0.31011563827932,2.17984604918545e-17,5.46891584319079e-16,"SLC7A11","4:138164097-138242349","-","protein_coding",1.45080764647454e-16
"ENSG00000253671",132.08617869098,3.43577263171602,0.419376826937926,2.26586432506428e-17,5.67487094653447e-16,"AC027117.1","8:17808361-17822183","+","lncRNA",1.50544393039789e-16
"ENSG00000127419",288.513019379985,3.08640486127426,0.376396498928513,2.44844943761117e-17,6.12154720119707e-16,"TMEM175","4:932387-958656","+","protein_coding",1.62393932223501e-16
"ENSG00000134013",2993.69767193855,3.31473895343809,0.404169388241358,2.45994575883485e-17,6.13966773072927e-16,"LOXL2","8:23297189-23425328","-","protein_coding",1.62874638154206e-16
"ENSG00000111799",115.309346637916,3.70920177199494,0.454994662388822,2.49283843104984e-17,6.21103589087953e-16,"COL12A1","6:75084326-75206053","-","protein_coding",1.64767910521703e-16
"ENSG00000239665",267.994472199617,3.09351543042316,0.37802045236781,2.81535386108725e-17,7.00252644519308e-16,"AL157392.3","10:13631143-13668445","+","lncRNA",1.85764769519638e-16
"ENSG00000052841",1000.72835173997,2.7872561887346,0.339707689992966,2.91805605015197e-17,7.24550308947527e-16,"TTC17","11:43358920-43494933","+","protein_coding",1.92210514591364e-16
"ENSG00000135862",4252.27092638563,2.91894390771678,0.355738837248229,3.14660533892429e-17,7.79958726463034e-16,"LAMC1","1:183023420-183145592","+","protein_coding",2.06909397901232e-16
"ENSG00000177663",497.718238149122,2.52231291585793,0.307249963905891,3.18712986236698e-17,7.88650918511391e-16,"IL17RA","22:17084954-17115694","+","protein_coding",2.09215284305405e-16
"ENSG00000282458",273.415270964305,3.1937874247059,0.390865413767567,3.20758880641616e-17,7.92356681051622e-16,"WASH5P","19:60951-71626","-","transcribed_processed_pseudogene",2.1019835824246e-16
"ENSG00000263244",250.782944746908,12.7141642375181,3.20447308849412,3.39367956430459e-17,8.36895279586444e-16,"AC087190.3","16:9104848-9113181","+","lncRNA",2.22013668839721e-16
"ENSG00000112282",491.316422697555,2.49992526911674,0.304688358873745,3.40648088010622e-17,8.38621042562436e-16,"MED23","6:131573966-131628242","-","protein_coding",2.22471483549868e-16
"ENSG00000186815",1291.69677486381,2.34731173280245,0.2856640378623,3.42629442948052e-17,8.42064299326922e-16,"TPCN1","12:113221050-113298585","+","protein_coding",2.23384919299462e-16
"ENSG00000164187",165.009268683178,2.98397765274589,0.365410583073377,3.56376229232923e-17,8.74362120313238e-16,"LMBRD2","5:36098407-36151887","-","protein_coding",2.31952965873036e-16
"ENSG00000259865",144.61608901245,3.55066919494915,0.436465752943535,3.89337475935416e-17,9.53612858430964e-16,"AL390728.6","1:247187281-247188526","-","lncRNA",2.52976799507833e-16
"ENSG00000224934",63.2867032570913,3.71811716658789,0.455587669102222,3.92420210844583e-17,9.59537134841805e-16,"AL391684.1","10:99430919-99463259","+","lncRNA",2.54548406342372e-16
"ENSG00000072042",1624.98684257832,2.69987635483123,0.330284200566357,3.93681897914424e-17,9.60996132898874e-16,"RDH11","14:67676800-67695793","-","protein_coding",2.54935452988925e-16
"ENSG00000135976",299.328880996838,2.88389453903914,0.35367470413951,4.07274115008036e-17,9.92498859356008e-16,"ANKRD36","2:97113218-97264434","+","protein_coding",2.6329257490107e-16
"ENSG00000143643",490.572664709109,2.7274665540344,0.334209408786129,4.18599837431679e-17,1.01838152369111e-15,"TTC13","1:230906243-230978875","-","protein_coding",2.70158792704595e-16
"ENSG00000111664",58.5906849790273,4.00702422058048,0.493299007323129,4.54562905774272e-17,1.10216250861477e-15,"GNB3","12:6839954-6847393","+","protein_coding",2.92384421520542e-16
"ENSG00000230650",421.652060330211,3.16864022997714,0.389996004885224,4.73785187400212e-17,1.14684585311901e-15,"AC140479.2","2:110360608-110363737","-","processed_pseudogene",3.04238130689887e-16
"ENSG00000260793",68.3903912408386,3.54081189657733,0.435673022342183,5.0507179199343e-17,1.21849623807964e-15,"AC003102.1","17:44221401-44223710","+","lncRNA",3.23245723667051e-16
"ENSG00000267121",299.855917753456,3.01578874773949,0.371820881976397,5.14789541215995e-17,1.23987061001873e-15,"AC008105.3","17:45190931-45222222","-","lncRNA",3.28915970410091e-16
"ENSG00000279407",154.227582497638,3.68906794401093,0.455052810273122,5.26758756489652e-17,1.26658748586222e-15,"AC007191.1","19:45714387-45717381","-","TEC",3.36003489924936e-16
"ENSG00000015532",943.452610862954,2.84241719727008,0.349748872539971,5.31322351616108e-17,1.2754384224592e-15,"XYLT2","17:50346092-50363138","+","protein_coding",3.38351488479228e-16
"ENSG00000265690",66.0261669137127,5.61438450280889,0.684230903121139,5.55277411292744e-17,1.33073198517271e-15,"AC074143.2","16:67163385-67165815","+","protein_coding",3.5301990282052e-16
"ENSG00000106366",3939.72743514691,3.11037842780363,0.383874644922288,5.65061256999161e-17,1.35193712332697e-15,"SERPINE1","7:101127089-101139266","+","protein_coding",3.58645254802677e-16
"ENSG00000100941",4647.84855344743,2.40249248428438,0.294842021068978,5.70054112205449e-17,1.36162842569933e-15,"PNN","14:39175183-39183220","+","protein_coding",3.61216187687597e-16
"ENSG00000178295",1913.63224398907,2.32898887668459,0.285552765345877,5.77712975473968e-17,1.37764524893966e-15,"GEN1","2:17753858-17788946","+","protein_coding",3.65465170538235e-16
"ENSG00000275395",274.519003793535,3.11981275712355,0.384813509762624,5.83765071025418e-17,1.38978402658786e-15,"FCGBP","19:39863323-39934626","-","protein_coding",3.68685375773757e-16
"ENSG00000136943",233.341344151716,2.91697574781946,0.359750318197611,5.94698089354403e-17,1.41348389625995e-15,"CTSV","9:97029677-97039643","-","protein_coding",3.74972536360351e-16
"ENSG00000227388",99.1764153762454,3.3186522830821,0.409184039195996,6.14279781820751e-17,1.45762842809387e-15,"AL133410.1","9:35772163-35790432","+","lncRNA",3.86683307959522e-16
"ENSG00000115828",322.196008506099,2.66965213681481,0.329307014563434,6.64207014547495e-17,1.5735173061026e-15,"QPCT","2:37342827-37373322","+","protein_coding",4.174265988013e-16
"ENSG00000076351",865.446604587272,2.78315238348729,0.343555269097435,6.72049220240086e-17,1.58743576376575e-15,"SLC46A1","17:28394642-28407197","-","protein_coding",4.21118921993652e-16
"ENSG00000184402",659.732011917011,2.3258171650109,0.28582514199468,6.72279210729113e-17,1.58743576376575e-15,"SS18L1","20:62143769-62182514","+","protein_coding",4.21118921993652e-16
"ENSG00000046604",1206.76140708476,2.55619015722524,0.315112637105321,7.03183476335559e-17,1.65770055734505e-15,"DSG2","18:31498177-31549008","+","protein_coding",4.3975894183044e-16
"ENSG00000155363",848.507051457717,2.48504828660325,0.306212684442774,7.12117517148411e-17,1.67602772643513e-15,"MOV10","1:112673141-112700746","+","protein_coding",4.4462081899522e-16
"ENSG00000158220",61.3303171937609,4.12627702527144,0.508507842922739,7.36866510771065e-17,1.73145657677279e-15,"ESYT3","3:138434586-138481686","+","protein_coding",4.59325122775155e-16
"ENSG00000144134",190.475120864718,2.77819349957794,0.343070583706131,7.40350472777203e-17,1.7368189418999e-15,"RABL2A","2:113627229-113643396","+","protein_coding",4.60747664381693e-16
"ENSG00000157193",2339.91799592192,2.3793266769232,0.293268257582916,7.60755251278331e-17,1.78179483569257e-15,"LRP8","1:53242356-53328469","-","protein_coding",4.7267898175654e-16
"ENSG00000164828",2366.87654916312,2.66867514101504,0.330467629924379,7.85504920633319e-17,1.83678504984985e-15,"SUN1","7:816615-896435","+","protein_coding",4.87266923035613e-16
"ENSG00000116406",521.175160076932,2.52130226415393,0.311304087166836,8.10000033058581e-17,1.8910033081954e-15,"EDEM3","1:184690237-184754907","-","protein_coding",5.01650077949982e-16
"ENSG00000167280",814.393646546752,2.48899361858867,0.307326422380978,8.13261674941095e-17,1.89555555880222e-15,"ENGASE","17:79074939-79088599","+","protein_coding",5.02857710354356e-16
"ENSG00000074695",1919.42644133246,2.66437851074124,0.329760660272458,8.36829328555955e-17,1.94573158339569e-15,"LMAN1","18:59327823-59359265","-","protein_coding",5.16168531408687e-16
"ENSG00000273033",273.41770137113,2.59839203629676,0.321394643943953,8.37481866218339e-17,1.94573158339569e-15,"LINC02035","3:122886941-122892416","+","lncRNA",5.16168531408687e-16
"ENSG00000242086",739.377047767482,2.54101289947381,0.314184860607305,8.51887620852835e-17,1.97602375745495e-15,"MUC20-OT1","3:195658062-195739964","+","lncRNA",5.24204514958922e-16
"ENSG00000049323",535.296059620971,2.55173339747379,0.315630572370049,8.74675712648843e-17,2.02563120568725e-15,"LTBP1","2:32946953-33399509","+","protein_coding",5.37364502656872e-16
"ENSG00000186648",126.768278976503,3.03901140345224,0.377607916378514,8.9819245098823e-17,2.07344714204967e-15,"CARMIL3","14:24052009-24069729","+","protein_coding",5.50049233613979e-16
"ENSG00000143375",139.262941681948,3.53136867223966,0.440351272258844,9.00551346713626e-17,2.07557695555959e-15,"CGN","1:151510510-151538692","+","protein_coding",5.50614235858364e-16
"ENSG00000079112",135.120699525346,2.92027666597985,0.362866536203906,9.40692237982561e-17,2.16464068966337e-15,"CDH17","8:94127162-94217303","-","protein_coding",5.74241285563697e-16
"ENSG00000018236",2249.05640677393,2.28673683624872,0.282530517820449,1.00272244694948e-16,2.30371098264975e-15,"CNTN1","12:40692439-41072415","+","protein_coding",6.11134200036554e-16
"ENSG00000270012",52.0224107408682,4.80066037979022,0.593123350315319,1.00570377835115e-16,2.30689290491309e-15,"AC232271.1","X:49273054-49275768","+","lncRNA",6.11978308317338e-16
"ENSG00000102057",127.927356575883,3.12638366611798,0.389085275200208,1.02172591988602e-16,2.33993047040775e-15,"KCND1","X:48961378-48971844","-","protein_coding",6.20742596160645e-16
"ENSG00000063127",77.1242469760198,3.44593147452191,0.430058537704098,1.04673038141594e-16,2.39328030146577e-15,"SLC6A16","19:49289638-49325225","-","protein_coding",6.34895372516395e-16
"ENSG00000116039",113.164631896459,3.05629329302352,0.380716043939286,1.04833328546663e-16,2.39328030146577e-15,"ATP6V1B1","2:70935900-70965431","+","protein_coding",6.34895372516395e-16
"ENSG00000173530",768.22132294807,2.88652173639699,0.359050942623987,1.05452042570839e-16,2.40360799241513e-15,"TNFRSF10D","8:23135588-23164027","-","protein_coding",6.37635128151586e-16
"ENSG00000262484",53.822415045803,5.48888816799578,0.675061777111069,1.06404510508358e-16,2.42149855331698e-15,"CCER2","19:38908980-38912158","-","protein_coding",6.42381180806324e-16
"ENSG00000086619",268.22637935591,2.40402968768005,0.297731311012464,1.08521077741119e-16,2.46578316735364e-15,"ERO1B","1:236215555-236281985","-","protein_coding",6.54129113761913e-16
"ENSG00000149257",1911.40154369082,2.70512974336869,0.336748249978524,1.11136620034613e-16,2.52124850254348e-15,"SERPINH1","11:75562056-75572783","+","protein_coding",6.68843096334506e-16
"ENSG00000107798",1327.90877964846,2.53648511846402,0.314933168304455,1.12275945037865e-16,2.54310294943917e-15,"LIPA","10:89213569-89414557","-","protein_coding",6.74640698560407e-16
"ENSG00000112655",148.172004123034,2.85060754438811,0.35508899087364,1.13715472331365e-16,2.56765982915712e-15,"PTK7","6:43076307-43161719","+","protein_coding",6.8115520891125e-16
"ENSG00000220323",241.646042992229,2.59187232820685,0.321860766579662,1.13554042297501e-16,2.56765982915712e-15,"HIST2H2BD","1:149842875-149846486","+","transcribed_unprocessed_pseudogene",6.8115520891125e-16
"ENSG00000155304",537.675303022025,2.73824019943549,0.340814464659506,1.19653028260015e-16,2.69751312228623e-15,"HSPA13","21:14371115-14383484","-","protein_coding",7.15603014654353e-16
"ENSG00000099250",4696.91934053098,2.68308211164347,0.334025127968616,1.24441376750135e-16,2.79673769116049e-15,"NRP1","10:33177492-33336262","-","protein_coding",7.4192555597123e-16
"ENSG00000112659",545.823224518544,2.51325034694946,0.312310994464224,1.24269334850894e-16,2.79673769116049e-15,"CUL9","6:43182184-43224587","+","protein_coding",7.4192555597123e-16
"ENSG00000170049",58.8887015294139,4.41915657725077,0.551768554597871,1.25858892996722e-16,2.82420320294352e-15,"KCNAB3","17:7921859-7929803","-","protein_coding",7.49211675496871e-16
"ENSG00000118523",1113.22880465994,3.34525767202036,0.41839358749461,1.26424728853829e-16,2.83250194832045e-15,"CCN2","6:131948176-131951372","-","protein_coding",7.5141318738592e-16
"ENSG00000133636",221.454580942074,2.45973084880956,0.305609056402151,1.3001284486707e-16,2.90838331451089e-15,"NTS","12:85874295-85882992","+","protein_coding",7.71543185625166e-16
"ENSG00000106258",73.4134879229442,3.56983354077716,0.445456858277652,1.31003812223087e-16,2.92602177810794e-15,"CYP3A5","7:99648194-99679998","-","protein_coding",7.762223612776e-16
"ENSG00000099999",663.277643016339,2.6594267364437,0.331473197026406,1.37902480942109e-16,3.07535301249139e-15,"RNF215","22:30368811-30421771","-","protein_coding",8.15837323897795e-16
"ENSG00000188878",557.111980014736,2.48100165978865,0.308773870653436,1.39984912426866e-16,3.11698300382225e-15,"FBF1","17:75909574-75941140","-","protein_coding",8.2688103191548e-16
"ENSG00000120708",10666.5287907919,2.80942930236339,0.349882257832884,1.40689146201562e-16,3.1278443873212e-15,"TGFBI","5:136028988-136063818","+","protein_coding",8.29762366842433e-16
"ENSG00000249437",190.999012220407,3.19915737874698,0.401484410895933,1.47695982966831e-16,3.27857857120381e-15,"NAIP","5:70968483-71025114","-","protein_coding",8.69749507407829e-16
"ENSG00000088035",212.077120141056,2.89720682812451,0.3626260638002,1.54212225676913e-16,3.41797679947402e-15,"ALG6","1:63367575-63438553","+","protein_coding",9.0672941737138e-16
"ENSG00000146802",457.152796970587,2.69369259859053,0.336965212208666,1.67053750838851e-16,3.69692764681812e-15,"TMEM168","7:112762382-112790592","-","protein_coding",9.80730194476273e-16
"ENSG00000113583",832.490503406078,2.51820730573568,0.314801102277565,1.81263604481276e-16,4.00526047149681e-15,"C5orf15","5:133955510-133968674","-","protein_coding",1.06252549587223e-15
"ENSG00000111788",252.139445927678,2.92068799410468,0.367073322154423,1.8984803956826e-16,4.1885404882457e-15,"AC009533.1","12:9277235-9313241","+","unprocessed_pseudogene",1.11114647622181e-15
"ENSG00000278864",96.1725186143363,4.54997415017897,0.574036210192928,1.90244338094718e-16,4.19088556372982e-15,"AC055811.4","17:17181504-17183257","+","TEC",1.11176858370005e-15
"ENSG00000223745",149.296224121381,3.2795754641191,0.413359073294589,1.9899413269915e-16,4.37696227037354e-15,"CCDC18-AS1","1:93262186-93346025","-","lncRNA",1.16113147692607e-15
"ENSG00000140511",504.273153114459,3.53972571442509,0.446975450032806,2.01953366890073e-16,4.43530107131983e-15,"HAPLN3","15:88877288-88895626","-","protein_coding",1.17660773966732e-15
"ENSG00000050555",198.553620796875,3.06924306470412,0.386616321589681,2.03477573112028e-16,4.4619945508982e-15,"LAMC3","9:131009174-131094473","+","protein_coding",1.18368905256255e-15
"ENSG00000010704",554.05218450287,2.41699216756943,0.302622501585359,2.13172080714538e-16,4.66749960364515e-15,"HFE","6:26087281-26098343","+","protein_coding",1.23820594594018e-15
"ENSG00000010278",1818.60896572696,2.79754424017255,0.351392300198727,2.14097107322512e-16,4.68066157022333e-15,"CD9","12:6199715-6238271","+","protein_coding",1.24169758528914e-15
"ENSG00000250506",249.015754011254,3.13261132113181,0.394850477093594,2.15724406162491e-16,4.70911388739299e-15,"CDK3","17:76000906-76005999","+","protein_coding",1.24924548701103e-15
"ENSG00000198919",665.623919048134,2.39937452896545,0.300516789854789,2.2098416009307e-16,4.81665474736796e-15,"DZIP3","3:108589705-108694840","+","protein_coding",1.27777419479036e-15
"ENSG00000092096",113.448078712586,3.07223092212238,0.387442705413022,2.28021852422056e-16,4.96256594781796e-15,"SLC22A17","14:23346306-23352912","-","protein_coding",1.31648188227155e-15
"ENSG00000170876",1175.71111132728,2.72362288538059,0.342440283205043,2.33004633510277e-16,5.06338339677746e-15,"TMEM43","3:14124940-14143679","+","protein_coding",1.34322698679361e-15
"ENSG00000267002",293.85541242839,2.65218231385283,0.333445215738171,2.335558992855e-16,5.06774219305519e-15,"AC060780.1","17:43148368-43171037","-","lncRNA",1.34438329915066e-15
"ENSG00000174227",745.818166704659,2.84521928854116,0.35842061842215,2.44166121989698e-16,5.28210273783402e-15,"PIGG","4:499210-540200","+","protein_coding",1.40124939955972e-15
"ENSG00000072310",6944.45894413627,2.58304880355597,0.324911485082603,2.67798687816201e-16,5.77605796661482e-15,"SREBF1","17:17810399-17837011","-","protein_coding",1.53228707566942e-15
"ENSG00000117298",1698.26906725295,2.4694891678244,0.309851254578141,2.67681247454473e-16,5.77605796661482e-15,"ECE1","1:21217247-21345572","-","protein_coding",1.53228707566942e-15
"ENSG00000123983",2895.72911285357,2.44959423521974,0.307924587152857,2.75913625943012e-16,5.94077819124601e-15,"ACSL3","2:222860942-222944639","+","protein_coding",1.57598446803677e-15
"ENSG00000171603",2053.13915172613,2.52115970668896,0.317180501339254,2.76257902187898e-16,5.94077819124601e-15,"CLSTN1","1:9729026-9824526","-","protein_coding",1.57598446803677e-15
"ENSG00000109586",835.374443995584,2.43010708441021,0.305540027965755,2.78374813325149e-16,5.97740628136958e-15,"GALNT7","4:173168811-173323967","+","protein_coding",1.58570125921636e-15
"ENSG00000120798",788.412582189202,2.54245562344452,0.320453229645739,3.0172079175775e-16,6.46909074434904e-15,"NR2C1","12:95020229-95073628","-","protein_coding",1.71613654090597e-15
"ENSG00000213658",73.2249616921566,3.89019572855635,0.495343460896695,3.31966215432822e-16,7.10702782106625e-15,"LAT","16:28984826-28990783","+","protein_coding",1.88537008104597e-15
"ENSG00000168140",234.116477123237,3.0585741384851,0.388387100175442,3.409166279046e-16,7.2878493932683e-15,"VASN","16:4371848-4383538","+","protein_coding",1.93333887908936e-15
"ENSG00000142627",2720.28591049023,2.5703623727911,0.324723336854651,3.51693165901908e-16,7.50711660332123e-15,"EPHA2","1:16124337-16156069","-","protein_coding",1.99150663191042e-15
"ENSG00000198590",49.7600815899345,4.37966354180814,0.553287806263651,3.6007219632687e-16,7.67463614914394e-15,"C3orf35","3:37381062-37440186","+","lncRNA",2.03594663519117e-15
"ENSG00000221995",100.760305878412,3.65601788689795,0.465259611259932,3.64340018705305e-16,7.75310058724428e-15,"TIAF1","17:29073521-29078857","-","protein_coding",2.05676187719458e-15
"ENSG00000119681",159.193029364277,2.76545620745504,0.350568869690756,3.66673864552922e-16,7.78091632401509e-15,"LTBP2","14:74498183-74612378","-","protein_coding",2.06414090527922e-15
"ENSG00000149428",1169.9500344163,2.59974959425171,0.32893665682975,3.70878828404221e-16,7.85860696373811e-15,"HYOU1","11:119044188-119057227","-","protein_coding",2.08475087211752e-15
"ENSG00000272556",200.581121336757,2.71721937332366,0.344477157402501,3.75154071847107e-16,7.93755708969625e-15,"GTF2IP13","7:45769105-45815263","+","transcribed_unprocessed_pseudogene",2.10569495860823e-15
"ENSG00000197912",4196.53720267206,2.55404437813199,0.323343085906908,3.91273146063682e-16,8.26650326574016e-15,"SPG7","16:89490719-89557768","+","protein_coding",2.19295862130973e-15
"ENSG00000162194",252.909815764808,2.68127035561344,0.340435885939558,4.22333683395361e-16,8.9096993558341e-15,"LBHD1","11:62662817-62672255","-","protein_coding",2.36358728564594e-15
"ENSG00000280383",248.236518325256,3.21220669086285,0.409468530631752,4.26654082008339e-16,8.9877232348433e-15,"Z95331.1","22:45657019-45680130","+","lncRNA",2.38428565503393e-15
"ENSG00000270231",467.121327129887,2.46657429319706,0.31225921563155,4.3031165571859e-16,9.05157749168755e-15,"NBPF8","1:120419850-120467739","+","transcribed_unprocessed_pseudogene",2.40122507168356e-15
"ENSG00000277957",73.3823305476478,3.84980311982304,0.491844870910954,4.35884926757588e-16,9.15548412292718e-15,"SENP3-EIF4A1","17:7563287-7578715","+","protein_coding",2.42878968219216e-15
"ENSG00000183401",168.677237120672,2.90110381302234,0.369574609817362,4.45230447140393e-16,9.33820782529146e-15,"CCDC159","19:11344684-11354944","+","protein_coding",2.47726308207311e-15
"ENSG00000005108",932.812905054188,2.4161412154902,0.306054203951416,4.63096240507853e-16,9.69884604576665e-15,"THSD7A","7:11370365-11832198","-","protein_coding",2.57293408943151e-15
"ENSG00000171931",94.32838447687,3.20224777985949,0.408195541743711,4.73209002151966e-16,9.89629998567014e-15,"FBXW10","17:18744024-18779349","+","protein_coding",2.6253151634967e-15
"ENSG00000099194",33859.839787819,2.19394847692992,0.277359988469949,4.78077501003943e-16,9.98366758238147e-15,"SCD","10:100347233-100364826","+","protein_coding",2.64849225764064e-15
"ENSG00000106692",443.983439754882,2.41675729550371,0.306574545494377,4.91008643011943e-16,1.02389118328508e-14,"FKTN","9:105558130-105641118","+","protein_coding",2.71620408954981e-15
"ENSG00000187244",1633.99616727154,2.64822861514332,0.336885252414784,5.0656226038611e-16,1.05480277014981e-14,"BCAM","19:44809059-44821421","+","protein_coding",2.79820711880441e-15
"ENSG00000119946",925.98444830852,2.40509813999773,0.305178571769125,5.08415356027252e-16,1.0571381740935e-14,"CNNM1","10:99329356-99394330","+","protein_coding",2.80440253668295e-15
"ENSG00000163131",199.804048714052,2.60712002259366,0.331488076502545,5.5405705669692e-16,1.15038484573667e-14,"CTSS","1:150730188-150765792","-","protein_coding",3.05176963485588e-15
"ENSG00000213139",51.6117258289036,4.30593629821497,0.550545769228088,5.60060485794118e-16,1.16118136014502e-14,"CRYGS","3:186538441-186546702","-","protein_coding",3.08041089778264e-15
"ENSG00000171903",1232.28604992941,2.29263188347979,0.291069747619275,5.73167487846517e-16,1.18665377748854e-14,"CYP4F11","19:15912367-15934867","-","protein_coding",3.14798476235798e-15
"ENSG00000087301",64.9301852220177,3.82157505738993,0.49055953909847,5.76110133591467e-16,1.19103970536914e-14,"TXNDC16","14:52430596-52552522","-","protein_coding",3.15961986132185e-15
"ENSG00000126583",118.307308315316,2.96935990058246,0.379732739499877,5.93532476883152e-16,1.22421248541075e-14,"PRKCG","19:53879190-53907652","+","protein_coding",3.24762144028032e-15
"ENSG00000268043",759.038813022675,2.43974696863851,0.310478341268795,5.9385021955085e-16,1.22421248541075e-14,"NBPF12","1:146938744-146996202","+","protein_coding",3.24762144028032e-15
"ENSG00000162572",96.9015193138901,3.01891767890013,0.385966352267083,5.97448513856193e-16,1.22987585095952e-14,"SCNN1D","1:1280436-1292029","+","protein_coding",3.26264535777793e-15
"ENSG00000106133",469.19281758272,2.69815836335607,0.344639674546678,6.25593172642801e-16,1.28598107224198e-14,"NSUN5P2","7:72947581-72954790","-","transcribed_unprocessed_pseudogene",3.4114826893033e-15
"ENSG00000170382",291.854835716582,2.5853968802042,0.330033313550162,6.4440460366895e-16,1.3227685976733e-14,"LRRN2","1:204617170-204685738","-","protein_coding",3.50907355506344e-15
"ENSG00000117724",3166.22933944479,2.31948592701124,0.295349938309327,6.54831854130152e-16,1.3422659750404e-14,"CENPF","1:214603195-214664571","+","protein_coding",3.56079668443946e-15
"ENSG00000127603",3281.66385955278,2.4609686897676,0.314079027376527,6.84589548182987e-16,1.40127529189693e-14,"MACF1","1:39081316-39487177","+","protein_coding",3.71733807319623e-15
"ENSG00000077235",2773.22620393598,2.67130958287784,0.34144342175864,6.87311983005489e-16,1.40485791604135e-14,"GTF3C1","16:27459555-27549913","-","protein_coding",3.72684214795655e-15
"ENSG00000226380",54.2376547195796,5.51507719004158,0.696164712304142,7.11963454630043e-16,1.4531898139631e-14,"AC016831.1","7:130876809-130913310","-","lncRNA",3.85505821323174e-15
"ENSG00000103222",7346.07902319372,2.67004539179455,0.340849216463049,7.24575161075653e-16,1.47684564918255e-14,"ABCC1","16:15949577-16143074","+","protein_coding",3.91781300340253e-15
"ENSG00000120725",504.507269297965,2.89954466535326,0.372005725479963,7.43379107706318e-16,1.5130382373893e-14,"SIL1","5:138946724-139293557","-","protein_coding",4.01382560484242e-15
"ENSG00000177106",4019.05586468774,2.35752405063721,0.301078303852092,7.71264948249207e-16,1.56758787161031e-14,"EPS8L2","11:694438-727727","+","protein_coding",4.15853623618038e-15
"ENSG00000160323",68.438527931676,3.46641149584008,0.446308544129989,7.82333077639953e-16,1.58785046418188e-14,"ADAMTS13","9:133414358-133459402","+","protein_coding",4.21228934755223e-15
"ENSG00000196352",942.841187980107,2.61045128304478,0.334330952001542,7.97817802912993e-16,1.61700772368803e-14,"CD55","1:207321376-207386804","+","protein_coding",4.28963845339821e-15
"ENSG00000138688",458.861041177218,2.61836871609703,0.335306804434542,8.00145438758494e-16,1.61901492056305e-14,"KIAA1109","4:122152333-122362758","+","protein_coding",4.29496319537221e-15
"ENSG00000197818",669.714974010073,2.58311146029589,0.330817547724788,8.01048832746923e-16,1.61901492056305e-14,"SLC9A8","20:49812713-49892242","+","protein_coding",4.29496319537221e-15
"ENSG00000153914",3125.56597002613,2.25862927927302,0.288329673817482,8.33856540207026e-16,1.68062215655952e-14,"SREK1","5:66139971-66183615","+","protein_coding",4.45839640887307e-15
"ENSG00000019186",21842.3376301595,2.05304478978322,0.261392276906215,8.50604221503768e-16,1.71198908146949e-14,"CYP24A1","20:54153446-54173986","-","protein_coding",4.54160737026031e-15
"ENSG00000134884",2361.8946246995,2.51262857651733,0.322450785754764,9.55102760729836e-16,1.91963699517481e-14,"ARGLU1","13:106541673-106568137","-","protein_coding",5.09246093907733e-15
"ENSG00000162729",406.108154193951,2.73629730890391,0.352119932080345,9.69096154904427e-16,1.94505674090609e-14,"IGSF8","1:160091340-160098943","-","protein_coding",5.15989507508493e-15
"ENSG00000112852",161.560210101043,2.97799338818811,0.384369358852015,9.71602145895777e-16,1.94738177674617e-14,"PCDHB2","5:141094578-141098703","+","protein_coding",5.16606298819939e-15
"ENSG00000148400",454.766399106598,2.36912845656315,0.303780863937411,9.82279087114823e-16,1.96605472131528e-14,"NOTCH1","9:136494433-136546048","-","protein_coding",5.21559904166928e-15
"ENSG00000121064",837.897503428606,2.69427156256989,0.346931519765468,1.0339695623582e-15,2.06379753392794e-14,"SCPEP1","17:56978105-57006768","+","protein_coding",5.47489361483947e-15
"ENSG00000108588",2531.15126993921,2.72708694495442,0.351069372748761,1.08327352766455e-15,2.15922562045248e-14,"CCDC47","17:63745255-63776351","-","protein_coding",5.72804762486251e-15
"ENSG00000167549",391.191878225427,2.35109964860243,0.301899739409222,1.10482931753709e-15,2.19915819114718e-14,"CORO6","17:29614756-29622907","-","protein_coding",5.83398174520447e-15
"ENSG00000149115",2493.68590684619,2.52390428927525,0.324949165348549,1.14373100566145e-15,2.27346035251907e-14,"TNKS1BP1","11:57299638-57324952","-","protein_coding",6.03109237363392e-15
"ENSG00000089199",97.6426488939462,2.94561398209782,0.379832482191265,1.17262383923581e-15,2.32769053582372e-14,"CHGB","20:5911510-5925353","+","protein_coding",6.17495555760679e-15
"ENSG00000182325",737.423408227339,2.8285343586085,0.365506903240553,1.21035486426082e-15,2.39929192639686e-14,"FBXL6","8:144355431-144359376","-","protein_coding",6.36490151384428e-15
"ENSG00000222009",89.0398932505939,3.30002952685995,0.426082731181839,1.25333213703507e-15,2.48108256332792e-14,"BTBD19","1:44808482-44815585","+","protein_coding",6.58187775716561e-15
"ENSG00000115257",58.431742535994,3.67838226301347,0.47707359951375,1.26696790031095e-15,2.50464475066944e-14,"PCSK4","19:1481428-1490752","-","protein_coding",6.64438411590817e-15
"ENSG00000104805",3004.18306993881,2.49599853164148,0.32164247923379,1.27130858375148e-15,2.50979239669298e-14,"NUCB1","19:48900312-48923372","+","protein_coding",6.65803991977577e-15
"ENSG00000171155",715.158011176492,2.99102146333507,0.38743762400277,1.27597850799049e-15,2.51557509126475e-14,"C1GALT1C1","X:120625674-120630054","-","protein_coding",6.67338039628428e-15
"ENSG00000100060",54.2268446012145,3.89148122608849,0.504355724249973,1.29989584228622e-15,2.5585936297314e-14,"MFNG","22:37469063-37486401","-","protein_coding",6.78750104896407e-15
"ENSG00000171658",748.907708787758,2.39934900121274,0.309169195092312,1.30133991962672e-15,2.5585936297314e-14,"NMRAL2P","3:185959943-185980872","+","transcribed_unprocessed_pseudogene",6.78750104896407e-15
"ENSG00000121210",125.477404805062,3.07336286002472,0.398473032187748,1.36791793006835e-15,2.68583994666002e-14,"TMEM131L","4:153466346-153636711","+","protein_coding",7.12506325485469e-15
"ENSG00000230177",62.4348088407319,3.94547859164274,0.513828421868165,1.37866045320186e-15,2.70325945851019e-14,"AL080317.1","6:111273329-111278744","+","lncRNA",7.17127417071937e-15
"ENSG00000260942",87.3374300586794,3.4544072331576,0.450439933465712,1.38191681016835e-15,2.7059728758459e-14,"CAPN10-DT","2:240582700-240586699","-","lncRNA",7.17847239196031e-15
"ENSG00000166343",57.768859834413,4.19097507799035,0.545727548634505,1.40565246393706e-15,2.74872581276786e-14,"MSS51","10:73423579-73433561","-","protein_coding",7.29188845023235e-15
"ENSG00000101004",1043.08096593052,2.14535902527042,0.276050522561101,1.46671956166183e-15,2.86040005203444e-14,"NINL","20:25452697-25585531","-","protein_coding",7.58814065978847e-15
"ENSG00000132718",104.611848633381,3.32184575059847,0.4328420387755,1.46572798345293e-15,2.86040005203444e-14,"SYT11","1:155859567-155885199","+","protein_coding",7.58814065978847e-15
"ENSG00000271895",59.3769378660686,4.5354405724693,0.588664092928882,1.5945303187149e-15,3.10546598864542e-14,"AL109811.2","1:11029659-11030528","+","lncRNA",8.23825769380416e-15
"ENSG00000100033",75.2156993067808,3.40949232726841,0.444939376961327,1.79674412437959e-15,3.49458268390436e-14,"PRODH","22:18912777-18936553","-","protein_coding",9.27051617617863e-15
"ENSG00000198156",75.3778646536088,3.25667954044667,0.425808670869377,1.80295216965979e-15,3.50194379082709e-14,"NPIPB6","16:28342555-28363508","-","protein_coding",9.29004390437234e-15
"ENSG00000259295",53.0883303156064,5.30238624317955,0.680536985871081,1.8277756633733e-15,3.54539410891376e-14,"CSPG4P12","15:85191438-85213905","+","transcribed_unprocessed_pseudogene",9.40530999280626e-15
"ENSG00000168056",1924.72837439897,2.63304881476147,0.3420821615699,1.84106804538331e-15,3.5663906600314e-14,"LTBP3","11:65538805-65558930","-","protein_coding",9.46101016773031e-15
"ENSG00000161647",906.728221525332,2.55369005482403,0.331832877017581,1.98417162311087e-15,3.83332408095925e-14,"MPP3","17:43800799-43833170","-","protein_coding",1.01691378100013e-14
"ENSG00000261067",73.40217990991,3.79198903067106,0.495229917795953,2.11817587671356e-15,4.08675027962451e-14,"AC109460.3","16:28974804-28990775","+","lncRNA",1.08414331558848e-14
"ENSG00000278867",46.707029631769,5.27215693865738,0.680358428320409,2.14523368072829e-15,4.13343625602726e-14,"AC090616.6","17:32051030-32053208","+","TEC",1.09652828794686e-14
"ENSG00000176142",433.632724257978,2.2755096041659,0.295167662676591,2.16263274765236e-15,4.16141222853852e-14,"TMEM39A","3:119428949-119468830","-","protein_coding",1.1039498237687e-14
"ENSG00000168487",1260.5123422856,2.43491437422366,0.316484742722204,2.20363326862609e-15,4.2346681336324e-14,"BMP1","8:22165140-22212326","+","protein_coding",1.12338333313454e-14
"ENSG00000206149",573.325752382609,2.24670230718478,0.291491342040384,2.23486926287981e-15,4.28899013517611e-14,"HERC2P9","15:28589492-28685264","+","transcribed_unprocessed_pseudogene",1.13779400930348e-14
"ENSG00000007384",469.869082517983,2.62927521991326,0.342863154221343,2.27121850963859e-15,4.35296799506462e-14,"RHBDF1","16:58059-76355","-","protein_coding",1.15476621567724e-14
"ENSG00000139263",250.432445182096,2.45313277947915,0.319277431640205,2.34726306206996e-15,4.49275476953284e-14,"LRIG3","12:58872149-58920522","-","protein_coding",1.19184920014609e-14
"ENSG00000159167",256.945532139571,2.6168098919517,0.341512797085774,2.42720325002328e-15,4.63348932180799e-14,"STC1","8:23841929-23854806","-","protein_coding",1.22918361347742e-14
"ENSG00000204267",485.767900254678,3.24600439052529,0.426079590976611,2.4246023812986e-15,4.63348932180799e-14,"TAP2","6:32821833-32838770","-","protein_coding",1.22918361347742e-14
"ENSG00000164953",154.286144837798,3.24212095811106,0.426402657643645,2.58084242586661e-15,4.92028415517128e-14,"TMEM67","8:93754844-93819234","+","protein_coding",1.30526526277376e-14
"ENSG00000108352",194.077581366129,2.82651789588694,0.370217251300728,2.60981125894568e-15,4.96895685151831e-14,"RAPGEFL1","17:40177010-40195656","+","protein_coding",1.31817727715825e-14
"ENSG00000223839",85.7368864168923,3.65128423631024,0.481534229858404,2.61921991384845e-15,4.98030881250316e-14,"FAM95B1","9:40321299-40329221","+","transcribed_unprocessed_pseudogene",1.32118875370525e-14
"ENSG00000013588",7140.59153230052,3.00830956086475,0.394458462677655,2.70873770359732e-15,5.1437540807733e-14,"GPRC5A","12:12890782-12917937","+","protein_coding",1.36454792246658e-14
"ENSG00000114770",601.570767721905,2.63974627663723,0.345374508721952,2.76294266367343e-15,5.23980110665941e-14,"ABCC5","3:183919934-184017939","-","protein_coding",1.39002751724773e-14
"ENSG00000152580",67.5137041715931,3.33040769522064,0.435573595785878,2.78231285192022e-15,5.26962031757525e-14,"IGSF10","3:151425384-151458709","-","protein_coding",1.39793803195466e-14
"ENSG00000138018",1819.98738586758,2.5020304138323,0.326689066087786,2.81183830459615e-15,5.31857007064385e-14,"SELENOI","2:26308547-26395891","+","protein_coding",1.41092354463783e-14
"ENSG00000035403",2904.42056769841,2.55405171245877,0.334711988205868,2.85631880434905e-15,5.39136145187e-14,"VCL","10:73995193-74121363","+","protein_coding",1.43023382395248e-14
"ENSG00000206503",1278.07077828192,2.73459548642176,0.358173097412992,2.85778345590784e-15,5.39136145187e-14,"HLA-A","6:29941260-29945884","+","protein_coding",1.43023382395248e-14
"ENSG00000170537",322.363086129223,2.24430954796073,0.292437033269682,2.87263520681747e-15,5.41231439031542e-14,"TMC7","16:18983934-19063942","+","protein_coding",1.43579227176634e-14
"ENSG00000267199",70.8870379533597,3.2778621841974,0.43118793456793,2.99309873611502e-15,5.63193617651018e-14,"AP001029.2","18:12438890-12448205","+","lncRNA",1.4940540874314e-14
"ENSG00000223959",1467.55764303743,2.44927452394241,0.320202525190196,3.06903429213764e-15,5.75982007216636e-14,"AFG3L1P","16:89972586-90002161","+","transcribed_unitary_pseudogene",1.52797944649685e-14
"ENSG00000135317",715.882224885695,2.48515687577266,0.324921888217316,3.08451855628381e-15,5.78137193992962e-14,"SNX14","6:85505496-85594156","-","protein_coding",1.53369677977519e-14
"ENSG00000162601",835.938637954972,2.38589813160662,0.311795327119421,3.11393133553739e-15,5.82894063858171e-14,"MYSM1","1:58643440-58700077","-","protein_coding",1.54631592289535e-14
"ENSG00000150093",25738.9987406523,2.53655139906136,0.331103715713329,3.15821970736182e-15,5.90419572976529e-14,"ITGB1","10:32900318-33005792","-","protein_coding",1.56627978133746e-14
"ENSG00000100242",1133.12289811738,2.89822402056238,0.380963553632926,3.19011510826039e-15,5.95611801414352e-14,"SUN2","22:38734725-38794143","-","protein_coding",1.58005385454653e-14
"ENSG00000137070",158.039793459084,2.90963174786168,0.382826633929616,3.24557524238099e-15,6.05184617130938e-14,"IL11RA","9:34650702-34661892","+","protein_coding",1.6054488590376e-14
"ENSG00000116005",1783.63922670016,2.42405927311682,0.317174705232831,3.30608805382005e-15,6.1567369156899e-14,"PCYOX1","2:70257386-70281185","+","protein_coding",1.63327453753678e-14
"ENSG00000099219",1250.97748985867,2.21780963697704,0.289826944470232,3.5201904674129e-15,6.54701061062854e-14,"ERMP1","9:5765076-5833117","-","protein_coding",1.73680731753738e-14
"ENSG00000067141",1364.71877356431,2.55448331789151,0.335166637982516,3.55661401379703e-15,6.59777010441346e-14,"NEO1","15:73051710-73305205","+","protein_coding",1.75027292275528e-14
"ENSG00000175054",1339.91464916302,2.31767641738479,0.303732217728337,3.9720527377024e-15,7.35899155288941e-14,"ATR","3:142449007-142578733","-","protein_coding",1.95221164877981e-14
"ENSG00000122884",592.061080794076,2.52615426767524,0.332146021934718,4.14811095386548e-15,7.67533308505891e-14,"P4HA1","10:73007217-73096974","-","protein_coding",2.0361315200904e-14
"ENSG00000146242",1054.61728774315,2.61717958103934,0.344601110917393,4.19434362746962e-15,7.7509539335759e-14,"TPBG","6:82363206-82370828","+","protein_coding",2.05619240755092e-14
"ENSG00000131400",72.0112015209198,3.6170470194803,0.480071756600835,4.34599635427181e-15,8.0209442293208e-14,"NAPSA","19:50358477-50365830","-","protein_coding",2.12781610716011e-14
"ENSG00000142046",367.615967242613,2.81658770940357,0.37215881372528,4.52537547093668e-15,8.34135215950331e-14,"TMEM91","19:41350911-41384083","+","protein_coding",2.21281472268619e-14
"ENSG00000182934",1127.11347748597,2.57953596581741,0.340053837356843,4.60381058022357e-15,8.47511677640901e-14,"SRPRA","11:126262938-126269144","-","protein_coding",2.24830013416425e-14
"ENSG00000130684",1710.20752321367,2.1796948755913,0.286148513601112,4.76829580405815e-15,8.76674843059088e-14,"ZNF337","20:25673195-25696853","-","protein_coding",2.3256649073611e-14
"ENSG00000134243",541.105858307359,2.15080573951464,0.282519025758358,5.01172123598342e-15,9.19091162197923e-14,"SORT1","1:109309568-109397918","-","protein_coding",2.43818797757536e-14
"ENSG00000039068",435.42114187291,2.42487805538064,0.319814577555203,5.13332850671303e-15,9.4019936946147e-14,"CDH1","16:68737292-68835541","+","protein_coding",2.49418435671046e-14
"ENSG00000108784",1877.18548976717,2.76259876211745,0.365333291888483,5.17575993197678e-15,9.46770971860714e-14,"NAGLU","17:42536241-42544449","+","protein_coding",2.51161766759653e-14
"ENSG00000101474",3310.32940047705,2.69845333178899,0.357231754053407,5.31924557085674e-15,9.70560830106701e-14,"APMAP","20:24962925-24992751","-","protein_coding",2.57472799739763e-14
"ENSG00000120075",295.023360675431,2.60527565904098,0.344705799987681,5.63194392890697e-15,1.02632057650233e-13,"HOXB5","17:48591257-48593961","-","protein_coding",2.72264884451942e-14
"ENSG00000109501",580.78236720242,2.78817990270107,0.369929515563092,5.78849963206911e-15,1.05352151364019e-13,"WFS1","4:6269849-6303265","+","protein_coding",2.79480816955276e-14
"ENSG00000176809",226.399712387289,2.85156178066356,0.378697976451797,5.8760476325998e-15,1.06811024325408e-13,"LRRC37A3","17:64854312-64919480","-","protein_coding",2.83350951563865e-14
"ENSG00000286315",43.0230001745949,4.79388745196313,0.631613224956911,6.04085358913743e-15,1.09531211062265e-13,"AC087175.1","7:47252139-47254558","-","lncRNA",2.90567130841123e-14
"ENSG00000155256",935.855068361539,2.74285683396534,0.364593734093921,6.16138393343791e-15,1.11576640629212e-13,"ZFYVE27","10:97737121-97760907","+","protein_coding",2.95993297454652e-14
"ENSG00000198899",104547.84157559,2.47287172083207,0.323030120973317,6.2027084497761e-15,1.12184405266226e-13,"MT-ATP6","MT:8527-9207","+","protein_coding",2.97605590654838e-14
"ENSG00000124222",2449.12428080562,2.21936598702795,0.292809846626924,6.21581724772848e-15,1.12280968808655e-13,"STX16","20:58651253-58679526","+","protein_coding",2.97861756830629e-14
"ENSG00000125848",294.015949119684,2.62390164931816,0.347473647480207,6.29490782301442e-15,1.13567681585994e-13,"FLRT3","20:14322985-14337614","-","protein_coding",3.01275180605478e-14
"ENSG00000196912",235.576596326792,2.88617555667981,0.384041382632045,6.48609311282917e-15,1.1687098699937e-13,"ANKRD36B","2:97492663-97589965","-","protein_coding",3.10038271663704e-14
"ENSG00000235706",103.836582984831,2.73293005331167,0.363024724510974,6.73056084211391e-15,1.21124949849798e-13,"DICER1-AS1","14:95157645-95181475","+","lncRNA",3.21323290501405e-14
"ENSG00000151651",125.396035758067,2.90477152327042,0.387283431868193,6.80498850182326e-15,1.22312050795831e-13,"ADAM8","10:133262420-133276868","-","protein_coding",3.24472461523638e-14
"ENSG00000008710",2014.63830039611,2.68773628135055,0.357482690109546,7.02173635467447e-15,1.26051070883728e-13,"PKD1","16:2088710-2135898","-","protein_coding",3.34391427346813e-14
"ENSG00000171714",235.173746758855,2.62177631694422,0.348624090821713,7.13714057168708e-15,1.27805227263259e-13,"ANO5","11:21799934-22283357","+","protein_coding",3.39044897177958e-14
"ENSG00000182308",44.9049633608445,5.40955524782884,0.712839840508741,7.20126707112503e-15,1.28793948570331e-13,"DCAF4L1","4:41981756-41986465","+","protein_coding",3.41667801741975e-14
"ENSG00000152582",141.586571693498,2.72922403445752,0.363673990261455,7.31549035337489e-15,1.30519759934512e-13,"SPEF2","5:35617844-35814611","+","protein_coding",3.46246077208846e-14
"ENSG00000224660",126.457644833017,3.24774620993928,0.433879156868873,7.31582627824751e-15,1.30519759934512e-13,"SH3BP5-AS1","3:15254184-15264515","+","lncRNA",3.46246077208846e-14
"ENSG00000100647",274.619708342933,2.35450918265251,0.312453613286479,7.63796214650149e-15,1.3609887913575e-13,"SUSD6","14:69611596-69715144","+","protein_coding",3.61046503892731e-14
"ENSG00000103335",2170.32644881574,2.75060021472212,0.366158791870038,7.67170048282096e-15,1.36531704036017e-13,"PIEZO1","16:88715338-88785220","-","protein_coding",3.62194712592402e-14
"ENSG00000157306",52.6730136178767,4.54556242778261,0.606796773705546,7.78660759329316e-15,1.38406231649052e-13,"ZFHX2-AS1","14:23511760-23560778","+","lncRNA",3.67167506236513e-14
"ENSG00000140400",1460.53533994044,2.36945387035706,0.314663293121627,8.08760314599167e-15,1.43579794917353e-13,"MAN2C1","15:75355207-75368612","-","protein_coding",3.80892064017954e-14
"ENSG00000172071",315.753527916618,2.24272975989466,0.297613565536687,8.5568861019876e-15,1.51724614797329e-13,"EIF2AK3","2:88556740-88627464","-","protein_coding",4.02498845507814e-14
"ENSG00000169903",136.167669833527,2.5871262922371,0.34482803964675,8.8786625413924e-15,1.57237196551056e-13,"TM4SF4","3:149473974-149503281","+","protein_coding",4.17122759990026e-14
"ENSG00000115687",874.305220656419,2.29625372101968,0.305413945934559,9.30789551605249e-15,1.64636962181731e-13,"PASK","2:241106099-241150264","-","protein_coding",4.36753042969184e-14
"ENSG00000130203",208.363480698704,2.72758781452205,0.36472755591288,9.39659816354311e-15,1.66002738461322e-13,"APOE","19:44905791-44909393","+","protein_coding",4.40376208376402e-14
"ENSG00000141736",1540.65763439151,2.30901868370278,0.307573381444829,1.03806714201344e-14,1.82940344746783e-13,"ERBB2","17:39687914-39730426","+","protein_coding",4.85308713129639e-14
"ENSG00000205853",65.2669280503818,3.56101138598623,0.479868647763889,1.06301418749819e-14,1.87108623916399e-13,"RFPL3S","22:32359886-32382106","-","lncRNA",4.9636642816003e-14
"ENSG00000153208",124.24567603629,2.89403506630934,0.388908112047932,1.0810579974163e-14,1.900531523195e-13,"MERTK","2:111898479-112029561","+","protein_coding",5.04177746609553e-14
"ENSG00000265018",81.1298135505047,3.00976499268188,0.404180750093544,1.08434319355092e-14,1.90399070352422e-13,"AGAP12P","10:48009873-48031640","-","transcribed_unprocessed_pseudogene",5.05095406602147e-14
"ENSG00000242574",103.263809583342,3.72599512053352,0.500881341133561,1.08810145823503e-14,1.90827113749447e-13,"HLA-DMB","6:32934629-32941028","-","protein_coding",5.06230930810663e-14
"ENSG00000250337",363.121937278602,2.50237618039117,0.334894323345786,1.13102401054882e-14,1.98114278502315e-13,"PURPL","5:27217714-27496994","+","lncRNA",5.25562503370412e-14
"ENSG00000162337",2044.83049275637,2.25250850852415,0.300375044792944,1.15760024983797e-14,2.02523985598166e-13,"LRP5","11:68312591-68449275","+","protein_coding",5.37260684430079e-14
"ENSG00000087303",94.6487490667408,3.33593027532903,0.44978964879631,1.20295866431096e-14,2.10205026093805e-13,"NID2","14:52004803-52069228","-","protein_coding",5.57637140392241e-14
"ENSG00000101191",1643.24482657006,2.26697077244266,0.302761624532439,1.20571486081726e-14,2.10432191469447e-13,"DIDO1","20:62877738-62937952","-","protein_coding",5.58239770371282e-14
"ENSG00000116001",2300.19101881605,2.11166024495459,0.281549053051484,1.24408945235795e-14,2.16867752424906e-13,"TIA1","2:70209444-70248660","-","protein_coding",5.75312187119396e-14
"ENSG00000130508",180.960400458392,3.01151509986129,0.406216694386828,1.26471836610055e-14,2.20198133837579e-13,"PXDN","2:1631887-1744852","-","protein_coding",5.84147106064435e-14
"ENSG00000183426",1771.90129605456,2.41618302569631,0.323608732396215,1.26774369520725e-14,2.20459255588928e-13,"NPIPA1","16:14922802-14952060","+","protein_coding",5.84839816364576e-14
"ENSG00000102901",1003.91671570076,2.65169531130817,0.356420896938676,1.33807618875829e-14,2.32410324564256e-13,"CENPT","16:67828157-67847811","-","protein_coding",6.16543910466771e-14
"ENSG00000171365",222.917739137614,2.52658744460232,0.339379935170965,1.35266200502956e-14,2.34661688291503e-13,"CLCN5","X:49922596-50099235","+","protein_coding",6.22516384361303e-14
"ENSG00000110911",1111.54133861025,2.29401915997093,0.307174626944824,1.37042014956919e-14,2.37457333110604e-13,"SLC11A2","12:50979401-51028566","-","protein_coding",6.29932740722737e-14
"ENSG00000276547",57.6679076290621,3.88920168274112,0.523043513271388,1.41314700586673e-14,2.44567513554253e-13,"PCDHGB5","5:141397987-141512979","+","protein_coding",6.48794804889079e-14
"ENSG00000156510",969.404859645525,2.41133485679121,0.32386337972462,1.49960350044566e-14,2.59219739054309e-13,"HKDC1","10:69220332-69267552","+","protein_coding",6.87664594446763e-14
"ENSG00000278662",89.8980711098657,3.48853686689966,0.471842110002445,1.517659253834e-14,2.62027405939728e-13,"GOLGA6L10","15:82339998-82349475","-","protein_coding",6.95112843245819e-14
"ENSG00000180155",241.789511258575,2.59382555428269,0.349411299256702,1.52283695127078e-14,2.62607598840263e-13,"LYNX1","8:142771197-142777810","-","protein_coding",6.96651993455225e-14
"ENSG00000270580",280.253920145624,2.41732697460916,0.32504618675208,1.53508859030861e-14,2.64404829780092e-13,"AC139256.2","16:15104723-15131601","-","lncRNA",7.01419732555163e-14
"ENSG00000159433",268.225223477907,2.61482359828162,0.352603230124264,1.61959334271727e-14,2.78627897566754e-13,"STARD9","15:42575606-42720998","+","protein_coding",7.39151041818052e-14
"ENSG00000181104",668.557425604841,2.29891256513809,0.309042809921496,1.67223082426391e-14,2.87341351265609e-13,"F2R","5:76716126-76735770","+","protein_coding",7.62266309296963e-14
"ENSG00000166415",617.445220975677,2.199067136663,0.295131120108297,1.68268207684709e-14,2.886473738464e-13,"WDR72","15:53513741-53762878","-","protein_coding",7.65730958600423e-14
"ENSG00000272994",155.449907077267,3.07770589227443,0.418058722211059,1.79278808700947e-14,3.06961855987842e-13,"AC012360.3","2:105334027-105337475","-","lncRNA",8.14316073994196e-14
"ENSG00000108848",4988.65833035682,2.1694324595945,0.29153421516909,1.81954460062959e-14,3.11174426315954e-13,"LUC7L3","17:50719565-50756219","+","protein_coding",8.25491285715449e-14
"ENSG00000184564",91.3854342993441,2.9186741188577,0.395695752976262,2.11004597179775e-14,3.60428774686163e-13,"SLITRK6","13:85792790-85806683","-","protein_coding",9.56154450566652e-14
"ENSG00000146433",1028.70541906074,2.53813199213637,0.343516824459795,2.11431908811759e-14,3.60732292117914e-13,"TMEM181","6:158536436-158635428","+","protein_coding",9.56959629186051e-14
"ENSG00000164877",524.130974039672,2.51114136140943,0.34019697294176,2.21356510007123e-14,3.77219684683129e-13,"MICALL2","7:1428465-1459470","-","protein_coding",1.00069779574392e-13
"ENSG00000168615",4692.75642659244,2.34016064554957,0.316672738120259,2.29261927299129e-14,3.90231344098906e-13,"ADAM9","8:38996869-39105261","+","protein_coding",1.03521545064116e-13
"ENSG00000147133",1577.20142954348,2.0719441583971,0.279123178063672,2.3235734858931e-14,3.95034828760485e-13,"TAF1","X:71366239-71532374","+","protein_coding",1.04795825465672e-13
"ENSG00000136153",1452.48896721014,2.22677336033994,0.300678983416589,2.34273930647004e-14,3.97825214075189e-13,"LMO7","13:75620434-75859870","+","protein_coding",1.0553606584736e-13
"ENSG00000253731",50.2243296435314,4.3343615972117,0.592981459665808,2.42207975423445e-14,4.10333816277164e-13,"PCDHGA6","5:141373914-141512979","+","protein_coding",1.08854379063668e-13
"ENSG00000109861",792.007427383635,2.50609353988086,0.33998833360263,2.43271091575138e-14,4.11652288565845e-13,"CTSC","11:88293592-88337761","-","protein_coding",1.092041466836e-13
"ENSG00000143061",635.486903587222,2.18279034550221,0.29492268367166,2.44730369343096e-14,4.13637259342349e-13,"IGSF3","1:116574399-116667755","-","protein_coding",1.09730724686106e-13
"ENSG00000054983",647.381711404748,2.2951789442604,0.310759246945405,2.47471000000945e-14,4.17780773482903e-13,"GALC","14:87837820-87993665","-","protein_coding",1.10829926460417e-13
"ENSG00000114859",150.83726945687,2.55535272855893,0.347174342585086,2.4875957677123e-14,4.19466119477368e-13,"CLCN2","3:184346185-184361650","-","protein_coding",1.11277019252815e-13
"ENSG00000186026",115.778669400078,2.72317762995165,0.370907066903876,2.57826287217207e-14,4.34247980952897e-13,"ZNF284","19:44072159-44089613","+","protein_coding",1.15198388363757e-13
"ENSG00000121989",140.388377515778,2.75853457051821,0.376055838731084,2.59896063668388e-14,4.3722444890243e-13,"ACVR2A","2:147844517-147930826","+","protein_coding",1.15987993211315e-13
"ENSG00000110344",853.250122059383,2.55507492474225,0.347257066136759,2.60962386184447e-14,4.38507842180401e-13,"UBE4A","11:118359585-118399211","+","protein_coding",1.16328454983721e-13
"ENSG00000153291",58.7730757301243,6.80013511982126,0.886129593921725,2.72422925799113e-14,4.57233879294191e-13,"SLC25A27","6:46652915-46678190","+","protein_coding",1.21296144853492e-13
"ENSG00000037042",670.983574401964,2.31915365291172,0.314942135769189,2.88872413036234e-14,4.84280190346476e-13,"TUBG2","17:42659284-42667006","+","protein_coding",1.28471057762865e-13
"ENSG00000119514",87.1794841907194,2.84235490277429,0.387944909040753,3.14956072938112e-14,5.27396316341676e-13,"GALNT12","9:98807670-98850081","+","protein_coding",1.39909011294017e-13
"ENSG00000262877",41.7695527626961,5.31612134429716,0.716955283034244,3.18593140625218e-14,5.32869152219332e-13,"AC110285.2","17:81388126-81390319","-","lncRNA",1.4136085885702e-13
"ENSG00000255455",94.5607628432758,3.61843436403033,0.499486222094469,3.20798905965085e-14,5.35938149144676e-13,"AP003486.1","11:130866254-130870247","-","lncRNA",1.42175010022253e-13
"ENSG00000163399",2756.15401616602,2.67884272840967,0.366209228174135,3.29574347202684e-14,5.49962920487989e-13,"ATP1A1","1:116372668-116410261","+","protein_coding",1.4589553637306e-13
"ENSG00000113161",1246.44694233883,2.57263992321504,0.351459158608862,3.32100718727672e-14,5.53539502460622e-13,"HMGCR","5:75336329-75362101","+","protein_coding",1.4684434096668e-13
"ENSG00000145908",302.05520308673,2.83147192999344,0.387966399735531,3.33566295968391e-14,5.55341767631246e-13,"ZNF300","5:150894392-150904983","-","protein_coding",1.47322450369985e-13
"ENSG00000105825",1568.83443435992,2.66465311929681,0.364275891598217,3.35311235413841e-14,5.5760444913296e-13,"TFPI2","7:93885396-93890753","-","protein_coding",1.479227001669e-13
"ENSG00000188385",555.889745407771,2.49184874457781,0.340091612346289,3.40865153394251e-14,5.66188773758658e-13,"JAKMIP3","10:132036336-132184858","+","protein_coding",1.50199971231931e-13
"ENSG00000011422",658.90450476606,2.61070101078904,0.357128242005997,3.62265672652931e-14,6.00561132506266e-13,"PLAUR","19:43646095-43670547","-","protein_coding",1.59318356361313e-13
"ENSG00000181016",61.7654996290867,3.60822413540209,0.495467157428776,3.62389666836526e-14,6.00561132506266e-13,"LSMEM1","7:112480853-112491062","+","protein_coding",1.59318356361313e-13
"ENSG00000070961",3282.50352081628,2.29709583772056,0.313299242449645,3.68384947841542e-14,6.09797351805054e-13,"ATP2B1","12:89588049-89709300","-","protein_coding",1.6176856367249e-13
"ENSG00000258634",198.950468310964,2.51241404286309,0.343696497152584,3.75539936595931e-14,6.20929934067254e-13,"AL160006.1","1:110058340-110062555","+","lncRNA",1.64721842884332e-13
"ENSG00000160949",1797.61550254271,2.43463284110282,0.332595354419435,3.78157452895701e-14,6.24543240205231e-13,"TONSL","8:144428775-144444440","-","protein_coding",1.65680389756205e-13
"ENSG00000184226",1757.15305005037,2.26556269707938,0.309644239287512,3.80557461264546e-14,6.27073645693724e-13,"PCDH9","13:66302834-67230445","-","protein_coding",1.6635166204063e-13
"ENSG00000204525",697.375048112767,2.8015283995339,0.384416098045724,3.8034571439295e-14,6.27073645693724e-13,"HLA-C","6:31268749-31272130","-","protein_coding",1.6635166204063e-13
"ENSG00000115380",563.350818118352,2.70228602206314,0.3704923325968,3.82381410496394e-14,6.29361476433188e-13,"EFEMP1","2:55865967-55924139","-","protein_coding",1.66958583490114e-13
"ENSG00000163703",186.920050671514,2.52469353063642,0.345773723290287,3.8414480823976e-14,6.31544553341613e-13,"CRELD1","3:9933822-9945413","+","protein_coding",1.67537715581811e-13
"ENSG00000164307",207.857682520983,2.33129664065795,0.318187679746067,3.97943508343049e-14,6.52744794445561e-13,"ERAP1","5:96760810-96808100","-","protein_coding",1.73161768462239e-13
"ENSG00000275180",52.7027935267476,3.87327690531622,0.535658870597351,4.01898932566577e-14,6.58485427950068e-13,"AC048341.2","12:62603909-62604399","+","lncRNA",1.74684658048173e-13
"ENSG00000158528",612.287486987727,2.19011245820293,0.298718725654018,4.1079970192372e-14,6.72306511041867e-13,"PPP1R9A","7:94907202-95296415","+","protein_coding",1.78351149471168e-13
"ENSG00000129315",1321.08799027826,2.08489451319708,0.283912096394522,4.11736099864382e-14,6.73076739721741e-13,"CCNT1","12:48688458-48716998","-","protein_coding",1.78555477658022e-13
"ENSG00000159086",1307.98273113218,2.3026146842799,0.314466431954627,4.12690438731274e-14,6.73874523175778e-13,"PAXBP1","21:32733899-32771792","-","protein_coding",1.78767115644149e-13
"ENSG00000144214",83.8325023411377,3.04962039216649,0.419125029290519,4.16598712933265e-14,6.79488487652213e-13,"LYG1","2:99284238-99304742","-","protein_coding",1.80256402154123e-13
"ENSG00000153201",2141.35674614857,2.2485506938969,0.307100465329896,4.24124149307465e-14,6.90982872789423e-13,"RANBP2","2:108719482-108785809","+","protein_coding",1.83305661335785e-13
"ENSG00000206573",387.8901547112,2.59535617191399,0.356334545284633,4.3000277348633e-14,6.99771405366098e-13,"THUMPD3-AS1","3:9349689-9398579","-","lncRNA",1.85637105195798e-13
"ENSG00000141526",1571.14504186636,2.49724273103088,0.342814045307163,4.30745187299403e-14,7.00191080052157e-13,"SLC16A3","17:82228397-82261129","+","protein_coding",1.85748437544114e-13
"ENSG00000185033",1767.53975811686,2.42683067919746,0.332401773391605,4.38353009934398e-14,7.11757229950786e-13,"SEMA4B","15:90160604-90229679","+","protein_coding",1.88816734660825e-13
"ENSG00000063660",6689.00702309061,2.63160420223925,0.361576996361563,4.48985056960921e-14,7.28202363427864e-13,"GPC1","2:240435663-240468076","+","protein_coding",1.93179340720223e-13
"ENSG00000182985",503.638494622284,2.77912117640432,0.38277915810181,4.62817587526456e-14,7.4979562302072e-13,"CADM1","11:115169218-115504957","-","protein_coding",1.98907654526446e-13
"ENSG00000160299",1079.30463638942,2.29396165866463,0.314035543575286,4.66083374595004e-14,7.5424085624551e-13,"PCNT","21:46324141-46445769","+","protein_coding",2.00086897092579e-13
"ENSG00000130827",141.134947842904,2.93649907208854,0.406001236944306,4.84202000653324e-14,7.82081315211719e-13,"PLXNA3","X:154458281-154477779","+","protein_coding",2.07472483542922e-13
"ENSG00000230869",82.3692340721299,2.75791108051557,0.379532677536659,4.84369785561199e-14,7.82081315211719e-13,"AGAP10P","10:45678692-45700532","+","unprocessed_pseudogene",2.07472483542922e-13
"ENSG00000198625",2029.66793526407,2.33703621364038,0.3203049587288,4.875031265832e-14,7.86262018108685e-13,"MDM4","1:204516379-204558120","+","protein_coding",2.08581550843365e-13
"ENSG00000130589",281.731170115656,2.60298303907821,0.358157143857243,4.92092890250943e-14,7.92779749946084e-13,"HELZ2","20:63558086-63574239","-","protein_coding",2.10310591014854e-13
"ENSG00000174106",580.780151933149,2.46758639419848,0.33910093501428,5.00373267971489e-14,8.05222059627616e-13,"LEMD3","12:65169583-65248355","+","protein_coding",2.13611317985858e-13
"ENSG00000257524",134.963072573482,3.11561828628058,0.43076998664552,5.18581140277361e-14,8.3359466720224e-13,"AL157935.2","9:127867850-127906022","-","protein_coding",2.21138074147399e-13
"ENSG00000177239",1433.15401740503,2.64793191031593,0.365185617971787,5.28592761491603e-14,8.4874377736835e-13,"MAN1B1","9:137086985-137109183","+","protein_coding",2.2515686790771e-13
"ENSG00000110057",2489.15943132695,2.52534873705702,0.347591172274359,5.40597511662134e-14,8.67056008993285e-13,"UNC93B1","11:67991100-68004982","-","protein_coding",2.3001478242445e-13
"ENSG00000165376",151.213560165985,2.54537799890746,0.350106068579206,5.57342274371849e-14,8.91932802541261e-13,"CLDN2","X:106900164-106930861","+","protein_coding",2.36614160314697e-13
"ENSG00000143153",4956.00522579536,2.28626476971819,0.314271007508899,5.60144387415682e-14,8.95425502493808e-13,"ATP1B1","1:169105697-169132722","+","protein_coding",2.3754071247664e-13
"ENSG00000166479",1057.62287922525,2.38428314307867,0.328062089881222,5.74178097174545e-14,9.1684504776457e-13,"TMX3","18:68673688-68715108","-","protein_coding",2.4322294291387e-13
"ENSG00000107331",1052.26767716712,2.41047246483219,0.33184054886529,5.76747294493009e-14,9.19931032308882e-13,"ABCA2","9:137007234-137028922","-","protein_coding",2.44041600597068e-13
"ENSG00000103249",1727.3035090112,2.38486193212799,0.328158278471963,5.85717659088999e-14,9.31695138764015e-13,"CLCN7","16:1444934-1475084","-","protein_coding",2.47162412123232e-13
"ENSG00000259972",216.267945979803,2.57916235338661,0.355654898454609,5.84964019484549e-14,9.31695138764015e-13,"AC009120.2","16:74305127-74335346","-","lncRNA",2.47162412123232e-13
"ENSG00000260644",116.890453623462,3.10712234163797,0.429763336262064,5.86056938022621e-14,9.31695138764015e-13,"HERC2P5","16:32741314-32776196","+","transcribed_unprocessed_pseudogene",2.47162412123232e-13
"ENSG00000140451",650.456075998073,2.50248721336505,0.345147469912086,5.93568956282693e-14,9.42600548048483e-13,"PIF1","15:64815632-64825668","-","protein_coding",2.50055426320468e-13
"ENSG00000140443",4922.77870837244,2.3529377426036,0.323300865034447,6.00389160505462e-14,9.52384605758994e-13,"IGF1R","15:98648539-98964530","+","protein_coding",2.52650965573029e-13
"ENSG00000130844",1275.71701675613,2.39341721457709,0.329930210863567,6.27152981392701e-14,9.93748655055475e-13,"ZNF331","19:53519527-53580269","+","protein_coding",2.63624123823984e-13
"ENSG00000186908",854.503378888012,2.34696717020857,0.323512292000226,6.49840733223994e-14,1.02857047489813e-12,"ZDHHC17","12:76763588-76853696","+","protein_coding",2.72861743114613e-13
"ENSG00000011426",2109.40202846008,2.44241999090891,0.337263824664675,6.66336441089985e-14,1.05352602956142e-12,"ANLN","7:36389821-36453791","+","protein_coding",2.79482014950134e-13
"ENSG00000188566",426.385583380902,2.71693150157167,0.376782786985195,6.81035251843751e-14,1.0744148934928e-12,"NDOR1","9:137205685-137217009","+","protein_coding",2.85023464916958e-13
"ENSG00000138658",186.880895848251,2.40238106925227,0.331528898983663,6.98352567349099e-14,1.10053358241677e-12,"ZGRF1","4:112539333-112636995","-","protein_coding",2.91952295912588e-13
"ENSG00000215041",2062.41011003601,2.29991748481471,0.317435332384704,7.25471457724869e-14,1.14202484047735e-12,"NEURL4","17:7315628-7329393","-","protein_coding",3.02959200422022e-13
"ENSG00000151348",1546.45735974432,2.68895857683675,0.372928254592774,7.40876456026477e-14,1.16500605724033e-12,"EXT2","11:44095673-44251981","+","protein_coding",3.09055714970976e-13
"ENSG00000183506",369.485026980872,2.33687221244499,0.323262549613668,7.64801542097952e-14,1.2013203353106e-12,"PI4KAP2","22:21473000-21517533","-","transcribed_unitary_pseudogene",3.18689257305723e-13
"ENSG00000198064",126.608397233974,2.72956855470284,0.379478516660482,7.69218075063317e-14,1.20694575491205e-12,"NPIPB13","16:30222937-30254510","-","protein_coding",3.20181582659857e-13
"ENSG00000142871",1332.28451413645,2.9460902610246,0.410204897233759,7.88567089407905e-14,1.23462437801015e-12,"CCN1","1:85580761-85583950","+","protein_coding",3.27524236887129e-13
"ENSG00000236017",53.6018242101247,10.2463612451829,2.90059168790648,7.94258389215353e-14,1.24218917560076e-12,"ASMTL-AS1","X:1401769-1414028","+","lncRNA",3.29531045275334e-13
"ENSG00000103319",758.365178305581,2.17869508541908,0.300774184196352,7.95624642496443e-14,1.24298072526661e-12,"EEF2K","16:22206278-22288738","+","protein_coding",3.29741029546567e-13
"ENSG00000175787",106.793589258394,2.57505821483058,0.357415407206194,8.07176740457695e-14,1.25966642293241e-12,"ZNF169","9:94259311-94301454","+","protein_coding",3.34167453074451e-13
"ENSG00000155380",919.458739203998,2.83518652556267,0.394635260340321,8.14978517811996e-14,1.26910070699366e-12,"SLC16A1","1:112911847-112957013","-","protein_coding",3.36670203500225e-13
"ENSG00000115107",1090.39137191678,2.47615574081863,0.34355281299732,8.41544021786143e-14,1.30765082353028e-12,"STEAP3","2:119223831-119265652","+","protein_coding",3.4689687464446e-13
"ENSG00000117479",218.647402082938,2.33125445443413,0.322958859380705,8.50249791613787e-14,1.31975937042007e-12,"SLC19A2","1:169463909-169485944","-","protein_coding",3.50109060188928e-13
"ENSG00000090581",580.82538296788,2.64982223738795,0.368547662395349,8.52010071458289e-14,1.32107269770855e-12,"GNPTG","16:1351931-1364113","+","protein_coding",3.50457462930365e-13
"ENSG00000179023",173.186457969597,2.45055337489447,0.339878899947215,8.68486102394765e-14,1.34517606277671e-12,"KLHDC7A","1:18480982-18486126","+","protein_coding",3.56851663782842e-13
"ENSG00000159322",1808.32541091116,2.5054753605712,0.348029388358049,8.85485205639784e-14,1.37003712063175e-12,"ADPGK","15:72751369-72785846","-","protein_coding",3.63446867269185e-13
"ENSG00000144136",2568.56219706539,2.49146021115855,0.345977701340936,8.98515774409314e-14,1.38871138566727e-12,"SLC20A1","2:112645939-112663825","+","protein_coding",3.684008229128e-13
"ENSG00000129566",697.874400607486,2.11493797321049,0.29239762327979,9.06751895211802e-14,1.39994355103694e-12,"TEP1","14:20365667-20413501","-","protein_coding",3.71380519779971e-13
"ENSG00000120889",4048.43741901273,2.38805605202579,0.331156755541466,9.13004572826258e-14,1.40809275153813e-12,"TNFRSF10B","8:23020133-23069031","-","protein_coding",3.73542360031088e-13
"ENSG00000134962",43.0973497205236,3.76291479929105,0.525679843147435,9.53649197698653e-14,1.46920944093211e-12,"KLB","4:39406930-39451533","+","protein_coding",3.89755547953956e-13
"ENSG00000057252",937.998331446892,2.44226638129589,0.339847176441129,1.0034568127338e-13,1.54429759327116e-12,"SOAT1","1:179293714-179358680","+","protein_coding",4.09675120442673e-13
"ENSG00000285796",58.9198690414195,3.27068019790069,0.458364276641883,1.02008665550455e-13,1.56822045305279e-12,"AL162458.1","20:45926518-45935055","-","lncRNA",4.16021436402159e-13
"ENSG00000283294",42.680457270313,3.87170518243975,0.538751364519731,1.02225590827369e-13,1.56988524234465e-12,"AP005212.4","18:14225224-14342505","+","lncRNA",4.16463075861176e-13
"ENSG00000173482",1459.60050037049,2.21434881963972,0.307495299835361,1.06447316901232e-13,1.63298320227145e-12,"PTPRM","18:7566782-8406861","+","protein_coding",4.3320186017667e-13
"ENSG00000047457",142.303987676465,2.9552041998262,0.413475673318313,1.08110231650961e-13,1.65673484367767e-12,"CP","3:149162410-149221829","-","protein_coding",4.39502754898127e-13
"ENSG00000089057",884.620662796537,2.1803353970293,0.302736163104696,1.08677825312711e-13,1.66366870084108e-12,"SLC23A2","20:4852356-5010293","-","protein_coding",4.4134218583484e-13
"ENSG00000204271",426.546051568264,2.33211378457634,0.324635273995343,1.08946953218949e-13,1.66602372589104e-12,"SPIN3","X:56818298-56995827","-","protein_coding",4.41966932758743e-13
"ENSG00000131127",163.567129743605,2.34214895270485,0.325938764223851,1.09673949155616e-13,1.67536811759811e-12,"ZNF141","4:337814-384868","+","protein_coding",4.44445836316411e-13
"ENSG00000178726",313.787581115597,2.73498602926722,0.382933845021618,1.09905843646242e-13,1.6771376415331e-12,"THBD","20:23045633-23049741","-","protein_coding",4.44915260042998e-13
"ENSG00000236287",1537.56483907363,2.29111985893069,0.318732288123372,1.10462359456016e-13,1.68385185284693e-12,"ZBED5","11:10812074-10858796","-","protein_coding",4.4669642278045e-13
"ENSG00000196739",874.849631525835,2.4378980681948,0.340143978205359,1.13381412266577e-13,1.72471030385716e-12,"COL27A1","9:114155537-114312511","+","protein_coding",4.57535454655946e-13
"ENSG00000185621",110.553880443544,2.75132754673716,0.385435054134034,1.14397709692514e-13,1.73833996084807e-12,"LMLN","3:197960200-198043720","+","protein_coding",4.61151164085055e-13
"ENSG00000196562",397.150590131256,2.29654785146884,0.320045998333027,1.17369269299309e-13,1.78162112462638e-12,"SULF2","20:47656348-47786616","-","protein_coding",4.7263289925128e-13
"ENSG00000109323",357.115469527942,2.20209438555562,0.306512037256413,1.19244365935824e-13,1.80818502847701e-12,"MANBA","4:102630770-102760994","-","protein_coding",4.79679837974008e-13
"ENSG00000128567",550.164556793261,2.74073852700616,0.384104912991724,1.19705951270788e-13,1.81328165808612e-12,"PODXL","7:131500262-131558217","-","protein_coding",4.81031884598998e-13
"ENSG00000110237",890.527371882392,2.59790288633854,0.363819327023637,1.25599814630545e-13,1.89858046153347e-12,"ARHGEF17","11:73308289-73369388","+","protein_coding",5.03660164101712e-13
"ENSG00000196296",85.1892117126649,3.25074060749114,0.458642974254175,1.26629107341123e-13,1.91213921649589e-12,"ATP2A1","16:28878405-28904509","+","protein_coding",5.07257064463719e-13
"ENSG00000179218",8144.36036420307,2.55980461212881,0.357789543521155,1.27261034247197e-13,1.91967558027792e-12,"CALR","19:12938578-12944489","+","protein_coding",5.09256329860204e-13
"ENSG00000205517",84.1014722068072,2.83139680187658,0.398008154106205,1.28612474999737e-13,1.9380384527854e-12,"RGL3","19:11384341-11419342","-","protein_coding",5.14127678516675e-13
"ENSG00000185946",310.232478743029,2.44194575397554,0.342045660363917,1.35700035086924e-13,2.04270959066785e-12,"RNPC3","1:103525691-103555239","+","protein_coding",5.41895099255857e-13
"ENSG00000261490",38.82394202842,4.32700790452303,0.606971631338249,1.37791914277216e-13,2.07204053404791e-12,"AC005674.2","4:10068089-10073019","-","lncRNA",5.49676085132077e-13
"ENSG00000021826",599.548467405887,2.27461625326124,0.318183010979081,1.48132819571837e-13,2.22522596219607e-12,"CPS1","2:210477682-210679107","+","protein_coding",5.9031349789507e-13
"ENSG00000163617",180.079589206474,2.37163667977787,0.332320417018261,1.48964702546743e-13,2.23539866718898e-12,"CCDC191","3:113964137-114056594","-","protein_coding",5.93012138468856e-13
"ENSG00000280063",48.3228538187598,4.91934345634815,0.693449731029802,1.52176476831523e-13,2.28122641773064e-12,"AC012676.5","16:4346694-4348648","-","TEC",6.05169438528491e-13
"ENSG00000181027",755.364864704093,2.52199586966653,0.354151972473786,1.52789206074939e-13,2.28803815232016e-12,"FKRP","19:46746046-46776988","+","protein_coding",6.06976472483956e-13
"ENSG00000000971",251.75906747478,2.91192158246639,0.410573725458176,1.63447384837554e-13,2.44511196510092e-12,"CFH","1:196651878-196747504","+","protein_coding",6.48645405628534e-13
"ENSG00000220785",41.0927780562973,3.87780203593784,0.546355925421312,1.66716062643567e-13,2.49143104577268e-12,"MTMR9LP","1:32231658-32241620","-","transcribed_unprocessed_pseudogene",6.6093304697155e-13
"ENSG00000245149",42.6228204086177,4.59953781474738,0.648162468918278,1.683100260676e-13,2.51265308543687e-12,"RNF139-AS1","8:124462485-124474582","-","lncRNA",6.66562882628452e-13
"ENSG00000227953",43.4081689850547,3.97528805111393,0.559487055204185,1.69167712008204e-13,2.52285098682204e-12,"LINC01341","1:246775880-246792385","+","lncRNA",6.69268207364069e-13
"ENSG00000049860",1547.13887984081,2.53316366688547,0.356519754440388,1.72371496361123e-13,2.5679798906336e-12,"HEXB","5:74640023-74722647","+","protein_coding",6.81240115618672e-13
"ENSG00000203392",39.3215956767166,4.59969708833275,0.651317520319837,1.78638039160053e-13,2.655862452574e-12,"AC105020.1","15:75678548-75680752","+","lncRNA",7.04553821024042e-13
"ENSG00000272578",48.5583187380194,4.62418459370331,0.656861376581816,1.82967726643844e-13,2.71743742829413e-12,"AP000347.1","22:23658094-23717356","-","transcribed_unprocessed_pseudogene",7.20888584287492e-13
"ENSG00000102805",411.258986740966,2.31341961399436,0.325372724647565,1.89265923129318e-13,2.80809225373898e-12,"CLN5","13:76990660-77019143","+","protein_coding",7.44937722675488e-13
"ENSG00000273449",39.4472582067183,5.0092922076084,0.701660647489065,1.92974863672521e-13,2.86018436403241e-12,"AC093788.1","4:163529771-163530697","+","lncRNA",7.58756847727266e-13
"ENSG00000112414",2970.09099305307,2.37066557618429,0.335162800488671,2.0403788367078e-13,3.01796464373229e-12,"ADGRG6","6:142301854-142446266","+","protein_coding",8.00613194179642e-13
"ENSG00000165028",87.7711110110361,3.00709195772655,0.426456543105809,2.0951936709977e-13,3.09587359300488e-12,"NIPSNAP3B","9:104764129-104777764","+","protein_coding",8.21281074720206e-13
"ENSG00000197948",293.157555695332,2.31331685518313,0.326393722033252,2.17775620085616e-13,3.21130151618086e-12,"FCHSD1","5:141639302-141651418","-","protein_coding",8.5190208231331e-13
"ENSG00000090530",1170.48015432678,2.46231538328689,0.347921179313481,2.19543487303623e-13,3.23407027015766e-12,"P3H2","3:189956728-190122437","-","protein_coding",8.57942234203993e-13
"ENSG00000104365",1799.97395792398,2.14297991565477,0.3015874414475,2.22232212771821e-13,3.27034389690997e-12,"IKBKB","8:42271302-42332653","+","protein_coding",8.67564992455638e-13
"ENSG00000130477",1128.96029294421,2.34899498078995,0.331492446701117,2.22761317914908e-13,3.27479532572567e-12,"UNC13A","19:17601328-17688365","-","protein_coding",8.68745878603594e-13
"ENSG00000130304",210.105951084299,2.42244276946592,0.342590453532999,2.27684468879911e-13,3.34376855669064e-12,"SLC27A1","19:17468769-17506168","+","protein_coding",8.87043269486034e-13
"ENSG00000100258",670.096643008066,2.90573851566395,0.413119569851549,2.28137566532433e-13,3.3470212933606e-12,"LMF2","22:50502949-50507702","-","protein_coding",8.87906163589373e-13
"ENSG00000101294",3638.51557768987,2.64114336494914,0.373944099688451,2.29140309572469e-13,3.35832313755756e-12,"HM13","20:31514410-31577923","+","protein_coding",8.9090434502978e-13
"ENSG00000104213",184.577056118878,2.29433036269064,0.323727074572859,2.29796752761097e-13,3.36453178738664e-12,"PDGFRL","8:17576433-17644071","+","protein_coding",8.92551391154567e-13
"ENSG00000153933",377.565709000667,2.24260820369052,0.316611028074724,2.39067799760955e-13,3.49672952868983e-12,"DGKE","17:56834107-56869567","+","protein_coding",9.2762113796154e-13
"ENSG00000212694",192.011011988765,2.37963000642267,0.336696455206712,2.40474118264187e-13,3.51374265221008e-12,"LINC01089","12:121795267-121803906","-","lncRNA",9.32134421837415e-13
"ENSG00000164535",388.861535695647,2.6964620806288,0.383094238414909,2.4205343270634e-13,3.53324662226194e-12,"DAGLB","7:6409126-6484190","-","protein_coding",9.37308483698884e-13
"ENSG00000174080",727.956489965849,2.53150766180905,0.358992492756835,2.48814929525464e-13,3.62591825330004e-12,"CTSF","11:66563464-66568841","-","protein_coding",9.61892645309042e-13
"ENSG00000180422",41.5803641753564,5.54749856067208,0.776173619199068,2.48903944867043e-13,3.62591825330004e-12,"LINC00304","16:89159146-89164245","+","lncRNA",9.61892645309042e-13
"ENSG00000185495",106.945701724533,3.09057457095866,0.442122768217619,2.49373999415301e-13,3.62910741747282e-12,"AC138393.1","1:223992743-224010612","+","transcribed_unprocessed_pseudogene",9.62738674741637e-13
"ENSG00000116032",44.140791704811,4.23387588046065,0.605976329112841,2.51421026479656e-13,3.65521655297536e-12,"GRIN3B","19:1000419-1009732","+","protein_coding",9.69664971381783e-13
"ENSG00000132517",63.6923018162889,2.98980292803989,0.426220196630031,2.60321288600109e-13,3.77701098550219e-12,"SLC52A1","17:5032600-5052009","-","protein_coding",1.00197490246766e-12
"ENSG00000130518",63.7594176824338,3.23507050736655,0.461278950730393,2.6066335542112e-13,3.7781806912644e-12,"IQCN","19:18257097-18274509","-","protein_coding",1.00228520493209e-12
"ENSG00000152894",445.337690135279,2.15615083467514,0.304626898042296,2.69000346956506e-13,3.89511424235317e-12,"PTPRK","6:127968779-128520674","-","protein_coding",1.03330562925628e-12
"ENSG00000070476",440.257549009188,2.42961757167226,0.344876867467884,2.73784521901707e-13,3.96042054654812e-12,"ZXDC","3:126437601-126475891","-","protein_coding",1.05063024865173e-12
"ENSG00000204869",51.0630539371258,3.6586216767869,0.522286875642442,2.74620617943435e-13,3.96854254990058e-12,"IGFL4","19:46039748-46077118","-","protein_coding",1.05278487397534e-12
"ENSG00000134575",145.025250408509,2.815499859923,0.401895394747597,2.75065656017009e-13,3.97100279230949e-12,"ACP2","11:47239305-47248906","-","protein_coding",1.05343753322287e-12
"ENSG00000160326",602.988044331364,2.56588119051919,0.36485640538062,2.76975445060841e-13,3.99458299059302e-12,"SLC2A6","9:133471094-133479127","-","protein_coding",1.05969294708478e-12
"ENSG00000136156",2334.46176773286,2.28574551255607,0.323875767102371,2.78642050587252e-13,4.01461243572919e-12,"ITM2B","13:48232612-48270357","+","protein_coding",1.06500640828832e-12
"ENSG00000224420",267.156993373512,2.65300705354788,0.377817234996581,2.83427358034716e-13,4.0754315929947e-12,"ADM5","19:49688664-49690575","+","protein_coding",1.08114066614544e-12
"ENSG00000232611",44.7722145242297,3.78130389311309,0.542747965241975,2.92000036469983e-13,4.19036000697888e-12,"AL683813.1","X:136840931-136847797","-","lncRNA",1.11162916269326e-12
"ENSG00000251079",93.6484243516489,3.14116927750929,0.450364358089713,2.96245414756072e-13,4.24706596095238e-12,"BMS1P2","10:47538377-47551954","-","transcribed_unprocessed_pseudogene",1.12667225971364e-12
"ENSG00000167968",57.0654930128118,3.17768946931428,0.454506746220225,3.01672354687187e-13,4.3163041560243e-12,"DNASE1L2","16:2235816-2238711","+","protein_coding",1.14503994093577e-12
"ENSG00000132793",693.147875889738,2.41684664854987,0.343633415984753,3.03558613387905e-13,4.33899655990961e-12,"LPIN3","20:41340920-41360582","+","protein_coding",1.1510598384836e-12
"ENSG00000176155",1186.734054344,2.23434828794092,0.317324087126461,3.24095911801687e-13,4.62340574673858e-12,"CCDC57","17:82101460-82212830","-","protein_coding",1.22650861751223e-12
"ENSG00000157214",527.223270771345,2.09088465767057,0.296141235570166,3.28297627835098e-13,4.6787268440286e-12,"STEAP2","7:90167590-90238137","+","protein_coding",1.24118433629471e-12
"ENSG00000118058",1078.17025421951,2.29566465440756,0.326476035162538,3.44438837732487e-13,4.90392674292825e-12,"KMT2A","11:118436464-118526832","+","protein_coding",1.30092592762231e-12
"ENSG00000204965",42.7302380993449,4.50582936124622,0.640993201052993,3.45093571239466e-13,4.9084125964385e-12,"PCDHA5","5:140821604-141012347","+","protein_coding",1.30211594603916e-12
"ENSG00000204623",83.39725598177,3.05389677148079,0.437914732336149,3.50982295064564e-13,4.98236261883892e-12,"ZNRD1ASP","6:30001011-30061640","-","transcribed_unitary_pseudogene",1.32173359257674e-12
"ENSG00000178773",1240.33942269345,2.49410784925308,0.35646723060854,3.61427386954986e-13,5.12560075455005e-12,"CPNE7","16:89575758-89597246","+","protein_coding",1.35973216277146e-12
"ENSG00000140688",1122.01221357511,2.29352745547961,0.326809057991601,3.74299453353206e-13,5.2977486781657e-12,"C16orf58","16:31489471-31509309","-","protein_coding",1.40539999366654e-12
"ENSG00000001036",1269.3488356763,2.66095617355645,0.380587131967147,3.82765875537905e-13,5.41227951800221e-12,"FUCA2","6:143494811-143511690","-","protein_coding",1.43578302075204e-12
"ENSG00000124155",1634.20849574048,2.31638454865632,0.33024515033542,3.85437351861552e-13,5.44472646309999e-12,"PIGT","20:45416084-45456934","+","protein_coding",1.44439062734215e-12
"ENSG00000247982",45.208133853137,4.07895366430191,0.588066904746377,3.99746127241524e-13,5.63583539977293e-12,"LINC00926","15:57300365-57307769","+","lncRNA",1.49508848311185e-12
"ENSG00000274602",292.106873215926,2.60561496182473,0.373665844576092,4.13884307225676e-13,5.82947575411135e-12,"PI4KAP1","22:18533646-18577968","-","transcribed_unprocessed_pseudogene",1.54645787967881e-12
"ENSG00000251474",217.06216376866,2.62532331266402,0.376800714697771,4.22767788114776e-13,5.94879971377471e-12,"RPL32P3","3:129382922-129399655","-","transcribed_unprocessed_pseudogene",1.57811243755664e-12
"ENSG00000215022",52.0513188480254,3.87495587308117,0.555078894846774,4.29162419185461e-13,6.03290478565087e-12,"AL008729.1","6:13264861-13295586","-","lncRNA",1.60042404096833e-12
"ENSG00000277938",53.2841302050001,3.34999955858202,0.483439313197117,4.36406214418531e-13,6.12877182173196e-12,"AL035252.3","20:25229150-25231933","+","lncRNA",1.62585588760471e-12
"ENSG00000158604",1444.09385532125,2.18493554006463,0.311878764389912,4.44892574121457e-13,6.24188600837784e-12,"TMED4","7:44577894-44582287","-","protein_coding",1.65586310139553e-12
"ENSG00000229152",40.7363213006098,3.76604008411694,0.542083471577037,4.62999971317319e-13,6.48963393356603e-12,"ANKRD10-IT1","13:110894639-110899172","-","lncRNA",1.72158628942168e-12
"ENSG00000198910",158.94190890875,2.96426402797427,0.428618011401133,4.83042689253947e-13,6.76400184341937e-12,"L1CAM","X:153861514-153886174","-","protein_coding",1.79437129342902e-12
"ENSG00000152527",502.695094815695,2.64443767046047,0.380343512945315,4.94490870042253e-13,6.91091640520367e-12,"PLEKHH2","2:43637260-43767987","+","protein_coding",1.83334515510958e-12
"ENSG00000187720",2259.41714102236,2.03132820222297,0.289892989222039,5.02449537220564e-13,7.01536063997523e-12,"THSD4","15:71096952-71783383","+","protein_coding",1.8610523824251e-12
"ENSG00000203761",84.0987099831681,2.99209267463969,0.432128734634032,5.19776748649318e-13,7.243291991062e-12,"MSTO2P","1:155745829-155750137","+","unprocessed_pseudogene",1.92151858020719e-12
"ENSG00000050426",957.299168134803,2.05967660581154,0.294495825442734,5.37088654053899e-13,7.47732961438622e-12,"LETMD1","12:51047962-51060424","+","protein_coding",1.983604665131e-12
"ENSG00000185344",639.693957801829,2.28780016862907,0.328562195893746,5.50686144873767e-13,7.6592545520412e-12,"ATP6V0A2","12:123712353-123761755","+","protein_coding",2.03186616671597e-12
"ENSG00000046651",539.04304928205,2.16151226556443,0.310097571470441,5.72117197911174e-13,7.94967848751383e-12,"OFD1","X:13734745-13769357","+","protein_coding",2.1089105532789e-12
"ENSG00000214331",106.684232736612,2.8809150009037,0.417357168602208,5.75769198721684e-13,7.99273841568402e-12,"AC009053.1","16:74332402-74368240","-","transcribed_unprocessed_pseudogene",2.12033359851075e-12
"ENSG00000172270",9838.92071905465,2.42698141502367,0.349239850886364,6.06613883278323e-13,8.41283802999525e-12,"BSG","19:571277-583493","+","protein_coding",2.23177867285444e-12
"ENSG00000068078",197.043110668172,2.35783076711959,0.339960229079966,6.1492616656696e-13,8.51994058778441e-12,"FGFR3","4:1793293-1808872","+","protein_coding",2.26019110673582e-12
"ENSG00000168216",363.308398599468,2.36413678607914,0.340732262342862,6.24262966169062e-13,8.64101927596659e-12,"LMBRD1","6:69672757-69867236","-","protein_coding",2.29231116337529e-12
"ENSG00000064545",430.998246477801,2.66368955316092,0.385660943879471,6.28152218169868e-13,8.68653368877776e-12,"TMEM161A","19:19119169-19138513","-","protein_coding",2.30438534041963e-12
"ENSG00000108506",1228.53480190083,2.04282242164422,0.293129757937982,6.49858608204836e-13,8.97811352501729e-12,"INTS2","17:61865367-61928016","-","protein_coding",2.38173636722337e-12
"ENSG00000257379",60.7243662806998,3.94245107667325,0.572526257341368,6.57941915881858e-13,9.08110661548112e-12,"AC023509.1","12:53441741-53467528","+","lncRNA",2.40905863135458e-12
"ENSG00000116133",2344.67028581874,2.08012150877707,0.298775604741702,6.63641001616634e-13,9.15102682668128e-12,"DHCR24","1:54849627-54887195","-","protein_coding",2.42760723951768e-12
"ENSG00000099326",1141.26756071071,2.32112836319737,0.334786944354636,6.69578120550441e-13,9.22409286947037e-12,"MZF1","19:58561931-58573575","-","protein_coding",2.44699038173736e-12
"ENSG00000006071",50.1473129329233,3.40403774922929,0.493917005763935,6.92054955771642e-13,9.50654578503422e-12,"ABCC8","11:17392498-17476879","-","protein_coding",2.5219201962415e-12
"ENSG00000230699",50.1279750942597,4.21686506400732,0.616710037798029,6.95383013082996e-13,9.54319080917604e-12,"AL645608.2","1:911435-914948","+","lncRNA",2.53164147971972e-12
"ENSG00000274383",148.901720966369,5.68647604207962,0.837661390388297,7.18057553457848e-13,9.83568692418897e-12,"AC103691.1","15:64950916-64951435","-","lncRNA",2.60923557924371e-12
"ENSG00000115902",478.63263896581,2.38276626026555,0.344656247089148,7.25108934922826e-13,9.92286857819106e-12,"SLC1A4","2:64988477-65023865","+","protein_coding",2.63236334604159e-12
"ENSG00000178607",728.391136430017,2.11436168248169,0.304481118575963,7.26617423991036e-13,9.93382710798456e-12,"ERN1","17:64039142-64130819","-","protein_coding",2.63527045218006e-12
"ENSG00000286699",84.0601716021933,3.01955369248781,0.440580911732728,7.27284553335248e-13,9.93382710798456e-12,"AC084198.2","3:101686827-101700926","+","lncRNA",2.63527045218006e-12
"ENSG00000254536",177.302631029888,2.45682592401896,0.356236392949519,7.55691080174703e-13,1.0302350754344e-11,"AL360181.3","10:133380017-133420271","+","protein_coding",2.73303332500076e-12
"ENSG00000152291",4596.31223481036,2.4050337992291,0.348188409940926,7.58618621917547e-13,1.03325143311314e-11,"TGOLN2","2:85318020-85328296","-","protein_coding",2.74103519394572e-12
"ENSG00000244701",78.5651121699892,3.31561799031293,0.486651370806623,7.59704516547248e-13,1.03375611757291e-11,"AC004918.1","7:141652381-141656810","-","lncRNA",2.74237403347859e-12
"ENSG00000165240",509.069978766282,2.44847901011562,0.355253992355989,8.14483182249223e-13,1.10517337715338e-11,"ATP7A","X:77910656-78050395","+","protein_coding",2.93183152242243e-12
"ENSG00000101464",619.401976769022,2.6325006681614,0.383374106926204,8.21185994686226e-13,1.11322315283402e-11,"PIGU","20:34560542-34698790","-","protein_coding",2.95318616828778e-12
"ENSG00000183718",428.953570451968,2.17355398456294,0.314254864688371,8.2750216338498e-13,1.12073418585533e-11,"TRIM52","5:181254417-181261139","-","protein_coding",2.97311162417828e-12
"ENSG00000214290",64.2526723203788,3.24691574821843,0.474018416822345,8.33051604693049e-13,1.12719370219281e-11,"COLCA2","11:111298555-111308735","+","protein_coding",2.99024759036182e-12
"ENSG00000139324",1021.34550419316,2.34474787795676,0.339907561327615,8.39852961354485e-13,1.13533350276274e-11,"TMTC3","12:88142296-88199887","+","protein_coding",3.01184105650068e-12
"ENSG00000070413",771.687046193562,2.36762560026463,0.343805081010383,8.96092105833992e-13,1.21022682443056e-11,"DGCR2","22:19036282-19122454","-","protein_coding",3.21051992971985e-12
"ENSG00000223855",48.7243283076868,3.98894367245496,0.586435071817546,9.09018787168222e-13,1.22653879489897e-11,"AC147651.1","7:520391-525238","+","lncRNA",3.25379273216038e-12
"ENSG00000255182",72.5123282520734,2.92782560807287,0.428481749535149,9.38268515643649e-13,1.26200606150161e-11,"AC084125.2","8:144495458-144505444","-","lncRNA",3.34788118234331e-12
"ENSG00000089692",74.5176905515387,3.29473714525021,0.483608066594724,9.57583547191778e-13,1.28518832241124e-11,"LAG3","12:6772512-6778455","+","protein_coding",3.40937966276357e-12
"ENSG00000280164",48.1416755127443,3.55723962336265,0.521246272673804,9.57821481722305e-13,1.28518832241124e-11,"CU638689.5","21:6721812-6725209","+","lncRNA",3.40937966276357e-12
"ENSG00000163453",990.737688257789,2.61553686598096,0.381735150158171,9.69316741649717e-13,1.29940595858813e-11,"IGFBP7","4:57030773-57110385","-","protein_coding",3.44709656291648e-12
"ENSG00000240038",36.3578003595692,4.73069553284557,0.682057297022943,9.73906219980242e-13,1.30434835819597e-11,"AMY2B","1:103553815-103579534","+","protein_coding",3.46020788396909e-12
"ENSG00000254860",131.562572140463,2.88357775971332,0.422248141043354,1.0197420948381e-12,1.36320934435758e-11,"TMEM9B-AS1","11:8964510-8977527","+","lncRNA",3.61635577735572e-12
"ENSG00000164181",411.688091421307,2.15661567324281,0.313204481166882,1.04751447602734e-12,1.39774992549132e-11,"ELOVL7","5:60751791-60844274","-","protein_coding",3.70798589319468e-12
"ENSG00000120049",42.7213233532405,4.05510025268839,0.599295414986508,1.05828184746867e-12,1.41081466584592e-11,"KCNIP2","10:101825974-101843920","-","protein_coding",3.74264436253144e-12
"ENSG00000157224",473.172033667728,2.43539595312763,0.355342649603893,1.06275836440823e-12,1.41547660129616e-11,"CLDN12","7:90383721-90513402","+","protein_coding",3.75501166126578e-12
"ENSG00000280287",58.1222708739726,3.34409146574656,0.491192368429466,1.06492815968152e-12,1.41706048209555e-11,"AC131212.3","12:132550729-132554947","+","TEC",3.7592134197875e-12
"ENSG00000103227",170.271527122931,2.35123411187191,0.342628137818661,1.06665108545006e-12,1.41804736300266e-11,"LMF1","16:853634-981318","-","protein_coding",3.76183144209254e-12
"ENSG00000157399",637.412421934475,2.23133528217421,0.324596753567475,1.08445044488614e-12,1.44038542086853e-11,"ARSE","X:2934632-2968310","-","protein_coding",3.82109039960522e-12
"ENSG00000272316",50.8568423454291,3.4880997849744,0.514167962438686,1.11284494160327e-12,1.47403503676525e-11,"AL021368.2","6:57908560-57913911","-","lncRNA",3.91035694062299e-12
"ENSG00000130175",4884.41624498579,2.23545625639486,0.325511000922775,1.11848448622886e-12,1.48014828850671e-11,"PRKCSH","19:11435288-11450968","+","protein_coding",3.92657432744267e-12
"ENSG00000023318",754.453939580854,2.59849996525612,0.380407186471952,1.12630734570956e-12,1.4891370039203e-11,"ERP44","9:99979185-100099000","-","protein_coding",3.95041981606955e-12
"ENSG00000226562",238.833130814766,2.31833059733285,0.338274672115847,1.12975711850152e-12,1.49233273486887e-11,"CYP4F26P","9:33580695-33607874","+","lncRNA",3.95889753090224e-12
"ENSG00000129646",94.982952848688,2.73636961371013,0.402231008864365,1.19211330554175e-12,1.57326295693003e-11,"QRICH2","17:76274049-76307998","-","protein_coding",4.1735912441789e-12
"ENSG00000110811",569.588323269753,2.46765355855576,0.361171107183519,1.20352517954926e-12,1.58542774563959e-11,"P3H3","12:6828407-6839847","+","protein_coding",4.20586229932698e-12
"ENSG00000240288",66.2247193779517,3.28881204971016,0.485948630599962,1.21710576590705e-12,1.60185750665963e-11,"GHRLOS","3:10285754-10294903","+","lncRNA",4.24944757948319e-12
"ENSG00000105612",706.283589609125,2.27408163275496,0.332211529521708,1.29048913750306e-12,1.69689340546467e-11,"DNASE2","19:12875209-12881466","-","protein_coding",4.50156118413411e-12
"ENSG00000150938",7338.9310310046,2.29101343965127,0.334481201017861,1.3352399654223e-12,1.75414115821069e-11,"CRIM1","2:36355778-36551135","+","protein_coding",4.65342945164607e-12
"ENSG00000228253",2016.03642595151,2.5645844279985,0.376088286109919,1.34268030180228e-12,1.7623136277334e-11,"MT-ATP8","MT:8366-8572","+","protein_coding",4.67510958279837e-12
"ENSG00000131002",1216.56743731802,2.03899096415991,0.297295739008273,1.41450809590802e-12,1.85490530798247e-11,"TXLNGY","Y:19567313-19606274","+","transcribed_unprocessed_pseudogene",4.92073910345103e-12
"ENSG00000106541",2786.19663271109,2.03718330184689,0.296884019854156,1.44782717813425e-12,1.89687674988377e-11,"AGR2","7:16791811-16833433","-","protein_coding",5.03208199222449e-12
"ENSG00000269930",69.0536025133888,2.915040191948,0.429276480153447,1.45956164071514e-12,1.91051859329479e-11,"AC091057.3","15:30616958-30617749","+","lncRNA",5.06827141495505e-12
"ENSG00000107984",4382.13481829019,2.30326660952804,0.338124705459025,1.47221320966036e-12,1.92533512152053e-11,"DKK1","10:52314281-52318042","+","protein_coding",5.10757707088479e-12
"ENSG00000181619",158.892410668476,2.99184191911465,0.443278714775124,1.48042350988618e-12,1.93432189343266e-11,"GPR135","14:59429022-59465342","-","protein_coding",5.13141740374248e-12
"ENSG00000284976",887.395073735147,2.6374121201142,0.388742407359725,1.52253149438071e-12,1.98574933441297e-11,"BX255925.3","9:137217452-137219361","+","protein_coding",5.26784540291483e-12
"ENSG00000248124",189.952620442844,2.41248044428874,0.354776179726509,1.54573840287764e-12,2.01238429369233e-11,"RRN3P1","16:21796106-21820410","-","transcribed_unprocessed_pseudogene",5.33850328775711e-12
"ENSG00000256294",242.737702538344,2.10716992032944,0.308293750476442,1.54484466936018e-12,2.01238429369233e-11,"ZNF225","19:44112181-44134822","+","protein_coding",5.33850328775711e-12
"ENSG00000186301",33.0226793990341,4.5406486470152,0.666120704587486,1.59083581703849e-12,2.06923207848994e-11,"MST1P2","1:16645622-16650289","+","unprocessed_pseudogene",5.48931051031148e-12
"ENSG00000132031",483.382912274876,2.28568483001122,0.335644107370123,1.611716107967e-12,2.09450624786251e-11,"MATN3","2:19992052-20012668","-","protein_coding",5.55635845772077e-12
"ENSG00000197296",348.61032332089,2.19687692466173,0.322613353033735,1.70849861561773e-12,2.21629385047503e-11,"FITM2","20:44302840-44311202","-","protein_coding",5.87943965001238e-12
"ENSG00000005801",1102.48481157582,2.20024371678507,0.323053133988685,1.72937793775021e-12,2.24136686802047e-11,"ZNF195","11:3339261-3379222","-","protein_coding",5.9459539768335e-12
"ENSG00000130529",553.429735406888,2.1535272882519,0.31612290952398,1.746903026688e-12,2.26205158052584e-11,"TRPM4","19:49157741-49211836","+","protein_coding",6.00082689850273e-12
"ENSG00000185499",48.2261951914712,3.20289003045012,0.474856027853368,1.75055652392408e-12,2.26418229382731e-11,"MUC1","1:155185824-155192916","-","protein_coding",6.00647930793608e-12
"ENSG00000260563",74.1110970823049,2.96476610277821,0.439554869466704,1.75168210123793e-12,2.26418229382731e-11,"AC132872.1","17:82293716-82294910","+","lncRNA",6.00647930793608e-12
"ENSG00000261324",45.8334960037541,3.79436305545114,0.567354040952544,1.85718363392997e-12,2.398405781405e-11,"AC010168.2","12:14762504-14767931","-","lncRNA",6.36255072628977e-12
"ENSG00000164465",1037.30172211183,2.13066056744823,0.313051703512685,1.89166756023356e-12,2.44075784936922e-11,"DCBLD1","6:117453817-117569858","+","protein_coding",6.47490334938417e-12
"ENSG00000112893",664.794064633587,2.12166670465395,0.311852925869527,1.90138088884124e-12,2.44673688554272e-11,"MAN2A1","5:109689366-109869625","+","protein_coding",6.49076468579488e-12
"ENSG00000229719",36.3999696908301,4.69747398692592,0.690878389903473,1.90127896095046e-12,2.44673688554272e-11,"MIR194-2HG","11:64889560-64893449","-","lncRNA",6.49076468579488e-12
"ENSG00000261971",134.936939576136,2.64855485478875,0.393215449594832,2.0166444744584e-12,2.5927517171173e-11,"MMP25-AS1","16:3037400-3059370","-","lncRNA",6.87811647584086e-12
"ENSG00000065485",351.849273057845,2.44278377414466,0.361369842760797,2.0213688095657e-12,2.59651561484746e-11,"PDIA5","3:123067025-123225227","+","protein_coding",6.88810143769446e-12
"ENSG00000184985",104.20543734372,2.71631924359947,0.403617529131223,2.08072532846203e-12,2.6632915608153e-11,"SORCS2","4:7192538-7742836","+","protein_coding",7.06524633402951e-12
"ENSG00000167543",1641.89934099766,2.40172481195525,0.355303976897696,2.14869220703478e-12,2.74785407821766e-11,"TP53I13","17:29566052-29573157","+","protein_coding",7.2895758910572e-12
"ENSG00000271870",32.9844181722183,4.72799175713354,0.696966191986521,2.18238843911756e-12,2.78847880934463e-11,"AC024060.1","3:3152942-3153435","+","lncRNA",7.39734619187171e-12
"ENSG00000228049",41.8760221790782,9.81505771848523,2.8735005303577,2.18831960439261e-12,2.7935871557489e-11,"POLR2J2","7:102665368-102671629","-","protein_coding",7.41089774072829e-12
"ENSG00000153558",278.116856935382,2.33689805630067,0.345890278152585,2.19690426434173e-12,2.80207092003551e-11,"FBXL2","3:33277025-33403662","+","protein_coding",7.43340368240085e-12
"ENSG00000113532",273.728303211132,2.03979673468697,0.3008139708306,2.43816021237059e-12,3.0988437316594e-11,"ST8SIA4","5:100806933-100903282","-","protein_coding",8.22069000516584e-12
"ENSG00000103064",1707.13489650012,2.12788833306674,0.314380740564695,2.44821506174689e-12,3.10637684166345e-11,"SLC7A6","16:68264516-68301823","+","protein_coding",8.24067402742724e-12
"ENSG00000244055",38.5433407717061,4.08444984599764,0.607296464880711,2.44838642492192e-12,3.10637684166345e-11,"AC007566.1","7:92457564-92495601","+","lncRNA",8.24067402742724e-12
"ENSG00000132688",145.202554121283,2.49126030700462,0.370293173616773,2.49264906171676e-12,3.15976066586569e-11,"NES","1:156668763-156677407","-","protein_coding",8.38229196884628e-12
"ENSG00000184205",620.119491803951,2.07859844814058,0.30710091998393,2.52802190311738e-12,3.20179180735752e-11,"TSPYL2","X:53082367-53088540","+","protein_coding",8.4937932301837e-12
"ENSG00000174915",888.246924489812,2.38555606867418,0.354381780327601,2.60591334491291e-12,3.29466786940827e-11,"PTDSS2","11:448268-491399","+","protein_coding",8.74017716597866e-12
"ENSG00000184492",58.9483596445284,3.30256357071021,0.495032113305121,2.61814843110725e-12,3.30724326730165e-11,"FOXD4L1","2:113498665-113501155","+","protein_coding",8.77353749541925e-12
"ENSG00000258890",1119.95097203723,2.06928752110546,0.305928506617819,2.65206892418655e-12,3.34716576623755e-11,"CEP95","17:64506865-64542461","+","protein_coding",8.87944489714804e-12
"ENSG00000173402",3297.02800975881,2.40851780222776,0.358527553656314,2.71403935636324e-12,3.4223894187439e-11,"DAG1","3:49468703-49535618","+","protein_coding",9.07900008026144e-12
"ENSG00000269069",38.0024279763448,4.00751407535622,0.601956634646707,2.72362544827782e-12,3.43148311709353e-11,"AC007842.1","19:40023384-40025502","-","processed_pseudogene",9.10312407024162e-12
"ENSG00000204386",586.37665471574,2.22704591664952,0.330468833108019,2.76011391725162e-12,3.47442562876334e-11,"NEU1","6:31857659-31862906","-","protein_coding",9.21704303713696e-12
"ENSG00000164715",1056.83709221834,2.17434621387732,0.322375352520409,2.79835661483625e-12,3.51949969025228e-11,"LMTK2","7:98106862-98209638","+","protein_coding",9.33661663260057e-12
"ENSG00000280128",84.4584428763515,2.99428895865319,0.449660946800066,2.82842628793787e-12,3.55422506843393e-11,"AL662795.2","6:30282349-30286054","-","TEC",9.42873698266115e-12
"ENSG00000135637",258.410762113812,2.2725320218862,0.337966942810831,2.89153758835904e-12,3.63037443000664e-11,"CCDC142","2:74471986-74483408","-","protein_coding",9.63074790989346e-12
"ENSG00000286909",34.1344464817694,5.30091284559709,0.772172928047609,2.98936330171548e-12,3.74993828759466e-11,"AC024560.4","3:197649303-197651482","-","lncRNA",9.94792989587458e-12
"ENSG00000223960",368.432438823778,2.41094068449591,0.359531348557429,2.99798572788333e-12,3.75749278002098e-11,"PRKRA-AS1","2:178413635-178440243","+","lncRNA",9.96797064195955e-12
"ENSG00000091129",3247.62020079515,2.27279862086595,0.337999320933105,3.06756812025995e-12,3.84137148231166e-11,"NRCAM","7:108147623-108456717","-","protein_coding",1.01904861571895e-11
"ENSG00000170458",86.2056580019387,2.87257408455924,0.431598485167566,3.07362751775351e-12,3.84562694883601e-11,"CD14","5:140631728-140633701","-","protein_coding",1.02017751650109e-11
"ENSG00000286207",34.3303130991653,4.25864489896844,0.638041117587945,3.1093462660142e-12,3.88695180710823e-11,"AC012443.2","2:152635268-152641275","-","lncRNA",1.0311402780593e-11
"ENSG00000124942",8974.09636983634,2.23935309957625,0.332311200307251,3.1335726873532e-12,3.91385124502516e-11,"AHNAK","11:62433542-62556235","-","protein_coding",1.0382762280967e-11
"ENSG00000103168",1135.18889925311,2.30843627784169,0.344024664549083,3.18372140667996e-12,3.97305337201486e-11,"TAF1C","16:84177847-84187070","-","protein_coding",1.0539815161258e-11
"ENSG00000196455",466.321652523348,2.50426286076755,0.374647919901464,3.28232674362296e-12,4.0925715075147e-11,"PIK3R4","3:130678934-130746829","-","protein_coding",1.08568758545423e-11
"ENSG00000180815",345.48030682104,2.07371860992995,0.308323743717598,3.37542792600952e-12,4.19778906701924e-11,"MAP3K15","X:19360056-19515261","-","protein_coding",1.1135999622853e-11
"ENSG00000070081",393.373493249258,2.09342766687866,0.311374760486539,3.41119256068888e-12,4.23861940623516e-11,"NUCB2","11:17208153-17349980","+","protein_coding",1.12443153659383e-11
"ENSG00000171564",255.351006434542,2.76811743568698,0.415232075792914,3.42054396339067e-12,4.2465876988796e-11,"FGB","4:154562956-154571086","+","protein_coding",1.12654538515712e-11
"ENSG00000135917",148.557844266103,2.31542436929653,0.345822862782208,3.46504061213278e-12,4.29813750093826e-11,"SLC19A3","2:227683763-227718028","-","protein_coding",1.14022064532666e-11
"ENSG00000161395",223.087814393273,2.61415073041683,0.392615354965468,3.51836041498765e-12,4.3605339928805e-11,"PGAP3","17:39671122-39696797","-","protein_coding",1.15677334246419e-11
"ENSG00000287507",37.550535497019,4.11711945750523,0.620917884697355,3.52228549766515e-12,4.36165790289281e-11,"AP001053.1","21:43768320-43771666","+","lncRNA",1.15707149611778e-11
"ENSG00000136002",111.901640873515,2.8189262122339,0.424923486127956,3.58329048033311e-12,4.43340160370666e-11,"ARHGEF4","2:130836916-131047263","+","protein_coding",1.17610384415742e-11
"ENSG00000159348",250.666462285979,2.43611656480636,0.36509336790104,3.61511903502558e-12,4.46895510480364e-11,"CYB5R1","1:202961873-202967275","-","protein_coding",1.18553556567763e-11
"ENSG00000134285",737.736405055691,2.30809648155393,0.345367979871696,3.79063010102821e-12,4.68191415298792e-11,"FKBP11","12:48921518-48926474","-","protein_coding",1.24202987357165e-11
"ENSG00000258818",159.721584262208,2.34695837424451,0.351719007107201,3.79471669943692e-12,4.68295909680298e-11,"RNASE4","14:20684560-20701216","+","protein_coding",1.24230707887532e-11
"ENSG00000175309",255.080890947012,2.39879110938175,0.359377876714388,3.89611936198506e-12,4.79989947996983e-11,"PHYKPL","5:178208471-178232802","-","protein_coding",1.27332931563022e-11
"ENSG00000198198",781.948578482354,2.38126990659562,0.356906226610564,4.0165164813448e-12,4.94401019351906e-11,"SZT2","1:43389882-43454247","+","protein_coding",1.31155936545197e-11
"ENSG00000106080",345.010345898493,2.20889646113782,0.33054522757206,4.05614277810039e-12,4.98853781160244e-11,"FKBP14","7:30010587-30026684","-","protein_coding",1.32337176312766e-11
"ENSG00000062370",120.414477382233,2.3421028971776,0.35085862833417,4.16093567044679e-12,5.11306814401586e-11,"ZNF112","19:44326555-44367217","-","protein_coding",1.35640748056485e-11
"ENSG00000266820",35.3202443619778,9.54332777722326,2.83429480010391,4.21982435048434e-12,5.18102648163544e-11,"KPNA2P3","17:64749918-64758603","-","transcribed_unprocessed_pseudogene",1.37443563800723e-11
"ENSG00000214776",71.6889564685872,2.67610966252705,0.40315490178372,4.34524955594853e-12,5.33049247309101e-11,"AC092821.1","12:9480608-9576275","+","transcribed_unprocessed_pseudogene",1.4140863493199e-11
"ENSG00000230267",150.17315285358,2.89357453386612,0.438275867898869,4.56523800063165e-12,5.59086901246847e-11,"HERC2P4","16:32103245-32188107","-","transcribed_unprocessed_pseudogene",1.48315968764193e-11
"ENSG00000178904",986.72856977986,2.17726267949147,0.32650391446825,4.66388243469465e-12,5.70683870142019e-11,"DPY19L3","19:32405543-32485895","+","protein_coding",1.51392441621238e-11
"ENSG00000147813",357.691922890167,2.35508590439015,0.354327110273646,4.70848639880939e-12,5.75167683425144e-11,"NAPRT","8:143574785-143578649","-","protein_coding",1.5258191880155e-11
"ENSG00000253953",36.305225344918,4.54474616964954,0.681772620246093,4.91695870552077e-12,5.99114420349753e-11,"PCDHGB4","5:141387698-141512979","+","protein_coding",1.58934568949128e-11
"ENSG00000139178",425.266434846047,2.00292057608271,0.299883914794844,4.95973220801371e-12,6.03817103100304e-11,"C1RL","12:7089587-7109238","-","protein_coding",1.60182108368104e-11
"ENSG00000123191",134.749708396392,2.64057769262995,0.39990278497124,4.98624366604289e-12,6.06533730791126e-11,"ATP7B","13:51930436-52012125","-","protein_coding",1.60902782143214e-11
"ENSG00000197405",204.655609251115,2.51790426132373,0.380818811658217,5.1055221288014e-12,6.19999162044613e-11,"C5AR1","19:47290023-47322066","+","protein_coding",1.64474925358758e-11
"ENSG00000141505",57.4374582124532,3.357063541907,0.509003729970013,5.25439889966407e-12,6.37007705528904e-11,"ASGR1","17:7173431-7179564","-","protein_coding",1.68986994231262e-11
"ENSG00000197375",944.225642696182,2.32765149070585,0.351104253318255,5.41642253929675e-12,6.56099933909282e-11,"SLC22A5","5:132369752-132395614","+","protein_coding",1.74051828234326e-11
"ENSG00000069696",42.2773144236447,3.76565803558227,0.575822613432441,5.56443192730742e-12,6.73464035021101e-11,"DRD4","11:637293-640706","+","protein_coding",1.78658220321809e-11
"ENSG00000183856",905.195915714067,2.07350023742169,0.311969295398302,5.9226128449799e-12,7.1501819735008e-11,"IQGAP3","1:156525405-156572604","-","protein_coding",1.89681812232588e-11
"ENSG00000263126",62.7269349159259,2.92172257995439,0.444955515989374,6.05311278364611e-12,7.29554068694494e-11,"AC040162.3","16:67882461-67886367","+","lncRNA",1.93537924467502e-11
"ENSG00000136492",574.945548707442,2.09419151573312,0.315492625248373,6.13547292312662e-12,7.38864326767523e-11,"BRIP1","17:61681266-61863521","-","protein_coding",1.96007772969526e-11
"ENSG00000170381",97.0050790017125,2.64857152817821,0.402138573032214,6.15727875874021e-12,7.40872900437591e-11,"SEMA3E","7:83363238-83649139","-","protein_coding",1.96540612406555e-11
"ENSG00000118898",283.845347507299,2.11415571233048,0.318979015312355,6.35341828010629e-12,7.63837334158203e-11,"PPL","16:4882507-4960741","-","protein_coding",2.02632674708136e-11
"ENSG00000148175",2557.50932424054,2.0422262595638,0.307341313863511,6.37948885557804e-12,7.66334110157592e-11,"STOM","9:121338988-121370304","-","protein_coding",2.03295025677745e-11
"ENSG00000164300",391.193109766478,2.1005025816332,0.316805534556754,6.43160633327494e-12,7.71953015964752e-11,"SERINC5","5:80111651-80256048","-","protein_coding",2.04785623036269e-11
"ENSG00000127022",11362.9221764724,2.16056096630496,0.325953259646658,6.59804956295339e-12,7.90617033451404e-11,"CANX","5:179678628-179731641","+","protein_coding",2.09736860184539e-11
"ENSG00000147475",891.430654076715,2.07411778012888,0.313062705676518,6.82312409811551e-12,8.16233165081682e-11,"ERLIN2","8:37736601-37757801","+","protein_coding",2.16532371526806e-11
"ENSG00000287707",39.5889301979283,3.69278224094244,0.56527884088527,6.92884804582239e-12,8.28195062946066e-11,"AC115284.4","3:51927071-51932483","-","lncRNA",2.19705653651745e-11
"ENSG00000212123",137.469871739429,2.89832592131691,0.444056521584781,7.06013032321756e-12,8.42493338569918e-11,"PRR22","19:5782960-5784746","-","protein_coding",2.23498735900819e-11
"ENSG00000183853",1413.47252736425,2.46257891719116,0.374334770874073,7.27150768742351e-12,8.67001300255422e-11,"KIRREL1","1:157993273-158100262","+","protein_coding",2.30000269153905e-11
"ENSG00000033011",652.332598993203,2.50131882847065,0.381406088792405,7.36679690872731e-12,8.77638764451924e-11,"ALG1","16:5033923-5087379","+","protein_coding",2.32822202209357e-11
"ENSG00000065923",821.139208850863,2.05745450955182,0.311045345284826,7.39039800896721e-12,8.79725219337604e-11,"SLC9A7","X:46599251-46759118","-","protein_coding",2.33375702169671e-11
"ENSG00000092969",1016.0688303819,2.27586469577353,0.345404286011398,7.44480861694273e-12,8.85472669328719e-11,"TGFB2","1:218345336-218444619","+","protein_coding",2.34900400050188e-11
"ENSG00000113971",473.478250592257,2.07566935904264,0.314080202949907,7.45864965870889e-12,8.86235437910307e-11,"NPHP3","3:132680609-132722414","-","protein_coding",2.35102749203547e-11
"ENSG00000173706",522.484076352706,2.58731370179861,0.395002142737245,7.46348714924118e-12,8.86235437910307e-11,"HEG1","3:124965710-125055997","-","protein_coding",2.35102749203547e-11
"ENSG00000257621",944.870958364864,2.11561002651818,0.320216259834263,7.47830459424541e-12,8.87265843115274e-11,"PSMA3-AS1","14:58265365-58298134","-","lncRNA",2.35376097668434e-11
"ENSG00000261094",55.3150646503828,3.08622693229918,0.472437023889793,7.50938778110182e-12,8.90222828750635e-11,"AC007066.2","9:122937623-122940333","+","lncRNA",2.36160534199056e-11
"ENSG00000010310",49.9781309887384,3.12321718293088,0.47952227396508,7.55563465852976e-12,8.94971118446013e-11,"GIPR","19:45668221-45683722","+","protein_coding",2.374201723422e-11
"ENSG00000145476",106.469631309355,2.37031228893924,0.360491931785867,7.57474958323642e-12,8.96500460502452e-11,"CYP4V2","4:186191567-186213463","+","protein_coding",2.378258800205e-11
"ENSG00000174437",12506.6988218574,2.11416002509565,0.318102784964858,7.61434332727501e-12,9.00449062376851e-11,"ATP2A2","12:110280756-110351093","+","protein_coding",2.38873374982302e-11
"ENSG00000177058",218.691715504946,2.21855297810247,0.336907294066994,7.75656003302191e-12,9.16517163018803e-11,"SLC38A9","5:55625845-55773194","-","protein_coding",2.43135960830042e-11
"ENSG00000249115",823.464395847436,2.04261976243841,0.309125658604906,7.85230090279683e-12,9.27071898254224e-11,"HAUS5","19:35612735-35625355","+","protein_coding",2.45935947340189e-11
"ENSG00000120093",534.470125599601,2.00865665755787,0.303910035341665,8.00886728017105e-12,9.44745492588416e-11,"HOXB3","17:48548870-48604912","-","protein_coding",2.50624442562265e-11
"ENSG00000135407",42.3680884995768,3.62441445844702,0.557207213078124,8.01507144082346e-12,9.44745492588416e-11,"AVIL","12:57797376-57818704","-","protein_coding",2.50624442562265e-11
"ENSG00000197558",37.0027818995318,4.90454895322426,0.743808434952327,8.02609663629261e-12,9.45274021932067e-11,"SSPO","7:149776042-149833979","+","protein_coding",2.50764652145872e-11
"ENSG00000065665",384.688791186989,2.42738513711735,0.370208328007368,8.04620148456569e-12,9.46870176331098e-11,"SEC61A2","10:12129637-12169961","+","protein_coding",2.51188083969192e-11
"ENSG00000166704",158.415742236104,2.24178115366789,0.341042220463312,8.10449305660224e-12,9.52179098869586e-11,"ZNF606","19:57977053-58003349","-","protein_coding",2.52596448192418e-11
"ENSG00000283341",32.4665679120387,3.92442588574237,0.599583876278652,8.1041099485077e-12,9.52179098869586e-11,"AC068205.2","11:43578889-43840030","+","lncRNA",2.52596448192418e-11
"ENSG00000013573",1879.37704837728,2.23416283855558,0.339745309655562,8.23777653198231e-12,9.66267115776594e-11,"DDX11","12:31073860-31104799","+","protein_coding",2.56333752484236e-11
"ENSG00000179403",686.425747020573,2.1693853444648,0.329695061133738,8.50071383086521e-12,9.96300207379019e-11,"VWA1","1:1434861-1442882","+","protein_coding",2.64301005993598e-11
"ENSG00000196118",92.248550485268,3.06244918254439,0.472383970737459,8.87833000989487e-12,1.03887244512543e-10,"CCDC189","16:30757423-30762221","-","protein_coding",2.75594675492449e-11
"ENSG00000127586",884.853520268317,2.20687875170335,0.336170811722629,9.14592880025003e-12,1.06931890851467e-10,"CHTF18","16:788046-800737","+","protein_coding",2.83671589301282e-11
"ENSG00000049239",651.111046974832,2.03460742139162,0.309010881233149,9.16819148831161e-12,1.07105525624568e-10,"H6PD","1:9234775-9271337","+","protein_coding",2.84132211961664e-11
"ENSG00000111801",45.6891927555688,3.2193339395074,0.49544045080115,9.20895249465601e-12,1.07494808158541e-10,"BTN3A3","6:26440472-26453415","+","protein_coding",2.85164910385118e-11
"ENSG00000077942",880.733719098217,2.1582473911465,0.328756119662198,9.52558157919716e-12,1.11011435000789e-10,"FBLN1","22:45502238-45601135","+","protein_coding",2.9449390585482e-11
"ENSG00000054654",842.874207282044,2.18886826063707,0.333562586002202,9.65278648884906e-12,1.12403237349201e-10,"SYNE2","14:63852983-64226433","+","protein_coding",2.98186113867073e-11
"ENSG00000160613",708.273160163263,2.25743386764341,0.344724664786199,9.70556990408266e-12,1.12926884608614e-10,"PCSK7","11:117204337-117232525","-","protein_coding",2.9957525838821e-11
"ENSG00000244242",38.4216781345093,4.26204446941657,0.658767015816846,9.80975836193632e-12,1.14047319459647e-10,"IFITM10","11:1732406-1750595","-","protein_coding",3.02547575929501e-11
"ENSG00000070018",1800.07059764799,2.03790094555277,0.309911253070764,9.85394761178807e-12,1.14468968599638e-10,"LRP6","12:12116025-12267044","-","protein_coding",3.03666137293338e-11
"ENSG00000013523",548.114433400636,2.12240985625936,0.323619620126049,1.00751920747457e-11,1.16945060780843e-10,"ANGEL1","14:76786178-76826246","-","protein_coding",3.10234776440239e-11
"ENSG00000257556",220.078694410878,2.35522549551652,0.361452838971559,1.09671655349186e-11,1.26890719892e-10,"LINC02298","14:105093609-105100131","+","lncRNA",3.36618869195407e-11
"ENSG00000073060",3403.96168525555,2.15666801127961,0.329943111586114,1.11848751214082e-11,1.29202742109888e-10,"SCARB1","12:124776856-124882668","-","protein_coding",3.4275225944808e-11
"ENSG00000129667",1054.92754673393,2.29616363007144,0.351976715884201,1.12926145608332e-11,1.30343109439777e-10,"RHBDF2","17:76470891-76501790","-","protein_coding",3.45777454366836e-11
"ENSG00000211459",92510.2945722774,2.38472694243397,0.362326634870797,1.16027383518676e-11,1.3381577966707e-10,"MT-RNR1","MT:648-1601","+","Mt_rRNA",3.54989840631133e-11
"ENSG00000179163",141.414817358392,2.57351963631566,0.397037161898226,1.21777614259977e-11,1.40223769216807e-10,"FUCA1","1:23845077-23868294","-","protein_coding",3.71989115265907e-11
"ENSG00000132824",1947.13596910383,2.13102171822068,0.326268806750333,1.22659880872889e-11,1.41127224402398e-10,"SERINC3","20:44496221-44522085","-","protein_coding",3.74385823734432e-11
"ENSG00000135541",673.033891069176,2.04066398543835,0.312119140554937,1.24151655676151e-11,1.42729958327451e-10,"AHI1","6:135283532-135497765","-","protein_coding",3.78637596298507e-11
"ENSG00000058668",352.616886654109,2.28425383849456,0.350916411726162,1.26579711606539e-11,1.45290183671652e-10,"ATP2B4","1:203626561-203744081","+","protein_coding",3.85429426000348e-11
"ENSG00000196247",182.381875507174,2.28876959058534,0.351974046780911,1.2655285191361e-11,1.45290183671652e-10,"ZNF107","7:64666083-64711582","+","protein_coding",3.85429426000348e-11
"ENSG00000162086",488.377358237728,2.12829621279865,0.326454045461645,1.2987328075821e-11,1.48834161795154e-10,"ZNF75A","16:3305406-3318852","+","protein_coding",3.94830979631707e-11
"ENSG00000235703",59.8879872549886,7.31676737897376,1.07156285346776,1.30362078434721e-11,1.49275942587968e-10,"LINC00894","X:149938613-150224580","+","lncRNA",3.96002946746686e-11
"ENSG00000139190",794.59292211391,2.18620918079843,0.335644979442511,1.32371221880792e-11,1.51456573824175e-10,"VAMP1","12:6462237-6470987","-","protein_coding",4.01787779723352e-11
"ENSG00000111684",799.691698402626,2.06734539856628,0.316954498000367,1.35546055197602e-11,1.5496645915036e-10,"LPCAT3","12:6976185-7018477","-","protein_coding",4.11098891130958e-11
"ENSG00000259562",32.6152201204551,5.4789410567121,0.829935869178388,1.36489023021848e-11,1.55921175627567e-10,"AC090607.2","15:78290527-78291221","-","transcribed_processed_pseudogene",4.13631586833477e-11
"ENSG00000225032",31.5092168954004,5.11895396443817,0.781424969625765,1.3801644096217e-11,1.57541515667008e-10,"AL162586.1","9:127816066-127822520","+","lncRNA",4.17930065337286e-11
"ENSG00000204186",177.098904835504,2.43492169314723,0.376057788317641,1.40211584974171e-11,1.59920885119317e-10,"ZDBF2","2:206274663-206314427","+","protein_coding",4.24242116014562e-11
"ENSG00000140526",2543.66697370569,2.28027881454459,0.350794535018705,1.41279737492916e-11,1.61012104614363e-10,"ABHD2","15:89087459-89202355","+","protein_coding",4.2713693033021e-11
"ENSG00000072274",4239.31750812691,2.3138901982043,0.355559086666695,1.41802711479439e-11,1.6148077096843e-10,"TFRC","3:196027183-196082096","-","protein_coding",4.28380220133202e-11
"ENSG00000107281",1648.89596033856,2.17438774487207,0.334436258545061,1.44110808151529e-11,1.63979943984074e-10,"NPDC1","9:137039463-137046179","-","protein_coding",4.35010088693848e-11
"ENSG00000154889",534.546990369846,2.0863877097328,0.320521392683398,1.45069522469677e-11,1.64940965319379e-10,"MPPE1","18:11882622-11909223","-","protein_coding",4.37559510081308e-11
"ENSG00000173040",87.7176719841377,2.49053887487177,0.385338672062536,1.46794156959481e-11,1.66770625960806e-10,"EVC2","4:5542772-5709548","-","protein_coding",4.42413279503161e-11
"ENSG00000164976",239.482234215431,2.17482735317709,0.33505048154947,1.52551162307296e-11,1.72767777939085e-10,"MYORG","9:34366666-34376898","-","protein_coding",4.58322673972982e-11
"ENSG00000197816",36.9456287711318,4.58054379653175,0.70524565677033,1.63737770131591e-11,1.85146675756778e-10,"CCDC180","9:97307304-97378524","+","protein_coding",4.91161723107732e-11
"ENSG00000184465",375.540982618499,2.25805371774503,0.349223391541708,1.65821399330561e-11,1.87356140869894e-10,"WDR27","6:169457212-169702067","-","protein_coding",4.97023047312818e-11
"ENSG00000263276",49.5064401754697,7.02916657657253,1.03317017984228,1.76992374130683e-11,1.99199127613902e-10,"AC020978.7","16:68224713-68227734","+","lncRNA",5.28440418173803e-11
"ENSG00000197102",7936.4495640454,2.07499862119441,0.319770858618206,1.77499139258483e-11,1.99614012562205e-10,"DYNC1H1","14:101964573-102056443","+","protein_coding",5.29541035321083e-11
"ENSG00000168026",65.3012511901741,2.84857824207657,0.444831768106709,1.81027828484396e-11,2.03306860216136e-10,"TTC21A","3:39107704-39138903","+","protein_coding",5.3933751375887e-11
"ENSG00000279672",51.3861426577965,2.89327021385601,0.450870389387022,1.8106423714495e-11,2.03306860216136e-10,"AP006621.5","11:779617-780755","+","TEC",5.3933751375887e-11
"ENSG00000158769",867.630597465627,2.242924211015,0.347720254241474,1.83312125790904e-11,2.05671081506549e-10,"F11R","1:160995211-161021343","-","protein_coding",5.45609379014137e-11
"ENSG00000084444",151.287937101255,2.62182755932161,0.40931491681474,1.83947199107724e-11,2.0622350460091e-10,"FAM234B","12:13044381-13142521","+","protein_coding",5.47074860788528e-11
"ENSG00000082641",3990.57430484118,2.21915357373457,0.344134194052991,1.84256689243545e-11,2.06410342345618e-10,"NFE2L1","17:48048329-48061545","+","protein_coding",5.47570508621563e-11
"ENSG00000198169",418.600859859429,2.00471549555961,0.309514298740594,1.90946366857987e-11,2.13738648138247e-10,"ZNF251","8:144720907-144756417","-","protein_coding",5.67011221158559e-11
"ENSG00000255408",37.518623802015,4.26897196512982,0.666632159893767,1.95492714107338e-11,2.18658298108757e-10,"PCDHA3","5:140801028-141012347","+","protein_coding",5.80062191405398e-11
"ENSG00000140538",145.582972820637,2.21605754499066,0.343712041726066,2.00456032851381e-11,2.23863224940905e-10,"NTRK3","15:87859751-88256768","-","protein_coding",5.93869951231913e-11
"ENSG00000221988",161.231558565771,2.14443247341673,0.332307839892957,2.00402432050487e-11,2.23863224940905e-10,"PPT2","6:32153441-32163678","+","protein_coding",5.93869951231913e-11
"ENSG00000183281",33.788883631644,4.13729810184623,0.643317159280186,2.03229171017791e-11,2.2678492280912e-10,"PLGLB1","2:87002559-87021852","-","protein_coding",6.01620704268591e-11
"ENSG00000180626",111.996706686635,2.48775059177912,0.388270199829195,2.03991579369853e-11,2.27460055051987e-10,"ZNF594","17:5179535-5191868","-","protein_coding",6.03411711935225e-11
"ENSG00000166473",356.720717161392,2.09534565988855,0.324529131698979,2.04283607598377e-11,2.27610055004175e-10,"PKD1L2","16:81100875-81220370","-","polymorphic_pseudogene",6.03809635552711e-11
"ENSG00000279608",33.8054209513369,9.44396941116301,2.84352964857524,2.04585098115739e-11,2.27770358464602e-10,"AL353795.3","9:35038625-35044326","-","TEC",6.04234892574053e-11
"ENSG00000121057",1635.81708200056,2.31004093596172,0.359799508064963,2.07104475079075e-11,2.2986687936772e-10,"AKAP1","17:57085092-57121346","+","protein_coding",6.09796595559524e-11
"ENSG00000166004",267.869683865483,2.15001279276997,0.333376354768245,2.07003212159307e-11,2.2986687936772e-10,"CEP295","11:93661682-93730358","+","protein_coding",6.09796595559524e-11
"ENSG00000272734",87.2357315552347,2.44195297052852,0.380676555953193,2.09588756564136e-11,2.32445673147224e-10,"ADIRF-AS1","10:86965345-86971311","-","lncRNA",6.16637684070046e-11
"ENSG00000163347",1478.37771418074,2.371137126125,0.369388163941378,2.10332325635452e-11,2.33091444613337e-10,"CLDN1","3:190305707-190322446","-","protein_coding",6.18350802735198e-11
"ENSG00000181392",35.0038014364632,3.79212622094993,0.596130418512418,2.29679880944953e-11,2.539482754044e-10,"SYNE4","19:36003307-36008813","-","protein_coding",6.73680324089188e-11
"ENSG00000129007",304.235478809037,2.19360163030279,0.341443410295239,2.3374290313608e-11,2.58243019359288e-10,"CALML4","15:68190705-68206110","-","protein_coding",6.85073528058782e-11
"ENSG00000183098",244.953016940194,2.11554781702438,0.328884133232106,2.42921220383137e-11,2.67973630210437e-10,"GPC6","13:93226807-94408020","+","protein_coding",7.10887135421732e-11
"ENSG00000099904",796.016314484407,2.19398793990887,0.341964281821646,2.45955674669614e-11,2.71072670274178e-10,"ZDHHC8","22:20129456-20148007","+","protein_coding",7.19108346261547e-11
"ENSG00000167925",648.208521039175,2.08452606465527,0.324195616055586,2.46105697460191e-11,2.71072670274178e-10,"GHDC","17:42188799-42194532","-","protein_coding",7.19108346261547e-11
"ENSG00000185101",33.9457762984711,4.21065099518671,0.664348233131632,2.4721582029275e-11,2.71880960353922e-10,"ANO9","11:417933-442011","-","protein_coding",7.21252598361753e-11
"ENSG00000096093",411.964914828606,2.0457515180638,0.318152885248726,2.51545373712368e-11,2.76432106122998e-10,"EFHC1","6:52362123-52529886","+","protein_coding",7.33325991464369e-11
"ENSG00000228649",327.22070561988,2.70786529379744,0.426167335091068,2.5242584193485e-11,2.77188893753839e-10,"SNHG26","7:22854126-22872945","+","lncRNA",7.35333616582514e-11
"ENSG00000141519",202.435456543675,2.08559342509008,0.324607890313891,2.52685561031209e-11,2.77263404894609e-10,"CCDC40","17:80036632-80100613","+","protein_coding",7.35531281596708e-11
"ENSG00000004468",265.708408363009,2.21703215640458,0.346395705074923,2.61662640114993e-11,2.86678302676403e-10,"CD38","4:15778275-15853232","+","protein_coding",7.60507357448396e-11
"ENSG00000254815",37.1446774838533,6.06664526778495,0.921869092601124,2.67540180152272e-11,2.92673969975813e-10,"AP006284.1","11:557595-560107","+","lncRNA",7.7641281332505e-11
"ENSG00000099365",112.569314393084,2.50085132604506,0.393066675271794,2.69261170270092e-11,2.94333825383744e-10,"STX1B","16:30989256-31010638","-","protein_coding",7.8081611918478e-11
"ENSG00000104689",635.805122713176,2.46671585087912,0.387504081700529,2.74643231196421e-11,2.99990123508653e-10,"TNFRSF10A","8:23190452-23225126","-","protein_coding",7.95821288043932e-11
"ENSG00000166033",666.153743985931,2.2009440696132,0.343982185823046,2.76455218567141e-11,3.01513536868963e-10,"HTRA1","10:122458551-122514907","+","protein_coding",7.99862637033844e-11
"ENSG00000169684",475.135112387852,2.24958355902788,0.352147485818132,2.80542104409204e-11,3.05509717469285e-10,"CHRNA5","15:78565520-78595269","+","protein_coding",8.1046380468366e-11
"ENSG00000180914",140.684186963589,2.5005497720195,0.394308099133202,3.07723534361398e-11,3.3410314012446e-10,"OXTR","3:8750408-8769628","-","protein_coding",8.86317150056778e-11
"ENSG00000264608",48.0847390963278,3.81201472512444,0.611009420896169,3.07505800390268e-11,3.3410314012446e-10,"AC005726.3","17:28601827-28602284","-","lncRNA",8.86317150056778e-11
"ENSG00000131471",69.5414230505404,2.738703809493,0.433633800168705,3.11763911691107e-11,3.3823575734596e-10,"AOC3","17:42851184-42858130","+","protein_coding",8.97280260181008e-11
"ENSG00000182141",63.4132979797869,3.0068176042186,0.475173712234128,3.13807992477691e-11,3.4019799694637e-10,"ZNF708","19:21291160-21329425","-","protein_coding",9.02485738374706e-11
"ENSG00000060656",637.412287045346,2.01297277573008,0.31463094404587,3.14803159223552e-11,3.410210235337e-10,"PTPRU","1:29236516-29326813","+","protein_coding",9.04669083850092e-11
"ENSG00000006756",388.643769456262,2.25260164103009,0.353741630642593,3.15589765113846e-11,3.41617055854695e-10,"ARSD","X:2903972-2929349","-","protein_coding",9.0625025326948e-11
"ENSG00000249087",75.270346929714,2.70982704946056,0.428801914197086,3.18482789759551e-11,3.44490628354437e-10,"ZNF436-AS1","1:23368997-23371839","+","lncRNA",9.1387333812736e-11
"ENSG00000152952",3094.06569689755,2.33874079733717,0.367719603541374,3.24872033623758e-11,3.5113880014188e-10,"PLOD2","3:146069440-146163653","-","protein_coding",9.31509774197787e-11
"ENSG00000104635",2281.82836106586,2.35199811591441,0.370291957878465,3.25777806293738e-11,3.51854639667474e-10,"SLC39A14","8:22367249-22434129","+","protein_coding",9.33408771160181e-11
"ENSG00000134830",35.1280036431149,3.73101360665332,0.58917634193638,3.30036013232573e-11,3.55921673673427e-10,"C5AR2","19:47332147-47347327","+","protein_coding",9.44197900493108e-11
"ENSG00000276570",194.074778724156,2.63265390768374,0.41697937979746,3.3089025237525e-11,3.56576811116684e-10,"AC010327.6","19:55227219-55230279","-","lncRNA",9.45935865456225e-11
"ENSG00000240498",148.88441994052,2.58205249584365,0.408700555369125,3.46736558413591e-11,3.73096798632524e-10,"CDKN2B-AS1","9:21994139-22128103","+","lncRNA",9.89760500712747e-11
"ENSG00000260197",41.9371188831365,3.64912130055282,0.583603915942343,3.53635397282734e-11,3.80236988551547e-10,"AC010889.1","Y:19691941-19694606","-","lncRNA",1.00870217476446e-10
"ENSG00000153246",185.76954153007,2.13403798459489,0.335371620099827,3.59466849967253e-11,3.86219735975969e-10,"PLA2R1","2:159932006-160062615","-","protein_coding",1.02457335647424e-10
"ENSG00000267940",31.2196661060218,4.23599714322012,0.673732942522711,3.61364467978416e-11,3.87970128287971e-10,"AC022762.2","11:6201901-6203253","-","lncRNA",1.02921684089309e-10
"ENSG00000278985",34.5511558186202,5.95133290864448,0.912007874978372,3.62106035585382e-11,3.88477677820665e-10,"AC092718.7","16:80982319-80984094","-","TEC",1.03056328096295e-10
"ENSG00000105281",7087.2573739647,2.40445395560636,0.376681749989942,3.63729279765667e-11,3.89929660377868e-10,"SLC1A5","19:46774883-46788594","-","protein_coding",1.03441513653531e-10
"ENSG00000220161",53.4186059455934,2.96010302628214,0.47065554561413,3.64530281671664e-11,3.90498673123589e-10,"LINC02076","17:18411159-18414380","+","lncRNA",1.03592462775094e-10
"ENSG00000139644",8096.57665396653,2.22536895162747,0.350853385545378,3.74493657377785e-11,4.00874655019731e-10,"TMBIM6","12:49707725-49764934","+","protein_coding",1.06345029153191e-10
"ENSG00000164251",1002.88143184928,2.15411713501767,0.338815150676419,3.75913344583344e-11,4.02096502040999e-10,"F2RL1","5:76818933-76835315","+","protein_coding",1.06669163780986e-10
"ENSG00000188599",261.363138424108,2.03963675393234,0.320279161435181,3.80494811158943e-11,4.06696044087121e-10,"NPIPP1","16:15104312-15123498","-","transcribed_unprocessed_pseudogene",1.0788934177643e-10
"ENSG00000128595",3740.1358195173,2.25360166812721,0.35583439435586,3.8569369296697e-11,4.11643985012237e-10,"CALU","7:128739292-128773400","+","protein_coding",1.09201943896172e-10
"ENSG00000184925",32.7918301109826,5.53347087632643,0.850190255726192,3.89368600718515e-11,4.15259457489539e-10,"LCN12","9:136949551-136955497","+","protein_coding",1.10161065459949e-10
"ENSG00000149380",234.261745370899,2.19213067518897,0.345790535755106,3.9702478122584e-11,4.2248933089062e-10,"P4HA3","11:74235801-74311640","-","protein_coding",1.1207902432311e-10
"ENSG00000198712",123947.951917454,2.01109726003397,0.315704083816115,4.00743506022803e-11,4.26132774505926e-10,"MT-CO2","MT:7586-8269","+","protein_coding",1.13045566140199e-10
"ENSG00000164733",7150.40632815127,2.19140387971645,0.34472149185614,4.03651162317674e-11,4.28909040195051e-10,"CTSB","8:11842524-11869448","-","protein_coding",1.13782060832368e-10
"ENSG00000119688",795.58535120493,2.03805306193386,0.320625711777043,4.12384361383588e-11,4.37224241111829e-10,"ABCD4","14:74285269-74303055","-","protein_coding",1.15987938088105e-10
"ENSG00000160298",360.268219808069,2.05590607345142,0.323721996107016,4.16347900733774e-11,4.41102896884441e-10,"C21orf58","21:46300181-46323875","-","protein_coding",1.17016877573425e-10
"ENSG00000280434",39.8559322963408,6.17871939630375,0.947811143109907,4.21764991569481e-11,4.46187839909998e-10,"AL031595.3","22:44139365-44153626","+","lncRNA",1.18365823952358e-10
"ENSG00000164619",87.6791522871536,2.85353990181086,0.456494411466794,4.4370532791483e-11,4.6734589604207e-10,"BMPER","7:33904308-34156427","+","protein_coding",1.23978685898144e-10
"ENSG00000159917",192.651987265717,2.25118452030039,0.356687228851754,4.57631122440497e-11,4.81312034234907e-10,"ZNF235","19:44228729-44305046","-","protein_coding",1.27683657900431e-10
"ENSG00000114554",1224.79177935972,2.55863295235579,0.407807088390397,4.68800737007063e-11,4.92342983320426e-10,"PLXNA1","3:126988594-127037392","+","protein_coding",1.30609975609464e-10
"ENSG00000172638",31.1919095036443,4.13627910572423,0.657255140966282,4.78770163435258e-11,5.02447903544148e-10,"EFEMP2","11:65866441-65873592","-","protein_coding",1.33290634070472e-10
"ENSG00000165124",90.7219054457667,2.57554457243156,0.411052475050016,4.80076558052588e-11,5.03453290306092e-10,"SVEP1","9:110365248-110579880","-","protein_coding",1.33557345580343e-10
"ENSG00000115556",129.053876574052,2.26951004705831,0.360168594185708,4.94022133123682e-11,5.17412253353398e-10,"PLCD4","2:218607855-218637184","+","protein_coding",1.37260414142113e-10
"ENSG00000258301",164.201901715855,2.44979562836834,0.390447291798355,4.94103459710532e-11,5.17412253353398e-10,"VASH1-AS1","14:76781733-76786724","-","lncRNA",1.37260414142113e-10
"ENSG00000054967",412.136227076739,2.20961047739609,0.350427029216444,4.96209903794165e-11,5.18866086811106e-10,"RELT","11:73376399-73397474","+","protein_coding",1.37646090710856e-10
"ENSG00000084073",1189.48857102475,2.12715105789845,0.336730793299142,4.99329596293803e-11,5.21750686626302e-10,"ZMPSTE24","1:40258236-40294180","+","protein_coding",1.38411324550414e-10
"ENSG00000182253",3514.13479681128,2.02629363497851,0.320433503731348,5.00481746104398e-11,5.22576713363776e-10,"SYNM","15:99098217-99135593","+","protein_coding",1.38630454985272e-10
"ENSG00000179913",82.277373530435,2.51942769254068,0.400561935998039,5.09286925886034e-11,5.31386669023761e-10,"B3GNT3","19:17794828-17813082","+","protein_coding",1.40967582014301e-10
"ENSG00000198932",52.0619087196076,3.69716222878415,0.600368934150606,5.15285767197325e-11,5.36870556724481e-10,"GPRASP1","X:102651092-102659083","+","protein_coding",1.42422361432514e-10
"ENSG00000146350",95.2769057513372,2.60728959530554,0.415952423132227,5.15869405226666e-11,5.3709141029759e-10,"TBC1D32","6:121079494-121334745","-","protein_coding",1.42480950019687e-10
"ENSG00000271383",229.196706115566,2.25443309943429,0.35873017283433,5.33851644352402e-11,5.55013677160904e-10,"NBPF19","1:149475338-149556361","+","protein_coding",1.47235413711028e-10
"ENSG00000135919",1684.19247876527,2.67088977349565,0.426769319859654,5.41294525544938e-11,5.62347030097046e-10,"SERPINE2","2:223975045-224039318","-","protein_coding",1.49180823883558e-10
"ENSG00000104518",721.947821089362,2.2254558498992,0.353713853846505,5.51322294476249e-11,5.71942460694635e-10,"GSDMD","8:143553207-143563062","+","protein_coding",1.51726323664749e-10
"ENSG00000197530",546.580025855745,2.03237793835611,0.322034160625972,5.5352899967457e-11,5.73819768600948e-10,"MIB2","1:1615415-1630610","+","protein_coding",1.52224340592301e-10
"ENSG00000099337",210.436962022881,2.25709223484728,0.359328680432443,5.55021068162361e-11,5.74954082868407e-10,"KCNK6","19:38319845-38332076","+","protein_coding",1.52525254312666e-10
"ENSG00000280388",36.0595954593624,6.02247734232826,0.931509619874365,5.68088939767884e-11,5.87648766541568e-10,"AC006330.1","7:76043977-76045963","-","TEC",1.55892931686149e-10
"ENSG00000272669",31.4490247287597,4.26761258997435,0.684262641049946,5.68600085917563e-11,5.8775678409118e-10,"AL021707.6","22:38742625-38743115","+","lncRNA",1.55921586851345e-10
"ENSG00000102158",1164.99672665463,2.13760394806695,0.339642327942622,5.74367655312719e-11,5.93294280695075e-10,"MAGT1","X:77826364-77895593","-","protein_coding",1.57390587773212e-10
"ENSG00000143669",212.925282072119,2.33942592312674,0.373481379737172,5.86696718072787e-11,6.05164473438248e-10,"LYST","1:235661041-235883640","-","protein_coding",1.60539542134681e-10
"ENSG00000260196",77.1948413497857,3.07299602246222,0.496077399418374,5.8839166117481e-11,6.06479878433465e-10,"AC124798.1","11:17380649-17383531","+","lncRNA",1.60888496055346e-10
"ENSG00000159958",40.3916642652776,3.24077435557396,0.523236463070964,6.03671722718779e-11,6.20901072242639e-10,"TNFRSF13C","22:41922023-41926818","-","protein_coding",1.64714186347452e-10
"ENSG00000110013",163.684068068887,2.21119275973422,0.352570946712171,6.21429609658895e-11,6.38711186997204e-10,"SIAE","11:124633113-124695707","-","protein_coding",1.69438898047429e-10
"ENSG00000147100",212.908237811996,2.23435549198917,0.356988735953945,6.33361406813482e-11,6.50050120018582e-10,"SLC16A2","X:74421493-74533917","+","protein_coding",1.72446918503761e-10
"ENSG00000147118",315.23635976544,2.0050100625146,0.318760272605581,6.39541084944656e-11,6.55926772074892e-10,"ZNF182","X:47974851-48003978","-","protein_coding",1.7400589143065e-10
"ENSG00000130202",2056.5269856615,2.2911200233933,0.365667261484648,6.40713709667008e-11,6.5666339137574e-10,"NECTIN2","19:44846175-44889223","+","protein_coding",1.74201303637539e-10
"ENSG00000238083",261.745204205766,2.07135335573049,0.32984730343987,6.48338714424723e-11,6.64007282930664e-10,"LRRC37A2","17:46511511-46555650","+","protein_coding",1.76149509521166e-10
"ENSG00000110881",208.657416715788,2.27859220078661,0.364903464193748,6.74279300550074e-11,6.89597322876796e-10,"ASIC1","12:50057548-50083611","+","protein_coding",1.82938099196332e-10
"ENSG00000153956",1024.99436377889,2.02088886030353,0.321447452897768,6.77989330631263e-11,6.92901260039065e-10,"CACNA2D1","7:81946444-82443777","-","protein_coding",1.83814575894078e-10
"ENSG00000166450",394.628568590616,2.27018060564851,0.363807432517078,7.17616291850327e-11,7.31970623630146e-10,"PRTG","15:55611544-55743152","-","protein_coding",1.94178994193074e-10
"ENSG00000279696",87.7579420252118,2.31275708347506,0.370862132062279,7.18619141137661e-11,7.32352976627668e-10,"AP001273.1","11:93726654-93729805","-","TEC",1.94280425750692e-10
"ENSG00000168763",792.765644328565,2.1780830681182,0.348443726309023,7.2511082507006e-11,7.38447958639002e-10,"CNNM3","2:96816245-96835382","+","protein_coding",1.95897317793048e-10
"ENSG00000076706",174.757898051674,2.67917692573896,0.433250756067298,7.51982466203928e-11,7.63661181947503e-10,"AP002956.1","11:119308529-119321521","-","protein_coding",2.02585944609968e-10
"ENSG00000243696",32.8181047031616,5.88122952959068,0.916247176510079,7.78919261952833e-11,7.89906123121431e-10,"AC006254.1","3:52813282-52835729","-","protein_coding",2.09548268117618e-10
"ENSG00000106003",107.697553732724,2.32295814840863,0.373053707417577,7.86323403581792e-11,7.9685550527072e-10,"LFNG","7:2512529-2529177","+","protein_coding",2.11391817561338e-10
"ENSG00000183773",91.4428640633879,2.49835269838482,0.403453013190082,7.89383167719116e-11,7.98835865315753e-10,"AIFM3","22:20965108-20981360","+","protein_coding",2.11917172417489e-10
"ENSG00000051523",2447.51901313228,2.17243275769763,0.347860970422403,7.93387105298188e-11,8.02325896337587e-10,"CYBA","16:88643289-88651054","-","protein_coding",2.12843016558831e-10
"ENSG00000139370",582.065996023884,2.16618749870115,0.347361413861683,7.95903691693029e-11,8.04307989416501e-10,"SLC15A4","12:128793194-128823958","-","protein_coding",2.13368831158537e-10
"ENSG00000038002",173.118876031314,2.52157633088088,0.407414131441899,8.01985400062443e-11,8.09321998345137e-10,"AGA","4:177430774-177442437","-","protein_coding",2.14698959963173e-10
"ENSG00000167619",53.171035136283,3.0466946246234,0.496102851505893,8.02710801163125e-11,8.09488750007559e-10,"TMEM145","19:42313309-42325064","+","protein_coding",2.14743196260428e-10
"ENSG00000136895",87.6313288322646,2.86228060743691,0.4653886423356,8.06208788109856e-11,8.1244931638602e-10,"GARNL3","9:127224265-127393660","+","protein_coding",2.15528582699518e-10
"ENSG00000160179",92.4929285127108,2.31012181864621,0.371327837680502,8.36000206192236e-11,8.41297979086629e-10,"ABCG1","21:42199689-42297244","+","protein_coding",2.23181627953217e-10
"ENSG00000169855",425.168916342887,2.24493818513029,0.361227251592273,8.64122673630317e-11,8.68993511247858e-10,"ROBO1","3:78597239-79767998","-","protein_coding",2.30528767858966e-10
"ENSG00000140199",461.316439408911,2.00415904633372,0.320826707808792,8.68390483324896e-11,8.72678085850352e-10,"SLC12A6","15:34229996-34338060","-","protein_coding",2.31506221007009e-10
"ENSG00000160712",247.338745178217,2.197235462879,0.353536861171177,8.73355177241916e-11,8.77057377784777e-10,"IL6R","1:154405193-154469450","+","protein_coding",2.32667970503029e-10
"ENSG00000184916",1486.06152032022,2.40848919728988,0.388625230141265,8.84663630735216e-11,8.87796814427403e-10,"JAG2","14:105140982-105168824","-","protein_coding",2.35516955063534e-10
"ENSG00000260751",28.5101008173669,4.97111166892568,0.793117154102442,8.89378419839601e-11,8.91908920548374e-10,"AC008870.2","16:23568673-23569696","+","lncRNA",2.36607824840009e-10
"ENSG00000158158",404.741523937752,2.20715425304118,0.355396655594252,9.08784513743026e-11,9.1073821138006e-10,"CNNM4","2:96760902-96811874","+","protein_coding",2.41602906113808e-10
"ENSG00000230797",75.538090687727,2.48360903332161,0.402175336082837,9.27456199096431e-11,9.28805927452705e-10,"YY2","X:21855987-21858727","+","protein_coding",2.46395954934473e-10
"ENSG00000160766",180.057123069609,2.05497637111963,0.330200833794862,9.3176004403175e-11,9.32469833538977e-10,"GBAP1","1:155213821-155227422","-","transcribed_unprocessed_pseudogene",2.47367925086939e-10
"ENSG00000275131",28.6134447407854,4.99328326179277,0.794488123933296,9.38702989713276e-11,9.38118734740426e-10,"AC241952.1","1:120489860-120701289","-","transcribed_unprocessed_pseudogene",2.48866479698534e-10
"ENSG00000142892",468.676112764094,2.34439840739958,0.379210988578207,9.87806725422367e-11,9.85828383223662e-10,"PIGK","1:77088989-77219430","-","protein_coding",2.61523014341735e-10
"ENSG00000147852",375.960661405849,2.28424103039573,0.369286092217608,9.93412761360981e-11,9.90738979601625e-10,"VLDLR","9:2621787-2660056","+","protein_coding",2.62825709606788e-10
"ENSG00000196083",87.8303767751682,2.52387830848312,0.409957220795249,1.00412962716146e-10,1.00073636152485e-09,"IL1RAP","3:190514051-190659750","+","protein_coding",2.65477840039001e-10
"ENSG00000177595",945.858873213113,2.0904383324421,0.336739134613945,1.02109156741595e-10,1.0162392727774e-09,"PIDD1","11:799179-809753","-","protein_coding",2.69590491034687e-10
"ENSG00000141012",948.394400057272,2.18346823344659,0.352353774859713,1.02196973733503e-10,1.01641326044243e-09,"GALNS","16:88813734-88856970","-","protein_coding",2.69636646916777e-10
"ENSG00000134762",93.2030518475199,2.49825165144724,0.405586545395811,1.02498424251475e-10,1.0187102674402e-09,"DSC3","18:30989365-31042815","-","protein_coding",2.70246002666971e-10
"ENSG00000115884",5117.53888175215,2.19153669460905,0.352856150290825,1.02579547115553e-10,1.01881583186726e-09,"SDC1","2:20200797-20225433","-","protein_coding",2.70274007061691e-10
"ENSG00000214279",33.6817324791224,3.73892862433028,0.60952312797921,1.04133866192423e-10,1.03354292606229e-09,"SCART1","10:133453928-133523558","+","protein_coding",2.74180847371751e-10
"ENSG00000160746",456.424115002431,2.20817526331275,0.356902046224465,1.0568274900478e-10,1.04819588597672e-09,"ANO10","3:43354859-43691594","-","protein_coding",2.78068021154798e-10
"ENSG00000280237",66.5668280049465,2.7822682950959,0.454568871100703,1.06625329451042e-10,1.0568193661845e-09,"MIR4697HG","11:133896438-133901601","-","TEC",2.80355679510383e-10
"ENSG00000136986",1366.94604476364,2.21991964582177,0.359043883376449,1.09803549328543e-10,1.08523533806825e-09,"DERL1","8:123013170-123042302","-","protein_coding",2.87893939464095e-10
"ENSG00000271533",210.864314845279,5.97796217074297,0.99710935893208,1.14301141253739e-10,1.12825532258045e-09,"Z83843.1","X:74209976-74213660","-","lncRNA",2.99306388342648e-10
"ENSG00000249242",43.9922989858454,2.94636035254398,0.481581345458597,1.17823502529472e-10,1.16064583166558e-09,"TMEM150C","4:82483170-82562357","-","protein_coding",3.07899023446442e-10
"ENSG00000198689",388.710317389153,2.25558561195635,0.365926336968993,1.18640761403675e-10,1.16790030180144e-09,"SLC9A6","X:135973841-136047269","+","protein_coding",3.09823507392806e-10
"ENSG00000178623",41.3641596190986,2.99658284715325,0.490622780171244,1.20458310043167e-10,1.18498504998897e-09,"GPR35","2:240605430-240631259","+","protein_coding",3.14355792039209e-10
"ENSG00000164362",339.943495204015,2.35638180031517,0.383532838958421,1.22437789843405e-10,1.20363843607282e-09,"TERT","5:1253147-1295047","-","protein_coding",3.19304208862406e-10
"ENSG00000175564",106.21441209711,2.61489178203452,0.428225247347747,1.26437876350422e-10,1.24043024517308e-09,"UCP3","11:74000277-74009085","-","protein_coding",3.29064431820808e-10
"ENSG00000167123",661.733731290956,2.24952895031639,0.365603555923668,1.28049574948339e-10,1.25538969306543e-09,"CERCAM","9:128411751-128437351","+","protein_coding",3.33032911499698e-10
"ENSG00000175106",116.230258466865,2.2735808494691,0.369929740852273,1.28580626580653e-10,1.25974144726577e-09,"TVP23C","17:15502264-15563595","-","protein_coding",3.34187355716881e-10
"ENSG00000187961",408.983827764974,2.31499551571123,0.377137896796937,1.31433428474585e-10,1.28594751177131e-09,"KLHL17","1:960584-965719","+","protein_coding",3.41139365924898e-10
"ENSG00000224635",58.9196488219727,2.99449588277919,0.493242515405569,1.32798694551618e-10,1.29782916720526e-09,"AL391095.1","20:38404893-38416797","-","lncRNA",3.44291361137589e-10
"ENSG00000100038",819.422027266513,2.05361033053202,0.332410982263714,1.34383672253855e-10,1.31214759982463e-09,"TOP3B","22:21957025-21982816","-","protein_coding",3.48089790684749e-10
"ENSG00000173559",381.173558448912,2.0638945108622,0.335088075361827,1.40175791349348e-10,1.36501372020851e-09,"NABP1","2:191678068-191696659","+","protein_coding",3.62114247065419e-10
"ENSG00000262333",71.6325879102153,2.86684861126215,0.472205385010096,1.4133048480095e-10,1.37440567688999e-09,"HNRNPA1P16","17:2306761-2307715","+","processed_pseudogene",3.64605768778229e-10
"ENSG00000145040",30.0610202243241,4.19049284983772,0.688907026861699,1.44338081258972e-10,1.40270989392966e-09,"UCN2","3:48561718-48563781","-","protein_coding",3.72114382127941e-10
"ENSG00000170919",196.048164015284,2.20591616841678,0.359709399569544,1.45722751852749e-10,1.41521470902155e-09,"TPT1-AS1","13:45341345-45417975","+","lncRNA",3.75431690690232e-10
"ENSG00000164930",527.705809393992,2.11437794151348,0.344129139134269,1.50174926424054e-10,1.45731548491357e-09,"FZD6","8:103298433-103332866","+","protein_coding",3.86600289611479e-10
"ENSG00000258559",29.4162518221248,5.32960442315738,0.854536086778743,1.50259502631044e-10,1.45731548491357e-09,"AC005519.1","14:74289127-74294425","-","lncRNA",3.86600289611479e-10
"ENSG00000183060",261.614454916846,2.03845686194253,0.33155783154278,1.52793484894181e-10,1.47891403228788e-09,"LYSMD4","15:99715697-99733561","-","protein_coding",3.92330006173567e-10
"ENSG00000138600",1688.25547901801,2.18642122475378,0.357189988462,1.54149844660068e-10,1.49104377856937e-09,"SPPL2A","15:50702266-50765709","-","protein_coding",3.95547815545581e-10
"ENSG00000276672",41.3174603347065,2.97988764141929,0.489259611780548,1.56207446458403e-10,1.50892634276095e-09,"AL161891.1","13:33846190-33850825","+","lncRNA",4.00291746813057e-10
"ENSG00000090857",1111.6111870394,2.00094849934444,0.325254218684523,1.58567792943577e-10,1.53070352426696e-09,"PDPR","16:70113626-70162537","+","protein_coding",4.06068851883511e-10
"ENSG00000114988",772.028633880024,2.25771889656572,0.369315878495286,1.63055520989951e-10,1.56983033566008e-09,"LMAN2L","2:96705929-96740064","-","protein_coding",4.16448510078835e-10
"ENSG00000234745",149.446560930743,2.68247900848335,0.442223536815709,1.64967074599919e-10,1.58612055558445e-09,"HLA-B","6:31269491-31357188","-","protein_coding",4.20770020284274e-10
"ENSG00000144959",781.382289092629,2.37122563498348,0.388862452180165,1.65264025317979e-10,1.58791916879662e-09,"NCEH1","3:172630249-172711218","-","protein_coding",4.21247160886924e-10
"ENSG00000150995",164.994098997891,2.11938925668759,0.345583132372523,1.65387131864731e-10,1.58804614124732e-09,"ITPR1","3:4493345-4847840","+","protein_coding",4.21280844455597e-10
"ENSG00000185986",77.4156477094294,3.19206923778868,0.530417406239631,1.6674354005695e-10,1.6000072359648e-09,"SDHAP3","5:1567495-1594620","-","transcribed_unprocessed_pseudogene",4.24453913519719e-10
"ENSG00000100429",320.293918213091,2.13083276421034,0.348059265005282,1.67544154377434e-10,1.60662281015812e-09,"HDAC10","22:50245183-50251405","-","protein_coding",4.26208909555624e-10
"ENSG00000278963",24.6118426764139,8.91321163410448,2.78357218903176,1.70280457961864e-10,1.63069774553141e-09,"AC005921.3","17:50722074-50724224","+","TEC",4.32595568507678e-10
"ENSG00000143178",58.5177923152291,2.55681186445448,0.420663485202737,1.74947857174227e-10,1.67428575100977e-09,"TBX19","1:168280877-168314426","+","protein_coding",4.44158703406036e-10
"ENSG00000078399",29.2576799114064,4.31265828660622,0.713341515678924,1.86743349564757e-10,1.78009772068622e-09,"HOXA9","7:27162438-27175180","-","protein_coding",4.7222876685129e-10
"ENSG00000244038",4038.01631135569,2.11782259339282,0.346759938752905,1.88024081157252e-10,1.79112458589548e-09,"DDOST","1:20651767-20661544","-","protein_coding",4.75154001179436e-10
"ENSG00000081087",726.873157466149,2.01024917465306,0.328390275589935,1.90205632215907e-10,1.80918524094803e-09,"OSTM1","6:108041409-108165854","-","protein_coding",4.79945176835064e-10
"ENSG00000100926",1195.66832146391,2.08615165953864,0.341364079375291,1.90295589664452e-10,1.80918524094803e-09,"TM9SF1","14:24189149-24195687","-","protein_coding",4.79945176835064e-10
"ENSG00000232300",31.0573104036628,4.79010379174008,0.791750128889651,1.90170246935778e-10,1.80918524094803e-09,"FAM215B","17:46558830-46562795","-","lncRNA",4.79945176835064e-10
"ENSG00000206262",64.2899538619586,2.43150000571724,0.400267779108021,1.90694209956036e-10,1.81178305593339e-09,"FOXL2NB","3:138947217-138953990","+","protein_coding",4.80634331679086e-10
"ENSG00000169914",515.106139349237,2.04766211723001,0.334976249138834,1.91687062110565e-10,1.81929575655083e-09,"OTUD3","1:19882395-19912945","+","protein_coding",4.82627319652201e-10
"ENSG00000286964",34.0874789085577,3.66742405225342,0.607221977063096,1.94112548935437e-10,1.84063021303543e-09,"AL136169.1","X:135037281-135040355","+","lncRNA",4.8828697752384e-10
"ENSG00000214274",141.308617535757,2.12761220679051,0.349052094697423,1.97524572491176e-10,1.8705292248165e-09,"ANG","14:20684177-20698971","+","protein_coding",4.96218662003501e-10
"ENSG00000091986",389.701561803637,2.39207514777628,0.394674019859358,2.01763815731597e-10,1.90942298699234e-09,"CCDC80","3:112596794-112649530","-","protein_coding",5.06536496320722e-10
"ENSG00000146414",343.339669999843,2.09479406710906,0.343538186978892,2.03994679579725e-10,1.92800988528882e-09,"SHPRH","6:145864245-145964423","-","protein_coding",5.11467275097717e-10
"ENSG00000251136",149.219754657391,2.09956900386386,0.344669851998341,2.08021566472137e-10,1.96353135078571e-09,"AF117829.1","8:89585872-89757812","-","lncRNA",5.20890498133967e-10
"ENSG00000287306",23.215113326151,8.82377614300966,2.76998409794392,2.0802480783703e-10,1.96353135078571e-09,"AC016821.1","10:69510166-69544257","+","lncRNA",5.20890498133967e-10
"ENSG00000165923",39.7939213953678,3.10800012984154,0.516789346632863,2.08870034732065e-10,1.96985641687685e-09,"AGBL2","11:47659591-47715389","-","protein_coding",5.22568427455352e-10
"ENSG00000116774",44.0434099026516,3.36158388511803,0.562103990357732,2.13356968373297e-10,2.00861338759773e-09,"OLFML3","1:113979391-114035572","+","protein_coding",5.32849973393942e-10
"ENSG00000181634",83.0778327009726,2.40387440746975,0.397010014798842,2.1555229957332e-10,2.02795981844664e-09,"TNFSF15","9:114784652-114806039","-","protein_coding",5.37982242862404e-10
"ENSG00000284128",29.5310244311659,5.73523477522783,0.914884644194347,2.17614227466642e-10,2.04602680619418e-09,"AP000356.3","22:24644791-24653356","+","transcribed_unprocessed_pseudogene",5.42775098471165e-10
"ENSG00000263072",275.790750138797,2.05821084473828,0.338084704388977,2.185333252327e-10,2.05199810457293e-09,"ZNF213-AS1","16:3110460-3134882","-","lncRNA",5.4435917941073e-10
"ENSG00000242622",48.5497721069911,2.85137089229205,0.474238582515913,2.21242902443364e-10,2.07339895149744e-09,"AC092910.3","3:120094895-120136783","+","lncRNA",5.50036449503991e-10
"ENSG00000143641",3481.01933043564,2.35883505234614,0.389091389369009,2.23308779978987e-10,2.09140322713956e-09,"GALNT2","1:230057990-230282122","+","protein_coding",5.54812668688886e-10
"ENSG00000068650",644.607994932417,2.04221086049823,0.335436786570545,2.273829419307e-10,2.12680316753434e-09,"ATP11A","13:112690329-112887168","+","protein_coding",5.64203653242694e-10
"ENSG00000198874",430.816304658399,2.21193510797847,0.364849567630442,2.28686692693881e-10,2.13694587969721e-09,"TYW1","7:66995173-67239519","+","protein_coding",5.66894337243657e-10
"ENSG00000163378",236.08245519734,2.20947632523163,0.364491752078641,2.29178846484781e-10,2.13944671224262e-09,"EOGT","3:68975217-69013684","-","protein_coding",5.6755776434392e-10
"ENSG00000206527",1938.91901366429,2.00136430248152,0.328887351685443,2.39521152534314e-10,2.23310979049895e-09,"HACD2","3:123490820-123585053","-","protein_coding",5.92404939546994e-10
"ENSG00000272807",31.7910892775814,5.84156053516008,0.93704258576887,2.42424449390303e-10,2.25872064354563e-09,"AC007038.2","2:210028417-210029156","+","lncRNA",5.99199050573427e-10
"ENSG00000286977",22.7924173810509,8.79230799256828,2.76714477991603,2.45131516694793e-10,2.2810016405386e-09,"Z83745.1","X:57222706-57224791","+","lncRNA",6.05109809073896e-10
"ENSG00000280152",45.9365761262518,7.74525698680279,1.37557738029707,2.57388695268461e-10,2.38930798056785e-09,"AC009078.3","16:75245994-75250077","-","TEC",6.33841585312826e-10
"ENSG00000277744",23.4970305199361,8.83146329372149,2.77514518470675,2.59527315982005e-10,2.40720747320664e-09,"AC011462.4","19:41373971-41374419","+","lncRNA",6.38590007401038e-10
"ENSG00000265218",36.9108084571425,3.24044720203526,0.543274625387423,2.6404047777776e-10,2.44279701944072e-09,"AC103810.2","17:64892729-64910180","+","lncRNA",6.48031291065194e-10
"ENSG00000170558",416.368950798808,2.48260537615529,0.413197544809504,2.65250095804897e-10,2.45241787234585e-09,"CDH2","18:27950966-28177130","-","protein_coding",6.5058353493959e-10
"ENSG00000244165",282.682648253552,2.16186323879323,0.357588835621038,2.66587369687819e-10,2.46320593309378e-09,"P2RY11","19:10111693-10115372","+","protein_coding",6.53445418624124e-10
"ENSG00000113194",2356.41905657958,2.08460634575379,0.344504184000923,2.70804971953587e-10,2.50057677297207e-09,"FAF2","5:176447628-176510074","+","protein_coding",6.6335924831271e-10
"ENSG00000234353",22.9151575086123,8.80153071372752,2.77121293945716,2.71257691256973e-10,2.50315766050736e-09,"AP000346.2","22:23638492-23640762","-","transcribed_unprocessed_pseudogene",6.64043912600523e-10
"ENSG00000262228",30.8022265062309,3.92719927513356,0.658619348005287,2.73788449837381e-10,2.52489909929802e-09,"AC087392.3","17:763565-765319","-","lncRNA",6.69811535754228e-10
"ENSG00000124749",31.6804934706102,3.63131558228091,0.608278619458005,2.74968146767894e-10,2.53416115366252e-09,"COL21A1","6:56056590-56394094","-","protein_coding",6.72268596656128e-10
"ENSG00000101187",261.217915427057,2.22783526740101,0.369620006562295,2.78334893786504e-10,2.5619220064387e-09,"SLCO4A1","20:62642503-62685785","+","protein_coding",6.79633064977666e-10
"ENSG00000116962",88.599856829221,2.44377602419917,0.407401595608509,2.88096652905016e-10,2.64839995618981e-09,"NID1","1:235975830-236065109","-","protein_coding",7.02574151355245e-10
"ENSG00000068697",3273.43834511422,2.16721110057228,0.359804348444679,2.90837868681304e-10,2.670202058649e-09,"LAPTM4A","2:20032650-20051628","-","protein_coding",7.08357867518367e-10
"ENSG00000197261",310.97391400903,2.70759845501136,0.45443726971087,2.94815502983754e-10,2.70500243404332e-09,"C6orf141","6:49550646-49561907","+","protein_coding",7.17589797972211e-10
"ENSG00000184371",1663.60783783472,2.53966441645098,0.423236223855257,2.95994473562644e-10,2.71409653391736e-09,"CSF1","1:109910242-109930992","+","protein_coding",7.2000230348763e-10
"ENSG00000197822",372.694770307925,2.12223423929401,0.351832989874751,2.98555001619619e-10,2.73583914293286e-09,"OCLN","5:69492292-69558104","+","protein_coding",7.257702370815e-10
"ENSG00000134901",97.2591576726625,2.34557540148028,0.391388031960065,3.24215339032823e-10,2.95412097374737e-09,"POGLUT2","13:102784281-102798976","-","protein_coding",7.83676586038479e-10
"ENSG00000169242",309.276300810322,2.19933559414165,0.366730468099353,3.4370911814285e-10,3.12582785794986e-09,"EFNA1","1:155127876-155134899","+","protein_coding",8.29227416897114e-10
"ENSG00000145020",32.7538182866648,4.0236456007092,0.679981536600645,3.6487658887358e-10,3.2996442965032e-09,"AMT","3:49416775-49422753","-","protein_coding",8.75337875599843e-10
"ENSG00000056736",34.9747223842436,3.57295790784708,0.604965898090969,3.72683022984246e-10,3.36813156044111e-09,"IL17RB","3:53846568-53865794","+","protein_coding",8.93506347936268e-10
"ENSG00000173638",626.876028642891,2.46836073604402,0.414842080103881,3.76329867232477e-10,3.39896431961033e-09,"SLC19A1","21:45493572-45573365","-","protein_coding",9.01685739253892e-10
"ENSG00000259891",72.6485035621629,2.4875382538448,0.418730028473771,3.84148933842841e-10,3.46525358487072e-09,"AC107375.1","8:140505813-140508043","-","lncRNA",9.19271121014464e-10
"ENSG00000241769",25.4598967856862,4.56947970359259,0.758323373405554,4.0717739503394e-10,3.66155602715337e-09,"LINC00893","X:149527591-149540959","-","lncRNA",9.71346722916418e-10
"ENSG00000086548",130.900486187616,2.75556286592306,0.464874171415971,4.11973896768968e-10,3.6977855790114e-09,"CEACAM6","19:41750977-41772211","+","protein_coding",9.80957788870089e-10
"ENSG00000011478",321.732368727622,2.26849534065583,0.380872845701735,4.23148173062038e-10,3.79337112215851e-09,"QPCTL","19:45692666-45703989","+","protein_coding",1.00631496035827e-09
"ENSG00000232656",31.3167510094784,3.82520422254638,0.649776498888728,4.32628665001028e-10,3.87595588216358e-09,"IDI2-AS1","10:1022630-1045425","+","lncRNA",1.02822325164178e-09
"ENSG00000226332",68.8473886910555,2.58990738001315,0.437989374292481,4.41955456227522e-10,3.94727954137449e-09,"AL354836.1","20:62305432-62306325","-","lncRNA",1.04714416999648e-09
"ENSG00000279529",29.389714793147,3.86489281275981,0.655544829323589,4.4257395993126e-10,3.95036213401274e-09,"AC008764.8","19:16572624-16575340","+","lncRNA",1.04796192786637e-09
"ENSG00000253537",32.0314778738356,3.35523116078028,0.569595948739355,4.49666321053606e-10,4.00377572738488e-09,"PCDHGA7","5:141382739-141512975","+","protein_coding",1.06213161924798e-09
"ENSG00000136816",446.965757288476,2.15917428532737,0.362375042538241,4.52602082111832e-10,4.02743392155055e-09,"TOR1B","9:129803157-129811281","+","protein_coding",1.0684077240522e-09
"ENSG00000131504",2665.37581524838,2.00522544115977,0.335184462112563,4.57825979105428e-10,4.06890727186503e-09,"DIAPH1","5:141515016-141619055","-","protein_coding",1.07940987795005e-09
"ENSG00000262943",93.326741046013,2.35072801872181,0.396258676231442,4.6756773523476e-10,4.15038165962993e-09,"ALOX12P2","17:6853861-6954107","+","transcribed_unprocessed_pseudogene",1.10102360691396e-09
"ENSG00000090520",1056.27231409398,2.03230777160155,0.340672054016782,4.80940041429571e-10,4.26646073584943e-09,"DNAJB11","3:186567403-186585800","+","protein_coding",1.13181735401186e-09
"ENSG00000087253",235.542477438501,2.08566885062076,0.350378389588192,4.90827096223311e-10,4.34744945244042e-09,"LPCAT2","16:55509072-55586666","+","protein_coding",1.15330224291442e-09
"ENSG00000260966",23.9143748299534,8.84990777308155,2.79476991777669,4.94769580994551e-10,4.37839266071785e-09,"AP001486.2","11:103050687-103055799","-","lncRNA",1.16151093444717e-09
"ENSG00000280332",26.7440854591823,4.1863399318305,0.709152599825014,4.95090082464492e-10,4.37854760201614e-09,"AC020917.4","19:16356329-16358327","-","TEC",1.16155203766155e-09
"ENSG00000143753",1606.91921341504,2.25802741134554,0.380732738049888,5.19881446615685e-10,4.58937494504781e-09,"DEGS1","1:224175756-224193441","+","protein_coding",1.21748084149149e-09
"ENSG00000142552",71.4444266051859,2.46674926687277,0.418581408527819,5.26062938470422e-10,4.64110837841029e-09,"RCN3","19:49528003-49546962","+","protein_coding",1.23120481583169e-09
"ENSG00000090054",1223.54072133951,2.28199688369894,0.385263041047746,5.26953865967519e-10,4.6432989738394e-09,"SPTLC1","9:92000087-92115413","-","protein_coding",1.23178594245532e-09
"ENSG00000251485",40.2934655372058,3.12280357024213,0.533071946685991,5.39514139937112e-10,4.74529448340304e-09,"AC068134.3","2:232343116-232343903","+","processed_pseudogene",1.25884356583514e-09
"ENSG00000197119",481.903966645909,2.01484446276976,0.33862972862193,5.40640349005191e-10,4.75230759335402e-09,"SLC25A29","14:100291116-100306547","-","protein_coding",1.26070402114917e-09
"ENSG00000278983",21.6783956074686,8.69297837650691,2.76561832363507,5.50640627403001e-10,4.83139508597497e-09,"AC048380.2","18:48564795-48568342","+","TEC",1.28168454861109e-09
"ENSG00000116815",138.703607338065,2.27138347526011,0.384938863891396,5.66846655025272e-10,4.96153907436112e-09,"CD58","1:116514534-116571039","-","protein_coding",1.31620947071762e-09
"ENSG00000169031",228.201633927507,4.15461121261922,0.718392749452994,5.71275309513214e-10,4.99092604414939e-09,"COL4A3","2:227164565-227314792","+","protein_coding",1.32400531941926e-09
"ENSG00000185522",91.5467906299952,2.18694185600019,0.37041600502376,6.16040796015409e-10,5.35322041083505e-09,"LMNTD2","11:554850-560738","-","protein_coding",1.42011567337847e-09
"ENSG00000137673",264.630247353627,2.3167718653251,0.392862683269992,6.16691987300309e-10,5.35565859884421e-09,"MMP7","11:102520508-102530750","-","protein_coding",1.42076248197979e-09
"ENSG00000165810",46.7510295891451,3.33190665451624,0.576804758520159,6.26710436785032e-10,5.43286893940042e-09,"BTNL9","5:181040225-181061521","+","protein_coding",1.44124503385619e-09
"ENSG00000261488",26.134755097544,4.55195359653945,0.774008237161023,6.40459915810024e-10,5.54208757088063e-09,"TBILA","3:112133423-112135359","+","lncRNA",1.47021882504851e-09
"ENSG00000167703",399.673142373213,2.10335533444249,0.356092172035717,6.49397911806983e-10,5.60935398895559e-09,"SLC43A2","17:1569267-1628886","-","protein_coding",1.48806342834692e-09
"ENSG00000160117",34.2788937761088,3.51270861884877,0.606348574989446,6.74156116837886e-10,5.81568633558461e-09,"ANKLE1","19:17281645-17287646","+","protein_coding",1.54279978831068e-09
"ENSG00000268069",35.8173260310252,3.00907868056169,0.516732017520326,7.19661284368229e-10,6.19037215500314e-09,"AC004466.1","12:47784923-47786002","+","lncRNA",1.6421973777826e-09
"ENSG00000269242",58.7054746547577,2.49097931195348,0.426121068200208,7.36969731797477e-10,6.32795578978333e-09,"AC010422.3","19:12643831-12648397","-","protein_coding",1.6786959078555e-09
"ENSG00000119977",1004.68064253235,2.25283306382732,0.384536506145659,7.53067015615593e-10,6.44320393289576e-09,"TCTN3","10:95663396-95694143","-","protein_coding",1.70926922294458e-09
"ENSG00000139133",113.018789326222,2.55462468596622,0.439111032301161,7.53895535675098e-10,6.4464759680715e-09,"ALG10","12:34022468-34029694","+","protein_coding",1.7101372366037e-09
"ENSG00000166147",128.225560505074,2.48920570124119,0.427374558848721,7.57906498749617e-10,6.4769407530637e-09,"FBN1","15:48408306-48645849","-","protein_coding",1.71821901081311e-09
"ENSG00000140519",94.4913726749352,2.49038969833531,0.427261041569745,7.65513326795702e-10,6.53808101981364e-09,"RHCG","15:89471398-89496589","-","protein_coding",1.73443845339582e-09
"ENSG00000104853",3955.89055869099,2.07432074190604,0.353440663955682,7.94571315571059e-10,6.77025358568242e-09,"CLPTM1","19:44954585-44993341","+","protein_coding",1.79602977122226e-09
"ENSG00000279347",20.3434315124342,8.59162654720339,2.75349762176455,7.97485208604936e-10,6.79107763674127e-09,"AC021945.1","8:119838736-119840385","-","TEC",1.80155402746847e-09
"ENSG00000155760",266.893984015138,2.00536060051976,0.340803812699695,8.0166034316028e-10,6.8226110830443e-09,"FZD7","2:202034587-202038445","+","protein_coding",1.80991929881802e-09
"ENSG00000074696",3915.43965627578,2.00776287392047,0.342260415719931,8.28260895198576e-10,7.0324313728053e-09,"HACD3","15:65530418-65578349","+","protein_coding",1.86558094904249e-09
"ENSG00000279803",20.0076619083532,8.56415606578573,2.74885064194966,8.30277465381715e-10,7.0454137711281e-09,"AC009090.5","16:57142652-57144936","+","TEC",1.86902495207643e-09
"ENSG00000166762",30.0941471889083,3.57974550532491,0.616997179230256,8.87035009651614e-10,7.5006102542279e-09,"CATSPER2","15:43628503-43668118","-","protein_coding",1.98978061138169e-09
"ENSG00000205702",34.7120880136039,3.65002055954794,0.633869740946097,8.99273004551109e-10,7.59520408461021e-09,"CYP2D7","22:42140203-42149455","-","polymorphic_pseudogene",2.01487469883211e-09
"ENSG00000233937",179.150733734551,2.08528936704698,0.357127022222257,9.7563628105946e-10,8.22574089707716e-09,"AC008443.1","5:181246507-181272167","+","lncRNA",2.18214507839915e-09
"ENSG00000226696",24.9904231891372,4.30592048385077,0.737706545200674,9.82073441146452e-10,8.2559297835994e-09,"LENG8-AS1","19:54444807-54449045","-","lncRNA",2.19015366157374e-09
"ENSG00000143369",42.1823704649633,2.91871734642034,0.50586910677942,9.91166807606728e-10,8.32269118926486e-09,"ECM1","1:150508062-150513789","+","protein_coding",2.20786429391953e-09
"ENSG00000279342",27.0646433411602,4.91335677780584,0.833266631478168,9.9817794909712e-10,8.37669543693524e-09,"AP000866.6","11:124789240-124792818","-","lncRNA",2.22219067554777e-09
"ENSG00000153898",101.097994276524,2.27043352735171,0.390543921521735,1.01474315478514e-09,8.51076803818924e-09,"MCOLN2","1:84925583-84997113","-","protein_coding",2.25775778988255e-09
"ENSG00000204344",369.834088587675,2.32111291686129,0.400218948332742,1.04157537143786e-09,8.73074576139707e-09,"STK19","6:31971091-31982821","+","protein_coding",2.31611402940694e-09
"ENSG00000218336",30.6095511495868,3.57830581950285,0.622458703190621,1.07191433279865e-09,8.95389249900187e-09,"TENM3","4:182143987-182803024","+","protein_coding",2.3753109529811e-09
"ENSG00000150637",41.4274899909451,2.95276208394188,0.512931707241557,1.08086316018365e-09,9.01698384125283e-09,"CD226","18:69831158-69961803","-","protein_coding",2.39204798174303e-09
"ENSG00000274460",30.1092898617945,3.34158228744895,0.581903714735017,1.08133921506409e-09,9.01698384125283e-09,"AC092119.2","16:21950218-21951708","-","lncRNA",2.39204798174303e-09
"ENSG00000214837",42.0905850335037,3.2072660644078,0.559061414973379,1.11682842207742e-09,9.28612631038022e-09,"LINC01347","1:243056307-243101744","-","transcribed_unprocessed_pseudogene",2.46344676779076e-09
"ENSG00000279821",31.0293327582277,3.5481416918978,0.621909911069178,1.11978162783252e-09,9.29997948494696e-09,"AC145098.2","5:177476631-177479656","-","TEC",2.46712177252034e-09
"ENSG00000006118",2282.42692962621,2.41753301806783,0.418402191582546,1.12482346735668e-09,9.3293117808287e-09,"TMEM132A","11:60924463-60937159","+","protein_coding",2.47490311719158e-09
"ENSG00000027697",771.682780587951,2.2339820842102,0.385409529396509,1.12595389106318e-09,9.32979339435436e-09,"IFNGR1","6:137197484-137219449","-","protein_coding",2.47503088082988e-09
"ENSG00000009950",124.520859308349,2.67377863872027,0.465273763707771,1.14306097754595e-09,9.46069541037599e-09,"MLXIPL","7:73593194-73624543","-","protein_coding",2.50975689439975e-09
"ENSG00000181790",59.4358720945663,3.00305028157844,0.527351826197277,1.15987800526126e-09,9.57794117373174e-09,"ADGRB1","8:142449430-142545009","+","protein_coding",2.54086014317346e-09
"ENSG00000279453",32.0301913711678,3.41827162189869,0.598344045210409,1.16338264972906e-09,9.60139501498265e-09,"Z99129.4","6:122436789-122439223","-","TEC",2.54708203672635e-09
"ENSG00000114638",253.086472365453,2.15738332794985,0.371961915067279,1.16531552329003e-09,9.60637457333955e-09,"UPK1B","3:119173517-119205143","+","protein_coding",2.54840302639732e-09
"ENSG00000274272",78.9178225621381,2.77115063704123,0.48448938229636,1.16507485365961e-09,9.60637457333955e-09,"AC069281.2","7:100572232-100578700","-","lncRNA",2.54840302639732e-09
"ENSG00000162426",149.479375026444,2.07847756400114,0.357919076076082,1.1832624476533e-09,9.72657885724563e-09,"SLC45A1","1:8317826-8344167","+","protein_coding",2.58029111888773e-09
"ENSG00000153982",38.6178930901305,2.97343660160072,0.519618981612052,1.19065007363817e-09,9.78174202054875e-09,"GDPD1","17:59220467-59275970","+","protein_coding",2.59492494054793e-09
"ENSG00000213339",630.359196163261,2.21335689117448,0.382294762351208,1.19753174984032e-09,9.83268824826278e-09,"QTRT1","19:10701430-10713437","+","protein_coding",2.60844008300867e-09
"ENSG00000176978",1262.68487038042,2.0052174259905,0.344486482879531,1.20172948605162e-09,9.85036460744861e-09,"DPP7","9:137110546-137115177","-","protein_coding",2.61312931169749e-09
"ENSG00000181097",25.6746459651412,3.6608011650669,0.637516449149316,1.20066967250579e-09,9.85036460744861e-09,"AC105219.1","8:143696154-143698413","+","lncRNA",2.61312931169749e-09
"ENSG00000138380",93.0463065486555,2.27585313329762,0.392909331063739,1.23697514296079e-09,1.01277777852274e-08,"CARF","2:202912214-202988263","+","protein_coding",2.68672217198175e-09
"ENSG00000197989",512.035257361235,2.50016742863235,0.434817024232021,1.24707493032892e-09,1.02046884587674e-08,"SNHG12","1:28578538-28583132","-","lncRNA",2.70712522744405e-09
"ENSG00000151694",1639.69220224028,2.00694074663133,0.345472910406975,1.26817485882677e-09,1.03363761336185e-08,"ADAM17","2:9488486-9556732","-","protein_coding",2.74205966254939e-09
"ENSG00000250251",420.761353992506,2.44963722199986,0.426128960913786,1.30867585556869e-09,1.06364875077745e-08,"PKD1P6","16:15125242-15154564","-","transcribed_unprocessed_pseudogene",2.82167395702818e-09
"ENSG00000246339",33.4979225716035,6.42859639767486,1.05956457117579,1.36413341937199e-09,1.10685525229335e-08,"EXTL3-AS1","8:28690215-28702030","-","lncRNA",2.93629324277697e-09
"ENSG00000165323",49.3085877519951,2.95084403049089,0.517977881936713,1.3736875311968e-09,1.11398195922138e-08,"FAT3","11:92352096-92896470","+","protein_coding",2.95519914881361e-09
"ENSG00000109929",466.822434144938,2.00127566372326,0.345418440653197,1.40301516470372e-09,1.1371268729744e-08,"SC5D","11:121292681-121313410","+","protein_coding",3.01659855376456e-09
"ENSG00000273576",78.5656805541553,2.75125740145953,0.483287987396286,1.47694727158182e-09,1.1930332600128e-08,"AC009283.1","17:39566915-39567559","+","lncRNA",3.16490841284396e-09
"ENSG00000026103",291.169274525041,2.00372193520939,0.346786713392276,1.5155003202211e-09,1.22280821482497e-08,"FAS","10:88990531-89017059","+","protein_coding",3.24389615621674e-09
"ENSG00000173214",113.839795160304,2.50264131768397,0.438274989867654,1.54618236069382e-09,1.24547833302042e-08,"MFSD4B","6:111259348-111271167","+","protein_coding",3.30403601166067e-09
"ENSG00000260774",26.1226280865914,3.66613664751444,0.645618971322742,1.56526919999758e-09,1.25874820306984e-08,"AC021087.3","5:213898-217279","-","lncRNA",3.33923865417234e-09
"ENSG00000103978",706.013371445204,2.16435659523467,0.376384702453741,1.57365097769068e-09,1.26360271332367e-08,"TMEM87A","15:42210452-42273663","-","protein_coding",3.35211682015272e-09
"ENSG00000213420",33.614712268934,3.55669206322676,0.631443277413105,1.61910126998999e-09,1.29914672141174e-08,"GPC2","7:100169606-100177381","-","protein_coding",3.44640885206382e-09
"ENSG00000256223",105.984550109425,2.08822863400178,0.363164935395945,1.70616762868303e-09,1.36370732312491e-08,"ZNF10","12:133130575-133159465","+","protein_coding",3.61767682786033e-09
"ENSG00000204764",219.503476841161,2.06160293332471,0.358516411344953,1.7121032205771e-09,1.36693942765523e-08,"RANBP17","5:170861870-171300015","+","protein_coding",3.62625103543864e-09
"ENSG00000158163",165.308004816884,2.04388997791311,0.35597103804744,1.79145070409586e-09,1.42635008952558e-08,"DZIP1L","3:138061990-138115818","-","protein_coding",3.78385712226651e-09
"ENSG00000264548",25.9554255956529,4.3120617670465,0.759453935913866,1.81382357615074e-09,1.44178022546503e-08,"AC132872.2","17:82214227-82217352","+","lncRNA",3.82479057205614e-09
"ENSG00000183971",26.0009263090839,3.79813608745995,0.672114301652849,1.85566317383336e-09,1.47179958974017e-08,"NPW","16:2009926-2020755","+","protein_coding",3.90442669095327e-09
"ENSG00000129749",35.9594951237511,3.14795948711654,0.55647497622619,1.86182894726207e-09,1.47587987476052e-08,"CHRNA10","11:3665587-3671384","-","protein_coding",3.91525097290796e-09
"ENSG00000261716",303.802449157661,2.24734216379515,0.394375097254689,1.96036049669272e-09,1.54888843836558e-08,"HIST2H2BC","1:149844498-149850937","-","transcribed_unprocessed_pseudogene",4.10892991289061e-09
"ENSG00000254402",160.292819039381,2.20034910174712,0.38591518283431,1.98418721723642e-09,1.56685734843079e-08,"LRRC24","8:144522388-144527033","-","protein_coding",4.15659828605433e-09
"ENSG00000186481",48.7342415198126,3.15706966578622,0.562459224366999,1.98695054723758e-09,1.5673790380725e-08,"ANKRD20A5P","18:14179097-14252140","+","transcribed_unprocessed_pseudogene",4.15798223735834e-09
"ENSG00000275491",23.34822852592,3.98270441219895,0.7010184451964,1.99017002057697e-09,1.56900965452034e-08,"LINC01730","20:3808357-3812434","+","lncRNA",4.16230797737488e-09
"ENSG00000140678",25.2739991026221,3.88818597096548,0.690780015658004,1.99580679877106e-09,1.5725956406238e-08,"ITGAX","16:31355134-31382997","+","protein_coding",4.17182097082409e-09
"ENSG00000146674",1565.85032753583,2.27650167452144,0.399984169933487,2.03176911229706e-09,1.59831766150271e-08,"IGFBP3","7:45912245-45921874","-","protein_coding",4.24005698988874e-09
"ENSG00000102890",71.2504087047307,2.30386911535585,0.405657672208834,2.12221166158886e-09,1.66855716657348e-08,"ELMO3","16:67199111-67204029","+","protein_coding",4.42639010226996e-09
"ENSG00000204956",22.8506955007919,4.17622816262174,0.731525233533582,2.21134256260064e-09,1.73485946645721e-08,"PCDHGA1","5:141330571-141512981","+","protein_coding",4.60227849844985e-09
"ENSG00000155970",157.401320014438,2.00413616641963,0.350626659958786,2.24219516454845e-09,1.75525256353682e-08,"MICU3","8:17027238-17122642","+","protein_coding",4.65637781543828e-09
"ENSG00000160602",278.026088380928,2.02224207520601,0.354393220161453,2.26199237630727e-09,1.76883397348574e-08,"AC010761.1","17:28725897-28743455","+","protein_coding",4.69240691877205e-09
"ENSG00000116729",113.349832192465,2.17823339061469,0.3837510019317,2.33424122886356e-09,1.82434396962181e-08,"WLS","1:68098473-68233120","-","protein_coding",4.839665222171e-09
"ENSG00000273329",162.175249276703,2.31955274815755,0.410029978023932,2.40630996973536e-09,1.87863778350327e-08,"AC078846.1","7:129604548-129611630","-","lncRNA",4.98369720692638e-09
"ENSG00000164626",134.268711596907,2.16304742015591,0.381180439584478,2.41472152372258e-09,1.88418686497381e-08,"KCNK5","6:39188971-39229475","-","protein_coding",4.99841794876846e-09
"ENSG00000169682",1163.13895243253,2.11174214498186,0.371929601956541,2.54632871595776e-09,1.98366556734801e-08,"SPNS1","16:28974221-28984548","+","protein_coding",5.2623175336296e-09
"ENSG00000249592",70.0222263276601,2.48117728771268,0.440324562927432,2.63395080415087e-09,2.04640984251528e-08,"AC139887.2","4:760202-781859","-","lncRNA",5.42876711302569e-09
"ENSG00000260852",263.906237461091,2.38868424302413,0.424143723034203,2.63962386378579e-09,2.04971544629599e-08,"FBXL19-AS1","16:30919319-30923269","-","lncRNA",5.43753630125016e-09
"ENSG00000285188",17.917847317848,8.36185834876641,2.73638141935851,2.72989441056727e-09,2.11526563684223e-08,"AC008397.2","19:18207961-18255419","-","protein_coding",5.61142948300528e-09
"ENSG00000242802",880.776531014978,2.0265270016844,0.357015088673351,2.73996959958506e-09,2.12079810838798e-08,"AP5Z1","7:4775615-4794397","+","protein_coding",5.62610616162428e-09
"ENSG00000197603",402.606104249343,2.0462888371249,0.360721004895381,2.76321162564663e-09,2.13764299797749e-08,"CPLANE1","5:37106228-37249428","-","protein_coding",5.67079270521207e-09
"ENSG00000233327",41.7340348055311,3.26722363255522,0.588637978333504,2.83200830774782e-09,2.18852150028149e-08,"USP32P2","17:18511262-18525930","-","transcribed_unprocessed_pseudogene",5.80576446616121e-09
"ENSG00000105696",82.4421558286305,2.50160776126716,0.44733468183265,2.93407670788505e-09,2.26497556119908e-08,"AC003112.1","19:18607430-18621039","+","protein_coding",6.00858370742159e-09
"ENSG00000198753",54.7452525177285,2.61703602018659,0.468981714279627,2.95871984764486e-09,2.28277952580437e-08,"PLXNB3","X:153764196-153779346","+","protein_coding",6.05581450915183e-09
"ENSG00000128000",278.045173420553,2.00406258903995,0.35383603380755,2.97730050951314e-09,2.29466504869197e-08,"ZNF780B","19:40028260-40056231","-","protein_coding",6.08734472095632e-09
"ENSG00000279089",78.1743235257249,2.59522911206703,0.4653092710264,3.07669565922724e-09,2.37000687481306e-08,"AC005839.1","17:51183191-51186403","-","TEC",6.28721339798474e-09
"ENSG00000197847",35.3624202098717,3.09300646447376,0.557142109216599,3.16769696629718e-09,2.4362101575285e-08,"SLC22A20P","11:65213840-65242757","+","transcribed_unitary_pseudogene",6.46283911894892e-09
"ENSG00000146842",557.055256832149,2.09283169796623,0.371005974115866,3.1855230767723e-09,2.44731493792857e-08,"TMEM209","7:130164713-130207770","-","protein_coding",6.4922981575935e-09
"ENSG00000212127",63.8593784242555,2.36419101443524,0.420591151317258,3.18810615075832e-09,2.44799798005359e-08,"TAS2R14","12:10937406-11171573","-","protein_coding",6.49411014879293e-09
"ENSG00000101955",49.6845213301388,2.86997698051466,0.516665761029088,3.29530355677236e-09,2.52628284874893e-08,"SRPX","X:38149336-38220924","-","protein_coding",6.70178620262702e-09
"ENSG00000113209",66.0976409943175,2.62389458583118,0.471956621207855,3.31136857377115e-09,2.53725277092083e-08,"PCDHB5","5:141135218-141138625","+","protein_coding",6.73088748599756e-09
"ENSG00000143870",8651.04265362414,2.10925751858031,0.373851792174962,3.3491107048143e-09,2.56345332602074e-08,"PDIA6","2:10783391-10837977","-","protein_coding",6.80039297258891e-09
"ENSG00000260404",175.284351365293,2.36759254589032,0.423217959003966,3.39570997059791e-09,2.59088726426138e-08,"AC110079.1","4:118591773-118633729","+","transcribed_unprocessed_pseudogene",6.87317040876392e-09
"ENSG00000169418",36.1612949267578,3.1110674667337,0.562780769183035,3.41547965554242e-09,2.60322238935883e-08,"NPR1","1:153678688-153693992","+","protein_coding",6.90589333653377e-09
"ENSG00000172824",28.6259885704668,3.8155399316228,0.688049547253845,3.43697819101995e-09,2.61684783131872e-08,"CES4A","16:66988589-67009758","+","protein_coding",6.94203924908536e-09
"ENSG00000229425",65.6373217765416,2.21799755734741,0.39501109332344,3.44443584584207e-09,2.62114493987698e-08,"AJ009632.2","21:15368966-15627342","-","lncRNA",6.9534387259338e-09
"ENSG00000241388",60.6565639135355,2.77725786515931,0.499442808242812,3.48837662196599e-09,2.65039592870823e-08,"HNF1A-AS1","12:120941728-120980965","-","lncRNA",7.03103647927309e-09
"ENSG00000174130",269.860048106287,2.00039947006781,0.355106640163642,3.54914945056926e-09,2.69232329187278e-08,"TLR6","4:38823715-38856817","-","protein_coding",7.14226243487336e-09
"ENSG00000221890",294.011860583895,2.29271681014909,0.41060903828405,3.61969306050907e-09,2.74439582462836e-08,"NPTXR","22:38818452-38844028","-","protein_coding",7.28040174961005e-09
"ENSG00000162825",220.044741475653,2.03958574775717,0.362932184001697,3.69394945136369e-09,2.79776014264448e-08,"NBPF20","1:145289900-145405778","-","protein_coding",7.42196794453162e-09
"ENSG00000127366",22.4340101510675,4.92489076932297,0.863508613130822,3.75571305455942e-09,2.84304920646612e-08,"TAS2R5","7:141790217-141791367","+","protein_coding",7.54211190355033e-09
"ENSG00000142949",2402.71598322928,2.21540514079459,0.395749196574246,3.8103032182822e-09,2.87834248862499e-08,"PTPRF","1:43525187-43623666","+","protein_coding",7.63573880345778e-09
"ENSG00000102385",50.53433838493,2.69630283202587,0.488238395861845,3.86335846214641e-09,2.91689619312841e-08,"DRP2","X:101219769-101264497","+","protein_coding",7.73801503314803e-09
"ENSG00000184840",3077.05207903231,2.13862259980689,0.381516039488723,3.95501388606631e-09,2.98298046281546e-08,"TMED9","5:177592158-177596124","+","protein_coding",7.91332503337968e-09
"ENSG00000111012",84.3169573723139,2.1299667064004,0.38078268895992,4.03631791040357e-09,3.04062495432197e-08,"CYP27B1","12:57762334-57768986","-","protein_coding",8.06624577937893e-09
"ENSG00000159588",30.6304330075087,3.4408023314633,0.625618778782729,4.03775467949891e-09,3.04062495432197e-08,"CCDC17","1:45620044-45624057","-","protein_coding",8.06624577937893e-09
"ENSG00000234616",730.165390582587,2.08272949109483,0.372943778929698,4.42266065306106e-09,3.30806775866384e-08,"JRK","8:142657460-142681968","-","protein_coding",8.77572472668597e-09
"ENSG00000183484",25.0289615455426,3.8090216823116,0.685181533379424,4.46409496958935e-09,3.33560684620143e-08,"GPR132","14:105049395-105065445","-","protein_coding",8.84878110554068e-09
"ENSG00000240184",263.150398138931,2.17271387641032,0.390274807328564,4.47525266662737e-09,3.3422158287045e-08,"PCDHGC3","5:141475947-141512977","+","protein_coding",8.86631357929926e-09
"ENSG00000247095",43.8875777759369,2.97343082374613,0.542800690977978,4.51263817597233e-09,3.3683953657529e-08,"MIR210HG","11:565660-568457","-","lncRNA",8.93576330867894e-09
"ENSG00000269378",42.4890460030404,2.59465938780886,0.46926463234343,4.51512932074832e-09,3.36851491038378e-08,"AC022149.1","19:14621634-14622242","-","processed_pseudogene",8.93608043965984e-09
"ENSG00000167103",55.6211555618003,2.42993107075156,0.437862484438175,4.61390552225861e-09,3.43688395371954e-08,"PIP5KL1","9:127920881-127930785","-","protein_coding",9.11745154445965e-09
"ENSG00000171951",49.5254163038555,2.50803876350269,0.453334389635857,4.69300137155595e-09,3.4904046742334e-08,"SCG2","2:223596940-223602361","-","protein_coding",9.25943264783137e-09
"ENSG00000176681",69.7018720189948,2.54539587507399,0.461316429723532,4.71849242099625e-09,3.50755833208934e-08,"LRRC37A","17:46292733-46337794","+","protein_coding",9.30493829958389e-09
"ENSG00000107742",40.4339986906888,3.05181041717206,0.559539463125256,4.7421923691201e-09,3.5215530280655e-08,"SPOCK2","10:72059034-72089032","-","protein_coding",9.34206377840721e-09
"ENSG00000163794",62.1002439342028,2.77450666048323,0.505882136897524,4.78641466503816e-09,3.55256694013695e-08,"UCN","2:27307400-27308445","-","protein_coding",9.42433825852447e-09
"ENSG00000260907",22.9962493972177,4.9418030373919,0.877722685711146,4.81641898711197e-09,3.57116833159338e-08,"AC015818.2","17:20530042-20530881","-","lncRNA",9.47368449411092e-09
"ENSG00000050344",229.14677237108,2.41534701169484,0.437650968907748,4.88922403167225e-09,3.61402437246525e-08,"NFE2L3","7:26152198-26187137","+","protein_coding",9.58737406911499e-09
"ENSG00000181744",237.332786824736,2.08722438057307,0.375445276397692,4.99250704738657e-09,3.68095506845833e-08,"DIPK2A","3:143971798-144048719","+","protein_coding",9.76492949017988e-09
"ENSG00000206127",31.0902026122852,3.73659869371999,0.681145024727678,5.35722252988531e-09,3.93780380363035e-08,"GOLGA8O","15:32445106-32455634","-","protein_coding",1.04463042263423e-08
"ENSG00000273448",29.6001686389986,7.05855336276854,1.36623846518579,5.38726021635914e-09,3.95786971970543e-08,"AC006480.2","7:67333047-67334383","+","lncRNA",1.04995355893948e-08
"ENSG00000151967",62.0357676903091,2.82356666278052,0.519171416031846,5.42202217293614e-09,3.97936223570849e-08,"SCHIP1","3:159839861-159897360","+","protein_coding",1.05565514723473e-08
"ENSG00000281183",29.5504460597494,6.25347554165372,1.06953527711749,5.44110196994352e-09,3.98931327080943e-08,"NPTN-IT1","15:73567012-73569294","-","lncRNA",1.05829498266623e-08
"ENSG00000152377",98.4690725714145,2.63845991146611,0.482855045792261,5.4980031591088e-09,4.02694595297928e-08,"SPOCK1","5:136975298-137598379","-","protein_coding",1.06827827453154e-08
"ENSG00000285886",16.3602663045971,8.19877608995861,2.72118225905771,5.55435596580675e-09,4.06615998287099e-08,"AC211476.6","7:72954797-72957106","+","lncRNA",1.07868107026788e-08
"ENSG00000165269",22.802041684977,4.93951551708268,0.879368385411222,5.81251466026706e-09,4.23583708298131e-08,"AQP7","9:33383179-33402682","-","protein_coding",1.12369343493577e-08
"ENSG00000283709",28.0670138710309,3.90384670281894,0.717858640016137,5.94897934857967e-09,4.32655765306114e-08,"FAM238C","10:26931206-26944418","-","transcribed_unprocessed_pseudogene",1.14776001422465e-08
"ENSG00000197283",307.9603372829,2.05165853389205,0.370703069610204,5.99452646933155e-09,4.35650945814491e-08,"SYNGAP1","6:33419661-33457541","+","protein_coding",1.15570570384343e-08
"ENSG00000203722",23.777147863736,4.36879676163778,0.800351153987026,5.99619217510915e-09,4.35650945814491e-08,"RAET1G","6:149916878-149923121","-","protein_coding",1.15570570384343e-08
"ENSG00000100100",40.8866468585041,2.59981704843405,0.473752598635647,6.08963646418662e-09,4.41552115122734e-08,"PIK3IP1","22:31281593-31292534","-","protein_coding",1.17136047309024e-08
"ENSG00000124549",35.6182078331451,3.06658545380594,0.566397655280319,6.26787099260207e-09,4.5333835692739e-08,"BTN2A3P","6:26421391-26432383","+","transcribed_unprocessed_pseudogene",1.20262730955964e-08
"ENSG00000170412",768.53987943393,2.08005212244416,0.376853638334402,6.30222615500028e-09,4.55595148403747e-08,"GPRC5C","17:74424851-74451653","+","protein_coding",1.2086141823225e-08
"ENSG00000175322",110.064769807494,2.30135539737183,0.419176693818405,6.3144510924788e-09,4.56022652360876e-08,"ZNF519","18:14057457-14132490","-","protein_coding",1.20974827549139e-08
"ENSG00000250802",68.4321107211174,2.22765546101612,0.404513847618758,6.42223177670929e-09,4.62881154140778e-08,"ZBED3-AS1","5:77086688-77166909","+","lncRNA",1.22794268021611e-08
"ENSG00000164616",49.8538609455753,2.59882916797129,0.475113932476775,6.49649482315124e-09,4.68000232748548e-08,"FBXL21P","5:135930317-135951591","+","transcribed_unitary_pseudogene",1.24152269973003e-08
"ENSG00000287562",100.904534479422,2.3429856567611,0.428456152139258,6.56252464488448e-09,4.72050988766678e-08,"AL109615.4","6:44090787-44095585","-","lncRNA",1.25226864641053e-08
"ENSG00000279744",16.5387030692106,8.20894484751169,2.72892519617768,6.57286044477091e-09,4.72559235260619e-08,"AC132938.5","17:82462601-82464255","+","TEC",1.25361693539659e-08
"ENSG00000273759",23.6815700766916,4.36060114034351,0.801559086952571,6.7472615177964e-09,4.84700222120005e-08,"AL117379.1","20:62928621-62929297","-","lncRNA",1.28582484840237e-08
"ENSG00000272374",28.1635901213436,3.7869949708904,0.700176560656824,7.43006998542812e-09,5.31018503261235e-08,"Z97832.2","6:35220370-35224630","-","lncRNA",1.40869914081797e-08
"ENSG00000122861",1511.40355068008,2.36271010254209,0.432340251623429,7.57219602216339e-09,5.40374344277941e-08,"PLAU","10:73909177-73917496","+","protein_coding",1.43351854940905e-08
"ENSG00000173083",76.8949801188779,2.40809531341708,0.442906167631392,7.810747069036e-09,5.56025152190341e-08,"HPSE","4:83292461-83335153","-","protein_coding",1.47503740331697e-08
"ENSG00000229299",23.7261839990765,4.42239268713109,0.809255715890228,7.94032279401715e-09,5.64692936497745e-08,"AL121845.1","20:63744689-63745958","+","lncRNA",1.49803151789423e-08
"ENSG00000245275",32.9157523403841,2.87156615761203,0.529976833483693,7.96877440902433e-09,5.66437574937583e-08,"SAP30L-AS1","5:154325568-154445850","-","lncRNA",1.50265973829737e-08
"ENSG00000136542",49.9870330497678,2.41491313256426,0.442417092455772,7.97739464281166e-09,5.66755768765749e-08,"GALNT5","2:157257705-157318491","+","protein_coding",1.50350385082753e-08
"ENSG00000136026",3107.7220603213,2.06995252209879,0.377059516584811,8.06253012354987e-09,5.71976547940202e-08,"CKAP4","12:106237881-106304279","-","protein_coding",1.51735366414343e-08
"ENSG00000102100",725.483891569634,2.01316859350093,0.366726870918172,8.08669146802347e-09,5.73409118765492e-08,"SLC35A2","X:48903180-48911958","-","protein_coding",1.52115402378881e-08
"ENSG00000179846",28.5016571081261,3.44601843323941,0.64004970635499,8.38275719767757e-09,5.93238120781775e-08,"NKPD1","19:45149750-45158737","-","protein_coding",1.57375689531224e-08
"ENSG00000286813",28.3130074510756,6.15639021960049,1.07665616792619,8.43866596290977e-09,5.96902407391136e-08,"AC015871.6","15:79894502-79896695","-","lncRNA",1.58347760629805e-08
"ENSG00000256453",59.0865219025645,2.55629715244165,0.473897932154999,8.71849375277294e-09,6.14889962036709e-08,"DND1","5:140670794-140673576","-","protein_coding",1.63119544026996e-08
"ENSG00000171867",2781.74689994448,2.05949605588282,0.375727770324192,8.74747719850629e-09,6.16405405681625e-08,"PRNP","20:4686236-4701590","+","protein_coding",1.63521564699994e-08
"ENSG00000147576",30.3775453667507,3.58412358183883,0.673291523519721,8.9205924947254e-09,6.27611889684892e-08,"ADHFE1","8:66432492-66468907","+","protein_coding",1.6649444875018e-08
"ENSG00000125037",1316.18622003047,2.17472799865742,0.398999420537284,8.97852489719525e-09,6.31073265026111e-08,"EMC3","3:9962537-10011116","-","protein_coding",1.67412691041038e-08
"ENSG00000278133",65.3184376987541,2.45274288886882,0.454533610421899,9.06086538001407e-09,6.36551121082077e-08,"AC135050.6","16:31122235-31124064","+","lncRNA",1.68865870369474e-08
"ENSG00000157388",72.4446991079715,2.51068798805695,0.465343701799967,9.66373218970769e-09,6.75946727364307e-08,"CACNA1D","3:53328963-53813733","+","protein_coding",1.7931683514395e-08
"ENSG00000109063",55.5689871572358,2.61559291488933,0.486384849118096,9.80427209151459e-09,6.85113810418169e-08,"MYH3","17:10628526-10657309","-","protein_coding",1.81748701819494e-08
"ENSG00000134153",1719.23463345443,2.11640682735694,0.389703119216427,9.84887373712726e-09,6.8789789451535e-08,"EMC7","15:34084017-34101862","-","protein_coding",1.82487270598468e-08
"ENSG00000278987",27.2956029779589,3.56447333464067,0.669637583616432,1.01367223910627e-08,7.05275759620832e-08,"AL031009.1","16:1688355-1690536","+","TEC",1.87097314032548e-08
"ENSG00000104814",44.8667744430193,2.55320502042989,0.474017681762158,1.11202668952058e-08,7.69631115433999e-08,"MAP4K1","19:38587641-38618882","-","protein_coding",2.04169663467506e-08
"ENSG00000240291",42.7844681767032,2.77901227921809,0.521434670941943,1.11726108767732e-08,7.72883675348248e-08,"AL450384.2","10:18513115-18545651","-","lncRNA",2.05032510680649e-08
"ENSG00000214063",2837.57297605231,2.02937663938081,0.373475601292781,1.11919614320493e-08,7.73851840452363e-08,"TSPAN4","11:842812-867116","+","protein_coding",2.05289347936217e-08
"ENSG00000114841",61.9806295483899,2.94629551299515,0.55567231421764,1.195419123018e-08,8.21055216099483e-08,"DNAH1","3:52316319-52400491","+","protein_coding",2.17811577257687e-08
"ENSG00000279518",25.640781606333,6.8592377658037,1.36073617219442,1.25575810032457e-08,8.59638100795374e-08,"AC083843.4","8:134783694-134785879","-","TEC",2.2804694122101e-08
"ENSG00000270127",24.1786472105643,3.43183120816158,0.643897548399234,1.25840981334982e-08,8.61045464617338e-08,"AC027020.2","15:100547765-100550153","-","lncRNA",2.28420290208784e-08
"ENSG00000089820",39.3569851939406,2.66113177466445,0.499777321939231,1.26430083886076e-08,8.6466689173577e-08,"ARHGAP4","X:153907367-153934999","-","protein_coding",2.29380991434625e-08
"ENSG00000123201",34.6779340180919,2.69930418719406,0.506087621507361,1.2966372073391e-08,8.85524777091556e-08,"GUCY1B2","13:50994511-51080862","-","transcribed_unitary_pseudogene",2.34914223327586e-08
"ENSG00000272668",24.8089326934923,6.79684455663255,1.35138415199148,1.30183047069381e-08,8.88651494189716e-08,"AL590560.2","1:159854870-159867685","+","lncRNA",2.35743686644346e-08
"ENSG00000276517",50.6877861978607,2.39427944845766,0.447143404504194,1.31590516439156e-08,8.96788303213036e-08,"AL133243.3","2:32526504-32529507","+","lncRNA",2.37902239653281e-08
"ENSG00000260669",57.8643549504122,2.36275735454432,0.442618961117389,1.43159092239049e-08,9.71720076066931e-08,"AL096870.3","14:24209646-24215987","-","lncRNA",2.57780327401821e-08
"ENSG00000261794",50.7174899498906,2.60697120650336,0.490801578470268,1.48218920079022e-08,1.00136120339502e-07,"GOLGA8H","15:30604126-30614561","+","protein_coding",2.6564359965006e-08
"ENSG00000280069",35.7961605492763,9.36537297796929,3.01024981856498,1.58297075493133e-08,1.06249467624304e-07,"AC127024.8","17:30738182-30740275","+","TEC",2.8186123992951e-08
"ENSG00000124882",1080.61853526324,2.20924651350053,0.41378590758033,1.58831308550625e-08,1.0650910625824e-07,"EREG","4:74365145-74388749","+","protein_coding",2.82550015778756e-08
"ENSG00000279555",22.7164952717464,5.26865051863321,0.96935751111792,1.61207354190281e-08,1.07952153633168e-07,"AC091181.1","17:57277920-57280017","+","TEC",2.86378167876536e-08
"ENSG00000126759",26.7048008470757,3.30337792244556,0.630318009581431,1.65030229774038e-08,1.1040980789188e-07,"CFP","X:47623172-47630305","-","protein_coding",2.92897894442398e-08
"ENSG00000267632",24.781470237632,6.79592256560183,1.36122496242551,1.67558853681456e-08,1.1204965268629e-07,"AC067852.3","17:42509784-42511519","+","lncRNA",2.97248115647068e-08
"ENSG00000145246",95.4321074617452,2.3834723141311,0.44977431697163,1.67862387848457e-08,1.12148838039669e-07,"ATP10D","4:47485288-47593486","+","protein_coding",2.97511237028394e-08
"ENSG00000140323",69.2481874120766,2.26384628421125,0.425389321239891,1.69216572972207e-08,1.12963765731565e-07,"DISP2","15:40358219-40378621","+","protein_coding",2.99673097551806e-08
"ENSG00000015413",40.069784228735,2.65788564056992,0.503455338969894,1.69713646596547e-08,1.13228619896893e-07,"DPEP1","16:89613308-89638456","+","protein_coding",3.00375709292919e-08
"ENSG00000280239",54.4605005671286,2.47522192133093,0.468803962196134,1.77370284239768e-08,1.17955728373166e-07,"AC011498.7","19:4448810-4450836","+","TEC",3.12915900657594e-08
"ENSG00000155850",1964.00894655379,2.19834373606978,0.412900036044921,1.7757847934901e-08,1.18039862238847e-07,"SLC26A2","5:149960737-149993455","+","protein_coding",3.13139093076636e-08
"ENSG00000205885",225.690291787292,3.65231304908979,0.706247313528819,1.80721960872021e-08,1.19963851932089e-07,"C1RL-AS1","12:7108052-7122501","+","lncRNA",3.18243100961799e-08
"ENSG00000256040",40.2955172287742,2.54380329526913,0.481514032066919,1.81644416849859e-08,1.2052082038096e-07,"PAPPA-AS1","9:116398157-116400606","-","lncRNA",3.19720640766097e-08
"ENSG00000081041",205.198355502705,2.46093983865606,0.46684257253997,1.85952251707865e-08,1.23096472259751e-07,"CXCL2","4:74097040-74099196","-","protein_coding",3.26553394363976e-08
"ENSG00000188766",97.7928853086414,2.0954817664549,0.393949143971302,1.92451597181852e-08,1.27224063626484e-07,"SPRED3","19:38388421-38399587","+","protein_coding",3.37503171775224e-08
"ENSG00000162804",39.1200265773163,2.6715792739265,0.508374338627377,1.97310258296697e-08,1.30376339398517e-07,"SNED1","2:240998618-241095568","+","protein_coding",3.45865607630872e-08
"ENSG00000261286",21.4635770578032,4.02289595289883,0.764035534539024,1.99261768866938e-08,1.31545537775063e-07,"ATP2C2-AS1","16:84459259-84467361","-","lncRNA",3.48967286269885e-08
"ENSG00000165197",33.2971377010162,2.78044538105959,0.53110682917477,1.99931157997978e-08,1.31927176448803e-07,"VEGFD","X:15345596-15384413","-","protein_coding",3.49979706870106e-08
"ENSG00000166825",118.270846696714,2.25700788919248,0.427468241397214,2.01947414884422e-08,1.331968093334e-07,"ANPEP","15:89784895-89815401","-","protein_coding",3.53347820679139e-08
"ENSG00000102362",76.2348165142844,2.08442767157989,0.39181082128426,2.06329469842273e-08,1.35715392293614e-07,"SYTL4","X:100674491-100732123","-","protein_coding",3.60029180425254e-08
"ENSG00000005421",40.5808605279636,2.56549324044172,0.487999212621799,2.09355434904824e-08,1.37580508859009e-07,"PON1","7:95297676-95324707","-","protein_coding",3.64977008207265e-08
"ENSG00000264772",270.95349150572,2.42681571605526,0.462740162446781,2.19338499633507e-08,1.43618516456901e-07,"AC016876.2","17:7572826-7582024","+","lncRNA",3.80994785484639e-08
"ENSG00000099251",78.3130440932829,2.00793210589782,0.377729111031971,2.20677874177732e-08,1.44364688082499e-07,"HSD17B7P2","10:38356380-38378505","+","transcribed_unprocessed_pseudogene",3.82974248199079e-08
"ENSG00000268230",14.1491961221318,7.93071638889611,2.70559665781349,2.25546438167987e-08,1.47216421768996e-07,"AC012313.3","19:58346854-58362751","-","lncRNA",3.90539398508038e-08
"ENSG00000204257",88.8674254838505,2.18886138182033,0.414669409577497,2.28830639060217e-08,1.49046939735387e-07,"HLA-DMA","6:32948613-32969094","-","protein_coding",3.95395442262954e-08
"ENSG00000146411",30.5687420379574,2.82271711322012,0.539373102118721,2.3024080093291e-08,1.49874315958625e-07,"SLC2A12","6:133988697-134052636","-","protein_coding",3.97590326561054e-08
"ENSG00000109736",1177.63952584343,2.05396681451357,0.387980557217944,2.34934541430797e-08,1.52646536174895e-07,"MFSD10","4:2930561-2934834","-","protein_coding",4.04944541551367e-08
"ENSG00000188092",102.197513651348,2.08150788829038,0.394125384819504,2.37356556474362e-08,1.54089829182885e-07,"GPR89B","1:147928393-147993521","+","protein_coding",4.08773345270667e-08
"ENSG00000231305",32.9329099140263,2.92067181320343,0.560812993619184,2.38926032437135e-08,1.5496948360633e-07,"AC112484.1","3:128860620-128871540","-","lncRNA",4.11106914483254e-08
"ENSG00000280046",63.3873429119175,2.57954440686774,0.493440259914313,2.4410732528908e-08,1.57975591480183e-07,"AC104581.4","17:7858943-7866083","+","TEC",4.19081592489945e-08
"ENSG00000124602",26.1011272943631,3.1258634570829,0.599617913529401,2.45038205527764e-08,1.58436112218421e-07,"UNC5CL","6:41026895-41039221","-","protein_coding",4.20303273399933e-08
"ENSG00000234062",77.0466301534175,2.1493438257421,0.408586727254023,2.46647101890586e-08,1.59333807305358e-07,"AL390879.1","X:136909369-137022143","+","transcribed_unprocessed_pseudogene",4.22684701334962e-08
"ENSG00000110651",5056.20303585069,2.01265297376715,0.380398549611814,2.47154621997134e-08,1.5951904611347e-07,"CD81","11:2376177-2397419","+","protein_coding",4.23176107469082e-08
"ENSG00000069702",358.710650112712,2.01060610028958,0.381136659503829,2.61054340017738e-08,1.67965105413906e-07,"TGFBR3","1:91680343-91906335","-","protein_coding",4.45582024413128e-08
"ENSG00000128709",25.3919952534139,4.02086189074996,0.781822779754232,2.61549085609523e-08,1.68208537434055e-07,"HOXD9","2:176122719-176124937","+","protein_coding",4.46227806952766e-08
"ENSG00000272563",22.0471550792718,4.80289595412905,0.917418559540266,2.75060358581652e-08,1.76426863819949e-07,"AC016745.2","2:113432600-113436042","+","lncRNA",4.68029588336409e-08
"ENSG00000182742",50.264394135273,2.81513850210212,0.545531309233436,2.78882513019385e-08,1.78561417618216e-07,"HOXB4","17:48575507-48578350","-","protein_coding",4.73692185935515e-08
"ENSG00000185070",38.4540468844528,2.61485017742178,0.502770559441029,2.80324861619765e-08,1.79405428488363e-07,"FLRT2","14:85530144-85654428","+","protein_coding",4.75931199040171e-08
"ENSG00000279520",23.9920864208103,5.88707874762257,1.07672151297461,2.84577140662115e-08,1.81804786017163e-07,"AC093525.8","16:2516658-2517999","+","TEC",4.82296274585709e-08
"ENSG00000170835",48.8265603918103,2.32058481579942,0.443711298146769,2.84723257643745e-08,1.81817755024735e-07,"CEL","9:133061978-133071861","+","protein_coding",4.82330679092731e-08
"ENSG00000163126",90.5357283765612,2.12848947324895,0.407169525974612,2.99162603268645e-08,1.90281636436408e-07,"ANKRD23","2:96824526-96857934","-","protein_coding",5.04783874978342e-08
"ENSG00000262766",22.5944276788915,5.25056350149372,0.990509791453439,3.07959235730158e-08,1.95360795238653e-07,"AC135050.5","16:31118078-31118747","+","lncRNA",5.18257994235691e-08
"ENSG00000168389",57.7507659006042,2.58098973410862,0.501147112066448,3.09911365563316e-08,1.96500213331181e-07,"MFSD2A","1:39955112-39969968","+","protein_coding",5.2128067099388e-08
"ENSG00000287037",22.5053831037573,3.41970112190962,0.664182813114358,3.12825948752998e-08,1.98100253524521e-07,"AC097709.1","4:73997933-74007682","+","lncRNA",5.25525297559227e-08
"ENSG00000006283",614.3327455447,2.04797860308949,0.391462203940941,3.19114530140699e-08,2.01817246173446e-07,"CACNA1G","17:50560715-50627474","+","protein_coding",5.35385828442444e-08
"ENSG00000259408",34.5149411146965,3.06802114048005,0.601408212872595,3.38113008594574e-08,2.1243787335653e-07,"AC010809.2","15:33851785-33856809","-","lncRNA",5.63560493347479e-08
"ENSG00000264456",56.8507471862323,2.48154310082537,0.48023685150058,3.38032098037658e-08,2.1243787335653e-07,"AC138207.4","17:30971652-30973312","+","lncRNA",5.63560493347479e-08
"ENSG00000174501",63.9915349362563,2.17388153897266,0.418543840081315,3.57772531475596e-08,2.2401086881949e-07,"ANKRD36C","2:95836919-95991831","-","protein_coding",5.94261624598535e-08
"ENSG00000106927",119.954157507334,2.00137590878096,0.383688494171652,3.6410044847948e-08,2.27578528588969e-07,"AMBP","9:114060127-114078328","-","protein_coding",6.03726001491486e-08
"ENSG00000279289",23.4458005746979,6.6960949282039,1.37959469094262,3.71687004112705e-08,2.31819115081256e-07,"AL136164.3","6:71386852-71390829","-","TEC",6.14975535192406e-08
"ENSG00000171680",79.9132430859694,2.11909461888655,0.408667149930929,3.73499721029372e-08,2.32849200543376e-07,"PLEKHG5","1:6466092-6520061","-","protein_coding",6.17708171619471e-08
"ENSG00000268401",20.0901767111689,4.12527606009274,0.801126559151662,3.79097859567924e-08,2.36237307831654e-07,"AC007785.3","19:46027648-46031667","+","lncRNA",6.26696227208278e-08
"ENSG00000101276",47.0830119188531,2.35073967627287,0.453822771827077,3.84432981805407e-08,2.39252412578378e-07,"SLC52A3","20:760080-776015","-","protein_coding",6.34694772343901e-08
"ENSG00000224903",33.4135118079723,3.36090188927363,0.668835453317066,3.95912040132442e-08,2.4586699148921e-07,"AC005534.1","7:156654185-156659582","-","lncRNA",6.52242092392704e-08
"ENSG00000269982",35.3903561876185,3.1513465537187,0.624392772070854,4.07512976236561e-08,2.52301981373632e-07,"AC018809.2","3:9958717-9962539","+","lncRNA",6.69312994189318e-08
"ENSG00000135437",31.0021328069503,2.80773127706779,0.550075451570533,4.17284986339433e-08,2.57810403488292e-07,"RDH5","12:55720367-55724705","+","protein_coding",6.83925873877179e-08
"ENSG00000204177",75.6671549220619,2.73241723023308,0.536260093951254,4.20529519446001e-08,2.59371407832444e-07,"BMS1P1","10:46786674-46811989","+","transcribed_unprocessed_pseudogene",6.88066945167378e-08
"ENSG00000198855",116.126329507457,2.01250559987162,0.388645807646965,4.24113310592303e-08,2.61247291192215e-07,"FICD","12:108515277-108525837","+","protein_coding",6.93043335370272e-08
"ENSG00000134755",62.3805830319269,2.18028346019915,0.422792207450708,4.25061775687414e-08,2.61719971046392e-07,"DSC2","18:31058840-31102522","-","protein_coding",6.9429727228654e-08
"ENSG00000255571",19.5557668544042,4.06781436900489,0.795369228322603,4.30044798732738e-08,2.64675357175758e-07,"MIR9-3HG","15:89361579-89398487","+","lncRNA",7.02137394383332e-08
"ENSG00000178752",81.7387270729059,2.43230674211821,0.475593440989179,4.3228209088914e-08,2.65712824136068e-07,"ERFE","2:238158970-238168900","+","protein_coding",7.04889612633054e-08
"ENSG00000110169",13.0183682146258,7.78131230387508,2.6937402444702,4.33092531164109e-08,2.66097796252234e-07,"HPX","11:6431049-6442617","-","protein_coding",7.05910876272553e-08
"ENSG00000196653",142.433769089123,2.10182791243571,0.407267882573276,4.36121937783709e-08,2.67845224093174e-07,"ZNF502","3:44712643-44723831","+","protein_coding",7.10546496468564e-08
"ENSG00000128917",29.6771635255622,2.87616403683942,0.565119683245646,4.39853987069342e-08,2.69907854230958e-07,"DLL4","15:40929340-40939073","+","protein_coding",7.16018293185773e-08
"ENSG00000241119",108.346257053847,2.0983780681606,0.406803091859092,4.47287732127545e-08,2.738879244481e-07,"UGT1A9","2:233671898-233773300","+","protein_coding",7.26576722808938e-08
"ENSG00000286214",19.3841960386658,5.03974994989114,0.958811579551326,4.49230543308467e-08,2.74961058083467e-07,"AUXG01000058.1","7:130538954-130546900","+","lncRNA",7.29423558504571e-08
"ENSG00000226180",22.6528718941553,3.69188253646346,0.729924891815027,4.5333958801172e-08,2.77241235139965e-07,"AC010536.1","16:87693537-87696147","-","lncRNA",7.35472469118182e-08
"ENSG00000184163",22.1446137700454,3.65196930409259,0.723097636694674,4.59052330018218e-08,2.80497472350667e-07,"C1QTNF12","1:1242446-1246722","-","protein_coding",7.44110696473433e-08
"ENSG00000242798",22.0951616219601,3.84153203952946,0.757924429927425,4.70407430056157e-08,2.86829441845634e-07,"AC073842.2","7:100115214-100127139","-","lncRNA",7.60908303209291e-08
"ENSG00000184988",22.4623387598613,3.61616106233047,0.708262408475165,4.88577537615555e-08,2.9715631296643e-07,"TMEM106A","17:43211835-43220041","+","protein_coding",7.88303684699504e-08
"ENSG00000131480",91.074755440538,2.01060915544368,0.390319641516876,4.93627745591253e-08,2.99849287580463e-07,"AOC2","17:42844580-42850707","+","protein_coding",7.9544767497806e-08
"ENSG00000280198",20.9707964642035,4.00038978794373,0.783575787894816,4.93530150019114e-08,2.99849287580463e-07,"AC087163.3","17:18026072-18026771","-","TEC",7.9544767497806e-08
"ENSG00000279041",42.0379721284259,2.75086544723414,0.541981277377773,4.9588640631033e-08,3.00968267853447e-07,"AC102945.2","8:30552345-30553766","+","TEC",7.98416133778394e-08
"ENSG00000257527",21.9681669391749,3.82921560873133,0.758062791380635,4.99493680094225e-08,3.02903196434815e-07,"AC126755.2","16:18411309-18411851","-","lncRNA",8.03549160619035e-08
"ENSG00000158023",47.5871765688431,2.46790834325764,0.486243817213097,5.08256896251379e-08,3.07327825412262e-07,"WDR66","12:121918592-122003927","+","protein_coding",8.15286926818683e-08
"ENSG00000272356",28.5600399515756,2.93965960981285,0.583097945315806,5.14852350540142e-08,3.10523869534929e-07,"AL080317.3","6:111309203-111313517","+","lncRNA",8.23765472447445e-08
"ENSG00000120054",20.5547012336053,3.73650097329964,0.739470599264282,5.35570697295802e-08,3.2207790872333e-07,"CPN1","10:100042193-100081877","-","protein_coding",8.54416316020163e-08
"ENSG00000143382",69.6347134364257,2.31928800269494,0.456512622292871,5.50344464612005e-08,3.30275243276914e-07,"ADAMTSL4","1:150549369-150560937","+","protein_coding",8.7616240974705e-08
"ENSG00000176593",41.4847406458728,2.5687344708586,0.50888194916801,5.53058595138711e-08,3.31628620678403e-07,"AC008969.1","19:58002061-58011232","+","lncRNA",8.79752683100938e-08
"ENSG00000171962",62.3022644188558,2.07403921695577,0.404576224821052,5.67735930721779e-08,3.3958410326409e-07,"DRC3","17:17972813-18016889","+","protein_coding",9.00857185890244e-08
"ENSG00000164308",53.1864344146848,2.31028257106903,0.455391949873126,5.97507845034433e-08,3.5591862607554e-07,"ERAP2","5:96875939-96919716","+","protein_coding",9.4418981574936e-08
"ENSG00000156398",95.8557908874234,2.12580672829725,0.417031900159276,6.1162680044672e-08,3.62535639592106e-07,"SFXN2","10:102714538-102743492","+","protein_coding",9.6174359438103e-08
"ENSG00000274808",20.9698578489183,3.74716626431992,0.751035392261717,6.81355701973992e-08,4.02052725570688e-07,"TBC1D3B","17:36165681-36176636","-","protein_coding",1.06657550649667e-07
"ENSG00000037749",190.929159927461,2.00325754684112,0.393315275336074,6.9874837737608e-08,4.11475664281244e-07,"MFAP3","5:154038906-154220478","+","protein_coding",1.09157291352489e-07
"ENSG00000146678",30.346053110089,2.84883140395768,0.569108425039439,7.08645303470269e-08,4.17133738511155e-07,"IGFBP1","7:45888360-45893660","+","protein_coding",1.10658279407973e-07
"ENSG00000243749",170.660349964419,2.07450084644824,0.409112646559685,7.19278640869466e-08,4.23048255563885e-07,"TMEM35B","1:34981535-34985353","-","protein_coding",1.12227297255631e-07
"ENSG00000173261",29.0304346242226,2.76538381715249,0.552805905303433,7.22714482095913e-08,4.24896134286739e-07,"PLAC8L1","5:146084313-146105577","-","protein_coding",1.12717507135933e-07
"ENSG00000276115",26.9434615829693,3.05748800450234,0.612587130051541,7.33300160147582e-08,4.30594092413356e-07,"AC026356.2","12:32352349-32354144","+","lncRNA",1.14229075691094e-07
"ENSG00000131650",57.9439017495753,2.7339637607618,0.550624421412714,7.4541724473119e-08,4.37176323198475e-07,"KREMEN2","16:2964216-2968383","+","protein_coding",1.15975226304437e-07
"ENSG00000278991",24.1809129052326,3.93517422463233,0.796546401439692,7.49912134112949e-08,4.39634087223782e-07,"AC090181.3","15:77063397-77064910","-","TEC",1.16627228080179e-07
"ENSG00000105376",30.0363868350532,3.08588927793998,0.623281610292785,7.52235145649419e-08,4.4063843087879e-07,"ICAM5","19:10289952-10296778","+","protein_coding",1.16893662872038e-07
"ENSG00000188687",57.699909011937,2.13467168541684,0.421425814960676,7.53970995551067e-08,4.41476290790456e-07,"SLC4A5","2:74216242-74343414","-","protein_coding",1.17115932440884e-07
"ENSG00000281195",22.0481021955703,6.58808895574468,1.39488245711639,7.75154206864729e-08,4.53512285157984e-07,"AC007878.1","2:71373938-71376320","+","lncRNA",1.20308871071138e-07
"ENSG00000226419",135.51665522487,2.14909195090754,0.426478431305571,7.90688390595017e-08,4.61852786276823e-07,"SLC16A1-AS1","1:112956415-113047055","+","lncRNA",1.22521460027633e-07
"ENSG00000276259",25.323735101118,2.95613779747834,0.593929262749055,8.16264894691155e-08,4.75830737925852e-07,"AC009118.3","16:58522970-58523842","+","lncRNA",1.26229565933068e-07
"ENSG00000187942",46.5794552207161,2.64026134783821,0.529666186381717,8.31297671947975e-08,4.83618464465386e-07,"LDLRAD2","1:21812265-21825221","+","protein_coding",1.28295513469319e-07
"ENSG00000283378",78.9850671694863,2.10905538604958,0.41728814447111,8.44654896169301e-08,4.91191464971532e-07,"CNTNAP3C","9:61330717-61453030","+","protein_coding",1.30304497947432e-07
"ENSG00000125657",374.849049300689,2.10025406329972,0.416955207483839,8.48498811190531e-08,4.93228331476845e-07,"TNFSF9","19:6531026-6535924","+","protein_coding",1.30844842978419e-07
"ENSG00000225813",22.896355316753,5.78109023737981,1.10972311321079,8.49126999378681e-08,4.93395024850073e-07,"AC009299.1","2:161281902-161282618","+","processed_pseudogene",1.30889063812572e-07
"ENSG00000269821",117.249401431292,5.42895563462957,1.13485641884467,8.62142632567763e-08,5.00354344708303e-07,"KCNQ1OT1","11:2608328-2699994","-","lncRNA",1.32735249556525e-07
"ENSG00000113211",27.7656812255388,2.88540710507921,0.579098684336442,8.67408438402633e-08,5.029216400056e-07,"PCDHB6","5:141150022-141153287","+","protein_coding",1.33416308061515e-07
"ENSG00000188211",69.9934776430791,2.69061011262441,0.541637577998521,8.88905779933485e-08,5.14440425543404e-07,"NCR3LG1","11:17351726-17377341","+","protein_coding",1.36472040242355e-07
"ENSG00000261560",19.6778663620751,6.43189319213973,1.36686642245484,9.01956199852875e-08,5.21158298443579e-07,"AC007216.3","16:11881075-11882569","-","lncRNA",1.38254174334573e-07
"ENSG00000279108",48.79744058203,2.24166272953931,0.447775495546997,9.15593582103437e-08,5.28615375748173e-07,"AC008537.3","19:40840159-40842039","+","TEC",1.40232406416408e-07
"ENSG00000285804",20.9925534750266,5.67281331095553,1.08565112063373,9.29025880443894e-08,5.35728371839374e-07,"AC025774.1","5:72087782-72108000","-","lncRNA",1.42119359775053e-07
"ENSG00000162461",27.8140375673089,2.83094513756577,0.573334670102492,9.5995127981791e-08,5.52679519707116e-07,"SLC25A34","1:15736258-15741392","+","protein_coding",1.46616202595127e-07
"ENSG00000172771",32.6151885697658,3.2886823709665,0.668462517921575,9.99193883470548e-08,5.72992444346039e-07,"EFCAB12","3:129401321-129428651","-","protein_coding",1.52004865948779e-07
"ENSG00000276386",131.846014469638,2.23797980249385,0.447972028317287,1.00315418764837e-07,5.75032969682929e-07,"CNTNAP3P2","9:67059560-67293468","+","unprocessed_pseudogene",1.52546181603741e-07
"ENSG00000287569",21.2920364060676,3.77981369476465,0.768593625821583,1.01630643783993e-07,5.8211035803507e-07,"AL078587.2","20:26009792-26011243","+","lncRNA",1.54423688852484e-07
"ENSG00000231105",20.9260481117343,3.51278299434337,0.706550901583424,1.02553550446922e-07,5.8664664194321e-07,"AL031728.1","1:21293290-21299874","+","lncRNA",1.55627085571178e-07
"ENSG00000173705",57.7508579129801,2.75008233891975,0.561776057045676,1.03186094771773e-07,5.89455924537008e-07,"SUSD5","3:33150043-33218810","-","protein_coding",1.56372339070235e-07
"ENSG00000262691",23.2319955246797,3.76970570355786,0.765641920649345,1.03984560539527e-07,5.93475862700122e-07,"AC040160.1","16:67261108-67263784","+","lncRNA",1.57438758300778e-07
"ENSG00000260912",73.3599859958155,2.10526869318548,0.422023905865634,1.12581393325202e-07,6.38255674751862e-07,"AL158206.1","9:19453209-19455173","+","lncRNA",1.69318058621928e-07
"ENSG00000165548",24.6300377351717,3.09753358020766,0.631710086857448,1.13843625481982e-07,6.44400404167692e-07,"TMEM63C","14:77116568-77259495","+","protein_coding",1.70948147779929e-07
"ENSG00000144476",45.3211927986062,2.54125176862198,0.517727213575989,1.17928171730827e-07,6.64397664593443e-07,"ACKR3","2:236567787-236582354","+","protein_coding",1.76253070943145e-07
"ENSG00000254632",43.091437332964,2.24563690747635,0.452803715066785,1.18501842667254e-07,6.67369496642433e-07,"AP003119.1","11:76759916-76768622","-","lncRNA",1.77041445967434e-07
"ENSG00000172197",52.7227957043176,2.14857825505812,0.433173510775504,1.20882748684603e-07,6.79718521883732e-07,"MBOAT1","6:20102145-20212399","-","protein_coding",1.80317426209275e-07
"ENSG00000267283",18.2115212850372,4.9538797934736,0.977297589187507,1.23698392459905e-07,6.95009902580903e-07,"AC005306.1","19:1989401-1990370","+","lncRNA",1.84373961851204e-07
"ENSG00000287001",30.9119163628708,3.36623955428171,0.691875935036134,1.25434179364822e-07,7.04488661485055e-07,"AC010624.5","19:50136859-50148230","-","lncRNA",1.86888510674322e-07
"ENSG00000275056",22.733262085623,3.50178575437818,0.724483442987328,1.26598760200333e-07,7.10477158700977e-07,"AC020663.3","16:4839244-4840334","-","lncRNA",1.88477154164342e-07
"ENSG00000263874",20.3299358720815,5.66918894812432,1.08585429715207,1.29911162037096e-07,7.27935712523488e-07,"LINC00672","17:38925168-38929384","+","protein_coding",1.93108602902692e-07
"ENSG00000197580",50.7234465528493,2.45676972227582,0.501645063126,1.30009708402134e-07,7.28205541131486e-07,"BCO2","11:112175467-112224699","+","protein_coding",1.93180183709372e-07
"ENSG00000227232",101.649507167603,2.03863840758924,0.410773698667799,1.30678544085515e-07,7.31101680441258e-07,"WASH7P","1:14404-29570","-","unprocessed_pseudogene",1.93948478774856e-07
"ENSG00000134531",468.996198636985,2.18389723821988,0.442055927883001,1.32722526127626e-07,7.41102482639228e-07,"EMP1","12:13196723-13219941","+","protein_coding",1.96601516546092e-07
"ENSG00000156869",34.5196812209034,2.57357927359834,0.529207027308063,1.35172380634147e-07,7.53591335151771e-07,"FRRS1","1:99708632-99766631","-","protein_coding",1.99914590515488e-07
"ENSG00000254876",22.1823988553612,3.1391495839232,0.645081668446769,1.3688092237705e-07,7.61673549969484e-07,"SUGT1P4-STRA6LP","9:97238449-97297314","+","lncRNA",2.02058660637281e-07
"ENSG00000144452",17.5740872320875,3.96635918449808,0.801877283159513,1.3879685045745e-07,7.72037446482143e-07,"ABCA12","2:214931542-215138626","-","protein_coding",2.04808020974679e-07
"ENSG00000248015",54.2929028469777,2.12052766298212,0.430350554948338,1.52251465425952e-07,8.41371291346248e-07,"AC005329.1","19:1392170-1396467","-","lncRNA",2.23201076412452e-07
"ENSG00000259953",83.0829950807616,2.02166546252793,0.410140851157912,1.57986560080594e-07,8.72064086984211e-07,"AL138756.1","9:112028570-112039143","-","lncRNA",2.31343337855125e-07
"ENSG00000148288",27.6463458799496,2.66496129276148,0.546383871992162,1.6173247912633e-07,8.92059563303279e-07,"GBGT1","9:133152948-133163933","-","protein_coding",2.36647787726067e-07
"ENSG00000275807",34.6930167338836,2.67237154038482,0.551542044049508,1.62372065523509e-07,8.94222072743989e-07,"AC145285.6","16:28822431-28823969","-","lncRNA",2.37221463628588e-07
"ENSG00000177990",49.3110317083097,2.436808521022,0.502106191541987,1.62513731223289e-07,8.94661306631523e-07,"DPY19L2","12:63558913-63668939","-","protein_coding",2.37337984690696e-07
"ENSG00000228393",31.935211373868,2.85684256846234,0.590899199753404,1.67437658668957e-07,9.17573608428177e-07,"LINC01004","7:104950315-105013044","-","lncRNA",2.43416217305357e-07
"ENSG00000072041",24.8895377775979,3.00415570425331,0.623000631514257,1.69542695552629e-07,9.27000186693543e-07,"SLC6A15","12:84859491-84913615","-","protein_coding",2.45916923518364e-07
"ENSG00000114923",98.2140464628042,2.0078956469027,0.409725468635305,1.80566819945469e-07,9.83184293531266e-07,"SLC4A3","2:219627394-219641980","+","protein_coding",2.60821583627918e-07
"ENSG00000262772",22.0911738993098,3.38055912991403,0.703465458984679,1.81770188508461e-07,9.88247176123313e-07,"LINC01977","17:79819083-79827704","+","lncRNA",2.62164677759982e-07
"ENSG00000203650",30.374021576885,2.95129828088675,0.617168740487407,1.91520238294792e-07,1.03696476717798e-06,"LINC01285","X:118839539-118919669","+","lncRNA",2.75088601924575e-07
"ENSG00000281404",17.8114476574881,6.27100508059989,1.37249760127328,1.9238563892009e-07,1.04048086378526e-06,"LINC01176","7:30390885-30412375","+","lncRNA",2.76021360809489e-07
"ENSG00000130413",45.7962679149324,2.16960454843514,0.445437952544974,1.92939177864058e-07,1.04308419727404e-06,"STK33","11:8391868-8594289","-","protein_coding",2.76711979615872e-07
"ENSG00000269939",17.4340231162247,4.13039756602516,0.856167216605953,1.98755145046e-07,1.07012317476146e-06,"PCF11-AS1","11:83185521-83187036","-","lncRNA",2.83884947058852e-07
"ENSG00000186715",20.0236630117802,5.6292647378952,1.10391101088127,1.9883910368361e-07,1.07017649435078e-06,"MST1L","1:16754910-16770237","-","transcribed_unprocessed_pseudogene",2.83899091812605e-07
"ENSG00000234719",31.4013526286903,2.95474324967287,0.618441382603644,2.05304589948776e-07,1.1025108247305e-06,"NPIPB2","16:11927373-11976643","-","protein_coding",2.92476823689195e-07
"ENSG00000147174",48.5612258272114,2.48747576756421,0.517004145027733,2.08533357039222e-07,1.11860265128946e-06,"GCNA","X:71578411-71613583","+","protein_coding",2.96745703607424e-07
"ENSG00000261584",16.6276920369694,4.12798452968664,0.845851619869815,2.09072377484856e-07,1.12107789500321e-06,"AL513548.1","6:26686241-26687964","+","lncRNA",2.97402342438551e-07
"ENSG00000254681",204.710571736124,2.28334926504644,0.472751519385025,2.12443344038519e-07,1.13746527035963e-06,"PKD1P5","16:18374521-18401940","-","transcribed_unprocessed_pseudogene",3.01749626279523e-07
"ENSG00000179242",336.556464131788,2.1065695082007,0.433807263666372,2.1580452198625e-07,1.15392529809718e-06,"CDH4","20:61252261-61940617","+","protein_coding",3.06116183525518e-07
"ENSG00000142677",60.3872423373522,2.07391037448577,0.426749737744389,2.16331498229474e-07,1.15528694786183e-06,"IL22RA1","1:24119771-24143140","-","protein_coding",3.06477405374057e-07
"ENSG00000204311",65.4410448539663,2.14127935913086,0.442204060576496,2.18698802003154e-07,1.16663580204784e-06,"PJVK","2:178451346-178461409","+","protein_coding",3.09488057741706e-07
"ENSG00000260293",17.496655023341,6.20719985614688,1.37299420156509,2.22614117784144e-07,1.18507557739603e-06,"AC106820.4","16:2476558-2482173","+","lncRNA",3.1437980737573e-07
"ENSG00000117425",25.2900161281039,3.15747663169481,0.661241537565471,2.25885338459729e-07,1.20054028175121e-06,"PTCH2","1:44819844-44843253","-","protein_coding",3.18482322750308e-07
"ENSG00000173991",35.4902877442151,2.33033340449164,0.483535121616696,2.33531366908447e-07,1.23617647736043e-06,"TCAP","17:39664187-39666555","+","protein_coding",3.27935981677146e-07
"ENSG00000139679",60.5145818804095,2.15397774248686,0.44602805865053,2.45478027594617e-07,1.29467261925906e-06,"LPAR6","13:48389567-48444704","-","protein_coding",3.43453984218995e-07
"ENSG00000279425",16.499717182098,4.79082797168981,0.975128998556941,2.58614639910172e-07,1.35653000411684e-06,"AC092279.2","19:24078481-24080669","+","TEC",3.59863665683436e-07
"ENSG00000198237",31.3064518211483,3.09466734223226,0.65669462235499,2.661938191276e-07,1.39426128315076e-06,"AC131392.1","5:69875271-69920867","+","unprocessed_pseudogene",3.69873113570961e-07
"ENSG00000182580",27.1249640377527,2.88238814440473,0.608227616784812,2.66687005125791e-07,1.3963383735771e-06,"EPHB3","3:184561785-184582408","+","protein_coding",3.70424129304126e-07
"ENSG00000272630",20.250128689076,3.37402708483295,0.713924334050588,2.69373136540448e-07,1.40836150367077e-06,"AL731563.3","10:73098044-73101297","-","lncRNA",3.73613655267699e-07
"ENSG00000204099",20.6103164272698,3.28029402936127,0.692704075112757,2.73379660746867e-07,1.42775911725803e-06,"NEU4","2:241808825-241817413","+","protein_coding",3.78759502620753e-07
"ENSG00000261247",33.0150458015835,2.62020857082446,0.550595012429498,2.73931706261518e-07,1.43012539276922e-06,"GOLGA8T","15:30135149-30145567","+","protein_coding",3.79387234095093e-07
"ENSG00000267322",16.9623164692237,4.46491940787815,0.920411788347753,2.86713644764617e-07,1.49200535847803e-06,"SNHG22","18:49814023-49851059","+","lncRNA",3.9580290586406e-07
"ENSG00000156711",16.6548327370917,4.42815380225535,0.916211696386838,2.93621502068686e-07,1.52520644370761e-06,"MAPK13","6:36127809-36144524","+","protein_coding",4.04610572630831e-07
"ENSG00000198223",103.083832251478,2.05179384324021,0.427961984637302,2.9741757772158e-07,1.54215336047885e-06,"CSF2RA","X:1268800-1310381","+","protein_coding",4.09106293015062e-07
"ENSG00000255423",18.8360009951934,5.51832991783102,1.10476353005375,3.1182976737982e-07,1.61283177108296e-06,"EBLN2","3:73061659-73063337","+","protein_coding",4.27856038208668e-07
"ENSG00000132274",31.1017291659673,2.77264331944011,0.587137970851019,3.12504954825522e-07,1.61574565373296e-06,"TRIM22","11:5689697-5737089","+","protein_coding",4.2862904027174e-07
"ENSG00000228672",55.1410159137477,2.1387130019025,0.446128936458491,3.13120019373641e-07,1.61834670957385e-06,"PROB1","5:139390592-139395713","-","protein_coding",4.29319054858008e-07
"ENSG00000279199",16.4701514833122,6.14938122679952,1.37392670451322,3.20303747460523e-07,1.65311051948286e-06,"AC068669.1","17:40113215-40115442","-","TEC",4.38541285128635e-07
"ENSG00000124215",17.4071458770677,3.86802153104415,0.822160729292819,3.2974882422458e-07,1.69821819631839e-06,"CDH26","20:59958427-60034011","+","protein_coding",4.50507562238049e-07
"ENSG00000206561",17.6376900158457,3.8985704051124,0.827570532803729,3.30188055097243e-07,1.69987445109023e-06,"COLQ","3:15450133-15521751","-","protein_coding",4.5094693763829e-07
"ENSG00000260877",24.8945139386719,2.87225040585306,0.614229405724121,3.32481165214672e-07,1.70985242651858e-06,"AP005233.2","11:69371463-69372512","+","lncRNA",4.53593919867103e-07
"ENSG00000146021",57.3996825158315,2.05494863647298,0.429456734757754,3.46698023943141e-07,1.77790388360622e-06,"KLHL3","5:137617500-137736089","-","protein_coding",4.71646780274418e-07
"ENSG00000261159",22.4316012579395,3.11722819632696,0.670049699047574,3.59685220960998e-07,1.84058467709185e-06,"AC112484.3","3:128859716-128860526","-","lncRNA",4.88274897635059e-07
"ENSG00000204149",541.602561312504,3.79080389548393,0.831616096230316,3.62119899140793e-07,1.85107699415762e-06,"AGAP6","10:49988318-50010499","+","protein_coding",4.91058325697352e-07
"ENSG00000240399",27.0043208210733,2.92782706774207,0.628651802490835,3.67315202992635e-07,1.87630682164955e-06,"AC004801.2","12:48054813-48055591","-","transcribed_processed_pseudogene",4.97751357313498e-07
"ENSG00000278224",17.2533840093058,3.62465522992111,0.776817330975774,3.68101947771736e-07,1.87899726147982e-06,"PRICKLE4","6:41780762-41787372","+","protein_coding",4.98465083907589e-07
"ENSG00000238795",16.9554030665363,6.17047263582955,1.39075935984635,3.84268622319996e-07,1.9504973168761e-06,"SCARNA12","12:6967337-6967606","-","snoRNA",5.17432797082668e-07
"ENSG00000130768",26.7964403241456,2.66051292142727,0.566846860056726,3.84490322849206e-07,1.95093737903577e-06,"SMPDL3B","1:27935000-27959157","+","protein_coding",5.17549537870874e-07
"ENSG00000197857",68.4639844636298,2.12793519287997,0.44979387756625,3.98367218508235e-07,2.01639393158056e-06,"ZNF44","19:12224686-12294887","-","protein_coding",5.34914015523623e-07
"ENSG00000259921",17.4898686926711,5.41616730423803,1.09353940098485,4.0682689812218e-07,2.05561381285442e-06,"AC022819.1","15:99157231-99161140","-","lncRNA",5.45318363529229e-07
"ENSG00000093100",570.223130224601,3.11346100892089,0.677658896068819,4.12713689806668e-07,2.08178131189732e-06,"AC016026.1","22:17787652-17811497","-","lncRNA",5.52260142995048e-07
"ENSG00000204941",15.6747420347358,3.99387323195835,0.848462073000005,4.13927229567961e-07,2.08565634396325e-06,"PSG5","19:43166256-43186536","-","protein_coding",5.53288121174414e-07
"ENSG00000128482",22.0124211062836,3.07261335335222,0.656981866369563,4.16294993043958e-07,2.09685567949747e-06,"RNF112","17:19411125-19417276","+","protein_coding",5.56259108860888e-07
"ENSG00000116883",19.8574003683434,3.23079328024847,0.694561459154011,4.29089608215158e-07,2.15904384690712e-06,"AL591845.1","1:36323734-36329221","+","lncRNA",5.72756541146391e-07
"ENSG00000137968",20.1839415536377,3.19198248720383,0.693695601679613,4.56007883148832e-07,2.28573358285944e-06,"SLC44A5","1:75202131-75611116","-","protein_coding",6.06365110544715e-07
"ENSG00000235381",26.1043581473335,2.81049700524615,0.607207519193002,4.5791062610202e-07,2.29367988138658e-06,"AL596202.1","6:155253139-155256724","-","lncRNA",6.08473124453669e-07
"ENSG00000102886",25.1096936319067,2.73254186073908,0.590462356760976,4.65059506019575e-07,2.32385024947748e-06,"GDPD3","16:30104810-30113537","-","protein_coding",6.16476795012566e-07
"ENSG00000269947",29.4572587606425,2.49435178853083,0.534499632519495,4.72205045767033e-07,2.35629665620835e-06,"AC135178.5","17:8277763-8278436","+","lncRNA",6.25084258783357e-07
"ENSG00000139192",29.562631663904,2.52703701888355,0.543818303626643,4.76996223298174e-07,2.37856191265767e-06,"TAPBPL","12:6451690-6466517","+","protein_coding",6.30990841593111e-07
"ENSG00000137440",61.4264463973323,2.53346386141592,0.549293188190457,4.97254371296237e-07,2.47360513583543e-06,"FGFBP1","4:15935569-15938740","-","protein_coding",6.56204145086082e-07
"ENSG00000079385",44.6840336856562,2.61622016487024,0.564317674920387,5.01231788846857e-07,2.49167546633159e-06,"CEACAM1","19:42507304-42561234","-","protein_coding",6.60997887467544e-07
"ENSG00000187800",76.3095940958736,2.44402175056548,0.52979901143088,5.06645074247125e-07,2.51771938375007e-06,"PEAR1","1:156893698-156916434","+","protein_coding",6.67906882891551e-07
"ENSG00000237491",21.3410184038747,3.00786028168983,0.650843059273468,5.34349598078525e-07,2.64086389939561e-06,"AL669831.5","1:778747-810065","+","lncRNA",7.00574967397256e-07
"ENSG00000285596",26.9579279831585,3.14422572624675,0.693788670390533,5.54476421200535e-07,2.73285769535093e-06,"AC017116.2","7:44011882-44038978","-","lncRNA",7.24979311224631e-07
"ENSG00000231453",15.522787281924,3.95706256163192,0.856838434705236,5.86186027860449e-07,2.88128377163651e-06,"LINC01305","2:174326027-174330643","+","lncRNA",7.64354151245152e-07
"ENSG00000276445",66.5968278131802,2.20268187849518,0.474456189087861,5.88933332835141e-07,2.89281971203284e-06,"AC005393.1","19:39812972-39813555","-","lncRNA",7.67414434309685e-07
"ENSG00000278156",15.3513629251674,3.96131723200274,0.859309496492488,6.57670421670098e-07,3.2010762086745e-06,"TSC22D1-AS1","13:44575893-44580432","+","lncRNA",8.4918948721345e-07
"ENSG00000255508",72.3451081722161,2.5106470687444,0.552627746306132,6.82370050247427e-07,3.31348440730026e-06,"AP002990.1","11:62559603-62591531","-","protein_coding",8.79009414739987e-07
"ENSG00000279196",23.5644043573765,2.97412809200707,0.659318444085094,7.2692920369527e-07,3.50863524468949e-06,"AC135048.4","16:30984630-30988270","-","TEC",9.30779516021163e-07
"ENSG00000164776",25.6527680591771,2.67138384382649,0.585308857244339,7.34483764855246e-07,3.54188437873741e-06,"PHKG1","7:56080283-56092996","-","protein_coding",9.395999292984e-07
"ENSG00000240053",307.265205197993,4.82704870165551,1.11142663934048,7.41379694328654e-07,3.57360839317658e-06,"LY6G5B","6:31670167-31673776","+","protein_coding",9.48015755038801e-07
"ENSG00000261126",15.9956930909949,4.65122943439658,1.01120102558484,7.44395852595659e-07,3.58575482195329e-06,"RBFADN","18:80046900-80095482","+","lncRNA",9.51237989984792e-07
"ENSG00000278950",16.2459765354817,5.27560117620111,1.10321699763586,7.94124693267908e-07,3.79745067584862e-06,"AC138907.8","16:32781883-32784138","+","TEC",1.00739719454463e-06
"ENSG00000263069",20.4656289107595,3.16722248202006,0.700290928729332,8.23368786567197e-07,3.92042910533198e-06,"AC124319.3","17:80351828-80415168","-","lncRNA",1.04002121929865e-06
"ENSG00000171747",25.0874978407672,2.60604571791855,0.577254352264991,9.02410409057785e-07,4.27144868041076e-06,"LGALS4","19:38801671-38812945","-","protein_coding",1.13314056839608e-06
"ENSG00000123999",15.1565625909924,3.68609461910046,0.815092433001281,9.27952257708968e-07,4.38373261724495e-06,"INHA","2:219569162-219575711","+","protein_coding",1.16292753144436e-06
"ENSG00000205085",60.4809861709227,5.00382122278594,1.17353820044078,9.43574116904133e-07,4.4517105985575e-06,"FAM71F2","7:128672288-128687872","+","protein_coding",1.18096090001465e-06
"ENSG00000281207",271.783121773111,6.05095155737601,1.44107695274813,9.63550249160364e-07,4.535591091406e-06,"SLFNL1-AS1","1:41014590-41043890","+","lncRNA",1.20321292654129e-06
"ENSG00000250397",16.248152814992,5.29347101158891,1.1147862377986,9.82986113077614e-07,4.61805342005351e-06,"AP006623.1","11:856880-859795","-","lncRNA",1.22508873892865e-06
"ENSG00000253305",15.9916282305521,5.22656944791706,1.1120445690894,9.90217916056928e-07,4.64749564954162e-06,"PCDHGB6","5:141408021-141512979","+","protein_coding",1.23289924706141e-06
"ENSG00000172232",16.1092934638424,5.31063188258459,1.1108484403288,1.00343979853206e-06,4.70496707611514e-06,"AZU1","19:825097-832018","+","protein_coding",1.2481454105639e-06
"ENSG00000275645",14.3259611817659,5.89843179841603,1.39025294188322,1.00859446450723e-06,4.72606958709275e-06,"AC068338.3","15:75346744-75347161","-","lncRNA",1.25374353735246e-06
"ENSG00000226232",55.1605014860534,4.31966496208105,0.996587508275711,1.03081573277576e-06,4.81769668639795e-06,"NPIPB14P","16:69976388-69996188","-","transcribed_unprocessed_pseudogene",1.27805060297714e-06
"ENSG00000248592",89.9546483273663,2.18772615220798,0.485566031702439,1.04657832935709e-06,4.88504632995458e-06,"STIMATE-MUSTN1","3:52833121-52897562","-","protein_coding",1.29591728453907e-06
"ENSG00000259803",21.7095150528681,3.10367194851998,0.697759038196032,1.06296487887231e-06,4.95513079502702e-06,"SLC22A31","16:89195761-89201651","-","protein_coding",1.31450946637942e-06
"ENSG00000271327",14.8335459475585,4.60911781939068,1.00283814270484,1.07319908036335e-06,4.99639172368905e-06,"AC010201.2","12:89367807-89369301","+","lncRNA",1.32545526853105e-06
"ENSG00000147059",14.3214985685649,5.86686111306801,1.39235579462992,1.07376199335056e-06,4.99740243668566e-06,"SPIN2A","X:57134530-57137625","-","protein_coding",1.32572339299775e-06
"ENSG00000278989",18.4270592076608,2.98028107267678,0.668284633995247,1.13167716687322e-06,5.243304500957e-06,"AP001148.1","11:86434924-86437282","-","TEC",1.39095690643222e-06
"ENSG00000276248",21.9002112528077,2.77822753859355,0.626129211156412,1.15640034929443e-06,5.34414501044255e-06,"AL442125.1","13:113527260-113530621","+","lncRNA",1.41770812850819e-06
"ENSG00000185482",24.9766592382797,2.71589896033735,0.612750390353709,1.36180607212671e-06,6.2355701990821e-06,"STAC3","12:57243453-57251188","-","protein_coding",1.65418762773993e-06
"ENSG00000213057",26.3129648974378,2.9425753372598,0.674625667621149,1.38987731161802e-06,6.35604969309876e-06,"C1orf220","1:178542752-178548889","+","lncRNA",1.68614872865546e-06
"ENSG00000273002",23.900702864846,2.67577172350071,0.606503259380081,1.40077984461123e-06,6.39780958738209e-06,"AL355388.2","1:155978799-155982986","+","lncRNA",1.69722689765264e-06
"ENSG00000127364",15.2496166685717,3.94164944020718,0.889129830591691,1.45371238371409e-06,6.62491253770176e-06,"TAS2R4","7:141778442-141780819","+","protein_coding",1.75747333521136e-06
"ENSG00000168961",33.2903996872397,2.456317053037,0.555823586050416,1.47587620304175e-06,6.71197668903591e-06,"LGALS9","17:27629798-27649560","+","protein_coding",1.78056993060818e-06
"ENSG00000161270",27.2569990362988,2.41039520007504,0.544105016724527,1.47788836597811e-06,6.71813928177091e-06,"NPHS1","19:35825964-35869287","-","protein_coding",1.78220475859208e-06
"ENSG00000228314",15.0620231540018,3.9262437640365,0.885844790876455,1.48087358183431e-06,6.7295924940527e-06,"CYP4F29P","21:13843133-13848364","-","transcribed_unprocessed_pseudogene",1.78524309533588e-06
"ENSG00000118402",42.8105627779522,2.30146029949114,0.521797969206431,1.50601674934983e-06,6.8331077063907e-06,"ELOVL4","6:79914814-79947553","-","protein_coding",1.81270386926119e-06
"ENSG00000168447",23.0074248057485,2.6145143391352,0.594732594172141,1.55712601710712e-06,7.0428882858263e-06,"SCNN1B","16:23278231-23381294","+","protein_coding",1.86835498503141e-06
"ENSG00000107731",18.2983974424539,3.18626151232675,0.732391776379565,1.57184140880573e-06,7.10055648598048e-06,"UNC5B","10:71212570-71302864","+","protein_coding",1.88365334912057e-06
"ENSG00000254154",38.9009434495574,2.42936528762305,0.551726313683306,1.58393035450245e-06,7.15069589281939e-06,"CRYZL2P-SEC16B","1:177928788-178038007","-","lncRNA",1.89695445612557e-06
"ENSG00000260792",17.6829863866954,3.44913893325903,0.795141769492266,1.61852536875236e-06,7.28633186648536e-06,"LINC02280","14:104661120-104665558","-","lncRNA",1.93293630579631e-06
"ENSG00000254911",16.3985929820393,3.56447955088086,0.819402364929745,1.7770210714533e-06,7.92095357913991e-06,"SCARNA9","11:93721513-93721865","+","lncRNA",2.1012903378819e-06
"ENSG00000196724",43.0480909374558,2.05506646893458,0.46489829737878,1.8494624813552e-06,8.21597980881155e-06,"ZNF418","19:57921884-57935393","-","protein_coding",2.17955563253827e-06
"ENSG00000249931",17.5488121047484,3.33981491196409,0.770158749064148,1.97332803817388e-06,8.71151745791406e-06,"GOLGA8K","15:32392782-32403292","-","protein_coding",2.31101309706098e-06
"ENSG00000167483",23.6973071035928,2.70911306853546,0.627784013091202,2.0004530327924e-06,8.81895874828644e-06,"FAM129C","19:17523301-17553839","+","protein_coding",2.33951539076758e-06
"ENSG00000256029",20.2174337198657,3.38891907391344,0.801768207764405,2.02491163776622e-06,8.9104744449938e-06,"AL590560.1","1:159834474-159873053","-","protein_coding",2.36379290323302e-06
"ENSG00000279765",32.747070843962,2.77584589660563,0.651707098526013,2.17232335774685e-06,9.51568500842673e-06,"AC013394.1","15:92883413-92949230","+","protein_coding",2.52434467223654e-06
"ENSG00000134668",42.4954826238985,2.06880257437731,0.472979573930407,2.1907709206983e-06,9.58777425045765e-06,"SPOCD1","1:31790422-31816051","-","protein_coding",2.54346868631279e-06
"ENSG00000171786",15.3713256884494,3.66729520969904,0.855013676076563,2.32682264565939e-06,1.01463228884803e-05,"NHLH1","1:160367071-160372846","+","protein_coding",2.69164186326526e-06
"ENSG00000162997",51.9390677409869,2.28840559372916,0.531319450082485,2.3435511706413e-06,1.02161864153657e-05,"PRORSD1P","2:55282319-55284522","+","transcribed_unitary_pseudogene",2.71017543407184e-06
"ENSG00000172367",19.9589074928314,2.86853707220847,0.669718615414318,2.49181954766896e-06,1.08135988838932e-05,"PDZD3","11:119185457-119190223","+","protein_coding",2.8686585049931e-06
"ENSG00000085117",35.0748923384079,2.24661017573205,0.520386935574434,2.49388789078178e-06,1.08193257008969e-05,"CD82","11:44564427-44620358","+","protein_coding",2.87017772930321e-06
"ENSG00000163395",14.222236406621,5.04767984330456,1.12182427592621,2.56502087904467e-06,1.10912976430504e-05,"IGFN1","1:201190825-201228952","+","protein_coding",2.94232712501831e-06
"ENSG00000250575",27.2587008131265,2.82559615961766,0.671868286054585,2.56913467327843e-06,1.11057628368372e-05,"AL732372.3","1:491225-493241","-","unprocessed_pseudogene",2.94616448773429e-06
"ENSG00000223658",27.7919829046793,2.55604189933914,0.603423059753681,2.90905635614618e-06,1.24375069238664e-05,"C1GALT1C1L","2:43675151-43676429","-","protein_coding",3.29945288346174e-06
"ENSG00000106688",25.4635398572233,2.41575638610116,0.564726410956609,2.91215578008312e-06,1.2447075769885e-05,"SLC1A1","9:4490468-4587469","+","protein_coding",3.30199133081945e-06
"ENSG00000256667",14.0014402495835,5.07202773431896,1.13046685960313,3.36553750158671e-06,1.42125606181852e-05,"KLRA1P","12:10588063-10599669","-","transcribed_unprocessed_pseudogene",3.77034355840729e-06
"ENSG00000169429",37.8884616065565,2.28827533266116,0.541228966191782,3.44190988166349e-06,1.44927271852911e-05,"CXCL8","4:73740541-73743716","+","protein_coding",3.84466684468531e-06
"ENSG00000115266",78.2892089979587,2.08920088931924,0.490486893720028,3.46940893758432e-06,1.46000896228498e-05,"APC2","19:1446302-1473244","+","protein_coding",3.87314822012065e-06
"ENSG00000141540",44.9279793354962,2.1583787839729,0.507993430692001,3.47917991692489e-06,1.46315758881113e-05,"TTYH2","17:74213571-74262020","+","protein_coding",3.88150097516574e-06
"ENSG00000267892",21.5661031509007,2.81542483676378,0.674602856229785,3.50959839643427e-06,1.47433739612999e-05,"AC022144.1","19:38738284-38739863","+","lncRNA",3.9111590470933e-06
"ENSG00000260339",15.3979915206156,3.38828375801726,0.81573126327138,3.53045550766868e-06,1.48223743583149e-05,"HEXA-AS1","15:72376113-72378788","+","lncRNA",3.93211646961548e-06
"ENSG00000127507",16.1553699207707,3.13111075417747,0.751419945267945,3.63733358321888e-06,1.52401007860528e-05,"ADGRE2","19:14732392-14778560","-","protein_coding",4.04293197910098e-06
"ENSG00000114786",19.4188658167486,2.85934974980281,0.687164299762614,3.69004166968519e-06,1.54430327739996e-05,"ABHD14A-ACY1","3:51974706-51989183","+","protein_coding",4.0967662834255e-06
"ENSG00000100342",50.5185979440279,2.21801341770675,0.525200661440549,3.75090996053034e-06,1.5670540572311e-05,"APOL1","22:36253010-36267530","+","protein_coding",4.15712012007007e-06
"ENSG00000285106",91.7659184951144,3.94190918059045,0.984010396573521,3.77466179281628e-06,1.57606580664513e-05,"AC016831.7","7:130791264-131110161","-","lncRNA",4.1810267138683e-06
"ENSG00000001561",23.4259069510115,2.46741000185776,0.586709115778325,3.80217397552513e-06,1.58663633035847e-05,"ENPP4","6:46129989-46146688","+","protein_coding",4.20906846303809e-06
"ENSG00000273148",22.1622273272965,2.61114916405743,0.623516836841116,3.81712613403175e-06,1.5924159862267e-05,"LINC00653","20:18794529-18796067","+","lncRNA",4.224400878398e-06
"ENSG00000142765",31.4276247630514,2.28971002859961,0.545058978358915,3.95894206785994e-06,1.64493018466486e-05,"SYTL1","1:27342020-27353937","+","protein_coding",4.36371185488237e-06
"ENSG00000261468",19.2778555418791,2.87114093423721,0.691437844668051,4.02110681398735e-06,1.66931957968777e-05,"AC096921.2","3:30697661-30699576","+","lncRNA",4.428412650811e-06
"ENSG00000184441",50.6984626341869,2.17473459685007,0.517339806885082,4.13624114617275e-06,1.70974887881414e-05,"AP001062.1","21:44331234-44335851","+","lncRNA",4.53566450473591e-06
"ENSG00000170160",156.796428042393,3.16549416232529,0.780399452151208,4.38453657213397e-06,1.80721443251306e-05,"CCDC144A","17:16689537-16777881","+","protein_coding",4.79422355853873e-06
"ENSG00000261136",13.1538687532547,3.6680348348777,0.882633209173961,4.54248247676083e-06,1.85906016062506e-05,"AC023908.3","15:39782571-39785617","+","lncRNA",4.93176120025537e-06
"ENSG00000130653",71.3564075098996,3.37811405029274,0.843381088529516,4.68525660970989e-06,1.9104583314593e-05,"PNPLA7","9:137459952-137550402","-","protein_coding",5.06811155085359e-06
"ENSG00000099840",11.5660997127087,5.54902816031718,1.41195522507267,4.70533792698614e-06,1.91808486180745e-05,"IZUMO4","19:2096429-2099593","+","protein_coding",5.08834340093582e-06
"ENSG00000149564",84.2763481902987,2.1733750387345,0.520374410735493,4.73815966668073e-06,1.92930812463238e-05,"ESAM","11:124752583-124762290","-","protein_coding",5.11811675271462e-06
"ENSG00000021645",13.8700602691516,3.69900495853397,0.902952645666677,4.86706180131354e-06,1.97733792777009e-05,"NRXN3","14:78170373-79868290","+","protein_coding",5.24553141340575e-06
"ENSG00000260418",46.6843203613191,2.37767903745007,0.576550541920071,4.90684827819969e-06,1.99182203562538e-05,"AL023284.4","6:136335714-136336087","-","lncRNA",5.28395521627884e-06
"ENSG00000211454",14.9477741178776,3.19094106445995,0.776532117675648,4.93893152387407e-06,2.00371980492713e-05,"AKR7L","1:19265982-19274194","-","polymorphic_pseudogene",5.31551791567647e-06
"ENSG00000174123",18.5482037655542,3.25686847327461,0.806812050979279,4.9566702366499e-06,2.00978792339584e-05,"TLR10","4:38772238-38782990","-","protein_coding",5.33161557182359e-06
"ENSG00000140675",25.0687515519592,2.41144134930693,0.579519741316178,5.09657126722446e-06,2.06188553702858e-05,"SLC5A2","16:31483002-31490860","+","protein_coding",5.46982142173726e-06
"ENSG00000260428",51.7836380369211,3.9313790096124,1.00036232661912,5.15278323488228e-06,2.08346028335993e-05,"SCX","8:144266453-144268481","+","protein_coding",5.52705544735725e-06
"ENSG00000100626",51.7285702262786,2.07089044544441,0.495502681597989,5.16751304096193e-06,2.08819784342156e-05,"GALNT16","14:69259277-69357033","+","protein_coding",5.53962336494846e-06
"ENSG00000227740",15.8253952710955,3.09615101971374,0.759516980741507,5.45098123059966e-06,2.19665727170652e-05,"AL513329.1","1:175904762-175921057","-","lncRNA",5.82734724368393e-06
"ENSG00000204758",40.9995535566936,2.10676516484152,0.506258901947707,5.50786280697667e-06,2.217106557761e-05,"AC008429.1","5:172954786-172959392","-","lncRNA",5.88159562018752e-06
"ENSG00000177076",33.2446482713402,2.19041453692745,0.526873952918778,5.77452312185771e-06,2.31285015615204e-05,"ACER2","9:19409009-19452505","+","protein_coding",6.1355866279659e-06
"ENSG00000271862",19.8007174352117,2.78100777524542,0.684987763134034,5.89596121507862e-06,2.35756877473993e-05,"AC104118.1","5:83049376-83050964","-","lncRNA",6.25421729562896e-06
"ENSG00000225345",62.1281002073453,2.29517723299707,0.558601943411688,5.92545823987405e-06,2.36674397524654e-05,"SNX18P3","9:38566260-38568211","-","transcribed_unprocessed_pseudogene",6.27855749656569e-06
"ENSG00000101306",31.4327887092633,2.55236231595055,0.629869230216316,5.92842955040324e-06,2.36727646954621e-05,"MYLK2","20:31819308-31834689","+","protein_coding",6.27997011073604e-06
"ENSG00000270091",29.8824562284952,2.36592458109652,0.577791687677472,6.06307156713329e-06,2.41703302666602e-05,"AC015726.1","17:19896590-19897287","-","lncRNA",6.4119655474944e-06
"ENSG00000152049",26.0937277724955,2.4891055346835,0.606277161046973,6.19850790619149e-06,2.46701027998965e-05,"KCNE4","2:223051814-223198399","+","protein_coding",6.54454645265132e-06
"ENSG00000106686",47.5766004795256,2.27935546663383,0.555583502417416,6.50332008125435e-06,2.5719616446143e-05,"SPATA6L","9:4553386-4666674","-","protein_coding",6.8229640525399e-06
"ENSG00000254872",18.5640500944416,2.78536519752174,0.689856867037052,6.50246556419194e-06,2.5719616446143e-05,"LINC02688","11:1049880-1055749","+","lncRNA",6.8229640525399e-06
"ENSG00000101197",41.3564602751902,2.12879338467141,0.5163326174815,6.72615129647512e-06,2.64993490690736e-05,"BIRC7","20:63235883-63240495","+","protein_coding",7.02981346913164e-06
"ENSG00000163393",35.1354700512655,2.27992006621346,0.555698414032386,6.78971832286367e-06,2.6727926854727e-05,"SLC22A15","1:115976513-116070054","+","protein_coding",7.09045115468921e-06
"ENSG00000186019",30.38604650377,2.14385965143534,0.521492282774011,7.07636703206861e-06,2.78033115770591e-05,"AC021092.1","19:44103007-44113183","-","lncRNA",7.37573189822156e-06
"ENSG00000167992",32.2416140866862,2.44237894235359,0.603041112676439,7.44558057764469e-06,2.90878845438073e-05,"VWCE","11:61258286-61295316","-","protein_coding",7.71650662141157e-06
"ENSG00000237836",17.0008301531832,2.82397830847199,0.701167082617143,7.69399795778693e-06,3.00016094139177e-05,"PHKA2-AS1","X:18890296-18894974","+","lncRNA",7.95890183580869e-06
"ENSG00000121005",19.2892775762402,2.94423601665084,0.731597594238238,7.75730689174608e-06,3.02250485720348e-05,"CRISPLD1","8:74984505-75034558","+","protein_coding",8.01817633342629e-06
"ENSG00000118514",17.715401723508,2.84295327165731,0.711972319189818,7.93612436868164e-06,3.08541655237607e-05,"ALDH8A1","6:134917393-134950115","-","protein_coding",8.18507004879167e-06
"ENSG00000153294",62.8879437716321,2.02417478620616,0.495520305617902,8.06064010807112e-06,3.12877545532462e-05,"ADGRF4","6:47685864-47722021","+","protein_coding",8.30009362886529e-06
"ENSG00000260899",15.6423607552826,3.35554846146421,0.853985401144455,8.14383272964331e-06,3.15682743498057e-05,"AC106886.2","16:30740667-30751381","+","lncRNA",8.37451062073446e-06
"ENSG00000198754",26.9025859080556,2.43129361332548,0.60704645341847,8.45718354842941e-06,3.26428310519106e-05,"OXCT2","1:39769523-39771348","-","protein_coding",8.65957170499403e-06
"ENSG00000058085",281.546754547476,2.87597089110204,0.733615304202195,8.57861805568416e-06,3.30585625393845e-05,"LAMC2","1:183186238-183244900","+","protein_coding",8.76985799174652e-06
"ENSG00000126353",15.6867530678713,3.04172355417805,0.770700261305621,8.79837675150339e-06,3.38602776127764e-05,"CCR7","17:40553769-40565472","-","protein_coding",8.98253896766959e-06
"ENSG00000259349",18.8369468115215,2.56961586168915,0.639165913435721,8.83376674289565e-06,3.39693356044665e-05,"AC011921.1","17:60526293-60550798","+","lncRNA",9.01147014393738e-06
"ENSG00000253326",18.3827706621992,2.76400678042157,0.697186585108987,8.91314704374181e-06,3.42472448628325e-05,"AL606534.4","1:243054861-243056394","-","processed_pseudogene",9.08519460571812e-06
"ENSG00000261135",32.5589025940953,2.11124907296985,0.522587999268045,9.2323095477422e-06,3.53326549985229e-05,"AL137802.2","1:16514645-16515754","+","lncRNA",9.37313491593176e-06
"ENSG00000115604",32.6477303630353,2.1807855748266,0.539756795149636,9.34626419627907e-06,3.57214662524276e-05,"IL18R1","2:102311529-102398775","+","protein_coding",9.47627973592431e-06
"ENSG00000184786",31.4746745553491,2.0083069760273,0.493775285711982,9.37561517790321e-06,3.58241710565519e-05,"TCTE3","6:169740109-169751587","-","protein_coding",9.50352552273573e-06
"ENSG00000218274",17.1788341279918,3.27829882794936,0.847240364715287,9.6987778807538e-06,3.69514999089832e-05,"AL121949.2","6:63395007-63397106","-","unprocessed_pseudogene",9.80258613476453e-06
"ENSG00000188833",24.3020981480054,2.28618571764788,0.572882133809343,1.01804045538152e-05,3.86235301147763e-05,"ENTPD8","9:137434364-137441816","-","protein_coding",1.02461464815052e-05
"ENSG00000262468",37.8409176290974,2.05667396490473,0.515098334576082,1.14960013245092e-05,4.30162390317149e-05,"LINC01569","16:4243943-4253817","-","lncRNA",1.1411455268139e-05
"ENSG00000263235",30.0757242296684,2.2922365046407,0.582490241973365,1.21381117775657e-05,4.51965610145844e-05,"AC006111.2","16:3650636-3651703","-","lncRNA",1.19898565263084e-05
"ENSG00000204642",24.3475445540316,2.34309860976139,0.595333016778913,1.21898921490615e-05,4.53543077873554e-05,"HLA-F","6:29722775-29738528","+","protein_coding",1.2031703983959e-05
"ENSG00000165731",16.4606957589842,2.84050007814959,0.730650672362073,1.21992356917738e-05,4.53773886697099e-05,"RET","10:43077069-43130351","+","protein_coding",1.20378269380449e-05
"ENSG00000197106",55.8210174209985,2.17403525742691,0.551209506673405,1.22999862685371e-05,4.57050916859424e-05,"SLC6A17","1:110150494-110202202","+","protein_coding",1.21247608122084e-05
"ENSG00000170345",1055.53745781558,3.00888439310507,0.788671437841078,1.25087227687475e-05,4.63377474317278e-05,"FOS","14:75278826-75282230","+","protein_coding",1.22925933076955e-05
"ENSG00000280145",30.279680264272,2.45611817252338,0.630986765694489,1.25445083526424e-05,4.64465001803833e-05,"CU638689.4","21:6630182-6670695","-","lncRNA",1.23214435083291e-05
"ENSG00000090339",32.1658547012961,2.42029590285329,0.621032682114424,1.25640381828878e-05,4.64949848350606e-05,"ICAM1","19:10271093-10286615","+","protein_coding",1.233430563855e-05
"ENSG00000007516",22.2496365306368,2.43334050676972,0.620568567480929,1.26989913463594e-05,4.69343027995497e-05,"BAIAP3","16:1333601-1349441","+","protein_coding",1.24508490048021e-05
"ENSG00000170629",36.5948781939428,2.05515160644205,0.51633373822331,1.27463385073049e-05,4.70852090411716e-05,"DPY19L2P2","7:103175133-103280410","-","transcribed_unprocessed_pseudogene",1.2490881789274e-05
"ENSG00000258210",19.1169902102666,3.00460327285526,0.786836713173345,1.31561202896291e-05,4.84503298433819e-05,"AC144548.1","12:110387463-110445548","-","lncRNA",1.28530244433202e-05
"ENSG00000203772",18.1429738229411,2.5582252223657,0.655194624607459,1.32715609021388e-05,4.88256941437901e-05,"SPRN","10:133420666-133424572","-","protein_coding",1.29526020219227e-05
"ENSG00000114200",29.5707869657053,2.01191319784866,0.505821406832545,1.39554609759627e-05,5.10945950249904e-05,"BCHE","3:165772904-165837462","-","protein_coding",1.35545017113532e-05
"ENSG00000189136",41.3513988238257,2.0757027937802,0.524693771206702,1.41673596053511e-05,5.17785821084797e-05,"UBE2Q2P1","15:84526781-84571216","-","transcribed_unprocessed_pseudogene",1.37359515122404e-05
"ENSG00000184206",40.3699392399768,4.05466768018974,1.11427802225321,1.51161331395549e-05,5.50789813413284e-05,"GOLGA6L4","15:84235773-84245368","+","protein_coding",1.46114896592385e-05
"ENSG00000100604",23.0581822530673,2.37000148506125,0.60885575902749,1.53682982453443e-05,5.59132119696551e-05,"CHGA","14:92923150-92935285","+","protein_coding",1.48327964427405e-05
"ENSG00000261054",36.6494351922518,2.12782123214539,0.544502893877554,1.5680275159465e-05,5.69765291248249e-05,"AC036108.2","15:99128832-99131806","-","lncRNA",1.51148758719328e-05
"ENSG00000258790",148.679396834654,2.77588087998199,0.733449786694737,1.56857221502899e-05,5.69819936636097e-05,"AL121594.1","14:35122549-35317474","+","protein_coding",1.51163255184223e-05
"ENSG00000148926",2247.4240006855,2.59449263101423,0.679385740193726,1.61339051484723e-05,5.84484991979378e-05,"ADM","11:10305073-10307397","+","protein_coding",1.55053637672828e-05
"ENSG00000163297",18.3124596645405,2.64645178798837,0.691004186166503,1.63951100651964e-05,5.93501341563509e-05,"ANTXR2","4:79901146-80125454","-","protein_coding",1.57445517397258e-05
"ENSG00000279432",30.2297153166457,4.23912465380401,1.1594955352084,1.6417149177573e-05,5.94001559251647e-05,"AC015799.1","17:2639297-2642418","+","TEC",1.57578216394219e-05
"ENSG00000278570",24.2483310742546,2.56577701886366,0.676181093956892,1.73575962707508e-05,6.26147338264155e-05,"NR2E3","15:71792638-71818259","+","protein_coding",1.66105928893451e-05
"ENSG00000261220",30.9914282133097,2.35321271690134,0.615104847622838,1.74555876192753e-05,6.29211016927281e-05,"AC103706.1","8:133573183-133573861","+","lncRNA",1.66918669216808e-05
"ENSG00000186056",45.8863514347744,2.01265815379773,0.517625826555478,1.81213527717577e-05,6.50936288602213e-05,"MATN1-AS1","1:30718504-30726827","+","lncRNA",1.72682003517695e-05
"ENSG00000237950",47.5879989794981,3.63207724689021,0.999262041311178,1.85405849644724e-05,6.65168801692131e-05,"AL357079.1","1:43937918-43946551","-","lncRNA",1.76457640117609e-05
"ENSG00000205754",15.5704333173412,2.84499764152043,0.745033825190868,1.94503607623001e-05,6.95548793064847e-05,"SLCO1B7","12:20962768-21092745","+","protein_coding",1.84516920063971e-05
"ENSG00000197776",25.5261895117761,2.21851170382104,0.575263349677521,1.94962213085889e-05,6.96858506382435e-05,"KLHDC1","14:49693105-49753150","+","protein_coding",1.84864364082188e-05
"ENSG00000270195",29.5544767490234,2.07193434927006,0.535521751903734,2.0248481170252e-05,7.20716259584512e-05,"AC016773.1","4:1712821-1715945","+","lncRNA",1.9119340840573e-05
"ENSG00000269399",28.5351313453241,2.3200750920205,0.609962920521843,2.0473391015591e-05,7.28183543111752e-05,"AC008764.6","19:16542746-16544814","+","lncRNA",1.93174348019785e-05
"ENSG00000269910",20.7963809806453,2.32017240190141,0.60766240700366,2.07844790064463e-05,7.38158039130389e-05,"AL049840.2","14:103694516-103695050","-","lncRNA",1.95820407222101e-05
"ENSG00000272145",24.0539725750417,2.36479546515436,0.624090233234649,2.10699641954248e-05,7.47378626873058e-05,"NFYC-AS1","1:40690380-40692066","-","lncRNA",1.98266467755051e-05
"ENSG00000155093",21.6427677129288,2.31154314851801,0.611694077497717,2.43045608969139e-05,8.49601377651917e-05,"PTPRN2","7:157539056-158587823","-","protein_coding",2.25384374251689e-05
"ENSG00000244731",57.2984453199279,3.3011131945751,0.93000764013877,2.7827176235928e-05,9.60655814107491e-05,"C4A","6:31982057-32002681","+","protein_coding",2.54845172370438e-05
"ENSG00000272800",27.0355990030191,2.07450957800345,0.549758396103414,2.79857482130975e-05,9.65207750423561e-05,"AC021851.1","2:183178806-183215414","+","lncRNA",2.56052721398979e-05
"ENSG00000260778",25.6442994762246,2.3002730321001,0.626121938799107,3.33730481310474e-05,0.000113502922697521,"AC009065.4","16:2268155-2273418","+","lncRNA",3.01103386609614e-05
"ENSG00000142233",14.6466848382729,2.77303083759173,0.762545558754877,3.37946316870697e-05,0.000114774670390093,"NTN5","19:48661407-48673081","-","protein_coding",3.04477110634032e-05
"ENSG00000280143",26.923766241594,2.14011067765464,0.57545172617017,3.39868537091357e-05,0.000115346177301719,"AP000892.3","11:117204967-117210292","+","TEC",3.0599321843524e-05
"ENSG00000272040",17.4828493822005,2.45001021447262,0.668667087592976,3.43786205091239e-05,0.000116402400416436,"AC010245.2","5:75608817-75609983","+","lncRNA",3.08795193479568e-05
"ENSG00000275620",19.8815387758478,2.52189368128605,0.694332788904502,3.4783373953265e-05,0.000117635042592706,"AL121827.2","20:63253978-63261615","+","lncRNA",3.12065177414182e-05
"ENSG00000270605",72.6875340529984,4.17251857510689,1.23254376334904,3.52781913328784e-05,0.000119141187883016,"AL353622.1","1:28239509-28241453","-","lncRNA",3.1606071723695e-05
"ENSG00000061656",33.3777444255592,2.04643199909213,0.549769162791595,3.66507963068079e-05,0.000123574581761475,"SPAG4","20:35615892-35621049","+","protein_coding",3.27821735184793e-05
"ENSG00000259172",31.6102284016683,2.31038722452351,0.632314089385057,3.70484802856986e-05,0.000124740817476382,"AC023024.1","15:101295419-101305737","+","lncRNA",3.30915554401056e-05
"ENSG00000272872",70.0803153190117,3.94123519280297,1.16201283653232,3.8410768416435e-05,0.000128878265472696,"AP000525.1","22:15823197-15823890","+","lncRNA",3.41891479725299e-05
"ENSG00000188897",20.9668411815812,2.28530117836092,0.622607881959111,3.95683756437308e-05,0.000132300461922155,"AC099489.1","16:11359845-11527245","-","protein_coding",3.50969967891825e-05
"ENSG00000283782",251.25282384775,2.82992730093325,0.801944633279042,4.03150983813899e-05,0.000134672558185267,"AC116366.3","5:132410832-132646079","+","protein_coding",3.57262724071245e-05
"ENSG00000204282",26.4444519451883,2.04998650682579,0.556170565316174,4.11415133589259e-05,0.000137179513047955,"TNRC6C-AS1","17:78107398-78111799","-","lncRNA",3.63913236509982e-05
"ENSG00000230724",51.9110866992623,3.75425256271733,1.11186762438936,4.3401482881533e-05,0.000144083351509541,"LINC01001","11:127204-139612","-","lncRNA",3.82227911515568e-05
"ENSG00000164404",16.2998433889915,2.57174096306951,0.717176923724474,4.52141696416652e-05,0.000149482947950515,"GDF9","5:132861181-132866884","-","protein_coding",3.96552095739752e-05
"ENSG00000100147",26.3340519667414,2.16792647519245,0.60075086756727,4.80651518976321e-05,0.000158040844157607,"CCDC134","22:41800679-41826299","+","protein_coding",4.19254696421461e-05
"ENSG00000197208",32.6016838206144,2.35059360346501,0.659754929837455,4.84957198924767e-05,0.00015931867330335,"SLC22A4","5:132294394-132344190","+","protein_coding",4.22644553476658e-05
"ENSG00000170482",27.2301582019431,2.13705573332012,0.589183629626211,4.97912978880518e-05,0.000163270716083557,"SLC23A1","5:139367196-139384553","-","protein_coding",4.331286312155e-05
"ENSG00000260855",25.1618430359115,2.17089022207772,0.599697552794865,4.99389518642142e-05,0.000163717738972269,"AL591848.4","1:246772301-246775772","+","lncRNA",4.34314504693328e-05
"ENSG00000179954",21.9644190761754,2.20201419308546,0.609779862406664,5.08360549424259e-05,0.000166243908117899,"SSC5D","19:55488404-55519099","+","protein_coding",4.41015989261485e-05
"ENSG00000169246",210.049968925939,2.48511955515139,0.709041580921464,5.47722708712211e-05,0.000177828372581446,"NPIPB3","16:21402237-21448567","-","protein_coding",4.71747545763588e-05
"ENSG00000081853",25.3972747209113,2.38542013246378,0.681213350057793,5.94125943778938e-05,0.000191602633643147,"PCDHGA2","5:141338760-141512975","+","protein_coding",5.08288249343318e-05
"ENSG00000128510",107.044569874844,4.0717405628254,1.27020819290418,6.50272226596235e-05,0.000207532772670985,"CPA4","7:130293134-130324180","+","protein_coding",5.50548119806977e-05
"ENSG00000278233",123.377900928895,6.37733338522878,2.16115687529995,7.38408551184869e-05,0.000232883936559855,"RNA5-8SN2","21:8212572-8212724","+","rRNA",6.17800320191071e-05
"ENSG00000186594",875.346047182141,2.28928407780564,0.660437118492369,7.51625203558393e-05,0.000236690691144527,"MIR22HG","17:1711493-1717174","-","lncRNA",6.2789897377809e-05
"ENSG00000176826",17.3163848765949,2.26520933941742,0.64833132880513,7.63128505818533e-05,0.000240051589847271,"FKBP9P1","7:55681074-55713252","-","transcribed_unprocessed_pseudogene",6.36814849752006e-05
"ENSG00000235530",29.8776434717145,2.02463362656139,0.577869948191665,7.84025920331148e-05,0.000246089456444514,"AC087294.1","17:21214322-21230035","+","lncRNA",6.52832252979339e-05
"ENSG00000205710",24.2856745967798,2.24057975529613,0.651189006621513,8.17609821441536e-05,0.000255852739923162,"C17orf107","17:4899418-4902934","+","protein_coding",6.787325351041e-05
"ENSG00000253636",17.656414731844,2.58102353477661,0.764426765252324,8.28954479928075e-05,0.000258898231887629,"AC022893.1","8:73052178-73063061","+","lncRNA",6.86811692209483e-05
"ENSG00000143847",16.9911916816783,2.31468267150292,0.670144412234065,8.41007379192552e-05,0.000262152666883339,"PPFIA4","1:203026498-203078740","+","protein_coding",6.95445138603814e-05
"ENSG00000269896",18.9846477611043,2.17542789706565,0.62787285277575,9.07692830575204e-05,0.000281482169412924,"AL513477.1","1:2350414-2352820","-","transcribed_processed_pseudogene",7.46722925420351e-05
"ENSG00000232233",16.146203262576,2.59723234162323,0.772694036376528,9.27076020661398e-05,0.000287123351362578,"LINC02043","3:186810880-186825521","-","lncRNA",7.61687993712453e-05
"ENSG00000147166",33.8878934512748,3.49499556845194,1.10683903880776,0.000100183723281812,0.000307640243337328,"ITGB1BP2","X:71301750-71305371","+","protein_coding",8.16115716888922e-05
"ENSG00000243302",80.590805372257,3.30393996555029,1.04107403710255,0.000108693789363021,0.000331378470482072,"AC018638.4","7:128651185-128652334","+","processed_pseudogene",8.79089078415824e-05
"ENSG00000117983",402.096846292419,2.832370353507,0.873280225752732,0.000110085657771156,0.000334915334831784,"MUC5B","11:1223066-1262172","+","protein_coding",8.88471760450497e-05
"ENSG00000287424",22.3363093020535,2.24784826554874,0.671912028001085,0.000116224712203979,0.00035115268995603,"AC080079.2","4:165647636-165757667","-","lncRNA",9.31546621443486e-05
"ENSG00000259488",19.5358594236029,2.09937984550914,0.614369349896575,0.000117491596131315,0.00035453561405171,"AC023355.1","15:48312353-48331856","-","lncRNA",9.40520926929582e-05
"ENSG00000204970",39.4279896430194,2.07316560559175,0.61361821620168,0.000119538493700054,0.000360110646749944,"PCDHA1","5:140786136-141012347","+","protein_coding",9.55310512836291e-05
"ENSG00000277142",20.9931411984001,2.08896106975856,0.615465951081466,0.000119615111286398,0.000360266355398028,"LINC00235","16:525155-527407","-","lncRNA",9.55723580624752e-05
"ENSG00000265692",24.4320889054036,2.01259645824228,0.59203366151862,0.000123492762772663,0.000370863240820399,"LINC01970","17:82290046-82292814","-","lncRNA",9.83835262794322e-05
"ENSG00000136999",20.0846331012488,2.38036081690961,0.723350965629689,0.000127698473954892,0.000381985230205371,"CCN3","8:119416446-119424434","+","protein_coding",0.000101333995386361
"ENSG00000229816",19.5658917680879,2.25609346815809,0.678135863604627,0.000131927182710937,0.000393575499041238,"DDX50P1","2:32201600-32203999","+","processed_pseudogene",0.000104408690834949
"ENSG00000280136",25.0521822939459,2.03194313554568,0.604806625233335,0.00013689330402075,0.00040738161787559,"AC240565.1","17:88641-118578","-","lncRNA",0.000108071212502375
"ENSG00000113140",108.713665607151,2.57299249618931,0.802692716580174,0.000144066119722691,0.000426007672623821,"SPARC","5:151661096-151686975","-","protein_coding",0.000113012378800633
"ENSG00000155980",24.90958038973,2.0461836746602,0.611508427818585,0.000144182915844641,0.000426178628936574,"KIF5A","12:57550044-57586633","+","protein_coding",0.000113057730518024
"ENSG00000167371",20.0799456627198,2.41187863447799,0.741887599459183,0.000148596392583192,0.000437791329096781,"PRRT2","16:29811382-29815892","+","protein_coding",0.000116138376604327
"ENSG00000157343",16.4054907798335,2.36623580453609,0.729701877049982,0.000155325839502515,0.000456129588833741,"ARMC12","6:35737032-35749079","+","protein_coding",0.000121003195923597
"ENSG00000271009",16.2155845742109,2.46927355847257,0.769042735210735,0.000165079379163624,0.000481639836118218,"AC116667.1","16:73060245-73062316","+","lncRNA",0.0001277706180023
"ENSG00000273018",86.6278158838316,5.05574048841788,1.80328682202842,0.000172751858813205,0.000501998212690452,"FAM106A","17:18511221-18551705","-","lncRNA",0.000133171338958279
"ENSG00000115221",18.8486214413176,2.06073559704114,0.626006007094726,0.000179107297531348,0.000519213551981045,"ITGB6","2:160099667-160200313","-","protein_coding",0.000137738267138485
"ENSG00000111644",13.7481244876771,2.61283939105638,0.822339196540245,0.000180283207061416,0.00052241279832455,"ACRBP","12:6638075-6647433","-","protein_coding",0.000138586971194499
"ENSG00000103226",522.352644028777,2.67448560359731,0.872194240935023,0.000212014908270986,0.000605978528367093,"NOMO3","16:16232528-16294811","+","protein_coding",0.000160755496658261
"ENSG00000250264",101.930115356099,2.99342722588554,1.00281061972805,0.000222007730382742,0.000632662928763755,"AL669918.1","6:32813767-32838822","-","protein_coding",0.000167834401005504
"ENSG00000117480",15.8630608684954,2.16259715693864,0.671957187602691,0.000230411290531039,0.00065454561813722,"FAAH","1:46394317-46413848","+","protein_coding",0.000173639495466406
"ENSG00000275481",13.4710114848276,2.541076323025,0.819676814799267,0.000231824588236511,0.000658172323105269,"AC025031.4","12:46388856-46392126","+","lncRNA",0.000174601596813368
"ENSG00000183458",599.715801111095,2.2469703271576,0.715284894271569,0.000232012487998581,0.000658576402291787,"AC138932.1","16:14911551-14935708","+","transcribed_unprocessed_pseudogene",0.000174708791948636
"ENSG00000242588",89.9840892077704,2.58350016288326,0.862636370505078,0.000285414027611161,0.000795164471372447,"AC108010.1","7:128574751-128626473","+","lncRNA",0.000210943215867618
"ENSG00000213901",21.3888470715205,3.79145687454881,1.36781773083291,0.00034267629648438,0.000937526535497118,"SLC23A3","2:219161465-219170095","-","protein_coding",0.000248709379605012
"ENSG00000220201",83.579081628977,2.66303280409143,0.929890511524208,0.000386056826247406,0.00104571831229639,"ZGLP1","19:10304803-10309880","-","protein_coding",0.000277410764224322
"ENSG00000284602",17.3644014658127,2.19602515339567,0.738775782039474,0.000412705713221795,0.00111123723901028,"AL031432.4","1:25232586-25234775","+","lncRNA",0.000294791788652347
"ENSG00000269900",595.049184283312,4.7728915213916,2.05905495516999,0.000496116908327229,0.00131115315329861,"RMRP","9:35657751-35658018","-","lncRNA",0.000347825981427973
"ENSG00000266258",15.7777045388234,2.10343021213776,0.711752428639496,0.000543178419467011,0.00142329489387448,"LINC01909","18:70335439-70352459","+","lncRNA",0.0003775752222979
"ENSG00000205041",38.6670591811404,3.29947749086426,1.27825621717333,0.000584824384449076,0.00152220770527262,"AC118344.1","19:40273489-40275479","-","lncRNA",0.000403815059813299
"ENSG00000149201",17.0280119280278,2.0042233194516,0.685717317972286,0.000657178683936654,0.00169254841589174,"CCDC81","11:86374736-86423109","+","protein_coding",0.000449003468733474
"ENSG00000284773",22.384059535768,3.76553572121504,1.56100807276223,0.000721182970202821,0.00183709062266895,"AC114490.3","1:34974356-34985313","-","protein_coding",0.000487347986155839
"ENSG00000280042",24.0659351299994,3.16308067542368,1.25522083966454,0.000764562897876425,0.00193666931414763,"AC022336.3","3:124791119-124793104","-","TEC",0.000513764470001183
"ENSG00000287737",43.1250039909144,3.06667623196159,1.23291778026727,0.000824601270254677,0.00207456701888063,"AC132872.5","17:82273748-82279645","+","lncRNA",0.000550346317335151
"ENSG00000272589",35.0926077268041,2.74038621234641,1.08051829390706,0.000973948301881393,0.00240842538701905,"ZSWIM8-AS1","10:73796514-73801399","-","lncRNA",0.000638913098617367
"ENSG00000269404",13.9660083839242,2.17003732884474,0.801255714141807,0.000977851087422767,0.00241595590089698,"SPIB","19:50418938-50431314","+","protein_coding",0.000640910812136691
"ENSG00000163520",40.14826677239,3.15888367836653,1.43070687829777,0.00141832434153873,0.00336334182139418,"FBLN2","3:13549125-13638422","+","protein_coding",0.000892235714005676
"ENSG00000166405",30.8663858016891,3.17291780518668,1.53038497071881,0.00184659279524059,0.00425328538157822,"RIC3","11:8106056-8169055","-","protein_coding",0.00112832216314227
"ENSG00000278000",25.7940460317575,3.03534297703334,1.43615488650511,0.00204023551724546,0.00464891886781995,"AC139100.2","18:80161752-80162413","+","lncRNA",0.00123327680195895
"ENSG00000251634",23.4511118881621,3.32473779540811,1.74512426480052,0.00250328355292898,0.00559810439854173,"AC145138.1","5:71102898-71128753","-","unprocessed_pseudogene",0.00148507910892052
"ENSG00000284820",321.270169437294,3.356336931609,1.89137059538974,0.00252830796324082,0.00564917695673673,"AC068946.2","2:219209772-219222738","-","protein_coding",0.00149862776464661
"ENSG00000237094",40.543969569166,2.54851633249137,1.20804531393768,0.00270261365106308,0.00599562018291565,"AL732372.2","1:365389-522928","-","transcribed_unprocessed_pseudogene",0.00159053308848433
"ENSG00000261832",33.2003874056067,2.44347703713274,1.1703651802463,0.00323794442026578,0.00705541839826007,"AC138894.1","16:28456371-28492098","-","protein_coding",0.0018716790045357
"ENSG00000260280",426.788693807812,3.26874844293748,2.04772171933277,0.00334524378623395,0.00726621343076308,"SLX1B-SULT1A4","16:29455105-29464963","+","lncRNA",0.00192759923694794
"ENSG00000283930",35.5809130153814,2.60871507517197,1.39262587535797,0.00399057387836294,0.00853452465831327,"AL117339.5","10:38094368-38360098","+","protein_coding",0.0022640600053707
